sample_id,kernel,gname,key,dataset_role,split,support_query,cache_split,file_name,actual_perf,model,seed,k,selection,y_true_perf,y_pred_perf,abs_err_perf,y_true_util_LUT,y_pred_util_LUT,abs_err_util_LUT,y_true_util_FF,y_pred_util_FF,abs_err_util_FF,y_true_util_DSP,y_pred_util_DSP,abs_err_util_DSP,y_true_util_BRAM,y_pred_util_BRAM,abs_err_util_BRAM
7553f1551527eb75,syr2k,syr2k,lv2:__PARA__L0-1.__PARA__L1-4.__PARA__L2-6.__PARA__L3-80.__PIPE__L0-off.__PIPE__L2-NA.__TILE__L0-1.__TILE__L2-1,target,query,query,finetune_dataset,data_1018.pt,49101.0,harp_hmoe_support_paired,4,50,hmoe_support_paired_seed4,3.835016,3.8534808,0.018464799999999837,0.12,0.11812454,0.0018754599999999955,0.07,0.07404935,0.004049349999999993,0.03,0.04727274,0.01727274,0.05,0.05250752,0.002507519999999999
9f70d0ad1d97d21d,syr2k,syr2k,lv2:__PARA__L0-1.__PARA__L1-2.__PARA__L2-5.__PARA__L3-80.__PIPE__L0-off.__PIPE__L2-NA.__TILE__L0-1.__TILE__L2-1,target,query,query,finetune_dataset,data_1000.pt,55607.0,harp_hmoe_support_paired,4,50,hmoe_support_paired_seed4,3.7452588,3.9120955,0.16683669999999973,0.11,0.102992825,0.007007175000000004,0.07,0.060884897,0.009115103000000006,0.03,0.040613294,0.010613294000000002,0.06,0.05328092,0.006719079999999995
1998412237ef2c3d,syr2k,syr2k,lv2:__PARA__L0-1.__PARA__L1-1.__PARA__L2-6.__PARA__L3-80.__PIPE__L0-off.__PIPE__L2-NA.__TILE__L0-1.__TILE__L2-1,target,query,query,finetune_dataset,data_967.pt,53901.0,harp_hmoe_support_paired,4,50,hmoe_support_paired_seed4,3.7677362,3.8321056,0.06436939999999991,0.12,0.12014227,0.0001422699999999999,0.07,0.064141214,0.005858786000000005,0.03,0.043138117,0.013138116999999998,0.05,0.052646935,0.002646934999999996
b329f305a8434e8c,syr2k,syr2k,lv2:__PARA__L0-1.__PARA__L1-1.__PARA__L2-4.__PARA__L3-80.__PIPE__L0-off.__PIPE__L2-NA.__TILE__L0-1.__TILE__L2-1,target,query,query,finetune_dataset,data_955.pt,51581.0,harp_hmoe_support_paired,4,50,hmoe_support_paired_seed4,3.7994723,3.8728585,0.07338619999999985,0.09,0.11818605,0.028186050000000004,0.05,0.059808735,0.009808734999999999,0.03,0.034718305,0.004718304999999999,0.05,0.048945367,0.0010546330000000062
473a8504bbc3f8c3,syr2k,syr2k,lv2:__PARA__L0-1.__PARA__L1-4.__PARA__L2-1.__PARA__L3-20.__PIPE__L0-off.__PIPE__L2-off.__TILE__L0-1.__TILE__L2-1,target,query,query,finetune_dataset,data_1008.pt,165169.0,harp_hmoe_support_paired,4,50,hmoe_support_paired_seed4,2.9599566,2.8832624,0.07669419999999993,0.07,0.054990582,0.015009418000000004,0.03,0.069981456,0.039981456,0.08,0.04159555,0.03840445,0.02,0.051861912,0.031861912000000006
046d7b1dc63a8aa9,syr2k,syr2k,lv2:__PARA__L0-1.__PARA__L1-16.__PARA__L2-1.__PARA__L3-20.__PIPE__L0-off.__PIPE__L2-off.__TILE__L0-1.__TILE__L2-1,target,query,query,finetune_dataset,data_975.pt,167089.0,harp_hmoe_support_paired,4,50,hmoe_support_paired_seed4,2.9516196,2.9830036,0.03138400000000008,0.08,0.07600086,0.003999139999999998,0.03,0.07473612,0.044736120000000004,0.08,0.054746598,0.025253402,0.02,0.04720545,0.027205450000000003
935321614f5dddf4,syr2k,syr2k,lv2:__PARA__L0-1.__PARA__L1-1.__PARA__L2-3.__PARA__L3-80.__PIPE__L0-off.__PIPE__L2-off.__TILE__L0-1.__TILE__L2-1,target,query,query,finetune_dataset,data_950.pt,58811.0,harp_hmoe_support_paired,4,50,hmoe_support_paired_seed4,3.7048492,3.8108206,0.10597140000000005,0.08,0.08893042,0.008930419999999994,0.05,0.050190393,0.00019039299999999704,0.03,0.026855677,0.0031443229999999975,0.05,0.050533235,0.000533235
bae8fa957b07dc0f,syr2k,syr2k,lv2:__PARA__L0-1.__PARA__L1-1.__PARA__L2-10.__PARA__L3-1.__PIPE__L0-off.__PIPE__L2-flatten.__TILE__L0-1.__TILE__L2-2,target,query,query,finetune_dataset,data_930.pt,123349.0,harp_hmoe_support_paired,4,50,hmoe_support_paired_seed4,3.170555,3.2382274,0.06767240000000019,0.18,0.20201975,0.022019750000000005,0.11,0.1285454,0.018545400000000004,0.02,0.028587073,0.008587073,0.01,0.033043474,0.023043474
5499c8364cd4ba73,syr2k,syr2k,lv2:__PARA__L0-1.__PARA__L1-2.__PARA__L2-1.__PARA__L3-80.__PIPE__L0-off.__PIPE__L2-NA.__TILE__L0-1.__TILE__L2-1,target,query,query,finetune_dataset,data_987.pt,71821.0,harp_hmoe_support_paired,4,50,hmoe_support_paired_seed4,3.5606892,3.6300697,0.06938049999999985,0.09,0.099864654,0.009864654,0.04,0.053951208,0.013951208,0.04,0.019907206,0.020092794,0.05,0.044403255,0.005596745
dce6c42b9ce883d4,syr2k,syr2k,lv2:__PARA__L0-1.__PARA__L1-1.__PARA__L2-10.__PARA__L3-1.__PIPE__L0-off.__PIPE__L2-flatten.__TILE__L0-1.__TILE__L2-1,target,query,query,finetune_dataset,data_929.pt,53901.0,harp_hmoe_support_paired,4,50,hmoe_support_paired_seed4,3.7677362,3.744024,0.02371219999999985,0.18,0.21274585,0.03274584999999999,0.11,0.12853163,0.018531630000000007,0.03,0.033109635,0.0031096349999999995,0.05,0.032788396,0.017211604000000005
cae64cd969998749,syr2k,syr2k,lv2:__PARA__L0-1.__PARA__L1-16.__PARA__L2-3.__PARA__L3-80.__PIPE__L0-off.__PIPE__L2-NA.__TILE__L0-1.__TILE__L2-1,target,query,query,finetune_dataset,data_981.pt,52811.0,harp_hmoe_support_paired,4,50,hmoe_support_paired_seed4,3.7824728,4.025547,0.24307420000000057,0.08,0.12002664,0.04002664,0.05,0.06878561,0.018785609999999994,0.03,0.041214377,0.011214377000000005,0.05,0.04106313,0.00893687
384fc79974f7e383,syr2k,syr2k,lv2:__PARA__L0-1.__PARA__L1-16.__PARA__L2-1.__PARA__L3-80.__PIPE__L0-off.__PIPE__L2-off.__TILE__L0-1.__TILE__L2-1,target,query,query,finetune_dataset,data_978.pt,69021.0,harp_hmoe_support_paired,4,50,hmoe_support_paired_seed4,3.5893745,3.6411095,0.05173500000000031,0.1,0.11931913,0.01931912999999999,0.04,0.057918373,0.017918373,0.04,0.03167686,0.00832314,0.05,0.052033603,0.002033602999999995
c8aa534be3cfcbcb,syr2k,syr2k,lv2:__PARA__L0-1.__PARA__L1-8.__PARA__L2-6.__PARA__L3-80.__PIPE__L0-off.__PIPE__L2-off.__TILE__L0-1.__TILE__L2-1,target,query,query,finetune_dataset,data_1033.pt,48381.0,harp_hmoe_support_paired,4,50,hmoe_support_paired_seed4,3.845672,3.946092,0.10042000000000018,0.13,0.102463536,0.02753646400000001,0.07,0.07480925,0.004809249999999987,0.03,0.05054632,0.02054632,0.05,0.05312568,0.0031256799999999987
43cce9689f44f3f0,syr2k,syr2k,lv2:__PARA__L0-1.__PARA__L1-1.__PARA__L2-8.__PARA__L3-1.__PIPE__L0-off.__PIPE__L2-flatten.__TILE__L0-1.__TILE__L2-1,target,query,query,finetune_dataset,data_969.pt,57779.0,harp_hmoe_support_paired,4,50,hmoe_support_paired_seed4,3.7176194,3.762475,0.044855599999999995,0.22,0.1973502,0.022649799999999998,0.12,0.12004578,4.578000000000915e-05,0.03,0.030398577,0.00039857700000000065,0.05,0.034787834,0.015212166000000006
8983256af8020ec5,syr2k,syr2k,lv2:__PARA__L0-1.__PARA__L1-2.__PARA__L2-1.__PARA__L3-16.__PIPE__L0-off.__PIPE__L2-off.__TILE__L0-1.__TILE__L2-1,target,query,query,finetune_dataset,data_984.pt,170781.0,harp_hmoe_support_paired,4,50,hmoe_support_paired_seed4,2.9358544,2.9972563,0.0614018999999999,0.04,0.015830569,0.024169431,0.01,0.059701744,0.049701744,0.05,0.02772531,0.022274690000000003,0.08,0.06134048,0.01865952
660ddb3a800764d7,syr2k,syr2k,lv2:__PARA__L0-1.__PARA__L1-1.__PARA__L2-1.__PARA__L3-32.__PIPE__L0-off.__PIPE__L2-off.__TILE__L0-1.__TILE__L2-1,target,query,query,finetune_dataset,data_923.pt,2005329.0,harp_hmoe_support_paired,4,50,hmoe_support_paired_seed4,1.1590446,1.2370738,0.0780291999999998,0.1,0.07937556,0.020624440000000008,0.04,0.029149774,0.010850226000000001,0.1,0.05719152,0.04280848,0.02,0.017487288,0.0025127120000000003
cd8a78b9897e5f03,syr2k,syr2k,lv2:__PARA__L0-1.__PARA__L1-2.__PARA__L2-6.__PARA__L3-80.__PIPE__L0-off.__PIPE__L2-off.__TILE__L0-1.__TILE__L2-1,target,query,query,finetune_dataset,data_1004.pt,50701.0,harp_hmoe_support_paired,4,50,hmoe_support_paired_seed4,3.811885,3.9807932,0.16890819999999973,0.12,0.09259718,0.027402819999999994,0.07,0.06054509,0.009454910000000004,0.03,0.04458213,0.014582129999999999,0.05,0.055719376,0.005719375999999998
1d962536b4a8fa69,syr2k,syr2k,lv2:__PARA__L0-1.__PARA__L1-1.__PARA__L2-5.__PARA__L3-1.__PIPE__L0-off.__PIPE__L2-flatten.__TILE__L0-1.__TILE__L2-1,target,query,query,finetune_dataset,data_957.pt,58807.0,harp_hmoe_support_paired,4,50,hmoe_support_paired_seed4,3.704898,3.7103512,0.005453199999999825,0.11,0.15916759,0.04916759,0.07,0.10183674,0.03183673999999999,0.03,0.023153752,0.006846247999999999,0.06,0.031929135,0.028070865
47f6594af7e229e8,syr2k,syr2k,lv2:__PARA__L0-1.__PARA__L1-8.__PARA__L2-4.__PARA__L3-80.__PIPE__L0-off.__PIPE__L2-NA.__TILE__L0-1.__TILE__L2-1,target,query,query,finetune_dataset,data_1028.pt,46061.0,harp_hmoe_support_paired,4,50,hmoe_support_paired_seed4,3.8811193,3.8993757,0.01825639999999984,0.1,0.11644476,0.01644475999999999,0.06,0.07324684,0.013246839999999996,0.03,0.040835857,0.010835857000000004,0.05,0.04869157,0.0013084299999999993
2434d5d349eb92bb,syr2k,syr2k,lv2:__PARA__L0-1.__PARA__L1-16.__PARA__L2-2.__PARA__L3-80.__PIPE__L0-off.__PIPE__L2-NA.__TILE__L0-1.__TILE__L2-1,target,query,query,finetune_dataset,data_979.pt,47983.0,harp_hmoe_support_paired,4,50,hmoe_support_paired_seed4,3.8516304,3.9664342,0.11480380000000023,0.11,0.100989155,0.009010845000000003,0.05,0.068865836,0.018865835999999997,0.03,0.030115992,0.00011599200000000226,0.05,0.044460386,0.005539614000000005
507f7ddbd39e4095,syr2k,syr2k,lv2:__PARA__L0-1.__PARA__L1-1.__PARA__L2-3.__PARA__L3-80.__PIPE__L0-off.__PIPE__L2-NA.__TILE__L0-1.__TILE__L2-1,target,query,query,finetune_dataset,data_949.pt,58811.0,harp_hmoe_support_paired,4,50,hmoe_support_paired_seed4,3.7048492,3.8783143,0.17346510000000004,0.08,0.11139279,0.031392790000000004,0.05,0.048275176,0.0017248239999999998,0.03,0.028250962,0.001749037999999998,0.05,0.043137163,0.006862837000000004
eed285261932cba5,syr2k,syr2k,lv2:__PARA__L0-1.__PARA__L1-1.__PARA__L2-12.__PARA__L3-80.__PIPE__L0-off.__PIPE__L2-off.__TILE__L0-1.__TILE__L2-1,target,query,query,finetune_dataset,data_937.pt,51501.0,harp_hmoe_support_paired,4,50,hmoe_support_paired_seed4,3.800592,3.7753692,0.02522279999999988,0.21,0.1629073,0.04709269999999999,0.12,0.091718376,0.02828162399999999,0.03,0.044429928,0.014429928000000002,0.06,0.057471454,0.0025285459999999996
396f10a14a6777c8,syr2k,syr2k,lv2:__PARA__L0-1.__PARA__L1-1.__PARA__L2-6.__PARA__L3-1.__PIPE__L0-off.__PIPE__L2-flatten.__TILE__L0-1.__TILE__L2-4,target,query,query,finetune_dataset,data_965.pt,127037.0,harp_hmoe_support_paired,4,50,hmoe_support_paired_seed4,3.1493037,3.236851,0.08754730000000022,0.18,0.18844706,0.008447060000000006,0.11,0.1135084,0.003508399999999995,0.02,0.022811502,0.0028115020000000004,0.02,0.029534847,0.009534846999999999
a5062b8ba71a79db,syr2k,syr2k,lv2:__PARA__L0-1.__PARA__L1-2.__PARA__L2-2.__PARA__L3-80.__PIPE__L0-off.__PIPE__L2-NA.__TILE__L0-1.__TILE__L2-1,target,query,query,finetune_dataset,data_991.pt,50783.0,harp_hmoe_support_paired,4,50,hmoe_support_paired_seed4,3.8107193,3.9365838,0.12586450000000005,0.11,0.074899845,0.035100154999999994,0.05,0.048492555,0.001507445000000003,0.03,0.019537777,0.010462223,0.05,0.046601415,0.0033985850000000026
7547cdfc13259299,syr2k,syr2k,lv2:__PARA__L0-1.__PARA__L1-2.__PARA__L2-1.__PARA__L3-32.__PIPE__L0-off.__PIPE__L2-off.__TILE__L0-1.__TILE__L2-1,target,query,query,finetune_dataset,data_986.pt,2002129.0,harp_hmoe_support_paired,4,50,hmoe_support_paired_seed4,1.1601965,1.2653587,0.10516219999999987,0.1,0.07084244,0.02915756,0.04,0.029491846,0.010508154000000002,0.1,0.060884148,0.039115852000000007,0.02,0.016718745,0.0032812550000000003
de76b51eb645d686,syr2k,syr2k,lv2:__PARA__L0-1.__PARA__L1-8.__PARA__L2-5.__PARA__L3-80.__PIPE__L0-off.__PIPE__L2-NA.__TILE__L0-1.__TILE__L2-1,target,query,query,finetune_dataset,data_1030.pt,53287.0,harp_hmoe_support_paired,4,50,hmoe_support_paired_seed4,3.7760003,3.8738656,0.0978652999999996,0.11,0.11556905,0.005569050000000006,0.07,0.074431956,0.004431955999999987,0.03,0.04496318,0.01496318,0.06,0.050960153,0.009039846999999997
4a8b2e7dc78b4696,syr2k,syr2k,lv2:__PARA__L0-1.__PARA__L1-1.__PARA__L2-5.__PARA__L3-1.__PIPE__L0-off.__PIPE__L2-flatten.__TILE__L0-1.__TILE__L2-2,target,query,query,finetune_dataset,data_958.pt,173055.0,harp_hmoe_support_paired,4,50,hmoe_support_paired_seed4,2.9263127,3.015526,0.08921329999999994,0.11,0.16354626,0.05354626,0.07,0.09857279,0.028572789999999987,0.02,0.029864281,0.009864280999999999,0.03,0.024888277,0.005111722999999999
4187821acffb4d42,syr2k,syr2k,lv2:__PARA__L0-1.__PARA__L1-2.__PARA__L2-3.__PARA__L3-80.__PIPE__L0-off.__PIPE__L2-off.__TILE__L0-1.__TILE__L2-1,target,query,query,finetune_dataset,data_995.pt,55611.0,harp_hmoe_support_paired,4,50,hmoe_support_paired_seed4,3.745207,3.8812017,0.1359946999999999,0.08,0.07788556,0.002114439999999995,0.05,0.05113918,0.0011391799999999966,0.03,0.028983086,0.0010169139999999972,0.05,0.05153531,0.001535309999999998
887d3a42caec739c,syr2k,syr2k,lv2:__PARA__L0-1.__PARA__L1-8.__PARA__L2-6.__PARA__L3-80.__PIPE__L0-off.__PIPE__L2-NA.__TILE__L0-1.__TILE__L2-1,target,query,query,finetune_dataset,data_1032.pt,48381.0,harp_hmoe_support_paired,4,50,hmoe_support_paired_seed4,3.845672,3.8546195,0.008947500000000108,0.13,0.12136798,0.008632020000000004,0.07,0.078965545,0.008965544999999991,0.03,0.04980138,0.01980138,0.05,0.05111429,0.001114289999999997
3caf27e8d55488b0,syr2k,syr2k,lv2:__PARA__L0-1.__PARA__L1-8.__PARA__L2-2.__PARA__L3-80.__PIPE__L0-off.__PIPE__L2-NA.__TILE__L0-1.__TILE__L2-1,target,query,query,finetune_dataset,data_1024.pt,48463.0,harp_hmoe_support_paired,4,50,hmoe_support_paired_seed4,3.8444502,3.857759,0.013308800000000343,0.11,0.082078986,0.027921013999999994,0.05,0.057806972,0.007806971999999995,0.03,0.022951752,0.007048248,0.05,0.045754164,0.004245836000000003
7424659393922e35,syr2k,syr2k,lv2:__PARA__L0-1.__PARA__L1-1.__PARA__L2-5.__PARA__L3-80.__PIPE__L0-off.__PIPE__L2-NA.__TILE__L0-1.__TILE__L2-1,target,query,query,finetune_dataset,data_961.pt,58807.0,harp_hmoe_support_paired,4,50,hmoe_support_paired_seed4,3.704898,3.8391979,0.1342998999999998,0.11,0.115076475,0.005076474999999997,0.07,0.060268525,0.009731475000000003,0.03,0.03870842,0.008708420000000001,0.06,0.052149177,0.007850823
f96e059b20685c7d,syr2k,syr2k,lv2:__PARA__L0-1.__PARA__L1-2.__PARA__L2-5.__PARA__L3-80.__PIPE__L0-off.__PIPE__L2-off.__TILE__L0-1.__TILE__L2-1,target,query,query,finetune_dataset,data_1001.pt,55607.0,harp_hmoe_support_paired,4,50,hmoe_support_paired_seed4,3.7452588,3.9589002,0.21364139999999976,0.11,0.09111934,0.018880660000000007,0.07,0.057782713,0.012217287000000007,0.03,0.040803716,0.010803715999999998,0.06,0.055752814,0.004247186
328955ee375dcb09,syr2k,syr2k,lv2:__PARA__L0-1.__PARA__L1-8.__PARA__L2-3.__PARA__L3-80.__PIPE__L0-off.__PIPE__L2-off.__TILE__L0-1.__TILE__L2-1,target,query,query,finetune_dataset,data_1027.pt,53291.0,harp_hmoe_support_paired,4,50,hmoe_support_paired_seed4,3.7759461,3.8509483,0.07500220000000013,0.08,0.08693724,0.006937239999999997,0.05,0.06166834,0.01166834,0.03,0.03206107,0.002061069999999998,0.05,0.049885243,0.00011475700000000005
c6bb6863b81bcca5,syr2k,syr2k,lv2:__PARA__L0-1.__PARA__L1-1.__PARA__L2-3.__PARA__L3-1.__PIPE__L0-off.__PIPE__L2-flatten.__TILE__L0-1.__TILE__L2-1,target,query,query,finetune_dataset,data_945.pt,58811.0,harp_hmoe_support_paired,4,50,hmoe_support_paired_seed4,3.7048492,3.7844398,0.07959059999999996,0.08,0.09792321,0.017923209999999995,0.05,0.06808597,0.018085969999999993,0.03,0.037583917,0.0075839170000000025,0.05,0.044041336,0.005958664000000002
bc4bbd8ca4e44e5f,syr2k,syr2k,lv2:__PARA__L0-1.__PARA__L1-1.__PARA__L2-1.__PARA__L3-10.__PIPE__L0-off.__PIPE__L2-off.__TILE__L0-1.__TILE__L2-1,target,query,query,finetune_dataset,data_919.pt,188449.0,harp_hmoe_support_paired,4,50,hmoe_support_paired_seed4,2.864841,2.7237353,0.14110570000000022,0.04,0.04243379,0.002433789999999998,0.02,0.07005525,0.050055249999999996,0.04,0.028549343,0.011450657,0.06,0.050026655,0.009973344999999995
e566095625c0d782,syr2k,syr2k,lv2:__PARA__L0-1.__PARA__L1-1.__PARA__L2-4.__PARA__L3-80.__PIPE__L0-off.__PIPE__L2-off.__TILE__L0-1.__TILE__L2-1,target,query,query,finetune_dataset,data_956.pt,51581.0,harp_hmoe_support_paired,4,50,hmoe_support_paired_seed4,3.7994723,3.927077,0.12760470000000002,0.09,0.09483426,0.004834260000000007,0.05,0.055060867,0.005060866999999997,0.03,0.037148952,0.007148952,0.05,0.054269582,0.004269581999999994
f7a56b547326dc31,syr2k,syr2k,lv2:__PARA__L0-1.__PARA__L1-1.__PARA__L2-1.__PARA__L3-80.__PIPE__L0-off.__PIPE__L2-NA.__TILE__L0-1.__TILE__L2-1,target,query,query,finetune_dataset,data_927.pt,75021.0,harp_hmoe_support_paired,4,50,hmoe_support_paired_seed4,3.529245,3.5984688,0.06922380000000006,0.09,0.12829429,0.03829429000000001,0.04,0.055183176,0.015183176,0.04,0.017959684,0.022040316,0.05,0.043938637,0.006061363
b94a2ad1d393f6a6,syr2k,syr2k,lv2:__PARA__L0-1.__PARA__L1-1.__PARA__L2-10.__PARA__L3-80.__PIPE__L0-off.__PIPE__L2-NA.__TILE__L0-1.__TILE__L2-1,target,query,query,finetune_dataset,data_932.pt,53901.0,harp_hmoe_support_paired,4,50,hmoe_support_paired_seed4,3.7677362,3.8896372,0.12190100000000026,0.18,0.18469948,0.004699480000000006,0.11,0.09639847,0.01360153,0.03,0.0519754,0.0219754,0.05,0.04642549,0.003574510000000003
b8566d786e85b374,syr2k,syr2k,lv2:__PARA__L0-1.__PARA__L1-1.__PARA__L2-1.__PARA__L3-20.__PIPE__L0-off.__PIPE__L2-off.__TILE__L0-1.__TILE__L2-1,target,query,query,finetune_dataset,data_922.pt,169249.0,harp_hmoe_support_paired,4,50,hmoe_support_paired_seed4,2.9423544,2.9086955,0.03365890000000027,0.07,0.059388332,0.010611668000000005,0.03,0.06567454,0.035674540000000005,0.08,0.035532206,0.044467794000000005,0.02,0.049513698,0.029513698
5be48de24ad76cd8,syr2k,syr2k,lv2:__PARA__L0-1.__PARA__L1-8.__PARA__L2-1.__PARA__L3-80.__PIPE__L0-off.__PIPE__L2-NA.__TILE__L0-1.__TILE__L2-1,target,query,query,finetune_dataset,data_1022.pt,69501.0,harp_hmoe_support_paired,4,50,hmoe_support_paired_seed4,3.5843754,3.6442127,0.059837300000000315,0.1,0.100393705,0.0003937049999999942,0.04,0.054697696,0.014697695999999996,0.04,0.021346897,0.018653103,0.05,0.041715235,0.008284765
cc45c47936d4a678,syr2k,syr2k,lv2:__PARA__L0-1.__PARA__L1-2.__PARA__L2-3.__PARA__L3-80.__PIPE__L0-off.__PIPE__L2-NA.__TILE__L0-1.__TILE__L2-1,target,query,query,finetune_dataset,data_994.pt,55611.0,harp_hmoe_support_paired,4,50,hmoe_support_paired_seed4,3.745207,3.9608662,0.21565919999999972,0.08,0.0958901,0.015890100000000004,0.05,0.047736946,0.0022630540000000005,0.03,0.03129646,0.0012964599999999993,0.05,0.044963837,0.005036163000000003
09322ccf332b047c,syr2k,syr2k,lv2:__PARA__L0-1.__PARA__L1-1.__PARA__L2-8.__PARA__L3-80.__PIPE__L0-off.__PIPE__L2-NA.__TILE__L0-1.__TILE__L2-1,target,query,query,finetune_dataset,data_972.pt,57779.0,harp_hmoe_support_paired,4,50,hmoe_support_paired_seed4,3.7176194,3.859938,0.1423186000000003,0.22,0.15465301,0.06534699,0.12,0.08089411,0.03910588999999999,0.03,0.054157883,0.024157882999999998,0.05,0.047930956,0.002069044000000006
7f598e1a5b204938,syr2k,syr2k,lv2:__PARA__L0-1.__PARA__L1-1.__PARA__L2-1.__PARA__L3-8.__PIPE__L0-off.__PIPE__L2-off.__TILE__L0-1.__TILE__L2-1,target,query,query,finetune_dataset,data_926.pt,197981.0,harp_hmoe_support_paired,4,50,hmoe_support_paired_seed4,2.829247,2.1843116,0.6449354,0.02,0.02767592,0.007675919999999999,0.01,0.0585897,0.0485897,0.02,0.028461903,0.008461903,0.05,0.037611723,0.012388277000000003
386d0232d7b527fa,syr2k,syr2k,lv2:__PARA__L0-1.__PARA__L1-1.__PARA__L2-2.__PARA__L3-80.__PIPE__L0-off.__PIPE__L2-NA.__TILE__L0-1.__TILE__L2-1,target,query,query,finetune_dataset,data_942.pt,53983.0,harp_hmoe_support_paired,4,50,hmoe_support_paired_seed4,3.7666395,3.8714886,0.10484910000000003,0.11,0.09676986,0.013230140000000001,0.05,0.049319033,0.0006809670000000045,0.03,0.017272562,0.012727437999999997,0.05,0.045096904,0.004903096000000003
31ba9a7783da0f4c,syr2k,syr2k,lv2:__PARA__L0-1.__PARA__L1-1.__PARA__L2-4.__PARA__L3-1.__PIPE__L0-off.__PIPE__L2-flatten.__TILE__L0-1.__TILE__L2-1,target,query,query,finetune_dataset,data_951.pt,51581.0,harp_hmoe_support_paired,4,50,hmoe_support_paired_seed4,3.7994723,3.7683742,0.03109810000000035,0.09,0.12748128,0.037481280000000006,0.05,0.08339757,0.03339757,0.03,0.030655235,0.0006552350000000005,0.05,0.037519246,0.012480754000000004
0e9c5c17a8a6820d,syr2k,syr2k,lv2:__PARA__L0-1.__PARA__L1-16.__PARA__L2-3.__PARA__L3-80.__PIPE__L0-off.__PIPE__L2-off.__TILE__L0-1.__TILE__L2-1,target,query,query,finetune_dataset,data_982.pt,52811.0,harp_hmoe_support_paired,4,50,hmoe_support_paired_seed4,3.7824728,3.9803321,0.19785930000000018,0.08,0.09716015,0.01716015,0.05,0.07270414,0.022704139999999998,0.03,0.039140582,0.009140582000000001,0.05,0.048692405,0.0013075950000000017
2641ecf0170d499d,syr2k,syr2k,lv2:__PARA__L0-1.__PARA__L1-1.__PARA__L2-5.__PARA__L3-1.__PIPE__L0-off.__PIPE__L2-flatten.__TILE__L0-1.__TILE__L2-8,target,query,query,finetune_dataset,data_960.pt,120746.0,harp_hmoe_support_paired,4,50,hmoe_support_paired_seed4,3.1859405,3.386323,0.2003824999999999,0.15,0.15640837,0.006408369999999997,0.12,0.10011339,0.01988661,0.02,0.01775822,0.0022417799999999988,0.04,0.025238782,0.014761218
c3b93c17507b24a8,syr2k,syr2k,lv2:__PARA__L0-1.__PARA__L1-4.__PARA__L2-1.__PARA__L3-16.__PIPE__L0-off.__PIPE__L2-off.__TILE__L0-1.__TILE__L2-1,target,query,query,finetune_dataset,data_1007.pt,169181.0,harp_hmoe_support_paired,4,50,hmoe_support_paired_seed4,2.9426444,2.8664663,0.07617809999999992,0.04,0.024264507,0.015735493,0.01,0.06375629,0.05375628999999999,0.05,0.028646678,0.021353322000000004,0.08,0.058395416,0.021604584000000003
9c5fe47a7f3371ca,syr2k,syr2k,lv2:__PARA__L0-1.__PARA__L1-1.__PARA__L2-1.__PARA__L3-1.__PIPE__L0-off.__PIPE__L2-flatten.__TILE__L0-1.__TILE__L2-1,target,query,query,finetune_dataset,data_913.pt,75021.0,harp_hmoe_support_paired,4,50,hmoe_support_paired_seed4,3.529245,3.5663497,0.03710469999999999,0.09,0.10813289,0.01813289,0.04,0.039572004,0.00042799599999999993,0.04,0.024839371,0.015160629000000002,0.05,0.043409884,0.006590116
8c2a257a28918f1e,syr2k,syr2k,lv2:__PARA__L0-1.__PARA__L1-8.__PARA__L2-5.__PARA__L3-80.__PIPE__L0-off.__PIPE__L2-off.__TILE__L0-1.__TILE__L2-1,target,query,query,finetune_dataset,data_1031.pt,53287.0,harp_hmoe_support_paired,4,50,hmoe_support_paired_seed4,3.7760003,3.9383729,0.16237259999999987,0.11,0.100062065,0.009937934999999995,0.07,0.071508706,0.0015087059999999985,0.03,0.047539324,0.017539324000000002,0.06,0.05328679,0.006713209999999997
f1118dea1846074b,syr2k,syr2k,lv2:__PARA__L0-1.__PARA__L1-1.__PARA__L2-5.__PARA__L3-80.__PIPE__L0-off.__PIPE__L2-off.__TILE__L0-1.__TILE__L2-1,target,query,query,finetune_dataset,data_962.pt,58807.0,harp_hmoe_support_paired,4,50,hmoe_support_paired_seed4,3.704898,3.8944325,0.18953450000000016,0.11,0.09746771,0.012532290000000001,0.07,0.057011608,0.012988392000000008,0.03,0.039948493,0.009948493000000003,0.06,0.054579496,0.005420504
a354c85e14e3f6e4,syr2k,syr2k,lv2:__PARA__L0-1.__PARA__L1-4.__PARA__L2-1.__PARA__L3-80.__PIPE__L0-off.__PIPE__L2-off.__TILE__L0-1.__TILE__L2-1,target,query,query,finetune_dataset,data_1010.pt,70221.0,harp_hmoe_support_paired,4,50,hmoe_support_paired_seed4,3.5769408,3.6879184,0.11097760000000001,0.1,0.10560816,0.005608160000000001,0.04,0.05026317,0.010263170000000002,0.04,0.021656603,0.018343397,0.05,0.05446881,0.004468809999999997
4413408007bce9e8,syr2k,syr2k,lv2:__PARA__L0-1.__PARA__L1-16.__PARA__L2-1.__PARA__L3-80.__PIPE__L0-off.__PIPE__L2-NA.__TILE__L0-1.__TILE__L2-1,target,query,query,finetune_dataset,data_977.pt,69021.0,harp_hmoe_support_paired,4,50,hmoe_support_paired_seed4,3.5893745,3.6668727,0.07749819999999996,0.1,0.12029832,0.020298319999999995,0.04,0.06722981,0.02722981,0.04,0.032096714,0.007903286000000002,0.05,0.04045412,0.00954588
c6307a47e48e34a0,syr2k,syr2k,lv2:__PARA__L0-1.__PARA__L1-16.__PARA__L2-1.__PARA__L3-32.__PIPE__L0-off.__PIPE__L2-off.__TILE__L0-1.__TILE__L2-1,target,query,query,finetune_dataset,data_976.pt,1999329.0,harp_hmoe_support_paired,4,50,hmoe_support_paired_seed4,1.1612061,1.1964275,0.03522139999999996,0.1,0.08174234,0.01825766000000001,0.04,0.03149951,0.00850049,0.1,0.060073346,0.039926654000000006,0.02,0.011291981,0.008708019000000001
65b53beab87fef44,syr2k,syr2k,lv2:__PARA__L0-1.__PARA__L1-1.__PARA__L2-8.__PARA__L3-80.__PIPE__L0-off.__PIPE__L2-off.__TILE__L0-1.__TILE__L2-1,target,query,query,finetune_dataset,data_973.pt,57779.0,harp_hmoe_support_paired,4,50,hmoe_support_paired_seed4,3.7176194,3.900736,0.1831166000000004,0.22,0.11598592,0.10401408,0.12,0.061141375,0.058858625,0.03,0.04601711,0.01601711,0.05,0.04949683,0.0005031700000000042
006edf919afcac3e,syr2k,syr2k,lv2:__PARA__L0-1.__PARA__L1-1.__PARA__L2-8.__PARA__L3-1.__PIPE__L0-off.__PIPE__L2-flatten.__TILE__L0-1.__TILE__L2-4,target,query,query,finetune_dataset,data_971.pt,106027.0,harp_hmoe_support_paired,4,50,hmoe_support_paired_seed4,3.2797122,3.2295525,0.05015970000000003,0.23,0.21547765,0.014522350000000017,0.14,0.12777412,0.012225880000000022,0.02,0.03105542,0.01105542,0.01,0.028199732,0.018199732000000003
a600ded91a048da1,syr2k,syr2k,lv2:__PARA__L0-1.__PARA__L1-2.__PARA__L2-4.__PARA__L3-80.__PIPE__L0-off.__PIPE__L2-NA.__TILE__L0-1.__TILE__L2-1,target,query,query,finetune_dataset,data_997.pt,48381.0,harp_hmoe_support_paired,4,50,hmoe_support_paired_seed4,3.845672,3.9511592,0.10548720000000023,0.09,0.10387092,0.013870920000000009,0.05,0.059932474,0.009932473999999997,0.03,0.03715691,0.0071569100000000024,0.05,0.050274372,0.00027437199999999495
8db3a7561f57850f,syr2k,syr2k,lv2:__PARA__L0-1.__PARA__L1-1.__PARA__L2-1.__PARA__L3-1.__PIPE__L0-off.__PIPE__L2-off.__TILE__L0-1.__TILE__L2-1,target,query,query,finetune_dataset,data_918.pt,533981.0,harp_hmoe_support_paired,4,50,hmoe_support_paired_seed4,2.113534,2.3775663,0.2640322999999998,0.01,0.049244218,0.039244218,0.0,0.054884676,0.054884676,0.0,0.026787728,0.026787728,0.02,0.015290797,0.004709203
1584d7550bc70b91,syr2k,syr2k,lv2:__PARA__L0-1.__PARA__L1-2.__PARA__L2-6.__PARA__L3-1.__PIPE__L0-off.__PIPE__L2-flatten.__TILE__L0-1.__TILE__L2-1,target,query,query,finetune_dataset,data_1002.pt,50701.0,harp_hmoe_support_paired,4,50,hmoe_support_paired_seed4,3.811885,3.888186,0.07630099999999995,0.12,0.15592068,0.03592068000000001,0.07,0.109461665,0.03946166499999999,0.03,0.022939295,0.0070607050000000005,0.05,0.03523004,0.014769960000000006
c9e913bf3484f2bf,syr2k,syr2k,lv2:__PARA__L0-1.__PARA__L1-1.__PARA__L2-2.__PARA__L3-80.__PIPE__L0-off.__PIPE__L2-off.__TILE__L0-1.__TILE__L2-1,target,query,query,finetune_dataset,data_943.pt,53983.0,harp_hmoe_support_paired,4,50,hmoe_support_paired_seed4,3.7666395,3.8281689,0.061529399999999956,0.11,0.09288924,0.017110760000000003,0.05,0.04037452,0.009625480000000006,0.03,0.029375106,0.0006248939999999974,0.05,0.05404997,0.00404997
e9d3815682c668ff,syr2k,syr2k,lv2:__PARA__L0-1.__PARA__L1-16.__PARA__L2-2.__PARA__L3-80.__PIPE__L0-off.__PIPE__L2-off.__TILE__L0-1.__TILE__L2-1,target,query,query,finetune_dataset,data_980.pt,47983.0,harp_hmoe_support_paired,4,50,hmoe_support_paired_seed4,3.8516304,3.899536,0.04790559999999999,0.11,0.09735315,0.012646850000000001,0.05,0.057144407,0.0071444069999999985,0.03,0.0376558,0.007655800000000004,0.05,0.053068638,0.0030686379999999985
555a887ab9d454ef,syr2k,syr2k,lv2:__PARA__L0-1.__PARA__L1-8.__PARA__L2-1.__PARA__L3-16.__PIPE__L0-off.__PIPE__L2-off.__TILE__L0-1.__TILE__L2-1,target,query,query,finetune_dataset,data_1019.pt,168381.0,harp_hmoe_support_paired,4,50,hmoe_support_paired_seed4,2.9460635,2.8871765,0.058887000000000356,0.04,0.026985817,0.013014183000000002,0.01,0.060283963,0.050283963,0.05,0.028619975,0.021380025000000004,0.08,0.054969102,0.025030898000000003
cd513ad6e06bbf90,syr2k,syr2k,lv2:__PARA__L0-1.__PARA__L1-1.__PARA__L2-1.__PARA__L3-4.__PIPE__L0-off.__PIPE__L2-off.__TILE__L0-1.__TILE__L2-1,target,query,query,finetune_dataset,data_924.pt,245981.0,harp_hmoe_support_paired,4,50,hmoe_support_paired_seed4,2.6726546,1.923183,0.7494715999999999,0.01,0.014873676,0.004873676,0.0,0.055037204,0.055037204,0.01,0.024742097,0.014742097000000001,0.03,0.035031855,0.005031855000000002
f40fd44b5e21918b,syr2k,syr2k,lv2:__PARA__L0-1.__PARA__L1-1.__PARA__L2-1.__PARA__L3-80.__PIPE__L0-off.__PIPE__L2-off.__TILE__L0-1.__TILE__L2-1,target,query,query,finetune_dataset,data_928.pt,75021.0,harp_hmoe_support_paired,4,50,hmoe_support_paired_seed4,3.529245,3.5737405,0.04449550000000002,0.09,0.13049155,0.040491550000000015,0.04,0.049722794,0.009722794,0.04,0.020260304,0.019739696,0.05,0.05696851,0.006968509999999997
8f674109f29f697d,syr2k,syr2k,lv2:__PARA__L0-1.__PARA__L1-2.__PARA__L2-2.__PARA__L3-1.__PIPE__L0-off.__PIPE__L2-flatten.__TILE__L0-1.__TILE__L2-1,target,query,query,finetune_dataset,data_990.pt,50783.0,harp_hmoe_support_paired,4,50,hmoe_support_paired_seed4,3.8107193,3.8141525,0.003433199999999914,0.11,0.057589047,0.052410953,0.05,0.03825522,0.011744780000000003,0.03,0.019621998,0.010378001999999997,0.05,0.046845585,0.0031544150000000007
6b7a3a63a513e7f4,syr2k,syr2k,lv2:__PARA__L0-1.__PARA__L1-8.__PARA__L2-3.__PARA__L3-80.__PIPE__L0-off.__PIPE__L2-NA.__TILE__L0-1.__TILE__L2-1,target,query,query,finetune_dataset,data_1026.pt,53291.0,harp_hmoe_support_paired,4,50,hmoe_support_paired_seed4,3.7759461,3.8950772,0.11913109999999971,0.08,0.10680597,0.02680597,0.05,0.058031503,0.008031502999999995,0.03,0.034937173,0.004937173000000003,0.05,0.043891132,0.006108868000000003
3e62e93928fad10e,syr2k,syr2k,lv2:__PARA__L0-1.__PARA__L1-4.__PARA__L2-2.__PARA__L3-80.__PIPE__L0-off.__PIPE__L2-off.__TILE__L0-1.__TILE__L2-1,target,query,query,finetune_dataset,data_1012.pt,49183.0,harp_hmoe_support_paired,4,50,hmoe_support_paired_seed4,3.8338122,3.8286664,0.0051458000000002,0.11,0.07839685,0.031603149999999997,0.05,0.044306103,0.005693897000000003,0.03,0.03234735,0.002347349999999998,0.05,0.053724974,0.003724973999999999
9479d4f09dff4ff1,syr2k,syr2k,lv2:__PARA__L0-1.__PARA__L1-2.__PARA__L2-4.__PARA__L3-80.__PIPE__L0-off.__PIPE__L2-off.__TILE__L0-1.__TILE__L2-1,target,query,query,finetune_dataset,data_998.pt,48381.0,harp_hmoe_support_paired,4,50,hmoe_support_paired_seed4,3.845672,3.9962075,0.15053550000000016,0.09,0.08640867,0.00359132999999999,0.05,0.056337956,0.006337955999999999,0.03,0.03752625,0.007526249999999998,0.05,0.055321068,0.005321067999999998
1d13483073c912dd,syr2k,syr2k,lv2:__PARA__L0-1.__PARA__L1-1.__PARA__L2-12.__PARA__L3-1.__PIPE__L0-off.__PIPE__L2-flatten.__TILE__L0-1.__TILE__L2-4,target,query,query,finetune_dataset,data_935.pt,107307.0,harp_hmoe_support_paired,4,50,hmoe_support_paired_seed4,3.271056,3.3359392,0.0648831999999997,0.29,0.22368115,0.06631884999999998,0.17,0.14072686,0.029273140000000003,0.02,0.034743756,0.014743756,0.02,0.029718757,0.009718756999999998
cff2f356c25a7da3,syr2k,syr2k,lv2:__PARA__L0-1.__PARA__L1-1.__PARA__L2-1.__PARA__L3-5.__PIPE__L0-off.__PIPE__L2-off.__TILE__L0-1.__TILE__L2-1,target,query,query,finetune_dataset,data_925.pt,769181.0,harp_hmoe_support_paired,4,50,hmoe_support_paired_seed4,1.8502666,1.9091953,0.058928699999999834,0.01,0.01715403,0.0071540300000000005,0.0,0.052973095,0.052973095,0.0,0.02630362,0.02630362,0.04,0.03565222,0.0043477800000000025
67905abe3e20c24a,syr2k,syr2k,lv2:__PARA__L0-1.__PARA__L1-8.__PARA__L2-1.__PARA__L3-20.__PIPE__L0-off.__PIPE__L2-off.__TILE__L0-1.__TILE__L2-1,target,query,query,finetune_dataset,data_1020.pt,165809.0,harp_hmoe_support_paired,4,50,hmoe_support_paired_seed4,2.957167,2.9222662,0.034900799999999954,0.07,0.05560308,0.014396920000000007,0.03,0.06632435,0.036324350000000005,0.08,0.042258352,0.037741648,0.02,0.050082177,0.030082176999999998
12af4cbbb23a055b,gemm-p,gemm-p,lv2:__PARA__L0-1.__PARA__L1-1.__PARA__L2-2.__PARA__L3-1.__PIPE__L0-off.__PIPE__L2-flatten.__TILE__L0-1.__TILE__L2-1,target,query,query,finetune_dataset,data_133.pt,35647.0,harp_hmoe_support_paired,4,50,hmoe_support_paired_seed4,4.066002,4.200301,0.1342989999999995,0.04,0.09261995,0.052619950000000006,0.02,0.04054058,0.02054058,0.02,0.049362034,0.029362034,0.01,0.015738547,0.005738546999999998
7e01946735babf1e,gemm-p,gemm-p,lv2:__PARA__L0-1.__PARA__L1-1.__PARA__L2-2.__PARA__L3-2.__PIPE__L0-off.__PIPE__L2-NA.__TILE__L0-1.__TILE__L2-1,target,query,query,finetune_dataset,data_142.pt,166331.0,harp_hmoe_support_paired,4,50,hmoe_support_paired_seed4,2.9548995,2.6392953,0.31560419999999967,0.02,-0.014497565,0.034497565,0.01,0.021430496,0.011430496,0.01,-0.010522728,0.020522728,0.01,-0.0048903953,0.014890395300000001
eadd78260c36578d,gemm-p,gemm-p,lv2:__PARA__L0-1.__PARA__L1-1.__PARA__L2-8.__PARA__L3-14.__PIPE__L0-off.__PIPE__L2-NA.__TILE__L0-1.__TILE__L2-1,target,query,query,finetune_dataset,data_217.pt,41050.0,harp_hmoe_support_paired,4,50,hmoe_support_paired_seed4,3.964201,4.4577026,0.4935016000000001,0.18,0.12372654,0.05627346,0.08,0.0784114,0.0015885999999999956,0.19,0.15509614,0.03490386000000001,0.01,0.04227203,0.03227203
f2cfc23e7d96a21a,gemm-p,gemm-p,lv2:__PARA__L0-1.__PARA__L1-1.__PARA__L2-5.__PARA__L3-70.__PIPE__L0-off.__PIPE__L2-NA.__TILE__L0-1.__TILE__L2-1,target,query,query,finetune_dataset,data_211.pt,19109.0,harp_hmoe_support_paired,4,50,hmoe_support_paired_seed4,4.515766,4.2125244,0.3032415999999998,0.1,0.061398916,0.03860108400000001,0.07,0.063016295,0.006983705000000007,0.11,0.063148975,0.046851025000000004,0.01,0.009245336,0.0007546640000000004
ef1ceb40a4d651b2,gemm-p,gemm-p,lv2:__PARA__L0-1.__PARA__L1-1.__PARA__L2-5.__PARA__L3-5.__PIPE__L0-off.__PIPE__L2-off.__TILE__L0-1.__TILE__L2-1,target,query,query,finetune_dataset,data_206.pt,25145.0,harp_hmoe_support_paired,4,50,hmoe_support_paired_seed4,4.317756,3.8717492,0.44600680000000015,0.03,0.06294208,0.03294208,0.02,0.0038228668,0.0161771332,0.04,0.0062958,0.033704200000000004,0.03,0.04057002,0.01057002
8d6ea6f968b8250b,gemm-p,gemm-p,lv2:__PARA__L0-1.__PARA__L1-5.__PARA__L2-1.__PARA__L3-32.__PIPE__L0-off.__PIPE__L2-off.__TILE__L0-1.__TILE__L2-1,target,query,query,finetune_dataset,data_303.pt,285709.0,harp_hmoe_support_paired,4,50,hmoe_support_paired_seed4,2.5646548,2.2992494,0.2654054000000001,0.02,-0.005565543,0.025565543,0.01,0.0060336627,0.0039663373,0.0,-0.00497865,0.00497865,0.05,0.049473584,0.0005264160000000018
c4f908e25d12ee3a,gemm-p,gemm-p,lv2:__PARA__L0-1.__PARA__L1-1.__PARA__L2-2.__PARA__L3-70.__PIPE__L0-off.__PIPE__L2-NA.__TILE__L0-1.__TILE__L2-1,target,query,query,finetune_dataset,data_154.pt,35647.0,harp_hmoe_support_paired,4,50,hmoe_support_paired_seed4,4.066002,4.1480894,0.08208739999999981,0.04,-0.039367717,0.079367717,0.02,0.010410074,0.009589926,0.02,0.039858192,0.019858192,0.01,-0.012503593,0.022503593000000002
97792d362ea2c725,gemm-p,gemm-p,lv2:__PARA__L0-1.__PARA__L1-32.__PARA__L2-1.__PARA__L3-32.__PIPE__L0-off.__PIPE__L2-off.__TILE__L0-60.__TILE__L2-1,target,query,query,finetune_dataset,data_274.pt,285469.0,harp_hmoe_support_paired,4,50,hmoe_support_paired_seed4,2.5652611,3.809691,1.2444299,0.01,0.03217476,0.022174759999999995,0.01,0.013171498,0.003171498,0.03,0.01402393,0.01597607,0.05,0.052437752,0.0024377519999999944
648a53c110f97b95,gemm-p,gemm-p,lv2:__PARA__L0-1.__PARA__L1-32.__PARA__L2-16.__PARA__L3-1.__PIPE__L0-off.__PIPE__L2-flatten.__TILE__L0-4.__TILE__L2-1,target,query,query,finetune_dataset,data_285.pt,9506.0,harp_hmoe_support_paired,4,50,hmoe_support_paired_seed4,5.019437,4.9529276,0.06650940000000016,0.35,0.3138854,0.0361146,0.24,0.15161842,0.08838157999999999,0.36,0.21680182,0.14319817999999998,0.01,0.024588525,0.014588525
a1f84ba90c06f0c0,gemm-p,gemm-p,lv2:__PARA__L0-1.__PARA__L1-1.__PARA__L2-20.__PARA__L3-5.__PIPE__L0-off.__PIPE__L2-off.__TILE__L0-1.__TILE__L2-2,target,query,query,finetune_dataset,data_167.pt,270229.0,harp_hmoe_support_paired,4,50,hmoe_support_paired_seed4,2.604837,4.049363,1.4445259999999998,0.03,0.16508025,0.13508025,0.02,0.042278532,0.022278532,0.03,0.12501112,0.09501112,0.02,0.0020617247,0.0179382753
ca65b2dddf05a722,gemm-p,gemm-p,lv2:__PARA__L0-1.__PARA__L1-2.__PARA__L2-1.__PARA__L3-32.__PIPE__L0-off.__PIPE__L2-off.__TILE__L0-1.__TILE__L2-80,target,query,query,finetune_dataset,data_243.pt,286909.0,harp_hmoe_support_paired,4,50,hmoe_support_paired_seed4,2.5616314,2.6312308,0.06959939999999998,0.01,-0.010528722,0.020528722,0.0,0.016254071,0.016254071,0.0,0.021477818,0.021477818,0.05,0.05274126,0.0027412599999999954
5f38764ae95b8318,gemm-p,gemm-p,lv2:__PARA__L0-3.__PARA__L1-32.__PARA__L2-16.__PARA__L3-1.__PIPE__L0-NA.__PIPE__L2-flatten.__TILE__L0-1.__TILE__L2-1,target,query,query,finetune_dataset,data_384.pt,9321.0,harp_hmoe_support_paired,4,50,hmoe_support_paired_seed4,5.0336137,4.821471,0.21214270000000024,0.35,0.26388496,0.08611503999999998,0.24,0.12667,0.11332999999999999,0.36,0.17148077,0.18851922999999998,0.01,0.023887515,0.013887515000000001
ff4b5bf3f5fd1c66,gemm-p,gemm-p,lv2:__PARA__L0-1.__PARA__L1-1.__PARA__L2-8.__PARA__L3-7.__PIPE__L0-off.__PIPE__L2-off.__TILE__L0-1.__TILE__L2-1,target,query,query,finetune_dataset,data_227.pt,17943.0,harp_hmoe_support_paired,4,50,hmoe_support_paired_seed4,4.5611815,4.17183,0.3893515000000001,0.06,0.10498684,0.04498684,0.04,0.039132897,0.000867103000000001,0.1,0.048028648,0.051971352000000005,0.04,0.06570876,0.025708760000000004
82851c00f5b54fd9,gemm-p,gemm-p,lv2:__PARA__L0-1.__PARA__L1-4.__PARA__L2-5.__PARA__L3-1.__PIPE__L0-off.__PIPE__L2-flatten.__TILE__L0-1.__TILE__L2-1,target,query,query,finetune_dataset,data_297.pt,16349.0,harp_hmoe_support_paired,4,50,hmoe_support_paired_seed4,4.628291,4.6541605,0.025869499999999768,0.1,0.04912012,0.05087988,0.07,0.06994918,5.082000000000697e-05,0.11,0.13280353,0.022803530000000002,0.01,0.027552158,0.017552157999999998
62c57d9c0f74d8e7,gemm-p,gemm-p,lv2:__PARA__L0-1.__PARA__L1-1.__PARA__L2-5.__PARA__L3-2.__PIPE__L0-off.__PIPE__L2-NA.__TILE__L0-1.__TILE__L2-1,target,query,query,finetune_dataset,data_201.pt,79052.0,harp_hmoe_support_paired,4,50,hmoe_support_paired_seed4,3.491491,3.1550763,0.33641469999999973,0.03,0.061202936,0.031202936,0.01,0.013008598,0.0030085979999999995,0.02,-0.0013952943,0.0213952943,0.02,0.035862982,0.015862982
15d5eb53c98795f2,gemm-p,gemm-p,lv2:__PARA__L0-1.__PARA__L1-1.__PARA__L2-4.__PARA__L3-10.__PIPE__L0-off.__PIPE__L2-off.__TILE__L0-1.__TILE__L2-2,target,query,query,finetune_dataset,data_174.pt,312005.0,harp_hmoe_support_paired,4,50,hmoe_support_paired_seed4,2.5011435,2.434645,0.0664984999999998,0.01,0.016328864,0.006328863999999998,0.01,-0.02220299,0.03220299,0.01,0.004761666,0.005238334,0.03,0.03554207,0.005542070000000003
7985b77fcba3595d,gemm-p,gemm-p,lv2:__PARA__L0-4.__PARA__L1-16.__PARA__L2-10.__PARA__L3-1.__PIPE__L0-off.__PIPE__L2-flatten.__TILE__L0-1.__TILE__L2-8,target,query,query,finetune_dataset,data_402.pt,10050.0,harp_hmoe_support_paired,4,50,hmoe_support_paired_seed4,4.9792943,5.0952682,0.1159738999999993,0.23,0.24588948,0.015889479999999984,0.16,0.10541469,0.05458531,0.22,0.07118854,0.14881146,0.01,0.015566468,0.005566468
52cc73074533db20,gemm-p,gemm-p,lv2:__PARA__L0-1.__PARA__L1-1.__PARA__L2-1.__PARA__L3-14.__PIPE__L0-off.__PIPE__L2-off.__TILE__L0-1.__TILE__L2-4,target,query,query,finetune_dataset,data_85.pt,417715.0,harp_hmoe_support_paired,4,50,hmoe_support_paired_seed4,2.2906687,2.3299086,0.039239900000000105,0.01,0.010587506,0.0005875059999999998,0.0,0.011827592,0.011827592,0.0,0.0014177263,0.0014177263,0.02,0.030083746,0.010083746000000001
872b368f13acc874,gemm-p,gemm-p,lv2:__PARA__L0-1.__PARA__L1-1.__PARA__L2-2.__PARA__L3-2.__PIPE__L0-off.__PIPE__L2-off.__TILE__L0-1.__TILE__L2-2,target,query,query,finetune_dataset,data_144.pt,2110866.0,harp_hmoe_support_paired,4,50,hmoe_support_paired_seed4,1.1220466,1.8465317,0.7244851000000001,0.0,0.060546212,0.060546212,0.0,-0.0156223215,0.0156223215,0.0,0.0054124296,0.0054124296,0.01,-0.09399939,0.10399939
bc4f55d84a8bf133,gemm-p,gemm-p,lv2:__PARA__L0-1.__PARA__L1-1.__PARA__L2-5.__PARA__L3-7.__PIPE__L0-off.__PIPE__L2-off.__TILE__L0-1.__TILE__L2-2,target,query,query,finetune_dataset,data_210.pt,382309.0,harp_hmoe_support_paired,4,50,hmoe_support_paired_seed4,2.3545585,2.8092263,0.4546678000000002,0.01,0.04362028,0.033620279999999995,0.01,-0.0070915855,0.0170915855,0.01,-0.009442557,0.019442557,0.03,0.021517694,0.008482305999999998
a63bb764dd0bd35e,gemm-p,gemm-p,lv2:__PARA__L0-1.__PARA__L1-2.__PARA__L2-2.__PARA__L3-70.__PIPE__L0-off.__PIPE__L2-NA.__TILE__L0-1.__TILE__L2-1,target,query,query,finetune_dataset,data_255.pt,33547.0,harp_hmoe_support_paired,4,50,hmoe_support_paired_seed4,4.1098003,4.156499,0.046698700000000315,0.04,-0.046941698,0.086941698,0.02,0.013790194,0.006209806,0.02,0.054085165,0.034085165,0.01,-0.014659375,0.024659375
9ef04f98e2e62988,gemm-p,gemm-p,lv2:__PARA__L0-1.__PARA__L1-5.__PARA__L2-4.__PARA__L3-1.__PIPE__L0-off.__PIPE__L2-flatten.__TILE__L0-1.__TILE__L2-2,target,query,query,finetune_dataset,data_316.pt,225616.0,harp_hmoe_support_paired,4,50,hmoe_support_paired_seed4,2.7349935,2.7752979,0.04030440000000013,0.23,0.163944,0.066056,0.05,0.04933441,0.0006655900000000006,0.05,0.054949135,0.004949135,0.01,0.010823071,0.0008230709999999999
b20d2bda20f4a7a3,gemm-p,gemm-p,lv2:__PARA__L0-15.__PARA__L1-32.__PARA__L2-10.__PARA__L3-1.__PIPE__L0-NA.__PIPE__L2-flatten.__TILE__L0-1.__TILE__L2-8,target,query,query,finetune_dataset,data_351.pt,12092.0,harp_hmoe_support_paired,4,50,hmoe_support_paired_seed4,4.8458657,5.005583,0.15971729999999962,0.23,0.19508952,0.03491048000000002,0.16,0.1358723,0.024127700000000002,0.22,0.09274927,0.12725073,0.01,0.029916406,0.019916405999999998
6ab4a7f5f4fc966d,gemm-p,gemm-p,lv2:__PARA__L0-1.__PARA__L1-32.__PARA__L2-10.__PARA__L3-1.__PIPE__L0-NA.__PIPE__L2-flatten.__TILE__L0-2.__TILE__L2-1,target,query,query,finetune_dataset,data_275.pt,9563.0,harp_hmoe_support_paired,4,50,hmoe_support_paired_seed4,5.0151243,4.8398323,0.17529199999999978,0.23,0.2208687,0.009131300000000009,0.16,0.13243163,0.02756837000000001,0.22,0.1823524,0.0376476,0.01,0.013027906,0.0030279060000000003
a7da740e9473f8d8,gemm-p,gemm-p,lv2:__PARA__L0-1.__PARA__L1-5.__PARA__L2-8.__PARA__L3-1.__PIPE__L0-off.__PIPE__L2-flatten.__TILE__L0-1.__TILE__L2-1,target,query,query,finetune_dataset,data_321.pt,12127.0,harp_hmoe_support_paired,4,50,hmoe_support_paired_seed4,4.843781,5.083605,0.23982400000000048,0.17,0.14332944,0.02667056000000001,0.12,0.09784368,0.022156319999999993,0.18,0.105742306,0.074257694,0.01,0.007975817,0.0020241830000000006
5d52c78053e9c970,gemm-p,gemm-p,lv2:__PARA__L0-1.__PARA__L1-1.__PARA__L2-16.__PARA__L3-10.__PIPE__L0-off.__PIPE__L2-NA.__TILE__L0-1.__TILE__L2-1,target,query,query,finetune_dataset,data_121.pt,30250.0,harp_hmoe_support_paired,4,50,hmoe_support_paired_seed4,4.1844244,3.7164183,0.4680061000000002,0.26,0.09828835,0.16171165,0.12,0.0990572,0.020942799999999998,0.28,0.12556395,0.15443605000000002,0.01,0.023823082,0.013823081999999999
5b1cbec8490c4471,gemm-p,gemm-p,lv2:__PARA__L0-1.__PARA__L1-1.__PARA__L2-10.__PARA__L3-10.__PIPE__L0-off.__PIPE__L2-off.__TILE__L0-1.__TILE__L2-2,target,query,query,finetune_dataset,data_105.pt,195175.0,harp_hmoe_support_paired,4,50,hmoe_support_paired_seed4,2.839544,3.2297976,0.39025359999999987,0.03,0.015590005,0.014409994999999998,0.02,0.061907325,0.041907324999999995,0.03,0.07758218,0.04758218,0.0,0.056516647,0.056516647
586d7c94f444b430,gemm-p,gemm-p,lv2:__PARA__L0-1.__PARA__L1-16.__PARA__L2-1.__PARA__L3-32.__PIPE__L0-off.__PIPE__L2-off.__TILE__L0-60.__TILE__L2-1,target,query,query,finetune_dataset,data_236.pt,285589.0,harp_hmoe_support_paired,4,50,hmoe_support_paired_seed4,2.5649579,2.9857056,0.42074770000000017,0.01,0.039498143,0.029498142999999998,0.01,0.016479496,0.0064794959999999995,0.02,0.02001229,1.2289999999998136e-05,0.05,0.043732285,0.006267715
2d6b4dc1bf7b484f,gemm-p,gemm-p,lv2:__PARA__L0-20.__PARA__L1-32.__PARA__L2-10.__PARA__L3-1.__PIPE__L0-off.__PIPE__L2-flatten.__TILE__L0-1.__TILE__L2-8,target,query,query,finetune_dataset,data_375.pt,13106.0,harp_hmoe_support_paired,4,50,hmoe_support_paired_seed4,4.7877784,4.958722,0.1709436000000002,0.23,0.19384795,0.03615205000000002,0.16,0.095154345,0.064845655,0.22,0.09354183,0.12645816999999998,0.01,0.03774625,0.02774625
1e2950aa36b473a1,gemm-p,gemm-p,lv2:__PARA__L0-1.__PARA__L1-1.__PARA__L2-16.__PARA__L3-2.__PIPE__L0-off.__PIPE__L2-off.__TILE__L0-1.__TILE__L2-1,target,query,query,finetune_dataset,data_126.pt,20651.0,harp_hmoe_support_paired,4,50,hmoe_support_paired_seed4,4.4597864,4.1249323,0.3348540999999994,0.07,0.12509769,0.055097690000000005,0.04,0.05396444,0.013964440000000002,0.08,0.072517246,0.007482754000000008,0.03,0.009348631,0.020651369
b4f843d9b6dad29f,gemm-p,gemm-p,lv2:__PARA__L0-1.__PARA__L1-70.__PARA__L2-1.__PARA__L3-32.__PIPE__L0-off.__PIPE__L2-off.__TILE__L0-60.__TILE__L2-1,target,query,query,finetune_dataset,data_327.pt,251089.0,harp_hmoe_support_paired,4,50,hmoe_support_paired_seed4,2.6578286,4.673478,2.0156494,0.03,0.07588451,0.04588451,0.02,0.04919559,0.029195589999999997,0.08,0.14290544,0.06290543999999999,0.04,0.05873224,0.018732239999999997
2ec4102f44654268,gemm-p,gemm-p,lv2:__PARA__L0-30.__PARA__L1-32.__PARA__L2-1.__PARA__L3-1.__PIPE__L0-off.__PIPE__L2-flatten.__TILE__L0-2.__TILE__L2-1,target,query,query,finetune_dataset,data_390.pt,55939.0,harp_hmoe_support_paired,4,50,hmoe_support_paired_seed4,3.740965,4.1943226,0.45335759999999947,0.06,-0.005932849,0.065932849,0.02,0.043891374,0.023891373999999996,0.04,0.12095335,0.08095335000000001,0.05,0.1637788,0.1137788
7fa62088f5c322db,gemm-p,gemm-p,lv2:__PARA__L0-5.__PARA__L1-32.__PARA__L2-16.__PARA__L3-1.__PIPE__L0-off.__PIPE__L2-flatten.__TILE__L0-1.__TILE__L2-1,target,query,query,finetune_dataset,data_417.pt,9680.0,harp_hmoe_support_paired,4,50,hmoe_support_paired_seed4,5.006353,4.991209,0.015144000000000268,0.35,0.29089803,0.059101970000000004,0.24,0.17658977,0.06341022999999998,0.36,0.34290716,0.017092839999999998,0.01,0.028258443,0.018258443
611cf3a0b00df0dd,gemm-p,gemm-p,lv2:__PARA__L0-1.__PARA__L1-1.__PARA__L2-8.__PARA__L3-70.__PIPE__L0-off.__PIPE__L2-off.__TILE__L0-1.__TILE__L2-1,target,query,query,finetune_dataset,data_230.pt,15487.0,harp_hmoe_support_paired,4,50,hmoe_support_paired_seed4,4.667363,3.45839,1.2089729999999999,0.17,0.09328621,0.07671379000000002,0.12,0.07071176,0.04928824,0.18,0.16797659,0.012023409999999984,0.01,0.009775549,0.0002244510000000005
4ffdfc36bd864ed0,gemm-p,gemm-p,lv2:__PARA__L0-2.__PARA__L1-16.__PARA__L2-10.__PARA__L3-1.__PIPE__L0-off.__PIPE__L2-flatten.__TILE__L0-1.__TILE__L2-8,target,query,query,finetune_dataset,data_362.pt,9691.0,harp_hmoe_support_paired,4,50,hmoe_support_paired_seed4,5.005533,4.79333,0.2122029999999997,0.23,0.22789246,0.002107540000000019,0.16,0.049823884,0.110176116,0.22,0.052146405,0.167853595,0.01,0.019901633,0.009901632999999998
aaec899982f42ed1,gemm-p,gemm-p,lv2:__PARA__L0-1.__PARA__L1-5.__PARA__L2-1.__PARA__L3-1.__PIPE__L0-off.__PIPE__L2-flatten.__TILE__L0-1.__TILE__L2-2,target,query,query,finetune_dataset,data_300.pt,796815.0,harp_hmoe_support_paired,4,50,hmoe_support_paired_seed4,1.8248057,1.1562376,0.6685680999999999,0.2,0.14925641,0.050743590000000005,0.02,0.0421809,0.0221809,0.02,0.10645512,0.08645512,0.04,0.03589998,0.004100020000000003
0df3b686b357956a,gemm-p,gemm-p,lv2:__PARA__L0-1.__PARA__L1-1.__PARA__L2-4.__PARA__L3-2.__PIPE__L0-off.__PIPE__L2-off.__TILE__L0-1.__TILE__L2-4,target,query,query,finetune_dataset,data_183.pt,955866.0,harp_hmoe_support_paired,4,50,hmoe_support_paired_seed4,1.6935239,3.1162205,1.4226965999999999,0.01,0.02879291,0.018792910000000003,0.0,-0.009001383,0.009001383,0.0,-0.009821769,0.009821769,0.02,0.011819005,0.008180995
cea38462f341abd7,gemm-p,gemm-p,lv2:__PARA__L0-1.__PARA__L1-1.__PARA__L2-4.__PARA__L3-7.__PIPE__L0-off.__PIPE__L2-off.__TILE__L0-1.__TILE__L2-4,target,query,query,finetune_dataset,data_191.pt,310979.0,harp_hmoe_support_paired,4,50,hmoe_support_paired_seed4,2.5035195,3.0101104,0.5065909,0.01,0.020336203,0.010336203,0.0,-0.0065794704,0.0065794704,0.01,-0.00079090893,0.01079090893,0.03,0.019814253,0.010185746999999998
fd951650d67b98bc,gemm-p,gemm-p,lv2:__PARA__L0-1.__PARA__L1-2.__PARA__L2-10.__PARA__L3-70.__PIPE__L0-off.__PIPE__L2-NA.__TILE__L0-1.__TILE__L2-1,target,query,query,finetune_dataset,data_249.pt,12847.0,harp_hmoe_support_paired,4,50,hmoe_support_paired_seed4,4.8021765,4.80235,0.00017349999999982657,0.21,0.22820997,0.01820997000000002,0.15,0.1702891,0.020289100000000004,0.22,0.32118607,0.10118606999999999,0.01,0.009640455,0.00035954500000000104
42a6116f70ad755b,gemm-p,gemm-p,lv2:__PARA__L0-1.__PARA__L1-32.__PARA__L2-16.__PARA__L3-1.__PIPE__L0-off.__PIPE__L2-flatten.__TILE__L0-2.__TILE__L2-1,target,query,query,finetune_dataset,data_284.pt,9179.0,harp_hmoe_support_paired,4,50,hmoe_support_paired_seed4,5.0446877,4.826724,0.21796370000000032,0.35,0.2979849,0.05201509999999998,0.24,0.1311397,0.1088603,0.36,0.20260358,0.15739641999999998,0.01,0.027609557,0.017609556999999998
b5eb6d88728a2b5b,gemm-p,gemm-p,lv2:__PARA__L0-15.__PARA__L1-32.__PARA__L2-16.__PARA__L3-1.__PIPE__L0-off.__PIPE__L2-flatten.__TILE__L0-1.__TILE__L2-1,target,query,query,finetune_dataset,data_357.pt,11552.0,harp_hmoe_support_paired,4,50,hmoe_support_paired_seed4,4.878821,4.748046,0.13077499999999986,0.35,0.3425426,0.007457400000000003,0.24,0.18768899,0.05231100999999999,0.36,0.17743358,0.18256641999999998,0.01,0.017181635,0.0071816350000000004
1ae875ed2f961dca,gemm-p,gemm-p,lv2:__PARA__L0-1.__PARA__L1-1.__PARA__L2-10.__PARA__L3-14.__PIPE__L0-off.__PIPE__L2-off.__TILE__L0-1.__TILE__L2-2,target,query,query,finetune_dataset,data_108.pt,149095.0,harp_hmoe_support_paired,4,50,hmoe_support_paired_seed4,3.033812,3.7249002,0.6910881999999998,0.04,-0.0075959354,0.0475959354,0.02,0.052257005,0.032257005000000005,0.04,0.13216448,0.09216448,0.0,0.047828496,0.047828496
4a3d6776bd7a2804,gemm-p,gemm-p,lv2:__PARA__L0-1.__PARA__L1-1.__PARA__L2-2.__PARA__L3-7.__PIPE__L0-off.__PIPE__L2-off.__TILE__L0-1.__TILE__L2-2,target,query,query,finetune_dataset,data_152.pt,643979.0,harp_hmoe_support_paired,4,50,hmoe_support_paired_seed4,1.9784213,1.6137092,0.3647121,0.01,0.024422579,0.014422579,0.0,-0.015896581,0.015896581,0.0,-0.00405545,0.00405545,0.02,-0.052502006,0.072502006
3aae16898050d862,gemm-p,gemm-p,lv2:__PARA__L0-1.__PARA__L1-1.__PARA__L2-5.__PARA__L3-7.__PIPE__L0-off.__PIPE__L2-NA.__TILE__L0-1.__TILE__L2-1,target,query,query,finetune_dataset,data_208.pt,55024.0,harp_hmoe_support_paired,4,50,hmoe_support_paired_seed4,3.7528617,3.8206773,0.06781559999999986,0.07,0.089107685,0.019107685,0.03,0.029044513,0.0009554869999999979,0.06,0.025480688,0.034519311999999996,0.03,0.028076231,0.0019237689999999988
32cf6e43afec35ad,gemm-p,gemm-p,lv2:__PARA__L0-1.__PARA__L1-4.__PARA__L2-1.__PARA__L3-1.__PIPE__L0-off.__PIPE__L2-flatten.__TILE__L0-1.__TILE__L2-80,target,query,query,finetune_dataset,data_288.pt,32587.0,harp_hmoe_support_paired,4,50,hmoe_support_paired_seed4,4.130744,4.0855536,0.045190400000000075,0.03,0.008013301,0.021986699,0.01,-0.003340668,0.013340668,0.02,0.020771176,0.0007711759999999984,0.05,0.04631886,0.0036811399999999994
fbc52266ca9a83a7,gemm-p,gemm-p,lv2:__PARA__L0-1.__PARA__L1-1.__PARA__L2-10.__PARA__L3-5.__PIPE__L0-off.__PIPE__L2-off.__TILE__L0-1.__TILE__L2-2,target,query,query,finetune_dataset,data_114.pt,359269.0,harp_hmoe_support_paired,4,50,hmoe_support_paired_seed4,2.399396,3.6779454,1.2785494000000002,0.01,0.06396859,0.053968590000000004,0.01,0.042238984,0.032238984,0.01,0.041820616,0.031820615999999996,0.03,0.028815448,0.0011845519999999984
0eeabdcdff47386b,gemm-p,gemm-p,lv2:__PARA__L0-1.__PARA__L1-16.__PARA__L2-1.__PARA__L3-1.__PIPE__L0-off.__PIPE__L2-flatten.__TILE__L0-60.__TILE__L2-1,target,query,query,finetune_dataset,data_233.pt,31687.0,harp_hmoe_support_paired,4,50,hmoe_support_paired_seed4,4.1509466,3.862882,0.2880646000000002,0.03,0.082751684,0.05275168400000001,0.02,0.020262305,0.00026230500000000087,0.02,0.056059808,0.036059808,0.05,0.050762177,0.0007621769999999958
fbdff262c0ec71fe,gemm-p,gemm-p,lv2:__PARA__L0-1.__PARA__L1-1.__PARA__L2-1.__PARA__L3-1.__PIPE__L0-off.__PIPE__L2-flatten.__TILE__L0-1.__TILE__L2-1,target,query,query,finetune_dataset,data_77.pt,35347.0,harp_hmoe_support_paired,4,50,hmoe_support_paired_seed4,4.0720983,3.7493238,0.3227745000000004,0.03,0.10217457,0.07217457000000001,0.01,0.015822057,0.005822057,0.02,0.047637194,0.027637194,0.05,0.07118672,0.021186719999999992
4567c48bf3971940,gemm-p,gemm-p,lv2:__PARA__L0-1.__PARA__L1-1.__PARA__L2-4.__PARA__L3-14.__PIPE__L0-off.__PIPE__L2-off.__TILE__L0-1.__TILE__L2-2,target,query,query,finetune_dataset,data_178.pt,232565.0,harp_hmoe_support_paired,4,50,hmoe_support_paired_seed4,2.7131112,2.2472305,0.46588070000000004,0.02,0.040124588,0.020124588000000002,0.01,-0.023506511,0.033506511,0.01,0.013804376,0.003804376,0.04,0.038869917,0.001130083000000004
e618f61f3a37ff20,gemm-p,gemm-p,lv2:__PARA__L0-30.__PARA__L1-32.__PARA__L2-16.__PARA__L3-1.__PIPE__L0-NA.__PIPE__L2-flatten.__TILE__L0-2.__TILE__L2-1,target,query,query,finetune_dataset,data_396.pt,14419.0,harp_hmoe_support_paired,4,50,hmoe_support_paired_seed4,4.7189064,4.4700537,0.2488526999999996,0.35,0.32647288,0.023527119999999957,0.24,0.27039438,0.03039438,0.36,0.57995343,0.21995343,0.01,0.021965563,0.011965563
f65d3ed34dd10709,gemm-p,gemm-p,lv2:__PARA__L0-1.__PARA__L1-4.__PARA__L2-1.__PARA__L3-32.__PIPE__L0-off.__PIPE__L2-off.__TILE__L0-60.__TILE__L2-1,target,query,query,finetune_dataset,data_291.pt,286369.0,harp_hmoe_support_paired,4,50,hmoe_support_paired_seed4,2.5629904,2.4730437,0.08994670000000005,0.01,-0.018413631,0.028413631,0.0,0.0030767955,0.0030767955,0.0,-0.010728302,0.010728302,0.05,0.046619773,0.0033802269999999995
c23087f4ada53651,gemm-p,gemm-p,lv2:__PARA__L0-1.__PARA__L1-7.__PARA__L2-1.__PARA__L3-32.__PIPE__L0-off.__PIPE__L2-off.__TILE__L0-1.__TILE__L2-1,target,query,query,finetune_dataset,data_324.pt,285469.0,harp_hmoe_support_paired,4,50,hmoe_support_paired_seed4,2.5652611,2.4863365,0.07892459999999968,0.02,0.0053138062,0.0146861938,0.01,0.007411305,0.0025886950000000002,0.0,0.00060531497,0.00060531497,0.05,0.050607383,0.0006073829999999961
46580acbb8d130f0,gemm-p,gemm-p,lv2:__PARA__L0-1.__PARA__L1-32.__PARA__L2-10.__PARA__L3-1.__PIPE__L0-off.__PIPE__L2-flatten.__TILE__L0-60.__TILE__L2-1,target,query,query,finetune_dataset,data_280.pt,11167.0,harp_hmoe_support_paired,4,50,hmoe_support_paired_seed4,4.903271,5.0504837,0.14721269999999986,0.21,0.2206409,0.010640900000000009,0.15,0.12825015,0.021749849999999987,0.22,0.17046276,0.04953724000000001,0.01,0.024619102,0.014619102
c6eed7436c233fa4,gemm-p,gemm-p,lv2:__PARA__L0-1.__PARA__L1-1.__PARA__L2-5.__PARA__L3-10.__PIPE__L0-off.__PIPE__L2-NA.__TILE__L0-1.__TILE__L2-1,target,query,query,finetune_dataset,data_195.pt,54212.0,harp_hmoe_support_paired,4,50,hmoe_support_paired_seed4,3.763586,4.0237894,0.2602034,0.08,0.08096903,0.0009690299999999957,0.04,0.04156554,0.0015655399999999972,0.09,0.06156072,0.028439279999999997,0.03,0.035466254,0.005466254000000004
a2e2a27a1e612c66,gemm-p,gemm-p,lv2:__PARA__L0-1.__PARA__L1-1.__PARA__L2-4.__PARA__L3-70.__PIPE__L0-off.__PIPE__L2-off.__TILE__L0-1.__TILE__L2-1,target,query,query,finetune_dataset,data_193.pt,23947.0,harp_hmoe_support_paired,4,50,hmoe_support_paired_seed4,4.3529696,3.9817905,0.3711791,0.08,0.05601328,0.023986720000000003,0.05,0.00662804,0.04337196,0.05,0.13244748,0.08244748,0.01,0.036321282,0.026321282
4a8b56c2f22188e4,gemm-p,gemm-p,lv2:__PARA__L0-1.__PARA__L1-1.__PARA__L2-1.__PARA__L3-16.__PIPE__L0-off.__PIPE__L2-off.__TILE__L0-1.__TILE__L2-1,target,query,query,finetune_dataset,data_86.pt,442609.0,harp_hmoe_support_paired,4,50,hmoe_support_paired_seed4,2.2489116,3.0863628,0.8374511999999998,0.01,0.004466586,0.005533414,0.0,0.022740427,0.022740427,0.0,0.04779324,0.04779324,0.04,0.030862927,0.009137073000000002
8c261c5ac5cee4ce,gemm-p,gemm-p,lv2:__PARA__L0-30.__PARA__L1-32.__PARA__L2-1.__PARA__L3-1.__PIPE__L0-off.__PIPE__L2-flatten.__TILE__L0-1.__TILE__L2-80,target,query,query,finetune_dataset,data_389.pt,55939.0,harp_hmoe_support_paired,4,50,hmoe_support_paired_seed4,3.740965,4.128315,0.38734999999999964,0.06,0.01742237,0.04257763,0.02,-0.011623073,0.031623073,0.04,0.021708578,0.018291422,0.05,0.046691418,0.0033085820000000044
80c803cb5809d836,gemm-p,gemm-p,lv2:__PARA__L0-4.__PARA__L1-32.__PARA__L2-10.__PARA__L3-1.__PIPE__L0-NA.__PIPE__L2-flatten.__TILE__L0-1.__TILE__L2-8,target,query,query,finetune_dataset,data_407.pt,9914.0,harp_hmoe_support_paired,4,50,hmoe_support_paired_seed4,4.9891224,4.986683,0.0024394000000000915,0.23,0.22125775,0.008742250000000007,0.16,0.120143116,0.03985688400000001,0.22,0.105249435,0.114750565,0.01,0.0180915,0.0080915
d4240070e73cc342,gemm-p,gemm-p,lv2:__PARA__L0-1.__PARA__L1-1.__PARA__L2-20.__PARA__L3-7.__PIPE__L0-off.__PIPE__L2-off.__TILE__L0-1.__TILE__L2-2,target,query,query,finetune_dataset,data_170.pt,203508.0,harp_hmoe_support_paired,4,50,hmoe_support_paired_seed4,2.8093853,3.8357217,1.0263364,0.04,0.15633267,0.11633267,0.03,0.050246242,0.020246242000000005,0.04,0.14242539,0.10242539,0.02,0.021336913,0.0013369129999999986
dbd0e21f76a2b7bd,gemm-p,gemm-p,lv2:__PARA__L0-1.__PARA__L1-1.__PARA__L2-1.__PARA__L3-5.__PIPE__L0-off.__PIPE__L2-off.__TILE__L0-1.__TILE__L2-1,target,query,query,finetune_dataset,data_92.pt,195248.0,harp_hmoe_support_paired,4,50,hmoe_support_paired_seed4,2.8392742,3.0045402,0.1652659999999999,0.02,0.031572394,0.011572393999999996,0.01,0.017490808,0.007490808,0.01,-0.011448358,0.021448358,0.02,0.023750126,0.0037501259999999995
42e8b67f759345f2,gemm-p,gemm-p,lv2:__PARA__L0-1.__PARA__L1-1.__PARA__L2-20.__PARA__L3-10.__PIPE__L0-off.__PIPE__L2-off.__TILE__L0-1.__TILE__L2-1,target,query,query,finetune_dataset,data_157.pt,12850.0,harp_hmoe_support_paired,4,50,hmoe_support_paired_seed4,4.802008,3.8047483,0.9972596999999999,0.21,0.15394491,0.05605509,0.13,0.10478526,0.02521474,0.34,0.19569734,0.14430266000000003,0.01,0.02814871,0.01814871
0d68a0f6765ebd93,gemm-p,gemm-p,lv2:__PARA__L0-1.__PARA__L1-4.__PARA__L2-4.__PARA__L3-1.__PIPE__L0-off.__PIPE__L2-flatten.__TILE__L0-1.__TILE__L2-1,target,query,query,finetune_dataset,data_296.pt,21187.0,harp_hmoe_support_paired,4,50,hmoe_support_paired_seed4,4.4413023,4.3201303,0.1211720000000005,0.08,0.055060916,0.024939084,0.05,0.0964075,0.04640749999999999,0.05,0.10850558,0.05850558,0.01,0.040106475,0.030106475
3d0ea503979644e9,gemm-p,gemm-p,lv2:__PARA__L0-1.__PARA__L1-2.__PARA__L2-4.__PARA__L3-70.__PIPE__L0-off.__PIPE__L2-off.__TILE__L0-1.__TILE__L2-1,target,query,query,finetune_dataset,data_259.pt,21847.0,harp_hmoe_support_paired,4,50,hmoe_support_paired_seed4,4.4191747,4.009598,0.4095766999999997,0.08,0.052665763,0.027334237000000004,0.05,0.017244581,0.03275541900000001,0.05,0.16292831,0.11292830999999999,0.01,0.03687021,0.02687021
88b1344200c5f7da,gemm-p,gemm-p,lv2:__PARA__L0-15.__PARA__L1-32.__PARA__L2-10.__PARA__L3-1.__PIPE__L0-off.__PIPE__L2-flatten.__TILE__L0-1.__TILE__L2-8,target,query,query,finetune_dataset,data_353.pt,12092.0,harp_hmoe_support_paired,4,50,hmoe_support_paired_seed4,4.8458657,4.8875685,0.04170280000000037,0.23,0.18435556,0.04564444000000001,0.16,0.04972017,0.11027983,0.22,0.09242985,0.12757015,0.01,0.02428639,0.014286390000000001
e5ad409c498d9dac,gemm-p,gemm-p,lv2:__PARA__L0-3.__PARA__L1-16.__PARA__L2-16.__PARA__L3-1.__PIPE__L0-off.__PIPE__L2-flatten.__TILE__L0-1.__TILE__L2-1,target,query,query,finetune_dataset,data_379.pt,9453.0,harp_hmoe_support_paired,4,50,hmoe_support_paired_seed4,5.02347,4.9281683,0.09530169999999938,0.35,0.20819217,0.14180782999999997,0.24,0.107740045,0.13225995499999998,0.36,0.16165775,0.19834225,0.01,0.025362194,0.015362194000000001
0bfe1684da131d58,gemm-p,gemm-p,lv2:__PARA__L0-15.__PARA__L1-16.__PARA__L2-16.__PARA__L3-1.__PIPE__L0-off.__PIPE__L2-flatten.__TILE__L0-1.__TILE__L2-1,target,query,query,finetune_dataset,data_346.pt,11732.0,harp_hmoe_support_paired,4,50,hmoe_support_paired_seed4,4.8676677,4.8621244,0.005543300000000251,0.35,0.35591263,0.00591263000000003,0.24,0.18456133,0.055438669999999995,0.36,0.2043818,0.15561819999999998,0.01,0.0045168996,0.0054831004000000004
5e8aba50d737ff09,gemm-p,gemm-p,lv2:__PARA__L0-1.__PARA__L1-1.__PARA__L2-16.__PARA__L3-5.__PIPE__L0-off.__PIPE__L2-NA.__TILE__L0-1.__TILE__L2-1,target,query,query,finetune_dataset,data_127.pt,33064.0,harp_hmoe_support_paired,4,50,hmoe_support_paired_seed4,4.1202617,4.219598,0.09933630000000004,0.16,0.17268533,0.012685329999999995,0.07,0.07519692,0.005196919999999994,0.15,0.15936187,0.009361869999999994,0.06,-0.0026251727,0.0626251727
6eb5dbce3faf0b52,gemm-p,gemm-p,lv2:__PARA__L0-1.__PARA__L1-1.__PARA__L2-16.__PARA__L3-70.__PIPE__L0-off.__PIPE__L2-off.__TILE__L0-1.__TILE__L2-1,target,query,query,finetune_dataset,data_132.pt,14587.0,harp_hmoe_support_paired,4,50,hmoe_support_paired_seed4,4.7105503,4.75776,0.0472096999999998,0.32,0.24159855,0.07840145000000001,0.24,0.13224521,0.10775478999999999,0.36,0.32727528,0.032724719999999985,0.01,-0.0020381275,0.0120381275
2bd3a5f7e7748f97,gemm-p,gemm-p,lv2:__PARA__L0-4.__PARA__L1-32.__PARA__L2-10.__PARA__L3-1.__PIPE__L0-off.__PIPE__L2-flatten.__TILE__L0-1.__TILE__L2-8,target,query,query,finetune_dataset,data_408.pt,9914.0,harp_hmoe_support_paired,4,50,hmoe_support_paired_seed4,4.9891224,5.0913076,0.10218520000000009,0.23,0.26224118,0.03224118000000001,0.16,0.13131157,0.028688430000000015,0.22,0.0703257,0.14967429999999998,0.01,0.023104787,0.013104787000000001
bad7ae6c318a94cc,gemm-p,gemm-p,lv2:__PARA__L0-4.__PARA__L1-16.__PARA__L2-16.__PARA__L3-1.__PIPE__L0-off.__PIPE__L2-flatten.__TILE__L0-1.__TILE__L2-1,target,query,query,finetune_dataset,data_404.pt,9642.0,harp_hmoe_support_paired,4,50,hmoe_support_paired_seed4,5.00919,4.8700495,0.1391404999999999,0.35,0.23859745,0.11140254999999999,0.24,0.13495445,0.10504554999999999,0.36,0.15275869,0.20724130999999998,0.01,0.024469197,0.014469197000000001
ec749d53357fb316,gemm-p,gemm-p,lv2:__PARA__L0-1.__PARA__L1-8.__PARA__L2-1.__PARA__L3-32.__PIPE__L0-off.__PIPE__L2-off.__TILE__L0-1.__TILE__L2-1,target,query,query,finetune_dataset,data_328.pt,285829.0,harp_hmoe_support_paired,4,50,hmoe_support_paired_seed4,2.564352,2.5747247,0.010372700000000012,0.01,0.011516504,0.0015165040000000001,0.0,0.008433942,0.008433942,0.01,0.004467219,0.0055327810000000005,0.05,0.05037421,0.0003742099999999998
5cad34425ee55f5b,gemm-p,gemm-p,lv2:__PARA__L0-1.__PARA__L1-1.__PARA__L2-20.__PARA__L3-10.__PIPE__L0-off.__PIPE__L2-NA.__TILE__L0-1.__TILE__L2-1,target,query,query,finetune_dataset,data_156.pt,27370.0,harp_hmoe_support_paired,4,50,hmoe_support_paired_seed4,4.2565947,3.4073813,0.8492134,0.33,0.098032884,0.23196711600000003,0.15,0.08231014,0.06768985999999999,0.35,0.14429414,0.20570586,0.01,0.038755357,0.028755356999999995
6949ac99510f8963,gemm-p,gemm-p,lv2:__PARA__L0-1.__PARA__L1-32.__PARA__L2-1.__PARA__L3-32.__PIPE__L0-off.__PIPE__L2-off.__TILE__L0-1.__TILE__L2-1,target,query,query,finetune_dataset,data_272.pt,285469.0,harp_hmoe_support_paired,4,50,hmoe_support_paired_seed4,2.5652611,3.302984,0.7377229000000001,0.01,0.037540488,0.027540487999999995,0.01,0.012730304,0.0027303039999999994,0.03,0.0051855147,0.024814485299999998,0.05,0.059695363,0.009695362999999999
dbb2984793e35e88,gemm-p,gemm-p,lv2:__PARA__L0-1.__PARA__L1-4.__PARA__L2-2.__PARA__L3-1.__PIPE__L0-off.__PIPE__L2-flatten.__TILE__L0-1.__TILE__L2-1,target,query,query,finetune_dataset,data_295.pt,32887.0,harp_hmoe_support_paired,4,50,hmoe_support_paired_seed4,4.1241336,4.1858635,0.06172989999999956,0.04,0.059717588,0.019717588,0.02,0.038050268,0.018050267999999998,0.02,0.05273387,0.03273387,0.01,0.011018962,0.001018962
4e891536858769de,gemm-p,gemm-p,lv2:__PARA__L0-4.__PARA__L1-16.__PARA__L2-1.__PARA__L3-1.__PIPE__L0-NA.__PIPE__L2-flatten.__TILE__L0-1.__TILE__L2-80,target,query,query,finetune_dataset,data_399.pt,33170.0,harp_hmoe_support_paired,4,50,hmoe_support_paired_seed4,4.117953,4.109014,0.008938999999999808,0.05,0.04968386,0.0003161399999999995,0.02,0.019665245,0.0003347549999999991,0.02,0.031552315,0.011552314999999997,0.05,0.032645643,0.017354357
43a1fc399c607d82,gemm-p,gemm-p,lv2:__PARA__L0-1.__PARA__L1-5.__PARA__L2-10.__PARA__L3-1.__PIPE__L0-off.__PIPE__L2-flatten.__TILE__L0-1.__TILE__L2-4,target,query,query,finetune_dataset,data_306.pt,75975.0,harp_hmoe_support_paired,4,50,hmoe_support_paired_seed4,3.5201297,3.9502997,0.43016999999999994,0.44,0.342853,0.09714699999999998,0.18,0.08160651,0.09839349,0.61,0.13770106,0.47229894,0.0,-0.000110322115,0.000110322115
9388d9bcc8c3974d,gemm-p,gemm-p,lv2:__PARA__L0-1.__PARA__L1-1.__PARA__L2-5.__PARA__L3-5.__PIPE__L0-off.__PIPE__L2-off.__TILE__L0-1.__TILE__L2-2,target,query,query,finetune_dataset,data_207.pt,520550.0,harp_hmoe_support_paired,4,50,hmoe_support_paired_seed4,2.1319096,2.8113754,0.6794658,0.01,0.06669813,0.05669812999999999,0.0,0.0093593635,0.0093593635,0.0,-0.0068863546,0.0068863546,0.03,0.0074849725,0.0225150275
5256d90470dcb20f,gemm-p,gemm-p,lv2:__PARA__L0-1.__PARA__L1-1.__PARA__L2-4.__PARA__L3-70.__PIPE__L0-off.__PIPE__L2-NA.__TILE__L0-1.__TILE__L2-1,target,query,query,finetune_dataset,data_192.pt,23947.0,harp_hmoe_support_paired,4,50,hmoe_support_paired_seed4,4.3529696,3.678291,0.6746785999999996,0.08,0.06206458,0.01793542,0.05,0.04768497,0.0023150300000000026,0.05,0.0666202,0.0166202,0.01,0.009824008,0.00017599199999999982
280681d79bcd3457,gemm-p,gemm-p,lv2:__PARA__L0-1.__PARA__L1-1.__PARA__L2-4.__PARA__L3-5.__PIPE__L0-off.__PIPE__L2-NA.__TILE__L0-1.__TILE__L2-1,target,query,query,finetune_dataset,data_184.pt,67025.0,harp_hmoe_support_paired,4,50,hmoe_support_paired_seed4,3.6105425,3.5935175,0.01702500000000029,0.05,0.073845915,0.023845914999999995,0.02,0.020704512,0.0007045120000000009,0.04,0.019973606,0.020026394,0.03,0.018960416,0.011039583999999998
3c323e9746495040,gemm-p,gemm-p,lv2:__PARA__L0-1.__PARA__L1-32.__PARA__L2-1.__PARA__L3-1.__PIPE__L0-off.__PIPE__L2-flatten.__TILE__L0-1.__TILE__L2-80,target,query,query,finetune_dataset,data_268.pt,31567.0,harp_hmoe_support_paired,4,50,hmoe_support_paired_seed4,4.1536837,4.1185055,0.035178199999999826,0.03,0.015101127,0.014898872999999998,0.02,0.013435785,0.006564215,0.04,0.057833344,0.017833344,0.05,0.039423853,0.010576147000000001
16a64917ea3821a4,gemm-p,gemm-p,lv2:__PARA__L0-1.__PARA__L1-1.__PARA__L2-2.__PARA__L3-14.__PIPE__L0-off.__PIPE__L2-off.__TILE__L0-1.__TILE__L2-1,target,query,query,finetune_dataset,data_139.pt,81670.0,harp_hmoe_support_paired,4,50,hmoe_support_paired_seed4,3.467989,3.5756304,0.10764139999999989,0.04,0.013792448,0.026207552000000002,0.02,0.02680916,0.006809159999999998,0.04,0.019889921,0.020110079,0.03,0.04553294,0.015532940000000002
ce912d6165eea1f8,gemm-p,gemm-p,lv2:__PARA__L0-1.__PARA__L1-5.__PARA__L2-4.__PARA__L3-1.__PIPE__L0-off.__PIPE__L2-flatten.__TILE__L0-1.__TILE__L2-1,target,query,query,finetune_dataset,data_315.pt,20587.0,harp_hmoe_support_paired,4,50,hmoe_support_paired_seed4,4.462025,4.3408546,0.12117039999999957,0.08,0.055608086,0.024391914,0.05,0.0948326,0.0448326,0.05,0.10589954,0.05589954,0.01,0.040427804,0.030427803999999996
cd69b23a624a35b1,gemm-p,gemm-p,lv2:__PARA__L0-2.__PARA__L1-16.__PARA__L2-10.__PARA__L3-1.__PIPE__L0-NA.__PIPE__L2-flatten.__TILE__L0-1.__TILE__L2-8,target,query,query,finetune_dataset,data_361.pt,9691.0,harp_hmoe_support_paired,4,50,hmoe_support_paired_seed4,5.005533,4.8650627,0.1404702999999996,0.23,0.24151284,0.011512839999999996,0.16,0.08634758,0.07365242000000001,0.22,0.091870934,0.128129066,0.01,-0.0045170975,0.0145170975
6906df091d6d080c,gemm-p,gemm-p,lv2:__PARA__L0-1.__PARA__L1-1.__PARA__L2-20.__PARA__L3-2.__PIPE__L0-off.__PIPE__L2-NA.__TILE__L0-1.__TILE__L2-1,target,query,query,finetune_dataset,data_162.pt,32411.0,harp_hmoe_support_paired,4,50,hmoe_support_paired_seed4,4.13465,3.8209085,0.3137414999999999,0.12,0.12080627,0.0008062699999999978,0.06,0.052519504,0.007480495999999996,0.09,0.059313506,0.030686493999999995,0.03,0.0029313564,0.027068643599999997
aa11770c6019ddae,gemm-p,gemm-p,lv2:__PARA__L0-15.__PARA__L1-32.__PARA__L2-1.__PARA__L3-1.__PIPE__L0-off.__PIPE__L2-flatten.__TILE__L0-1.__TILE__L2-80,target,query,query,finetune_dataset,data_349.pt,42692.0,harp_hmoe_support_paired,4,50,hmoe_support_paired_seed4,3.9359093,3.9330776,0.0028317000000002146,0.06,0.11666375,0.05666375,0.02,0.056212876,0.036212876000000005,0.04,0.03314194,0.006858059999999999,0.05,0.047293246,0.0027067540000000057
3bbf8f2298a825c7,gemm-p,gemm-p,lv2:__PARA__L0-10.__PARA__L1-16.__PARA__L2-16.__PARA__L3-1.__PIPE__L0-off.__PIPE__L2-flatten.__TILE__L0-1.__TILE__L2-1,target,query,query,finetune_dataset,data_332.pt,10763.0,harp_hmoe_support_paired,4,50,hmoe_support_paired_seed4,4.929852,4.8722296,0.05762240000000052,0.35,0.3213325,0.028667499999999957,0.24,0.15854533,0.08145466999999998,0.36,0.20223805,0.15776194999999998,0.01,0.0107396245,0.0007396244999999992
c8a42aba9d1cfc2f,gemm-p,gemm-p,lv2:__PARA__L0-1.__PARA__L1-1.__PARA__L2-20.__PARA__L3-14.__PIPE__L0-off.__PIPE__L2-off.__TILE__L0-1.__TILE__L2-2,target,query,query,finetune_dataset,data_161.pt,117295.0,harp_hmoe_support_paired,4,50,hmoe_support_paired_seed4,3.2068574,3.1126769,0.09418050000000022,0.08,0.038430505,0.041569495000000005,0.05,0.061807696,0.011807696,0.09,0.2737359,0.18373589999999998,0.01,-0.01968375,0.029683750000000002
af9650a8856f962e,gemm-p,gemm-p,lv2:__PARA__L0-10.__PARA__L1-32.__PARA__L2-16.__PARA__L3-1.__PIPE__L0-NA.__PIPE__L2-flatten.__TILE__L0-1.__TILE__L2-1,target,query,query,finetune_dataset,data_337.pt,10603.0,harp_hmoe_support_paired,4,50,hmoe_support_paired_seed4,4.9406557,4.6522713,0.2883844,0.35,0.314501,0.035499,0.24,0.20121583,0.03878416999999998,0.36,0.32708344,0.032916559999999984,0.01,0.01603955,0.006039549999999999
f155813f1414fb40,gemm-p,gemm-p,lv2:__PARA__L0-1.__PARA__L1-70.__PARA__L2-1.__PARA__L3-32.__PIPE__L0-off.__PIPE__L2-off.__TILE__L0-1.__TILE__L2-80,target,query,query,finetune_dataset,data_326.pt,251089.0,harp_hmoe_support_paired,4,50,hmoe_support_paired_seed4,2.6578286,2.3342783,0.3235503000000004,0.03,0.0621553,0.0321553,0.02,0.05574361,0.035743609999999995,0.08,0.17511171,0.09511171,0.04,0.03631109,0.0036889100000000036
8ba7f8ad18fb5a3e,gemm-p,gemm-p,lv2:__PARA__L0-4.__PARA__L1-16.__PARA__L2-10.__PARA__L3-1.__PIPE__L0-NA.__PIPE__L2-flatten.__TILE__L0-1.__TILE__L2-8,target,query,query,finetune_dataset,data_401.pt,10050.0,harp_hmoe_support_paired,4,50,hmoe_support_paired_seed4,4.9792943,5.0322266,0.052932300000000154,0.23,0.19501704,0.03498296000000001,0.16,0.116292775,0.043707225,0.22,0.13123348,0.08876651999999999,0.01,-0.00040278665,0.01040278665
4e1d0fbfc97b1b44,gemm-p,gemm-p,lv2:__PARA__L0-1.__PARA__L1-1.__PARA__L2-4.__PARA__L3-1.__PIPE__L0-off.__PIPE__L2-flatten.__TILE__L0-1.__TILE__L2-1,target,query,query,finetune_dataset,data_171.pt,23947.0,harp_hmoe_support_paired,4,50,hmoe_support_paired_seed4,4.3529696,4.1697626,0.18320699999999945,0.08,0.1056717,0.025671699999999992,0.05,0.090687454,0.040687454,0.05,0.100696534,0.050696534,0.01,0.03254783,0.022547829999999998
1fa67e426a30f0d1,gemm-p,gemm-p,lv2:__PARA__L0-1.__PARA__L1-1.__PARA__L2-10.__PARA__L3-2.__PIPE__L0-off.__PIPE__L2-off.__TILE__L0-1.__TILE__L2-1,target,query,query,finetune_dataset,data_110.pt,26711.0,harp_hmoe_support_paired,4,50,hmoe_support_paired_seed4,4.274175,3.8618927,0.41228229999999977,0.04,0.082424216,0.042424215999999994,0.03,0.02925736,0.0007426399999999993,0.05,0.043968886,0.006031114000000004,0.01,0.060864866,0.050864865999999995
17306fd64712dda9,gemm-p,gemm-p,lv2:__PARA__L0-1.__PARA__L1-1.__PARA__L2-10.__PARA__L3-2.__PIPE__L0-off.__PIPE__L2-NA.__TILE__L0-1.__TILE__L2-1,target,query,query,finetune_dataset,data_109.pt,47291.0,harp_hmoe_support_paired,4,50,hmoe_support_paired_seed4,3.8621094,3.5221975,0.33991190000000016,0.06,0.07241755,0.01241755,0.03,0.02480561,0.00519439,0.05,0.028050214,0.021949786000000002,0.01,0.05323559,0.04323559
c5791db1d59b0697,gemm-p,gemm-p,lv2:__PARA__L0-1.__PARA__L1-2.__PARA__L2-2.__PARA__L3-70.__PIPE__L0-off.__PIPE__L2-off.__TILE__L0-1.__TILE__L2-1,target,query,query,finetune_dataset,data_256.pt,33547.0,harp_hmoe_support_paired,4,50,hmoe_support_paired_seed4,4.1098003,3.5608368,0.5489634999999997,0.04,-0.047897276,0.087897276,0.02,0.02149171,0.0014917100000000003,0.02,0.050502807,0.030502806999999996,0.01,0.0037602931,0.0062397069
0ba8ad78eb2466e5,gemm-p,gemm-p,lv2:__PARA__L0-1.__PARA__L1-1.__PARA__L2-16.__PARA__L3-14.__PIPE__L0-off.__PIPE__L2-off.__TILE__L0-1.__TILE__L2-1,target,query,query,finetune_dataset,data_124.pt,12790.0,harp_hmoe_support_paired,4,50,hmoe_support_paired_seed4,4.805384,4.606703,0.19868099999999966,0.23,0.12479573,0.10520427000000002,0.14,0.08953118,0.05046882000000001,0.38,0.3211445,0.058855500000000005,0.01,-0.05048262,0.06048262
42bdc08a061d094f,gemm-p,gemm-p,lv2:__PARA__L0-1.__PARA__L1-2.__PARA__L2-4.__PARA__L3-1.__PIPE__L0-off.__PIPE__L2-flatten.__TILE__L0-1.__TILE__L2-1,target,query,query,finetune_dataset,data_257.pt,21847.0,harp_hmoe_support_paired,4,50,hmoe_support_paired_seed4,4.4191747,4.3606567,0.05851800000000029,0.08,0.081948094,0.0019480939999999974,0.05,0.1004979,0.0504979,0.05,0.10517487,0.05517487,0.01,0.04171717,0.031717169999999996
b3b01272ccc963fe,gemm-p,gemm-p,lv2:__PARA__L0-1.__PARA__L1-1.__PARA__L2-20.__PARA__L3-5.__PIPE__L0-off.__PIPE__L2-off.__TILE__L0-1.__TILE__L2-1,target,query,query,finetune_dataset,data_166.pt,15844.0,harp_hmoe_support_paired,4,50,hmoe_support_paired_seed4,4.6509237,4.8047314,0.15380769999999977,0.12,0.18138641,0.06138641,0.08,0.062252764,0.017747236,0.18,0.15182227,0.028177729999999984,0.02,0.021499813,0.0014998129999999991
80bca34061fd0f83,gemm-p,gemm-p,lv2:__PARA__L0-10.__PARA__L1-32.__PARA__L2-10.__PARA__L3-1.__PIPE__L0-NA.__PIPE__L2-flatten.__TILE__L0-1.__TILE__L2-8,target,query,query,finetune_dataset,data_335.pt,11083.0,harp_hmoe_support_paired,4,50,hmoe_support_paired_seed4,4.908718,4.905792,0.0029260000000004283,0.23,0.22123414,0.008765860000000014,0.16,0.13257223,0.02742776999999999,0.22,0.15948185,0.06051814999999999,0.01,0.021419346,0.011419345999999999
076e9cc6b7221822,gemm-p,gemm-p,lv2:__PARA__L0-1.__PARA__L1-4.__PARA__L2-10.__PARA__L3-1.__PIPE__L0-off.__PIPE__L2-flatten.__TILE__L0-1.__TILE__L2-8,target,query,query,finetune_dataset,data_293.pt,12187.0,harp_hmoe_support_paired,4,50,hmoe_support_paired_seed4,4.8402205,4.637849,0.20237149999999993,0.21,0.25480062,0.044800619999999985,0.15,0.11596471,0.034035289999999996,0.22,0.20393047,0.01606953,0.01,0.015206456,0.005206456
b3a849eb5888518c,gemm-p,gemm-p,lv2:__PARA__L0-1.__PARA__L1-32.__PARA__L2-16.__PARA__L3-1.__PIPE__L0-NA.__PIPE__L2-flatten.__TILE__L0-2.__TILE__L2-1,target,query,query,finetune_dataset,data_281.pt,9179.0,harp_hmoe_support_paired,4,50,hmoe_support_paired_seed4,5.0446877,4.8367615,0.20792620000000017,0.35,0.30006188,0.049938119999999975,0.24,0.14782071,0.09217929,0.36,0.25975326,0.10024674,0.01,0.024282694,0.014282694
9dac01514ca28d78,gemm-p,gemm-p,lv2:__PARA__L0-1.__PARA__L1-32.__PARA__L2-1.__PARA__L3-1.__PIPE__L0-off.__PIPE__L2-flatten.__TILE__L0-60.__TILE__L2-1,target,query,query,finetune_dataset,data_271.pt,31567.0,harp_hmoe_support_paired,4,50,hmoe_support_paired_seed4,4.1536837,4.217161,0.06347729999999974,0.03,0.06667548,0.036675479999999996,0.02,0.026981,0.006981000000000001,0.04,0.07687339,0.03687339,0.05,0.057180554,0.007180553999999999
f20696703ce2bad2,gemm-p,gemm-p,lv2:__PARA__L0-1.__PARA__L1-5.__PARA__L2-2.__PARA__L3-1.__PIPE__L0-off.__PIPE__L2-flatten.__TILE__L0-1.__TILE__L2-4,target,query,query,finetune_dataset,data_312.pt,234616.0,harp_hmoe_support_paired,4,50,hmoe_support_paired_seed4,2.7067773,2.988235,0.2814576999999998,0.2,0.17140108,0.02859892,0.03,0.02583671,0.00416329,0.02,0.024598807,0.004598807,0.01,-0.02701015,0.03701015
8d8618b306919b23,gemm-p,gemm-p,lv2:__PARA__L0-4.__PARA__L1-32.__PARA__L2-16.__PARA__L3-1.__PIPE__L0-NA.__PIPE__L2-flatten.__TILE__L0-1.__TILE__L2-1,target,query,query,finetune_dataset,data_409.pt,9506.0,harp_hmoe_support_paired,4,50,hmoe_support_paired_seed4,5.019437,4.802292,0.21714500000000037,0.35,0.2792812,0.07071879999999997,0.24,0.17967647,0.060323529999999986,0.36,0.22129571,0.13870428999999998,0.01,0.021274388,0.011274388000000002
23145cd5e1131852,gemm-p,gemm-p,lv2:__PARA__L0-1.__PARA__L1-2.__PARA__L2-1.__PARA__L3-1.__PIPE__L0-off.__PIPE__L2-flatten.__TILE__L0-1.__TILE__L2-1,target,query,query,finetune_dataset,data_240.pt,33247.0,harp_hmoe_support_paired,4,50,hmoe_support_paired_seed4,4.11628,3.711312,0.4049679999999998,0.03,0.07342618,0.043426179999999995,0.01,0.016470913,0.006470913,0.02,0.055351943,0.035351943,0.05,0.06665176,0.01665176
7b5fc2286f9afd37,gemm-p,gemm-p,lv2:__PARA__L0-12.__PARA__L1-32.__PARA__L2-1.__PARA__L3-1.__PIPE__L0-off.__PIPE__L2-flatten.__TILE__L0-1.__TILE__L2-80,target,query,query,finetune_dataset,data_341.pt,40046.0,harp_hmoe_support_paired,4,50,hmoe_support_paired_seed4,3.982063,4.077818,0.09575499999999959,0.06,0.13205105,0.07205105,0.02,0.08556107,0.06556107,0.04,0.056593567,0.016593566999999997,0.05,0.041968703,0.008031297
a7caa4bbaf5392a3,gemm-p,gemm-p,lv2:__PARA__L0-1.__PARA__L1-1.__PARA__L2-2.__PARA__L3-2.__PIPE__L0-off.__PIPE__L2-off.__TILE__L0-1.__TILE__L2-1,target,query,query,finetune_dataset,data_143.pt,154571.0,harp_hmoe_support_paired,4,50,hmoe_support_paired_seed4,3.0077932,3.1323195,0.12452629999999987,0.02,0.010326676,0.009673324,0.0,0.023514394,0.023514394,0.0,-0.007428662,0.007428662,0.01,0.010811359,0.0008113589999999993
dfe2011b7ad3bc7c,gemm-p,gemm-p,lv2:__PARA__L0-20.__PARA__L1-32.__PARA__L2-16.__PARA__L3-1.__PIPE__L0-off.__PIPE__L2-flatten.__TILE__L0-1.__TILE__L2-1,target,query,query,finetune_dataset,data_377.pt,12506.0,harp_hmoe_support_paired,4,50,hmoe_support_paired_seed4,4.821582,4.514861,0.30672100000000047,0.35,0.3413499,0.008650099999999994,0.24,0.2562067,0.01620670000000002,0.36,0.17298648,0.18701352,0.01,0.018751562,0.008751562
e25bd84c9a0fa396,gemm-p,gemm-p,lv2:__PARA__L0-1.__PARA__L1-32.__PARA__L2-10.__PARA__L3-1.__PIPE__L0-off.__PIPE__L2-flatten.__TILE__L0-4.__TILE__L2-1,target,query,query,finetune_dataset,data_279.pt,9914.0,harp_hmoe_support_paired,4,50,hmoe_support_paired_seed4,4.9891224,4.9452925,0.04382990000000042,0.23,0.2244569,0.005543100000000023,0.16,0.13451886,0.025481140000000013,0.22,0.16420576,0.055794239999999995,0.01,0.0130547285,0.0030547284999999993
5da4f0b9ddf1dc15,gemm-p,gemm-p,lv2:__PARA__L0-1.__PARA__L1-1.__PARA__L2-1.__PARA__L3-70.__PIPE__L0-off.__PIPE__L2-NA.__TILE__L0-1.__TILE__L2-1,target,query,query,finetune_dataset,data_98.pt,32530.0,harp_hmoe_support_paired,4,50,hmoe_support_paired_seed4,4.1320066,3.9970443,0.1349623000000002,0.02,0.022792868,0.0027928680000000004,0.01,0.014749471,0.004749471,0.02,-0.009687668,0.029687668,0.05,0.06011498,0.010114979999999996
4dad3dd4a98d07e4,gemm-p,gemm-p,lv2:__PARA__L0-1.__PARA__L1-1.__PARA__L2-5.__PARA__L3-5.__PIPE__L0-off.__PIPE__L2-NA.__TILE__L0-1.__TILE__L2-1,target,query,query,finetune_dataset,data_205.pt,57185.0,harp_hmoe_support_paired,4,50,hmoe_support_paired_seed4,3.7250738,3.715003,0.010070800000000268,0.05,0.086133055,0.036133055,0.02,0.021350686,0.0013506860000000002,0.05,0.017104685,0.032895315,0.03,0.024389148,0.0056108519999999995
f779ac08d7725162,gemm-p,gemm-p,lv2:__PARA__L0-30.__PARA__L1-32.__PARA__L2-1.__PARA__L3-1.__PIPE__L0-NA.__PIPE__L2-flatten.__TILE__L0-2.__TILE__L2-1,target,query,query,finetune_dataset,data_388.pt,55939.0,harp_hmoe_support_paired,4,50,hmoe_support_paired_seed4,3.740965,3.9813364,0.2403713999999999,0.06,0.0442112,0.0157888,0.02,0.05064333,0.03064333,0.04,0.09402028,0.05402028,0.05,0.16458055,0.11458054999999999
07bad97c4d4ae0a5,gemm-p,gemm-p,lv2:__PARA__L0-1.__PARA__L1-2.__PARA__L2-1.__PARA__L3-32.__PIPE__L0-off.__PIPE__L2-off.__TILE__L0-60.__TILE__L2-1,target,query,query,finetune_dataset,data_244.pt,286909.0,harp_hmoe_support_paired,4,50,hmoe_support_paired_seed4,2.5616314,2.4821856,0.07944579999999979,0.01,-0.059393134,0.069393134,0.0,-0.00450315,0.00450315,0.0,-0.016002486,0.016002486,0.05,0.049102724,0.0008972760000000024
ee665070b18c5d32,gemm-p,gemm-p,lv2:__PARA__L0-1.__PARA__L1-2.__PARA__L2-16.__PARA__L3-70.__PIPE__L0-off.__PIPE__L2-NA.__TILE__L0-1.__TILE__L2-1,target,query,query,finetune_dataset,data_252.pt,12487.0,harp_hmoe_support_paired,4,50,hmoe_support_paired_seed4,4.8226786,4.916093,0.09341440000000034,0.32,0.29072732,0.029272679999999995,0.24,0.15269846,0.08730153999999998,0.36,0.39853534,0.03853534000000003,0.01,-0.0010273837,0.0110273837
4cb8540298f01fe7,gemm-p,gemm-p,lv2:__PARA__L0-1.__PARA__L1-1.__PARA__L2-8.__PARA__L3-2.__PIPE__L0-off.__PIPE__L2-off.__TILE__L0-1.__TILE__L2-1,target,query,query,finetune_dataset,data_221.pt,30911.0,harp_hmoe_support_paired,4,50,hmoe_support_paired_seed4,4.168832,3.9126983,0.2561336999999999,0.04,0.07627981,0.03627981,0.02,0.02238125,0.002381249999999998,0.04,0.024154097,0.015845903,0.02,0.069671035,0.049671035
6aa4b8ebca535257,gemm-p,gemm-p,lv2:__PARA__L0-1.__PARA__L1-5.__PARA__L2-5.__PARA__L3-1.__PIPE__L0-off.__PIPE__L2-flatten.__TILE__L0-1.__TILE__L2-1,target,query,query,finetune_dataset,data_318.pt,15749.0,harp_hmoe_support_paired,4,50,hmoe_support_paired_seed4,4.655262,4.6858664,0.03060440000000053,0.1,0.05536168,0.04463832,0.07,0.0699029,9.710000000000274e-05,0.11,0.12995073,0.019950729999999986,0.01,0.027791023,0.017791023000000003
cd3cdb259f07b3fb,gemm-p,gemm-p,lv2:__PARA__L0-1.__PARA__L1-32.__PARA__L2-1.__PARA__L3-32.__PIPE__L0-off.__PIPE__L2-off.__TILE__L0-1.__TILE__L2-80,target,query,query,finetune_dataset,data_273.pt,285469.0,harp_hmoe_support_paired,4,50,hmoe_support_paired_seed4,2.5652611,2.831494,0.2662329000000003,0.01,0.069460444,0.059460443999999994,0.01,0.038635258,0.028635257999999997,0.03,0.072648466,0.042648465999999996,0.05,0.044808984,0.005191016
cc25fb09996cf912,gemm-p,gemm-p,lv2:__PARA__L0-1.__PARA__L1-32.__PARA__L2-1.__PARA__L3-1.__PIPE__L0-off.__PIPE__L2-flatten.__TILE__L0-2.__TILE__L2-1,target,query,query,finetune_dataset,data_269.pt,31323.0,harp_hmoe_support_paired,4,50,hmoe_support_paired_seed4,4.159281,4.020695,0.1385860000000001,0.06,0.092168264,0.032168264,0.02,0.020036522,3.652200000000064e-05,0.04,0.08313319,0.043133189999999995,0.05,0.053290233,0.0032902329999999966
062cf9172432596b,gemm-p,gemm-p,lv2:__PARA__L0-1.__PARA__L1-1.__PARA__L2-5.__PARA__L3-2.__PIPE__L0-off.__PIPE__L2-off.__TILE__L0-1.__TILE__L2-4,target,query,query,finetune_dataset,data_204.pt,886397.0,harp_hmoe_support_paired,4,50,hmoe_support_paired_seed4,1.7479516,3.1888251,1.4408735,0.01,0.039884858,0.029884858,0.0,-0.000700463,0.000700463,0.0,-0.015879545,0.015879545,0.02,0.020565033,0.0005650329999999995
8d89ea0af5f78527,gemm-p,gemm-p,lv2:__PARA__L0-10.__PARA__L1-32.__PARA__L2-1.__PARA__L3-1.__PIPE__L0-NA.__PIPE__L2-flatten.__TILE__L0-1.__TILE__L2-80,target,query,query,finetune_dataset,data_333.pt,38283.0,harp_hmoe_support_paired,4,50,hmoe_support_paired_seed4,4.01454,4.1999445,0.18540449999999975,0.06,0.091872744,0.03187274400000001,0.02,0.02411208,0.004112080000000001,0.04,0.06784484,0.027844840000000003,0.05,0.041417062,0.008582938000000005
983a5a4659353237,gemm-p,gemm-p,lv2:__PARA__L0-1.__PARA__L1-16.__PARA__L2-1.__PARA__L3-32.__PIPE__L0-off.__PIPE__L2-off.__TILE__L0-1.__TILE__L2-80,target,query,query,finetune_dataset,data_235.pt,285589.0,harp_hmoe_support_paired,4,50,hmoe_support_paired_seed4,2.5649579,3.3770704,0.8121125,0.01,0.08782964,0.07782964,0.01,0.06588209,0.05588209,0.02,0.08087829,0.06087829,0.05,0.05264166,0.002641659999999997
d346d5b7f78331b0,gemm-p,gemm-p,lv2:__PARA__L0-1.__PARA__L1-1.__PARA__L2-20.__PARA__L3-5.__PIPE__L0-off.__PIPE__L2-NA.__TILE__L0-1.__TILE__L2-1,target,query,query,finetune_dataset,data_165.pt,30184.0,harp_hmoe_support_paired,4,50,hmoe_support_paired_seed4,4.1860003,4.369662,0.18366170000000004,0.2,0.19196719,0.008032810000000001,0.1,0.06125963,0.03874037,0.19,0.1594544,0.030545600000000006,0.02,0.008274376,0.011725624
1a4493c05bc1e5d5,gemm-p,gemm-p,lv2:__PARA__L0-1.__PARA__L1-1.__PARA__L2-10.__PARA__L3-1.__PIPE__L0-off.__PIPE__L2-flatten.__TILE__L0-1.__TILE__L2-1,target,query,query,finetune_dataset,data_101.pt,14947.0,harp_hmoe_support_paired,4,50,hmoe_support_paired_seed4,4.692964,5.1594296,0.46646560000000026,0.21,0.21608627,0.006086270000000005,0.15,0.111772716,0.038227284,0.22,0.11577913,0.10422087000000001,0.01,0.0016416907,0.0083583093
d15bc24f13c0bb1d,gemm-p,gemm-p,lv2:__PARA__L0-1.__PARA__L1-1.__PARA__L2-10.__PARA__L3-2.__PIPE__L0-off.__PIPE__L2-off.__TILE__L0-1.__TILE__L2-2,target,query,query,finetune_dataset,data_111.pt,842396.0,harp_hmoe_support_paired,4,50,hmoe_support_paired_seed4,1.7846788,3.2324038,1.4477250000000002,0.01,0.034828357,0.024828356999999995,0.0,-0.016578412,0.016578412,0.0,0.0010688007,0.0010688007,0.01,0.037138462,0.027138461999999995
ee52790391382ef9,gemm-p,gemm-p,lv2:__PARA__L0-1.__PARA__L1-1.__PARA__L2-4.__PARA__L3-5.__PIPE__L0-off.__PIPE__L2-off.__TILE__L0-1.__TILE__L2-1,target,query,query,finetune_dataset,data_185.pt,28505.0,harp_hmoe_support_paired,4,50,hmoe_support_paired_seed4,4.2272844,3.9043787,0.3229057000000002,0.03,0.044596843,0.014596842999999998,0.02,0.00066763535,0.01933236465,0.03,0.008532345,0.021467655,0.03,0.034549713,0.004549713000000004
2a002c11e47adc72,gemm-p,gemm-p,lv2:__PARA__L0-1.__PARA__L1-1.__PARA__L2-1.__PARA__L3-1.__PIPE__L0-off.__PIPE__L2-flatten.__TILE__L0-1.__TILE__L2-80,target,query,query,finetune_dataset,data_78.pt,35347.0,harp_hmoe_support_paired,4,50,hmoe_support_paired_seed4,4.0720983,4.2537766,0.18167829999999974,0.03,0.045331173,0.015331173000000003,0.01,-0.0038669808,0.013866980800000001,0.02,0.012807161,0.007192839000000001,0.05,0.053899616,0.0038996159999999946
0b9da6616fcec98b,gemm-p,gemm-p,lv2:__PARA__L0-6.__PARA__L1-16.__PARA__L2-16.__PARA__L3-1.__PIPE__L0-off.__PIPE__L2-flatten.__TILE__L0-1.__TILE__L2-1,target,query,query,finetune_dataset,data_418.pt,10004.0,harp_hmoe_support_paired,4,50,hmoe_support_paired_seed4,4.9826035,4.9873037,0.004700200000000265,0.35,0.30202097,0.04797902999999998,0.24,0.1448325,0.09516749999999999,0.36,0.28544602,0.07455397999999996,0.01,0.021356285,0.011356284999999999
8fe44ff51cb16406,gemm-p,gemm-p,lv2:__PARA__L0-1.__PARA__L1-32.__PARA__L2-16.__PARA__L3-1.__PIPE__L0-off.__PIPE__L2-flatten.__TILE__L0-60.__TILE__L2-1,target,query,query,finetune_dataset,data_286.pt,10807.0,harp_hmoe_support_paired,4,50,hmoe_support_paired_seed4,4.926909,5.111561,0.18465199999999982,0.33,0.31146377,0.018536230000000042,0.24,0.1405294,0.09947059999999999,0.36,0.22040188,0.13959812,0.01,0.033489168,0.023489167999999998
4f0e57501f9fad75,gemm-p,gemm-p,lv2:__PARA__L0-3.__PARA__L1-32.__PARA__L2-10.__PARA__L3-1.__PIPE__L0-off.__PIPE__L2-flatten.__TILE__L0-1.__TILE__L2-8,target,query,query,finetune_dataset,data_383.pt,9717.0,harp_hmoe_support_paired,4,50,hmoe_support_paired_seed4,5.0036006,5.0478544,0.0442537999999999,0.23,0.24602705,0.016027049999999987,0.16,0.09446418,0.06553582000000001,0.22,0.07056573,0.14943427,0.01,0.023794204,0.013794204
7d58e379a85d0088,gemm-p,gemm-p,lv2:__PARA__L0-1.__PARA__L1-5.__PARA__L2-1.__PARA__L3-1.__PIPE__L0-off.__PIPE__L2-flatten.__TILE__L0-1.__TILE__L2-8,target,query,query,finetune_dataset,data_302.pt,231615.0,harp_hmoe_support_paired,4,50,hmoe_support_paired_seed4,2.7160637,2.8175185,0.10145479999999996,0.19,-0.0027536987,0.1927536987,0.02,0.01917458,0.0008254200000000003,0.02,0.01628843,0.003711570000000001,0.04,0.057958007,0.017958006999999998
f8bdf0220b8efd35,gemm-p,gemm-p,lv2:__PARA__L0-1.__PARA__L1-1.__PARA__L2-2.__PARA__L3-2.__PIPE__L0-off.__PIPE__L2-off.__TILE__L0-1.__TILE__L2-4,target,query,query,finetune_dataset,data_145.pt,1459866.0,harp_hmoe_support_paired,4,50,hmoe_support_paired_seed4,1.388046,2.2521982,0.8641522000000001,0.0,0.04993408,0.04993408,0.0,-0.0045189927,0.0045189927,0.0,-0.014362416,0.014362416,0.01,-0.029663524,0.039663524
6608e886ce7e9d0a,gemm-p,gemm-p,lv2:__PARA__L0-6.__PARA__L1-32.__PARA__L2-10.__PARA__L3-1.__PIPE__L0-off.__PIPE__L2-flatten.__TILE__L0-1.__TILE__L2-8,target,query,query,finetune_dataset,data_422.pt,10292.0,harp_hmoe_support_paired,4,50,hmoe_support_paired_seed4,4.9621305,5.1446,0.18246949999999984,0.23,0.26620728,0.03620727999999998,0.16,0.14385879,0.016141210000000017,0.22,0.13503423,0.08496577,0.01,0.022183537,0.012183537
7c87dea76316e9b0,gemm-p,gemm-p,lv2:__PARA__L0-1.__PARA__L1-1.__PARA__L2-2.__PARA__L3-14.__PIPE__L0-off.__PIPE__L2-off.__TILE__L0-1.__TILE__L2-2,target,query,query,finetune_dataset,data_140.pt,343565.0,harp_hmoe_support_paired,4,50,hmoe_support_paired_seed4,2.4316366,2.078425,0.35321159999999985,0.01,0.035341315,0.025341314999999996,0.0,0.0023463406,0.0023463406,0.0,0.019317955,0.019317955,0.03,-0.040271305,0.070271305
63c35478c8f59ccd,gemm-p,gemm-p,lv2:__PARA__L0-1.__PARA__L1-1.__PARA__L2-2.__PARA__L3-10.__PIPE__L0-off.__PIPE__L2-off.__TILE__L0-1.__TILE__L2-4,target,query,query,finetune_dataset,data_137.pt,328805.0,harp_hmoe_support_paired,4,50,hmoe_support_paired_seed4,2.463312,2.3811777,0.08213430000000033,0.01,0.0063974187,0.0036025813,0.0,0.011633638,0.011633638,0.0,-0.0171224,0.0171224,0.02,0.048344433,0.028344433
0316df0ba1e1469b,gemm-p,gemm-p,lv2:__PARA__L0-1.__PARA__L1-1.__PARA__L2-4.__PARA__L3-2.__PIPE__L0-off.__PIPE__L2-off.__TILE__L0-1.__TILE__L2-1,target,query,query,finetune_dataset,data_181.pt,51551.0,harp_hmoe_support_paired,4,50,hmoe_support_paired_seed4,3.799892,3.7966223,0.003269699999999709,0.02,0.020649843,0.0006498430000000006,0.01,-0.009904241,0.019904241,0.02,-0.0055646463,0.0255646463,0.02,0.036348015,0.016348014999999997
aac0800511161706,gemm-p,gemm-p,lv2:__PARA__L0-1.__PARA__L1-1.__PARA__L2-5.__PARA__L3-14.__PIPE__L0-off.__PIPE__L2-NA.__TILE__L0-1.__TILE__L2-1,target,query,query,finetune_dataset,data_198.pt,54212.0,harp_hmoe_support_paired,4,50,hmoe_support_paired_seed4,3.763586,4.548689,0.7851030000000003,0.11,0.07265859,0.037341410000000005,0.05,0.05288166,0.0028816599999999942,0.12,0.11220834,0.007791659999999992,0.04,0.037286103,0.002713897
82da06d1f16f28a6,gemm-p,gemm-p,lv2:__PARA__L0-20.__PARA__L1-16.__PARA__L2-16.__PARA__L3-1.__PIPE__L0-off.__PIPE__L2-flatten.__TILE__L0-1.__TILE__L2-1,target,query,query,finetune_dataset,data_371.pt,12706.0,harp_hmoe_support_paired,4,50,hmoe_support_paired_seed4,4.8101373,4.6403656,0.16977170000000008,0.35,0.33669418,0.013305819999999968,0.24,0.25517225,0.015172249999999998,0.36,0.21145484,0.14854515999999998,0.01,-0.0032387862,0.0132387862
98d13b347efbf055,gemm-p,gemm-p,lv2:__PARA__L0-1.__PARA__L1-5.__PARA__L2-1.__PARA__L3-1.__PIPE__L0-off.__PIPE__L2-flatten.__TILE__L0-1.__TILE__L2-1,target,query,query,finetune_dataset,data_299.pt,31987.0,harp_hmoe_support_paired,4,50,hmoe_support_paired_seed4,4.1441493,3.785806,0.3583432999999996,0.03,0.08090418,0.05090418000000001,0.01,0.011965517,0.001965517,0.02,0.05365619,0.03365619,0.05,0.063768536,0.013768535999999998
86d80ae4935ea3f4,gemm-p,gemm-p,lv2:__PARA__L0-5.__PARA__L1-16.__PARA__L2-16.__PARA__L3-1.__PIPE__L0-off.__PIPE__L2-flatten.__TILE__L0-1.__TILE__L2-1,target,query,query,finetune_dataset,data_411.pt,9820.0,harp_hmoe_support_paired,4,50,hmoe_support_paired_seed4,4.9959946,4.944769,0.051225600000000426,0.35,0.27847356,0.07152643999999997,0.24,0.1419597,0.0980403,0.36,0.21985015,0.14014985,0.01,0.022228181,0.012228181
2290deff8cb38c64,gemm-p,gemm-p,lv2:__PARA__L0-1.__PARA__L1-5.__PARA__L2-16.__PARA__L3-1.__PIPE__L0-off.__PIPE__L2-flatten.__TILE__L0-1.__TILE__L2-4,target,query,query,finetune_dataset,data_309.pt,65899.0,harp_hmoe_support_paired,4,50,hmoe_support_paired_seed4,3.6227639,3.6408029,0.01803900000000036,0.38,0.25897402,0.12102597999999998,0.03,0.06555551,0.03555551,0.02,0.032048136,0.012048135999999997,0.02,0.010416985,0.009583015
2e5b78aa62dc3423,gemm-p,gemm-p,lv2:__PARA__L0-12.__PARA__L1-32.__PARA__L2-16.__PARA__L3-1.__PIPE__L0-off.__PIPE__L2-flatten.__TILE__L0-1.__TILE__L2-1,target,query,query,finetune_dataset,data_345.pt,10982.0,harp_hmoe_support_paired,4,50,hmoe_support_paired_seed4,4.915322,4.7664804,0.1488415999999999,0.35,0.3063349,0.04366509999999996,0.24,0.16374786,0.07625214,0.36,0.17390773,0.18609226999999998,0.01,0.019380748,0.009380748
80c3e447e75f60fb,gemm-p,gemm-p,lv2:__PARA__L0-1.__PARA__L1-1.__PARA__L2-4.__PARA__L3-2.__PIPE__L0-off.__PIPE__L2-off.__TILE__L0-1.__TILE__L2-2,target,query,query,finetune_dataset,data_182.pt,1354866.0,harp_hmoe_support_paired,4,50,hmoe_support_paired_seed4,1.4418889,2.7654355,1.3235466000000002,0.01,0.026306085,0.016306084999999998,0.0,-0.041089803,0.041089803,0.0,0.0115656555,0.0115656555,0.02,0.011488974,0.008511026
cb44bd110671dfb6,gemm-p,gemm-p,lv2:__PARA__L0-1.__PARA__L1-1.__PARA__L2-1.__PARA__L3-5.__PIPE__L0-off.__PIPE__L2-off.__TILE__L0-1.__TILE__L2-2,target,query,query,finetune_dataset,data_93.pt,570770.0,harp_hmoe_support_paired,4,50,hmoe_support_paired_seed4,2.0654733,1.949141,0.11633229999999983,0.01,0.014031939,0.004031939,0.0,0.009886209,0.009886209,0.0,0.0017967522,0.0017967522,0.02,0.0008701086,0.0191298914
a8d1f1840483035f,gemm-p,gemm-p,lv2:__PARA__L0-1.__PARA__L1-5.__PARA__L2-2.__PARA__L3-1.__PIPE__L0-off.__PIPE__L2-flatten.__TILE__L0-1.__TILE__L2-2,target,query,query,finetune_dataset,data_311.pt,425416.0,harp_hmoe_support_paired,4,50,hmoe_support_paired_seed4,2.2774909,1.4969175,0.7805734000000002,0.2,0.5124441,0.31244409999999995,0.03,0.20665987,0.17665987,0.02,0.13795176,0.11795176,0.01,-0.067926206,0.077926206
ad87ec7f414fbe82,gemm-p,gemm-p,lv2:__PARA__L0-2.__PARA__L1-32.__PARA__L2-10.__PARA__L3-1.__PIPE__L0-NA.__PIPE__L2-flatten.__TILE__L0-1.__TILE__L2-8,target,query,query,finetune_dataset,data_367.pt,9563.0,harp_hmoe_support_paired,4,50,hmoe_support_paired_seed4,5.0151243,4.9702415,0.04488279999999989,0.23,0.26609272,0.036092719999999995,0.16,0.07723248,0.08276752,0.22,0.08029184,0.13970816,0.01,0.017725408,0.007725408000000001
43d18c5165979f67,gemm-p,gemm-p,lv2:__PARA__L0-1.__PARA__L1-1.__PARA__L2-1.__PARA__L3-1.__PIPE__L0-off.__PIPE__L2-off.__TILE__L0-1.__TILE__L2-1,target,query,query,finetune_dataset,data_79.pt,461231.0,harp_hmoe_support_paired,4,50,hmoe_support_paired_seed4,2.2191834,2.028113,0.19107040000000008,0.0,0.080518894,0.080518894,0.0,0.00662506,0.00662506,0.0,-0.028326262,0.028326262,0.01,0.022353351,0.012353351
539dbea26e2d76bb,gemm-p,gemm-p,lv2:__PARA__L0-15.__PARA__L1-32.__PARA__L2-16.__PARA__L3-1.__PIPE__L0-off.__PIPE__L2-flatten.__TILE__L0-4.__TILE__L2-1,target,query,query,finetune_dataset,data_358.pt,11552.0,harp_hmoe_support_paired,4,50,hmoe_support_paired_seed4,4.878821,4.8883467,0.009525699999999304,0.35,0.29821187,0.05178812999999999,0.24,0.17220032,0.06779968,0.36,0.35529166,0.0047083399999999775,0.01,0.0206815,0.010681499999999998
c72435dad60775dc,gemm-p,gemm-p,lv2:__PARA__L0-1.__PARA__L1-1.__PARA__L2-2.__PARA__L3-5.__PIPE__L0-off.__PIPE__L2-off.__TILE__L0-1.__TILE__L2-1,target,query,query,finetune_dataset,data_147.pt,106325.0,harp_hmoe_support_paired,4,50,hmoe_support_paired_seed4,3.2776875,3.3329694,0.05528190000000022,0.02,-0.0069970195,0.0269970195,0.01,0.011916105,0.0019161049999999995,0.01,0.001305908,0.008694092,0.03,0.00890401,0.02109599
6c54beba2b4ed543,gemm-p,gemm-p,lv2:__PARA__L0-6.__PARA__L1-32.__PARA__L2-16.__PARA__L3-1.__PIPE__L0-NA.__PIPE__L2-flatten.__TILE__L0-1.__TILE__L2-1,target,query,query,finetune_dataset,data_423.pt,9860.0,harp_hmoe_support_paired,4,50,hmoe_support_paired_seed4,4.9930625,4.8770638,0.11599869999999957,0.35,0.31913155,0.03086844999999999,0.24,0.21965656,0.02034343999999999,0.36,0.24382618,0.11617381999999998,0.01,0.02004069,0.01004069
eb5b77491060db4d,gemm-p,gemm-p,lv2:__PARA__L0-15.__PARA__L1-32.__PARA__L2-10.__PARA__L3-1.__PIPE__L0-NA.__PIPE__L2-flatten.__TILE__L0-4.__TILE__L2-1,target,query,query,finetune_dataset,data_352.pt,12092.0,harp_hmoe_support_paired,4,50,hmoe_support_paired_seed4,4.8458657,4.793044,0.05282169999999997,0.23,0.2082197,0.021780300000000002,0.16,0.129296,0.03070400000000001,0.22,0.17599037,0.044009629999999994,0.01,0.010511577,0.0005115769999999992
8182068f572e5954,gemm-p,gemm-p,lv2:__PARA__L0-1.__PARA__L1-1.__PARA__L2-8.__PARA__L3-5.__PIPE__L0-off.__PIPE__L2-off.__TILE__L0-1.__TILE__L2-1,target,query,query,finetune_dataset,data_224.pt,20465.0,harp_hmoe_support_paired,4,50,hmoe_support_paired_seed4,4.466313,4.1517773,0.3145357000000004,0.05,0.10102122,0.05102121999999999,0.03,0.028126363,0.0018736369999999974,0.07,0.01600489,0.053995110000000006,0.04,0.05820048,0.018200479999999998
c6e49ec4b4435aed,gemm-p,gemm-p,lv2:__PARA__L0-15.__PARA__L1-32.__PARA__L2-16.__PARA__L3-1.__PIPE__L0-NA.__PIPE__L2-flatten.__TILE__L0-4.__TILE__L2-1,target,query,query,finetune_dataset,data_356.pt,11552.0,harp_hmoe_support_paired,4,50,hmoe_support_paired_seed4,4.878821,4.7109585,0.16786250000000003,0.35,0.28563082,0.06436917999999997,0.24,0.17165089,0.06834910999999999,0.36,0.32508612,0.03491388000000001,0.01,0.014450729,0.0044507290000000005
92aa6f350cc3d58e,gemm-p,gemm-p,lv2:__PARA__L0-3.__PARA__L1-32.__PARA__L2-10.__PARA__L3-1.__PIPE__L0-NA.__PIPE__L2-flatten.__TILE__L0-1.__TILE__L2-8,target,query,query,finetune_dataset,data_382.pt,9717.0,harp_hmoe_support_paired,4,50,hmoe_support_paired_seed4,5.0036006,4.94853,0.055070600000000525,0.23,0.23650736,0.00650735999999999,0.16,0.10198009,0.05801991000000001,0.22,0.08528268,0.13471732,0.01,0.015939891,0.005939891000000001
3abca6a56e6f2142,gemm-p,gemm-p,lv2:__PARA__L0-1.__PARA__L1-8.__PARA__L2-16.__PARA__L3-1.__PIPE__L0-off.__PIPE__L2-flatten.__TILE__L0-1.__TILE__L2-1,target,query,query,finetune_dataset,data_331.pt,11167.0,harp_hmoe_support_paired,4,50,hmoe_support_paired_seed4,4.903271,4.731653,0.1716180000000005,0.32,0.3569197,0.0369197,0.24,0.19279683,0.04720316999999999,0.36,0.19941619,0.16058381,0.01,0.017207056,0.007207055999999998
383353e3b882b145,gemm-p,gemm-p,lv2:__PARA__L0-1.__PARA__L1-2.__PARA__L2-1.__PARA__L3-32.__PIPE__L0-off.__PIPE__L2-off.__TILE__L0-1.__TILE__L2-1,target,query,query,finetune_dataset,data_242.pt,286909.0,harp_hmoe_support_paired,4,50,hmoe_support_paired_seed4,2.5616314,2.5019262,0.05970519999999979,0.01,-0.04616938,0.056169380000000005,0.0,-0.008251052,0.008251052,0.0,-0.012337626,0.012337626,0.05,0.04871458,0.0012854200000000024
959efd0cce53df30,gemm-p,gemm-p,lv2:__PARA__L0-30.__PARA__L1-32.__PARA__L2-16.__PARA__L3-1.__PIPE__L0-off.__PIPE__L2-flatten.__TILE__L0-1.__TILE__L2-1,target,query,query,finetune_dataset,data_397.pt,14419.0,harp_hmoe_support_paired,4,50,hmoe_support_paired_seed4,4.7189064,4.336137,0.3827693999999999,0.35,0.33894497,0.011055029999999966,0.24,0.26670152,0.026701520000000034,0.36,0.20757723,0.15242276999999999,0.01,0.065214306,0.055214306
db7da4b4c353bdb1,gemm-p,gemm-p,lv2:__PARA__L0-1.__PARA__L1-4.__PARA__L2-16.__PARA__L3-1.__PIPE__L0-off.__PIPE__L2-flatten.__TILE__L0-1.__TILE__L2-1,target,query,query,finetune_dataset,data_294.pt,11827.0,harp_hmoe_support_paired,4,50,hmoe_support_paired_seed4,4.8618503,4.7847443,0.07710600000000056,0.32,0.3426016,0.0226016,0.24,0.1828832,0.057116799999999995,0.36,0.175342,0.184658,0.01,0.01630193,0.006301929999999999
e6fc07ef29cf871c,gemm-p,gemm-p,lv2:__PARA__L0-1.__PARA__L1-32.__PARA__L2-10.__PARA__L3-1.__PIPE__L0-off.__PIPE__L2-flatten.__TILE__L0-2.__TILE__L2-1,target,query,query,finetune_dataset,data_278.pt,9563.0,harp_hmoe_support_paired,4,50,hmoe_support_paired_seed4,5.0151243,4.8319063,0.1832180000000001,0.23,0.22117776,0.008822240000000009,0.16,0.12113464,0.03886536,0.22,0.16063139,0.05936860999999999,0.01,0.015653372,0.0056533719999999985
2d2deba5a323b304,gemm-p,gemm-p,lv2:__PARA__L0-5.__PARA__L1-32.__PARA__L2-16.__PARA__L3-1.__PIPE__L0-NA.__PIPE__L2-flatten.__TILE__L0-1.__TILE__L2-1,target,query,query,finetune_dataset,data_416.pt,9680.0,harp_hmoe_support_paired,4,50,hmoe_support_paired_seed4,5.006353,4.850259,0.1560939999999995,0.35,0.2968287,0.05317129999999998,0.24,0.2057575,0.03424249999999998,0.36,0.22618046,0.13381954,0.01,0.020674646,0.010674646000000001
36677464ca0ecb4d,gemm-p,gemm-p,lv2:__PARA__L0-1.__PARA__L1-16.__PARA__L2-1.__PARA__L3-32.__PIPE__L0-off.__PIPE__L2-off.__TILE__L0-1.__TILE__L2-1,target,query,query,finetune_dataset,data_234.pt,285589.0,harp_hmoe_support_paired,4,50,hmoe_support_paired_seed4,2.5649579,3.4252331,0.8602751999999998,0.01,0.07287686,0.06287686,0.01,0.03106517,0.02106517,0.02,0.05010411,0.03010411,0.05,0.03833437,0.011665630000000003
392ecd77c14e7fb5,gemm-p,gemm-p,lv2:__PARA__L0-3.__PARA__L1-32.__PARA__L2-1.__PARA__L3-1.__PIPE__L0-NA.__PIPE__L2-flatten.__TILE__L0-1.__TILE__L2-80,target,query,query,finetune_dataset,data_380.pt,32157.0,harp_hmoe_support_paired,4,50,hmoe_support_paired_seed4,4.1403255,4.1101255,0.03020000000000067,0.06,0.0312789,0.0287211,0.02,0.013071958,0.006928042000000001,0.04,0.044166446,0.004166445999999997,0.05,0.04500869,0.004991310000000006
08c0db4b86809ca1,gemm-p,gemm-p,lv2:__PARA__L0-2.__PARA__L1-32.__PARA__L2-16.__PARA__L3-1.__PIPE__L0-off.__PIPE__L2-flatten.__TILE__L0-1.__TILE__L2-1,target,query,query,finetune_dataset,data_370.pt,9179.0,harp_hmoe_support_paired,4,50,hmoe_support_paired_seed4,5.0446877,4.712719,0.3319687,0.35,0.26357573,0.08642426999999997,0.24,0.068106025,0.17189397499999998,0.36,0.061332434,0.298667566,0.01,0.04526961,0.03526961
084cdd7b355296ae,gemm-p,gemm-p,lv2:__PARA__L0-1.__PARA__L1-2.__PARA__L2-8.__PARA__L3-1.__PIPE__L0-off.__PIPE__L2-flatten.__TILE__L0-1.__TILE__L2-1,target,query,query,finetune_dataset,data_263.pt,13387.0,harp_hmoe_support_paired,4,50,hmoe_support_paired_seed4,4.7724757,5.18252,0.41004430000000003,0.17,0.14579332,0.024206680000000008,0.12,0.08556557,0.03443443,0.18,0.10367045,0.07632955,0.01,0.0092920065,0.0007079935000000002
ef36d8bab41db1c1,gemm-p,gemm-p,lv2:__PARA__L0-1.__PARA__L1-1.__PARA__L2-10.__PARA__L3-7.__PIPE__L0-off.__PIPE__L2-off.__TILE__L0-1.__TILE__L2-1,target,query,query,finetune_dataset,data_116.pt,16743.0,harp_hmoe_support_paired,4,50,hmoe_support_paired_seed4,4.611113,4.4469004,0.16421259999999993,0.08,0.14301115,0.06301115,0.05,0.08056849,0.030568490000000004,0.12,0.121986955,0.0019869549999999986,0.04,0.055445492,0.015445491999999998
f90613c81f2f84b3,gemm-p,gemm-p,lv2:__PARA__L0-1.__PARA__L1-1.__PARA__L2-8.__PARA__L3-7.__PIPE__L0-off.__PIPE__L2-off.__TILE__L0-1.__TILE__L2-2,target,query,query,finetune_dataset,data_228.pt,292908.0,harp_hmoe_support_paired,4,50,hmoe_support_paired_seed4,2.5467043,3.09384,0.5471357000000001,0.02,0.028328829,0.008328829,0.01,0.0038427152,0.0061572848,0.02,0.006843537,0.013156463,0.04,0.041169286,0.0011692859999999985
8549252cb5d872bf,gemm-p,gemm-p,lv2:__PARA__L0-1.__PARA__L1-1.__PARA__L2-20.__PARA__L3-14.__PIPE__L0-off.__PIPE__L2-off.__TILE__L0-1.__TILE__L2-1,target,query,query,finetune_dataset,data_160.pt,12790.0,harp_hmoe_support_paired,4,50,hmoe_support_paired_seed4,4.805384,4.1850224,0.6203615999999998,0.3,0.12537163,0.17462836999999998,0.19,0.084456205,0.105543795,0.47,0.2667555,0.2032445,0.01,-0.043514304,0.053514304
c54c0bb4e3c4346a,gemm-p,gemm-p,lv2:__PARA__L0-1.__PARA__L1-1.__PARA__L2-4.__PARA__L3-7.__PIPE__L0-off.__PIPE__L2-NA.__TILE__L0-1.__TILE__L2-1,target,query,query,finetune_dataset,data_188.pt,64384.0,harp_hmoe_support_paired,4,50,hmoe_support_paired_seed4,3.6395411,3.7541008,0.1145596999999996,0.06,0.07834201,0.018342010000000006,0.03,0.02856708,0.0014329199999999973,0.05,0.025811166,0.024188834000000003,0.03,0.021894991,0.008105009
ea3874af8c10f66f,gemm-p,gemm-p,lv2:__PARA__L0-1.__PARA__L1-4.__PARA__L2-10.__PARA__L3-1.__PIPE__L0-off.__PIPE__L2-flatten.__TILE__L0-1.__TILE__L2-1,target,query,query,finetune_dataset,data_292.pt,12187.0,harp_hmoe_support_paired,4,50,hmoe_support_paired_seed4,4.8402205,4.9199286,0.07970810000000039,0.21,0.21228868,0.002288680000000015,0.15,0.13709062,0.012909379999999998,0.22,0.14034423,0.07965577000000001,0.01,0.0058313906,0.0041686094
2f852363af8edda9,gemm-p,gemm-p,lv2:__PARA__L0-1.__PARA__L1-1.__PARA__L2-1.__PARA__L3-2.__PIPE__L0-off.__PIPE__L2-off.__TILE__L0-1.__TILE__L2-2,target,query,query,finetune_dataset,data_88.pt,1354136.0,harp_hmoe_support_paired,4,50,hmoe_support_paired_seed4,1.4422777,1.9487157,0.5064379999999999,0.01,0.03223031,0.022230309999999996,0.0,0.002392117,0.002392117,0.0,-0.0048714746,0.0048714746,0.01,0.015325248,0.0053252479999999994
a041a0b04cb7eb40,gemm-p,gemm-p,lv2:__PARA__L0-1.__PARA__L1-4.__PARA__L2-1.__PARA__L3-1.__PIPE__L0-off.__PIPE__L2-flatten.__TILE__L0-1.__TILE__L2-1,target,query,query,finetune_dataset,data_287.pt,32587.0,harp_hmoe_support_paired,4,50,hmoe_support_paired_seed4,4.130744,3.7779124,0.3528316,0.03,0.07915383,0.049153829999999996,0.01,0.009886328,0.00011367200000000043,0.02,0.054255337,0.034255337,0.05,0.06771952,0.017719520000000002
a3d4be369c427331,gemm-p,gemm-p,lv2:__PARA__L0-1.__PARA__L1-1.__PARA__L2-10.__PARA__L3-70.__PIPE__L0-off.__PIPE__L2-off.__TILE__L0-1.__TILE__L2-1,target,query,query,finetune_dataset,data_119.pt,14947.0,harp_hmoe_support_paired,4,50,hmoe_support_paired_seed4,4.692964,4.40277,0.2901939999999996,0.21,0.15222973,0.057770269999999985,0.15,0.110774815,0.039225184999999996,0.22,0.17981121,0.04018879,0.01,0.004510939,0.005489061
c61aaebe669746f1,gemm-p,gemm-p,lv2:__PARA__L0-2.__PARA__L1-32.__PARA__L2-16.__PARA__L3-1.__PIPE__L0-NA.__PIPE__L2-flatten.__TILE__L0-1.__TILE__L2-1,target,query,query,finetune_dataset,data_369.pt,9179.0,harp_hmoe_support_paired,4,50,hmoe_support_paired_seed4,5.0446877,4.951722,0.0929656999999997,0.35,0.29205877,0.057941229999999955,0.24,0.10446435,0.13553565,0.36,0.10179761,0.25820239,0.01,0.031649023,0.021649022999999996
6a48c75fc069f0a2,gemm-p,gemm-p,lv2:__PARA__L0-1.__PARA__L1-4.__PARA__L2-1.__PARA__L3-32.__PIPE__L0-off.__PIPE__L2-off.__TILE__L0-1.__TILE__L2-80,target,query,query,finetune_dataset,data_290.pt,286369.0,harp_hmoe_support_paired,4,50,hmoe_support_paired_seed4,2.5629904,2.3563313,0.20665909999999998,0.01,-0.002552175,0.012552175,0.0,0.026876453,0.026876453,0.0,0.03020215,0.03020215,0.05,0.051086813,0.001086812999999999
ee521b66d72488d4,gemm-p,gemm-p,lv2:__PARA__L0-1.__PARA__L1-1.__PARA__L2-8.__PARA__L3-2.__PIPE__L0-off.__PIPE__L2-off.__TILE__L0-1.__TILE__L2-2,target,query,query,finetune_dataset,data_222.pt,913796.0,harp_hmoe_support_paired,4,50,hmoe_support_paired_seed4,1.7259921,3.045399,1.3194069000000002,0.01,0.06965523,0.05965523,0.0,0.0004448928,0.0004448928,0.0,0.011955082,0.011955082,0.02,0.03178072,0.011780719999999998
d6ceeb99601c9668,gemm-p,gemm-p,lv2:__PARA__L0-20.__PARA__L1-32.__PARA__L2-16.__PARA__L3-1.__PIPE__L0-NA.__PIPE__L2-flatten.__TILE__L0-1.__TILE__L2-1,target,query,query,finetune_dataset,data_376.pt,12506.0,harp_hmoe_support_paired,4,50,hmoe_support_paired_seed4,4.821582,4.4730215,0.3485605000000005,0.35,0.29195064,0.058049359999999994,0.24,0.29942852,0.059428519999999985,0.36,0.34818557,0.011814429999999987,0.01,0.022841334,0.012841334000000001
685dc85ed3de4aaf,gemm-p,gemm-p,lv2:__PARA__L0-12.__PARA__L1-32.__PARA__L2-10.__PARA__L3-1.__PIPE__L0-off.__PIPE__L2-flatten.__TILE__L0-1.__TILE__L2-8,target,query,query,finetune_dataset,data_343.pt,11486.0,harp_hmoe_support_paired,4,50,hmoe_support_paired_seed4,4.882954,4.8382616,0.04469239999999974,0.23,0.18128663,0.048713370000000006,0.16,0.04697192,0.11302808,0.22,0.09994337,0.12005663,0.01,0.021203041,0.011203040999999999
3e229f230250c38c,gemm-p,gemm-p,lv2:__PARA__L0-1.__PARA__L1-2.__PARA__L2-8.__PARA__L3-70.__PIPE__L0-off.__PIPE__L2-off.__TILE__L0-1.__TILE__L2-1,target,query,query,finetune_dataset,data_265.pt,13387.0,harp_hmoe_support_paired,4,50,hmoe_support_paired_seed4,4.7724757,3.4658105,1.3066652000000003,0.17,0.10052507,0.06947493000000002,0.12,0.09195873,0.028041269999999993,0.18,0.21162137,0.03162137000000001,0.01,0.009570658,0.00042934200000000096
11afce2ecc6de15c,gemm-p,gemm-p,lv2:__PARA__L0-1.__PARA__L1-1.__PARA__L2-10.__PARA__L3-10.__PIPE__L0-off.__PIPE__L2-off.__TILE__L0-1.__TILE__L2-1,target,query,query,finetune_dataset,data_104.pt,12550.0,harp_hmoe_support_paired,4,50,hmoe_support_paired_seed4,4.8190484,4.4640026,0.3550458000000001,0.11,0.15822572,0.048225719999999986,0.07,0.12690297,0.05690297,0.17,0.11569539,0.05430461000000002,0.01,0.049791813,0.039791812999999995
a99f3ca11b317ea1,gemm-p,gemm-p,lv2:__PARA__L0-2.__PARA__L1-16.__PARA__L2-16.__PARA__L3-1.__PIPE__L0-off.__PIPE__L2-flatten.__TILE__L0-1.__TILE__L2-1,target,query,query,finetune_dataset,data_364.pt,9307.0,harp_hmoe_support_paired,4,50,hmoe_support_paired_seed4,5.034698,4.7747707,0.2599272999999993,0.35,0.25564533,0.09435466999999997,0.24,0.069015324,0.170984676,0.36,0.06888357,0.29111643,0.01,0.034150153,0.024150153
213cd979bba3abbb,gemm-p,gemm-p,lv2:__PARA__L0-1.__PARA__L1-1.__PARA__L2-1.__PARA__L3-10.__PIPE__L0-off.__PIPE__L2-off.__TILE__L0-1.__TILE__L2-4,target,query,query,finetune_dataset,data_82.pt,436495.0,harp_hmoe_support_paired,4,50,hmoe_support_paired_seed4,2.2589455,2.3799162,0.12097069999999999,0.01,0.0035403296,0.006459670400000001,0.0,-0.00073340075,0.00073340075,0.0,-0.015096823,0.015096823,0.02,0.07108551,0.05108551
49a327056510f08f,gemm-p,gemm-p,lv2:__PARA__L0-1.__PARA__L1-2.__PARA__L2-4.__PARA__L3-70.__PIPE__L0-off.__PIPE__L2-NA.__TILE__L0-1.__TILE__L2-1,target,query,query,finetune_dataset,data_258.pt,21847.0,harp_hmoe_support_paired,4,50,hmoe_support_paired_seed4,4.4191747,3.7502644,0.6689103000000003,0.08,0.052038126,0.027961874000000005,0.05,0.05415583,0.004155829999999999,0.05,0.08890641,0.03890641,0.01,0.009855628,0.00014437200000000025
f58d119853628e07,gemm-p,gemm-p,lv2:__PARA__L0-1.__PARA__L1-2.__PARA__L2-2.__PARA__L3-1.__PIPE__L0-off.__PIPE__L2-flatten.__TILE__L0-1.__TILE__L2-1,target,query,query,finetune_dataset,data_254.pt,33547.0,harp_hmoe_support_paired,4,50,hmoe_support_paired_seed4,4.1098003,4.130209,0.020408699999999946,0.04,0.061013155,0.021013155,0.02,0.048835967,0.028835967,0.02,0.055116862,0.035116862,0.01,0.018660635,0.008660634999999998
bc0b4a3eb203b33e,gemm-p,gemm-p,lv2:__PARA__L0-1.__PARA__L1-1.__PARA__L2-2.__PARA__L3-5.__PIPE__L0-off.__PIPE__L2-off.__TILE__L0-1.__TILE__L2-4,target,query,query,finetune_dataset,data_149.pt,618060.0,harp_hmoe_support_paired,4,50,hmoe_support_paired_seed4,2.0080547,2.1687455,0.1606907999999998,0.01,0.008807354,0.0011926460000000003,0.0,-0.0130114155,0.0130114155,0.0,-0.01916524,0.01916524,0.03,-0.003667913,0.033667913
0672e73f8bfbb77c,gemm-p,gemm-p,lv2:__PARA__L0-1.__PARA__L1-14.__PARA__L2-1.__PARA__L3-32.__PIPE__L0-off.__PIPE__L2-off.__TILE__L0-1.__TILE__L2-1,target,query,query,finetune_dataset,data_232.pt,285169.0,harp_hmoe_support_paired,4,50,hmoe_support_paired_seed4,2.5660195,3.2035747,0.6375552,0.02,0.061042838,0.041042838,0.01,0.024880175,0.014880175,0.01,0.037733763,0.027733762999999995,0.05,0.041804105,0.008195895000000002
8951b788629b4d4d,gemm-p,gemm-p,lv2:__PARA__L0-1.__PARA__L1-1.__PARA__L2-4.__PARA__L3-7.__PIPE__L0-off.__PIPE__L2-off.__TILE__L0-1.__TILE__L2-2,target,query,query,finetune_dataset,data_190.pt,433979.0,harp_hmoe_support_paired,4,50,hmoe_support_paired_seed4,2.2631154,2.5938423,0.3307268999999997,0.01,0.03245049,0.022450489999999997,0.0,-0.025783801,0.025783801,0.01,-0.0013175264,0.0113175264,0.03,0.020136178,0.009863821999999998
998f552ce8cd3b0b,gemm-p,gemm-p,lv2:__PARA__L0-1.__PARA__L1-1.__PARA__L2-4.__PARA__L3-14.__PIPE__L0-off.__PIPE__L2-off.__TILE__L0-1.__TILE__L2-4,target,query,query,finetune_dataset,data_179.pt,171065.0,harp_hmoe_support_paired,4,50,hmoe_support_paired_seed4,2.934656,2.7953906,0.13926539999999976,0.02,-0.010499232,0.030499232,0.01,-0.017713333,0.027713333,0.01,-0.0035756228,0.0135756228,0.04,0.04033822,0.0003382200000000002
0742731e2639c567,gemm-p,gemm-p,lv2:__PARA__L0-1.__PARA__L1-5.__PARA__L2-8.__PARA__L3-1.__PIPE__L0-off.__PIPE__L2-flatten.__TILE__L0-1.__TILE__L2-2,target,query,query,finetune_dataset,data_322.pt,122715.0,harp_hmoe_support_paired,4,50,hmoe_support_paired_seed4,3.1742723,3.2035131,0.029240799999999734,0.32,0.3033368,0.01666319999999999,0.12,0.021482293,0.098517707,0.18,0.13596246,0.044037539999999986,0.01,-0.007568777,0.017568777
a3f47dd603d44fac,gemm-p,gemm-p,lv2:__PARA__L0-1.__PARA__L1-1.__PARA__L2-1.__PARA__L3-4.__PIPE__L0-off.__PIPE__L2-off.__TILE__L0-1.__TILE__L2-1,target,query,query,finetune_dataset,data_91.pt,322669.0,harp_hmoe_support_paired,4,50,hmoe_support_paired_seed4,2.4769006,2.918899,0.4419984000000001,0.01,0.05871647,0.04871647,0.0,0.027205292,0.027205292,0.0,-0.016154086,0.016154086,0.02,0.023716033,0.0037160330000000005
fb1114b6b71fa02e,gemm-p,gemm-p,lv2:__PARA__L0-1.__PARA__L1-1.__PARA__L2-4.__PARA__L3-7.__PIPE__L0-off.__PIPE__L2-off.__TILE__L0-1.__TILE__L2-1,target,query,query,finetune_dataset,data_189.pt,23584.0,harp_hmoe_support_paired,4,50,hmoe_support_paired_seed4,4.363988,3.9677992,0.3961888,0.04,0.047655277,0.007655277000000002,0.02,0.0071929134,0.0128070866,0.05,0.0061252117,0.0438747883,0.03,0.043546796,0.013546796
4906c8bd40b87d68,gemm-p,gemm-p,lv2:__PARA__L0-1.__PARA__L1-1.__PARA__L2-4.__PARA__L3-2.__PIPE__L0-off.__PIPE__L2-NA.__TILE__L0-1.__TILE__L2-1,target,query,query,finetune_dataset,data_180.pt,91931.0,harp_hmoe_support_paired,4,50,hmoe_support_paired_seed4,3.3826165,3.0581865,0.32443,0.03,0.034601144,0.0046011440000000015,0.01,0.011701647,0.0017016470000000006,0.02,0.0008006394,0.0191993606,0.02,0.024641693,0.004641692999999999
6e5c2cdd9eaec4b2,gemm-p,gemm-p,lv2:__PARA__L0-1.__PARA__L1-2.__PARA__L2-1.__PARA__L3-70.__PIPE__L0-off.__PIPE__L2-off.__TILE__L0-1.__TILE__L2-1,target,query,query,finetune_dataset,data_246.pt,33247.0,harp_hmoe_support_paired,4,50,hmoe_support_paired_seed4,4.11628,4.099975,0.016305000000000014,0.03,-0.0037653383,0.033765338299999996,0.01,0.020082895,0.010082895,0.02,0.015287489,0.004712511000000001,0.05,0.04455161,0.005448390000000004
dfccf34a168c3e6b,gemm-p,gemm-p,lv2:__PARA__L0-1.__PARA__L1-1.__PARA__L2-5.__PARA__L3-14.__PIPE__L0-off.__PIPE__L2-off.__TILE__L0-1.__TILE__L2-2,target,query,query,finetune_dataset,data_200.pt,211097.0,harp_hmoe_support_paired,4,50,hmoe_support_paired_seed4,2.782975,2.4490798,0.33389520000000017,0.02,0.043623023,0.023623022999999996,0.01,-0.014225372,0.024225372000000002,0.02,0.013838977,0.006161023,0.04,0.0439924,0.0039924
a6dc35a49236c7ab,gemm-p,gemm-p,lv2:__PARA__L0-1.__PARA__L1-1.__PARA__L2-4.__PARA__L3-14.__PIPE__L0-off.__PIPE__L2-NA.__TILE__L0-1.__TILE__L2-1,target,query,query,finetune_dataset,data_176.pt,61570.0,harp_hmoe_support_paired,4,50,hmoe_support_paired_seed4,3.6717784,4.327156,0.6553775999999996,0.09,0.07076376,0.01923624,0.04,0.04886276,0.008862759999999997,0.09,0.09396991,0.003969910000000007,0.04,0.03181398,0.008186020000000002
5c03e66d33359257,gemm-p,gemm-p,lv2:__PARA__L0-10.__PARA__L1-32.__PARA__L2-16.__PARA__L3-1.__PIPE__L0-off.__PIPE__L2-flatten.__TILE__L0-1.__TILE__L2-1,target,query,query,finetune_dataset,data_338.pt,10603.0,harp_hmoe_support_paired,4,50,hmoe_support_paired_seed4,4.9406557,4.867366,0.07328970000000012,0.35,0.31724197,0.032758029999999994,0.24,0.16701487,0.07298512999999998,0.36,0.20809504,0.15190495999999998,0.01,0.018407524,0.008407524000000001
4730d0e52ba378ec,gemm-p,gemm-p,lv2:__PARA__L0-1.__PARA__L1-1.__PARA__L2-10.__PARA__L3-1.__PIPE__L0-off.__PIPE__L2-flatten.__TILE__L0-1.__TILE__L2-8,target,query,query,finetune_dataset,data_102.pt,14947.0,harp_hmoe_support_paired,4,50,hmoe_support_paired_seed4,4.692964,4.7026167,0.00965270000000018,0.21,0.24396938,0.03396938000000002,0.15,0.09412402,0.05587597999999999,0.22,0.18908522,0.030914780000000003,0.01,0.0065591335,0.0034408665000000005
fe18dfcc30bb1c89,gemm-p,gemm-p,lv2:__PARA__L0-1.__PARA__L1-1.__PARA__L2-5.__PARA__L3-2.__PIPE__L0-off.__PIPE__L2-off.__TILE__L0-1.__TILE__L2-2,target,query,query,finetune_dataset,data_203.pt,1255997.0,harp_hmoe_support_paired,4,50,hmoe_support_paired_seed4,1.4965476,2.9094663,1.4129187,0.01,0.06845742,0.05845742,0.0,-0.008687918,0.008687918,0.0,0.023246735,0.023246735,0.02,0.014292419,0.005707581
e566ce1ddeb8d42a,gemm-p,gemm-p,lv2:__PARA__L0-30.__PARA__L1-32.__PARA__L2-10.__PARA__L3-1.__PIPE__L0-off.__PIPE__L2-flatten.__TILE__L0-1.__TILE__L2-8,target,query,query,finetune_dataset,data_393.pt,15139.0,harp_hmoe_support_paired,4,50,hmoe_support_paired_seed4,4.6837573,4.8258,0.1420427000000002,0.23,0.22315913,0.006840869999999999,0.16,0.12483963,0.03516037000000001,0.22,0.12725711,0.09274289,0.01,0.045234203,0.035234203
f3d5aea3a08304a4,gemm-p,gemm-p,lv2:__PARA__L0-1.__PARA__L1-5.__PARA__L2-20.__PARA__L3-1.__PIPE__L0-off.__PIPE__L2-flatten.__TILE__L0-1.__TILE__L2-2,target,query,query,finetune_dataset,data_313.pt,64939.0,harp_hmoe_support_paired,4,50,hmoe_support_paired_seed4,3.6333497,3.3714402,0.26190950000000024,0.22,0.37240094,0.15240094,0.02,0.013158921,0.006841079,0.04,0.020897716,0.019102284,0.01,-0.005213333,0.015213332999999999
4f074dc2b0bf150a,gemm-p,gemm-p,lv2:__PARA__L0-1.__PARA__L1-4.__PARA__L2-8.__PARA__L3-1.__PIPE__L0-off.__PIPE__L2-flatten.__TILE__L0-1.__TILE__L2-1,target,query,query,finetune_dataset,data_298.pt,12727.0,harp_hmoe_support_paired,4,50,hmoe_support_paired_seed4,4.808946,5.0974693,0.2885233000000005,0.17,0.13800472,0.031995280000000015,0.12,0.095731914,0.024268085999999994,0.18,0.10686228,0.07313771999999999,0.01,0.0075705647,0.0024294353000000003
76de7e5ea6add072,gemm-p,gemm-p,lv2:__PARA__L0-2.__PARA__L1-32.__PARA__L2-10.__PARA__L3-1.__PIPE__L0-off.__PIPE__L2-flatten.__TILE__L0-1.__TILE__L2-8,target,query,query,finetune_dataset,data_368.pt,9563.0,harp_hmoe_support_paired,4,50,hmoe_support_paired_seed4,5.0151243,4.8492756,0.16584869999999974,0.23,0.24720722,0.017207219999999995,0.16,0.04938424,0.11061576000000001,0.22,0.0647293,0.15527069999999998,0.01,0.026437461,0.016437461
0b03d5f530abb853,gemm-p,gemm-p,lv2:__PARA__L0-1.__PARA__L1-1.__PARA__L2-16.__PARA__L3-7.__PIPE__L0-off.__PIPE__L2-NA.__TILE__L0-1.__TILE__L2-1,target,query,query,finetune_dataset,data_129.pt,33063.0,harp_hmoe_support_paired,4,50,hmoe_support_paired_seed4,4.120283,4.2382793,0.11799630000000061,0.2,0.18630284,0.013697160000000014,0.1,0.095388174,0.004611825999999999,0.2,0.20870504,0.008705039999999997,0.02,0.016714215,0.0032857849999999994
707056a975a8db31,gemm-p,gemm-p,lv2:__PARA__L0-30.__PARA__L1-32.__PARA__L2-16.__PARA__L3-1.__PIPE__L0-NA.__PIPE__L2-flatten.__TILE__L0-1.__TILE__L2-1,target,query,query,finetune_dataset,data_395.pt,14419.0,harp_hmoe_support_paired,4,50,hmoe_support_paired_seed4,4.7189064,4.4157495,0.3031568999999994,0.35,0.358935,0.008935000000000026,0.24,0.30555362,0.06555362000000003,0.36,0.5218153,0.1618153,0.01,0.074812055,0.06481205500000001
4afcb8c7b0112a4d,gemm-p,gemm-p,lv2:__PARA__L0-30.__PARA__L1-32.__PARA__L2-16.__PARA__L3-1.__PIPE__L0-off.__PIPE__L2-flatten.__TILE__L0-2.__TILE__L2-1,target,query,query,finetune_dataset,data_398.pt,14419.0,harp_hmoe_support_paired,4,50,hmoe_support_paired_seed4,4.7189064,4.444789,0.27411739999999973,0.35,0.30473703,0.04526296999999996,0.24,0.31160825,0.07160824999999998,0.36,0.47367895,0.11367895,0.01,0.025822341,0.015822340999999997
bf75c65558b7a94c,gemm-p,gemm-p,lv2:__PARA__L0-4.__PARA__L1-32.__PARA__L2-1.__PARA__L3-1.__PIPE__L0-off.__PIPE__L2-flatten.__TILE__L0-1.__TILE__L2-80,target,query,query,finetune_dataset,data_406.pt,33034.0,harp_hmoe_support_paired,4,50,hmoe_support_paired_seed4,4.1209164,4.0621157,0.05880069999999993,0.06,0.07032996,0.01032996,0.02,0.058912013,0.038912012999999995,0.04,0.03770128,0.002298720000000004,0.05,0.05087784,0.0008778399999999978
1ef39353a69dfec5,gemm-p,gemm-p,lv2:__PARA__L0-1.__PARA__L1-1.__PARA__L2-8.__PARA__L3-14.__PIPE__L0-off.__PIPE__L2-off.__TILE__L0-1.__TILE__L2-2,target,query,query,finetune_dataset,data_219.pt,164995.0,harp_hmoe_support_paired,4,50,hmoe_support_paired_seed4,2.960717,2.8763835,0.08433349999999962,0.03,0.0084763095,0.021523690499999998,0.02,0.01501504,0.00498496,0.03,0.04760441,0.01760441,0.01,0.05808711,0.048087109999999995
6bfb9e054cecee78,gemm-p,gemm-p,lv2:__PARA__L0-1.__PARA__L1-2.__PARA__L2-10.__PARA__L3-1.__PIPE__L0-off.__PIPE__L2-flatten.__TILE__L0-1.__TILE__L2-1,target,query,query,finetune_dataset,data_247.pt,12847.0,harp_hmoe_support_paired,4,50,hmoe_support_paired_seed4,4.8021765,5.200369,0.3981925000000004,0.21,0.2088036,0.0011963999999999864,0.15,0.112298965,0.037701034999999994,0.22,0.119807035,0.100192965,0.01,0.0051885545,0.0048114455
43df7890892e68db,gemm-p,gemm-p,lv2:__PARA__L0-1.__PARA__L1-1.__PARA__L2-8.__PARA__L3-2.__PIPE__L0-off.__PIPE__L2-NA.__TILE__L0-1.__TILE__L2-1,target,query,query,finetune_dataset,data_220.pt,54731.0,harp_hmoe_support_paired,4,50,hmoe_support_paired_seed4,3.7567132,3.6405547,0.11615850000000005,0.05,0.08266287,0.03266287,0.02,0.026776258,0.006776258,0.04,0.028693825,0.011306175000000002,0.02,0.052072287,0.032072287000000005
c2ee75a2842c4990,gemm-p,gemm-p,lv2:__PARA__L0-1.__PARA__L1-1.__PARA__L2-8.__PARA__L3-1.__PIPE__L0-off.__PIPE__L2-flatten.__TILE__L0-1.__TILE__L2-1,target,query,query,finetune_dataset,data_213.pt,15487.0,harp_hmoe_support_paired,4,50,hmoe_support_paired_seed4,4.667363,5.072978,0.40561500000000006,0.17,0.1558525,0.014147500000000007,0.12,0.07759285,0.04240714999999999,0.18,0.104077905,0.075922095,0.01,0.00527364,0.004726360000000001
25479773fe5d3dd0,gemm-p,gemm-p,lv2:__PARA__L0-1.__PARA__L1-32.__PARA__L2-16.__PARA__L3-1.__PIPE__L0-off.__PIPE__L2-flatten.__TILE__L0-1.__TILE__L2-1,target,query,query,finetune_dataset,data_283.pt,10807.0,harp_hmoe_support_paired,4,50,hmoe_support_paired_seed4,4.926909,5.0604887,0.1335796999999994,0.33,0.35331494,0.023314940000000006,0.24,0.14772028,0.09227971999999998,0.36,0.226652,0.133348,0.01,0.032346427,0.022346426999999995
4d458343fcb07dcf,gemm-p,gemm-p,lv2:__PARA__L0-1.__PARA__L1-2.__PARA__L2-16.__PARA__L3-70.__PIPE__L0-off.__PIPE__L2-off.__TILE__L0-1.__TILE__L2-1,target,query,query,finetune_dataset,data_253.pt,12487.0,harp_hmoe_support_paired,4,50,hmoe_support_paired_seed4,4.8226786,4.809058,0.013620599999999428,0.32,0.24754179,0.07245821,0.24,0.1472604,0.09273959999999998,0.36,0.36416832,0.004168320000000003,0.01,-0.0013398485,0.0113398485
75d6d53935daab05,gemm-p,gemm-p,lv2:__PARA__L0-1.__PARA__L1-1.__PARA__L2-20.__PARA__L3-2.__PIPE__L0-off.__PIPE__L2-off.__TILE__L0-1.__TILE__L2-1,target,query,query,finetune_dataset,data_163.pt,18551.0,harp_hmoe_support_paired,4,50,hmoe_support_paired_seed4,4.5371437,4.0745363,0.46260739999999956,0.08,0.119519524,0.039519524,0.05,0.056888584,0.006888583999999996,0.1,0.065926045,0.034073955,0.03,0.009359539,0.020640461
298a63f3c60efac6,gemm-p,gemm-p,lv2:__PARA__L0-10.__PARA__L1-32.__PARA__L2-1.__PARA__L3-1.__PIPE__L0-off.__PIPE__L2-flatten.__TILE__L0-1.__TILE__L2-80,target,query,query,finetune_dataset,data_334.pt,38283.0,harp_hmoe_support_paired,4,50,hmoe_support_paired_seed4,4.01454,4.4274263,0.4128862999999994,0.06,0.13684386,0.07684386000000001,0.02,0.09458056,0.07458055999999999,0.04,0.069274634,0.029274634,0.05,0.03862399,0.011376010000000006
65905651ddefa93d,gemm-p,gemm-p,lv2:__PARA__L0-1.__PARA__L1-1.__PARA__L2-5.__PARA__L3-1.__PIPE__L0-off.__PIPE__L2-flatten.__TILE__L0-1.__TILE__L2-1,target,query,query,finetune_dataset,data_194.pt,19109.0,harp_hmoe_support_paired,4,50,hmoe_support_paired_seed4,4.515766,4.412428,0.10333799999999993,0.1,0.08422928,0.015770720000000002,0.07,0.06262207,0.007377930000000005,0.11,0.12438044,0.014380439999999994,0.01,0.022638917,0.012638917000000001
f6b5d9061a2b899c,gemm-p,gemm-p,lv2:__PARA__L0-1.__PARA__L1-70.__PARA__L2-1.__PARA__L3-32.__PIPE__L0-off.__PIPE__L2-off.__TILE__L0-1.__TILE__L2-1,target,query,query,finetune_dataset,data_325.pt,251089.0,harp_hmoe_support_paired,4,50,hmoe_support_paired_seed4,2.6578286,4.1716948,1.5138661999999998,0.03,0.08781379,0.057813790000000004,0.02,0.035737876,0.015737876,0.08,0.081774205,0.001774205000000001,0.04,0.063131675,0.023131674999999997
0ba4ea1b6ce7461f,gemm-p,gemm-p,lv2:__PARA__L0-1.__PARA__L1-2.__PARA__L2-16.__PARA__L3-1.__PIPE__L0-off.__PIPE__L2-flatten.__TILE__L0-1.__TILE__L2-1,target,query,query,finetune_dataset,data_251.pt,12487.0,harp_hmoe_support_paired,4,50,hmoe_support_paired_seed4,4.8226786,4.948538,0.1258594000000004,0.32,0.30635357,0.013646429999999987,0.24,0.135916,0.10408399999999998,0.36,0.11647311,0.24352689,0.01,0.01562646,0.005626459999999998
d7a4be32a684722c,gemm-p,gemm-p,lv2:__PARA__L0-15.__PARA__L1-32.__PARA__L2-1.__PARA__L3-1.__PIPE__L0-NA.__PIPE__L2-flatten.__TILE__L0-1.__TILE__L2-80,target,query,query,finetune_dataset,data_347.pt,42692.0,harp_hmoe_support_paired,4,50,hmoe_support_paired_seed4,3.9359093,3.9534352,0.017525899999999872,0.06,0.048988752,0.011011247999999994,0.02,-0.01654154,0.03654154,0.04,0.006141335,0.033858665,0.05,0.04483953,0.00516047
9929154d2a2ca07e,gemm-p,gemm-p,lv2:__PARA__L0-1.__PARA__L1-1.__PARA__L2-8.__PARA__L3-5.__PIPE__L0-off.__PIPE__L2-off.__TILE__L0-1.__TILE__L2-2,target,query,query,finetune_dataset,data_225.pt,391190.0,harp_hmoe_support_paired,4,50,hmoe_support_paired_seed4,2.3379934,3.084519,0.7465255999999996,0.01,0.05894416,0.04894416,0.01,0.036250595,0.026250594999999995,0.01,0.0023062527,0.0076937473,0.04,0.029551804,0.010448196
1df20d1da09ff72e,gemm-p,gemm-p,lv2:__PARA__L0-1.__PARA__L1-32.__PARA__L2-10.__PARA__L3-1.__PIPE__L0-off.__PIPE__L2-flatten.__TILE__L0-1.__TILE__L2-8,target,query,query,finetune_dataset,data_277.pt,11167.0,harp_hmoe_support_paired,4,50,hmoe_support_paired_seed4,4.903271,5.0735216,0.17025060000000014,0.21,0.29284447,0.08284447000000003,0.15,0.09896487,0.05103513,0.22,0.22256777,0.002567769999999997,0.01,0.023660481,0.013660481
af6cac7f028324ae,gemm-p,gemm-p,lv2:__PARA__L0-1.__PARA__L1-1.__PARA__L2-10.__PARA__L3-5.__PIPE__L0-off.__PIPE__L2-off.__TILE__L0-1.__TILE__L2-1,target,query,query,finetune_dataset,data_113.pt,18784.0,harp_hmoe_support_paired,4,50,hmoe_support_paired_seed4,4.52814,4.312455,0.21568499999999968,0.06,0.12822336,0.06822336000000001,0.04,0.055192534,0.015192534,0.09,0.078213245,0.011786754999999996,0.03,0.046378136,0.016378136
d29de04a627b59bc,gemm-p,gemm-p,lv2:__PARA__L0-1.__PARA__L1-1.__PARA__L2-20.__PARA__L3-14.__PIPE__L0-off.__PIPE__L2-NA.__TILE__L0-1.__TILE__L2-1,target,query,query,finetune_dataset,data_159.pt,27370.0,harp_hmoe_support_paired,4,50,hmoe_support_paired_seed4,4.2565947,3.5649517,0.691643,0.43,0.087493114,0.342506886,0.21,0.06792861,0.14207139,0.48,0.30988917,0.17011083,0.01,-0.028421732,0.038421732
98ea5a80877f836a,gemm-p,gemm-p,lv2:__PARA__L0-1.__PARA__L1-5.__PARA__L2-8.__PARA__L3-1.__PIPE__L0-off.__PIPE__L2-flatten.__TILE__L0-1.__TILE__L2-4,target,query,query,finetune_dataset,data_323.pt,88819.0,harp_hmoe_support_paired,4,50,hmoe_support_paired_seed4,3.407458,3.8129995,0.4055415,0.45,0.32183307,0.12816693,0.11,0.021510068,0.088489932,0.09,0.23948964,0.14948964,0.02,-0.004896238,0.024896238
e20f67ba45667e5b,gemm-p,gemm-p,lv2:__PARA__L0-1.__PARA__L1-1.__PARA__L2-5.__PARA__L3-7.__PIPE__L0-off.__PIPE__L2-off.__TILE__L0-1.__TILE__L2-1,target,query,query,finetune_dataset,data_209.pt,21184.0,harp_hmoe_support_paired,4,50,hmoe_support_paired_seed4,4.441405,3.9083202,0.5330847999999997,0.04,0.06297665,0.022976649999999994,0.03,0.010780338,0.019219662,0.06,0.008622766,0.051377233999999994,0.03,0.049366117,0.019366117000000002
c03aaad6566026ef,gemm-p,gemm-p,lv2:__PARA__L0-1.__PARA__L1-1.__PARA__L2-16.__PARA__L3-1.__PIPE__L0-off.__PIPE__L2-flatten.__TILE__L0-1.__TILE__L2-1,target,query,query,finetune_dataset,data_120.pt,14587.0,harp_hmoe_support_paired,4,50,hmoe_support_paired_seed4,4.7105503,4.8032084,0.09265809999999952,0.32,0.31611794,0.0038820600000000205,0.24,0.14150631,0.09849369,0.36,0.11160919,0.24839081,0.01,0.008682728,0.0013172719999999995
eebad30dd85f618c,gemm-p,gemm-p,lv2:__PARA__L0-1.__PARA__L1-1.__PARA__L2-5.__PARA__L3-14.__PIPE__L0-off.__PIPE__L2-off.__TILE__L0-1.__TILE__L2-1,target,query,query,finetune_dataset,data_199.pt,15452.0,harp_hmoe_support_paired,4,50,hmoe_support_paired_seed4,4.6689954,4.716834,0.0478386000000004,0.07,0.07382696,0.0038269599999999904,0.05,0.047070596,0.0029294040000000035,0.11,0.118364334,0.008364334000000001,0.04,0.07208365,0.03208365
2f9f4901901789d3,gemm-p,gemm-p,lv2:__PARA__L0-1.__PARA__L1-1.__PARA__L2-1.__PARA__L3-10.__PIPE__L0-off.__PIPE__L2-off.__TILE__L0-1.__TILE__L2-1,target,query,query,finetune_dataset,data_80.pt,158833.0,harp_hmoe_support_paired,4,50,hmoe_support_paired_seed4,2.9881728,2.9858515,0.0023213000000001927,0.02,0.087703876,0.067703876,0.01,0.032814387,0.022814387,0.02,0.08783892,0.06783892,0.03,0.03240329,0.0024032900000000024
41b9a64b48aff69a,gemm-p,gemm-p,lv2:__PARA__L0-2.__PARA__L1-32.__PARA__L2-1.__PARA__L3-1.__PIPE__L0-NA.__PIPE__L2-flatten.__TILE__L0-1.__TILE__L2-80,target,query,query,finetune_dataset,data_365.pt,31323.0,harp_hmoe_support_paired,4,50,hmoe_support_paired_seed4,4.159281,4.086716,0.07256499999999999,0.06,0.03599482,0.02400518,0.02,0.005575601,0.014424399000000001,0.04,0.04773915,0.00773915,0.05,0.048600197,0.001399803000000005
c9538e7fb963f114,gemm-p,gemm-p,lv2:__PARA__L0-1.__PARA__L1-4.__PARA__L2-1.__PARA__L3-32.__PIPE__L0-off.__PIPE__L2-off.__TILE__L0-1.__TILE__L2-1,target,query,query,finetune_dataset,data_289.pt,286369.0,harp_hmoe_support_paired,4,50,hmoe_support_paired_seed4,2.5629904,2.2581701,0.3048202999999998,0.01,-0.011613187,0.021613187,0.0,0.003284756,0.003284756,0.0,-0.0057786284,0.0057786284,0.05,0.04915577,0.0008442300000000014
64393da3a136d7fa,gemm-p,gemm-p,lv2:__PARA__L0-5.__PARA__L1-32.__PARA__L2-1.__PARA__L3-1.__PIPE__L0-off.__PIPE__L2-flatten.__TILE__L0-1.__TILE__L2-80,target,query,query,finetune_dataset,data_413.pt,33900.0,harp_hmoe_support_paired,4,50,hmoe_support_paired_seed4,4.1022496,4.1710186,0.06876899999999964,0.06,0.07985919,0.01985919,0.02,0.07693726,0.05693725999999999,0.04,0.037201732,0.0027982679999999996,0.05,0.043620735,0.006379265000000002
2410d6d0636ec1ab,gemm-p,gemm-p,lv2:__PARA__L0-1.__PARA__L1-1.__PARA__L2-16.__PARA__L3-2.__PIPE__L0-off.__PIPE__L2-NA.__TILE__L0-1.__TILE__L2-1,target,query,query,finetune_dataset,data_125.pt,36131.0,harp_hmoe_support_paired,4,50,hmoe_support_paired_seed4,4.0562735,3.7870312,0.2692422999999997,0.1,0.11948519,0.01948519,0.05,0.054245595,0.004245594999999998,0.07,0.06980041,0.00019959000000001337,0.03,0.0084962845,0.0215037155
62f84aa14a8a3b41,gemm-p,gemm-p,lv2:__PARA__L0-1.__PARA__L1-2.__PARA__L2-10.__PARA__L3-70.__PIPE__L0-off.__PIPE__L2-off.__TILE__L0-1.__TILE__L2-1,target,query,query,finetune_dataset,data_250.pt,12847.0,harp_hmoe_support_paired,4,50,hmoe_support_paired_seed4,4.8021765,4.4096365,0.39253999999999944,0.21,0.15613526,0.053864739999999994,0.15,0.13453734,0.01546265999999999,0.22,0.22868443,0.008684429999999993,0.01,0.005114883,0.0048851170000000005
638eade1c299f75a,gemm-p,gemm-p,lv2:__PARA__L0-1.__PARA__L1-1.__PARA__L2-1.__PARA__L3-7.__PIPE__L0-off.__PIPE__L2-off.__TILE__L0-1.__TILE__L2-4,target,query,query,finetune_dataset,data_97.pt,466908.0,harp_hmoe_support_paired,4,50,hmoe_support_paired_seed4,2.2103589,2.0570946,0.15326430000000002,0.01,0.008688025,0.001311975,0.0,-0.008308035,0.008308035,0.0,-0.014657583,0.014657583,0.02,0.025996238,0.005996238000000001
2ccc724e5fad3084,gemm-p,gemm-p,lv2:__PARA__L0-1.__PARA__L1-1.__PARA__L2-16.__PARA__L3-14.__PIPE__L0-off.__PIPE__L2-NA.__TILE__L0-1.__TILE__L2-1,target,query,query,finetune_dataset,data_123.pt,30250.0,harp_hmoe_support_paired,4,50,hmoe_support_paired_seed4,4.1844244,3.9293807,0.2550437000000003,0.34,0.08680432,0.25319568000000003,0.16,0.07323569,0.08676431,0.38,0.37765315,0.0023468500000000114,0.01,-0.03537622,0.04537622
0c1a4d5cf2e95213,gemm-p,gemm-p,lv2:__PARA__L0-1.__PARA__L1-1.__PARA__L2-2.__PARA__L3-14.__PIPE__L0-off.__PIPE__L2-off.__TILE__L0-1.__TILE__L2-4,target,query,query,finetune_dataset,data_141.pt,244565.0,harp_hmoe_support_paired,4,50,hmoe_support_paired_seed4,2.676819,2.6610706,0.015748400000000107,0.01,0.0058693215,0.0041306785,0.0,0.0034776367,0.0034776367,0.0,-0.0074504036,0.0074504036,0.03,0.02985084,0.00014915999999999888
4f7c1c7a0159ad36,gemm-p,gemm-p,lv2:__PARA__L0-1.__PARA__L1-1.__PARA__L2-1.__PARA__L3-10.__PIPE__L0-off.__PIPE__L2-off.__TILE__L0-1.__TILE__L2-2,target,query,query,finetune_dataset,data_81.pt,436495.0,harp_hmoe_support_paired,4,50,hmoe_support_paired_seed4,2.2589455,2.5191736,0.26022809999999996,0.01,-0.0025870136,0.0125870136,0.0,0.0061982907,0.0061982907,0.0,0.018414646,0.018414646,0.02,0.060024083,0.040024083
91bd08a09160f90f,gemm-p,gemm-p,lv2:__PARA__L0-2.__PARA__L1-32.__PARA__L2-1.__PARA__L3-1.__PIPE__L0-off.__PIPE__L2-flatten.__TILE__L0-1.__TILE__L2-80,target,query,query,finetune_dataset,data_366.pt,31323.0,harp_hmoe_support_paired,4,50,hmoe_support_paired_seed4,4.159281,4.2592525,0.09997149999999966,0.06,0.086140566,0.026140566000000004,0.02,0.017429236,0.0025707639999999997,0.04,0.03246671,0.007533289999999998,0.05,0.056487203,0.006487202999999997
ff6397e9e2d76d85,gemm-p,gemm-p,lv2:__PARA__L0-15.__PARA__L1-32.__PARA__L2-1.__PARA__L3-1.__PIPE__L0-off.__PIPE__L2-flatten.__TILE__L0-4.__TILE__L2-1,target,query,query,finetune_dataset,data_350.pt,42692.0,harp_hmoe_support_paired,4,50,hmoe_support_paired_seed4,3.9359093,4.0716953,0.13578599999999996,0.06,0.058328204,0.0016717959999999962,0.02,0.03880221,0.018802209999999996,0.04,0.046142817,0.006142817000000002,0.05,0.058429956,0.008429955999999995
64699350cabf9f9b,gemm-p,gemm-p,lv2:__PARA__L0-5.__PARA__L1-32.__PARA__L2-10.__PARA__L3-1.__PIPE__L0-NA.__PIPE__L2-flatten.__TILE__L0-1.__TILE__L2-8,target,query,query,finetune_dataset,data_414.pt,10100.0,harp_hmoe_support_paired,4,50,hmoe_support_paired_seed4,4.9757147,5.025172,0.04945730000000026,0.23,0.21133548,0.018664520000000018,0.16,0.12863815,0.03136185,0.22,0.09804085,0.12195915,0.01,0.018999398,0.008999398
15ff7e63dbf2b0f2,gemm-p,gemm-p,lv2:__PARA__L0-1.__PARA__L1-1.__PARA__L2-8.__PARA__L3-10.__PIPE__L0-off.__PIPE__L2-off.__TILE__L0-1.__TILE__L2-1,target,query,query,finetune_dataset,data_215.pt,13270.0,harp_hmoe_support_paired,4,50,hmoe_support_paired_seed4,4.778808,4.4691067,0.3097012999999995,0.08,0.13003796,0.050037960000000006,0.05,0.090601385,0.040601385000000004,0.13,0.10995355,0.020046450000000007,0.05,0.074560165,0.024560164999999995
e38805de48eb664e,gemm-p,gemm-p,lv2:__PARA__L0-1.__PARA__L1-16.__PARA__L2-16.__PARA__L3-1.__PIPE__L0-off.__PIPE__L2-flatten.__TILE__L0-60.__TILE__L2-1,target,query,query,finetune_dataset,data_239.pt,10927.0,harp_hmoe_support_paired,4,50,hmoe_support_paired_seed4,4.9189434,4.7247295,0.19421390000000027,0.32,0.32951266,0.009512660000000006,0.24,0.18099028,0.05900971999999999,0.36,0.21711025,0.14288974999999998,0.01,0.024989307,0.014989306999999999
21dd70c1b9ddc11f,gemm-p,gemm-p,lv2:__PARA__L0-15.__PARA__L1-32.__PARA__L2-16.__PARA__L3-1.__PIPE__L0-NA.__PIPE__L2-flatten.__TILE__L0-1.__TILE__L2-1,target,query,query,finetune_dataset,data_355.pt,11552.0,harp_hmoe_support_paired,4,50,hmoe_support_paired_seed4,4.878821,4.6180067,0.2608143000000007,0.35,0.3149746,0.035025399999999984,0.24,0.22819188,0.011808119999999978,0.36,0.2777433,0.08225669999999996,0.01,0.01752156,0.007521559999999998
ac3cd52a03c5e995,gemm-p,gemm-p,lv2:__PARA__L0-4.__PARA__L1-32.__PARA__L2-1.__PARA__L3-1.__PIPE__L0-NA.__PIPE__L2-flatten.__TILE__L0-1.__TILE__L2-80,target,query,query,finetune_dataset,data_405.pt,33034.0,harp_hmoe_support_paired,4,50,hmoe_support_paired_seed4,4.1209164,4.1234875,0.0025711000000008255,0.06,0.043209605,0.016790395,0.02,0.014909748,0.005090252,0.04,0.03679672,0.003203280000000003,0.05,0.048139304,0.001860696000000002
aedc82d84c86e989,gemm-p,gemm-p,lv2:__PARA__L0-6.__PARA__L1-32.__PARA__L2-1.__PARA__L3-1.__PIPE__L0-NA.__PIPE__L2-flatten.__TILE__L0-1.__TILE__L2-80,target,query,query,finetune_dataset,data_419.pt,34772.0,harp_hmoe_support_paired,4,50,hmoe_support_paired_seed4,4.083929,4.187132,0.10320299999999971,0.06,0.063176446,0.0031764459999999994,0.02,0.015597109,0.004402891000000001,0.04,0.035787612,0.0042123879999999975,0.05,0.043687195,0.006312805000000005
d86b4bef7a938c97,gemm-p,gemm-p,lv2:__PARA__L0-12.__PARA__L1-32.__PARA__L2-16.__PARA__L3-1.__PIPE__L0-NA.__PIPE__L2-flatten.__TILE__L0-1.__TILE__L2-1,target,query,query,finetune_dataset,data_344.pt,10982.0,harp_hmoe_support_paired,4,50,hmoe_support_paired_seed4,4.915322,4.6244593,0.2908626999999999,0.35,0.31420082,0.035799179999999986,0.24,0.2030003,0.036999699999999996,0.36,0.30041656,0.05958343999999999,0.01,0.016825676,0.006825676000000001
b7fd70dbbc81db59,gemm-p,gemm-p,lv2:__PARA__L0-1.__PARA__L1-1.__PARA__L2-4.__PARA__L3-10.__PIPE__L0-off.__PIPE__L2-off.__TILE__L0-1.__TILE__L2-1,target,query,query,finetune_dataset,data_173.pt,17110.0,harp_hmoe_support_paired,4,50,hmoe_support_paired_seed4,4.5954723,4.4164286,0.17904370000000025,0.05,0.06542557,0.01542557,0.03,0.03148419,0.0014841900000000033,0.07,0.06131783,0.00868217000000001,0.03,0.061710775,0.031710775000000004
dba1b07283a53f11,gemm-p,gemm-p,lv2:__PARA__L0-1.__PARA__L1-1.__PARA__L2-1.__PARA__L3-2.__PIPE__L0-off.__PIPE__L2-off.__TILE__L0-1.__TILE__L2-4,target,query,query,finetune_dataset,data_89.pt,1354136.0,harp_hmoe_support_paired,4,50,hmoe_support_paired_seed4,1.4422777,2.0519812,0.6097035000000002,0.01,0.0465545,0.0365545,0.0,-0.0091991825,0.0091991825,0.0,-0.01746418,0.01746418,0.01,0.023517996,0.013517996
bd8a558d1e7455ea,gemm-p,gemm-p,lv2:__PARA__L0-1.__PARA__L1-1.__PARA__L2-10.__PARA__L3-10.__PIPE__L0-off.__PIPE__L2-NA.__TILE__L0-1.__TILE__L2-1,target,query,query,finetune_dataset,data_103.pt,35890.0,harp_hmoe_support_paired,4,50,hmoe_support_paired_seed4,4.061101,3.9478192,0.11328179999999977,0.17,0.12720603,0.042793970000000014,0.08,0.11952096,0.039520959999999994,0.18,0.09379998,0.08620001999999999,0.01,0.04475522,0.034755219999999996
a627781fe1dd51f7,gemm-p,gemm-p,lv2:__PARA__L0-1.__PARA__L1-1.__PARA__L2-10.__PARA__L3-7.__PIPE__L0-off.__PIPE__L2-NA.__TILE__L0-1.__TILE__L2-1,target,query,query,finetune_dataset,data_115.pt,38703.0,harp_hmoe_support_paired,4,50,hmoe_support_paired_seed4,4.0066695,4.094076,0.08740650000000016,0.13,0.15560073,0.025600729999999988,0.06,0.08875877,0.028758770000000003,0.13,0.14265722,0.012657219999999997,0.04,0.03491342,0.00508658
ad665098768e16a0,gemm-p,gemm-p,lv2:__PARA__L0-30.__PARA__L1-32.__PARA__L2-10.__PARA__L3-1.__PIPE__L0-NA.__PIPE__L2-flatten.__TILE__L0-1.__TILE__L2-8,target,query,query,finetune_dataset,data_391.pt,15139.0,harp_hmoe_support_paired,4,50,hmoe_support_paired_seed4,4.6837573,4.872982,0.18922470000000047,0.23,0.2513005,0.021300499999999972,0.16,0.18734968,0.027349679999999987,0.22,0.19822103,0.02177897000000001,0.01,0.04379046,0.03379046
9d9b7c90d1bd716b,gemm-p,gemm-p,lv2:__PARA__L0-12.__PARA__L1-32.__PARA__L2-10.__PARA__L3-1.__PIPE__L0-NA.__PIPE__L2-flatten.__TILE__L0-1.__TILE__L2-8,target,query,query,finetune_dataset,data_342.pt,11486.0,harp_hmoe_support_paired,4,50,hmoe_support_paired_seed4,4.882954,4.9186573,0.03570329999999977,0.23,0.20343405,0.026565950000000005,0.16,0.13031068,0.02968931999999999,0.22,0.11850783,0.10149217,0.01,0.023685813,0.013685813
05c7235b9f5af54f,gemm-p,gemm-p,lv2:__PARA__L0-20.__PARA__L1-32.__PARA__L2-10.__PARA__L3-1.__PIPE__L0-NA.__PIPE__L2-flatten.__TILE__L0-1.__TILE__L2-8,target,query,query,finetune_dataset,data_374.pt,13106.0,harp_hmoe_support_paired,4,50,hmoe_support_paired_seed4,4.7877784,4.9643354,0.17655700000000074,0.23,0.18360966,0.04639034,0.16,0.14906311,0.010936890000000005,0.22,0.13001448,0.08998552000000001,0.01,0.041212767,0.031212766999999995
acf1639642ef82bf,gemm-p,gemm-p,lv2:__PARA__L0-3.__PARA__L1-16.__PARA__L2-16.__PARA__L3-1.__PIPE__L0-NA.__PIPE__L2-flatten.__TILE__L0-1.__TILE__L2-1,target,query,query,finetune_dataset,data_378.pt,9453.0,harp_hmoe_support_paired,4,50,hmoe_support_paired_seed4,5.02347,4.753584,0.2698859999999996,0.35,0.23411733,0.11588266999999997,0.24,0.13586384,0.10413615999999998,0.36,0.21530175,0.14469825,0.01,0.0063274503,0.0036725497000000005
283880c8c447ea1d,gemm-p,gemm-p,lv2:__PARA__L0-6.__PARA__L1-32.__PARA__L2-1.__PARA__L3-1.__PIPE__L0-off.__PIPE__L2-flatten.__TILE__L0-1.__TILE__L2-80,target,query,query,finetune_dataset,data_420.pt,34772.0,harp_hmoe_support_paired,4,50,hmoe_support_paired_seed4,4.083929,4.3183565,0.2344274999999998,0.06,0.09070545,0.03070545000000001,0.02,0.11202897,0.09202897,0.04,0.053429335,0.013429335,0.05,0.04053685,0.009463150000000004
be42e71723eea70a,gemm-p,gemm-p,lv2:__PARA__L0-1.__PARA__L1-5.__PARA__L2-5.__PARA__L3-1.__PIPE__L0-off.__PIPE__L2-flatten.__TILE__L0-1.__TILE__L2-4,target,query,query,finetune_dataset,data_320.pt,108017.0,harp_hmoe_support_paired,4,50,hmoe_support_paired_seed4,3.266299,3.1163776,0.1499214000000002,0.26,0.22253036,0.03746964,0.07,0.0247134,0.04528660000000001,0.11,0.12523088,0.015230879999999988,0.01,-0.00038598478,0.01038598478
56e56d42fe8949bd,gemm-p,gemm-p,lv2:__PARA__L0-1.__PARA__L1-1.__PARA__L2-10.__PARA__L3-7.__PIPE__L0-off.__PIPE__L2-off.__TILE__L0-1.__TILE__L2-2,target,query,query,finetune_dataset,data_117.pt,267108.0,harp_hmoe_support_paired,4,50,hmoe_support_paired_seed4,2.6132164,3.4985647,0.8853483,0.02,0.046583943,0.026583943000000002,0.01,0.04088861,0.030888609999999997,0.02,0.057933003,0.03793300299999999,0.04,0.041329443,0.0013294429999999996
08802dfda2f24c58,gemm-p,gemm-p,lv2:__PARA__L0-1.__PARA__L1-2.__PARA__L2-5.__PARA__L3-70.__PIPE__L0-off.__PIPE__L2-NA.__TILE__L0-1.__TILE__L2-1,target,query,query,finetune_dataset,data_261.pt,17009.0,harp_hmoe_support_paired,4,50,hmoe_support_paired_seed4,4.599743,4.2032776,0.3964654000000003,0.1,0.05780845,0.04219155000000001,0.07,0.07219604,0.0021960399999999963,0.11,0.08737627,0.022623729999999995,0.01,0.008980811,0.0010191890000000002
8ef4d5ca9c78eaf3,gemm-p,gemm-p,lv2:__PARA__L0-1.__PARA__L1-32.__PARA__L2-1.__PARA__L3-1.__PIPE__L0-NA.__PIPE__L2-flatten.__TILE__L0-2.__TILE__L2-1,target,query,query,finetune_dataset,data_266.pt,31323.0,harp_hmoe_support_paired,4,50,hmoe_support_paired_seed4,4.159281,4.0573807,0.10190029999999961,0.06,0.08605438,0.026054380000000002,0.02,0.023365084,0.003365084000000001,0.04,0.0824891,0.042489099999999995,0.05,0.049222812,0.000777188000000005
e18fbf36085b53ef,gemm-p,gemm-p,lv2:__PARA__L0-30.__PARA__L1-32.__PARA__L2-1.__PARA__L3-1.__PIPE__L0-NA.__PIPE__L2-flatten.__TILE__L0-1.__TILE__L2-80,target,query,query,finetune_dataset,data_387.pt,55939.0,harp_hmoe_support_paired,4,50,hmoe_support_paired_seed4,3.740965,4.2667055,0.5257404999999995,0.06,0.00027190894,0.059728091059999995,0.02,0.023496691,0.0034966909999999997,0.04,0.06171024,0.02171024,0.05,0.039400905,0.010599095000000003
3435f90a3a91803f,gemm-p,gemm-p,lv2:__PARA__L0-1.__PARA__L1-1.__PARA__L2-20.__PARA__L3-2.__PIPE__L0-off.__PIPE__L2-off.__TILE__L0-1.__TILE__L2-2,target,query,query,finetune_dataset,data_164.pt,632396.0,harp_hmoe_support_paired,4,50,hmoe_support_paired_seed4,1.991514,3.7609081,1.7693941,0.01,0.10425847,0.09425847000000001,0.01,0.016252223,0.0062522229999999995,0.01,0.027365416,0.017365416,0.03,0.008633137,0.021366863
00f04d9d71c381ce,gemm-p,gemm-p,lv2:__PARA__L0-1.__PARA__L1-1.__PARA__L2-5.__PARA__L3-2.__PIPE__L0-off.__PIPE__L2-off.__TILE__L0-1.__TILE__L2-1,target,query,query,finetune_dataset,data_202.pt,45152.0,harp_hmoe_support_paired,4,50,hmoe_support_paired_seed4,3.895497,3.723451,0.17204600000000037,0.02,0.054418378,0.034418378,0.01,0.0036665834,0.006333416600000001,0.02,-0.0011448263,0.0211448263,0.02,0.043581963,0.023581963
cec2e42ec306f7c8,gemm-p,gemm-p,lv2:__PARA__L0-6.__PARA__L1-32.__PARA__L2-16.__PARA__L3-1.__PIPE__L0-off.__PIPE__L2-flatten.__TILE__L0-1.__TILE__L2-1,target,query,query,finetune_dataset,data_424.pt,9860.0,harp_hmoe_support_paired,4,50,hmoe_support_paired_seed4,4.9930625,5.036891,0.04382850000000005,0.35,0.30359918,0.046400819999999954,0.24,0.18555759,0.05444241,0.36,0.40190205,0.041902050000000024,0.01,0.026502669,0.016502668999999998
332dfe5c4fbd6b6a,gemm-p,gemm-p,lv2:__PARA__L0-1.__PARA__L1-1.__PARA__L2-8.__PARA__L3-70.__PIPE__L0-off.__PIPE__L2-NA.__TILE__L0-1.__TILE__L2-1,target,query,query,finetune_dataset,data_229.pt,15487.0,harp_hmoe_support_paired,4,50,hmoe_support_paired_seed4,4.667363,4.6073313,0.06003169999999969,0.17,0.14423269,0.025767310000000015,0.12,0.09396058,0.026039419999999994,0.18,0.13226748,0.04773252,0.01,0.01063621,0.0006362099999999999
ea241d324c00c8ce,gemm-p,gemm-p,lv2:__PARA__L0-2.__PARA__L1-16.__PARA__L2-1.__PARA__L3-1.__PIPE__L0-NA.__PIPE__L2-flatten.__TILE__L0-1.__TILE__L2-80,target,query,query,finetune_dataset,data_359.pt,31451.0,harp_hmoe_support_paired,4,50,hmoe_support_paired_seed4,4.156339,4.281461,0.12512200000000018,0.05,0.027993254,0.022006746000000004,0.02,-0.0027538065,0.0227538065,0.02,0.040152162,0.020152161999999998,0.05,0.046323538,0.0036764620000000053
8d04f549a37ccd8a,gemm-p,gemm-p,lv2:__PARA__L0-1.__PARA__L1-1.__PARA__L2-1.__PARA__L3-2.__PIPE__L0-off.__PIPE__L2-off.__TILE__L0-1.__TILE__L2-1,target,query,query,finetune_dataset,data_87.pt,293231.0,harp_hmoe_support_paired,4,50,hmoe_support_paired_seed4,2.5459092,2.715593,0.16968380000000005,0.0,0.07618313,0.07618313,0.0,0.035886887,0.035886887,0.0,-0.004514279,0.004514279,0.01,0.04593426,0.035934259999999996
cdd16cdf46ebaa63,gemm-p,gemm-p,lv2:__PARA__L0-1.__PARA__L1-1.__PARA__L2-2.__PARA__L3-5.__PIPE__L0-off.__PIPE__L2-NA.__TILE__L0-1.__TILE__L2-1,target,query,query,finetune_dataset,data_146.pt,116225.0,harp_hmoe_support_paired,4,50,hmoe_support_paired_seed4,3.2134678,2.939359,0.27410880000000004,0.03,-0.016644187,0.046644187000000004,0.01,0.013392691,0.0033926909999999998,0.02,0.00022044778,0.01977955222,0.03,0.00025388598,0.02974611402
0a84efe097d11970,gemm-p,gemm-p,lv2:__PARA__L0-1.__PARA__L1-1.__PARA__L2-5.__PARA__L3-10.__PIPE__L0-off.__PIPE__L2-off.__TILE__L0-1.__TILE__L2-1,target,query,query,finetune_dataset,data_196.pt,17432.0,harp_hmoe_support_paired,4,50,hmoe_support_paired_seed4,4.582023,4.27495,0.3070730000000008,0.05,0.072172455,0.022172454999999994,0.03,0.032902364,0.0029023640000000045,0.08,0.06620017,0.013799829999999999,0.03,0.067650795,0.037650795
1e61a91755bde15a,gemm-p,gemm-p,lv2:__PARA__L0-1.__PARA__L1-1.__PARA__L2-2.__PARA__L3-5.__PIPE__L0-off.__PIPE__L2-off.__TILE__L0-1.__TILE__L2-2,target,query,query,finetune_dataset,data_148.pt,886860.0,harp_hmoe_support_paired,4,50,hmoe_support_paired_seed4,1.7475749,1.5078559,0.23971900000000002,0.01,0.03095489,0.020954889999999997,0.0,-0.010864528,0.010864528,0.0,-0.0007220283,0.0007220283,0.03,-0.08234929,0.11234929
f89c7dc4eb22e0f6,gemm-p,gemm-p,lv2:__PARA__L0-1.__PARA__L1-1.__PARA__L2-4.__PARA__L3-5.__PIPE__L0-off.__PIPE__L2-off.__TILE__L0-1.__TILE__L2-4,target,query,query,finetune_dataset,data_187.pt,420660.0,harp_hmoe_support_paired,4,50,hmoe_support_paired_seed4,2.2856007,3.0923793,0.8067786000000003,0.01,0.05749636,0.04749636,0.0,0.0052433647,0.0052433647,0.0,0.00674513,0.00674513,0.03,0.0035257936,0.0264742064
7da5b26798a7f840,gemm-p,gemm-p,lv2:__PARA__L0-1.__PARA__L1-1.__PARA__L2-8.__PARA__L3-14.__PIPE__L0-off.__PIPE__L2-off.__TILE__L0-1.__TILE__L2-1,target,query,query,finetune_dataset,data_218.pt,12490.0,harp_hmoe_support_paired,4,50,hmoe_support_paired_seed4,4.8225055,4.741192,0.08131350000000026,0.12,0.12032371,0.00032371000000000483,0.07,0.07800797,0.00800796999999999,0.19,0.15265995,0.037340050000000014,0.01,0.055201054,0.045201054
a500ff984dfff670,gemm-p,gemm-p,lv2:__PARA__L0-1.__PARA__L1-2.__PARA__L2-8.__PARA__L3-70.__PIPE__L0-off.__PIPE__L2-NA.__TILE__L0-1.__TILE__L2-1,target,query,query,finetune_dataset,data_264.pt,13387.0,harp_hmoe_support_paired,4,50,hmoe_support_paired_seed4,4.7724757,4.6229153,0.14956040000000037,0.17,0.14457947,0.025420530000000024,0.12,0.112038314,0.007961685999999996,0.18,0.17515105,0.004848949999999991,0.01,0.0107785165,0.0007785164999999997
66b001d5a20855dc,gemm-p,gemm-p,lv2:__PARA__L0-1.__PARA__L1-1.__PARA__L2-5.__PARA__L3-70.__PIPE__L0-off.__PIPE__L2-off.__TILE__L0-1.__TILE__L2-1,target,query,query,finetune_dataset,data_212.pt,19109.0,harp_hmoe_support_paired,4,50,hmoe_support_paired_seed4,4.515766,3.661256,0.8545100000000003,0.1,0.04796391,0.05203609000000001,0.07,0.015948359,0.05405164100000001,0.11,0.11615753,0.006157529999999994,0.01,0.029924423,0.019924422999999997
396e05dbe851e2f4,gemm-p,gemm-p,lv2:__PARA__L0-1.__PARA__L1-1.__PARA__L2-2.__PARA__L3-14.__PIPE__L0-off.__PIPE__L2-NA.__TILE__L0-1.__TILE__L2-1,target,query,query,finetune_dataset,data_138.pt,108370.0,harp_hmoe_support_paired,4,50,hmoe_support_paired_seed4,3.2639453,3.4110098,0.14706449999999993,0.05,0.03586345,0.014136550000000005,0.02,0.032481078,0.012481077999999996,0.05,0.043075114,0.006924886000000005,0.03,0.021485448,0.008514551999999998
f65b37928b1e91ab,gemm-p,gemm-p,lv2:__PARA__L0-1.__PARA__L1-1.__PARA__L2-20.__PARA__L3-7.__PIPE__L0-off.__PIPE__L2-off.__TILE__L0-1.__TILE__L2-1,target,query,query,finetune_dataset,data_169.pt,15723.0,harp_hmoe_support_paired,4,50,hmoe_support_paired_seed4,4.656454,4.5114336,0.14502039999999994,0.16,0.20312363,0.043123629999999996,0.1,0.08490145,0.015098550000000002,0.25,0.24002221,0.009977789999999986,0.02,0.035138488,0.015138488000000002
2d76745aabbd6108,gemm-p,gemm-p,lv2:__PARA__L0-1.__PARA__L1-2.__PARA__L2-5.__PARA__L3-70.__PIPE__L0-off.__PIPE__L2-off.__TILE__L0-1.__TILE__L2-1,target,query,query,finetune_dataset,data_262.pt,17009.0,harp_hmoe_support_paired,4,50,hmoe_support_paired_seed4,4.599743,3.6781933,0.9215496999999999,0.1,0.048005633,0.05199436700000001,0.07,0.028102253,0.041897747000000006,0.11,0.1447123,0.03471229999999999,0.01,0.0298478,0.0198478
cf80b0e06ab7b3da,gemm-p,gemm-p,lv2:__PARA__L0-1.__PARA__L1-5.__PARA__L2-16.__PARA__L3-1.__PIPE__L0-off.__PIPE__L2-flatten.__TILE__L0-1.__TILE__L2-1,target,query,query,finetune_dataset,data_307.pt,11227.0,harp_hmoe_support_paired,4,50,hmoe_support_paired_seed4,4.899406,4.7535,0.1459060000000001,0.32,0.34629005,0.02629005000000001,0.24,0.18886185,0.05113814999999999,0.36,0.18069491,0.17930509,0.01,0.017195016,0.007195016
6974af566d331d1d,gemm-p,gemm-p,lv2:__PARA__L0-1.__PARA__L1-1.__PARA__L2-16.__PARA__L3-10.__PIPE__L0-off.__PIPE__L2-off.__TILE__L0-1.__TILE__L2-1,target,query,query,finetune_dataset,data_122.pt,12850.0,harp_hmoe_support_paired,4,50,hmoe_support_paired_seed4,4.802008,4.2256794,0.5763286000000001,0.17,0.15823752,0.01176248000000002,0.11,0.117568314,0.007568313999999993,0.27,0.15747502,0.11252498000000002,0.01,0.010319412,0.0003194119999999998
f2a8c232c2c3f39a,gemm-p,gemm-p,lv2:__PARA__L0-1.__PARA__L1-1.__PARA__L2-1.__PARA__L3-8.__PIPE__L0-off.__PIPE__L2-off.__TILE__L0-1.__TILE__L2-1,target,query,query,finetune_dataset,data_100.pt,759409.0,harp_hmoe_support_paired,4,50,hmoe_support_paired_seed4,1.8594896,2.7858193,0.9263296999999999,0.0,0.020419888,0.020419888,0.0,0.019150797,0.019150797,0.0,0.03235212,0.03235212,0.03,0.03263259,0.002632590000000004
fd12076d9b88cbf5,gemm-p,gemm-p,lv2:__PARA__L0-1.__PARA__L1-1.__PARA__L2-2.__PARA__L3-7.__PIPE__L0-off.__PIPE__L2-NA.__TILE__L0-1.__TILE__L2-1,target,query,query,finetune_dataset,data_150.pt,111184.0,harp_hmoe_support_paired,4,50,hmoe_support_paired_seed4,3.2454536,3.0608606,0.184593,0.03,-0.0053529674,0.0353529674,0.01,0.021936897,0.011936897,0.02,0.0122585,0.0077415,0.02,0.013455033,0.0065449670000000005
e3dc96a4e2faf104,gemm-p,gemm-p,lv2:__PARA__L0-2.__PARA__L1-16.__PARA__L2-16.__PARA__L3-1.__PIPE__L0-NA.__PIPE__L2-flatten.__TILE__L0-1.__TILE__L2-1,target,query,query,finetune_dataset,data_363.pt,9307.0,harp_hmoe_support_paired,4,50,hmoe_support_paired_seed4,5.034698,4.863229,0.1714690000000001,0.35,0.2766034,0.07339659999999998,0.24,0.12728506,0.11271493999999999,0.36,0.14629963,0.21370036999999997,0.01,0.013341725,0.0033417250000000003
04ec9beb6b3bb0c6,gemm-p,gemm-p,lv2:__PARA__L0-5.__PARA__L1-32.__PARA__L2-1.__PARA__L3-1.__PIPE__L0-NA.__PIPE__L2-flatten.__TILE__L0-1.__TILE__L2-80,target,query,query,finetune_dataset,data_412.pt,33900.0,harp_hmoe_support_paired,4,50,hmoe_support_paired_seed4,4.1022496,4.108992,0.006742399999999371,0.06,0.05303388,0.006966119999999999,0.02,0.01590759,0.004092410000000001,0.04,0.031152308,0.008847692,0.05,0.046771318,0.0032286820000000035
af015ab4f15ef7af,gemm-p,gemm-p,lv2:__PARA__L0-1.__PARA__L1-8.__PARA__L2-1.__PARA__L3-32.__PIPE__L0-off.__PIPE__L2-off.__TILE__L0-60.__TILE__L2-1,target,query,query,finetune_dataset,data_330.pt,285829.0,harp_hmoe_support_paired,4,50,hmoe_support_paired_seed4,2.564352,2.9780872,0.4137352000000001,0.01,0.012131743,0.002131743,0.0,0.0053294934,0.0053294934,0.01,0.0045948923,0.0054051077,0.05,0.048547745,0.0014522549999999995
062dbc9eb2b08f44,gemm-p,gemm-p,lv2:__PARA__L0-1.__PARA__L1-32.__PARA__L2-1.__PARA__L3-1.__PIPE__L0-NA.__PIPE__L2-flatten.__TILE__L0-4.__TILE__L2-1,target,query,query,finetune_dataset,data_267.pt,33034.0,harp_hmoe_support_paired,4,50,hmoe_support_paired_seed4,4.1209164,4.1135483,0.0073680999999998775,0.06,0.0710501,0.011050100000000007,0.02,0.022228364,0.002228364,0.04,0.079894274,0.039894274,0.05,0.06147653,0.011476529999999999
4675658dc113ab33,gemm-p,gemm-p,lv2:__PARA__L0-4.__PARA__L1-16.__PARA__L2-16.__PARA__L3-1.__PIPE__L0-NA.__PIPE__L2-flatten.__TILE__L0-1.__TILE__L2-1,target,query,query,finetune_dataset,data_403.pt,9642.0,harp_hmoe_support_paired,4,50,hmoe_support_paired_seed4,5.00919,4.7221003,0.2870897000000001,0.35,0.25309843,0.09690156999999999,0.24,0.18133554,0.05866446,0.36,0.2273184,0.13268159999999998,0.01,0.005538702,0.004461298
53e5acb3022b9736,gemm-p,gemm-p,lv2:__PARA__L0-1.__PARA__L1-1.__PARA__L2-1.__PARA__L3-32.__PIPE__L0-off.__PIPE__L2-off.__TILE__L0-1.__TILE__L2-1,target,query,query,finetune_dataset,data_90.pt,289009.0,harp_hmoe_support_paired,4,50,hmoe_support_paired_seed4,2.556371,2.3669,0.18947100000000017,0.01,-0.005218736,0.015218736,0.0,-0.0051798867,0.0051798867,0.0,-0.021770362,0.021770362,0.05,0.047907323,0.002092677000000001
aed5122bfc869490,gemm-p,gemm-p,lv2:__PARA__L0-1.__PARA__L1-16.__PARA__L2-10.__PARA__L3-1.__PIPE__L0-off.__PIPE__L2-flatten.__TILE__L0-60.__TILE__L2-1,target,query,query,finetune_dataset,data_237.pt,11287.0,harp_hmoe_support_paired,4,50,hmoe_support_paired_seed4,4.895561,4.7867746,0.10878639999999962,0.21,0.21111387,0.0011138700000000168,0.15,0.14736152,0.0026384799999999986,0.22,0.16096368,0.05903632,0.01,0.01580286,0.005802859999999998
c4635dea60b4abc3,gemm-p,gemm-p,lv2:__PARA__L0-1.__PARA__L1-1.__PARA__L2-2.__PARA__L3-10.__PIPE__L0-off.__PIPE__L2-off.__TILE__L0-1.__TILE__L2-1,target,query,query,finetune_dataset,data_135.pt,86530.0,harp_hmoe_support_paired,4,50,hmoe_support_paired_seed4,3.426292,3.8094666,0.3831745999999998,0.03,0.048472576,0.018472576000000004,0.02,0.043015365,0.023015365,0.03,0.046611696,0.016611696000000002,0.02,0.048726678,0.028726678000000002
73c8706bbbfe9935,gemm-p,gemm-p,lv2:__PARA__L0-1.__PARA__L1-1.__PARA__L2-2.__PARA__L3-70.__PIPE__L0-off.__PIPE__L2-off.__TILE__L0-1.__TILE__L2-1,target,query,query,finetune_dataset,data_155.pt,35647.0,harp_hmoe_support_paired,4,50,hmoe_support_paired_seed4,4.066002,3.5256703,0.5403317000000003,0.04,-0.038836215,0.078836215,0.02,0.015804414,0.004195586000000001,0.02,0.037864774,0.017864773999999996,0.01,0.005803019,0.004196981
44435f443523b172,gemm-p,gemm-p,lv2:__PARA__L0-1.__PARA__L1-5.__PARA__L2-4.__PARA__L3-1.__PIPE__L0-off.__PIPE__L2-flatten.__TILE__L0-1.__TILE__L2-4,target,query,query,finetune_dataset,data_317.pt,129016.0,harp_hmoe_support_paired,4,50,hmoe_support_paired_seed4,3.138153,3.026997,0.11115599999999981,0.23,0.15817595,0.07182405,0.05,0.010112587,0.039887413000000004,0.05,0.015361041,0.034638959000000004,0.01,0.0031499863,0.0068500137
35ed257ed45696a8,gemm-p,gemm-p,lv2:__PARA__L0-1.__PARA__L1-1.__PARA__L2-10.__PARA__L3-5.__PIPE__L0-off.__PIPE__L2-NA.__TILE__L0-1.__TILE__L2-1,target,query,query,finetune_dataset,data_112.pt,38704.0,harp_hmoe_support_paired,4,50,hmoe_support_paired_seed4,4.006651,4.005454,0.0011969999999994485,0.11,0.13992637,0.029926369999999994,0.05,0.061097328,0.011097327999999997,0.1,0.100185454,0.00018545399999998768,0.03,0.025613368,0.004386631999999998
ab19489e81b4ba29,gemm-p,gemm-p,lv2:__PARA__L0-30.__PARA__L1-16.__PARA__L2-16.__PARA__L3-1.__PIPE__L0-off.__PIPE__L2-flatten.__TILE__L0-1.__TILE__L2-1,target,query,query,finetune_dataset,data_386.pt,14659.0,harp_hmoe_support_paired,4,50,hmoe_support_paired_seed4,4.706999,4.2490754,0.4579236,0.35,0.29851383,0.05148617,0.24,0.30045876,0.06045876,0.36,0.22099513,0.13900486999999997,0.01,0.028225064,0.018225064
2124445063c91060,gemm-p,gemm-p,lv2:__PARA__L0-2.__PARA__L1-16.__PARA__L2-1.__PARA__L3-1.__PIPE__L0-off.__PIPE__L2-flatten.__TILE__L0-1.__TILE__L2-80,target,query,query,finetune_dataset,data_360.pt,31451.0,harp_hmoe_support_paired,4,50,hmoe_support_paired_seed4,4.156339,4.458664,0.30232499999999973,0.05,0.08838051,0.03838050999999999,0.02,0.0072084107,0.0127915893,0.02,0.023263037,0.003263037,0.05,0.050456792,0.00045679199999999753
ab4496d8f92da597,gemm-p,gemm-p,lv2:__PARA__L0-5.__PARA__L1-32.__PARA__L2-10.__PARA__L3-1.__PIPE__L0-off.__PIPE__L2-flatten.__TILE__L0-1.__TILE__L2-8,target,query,query,finetune_dataset,data_415.pt,10100.0,harp_hmoe_support_paired,4,50,hmoe_support_paired_seed4,4.9757147,5.1249866,0.14927189999999957,0.23,0.26219636,0.03219636000000001,0.16,0.13595599,0.024044010000000005,0.22,0.07579705,0.14420295,0.01,0.022682667,0.012682667
c0d84603c29fbddb,gemm-p,gemm-p,lv2:__PARA__L0-1.__PARA__L1-1.__PARA__L2-8.__PARA__L3-5.__PIPE__L0-off.__PIPE__L2-NA.__TILE__L0-1.__TILE__L2-1,target,query,query,finetune_dataset,data_223.pt,43865.0,harp_hmoe_support_paired,4,50,hmoe_support_paired_seed4,3.916357,3.9171355,0.0007785000000000153,0.08,0.11972623,0.03972623,0.04,0.044849996,0.004849996000000002,0.08,0.048475176,0.031524824,0.04,0.030202389,0.009797611000000001
91f52fdd15496b79,gemm-p,gemm-p,lv2:__PARA__L0-1.__PARA__L1-1.__PARA__L2-10.__PARA__L3-14.__PIPE__L0-off.__PIPE__L2-NA.__TILE__L0-1.__TILE__L2-1,target,query,query,finetune_dataset,data_106.pt,35890.0,harp_hmoe_support_paired,4,50,hmoe_support_paired_seed4,4.061101,4.2357063,0.17460530000000052,0.22,0.1217274,0.0982726,0.1,0.085685015,0.014314985000000002,0.24,0.3122926,0.07229259999999998,0.01,0.017279327,0.007279327
bc4453f06ff6a731,gemm-p,gemm-p,lv2:__PARA__L0-3.__PARA__L1-32.__PARA__L2-16.__PARA__L3-1.__PIPE__L0-off.__PIPE__L2-flatten.__TILE__L0-1.__TILE__L2-1,target,query,query,finetune_dataset,data_385.pt,9321.0,harp_hmoe_support_paired,4,50,hmoe_support_paired_seed4,5.0336137,4.880432,0.1531817000000002,0.35,0.22905749,0.12094250999999998,0.24,0.11138001,0.12861999,0.36,0.1476174,0.21238259999999998,0.01,0.032068074,0.022068074
f8eced5bda6750eb,gemm-p,gemm-p,lv2:__PARA__L0-1.__PARA__L1-1.__PARA__L2-8.__PARA__L3-10.__PIPE__L0-off.__PIPE__L2-NA.__TILE__L0-1.__TILE__L2-1,target,query,query,finetune_dataset,data_214.pt,41050.0,harp_hmoe_support_paired,4,50,hmoe_support_paired_seed4,3.964201,4.1495676,0.18536660000000005,0.13,0.13339168,0.003391680000000008,0.06,0.08040744,0.02040744,0.14,0.09594962,0.044050380000000014,0.05,0.05525464,0.005254639999999998
2094e4f1edf458d2,gemm-p,gemm-p,lv2:__PARA__L0-1.__PARA__L1-5.__PARA__L2-10.__PARA__L3-1.__PIPE__L0-off.__PIPE__L2-flatten.__TILE__L0-1.__TILE__L2-2,target,query,query,finetune_dataset,data_305.pt,111135.0,harp_hmoe_support_paired,4,50,hmoe_support_paired_seed4,3.2457714,3.5927732,0.3470017999999997,0.44,0.34942597,0.09057403000000003,0.18,0.031601492,0.14839850799999998,0.61,0.10386893,0.50613107,0.0,-0.006970318,0.006970318
230bcf10aafe80b9,gemm-p,gemm-p,lv2:__PARA__L0-1.__PARA__L1-1.__PARA__L2-16.__PARA__L3-5.__PIPE__L0-off.__PIPE__L2-off.__TILE__L0-1.__TILE__L2-1,target,query,query,finetune_dataset,data_128.pt,16504.0,harp_hmoe_support_paired,4,50,hmoe_support_paired_seed4,4.6214843,4.619379,0.0021052999999993105,0.09,0.16009873,0.07009873,0.06,0.06925249,0.009252490000000002,0.14,0.14080054,0.0008005399999999885,0.06,0.017878234,0.042121766
690088eff0fba4fd,gemm-p,gemm-p,lv2:__PARA__L0-1.__PARA__L1-1.__PARA__L2-16.__PARA__L3-70.__PIPE__L0-off.__PIPE__L2-NA.__TILE__L0-1.__TILE__L2-1,target,query,query,finetune_dataset,data_131.pt,14587.0,harp_hmoe_support_paired,4,50,hmoe_support_paired_seed4,4.7105503,4.8596735,0.1491232,0.32,0.28504533,0.03495467000000002,0.24,0.14045367,0.09954632999999999,0.36,0.36777744,0.007777440000000024,0.01,-0.0016638489,0.0116638489
2040c35f05b537b6,gemm-p,gemm-p,lv2:__PARA__L0-1.__PARA__L1-1.__PARA__L2-4.__PARA__L3-5.__PIPE__L0-off.__PIPE__L2-off.__TILE__L0-1.__TILE__L2-2,target,query,query,finetune_dataset,data_186.pt,592860.0,harp_hmoe_support_paired,4,50,hmoe_support_paired_seed4,2.0380824,2.5265949,0.4885125000000001,0.01,0.049460106,0.039460105999999995,0.0,-0.019472905,0.019472905,0.0,0.0026966035,0.0026966035,0.03,0.0070281625,0.022971837499999998
fd3c61ae7f95e064,jacobi-2d,jacobi-2d,lv2:__PARA__L0-1.__PARA__L1-1.__PARA__L2-1.__PARA__L3-4.__PARA__L4-11.__PIPE__L0-off.__PIPE__L1-off.__PIPE__L2-off.__TILE__L0-1.__TILE__L1-1.__TILE__L2-1,target,query,query,finetune_dataset,data_701.pt,322404.0,harp_hmoe_support_paired,4,50,hmoe_support_paired_seed4,2.4774933,1.3488255,1.1286677999999999,0.03,0.010499768,0.019500232,0.01,-0.0300517,0.0400517,0.01,0.004250407,0.005749593,0.03,0.012819916,0.017180083999999998
edff4791f18c4a83,jacobi-2d,jacobi-2d,lv2:__PARA__L0-1.__PARA__L1-8.__PARA__L2-1.__PARA__L3-1.__PARA__L4-4.__PIPE__L0-off.__PIPE__L1-flatten.__PIPE__L2-NA.__TILE__L0-1.__TILE__L1-1.__TILE__L2-8,target,query,query,finetune_dataset,data_909.pt,3935321.0,harp_hmoe_support_paired,4,50,hmoe_support_paired_seed4,0.6727234,0.85487795,0.18215455000000003,2.18,2.3970876,0.21708759999999971,1.0,0.99400854,0.0059914599999999485,2.07,2.320311,0.25031099999999995,0.0,-0.0063696625,0.0063696625
4380ae31aa9f6517,jacobi-2d,jacobi-2d,lv2:__PARA__L0-1.__PARA__L1-4.__PARA__L2-4.__PARA__L3-8.__PARA__L4-8.__PIPE__L0-off.__PIPE__L1-NA.__PIPE__L2-NA.__TILE__L0-40.__TILE__L1-1.__TILE__L2-1,target,query,query,finetune_dataset,data_901.pt,4399241.0,harp_hmoe_support_paired,4,50,hmoe_support_paired_seed4,0.5923367,0.67570746,0.08337075999999999,0.05,0.06252157,0.012521569999999996,0.02,0.020396266,0.0003962659999999993,0.05,0.07571581,0.02571580999999999,0.0,0.0020698905,0.0020698905
53885ac3842ab290,jacobi-2d,jacobi-2d,lv2:__PARA__L0-1.__PARA__L1-1.__PARA__L2-1.__PARA__L3-8.__PARA__L4-8.__PIPE__L0-off.__PIPE__L1-off.__PIPE__L2-NA.__TILE__L0-1.__TILE__L1-88.__TILE__L2-2,target,query,query,finetune_dataset,data_719.pt,4035721.0,harp_hmoe_support_paired,4,50,hmoe_support_paired_seed4,0.65455085,0.6576047,0.0030538500000000246,0.05,0.034344487,0.015655513000000003,0.02,-0.0015788082,0.0215788082,0.05,0.030963838,0.019036162000000002,0.0,-0.0013469914,0.0013469914
cc7165117e2f0399,jacobi-2d,jacobi-2d,lv2:__PARA__L0-1.__PARA__L1-2.__PARA__L2-1.__PARA__L3-8.__PARA__L4-8.__PIPE__L0-off.__PIPE__L1-off.__PIPE__L2-off.__TILE__L0-40.__TILE__L1-1.__TILE__L2-1,target,query,query,finetune_dataset,data_823.pt,2234324.0,harp_hmoe_support_paired,4,50,hmoe_support_paired_seed4,1.0810448,1.2340366,0.15299180000000012,0.04,0.034463815,0.005536184999999999,0.02,0.004493598,0.015506402,0.03,0.029085308,0.0009146919999999982,0.01,0.011119902,0.001119901999999999
bb70c3f8edfae14e,jacobi-2d,jacobi-2d,lv2:__PARA__L0-1.__PARA__L1-22.__PARA__L2-2.__PARA__L3-1.__PARA__L4-1.__PIPE__L0-off.__PIPE__L1-off.__PIPE__L2-flatten.__TILE__L0-1.__TILE__L1-1.__TILE__L2-8,target,query,query,finetune_dataset,data_877.pt,4385921.0,harp_hmoe_support_paired,4,50,hmoe_support_paired_seed4,0.59452415,0.8138133,0.21928914999999993,0.87,0.8130701,0.05692989999999998,0.38,0.413288,0.033287999999999984,0.77,0.8527813,0.08278129999999995,0.04,0.03272204,0.00727796
3fcc998748c8d376,jacobi-2d,jacobi-2d,lv2:__PARA__L0-1.__PARA__L1-1.__PARA__L2-22.__PARA__L3-8.__PARA__L4-8.__PIPE__L0-off.__PIPE__L1-off.__PIPE__L2-NA.__TILE__L0-40.__TILE__L1-1.__TILE__L2-1,target,query,query,finetune_dataset,data_772.pt,2355924.0,harp_hmoe_support_paired,4,50,hmoe_support_paired_seed4,1.0428176,1.0597761,0.0169585000000001,0.04,0.021977179,0.018022821,0.01,0.017755691,0.007755691,0.03,0.027444035,0.0025559650000000003,0.02,0.030612618,0.010612618
1e0930d3a442aea0,jacobi-2d,jacobi-2d,lv2:__PARA__L0-1.__PARA__L1-1.__PARA__L2-1.__PARA__L3-2.__PARA__L4-11.__PIPE__L0-off.__PIPE__L1-off.__PIPE__L2-off.__TILE__L0-1.__TILE__L1-1.__TILE__L2-1,target,query,query,finetune_dataset,data_690.pt,554684.0,harp_hmoe_support_paired,4,50,hmoe_support_paired_seed4,2.086095,1.2855082,0.8005867999999998,0.04,0.008963279,0.031036721000000003,0.01,-0.033919837,0.043919837,0.01,0.0065455437,0.0034544563000000004,0.03,0.015846238,0.014153762
abaaf405e8d7c365,jacobi-2d,jacobi-2d,lv2:__PARA__L0-1.__PARA__L1-1.__PARA__L2-1.__PARA__L3-8.__PARA__L4-8.__PIPE__L0-off.__PIPE__L1-off.__PIPE__L2-off.__TILE__L0-40.__TILE__L1-1.__TILE__L2-1,target,query,query,finetune_dataset,data_728.pt,238164.0,harp_hmoe_support_paired,4,50,hmoe_support_paired_seed4,2.6959505,1.4467778,1.2491727,0.03,0.01827722,0.011722779999999999,0.01,0.0030692257,0.0069307743,0.0,0.017480224,0.017480224,0.02,0.010173351,0.009826649
3f5754af4892a908,jacobi-2d,jacobi-2d,lv2:__PARA__L0-1.__PARA__L1-1.__PARA__L2-1.__PARA__L3-1.__PARA__L4-32.__PIPE__L0-off.__PIPE__L1-flatten.__PIPE__L2-NA.__TILE__L0-1.__TILE__L1-1.__TILE__L2-8,target,query,query,finetune_dataset,data_671.pt,5518961.0,harp_hmoe_support_paired,4,50,hmoe_support_paired_seed4,0.4287657,2.2902377,1.861472,0.33,0.39073622,0.06073622000000001,0.15,0.61687124,0.46687124,0.33,0.3793637,0.04936370000000001,0.37,0.1568212,0.2131788
ecca3737fdfbc6d8,jacobi-2d,jacobi-2d,lv2:__PARA__L0-1.__PARA__L1-4.__PARA__L2-2.__PARA__L3-1.__PARA__L4-1.__PIPE__L0-off.__PIPE__L1-off.__PIPE__L2-flatten.__TILE__L0-1.__TILE__L1-1.__TILE__L2-8,target,query,query,finetune_dataset,data_894.pt,4272001.0,harp_hmoe_support_paired,4,50,hmoe_support_paired_seed4,0.61350805,0.5539069,0.05960114999999999,0.87,0.9379105,0.06791049999999998,0.38,0.41977572,0.039775720000000014,0.77,0.8028641,0.03286409999999995,0.04,0.07437536,0.03437536
5f0886c92e87a8b7,jacobi-2d,jacobi-2d,lv2:__PARA__L0-1.__PARA__L1-1.__PARA__L2-2.__PARA__L3-4.__PARA__L4-1.__PIPE__L0-off.__PIPE__L1-off.__PIPE__L2-flatten.__TILE__L0-1.__TILE__L1-8.__TILE__L2-8,target,query,query,finetune_dataset,data_759.pt,4087761.0,harp_hmoe_support_paired,4,50,hmoe_support_paired_seed4,0.6453086,0.60370207,0.04160653000000003,0.87,0.8705402,0.0005401999999999907,0.39,0.39153212,0.0015321199999999702,0.78,0.7970127,0.01701269999999999,0.0,0.06065668,0.06065668
c3d4e0296ac15d18,jacobi-2d,jacobi-2d,lv2:__PARA__L0-1.__PARA__L1-2.__PARA__L2-4.__PARA__L3-8.__PARA__L4-8.__PIPE__L0-off.__PIPE__L1-NA.__PIPE__L2-off.__TILE__L0-40.__TILE__L1-1.__TILE__L2-1,target,query,query,finetune_dataset,data_861.pt,4390681.0,harp_hmoe_support_paired,4,50,hmoe_support_paired_seed4,0.5937417,0.6619603,0.06821859999999991,0.05,0.05591195,0.005911949999999999,0.02,0.024955396,0.004955396000000001,0.05,0.07057443,0.02057442999999999,0.0,0.016895369,0.016895369
7c1dc00b3bf4a5f3,jacobi-2d,jacobi-2d,lv2:__PARA__L0-1.__PARA__L1-2.__PARA__L2-22.__PARA__L3-8.__PARA__L4-8.__PIPE__L0-off.__PIPE__L1-off.__PIPE__L2-off.__TILE__L0-1.__TILE__L1-1.__TILE__L2-4,target,query,query,finetune_dataset,data_856.pt,4504601.0,harp_hmoe_support_paired,4,50,hmoe_support_paired_seed4,0.5752644,0.88002366,0.30475926,0.05,0.059909515,0.009909515,0.02,0.019656185,0.0003438150000000008,0.05,0.04554929,0.0044507100000000036,0.01,0.002806604,0.007193396
8b485ae83504393c,jacobi-2d,jacobi-2d,lv2:__PARA__L0-1.__PARA__L1-1.__PARA__L2-1.__PARA__L3-2.__PARA__L4-22.__PIPE__L0-off.__PIPE__L1-off.__PIPE__L2-off.__TILE__L0-1.__TILE__L1-1.__TILE__L2-1,target,query,query,finetune_dataset,data_694.pt,512484.0,harp_hmoe_support_paired,4,50,hmoe_support_paired_seed4,2.1431746,1.7116257,0.4315489000000001,0.07,0.05126994,0.018730060000000007,0.02,0.00029833242,0.019701667580000002,0.02,0.05272174,0.03272174,0.05,0.04690981,0.0030901899999999996
e0672c2d77aa4712,jacobi-2d,jacobi-2d,lv2:__PARA__L0-1.__PARA__L1-4.__PARA__L2-2.__PARA__L3-8.__PARA__L4-8.__PIPE__L0-off.__PIPE__L1-NA.__PIPE__L2-off.__TILE__L0-1.__TILE__L1-1.__TILE__L2-1,target,query,query,finetune_dataset,data_897.pt,4390681.0,harp_hmoe_support_paired,4,50,hmoe_support_paired_seed4,0.5937417,0.75526094,0.16151923999999995,0.05,0.063488655,0.013488655000000002,0.02,0.0067048706,0.013295129400000001,0.05,0.06082496,0.010824959999999995,0.0,-0.0035419175,0.0035419175
9989bcc5a4c88281,jacobi-2d,jacobi-2d,lv2:__PARA__L0-1.__PARA__L1-1.__PARA__L2-1.__PARA__L3-11.__PARA__L4-1.__PIPE__L0-off.__PIPE__L1-off.__PIPE__L2-off.__TILE__L0-1.__TILE__L1-1.__TILE__L2-1,target,query,query,finetune_dataset,data_680.pt,963004.0,harp_hmoe_support_paired,4,50,hmoe_support_paired_seed4,1.6881572,1.875356,0.1871988,0.05,0.03497284,0.015027160000000005,0.02,0.032448027,0.012448026999999997,0.03,0.0373604,0.007360400000000003,0.03,0.041654974,0.011654973999999999
c5fee3c012b75f16,jacobi-2d,jacobi-2d,lv2:__PARA__L0-1.__PARA__L1-2.__PARA__L2-2.__PARA__L3-8.__PARA__L4-8.__PIPE__L0-off.__PIPE__L1-NA.__PIPE__L2-off.__TILE__L0-1.__TILE__L1-1.__TILE__L2-1,target,query,query,finetune_dataset,data_840.pt,4382121.0,harp_hmoe_support_paired,4,50,hmoe_support_paired_seed4,0.5951494,0.77815497,0.18300556999999995,0.05,0.05258649,0.002586489999999997,0.02,0.0010404326,0.018959567400000002,0.05,0.056435198,0.006435197999999996,0.0,0.004033312,0.004033312
27b6de971e060e79,jacobi-2d,jacobi-2d,lv2:__PARA__L0-1.__PARA__L1-4.__PARA__L2-11.__PARA__L3-1.__PARA__L4-4.__PIPE__L0-off.__PIPE__L1-flatten.__PIPE__L2-NA.__TILE__L0-1.__TILE__L1-8.__TILE__L2-8,target,query,query,finetune_dataset,data_892.pt,4421441.0,harp_hmoe_support_paired,4,50,hmoe_support_paired_seed4,0.5887057,0.713332,0.12462629999999997,1.46,1.361989,0.09801100000000007,0.65,0.65307754,0.0030775399999999342,1.29,1.2095485,0.08045150000000012,0.0,-0.016384229,0.016384229
c47c75864cb27766,jacobi-2d,jacobi-2d,lv2:__PARA__L0-1.__PARA__L1-1.__PARA__L2-2.__PARA__L3-8.__PARA__L4-1.__PIPE__L0-off.__PIPE__L1-NA.__PIPE__L2-flatten.__TILE__L0-1.__TILE__L1-8.__TILE__L2-8,target,query,query,finetune_dataset,data_760.pt,4087761.0,harp_hmoe_support_paired,4,50,hmoe_support_paired_seed4,0.6453086,0.5885474,0.056761199999999956,0.89,0.9053864,0.015386400000000022,0.39,0.38392466,0.00607534000000004,0.79,0.78766406,0.0023359400000000363,0.0,0.08404313,0.08404313
5214d99fdeb11110,jacobi-2d,jacobi-2d,lv2:__PARA__L0-1.__PARA__L1-4.__PARA__L2-4.__PARA__L3-8.__PARA__L4-8.__PIPE__L0-off.__PIPE__L1-NA.__PIPE__L2-off.__TILE__L0-1.__TILE__L1-1.__TILE__L2-1,target,query,query,finetune_dataset,data_902.pt,4399241.0,harp_hmoe_support_paired,4,50,hmoe_support_paired_seed4,0.5923367,0.65798974,0.06565303999999994,0.05,0.058066063,0.008066062999999998,0.02,0.024553124,0.004553123999999999,0.05,0.068683565,0.018683565,0.0,0.006399691,0.006399691
8a2ebf18dd65c202,jacobi-2d,jacobi-2d,lv2:__PARA__L0-1.__PARA__L1-2.__PARA__L2-22.__PARA__L3-8.__PARA__L4-8.__PIPE__L0-off.__PIPE__L1-NA.__PIPE__L2-NA.__TILE__L0-1.__TILE__L1-1.__TILE__L2-4,target,query,query,finetune_dataset,data_847.pt,4504601.0,harp_hmoe_support_paired,4,50,hmoe_support_paired_seed4,0.5752644,0.886587,0.3113226,0.05,0.08037477,0.030374769999999995,0.02,0.021707121,0.001707120999999999,0.05,0.045966297,0.004033703,0.01,-0.0056521,0.015652100000000002
6671db5a69291d3f,jacobi-2d,jacobi-2d,lv2:__PARA__L0-1.__PARA__L1-1.__PARA__L2-2.__PARA__L3-1.__PARA__L4-1.__PIPE__L0-off.__PIPE__L1-off.__PIPE__L2-flatten.__TILE__L0-1.__TILE__L1-4.__TILE__L2-8,target,query,query,finetune_dataset,data_739.pt,4093361.0,harp_hmoe_support_paired,4,50,hmoe_support_paired_seed4,0.6443211,0.5220509,0.1222702,0.65,0.9398305,0.2898305,0.3,0.4367346,0.13673459999999998,0.62,0.8476275,0.22762749999999998,0.04,0.050115407,0.010115407
3c2f528b154993a7,jacobi-2d,jacobi-2d,lv2:__PARA__L0-1.__PARA__L1-11.__PARA__L2-2.__PARA__L3-1.__PARA__L4-1.__PIPE__L0-off.__PIPE__L1-NA.__PIPE__L2-flatten.__TILE__L0-1.__TILE__L1-8.__TILE__L2-8,target,query,query,finetune_dataset,data_787.pt,4315161.0,harp_hmoe_support_paired,4,50,hmoe_support_paired_seed4,0.60625684,0.54136896,0.06488788000000001,0.65,0.8990168,0.24901679999999993,0.3,0.40814328,0.10814328000000001,0.62,0.7686533,0.1486533,0.04,0.06137243,0.021372429999999998
8cb79764b6680f04,jacobi-2d,jacobi-2d,lv2:__PARA__L0-1.__PARA__L1-22.__PARA__L2-2.__PARA__L3-32.__PARA__L4-1.__PIPE__L0-off.__PIPE__L1-NA.__PIPE__L2-flatten.__TILE__L0-1.__TILE__L1-4.__TILE__L2-8,target,query,query,finetune_dataset,data_883.pt,5967801.0,harp_hmoe_support_paired,4,50,hmoe_support_paired_seed4,0.37236434,0.49731562,0.12495128,0.95,0.84644777,0.10355222999999991,0.42,0.391259,0.02874099999999996,0.86,0.7748258,0.08517419999999998,0.11,0.077869475,0.03213052500000001
56c9d9d6a71bf7c1,jacobi-2d,jacobi-2d,lv2:__PARA__L0-1.__PARA__L1-8.__PARA__L2-2.__PARA__L3-1.__PARA__L4-1.__PIPE__L0-off.__PIPE__L1-off.__PIPE__L2-flatten.__TILE__L0-1.__TILE__L1-1.__TILE__L2-8,target,query,query,finetune_dataset,data_911.pt,4295721.0,harp_hmoe_support_paired,4,50,hmoe_support_paired_seed4,0.6095139,0.57243776,0.037076140000000035,0.87,0.9360687,0.06606869999999998,0.38,0.40866825,0.028668250000000006,0.77,0.8062657,0.036265699999999956,0.04,0.06745443,0.027454429999999995
5fcf77dcebfbbb45,jacobi-2d,jacobi-2d,lv2:__PARA__L0-1.__PARA__L1-2.__PARA__L2-11.__PARA__L3-8.__PARA__L4-8.__PIPE__L0-off.__PIPE__L1-off.__PIPE__L2-NA.__TILE__L0-40.__TILE__L1-1.__TILE__L2-1,target,query,query,finetune_dataset,data_833.pt,4434121.0,harp_hmoe_support_paired,4,50,hmoe_support_paired_seed4,0.58664,0.6360772,0.04943719999999996,0.05,0.035508327,0.014491673000000004,0.02,0.03408939,0.014089389999999997,0.05,0.03663966,0.013360340000000005,0.01,0.0015973151,0.0084026849
e6572b9f45380988,jacobi-2d,jacobi-2d,lv2:__PARA__L0-1.__PARA__L1-2.__PARA__L2-2.__PARA__L3-1.__PARA__L4-1.__PIPE__L0-off.__PIPE__L1-off.__PIPE__L2-flatten.__TILE__L0-1.__TILE__L1-1.__TILE__L2-8,target,query,query,finetune_dataset,data_837.pt,4263441.0,harp_hmoe_support_paired,4,50,hmoe_support_paired_seed4,0.6149549,0.5886945,0.02626039999999996,0.87,0.9594111,0.08941109999999997,0.38,0.4420769,0.06207689999999999,0.77,0.8171159,0.04711589999999999,0.04,0.07385582,0.03385582
ce3f95c322d7a06b,jacobi-2d,jacobi-2d,lv2:__PARA__L0-1.__PARA__L1-1.__PARA__L2-11.__PARA__L3-8.__PARA__L4-8.__PIPE__L0-off.__PIPE__L1-off.__PIPE__L2-NA.__TILE__L0-1.__TILE__L1-88.__TILE__L2-8,target,query,query,finetune_dataset,data_731.pt,2285444.0,harp_hmoe_support_paired,4,50,hmoe_support_paired_seed4,1.0647268,0.69745326,0.3672735400000001,0.04,0.05097585,0.010975850000000002,0.01,0.0031607784,0.006839221600000001,0.03,0.02869004,0.001309959999999999,0.02,0.009748757,0.010251243
944f6867f11d504d,jacobi-2d,jacobi-2d,lv2:__PARA__L0-1.__PARA__L1-1.__PARA__L2-1.__PARA__L3-4.__PARA__L4-2.__PIPE__L0-off.__PIPE__L1-off.__PIPE__L2-off.__TILE__L0-1.__TILE__L1-1.__TILE__L2-1,target,query,query,finetune_dataset,data_704.pt,702484.0,harp_hmoe_support_paired,4,50,hmoe_support_paired_seed4,1.9156954,1.8025829,0.11311249999999995,0.01,0.020055942,0.010055942,0.0,0.019756172,0.019756172,0.0,0.02883327,0.02883327,0.02,0.020786434,0.000786433999999999
620a3218c1a7f9c8,jacobi-2d,jacobi-2d,lv2:__PARA__L0-1.__PARA__L1-11.__PARA__L2-2.__PARA__L3-4.__PARA__L4-1.__PIPE__L0-off.__PIPE__L1-NA.__PIPE__L2-flatten.__TILE__L0-1.__TILE__L1-8.__TILE__L2-8,target,query,query,finetune_dataset,data_800.pt,4315441.0,harp_hmoe_support_paired,4,50,hmoe_support_paired_seed4,0.60621005,0.66982573,0.06361568000000006,0.87,0.87778896,0.007788959999999956,0.39,0.39559183,0.005591829999999964,0.78,0.8107892,0.03078919999999996,0.0,0.04807204,0.04807204
0d657aedc09afe78,jacobi-2d,jacobi-2d,lv2:__PARA__L0-1.__PARA__L1-1.__PARA__L2-2.__PARA__L3-4.__PARA__L4-1.__PIPE__L0-off.__PIPE__L1-NA.__PIPE__L2-flatten.__TILE__L0-1.__TILE__L1-8.__TILE__L2-8,target,query,query,finetune_dataset,data_757.pt,4087761.0,harp_hmoe_support_paired,4,50,hmoe_support_paired_seed4,0.6453086,0.589964,0.055344599999999966,0.87,0.90310425,0.03310425000000006,0.39,0.39097312,0.000973119999999994,0.78,0.81427073,0.03427073000000003,0.0,0.07512984,0.07512984
636bf2d9ed70951a,jacobi-2d,jacobi-2d,lv2:__PARA__L0-1.__PARA__L1-4.__PARA__L2-88.__PARA__L3-8.__PARA__L4-8.__PIPE__L0-off.__PIPE__L1-NA.__PIPE__L2-off.__TILE__L0-1.__TILE__L1-1.__TILE__L2-1,target,query,query,finetune_dataset,data_908.pt,4370161.0,harp_hmoe_support_paired,4,50,hmoe_support_paired_seed4,0.5971208,0.60137945,0.0042586500000000305,2.0,0.11484461,1.88515539,0.93,0.055584285,0.874415715,2.08,0.019362628,2.060637372,0.0,0.07222167,0.07222167
e05942ec253636bc,jacobi-2d,jacobi-2d,lv2:__PARA__L0-1.__PARA__L1-2.__PARA__L2-22.__PARA__L3-8.__PARA__L4-8.__PIPE__L0-off.__PIPE__L1-off.__PIPE__L2-NA.__TILE__L0-1.__TILE__L1-1.__TILE__L2-4,target,query,query,finetune_dataset,data_853.pt,4504601.0,harp_hmoe_support_paired,4,50,hmoe_support_paired_seed4,0.5752644,0.88032305,0.30505865,0.05,0.06964909,0.019649089999999994,0.02,0.018581126,0.0014188740000000005,0.05,0.043961123,0.006038877000000005,0.01,-0.004147191,0.014147191
5a0b2bc64691d41e,jacobi-2d,jacobi-2d,lv2:__PARA__L0-1.__PARA__L1-11.__PARA__L2-2.__PARA__L3-11.__PARA__L4-1.__PIPE__L0-off.__PIPE__L1-NA.__PIPE__L2-flatten.__TILE__L0-1.__TILE__L1-8.__TILE__L2-8,target,query,query,finetune_dataset,data_790.pt,4315441.0,harp_hmoe_support_paired,4,50,hmoe_support_paired_seed4,0.60621005,0.6131443,0.006934250000000031,0.9,0.8923752,0.007624799999999987,0.4,0.40485257,0.0048525700000000005,0.8,0.7868997,0.013100300000000065,0.04,0.04763621,0.0076362099999999974
ee77ecc8d3d341ab,jacobi-2d,jacobi-2d,lv2:__PARA__L0-1.__PARA__L1-1.__PARA__L2-2.__PARA__L3-16.__PARA__L4-1.__PIPE__L0-off.__PIPE__L1-NA.__PIPE__L2-flatten.__TILE__L0-1.__TILE__L1-8.__TILE__L2-8,target,query,query,finetune_dataset,data_745.pt,5669521.0,harp_hmoe_support_paired,4,50,hmoe_support_paired_seed4,0.40935063,0.72152567,0.31217504,0.9,0.8860027,0.01399729999999999,0.4,0.35755777,0.042442230000000025,0.81,0.7767515,0.033248500000000014,0.04,0.05118832,0.011188320000000002
3258eff57f70b64a,jacobi-2d,jacobi-2d,lv2:__PARA__L0-1.__PARA__L1-4.__PARA__L2-8.__PARA__L3-8.__PARA__L4-8.__PIPE__L0-off.__PIPE__L1-NA.__PIPE__L2-NA.__TILE__L0-1.__TILE__L1-1.__TILE__L2-1,target,query,query,finetune_dataset,data_904.pt,4422961.0,harp_hmoe_support_paired,4,50,hmoe_support_paired_seed4,0.58845776,0.62378097,0.03532320999999994,0.05,0.055128984,0.005128983999999996,0.02,0.038599346,0.018599346,0.05,0.060365796,0.010365795999999997,0.01,-0.0026017497,0.0126017497
325879767ea9ec0f,jacobi-2d,jacobi-2d,lv2:__PARA__L0-1.__PARA__L1-1.__PARA__L2-2.__PARA__L3-32.__PARA__L4-1.__PIPE__L0-off.__PIPE__L1-NA.__PIPE__L2-flatten.__TILE__L0-1.__TILE__L1-8.__TILE__L2-8,target,query,query,finetune_dataset,data_754.pt,5668321.0,harp_hmoe_support_paired,4,50,hmoe_support_paired_seed4,0.4095033,0.43645686,0.026953559999999988,0.95,0.85439223,0.09560776999999998,0.43,0.35780674,0.07219325999999998,0.85,0.7428868,0.10711320000000002,0.12,0.098697215,0.02130278499999999
8f57bbdd423a8183,jacobi-2d,jacobi-2d,lv2:__PARA__L0-1.__PARA__L1-1.__PARA__L2-1.__PARA__L3-8.__PARA__L4-16.__PIPE__L0-off.__PIPE__L1-off.__PIPE__L2-NA.__TILE__L0-1.__TILE__L1-1.__TILE__L2-1,target,query,query,finetune_dataset,data_712.pt,616564.0,harp_hmoe_support_paired,4,50,hmoe_support_paired_seed4,2.0098028,1.9823472,0.027455600000000135,0.07,0.06097012,0.009029880000000004,0.03,-0.01339455,0.04339455,0.03,0.041066945,0.011066945000000002,0.07,0.028242588,0.04175741200000001
4d5b93abc2d35ad2,jacobi-2d,jacobi-2d,lv2:__PARA__L0-1.__PARA__L1-2.__PARA__L2-1.__PARA__L3-8.__PARA__L4-8.__PIPE__L0-off.__PIPE__L1-off.__PIPE__L2-NA.__TILE__L0-1.__TILE__L1-1.__TILE__L2-4,target,query,query,finetune_dataset,data_816.pt,4213281.0,harp_hmoe_support_paired,4,50,hmoe_support_paired_seed4,0.623492,0.5856846,0.037807400000000047,0.05,0.037554435,0.012445565000000006,0.02,-0.0097227255,0.029722725499999998,0.05,0.039368927,0.010631073000000005,0.0,0.014126286,0.014126286
4e0f6fce3df978a0,jacobi-2d,jacobi-2d,lv2:__PARA__L0-1.__PARA__L1-1.__PARA__L2-2.__PARA__L3-1.__PARA__L4-1.__PIPE__L0-off.__PIPE__L1-off.__PIPE__L2-flatten.__TILE__L0-1.__TILE__L1-88.__TILE__L2-8,target,query,query,finetune_dataset,data_741.pt,4301521.0,harp_hmoe_support_paired,4,50,hmoe_support_paired_seed4,0.6085406,0.48815364,0.12038695999999999,0.65,0.98139113,0.33139113,0.29,0.44574627,0.15574627000000002,0.61,0.8541881,0.24418810000000002,0.04,0.09639895,0.056398949999999996
06b4e10354d508a4,jacobi-2d,jacobi-2d,lv2:__PARA__L0-1.__PARA__L1-2.__PARA__L2-1.__PARA__L3-8.__PARA__L4-8.__PIPE__L0-off.__PIPE__L1-off.__PIPE__L2-off.__TILE__L0-1.__TILE__L1-1.__TILE__L2-88,target,query,query,finetune_dataset,data_822.pt,2234324.0,harp_hmoe_support_paired,4,50,hmoe_support_paired_seed4,1.0810448,0.7377435,0.3433012999999999,0.04,0.0013912246,0.0386087754,0.02,-0.017928565,0.037928565,0.03,0.078062266,0.048062266000000006,0.01,0.032290787,0.022290787
78d8962b6846ccf5,jacobi-2d,jacobi-2d,lv2:__PARA__L0-1.__PARA__L1-2.__PARA__L2-11.__PARA__L3-8.__PARA__L4-8.__PIPE__L0-off.__PIPE__L1-NA.__PIPE__L2-NA.__TILE__L0-40.__TILE__L1-1.__TILE__L2-1,target,query,query,finetune_dataset,data_827.pt,4434121.0,harp_hmoe_support_paired,4,50,hmoe_support_paired_seed4,0.58664,0.6418025,0.0551625,0.05,0.05145382,0.0014538199999999946,0.02,0.038891587,0.018891586999999998,0.05,0.04470399,0.005296010000000004,0.01,-0.0010427161,0.0110427161
142874636a43cf48,jacobi-2d,jacobi-2d,lv2:__PARA__L0-1.__PARA__L1-2.__PARA__L2-22.__PARA__L3-8.__PARA__L4-8.__PIPE__L0-off.__PIPE__L1-NA.__PIPE__L2-off.__TILE__L0-1.__TILE__L1-1.__TILE__L2-4,target,query,query,finetune_dataset,data_850.pt,4504601.0,harp_hmoe_support_paired,4,50,hmoe_support_paired_seed4,0.5752644,0.8927918,0.3175274,0.05,0.070450716,0.020450715999999994,0.02,0.02273089,0.0027308899999999997,0.05,0.048263893,0.0017361070000000006,0.01,0.0013329983,0.0086670017
f728e9e6039d3dc4,jacobi-2d,jacobi-2d,lv2:__PARA__L0-1.__PARA__L1-1.__PARA__L2-1.__PARA__L3-4.__PARA__L4-16.__PIPE__L0-off.__PIPE__L1-off.__PIPE__L2-off.__TILE__L0-1.__TILE__L1-1.__TILE__L2-1,target,query,query,finetune_dataset,data_703.pt,564244.0,harp_hmoe_support_paired,4,50,hmoe_support_paired_seed4,2.0737686,2.1216533,0.0478847,0.04,0.055124573,0.015124573000000002,0.01,0.0031218976,0.006878102400000001,0.01,0.01608178,0.00608178,0.03,0.03370914,0.0037091399999999997
5e5bb0d488f57c02,jacobi-2d,jacobi-2d,lv2:__PARA__L0-1.__PARA__L1-1.__PARA__L2-1.__PARA__L3-11.__PARA__L4-32.__PIPE__L0-off.__PIPE__L1-off.__PIPE__L2-NA.__TILE__L0-1.__TILE__L1-1.__TILE__L2-1,target,query,query,finetune_dataset,data_685.pt,2339724.0,harp_hmoe_support_paired,4,50,hmoe_support_paired_seed4,1.0477948,1.7724149,0.7246201000000001,0.21,0.021487527,0.18851247299999999,0.04,0.015825506,0.024174494,0.04,0.09257051,0.052570509999999994,0.11,0.11957304,0.009573040000000005
ed1e0b205d363f5e,jacobi-2d,jacobi-2d,lv2:__PARA__L0-1.__PARA__L1-11.__PARA__L2-2.__PARA__L3-1.__PARA__L4-1.__PIPE__L0-off.__PIPE__L1-off.__PIPE__L2-flatten.__TILE__L0-1.__TILE__L1-1.__TILE__L2-8,target,query,query,finetune_dataset,data_788.pt,4315441.0,harp_hmoe_support_paired,4,50,hmoe_support_paired_seed4,0.60621005,0.8376353,0.23142525000000003,0.87,0.83320934,0.036790659999999975,0.38,0.38459593,0.00459592999999997,0.77,0.7526213,0.01737869999999997,0.04,0.033507615,0.006492385000000003
9d768830a4945d1e,jacobi-2d,jacobi-2d,lv2:__PARA__L0-1.__PARA__L1-1.__PARA__L2-2.__PARA__L3-8.__PARA__L4-8.__PIPE__L0-off.__PIPE__L1-off.__PIPE__L2-off.__TILE__L0-40.__TILE__L1-1.__TILE__L2-1,target,query,query,finetune_dataset,data_766.pt,2234324.0,harp_hmoe_support_paired,4,50,hmoe_support_paired_seed4,1.0810448,1.0723045,0.008740299999999923,0.04,0.02344244,0.016557560000000002,0.02,-0.0032169484,0.0232169484,0.03,0.03427577,0.004275769999999998,0.01,0.0056764185,0.0043235815000000006
c87827784f91dd49,jacobi-2d,jacobi-2d,lv2:__PARA__L0-1.__PARA__L1-1.__PARA__L2-1.__PARA__L3-1.__PARA__L4-16.__PIPE__L0-off.__PIPE__L1-flatten.__PIPE__L2-NA.__TILE__L0-1.__TILE__L1-1.__TILE__L2-8,target,query,query,finetune_dataset,data_665.pt,5520201.0,harp_hmoe_support_paired,4,50,hmoe_support_paired_seed4,0.42860365,2.3393998,1.91079615,0.28,0.1839047,0.09609530000000002,0.12,0.42058957,0.30058957000000003,0.29,0.21326616,0.07673383999999997,0.29,0.038290918,0.251709082
7d9b2377f873fd86,jacobi-2d,jacobi-2d,lv2:__PARA__L0-1.__PARA__L1-2.__PARA__L2-8.__PARA__L3-8.__PARA__L4-8.__PIPE__L0-off.__PIPE__L1-NA.__PIPE__L2-off.__TILE__L0-1.__TILE__L1-1.__TILE__L2-1,target,query,query,finetune_dataset,data_868.pt,4414401.0,harp_hmoe_support_paired,4,50,hmoe_support_paired_seed4,0.5898552,0.575905,0.013950200000000024,0.05,0.03531807,0.014681930000000003,0.02,0.030396674,0.010396673999999998,0.05,0.054578513,0.004578512999999999,0.01,0.0016058981,0.008394101900000001
f6397effcdab9349,jacobi-2d,jacobi-2d,lv2:__PARA__L0-1.__PARA__L1-1.__PARA__L2-2.__PARA__L3-11.__PARA__L4-1.__PIPE__L0-off.__PIPE__L1-NA.__PIPE__L2-flatten.__TILE__L0-1.__TILE__L1-8.__TILE__L2-8,target,query,query,finetune_dataset,data_742.pt,4088281.0,harp_hmoe_support_paired,4,50,hmoe_support_paired_seed4,0.6452169,0.6631044,0.017887500000000056,0.9,0.8874959,0.012504100000000018,0.4,0.36503446,0.03496554000000002,0.8,0.7630882,0.03691180000000005,0.04,0.072383404,0.032383404
e6344a3116b3c498,jacobi-2d,jacobi-2d,lv2:__PARA__L0-1.__PARA__L1-11.__PARA__L2-2.__PARA__L3-8.__PARA__L4-1.__PIPE__L0-off.__PIPE__L1-NA.__PIPE__L2-flatten.__TILE__L0-1.__TILE__L1-8.__TILE__L2-8,target,query,query,finetune_dataset,data_802.pt,4315441.0,harp_hmoe_support_paired,4,50,hmoe_support_paired_seed4,0.60621005,0.60580575,0.00040429999999991306,0.88,0.8969498,0.016949800000000015,0.39,0.40815192,0.018151919999999988,0.79,0.7959113,0.005911299999999953,0.01,0.05709301,0.04709301
6d2b07676ed78ee0,jacobi-2d,jacobi-2d,lv2:__PARA__L0-1.__PARA__L1-2.__PARA__L2-1.__PARA__L3-8.__PARA__L4-8.__PIPE__L0-off.__PIPE__L1-NA.__PIPE__L2-off.__TILE__L0-1.__TILE__L1-1.__TILE__L2-1,target,query,query,finetune_dataset,data_809.pt,2234324.0,harp_hmoe_support_paired,4,50,hmoe_support_paired_seed4,1.0810448,1.1306028,0.04955799999999999,0.04,0.038019113,0.0019808870000000006,0.02,4.8521906e-05,0.019951478094,0.03,0.036404103,0.006404103000000001,0.01,0.009714901,0.00028509900000000046
11b2257107686917,jacobi-2d,jacobi-2d,lv2:__PARA__L0-1.__PARA__L1-2.__PARA__L2-4.__PARA__L3-8.__PARA__L4-8.__PIPE__L0-off.__PIPE__L1-off.__PIPE__L2-NA.__TILE__L0-40.__TILE__L1-1.__TILE__L2-1,target,query,query,finetune_dataset,data_863.pt,4390681.0,harp_hmoe_support_paired,4,50,hmoe_support_paired_seed4,0.5937417,0.7275411,0.1337994,0.05,0.036380164,0.013619836000000003,0.02,0.0092981495,0.0107018505,0.05,0.061259,0.011258999999999998,0.0,0.015920147,0.015920147
d3b71341beff420b,jacobi-2d,jacobi-2d,lv2:__PARA__L0-1.__PARA__L1-1.__PARA__L2-1.__PARA__L3-2.__PARA__L4-32.__PIPE__L0-off.__PIPE__L1-off.__PIPE__L2-off.__TILE__L0-1.__TILE__L1-1.__TILE__L2-1,target,query,query,finetune_dataset,data_696.pt,2707884.0,harp_hmoe_support_paired,4,50,hmoe_support_paired_seed4,0.9423811,1.6350777,0.6926966000000001,0.11,-0.0014311032,0.1114311032,0.03,0.034407813,0.0044078130000000035,0.03,0.042313695,0.012313695,0.05,0.114725456,0.064725456
e33b54c82cefb5a8,jacobi-2d,jacobi-2d,lv2:__PARA__L0-1.__PARA__L1-2.__PARA__L2-2.__PARA__L3-8.__PARA__L4-8.__PIPE__L0-off.__PIPE__L1-off.__PIPE__L2-off.__TILE__L0-40.__TILE__L1-1.__TILE__L2-1,target,query,query,finetune_dataset,data_845.pt,4382121.0,harp_hmoe_support_paired,4,50,hmoe_support_paired_seed4,0.5951494,0.81278163,0.21763222999999998,0.05,0.04345142,0.006548580000000005,0.02,-0.00077833846,0.02077833846,0.05,0.050916284,0.0009162839999999964,0.0,0.008163169,0.008163169
3bce4c37c877cb19,jacobi-2d,jacobi-2d,lv2:__PARA__L0-1.__PARA__L1-2.__PARA__L2-22.__PARA__L3-8.__PARA__L4-8.__PIPE__L0-off.__PIPE__L1-NA.__PIPE__L2-NA.__TILE__L0-1.__TILE__L1-1.__TILE__L2-1,target,query,query,finetune_dataset,data_846.pt,4504601.0,harp_hmoe_support_paired,4,50,hmoe_support_paired_seed4,0.5752644,0.86491245,0.28964805000000005,0.05,0.04299622,0.007003780000000001,0.02,0.029289339,0.009289339,0.05,0.0463517,0.0036483,0.01,0.02124852,0.01124852
cadd78a889c58ad2,jacobi-2d,jacobi-2d,lv2:__PARA__L0-1.__PARA__L1-2.__PARA__L2-2.__PARA__L3-8.__PARA__L4-8.__PIPE__L0-off.__PIPE__L1-off.__PIPE__L2-NA.__TILE__L0-40.__TILE__L1-1.__TILE__L2-1,target,query,query,finetune_dataset,data_843.pt,4382121.0,harp_hmoe_support_paired,4,50,hmoe_support_paired_seed4,0.5951494,0.7530576,0.15790819999999994,0.05,0.023316436,0.026683564000000003,0.02,-0.018469172,0.038469171999999996,0.05,0.052947313,0.002947313,0.0,0.002348423,0.002348423
1cf8cde643f1c8a7,jacobi-2d,jacobi-2d,lv2:__PARA__L0-1.__PARA__L1-2.__PARA__L2-1.__PARA__L3-8.__PARA__L4-8.__PIPE__L0-off.__PIPE__L1-NA.__PIPE__L2-NA.__TILE__L0-1.__TILE__L1-1.__TILE__L2-8,target,query,query,finetune_dataset,data_808.pt,4206441.0,harp_hmoe_support_paired,4,50,hmoe_support_paired_seed4,0.624664,0.6508732,0.026209200000000044,0.05,0.04804676,0.001953240000000002,0.02,-0.015674334,0.035674334,0.05,0.06130722,0.01130722,0.0,0.05816874,0.05816874
11d231817135b986,jacobi-2d,jacobi-2d,lv2:__PARA__L0-1.__PARA__L1-1.__PARA__L2-1.__PARA__L3-11.__PARA__L4-11.__PIPE__L0-off.__PIPE__L1-off.__PIPE__L2-off.__TILE__L0-1.__TILE__L1-1.__TILE__L2-1,target,query,query,finetune_dataset,data_681.pt,174564.0,harp_hmoe_support_paired,4,50,hmoe_support_paired_seed4,2.9200501,1.3446255,1.5754246,0.06,0.017920665,0.042079334999999995,0.01,-0.022231225,0.032231225,0.01,0.009921491,7.850900000000091e-05,0.04,0.010476425,0.029523575000000003
45897464edb110d6,jacobi-2d,jacobi-2d,lv2:__PARA__L0-1.__PARA__L1-1.__PARA__L2-22.__PARA__L3-8.__PARA__L4-8.__PIPE__L0-off.__PIPE__L1-off.__PIPE__L2-off.__TILE__L0-40.__TILE__L1-1.__TILE__L2-1,target,query,query,finetune_dataset,data_775.pt,2355924.0,harp_hmoe_support_paired,4,50,hmoe_support_paired_seed4,1.0428176,0.91998035,0.12283725000000001,0.04,0.022362046,0.017637954,0.01,0.011965249,0.0019652490000000005,0.03,0.021935314,0.008064685999999998,0.02,0.015877694,0.004122305999999999
4146bdc142fce714,jacobi-2d,jacobi-2d,lv2:__PARA__L0-1.__PARA__L1-2.__PARA__L2-8.__PARA__L3-8.__PARA__L4-8.__PIPE__L0-off.__PIPE__L1-NA.__PIPE__L2-off.__TILE__L0-40.__TILE__L1-1.__TILE__L2-1,target,query,query,finetune_dataset,data_869.pt,4414401.0,harp_hmoe_support_paired,4,50,hmoe_support_paired_seed4,0.5898552,0.5761628,0.013692400000000049,0.05,0.047151618,0.0028483820000000035,0.02,0.036338273,0.016338272999999997,0.05,0.060499012,0.010499011999999995,0.01,0.0061044693,0.0038955307
00f38308256f3bcc,jacobi-2d,jacobi-2d,lv2:__PARA__L0-1.__PARA__L1-1.__PARA__L2-2.__PARA__L3-1.__PARA__L4-1.__PIPE__L0-off.__PIPE__L1-off.__PIPE__L2-flatten.__TILE__L0-1.__TILE__L1-2.__TILE__L2-8,target,query,query,finetune_dataset,data_738.pt,4149361.0,harp_hmoe_support_paired,4,50,hmoe_support_paired_seed4,0.63451946,0.506442,0.1280774600000001,0.65,0.94205743,0.29205742999999995,0.3,0.42909884,0.12909884,0.62,0.8044081,0.18440809999999996,0.04,0.06178096,0.021780960000000002
f034469d455bb20c,jacobi-2d,jacobi-2d,lv2:__PARA__L0-1.__PARA__L1-1.__PARA__L2-1.__PARA__L3-1.__PARA__L4-1.__PIPE__L0-off.__PIPE__L1-flatten.__PIPE__L2-off.__TILE__L0-1.__TILE__L1-1.__TILE__L2-2,target,query,query,finetune_dataset,data_657.pt,4000281.0,harp_hmoe_support_paired,4,50,hmoe_support_paired_seed4,0.66091335,0.46952283,0.19139051999999995,0.25,0.15587121,0.09412878999999999,0.11,0.1863223,0.0763223,0.26,0.24231151,0.01768849,0.29,0.11671665,0.17328334999999997
03c941ad860eca80,jacobi-2d,jacobi-2d,lv2:__PARA__L0-1.__PARA__L1-1.__PARA__L2-1.__PARA__L3-4.__PARA__L4-8.__PIPE__L0-off.__PIPE__L1-off.__PIPE__L2-off.__TILE__L0-1.__TILE__L1-1.__TILE__L2-1,target,query,query,finetune_dataset,data_709.pt,354204.0,harp_hmoe_support_paired,4,50,hmoe_support_paired_seed4,2.409638,1.3418089,1.0678291000000002,0.02,0.0049949214,0.0150050786,0.01,-0.014124393,0.024124393,0.0,0.011793613,0.011793613,0.02,0.010481685,0.009518315000000001
18fe812f93b4d9a9,jacobi-2d,jacobi-2d,lv2:__PARA__L0-1.__PARA__L1-2.__PARA__L2-1.__PARA__L3-1.__PARA__L4-4.__PIPE__L0-off.__PIPE__L1-flatten.__PIPE__L2-NA.__TILE__L0-1.__TILE__L1-8.__TILE__L2-8,target,query,query,finetune_dataset,data_805.pt,4087801.0,harp_hmoe_support_paired,4,50,hmoe_support_paired_seed4,0.6453016,0.49717027,0.14813133,0.87,0.935188,0.06518800000000002,0.39,0.4295768,0.03957679999999997,0.78,0.845539,0.06553900000000001,0.0,0.047978044,0.047978044
7364bf009fc7cbb7,jacobi-2d,jacobi-2d,lv2:__PARA__L0-1.__PARA__L1-11.__PARA__L2-2.__PARA__L3-2.__PARA__L4-1.__PIPE__L0-off.__PIPE__L1-NA.__PIPE__L2-flatten.__TILE__L0-1.__TILE__L1-8.__TILE__L2-8,target,query,query,finetune_dataset,data_794.pt,4315681.0,harp_hmoe_support_paired,4,50,hmoe_support_paired_seed4,0.60616994,0.6733458,0.06717585999999998,0.87,0.85430485,0.01569514999999999,0.38,0.3913991,0.011399099999999995,0.78,0.79700065,0.01700064999999995,0.0,0.03984046,0.03984046
4e1de51300b2f8c9,jacobi-2d,jacobi-2d,lv2:__PARA__L0-1.__PARA__L1-1.__PARA__L2-11.__PARA__L3-8.__PARA__L4-8.__PIPE__L0-off.__PIPE__L1-off.__PIPE__L2-NA.__TILE__L0-1.__TILE__L1-88.__TILE__L2-1,target,query,query,finetune_dataset,data_730.pt,2285444.0,harp_hmoe_support_paired,4,50,hmoe_support_paired_seed4,1.0647268,0.6954211,0.36930570000000007,0.04,0.010190301,0.029809699000000002,0.01,0.022201676,0.012201676,0.03,0.02769345,0.0023065499999999975,0.02,0.0073806047,0.0126193953
10d212e2c1a97c6f,jacobi-2d,jacobi-2d,lv2:__PARA__L0-1.__PARA__L1-2.__PARA__L2-22.__PARA__L3-8.__PARA__L4-8.__PIPE__L0-off.__PIPE__L1-NA.__PIPE__L2-off.__TILE__L0-40.__TILE__L1-1.__TILE__L2-1,target,query,query,finetune_dataset,data_851.pt,4504601.0,harp_hmoe_support_paired,4,50,hmoe_support_paired_seed4,0.5752644,0.6566571,0.08139269999999998,0.05,0.057512455,0.007512454999999994,0.02,0.024184007,0.004184007,0.05,0.04263434,0.007365660000000003,0.01,0.0066794157,0.0033205843000000002
a2f55586e23c4af2,jacobi-2d,jacobi-2d,lv2:__PARA__L0-1.__PARA__L1-1.__PARA__L2-2.__PARA__L3-8.__PARA__L4-8.__PIPE__L0-off.__PIPE__L1-off.__PIPE__L2-NA.__TILE__L0-1.__TILE__L1-88.__TILE__L2-1,target,query,query,finetune_dataset,data_763.pt,2234324.0,harp_hmoe_support_paired,4,50,hmoe_support_paired_seed4,1.0810448,0.734451,0.34659379999999995,0.04,0.0041937158,0.0358062842,0.02,-0.025342792,0.045342792,0.03,0.039039224,0.009039223999999998,0.01,0.0021148324,0.0078851676
fa9d05c112689cf8,jacobi-2d,jacobi-2d,lv2:__PARA__L0-1.__PARA__L1-2.__PARA__L2-11.__PARA__L3-8.__PARA__L4-8.__PIPE__L0-off.__PIPE__L1-NA.__PIPE__L2-off.__TILE__L0-1.__TILE__L1-1.__TILE__L2-1,target,query,query,finetune_dataset,data_828.pt,4434121.0,harp_hmoe_support_paired,4,50,hmoe_support_paired_seed4,0.58664,0.52770543,0.05893457000000002,0.05,0.03199809,0.018001910000000003,0.02,0.030481044,0.010481043999999998,0.05,0.051971078,0.001971077999999994,0.01,-0.01094135,0.02094135
32f1f774163feb41,jacobi-2d,jacobi-2d,lv2:__PARA__L0-1.__PARA__L1-1.__PARA__L2-2.__PARA__L3-1.__PARA__L4-1.__PIPE__L0-off.__PIPE__L1-off.__PIPE__L2-flatten.__TILE__L0-1.__TILE__L1-1.__TILE__L2-8,target,query,query,finetune_dataset,data_737.pt,4301521.0,harp_hmoe_support_paired,4,50,hmoe_support_paired_seed4,0.6085406,0.5768874,0.03165319999999994,0.65,0.95431226,0.30431226,0.29,0.45306808,0.16306808,0.61,0.77890503,0.16890503,0.04,0.080714494,0.040714494
47ef55f70d990b84,jacobi-2d,jacobi-2d,lv2:__PARA__L0-1.__PARA__L1-1.__PARA__L2-1.__PARA__L3-8.__PARA__L4-8.__PIPE__L0-off.__PIPE__L1-off.__PIPE__L2-off.__TILE__L0-1.__TILE__L1-88.__TILE__L2-1,target,query,query,finetune_dataset,data_723.pt,238164.0,harp_hmoe_support_paired,4,50,hmoe_support_paired_seed4,2.6959505,1.210958,1.4849925,0.03,0.0049858615,0.025014138499999998,0.01,-0.013143772,0.023143772,0.0,0.010592669,0.010592669,0.02,0.012504458,0.007495542000000001
9b892d6f7350a914,jacobi-2d,jacobi-2d,lv2:__PARA__L0-1.__PARA__L1-4.__PARA__L2-4.__PARA__L3-8.__PARA__L4-8.__PIPE__L0-off.__PIPE__L1-NA.__PIPE__L2-off.__TILE__L0-40.__TILE__L1-1.__TILE__L2-1,target,query,query,finetune_dataset,data_903.pt,4399241.0,harp_hmoe_support_paired,4,50,hmoe_support_paired_seed4,0.5923367,0.64737225,0.05503554999999993,0.05,0.066102676,0.016102675999999996,0.02,0.030207697,0.010207696999999998,0.05,0.074346334,0.024346333999999997,0.0,0.008782014,0.008782014
b7a063af2d7c0f24,jacobi-2d,jacobi-2d,lv2:__PARA__L0-1.__PARA__L1-2.__PARA__L2-2.__PARA__L3-8.__PARA__L4-8.__PIPE__L0-off.__PIPE__L1-NA.__PIPE__L2-off.__TILE__L0-40.__TILE__L1-1.__TILE__L2-1,target,query,query,finetune_dataset,data_841.pt,4382121.0,harp_hmoe_support_paired,4,50,hmoe_support_paired_seed4,0.5951494,0.76717806,0.17202865999999994,0.05,0.059551887,0.009551886999999995,0.02,0.0054146685,0.0145853315,0.05,0.060550302,0.010550301999999998,0.0,0.0046565235,0.0046565235
dbbf61ec790c5658,jacobi-2d,jacobi-2d,lv2:__PARA__L0-1.__PARA__L1-1.__PARA__L2-11.__PARA__L3-8.__PARA__L4-8.__PIPE__L0-off.__PIPE__L1-off.__PIPE__L2-off.__TILE__L0-40.__TILE__L1-1.__TILE__L2-1,target,query,query,finetune_dataset,data_735.pt,2285444.0,harp_hmoe_support_paired,4,50,hmoe_support_paired_seed4,1.0647268,0.79370373,0.27102307000000003,0.04,0.006907873,0.033092127,0.01,0.025643293,0.015643293000000003,0.03,0.033770084,0.003770084,0.02,0.0018770695,0.018122930500000002
471502d68fa5fd23,jacobi-2d,jacobi-2d,lv2:__PARA__L0-1.__PARA__L1-1.__PARA__L2-1.__PARA__L3-2.__PARA__L4-32.__PIPE__L0-off.__PIPE__L1-off.__PIPE__L2-NA.__TILE__L0-1.__TILE__L1-1.__TILE__L2-1,target,query,query,finetune_dataset,data_695.pt,2466404.0,harp_hmoe_support_paired,4,50,hmoe_support_paired_seed4,1.0097594,1.4792434,0.469484,0.16,0.00411921,0.15588079,0.02,-0.00087993225,0.02087993225,0.01,0.07458228,0.06458228,0.1,0.10892145,0.008921449999999997
d42802d96e26dbb9,jacobi-2d,jacobi-2d,lv2:__PARA__L0-1.__PARA__L1-1.__PARA__L2-2.__PARA__L3-16.__PARA__L4-1.__PIPE__L0-off.__PIPE__L1-off.__PIPE__L2-flatten.__TILE__L0-1.__TILE__L1-1.__TILE__L2-8,target,query,query,finetune_dataset,data_746.pt,5766161.0,harp_hmoe_support_paired,4,50,hmoe_support_paired_seed4,0.39715847,0.7202388,0.32308032999999997,0.88,0.90903443,0.029034429999999944,0.39,0.3835308,0.006469200000000008,0.77,0.7731004,0.003100400000000003,0.03,0.048535854,0.018535854000000004
d978b50fb6a3650e,jacobi-2d,jacobi-2d,lv2:__PARA__L0-1.__PARA__L1-1.__PARA__L2-11.__PARA__L3-8.__PARA__L4-8.__PIPE__L0-off.__PIPE__L1-off.__PIPE__L2-off.__TILE__L0-1.__TILE__L1-88.__TILE__L2-1,target,query,query,finetune_dataset,data_733.pt,2285444.0,harp_hmoe_support_paired,4,50,hmoe_support_paired_seed4,1.0647268,0.5915667,0.4731601000000001,0.04,-0.0033337881,0.0433337881,0.01,0.01601458,0.00601458,0.03,0.036247015,0.006247015000000002,0.02,-0.00047800437,0.02047800437
a814f824596df827,jacobi-2d,jacobi-2d,lv2:__PARA__L0-1.__PARA__L1-2.__PARA__L2-1.__PARA__L3-8.__PARA__L4-8.__PIPE__L0-off.__PIPE__L1-NA.__PIPE__L2-NA.__TILE__L0-1.__TILE__L1-1.__TILE__L2-4,target,query,query,finetune_dataset,data_807.pt,4213281.0,harp_hmoe_support_paired,4,50,hmoe_support_paired_seed4,0.623492,0.6127796,0.010712400000000066,0.05,0.044828586,0.005171414000000006,0.02,-0.005002606,0.025002606,0.05,0.049277574,0.0007224260000000052,0.0,0.008896098,0.008896098
47b0fea63d24ba64,jacobi-2d,jacobi-2d,lv2:__PARA__L0-1.__PARA__L1-1.__PARA__L2-1.__PARA__L3-8.__PARA__L4-8.__PIPE__L0-off.__PIPE__L1-off.__PIPE__L2-off.__TILE__L0-1.__TILE__L1-88.__TILE__L2-8,target,query,query,finetune_dataset,data_726.pt,3973841.0,harp_hmoe_support_paired,4,50,hmoe_support_paired_seed4,0.665697,0.7560183,0.09032130000000005,0.05,-0.002570724,0.052570724,0.02,-0.0060717417,0.0260717417,0.05,0.041558117,0.008441883000000004,0.0,0.051459864,0.051459864
b373e8c571dbb7cb,jacobi-2d,jacobi-2d,lv2:__PARA__L0-1.__PARA__L1-1.__PARA__L2-1.__PARA__L3-1.__PARA__L4-11.__PIPE__L0-off.__PIPE__L1-off.__PIPE__L2-off.__TILE__L0-1.__TILE__L1-1.__TILE__L2-1,target,query,query,finetune_dataset,data_664.pt,963004.0,harp_hmoe_support_paired,4,50,hmoe_support_paired_seed4,1.6881572,1.2404412,0.447716,0.05,0.0085179135,0.0414820865,0.02,-0.034168936,0.054168936,0.03,0.003070563,0.026929437,0.03,0.024062932,0.005937068
7c2772b2177fc2a6,jacobi-2d,jacobi-2d,lv2:__PARA__L0-1.__PARA__L1-1.__PARA__L2-1.__PARA__L3-16.__PARA__L4-1.__PIPE__L0-off.__PIPE__L1-off.__PIPE__L2-off.__TILE__L0-1.__TILE__L1-1.__TILE__L2-1,target,query,query,finetune_dataset,data_688.pt,1169604.0,harp_hmoe_support_paired,4,50,hmoe_support_paired_seed4,1.547954,1.6696825,0.1217284999999999,0.07,0.043419532,0.02658046800000001,0.02,0.03225777,0.012257769999999998,0.04,0.051725447,0.011725447,0.03,0.03649509,0.006495090000000002
5d9c601f37ae80a4,jacobi-2d,jacobi-2d,lv2:__PARA__L0-1.__PARA__L1-11.__PARA__L2-2.__PARA__L3-1.__PARA__L4-1.__PIPE__L0-off.__PIPE__L1-off.__PIPE__L2-flatten.__TILE__L0-1.__TILE__L1-8.__TILE__L2-8,target,query,query,finetune_dataset,data_789.pt,4315161.0,harp_hmoe_support_paired,4,50,hmoe_support_paired_seed4,0.60625684,0.64015007,0.033893229999999996,0.65,0.79494435,0.14494434999999994,0.3,0.36526603,0.06526603000000003,0.62,0.66722167,0.04722166999999999,0.04,0.038307548,0.001692452000000004
95c506e82fde4a62,jacobi-2d,jacobi-2d,lv2:__PARA__L0-1.__PARA__L1-1.__PARA__L2-8.__PARA__L3-8.__PARA__L4-8.__PIPE__L0-off.__PIPE__L1-off.__PIPE__L2-NA.__TILE__L0-40.__TILE__L1-1.__TILE__L2-1,target,query,query,finetune_dataset,data_782.pt,2266604.0,harp_hmoe_support_paired,4,50,hmoe_support_paired_seed4,1.0706979,0.8904983,0.18019960000000013,0.04,0.013983659,0.026016341,0.01,0.027647886,0.017647886,0.03,0.03575799,0.0057579900000000045,0.02,0.011032522,0.008967478000000001
4160f17848553677,jacobi-2d,jacobi-2d,lv2:__PARA__L0-1.__PARA__L1-22.__PARA__L2-2.__PARA__L3-2.__PARA__L4-1.__PIPE__L0-off.__PIPE__L1-NA.__PIPE__L2-flatten.__TILE__L0-1.__TILE__L1-4.__TILE__L2-8,target,query,query,finetune_dataset,data_881.pt,4386161.0,harp_hmoe_support_paired,4,50,hmoe_support_paired_seed4,0.5944847,0.6794982,0.08501350000000008,0.87,0.7813656,0.0886344,0.38,0.38131577,0.0013157699999999939,0.78,0.8040321,0.0240321,0.0,0.020740181,0.020740181
e3c1d5bfb522a40c,jacobi-2d,jacobi-2d,lv2:__PARA__L0-1.__PARA__L1-2.__PARA__L2-1.__PARA__L3-8.__PARA__L4-8.__PIPE__L0-off.__PIPE__L1-off.__PIPE__L2-NA.__TILE__L0-1.__TILE__L1-1.__TILE__L2-8,target,query,query,finetune_dataset,data_817.pt,4206441.0,harp_hmoe_support_paired,4,50,hmoe_support_paired_seed4,0.624664,0.62938094,0.004716940000000003,0.05,0.03499239,0.015007610000000005,0.02,-0.020782985,0.040782985,0.05,0.052190155,0.002190154999999999,0.0,0.065193534,0.065193534
ee25e4e2ed66fc53,jacobi-2d,jacobi-2d,lv2:__PARA__L0-1.__PARA__L1-1.__PARA__L2-1.__PARA__L3-8.__PARA__L4-32.__PIPE__L0-off.__PIPE__L1-off.__PIPE__L2-off.__TILE__L0-1.__TILE__L1-1.__TILE__L2-1,target,query,query,finetune_dataset,data_717.pt,2370124.0,harp_hmoe_support_paired,4,50,hmoe_support_paired_seed4,1.0384828,1.9602821,0.9217993,0.12,0.010337763,0.109662237,0.03,0.050489444,0.020489444000000002,0.03,0.04761064,0.017610640000000004,0.05,0.119966835,0.06996683499999999
f374d26c04ba2cab,jacobi-2d,jacobi-2d,lv2:__PARA__L0-1.__PARA__L1-1.__PARA__L2-4.__PARA__L3-8.__PARA__L4-8.__PIPE__L0-off.__PIPE__L1-off.__PIPE__L2-NA.__TILE__L0-1.__TILE__L1-88.__TILE__L2-1,target,query,query,finetune_dataset,data_777.pt,2242884.0,harp_hmoe_support_paired,4,50,hmoe_support_paired_seed4,1.0782865,0.73926723,0.3390192699999999,0.04,0.0105271265,0.029472873500000003,0.02,-0.0020439383,0.0220439383,0.03,0.04836148,0.01836148,0.01,0.014910698,0.004910698
e283536839fed99c,jacobi-2d,jacobi-2d,lv2:__PARA__L0-1.__PARA__L1-4.__PARA__L2-8.__PARA__L3-8.__PARA__L4-8.__PIPE__L0-off.__PIPE__L1-NA.__PIPE__L2-off.__TILE__L0-1.__TILE__L1-1.__TILE__L2-1,target,query,query,finetune_dataset,data_906.pt,4422961.0,harp_hmoe_support_paired,4,50,hmoe_support_paired_seed4,0.58845776,0.57508016,0.0133776000000001,0.05,0.046491496,0.0035085040000000026,0.02,0.035661776,0.015661776,0.05,0.0570319,0.007031900000000001,0.01,-0.0051468327,0.015146832700000001
1b37bbe43cd2bb4d,jacobi-2d,jacobi-2d,lv2:__PARA__L0-1.__PARA__L1-11.__PARA__L2-2.__PARA__L3-4.__PARA__L4-1.__PIPE__L0-off.__PIPE__L1-off.__PIPE__L2-flatten.__TILE__L0-1.__TILE__L1-8.__TILE__L2-8,target,query,query,finetune_dataset,data_801.pt,4315441.0,harp_hmoe_support_paired,4,50,hmoe_support_paired_seed4,0.60621005,0.6838579,0.07764785000000007,0.87,0.85014087,0.019859129999999947,0.39,0.3814272,0.008572799999999992,0.78,0.79381657,0.013816570000000028,0.0,0.047305256,0.047305256
8749dd1796e693db,jacobi-2d,jacobi-2d,lv2:__PARA__L0-1.__PARA__L1-11.__PARA__L2-2.__PARA__L3-32.__PARA__L4-1.__PIPE__L0-off.__PIPE__L1-off.__PIPE__L2-flatten.__TILE__L0-1.__TILE__L1-8.__TILE__L2-8,target,query,query,finetune_dataset,data_799.pt,5897321.0,harp_hmoe_support_paired,4,50,hmoe_support_paired_seed4,0.38093418,0.47315595,0.09222176999999998,0.95,0.8732775,0.07672249999999992,0.42,0.40127912,0.018720879999999995,0.86,0.7808924,0.07910759999999994,0.1,0.098225385,0.0017746150000000072
f3de769de7350479,jacobi-2d,jacobi-2d,lv2:__PARA__L0-1.__PARA__L1-1.__PARA__L2-1.__PARA__L3-1.__PARA__L4-4.__PIPE__L0-off.__PIPE__L1-off.__PIPE__L2-off.__TILE__L0-1.__TILE__L1-1.__TILE__L2-1,target,query,query,finetune_dataset,data_677.pt,1012244.0,harp_hmoe_support_paired,4,50,hmoe_support_paired_seed4,1.6521856,2.1234865,0.4713008999999999,0.02,0.009680204,0.010319796000000001,0.01,0.010492627,0.000492626999999999,0.01,0.022579402,0.012579401999999998,0.02,0.044626504,0.024626503999999997
c094d3f4aa35b172,jacobi-2d,jacobi-2d,lv2:__PARA__L0-1.__PARA__L1-2.__PARA__L2-22.__PARA__L3-8.__PARA__L4-8.__PIPE__L0-off.__PIPE__L1-off.__PIPE__L2-NA.__TILE__L0-1.__TILE__L1-1.__TILE__L2-1,target,query,query,finetune_dataset,data_852.pt,4504601.0,harp_hmoe_support_paired,4,50,hmoe_support_paired_seed4,0.5752644,0.848573,0.2733086,0.05,0.031091563,0.018908437000000004,0.02,0.02430797,0.004307970000000001,0.05,0.03725493,0.012745070000000004,0.01,0.023634344,0.013634344000000001
856cc9f2c17a159a,jacobi-2d,jacobi-2d,lv2:__PARA__L0-1.__PARA__L1-2.__PARA__L2-2.__PARA__L3-8.__PARA__L4-8.__PIPE__L0-off.__PIPE__L1-off.__PIPE__L2-NA.__TILE__L0-1.__TILE__L1-1.__TILE__L2-1,target,query,query,finetune_dataset,data_842.pt,4382121.0,harp_hmoe_support_paired,4,50,hmoe_support_paired_seed4,0.5951494,0.76315224,0.16800284,0.05,0.01847332,0.03152668,0.02,-0.020472895,0.040472895,0.05,0.050592363,0.0005923629999999985,0.0,0.00064468384,0.00064468384
ac5cf5acda484bde,jacobi-2d,jacobi-2d,lv2:__PARA__L0-1.__PARA__L1-11.__PARA__L2-2.__PARA__L3-32.__PARA__L4-1.__PIPE__L0-off.__PIPE__L1-NA.__PIPE__L2-flatten.__TILE__L0-1.__TILE__L1-8.__TILE__L2-8,target,query,query,finetune_dataset,data_798.pt,5897321.0,harp_hmoe_support_paired,4,50,hmoe_support_paired_seed4,0.38093418,0.48518172,0.10424753999999997,0.95,0.8935177,0.056482299999999985,0.42,0.4156603,0.004339700000000002,0.86,0.79639184,0.06360816000000002,0.1,0.09493309,0.005066910000000008
ef94c8dd19f71d10,jacobi-2d,jacobi-2d,lv2:__PARA__L0-1.__PARA__L1-4.__PARA__L2-11.__PARA__L3-8.__PARA__L4-8.__PIPE__L0-off.__PIPE__L1-NA.__PIPE__L2-off.__TILE__L0-1.__TILE__L1-1.__TILE__L2-1,target,query,query,finetune_dataset,data_893.pt,4442681.0,harp_hmoe_support_paired,4,50,hmoe_support_paired_seed4,0.58524877,0.53671956,0.04852920999999999,0.05,0.04317551,0.0068244900000000025,0.02,0.035660718,0.015660718,0.05,0.054270208,0.0042702079999999976,0.01,-0.016332868,0.026332868000000002
13c4afce99887c0b,jacobi-2d,jacobi-2d,lv2:__PARA__L0-1.__PARA__L1-1.__PARA__L2-1.__PARA__L3-2.__PARA__L4-8.__PIPE__L0-off.__PIPE__L1-off.__PIPE__L2-off.__TILE__L0-1.__TILE__L1-1.__TILE__L2-1,target,query,query,finetune_dataset,data_698.pt,586364.0,harp_hmoe_support_paired,4,50,hmoe_support_paired_seed4,2.0460298,1.3954006,0.6506291999999998,0.02,0.0044823214,0.015517678600000001,0.01,-0.015865903,0.025865903000000003,0.0,0.013381153,0.013381153,0.02,0.014090478,0.005909522
da6efcc3e335e1ca,jacobi-2d,jacobi-2d,lv2:__PARA__L0-1.__PARA__L1-2.__PARA__L2-4.__PARA__L3-8.__PARA__L4-8.__PIPE__L0-off.__PIPE__L1-off.__PIPE__L2-off.__TILE__L0-1.__TILE__L1-1.__TILE__L2-1,target,query,query,finetune_dataset,data_864.pt,4390681.0,harp_hmoe_support_paired,4,50,hmoe_support_paired_seed4,0.5937417,0.7171153,0.12337359999999997,0.05,0.029020064,0.020979936,0.02,0.011205215,0.008794785000000001,0.05,0.059267998,0.009267998,0.0,0.01941666,0.01941666
c096811fe975a754,jacobi-2d,jacobi-2d,lv2:__PARA__L0-1.__PARA__L1-1.__PARA__L2-2.__PARA__L3-8.__PARA__L4-1.__PIPE__L0-off.__PIPE__L1-off.__PIPE__L2-flatten.__TILE__L0-1.__TILE__L1-8.__TILE__L2-8,target,query,query,finetune_dataset,data_762.pt,4087761.0,harp_hmoe_support_paired,4,50,hmoe_support_paired_seed4,0.6453086,0.5898847,0.05542389999999997,0.89,0.8896227,0.00037730000000002484,0.39,0.39229888,0.002298880000000003,0.79,0.7886336,0.0013663999999999898,0.0,0.06981158,0.06981158
08840fca35aa1062,jacobi-2d,jacobi-2d,lv2:__PARA__L0-1.__PARA__L1-1.__PARA__L2-11.__PARA__L3-8.__PARA__L4-8.__PIPE__L0-off.__PIPE__L1-off.__PIPE__L2-off.__TILE__L0-1.__TILE__L1-88.__TILE__L2-8,target,query,query,finetune_dataset,data_734.pt,2285444.0,harp_hmoe_support_paired,4,50,hmoe_support_paired_seed4,1.0647268,0.6501362,0.41459060000000003,0.04,0.042694382,0.002694382000000002,0.01,0.0061666407,0.0038333593000000003,0.03,0.02867043,0.0013295699999999987,0.02,0.0118971765,0.0081028235
53235e166f38cfc1,jacobi-2d,jacobi-2d,lv2:__PARA__L0-1.__PARA__L1-2.__PARA__L2-22.__PARA__L3-8.__PARA__L4-8.__PIPE__L0-off.__PIPE__L1-off.__PIPE__L2-NA.__TILE__L0-40.__TILE__L1-1.__TILE__L2-1,target,query,query,finetune_dataset,data_854.pt,4504601.0,harp_hmoe_support_paired,4,50,hmoe_support_paired_seed4,0.5752644,0.8494538,0.2741894,0.05,0.034030907,0.015969093000000004,0.02,0.025265012,0.0052650119999999995,0.05,0.038603365,0.011396635000000002,0.01,0.024977684,0.014977684
44dccef1d06d09e7,jacobi-2d,jacobi-2d,lv2:__PARA__L0-1.__PARA__L1-1.__PARA__L2-1.__PARA__L3-1.__PARA__L4-1.__PIPE__L0-off.__PIPE__L1-flatten.__PIPE__L2-off.__TILE__L0-1.__TILE__L1-1.__TILE__L2-8,target,query,query,finetune_dataset,data_659.pt,3937881.0,harp_hmoe_support_paired,4,50,hmoe_support_paired_seed4,0.67225426,0.49451327,0.17774099,0.25,0.23719805,0.012801950000000006,0.11,0.22962356,0.11962356,0.26,0.27955753,0.01955752999999999,0.29,0.27053756,0.01946243999999997
51c770f1917009bf,jacobi-2d,jacobi-2d,lv2:__PARA__L0-1.__PARA__L1-2.__PARA__L2-4.__PARA__L3-8.__PARA__L4-8.__PIPE__L0-off.__PIPE__L1-off.__PIPE__L2-NA.__TILE__L0-1.__TILE__L1-1.__TILE__L2-1,target,query,query,finetune_dataset,data_862.pt,4390681.0,harp_hmoe_support_paired,4,50,hmoe_support_paired_seed4,0.5937417,0.7333367,0.1395949999999999,0.05,0.028137736,0.021862264000000003,0.02,0.0051597394,0.0148402606,0.05,0.05873707,0.00873707,0.0,0.014162838,0.014162838
fd3206ad1fd9a338,jacobi-2d,jacobi-2d,lv2:__PARA__L0-1.__PARA__L1-1.__PARA__L2-1.__PARA__L3-1.__PARA__L4-32.__PIPE__L0-off.__PIPE__L1-off.__PIPE__L2-NA.__TILE__L0-1.__TILE__L1-1.__TILE__L2-1,target,query,query,finetune_dataset,data_672.pt,2621284.0,harp_hmoe_support_paired,4,50,hmoe_support_paired_seed4,0.9658272,1.4425524,0.47672520000000007,0.16,0.005824797,0.154175203,0.02,0.0050248243,0.0149751757,0.01,0.07019171,0.06019171,0.1,0.11891015,0.01891015
3216d5e44ff4a411,jacobi-2d,jacobi-2d,lv2:__PARA__L0-1.__PARA__L1-2.__PARA__L2-22.__PARA__L3-8.__PARA__L4-8.__PIPE__L0-off.__PIPE__L1-off.__PIPE__L2-off.__TILE__L0-1.__TILE__L1-1.__TILE__L2-1,target,query,query,finetune_dataset,data_855.pt,4504601.0,harp_hmoe_support_paired,4,50,hmoe_support_paired_seed4,0.5752644,0.6321043,0.05683989999999994,0.05,0.03780424,0.01219576,0.02,0.016000751,0.003999249,0.05,0.032449663,0.017550337000000006,0.01,0.008272335,0.0017276649999999998
0bff14392f5463ba,jacobi-2d,jacobi-2d,lv2:__PARA__L0-1.__PARA__L1-11.__PARA__L2-2.__PARA__L3-11.__PARA__L4-1.__PIPE__L0-off.__PIPE__L1-off.__PIPE__L2-flatten.__TILE__L0-1.__TILE__L1-8.__TILE__L2-8,target,query,query,finetune_dataset,data_791.pt,4315441.0,harp_hmoe_support_paired,4,50,hmoe_support_paired_seed4,0.60621005,0.6334109,0.027200850000000054,0.9,0.87128055,0.02871944999999998,0.4,0.39094633,0.009053670000000014,0.8,0.77530587,0.024694130000000092,0.04,0.04848081,0.008480809999999998
ebe57cf1663b92bf,jacobi-2d,jacobi-2d,lv2:__PARA__L0-1.__PARA__L1-4.__PARA__L2-2.__PARA__L3-8.__PARA__L4-8.__PIPE__L0-off.__PIPE__L1-NA.__PIPE__L2-NA.__TILE__L0-40.__TILE__L1-1.__TILE__L2-1,target,query,query,finetune_dataset,data_896.pt,4390681.0,harp_hmoe_support_paired,4,50,hmoe_support_paired_seed4,0.5937417,0.687215,0.09347329999999998,0.05,0.047569685,0.0024303150000000023,0.02,-0.0086608855,0.0286608855,0.05,0.06869638,0.01869638,0.0,-0.008067641,0.008067641
1509afa979317be1,jacobi-2d,jacobi-2d,lv2:__PARA__L0-1.__PARA__L1-2.__PARA__L2-88.__PARA__L3-8.__PARA__L4-8.__PIPE__L0-off.__PIPE__L1-off.__PIPE__L2-off.__TILE__L0-1.__TILE__L1-1.__TILE__L2-1,target,query,query,finetune_dataset,data_875.pt,4361601.0,harp_hmoe_support_paired,4,50,hmoe_support_paired_seed4,0.5985351,0.5907923,0.007742799999999939,2.0,0.09374868,1.90625132,0.93,0.04754686,0.8824531400000001,2.08,0.009612262,2.070387738,0.0,0.082100525,0.082100525
3824367869de27e7,jacobi-2d,jacobi-2d,lv2:__PARA__L0-1.__PARA__L1-1.__PARA__L2-2.__PARA__L3-1.__PARA__L4-1.__PIPE__L0-off.__PIPE__L1-NA.__PIPE__L2-flatten.__TILE__L0-1.__TILE__L1-8.__TILE__L2-8,target,query,query,finetune_dataset,data_736.pt,4086961.0,harp_hmoe_support_paired,4,50,hmoe_support_paired_seed4,0.6454498,0.4497131,0.19573669999999999,0.65,0.973841,0.32384099999999993,0.3,0.4383968,0.1383968,0.62,0.8415406,0.22154059999999998,0.04,0.109683394,0.06968339400000001
58a41c3a8454ad42,jacobi-2d,jacobi-2d,lv2:__PARA__L0-1.__PARA__L1-1.__PARA__L2-1.__PARA__L3-4.__PARA__L4-32.__PIPE__L0-off.__PIPE__L1-off.__PIPE__L2-NA.__TILE__L0-1.__TILE__L1-1.__TILE__L2-1,target,query,query,finetune_dataset,data_706.pt,2388964.0,harp_hmoe_support_paired,4,50,hmoe_support_paired_seed4,1.0327715,1.6625115,0.62974,0.17,0.010697953,0.159302047,0.03,0.004871998,0.025128002,0.01,0.07886079,0.06886079,0.1,0.11235988,0.01235987999999999
50dfb163d619aeb1,jacobi-2d,jacobi-2d,lv2:__PARA__L0-1.__PARA__L1-1.__PARA__L2-1.__PARA__L3-1.__PARA__L4-32.__PIPE__L0-off.__PIPE__L1-off.__PIPE__L2-off.__TILE__L0-1.__TILE__L1-1.__TILE__L2-1,target,query,query,finetune_dataset,data_673.pt,3161924.0,harp_hmoe_support_paired,4,50,hmoe_support_paired_seed4,0.8305627,1.5966647,0.7661020000000001,0.16,-0.0013126527,0.1613126527,0.05,0.042540554,0.0074594460000000015,0.09,0.036178112,0.053821888,0.05,0.123069435,0.073069435
855ffe67644e95d0,jacobi-2d,jacobi-2d,lv2:__PARA__L0-1.__PARA__L1-1.__PARA__L2-11.__PARA__L3-8.__PARA__L4-8.__PIPE__L0-off.__PIPE__L1-off.__PIPE__L2-NA.__TILE__L0-40.__TILE__L1-1.__TILE__L2-1,target,query,query,finetune_dataset,data_732.pt,2285444.0,harp_hmoe_support_paired,4,50,hmoe_support_paired_seed4,1.0647268,0.8652703,0.19945650000000004,0.04,0.015284412,0.024715588,0.01,0.02703965,0.017039649999999996,0.03,0.024826676,0.005173324,0.02,0.007282749,0.012717251
7358a0642d396c29,jacobi-2d,jacobi-2d,lv2:__PARA__L0-1.__PARA__L1-1.__PARA__L2-1.__PARA__L3-2.__PARA__L4-16.__PIPE__L0-off.__PIPE__L1-off.__PIPE__L2-off.__TILE__L0-1.__TILE__L1-1.__TILE__L2-1,target,query,query,finetune_dataset,data_692.pt,785964.0,harp_hmoe_support_paired,4,50,hmoe_support_paired_seed4,1.8346965,2.0501099,0.21541339999999987,0.04,0.052034788,0.012034787999999998,0.01,-0.0024768198,0.0124768198,0.01,0.017094791,0.007094791000000001,0.03,0.03549373,0.005493730000000002
a6b64c8bb182d31b,jacobi-2d,jacobi-2d,lv2:__PARA__L0-1.__PARA__L1-1.__PARA__L2-2.__PARA__L3-88.__PARA__L4-1.__PIPE__L0-off.__PIPE__L1-NA.__PIPE__L2-flatten.__TILE__L0-1.__TILE__L1-8.__TILE__L2-8,target,query,query,finetune_dataset,data_767.pt,4087681.0,harp_hmoe_support_paired,4,50,hmoe_support_paired_seed4,0.64532274,0.31146827,0.33385447,1.13,1.1016753,0.02832469999999998,0.49,0.6194338,0.12943380000000004,1.02,1.0196828,0.00031720000000001747,0.21,0.16289909,0.047100909999999996
dda030bf114264b6,jacobi-2d,jacobi-2d,lv2:__PARA__L0-1.__PARA__L1-1.__PARA__L2-8.__PARA__L3-8.__PARA__L4-8.__PIPE__L0-off.__PIPE__L1-off.__PIPE__L2-off.__TILE__L0-1.__TILE__L1-88.__TILE__L2-1,target,query,query,finetune_dataset,data_783.pt,2266604.0,harp_hmoe_support_paired,4,50,hmoe_support_paired_seed4,1.0706979,0.637321,0.43337690000000006,0.04,-0.0011185778,0.0411185778,0.01,0.015932951,0.0059329510000000005,0.03,0.039622217,0.009622217000000002,0.02,0.01092267,0.00907733
477c4e2e38b59d20,jacobi-2d,jacobi-2d,lv2:__PARA__L0-1.__PARA__L1-2.__PARA__L2-8.__PARA__L3-8.__PARA__L4-8.__PIPE__L0-off.__PIPE__L1-off.__PIPE__L2-NA.__TILE__L0-1.__TILE__L1-1.__TILE__L2-1,target,query,query,finetune_dataset,data_870.pt,4414401.0,harp_hmoe_support_paired,4,50,hmoe_support_paired_seed4,0.5898552,0.63674545,0.04689025000000002,0.05,0.026497178,0.023502822000000003,0.02,0.027336378,0.007336378000000001,0.05,0.04861468,0.0013853200000000024,0.01,0.008745119,0.0012548809999999994
4fbac33f3dde480f,jacobi-2d,jacobi-2d,lv2:__PARA__L0-1.__PARA__L1-1.__PARA__L2-1.__PARA__L3-1.__PARA__L4-16.__PIPE__L0-off.__PIPE__L1-off.__PIPE__L2-off.__TILE__L0-1.__TILE__L1-1.__TILE__L2-1,target,query,query,finetune_dataset,data_667.pt,1169604.0,harp_hmoe_support_paired,4,50,hmoe_support_paired_seed4,1.547954,2.014606,0.46665200000000007,0.07,0.04980486,0.020195140000000007,0.02,0.0036628135,0.0163371865,0.04,0.0151770115,0.0248229885,0.03,0.0378412,0.0078412
ac131c488d448b82,jacobi-2d,jacobi-2d,lv2:__PARA__L0-1.__PARA__L1-2.__PARA__L2-1.__PARA__L3-8.__PARA__L4-8.__PIPE__L0-off.__PIPE__L1-off.__PIPE__L2-off.__TILE__L0-1.__TILE__L1-1.__TILE__L2-2,target,query,query,finetune_dataset,data_819.pt,4268321.0,harp_hmoe_support_paired,4,50,hmoe_support_paired_seed4,0.6141297,0.60371333,0.010416369999999953,0.05,0.054399423,0.0043994229999999995,0.02,0.01961178,0.0003882200000000016,0.05,0.033707887,0.016292113000000004,0.0,-0.006277978,0.006277978
d269ecdf325e801d,jacobi-2d,jacobi-2d,lv2:__PARA__L0-1.__PARA__L1-1.__PARA__L2-22.__PARA__L3-8.__PARA__L4-8.__PIPE__L0-off.__PIPE__L1-off.__PIPE__L2-off.__TILE__L0-1.__TILE__L1-88.__TILE__L2-1,target,query,query,finetune_dataset,data_773.pt,2355924.0,harp_hmoe_support_paired,4,50,hmoe_support_paired_seed4,1.0428176,0.73350626,0.30931134000000005,0.04,0.021914117,0.018085883,0.01,0.0082413,0.0017587000000000002,0.03,0.024830014,0.005169985999999998,0.02,0.015417308,0.004582692000000001
b0b6944b2668f3e4,jacobi-2d,jacobi-2d,lv2:__PARA__L0-1.__PARA__L1-4.__PARA__L2-22.__PARA__L3-8.__PARA__L4-8.__PIPE__L0-off.__PIPE__L1-NA.__PIPE__L2-off.__TILE__L0-1.__TILE__L1-1.__TILE__L2-1,target,query,query,finetune_dataset,data_899.pt,4513161.0,harp_hmoe_support_paired,4,50,hmoe_support_paired_seed4,0.5738949,0.6744485,0.10055360000000002,0.05,0.06329339,0.013293390000000002,0.02,0.027259517,0.007259517,0.05,0.0442982,0.0057018,0.01,0.0018205941,0.0081794059
82f432bd118264ba,jacobi-2d,jacobi-2d,lv2:__PARA__L0-1.__PARA__L1-1.__PARA__L2-1.__PARA__L3-4.__PARA__L4-16.__PIPE__L0-off.__PIPE__L1-off.__PIPE__L2-NA.__TILE__L0-1.__TILE__L1-1.__TILE__L2-1,target,query,query,finetune_dataset,data_702.pt,655284.0,harp_hmoe_support_paired,4,50,hmoe_support_paired_seed4,1.965868,1.9075212,0.05834680000000003,0.05,0.060260944,0.010260943999999994,0.02,-0.020790601,0.040790600999999996,0.02,0.038438648,0.018438648,0.07,0.027104855,0.04289514500000001
ef0195bb1522a6e1,jacobi-2d,jacobi-2d,lv2:__PARA__L0-1.__PARA__L1-1.__PARA__L2-1.__PARA__L3-2.__PARA__L4-16.__PIPE__L0-off.__PIPE__L1-off.__PIPE__L2-NA.__TILE__L0-1.__TILE__L1-1.__TILE__L2-1,target,query,query,finetune_dataset,data_691.pt,732724.0,harp_hmoe_support_paired,4,50,hmoe_support_paired_seed4,1.8852931,1.812528,0.07276510000000003,0.05,0.05699592,0.006995919999999996,0.02,-0.026068095,0.046068095,0.01,0.038038522,0.028038521999999996,0.07,0.02918315,0.04081685
444859d6f64b30f7,jacobi-2d,jacobi-2d,lv2:__PARA__L0-1.__PARA__L1-1.__PARA__L2-2.__PARA__L3-8.__PARA__L4-8.__PIPE__L0-off.__PIPE__L1-off.__PIPE__L2-off.__TILE__L0-1.__TILE__L1-88.__TILE__L2-1,target,query,query,finetune_dataset,data_765.pt,2234324.0,harp_hmoe_support_paired,4,50,hmoe_support_paired_seed4,1.0810448,0.80345035,0.27759444999999994,0.04,0.01750099,0.02249901,0.02,-0.013250115,0.033250115,0.03,0.037625313,0.007625313000000002,0.01,0.009876147,0.00012385300000000016
4e773eb3b1e972f0,jacobi-2d,jacobi-2d,lv2:__PARA__L0-1.__PARA__L1-1.__PARA__L2-1.__PARA__L3-8.__PARA__L4-8.__PIPE__L0-off.__PIPE__L1-off.__PIPE__L2-off.__TILE__L0-1.__TILE__L1-88.__TILE__L2-88,target,query,query,finetune_dataset,data_727.pt,238164.0,harp_hmoe_support_paired,4,50,hmoe_support_paired_seed4,2.6959505,0.7837931,1.9121574,0.03,-0.015516715,0.045516715,0.01,-0.023384277,0.033384277,0.0,0.06738576,0.06738576,0.02,0.03341113,0.013411129999999997
3fa48ecb90f45d31,jacobi-2d,jacobi-2d,lv2:__PARA__L0-1.__PARA__L1-1.__PARA__L2-2.__PARA__L3-8.__PARA__L4-1.__PIPE__L0-off.__PIPE__L1-off.__PIPE__L2-flatten.__TILE__L0-1.__TILE__L1-1.__TILE__L2-8,target,query,query,finetune_dataset,data_761.pt,4030841.0,harp_hmoe_support_paired,4,50,hmoe_support_paired_seed4,0.6554236,0.8960211,0.24059750000000002,0.87,0.8757771,0.0057770999999999795,0.38,0.39555365,0.015553649999999974,0.77,0.7010062,0.0689938,0.0,0.056263924,0.056263924
fab04bee7d771311,jacobi-2d,jacobi-2d,lv2:__PARA__L0-1.__PARA__L1-2.__PARA__L2-22.__PARA__L3-8.__PARA__L4-8.__PIPE__L0-off.__PIPE__L1-NA.__PIPE__L2-off.__TILE__L0-1.__TILE__L1-1.__TILE__L2-1,target,query,query,finetune_dataset,data_849.pt,4504601.0,harp_hmoe_support_paired,4,50,hmoe_support_paired_seed4,0.5752644,0.6530599,0.07779550000000002,0.05,0.052246027,0.0022460269999999977,0.02,0.022461955,0.0024619549999999983,0.05,0.04212749,0.007872510000000006,0.01,0.005774498,0.004225502
292906e368d78e22,jacobi-2d,jacobi-2d,lv2:__PARA__L0-1.__PARA__L1-2.__PARA__L2-2.__PARA__L3-8.__PARA__L4-8.__PIPE__L0-off.__PIPE__L1-off.__PIPE__L2-off.__TILE__L0-1.__TILE__L1-1.__TILE__L2-1,target,query,query,finetune_dataset,data_844.pt,4382121.0,harp_hmoe_support_paired,4,50,hmoe_support_paired_seed4,0.5951494,0.824774,0.22962459999999996,0.05,0.035301857,0.014698143000000004,0.02,-0.0059813038,0.0259813038,0.05,0.04768631,0.00231369,0.0,0.0076578557,0.0076578557
d991d616a09c54a1,jacobi-2d,jacobi-2d,lv2:__PARA__L0-1.__PARA__L1-2.__PARA__L2-2.__PARA__L3-8.__PARA__L4-8.__PIPE__L0-off.__PIPE__L1-NA.__PIPE__L2-NA.__TILE__L0-1.__TILE__L1-1.__TILE__L2-1,target,query,query,finetune_dataset,data_838.pt,4382121.0,harp_hmoe_support_paired,4,50,hmoe_support_paired_seed4,0.5951494,0.71820843,0.12305902999999996,0.05,0.03401261,0.015987390000000004,0.02,-0.014137938,0.034137938,0.05,0.061510682,0.011510681999999994,0.0,-0.0023420402,0.0023420402
2940580a380ffafd,jacobi-2d,jacobi-2d,lv2:__PARA__L0-1.__PARA__L1-22.__PARA__L2-2.__PARA__L3-22.__PARA__L4-1.__PIPE__L0-off.__PIPE__L1-NA.__PIPE__L2-flatten.__TILE__L0-1.__TILE__L1-4.__TILE__L2-8,target,query,query,finetune_dataset,data_882.pt,4390081.0,harp_hmoe_support_paired,4,50,hmoe_support_paired_seed4,0.59384024,0.62684286,0.03300261999999998,0.93,0.8860185,0.04398150000000001,0.42,0.3988421,0.021157900000000007,0.83,0.8148649,0.015135099999999957,0.08,0.030792296,0.049207704000000005
e863a4aaa1262d76,jacobi-2d,jacobi-2d,lv2:__PARA__L0-1.__PARA__L1-2.__PARA__L2-1.__PARA__L3-8.__PARA__L4-8.__PIPE__L0-off.__PIPE__L1-off.__PIPE__L2-off.__TILE__L0-1.__TILE__L1-1.__TILE__L2-4,target,query,query,finetune_dataset,data_820.pt,4213281.0,harp_hmoe_support_paired,4,50,hmoe_support_paired_seed4,0.623492,0.61596185,0.007530150000000013,0.05,0.041412883,0.008587117000000005,0.02,0.013916049,0.006083951000000001,0.05,0.04138893,0.008611070000000005,0.0,0.017351866,0.017351866
f8abd11bf5771ea3,jacobi-2d,jacobi-2d,lv2:__PARA__L0-1.__PARA__L1-1.__PARA__L2-1.__PARA__L3-1.__PARA__L4-8.__PIPE__L0-off.__PIPE__L1-off.__PIPE__L2-off.__TILE__L0-1.__TILE__L1-1.__TILE__L2-1,target,query,query,finetune_dataset,data_679.pt,973524.0,harp_hmoe_support_paired,4,50,hmoe_support_paired_seed4,1.6803198,1.4438795,0.23644029999999994,0.03,0.0047272965,0.0252727035,0.01,-0.015091624,0.025091624,0.02,0.009997636,0.010002364,0.02,0.02748917,0.00748917
05b2ea2b4f0d2085,jacobi-2d,jacobi-2d,lv2:__PARA__L0-1.__PARA__L1-1.__PARA__L2-4.__PARA__L3-8.__PARA__L4-8.__PIPE__L0-off.__PIPE__L1-off.__PIPE__L2-off.__TILE__L0-40.__TILE__L1-1.__TILE__L2-1,target,query,query,finetune_dataset,data_780.pt,2242884.0,harp_hmoe_support_paired,4,50,hmoe_support_paired_seed4,1.0782865,0.9513812,0.1269052999999999,0.04,0.019623213,0.020376787,0.02,0.015591953,0.004408047,0.03,0.046067625,0.016067625000000002,0.01,0.018063217,0.008063217
1d7d326acbf5d1ae,jacobi-2d,jacobi-2d,lv2:__PARA__L0-1.__PARA__L1-2.__PARA__L2-11.__PARA__L3-8.__PARA__L4-8.__PIPE__L0-off.__PIPE__L1-NA.__PIPE__L2-NA.__TILE__L0-1.__TILE__L1-1.__TILE__L2-1,target,query,query,finetune_dataset,data_825.pt,4434121.0,harp_hmoe_support_paired,4,50,hmoe_support_paired_seed4,0.58664,0.6280098,0.0413697999999999,0.05,0.042603903,0.007396097000000004,0.02,0.035961855,0.015961855,0.05,0.04271573,0.007284270000000002,0.01,-0.0019453295,0.0119453295
9ad340ebffd8ac94,jacobi-2d,jacobi-2d,lv2:__PARA__L0-1.__PARA__L1-2.__PARA__L2-11.__PARA__L3-8.__PARA__L4-8.__PIPE__L0-off.__PIPE__L1-NA.__PIPE__L2-NA.__TILE__L0-1.__TILE__L1-1.__TILE__L2-8,target,query,query,finetune_dataset,data_826.pt,4434121.0,harp_hmoe_support_paired,4,50,hmoe_support_paired_seed4,0.58664,0.6258993,0.0392593,0.05,0.08293181,0.03293180999999999,0.02,0.015302572,0.004697428,0.05,0.038368702,0.011631298000000005,0.01,0.0012015104,0.0087984896
7461e21be625ee2b,jacobi-2d,jacobi-2d,lv2:__PARA__L0-1.__PARA__L1-1.__PARA__L2-1.__PARA__L3-1.__PARA__L4-4.__PIPE__L0-off.__PIPE__L1-flatten.__PIPE__L2-NA.__TILE__L0-1.__TILE__L1-1.__TILE__L2-8,target,query,query,finetune_dataset,data_674.pt,3938401.0,harp_hmoe_support_paired,4,50,hmoe_support_paired_seed4,0.672159,0.7635985,0.0914395,0.25,0.26203555,0.012035550000000006,0.11,0.13028204,0.020282039999999987,0.27,0.285403,0.015403,0.25,0.25126746,0.001267459999999998
37ef2a19bd4f9c1e,jacobi-2d,jacobi-2d,lv2:__PARA__L0-1.__PARA__L1-22.__PARA__L2-2.__PARA__L3-16.__PARA__L4-1.__PIPE__L0-off.__PIPE__L1-NA.__PIPE__L2-flatten.__TILE__L0-1.__TILE__L1-4.__TILE__L2-8,target,query,query,finetune_dataset,data_880.pt,5968041.0,harp_hmoe_support_paired,4,50,hmoe_support_paired_seed4,0.3723353,0.6637745,0.29143920000000006,0.9,0.8638182,0.03618180000000004,0.4,0.38514006,0.014859940000000016,0.81,0.7982992,0.011700800000000067,0.03,0.012412727,0.017587273
ff47117027ddb9c3,jacobi-2d,jacobi-2d,lv2:__PARA__L0-1.__PARA__L1-2.__PARA__L2-4.__PARA__L3-8.__PARA__L4-8.__PIPE__L0-off.__PIPE__L1-NA.__PIPE__L2-off.__TILE__L0-1.__TILE__L1-1.__TILE__L2-1,target,query,query,finetune_dataset,data_860.pt,4390681.0,harp_hmoe_support_paired,4,50,hmoe_support_paired_seed4,0.5937417,0.6740757,0.08033400000000002,0.05,0.046841316,0.003158684000000002,0.02,0.018668253,0.0013317470000000012,0.05,0.06548947,0.015489469999999991,0.0,0.014501244,0.014501244
04cce8feb32cd125,jacobi-2d,jacobi-2d,lv2:__PARA__L0-1.__PARA__L1-1.__PARA__L2-11.__PARA__L3-1.__PARA__L4-4.__PIPE__L0-off.__PIPE__L1-flatten.__PIPE__L2-NA.__TILE__L0-1.__TILE__L1-8.__TILE__L2-8,target,query,query,finetune_dataset,data_729.pt,4258361.0,harp_hmoe_support_paired,4,50,hmoe_support_paired_seed4,0.6158149,0.6994685,0.0836536,0.28,0.393844,0.113844,0.12,0.13158646,0.011586459999999993,0.27,0.24369076,0.02630924000000001,0.21,0.112137645,0.097862355
7a4fecb14c6c0c25,jacobi-2d,jacobi-2d,lv2:__PARA__L0-1.__PARA__L1-1.__PARA__L2-2.__PARA__L3-1.__PARA__L4-1.__PIPE__L0-off.__PIPE__L1-off.__PIPE__L2-flatten.__TILE__L0-1.__TILE__L1-8.__TILE__L2-8,target,query,query,finetune_dataset,data_740.pt,4086961.0,harp_hmoe_support_paired,4,50,hmoe_support_paired_seed4,0.6454498,0.4847054,0.16074439999999995,0.65,0.89521307,0.24521307000000003,0.3,0.43426323,0.13426323,0.62,0.7711098,0.15110979999999996,0.04,0.08952314,0.04952314
764f63a42355b187,jacobi-2d,jacobi-2d,lv2:__PARA__L0-1.__PARA__L1-2.__PARA__L2-2.__PARA__L3-8.__PARA__L4-8.__PIPE__L0-off.__PIPE__L1-NA.__PIPE__L2-NA.__TILE__L0-40.__TILE__L1-1.__TILE__L2-1,target,query,query,finetune_dataset,data_839.pt,4382121.0,harp_hmoe_support_paired,4,50,hmoe_support_paired_seed4,0.5951494,0.71228373,0.11713432999999995,0.05,0.038184695,0.011815305000000005,0.02,-0.012621184,0.032621184,0.05,0.06385568,0.013855679999999995,0.0,-0.0006139777,0.0006139777
70b23e1418b25f9a,jacobi-2d,jacobi-2d,lv2:__PARA__L0-1.__PARA__L1-1.__PARA__L2-8.__PARA__L3-8.__PARA__L4-8.__PIPE__L0-off.__PIPE__L1-off.__PIPE__L2-off.__TILE__L0-40.__TILE__L1-1.__TILE__L2-1,target,query,query,finetune_dataset,data_784.pt,2266604.0,harp_hmoe_support_paired,4,50,hmoe_support_paired_seed4,1.0706979,0.8370869,0.23361100000000012,0.04,0.008270614,0.031729386,0.01,0.026453663,0.016453663,0.03,0.036778092,0.0067780919999999995,0.02,0.011827439,0.008172561
418f7638dcb91743,jacobi-2d,jacobi-2d,lv2:__PARA__L0-1.__PARA__L1-1.__PARA__L2-2.__PARA__L3-2.__PARA__L4-1.__PIPE__L0-off.__PIPE__L1-off.__PIPE__L2-flatten.__TILE__L0-1.__TILE__L1-8.__TILE__L2-8,target,query,query,finetune_dataset,data_750.pt,4088281.0,harp_hmoe_support_paired,4,50,hmoe_support_paired_seed4,0.6452169,0.58967257,0.05554433000000003,0.87,0.8494306,0.02056939999999996,0.38,0.3944761,0.014476099999999992,0.78,0.78037345,0.0003734499999999974,0.0,0.056570053,0.056570053
73275156de8b6442,jacobi-2d,jacobi-2d,lv2:__PARA__L0-1.__PARA__L1-4.__PARA__L2-8.__PARA__L3-8.__PARA__L4-8.__PIPE__L0-off.__PIPE__L1-NA.__PIPE__L2-NA.__TILE__L0-40.__TILE__L1-1.__TILE__L2-1,target,query,query,finetune_dataset,data_905.pt,4422961.0,harp_hmoe_support_paired,4,50,hmoe_support_paired_seed4,0.58845776,0.63321936,0.04476159999999996,0.05,0.06520193,0.015201930000000002,0.02,0.042851005,0.022851004999999997,0.05,0.064183354,0.014183353999999995,0.01,-0.0008317943,0.0108317943
76cdc1b4a2ae88da,jacobi-2d,jacobi-2d,lv2:__PARA__L0-1.__PARA__L1-4.__PARA__L2-1.__PARA__L3-8.__PARA__L4-8.__PIPE__L0-off.__PIPE__L1-NA.__PIPE__L2-off.__TILE__L0-1.__TILE__L1-1.__TILE__L2-88,target,query,query,finetune_dataset,data_889.pt,2242884.0,harp_hmoe_support_paired,4,50,hmoe_support_paired_seed4,1.0782865,0.69249916,0.3857873399999999,0.04,0.031725816,0.008274184000000004,0.02,-0.006937464,0.026937464,0.03,0.08864182,0.05864182,0.01,0.017213851,0.0072138509999999986
22ec0ba283f993c7,jacobi-2d,jacobi-2d,lv2:__PARA__L0-1.__PARA__L1-1.__PARA__L2-1.__PARA__L3-4.__PARA__L4-22.__PIPE__L0-off.__PIPE__L1-off.__PIPE__L2-off.__TILE__L0-1.__TILE__L1-1.__TILE__L2-1,target,query,query,finetune_dataset,data_705.pt,280324.0,harp_hmoe_support_paired,4,50,hmoe_support_paired_seed4,2.5783803,1.7860365,0.7923438,0.07,0.054475598,0.015524402000000007,0.02,0.0068215095,0.0131784905,0.02,0.05357924,0.033579239999999996,0.05,0.04531765,0.004682350000000002
e05069fa34c4ab8a,jacobi-2d,jacobi-2d,lv2:__PARA__L0-1.__PARA__L1-1.__PARA__L2-1.__PARA__L3-8.__PARA__L4-22.__PIPE__L0-off.__PIPE__L1-off.__PIPE__L2-off.__TILE__L0-1.__TILE__L1-1.__TILE__L2-1,target,query,query,finetune_dataset,data_715.pt,164284.0,harp_hmoe_support_paired,4,50,hmoe_support_paired_seed4,2.9638321,1.8582087,1.1056233999999998,0.07,0.057696037,0.012303963000000008,0.02,0.016915392,0.003084607999999999,0.02,0.055461377,0.035461377,0.05,0.046803653,0.003196347000000002
c395ab2e435aff0d,jacobi-2d,jacobi-2d,lv2:__PARA__L0-1.__PARA__L1-1.__PARA__L2-1.__PARA__L3-1.__PARA__L4-2.__PIPE__L0-off.__PIPE__L1-flatten.__PIPE__L2-NA.__TILE__L0-1.__TILE__L1-1.__TILE__L2-8,target,query,query,finetune_dataset,data_668.pt,3938921.0,harp_hmoe_support_paired,4,50,hmoe_support_paired_seed4,0.6720638,0.55831623,0.11374757000000002,0.25,0.23737639,0.012623610000000007,0.11,0.13692497,0.026924970000000006,0.26,0.27837163,0.018371629999999972,0.25,0.23526385,0.014736150000000003
29f20a46aed046a9,jacobi-2d,jacobi-2d,lv2:__PARA__L0-1.__PARA__L1-4.__PARA__L2-2.__PARA__L3-8.__PARA__L4-8.__PIPE__L0-off.__PIPE__L1-NA.__PIPE__L2-off.__TILE__L0-40.__TILE__L1-1.__TILE__L2-1,target,query,query,finetune_dataset,data_898.pt,4390681.0,harp_hmoe_support_paired,4,50,hmoe_support_paired_seed4,0.5937417,0.74452436,0.15078265999999996,0.05,0.06918674,0.019186739999999994,0.02,0.010215063,0.009784937,0.05,0.0649775,0.01497749999999999,0.0,-0.002848019,0.002848019
951f39a82264c2b7,jacobi-2d,jacobi-2d,lv2:__PARA__L0-1.__PARA__L1-2.__PARA__L2-4.__PARA__L3-8.__PARA__L4-8.__PIPE__L0-off.__PIPE__L1-NA.__PIPE__L2-NA.__TILE__L0-40.__TILE__L1-1.__TILE__L2-1,target,query,query,finetune_dataset,data_859.pt,4390681.0,harp_hmoe_support_paired,4,50,hmoe_support_paired_seed4,0.5937417,0.69295853,0.09921682999999992,0.05,0.052823894,0.0028238940000000004,0.02,0.015579615,0.004420385000000001,0.05,0.07152519,0.02152519,0.0,0.01129061,0.01129061
4dc43ab556929ebc,jacobi-2d,jacobi-2d,lv2:__PARA__L0-1.__PARA__L1-1.__PARA__L2-1.__PARA__L3-8.__PARA__L4-8.__PIPE__L0-off.__PIPE__L1-off.__PIPE__L2-NA.__TILE__L0-1.__TILE__L1-88.__TILE__L2-8,target,query,query,finetune_dataset,data_721.pt,3973841.0,harp_hmoe_support_paired,4,50,hmoe_support_paired_seed4,0.665697,0.69743824,0.031741240000000004,0.05,0.015303187,0.03469681300000001,0.02,-0.027438315,0.047438315,0.05,0.038749486,0.011250514000000003,0.0,0.060765743,0.060765743
0b048cbe2d8c5471,jacobi-2d,jacobi-2d,lv2:__PARA__L0-1.__PARA__L1-4.__PARA__L2-1.__PARA__L3-8.__PARA__L4-8.__PIPE__L0-off.__PIPE__L1-off.__PIPE__L2-off.__TILE__L0-1.__TILE__L1-1.__TILE__L2-1,target,query,query,finetune_dataset,data_891.pt,2242884.0,harp_hmoe_support_paired,4,50,hmoe_support_paired_seed4,1.0782865,1.1697822,0.09149570000000007,0.04,0.033456497,0.006543502999999999,0.02,-0.0032131758,0.0232131758,0.03,0.027487993,0.002512007,0.01,0.00577192,0.00422808
f849a18ab6a5f95b,jacobi-2d,jacobi-2d,lv2:__PARA__L0-1.__PARA__L1-1.__PARA__L2-4.__PARA__L3-8.__PARA__L4-8.__PIPE__L0-off.__PIPE__L1-off.__PIPE__L2-off.__TILE__L0-1.__TILE__L1-88.__TILE__L2-1,target,query,query,finetune_dataset,data_779.pt,2242884.0,harp_hmoe_support_paired,4,50,hmoe_support_paired_seed4,1.0782865,0.7190451,0.35924139999999993,0.04,0.011606567,0.028393433000000003,0.02,0.0033822693,0.0166177307,0.03,0.050308883,0.020308883,0.01,0.02149351,0.01149351
09dffd75dd6a8699,jacobi-2d,jacobi-2d,lv2:__PARA__L0-1.__PARA__L1-1.__PARA__L2-1.__PARA__L3-11.__PARA__L4-8.__PIPE__L0-off.__PIPE__L1-off.__PIPE__L2-off.__TILE__L0-1.__TILE__L1-1.__TILE__L2-1,target,query,query,finetune_dataset,data_687.pt,206364.0,harp_hmoe_support_paired,4,50,hmoe_support_paired_seed4,2.7993324,1.3294058,1.4699266,0.04,0.014852695,0.025147305000000002,0.01,-0.0065272436,0.016527243599999998,0.01,0.019724578,0.009724578,0.03,0.0059012473,0.0240987527
04a4db8dea85f394,jacobi-2d,jacobi-2d,lv2:__PARA__L0-1.__PARA__L1-1.__PARA__L2-2.__PARA__L3-11.__PARA__L4-1.__PIPE__L0-off.__PIPE__L1-off.__PIPE__L2-flatten.__TILE__L0-1.__TILE__L1-1.__TILE__L2-8,target,query,query,finetune_dataset,data_743.pt,4020281.0,harp_hmoe_support_paired,4,50,hmoe_support_paired_seed4,0.65731585,0.8076641,0.15034824999999996,0.88,0.9065885,0.026588500000000015,0.39,0.39489236,0.0048923599999999845,0.77,0.7446314,0.025368599999999963,0.03,0.057967752,0.027967752
d817f4e2fb14ad81,jacobi-2d,jacobi-2d,lv2:__PARA__L0-1.__PARA__L1-22.__PARA__L2-2.__PARA__L3-1.__PARA__L4-1.__PIPE__L0-off.__PIPE__L1-NA.__PIPE__L2-flatten.__TILE__L0-1.__TILE__L1-4.__TILE__L2-8,target,query,query,finetune_dataset,data_876.pt,4385641.0,harp_hmoe_support_paired,4,50,hmoe_support_paired_seed4,0.59457016,0.6023805,0.007810340000000027,0.65,0.721124,0.07112399999999997,0.3,0.35541722,0.05541721999999999,0.62,0.69625723,0.07625722999999995,0.04,0.01822427,0.02177573
bf1098b07df0d975,jacobi-2d,jacobi-2d,lv2:__PARA__L0-1.__PARA__L1-1.__PARA__L2-22.__PARA__L3-8.__PARA__L4-8.__PIPE__L0-off.__PIPE__L1-off.__PIPE__L2-NA.__TILE__L0-1.__TILE__L1-88.__TILE__L2-4,target,query,query,finetune_dataset,data_771.pt,2355924.0,harp_hmoe_support_paired,4,50,hmoe_support_paired_seed4,1.0428176,0.95069647,0.09212113,0.04,0.056103043,0.016103042999999997,0.01,0.012553666,0.0025536659999999996,0.03,0.039013878,0.009013878000000003,0.02,0.001979053,0.018020947
97d9abfd402b29db,jacobi-2d,jacobi-2d,lv2:__PARA__L0-1.__PARA__L1-1.__PARA__L2-1.__PARA__L3-8.__PARA__L4-1.__PIPE__L0-off.__PIPE__L1-off.__PIPE__L2-off.__TILE__L0-1.__TILE__L1-1.__TILE__L2-1,target,query,query,finetune_dataset,data_710.pt,973524.0,harp_hmoe_support_paired,4,50,hmoe_support_paired_seed4,1.6803198,2.0056028,0.3252830000000002,0.03,0.022088699,0.007911300999999999,0.01,0.030624453,0.020624453,0.02,0.025345892,0.005345891999999998,0.02,0.042153046,0.022153046
e09ba6a56162015e,jacobi-2d,jacobi-2d,lv2:__PARA__L0-1.__PARA__L1-1.__PARA__L2-1.__PARA__L3-1.__PARA__L4-1.__PIPE__L0-off.__PIPE__L1-flatten.__PIPE__L2-off.__TILE__L0-1.__TILE__L1-1.__TILE__L2-4,target,query,query,finetune_dataset,data_658.pt,3944281.0,harp_hmoe_support_paired,4,50,hmoe_support_paired_seed4,0.67108285,0.24584837,0.42523447999999997,0.25,0.18461019,0.06538980999999999,0.11,0.21729717,0.10729717000000001,0.26,0.24897304,0.011026960000000002,0.29,0.2036292,0.08637079999999997
005086396bfb0fbc,jacobi-2d,jacobi-2d,lv2:__PARA__L0-1.__PARA__L1-1.__PARA__L2-1.__PARA__L3-8.__PARA__L4-32.__PIPE__L0-off.__PIPE__L1-off.__PIPE__L2-NA.__TILE__L0-1.__TILE__L1-1.__TILE__L2-1,target,query,query,finetune_dataset,data_716.pt,2350244.0,harp_hmoe_support_paired,4,50,hmoe_support_paired_seed4,1.0445588,1.7968068,0.752248,0.19,0.0161032,0.1738968,0.03,0.01617359,0.013826409999999997,0.03,0.076512426,0.046512425999999996,0.1,0.11395979,0.01395979
7fb3c20dbed2153a,jacobi-2d,jacobi-2d,lv2:__PARA__L0-1.__PARA__L1-2.__PARA__L2-11.__PARA__L3-8.__PARA__L4-8.__PIPE__L0-off.__PIPE__L1-off.__PIPE__L2-off.__TILE__L0-1.__TILE__L1-1.__TILE__L2-8,target,query,query,finetune_dataset,data_835.pt,4434121.0,harp_hmoe_support_paired,4,50,hmoe_support_paired_seed4,0.58664,0.5704422,0.01619780000000004,0.05,0.05965834,0.009658339999999994,0.02,0.014842141,0.005157859000000001,0.05,0.034934312,0.015065688,0.01,0.0063919127,0.0036080873
d8f1f816319d76f6,jacobi-2d,jacobi-2d,lv2:__PARA__L0-1.__PARA__L1-1.__PARA__L2-1.__PARA__L3-1.__PARA__L4-1.__PIPE__L0-off.__PIPE__L1-off.__PIPE__L2-off.__TILE__L0-1.__TILE__L1-1.__TILE__L2-1,target,query,query,finetune_dataset,data_663.pt,625124.0,harp_hmoe_support_paired,4,50,hmoe_support_paired_seed4,1.999857,1.813297,0.18656000000000006,0.01,0.019824557,0.009824557,0.0,0.032945875,0.032945875,0.0,0.021662802,0.021662802,0.02,0.07704602,0.05704602
76c2b8937705e036,jacobi-2d,jacobi-2d,lv2:__PARA__L0-1.__PARA__L1-4.__PARA__L2-1.__PARA__L3-8.__PARA__L4-8.__PIPE__L0-off.__PIPE__L1-NA.__PIPE__L2-off.__TILE__L0-1.__TILE__L1-1.__TILE__L2-1,target,query,query,finetune_dataset,data_888.pt,2242884.0,harp_hmoe_support_paired,4,50,hmoe_support_paired_seed4,1.0782865,1.1017785,0.02349200000000007,0.04,0.049006037,0.009006037000000001,0.02,0.0044240095,0.015575990500000001,0.03,0.04110107,0.011101070000000005,0.01,0.003402695,0.006597305
d3b2cff71cb6b3f4,jacobi-2d,jacobi-2d,lv2:__PARA__L0-1.__PARA__L1-2.__PARA__L2-22.__PARA__L3-8.__PARA__L4-8.__PIPE__L0-off.__PIPE__L1-NA.__PIPE__L2-NA.__TILE__L0-40.__TILE__L1-1.__TILE__L2-1,target,query,query,finetune_dataset,data_848.pt,4504601.0,harp_hmoe_support_paired,4,50,hmoe_support_paired_seed4,0.5752644,0.8646654,0.289401,0.05,0.045607977,0.004392023000000002,0.02,0.029989514,0.009989513999999998,0.05,0.047928393,0.002071607000000003,0.01,0.022628903,0.012628902999999999
86c3f25e74bb0602,jacobi-2d,jacobi-2d,lv2:__PARA__L0-1.__PARA__L1-1.__PARA__L2-1.__PARA__L3-4.__PARA__L4-32.__PIPE__L0-off.__PIPE__L1-off.__PIPE__L2-off.__TILE__L0-1.__TILE__L1-1.__TILE__L2-1,target,query,query,finetune_dataset,data_707.pt,2486164.0,harp_hmoe_support_paired,4,50,hmoe_support_paired_seed4,1.0040033,1.8219564,0.8179531,0.11,0.004309587,0.105690413,0.03,0.039449308,0.009449308000000003,0.03,0.046323538,0.016323538,0.05,0.11798701,0.06798701
5e2597b5863e7267,jacobi-2d,jacobi-2d,lv2:__PARA__L0-1.__PARA__L1-4.__PARA__L2-8.__PARA__L3-8.__PARA__L4-8.__PIPE__L0-off.__PIPE__L1-NA.__PIPE__L2-off.__TILE__L0-40.__TILE__L1-1.__TILE__L2-1,target,query,query,finetune_dataset,data_907.pt,4422961.0,harp_hmoe_support_paired,4,50,hmoe_support_paired_seed4,0.58845776,0.57702106,0.011436700000000077,0.05,0.05741363,0.0074136299999999974,0.02,0.041267727,0.021267726999999997,0.05,0.06359637,0.013596369999999997,0.01,-0.00064769265,0.01064769265
b7291231ff5e94b8,jacobi-2d,jacobi-2d,lv2:__PARA__L0-1.__PARA__L1-1.__PARA__L2-1.__PARA__L3-4.__PARA__L4-4.__PIPE__L0-off.__PIPE__L1-off.__PIPE__L2-off.__TILE__L0-1.__TILE__L1-1.__TILE__L2-1,target,query,query,finetune_dataset,data_708.pt,470244.0,harp_hmoe_support_paired,4,50,hmoe_support_paired_seed4,2.2052233,2.2134018,0.008178500000000088,0.01,0.011155061,0.0011550610000000006,0.0,0.008107219,0.008107219,0.0,0.026101619,0.026101619,0.02,0.02032955,0.0003295499999999979
33a477d84c262dc2,jacobi-2d,jacobi-2d,lv2:__PARA__L0-1.__PARA__L1-2.__PARA__L2-8.__PARA__L3-8.__PARA__L4-8.__PIPE__L0-off.__PIPE__L1-NA.__PIPE__L2-NA.__TILE__L0-1.__TILE__L1-1.__TILE__L2-1,target,query,query,finetune_dataset,data_866.pt,4414401.0,harp_hmoe_support_paired,4,50,hmoe_support_paired_seed4,0.5898552,0.6229252,0.03306999999999993,0.05,0.04420858,0.0057914200000000055,0.02,0.03362066,0.013620659999999996,0.05,0.057486057,0.007486056999999997,0.01,0.004951507,0.005048493
346b59020b3c9f7f,jacobi-2d,jacobi-2d,lv2:__PARA__L0-1.__PARA__L1-1.__PARA__L2-2.__PARA__L3-8.__PARA__L4-8.__PIPE__L0-off.__PIPE__L1-off.__PIPE__L2-NA.__TILE__L0-40.__TILE__L1-1.__TILE__L2-1,target,query,query,finetune_dataset,data_764.pt,2234324.0,harp_hmoe_support_paired,4,50,hmoe_support_paired_seed4,1.0810448,0.98817146,0.09287333999999992,0.04,0.00689774,0.03310226,0.02,-0.019224048,0.039224048,0.03,0.03653252,0.00653252,0.01,-0.002375459,0.012375459
3e14a2713d1d763e,jacobi-2d,jacobi-2d,lv2:__PARA__L0-1.__PARA__L1-22.__PARA__L2-2.__PARA__L3-4.__PARA__L4-1.__PIPE__L0-off.__PIPE__L1-NA.__PIPE__L2-flatten.__TILE__L0-1.__TILE__L1-4.__TILE__L2-8,target,query,query,finetune_dataset,data_884.pt,4385921.0,harp_hmoe_support_paired,4,50,hmoe_support_paired_seed4,0.59452415,0.6670158,0.07249165000000002,0.87,0.8428461,0.027153899999999953,0.39,0.38274258,0.007257420000000014,0.78,0.8173698,0.03736980000000001,0.0,0.032843858,0.032843858
bc50b6c7e737f423,jacobi-2d,jacobi-2d,lv2:__PARA__L0-1.__PARA__L1-11.__PARA__L2-2.__PARA__L3-2.__PARA__L4-1.__PIPE__L0-off.__PIPE__L1-off.__PIPE__L2-flatten.__TILE__L0-1.__TILE__L1-8.__TILE__L2-8,target,query,query,finetune_dataset,data_795.pt,4315681.0,harp_hmoe_support_paired,4,50,hmoe_support_paired_seed4,0.60616994,0.7086471,0.10247715999999996,0.87,0.80997175,0.060028250000000005,0.38,0.36936334,0.01063666000000002,0.78,0.76207685,0.01792315,0.0,0.034655422,0.034655422
b9937ac9cd905954,jacobi-2d,jacobi-2d,lv2:__PARA__L0-1.__PARA__L1-2.__PARA__L2-1.__PARA__L3-1.__PARA__L4-4.__PIPE__L0-off.__PIPE__L1-flatten.__PIPE__L2-NA.__TILE__L0-1.__TILE__L1-1.__TILE__L2-8,target,query,query,finetune_dataset,data_804.pt,3936601.0,harp_hmoe_support_paired,4,50,hmoe_support_paired_seed4,0.6724888,0.69121313,0.018724329999999956,0.56,0.5454826,0.014517400000000014,0.25,0.2853885,0.03538849999999999,0.52,0.5591868,0.039186799999999966,0.0,0.19693592,0.19693592
aa2dbe6374806a88,jacobi-2d,jacobi-2d,lv2:__PARA__L0-1.__PARA__L1-1.__PARA__L2-1.__PARA__L3-4.__PARA__L4-1.__PIPE__L0-off.__PIPE__L1-off.__PIPE__L2-off.__TILE__L0-1.__TILE__L1-1.__TILE__L2-1,target,query,query,finetune_dataset,data_700.pt,1012244.0,harp_hmoe_support_paired,4,50,hmoe_support_paired_seed4,1.6521856,1.8734132,0.22122759999999997,0.02,0.020377688,0.000377688000000001,0.01,0.026941065,0.016941064999999998,0.01,0.026474476,0.016474476000000002,0.02,0.051158056,0.031158056
526c3a4bdacfa2d3,jacobi-2d,jacobi-2d,lv2:__PARA__L0-1.__PARA__L1-2.__PARA__L2-11.__PARA__L3-8.__PARA__L4-8.__PIPE__L0-off.__PIPE__L1-off.__PIPE__L2-NA.__TILE__L0-1.__TILE__L1-1.__TILE__L2-1,target,query,query,finetune_dataset,data_831.pt,4434121.0,harp_hmoe_support_paired,4,50,hmoe_support_paired_seed4,0.58664,0.6207409,0.03410089999999999,0.05,0.025784366,0.024215634000000003,0.02,0.030720491,0.010720490999999999,0.05,0.035283685,0.014716315,0.01,0.00078448653,0.00921551347
34b992a5a7a00114,jacobi-2d,jacobi-2d,lv2:__PARA__L0-1.__PARA__L1-1.__PARA__L2-1.__PARA__L3-11.__PARA__L4-4.__PIPE__L0-off.__PIPE__L1-off.__PIPE__L2-off.__TILE__L0-1.__TILE__L1-1.__TILE__L2-1,target,query,query,finetune_dataset,data_686.pt,322404.0,harp_hmoe_support_paired,4,50,hmoe_support_paired_seed4,2.4774933,2.2142422,0.26325109999999974,0.03,0.029490046,0.000509954,0.01,0.015802894,0.005802894000000001,0.01,0.03642997,0.026429969999999997,0.03,0.01249297,0.01750703
53465b974b67d248,jacobi-2d,jacobi-2d,lv2:__PARA__L0-1.__PARA__L1-2.__PARA__L2-88.__PARA__L3-8.__PARA__L4-8.__PIPE__L0-off.__PIPE__L1-NA.__PIPE__L2-off.__TILE__L0-1.__TILE__L1-1.__TILE__L2-1,target,query,query,finetune_dataset,data_874.pt,4361601.0,harp_hmoe_support_paired,4,50,hmoe_support_paired_seed4,0.5985351,0.6116942,0.01315909999999998,2.0,0.10739999,1.89260001,0.93,0.05172449,0.87827551,2.08,0.018766046,2.061233954,0.0,0.08114357,0.08114357
31777265ef1d2415,jacobi-2d,jacobi-2d,lv2:__PARA__L0-1.__PARA__L1-2.__PARA__L2-8.__PARA__L3-8.__PARA__L4-8.__PIPE__L0-off.__PIPE__L1-off.__PIPE__L2-off.__TILE__L0-40.__TILE__L1-1.__TILE__L2-1,target,query,query,finetune_dataset,data_873.pt,4414401.0,harp_hmoe_support_paired,4,50,hmoe_support_paired_seed4,0.5898552,0.5844778,0.005377399999999977,0.05,0.03062015,0.019379850000000004,0.02,0.030022833,0.010022832999999998,0.05,0.051921964,0.0019219639999999982,0.01,0.0096550435,0.00034495650000000017
143101b6acaf1644,jacobi-2d,jacobi-2d,lv2:__PARA__L0-1.__PARA__L1-2.__PARA__L2-11.__PARA__L3-8.__PARA__L4-8.__PIPE__L0-off.__PIPE__L1-off.__PIPE__L2-NA.__TILE__L0-1.__TILE__L1-1.__TILE__L2-8,target,query,query,finetune_dataset,data_832.pt,4434121.0,harp_hmoe_support_paired,4,50,hmoe_support_paired_seed4,0.58664,0.6198119,0.03317189999999992,0.05,0.06817465,0.01817465,0.02,0.010848496,0.009151504000000001,0.05,0.034675375,0.015324625000000001,0.01,0.0044299066,0.0055700934
c125a83a28d530ad,jacobi-2d,jacobi-2d,lv2:__PARA__L0-1.__PARA__L1-11.__PARA__L2-2.__PARA__L3-16.__PARA__L4-1.__PIPE__L0-off.__PIPE__L1-NA.__PIPE__L2-flatten.__TILE__L0-1.__TILE__L1-8.__TILE__L2-8,target,query,query,finetune_dataset,data_792.pt,5897561.0,harp_hmoe_support_paired,4,50,hmoe_support_paired_seed4,0.38090482,0.6723683,0.29146348000000005,0.9,0.8813066,0.01869339999999997,0.4,0.39446184,0.005538160000000014,0.81,0.78193164,0.028068360000000014,0.03,0.027539477,0.002460522999999999
ca89cb920af95063,jacobi-2d,jacobi-2d,lv2:__PARA__L0-1.__PARA__L1-1.__PARA__L2-2.__PARA__L3-2.__PARA__L4-1.__PIPE__L0-off.__PIPE__L1-NA.__PIPE__L2-flatten.__TILE__L0-1.__TILE__L1-8.__TILE__L2-8,target,query,query,finetune_dataset,data_748.pt,4088281.0,harp_hmoe_support_paired,4,50,hmoe_support_paired_seed4,0.6452169,0.57103527,0.07418163,0.87,0.88978016,0.019780160000000047,0.38,0.39703688,0.017036879999999976,0.78,0.80890715,0.028907149999999993,0.0,0.07492152,0.07492152
1cb62280cb163648,jacobi-2d,jacobi-2d,lv2:__PARA__L0-1.__PARA__L1-1.__PARA__L2-2.__PARA__L3-32.__PARA__L4-1.__PIPE__L0-off.__PIPE__L1-off.__PIPE__L2-flatten.__TILE__L0-1.__TILE__L1-8.__TILE__L2-8,target,query,query,finetune_dataset,data_756.pt,5668321.0,harp_hmoe_support_paired,4,50,hmoe_support_paired_seed4,0.4095033,0.4962421,0.0867388,0.95,0.8308057,0.11919429999999998,0.43,0.36515462,0.06484538000000001,0.85,0.7439436,0.10605639999999994,0.12,0.08172524,0.03827475999999999
6c039b964f03d1ec,jacobi-2d,jacobi-2d,lv2:__PARA__L0-1.__PARA__L1-1.__PARA__L2-1.__PARA__L3-1.__PARA__L4-16.__PIPE__L0-off.__PIPE__L1-off.__PIPE__L2-NA.__TILE__L0-1.__TILE__L1-1.__TILE__L2-1,target,query,query,finetune_dataset,data_666.pt,887604.0,harp_hmoe_support_paired,4,50,hmoe_support_paired_seed4,1.74697,1.7743423,0.027372300000000127,0.04,0.055080347,0.015080347000000001,0.01,-0.021341478,0.031341478,0.01,0.036197603,0.026197603,0.07,0.031632185,0.038367815000000006
6c17c4d0414be5a1,jacobi-2d,jacobi-2d,lv2:__PARA__L0-1.__PARA__L1-2.__PARA__L2-8.__PARA__L3-8.__PARA__L4-8.__PIPE__L0-off.__PIPE__L1-NA.__PIPE__L2-NA.__TILE__L0-40.__TILE__L1-1.__TILE__L2-1,target,query,query,finetune_dataset,data_867.pt,4414401.0,harp_hmoe_support_paired,4,50,hmoe_support_paired_seed4,0.5898552,0.63242435,0.042569149999999945,0.05,0.05487459,0.004874589999999998,0.02,0.038126666,0.018126665999999996,0.05,0.060881287,0.010881286999999996,0.01,0.006657794,0.0033422060000000003
c45c956a22ace27c,jacobi-2d,jacobi-2d,lv2:__PARA__L0-1.__PARA__L1-1.__PARA__L2-2.__PARA__L3-22.__PARA__L4-1.__PIPE__L0-off.__PIPE__L1-off.__PIPE__L2-flatten.__TILE__L0-1.__TILE__L1-1.__TILE__L2-8,target,query,query,finetune_dataset,data_752.pt,4006001.0,harp_hmoe_support_paired,4,50,hmoe_support_paired_seed4,0.65988266,0.8805764,0.22069374000000008,0.89,0.8894896,0.000510400000000022,0.4,0.35885534,0.04114466,0.77,0.7320154,0.037984600000000035,0.07,0.04731697,0.022683030000000007
2530921ded218957,jacobi-2d,jacobi-2d,lv2:__PARA__L0-1.__PARA__L1-1.__PARA__L2-1.__PARA__L3-11.__PARA__L4-2.__PIPE__L0-off.__PIPE__L1-off.__PIPE__L2-off.__TILE__L0-1.__TILE__L1-1.__TILE__L2-1,target,query,query,finetune_dataset,data_684.pt,554684.0,harp_hmoe_support_paired,4,50,hmoe_support_paired_seed4,2.086095,1.8036324,0.2824625999999999,0.04,0.03682273,0.003177270000000003,0.01,0.02606443,0.016064429999999998,0.01,0.037792295,0.027792294999999995,0.03,0.013293058,0.016706942
6c1db49cabf996b6,jacobi-2d,jacobi-2d,lv2:__PARA__L0-1.__PARA__L1-1.__PARA__L2-1.__PARA__L3-8.__PARA__L4-8.__PIPE__L0-off.__PIPE__L1-off.__PIPE__L2-off.__TILE__L0-1.__TILE__L1-1.__TILE__L2-1,target,query,query,finetune_dataset,data_722.pt,238164.0,harp_hmoe_support_paired,4,50,hmoe_support_paired_seed4,2.6959505,1.4819765,1.2139739999999999,0.03,0.00043349713,0.02956650287,0.01,-0.008944794,0.018944794,0.0,0.009845465,0.009845465,0.02,0.007801473,0.012198527
bbbfb2590c70a1f0,jacobi-2d,jacobi-2d,lv2:__PARA__L0-1.__PARA__L1-1.__PARA__L2-1.__PARA__L3-2.__PARA__L4-4.__PIPE__L0-off.__PIPE__L1-off.__PIPE__L2-off.__TILE__L0-1.__TILE__L1-1.__TILE__L2-1,target,query,query,finetune_dataset,data_697.pt,702484.0,harp_hmoe_support_paired,4,50,hmoe_support_paired_seed4,1.9156954,2.2116132,0.2959178,0.01,0.00843244,0.0015675600000000008,0.0,0.0061663724,0.0061663724,0.0,0.02713433,0.02713433,0.02,0.024542749,0.004542748999999999
fe2717bb9b5a622a,jacobi-2d,jacobi-2d,lv2:__PARA__L0-1.__PARA__L1-2.__PARA__L2-11.__PARA__L3-8.__PARA__L4-8.__PIPE__L0-off.__PIPE__L1-off.__PIPE__L2-off.__TILE__L0-1.__TILE__L1-1.__TILE__L2-1,target,query,query,finetune_dataset,data_834.pt,4434121.0,harp_hmoe_support_paired,4,50,hmoe_support_paired_seed4,0.58664,0.5264677,0.06017230000000007,0.05,0.014026873,0.035973127,0.02,0.023366977,0.003366977,0.05,0.04419124,0.005808760000000003,0.01,-0.007906427,0.017906427000000003
eb12b029d36072ae,jacobi-2d,jacobi-2d,lv2:__PARA__L0-1.__PARA__L1-1.__PARA__L2-1.__PARA__L3-8.__PARA__L4-2.__PIPE__L0-off.__PIPE__L1-off.__PIPE__L2-off.__TILE__L0-1.__TILE__L1-1.__TILE__L2-1,target,query,query,finetune_dataset,data_714.pt,586364.0,harp_hmoe_support_paired,4,50,hmoe_support_paired_seed4,2.0460298,1.9304668,0.11556299999999986,0.02,0.021391802,0.001391802000000001,0.01,0.024131808,0.014131808000000001,0.0,0.025857002,0.025857002,0.02,0.014263973,0.005736027000000001
c9ac54eac1913a6b,jacobi-2d,jacobi-2d,lv2:__PARA__L0-1.__PARA__L1-2.__PARA__L2-1.__PARA__L3-8.__PARA__L4-8.__PIPE__L0-off.__PIPE__L1-off.__PIPE__L2-off.__TILE__L0-1.__TILE__L1-1.__TILE__L2-8,target,query,query,finetune_dataset,data_821.pt,4206441.0,harp_hmoe_support_paired,4,50,hmoe_support_paired_seed4,0.624664,0.71951497,0.09485096999999998,0.05,0.03123384,0.018766160000000004,0.02,0.024842713,0.0048427129999999985,0.05,0.056678653,0.006678653,0.0,0.055846065,0.055846065
053991bbd59f5501,jacobi-2d,jacobi-2d,lv2:__PARA__L0-1.__PARA__L1-1.__PARA__L2-1.__PARA__L3-8.__PARA__L4-11.__PIPE__L0-off.__PIPE__L1-off.__PIPE__L2-off.__TILE__L0-1.__TILE__L1-1.__TILE__L2-1,target,query,query,finetune_dataset,data_711.pt,206364.0,harp_hmoe_support_paired,4,50,hmoe_support_paired_seed4,2.7993324,1.5014734,1.2978589999999999,0.04,0.0061616227,0.0338383773,0.01,-0.024742408,0.034742408,0.01,0.0022875369,0.007712463100000001,0.03,0.012030274,0.017969726
725cf4d13035c879,jacobi-2d,jacobi-2d,lv2:__PARA__L0-1.__PARA__L1-1.__PARA__L2-2.__PARA__L3-88.__PARA__L4-1.__PIPE__L0-off.__PIPE__L1-off.__PIPE__L2-flatten.__TILE__L0-1.__TILE__L1-1.__TILE__L2-8,target,query,query,finetune_dataset,data_768.pt,3995401.0,harp_hmoe_support_paired,4,50,hmoe_support_paired_seed4,0.6617939,0.63595426,0.025839640000000053,0.9,1.1439227,0.24392270000000005,0.4,0.582612,0.182612,0.77,0.9948034,0.2248034,0.25,0.15061198,0.09938802
a81f2c933c1c2aee,jacobi-2d,jacobi-2d,lv2:__PARA__L0-1.__PARA__L1-2.__PARA__L2-1.__PARA__L3-8.__PARA__L4-8.__PIPE__L0-off.__PIPE__L1-NA.__PIPE__L2-off.__TILE__L0-1.__TILE__L1-1.__TILE__L2-8,target,query,query,finetune_dataset,data_812.pt,4206441.0,harp_hmoe_support_paired,4,50,hmoe_support_paired_seed4,0.624664,0.7078917,0.08322770000000002,0.05,0.04949539,0.0005046100000000026,0.02,0.030254606,0.010254606,0.05,0.06725067,0.017250669999999996,0.0,0.050361395,0.050361395
b4ef68a5d9f63dc4,jacobi-2d,jacobi-2d,lv2:__PARA__L0-1.__PARA__L1-1.__PARA__L2-2.__PARA__L3-16.__PARA__L4-1.__PIPE__L0-off.__PIPE__L1-off.__PIPE__L2-flatten.__TILE__L0-1.__TILE__L1-8.__TILE__L2-8,target,query,query,finetune_dataset,data_747.pt,5669521.0,harp_hmoe_support_paired,4,50,hmoe_support_paired_seed4,0.40935063,0.73546946,0.32611883,0.9,0.8700847,0.029915299999999978,0.4,0.36793453,0.03206547000000004,0.81,0.7891172,0.02088280000000009,0.04,0.040284753,0.0002847529999999987
87c44a4a605ec900,jacobi-2d,jacobi-2d,lv2:__PARA__L0-1.__PARA__L1-2.__PARA__L2-11.__PARA__L3-8.__PARA__L4-8.__PIPE__L0-off.__PIPE__L1-NA.__PIPE__L2-off.__TILE__L0-40.__TILE__L1-1.__TILE__L2-1,target,query,query,finetune_dataset,data_830.pt,4434121.0,harp_hmoe_support_paired,4,50,hmoe_support_paired_seed4,0.58664,0.541938,0.04470200000000002,0.05,0.045089297,0.004910703000000002,0.02,0.035945762,0.015945762,0.05,0.0567185,0.006718499999999995,0.01,-0.0067312242,0.0167312242
3290e28a81169206,jacobi-2d,jacobi-2d,lv2:__PARA__L0-1.__PARA__L1-2.__PARA__L2-1.__PARA__L3-8.__PARA__L4-8.__PIPE__L0-off.__PIPE__L1-NA.__PIPE__L2-off.__TILE__L0-1.__TILE__L1-1.__TILE__L2-88,target,query,query,finetune_dataset,data_813.pt,2234324.0,harp_hmoe_support_paired,4,50,hmoe_support_paired_seed4,1.0810448,0.703817,0.3772277999999999,0.04,0.02136051,0.01863949,0.02,-0.011484798,0.031484798,0.03,0.084609926,0.054609926,0.01,0.026424676,0.016424676
0b98e4b7ddc0e9e1,jacobi-2d,jacobi-2d,lv2:__PARA__L0-1.__PARA__L1-11.__PARA__L2-2.__PARA__L3-16.__PARA__L4-1.__PIPE__L0-off.__PIPE__L1-off.__PIPE__L2-flatten.__TILE__L0-1.__TILE__L1-8.__TILE__L2-8,target,query,query,finetune_dataset,data_793.pt,5897561.0,harp_hmoe_support_paired,4,50,hmoe_support_paired_seed4,0.38090482,0.69035953,0.3094547100000001,0.9,0.8604199,0.03958010000000001,0.4,0.38255584,0.017444160000000042,0.81,0.77637386,0.03362614000000008,0.03,0.028113723,0.0018862769999999987
ddd8e3ebba80a73e,jacobi-2d,jacobi-2d,lv2:__PARA__L0-1.__PARA__L1-1.__PARA__L2-1.__PARA__L3-2.__PARA__L4-1.__PIPE__L0-off.__PIPE__L1-off.__PIPE__L2-off.__TILE__L0-1.__TILE__L1-1.__TILE__L2-1,target,query,query,finetune_dataset,data_689.pt,1089684.0,harp_hmoe_support_paired,4,50,hmoe_support_paired_seed4,1.5990092,1.8800039,0.28099469999999993,0.01,0.018564396,0.008564396,0.0,0.027187321,0.027187321,0.0,0.026939452,0.026939452,0.02,0.056548297,0.036548296999999993
08b823e9400351eb,jacobi-2d,jacobi-2d,lv2:__PARA__L0-1.__PARA__L1-22.__PARA__L2-2.__PARA__L3-8.__PARA__L4-1.__PIPE__L0-off.__PIPE__L1-NA.__PIPE__L2-flatten.__TILE__L0-1.__TILE__L1-4.__TILE__L2-8,target,query,query,finetune_dataset,data_885.pt,4385921.0,harp_hmoe_support_paired,4,50,hmoe_support_paired_seed4,0.59452415,0.62913615,0.034611999999999976,0.88,0.868813,0.011187000000000058,0.39,0.39318386,0.003183859999999983,0.79,0.80415475,0.014154749999999994,0.01,0.038347423,0.028347422999999997
4e45152dc9ab5382,jacobi-2d,jacobi-2d,lv2:__PARA__L0-1.__PARA__L1-1.__PARA__L2-2.__PARA__L3-88.__PARA__L4-1.__PIPE__L0-off.__PIPE__L1-off.__PIPE__L2-flatten.__TILE__L0-1.__TILE__L1-8.__TILE__L2-8,target,query,query,finetune_dataset,data_769.pt,4087681.0,harp_hmoe_support_paired,4,50,hmoe_support_paired_seed4,0.64532274,0.35308772,0.29223502,1.13,1.1952051,0.06520510000000002,0.49,0.7031072,0.21310720000000005,1.02,1.1139272,0.09392719999999999,0.21,0.15272671,0.057273290000000004
7b9b53845cd3a724,jacobi-2d,jacobi-2d,lv2:__PARA__L0-1.__PARA__L1-1.__PARA__L2-1.__PARA__L3-1.__PARA__L4-2.__PIPE__L0-off.__PIPE__L1-off.__PIPE__L2-off.__TILE__L0-1.__TILE__L1-1.__TILE__L2-1,target,query,query,finetune_dataset,data_669.pt,1089684.0,harp_hmoe_support_paired,4,50,hmoe_support_paired_seed4,1.5990092,1.8332266,0.2342173999999999,0.01,0.0183857,0.008385700000000001,0.0,0.022961263,0.022961263,0.0,0.025988013,0.025988013,0.02,0.043450147,0.023450147
4637e626d89ad040,jacobi-2d,jacobi-2d,lv2:__PARA__L0-1.__PARA__L1-1.__PARA__L2-1.__PARA__L3-1.__PARA__L4-1.__PIPE__L0-off.__PIPE__L1-off.__PIPE__L2-flatten.__TILE__L0-1.__TILE__L1-1.__TILE__L2-4,target,query,query,finetune_dataset,data_661.pt,4250601.0,harp_hmoe_support_paired,4,50,hmoe_support_paired_seed4,0.61713064,0.6719086,0.054777960000000014,0.28,0.22367102,0.05632898000000003,0.22,0.11234972,0.10765028,0.18,0.19310465,0.013104649999999995,0.25,0.21034847,0.03965152999999999
21399e160a46d421,jacobi-2d,jacobi-2d,lv2:__PARA__L0-1.__PARA__L1-1.__PARA__L2-2.__PARA__L3-11.__PARA__L4-1.__PIPE__L0-off.__PIPE__L1-off.__PIPE__L2-flatten.__TILE__L0-1.__TILE__L1-8.__TILE__L2-8,target,query,query,finetune_dataset,data_744.pt,4088281.0,harp_hmoe_support_paired,4,50,hmoe_support_paired_seed4,0.6452169,0.6774545,0.03223759999999998,0.9,0.873838,0.02616200000000002,0.4,0.37560236,0.024397639999999998,0.8,0.7706691,0.02933090000000005,0.04,0.059988767,0.019988766999999998
6b1a97d31ff54f58,jacobi-2d,jacobi-2d,lv2:__PARA__L0-1.__PARA__L1-1.__PARA__L2-1.__PARA__L3-11.__PARA__L4-16.__PIPE__L0-off.__PIPE__L1-off.__PIPE__L2-NA.__TILE__L0-1.__TILE__L1-1.__TILE__L2-1,target,query,query,finetune_dataset,data_682.pt,606044.0,harp_hmoe_support_paired,4,50,hmoe_support_paired_seed4,2.0222168,1.9433221,0.07889469999999976,0.09,0.06529408,0.024705919999999992,0.03,-0.014877448,0.044877448,0.04,0.046687156,0.006687156,0.08,0.026836246,0.053163754
536c145b4b592f58,jacobi-2d,jacobi-2d,lv2:__PARA__L0-1.__PARA__L1-1.__PARA__L2-8.__PARA__L3-8.__PARA__L4-8.__PIPE__L0-off.__PIPE__L1-off.__PIPE__L2-NA.__TILE__L0-1.__TILE__L1-88.__TILE__L2-1,target,query,query,finetune_dataset,data_781.pt,2266604.0,harp_hmoe_support_paired,4,50,hmoe_support_paired_seed4,1.0706979,0.6875598,0.38313810000000004,0.04,0.007829301,0.032170699,0.01,0.019594748,0.009594747999999998,0.03,0.039528728,0.009528728,0.02,0.013494045,0.006505955000000001
b07abd212d31a627,jacobi-2d,jacobi-2d,lv2:__PARA__L0-1.__PARA__L1-11.__PARA__L2-2.__PARA__L3-22.__PARA__L4-1.__PIPE__L0-off.__PIPE__L1-off.__PIPE__L2-flatten.__TILE__L0-1.__TILE__L1-8.__TILE__L2-8,target,query,query,finetune_dataset,data_797.pt,4311241.0,harp_hmoe_support_paired,4,50,hmoe_support_paired_seed4,0.60691243,0.6348338,0.027921370000000056,0.94,0.88391775,0.05608225,0.42,0.39586052,0.02413947999999999,0.83,0.79643357,0.033566429999999925,0.06,0.042837918,0.017162081999999995
b24dcc61770a9579,jacobi-2d,jacobi-2d,lv2:__PARA__L0-1.__PARA__L1-1.__PARA__L2-2.__PARA__L3-4.__PARA__L4-1.__PIPE__L0-off.__PIPE__L1-off.__PIPE__L2-flatten.__TILE__L0-1.__TILE__L1-1.__TILE__L2-8,target,query,query,finetune_dataset,data_758.pt,4069521.0,harp_hmoe_support_paired,4,50,hmoe_support_paired_seed4,0.64853454,0.7215502,0.07301566000000004,0.87,0.89281166,0.02281166000000001,0.38,0.4078145,0.02781450000000002,0.77,0.7730111,0.0030110999999999333,0.0,0.060255766,0.060255766
387c4d6118e8c989,gemver-medium,gemver-medium,lv2:__PARA__L0-1.__PARA__L1-1.__PARA__L2-1.__PARA__L3-1.__PARA__L4-1.__PARA__L5-4.__PARA__L6-400.__PIPE__L0-flatten.__PIPE__L1-off.__PIPE__L3-off.__TILE__L0-1.__TILE__L1-1.__TILE__L3-1,target,query,query,finetune_dataset,data_580.pt,271622.0,harp_hmoe_support_paired,4,50,hmoe_support_paired_seed4,2.6011279,2.5106378,0.0904900999999998,0.82,0.7164597,0.10354029999999992,0.52,0.5299247,0.009924700000000009,1.28,1.4396862,0.1596861999999999,0.43,0.4278333,0.002166699999999966
148e404c636609d4,gemver-medium,gemver-medium,lv2:__PARA__L0-1.__PARA__L1-1.__PARA__L2-1.__PARA__L3-1.__PARA__L4-1.__PARA__L5-10.__PARA__L6-20.__PIPE__L0-off.__PIPE__L1-off.__PIPE__L3-off.__TILE__L0-1.__TILE__L1-1.__TILE__L3-1,target,query,query,finetune_dataset,data_495.pt,367761.0,harp_hmoe_support_paired,4,50,hmoe_support_paired_seed4,2.3825438,2.4057016,0.023157799999999895,0.07,0.04205393,0.027946070000000003,0.02,0.015405718,0.004594282,0.01,0.010671318,0.0006713180000000006,0.05,0.16724192,0.11724191999999999
0dd2aa628d6fce9a,gemver-medium,gemver-medium,lv2:__PARA__L0-1.__PARA__L1-1.__PARA__L2-1.__PARA__L3-1.__PARA__L4-1.__PARA__L5-8.__PARA__L6-4.__PIPE__L0-off.__PIPE__L1-off.__PIPE__L3-NA.__TILE__L0-1.__TILE__L1-1.__TILE__L3-1,target,query,query,finetune_dataset,data_627.pt,540266.0,harp_hmoe_support_paired,4,50,hmoe_support_paired_seed4,2.1050932,2.260181,0.1550878,0.03,0.038967125,0.008967125,0.01,0.010582987,0.0005829870000000001,0.01,0.023622006,0.013622006,0.29,0.26697683,0.02302316999999998
f210541613fb8795,gemver-medium,gemver-medium,lv2:__PARA__L0-1.__PARA__L1-1.__PARA__L2-1.__PARA__L3-1.__PARA__L4-2.__PARA__L5-1.__PARA__L6-32.__PIPE__L0-off.__PIPE__L1-flatten.__PIPE__L3-NA.__TILE__L0-1.__TILE__L1-1.__TILE__L3-8,target,query,query,finetune_dataset,data_642.pt,220748.0,harp_hmoe_support_paired,4,50,hmoe_support_paired_seed4,2.750728,2.3697782,0.3809498000000002,0.64,0.55909836,0.08090164,0.32,0.3676322,0.04763220000000001,0.68,0.68494475,0.004944749999999942,0.25,0.21779948,0.03220052000000001
5f6a5ea1f48bc17a,gemver-medium,gemver-medium,lv2:__PARA__L0-1.__PARA__L1-1.__PARA__L2-1.__PARA__L3-1.__PARA__L4-1.__PARA__L5-1.__PARA__L6-8.__PIPE__L0-off.__PIPE__L1-off.__PIPE__L3-NA.__TILE__L0-1.__TILE__L1-1.__TILE__L3-1,target,query,query,finetune_dataset,data_485.pt,1129366.0,harp_hmoe_support_paired,4,50,hmoe_support_paired_seed4,1.5732075,1.6264105,0.05320299999999989,0.03,0.01894968,0.011050319999999999,0.01,0.039874766,0.029874765999999997,0.01,0.011513442,0.0015134420000000003,0.12,0.103409484,0.016590516
3460f95e508f6efc,gemver-medium,gemver-medium,lv2:__PARA__L0-1.__PARA__L1-1.__PARA__L2-1.__PARA__L3-1.__PARA__L4-1.__PARA__L5-10.__PARA__L6-16.__PIPE__L0-off.__PIPE__L1-off.__PIPE__L3-NA.__TILE__L0-1.__TILE__L1-1.__TILE__L3-1,target,query,query,finetune_dataset,data_490.pt,369267.0,harp_hmoe_support_paired,4,50,hmoe_support_paired_seed4,2.379596,2.3717759,0.007820099999999996,0.05,0.04022669,0.00977331,0.02,0.019865606,0.00013439399999999949,0.02,0.0196881,0.00031190000000000037,0.05,0.2006701,0.15067009999999997
f0b85143c160e227,gemver-medium,gemver-medium,lv2:__PARA__L0-1.__PARA__L1-1.__PARA__L2-1.__PARA__L3-1.__PARA__L4-1.__PARA__L5-2.__PARA__L6-64.__PIPE__L0-off.__PIPE__L1-off.__PIPE__L3-off.__TILE__L0-1.__TILE__L1-1.__TILE__L3-1,target,query,query,finetune_dataset,data_544.pt,698013.0,harp_hmoe_support_paired,4,50,hmoe_support_paired_seed4,1.9203012,1.945422,0.025120800000000054,0.06,0.044195883,0.015804117,0.03,0.048706118,0.018706118,0.04,0.13302058,0.09302057999999999,0.29,0.0060268193,0.2839731807
5a6308e7c3261948,gemver-medium,gemver-medium,lv2:__PARA__L0-1.__PARA__L1-1.__PARA__L2-1.__PARA__L3-1.__PARA__L4-2.__PARA__L5-1.__PARA__L6-32.__PIPE__L0-off.__PIPE__L1-flatten.__PIPE__L3-off.__TILE__L0-1.__TILE__L1-1.__TILE__L3-8,target,query,query,finetune_dataset,data_643.pt,220748.0,harp_hmoe_support_paired,4,50,hmoe_support_paired_seed4,2.750728,2.5176713,0.23305670000000012,0.64,0.65601885,0.01601885000000003,0.32,0.41171384,0.09171383999999999,0.68,0.9454789,0.26547889999999996,0.25,0.25033388,0.0003338800000000086
b34fe29ee40cbfd8,gemver-medium,gemver-medium,lv2:__PARA__L0-1.__PARA__L1-1.__PARA__L2-1.__PARA__L3-1.__PARA__L4-1.__PARA__L5-2.__PARA__L6-64.__PIPE__L0-flatten.__PIPE__L1-off.__PIPE__L3-off.__TILE__L0-1.__TILE__L1-1.__TILE__L3-1,target,query,query,finetune_dataset,data_543.pt,529573.0,harp_hmoe_support_paired,4,50,hmoe_support_paired_seed4,2.1195133,2.0787895,0.040723799999999866,0.68,0.6434094,0.03659060000000003,0.43,0.42321482,0.006785180000000002,1.28,1.3346801,0.0546800999999999,0.24,0.18930261,0.05069738999999998
eb9d1af35d4c996c,gemver-medium,gemver-medium,lv2:__PARA__L0-1.__PARA__L1-1.__PARA__L2-1.__PARA__L3-1.__PARA__L4-1.__PARA__L5-1.__PARA__L6-4.__PIPE__L0-off.__PIPE__L1-off.__PIPE__L3-NA.__TILE__L0-1.__TILE__L1-1.__TILE__L3-1,target,query,query,finetune_dataset,data_468.pt,1229866.0,harp_hmoe_support_paired,4,50,hmoe_support_paired_seed4,1.5117135,1.5800312,0.06831770000000015,0.03,0.0054190084,0.024580991599999998,0.01,0.04029355,0.030293549999999995,0.0,0.024528474,0.024528474,0.12,0.1374208,0.017420800000000014
b16f47effa78ecb0,gemver-medium,gemver-medium,lv2:__PARA__L0-1.__PARA__L1-1.__PARA__L2-1.__PARA__L3-1.__PARA__L4-1.__PARA__L5-8.__PARA__L6-32.__PIPE__L0-off.__PIPE__L1-off.__PIPE__L3-off.__TILE__L0-1.__TILE__L1-1.__TILE__L3-1,target,query,query,finetune_dataset,data_626.pt,413611.0,harp_hmoe_support_paired,4,50,hmoe_support_paired_seed4,2.2977908,2.3148131,0.017022299999999824,0.05,0.04219865,0.0078013500000000055,0.02,0.0126425065,0.007357493500000001,0.02,0.044594735,0.024594735000000003,0.06,0.14410616,0.08410616000000001
500bee300eb14559,gemver-medium,gemver-medium,lv2:__PARA__L0-1.__PARA__L1-1.__PARA__L2-1.__PARA__L3-1.__PARA__L4-1.__PARA__L5-5.__PARA__L6-2.__PIPE__L0-off.__PIPE__L1-off.__PIPE__L3-off.__TILE__L0-1.__TILE__L1-1.__TILE__L3-1,target,query,query,finetune_dataset,data_599.pt,799164.0,harp_hmoe_support_paired,4,50,hmoe_support_paired_seed4,1.8226823,1.9108157,0.0881333999999998,0.03,0.023651354,0.0063486459999999995,0.01,0.014399204,0.004399204,0.0,0.022263587,0.022263587,0.3,0.25602257,0.043977429999999984
f30c53ed54cd07f6,gemver-medium,gemver-medium,lv2:__PARA__L0-1.__PARA__L1-1.__PARA__L2-1.__PARA__L3-1.__PARA__L4-1.__PARA__L5-4.__PARA__L6-16.__PIPE__L0-flatten.__PIPE__L1-off.__PIPE__L3-NA.__TILE__L0-1.__TILE__L1-1.__TILE__L3-1,target,query,query,finetune_dataset,data_558.pt,317477.0,harp_hmoe_support_paired,4,50,hmoe_support_paired_seed4,2.4886022,2.3305244,0.15807780000000005,0.74,0.7041724,0.03582759999999996,0.45,0.43820184,0.011798160000000002,1.29,1.3179495,0.02794950000000007,0.43,0.40509346,0.024906539999999977
89ce2637f250dbdc,gemver-medium,gemver-medium,lv2:__PARA__L0-1.__PARA__L1-1.__PARA__L2-1.__PARA__L3-1.__PARA__L4-1.__PARA__L5-2.__PARA__L6-16.__PIPE__L0-off.__PIPE__L1-off.__PIPE__L3-NA.__TILE__L0-1.__TILE__L1-1.__TILE__L3-1,target,query,query,finetune_dataset,data_517.pt,683117.0,harp_hmoe_support_paired,4,50,hmoe_support_paired_seed4,1.9358617,1.9702338,0.034372099999999906,0.04,0.03202533,0.007974670000000003,0.02,0.037453536,0.017453536000000002,0.01,0.061076045,0.051076045,0.12,0.1186921,0.0013079000000000007
4ad5995a833d2439,gemver-medium,gemver-medium,lv2:__PARA__L0-1.__PARA__L1-1.__PARA__L2-1.__PARA__L3-1.__PARA__L4-1.__PARA__L5-1.__PARA__L6-25.__PIPE__L0-off.__PIPE__L1-off.__PIPE__L3-off.__TILE__L0-1.__TILE__L1-1.__TILE__L3-1,target,query,query,finetune_dataset,data_460.pt,1070012.0,harp_hmoe_support_paired,4,50,hmoe_support_paired_seed4,1.6121505,1.7283162,0.11616570000000004,0.04,0.035451405,0.0045485950000000025,0.02,0.035614613,0.015614613000000003,0.01,0.01387471,0.00387471,0.18,0.066774756,0.11322524399999999
c453bfa6fbe16f91,gemver-medium,gemver-medium,lv2:__PARA__L0-1.__PARA__L1-1.__PARA__L2-1.__PARA__L3-1.__PARA__L4-1.__PARA__L5-1.__PARA__L6-1.__PIPE__L0-off.__PIPE__L1-off.__PIPE__L3-flatten.__TILE__L0-1.__TILE__L1-1.__TILE__L3-1,target,query,query,finetune_dataset,data_434.pt,1020064.0,harp_hmoe_support_paired,4,50,hmoe_support_paired_seed4,1.6466342,1.8902633,0.24362909999999993,0.41,0.5626523,0.15265230000000002,0.29,0.40078112,0.11078112000000001,0.64,1.1226702,0.48267019999999994,0.24,0.4993084,0.2593084
e9a82eaf33fbe0e6,gemver-medium,gemver-medium,lv2:__PARA__L0-1.__PARA__L1-1.__PARA__L2-1.__PARA__L3-1.__PARA__L4-1.__PARA__L5-1.__PARA__L6-2.__PIPE__L0-off.__PIPE__L1-off.__PIPE__L3-NA.__TILE__L0-1.__TILE__L1-1.__TILE__L3-1,target,query,query,finetune_dataset,data_449.pt,1430062.0,harp_hmoe_support_paired,4,50,hmoe_support_paired_seed4,1.4029253,1.4262854,0.023360100000000106,0.03,-0.0011622777,0.031162277699999998,0.01,0.03999752,0.02999752,0.0,0.027711928,0.027711928,0.12,0.1504482,0.03044820000000001
7802cd1a71e2ebb3,gemver-medium,gemver-medium,lv2:__PARA__L0-1.__PARA__L1-1.__PARA__L2-1.__PARA__L3-1.__PARA__L4-1.__PARA__L5-1.__PARA__L6-5.__PIPE__L0-flatten.__PIPE__L1-off.__PIPE__L3-NA.__TILE__L0-1.__TILE__L1-1.__TILE__L3-1,target,query,query,finetune_dataset,data_473.pt,1021559.0,harp_hmoe_support_paired,4,50,hmoe_support_paired_seed4,1.6455778,1.5921179,0.053459900000000005,0.67,0.6510264,0.018973600000000035,0.42,0.428101,0.008101000000000025,1.28,1.3613566,0.08135659999999989,0.24,0.23077716,0.009222839999999982
1c52d579ac75be4f,gemver-medium,gemver-medium,lv2:__PARA__L0-1.__PARA__L1-1.__PARA__L2-1.__PARA__L3-1.__PARA__L4-1.__PARA__L5-2.__PARA__L6-2.__PIPE__L0-flatten.__PIPE__L1-off.__PIPE__L3-off.__TILE__L0-1.__TILE__L1-1.__TILE__L3-1,target,query,query,finetune_dataset,data_520.pt,869573.0,harp_hmoe_support_paired,4,50,hmoe_support_paired_seed4,1.7617745,1.7454839,0.016290600000000044,0.67,0.6776151,0.007615099999999986,0.42,0.43066233,0.010662329999999998,1.28,1.355169,0.07516900000000004,0.24,0.24867305,0.008673050000000015
d47a24b4ad9d0e97,gemver-medium,gemver-medium,lv2:__PARA__L0-1.__PARA__L1-1.__PARA__L2-1.__PARA__L3-1.__PARA__L4-2.__PARA__L5-1.__PARA__L6-2.__PIPE__L0-off.__PIPE__L1-flatten.__PIPE__L3-off.__TILE__L0-1.__TILE__L1-1.__TILE__L3-8,target,query,query,finetune_dataset,data_639.pt,667535.0,harp_hmoe_support_paired,4,50,hmoe_support_paired_seed4,1.9525063,1.9907283,0.03822199999999998,0.61,0.73014694,0.12014694000000004,0.3,0.4012879,0.10128789999999999,0.64,0.9200233,0.2800233,0.13,0.27838612,0.14838612
db1518b5e0f5c412,gemver-medium,gemver-medium,lv2:__PARA__L0-1.__PARA__L1-1.__PARA__L2-1.__PARA__L3-1.__PARA__L4-1.__PARA__L5-4.__PARA__L6-8.__PIPE__L0-off.__PIPE__L1-off.__PIPE__L3-NA.__TILE__L0-1.__TILE__L1-1.__TILE__L3-1,target,query,query,finetune_dataset,data_590.pt,536971.0,harp_hmoe_support_paired,4,50,hmoe_support_paired_seed4,2.109506,2.1273751,0.01786909999999997,0.03,0.051266424,0.021266424,0.01,0.029288355,0.019288355,0.01,0.040429413,0.030429412999999995,0.18,0.1660012,0.013998800000000006
b447e908d3ee5320,gemver-medium,gemver-medium,lv2:__PARA__L0-1.__PARA__L1-1.__PARA__L2-1.__PARA__L3-1.__PARA__L4-1.__PARA__L5-2.__PARA__L6-8.__PIPE__L0-flatten.__PIPE__L1-off.__PIPE__L3-NA.__TILE__L0-1.__TILE__L1-1.__TILE__L3-1,target,query,query,finetune_dataset,data_545.pt,566535.0,harp_hmoe_support_paired,4,50,hmoe_support_paired_seed4,2.0708456,2.025779,0.04506660000000018,0.68,0.65512115,0.024878850000000008,0.42,0.4228712,0.002871200000000018,1.29,1.3366332,0.04663320000000004,0.24,0.23324984,0.006750159999999977
db822cddca8579a4,gemver-medium,gemver-medium,lv2:__PARA__L0-1.__PARA__L1-1.__PARA__L2-1.__PARA__L3-1.__PARA__L4-1.__PARA__L5-4.__PARA__L6-32.__PIPE__L0-flatten.__PIPE__L1-off.__PIPE__L3-off.__TILE__L0-1.__TILE__L1-1.__TILE__L3-1,target,query,query,finetune_dataset,data_574.pt,341573.0,harp_hmoe_support_paired,4,50,hmoe_support_paired_seed4,2.435831,2.3277326,0.10809839999999982,0.74,0.7014715,0.038528499999999966,0.45,0.43430826,0.01569174000000001,1.28,1.3402436,0.06024359999999995,0.43,0.3359763,0.09402369999999999
4bb451a569de3df5,gemver-medium,gemver-medium,lv2:__PARA__L0-1.__PARA__L1-1.__PARA__L2-1.__PARA__L3-1.__PARA__L4-1.__PARA__L5-8.__PARA__L6-20.__PIPE__L0-off.__PIPE__L1-off.__PIPE__L3-off.__TILE__L0-1.__TILE__L1-1.__TILE__L3-1,target,query,query,finetune_dataset,data_623.pt,388411.0,harp_hmoe_support_paired,4,50,hmoe_support_paired_seed4,2.343136,2.417805,0.0746690000000001,0.05,0.046964847,0.0030351530000000057,0.02,0.007025603,0.012974397,0.01,0.008510739,0.0014892610000000004,0.06,0.2145456,0.1545456
00a64747fe7f3e59,gemver-medium,gemver-medium,lv2:__PARA__L0-1.__PARA__L1-1.__PARA__L2-1.__PARA__L3-1.__PARA__L4-1.__PARA__L5-4.__PARA__L6-1.__PIPE__L0-flatten.__PIPE__L1-off.__PIPE__L3-off.__TILE__L0-1.__TILE__L1-1.__TILE__L3-1,target,query,query,finetune_dataset,data_550.pt,1064773.0,harp_hmoe_support_paired,4,50,hmoe_support_paired_seed4,1.6156911,1.6524312,0.03674010000000005,0.73,0.6816615,0.04833849999999995,0.44,0.4290654,0.010934600000000017,1.28,1.3816682,0.10166819999999999,0.43,0.3228178,0.1071822
86c9a90f08622c5e,gemver-medium,gemver-medium,lv2:__PARA__L0-1.__PARA__L1-1.__PARA__L2-1.__PARA__L3-1.__PARA__L4-1.__PARA__L5-4.__PARA__L6-64.__PIPE__L0-off.__PIPE__L1-off.__PIPE__L3-off.__TILE__L0-1.__TILE__L1-1.__TILE__L3-1,target,query,query,finetune_dataset,data_587.pt,501213.0,harp_hmoe_support_paired,4,50,hmoe_support_paired_seed4,2.1592162,2.1291103,0.03010590000000013,0.07,0.055088215,0.014911785000000004,0.03,0.045855854,0.015855854000000003,0.04,0.122504026,0.08250402600000001,0.06,0.07421906,0.014219060000000006
6ad7d75582a01bd8,gemver-medium,gemver-medium,lv2:__PARA__L0-1.__PARA__L1-1.__PARA__L2-1.__PARA__L3-1.__PARA__L4-1.__PARA__L5-4.__PARA__L6-16.__PIPE__L0-flatten.__PIPE__L1-off.__PIPE__L3-off.__TILE__L0-1.__TILE__L1-1.__TILE__L3-1,target,query,query,finetune_dataset,data_559.pt,325973.0,harp_hmoe_support_paired,4,50,hmoe_support_paired_seed4,2.4695518,2.3497763,0.11977550000000026,0.73,0.7031057,0.026894300000000038,0.44,0.43426663,0.005733370000000015,1.28,1.3071935,0.02719349999999987,0.43,0.3538086,0.07619140000000002
89d7ff444c80ab8f,gemver-medium,gemver-medium,lv2:__PARA__L0-1.__PARA__L1-1.__PARA__L2-1.__PARA__L3-1.__PARA__L4-1.__PARA__L5-1.__PARA__L6-20.__PIPE__L0-off.__PIPE__L1-off.__PIPE__L3-off.__TILE__L0-1.__TILE__L1-1.__TILE__L3-1,target,query,query,finetune_dataset,data_455.pt,1078412.0,harp_hmoe_support_paired,4,50,hmoe_support_paired_seed4,1.6065098,1.7391319,0.13262210000000008,0.03,0.020920686,0.009079313999999998,0.02,0.03454632,0.014546319999999998,0.01,0.0054109693,0.0045890307,0.18,0.11251666,0.06748333999999999
4d7a6effd7b27dcd,gemver-medium,gemver-medium,lv2:__PARA__L0-1.__PARA__L1-1.__PARA__L2-1.__PARA__L3-1.__PARA__L4-1.__PARA__L5-10.__PARA__L6-10.__PIPE__L0-off.__PIPE__L1-off.__PIPE__L3-off.__TILE__L0-1.__TILE__L1-1.__TILE__L3-1,target,query,query,finetune_dataset,data_489.pt,405761.0,harp_hmoe_support_paired,4,50,hmoe_support_paired_seed4,2.311613,2.3030515,0.008561499999999889,0.04,0.033366196,0.006633804,0.01,0.017029915,0.007029914999999999,0.0,0.010582477,0.010582477,0.05,0.17043574,0.12043574
35f6be44b8a2daa1,gemver-medium,gemver-medium,lv2:__PARA__L0-1.__PARA__L1-1.__PARA__L2-1.__PARA__L3-1.__PARA__L4-2.__PARA__L5-1.__PARA__L6-25.__PIPE__L0-off.__PIPE__L1-flatten.__PIPE__L3-off.__TILE__L0-1.__TILE__L1-1.__TILE__L3-8,target,query,query,finetune_dataset,data_641.pt,210335.0,harp_hmoe_support_paired,4,50,hmoe_support_paired_seed4,2.7855837,2.637441,0.14814270000000018,0.62,0.57350904,0.04649095999999997,0.32,0.36951226,0.049512259999999975,0.64,0.73264015,0.09264015000000003,0.3,0.22452642,0.07547357999999998
a1da14fefe06f567,gemver-medium,gemver-medium,lv2:__PARA__L0-1.__PARA__L1-1.__PARA__L2-1.__PARA__L3-1.__PARA__L4-1.__PARA__L5-10.__PARA__L6-64.__PIPE__L0-off.__PIPE__L1-off.__PIPE__L3-off.__TILE__L0-1.__TILE__L1-1.__TILE__L3-1,target,query,query,finetune_dataset,data_503.pt,384161.0,harp_hmoe_support_paired,4,50,hmoe_support_paired_seed4,2.3510725,2.3030753,0.04799719999999974,0.11,0.04820787,0.06179213,0.05,0.035184655,0.014815345,0.04,0.092648,0.05264799999999999,0.29,0.064516306,0.22548369399999998
9bf011dc49995303,gemver-medium,gemver-medium,lv2:__PARA__L0-1.__PARA__L1-1.__PARA__L2-1.__PARA__L3-1.__PARA__L4-1.__PARA__L5-4.__PARA__L6-8.__PIPE__L0-flatten.__PIPE__L1-off.__PIPE__L3-NA.__TILE__L0-1.__TILE__L1-1.__TILE__L3-1,target,query,query,finetune_dataset,data_588.pt,367727.0,harp_hmoe_support_paired,4,50,hmoe_support_paired_seed4,2.3826106,2.2447686,0.13784200000000002,0.74,0.69121957,0.048780429999999986,0.45,0.4268973,0.02310270000000003,1.29,1.3092544,0.019254399999999894,0.43,0.39554584,0.03445416000000001
8a3e5c2f14c9d9e7,gemver-medium,gemver-medium,lv2:__PARA__L0-1.__PARA__L1-1.__PARA__L2-1.__PARA__L3-1.__PARA__L4-1.__PARA__L5-1.__PARA__L6-5.__PIPE__L0-off.__PIPE__L1-off.__PIPE__L3-off.__TILE__L0-1.__TILE__L1-1.__TILE__L3-1,target,query,query,finetune_dataset,data_477.pt,1194012.0,harp_hmoe_support_paired,4,50,hmoe_support_paired_seed4,1.5330554,1.588799,0.055743600000000004,0.02,-0.0049355985,0.0249355985,0.01,0.035695378,0.025695377999999998,0.0,0.015210211,0.015210211,0.12,0.11997916,2.0839999999994197e-05
13d51c60d3db7723,gemver-medium,gemver-medium,lv2:__PARA__L0-1.__PARA__L1-1.__PARA__L2-1.__PARA__L3-1.__PARA__L4-1.__PARA__L5-4.__PARA__L6-10.__PIPE__L0-off.__PIPE__L1-off.__PIPE__L3-off.__TILE__L0-1.__TILE__L1-1.__TILE__L3-1,target,query,query,finetune_dataset,data_557.pt,523213.0,harp_hmoe_support_paired,4,50,hmoe_support_paired_seed4,2.128229,2.1286168,0.0003877999999999382,0.03,0.04114055,0.011140549999999999,0.01,0.027932588,0.017932588,0.0,0.034811825,0.034811825,0.18,0.16759132,0.012408680000000005
6498f25beb6ad580,gemver-medium,gemver-medium,lv2:__PARA__L0-1.__PARA__L1-1.__PARA__L2-1.__PARA__L3-1.__PARA__L4-1.__PARA__L5-5.__PARA__L6-25.__PIPE__L0-off.__PIPE__L1-off.__PIPE__L3-NA.__TILE__L0-1.__TILE__L1-1.__TILE__L3-1,target,query,query,finetune_dataset,data_602.pt,429379.0,harp_hmoe_support_paired,4,50,hmoe_support_paired_seed4,2.2708023,2.2233317,0.04747060000000003,0.08,0.07719844,0.0028015600000000085,0.03,0.028505716,0.0014942839999999985,0.02,0.0563737,0.036373699999999995,0.06,0.14128204,0.08128204
1e2ebb43fa259075,gemver-medium,gemver-medium,lv2:__PARA__L0-1.__PARA__L1-1.__PARA__L2-1.__PARA__L3-1.__PARA__L4-1.__PARA__L5-1.__PARA__L6-1.__PIPE__L0-off.__PIPE__L1-flatten.__PIPE__L3-off.__TILE__L0-1.__TILE__L1-1.__TILE__L3-8,target,query,query,finetune_dataset,data_433.pt,1091472.0,harp_hmoe_support_paired,4,50,hmoe_support_paired_seed4,1.5978265,1.6714532,0.07362669999999993,0.62,0.6880365,0.06803650000000006,0.31,0.40587547,0.09587547000000002,0.64,0.96533144,0.32533144,0.18,0.25654197,0.07654197000000001
c6b077cf4b447681,gemver-medium,gemver-medium,lv2:__PARA__L0-1.__PARA__L1-1.__PARA__L2-1.__PARA__L3-1.__PARA__L4-1.__PARA__L5-1.__PARA__L6-10.__PIPE__L0-off.__PIPE__L1-off.__PIPE__L3-NA.__TILE__L0-1.__TILE__L1-1.__TILE__L3-1,target,query,query,finetune_dataset,data_439.pt,1110870.0,harp_hmoe_support_paired,4,50,hmoe_support_paired_seed4,1.585119,1.6314619,0.046342899999999965,0.03,0.016411178,0.013588822,0.01,0.040865574,0.030865574,0.01,0.016662478,0.006662478000000001,0.12,0.11854777,0.0014522299999999988
09d1e6e62ac85248,gemver-medium,gemver-medium,lv2:__PARA__L0-1.__PARA__L1-1.__PARA__L2-1.__PARA__L3-1.__PARA__L4-1.__PARA__L5-8.__PARA__L6-2.__PIPE__L0-off.__PIPE__L1-off.__PIPE__L3-NA.__TILE__L0-1.__TILE__L1-1.__TILE__L3-1,target,query,query,finetune_dataset,data_620.pt,740462.0,harp_hmoe_support_paired,4,50,hmoe_support_paired_seed4,1.8777152,2.0744302,0.1967150000000002,0.03,0.032873504,0.002873503999999999,0.01,0.010475937,0.0004759369999999992,0.0,0.02511409,0.02511409,0.29,0.27704507,0.012954929999999976
34cdca838c32d328,gemver-medium,gemver-medium,lv2:__PARA__L0-1.__PARA__L1-1.__PARA__L2-1.__PARA__L3-1.__PARA__L4-1.__PARA__L5-10.__PARA__L6-4.__PIPE__L0-off.__PIPE__L1-off.__PIPE__L3-off.__TILE__L0-1.__TILE__L1-1.__TILE__L3-1,target,query,query,finetune_dataset,data_500.pt,523761.0,harp_hmoe_support_paired,4,50,hmoe_support_paired_seed4,2.1274738,2.2259638,0.09848999999999997,0.04,0.019019715,0.020980285,0.01,0.015596304,0.005596304,0.0,0.0223476,0.0223476,0.05,0.2150074,0.16500739999999997
2f626245e21cc056,gemver-medium,gemver-medium,lv2:__PARA__L0-1.__PARA__L1-1.__PARA__L2-1.__PARA__L3-1.__PARA__L4-1.__PARA__L5-2.__PARA__L6-10.__PIPE__L0-off.__PIPE__L1-off.__PIPE__L3-NA.__TILE__L0-1.__TILE__L1-1.__TILE__L3-1,target,query,query,finetune_dataset,data_513.pt,714471.0,harp_hmoe_support_paired,4,50,hmoe_support_paired_seed4,1.9034904,1.9448287,0.04133830000000005,0.03,0.029648446,0.00035155400000000045,0.01,0.036274944,0.026274944,0.01,0.0592151,0.0492151,0.12,0.098897696,0.021102304000000002
f0f3855c9b8ec11c,gemver-medium,gemver-medium,lv2:__PARA__L0-1.__PARA__L1-1.__PARA__L2-1.__PARA__L3-1.__PARA__L4-1.__PARA__L5-1.__PARA__L6-25.__PIPE__L0-off.__PIPE__L1-flatten.__PIPE__L3-off.__TILE__L0-1.__TILE__L1-1.__TILE__L3-8,target,query,query,finetune_dataset,data_458.pt,290265.0,harp_hmoe_support_paired,4,50,hmoe_support_paired_seed4,2.5532427,2.4964716,0.056771100000000185,0.62,0.5634007,0.05659930000000002,0.32,0.36286077,0.04286076999999999,0.64,0.6772641,0.03726410000000002,0.3,0.23957106,0.06042893999999999
5bbc7c58da47afbc,gemver-medium,gemver-medium,lv2:__PARA__L0-1.__PARA__L1-1.__PARA__L2-1.__PARA__L3-1.__PARA__L4-1.__PARA__L5-1.__PARA__L6-64.__PIPE__L0-off.__PIPE__L1-off.__PIPE__L3-off.__TILE__L0-1.__TILE__L1-1.__TILE__L3-1,target,query,query,finetune_dataset,data_481.pt,1093212.0,harp_hmoe_support_paired,4,50,hmoe_support_paired_seed4,1.5966774,1.6511558,0.05447840000000004,0.06,0.034686558,0.025313442,0.03,0.051606838,0.021606838000000003,0.04,0.09549463,0.055494629999999996,0.29,0.02991438,0.26008561999999996
46fff6b5ab3176c1,gemver-medium,gemver-medium,lv2:__PARA__L0-1.__PARA__L1-1.__PARA__L2-1.__PARA__L3-1.__PARA__L4-1.__PARA__L5-1.__PARA__L6-20.__PIPE__L0-flatten.__PIPE__L1-off.__PIPE__L3-off.__TILE__L0-1.__TILE__L1-1.__TILE__L3-1,target,query,query,finetune_dataset,data_452.pt,909503.0,harp_hmoe_support_paired,4,50,hmoe_support_paired_seed4,1.729389,1.8289571,0.09956809999999994,0.67,0.6761946,0.006194599999999939,0.42,0.43247837,0.012478370000000016,1.28,1.2810358,0.0010357999999999201,0.24,0.20070422,0.03929578
78748ad5835958f4,gemver-medium,gemver-medium,lv2:__PARA__L0-1.__PARA__L1-1.__PARA__L2-1.__PARA__L3-1.__PARA__L4-1.__PARA__L5-1.__PARA__L6-32.__PIPE__L0-off.__PIPE__L1-flatten.__PIPE__L3-NA.__TILE__L0-1.__TILE__L1-1.__TILE__L3-8,target,query,query,finetune_dataset,data_462.pt,339417.0,harp_hmoe_support_paired,4,50,hmoe_support_paired_seed4,2.4403987,2.2076669,0.23273179999999982,0.63,0.5472072,0.0827928,0.32,0.35599908,0.03599908000000002,0.66,0.6361201,0.023879900000000065,0.25,0.21994236,0.030057639999999997
7991ac02ef164882,gemver-medium,gemver-medium,lv2:__PARA__L0-1.__PARA__L1-1.__PARA__L2-1.__PARA__L3-1.__PARA__L4-1.__PARA__L5-5.__PARA__L6-20.__PIPE__L0-off.__PIPE__L1-off.__PIPE__L3-NA.__TILE__L0-1.__TILE__L1-1.__TILE__L3-1,target,query,query,finetune_dataset,data_600.pt,437419.0,harp_hmoe_support_paired,4,50,hmoe_support_paired_seed4,2.25742,2.2777362,0.020316199999999895,0.06,0.052538686,0.007461313999999997,0.02,0.020716373,0.0007163729999999993,0.01,0.032110363,0.022110363,0.06,0.20962614,0.14962614
ea83d34ff54ddfc6,gemver-medium,gemver-medium,lv2:__PARA__L0-1.__PARA__L1-1.__PARA__L2-1.__PARA__L3-1.__PARA__L4-1.__PARA__L5-8.__PARA__L6-5.__PIPE__L0-off.__PIPE__L1-off.__PIPE__L3-NA.__TILE__L0-1.__TILE__L1-1.__TILE__L3-1,target,query,query,finetune_dataset,data_630.pt,500868.0,harp_hmoe_support_paired,4,50,hmoe_support_paired_seed4,2.1597128,2.2777774,0.1180646000000003,0.03,0.040714405,0.010714405000000003,0.01,0.009940837,5.9163000000000965e-05,0.01,0.01868999,0.00868999,0.29,0.25166267,0.03833733
a8247c256499520b,gemver-medium,gemver-medium,lv2:__PARA__L0-1.__PARA__L1-1.__PARA__L2-1.__PARA__L3-1.__PARA__L4-1.__PARA__L5-4.__PARA__L6-5.__PIPE__L0-off.__PIPE__L1-off.__PIPE__L3-NA.__TILE__L0-1.__TILE__L1-1.__TILE__L3-1,target,query,query,finetune_dataset,data_584.pt,597269.0,harp_hmoe_support_paired,4,50,hmoe_support_paired_seed4,2.0327377,2.080039,0.04730129999999999,0.03,0.037346832,0.0073468320000000045,0.01,0.028932635,0.018932635000000003,0.0,0.048297375,0.048297375,0.18,0.19858244,0.018582440000000006
1173dc7929c37fc6,gemver-medium,gemver-medium,lv2:__PARA__L0-1.__PARA__L1-1.__PARA__L2-1.__PARA__L3-1.__PARA__L4-1.__PARA__L5-2.__PARA__L6-4.__PIPE__L0-flatten.__PIPE__L1-off.__PIPE__L3-NA.__TILE__L0-1.__TILE__L1-1.__TILE__L3-1,target,query,query,finetune_dataset,data_533.pt,666231.0,harp_hmoe_support_paired,4,50,hmoe_support_paired_seed4,1.9539169,1.9431834,0.010733500000000173,0.68,0.6731933,0.006806700000000054,0.42,0.42703524,0.007035239999999998,1.28,1.3640697,0.08406969999999991,0.24,0.23786514,0.0021348599999999884
b93670f05cc551b5,gemver-medium,gemver-medium,lv2:__PARA__L0-1.__PARA__L1-1.__PARA__L2-1.__PARA__L3-1.__PARA__L4-1.__PARA__L5-4.__PARA__L6-32.__PIPE__L0-off.__PIPE__L1-off.__PIPE__L3-off.__TILE__L0-1.__TILE__L1-1.__TILE__L3-1,target,query,query,finetune_dataset,data_575.pt,510413.0,harp_hmoe_support_paired,4,50,hmoe_support_paired_seed4,2.1460955,2.1205764,0.025519099999999906,0.05,0.04621821,0.00378179,0.02,0.03125209,0.011252090000000003,0.02,0.07907444,0.05907443999999999,0.29,0.101228416,0.188771584
d85aa464ab05cd12,gemver-medium,gemver-medium,lv2:__PARA__L0-1.__PARA__L1-1.__PARA__L2-1.__PARA__L3-1.__PARA__L4-1.__PARA__L5-2.__PARA__L6-1.__PIPE__L0-off.__PIPE__L1-off.__PIPE__L3-off.__TILE__L0-1.__TILE__L1-1.__TILE__L3-1,target,query,query,finetune_dataset,data_510.pt,1430413.0,harp_hmoe_support_paired,4,50,hmoe_support_paired_seed4,1.4027482,1.4599522,0.05720400000000003,0.02,-0.006423326,0.026423326,0.01,0.021956477,0.011956476999999998,0.0,0.058114946,0.058114946,0.12,0.124943346,0.004943346000000001
5e2cc981135680a0,gemver-medium,gemver-medium,lv2:__PARA__L0-1.__PARA__L1-1.__PARA__L2-1.__PARA__L3-1.__PARA__L4-1.__PARA__L5-8.__PARA__L6-1.__PIPE__L0-flatten.__PIPE__L1-off.__PIPE__L3-off.__TILE__L0-1.__TILE__L1-1.__TILE__L3-1,target,query,query,finetune_dataset,data_612.pt,967103.0,harp_hmoe_support_paired,4,50,hmoe_support_paired_seed4,1.6850933,1.7535038,0.06841050000000015,0.84,0.7206602,0.1193398,0.49,0.44688994,0.043110060000000006,1.28,1.3730297,0.09302969999999999,0.8,0.36638558,0.43361442000000006
2534d0e759e5071a,gemver-medium,gemver-medium,lv2:__PARA__L0-1.__PARA__L1-1.__PARA__L2-1.__PARA__L3-1.__PARA__L4-1.__PARA__L5-10.__PARA__L6-5.__PIPE__L0-off.__PIPE__L1-off.__PIPE__L3-NA.__TILE__L0-1.__TILE__L1-1.__TILE__L3-1,target,query,query,finetune_dataset,data_501.pt,479415.0,harp_hmoe_support_paired,4,50,hmoe_support_paired_seed4,2.1912906,2.2592163,0.06792569999999998,0.04,0.031995885,0.008004115,0.02,0.018843148,0.0011568519999999999,0.01,0.0240677,0.0140677,0.05,0.2045202,0.1545202
39d92e60a19b8911,gemver-medium,gemver-medium,lv2:__PARA__L0-1.__PARA__L1-1.__PARA__L2-1.__PARA__L3-1.__PARA__L4-1.__PARA__L5-5.__PARA__L6-2.__PIPE__L0-off.__PIPE__L1-off.__PIPE__L3-NA.__TILE__L0-1.__TILE__L1-1.__TILE__L3-1,target,query,query,finetune_dataset,data_598.pt,798416.0,harp_hmoe_support_paired,4,50,hmoe_support_paired_seed4,1.8233578,1.9334908,0.11013300000000004,0.03,0.029861026,0.00013897400000000004,0.01,0.021945361,0.011945361,0.0,0.03921643,0.03921643,0.3,0.25044197,0.049558029999999975
47bc00fe4ed487e8,gemver-medium,gemver-medium,lv2:__PARA__L0-1.__PARA__L1-1.__PARA__L2-1.__PARA__L3-1.__PARA__L4-1.__PARA__L5-1.__PARA__L6-32.__PIPE__L0-off.__PIPE__L1-flatten.__PIPE__L3-off.__TILE__L0-1.__TILE__L1-1.__TILE__L3-8,target,query,query,finetune_dataset,data_463.pt,339417.0,harp_hmoe_support_paired,4,50,hmoe_support_paired_seed4,2.4403987,2.3685923,0.07180639999999983,0.63,0.6436423,0.013642299999999996,0.32,0.40352058,0.08352058000000001,0.66,0.89073074,0.23073073999999993,0.25,0.26319796,0.013197960000000009
8b2f6bcb3ee50e1e,gemver-medium,gemver-medium,lv2:__PARA__L0-1.__PARA__L1-1.__PARA__L2-1.__PARA__L3-1.__PARA__L4-1.__PARA__L5-2.__PARA__L6-8.__PIPE__L0-off.__PIPE__L1-off.__PIPE__L3-NA.__TILE__L0-1.__TILE__L1-1.__TILE__L3-1,target,query,query,finetune_dataset,data_547.pt,733367.0,harp_hmoe_support_paired,4,50,hmoe_support_paired_seed4,1.8846604,1.9419242,0.05726380000000009,0.03,0.03255432,0.002554319999999999,0.01,0.03535596,0.025355959999999997,0.01,0.05268684,0.04268684,0.12,0.082632735,0.037367265
41643b6d806087fa,gemver-medium,gemver-medium,lv2:__PARA__L0-1.__PARA__L1-1.__PARA__L2-1.__PARA__L3-1.__PARA__L4-1.__PARA__L5-2.__PARA__L6-25.__PIPE__L0-off.__PIPE__L1-off.__PIPE__L3-NA.__TILE__L0-1.__TILE__L1-1.__TILE__L3-1,target,query,query,finetune_dataset,data_529.pt,665829.0,harp_hmoe_support_paired,4,50,hmoe_support_paired_seed4,1.9543523,1.9848875,0.030535199999999874,0.05,0.066645734,0.016645733999999995,0.02,0.041675124,0.021675124,0.02,0.08899009,0.06899008999999999,0.18,0.047321185,0.132678815
ad06f729bd5db51b,gemver-medium,gemver-medium,lv2:__PARA__L0-1.__PARA__L1-1.__PARA__L2-1.__PARA__L3-1.__PARA__L4-1.__PARA__L5-1.__PARA__L6-25.__PIPE__L0-flatten.__PIPE__L1-off.__PIPE__L3-off.__TILE__L0-1.__TILE__L1-1.__TILE__L3-1,target,query,query,finetune_dataset,data_457.pt,901503.0,harp_hmoe_support_paired,4,50,hmoe_support_paired_seed4,1.735762,1.8420668,0.10630479999999998,0.67,0.67091364,0.0009136399999999378,0.42,0.4342204,0.014220400000000022,1.28,1.2506284,0.029371599999999942,0.24,0.20953867,0.03046132999999998
f01dce4946b7b7b7,gemver-medium,gemver-medium,lv2:__PARA__L0-1.__PARA__L1-1.__PARA__L2-1.__PARA__L3-1.__PARA__L4-1.__PARA__L5-2.__PARA__L6-5.__PIPE__L0-off.__PIPE__L1-off.__PIPE__L3-off.__TILE__L0-1.__TILE__L1-1.__TILE__L3-1,target,query,query,finetune_dataset,data_542.pt,798013.0,harp_hmoe_support_paired,4,50,hmoe_support_paired_seed4,1.823722,1.8888435,0.06512149999999983,0.03,0.0108568,0.0191432,0.01,0.032706056,0.022706055999999995,0.0,0.05487725,0.05487725,0.12,0.10340342,0.01659658
fd885963701ec907,gemver-medium,gemver-medium,lv2:__PARA__L0-1.__PARA__L1-1.__PARA__L2-1.__PARA__L3-1.__PARA__L4-1.__PARA__L5-1.__PARA__L6-2.__PIPE__L0-flatten.__PIPE__L1-off.__PIPE__L3-NA.__TILE__L0-1.__TILE__L1-1.__TILE__L3-1,target,query,query,finetune_dataset,data_446.pt,1264769.0,harp_hmoe_support_paired,4,50,hmoe_support_paired_seed4,1.4915271,1.3920137,0.0995134000000002,0.67,0.6540291,0.01597090000000001,0.42,0.4333475,0.013347500000000012,1.28,1.3885136,0.10851359999999999,0.24,0.22564396,0.014356039999999987
4275cd2136d7ac8c,gemver-medium,gemver-medium,lv2:__PARA__L0-1.__PARA__L1-1.__PARA__L2-1.__PARA__L3-1.__PARA__L4-1.__PARA__L5-2.__PARA__L6-25.__PIPE__L0-off.__PIPE__L1-off.__PIPE__L3-off.__TILE__L0-1.__TILE__L1-1.__TILE__L3-1,target,query,query,finetune_dataset,data_530.pt,674013.0,harp_hmoe_support_paired,4,50,hmoe_support_paired_seed4,1.9455398,2.0122778,0.06673800000000019,0.04,0.05076825,0.01076825,0.02,0.03368837,0.013688370000000002,0.01,0.05592823,0.04592823,0.18,0.042427257,0.137572743
0526577840035d0e,gemver-medium,gemver-medium,lv2:__PARA__L0-1.__PARA__L1-1.__PARA__L2-1.__PARA__L3-1.__PARA__L4-1.__PARA__L5-8.__PARA__L6-16.__PIPE__L0-off.__PIPE__L1-off.__PIPE__L3-off.__TILE__L0-1.__TILE__L1-1.__TILE__L3-1,target,query,query,finetune_dataset,data_619.pt,398412.0,harp_hmoe_support_paired,4,50,hmoe_support_paired_seed4,2.3247976,2.351488,0.02669039999999967,0.03,0.04004412,0.010044120000000004,0.01,0.009206597,0.0007934029999999998,0.01,0.011396408,0.001396408,0.29,0.22426611,0.06573388999999999
82152443b2a642c2,gemver-medium,gemver-medium,lv2:__PARA__L0-1.__PARA__L1-1.__PARA__L2-1.__PARA__L3-1.__PARA__L4-2.__PARA__L5-1.__PARA__L6-64.__PIPE__L0-off.__PIPE__L1-flatten.__PIPE__L3-NA.__TILE__L0-1.__TILE__L1-1.__TILE__L3-8,target,query,query,finetune_dataset,data_646.pt,210348.0,harp_hmoe_support_paired,4,50,hmoe_support_paired_seed4,2.7855392,2.4330223,0.3525168999999999,0.65,0.5999853,0.05001469999999997,0.33,0.38430753,0.05430752999999999,0.68,0.72270286,0.0427028599999999,0.36,0.2928319,0.06716810000000001
1d98f34eaa29cec7,gemver-medium,gemver-medium,lv2:__PARA__L0-1.__PARA__L1-1.__PARA__L2-1.__PARA__L3-1.__PARA__L4-1.__PARA__L5-1.__PARA__L6-1.__PIPE__L0-off.__PIPE__L1-flatten.__PIPE__L3-flatten.__TILE__L0-1.__TILE__L1-1.__TILE__L3-8,target,query,query,finetune_dataset,data_432.pt,254065.0,harp_hmoe_support_paired,4,50,hmoe_support_paired_seed4,2.6493292,2.462573,0.18675620000000004,1.34,1.6346029,0.2946028999999999,0.96,1.4433199,0.48331990000000014,2.04,2.3719335,0.3319334999999999,0.3,0.34713268,0.04713268000000004
c095eb4c2009d900,gemver-medium,gemver-medium,lv2:__PARA__L0-1.__PARA__L1-1.__PARA__L2-1.__PARA__L3-1.__PARA__L4-1.__PARA__L5-8.__PARA__L6-8.__PIPE__L0-off.__PIPE__L1-off.__PIPE__L3-NA.__TILE__L0-1.__TILE__L1-1.__TILE__L3-1,target,query,query,finetune_dataset,data_633.pt,440570.0,harp_hmoe_support_paired,4,50,hmoe_support_paired_seed4,2.2522426,2.3294344,0.07719179999999959,0.04,0.05407601,0.01407601,0.02,0.010160122,0.009839878,0.01,0.010211021,0.00021102100000000047,0.29,0.21469076,0.07530923999999997
6ddd06201de501e3,gemver-medium,gemver-medium,lv2:__PARA__L0-1.__PARA__L1-1.__PARA__L2-1.__PARA__L3-1.__PARA__L4-1.__PARA__L5-1.__PARA__L6-4.__PIPE__L0-off.__PIPE__L1-flatten.__PIPE__L3-off.__TILE__L0-1.__TILE__L1-1.__TILE__L3-8,target,query,query,finetune_dataset,data_467.pt,517465.0,harp_hmoe_support_paired,4,50,hmoe_support_paired_seed4,2.1361976,2.1253834,0.010814199999999996,0.61,0.6914878,0.0814878,0.31,0.39677364,0.08677363999999999,0.64,0.8636379,0.22363789999999995,0.15,0.3039471,0.15394710000000003
af43dc6e8bb3ccc6,gemver-medium,gemver-medium,lv2:__PARA__L0-1.__PARA__L1-1.__PARA__L2-1.__PARA__L3-1.__PARA__L4-1.__PARA__L5-4.__PARA__L6-10.__PIPE__L0-flatten.__PIPE__L1-off.__PIPE__L3-off.__TILE__L0-1.__TILE__L1-1.__TILE__L3-1,target,query,query,finetune_dataset,data_555.pt,354373.0,harp_hmoe_support_paired,4,50,hmoe_support_paired_seed4,2.4092937,2.2975407,0.11175300000000021,0.73,0.6971858,0.032814200000000016,0.44,0.43092406,0.009075940000000005,1.28,1.3079349,0.027934899999999985,0.43,0.36231238,0.06768762
c29f58aa87f88211,gemver-medium,gemver-medium,lv2:__PARA__L0-1.__PARA__L1-1.__PARA__L2-1.__PARA__L3-1.__PARA__L4-1.__PARA__L5-1.__PARA__L6-16.__PIPE__L0-off.__PIPE__L1-off.__PIPE__L3-off.__TILE__L0-1.__TILE__L1-1.__TILE__L3-1,target,query,query,finetune_dataset,data_445.pt,1087212.0,harp_hmoe_support_paired,4,50,hmoe_support_paired_seed4,1.6006474,1.6670412,0.06639379999999995,0.03,0.009063296,0.020936704,0.01,0.037994627,0.027994627,0.01,0.007948786,0.002051214000000001,0.12,0.11324729,0.006752709999999995
a5d37c21d89dafa7,gemver-medium,gemver-medium,lv2:__PARA__L0-1.__PARA__L1-1.__PARA__L2-1.__PARA__L3-1.__PARA__L4-1.__PARA__L5-1.__PARA__L6-4.__PIPE__L0-off.__PIPE__L1-off.__PIPE__L3-off.__TILE__L0-1.__TILE__L1-1.__TILE__L3-1,target,query,query,finetune_dataset,data_469.pt,1233212.0,harp_hmoe_support_paired,4,50,hmoe_support_paired_seed4,1.5097536,1.5867311,0.07697749999999992,0.02,-0.006932799,0.026932799,0.01,0.035162274,0.025162274,0.0,0.016822755,0.016822755,0.12,0.13436133,0.014361330000000005
843ee3ee3066436a,gemver-medium,gemver-medium,lv2:__PARA__L0-1.__PARA__L1-1.__PARA__L2-1.__PARA__L3-1.__PARA__L4-1.__PARA__L5-4.__PARA__L6-25.__PIPE__L0-flatten.__PIPE__L1-off.__PIPE__L3-off.__TILE__L0-1.__TILE__L1-1.__TILE__L3-1,target,query,query,finetune_dataset,data_571.pt,308373.0,harp_hmoe_support_paired,4,50,hmoe_support_paired_seed4,2.50959,2.434344,0.07524600000000037,0.74,0.70496446,0.035035539999999976,0.45,0.4326672,0.017332800000000037,1.28,1.281338,0.0013380000000000614,0.43,0.3665629,0.06343709999999997
e479489c10e97e63,gemver-medium,gemver-medium,lv2:__PARA__L0-1.__PARA__L1-1.__PARA__L2-1.__PARA__L3-1.__PARA__L4-1.__PARA__L5-8.__PARA__L6-20.__PIPE__L0-off.__PIPE__L1-off.__PIPE__L3-NA.__TILE__L0-1.__TILE__L1-1.__TILE__L3-1,target,query,query,finetune_dataset,data_622.pt,379867.0,harp_hmoe_support_paired,4,50,hmoe_support_paired_seed4,2.359181,2.4364517,0.07727070000000014,0.06,0.052417926,0.007582074000000001,0.03,0.008190189,0.021809811,0.02,0.013955414,0.006044586000000001,0.06,0.23056157,0.17056157
9eefe9932bd3de70,gemver-medium,gemver-medium,lv2:__PARA__L0-1.__PARA__L1-1.__PARA__L2-1.__PARA__L3-1.__PARA__L4-1.__PARA__L5-10.__PARA__L6-5.__PIPE__L0-off.__PIPE__L1-off.__PIPE__L3-off.__TILE__L0-1.__TILE__L1-1.__TILE__L3-1,target,query,query,finetune_dataset,data_502.pt,482961.0,harp_hmoe_support_paired,4,50,hmoe_support_paired_seed4,2.1859748,2.2444887,0.0585138999999999,0.04,0.02295404,0.017045960000000002,0.01,0.015956227,0.005956227,0.0,0.020612538,0.020612538,0.05,0.1929546,0.1429546
5866cbdc49313267,gemver-medium,gemver-medium,lv2:__PARA__L0-1.__PARA__L1-1.__PARA__L2-1.__PARA__L3-1.__PARA__L4-1.__PARA__L5-5.__PARA__L6-5.__PIPE__L0-off.__PIPE__L1-off.__PIPE__L3-off.__TILE__L0-1.__TILE__L1-1.__TILE__L3-1,target,query,query,finetune_dataset,data_608.pt,561964.0,harp_hmoe_support_paired,4,50,hmoe_support_paired_seed4,2.0766892,2.1195905,0.04290130000000003,0.03,0.031717174,0.0017171740000000019,0.01,0.020985488,0.010985488,0.0,0.029946208,0.029946208,0.3,0.21312058,0.08687941999999998
7f3a6a68a52a7805,gemver-medium,gemver-medium,lv2:__PARA__L0-1.__PARA__L1-1.__PARA__L2-1.__PARA__L3-1.__PARA__L4-1.__PARA__L5-10.__PARA__L6-16.__PIPE__L0-off.__PIPE__L1-off.__PIPE__L3-off.__TILE__L0-1.__TILE__L1-1.__TILE__L3-1,target,query,query,finetune_dataset,data_491.pt,377761.0,harp_hmoe_support_paired,4,50,hmoe_support_paired_seed4,2.3631911,2.3351917,0.027999399999999675,0.04,0.033286326,0.006713674000000003,0.02,0.017839763,0.002160236999999999,0.01,0.013601184,0.0036011840000000003,0.05,0.17672986,0.12672985999999997
1532672d0a5db819,gemver-medium,gemver-medium,lv2:__PARA__L0-1.__PARA__L1-1.__PARA__L2-1.__PARA__L3-1.__PARA__L4-1.__PARA__L5-2.__PARA__L6-4.__PIPE__L0-off.__PIPE__L1-off.__PIPE__L3-off.__TILE__L0-1.__TILE__L1-1.__TILE__L3-1,target,query,query,finetune_dataset,data_536.pt,837613.0,harp_hmoe_support_paired,4,50,hmoe_support_paired_seed4,1.7887862,1.8838993,0.09511309999999984,0.02,0.007837944,0.012162056000000001,0.01,0.032472465,0.022472464999999997,0.0,0.056086272,0.056086272,0.12,0.12037282,0.0003728200000000098
83ed0b793841b275,gemver-medium,gemver-medium,lv2:__PARA__L0-1.__PARA__L1-1.__PARA__L2-1.__PARA__L3-1.__PARA__L4-1.__PARA__L5-2.__PARA__L6-2.__PIPE__L0-off.__PIPE__L1-off.__PIPE__L3-off.__TILE__L0-1.__TILE__L1-1.__TILE__L3-1,target,query,query,finetune_dataset,data_522.pt,1034813.0,harp_hmoe_support_paired,4,50,hmoe_support_paired_seed4,1.636279,1.7130618,0.07678279999999993,0.02,0.003968708,0.016031292000000003,0.01,0.02623782,0.01623782,0.0,0.04610768,0.04610768,0.12,0.1511325,0.031132500000000007
ea9580005e96c617,gemver-medium,gemver-medium,lv2:__PARA__L0-1.__PARA__L1-1.__PARA__L2-1.__PARA__L3-1.__PARA__L4-1.__PARA__L5-10.__PARA__L6-1.__PIPE__L0-off.__PIPE__L1-off.__PIPE__L3-off.__TILE__L0-1.__TILE__L1-1.__TILE__L3-1,target,query,query,finetune_dataset,data_487.pt,1116561.0,harp_hmoe_support_paired,4,50,hmoe_support_paired_seed4,1.581433,1.6954497,0.11401669999999986,0.04,0.003964655,0.036035345,0.01,0.005541805,0.004458195,0.0,0.02540952,0.02540952,0.05,0.20852941,0.15852940999999998
afabf0cf6a7b8365,gemver-medium,gemver-medium,lv2:__PARA__L0-1.__PARA__L1-1.__PARA__L2-1.__PARA__L3-1.__PARA__L4-1.__PARA__L5-5.__PARA__L6-4.__PIPE__L0-off.__PIPE__L1-off.__PIPE__L3-off.__TILE__L0-1.__TILE__L1-1.__TILE__L3-1,target,query,query,finetune_dataset,data_606.pt,601964.0,harp_hmoe_support_paired,4,50,hmoe_support_paired_seed4,2.0270896,2.1046987,0.0776091000000001,0.03,0.028309576,0.0016904239999999994,0.01,0.020361278,0.010361278,0.0,0.031960696,0.031960696,0.3,0.23161249,0.06838750999999998
090572995cc52263,gemver-medium,gemver-medium,lv2:__PARA__L0-1.__PARA__L1-1.__PARA__L2-1.__PARA__L3-1.__PARA__L4-1.__PARA__L5-2.__PARA__L6-20.__PIPE__L0-flatten.__PIPE__L1-off.__PIPE__L3-NA.__TILE__L0-1.__TILE__L1-1.__TILE__L3-1,target,query,query,finetune_dataset,data_523.pt,505431.0,harp_hmoe_support_paired,4,50,hmoe_support_paired_seed4,2.153171,2.147521,0.005650000000000155,0.69,0.68316025,0.006839749999999922,0.43,0.4359186,0.005918599999999996,1.3,1.3252907,0.0252907,0.24,0.23985498,0.0001450199999999957
9dd2b4e7f5d15681,gemver-medium,gemver-medium,lv2:__PARA__L0-1.__PARA__L1-1.__PARA__L2-1.__PARA__L3-1.__PARA__L4-1.__PARA__L5-2.__PARA__L6-8.__PIPE__L0-flatten.__PIPE__L1-off.__PIPE__L3-off.__TILE__L0-1.__TILE__L1-1.__TILE__L3-1,target,query,query,finetune_dataset,data_546.pt,572773.0,harp_hmoe_support_paired,4,50,hmoe_support_paired_seed4,2.0629463,2.0630922,0.00014589999999969905,0.67,0.66194135,0.008058650000000056,0.42,0.42282885,0.002828849999999994,1.28,1.3166251,0.036625099999999966,0.24,0.21745774,0.02254225999999998
3ffa8cb8596be391,gemver-medium,gemver-medium,lv2:__PARA__L0-1.__PARA__L1-1.__PARA__L2-1.__PARA__L3-1.__PARA__L4-1.__PARA__L5-2.__PARA__L6-20.__PIPE__L0-off.__PIPE__L1-off.__PIPE__L3-NA.__TILE__L0-1.__TILE__L1-1.__TILE__L3-1,target,query,query,finetune_dataset,data_525.pt,674271.0,harp_hmoe_support_paired,4,50,hmoe_support_paired_seed4,1.9452639,2.023003,0.07773910000000006,0.04,0.04144036,0.0014403600000000016,0.02,0.035211418,0.015211418,0.01,0.058047622,0.048047622,0.18,0.1082398,0.0717602
c37f85f367c6ecf3,gemver-medium,gemver-medium,lv2:__PARA__L0-1.__PARA__L1-1.__PARA__L2-1.__PARA__L3-1.__PARA__L4-1.__PARA__L5-4.__PARA__L6-400.__PIPE__L0-off.__PIPE__L1-off.__PIPE__L3-off.__TILE__L0-1.__TILE__L1-1.__TILE__L3-1,target,query,query,finetune_dataset,data_581.pt,440058.0,harp_hmoe_support_paired,4,50,hmoe_support_paired_seed4,2.2530813,2.153712,0.09936929999999977,0.27,0.20971161,0.060288390000000025,0.2,0.22040418,0.020404179999999994,0.47,0.45523426,0.014765739999999972,0.43,0.38495415,0.04504585
c21ced4ec6c175ca,gemver-medium,gemver-medium,lv2:__PARA__L0-1.__PARA__L1-1.__PARA__L2-1.__PARA__L3-1.__PARA__L4-1.__PARA__L5-5.__PARA__L6-20.__PIPE__L0-off.__PIPE__L1-off.__PIPE__L3-off.__TILE__L0-1.__TILE__L1-1.__TILE__L3-1,target,query,query,finetune_dataset,data_601.pt,445963.0,harp_hmoe_support_paired,4,50,hmoe_support_paired_seed4,2.2434661,2.272642,0.02917589999999981,0.05,0.048651867,0.0013481330000000014,0.02,0.019320194,0.0006798060000000015,0.01,0.024167389,0.014167389,0.06,0.1924434,0.1324434
5ece08fb01c7b911,gemver-medium,gemver-medium,lv2:__PARA__L0-1.__PARA__L1-1.__PARA__L2-1.__PARA__L3-1.__PARA__L4-1.__PARA__L5-4.__PARA__L6-25.__PIPE__L0-off.__PIPE__L1-off.__PIPE__L3-off.__TILE__L0-1.__TILE__L1-1.__TILE__L3-1,target,query,query,finetune_dataset,data_573.pt,477213.0,harp_hmoe_support_paired,4,50,hmoe_support_paired_seed4,2.1946113,2.2011416,0.0065303000000001,0.05,0.063832514,0.013832514000000004,0.02,0.027358118,0.007358118,0.01,0.045028836,0.035028836,0.29,0.10758041,0.18241958999999996
dba56bf59fef0447,gemver-medium,gemver-medium,lv2:__PARA__L0-1.__PARA__L1-1.__PARA__L2-1.__PARA__L3-1.__PARA__L4-1.__PARA__L5-5.__PARA__L6-5.__PIPE__L0-off.__PIPE__L1-off.__PIPE__L3-NA.__TILE__L0-1.__TILE__L1-1.__TILE__L3-1,target,query,query,finetune_dataset,data_607.pt,558020.0,harp_hmoe_support_paired,4,50,hmoe_support_paired_seed4,2.0817697,2.126474,0.04470429999999981,0.03,0.038353853,0.008353853000000001,0.01,0.022320572,0.012320572,0.0,0.034578025,0.034578025,0.3,0.22649312,0.07350688
16b1f6d7e45fe22d,gemver-medium,gemver-medium,lv2:__PARA__L0-1.__PARA__L1-1.__PARA__L2-1.__PARA__L3-1.__PARA__L4-1.__PARA__L5-2.__PARA__L6-10.__PIPE__L0-off.__PIPE__L1-off.__PIPE__L3-off.__TILE__L0-1.__TILE__L1-1.__TILE__L3-1,target,query,query,finetune_dataset,data_514.pt,720413.0,harp_hmoe_support_paired,4,50,hmoe_support_paired_seed4,1.897516,1.9361106,0.03859459999999992,0.03,0.021395616,0.008604384,0.01,0.03383455,0.023834549999999996,0.0,0.045479268,0.045479268,0.12,0.08802512,0.03197488
fa1f42ea1d8a699a,gemver-medium,gemver-medium,lv2:__PARA__L0-1.__PARA__L1-1.__PARA__L2-1.__PARA__L3-1.__PARA__L4-1.__PARA__L5-10.__PARA__L6-4.__PIPE__L0-off.__PIPE__L1-off.__PIPE__L3-NA.__TILE__L0-1.__TILE__L1-1.__TILE__L3-1,target,query,query,finetune_dataset,data_499.pt,520017.0,harp_hmoe_support_paired,4,50,hmoe_support_paired_seed4,2.1326487,2.2414663,0.10881760000000007,0.04,0.029683702,0.010316298000000002,0.01,0.019616876,0.009616875999999998,0.01,0.028954595,0.018954594999999998,0.05,0.22197242,0.17197242000000001
d9117322aab4f7c2,gemver-medium,gemver-medium,lv2:__PARA__L0-1.__PARA__L1-1.__PARA__L2-1.__PARA__L3-1.__PARA__L4-1.__PARA__L5-1.__PARA__L6-16.__PIPE__L0-off.__PIPE__L1-flatten.__PIPE__L3-off.__TILE__L0-1.__TILE__L1-1.__TILE__L3-8,target,query,query,finetune_dataset,data_443.pt,319965.0,harp_hmoe_support_paired,4,50,hmoe_support_paired_seed4,2.482971,2.4792383,0.003732700000000033,0.62,0.54116744,0.07883255999999994,0.31,0.31722385,0.007223849999999976,0.64,0.5982348,0.04176520000000006,0.24,0.1878958,0.05210419999999999
842ba928da8028f1,gemver-medium,gemver-medium,lv2:__PARA__L0-1.__PARA__L1-1.__PARA__L2-1.__PARA__L3-1.__PARA__L4-1.__PARA__L5-4.__PARA__L6-10.__PIPE__L0-flatten.__PIPE__L1-off.__PIPE__L3-NA.__TILE__L0-1.__TILE__L1-1.__TILE__L3-1,target,query,query,finetune_dataset,data_554.pt,348029.0,harp_hmoe_support_paired,4,50,hmoe_support_paired_seed4,2.4223244,2.2647963,0.15752809999999995,0.74,0.6924117,0.04758830000000003,0.45,0.43027797,0.01972203,1.29,1.3200991,0.030099099999999934,0.43,0.39897835,0.03102165000000001
bd2704a0251c8884,gemver-medium,gemver-medium,lv2:__PARA__L0-1.__PARA__L1-1.__PARA__L2-1.__PARA__L3-1.__PARA__L4-1.__PARA__L5-1.__PARA__L6-400.__PIPE__L0-off.__PIPE__L1-off.__PIPE__L3-off.__TILE__L0-1.__TILE__L1-1.__TILE__L3-1,target,query,query,finetune_dataset,data_472.pt,1036856.0,harp_hmoe_support_paired,4,50,hmoe_support_paired_seed4,1.6348562,1.5559564,0.07889980000000008,0.17,0.20184255,0.03184255,0.2,0.26870748,0.06870747999999999,0.47,0.3614543,0.10854569999999997,0.24,0.26826936,0.02826936000000002
000f3624d587129c,gemver-medium,gemver-medium,lv2:__PARA__L0-1.__PARA__L1-1.__PARA__L2-1.__PARA__L3-1.__PARA__L4-1.__PARA__L5-2.__PARA__L6-5.__PIPE__L0-flatten.__PIPE__L1-off.__PIPE__L3-NA.__TILE__L0-1.__TILE__L1-1.__TILE__L3-1,target,query,query,finetune_dataset,data_539.pt,625629.0,harp_hmoe_support_paired,4,50,hmoe_support_paired_seed4,1.9992744,1.9574575,0.041816899999999935,0.68,0.66378206,0.016217940000000097,0.42,0.4261526,0.006152600000000008,1.28,1.3632805,0.08328049999999987,0.24,0.23993114,6.886000000000392e-05
f351dcbd8a9583d8,gemver-medium,gemver-medium,lv2:__PARA__L0-1.__PARA__L1-1.__PARA__L2-1.__PARA__L3-1.__PARA__L4-1.__PARA__L5-8.__PARA__L6-5.__PIPE__L0-off.__PIPE__L1-off.__PIPE__L3-off.__TILE__L0-1.__TILE__L1-1.__TILE__L3-1,target,query,query,finetune_dataset,data_631.pt,504812.0,harp_hmoe_support_paired,4,50,hmoe_support_paired_seed4,2.1540549,2.2624586,0.10840369999999977,0.03,0.031834833,0.001834833000000001,0.01,0.008064512,0.0019354880000000008,0.0,0.015979707,0.015979707,0.29,0.23838113,0.05161886999999998
46beeb5ba9e62c65,gemver-medium,gemver-medium,lv2:__PARA__L0-1.__PARA__L1-1.__PARA__L2-1.__PARA__L3-1.__PARA__L4-1.__PARA__L5-4.__PARA__L6-20.__PIPE__L0-flatten.__PIPE__L1-off.__PIPE__L3-off.__TILE__L0-1.__TILE__L1-1.__TILE__L3-1,target,query,query,finetune_dataset,data_567.pt,316373.0,harp_hmoe_support_paired,4,50,hmoe_support_paired_seed4,2.4911149,2.4499803,0.04113459999999991,0.74,0.71229017,0.027709830000000046,0.45,0.4347716,0.01522840000000003,1.28,1.2913241,0.011324099999999948,0.43,0.35926569,0.07073430999999997
fbfb7dd04c50fd12,gemver-medium,gemver-medium,lv2:__PARA__L0-1.__PARA__L1-1.__PARA__L2-1.__PARA__L3-1.__PARA__L4-1.__PARA__L5-4.__PARA__L6-4.__PIPE__L0-flatten.__PIPE__L1-off.__PIPE__L3-off.__TILE__L0-1.__TILE__L1-1.__TILE__L3-1,target,query,query,finetune_dataset,data_577.pt,471973.0,harp_hmoe_support_paired,4,50,hmoe_support_paired_seed4,2.202576,2.1862488,0.016327200000000097,0.73,0.71064264,0.01935735999999999,0.44,0.43228972,0.007710280000000014,1.28,1.3236967,0.04369669999999992,0.43,0.3739534,0.0560466
243cd02cdb26e76f,gemver-medium,gemver-medium,lv2:__PARA__L0-1.__PARA__L1-1.__PARA__L2-1.__PARA__L3-1.__PARA__L4-1.__PARA__L5-8.__PARA__L6-400.__PIPE__L0-off.__PIPE__L1-off.__PIPE__L3-off.__TILE__L0-1.__TILE__L1-1.__TILE__L3-1,target,query,query,finetune_dataset,data_629.pt,345652.0,harp_hmoe_support_paired,4,50,hmoe_support_paired_seed4,2.427268,2.2546813,0.1725867000000001,0.32,0.20997179,0.11002821000000002,0.11,0.22068134,0.11068134,0.02,0.38331014,0.36331014,0.8,0.45160583,0.34839417000000006
0a7815b4a5090fb0,gemver-medium,gemver-medium,lv2:__PARA__L0-1.__PARA__L1-1.__PARA__L2-1.__PARA__L3-1.__PARA__L4-1.__PARA__L5-5.__PARA__L6-4.__PIPE__L0-off.__PIPE__L1-off.__PIPE__L3-NA.__TILE__L0-1.__TILE__L1-1.__TILE__L3-1,target,query,query,finetune_dataset,data_605.pt,598220.0,harp_hmoe_support_paired,4,50,hmoe_support_paired_seed4,2.03159,2.1125827,0.08099269999999992,0.03,0.03641834,0.0064183400000000015,0.01,0.022724602,0.012724602,0.0,0.039521664,0.039521664,0.3,0.24024677,0.05975322999999999
9a08c89cf92ce513,gemver-medium,gemver-medium,lv2:__PARA__L0-1.__PARA__L1-1.__PARA__L2-1.__PARA__L3-1.__PARA__L4-1.__PARA__L5-2.__PARA__L6-16.__PIPE__L0-flatten.__PIPE__L1-off.__PIPE__L3-off.__TILE__L0-1.__TILE__L1-1.__TILE__L3-1,target,query,query,finetune_dataset,data_516.pt,523973.0,harp_hmoe_support_paired,4,50,hmoe_support_paired_seed4,2.1271818,2.089032,0.03814979999999979,0.67,0.67070705,0.0007070499999999313,0.42,0.43035126,0.010351260000000029,1.28,1.3271861,0.04718610000000001,0.24,0.20249192,0.03750808
d840d88097461383,gemver-medium,gemver-medium,lv2:__PARA__L0-1.__PARA__L1-1.__PARA__L2-1.__PARA__L3-1.__PARA__L4-1.__PARA__L5-4.__PARA__L6-4.__PIPE__L0-off.__PIPE__L1-off.__PIPE__L3-NA.__TILE__L0-1.__TILE__L1-1.__TILE__L3-1,target,query,query,finetune_dataset,data_578.pt,636667.0,harp_hmoe_support_paired,4,50,hmoe_support_paired_seed4,1.9866586,2.068358,0.08169939999999998,0.03,0.035163037,0.005163037000000002,0.01,0.029352967,0.019352967,0.0,0.053204298,0.053204298,0.18,0.21169168,0.03169168
073ea443eaa72b1a,gemver-medium,gemver-medium,lv2:__PARA__L0-1.__PARA__L1-1.__PARA__L2-1.__PARA__L3-1.__PARA__L4-1.__PARA__L5-1.__PARA__L6-5.__PIPE__L0-off.__PIPE__L1-flatten.__PIPE__L3-off.__TILE__L0-1.__TILE__L1-1.__TILE__L3-8,target,query,query,finetune_dataset,data_475.pt,465465.0,harp_hmoe_support_paired,4,50,hmoe_support_paired_seed4,2.2125916,2.1821575,0.03043409999999991,0.61,0.69098765,0.08098764999999997,0.31,0.40148577,0.09148577000000002,0.64,0.9017687,0.26176869999999997,0.16,0.2867527,0.12675270000000002
986b89097b75cf16,gemver-medium,gemver-medium,lv2:__PARA__L0-1.__PARA__L1-1.__PARA__L2-1.__PARA__L3-1.__PARA__L4-1.__PARA__L5-4.__PARA__L6-64.__PIPE__L0-flatten.__PIPE__L1-off.__PIPE__L3-off.__TILE__L0-1.__TILE__L1-1.__TILE__L3-1,target,query,query,finetune_dataset,data_586.pt,331973.0,harp_hmoe_support_paired,4,50,hmoe_support_paired_seed4,2.4563951,2.3083348,0.14806030000000003,0.74,0.6713047,0.06869530000000001,0.45,0.42484108,0.02515892000000003,1.28,1.3105103,0.03051029999999999,0.43,0.33314878,0.09685122000000002
7877de10140917c9,gemver-medium,gemver-medium,lv2:__PARA__L0-1.__PARA__L1-1.__PARA__L2-1.__PARA__L3-1.__PARA__L4-1.__PARA__L5-4.__PARA__L6-20.__PIPE__L0-flatten.__PIPE__L1-off.__PIPE__L3-NA.__TILE__L0-1.__TILE__L1-1.__TILE__L3-1,target,query,query,finetune_dataset,data_566.pt,307829.0,harp_hmoe_support_paired,4,50,hmoe_support_paired_seed4,2.5108635,2.401954,0.10890950000000021,0.75,0.70835525,0.04164475000000001,0.46,0.43735477,0.022645230000000016,1.3,1.2976085,0.002391500000000102,0.43,0.40326166,0.02673833999999997
13a09a66c1972ec3,gemver-medium,gemver-medium,lv2:__PARA__L0-1.__PARA__L1-1.__PARA__L2-1.__PARA__L3-1.__PARA__L4-1.__PARA__L5-1.__PARA__L6-20.__PIPE__L0-off.__PIPE__L1-off.__PIPE__L3-NA.__TILE__L0-1.__TILE__L1-1.__TILE__L3-1,target,query,query,finetune_dataset,data_454.pt,1070670.0,harp_hmoe_support_paired,4,50,hmoe_support_paired_seed4,1.6117071,1.7204487,0.10874159999999988,0.04,0.029704802,0.010295198000000002,0.02,0.03866509,0.01866509,0.01,0.01547721,0.00547721,0.18,0.12870306,0.051296939999999985
6d6bafe460da6a50,gemver-medium,gemver-medium,lv2:__PARA__L0-1.__PARA__L1-1.__PARA__L2-1.__PARA__L3-1.__PARA__L4-1.__PARA__L5-8.__PARA__L6-8.__PIPE__L0-off.__PIPE__L1-off.__PIPE__L3-off.__TILE__L0-1.__TILE__L1-1.__TILE__L3-1,target,query,query,finetune_dataset,data_634.pt,446812.0,harp_hmoe_support_paired,4,50,hmoe_support_paired_seed4,2.242094,2.3205006,0.0784066000000001,0.03,0.045143,0.015143000000000004,0.01,0.0071090497,0.0028909503000000003,0.0,0.001891613,0.001891613,0.29,0.20366135,0.08633864999999999
cdcda04bf68ce8ac,gemver-medium,gemver-medium,lv2:__PARA__L0-1.__PARA__L1-1.__PARA__L2-1.__PARA__L3-1.__PARA__L4-1.__PARA__L5-5.__PARA__L6-8.__PIPE__L0-off.__PIPE__L1-off.__PIPE__L3-NA.__TILE__L0-1.__TILE__L1-1.__TILE__L3-1,target,query,query,finetune_dataset,data_610.pt,498122.0,harp_hmoe_support_paired,4,50,hmoe_support_paired_seed4,2.1636786,2.1754034,0.01172480000000009,0.03,0.052046888,0.022046888,0.01,0.022696946,0.012696945999999999,0.01,0.026647896,0.016647896000000002,0.3,0.19195776,0.10804223999999998
ffd817ca2f130960,gemver-medium,gemver-medium,lv2:__PARA__L0-1.__PARA__L1-1.__PARA__L2-1.__PARA__L3-1.__PARA__L4-1.__PARA__L5-1.__PARA__L6-64.__PIPE__L0-off.__PIPE__L1-flatten.__PIPE__L3-off.__TILE__L0-1.__TILE__L1-1.__TILE__L3-8,target,query,query,finetune_dataset,data_480.pt,327769.0,harp_hmoe_support_paired,4,50,hmoe_support_paired_seed4,2.4655883,2.364406,0.10118230000000006,0.65,0.67568034,0.025680339999999968,0.33,0.4013445,0.07134449999999998,0.68,0.8738303,0.1938302999999999,0.36,0.30432492,0.05567507999999999
2b2203c683bb6dad,gemver-medium,gemver-medium,lv2:__PARA__L0-1.__PARA__L1-1.__PARA__L2-1.__PARA__L3-1.__PARA__L4-1.__PARA__L5-4.__PARA__L6-20.__PIPE__L0-off.__PIPE__L1-off.__PIPE__L3-off.__TILE__L0-1.__TILE__L1-1.__TILE__L3-1,target,query,query,finetune_dataset,data_569.pt,485213.0,harp_hmoe_support_paired,4,50,hmoe_support_paired_seed4,2.182619,2.2257648,0.04314580000000001,0.05,0.049965374,3.462600000000288e-05,0.02,0.025905434,0.005905434000000001,0.01,0.03757131,0.027571309999999995,0.29,0.1678604,0.12213959999999999
7204e0306d235f1d,gemver-medium,gemver-medium,lv2:__PARA__L0-1.__PARA__L1-1.__PARA__L2-1.__PARA__L3-1.__PARA__L4-1.__PARA__L5-5.__PARA__L6-25.__PIPE__L0-off.__PIPE__L1-off.__PIPE__L3-off.__TILE__L0-1.__TILE__L1-1.__TILE__L3-1,target,query,query,finetune_dataset,data_603.pt,437963.0,harp_hmoe_support_paired,4,50,hmoe_support_paired_seed4,2.2565236,2.2470155,0.00950810000000013,0.07,0.062166683,0.007833317000000006,0.02,0.021119747,0.0011197470000000008,0.01,0.030782402,0.020782402,0.06,0.12873256,0.06873256
a7dc296477f89e14,gemver-medium,gemver-medium,lv2:__PARA__L0-1.__PARA__L1-1.__PARA__L2-1.__PARA__L3-1.__PARA__L4-1.__PARA__L5-1.__PARA__L6-64.__PIPE__L0-off.__PIPE__L1-flatten.__PIPE__L3-NA.__TILE__L0-1.__TILE__L1-1.__TILE__L3-8,target,query,query,finetune_dataset,data_479.pt,327769.0,harp_hmoe_support_paired,4,50,hmoe_support_paired_seed4,2.4655883,2.2638698,0.2017184999999997,0.65,0.5877673,0.06223270000000003,0.33,0.37491986,0.04491985999999998,0.68,0.66727304,0.012726960000000065,0.36,0.3032992,0.056700799999999996
959902609e6a4167,gemver-medium,gemver-medium,lv2:__PARA__L0-1.__PARA__L1-1.__PARA__L2-1.__PARA__L3-1.__PARA__L4-1.__PARA__L5-10.__PARA__L6-8.__PIPE__L0-off.__PIPE__L1-off.__PIPE__L3-off.__TILE__L0-1.__TILE__L1-1.__TILE__L3-1,target,query,query,finetune_dataset,data_505.pt,425761.0,harp_hmoe_support_paired,4,50,hmoe_support_paired_seed4,2.2769063,2.30548,0.028573700000000368,0.04,0.038384013,0.0016159869999999993,0.01,0.015140388,0.005140387999999999,0.0,0.0060361624,0.0060361624,0.05,0.15701434,0.10701434
ad424b0bb7b2b1ff,gemver-medium,gemver-medium,lv2:__PARA__L0-1.__PARA__L1-1.__PARA__L2-1.__PARA__L3-1.__PARA__L4-1.__PARA__L5-1.__PARA__L6-25.__PIPE__L0-flatten.__PIPE__L1-off.__PIPE__L3-NA.__TILE__L0-1.__TILE__L1-1.__TILE__L3-1,target,query,query,finetune_dataset,data_456.pt,893321.0,harp_hmoe_support_paired,4,50,hmoe_support_paired_seed4,1.7423388,1.7501667,0.00782790000000011,0.69,0.6632442,0.026755799999999996,0.44,0.4376012,0.0023987999999999787,1.3,1.2838783,0.016121700000000017,0.24,0.23379551,0.006204489999999979
ad996a6ca183f670,gemver-medium,gemver-medium,lv2:__PARA__L0-1.__PARA__L1-1.__PARA__L2-1.__PARA__L3-1.__PARA__L4-1.__PARA__L5-1.__PARA__L6-2.__PIPE__L0-flatten.__PIPE__L1-off.__PIPE__L3-off.__TILE__L0-1.__TILE__L1-1.__TILE__L3-1,target,query,query,finetune_dataset,data_447.pt,1265103.0,harp_hmoe_support_paired,4,50,hmoe_support_paired_seed4,1.4913366,1.4404302,0.05090639999999991,0.67,0.65551436,0.014485640000000077,0.42,0.4308281,0.010828100000000007,1.28,1.3417015,0.061701500000000076,0.24,0.24085149,0.0008514900000000103
3f814bf3cb2014e1,gemver-medium,gemver-medium,lv2:__PARA__L0-1.__PARA__L1-1.__PARA__L2-1.__PARA__L3-1.__PARA__L4-1.__PARA__L5-1.__PARA__L6-8.__PIPE__L0-off.__PIPE__L1-off.__PIPE__L3-off.__TILE__L0-1.__TILE__L1-1.__TILE__L3-1,target,query,query,finetune_dataset,data_486.pt,1135212.0,harp_hmoe_support_paired,4,50,hmoe_support_paired_seed4,1.5694832,1.6507413,0.08125809999999989,0.03,0.009471796,0.020528204,0.01,0.034285728,0.024285728,0.0,-0.00015123535,0.00015123535,0.12,0.097395435,0.022604564999999993
88ccfe6d05a9e4b8,gemver-medium,gemver-medium,lv2:__PARA__L0-1.__PARA__L1-1.__PARA__L2-1.__PARA__L3-1.__PARA__L4-2.__PARA__L5-1.__PARA__L6-4.__PIPE__L0-off.__PIPE__L1-flatten.__PIPE__L3-off.__TILE__L0-1.__TILE__L1-1.__TILE__L3-8,target,query,query,finetune_dataset,data_644.pt,437535.0,harp_hmoe_support_paired,4,50,hmoe_support_paired_seed4,2.2572289,2.2670338,0.009804900000000227,0.61,0.7045636,0.09456359999999997,0.31,0.40674987,0.09674987000000002,0.64,0.9138746,0.27387459999999997,0.15,0.2915858,0.1415858
40fa45ba8d75fea6,gemver-medium,gemver-medium,lv2:__PARA__L0-1.__PARA__L1-1.__PARA__L2-1.__PARA__L3-1.__PARA__L4-1.__PARA__L5-10.__PARA__L6-32.__PIPE__L0-off.__PIPE__L1-off.__PIPE__L3-off.__TILE__L0-1.__TILE__L1-1.__TILE__L3-1,target,query,query,finetune_dataset,data_498.pt,393361.0,harp_hmoe_support_paired,4,50,hmoe_support_paired_seed4,2.334001,2.3007412,0.03325980000000017,0.07,0.03872352,0.03127648000000001,0.03,0.02025691,0.00974309,0.02,0.051266372,0.031266372,0.05,0.09585081,0.04585080999999999
42bcdb5ed3fa6924,gemver-medium,gemver-medium,lv2:__PARA__L0-1.__PARA__L1-1.__PARA__L2-1.__PARA__L3-1.__PARA__L4-1.__PARA__L5-10.__PARA__L6-10.__PIPE__L0-off.__PIPE__L1-off.__PIPE__L3-NA.__TILE__L0-1.__TILE__L1-1.__TILE__L3-1,target,query,query,finetune_dataset,data_488.pt,399417.0,harp_hmoe_support_paired,4,50,hmoe_support_paired_seed4,2.3229802,2.3248305,0.0018503000000000824,0.05,0.04283812,0.007161880000000002,0.02,0.019550119,0.0004498809999999992,0.01,0.01996702,0.009967019999999998,0.05,0.18495625,0.13495625
57db2cdf99ad2535,gemver-medium,gemver-medium,lv2:__PARA__L0-1.__PARA__L1-1.__PARA__L2-1.__PARA__L3-1.__PARA__L4-1.__PARA__L5-1.__PARA__L6-4.__PIPE__L0-flatten.__PIPE__L1-off.__PIPE__L3-NA.__TILE__L0-1.__TILE__L1-1.__TILE__L3-1,target,query,query,finetune_dataset,data_465.pt,1062161.0,harp_hmoe_support_paired,4,50,hmoe_support_paired_seed4,1.6174629,1.5936267,0.023836200000000085,0.67,0.66180426,0.008195740000000007,0.42,0.42880642,0.008806420000000037,1.28,1.3598468,0.07984679999999988,0.24,0.22889622,0.01110377999999998
629fe26036eb69ab,gemver-medium,gemver-medium,lv2:__PARA__L0-1.__PARA__L1-1.__PARA__L2-1.__PARA__L3-1.__PARA__L4-1.__PARA__L5-2.__PARA__L6-2.__PIPE__L0-flatten.__PIPE__L1-off.__PIPE__L3-NA.__TILE__L0-1.__TILE__L1-1.__TILE__L3-1,target,query,query,finetune_dataset,data_519.pt,868839.0,harp_hmoe_support_paired,4,50,hmoe_support_paired_seed4,1.7623837,1.7237697,0.038613999999999926,0.68,0.67311996,0.006880040000000087,0.42,0.43103728,0.011037280000000038,1.28,1.3816459,0.10164590000000007,0.24,0.2352141,0.004785899999999982
f8611baa3d34baec,gemver-medium,gemver-medium,lv2:__PARA__L0-1.__PARA__L1-1.__PARA__L2-1.__PARA__L3-1.__PARA__L4-1.__PARA__L5-8.__PARA__L6-16.__PIPE__L0-off.__PIPE__L1-off.__PIPE__L3-NA.__TILE__L0-1.__TILE__L1-1.__TILE__L3-1,target,query,query,finetune_dataset,data_618.pt,389918.0,harp_hmoe_support_paired,4,50,hmoe_support_paired_seed4,2.3403428,2.387451,0.04710819999999982,0.04,0.046341978,0.006341977999999998,0.02,0.010178987,0.009821013,0.02,0.016619176,0.003380824000000001,0.29,0.24891639,0.04108360999999999
546ba9672e1bec4e,gemver-medium,gemver-medium,lv2:__PARA__L0-1.__PARA__L1-1.__PARA__L2-1.__PARA__L3-1.__PARA__L4-1.__PARA__L5-4.__PARA__L6-1.__PIPE__L0-off.__PIPE__L1-off.__PIPE__L3-flatten.__TILE__L0-1.__TILE__L1-1.__TILE__L3-1,target,query,query,finetune_dataset,data_552.pt,427265.0,harp_hmoe_support_paired,4,50,hmoe_support_paired_seed4,2.2743626,2.3115575,0.03719490000000025,0.5,0.584364,0.084364,0.3,0.3927898,0.09278980000000003,0.64,1.1386564,0.4986563999999999,0.43,0.6998814,0.2698814
eeca14754570c01b,gemver-medium,gemver-medium,lv2:__PARA__L0-1.__PARA__L1-1.__PARA__L2-1.__PARA__L3-1.__PARA__L4-1.__PARA__L5-2.__PARA__L6-400.__PIPE__L0-flatten.__PIPE__L1-off.__PIPE__L3-off.__TILE__L0-1.__TILE__L1-1.__TILE__L3-1,target,query,query,finetune_dataset,data_537.pt,472821.0,harp_hmoe_support_paired,4,50,hmoe_support_paired_seed4,2.201281,2.1672316,0.034049399999999785,0.7,0.6856039,0.014396099999999912,0.46,0.5253153,0.06531530000000002,1.28,1.3835691,0.10356910000000008,0.24,0.24554339,0.005543390000000009
1cc6286de82d0589,gemver-medium,gemver-medium,lv2:__PARA__L0-1.__PARA__L1-1.__PARA__L2-1.__PARA__L3-1.__PARA__L4-1.__PARA__L5-1.__PARA__L6-16.__PIPE__L0-flatten.__PIPE__L1-off.__PIPE__L3-NA.__TILE__L0-1.__TILE__L1-1.__TILE__L3-1,target,query,query,finetune_dataset,data_441.pt,911411.0,harp_hmoe_support_paired,4,50,hmoe_support_paired_seed4,1.7278773,1.7137709,0.014106399999999963,0.68,0.66697305,0.013026950000000093,0.43,0.4378528,0.007852799999999993,1.29,1.3364226,0.04642259999999987,0.24,0.22932717,0.010672829999999994
38b5571df4d34783,gemver-medium,gemver-medium,lv2:__PARA__L0-1.__PARA__L1-1.__PARA__L2-1.__PARA__L3-1.__PARA__L4-1.__PARA__L5-2.__PARA__L6-4.__PIPE__L0-flatten.__PIPE__L1-off.__PIPE__L3-off.__TILE__L0-1.__TILE__L1-1.__TILE__L3-1,target,query,query,finetune_dataset,data_534.pt,669973.0,harp_hmoe_support_paired,4,50,hmoe_support_paired_seed4,1.9498767,1.9660631,0.016186400000000045,0.67,0.6711592,0.0011591999999999159,0.42,0.42689234,0.006892339999999997,1.28,1.3443729,0.06437289999999996,0.24,0.22728254,0.012717459999999986
8f4ab36456ee280a,gemver-medium,gemver-medium,lv2:__PARA__L0-1.__PARA__L1-1.__PARA__L2-1.__PARA__L3-1.__PARA__L4-1.__PARA__L5-1.__PARA__L6-32.__PIPE__L0-off.__PIPE__L1-off.__PIPE__L3-off.__TILE__L0-1.__TILE__L1-1.__TILE__L3-1,target,query,query,finetune_dataset,data_464.pt,1102812.0,harp_hmoe_support_paired,4,50,hmoe_support_paired_seed4,1.5903707,1.6446724,0.0543016999999999,0.04,0.01749777,0.02250223,0.02,0.03900403,0.01900403,0.02,0.049204946,0.029204946,0.18,0.053478032,0.12652196799999998
f5222419a61dc3ae,gemver-medium,gemver-medium,lv2:__PARA__L0-1.__PARA__L1-1.__PARA__L2-1.__PARA__L3-1.__PARA__L4-1.__PARA__L5-1.__PARA__L6-1.__PIPE__L0-off.__PIPE__L1-off.__PIPE__L3-off.__TILE__L0-1.__TILE__L1-1.__TILE__L3-1,target,query,query,finetune_dataset,data_435.pt,1826012.0,harp_hmoe_support_paired,4,50,hmoe_support_paired_seed4,1.2266159,1.2313111,0.0046952000000000105,0.02,-0.021659842,0.041659842,0.01,0.024910334,0.014910333999999999,0.0,0.028162748,0.028162748,0.12,0.13774468,0.017744680000000013
d01425f50d6673bc,gemver-medium,gemver-medium,lv2:__PARA__L0-1.__PARA__L1-1.__PARA__L2-1.__PARA__L3-1.__PARA__L4-1.__PARA__L5-4.__PARA__L6-4.__PIPE__L0-off.__PIPE__L1-off.__PIPE__L3-off.__TILE__L0-1.__TILE__L1-1.__TILE__L3-1,target,query,query,finetune_dataset,data_579.pt,640413.0,harp_hmoe_support_paired,4,50,hmoe_support_paired_seed4,1.9824268,2.0628827,0.0804558999999998,0.03,0.027885906,0.0021140940000000004,0.01,0.02694622,0.016946219999999998,0.0,0.04497552,0.04497552,0.18,0.20404369,0.024043690000000006
32d58a29b225edc8,gemver-medium,gemver-medium,lv2:__PARA__L0-1.__PARA__L1-1.__PARA__L2-1.__PARA__L3-1.__PARA__L4-1.__PARA__L5-4.__PARA__L6-1.__PIPE__L0-flatten.__PIPE__L1-off.__PIPE__L3-flatten.__TILE__L0-1.__TILE__L1-1.__TILE__L3-1,target,query,query,finetune_dataset,data_549.pt,258829.0,harp_hmoe_support_paired,4,50,hmoe_support_paired_seed4,2.6359284,2.3211684,0.31476000000000015,0.83,0.76606923,0.06393076999999991,0.54,0.55460835,0.014608349999999937,1.28,1.3519652,0.07196519999999995,0.43,0.49373925,0.06373925000000003
ecfb96f63a221e62,gemver-medium,gemver-medium,lv2:__PARA__L0-1.__PARA__L1-1.__PARA__L2-1.__PARA__L3-1.__PARA__L4-1.__PARA__L5-4.__PARA__L6-8.__PIPE__L0-flatten.__PIPE__L1-off.__PIPE__L3-off.__TILE__L0-1.__TILE__L1-1.__TILE__L3-1,target,query,query,finetune_dataset,data_589.pt,373973.0,harp_hmoe_support_paired,4,50,hmoe_support_paired_seed4,2.370461,2.2956963,0.07476470000000024,0.73,0.6978521,0.03214790000000001,0.44,0.42741978,0.012580219999999975,1.28,1.2974769,0.017476899999999906,0.43,0.36799604,0.06200395999999997
9437db7693f1d995,gemver-medium,gemver-medium,lv2:__PARA__L0-1.__PARA__L1-1.__PARA__L2-1.__PARA__L3-1.__PARA__L4-2.__PARA__L5-1.__PARA__L6-10.__PIPE__L0-off.__PIPE__L1-flatten.__PIPE__L3-off.__TILE__L0-1.__TILE__L1-1.__TILE__L3-8,target,query,query,finetune_dataset,data_637.pt,281535.0,harp_hmoe_support_paired,4,50,hmoe_support_paired_seed4,2.575271,2.4960554,0.07921559999999994,0.61,0.57118493,0.03881506999999995,0.31,0.33136666,0.021366659999999982,0.64,0.6201837,0.01981630000000001,0.19,0.17858738,0.011412620000000012
ea1c49f64583b28b,gemver-medium,gemver-medium,lv2:__PARA__L0-1.__PARA__L1-1.__PARA__L2-1.__PARA__L3-1.__PARA__L4-2.__PARA__L5-1.__PARA__L6-1.__PIPE__L0-off.__PIPE__L1-flatten.__PIPE__L3-off.__TILE__L0-1.__TILE__L1-1.__TILE__L3-8,target,query,query,finetune_dataset,data_636.pt,1011542.0,harp_hmoe_support_paired,4,50,hmoe_support_paired_seed4,1.6526859,1.837666,0.18498009999999998,0.62,0.70019937,0.08019936999999999,0.31,0.41525567,0.10525567000000002,0.64,1.0061854,0.3661853999999999,0.18,0.2451468,0.0651468
83417ac8d1dc1106,gemver-medium,gemver-medium,lv2:__PARA__L0-1.__PARA__L1-1.__PARA__L2-1.__PARA__L3-1.__PARA__L4-1.__PARA__L5-1.__PARA__L6-10.__PIPE__L0-off.__PIPE__L1-off.__PIPE__L3-off.__TILE__L0-1.__TILE__L1-1.__TILE__L3-1,target,query,query,finetune_dataset,data_440.pt,1116412.0,harp_hmoe_support_paired,4,50,hmoe_support_paired_seed4,1.5815293,1.641712,0.060182700000000144,0.03,0.005612962,0.024387038,0.01,0.03690392,0.026903919999999998,0.0,0.0045282245,0.0045282245,0.12,0.106144905,0.013855094999999998
2594dd922d740fe9,gemver-medium,gemver-medium,lv2:__PARA__L0-1.__PARA__L1-1.__PARA__L2-1.__PARA__L3-1.__PARA__L4-1.__PARA__L5-2.__PARA__L6-2.__PIPE__L0-off.__PIPE__L1-off.__PIPE__L3-NA.__TILE__L0-1.__TILE__L1-1.__TILE__L3-1,target,query,query,finetune_dataset,data_521.pt,1034063.0,harp_hmoe_support_paired,4,50,hmoe_support_paired_seed4,1.636802,1.7231418,0.08633979999999997,0.03,0.010136597,0.019863402999999998,0.01,0.035611425,0.025611425,0.0,0.06463674,0.06463674,0.12,0.13613112,0.01613112
f220802a696f04d5,gemver-medium,gemver-medium,lv2:__PARA__L0-1.__PARA__L1-1.__PARA__L2-1.__PARA__L3-1.__PARA__L4-1.__PARA__L5-8.__PARA__L6-25.__PIPE__L0-off.__PIPE__L1-off.__PIPE__L3-off.__TILE__L0-1.__TILE__L1-1.__TILE__L3-1,target,query,query,finetune_dataset,data_625.pt,380411.0,harp_hmoe_support_paired,4,50,hmoe_support_paired_seed4,2.3581486,2.391972,0.03382340000000017,0.07,0.060441427,0.009558573000000008,0.02,0.009295646,0.010704354000000001,0.01,0.013125837,0.0031258369999999994,0.06,0.14629276,0.08629276
6f8fa15b227a2a9b,gemver-medium,gemver-medium,lv2:__PARA__L0-1.__PARA__L1-1.__PARA__L2-1.__PARA__L3-1.__PARA__L4-1.__PARA__L5-10.__PARA__L6-2.__PIPE__L0-off.__PIPE__L1-off.__PIPE__L3-off.__TILE__L0-1.__TILE__L1-1.__TILE__L3-1,target,query,query,finetune_dataset,data_493.pt,720961.0,harp_hmoe_support_paired,4,50,hmoe_support_paired_seed4,1.8969675,2.0136907,0.11672320000000025,0.04,0.014006607,0.025993393,0.01,0.010041568,4.156800000000051e-05,0.0,0.015115529,0.015115529,0.05,0.24158683,0.19158682999999999
07338f58fab2b5d0,gemver-medium,gemver-medium,lv2:__PARA__L0-1.__PARA__L1-1.__PARA__L2-1.__PARA__L3-1.__PARA__L4-1.__PARA__L5-2.__PARA__L6-10.__PIPE__L0-flatten.__PIPE__L1-off.__PIPE__L3-NA.__TILE__L0-1.__TILE__L1-1.__TILE__L3-1,target,query,query,finetune_dataset,data_511.pt,545631.0,harp_hmoe_support_paired,4,50,hmoe_support_paired_seed4,2.0979652,2.0362453,0.06171989999999994,0.68,0.65758675,0.02241325000000005,0.43,0.4264167,0.0035833000000000115,1.29,1.3476815,0.05768149999999994,0.24,0.2351845,0.0048155
d8e3b8d9f992790d,gemver-medium,gemver-medium,lv2:__PARA__L0-1.__PARA__L1-1.__PARA__L2-1.__PARA__L3-1.__PARA__L4-1.__PARA__L5-2.__PARA__L6-10.__PIPE__L0-flatten.__PIPE__L1-off.__PIPE__L3-off.__TILE__L0-1.__TILE__L1-1.__TILE__L3-1,target,query,query,finetune_dataset,data_512.pt,551973.0,harp_hmoe_support_paired,4,50,hmoe_support_paired_seed4,2.0896292,2.0556283,0.03400090000000011,0.67,0.66137946,0.00862054000000001,0.42,0.42631292,0.00631292,1.28,1.3270495,0.047049499999999966,0.24,0.2108175,0.0291825
130704a61a6e6fbf,gemver-medium,gemver-medium,lv2:__PARA__L0-1.__PARA__L1-1.__PARA__L2-1.__PARA__L3-1.__PARA__L4-1.__PARA__L5-5.__PARA__L6-16.__PIPE__L0-off.__PIPE__L1-off.__PIPE__L3-off.__TILE__L0-1.__TILE__L1-1.__TILE__L3-1,target,query,query,finetune_dataset,data_597.pt,455964.0,harp_hmoe_support_paired,4,50,hmoe_support_paired_seed4,2.2274683,2.204103,0.023365300000000033,0.03,0.041382484,0.011382483999999998,0.01,0.021913562,0.011913562,0.01,0.026748031,0.016748030999999997,0.3,0.20013428,0.09986571999999999
f04d401f04d14c1e,gemver-medium,gemver-medium,lv2:__PARA__L0-1.__PARA__L1-1.__PARA__L2-1.__PARA__L3-1.__PARA__L4-1.__PARA__L5-8.__PARA__L6-1.__PIPE__L0-off.__PIPE__L1-NA.__PIPE__L3-flatten.__TILE__L0-1.__TILE__L1-1.__TILE__L3-1,target,query,query,finetune_dataset,data_613.pt,323819.0,harp_hmoe_support_paired,4,50,hmoe_support_paired_seed4,2.4743342,2.4345107,0.03982349999999979,0.68,0.5023821,0.1776179,0.4,0.31486118,0.08513882,1.11,0.76650953,0.3434904700000001,0.8,0.5942093,0.2057907
de0ebad02754366d,gemver-medium,gemver-medium,lv2:__PARA__L0-1.__PARA__L1-1.__PARA__L2-1.__PARA__L3-1.__PARA__L4-1.__PARA__L5-1.__PARA__L6-20.__PIPE__L0-flatten.__PIPE__L1-off.__PIPE__L3-NA.__TILE__L0-1.__TILE__L1-1.__TILE__L3-1,target,query,query,finetune_dataset,data_451.pt,901361.0,harp_hmoe_support_paired,4,50,hmoe_support_paired_seed4,1.7358756,1.7750896,0.03921400000000008,0.68,0.6764107,0.0035893000000000175,0.43,0.43865627,0.008656270000000021,1.3,1.309255,0.009255000000000013,0.24,0.2289163,0.011083700000000002
f2382c4833c27b31,gemver-medium,gemver-medium,lv2:__PARA__L0-1.__PARA__L1-1.__PARA__L2-1.__PARA__L3-1.__PARA__L4-1.__PARA__L5-10.__PARA__L6-25.__PIPE__L0-off.__PIPE__L1-off.__PIPE__L3-NA.__TILE__L0-1.__TILE__L1-1.__TILE__L3-1,target,query,query,finetune_dataset,data_496.pt,351177.0,harp_hmoe_support_paired,4,50,hmoe_support_paired_seed4,2.415829,2.3675814,0.048247599999999835,0.11,0.076853566,0.033146434,0.03,0.024793182,0.0052068179999999985,0.02,0.04281895,0.02281895,0.05,0.10880561,0.058805609999999994
1e9c97bfbccfa9fa,gemver-medium,gemver-medium,lv2:__PARA__L0-1.__PARA__L1-1.__PARA__L2-1.__PARA__L3-1.__PARA__L4-1.__PARA__L5-10.__PARA__L6-8.__PIPE__L0-off.__PIPE__L1-off.__PIPE__L3-NA.__TILE__L0-1.__TILE__L1-1.__TILE__L3-1,target,query,query,finetune_dataset,data_504.pt,419517.0,harp_hmoe_support_paired,4,50,hmoe_support_paired_seed4,2.2875636,2.3116133,0.02404969999999995,0.04,0.04743188,0.007431880000000002,0.02,0.019160453,0.0008395469999999995,0.01,0.01542303,0.0054230300000000006,0.05,0.16573903,0.11573903
9223f67909b2b538,gemver-medium,gemver-medium,lv2:__PARA__L0-1.__PARA__L1-1.__PARA__L2-1.__PARA__L3-1.__PARA__L4-1.__PARA__L5-10.__PARA__L6-20.__PIPE__L0-off.__PIPE__L1-off.__PIPE__L3-NA.__TILE__L0-1.__TILE__L1-1.__TILE__L3-1,target,query,query,finetune_dataset,data_494.pt,359217.0,harp_hmoe_support_paired,4,50,hmoe_support_paired_seed4,2.3995004,2.4236848,0.024184400000000217,0.08,0.048057728,0.031942272,0.03,0.01756287,0.012437129999999998,0.02,0.017093778,0.002906222,0.05,0.18214546,0.13214546
aa2e9802151958d2,gemver-medium,gemver-medium,lv2:__PARA__L0-1.__PARA__L1-1.__PARA__L2-1.__PARA__L3-1.__PARA__L4-1.__PARA__L5-10.__PARA__L6-2.__PIPE__L0-off.__PIPE__L1-off.__PIPE__L3-NA.__TILE__L0-1.__TILE__L1-1.__TILE__L3-1,target,query,query,finetune_dataset,data_492.pt,720213.0,harp_hmoe_support_paired,4,50,hmoe_support_paired_seed4,1.8977163,2.044486,0.14676970000000011,0.04,0.022614174,0.017385826,0.01,0.020115618,0.010115617999999998,0.01,0.030477345,0.020477345,0.05,0.23264724,0.18264724
a6d12815f059afc2,gemver-medium,gemver-medium,lv2:__PARA__L0-1.__PARA__L1-1.__PARA__L2-1.__PARA__L3-1.__PARA__L4-1.__PARA__L5-1.__PARA__L6-8.__PIPE__L0-flatten.__PIPE__L1-off.__PIPE__L3-off.__TILE__L0-1.__TILE__L1-1.__TILE__L3-1,target,query,query,finetune_dataset,data_483.pt,968303.0,harp_hmoe_support_paired,4,50,hmoe_support_paired_seed4,1.6841989,1.7195045,0.03530560000000005,0.66,0.64822435,0.011775650000000026,0.42,0.4231544,0.0031544000000000016,1.28,1.287271,0.0072710000000000274,0.24,0.21079196,0.02920803999999999
9b6ded63e303dd42,gemver-medium,gemver-medium,lv2:__PARA__L0-1.__PARA__L1-1.__PARA__L2-1.__PARA__L3-1.__PARA__L4-1.__PARA__L5-4.__PARA__L6-10.__PIPE__L0-off.__PIPE__L1-off.__PIPE__L3-NA.__TILE__L0-1.__TILE__L1-1.__TILE__L3-1,target,query,query,finetune_dataset,data_556.pt,516869.0,harp_hmoe_support_paired,4,50,hmoe_support_paired_seed4,2.1370287,2.137861,0.000832299999999897,0.04,0.047711723,0.007711722999999997,0.02,0.029635493,0.009635492999999998,0.01,0.046971887,0.036971886999999995,0.18,0.18353458,0.0035345800000000094
9c8bd01095d1e0ca,gemver-medium,gemver-medium,lv2:__PARA__L0-1.__PARA__L1-1.__PARA__L2-1.__PARA__L3-1.__PARA__L4-1.__PARA__L5-5.__PARA__L6-8.__PIPE__L0-off.__PIPE__L1-off.__PIPE__L3-off.__TILE__L0-1.__TILE__L1-1.__TILE__L3-1,target,query,query,finetune_dataset,data_611.pt,504364.0,harp_hmoe_support_paired,4,50,hmoe_support_paired_seed4,2.1546955,2.177377,0.02268150000000002,0.03,0.045146696,0.015146696000000001,0.01,0.01975179,0.009751790000000001,0.0,0.01573044,0.01573044,0.3,0.18080601,0.11919399
2e8b186c17d162d3,gemver-medium,gemver-medium,lv2:__PARA__L0-1.__PARA__L1-1.__PARA__L2-1.__PARA__L3-1.__PARA__L4-1.__PARA__L5-2.__PARA__L6-32.__PIPE__L0-off.__PIPE__L1-off.__PIPE__L3-off.__TILE__L0-1.__TILE__L1-1.__TILE__L3-1,target,query,query,finetune_dataset,data_532.pt,707213.0,harp_hmoe_support_paired,4,50,hmoe_support_paired_seed4,1.9108557,1.9311221,0.02026640000000013,0.04,0.03194248,0.008057519999999999,0.02,0.036605094,0.016605093999999997,0.02,0.09257159,0.07257158999999999,0.18,0.030889884,0.149110116
92b03a2db6f6bb51,gemver-medium,gemver-medium,lv2:__PARA__L0-1.__PARA__L1-1.__PARA__L2-1.__PARA__L3-1.__PARA__L4-1.__PARA__L5-1.__PARA__L6-1.__PIPE__L0-flatten.__PIPE__L1-off.__PIPE__L3-flatten.__TILE__L0-1.__TILE__L1-1.__TILE__L3-1,target,query,query,finetune_dataset,data_429.pt,851559.0,harp_hmoe_support_paired,4,50,hmoe_support_paired_seed4,1.7768749,1.7255869,0.051288,0.7,0.7554166,0.05541660000000004,0.47,0.55906826,0.08906826000000001,1.28,1.3778226,0.09782259999999998,0.24,0.30241248,0.06241247999999999
4ea6ce68b66ec41f,gemver-medium,gemver-medium,lv2:__PARA__L0-1.__PARA__L1-1.__PARA__L2-1.__PARA__L3-1.__PARA__L4-1.__PARA__L5-4.__PARA__L6-1.__PIPE__L0-off.__PIPE__L1-NA.__PIPE__L3-flatten.__TILE__L0-1.__TILE__L1-1.__TILE__L3-1,target,query,query,finetune_dataset,data_551.pt,424321.0,harp_hmoe_support_paired,4,50,hmoe_support_paired_seed4,2.27935,2.2216349,0.0577150999999998,0.57,0.46855283,0.10144716999999998,0.4,0.32962835,0.07037165000000001,1.11,0.79734135,0.31265865000000015,0.43,0.5333708,0.10337080000000004
15a680d728ab4220,gemver-medium,gemver-medium,lv2:__PARA__L0-1.__PARA__L1-1.__PARA__L2-1.__PARA__L3-1.__PARA__L4-1.__PARA__L5-2.__PARA__L6-20.__PIPE__L0-flatten.__PIPE__L1-off.__PIPE__L3-off.__TILE__L0-1.__TILE__L1-1.__TILE__L3-1,target,query,query,finetune_dataset,data_524.pt,513973.0,harp_hmoe_support_paired,4,50,hmoe_support_paired_seed4,2.1410818,2.1817708,0.040688999999999975,0.68,0.685052,0.005051999999999945,0.42,0.4320178,0.012017800000000023,1.28,1.3102857,0.030285700000000082,0.24,0.20885181,0.031148189999999992
46f20070f755128c,gemver-medium,gemver-medium,lv2:__PARA__L0-1.__PARA__L1-1.__PARA__L2-1.__PARA__L3-1.__PARA__L4-1.__PARA__L5-1.__PARA__L6-1.__PIPE__L0-off.__PIPE__L1-flatten.__PIPE__L3-NA.__TILE__L0-1.__TILE__L1-1.__TILE__L3-8,target,query,query,finetune_dataset,data_431.pt,1091472.0,harp_hmoe_support_paired,4,50,hmoe_support_paired_seed4,1.5978265,1.4522378,0.14558870000000002,0.62,0.5933346,0.02666539999999995,0.31,0.3557065,0.04570649999999998,0.64,0.6805384,0.040538399999999974,0.18,0.18739599,0.007395990000000019
5b9287120925f2a0,gemver-medium,gemver-medium,lv2:__PARA__L0-1.__PARA__L1-1.__PARA__L2-1.__PARA__L3-1.__PARA__L4-1.__PARA__L5-4.__PARA__L6-8.__PIPE__L0-off.__PIPE__L1-off.__PIPE__L3-off.__TILE__L0-1.__TILE__L1-1.__TILE__L3-1,target,query,query,finetune_dataset,data_591.pt,543213.0,harp_hmoe_support_paired,4,50,hmoe_support_paired_seed4,2.101169,2.1326852,0.031516199999999994,0.03,0.044893138,0.014893138,0.01,0.026210729,0.016210729,0.0,0.028179944,0.028179944,0.18,0.15591812,0.02408188
fe1f6d87f4424e94,gemver-medium,gemver-medium,lv2:__PARA__L0-1.__PARA__L1-1.__PARA__L2-1.__PARA__L3-1.__PARA__L4-1.__PARA__L5-1.__PARA__L6-10.__PIPE__L0-flatten.__PIPE__L1-off.__PIPE__L3-off.__TILE__L0-1.__TILE__L1-1.__TILE__L3-1,target,query,query,finetune_dataset,data_437.pt,947503.0,harp_hmoe_support_paired,4,50,hmoe_support_paired_seed4,1.6998628,1.7109933,0.011130499999999932,0.67,0.6487555,0.0212445,0.42,0.42666495,0.006664950000000003,1.28,1.3003169,0.020316900000000082,0.24,0.20323624,0.03676375999999998
004efb321e4bf36a,gemver-medium,gemver-medium,lv2:__PARA__L0-1.__PARA__L1-1.__PARA__L2-1.__PARA__L3-1.__PARA__L4-1.__PARA__L5-8.__PARA__L6-1.__PIPE__L0-off.__PIPE__L1-off.__PIPE__L3-off.__TILE__L0-1.__TILE__L1-1.__TILE__L3-1,target,query,query,finetune_dataset,data_615.pt,1136812.0,harp_hmoe_support_paired,4,50,hmoe_support_paired_seed4,1.5684673,1.7348475,0.1663802000000001,0.03,0.014584802,0.015415198,0.01,-0.003320589,0.013320589,0.0,0.020104766,0.020104766,0.29,0.25061584,0.03938416
2cbb07715c8233d5,gemver-medium,gemver-medium,lv2:__PARA__L0-1.__PARA__L1-1.__PARA__L2-1.__PARA__L3-1.__PARA__L4-1.__PARA__L5-5.__PARA__L6-10.__PIPE__L0-off.__PIPE__L1-off.__PIPE__L3-off.__TILE__L0-1.__TILE__L1-1.__TILE__L3-1,target,query,query,finetune_dataset,data_595.pt,484364.0,harp_hmoe_support_paired,4,50,hmoe_support_paired_seed4,2.1838822,2.1743503,0.00953190000000026,0.03,0.04107868,0.01107868,0.01,0.021345321,0.011345321,0.0,0.02176404,0.02176404,0.3,0.19337383,0.10662616999999999
9bd5be897febc88c,gemver-medium,gemver-medium,lv2:__PARA__L0-1.__PARA__L1-1.__PARA__L2-1.__PARA__L3-1.__PARA__L4-1.__PARA__L5-4.__PARA__L6-2.__PIPE__L0-off.__PIPE__L1-off.__PIPE__L3-off.__TILE__L0-1.__TILE__L1-1.__TILE__L3-1,target,query,query,finetune_dataset,data_565.pt,837213.0,harp_hmoe_support_paired,4,50,hmoe_support_paired_seed4,1.7891307,1.8731346,0.08400389999999991,0.03,0.023061387,0.006938613,0.01,0.02084646,0.01084646,0.0,0.0338901,0.0338901,0.18,0.22955424,0.04955424
7fd996d84f497a6b,gemver-medium,gemver-medium,lv2:__PARA__L0-1.__PARA__L1-1.__PARA__L2-1.__PARA__L3-1.__PARA__L4-1.__PARA__L5-4.__PARA__L6-5.__PIPE__L0-flatten.__PIPE__L1-off.__PIPE__L3-NA.__TILE__L0-1.__TILE__L1-1.__TILE__L3-1,target,query,query,finetune_dataset,data_582.pt,428429.0,harp_hmoe_support_paired,4,50,hmoe_support_paired_seed4,2.2724001,2.1667414,0.10565870000000022,0.74,0.7022254,0.03777459999999999,0.45,0.43155864,0.018441360000000018,1.28,1.3325543,0.05255429999999994,0.43,0.4016351,0.02836489999999997
3fe4d0313cca2a9b,gemver-medium,gemver-medium,lv2:__PARA__L0-1.__PARA__L1-1.__PARA__L2-1.__PARA__L3-1.__PARA__L4-2.__PARA__L5-1.__PARA__L6-8.__PIPE__L0-off.__PIPE__L1-flatten.__PIPE__L3-off.__TILE__L0-1.__TILE__L1-1.__TILE__L3-8,target,query,query,finetune_dataset,data_648.pt,310035.0,harp_hmoe_support_paired,4,50,hmoe_support_paired_seed4,2.5057125,2.4239902,0.08172230000000003,0.61,0.5837122,0.026287799999999972,0.31,0.3452886,0.0352886,0.64,0.64752233,0.0075223300000000215,0.18,0.19242603,0.012426030000000005
a55d7e185e11adb8,gemver-medium,gemver-medium,lv2:__PARA__L0-1.__PARA__L1-1.__PARA__L2-1.__PARA__L3-1.__PARA__L4-1.__PARA__L5-1.__PARA__L6-16.__PIPE__L0-flatten.__PIPE__L1-off.__PIPE__L3-off.__TILE__L0-1.__TILE__L1-1.__TILE__L3-1,target,query,query,finetune_dataset,data_442.pt,919503.0,harp_hmoe_support_paired,4,50,hmoe_support_paired_seed4,1.721501,1.7410722,0.019571200000000122,0.66,0.66005635,5.634999999992729e-05,0.42,0.43072176,0.010721760000000025,1.28,1.3035175,0.02351750000000008,0.24,0.19407241,0.04592758999999999
8267c1b9533029a4,gemver-medium,gemver-medium,lv2:__PARA__L0-1.__PARA__L1-1.__PARA__L2-1.__PARA__L3-1.__PARA__L4-1.__PARA__L5-8.__PARA__L6-25.__PIPE__L0-off.__PIPE__L1-off.__PIPE__L3-NA.__TILE__L0-1.__TILE__L1-1.__TILE__L3-1,target,query,query,finetune_dataset,data_624.pt,371827.0,harp_hmoe_support_paired,4,50,hmoe_support_paired_seed4,2.3746123,2.3810759,0.006463600000000014,0.08,0.07722207,0.002777929999999998,0.03,0.01620606,0.013793939999999998,0.02,0.03571874,0.01571874,0.06,0.15721066,0.09721066
a7c68a7cb4043184,gemver-medium,gemver-medium,lv2:__PARA__L0-1.__PARA__L1-1.__PARA__L2-1.__PARA__L3-1.__PARA__L4-1.__PARA__L5-2.__PARA__L6-5.__PIPE__L0-off.__PIPE__L1-off.__PIPE__L3-NA.__TILE__L0-1.__TILE__L1-1.__TILE__L3-1,target,query,query,finetune_dataset,data_541.pt,794469.0,harp_hmoe_support_paired,4,50,hmoe_support_paired_seed4,1.8269327,1.8965851,0.06965240000000006,0.03,0.018946283,0.011053716999999998,0.01,0.035008464,0.025008464,0.0,0.060785443,0.060785443,0.12,0.11003515,0.009964849999999997
ad4900e68c105b97,gemver-medium,gemver-medium,lv2:__PARA__L0-1.__PARA__L1-1.__PARA__L2-1.__PARA__L3-1.__PARA__L4-1.__PARA__L5-4.__PARA__L6-1.__PIPE__L0-off.__PIPE__L1-off.__PIPE__L3-off.__TILE__L0-1.__TILE__L1-1.__TILE__L3-1,target,query,query,finetune_dataset,data_553.pt,1233213.0,harp_hmoe_support_paired,4,50,hmoe_support_paired_seed4,1.509753,1.5876876,0.07793460000000008,0.03,0.013840966,0.016159034,0.01,0.014591042,0.004591042,0.0,0.04090485,0.04090485,0.18,0.19964944,0.019649440000000018
d76b59724307206f,gemver-medium,gemver-medium,lv2:__PARA__L0-1.__PARA__L1-1.__PARA__L2-1.__PARA__L3-1.__PARA__L4-1.__PARA__L5-4.__PARA__L6-16.__PIPE__L0-off.__PIPE__L1-off.__PIPE__L3-off.__TILE__L0-1.__TILE__L1-1.__TILE__L3-1,target,query,query,finetune_dataset,data_561.pt,494813.0,harp_hmoe_support_paired,4,50,hmoe_support_paired_seed4,2.1684864,2.156356,0.012130399999999764,0.03,0.042143635,0.012143635,0.01,0.028600547,0.018600547000000002,0.01,0.040340036,0.030340036,0.18,0.17411408,0.005885919999999989
b191ebbac7826eb3,gemver-medium,gemver-medium,lv2:__PARA__L0-1.__PARA__L1-1.__PARA__L2-1.__PARA__L3-1.__PARA__L4-1.__PARA__L5-1.__PARA__L6-5.__PIPE__L0-flatten.__PIPE__L1-off.__PIPE__L3-off.__TILE__L0-1.__TILE__L1-1.__TILE__L3-1,target,query,query,finetune_dataset,data_474.pt,1025103.0,harp_hmoe_support_paired,4,50,hmoe_support_paired_seed4,1.6430796,1.6247382,0.018341400000000174,0.67,0.6486203,0.0213797,0.42,0.42579824,0.00579824000000001,1.28,1.3273511,0.04735109999999998,0.24,0.21689713,0.023102869999999998
f1c328c827d09e9c,gemver-medium,gemver-medium,lv2:__PARA__L0-1.__PARA__L1-1.__PARA__L2-1.__PARA__L3-1.__PARA__L4-1.__PARA__L5-1.__PARA__L6-4.__PIPE__L0-flatten.__PIPE__L1-off.__PIPE__L3-off.__TILE__L0-1.__TILE__L1-1.__TILE__L3-1,target,query,query,finetune_dataset,data_466.pt,1065503.0,harp_hmoe_support_paired,4,50,hmoe_support_paired_seed4,1.6151967,1.6288956,0.01369890000000007,0.67,0.6571769,0.012823100000000087,0.42,0.426783,0.006783000000000039,1.28,1.3251224,0.045122399999999896,0.24,0.21955597,0.020444030000000002
3b3eea8d09d234c1,gemver-medium,gemver-medium,lv2:__PARA__L0-1.__PARA__L1-1.__PARA__L2-1.__PARA__L3-1.__PARA__L4-1.__PARA__L5-4.__PARA__L6-25.__PIPE__L0-off.__PIPE__L1-off.__PIPE__L3-NA.__TILE__L0-1.__TILE__L1-1.__TILE__L3-1,target,query,query,finetune_dataset,data_572.pt,468629.0,harp_hmoe_support_paired,4,50,hmoe_support_paired_seed4,2.207705,2.173655,0.03404999999999969,0.06,0.0784673,0.018467300000000006,0.03,0.034846727,0.004846727000000002,0.02,0.0729208,0.05292079999999999,0.29,0.11917251,0.17082748999999997
50ce49b321c5fefd,gemver-medium,gemver-medium,lv2:__PARA__L0-1.__PARA__L1-1.__PARA__L2-1.__PARA__L3-1.__PARA__L4-1.__PARA__L5-1.__PARA__L6-20.__PIPE__L0-off.__PIPE__L1-flatten.__PIPE__L3-off.__TILE__L0-1.__TILE__L1-1.__TILE__L3-8,target,query,query,finetune_dataset,data_453.pt,304465.0,harp_hmoe_support_paired,4,50,hmoe_support_paired_seed4,2.51879,2.5586464,0.039856400000000125,0.62,0.523433,0.09656699999999996,0.31,0.30545825,0.004541750000000011,0.64,0.55593944,0.08406056000000006,0.26,0.23114572,0.02885428000000001
1a6b958163ec4176,gemver-medium,gemver-medium,lv2:__PARA__L0-1.__PARA__L1-1.__PARA__L2-1.__PARA__L3-1.__PARA__L4-1.__PARA__L5-4.__PARA__L6-4.__PIPE__L0-flatten.__PIPE__L1-off.__PIPE__L3-NA.__TILE__L0-1.__TILE__L1-1.__TILE__L3-1,target,query,query,finetune_dataset,data_576.pt,468227.0,harp_hmoe_support_paired,4,50,hmoe_support_paired_seed4,2.208324,2.1401887,0.06813530000000023,0.74,0.71205014,0.027949859999999993,0.44,0.43189064,0.00810936000000001,1.28,1.3351767,0.05517670000000008,0.43,0.39369267,0.03630732999999997
1e06e029d012209f,gemver-medium,gemver-medium,lv2:__PARA__L0-1.__PARA__L1-1.__PARA__L2-1.__PARA__L3-1.__PARA__L4-1.__PARA__L5-1.__PARA__L6-32.__PIPE__L0-flatten.__PIPE__L1-off.__PIPE__L3-off.__TILE__L0-1.__TILE__L1-1.__TILE__L3-1,target,query,query,finetune_dataset,data_461.pt,935103.0,harp_hmoe_support_paired,4,50,hmoe_support_paired_seed4,1.7093655,1.7428919,0.033526399999999956,0.67,0.6630671,0.00693290000000002,0.43,0.4350791,0.005079100000000003,1.28,1.325902,0.04590199999999989,0.24,0.18046157,0.05953843
768cf60a93610532,gemver-medium,gemver-medium,lv2:__PARA__L0-1.__PARA__L1-1.__PARA__L2-1.__PARA__L3-1.__PARA__L4-1.__PARA__L5-1.__PARA__L6-8.__PIPE__L0-flatten.__PIPE__L1-off.__PIPE__L3-NA.__TILE__L0-1.__TILE__L1-1.__TILE__L3-1,target,query,query,finetune_dataset,data_482.pt,962465.0,harp_hmoe_support_paired,4,50,hmoe_support_paired_seed4,1.6885611,1.6561692,0.03239190000000014,0.67,0.6433179,0.026682100000000042,0.42,0.4250175,0.005017500000000008,1.29,1.3217814,0.03178140000000007,0.24,0.2245139,0.015486100000000003
ebd95f41307d86ed,gemver-medium,gemver-medium,lv2:__PARA__L0-1.__PARA__L1-1.__PARA__L2-1.__PARA__L3-1.__PARA__L4-1.__PARA__L5-2.__PARA__L6-1.__PIPE__L0-flatten.__PIPE__L1-off.__PIPE__L3-off.__TILE__L0-1.__TILE__L1-1.__TILE__L3-1,target,query,query,finetune_dataset,data_507.pt,1261573.0,harp_hmoe_support_paired,4,50,hmoe_support_paired_seed4,1.4933522,1.5008924,0.007540199999999997,0.65,0.64226264,0.0077373600000000264,0.42,0.42519087,0.005190870000000014,1.28,1.4118506,0.13185059999999993,0.24,0.19860494,0.041395059999999984
2c080e6dbf4e1894,gemver-medium,gemver-medium,lv2:__PARA__L0-1.__PARA__L1-1.__PARA__L2-1.__PARA__L3-1.__PARA__L4-1.__PARA__L5-8.__PARA__L6-4.__PIPE__L0-off.__PIPE__L1-off.__PIPE__L3-off.__TILE__L0-1.__TILE__L1-1.__TILE__L3-1,target,query,query,finetune_dataset,data_628.pt,543612.0,harp_hmoe_support_paired,4,50,hmoe_support_paired_seed4,2.1006393,2.2434857,0.14284639999999982,0.03,0.028348409,0.0016515909999999974,0.01,0.0076364614,0.0023635386000000003,0.0,0.018037796,0.018037796,0.29,0.25841653,0.03158347
5c6ffb0bd9e5a3fc,gemver-medium,gemver-medium,lv2:__PARA__L0-1.__PARA__L1-1.__PARA__L2-1.__PARA__L3-1.__PARA__L4-1.__PARA__L5-2.__PARA__L6-1.__PIPE__L0-off.__PIPE__L1-off.__PIPE__L3-flatten.__TILE__L0-1.__TILE__L1-1.__TILE__L3-1,target,query,query,finetune_dataset,data_509.pt,624865.0,harp_hmoe_support_paired,4,50,hmoe_support_paired_seed4,2.000156,2.179731,0.17957499999999982,0.42,0.56037176,0.14037176,0.3,0.4000581,0.10005810000000004,0.64,1.1636457,0.5236457,0.24,0.53123516,0.29123516000000005
8df81f2d5dd78bc5,gemver-medium,gemver-medium,lv2:__PARA__L0-1.__PARA__L1-1.__PARA__L2-1.__PARA__L3-1.__PARA__L4-1.__PARA__L5-5.__PARA__L6-64.__PIPE__L0-off.__PIPE__L1-off.__PIPE__L3-off.__TILE__L0-1.__TILE__L1-1.__TILE__L3-1,target,query,query,finetune_dataset,data_609.pt,462363.0,harp_hmoe_support_paired,4,50,hmoe_support_paired_seed4,2.217415,2.1753402,0.04207479999999997,0.08,0.05324506,0.026754940000000005,0.04,0.04014993,0.0001499299999999995,0.04,0.10642409,0.06642408999999999,0.06,0.09488815,0.03488815000000001
858ff888300b806f,gemver-medium,gemver-medium,lv2:__PARA__L0-1.__PARA__L1-1.__PARA__L2-1.__PARA__L3-1.__PARA__L4-1.__PARA__L5-1.__PARA__L6-2.__PIPE__L0-off.__PIPE__L1-flatten.__PIPE__L3-off.__TILE__L0-1.__TILE__L1-1.__TILE__L3-8,target,query,query,finetune_dataset,data_448.pt,747465.0,harp_hmoe_support_paired,4,50,hmoe_support_paired_seed4,1.8709251,1.8432238,0.02770129999999993,0.61,0.7161217,0.10612169999999999,0.3,0.392129,0.09212900000000002,0.64,0.8737217,0.23372170000000003,0.13,0.29011798,0.16011798
47393fa60a317c60,gemver-medium,gemver-medium,lv2:__PARA__L0-1.__PARA__L1-1.__PARA__L2-1.__PARA__L3-1.__PARA__L4-1.__PARA__L5-1.__PARA__L6-5.__PIPE__L0-off.__PIPE__L1-off.__PIPE__L3-NA.__TILE__L0-1.__TILE__L1-1.__TILE__L3-1,target,query,query,finetune_dataset,data_476.pt,1190868.0,harp_hmoe_support_paired,4,50,hmoe_support_paired_seed4,1.5349573,1.5809596,0.04600229999999983,0.03,0.006587319,0.023412680999999998,0.01,0.03961915,0.029619149999999997,0.0,0.02050808,0.02050808,0.12,0.12770727,0.007707270000000016
1a4bb6b034bde6c2,gemver-medium,gemver-medium,lv2:__PARA__L0-1.__PARA__L1-1.__PARA__L2-1.__PARA__L3-1.__PARA__L4-1.__PARA__L5-8.__PARA__L6-2.__PIPE__L0-off.__PIPE__L1-off.__PIPE__L3-off.__TILE__L0-1.__TILE__L1-1.__TILE__L3-1,target,query,query,finetune_dataset,data_621.pt,741212.0,harp_hmoe_support_paired,4,50,hmoe_support_paired_seed4,1.876985,2.0395591,0.16257410000000005,0.03,0.023825936,0.006174064,0.01,0.0022461452,0.0077538548,0.0,0.010905564,0.010905564,0.29,0.28253093,0.007469069999999967
979644bcd6761137,gemver-medium,gemver-medium,lv2:__PARA__L0-1.__PARA__L1-1.__PARA__L2-1.__PARA__L3-1.__PARA__L4-1.__PARA__L5-1.__PARA__L6-10.__PIPE__L0-off.__PIPE__L1-flatten.__PIPE__L3-off.__TILE__L0-1.__TILE__L1-1.__TILE__L3-8,target,query,query,finetune_dataset,data_438.pt,361465.0,harp_hmoe_support_paired,4,50,hmoe_support_paired_seed4,2.3950002,2.363809,0.031191200000000308,0.61,0.5606089,0.04939110000000002,0.31,0.3253054,0.015305400000000025,0.64,0.57472885,0.06527115000000006,0.19,0.18658961,0.003410390000000013
050828280a5cdd83,gemver-medium,gemver-medium,lv2:__PARA__L0-1.__PARA__L1-1.__PARA__L2-1.__PARA__L3-1.__PARA__L4-1.__PARA__L5-2.__PARA__L6-4.__PIPE__L0-off.__PIPE__L1-off.__PIPE__L3-NA.__TILE__L0-1.__TILE__L1-1.__TILE__L3-1,target,query,query,finetune_dataset,data_535.pt,833867.0,harp_hmoe_support_paired,4,50,hmoe_support_paired_seed4,1.7920195,1.8917799,0.09976039999999986,0.03,0.016819172,0.013180827999999999,0.01,0.03588337,0.025883369999999996,0.0,0.064928174,0.064928174,0.12,0.12251414,0.002514139999999998
41ded80c7ec4056e,gemver-medium,gemver-medium,lv2:__PARA__L0-1.__PARA__L1-1.__PARA__L2-1.__PARA__L3-1.__PARA__L4-1.__PARA__L5-1.__PARA__L6-2.__PIPE__L0-off.__PIPE__L1-off.__PIPE__L3-off.__TILE__L0-1.__TILE__L1-1.__TILE__L3-1,target,query,query,finetune_dataset,data_450.pt,1430412.0,harp_hmoe_support_paired,4,50,hmoe_support_paired_seed4,1.4027487,1.4353178,0.032569099999999906,0.02,-0.010705401,0.030705401,0.01,0.028186265,0.018186265,0.0,0.012682706,0.012682706,0.12,0.16425812,0.04425812000000001
53ac0caa0da746c6,gemver-medium,gemver-medium,lv2:__PARA__L0-1.__PARA__L1-1.__PARA__L2-1.__PARA__L3-1.__PARA__L4-1.__PARA__L5-4.__PARA__L6-25.__PIPE__L0-flatten.__PIPE__L1-off.__PIPE__L3-NA.__TILE__L0-1.__TILE__L1-1.__TILE__L3-1,target,query,query,finetune_dataset,data_570.pt,299789.0,harp_hmoe_support_paired,4,50,hmoe_support_paired_seed4,2.5299544,2.3438644,0.18608999999999964,0.76,0.69540805,0.06459194999999995,0.46,0.4332838,0.026716200000000023,1.3,1.2969947,0.0030053000000000996,0.43,0.40463656,0.025363440000000015
ac49c902d4aef2ec,gemver-medium,gemver-medium,lv2:__PARA__L0-1.__PARA__L1-1.__PARA__L2-1.__PARA__L3-1.__PARA__L4-1.__PARA__L5-2.__PARA__L6-8.__PIPE__L0-off.__PIPE__L1-off.__PIPE__L3-off.__TILE__L0-1.__TILE__L1-1.__TILE__L3-1,target,query,query,finetune_dataset,data_548.pt,739613.0,harp_hmoe_support_paired,4,50,hmoe_support_paired_seed4,1.8785428,1.9475803,0.06903750000000008,0.03,0.025356285,0.004643715,0.01,0.031444702,0.021444701999999996,0.0,0.039143473,0.039143473,0.12,0.07821417,0.041785829999999996
7b44bab8e9ce85c5,gemver-medium,gemver-medium,lv2:__PARA__L0-1.__PARA__L1-1.__PARA__L2-1.__PARA__L3-1.__PARA__L4-2.__PARA__L5-1.__PARA__L6-64.__PIPE__L0-off.__PIPE__L1-flatten.__PIPE__L3-off.__TILE__L0-1.__TILE__L1-1.__TILE__L3-8,target,query,query,finetune_dataset,data_647.pt,210348.0,harp_hmoe_support_paired,4,50,hmoe_support_paired_seed4,2.7855392,2.5185227,0.2670165,0.65,0.68757564,0.03757564000000002,0.33,0.40809655,0.07809654999999999,0.68,0.92800224,0.24800223999999993,0.36,0.28714317,0.07285682999999998
92991a91512690d7,trmm-opt,trmm-opt,lv2:__PARA__L0-2.__PARA__L1-2.__PARA__L2-1.__PIPE__L0-off.__PIPE__L1-flatten.__TILE__L0-1.__TILE__L1-1,target,query,query,finetune_dataset,data_1119.pt,6878.0,harp_hmoe_support_paired,4,50,hmoe_support_paired_seed4,5.2528615,5.5118647,0.25900320000000043,0.35,0.3163349,0.0336651,2.51,1.7896807,0.7203192999999999,0.38,0.47526345,0.09526344999999997,0.01,0.031464517,0.021464516999999995
c7e892bf04674ff8,trmm-opt,trmm-opt,lv2:__PARA__L0-1.__PARA__L1-1.__PARA__L2-15.__PIPE__L0-off.__PIPE__L1-off.__TILE__L0-1.__TILE__L1-1,target,query,query,finetune_dataset,data_1045.pt,337647.0,harp_hmoe_support_paired,4,50,hmoe_support_paired_seed4,2.4441702,2.1769085,0.2672616999999997,0.03,0.010672502,0.019327498,0.01,0.0075001754,0.0024998246000000005,0.0,-0.0018890218,0.0018890218,0.04,0.03156492,0.008435079999999998
e58b26e6ce22b5cf,trmm-opt,trmm-opt,lv2:__PARA__L0-1.__PARA__L1-1.__PARA__L2-4.__PIPE__L0-off.__PIPE__L1-off.__TILE__L0-60.__TILE__L1-1,target,query,query,finetune_dataset,data_1064.pt,553647.0,harp_hmoe_support_paired,4,50,hmoe_support_paired_seed4,2.0874448,2.4763489,0.3889041,0.0,0.03269761,0.03269761,0.0,0.011724476,0.011724476,0.0,-0.0015152228,0.0015152228,0.02,0.023771882,0.0037718820000000007
dd30a5fa0985ba22,trmm-opt,trmm-opt,lv2:__PARA__L0-2.__PARA__L1-10.__PARA__L2-1.__PIPE__L0-off.__PIPE__L1-flatten.__TILE__L0-1.__TILE__L1-1,target,query,query,finetune_dataset,data_1117.pt,5917.0,harp_hmoe_support_paired,4,50,hmoe_support_paired_seed4,5.361423,5.372751,0.011327999999999783,1.08,1.0798519,0.00014810000000009538,3.63,2.4108245,1.2191755,1.9,1.6774548,0.2225451999999999,0.0,0.008361161,0.008361161
768ea1e341a9dfd2,trmm-opt,trmm-opt,lv2:__PARA__L0-1.__PARA__L1-4.__PARA__L2-1.__PIPE__L0-off.__PIPE__L1-flatten.__TILE__L0-60.__TILE__L1-1,target,query,query,finetune_dataset,data_1103.pt,26069.0,harp_hmoe_support_paired,4,50,hmoe_support_paired_seed4,4.2917247,4.027856,0.26386869999999973,0.3,0.2770682,0.022931800000000002,0.15,0.17094627,0.020946270000000017,0.38,0.3654469,0.014553099999999985,0.01,0.010464311,0.00046431100000000024
b504309409dda6ca,trmm-opt,trmm-opt,lv2:__PARA__L0-1.__PARA__L1-5.__PARA__L2-60.__PIPE__L0-off.__PIPE__L1-off.__TILE__L0-1.__TILE__L1-1,target,query,query,finetune_dataset,data_1110.pt,33032.0,harp_hmoe_support_paired,4,50,hmoe_support_paired_seed4,4.1209598,4.366337,0.24537720000000007,0.3,0.31472498,0.014724979999999999,0.17,0.18901822,0.019018219999999975,0.48,0.41268227,0.06731772999999996,0.01,0.020263374,0.010263374
56fb027c5c12b299,trmm-opt,trmm-opt,lv2:__PARA__L0-1.__PARA__L1-1.__PARA__L2-3.__PIPE__L0-off.__PIPE__L1-off.__TILE__L0-1.__TILE__L1-80,target,query,query,finetune_dataset,data_1055.pt,644847.0,harp_hmoe_support_paired,4,50,hmoe_support_paired_seed4,1.9774497,2.2925248,0.31507509999999983,0.0,0.015506916,0.015506916,0.0,0.030249778,0.030249778,0.0,0.004684657,0.004684657,0.02,0.008096755,0.011903245
96d5a336f660ed0e,trmm-opt,trmm-opt,lv2:__PARA__L0-1.__PARA__L1-1.__PARA__L2-3.__PIPE__L0-off.__PIPE__L1-off.__TILE__L0-1.__TILE__L1-1,target,query,query,finetune_dataset,data_1054.pt,644847.0,harp_hmoe_support_paired,4,50,hmoe_support_paired_seed4,1.9774497,2.0777962,0.1003464999999999,0.0,0.044714265,0.044714265,0.0,0.02668399,0.02668399,0.0,-0.0021994032,0.0021994032,0.02,0.01758939,0.0024106100000000005
fea06b686af69e52,trmm-opt,trmm-opt,lv2:__PARA__L0-1.__PARA__L1-2.__PARA__L2-1.__PIPE__L0-off.__PIPE__L1-flatten.__TILE__L0-60.__TILE__L1-1,target,query,query,finetune_dataset,data_1090.pt,29669.0,harp_hmoe_support_paired,4,50,hmoe_support_paired_seed4,4.198414,4.11368,0.08473400000000009,0.21,0.20627302,0.003726979999999991,0.09,0.09162769,0.001627690000000001,0.19,0.18999586,4.140000000013577e-06,0.01,-0.009937676,0.019937676
b2b5817237c5da37,trmm-opt,trmm-opt,lv2:__PARA__L0-1.__PARA__L1-1.__PARA__L2-16.__PIPE__L0-off.__PIPE__L1-off.__TILE__L0-1.__TILE__L1-80,target,query,query,finetune_dataset,data_1049.pt,654701.0,harp_hmoe_support_paired,4,50,hmoe_support_paired_seed4,1.96651,3.035759,1.0692490000000001,0.03,0.032360844,0.002360844000000001,0.01,-0.004568714,0.014568714,0.01,0.028556019,0.018556019,0.04,0.037584066,0.0024159340000000015
9c2cf59629e7f453,trmm-opt,trmm-opt,lv2:__PARA__L0-1.__PARA__L1-4.__PARA__L2-60.__PIPE__L0-off.__PIPE__L1-NA.__TILE__L0-1.__TILE__L1-1,target,query,query,finetune_dataset,data_1104.pt,26069.0,harp_hmoe_support_paired,4,50,hmoe_support_paired_seed4,4.2917247,4.1613064,0.13041829999999965,0.3,0.27492917,0.02507082999999999,0.15,0.15057476,0.0005747600000000075,0.38,0.42324772,0.04324771999999999,0.01,0.008767545,0.0012324550000000004
f8679f7ce3046dcc,trmm-opt,trmm-opt,lv2:__PARA__L0-1.__PARA__L1-20.__PARA__L2-1.__PIPE__L0-off.__PIPE__L1-flatten.__TILE__L0-1.__TILE__L1-1,target,query,query,finetune_dataset,data_1095.pt,25107.0,harp_hmoe_support_paired,4,50,hmoe_support_paired_seed4,4.318847,4.414688,0.09584100000000007,1.16,1.2172191,0.05721910000000019,0.68,0.7066473,0.02664729999999993,1.92,1.8824286,0.03757140000000003,0.0,0.008891165,0.008891165
56b873dc6e449cf7,trmm-opt,trmm-opt,lv2:__PARA__L0-1.__PARA__L1-1.__PARA__L2-16.__PIPE__L0-off.__PIPE__L1-off.__TILE__L0-60.__TILE__L1-1,target,query,query,finetune_dataset,data_1050.pt,654701.0,harp_hmoe_support_paired,4,50,hmoe_support_paired_seed4,1.96651,2.157638,0.19112799999999996,0.03,0.04826253,0.01826253,0.01,0.0024440922,0.0075559078,0.01,-0.011312592,0.021312591999999998,0.04,0.022069037,0.017930963
9f7b7b5cedfda7ff,trmm-opt,trmm-opt,lv2:__PARA__L0-1.__PARA__L1-1.__PARA__L2-32.__PIPE__L0-off.__PIPE__L1-off.__TILE__L0-60.__TILE__L1-1,target,query,query,finetune_dataset,data_1061.pt,1029341.0,harp_hmoe_support_paired,4,50,hmoe_support_paired_seed4,1.6401036,1.8796322,0.2395286000000001,0.11,0.1267795,0.01677949999999999,0.03,0.006253306,0.023746694,0.02,0.0063759983,0.0136240017,0.01,0.0052872,0.0047128000000000005
f9f2f71ec25fe3fb,trmm-opt,trmm-opt,lv2:__PARA__L0-6.__PARA__L1-8.__PARA__L2-1.__PIPE__L0-off.__PIPE__L1-flatten.__TILE__L0-1.__TILE__L1-1,target,query,query,finetune_dataset,data_1136.pt,4592.0,harp_hmoe_support_paired,4,50,hmoe_support_paired_seed4,5.544295,5.4540462,0.09024880000000035,2.27,2.0854137,0.18458629999999987,11.03,10.304045,0.725954999999999,4.41,4.002495,0.40750500000000045,0.0,0.0074124336,0.0074124336
797d243708fe4540,trmm-opt,trmm-opt,lv2:__PARA__L0-2.__PARA__L1-16.__PARA__L2-1.__PIPE__L0-off.__PIPE__L1-flatten.__TILE__L0-1.__TILE__L1-1,target,query,query,finetune_dataset,data_1118.pt,3428.0,harp_hmoe_support_paired,4,50,hmoe_support_paired_seed4,5.7551727,5.6178083,0.13736440000000005,1.72,1.7720206,0.05202060000000008,5.81,5.879189,0.06918900000000061,3.04,2.8648565,0.1751434999999999,0.01,0.0024561286,0.007543871400000001
012450940dcf011f,trmm-opt,trmm-opt,lv2:__PARA__L0-10.__PARA__L1-8.__PARA__L2-1.__PIPE__L0-off.__PIPE__L1-flatten.__TILE__L0-1.__TILE__L1-1,target,query,query,finetune_dataset,data_1115.pt,5403.0,harp_hmoe_support_paired,4,50,hmoe_support_paired_seed4,5.4269757,5.6473,0.22032430000000058,3.55,3.4532156,0.09678439999999977,16.13,15.684869,0.44513099999999817,7.1,6.880462,0.219538,0.0,0.009355009,0.009355009
6de8d03a4e24deea,trmm-opt,trmm-opt,lv2:__PARA__L0-4.__PARA__L1-10.__PARA__L2-1.__PIPE__L0-off.__PIPE__L1-flatten.__TILE__L0-1.__TILE__L1-1,target,query,query,finetune_dataset,data_1129.pt,6450.0,harp_hmoe_support_paired,4,50,hmoe_support_paired_seed4,5.2992067,5.4501734,0.15096669999999968,1.96,1.6793574,0.28064259999999996,9.28,8.44186,0.8381399999999992,3.74,3.306489,0.4335110000000002,0.0,0.013193309,0.013193309
2daee5e30c354acd,trmm-opt,trmm-opt,lv2:__PARA__L0-1.__PARA__L1-1.__PARA__L2-12.__PIPE__L0-off.__PIPE__L1-off.__TILE__L0-1.__TILE__L1-1,target,query,query,finetune_dataset,data_1042.pt,337647.0,harp_hmoe_support_paired,4,50,hmoe_support_paired_seed4,2.4441702,2.336873,0.10729719999999965,0.01,0.00031834096,0.00968165904,0.0,0.006124977,0.006124977,0.0,0.0075617135,0.0075617135,0.06,0.045733005,0.014266994999999998
491e9d6fa5be4ef8,trmm-opt,trmm-opt,lv2:__PARA__L0-4.__PARA__L1-5.__PARA__L2-1.__PIPE__L0-off.__PIPE__L1-flatten.__TILE__L0-1.__TILE__L1-1,target,query,query,finetune_dataset,data_1133.pt,11375.0,harp_hmoe_support_paired,4,50,hmoe_support_paired_seed4,4.889959,5.720498,0.8305389999999999,1.0,1.0019727,0.0019727000000000494,4.65,6.5572066,1.9072065999999994,1.87,2.1618083,0.2918083,0.01,0.008042872,0.0019571280000000007
0ad3de1578edcf04,trmm-opt,trmm-opt,lv2:__PARA__L0-1.__PARA__L1-10.__PARA__L2-1.__PIPE__L0-off.__PIPE__L1-flatten.__TILE__L0-60.__TILE__L1-1,target,query,query,finetune_dataset,data_1080.pt,27747.0,harp_hmoe_support_paired,4,50,hmoe_support_paired_seed4,4.246726,4.6254005,0.3786744999999998,0.59,0.619247,0.029247000000000023,0.34,0.30591393,0.034086070000000024,0.96,0.9005445,0.059455499999999994,0.0,0.0143072605,0.0143072605
d3f2f466ee008af5,trmm-opt,trmm-opt,lv2:__PARA__L0-1.__PARA__L1-2.__PARA__L2-60.__PIPE__L0-off.__PIPE__L1-NA.__TILE__L0-1.__TILE__L1-1,target,query,query,finetune_dataset,data_1091.pt,29669.0,harp_hmoe_support_paired,4,50,hmoe_support_paired_seed4,4.198414,4.269969,0.07155500000000004,0.21,0.20651263,0.0034873699999999896,0.09,0.11139327,0.021393270000000006,0.19,0.1872091,0.002790900000000013,0.01,0.0027580261,0.0072419739
6c63a264071adcb0,trmm-opt,trmm-opt,lv2:__PARA__L0-1.__PARA__L1-10.__PARA__L2-1.__PIPE__L0-off.__PIPE__L1-flatten.__TILE__L0-1.__TILE__L1-1,target,query,query,finetune_dataset,data_1078.pt,27747.0,harp_hmoe_support_paired,4,50,hmoe_support_paired_seed4,4.246726,4.641097,0.39437100000000047,0.59,0.6589599,0.06895990000000007,0.34,0.3099104,0.03008960000000005,0.96,0.90138185,0.058618149999999924,0.0,0.011722803,0.011722803
bcd63bbfbc19eef7,trmm-opt,trmm-opt,lv2:__PARA__L0-1.__PARA__L1-1.__PARA__L2-32.__PIPE__L0-off.__PIPE__L1-off.__TILE__L0-1.__TILE__L1-80,target,query,query,finetune_dataset,data_1060.pt,1029341.0,harp_hmoe_support_paired,4,50,hmoe_support_paired_seed4,1.6401036,2.250484,0.6103804000000002,0.11,0.07767408,0.032325919999999994,0.03,0.007000748,0.022999251999999998,0.02,0.0165914,0.003408600000000001,0.01,0.0136116445,0.0036116445000000004
6bc3aa7c10c618da,trmm-opt,trmm-opt,lv2:__PARA__L0-1.__PARA__L1-10.__PARA__L2-60.__PIPE__L0-off.__PIPE__L1-off.__TILE__L0-1.__TILE__L1-1,target,query,query,finetune_dataset,data_1083.pt,27747.0,harp_hmoe_support_paired,4,50,hmoe_support_paired_seed4,4.246726,4.4536047,0.20687869999999986,0.59,0.5877883,0.0022116999999999276,0.34,0.4207608,0.08076079999999997,0.96,0.9933486,0.03334860000000006,0.0,0.012488306,0.012488306
266d2385aa651e25,trmm-opt,trmm-opt,lv2:__PARA__L0-1.__PARA__L1-1.__PARA__L2-15.__PIPE__L0-off.__PIPE__L1-off.__TILE__L0-1.__TILE__L1-80,target,query,query,finetune_dataset,data_1046.pt,337647.0,harp_hmoe_support_paired,4,50,hmoe_support_paired_seed4,2.4441702,3.0083897,0.5642195000000001,0.03,0.034643404,0.004643404000000004,0.01,-0.005306713,0.015306713,0.0,0.02894929,0.02894929,0.04,0.04056847,0.0005684700000000015
e8ee9d2efff88896,trmm-opt,trmm-opt,lv2:__PARA__L0-1.__PARA__L1-1.__PARA__L2-5.__PIPE__L0-off.__PIPE__L1-off.__TILE__L0-1.__TILE__L1-80,target,query,query,finetune_dataset,data_1066.pt,486447.0,harp_hmoe_support_paired,4,50,hmoe_support_paired_seed4,2.1807868,2.266709,0.08592220000000017,0.01,0.0082940385,0.0017059615000000004,0.0,0.0015792884,0.0015792884,0.0,0.00027230382,0.00027230382,0.03,0.025120616,0.0048793840000000005
0a794b6a50ac753a,trmm-opt,trmm-opt,lv2:__PARA__L0-2.__PARA__L1-5.__PARA__L2-1.__PIPE__L0-off.__PIPE__L1-flatten.__TILE__L0-1.__TILE__L1-1,target,query,query,finetune_dataset,data_1122.pt,10962.0,harp_hmoe_support_paired,4,50,hmoe_support_paired_seed4,4.9166365,5.3232365,0.4066000000000001,0.57,0.59178156,0.02178156000000009,1.82,1.6917846,0.12821539999999998,0.95,1.1019244,0.15192439999999996,0.01,0.018880248,0.008880247999999999
084c86c4ad3639ac,trmm-opt,trmm-opt,lv2:__PARA__L0-4.__PARA__L1-8.__PARA__L2-1.__PIPE__L0-off.__PIPE__L1-flatten.__TILE__L0-1.__TILE__L1-1,target,query,query,finetune_dataset,data_1134.pt,3180.0,harp_hmoe_support_paired,4,50,hmoe_support_paired_seed4,5.809343,5.4533653,0.3559777000000004,1.57,1.4908158,0.07918420000000004,7.43,7.4079595,0.02204050000000013,2.99,2.9096775,0.0803225000000003,0.01,0.0066966414,0.0033033586000000004
0d84e7faa73503ba,trmm-opt,trmm-opt,lv2:__PARA__L0-1.__PARA__L1-1.__PARA__L2-60.__PIPE__L0-off.__PIPE__L1-off.__TILE__L0-60.__TILE__L1-1,target,query,query,finetune_dataset,data_1074.pt,246747.0,harp_hmoe_support_paired,4,50,hmoe_support_paired_seed4,2.6704118,3.6115649,0.9411530999999997,0.11,0.08710783,0.022892170000000003,0.03,0.011743013,0.018256987,0.01,0.019775242,0.009775241999999998,0.01,0.066458374,0.056458374
5a13180d9acfa19b,trmm-opt,trmm-opt,lv2:__PARA__L0-2.__PARA__L1-4.__PARA__L2-1.__PIPE__L0-off.__PIPE__L1-flatten.__TILE__L0-1.__TILE__L1-1,target,query,query,finetune_dataset,data_1121.pt,4480.0,harp_hmoe_support_paired,4,50,hmoe_support_paired_seed4,5.5621066,5.501581,0.06052560000000007,0.53,0.496827,0.03317300000000001,2.65,1.7537651,0.8962348999999998,0.76,0.9639586,0.2039586,0.01,0.02163294,0.01163294
f278c9e062916ff7,trmm-opt,trmm-opt,lv2:__PARA__L0-1.__PARA__L1-2.__PARA__L2-60.__PIPE__L0-off.__PIPE__L1-off.__TILE__L0-60.__TILE__L1-1,target,query,query,finetune_dataset,data_1094.pt,29669.0,harp_hmoe_support_paired,4,50,hmoe_support_paired_seed4,4.198414,4.20045,0.002036000000000371,0.21,0.20597929,0.004020709999999983,0.09,0.10189614,0.01189614,0.19,0.20302084,0.013020840000000006,0.01,-0.0040190895,0.0140190895
1a7e0a8e6ee306d4,trmm-opt,trmm-opt,lv2:__PARA__L0-1.__PARA__L1-5.__PARA__L2-1.__PIPE__L0-off.__PIPE__L1-flatten.__TILE__L0-1.__TILE__L1-1,target,query,query,finetune_dataset,data_1107.pt,33032.0,harp_hmoe_support_paired,4,50,hmoe_support_paired_seed4,4.1209598,4.2690673,0.14810750000000006,0.3,0.31256777,0.012567770000000034,0.17,0.179639,0.009638999999999981,0.48,0.4808217,0.0008217000000000363,0.01,0.011294186,0.0012941859999999993
7d8b6b4e1afa7428,trmm-opt,trmm-opt,lv2:__PARA__L0-1.__PARA__L1-16.__PARA__L2-60.__PIPE__L0-off.__PIPE__L1-NA.__TILE__L0-1.__TILE__L1-1,target,query,query,finetune_dataset,data_1087.pt,24267.0,harp_hmoe_support_paired,4,50,hmoe_support_paired_seed4,4.3433943,4.394866,0.05147170000000045,0.94,0.9862184,0.046218400000000104,0.55,0.5554605,0.005460499999999979,1.53,1.6612333,0.1312332999999999,0.01,0.01677385,0.00677385
1747dfcaa081a2a5,trmm-opt,trmm-opt,lv2:__PARA__L0-1.__PARA__L1-1.__PARA__L2-4.__PIPE__L0-off.__PIPE__L1-off.__TILE__L0-1.__TILE__L1-1,target,query,query,finetune_dataset,data_1062.pt,553647.0,harp_hmoe_support_paired,4,50,hmoe_support_paired_seed4,2.0874448,2.1647682,0.07732340000000004,0.0,0.022465162,0.022465162,0.0,0.013605896,0.013605896,0.0,-0.005129636,0.005129636,0.02,0.023459673,0.003459673
32c04c480aaeaca8,trmm-opt,trmm-opt,lv2:__PARA__L0-1.__PARA__L1-8.__PARA__L2-1.__PIPE__L0-off.__PIPE__L1-flatten.__TILE__L0-60.__TILE__L1-1,target,query,query,finetune_dataset,data_1112.pt,24567.0,harp_hmoe_support_paired,4,50,hmoe_support_paired_seed4,4.3345313,4.2632256,0.07130569999999992,0.47,0.4620157,0.0079843,0.28,0.26872903,0.011270970000000047,0.76,0.77130795,0.011307949999999956,0.01,0.013456941,0.003456941
af60c08335618b2a,trmm-opt,trmm-opt,lv2:__PARA__L0-2.__PARA__L1-8.__PARA__L2-1.__PIPE__L0-off.__PIPE__L1-flatten.__TILE__L0-1.__TILE__L1-1,target,query,query,finetune_dataset,data_1123.pt,3578.0,harp_hmoe_support_paired,4,50,hmoe_support_paired_seed4,5.7242794,5.24105,0.4832293999999999,0.88,0.86942375,0.010576249999999954,2.91,1.9080361,1.0019639000000002,1.52,1.4509126,0.06908739999999991,0.01,0.011856735,0.001856735
0e6736a5102ad242,trmm-opt,trmm-opt,lv2:__PARA__L0-4.__PARA__L1-2.__PARA__L2-1.__PIPE__L0-off.__PIPE__L1-flatten.__TILE__L0-1.__TILE__L1-1,target,query,query,finetune_dataset,data_1131.pt,6932.0,harp_hmoe_support_paired,4,50,hmoe_support_paired_seed4,5.2472205,5.265149,0.017928500000000014,0.52,0.60053796,0.08053796000000002,6.72,6.240443,0.4795569999999998,0.74,0.63271964,0.10728035999999996,0.01,0.014120907,0.004120907
98a61e0d484cdec1,trmm-opt,trmm-opt,lv2:__PARA__L0-1.__PARA__L1-1.__PARA__L2-10.__PIPE__L0-off.__PIPE__L1-off.__TILE__L0-1.__TILE__L1-80,target,query,query,finetune_dataset,data_1040.pt,366447.0,harp_hmoe_support_paired,4,50,hmoe_support_paired_seed4,2.3851259,2.337369,0.04775689999999999,0.01,-0.011727471,0.021727470999999998,0.0,-0.014931434,0.014931434,0.0,-0.0076247645,0.0076247645,0.05,0.04226762,0.007732380000000004
935f051a2bb8fa64,trmm-opt,trmm-opt,lv2:__PARA__L0-1.__PARA__L1-1.__PARA__L2-6.__PIPE__L0-off.__PIPE__L1-off.__TILE__L0-1.__TILE__L1-1,target,query,query,finetune_dataset,data_1067.pt,428847.0,harp_hmoe_support_paired,4,50,hmoe_support_paired_seed4,2.2716966,2.1629212,0.10877539999999986,0.01,-0.0024041273,0.0124041273,0.0,-0.0019499065,0.0019499065,0.0,-0.00569898,0.00569898,0.03,0.034705162,0.004705161999999999
44c346e1646bb5f3,trmm-opt,trmm-opt,lv2:__PARA__L0-1.__PARA__L1-8.__PARA__L2-60.__PIPE__L0-off.__PIPE__L1-NA.__TILE__L0-1.__TILE__L1-1,target,query,query,finetune_dataset,data_1113.pt,24567.0,harp_hmoe_support_paired,4,50,hmoe_support_paired_seed4,4.3345313,4.100381,0.23415030000000048,0.47,0.4900002,0.020000200000000024,0.28,0.27561238,0.0043876200000000365,0.76,0.6810427,0.07895730000000001,0.01,-0.0026131046,0.012613104600000001
e8704854c86a857c,trmm-opt,trmm-opt,lv2:__PARA__L0-1.__PARA__L1-4.__PARA__L2-60.__PIPE__L0-off.__PIPE__L1-off.__TILE__L0-1.__TILE__L1-1,target,query,query,finetune_dataset,data_1105.pt,26069.0,harp_hmoe_support_paired,4,50,hmoe_support_paired_seed4,4.2917247,4.3138237,0.022099000000000757,0.3,0.28563577,0.014364229999999978,0.15,0.17919475,0.02919475000000002,0.38,0.4422851,0.06228509999999998,0.01,0.014749587,0.0047495869999999996
8566ffa0d50d6e7f,trmm-opt,trmm-opt,lv2:__PARA__L0-3.__PARA__L1-4.__PARA__L2-1.__PIPE__L0-off.__PIPE__L1-flatten.__TILE__L0-1.__TILE__L1-1,target,query,query,finetune_dataset,data_1127.pt,6430.0,harp_hmoe_support_paired,4,50,hmoe_support_paired_seed4,5.301447,5.4861574,0.18471040000000016,0.7,0.5787446,0.1212553999999999,4.95,4.3065004,0.6434996000000002,1.13,1.5570791,0.42707910000000004,0.01,0.011318088,0.0013180880000000002
a77626f013493590,trmm-opt,trmm-opt,lv2:__PARA__L0-1.__PARA__L1-1.__PARA__L2-30.__PIPE__L0-off.__PIPE__L1-off.__TILE__L0-1.__TILE__L1-1,target,query,query,finetune_dataset,data_1056.pt,284847.0,harp_hmoe_support_paired,4,50,hmoe_support_paired_seed4,2.5668344,2.5253003,0.041534099999999796,0.1,0.07527559,0.024724410000000002,0.04,0.008753125,0.031246875,0.01,0.009647459,0.0003525409999999996,0.01,0.018252462,0.008252462
6e0a0a1e679ea7de,trmm-opt,trmm-opt,lv2:__PARA__L0-1.__PARA__L1-1.__PARA__L2-60.__PIPE__L0-off.__PIPE__L1-NA.__TILE__L0-1.__TILE__L1-1,target,query,query,finetune_dataset,data_1069.pt,9387.0,harp_hmoe_support_paired,4,50,hmoe_support_paired_seed4,5.028524,5.07164,0.043116000000000376,0.16,0.13916773,0.020832270000000014,0.06,0.092236504,0.032236504,0.09,0.06894395,0.021056049999999993,0.01,0.029066205,0.019066205000000003
9ce65a5cfd0f914c,trmm-opt,trmm-opt,lv2:__PARA__L0-1.__PARA__L1-1.__PARA__L2-10.__PIPE__L0-off.__PIPE__L1-off.__TILE__L0-60.__TILE__L1-1,target,query,query,finetune_dataset,data_1041.pt,366447.0,harp_hmoe_support_paired,4,50,hmoe_support_paired_seed4,2.3851259,2.5038366,0.11871070000000028,0.01,0.019152217,0.009152216999999999,0.0,-0.0010797471,0.0010797471,0.0,0.007551044,0.007551044,0.05,0.047453523,0.0025464770000000053
4e627ce0f3961f96,trmm-opt,trmm-opt,lv2:__PARA__L0-3.__PARA__L1-10.__PARA__L2-1.__PIPE__L0-off.__PIPE__L1-flatten.__TILE__L0-1.__TILE__L1-1,target,query,query,finetune_dataset,data_1124.pt,7387.0,harp_hmoe_support_paired,4,50,hmoe_support_paired_seed4,5.201362,5.3981915,0.19682950000000066,1.52,1.3705375,0.14946250000000005,6.57,5.8065104,0.7634896000000007,2.83,2.4091735,0.4208265,0.0,0.012961328,0.012961328
cae26cbd4853f688,trmm-opt,trmm-opt,lv2:__PARA__L0-1.__PARA__L1-1.__PARA__L2-8.__PIPE__L0-off.__PIPE__L1-off.__TILE__L0-1.__TILE__L1-1,target,query,query,finetune_dataset,data_1075.pt,539321.0,harp_hmoe_support_paired,4,50,hmoe_support_paired_seed4,2.106356,2.2311523,0.1247963000000003,0.01,-0.0079498375,0.0179498375,0.0,-0.00774953,0.00774953,0.0,-0.0028865023,0.0028865023,0.04,0.04260072,0.002600720000000001
d1a0df99d715871c,trmm-opt,trmm-opt,lv2:__PARA__L0-1.__PARA__L1-1.__PARA__L2-4.__PIPE__L0-off.__PIPE__L1-off.__TILE__L0-1.__TILE__L1-80,target,query,query,finetune_dataset,data_1063.pt,553647.0,harp_hmoe_support_paired,4,50,hmoe_support_paired_seed4,2.0874448,2.3226047,0.23515989999999976,0.0,0.010567836,0.010567836,0.0,0.012153629,0.012153629,0.0,0.0045399964,0.0045399964,0.02,0.017621934,0.0023780660000000016
08d05a519d53e0dc,trmm-opt,trmm-opt,lv2:__PARA__L0-1.__PARA__L1-1.__PARA__L2-8.__PIPE__L0-off.__PIPE__L1-off.__TILE__L0-1.__TILE__L1-80,target,query,query,finetune_dataset,data_1076.pt,496301.0,harp_hmoe_support_paired,4,50,hmoe_support_paired_seed4,2.1663203,2.32027,0.15394969999999963,0.01,-0.0041330713,0.014133071300000001,0.0,-0.013891165,0.013891165,0.0,-0.008077514,0.008077514,0.04,0.03714025,0.002859750000000001
a34e73c0529a9001,trmm-opt,trmm-opt,lv2:__PARA__L0-1.__PARA__L1-1.__PARA__L2-1.__PIPE__L0-off.__PIPE__L1-flatten.__TILE__L0-1.__TILE__L1-1,target,query,query,finetune_dataset,data_1034.pt,28767.0,harp_hmoe_support_paired,4,50,hmoe_support_paired_seed4,4.2206845,4.2514653,0.03078079999999961,0.16,0.17185313,0.01185312999999999,0.06,0.020235393,0.039764606999999993,0.09,0.097159475,0.0071594749999999985,0.01,0.019637331,0.009637331
861efb7dcdb6536c,trmm-opt,trmm-opt,lv2:__PARA__L0-1.__PARA__L1-16.__PARA__L2-1.__PIPE__L0-off.__PIPE__L1-flatten.__TILE__L0-60.__TILE__L1-1,target,query,query,finetune_dataset,data_1086.pt,24267.0,harp_hmoe_support_paired,4,50,hmoe_support_paired_seed4,4.3433943,4.373478,0.03008370000000049,0.94,0.8561666,0.08383339999999995,0.55,0.52073735,0.029262650000000057,1.53,1.5235841,0.006415899999999919,0.01,0.0012134314,0.008786568600000001
1bb5841ebfe22d73,trmm-opt,trmm-opt,lv2:__PARA__L0-1.__PARA__L1-1.__PARA__L2-8.__PIPE__L0-off.__PIPE__L1-off.__TILE__L0-60.__TILE__L1-1,target,query,query,finetune_dataset,data_1077.pt,496301.0,harp_hmoe_support_paired,4,50,hmoe_support_paired_seed4,2.1663203,2.4328744,0.2665541,0.01,0.0043695495,0.0056304505,0.0,-0.0051303734,0.0051303734,0.0,0.0006183088,0.0006183088,0.04,0.040433526,0.0004335259999999966
6e8e3db885d78bd2,fdtd-2d-large,fdtd-2d-large,lv2:__PARA__L0-1.__PARA__L1-1.__PARA__L2-1.__PARA__L3-1.__PARA__L4-1.__PARA__L5-1.__PARA__L6-8.__PARA__L7-1.__PIPE__L0-off.__PIPE__L2-off.__PIPE__L3-off.__PIPE__L4-off.__TILE__L0-1.__TILE__L2-1.__TILE__L3-1.__TILE__L4-1,target,query,query,finetune_dataset,data_17.pt,11180549.0,harp_hmoe_support_paired,4,50,hmoe_support_paired_seed4,-0.080495514,-0.16984308,0.089347566,0.03,-0.012937476,0.042937476,0.01,-0.013247969,0.023247969,0.02,-0.013710738,0.033710738000000004,0.2,0.12248728,0.07751272000000001
34c89322b1f144a2,fdtd-2d-large,fdtd-2d-large,lv2:__PARA__L0-1.__PARA__L1-32.__PARA__L2-1.__PARA__L3-1.__PARA__L4-199.__PARA__L5-8.__PARA__L6-1.__PARA__L7-32.__PIPE__L0-off.__PIPE__L2-off.__PIPE__L3-flatten.__PIPE__L4-off.__TILE__L0-1.__TILE__L2-1.__TILE__L3-1.__TILE__L4-1,target,query,query,finetune_dataset,data_66.pt,91029992.0,harp_hmoe_support_paired,4,50,hmoe_support_paired_seed4,-1.593171,-0.9993982,0.5937727999999999,0.51,0.4648918,0.04510819999999999,0.32,0.2723113,0.04768870000000003,0.49,0.45889404,0.031105959999999988,0.53,0.5240004,0.005999599999999994
f24e208669d5e7a1,fdtd-2d-large,fdtd-2d-large,lv2:__PARA__L0-1.__PARA__L1-32.__PARA__L2-1.__PARA__L3-1.__PARA__L4-1.__PARA__L5-1.__PARA__L6-1.__PARA__L7-4.__PIPE__L0-off.__PIPE__L2-flatten.__PIPE__L3-flatten.__PIPE__L4-off.__TILE__L0-1.__TILE__L2-1.__TILE__L3-1.__TILE__L4-199,target,query,query,finetune_dataset,data_64.pt,3566533.0,harp_hmoe_support_paired,4,50,hmoe_support_paired_seed4,0.7437029,0.64932597,0.09437692999999991,0.66,0.5820123,0.0779877,0.39,0.3526139,0.03738610000000003,0.49,0.5562134,0.06621339999999998,0.58,0.6010014,0.02100140000000006
10e42364ec89ca1c,fdtd-2d-large,fdtd-2d-large,lv2:__PARA__L0-1.__PARA__L1-2.__PARA__L2-1.__PARA__L3-1.__PARA__L4-199.__PARA__L5-8.__PARA__L6-32.__PARA__L7-32.__PIPE__L0-off.__PIPE__L2-off.__PIPE__L3-off.__PIPE__L4-off.__TILE__L0-1.__TILE__L2-1.__TILE__L3-1.__TILE__L4-1,target,query,query,finetune_dataset,data_60.pt,96495104.0,harp_hmoe_support_paired,4,50,hmoe_support_paired_seed4,-1.6352279,-0.999154,0.6360739000000001,0.11,0.079642944,0.030357056000000007,0.05,0.059885,0.009884999999999998,0.05,0.011901021,0.038098979000000005,0.32,0.30843592,0.011564080000000032
9b93827e25abbb2d,fdtd-2d-large,fdtd-2d-large,lv2:__PARA__L0-1.__PARA__L1-8.__PARA__L2-1.__PARA__L3-1.__PARA__L4-1.__PARA__L5-1.__PARA__L6-1.__PARA__L7-4.__PIPE__L0-off.__PIPE__L2-flatten.__PIPE__L3-flatten.__PIPE__L4-off.__TILE__L0-1.__TILE__L2-1.__TILE__L3-1.__TILE__L4-1,target,query,query,finetune_dataset,data_74.pt,3568546.0,harp_hmoe_support_paired,4,50,hmoe_support_paired_seed4,0.74329585,0.7283278,0.01496805000000001,0.66,0.61215454,0.047845460000000006,0.39,0.377123,0.012877000000000027,0.49,0.47883484,0.011165160000000007,0.58,0.5619849,0.01801509999999995
b1afb664d479fe57,fdtd-2d-large,fdtd-2d-large,lv2:__PARA__L0-1.__PARA__L1-16.__PARA__L2-1.__PARA__L3-1.__PARA__L4-199.__PARA__L5-8.__PARA__L6-32.__PARA__L7-32.__PIPE__L0-off.__PIPE__L2-off.__PIPE__L3-off.__PIPE__L4-off.__TILE__L0-100.__TILE__L2-1.__TILE__L3-1.__TILE__L4-1,target,query,query,finetune_dataset,data_51.pt,96495104.0,harp_hmoe_support_paired,4,50,hmoe_support_paired_seed4,-1.6352279,-0.9991574,0.6360705000000001,0.11,0.05553036,0.05446964,0.05,0.035365734,0.014634266,0.05,0.029963836,0.020036164000000002,0.32,0.28993553,0.03006447000000001
af4e468b828ee9a8,fdtd-2d-large,fdtd-2d-large,lv2:__PARA__L0-1.__PARA__L1-16.__PARA__L2-1.__PARA__L3-1.__PARA__L4-199.__PARA__L5-8.__PARA__L6-32.__PARA__L7-32.__PIPE__L0-off.__PIPE__L2-off.__PIPE__L3-off.__PIPE__L4-off.__TILE__L0-1.__TILE__L2-1.__TILE__L3-1.__TILE__L4-1,target,query,query,finetune_dataset,data_50.pt,96495104.0,harp_hmoe_support_paired,4,50,hmoe_support_paired_seed4,-1.6352279,-0.99912775,0.6361001500000001,0.11,0.09123152,0.018768480000000004,0.05,0.06095985,0.01095985,0.05,0.021488518,0.028511482,0.32,0.29192975,0.02807025000000002
0df2afff91484b47,fdtd-2d-large,fdtd-2d-large,lv2:__PARA__L0-1.__PARA__L1-1.__PARA__L2-1.__PARA__L3-1.__PARA__L4-1.__PARA__L5-1.__PARA__L6-1.__PARA__L7-16.__PIPE__L0-off.__PIPE__L2-flatten.__PIPE__L3-flatten.__PIPE__L4-off.__TILE__L0-1.__TILE__L2-1.__TILE__L3-1.__TILE__L4-1,target,query,query,finetune_dataset,data_8.pt,9280846.0,harp_hmoe_support_paired,4,50,hmoe_support_paired_seed4,0.053835887,0.5541894,0.5003535130000001,0.66,0.63509756,0.02490244000000008,0.4,0.36229983,0.03770017000000003,0.49,0.4760273,0.013972700000000005,0.58,0.57941246,0.000587539999999942
9bb098fbfbdf133e,fdtd-2d-large,fdtd-2d-large,lv2:__PARA__L0-1.__PARA__L1-1.__PARA__L2-1.__PARA__L3-1.__PARA__L4-1.__PARA__L5-1.__PARA__L6-2.__PARA__L7-1.__PIPE__L0-off.__PIPE__L2-off.__PIPE__L3-off.__PIPE__L4-off.__TILE__L0-1.__TILE__L2-1.__TILE__L3-1.__TILE__L4-1,target,query,query,finetune_dataset,data_14.pt,14361746.0,harp_hmoe_support_paired,4,50,hmoe_support_paired_seed4,-0.26111558,-0.14048252,0.12063306000000001,0.02,0.031064026,0.011064026000000001,0.01,-0.013387439,0.023387439,0.0,0.046328217,0.046328217,0.2,0.1392643,0.060735700000000004
18b5cb1e7e04b5d5,fdtd-2d-large,fdtd-2d-large,lv2:__PARA__L0-1.__PARA__L1-1.__PARA__L2-1.__PARA__L3-1.__PARA__L4-1.__PARA__L5-8.__PARA__L6-1.__PARA__L7-4.__PIPE__L0-off.__PIPE__L2-off.__PIPE__L3-flatten.__PIPE__L4-off.__TILE__L0-1.__TILE__L2-1.__TILE__L3-1.__TILE__L4-1,target,query,query,finetune_dataset,data_30.pt,3211477.0,harp_hmoe_support_paired,4,50,hmoe_support_paired_seed4,0.8193456,0.6532,0.1661456,0.56,0.46158665,0.09841335000000007,0.31,0.2835829,0.02641709999999997,0.49,0.43052065,0.059479349999999986,0.36,0.37116545,0.011165450000000021
2579e364929f0376,fdtd-2d-large,fdtd-2d-large,lv2:__PARA__L0-1.__PARA__L1-16.__PARA__L2-1.__PARA__L3-1.__PARA__L4-1.__PARA__L5-8.__PARA__L6-32.__PARA__L7-32.__PIPE__L0-off.__PIPE__L2-off.__PIPE__L3-off.__PIPE__L4-off.__TILE__L0-100.__TILE__L2-1.__TILE__L3-1.__TILE__L4-1,target,query,query,finetune_dataset,data_47.pt,10068645.0,harp_hmoe_support_paired,4,50,hmoe_support_paired_seed4,-0.004934772,0.899963,0.904897772,0.15,0.13413304,0.015866959999999986,0.06,0.021744285,0.038255714999999996,0.09,0.083452284,0.006547715999999995,0.14,0.120794475,0.019205525000000015
db36652a9e4edb30,fdtd-2d-large,fdtd-2d-large,lv2:__PARA__L0-1.__PARA__L1-1.__PARA__L2-1.__PARA__L3-1.__PARA__L4-1.__PARA__L5-32.__PARA__L6-32.__PARA__L7-1.__PIPE__L0-off.__PIPE__L2-off.__PIPE__L3-off.__PIPE__L4-off.__TILE__L0-1.__TILE__L2-1.__TILE__L3-1.__TILE__L4-1,target,query,query,finetune_dataset,data_23.pt,7772846.0,harp_hmoe_support_paired,4,50,hmoe_support_paired_seed4,0.18174258,0.17062709,0.011115489999999978,0.07,0.059522443,0.010477557000000005,0.03,0.026291285,0.003708714999999998,0.03,0.026976943,0.003023056999999999,0.08,0.09815396,0.018153959999999997
d26ee52b22ad5721,fdtd-2d-large,fdtd-2d-large,lv2:__PARA__L0-1.__PARA__L1-32.__PARA__L2-1.__PARA__L3-2.__PARA__L4-1.__PARA__L5-1.__PARA__L6-1.__PARA__L7-4.__PIPE__L0-off.__PIPE__L2-flatten.__PIPE__L3-flatten.__PIPE__L4-off.__TILE__L0-1.__TILE__L2-1.__TILE__L3-1.__TILE__L4-1,target,query,query,finetune_dataset,data_68.pt,3476933.0,harp_hmoe_support_paired,4,50,hmoe_support_paired_seed4,0.7620564,0.64452344,0.11753296000000002,1.05,1.005556,0.04444400000000015,0.68,0.7201004,0.040100399999999925,0.97,0.87783563,0.09216437,0.69,0.73513997,0.04513997000000003
bbb1ef8016aae2eb,fdtd-2d-large,fdtd-2d-large,lv2:__PARA__L0-1.__PARA__L1-1.__PARA__L2-1.__PARA__L3-1.__PARA__L4-1.__PARA__L5-1.__PARA__L6-1.__PARA__L7-1.__PIPE__L0-off.__PIPE__L2-flatten.__PIPE__L3-flatten.__PIPE__L4-off.__TILE__L0-1.__TILE__L2-1.__TILE__L3-1.__TILE__L4-1,target,query,query,finetune_dataset,data_1.pt,4847946.0,harp_hmoe_support_paired,4,50,hmoe_support_paired_seed4,0.52227724,0.49523336,0.027043879999999965,0.65,0.64015305,0.009846950000000021,0.38,0.40223098,0.02223098000000001,0.49,0.5271398,0.037139800000000056,0.47,0.54643905,0.07643905000000006
cf7c067d0fbb4854,fdtd-2d-large,fdtd-2d-large,lv2:__PARA__L0-1.__PARA__L1-1.__PARA__L2-1.__PARA__L3-1.__PARA__L4-1.__PARA__L5-8.__PARA__L6-1.__PARA__L7-1.__PIPE__L0-off.__PIPE__L2-off.__PIPE__L3-flatten.__PIPE__L4-off.__TILE__L0-1.__TILE__L2-1.__TILE__L3-1.__TILE__L4-1,target,query,query,finetune_dataset,data_26.pt,5425078.0,harp_hmoe_support_paired,4,50,hmoe_support_paired_seed4,0.4411421,0.45206603,0.010923930000000026,0.56,0.5302167,0.029783300000000068,0.3,0.3199045,0.01990449999999999,0.49,0.4981021,0.008102100000000001,0.42,0.4234903,0.0034903000000000017
d23892fd2b55d3ef,fdtd-2d-large,fdtd-2d-large,lv2:__PARA__L0-1.__PARA__L1-4.__PARA__L2-1.__PARA__L3-1.__PARA__L4-1.__PARA__L5-1.__PARA__L6-1.__PARA__L7-4.__PIPE__L0-off.__PIPE__L2-flatten.__PIPE__L3-flatten.__PIPE__L4-off.__TILE__L0-1.__TILE__L2-1.__TILE__L3-1.__TILE__L4-1,target,query,query,finetune_dataset,data_71.pt,3571546.0,harp_hmoe_support_paired,4,50,hmoe_support_paired_seed4,0.74268967,0.6922838,0.050405869999999964,0.66,0.60802823,0.051971770000000084,0.39,0.36673567,0.02326433,0.49,0.48172447,0.008275529999999975,0.58,0.56560564,0.01439435999999994
24b111d9a9860636,fdtd-2d-large,fdtd-2d-large,lv2:__PARA__L0-1.__PARA__L1-1.__PARA__L2-1.__PARA__L3-1.__PARA__L4-1.__PARA__L5-1.__PARA__L6-1.__PARA__L7-4.__PIPE__L0-off.__PIPE__L2-flatten.__PIPE__L3-flatten.__PIPE__L4-off.__TILE__L0-1.__TILE__L2-1.__TILE__L3-1.__TILE__L4-1,target,query,query,finetune_dataset,data_11.pt,3589546.0,harp_hmoe_support_paired,4,50,hmoe_support_paired_seed4,0.7390634,0.59979886,0.13926454,0.66,0.6315262,0.028473799999999994,0.39,0.38637382,0.0036261800000000344,0.49,0.50346637,0.01346637000000006,0.58,0.5847148,0.004714800000000019
d947fcdddd5d3105,fdtd-2d-large,fdtd-2d-large,lv2:__PARA__L0-1.__PARA__L1-1.__PARA__L2-1.__PARA__L3-1.__PARA__L4-1.__PARA__L5-1.__PARA__L6-16.__PARA__L7-1.__PIPE__L0-off.__PIPE__L2-off.__PIPE__L3-off.__PIPE__L4-off.__TILE__L0-1.__TILE__L2-1.__TILE__L3-1.__TILE__L4-1,target,query,query,finetune_dataset,data_13.pt,11378546.0,harp_hmoe_support_paired,4,50,hmoe_support_paired_seed4,-0.09315811,-0.18203235,0.08887424000000001,0.03,-0.022264019,0.052264018999999995,0.01,-0.012611709,0.022611709,0.01,-0.027437158,0.037437158,0.14,0.11339909,0.02660091000000002
f3c08aa40f851184,fdtd-2d-large,fdtd-2d-large,lv2:__PARA__L0-1.__PARA__L1-1.__PARA__L2-1.__PARA__L3-1.__PARA__L4-1.__PARA__L5-8.__PARA__L6-1.__PARA__L7-32.__PIPE__L0-off.__PIPE__L2-off.__PIPE__L3-flatten.__PIPE__L4-off.__TILE__L0-1.__TILE__L2-1.__TILE__L3-1.__TILE__L4-1,target,query,query,finetune_dataset,data_29.pt,2355778.0,harp_hmoe_support_paired,4,50,hmoe_support_paired_seed4,1.0428623,0.42211702,0.62074528,0.58,0.4609506,0.11904939999999997,0.32,0.35706142,0.03706142000000001,0.49,0.44204816,0.04795183999999997,0.42,0.39213687,0.027863129999999958
0e9358c8b4f372d2,fdtd-2d-large,fdtd-2d-large,lv2:__PARA__L0-1.__PARA__L1-1.__PARA__L2-1.__PARA__L3-1.__PARA__L4-1.__PARA__L5-8.__PARA__L6-32.__PARA__L7-16.__PIPE__L0-off.__PIPE__L2-off.__PIPE__L3-off.__PIPE__L4-off.__TILE__L0-1.__TILE__L2-1.__TILE__L3-1.__TILE__L4-1,target,query,query,finetune_dataset,data_33.pt,3990976.0,harp_hmoe_support_paired,4,50,hmoe_support_paired_seed4,0.66259325,1.2501196,0.5875263500000001,0.1,0.16037816,0.060378159999999986,0.04,0.043886457,0.003886456999999996,0.04,0.19001931,0.15001931,0.08,0.14042175,0.06042175000000001
a8c72ca5d925d23c,fdtd-2d-large,fdtd-2d-large,lv2:__PARA__L0-1.__PARA__L1-4.__PARA__L2-1.__PARA__L3-1.__PARA__L4-199.__PARA__L5-8.__PARA__L6-1.__PARA__L7-32.__PIPE__L0-off.__PIPE__L2-off.__PIPE__L3-flatten.__PIPE__L4-off.__TILE__L0-1.__TILE__L2-1.__TILE__L3-1.__TILE__L4-1,target,query,query,finetune_dataset,data_72.pt,91028704.0,harp_hmoe_support_paired,4,50,hmoe_support_paired_seed4,-1.5931607,-0.9992389,0.5939218,0.51,0.45565957,0.054340429999999995,0.32,0.2607489,0.0592511,0.49,0.45104244,0.03895756,0.53,0.51694715,0.013052850000000005
06a8d921a1e4ef67,fdtd-2d-large,fdtd-2d-large,lv2:__PARA__L0-1.__PARA__L1-1.__PARA__L2-1.__PARA__L3-1.__PARA__L4-1.__PARA__L5-8.__PARA__L6-1.__PARA__L7-16.__PIPE__L0-off.__PIPE__L2-off.__PIPE__L3-flatten.__PIPE__L4-off.__TILE__L0-1.__TILE__L2-1.__TILE__L3-1.__TILE__L4-1,target,query,query,finetune_dataset,data_27.pt,2514977.0,harp_hmoe_support_paired,4,50,hmoe_support_paired_seed4,0.9956914,1.1100788,0.11438739999999992,0.57,0.506921,0.063079,0.32,0.26669362,0.05330637999999999,0.49,0.4579587,0.032041299999999995,0.36,0.379153,0.01915300000000003
c616551aea0c126b,fdtd-2d-large,fdtd-2d-large,lv2:__PARA__L0-1.__PARA__L1-1.__PARA__L2-1.__PARA__L3-1.__PARA__L4-1.__PARA__L5-8.__PARA__L6-32.__PARA__L7-8.__PIPE__L0-off.__PIPE__L2-off.__PIPE__L3-off.__PIPE__L4-off.__TILE__L0-1.__TILE__L2-1.__TILE__L3-1.__TILE__L4-1,target,query,query,finetune_dataset,data_37.pt,4130276.0,harp_hmoe_support_paired,4,50,hmoe_support_paired_seed4,0.637845,0.89329016,0.25544516000000006,0.08,0.069814734,0.010185265999999998,0.03,0.040373478,0.010373477999999998,0.03,0.113322854,0.083322854,0.08,0.09935889,0.019358890000000004
5149f70100e19a16,fdtd-2d-large,fdtd-2d-large,lv2:__PARA__L0-1.__PARA__L1-32.__PARA__L2-1.__PARA__L3-1.__PARA__L4-1.__PARA__L5-1.__PARA__L6-1.__PARA__L7-4.__PIPE__L0-off.__PIPE__L2-flatten.__PIPE__L3-flatten.__PIPE__L4-off.__TILE__L0-1.__TILE__L2-1.__TILE__L3-1.__TILE__L4-1,target,query,query,finetune_dataset,data_63.pt,3566533.0,harp_hmoe_support_paired,4,50,hmoe_support_paired_seed4,0.7437029,0.6752832,0.06841969999999997,0.66,0.62583953,0.03416047,0.39,0.37574536,0.01425464000000004,0.49,0.5174339,0.02743390000000001,0.58,0.564726,0.01527400000000001
218cd76217be5500,fdtd-2d-large,fdtd-2d-large,lv2:__PARA__L0-1.__PARA__L1-1.__PARA__L2-1.__PARA__L3-1.__PARA__L4-1.__PARA__L5-8.__PARA__L6-32.__PARA__L7-2.__PIPE__L0-off.__PIPE__L2-off.__PIPE__L3-off.__PIPE__L4-off.__TILE__L0-1.__TILE__L2-1.__TILE__L3-1.__TILE__L4-1,target,query,query,finetune_dataset,data_34.pt,5722276.0,harp_hmoe_support_paired,4,50,hmoe_support_paired_seed4,0.40266952,0.6075647,0.20489517999999995,0.07,0.12112164,0.051121639999999996,0.02,0.04867879,0.02867879,0.03,0.07567352,0.045673519999999995,0.08,0.08589232,0.0058923199999999926
f62329b9b17e53a9,fdtd-2d-large,fdtd-2d-large,lv2:__PARA__L0-1.__PARA__L1-8.__PARA__L2-1.__PARA__L3-1.__PARA__L4-199.__PARA__L5-8.__PARA__L6-1.__PARA__L7-32.__PIPE__L0-off.__PIPE__L2-off.__PIPE__L3-flatten.__PIPE__L4-off.__TILE__L0-1.__TILE__L2-1.__TILE__L3-1.__TILE__L4-1,target,query,query,finetune_dataset,data_75.pt,91028704.0,harp_hmoe_support_paired,4,50,hmoe_support_paired_seed4,-1.5931607,-0.99929035,0.5938703500000001,0.51,0.4708892,0.0391108,0.32,0.27516425,0.04483575000000001,0.49,0.4477224,0.04227759999999997,0.53,0.5284157,0.001584299999999983
7687b65c9eafd3b7,fdtd-2d-large,fdtd-2d-large,lv2:__PARA__L0-1.__PARA__L1-1.__PARA__L2-1.__PARA__L3-1.__PARA__L4-1.__PARA__L5-1.__PARA__L6-1.__PARA__L7-1.__PIPE__L0-off.__PIPE__L2-off.__PIPE__L3-off.__PIPE__L4-off.__TILE__L0-1.__TILE__L2-1.__TILE__L3-1.__TILE__L4-1,target,query,query,finetune_dataset,data_7.pt,14362849.0,harp_hmoe_support_paired,4,50,hmoe_support_paired_seed4,-0.26117098,-0.24744764,0.01372334,0.02,0.047257774,0.027257774000000002,0.01,-0.020070955,0.030070955000000003,0.0,0.042966843,0.042966843,0.2,0.16789904,0.03210096000000001
