sample_id,kernel,gname,key,dataset_role,split,support_query,cache_split,file_name,actual_perf,model,seed,k,selection,y_true_perf,y_pred_perf,abs_err_perf,y_true_util_LUT,y_pred_util_LUT,abs_err_util_LUT,y_true_util_FF,y_pred_util_FF,abs_err_util_FF,y_true_util_DSP,y_pred_util_DSP,abs_err_util_DSP,y_true_util_BRAM,y_pred_util_BRAM,abs_err_util_BRAM
cd513ad6e06bbf90,syr2k,syr2k,lv2:__PARA__L0-1.__PARA__L1-1.__PARA__L2-1.__PARA__L3-4.__PIPE__L0-off.__PIPE__L2-off.__TILE__L0-1.__TILE__L2-1,target,query,query,finetune_dataset,data_924.pt,245981.0,stage5e_dmw_afrc,2,50,hmoe_support_paired_seed2,2.6726546,2.765256185409516,0.0745154000000001,0.01,0.037113251653632356,0.0214578999999999,0.0,0.006581267898268986,0.015802652,0.01,0.020293205470234766,0.018270751,0.03,0.04690778036928335,0.015745537
6b7a3a63a513e7f4,syr2k,syr2k,lv2:__PARA__L0-1.__PARA__L1-8.__PARA__L2-3.__PARA__L3-80.__PIPE__L0-off.__PIPE__L2-NA.__TILE__L0-1.__TILE__L2-1,target,query,query,finetune_dataset,data_1026.pt,53291.0,stage5e_dmw_afrc,2,50,hmoe_support_paired_seed2,3.7759461,3.8095413064798067,0.0772759,0.08,0.10018818189401302,0.0170426499999999,0.05,0.04312295363901861,0.008953768,0.03,0.024140359744710686,0.016914247,0.05,0.04699743921237768,0.006568435
4a8b2e7dc78b4696,syr2k,syr2k,lv2:__PARA__L0-1.__PARA__L1-1.__PARA__L2-5.__PARA__L3-1.__PIPE__L0-off.__PIPE__L2-flatten.__TILE__L0-1.__TILE__L2-2,target,query,query,finetune_dataset,data_958.pt,173055.0,stage5e_dmw_afrc,2,50,hmoe_support_paired_seed2,2.9263127,3.0584477900251335,0.2526804999999998,0.11,0.12243669870722976,0.0083874899999999,0.07,0.07050879804734034,0.01427699,0.02,0.016492116925485037,0.006826599,0.03,0.02145554971417494,0.0058325979999999
1d13483073c912dd,syr2k,syr2k,lv2:__PARA__L0-1.__PARA__L1-1.__PARA__L2-12.__PARA__L3-1.__PIPE__L0-off.__PIPE__L2-flatten.__TILE__L0-1.__TILE__L2-4,target,query,query,finetune_dataset,data_935.pt,107307.0,stage5e_dmw_afrc,2,50,hmoe_support_paired_seed2,3.271056,3.4470266468149102,0.4164382999999998,0.29,0.20913047601740545,0.0309708799999999,0.17,0.17332066962539885,0.0191741799999999,0.02,0.05007909754175889,0.12421543,0.02,0.022737363120639238,0.0026237599999999
f1118dea1846074b,syr2k,syr2k,lv2:__PARA__L0-1.__PARA__L1-1.__PARA__L2-5.__PARA__L3-80.__PIPE__L0-off.__PIPE__L2-off.__TILE__L0-1.__TILE__L2-1,target,query,query,finetune_dataset,data_962.pt,58807.0,stage5e_dmw_afrc,2,50,hmoe_support_paired_seed2,3.704898,3.7569407146195806,0.1267166999999998,0.11,0.10934188752988581,0.0007945159999999,0.07,0.05296668114562998,0.010933555,0.03,0.03296443767669526,0.0139665019999999,0.06,0.05289464317028138,0.00262539
f96e059b20685c7d,syr2k,syr2k,lv2:__PARA__L0-1.__PARA__L1-2.__PARA__L2-5.__PARA__L3-80.__PIPE__L0-off.__PIPE__L2-off.__TILE__L0-1.__TILE__L2-1,target,query,query,finetune_dataset,data_1001.pt,55607.0,stage5e_dmw_afrc,2,50,hmoe_support_paired_seed2,3.7452588,3.794247931136966,0.1140393999999997,0.11,0.10815889863453458,0.00131683,0.07,0.051540772945412004,0.012326397,0.03,0.030670935208988007,0.012369545,0.06,0.052118721706631954,0.00159936
e9d3815682c668ff,syr2k,syr2k,lv2:__PARA__L0-1.__PARA__L1-16.__PARA__L2-2.__PARA__L3-80.__PIPE__L0-off.__PIPE__L2-off.__TILE__L0-1.__TILE__L2-1,target,query,query,finetune_dataset,data_980.pt,47983.0,stage5e_dmw_afrc,2,50,hmoe_support_paired_seed2,3.8516304,3.7743366059101753,0.0115918999999999,0.11,0.11605238889695677,0.01361199,0.05,0.03525618655587404,0.014946687,0.03,0.03142936601809971,0.0031527,0.05,0.0490172760419512,0.004082444
cff2f356c25a7da3,syr2k,syr2k,lv2:__PARA__L0-1.__PARA__L1-1.__PARA__L2-1.__PARA__L3-5.__PIPE__L0-off.__PIPE__L2-off.__TILE__L0-1.__TILE__L2-1,target,query,query,finetune_dataset,data_925.pt,769181.0,stage5e_dmw_afrc,2,50,hmoe_support_paired_seed2,1.8502666,2.8044286856227574,0.9369963999999996,0.01,0.03851810130752373,0.0218140999999999,0.0,0.0072276644655895035,0.01577276,0.0,0.023755683614104302,0.029644966,0.04,0.04880208439553259,0.007334656
073eeee3fe8f808e,syr2k,syr2k,lv2:__PARA__L0-1.__PARA__L1-1.__PARA__L2-6.__PARA__L3-1.__PIPE__L0-off.__PIPE__L2-flatten.__TILE__L0-1.__TILE__L2-8,target,query,query,finetune_dataset,data_966.pt,111757.0,stage5e_dmw_afrc,2,50,hmoe_support_paired_seed2,3.2417455,3.370348847066434,0.3149948,0.18,0.19000441377577035,0.04251707,0.11,0.1056097026792682,0.0038431399999999,0.02,0.028499966144903625,0.0123641384,0.02,0.017282882594473383,0.0075025199999999
415d047616978069,syr2k,syr2k,lv2:__PARA__L0-1.__PARA__L1-2.__PARA__L2-10.__PARA__L3-1.__PIPE__L0-off.__PIPE__L2-flatten.__TILE__L0-1.__TILE__L2-1,target,query,query,finetune_dataset,data_989.pt,50701.0,stage5e_dmw_afrc,2,50,hmoe_support_paired_seed2,3.811885,3.747706664026614,0.0237159,0.18,0.17105478622539744,0.000645,0.11,0.07876473120854413,0.02159245,0.03,0.02794070173025848,0.03022280714,0.05,0.03738271690485997,0.016120496
d852e2c5f079503a,syr2k,syr2k,lv2:__PARA__L0-1.__PARA__L1-1.__PARA__L2-5.__PARA__L3-1.__PIPE__L0-off.__PIPE__L2-flatten.__TILE__L0-1.__TILE__L2-4,target,query,query,finetune_dataset,data_959.pt,127693.0,stage5e_dmw_afrc,2,50,hmoe_support_paired_seed2,3.1455884,3.1977829451784494,0.1761289000000001,0.11,0.13731110608756747,0.0151132199999999,0.07,0.07048340160147161,0.007111884,0.02,0.010740012046207599,0.0210626626,0.03,0.014617382061263177,0.0029712769999999
b8566d786e85b374,syr2k,syr2k,lv2:__PARA__L0-1.__PARA__L1-1.__PARA__L2-1.__PARA__L3-20.__PIPE__L0-off.__PIPE__L2-off.__TILE__L0-1.__TILE__L2-1,target,query,query,finetune_dataset,data_922.pt,169249.0,stage5e_dmw_afrc,2,50,hmoe_support_paired_seed2,2.9423544,2.9197477992026237,0.0071673999999997,0.07,0.047978708437919494,0.031817503,0.03,0.011932991266942054,0.013840972,0.08,0.038981779705369445,0.043555276,0.02,0.0560825368969997,0.0432314499999999
1998412237ef2c3d,syr2k,syr2k,lv2:__PARA__L0-1.__PARA__L1-1.__PARA__L2-6.__PARA__L3-80.__PIPE__L0-off.__PIPE__L2-NA.__TILE__L0-1.__TILE__L2-1,target,query,query,finetune_dataset,data_967.pt,53901.0,stage5e_dmw_afrc,2,50,hmoe_support_paired_seed2,3.7677362,3.7639447713475525,0.0757871000000003,0.12,0.12600253857875543,0.0178429499999999,0.07,0.05782760932782952,0.007392175,0.03,0.033316834736200465,0.00823307,0.05,0.05187756211144069,0.0099370449999999
c3b93c17507b24a8,syr2k,syr2k,lv2:__PARA__L0-1.__PARA__L1-4.__PARA__L2-1.__PARA__L3-16.__PIPE__L0-off.__PIPE__L2-off.__TILE__L0-1.__TILE__L2-1,target,query,query,finetune_dataset,data_1007.pt,169181.0,stage5e_dmw_afrc,2,50,hmoe_support_paired_seed2,2.9426444,2.989642370673822,0.0856068000000003,0.04,0.04329392933171557,0.00804622,0.01,0.014045684456063653,0.0101467869999999,0.05,0.0380019945420138,0.013909358,0.08,0.05170191628595021,0.034962566
cc45c47936d4a678,syr2k,syr2k,lv2:__PARA__L0-1.__PARA__L1-2.__PARA__L2-3.__PARA__L3-80.__PIPE__L0-off.__PIPE__L2-NA.__TILE__L0-1.__TILE__L2-1,target,query,query,finetune_dataset,data_994.pt,55611.0,stage5e_dmw_afrc,2,50,hmoe_support_paired_seed2,3.745207,3.813786063125599,0.1576755999999997,0.08,0.09164559313747095,0.0022215399999999,0.05,0.03895742396613608,0.008721727,0.03,0.02056094927159623,0.0205307289999999,0.05,0.04896362163831898,0.0027516449999999
9f70d0ad1d97d21d,syr2k,syr2k,lv2:__PARA__L0-1.__PARA__L1-2.__PARA__L2-5.__PARA__L3-80.__PIPE__L0-off.__PIPE__L2-NA.__TILE__L0-1.__TILE__L2-1,target,query,query,finetune_dataset,data_1000.pt,55607.0,stage5e_dmw_afrc,2,50,hmoe_support_paired_seed2,3.7452588,3.797459249819603,0.1246149999999999,0.11,0.1095591475665405,0.000337526,0.07,0.05187928925979577,0.013914473,0.03,0.030799617660384467,0.006682278,0.06,0.05200951353910642,0.00344162
31ba9a7783da0f4c,syr2k,syr2k,lv2:__PARA__L0-1.__PARA__L1-1.__PARA__L2-4.__PARA__L3-1.__PIPE__L0-off.__PIPE__L2-flatten.__TILE__L0-1.__TILE__L2-1,target,query,query,finetune_dataset,data_951.pt,51581.0,stage5e_dmw_afrc,2,50,hmoe_support_paired_seed2,3.7994723,3.793972978020382,0.0543608999999998,0.09,0.10239459771032951,0.00291935,0.05,0.04751453742873811,0.00191279,0.03,0.019987435663355164,0.018102406,0.05,0.0409871354265443,0.008858743
1d962536b4a8fa69,syr2k,syr2k,lv2:__PARA__L0-1.__PARA__L1-1.__PARA__L2-5.__PARA__L3-1.__PIPE__L0-off.__PIPE__L2-flatten.__TILE__L0-1.__TILE__L2-1,target,query,query,finetune_dataset,data_957.pt,58807.0,stage5e_dmw_afrc,2,50,hmoe_support_paired_seed2,3.704898,3.7036813548931367,0.0219217999999998,0.11,0.10075393417249472,0.0325064199999999,0.07,0.05672027098110523,0.009795196,0.03,0.026794440742186714,0.0068529859999999,0.06,0.04138719436422115,0.012845767
c8aa534be3cfcbcb,syr2k,syr2k,lv2:__PARA__L0-1.__PARA__L1-8.__PARA__L2-6.__PARA__L3-80.__PIPE__L0-off.__PIPE__L2-off.__TILE__L0-1.__TILE__L2-1,target,query,query,finetune_dataset,data_1033.pt,48381.0,stage5e_dmw_afrc,2,50,hmoe_support_paired_seed2,3.845672,3.809039705974092,0.0196304999999998,0.13,0.12719431617873722,0.01260933,0.07,0.06760966112017328,0.0024465249999999,0.03,0.03937294008399089,0.022679807,0.05,0.050761900108064396,0.0052193369999999
660ddb3a800764d7,syr2k,syr2k,lv2:__PARA__L0-1.__PARA__L1-1.__PARA__L2-1.__PARA__L3-32.__PIPE__L0-off.__PIPE__L2-off.__TILE__L0-1.__TILE__L2-1,target,query,query,finetune_dataset,data_923.pt,2005329.0,stage5e_dmw_afrc,2,50,hmoe_support_paired_seed2,1.1590446,1.2173998961409183,0.1425478,0.1,0.0865675517667455,0.0034347399999999,0.04,0.022734796841318117,0.025432863,0.1,0.047599146856686966,0.057590967,0.02,0.03821903535298036,0.0004433159999999
bf91275b7e47bb6e,syr2k,syr2k,lv2:__PARA__L0-1.__PARA__L1-2.__PARA__L2-5.__PARA__L3-1.__PIPE__L0-off.__PIPE__L2-flatten.__TILE__L0-1.__TILE__L2-1,target,query,query,finetune_dataset,data_999.pt,55607.0,stage5e_dmw_afrc,2,50,hmoe_support_paired_seed2,3.7452588,3.74487326409999,0.0197744000000001,0.11,0.10028839862736189,0.031180755,0.07,0.05533840306600113,0.00994087,0.03,0.025733749305781546,0.00976041,0.06,0.041593622605242464,0.0101613529999999
357b49644113aa28,syr2k,syr2k,lv2:__PARA__L0-1.__PARA__L1-4.__PARA__L2-5.__PARA__L3-80.__PIPE__L0-off.__PIPE__L2-off.__TILE__L0-1.__TILE__L2-1,target,query,query,finetune_dataset,data_1017.pt,54007.0,stage5e_dmw_afrc,2,50,hmoe_support_paired_seed2,3.766319,3.820324230374292,0.1141789999999995,0.11,0.11298344955676712,0.0081663599999999,0.07,0.05895523853176333,0.00476403,0.03,0.031337638760484815,0.0115708419999999,0.06,0.05056427771420465,0.0044103999999999
9a611dbfee90fabc,syr2k,syr2k,lv2:__PARA__L0-1.__PARA__L1-1.__PARA__L2-4.__PARA__L3-1.__PIPE__L0-off.__PIPE__L2-flatten.__TILE__L0-1.__TILE__L2-8,target,query,query,finetune_dataset,data_954.pt,105707.0,stage5e_dmw_afrc,2,50,hmoe_support_paired_seed2,3.2818925,3.2670898697680397,0.1014630999999997,0.17,0.14549165743078002,0.03520573,0.1,0.08256057351969899,0.01487229,0.02,0.026324744300718392,0.0210461101,0.01,0.014604826579979321,0.016808484
9479d4f09dff4ff1,syr2k,syr2k,lv2:__PARA__L0-1.__PARA__L1-2.__PARA__L2-4.__PARA__L3-80.__PIPE__L0-off.__PIPE__L2-off.__TILE__L0-1.__TILE__L2-1,target,query,query,finetune_dataset,data_998.pt,48381.0,stage5e_dmw_afrc,2,50,hmoe_support_paired_seed2,3.845672,3.848575959904906,0.1207500000000001,0.09,0.09956629472824181,0.00337956,0.05,0.039119873830617595,0.00808044,0.03,0.028854524244894538,0.0013767199999999,0.05,0.049944252829376,0.003521916
a354c85e14e3f6e4,syr2k,syr2k,lv2:__PARA__L0-1.__PARA__L1-4.__PARA__L2-1.__PARA__L3-80.__PIPE__L0-off.__PIPE__L2-off.__TILE__L0-1.__TILE__L2-1,target,query,query,finetune_dataset,data_1010.pt,70221.0,stage5e_dmw_afrc,2,50,hmoe_support_paired_seed2,3.5769408,3.600985024443886,0.1107922000000001,0.1,0.1066013941945254,0.0091089249999999,0.04,0.029075932947692527,0.005779454,0.04,0.03208031596400924,0.0040143639999999,0.05,0.04966343299645965,0.002169493
f7a56b547326dc31,syr2k,syr2k,lv2:__PARA__L0-1.__PARA__L1-1.__PARA__L2-1.__PARA__L3-80.__PIPE__L0-off.__PIPE__L2-NA.__TILE__L0-1.__TILE__L2-1,target,query,query,finetune_dataset,data_927.pt,75021.0,stage5e_dmw_afrc,2,50,hmoe_support_paired_seed2,3.529245,3.5595287211421542,0.084219,0.09,0.09322729303481242,0.010628585,0.04,0.034014141156439026,0.000512638,0.04,0.02485636512626224,0.0046748439999999,0.05,0.051404528505931114,0.0019358959999999
384fc79974f7e383,syr2k,syr2k,lv2:__PARA__L0-1.__PARA__L1-16.__PARA__L2-1.__PARA__L3-80.__PIPE__L0-off.__PIPE__L2-off.__TILE__L0-1.__TILE__L2-1,target,query,query,finetune_dataset,data_978.pt,69021.0,stage5e_dmw_afrc,2,50,hmoe_support_paired_seed2,3.5893745,3.605400396587525,0.0967985000000002,0.1,0.1031405927584202,0.00413901,0.04,0.024386008249928176,0.016804048,0.04,0.038196865602991424,0.0056401099999999,0.05,0.05097388567621294,0.0015987719999999
c6307a47e48e34a0,syr2k,syr2k,lv2:__PARA__L0-1.__PARA__L1-16.__PARA__L2-1.__PARA__L3-32.__PIPE__L0-off.__PIPE__L2-off.__TILE__L0-1.__TILE__L2-1,target,query,query,finetune_dataset,data_976.pt,1999329.0,stage5e_dmw_afrc,2,50,hmoe_support_paired_seed2,1.1612061,1.4075526466195423,0.2161196999999999,0.1,0.08557259923826863,0.00246084,0.04,0.025226536151189822,0.0257908785,0.1,0.05361486419974945,0.054902053,0.02,0.03966889630531755,0.002141976
82a8e31501b69b34,syr2k,syr2k,lv2:__PARA__L0-1.__PARA__L1-1.__PARA__L2-12.__PARA__L3-80.__PIPE__L0-off.__PIPE__L2-NA.__TILE__L0-1.__TILE__L2-1,target,query,query,finetune_dataset,data_936.pt,51501.0,stage5e_dmw_afrc,2,50,hmoe_support_paired_seed2,3.800592,3.720388711059698,0.0981397999999997,0.21,0.17477330055896242,0.00231821,0.12,0.07629114626706923,0.0353590199999999,0.03,0.042580927698105224,0.0392230759999999,0.06,0.04798504249672894,0.014876974
e091829cd7eccb45,syr2k,syr2k,lv2:__PARA__L0-1.__PARA__L1-4.__PARA__L2-3.__PARA__L3-80.__PIPE__L0-off.__PIPE__L2-off.__TILE__L0-1.__TILE__L2-1,target,query,query,finetune_dataset,data_1014.pt,54011.0,stage5e_dmw_afrc,2,50,hmoe_support_paired_seed2,3.7662656,3.818935346284376,0.1207697999999997,0.08,0.11302206824971897,0.04225738,0.05,0.05696977546105484,0.0165538299999999,0.03,0.027690537403863784,0.0007749509999999,0.05,0.044521790597653474,0.017057124
328955ee375dcb09,syr2k,syr2k,lv2:__PARA__L0-1.__PARA__L1-8.__PARA__L2-3.__PARA__L3-80.__PIPE__L0-off.__PIPE__L2-off.__TILE__L0-1.__TILE__L2-1,target,query,query,finetune_dataset,data_1027.pt,53291.0,stage5e_dmw_afrc,2,50,hmoe_support_paired_seed2,3.7759461,3.805736825288988,0.0661378999999997,0.08,0.10968858428934843,0.03389473,0.05,0.05078341203570906,0.0052305279999999,0.03,0.03031942859592917,0.00428492,0.05,0.04571520249556713,0.013577107
dce6c42b9ce883d4,syr2k,syr2k,lv2:__PARA__L0-1.__PARA__L1-1.__PARA__L2-10.__PARA__L3-1.__PIPE__L0-off.__PIPE__L2-flatten.__TILE__L0-1.__TILE__L2-1,target,query,query,finetune_dataset,data_929.pt,53901.0,stage5e_dmw_afrc,2,50,hmoe_support_paired_seed2,3.7677362,3.785201859206535,0.1871127999999999,0.18,0.1783974279901986,0.01675317,0.11,0.09069679449431042,0.006327525,0.03,0.02436993815946066,0.04987974,0.05,0.036390180516963924,0.021090036
967811736021b32d,syr2k,syr2k,lv2:__PARA__L0-1.__PARA__L1-1.__PARA__L2-10.__PARA__L3-80.__PIPE__L0-off.__PIPE__L2-off.__TILE__L0-1.__TILE__L2-1,target,query,query,finetune_dataset,data_933.pt,53901.0,stage5e_dmw_afrc,2,50,hmoe_support_paired_seed2,3.7677362,3.7506439316170956,0.0236532,0.18,0.16875149169551432,0.03148834,0.11,0.06373872226429883,0.0400521,0.03,0.03956853878626905,0.030259372,0.05,0.04903317446164279,3.253999999999757e-05
65b53beab87fef44,syr2k,syr2k,lv2:__PARA__L0-1.__PARA__L1-1.__PARA__L2-8.__PARA__L3-80.__PIPE__L0-off.__PIPE__L2-off.__TILE__L0-1.__TILE__L2-1,target,query,query,finetune_dataset,data_973.pt,57779.0,stage5e_dmw_afrc,2,50,hmoe_support_paired_seed2,3.7176194,3.739988200788588,0.0489633,0.22,0.15045579957926739,0.0350667,0.12,0.059361067677004824,0.0548525399999999,0.03,0.03630078623933497,0.022847058,0.05,0.04963558896232609,0.0002351969999999
bf6fe22800bedaed,syr2k,syr2k,lv2:__PARA__L0-1.__PARA__L1-1.__PARA__L2-10.__PARA__L3-1.__PIPE__L0-off.__PIPE__L2-flatten.__TILE__L0-1.__TILE__L2-4,target,query,query,finetune_dataset,data_931.pt,111517.0,stage5e_dmw_afrc,2,50,hmoe_support_paired_seed2,3.2432964,3.4100150270453,0.4049898999999999,0.24,0.20786647249378326,0.01885054,0.14,0.1416666599992704,0.0128064299999999,0.02,0.024842206470576906,0.03043289,0.01,0.019309647892420574,0.010294769
6533dd41aee879ef,syr2k,syr2k,lv2:__PARA__L0-1.__PARA__L1-2.__PARA__L2-1.__PARA__L3-80.__PIPE__L0-off.__PIPE__L2-off.__TILE__L0-1.__TILE__L2-1,target,query,query,finetune_dataset,data_988.pt,71821.0,stage5e_dmw_afrc,2,50,hmoe_support_paired_seed2,3.5606892,3.573885284114593,0.0812010999999999,0.09,0.09737121432050824,0.003536854,0.04,0.022684996295813973,0.013597884,0.04,0.029772400001545775,0.003237925,0.05,0.051263953901381255,0.0048893659999999
67905abe3e20c24a,syr2k,syr2k,lv2:__PARA__L0-1.__PARA__L1-8.__PARA__L2-1.__PARA__L3-20.__PIPE__L0-off.__PIPE__L2-off.__TILE__L0-1.__TILE__L2-1,target,query,query,finetune_dataset,data_1020.pt,165809.0,stage5e_dmw_afrc,2,50,hmoe_support_paired_seed2,2.957167,2.9489678815603995,0.0154775000000002,0.07,0.044087006138470775,0.040298171,0.03,0.011828798246146577,0.015888541,0.08,0.04073488950501658,0.042479353,0.02,0.055704515041777376,0.039439525
2434d5d349eb92bb,syr2k,syr2k,lv2:__PARA__L0-1.__PARA__L1-16.__PARA__L2-2.__PARA__L3-80.__PIPE__L0-off.__PIPE__L2-NA.__TILE__L0-1.__TILE__L2-1,target,query,query,finetune_dataset,data_979.pt,47983.0,stage5e_dmw_afrc,2,50,hmoe_support_paired_seed2,3.8516304,3.797823752420185,0.0304286,0.11,0.11199430756251437,0.0099571499999999,0.05,0.050810732325339766,0.00243662,0.03,0.028249271602884294,0.001301647,0.05,0.04966591671527168,0.0013781799999999
046d7b1dc63a8aa9,syr2k,syr2k,lv2:__PARA__L0-1.__PARA__L1-16.__PARA__L2-1.__PARA__L3-20.__PIPE__L0-off.__PIPE__L2-off.__TILE__L0-1.__TILE__L2-1,target,query,query,finetune_dataset,data_975.pt,167089.0,stage5e_dmw_afrc,2,50,hmoe_support_paired_seed2,2.9516196,2.9701205366016783,0.0226689000000002,0.08,0.04701050738060089,0.04770361,0.03,0.01406084866830605,0.0152073489999999,0.08,0.04448673128537346,0.0398459,0.02,0.05725207260138474,0.04303458
c9e913bf3484f2bf,syr2k,syr2k,lv2:__PARA__L0-1.__PARA__L1-1.__PARA__L2-2.__PARA__L3-80.__PIPE__L0-off.__PIPE__L2-off.__TILE__L0-1.__TILE__L2-1,target,query,query,finetune_dataset,data_943.pt,53983.0,stage5e_dmw_afrc,2,50,hmoe_support_paired_seed2,3.7666395,3.7182652546878368,0.0640598999999997,0.11,0.1104727904759665,0.0078499459999999,0.05,0.030857812598384583,0.013769734,0.03,0.024465592382969227,0.0040089199999999,0.05,0.04961591444052573,0.0015508499999999
b329f305a8434e8c,syr2k,syr2k,lv2:__PARA__L0-1.__PARA__L1-1.__PARA__L2-4.__PARA__L3-80.__PIPE__L0-off.__PIPE__L2-NA.__TILE__L0-1.__TILE__L2-1,target,query,query,finetune_dataset,data_955.pt,51581.0,stage5e_dmw_afrc,2,50,hmoe_support_paired_seed2,3.7994723,3.8255971819436696,0.1630222999999997,0.09,0.0938477788787839,0.0083346299999999,0.05,0.0388775739493603,0.011199015,0.03,0.024341224568491603,0.017532616,0.05,0.04961224899035223,0.0034246999999999
dcf12e0495e8bad7,syr2k,syr2k,lv2:__PARA__L0-1.__PARA__L1-2.__PARA__L2-1.__PARA__L3-20.__PIPE__L0-off.__PIPE__L2-off.__TILE__L0-1.__TILE__L2-1,target,query,query,finetune_dataset,data_985.pt,166849.0,stage5e_dmw_afrc,2,50,hmoe_support_paired_seed2,2.9526565,2.9397862514953967,0.0091393000000001,0.07,0.04688831928187478,0.032903738,0.03,0.011762725778995599,0.012722074,0.08,0.038077057804799135,0.044428693,0.02,0.05544198443612052,0.04104289
d73266b5cab341fd,syr2k,syr2k,lv2:__PARA__L0-1.__PARA__L1-1.__PARA__L2-2.__PARA__L3-1.__PIPE__L0-off.__PIPE__L2-flatten.__TILE__L0-1.__TILE__L2-4,target,query,query,finetune_dataset,data_940.pt,197467.0,stage5e_dmw_afrc,2,50,hmoe_support_paired_seed2,2.8311224,2.8556052196538175,0.0577640999999999,0.18,0.13887578603225456,0.0441795499999999,0.09,0.06842695846244556,0.028835263,0.02,0.026731575877964108,0.012524228,0.01,0.011732514825921213,0.001534309
935321614f5dddf4,syr2k,syr2k,lv2:__PARA__L0-1.__PARA__L1-1.__PARA__L2-3.__PARA__L3-80.__PIPE__L0-off.__PIPE__L2-off.__TILE__L0-1.__TILE__L2-1,target,query,query,finetune_dataset,data_950.pt,58811.0,stage5e_dmw_afrc,2,50,hmoe_support_paired_seed2,3.7048492,3.714498675400665,0.0544134,0.08,0.10250004792822037,0.0211189799999999,0.05,0.04711679161554726,0.0050189899999999,0.03,0.024061953489584547,0.0090842829999999,0.05,0.048080868225445536,0.00423819
8db3a7561f57850f,syr2k,syr2k,lv2:__PARA__L0-1.__PARA__L1-1.__PARA__L2-1.__PARA__L3-1.__PIPE__L0-off.__PIPE__L2-off.__TILE__L0-1.__TILE__L2-1,target,query,query,finetune_dataset,data_918.pt,533981.0,stage5e_dmw_afrc,2,50,hmoe_support_paired_seed2,2.113534,2.3878949705116383,0.3341546000000002,0.01,0.03532617759765043,0.019346317,0.0,0.0091276003090048,0.018852592,0.0,0.008826625870821107,0.019387782,0.02,0.0407116702782434,0.0180131449999999
a600ded91a048da1,syr2k,syr2k,lv2:__PARA__L0-1.__PARA__L1-2.__PARA__L2-4.__PARA__L3-80.__PIPE__L0-off.__PIPE__L2-NA.__TILE__L0-1.__TILE__L2-1,target,query,query,finetune_dataset,data_997.pt,48381.0,stage5e_dmw_afrc,2,50,hmoe_support_paired_seed2,3.845672,3.864697779243544,0.1543017999999998,0.09,0.09846786991234363,0.0015246299999999,0.05,0.039419748394658616,0.00985785,0.03,0.02547037202793552,0.010878413,0.05,0.049506486804643306,0.0045639249999999
792cacac89ae136d,syr2k,syr2k,lv2:__PARA__L0-1.__PARA__L1-1.__PARA__L2-12.__PARA__L3-1.__PIPE__L0-off.__PIPE__L2-flatten.__TILE__L0-1.__TILE__L2-2,target,query,query,finetune_dataset,data_934.pt,122587.0,stage5e_dmw_afrc,2,50,hmoe_support_paired_seed2,3.175025,3.2884831241957997,0.1759669999999999,0.29,0.19197714637836708,0.0769398899999999,0.17,0.15665023587748983,0.00431676,0.02,0.028641363128206913,0.0601851449999999,0.02,0.022298084731182916,0.01127646
006edf919afcac3e,syr2k,syr2k,lv2:__PARA__L0-1.__PARA__L1-1.__PARA__L2-8.__PARA__L3-1.__PIPE__L0-off.__PIPE__L2-flatten.__TILE__L0-1.__TILE__L2-4,target,query,query,finetune_dataset,data_971.pt,106027.0,stage5e_dmw_afrc,2,50,hmoe_support_paired_seed2,3.2797122,3.207407754368275,0.0098430999999998,0.23,0.19182788517910043,0.00161056,0.14,0.11765024604316542,0.01541297,0.02,0.0049895599416318,0.043548158,0.01,0.01713739894699736,0.0127437449999999
b94a2ad1d393f6a6,syr2k,syr2k,lv2:__PARA__L0-1.__PARA__L1-1.__PARA__L2-10.__PARA__L3-80.__PIPE__L0-off.__PIPE__L2-NA.__TILE__L0-1.__TILE__L2-1,target,query,query,finetune_dataset,data_932.pt,53901.0,stage5e_dmw_afrc,2,50,hmoe_support_paired_seed2,3.7677362,3.7242852451890545,0.0294778,0.18,0.16495411048671846,0.0250595,0.11,0.0744842627016775,0.0268930349999999,0.03,0.039810764651005595,0.0352628839999999,0.05,0.04753296065298329,0.008041742
2883fd2e756dad0a,syr2k,syr2k,lv2:__PARA__L0-1.__PARA__L1-2.__PARA__L2-3.__PARA__L3-1.__PIPE__L0-off.__PIPE__L2-flatten.__TILE__L0-1.__TILE__L2-1,target,query,query,finetune_dataset,data_993.pt,55611.0,stage5e_dmw_afrc,2,50,hmoe_support_paired_seed2,3.745207,3.772039086945181,0.0564459999999997,0.08,0.09143483484424418,0.00538452,0.05,0.05145072228842468,0.0062408269999999,0.03,0.022349909011608566,0.0047522769999999,0.05,0.04520775142450348,0.0044323179999999
8c2a257a28918f1e,syr2k,syr2k,lv2:__PARA__L0-1.__PARA__L1-8.__PARA__L2-5.__PARA__L3-80.__PIPE__L0-off.__PIPE__L2-off.__TILE__L0-1.__TILE__L2-1,target,query,query,finetune_dataset,data_1031.pt,53287.0,stage5e_dmw_afrc,2,50,hmoe_support_paired_seed2,3.7760003,3.8160370580230873,0.0743254999999996,0.11,0.11429206894200705,0.009059116,0.07,0.060522322941884504,0.0059532,0.03,0.035559715986498215,0.01816845,0.06,0.050631144100077075,0.0053105479999999
7424659393922e35,syr2k,syr2k,lv2:__PARA__L0-1.__PARA__L1-1.__PARA__L2-5.__PARA__L3-80.__PIPE__L0-off.__PIPE__L2-NA.__TILE__L0-1.__TILE__L2-1,target,query,query,finetune_dataset,data_961.pt,58807.0,stage5e_dmw_afrc,2,50,hmoe_support_paired_seed2,3.704898,3.766374607221254,0.1442940999999997,0.11,0.10981715609260063,0.0008694999999999,0.07,0.05314808489560321,0.012760438,0.03,0.032659207114646725,0.007931323,0.06,0.052753837778426106,0.0048920999999999
8d6e4878c2992e15,syr2k,syr2k,lv2:__PARA__L0-1.__PARA__L1-16.__PARA__L2-1.__PARA__L3-16.__PIPE__L0-off.__PIPE__L2-off.__TILE__L0-1.__TILE__L2-1,target,query,query,finetune_dataset,data_974.pt,167981.0,stage5e_dmw_afrc,2,50,hmoe_support_paired_seed2,2.9477792,2.9882236679910736,0.0492821000000001,0.04,0.04420110550002618,0.010545292,0.02,0.013260294072675493,0.005504121,0.05,0.044042221366475225,0.010430115,0.08,0.05647103711759311,0.020073505
7553f1551527eb75,syr2k,syr2k,lv2:__PARA__L0-1.__PARA__L1-4.__PARA__L2-6.__PARA__L3-80.__PIPE__L0-off.__PIPE__L2-NA.__TILE__L0-1.__TILE__L2-1,target,query,query,finetune_dataset,data_1018.pt,49101.0,stage5e_dmw_afrc,2,50,hmoe_support_paired_seed2,3.835016,3.8169636232733586,0.0472852999999999,0.12,0.13154524341237764,0.0305495,0.07,0.0643893630469656,0.00174127,0.03,0.03106380111802064,0.00785056,0.05,0.0498721531575897,0.0035725199999999
4413408007bce9e8,syr2k,syr2k,lv2:__PARA__L0-1.__PARA__L1-16.__PARA__L2-1.__PARA__L3-80.__PIPE__L0-off.__PIPE__L2-NA.__TILE__L0-1.__TILE__L2-1,target,query,query,finetune_dataset,data_977.pt,69021.0,stage5e_dmw_afrc,2,50,hmoe_support_paired_seed2,3.5893745,3.6575716817125454,0.1754103000000002,0.1,0.09796736080998945,0.0022168999999999,0.04,0.03761932387740117,0.002557703,0.04,0.03155297150273957,0.0063086659999999,0.05,0.05227716521161035,0.0003731219999999
ac15cc16356e3d5e,syr2k,syr2k,lv2:__PARA__L0-1.__PARA__L1-1.__PARA__L2-8.__PARA__L3-1.__PIPE__L0-off.__PIPE__L2-flatten.__TILE__L0-1.__TILE__L2-2,target,query,query,finetune_dataset,data_970.pt,137547.0,stage5e_dmw_afrc,2,50,hmoe_support_paired_seed2,3.0919657,3.084922559907347,0.0098800999999997,0.23,0.16543922409929893,0.06322012,0.14,0.10906619293537573,0.033440396,0.02,0.010208730434389485,0.028548438,0.01,0.021166587935037128,0.011341367
cd8a78b9897e5f03,syr2k,syr2k,lv2:__PARA__L0-1.__PARA__L1-2.__PARA__L2-6.__PARA__L3-80.__PIPE__L0-off.__PIPE__L2-off.__TILE__L0-1.__TILE__L2-1,target,query,query,finetune_dataset,data_1004.pt,50701.0,stage5e_dmw_afrc,2,50,hmoe_support_paired_seed2,3.811885,3.786791325593473,0.0256249999999997,0.12,0.12040266542229358,0.01090345,0.07,0.05788255827651891,0.00462026,0.03,0.03056236063045459,0.01564035,0.05,0.05227265915604199,0.0122374859999999
eed285261932cba5,syr2k,syr2k,lv2:__PARA__L0-1.__PARA__L1-1.__PARA__L2-12.__PARA__L3-80.__PIPE__L0-off.__PIPE__L2-off.__TILE__L0-1.__TILE__L2-1,target,query,query,finetune_dataset,data_937.pt,51501.0,stage5e_dmw_afrc,2,50,hmoe_support_paired_seed2,3.800592,3.7692298530881043,0.0789027999999998,0.21,0.19021720888943308,0.02845553,0.12,0.07142149640800366,0.0403851799999999,0.03,0.043019290782792756,0.03822452,0.06,0.04889264661460249,0.0087987299999999
d91bf35255f0a557,syr2k,syr2k,lv2:__PARA__L0-1.__PARA__L1-8.__PARA__L2-4.__PARA__L3-80.__PIPE__L0-off.__PIPE__L2-off.__TILE__L0-1.__TILE__L2-1,target,query,query,finetune_dataset,data_1029.pt,46061.0,stage5e_dmw_afrc,2,50,hmoe_support_paired_seed2,3.8811193,3.8428503029612253,0.0260772,0.1,0.10698036205981817,0.00657576,0.06,0.04418147798141736,0.0165842749999999,0.03,0.03301205258444136,0.0083721,0.05,0.048359194023293695,0.004287246
0e9c5c17a8a6820d,syr2k,syr2k,lv2:__PARA__L0-1.__PARA__L1-16.__PARA__L2-3.__PARA__L3-80.__PIPE__L0-off.__PIPE__L2-off.__TILE__L0-1.__TILE__L2-1,target,query,query,finetune_dataset,data_982.pt,52811.0,stage5e_dmw_afrc,2,50,hmoe_support_paired_seed2,3.7824728,3.7698420135393116,0.0103952,0.08,0.10922090218822868,0.0296387499999999,0.05,0.052246452059495435,0.0046473559999999,0.03,0.02956148962478698,0.008647262,0.05,0.04753415977504391,0.009709182
91a8fd411290510c,syr2k,syr2k,lv2:__PARA__L0-1.__PARA__L1-8.__PARA__L2-1.__PARA__L3-32.__PIPE__L0-off.__PIPE__L2-off.__TILE__L0-1.__TILE__L2-1,target,query,query,finetune_dataset,data_1021.pt,1999729.0,stage5e_dmw_afrc,2,50,hmoe_support_paired_seed2,1.1610618,1.3176134010385798,0.2074481999999999,0.1,0.0827805392511228,0.0050343,0.04,0.024841652410344438,0.025265642,0.1,0.04927655673252725,0.05734489,0.02,0.039995891573864406,0.0068313119999999
c9c69a637b68506d,syr2k,syr2k,lv2:__PARA__L0-1.__PARA__L1-2.__PARA__L2-1.__PARA__L3-1.__PIPE__L0-off.__PIPE__L2-flatten.__TILE__L0-1.__TILE__L2-1,target,query,query,finetune_dataset,data_983.pt,71821.0,stage5e_dmw_afrc,2,50,hmoe_support_paired_seed2,3.5606892,3.5812915858664143,0.0089361999999999,0.09,0.0733748104422727,0.0119085599999999,0.04,0.022137957186240564,0.018268445,0.04,0.019640577581618857,0.02266229,0.05,0.0512223390157864,0.007597145
2641ecf0170d499d,syr2k,syr2k,lv2:__PARA__L0-1.__PARA__L1-1.__PARA__L2-5.__PARA__L3-1.__PIPE__L0-off.__PIPE__L2-flatten.__TILE__L0-1.__TILE__L2-8,target,query,query,finetune_dataset,data_960.pt,120746.0,stage5e_dmw_afrc,2,50,hmoe_support_paired_seed2,3.1859405,3.37718582538853,0.3975596000000001,0.15,0.1594129392574156,0.0122576699999999,0.12,0.08270781212004126,0.03589025,0.02,0.02668525151419334,0.021926531,0.04,0.017165350158960046,0.0083081659999999
b387369a0d58d4d0,syr2k,syr2k,lv2:__PARA__L0-1.__PARA__L1-1.__PARA__L2-3.__PARA__L3-1.__PIPE__L0-off.__PIPE__L2-flatten.__TILE__L0-1.__TILE__L2-4,target,query,query,finetune_dataset,data_947.pt,157295.0,stage5e_dmw_afrc,2,50,hmoe_support_paired_seed2,2.9951916,2.95092310148829,0.1077186999999999,0.08,0.13358768991791767,0.04226802,0.05,0.08153634131853403,0.0292559999999999,0.02,0.025107870232672736,0.0307426559999999,0.02,0.009827937909621698,0.008622146
9aa40f9b87b12852,syr2k,syr2k,lv2:__PARA__L0-1.__PARA__L1-4.__PARA__L2-4.__PARA__L3-80.__PIPE__L0-off.__PIPE__L2-NA.__TILE__L0-1.__TILE__L2-1,target,query,query,finetune_dataset,data_1015.pt,46781.0,stage5e_dmw_afrc,2,50,hmoe_support_paired_seed2,3.8699307,3.890508932338504,0.1566320000000005,0.09,0.11271734900708368,0.02982733,0.05,0.05123208492595929,0.0032051029999999,0.03,0.027640231030879838,0.0059569169999999,0.05,0.04744010707068311,0.00382096
887d3a42caec739c,syr2k,syr2k,lv2:__PARA__L0-1.__PARA__L1-8.__PARA__L2-6.__PARA__L3-80.__PIPE__L0-off.__PIPE__L2-NA.__TILE__L0-1.__TILE__L2-1,target,query,query,finetune_dataset,data_1032.pt,48381.0,stage5e_dmw_afrc,2,50,hmoe_support_paired_seed2,3.845672,3.815054435912919,0.0113989999999999,0.13,0.1328570760352006,0.0215943999999999,0.07,0.06614998449406244,0.002795405,0.03,0.035346573986428265,0.016082795,0.05,0.04982840735215205,0.0023070539999999
50737a58f7e3c088,syr2k,syr2k,lv2:__PARA__L0-1.__PARA__L1-4.__PARA__L2-3.__PARA__L3-80.__PIPE__L0-off.__PIPE__L2-NA.__TILE__L0-1.__TILE__L2-1,target,query,query,finetune_dataset,data_1013.pt,54011.0,stage5e_dmw_afrc,2,50,hmoe_support_paired_seed2,3.7662656,3.8437263512295563,0.1719858999999997,0.08,0.10593096977546558,0.02995108,0.05,0.04980033163127811,0.0036305599999999,0.03,0.02276210383571846,0.016605585,0.05,0.0467502712673565,0.006239656
43cce9689f44f3f0,syr2k,syr2k,lv2:__PARA__L0-1.__PARA__L1-1.__PARA__L2-8.__PARA__L3-1.__PIPE__L0-off.__PIPE__L2-flatten.__TILE__L0-1.__TILE__L2-1,target,query,query,finetune_dataset,data_969.pt,57779.0,stage5e_dmw_afrc,2,50,hmoe_support_paired_seed2,3.7176194,3.7589027498463023,0.1431933,0.22,0.1640574440252559,0.03995207,0.12,0.08056741773559341,0.0283837599999999,0.03,0.028287648333533907,0.030058798254,0.05,0.03891367175347646,0.013572994
507f7ddbd39e4095,syr2k,syr2k,lv2:__PARA__L0-1.__PARA__L1-1.__PARA__L2-3.__PARA__L3-80.__PIPE__L0-off.__PIPE__L2-NA.__TILE__L0-1.__TILE__L2-1,target,query,query,finetune_dataset,data_949.pt,58811.0,stage5e_dmw_afrc,2,50,hmoe_support_paired_seed2,3.7048492,3.7686502509347215,0.1497988000000001,0.08,0.08680373063379455,0.0081404,0.05,0.037848192460288574,0.01082446,0.03,0.019054577152428653,0.0289633857999999,0.05,0.04857405171780109,0.0003859429999999
bc4bbd8ca4e44e5f,syr2k,syr2k,lv2:__PARA__L0-1.__PARA__L1-1.__PARA__L2-1.__PARA__L3-10.__PIPE__L0-off.__PIPE__L2-off.__TILE__L0-1.__TILE__L2-1,target,query,query,finetune_dataset,data_919.pt,188449.0,stage5e_dmw_afrc,2,50,hmoe_support_paired_seed2,2.864841,2.9119272105239666,0.0539101999999998,0.04,0.04024756846817975,0.010045,0.02,0.009683750070958922,0.003977318,0.04,0.03347593708617778,0.005548694,0.06,0.05199532063609309,0.0085237749999999
a5062b8ba71a79db,syr2k,syr2k,lv2:__PARA__L0-1.__PARA__L1-2.__PARA__L2-2.__PARA__L3-80.__PIPE__L0-off.__PIPE__L2-NA.__TILE__L0-1.__TILE__L2-1,target,query,query,finetune_dataset,data_991.pt,50783.0,stage5e_dmw_afrc,2,50,hmoe_support_paired_seed2,3.8107193,3.7887071049095766,0.0923444999999998,0.11,0.10603863629295887,0.0034653099999999,0.05,0.04757253218168448,0.0059804739999999,0.03,0.024285604028630777,0.005693437,0.05,0.05147221918063133,0.0106879439999999
e18fbf36085b53ef,gemm-p,gemm-p,lv2:__PARA__L0-30.__PARA__L1-32.__PARA__L2-1.__PARA__L3-1.__PIPE__L0-NA.__PIPE__L2-flatten.__TILE__L0-1.__TILE__L2-80,target,query,query,finetune_dataset,data_387.pt,55939.0,stage5e_dmw_afrc,2,50,hmoe_support_paired_seed2,3.740965,3.925105823016297,0.2422214999999998,0.06,0.04416296165815938,0.032505122,0.02,0.02647319709345064,0.002780389,0.04,0.05335352,0.01335352,0.05,0.049995585938146375,0.0223513199999999
478e73a6a5922a99,gemm-p,gemm-p,lv2:__PARA__L0-1.__PARA__L1-1.__PARA__L2-2.__PARA__L3-7.__PIPE__L0-off.__PIPE__L2-off.__TILE__L0-1.__TILE__L2-4,target,query,query,finetune_dataset,data_153.pt,451979.0,stage5e_dmw_afrc,2,50,hmoe_support_paired_seed2,2.2338002,2.7215672544403424,0.8370322999999997,0.01,0.017254093782965375,0.0067883527,0.0,-0.00317568931565222,0.01199321,0.0,0.027432412,0.027432412,0.02,0.01913240493396195,0.008234179
ca65b2dddf05a722,gemm-p,gemm-p,lv2:__PARA__L0-1.__PARA__L1-2.__PARA__L2-1.__PARA__L3-32.__PIPE__L0-off.__PIPE__L2-off.__TILE__L0-1.__TILE__L2-80,target,query,query,finetune_dataset,data_243.pt,286909.0,stage5e_dmw_afrc,2,50,hmoe_support_paired_seed2,2.5616314,2.985430387757721,0.8025224999999998,0.01,0.060191523558635995,0.05724721,0.0,-0.0067203553563132635,0.0011776601,0.0,0.02920115,0.02920115,0.05,0.027201900799001387,0.041373913
76de7e5ea6add072,gemm-p,gemm-p,lv2:__PARA__L0-2.__PARA__L1-32.__PARA__L2-10.__PARA__L3-1.__PIPE__L0-off.__PIPE__L2-flatten.__TILE__L0-1.__TILE__L2-8,target,query,query,finetune_dataset,data_368.pt,9563.0,stage5e_dmw_afrc,2,50,hmoe_support_paired_seed2,5.0151243,5.171977895416746,0.3035537000000001,0.23,0.22646551910599835,0.02099217,0.16,0.14270885102393643,0.03772831,0.22,0.32650116,0.10650116,0.01,0.004001201419311525,0.0015579199999999
80c3e447e75f60fb,gemm-p,gemm-p,lv2:__PARA__L0-1.__PARA__L1-1.__PARA__L2-4.__PARA__L3-2.__PIPE__L0-off.__PIPE__L2-off.__TILE__L0-1.__TILE__L2-2,target,query,query,finetune_dataset,data_182.pt,1354866.0,stage5e_dmw_afrc,2,50,hmoe_support_paired_seed2,1.4418889,1.802059934774474,0.2521251,0.01,0.01993684992074814,0.003949026,0.0,-0.026240949456980824,0.039518088,0.0,0.012722582,0.012722582,0.02,0.02499575669753336,0.005488849
ab4496d8f92da597,gemm-p,gemm-p,lv2:__PARA__L0-5.__PARA__L1-32.__PARA__L2-10.__PARA__L3-1.__PIPE__L0-off.__PIPE__L2-flatten.__TILE__L0-1.__TILE__L2-8,target,query,query,finetune_dataset,data_415.pt,10100.0,stage5e_dmw_afrc,2,50,hmoe_support_paired_seed2,4.9757147,5.038871741079808,0.0906672999999997,0.23,0.21485422590862044,0.01747693,0.16,0.1415744999121529,0.0187701299999999,0.22,0.22180864,0.00180864,0.01,0.009496742095795221,0.00922254
dfa5e5c5212bb1b3,gemm-p,gemm-p,lv2:__PARA__L0-1.__PARA__L1-8.__PARA__L2-1.__PARA__L3-32.__PIPE__L0-off.__PIPE__L2-off.__TILE__L0-1.__TILE__L2-80,target,query,query,finetune_dataset,data_329.pt,285829.0,stage5e_dmw_afrc,2,50,hmoe_support_paired_seed2,2.564352,2.934966963109093,0.687427,0.01,0.06499012394104627,0.06461527,0.0,-0.008794978456375271,0.001086211,0.01,0.0281851,0.0181851,0.05,0.02537988702710741,0.0443145085
6eb5dbce3faf0b52,gemm-p,gemm-p,lv2:__PARA__L0-1.__PARA__L1-1.__PARA__L2-16.__PARA__L3-70.__PIPE__L0-off.__PIPE__L2-off.__TILE__L0-1.__TILE__L2-1,target,query,query,finetune_dataset,data_132.pt,14587.0,stage5e_dmw_afrc,2,50,hmoe_support_paired_seed2,4.7105503,4.852204663253122,0.1966390999999996,0.32,0.3710382273837572,0.1279250599999999,0.24,0.22205521450573984,0.05496887,0.36,0.5181606,0.1581605999999999,0.01,0.014847569089794612,0.00554106
15d5eb53c98795f2,gemm-p,gemm-p,lv2:__PARA__L0-1.__PARA__L1-1.__PARA__L2-4.__PARA__L3-10.__PIPE__L0-off.__PIPE__L2-off.__TILE__L0-1.__TILE__L2-2,target,query,query,finetune_dataset,data_174.pt,312005.0,stage5e_dmw_afrc,2,50,hmoe_support_paired_seed2,2.5011435,2.4572007055374505,0.0829325,0.01,0.04263878245795847,0.033706477,0.01,0.022008623213599768,0.009678831,0.01,0.035052985,0.025052985,0.03,0.025692260703052555,0.0065216279999999
a6dc35a49236c7ab,gemm-p,gemm-p,lv2:__PARA__L0-1.__PARA__L1-1.__PARA__L2-4.__PARA__L3-14.__PIPE__L0-off.__PIPE__L2-NA.__TILE__L0-1.__TILE__L2-1,target,query,query,finetune_dataset,data_176.pt,61570.0,stage5e_dmw_afrc,2,50,hmoe_support_paired_seed2,3.6717784,4.498169687809207,1.0801341999999998,0.09,0.0598511686273532,0.046073612,0.04,0.026291693874466962,0.036573627,0.09,0.046495646,0.0435043539999999,0.04,0.022360171639510977,0.01474082
73c8706bbbfe9935,gemm-p,gemm-p,lv2:__PARA__L0-1.__PARA__L1-1.__PARA__L2-2.__PARA__L3-70.__PIPE__L0-off.__PIPE__L2-off.__TILE__L0-1.__TILE__L2-1,target,query,query,finetune_dataset,data_155.pt,35647.0,stage5e_dmw_afrc,2,50,hmoe_support_paired_seed2,4.066002,4.097324193989426,0.0418012999999994,0.04,0.06442418421226641,0.000524125,0.02,0.06288157252519228,0.05088229,0.02,0.08458534,0.0645853399999999,0.01,0.034911216059464796,0.046388065
4f0e57501f9fad75,gemm-p,gemm-p,lv2:__PARA__L0-3.__PARA__L1-32.__PARA__L2-10.__PARA__L3-1.__PIPE__L0-off.__PIPE__L2-flatten.__TILE__L0-1.__TILE__L2-8,target,query,query,finetune_dataset,data_383.pt,9717.0,stage5e_dmw_afrc,2,50,hmoe_support_paired_seed2,5.0036006,5.10103261543995,0.1490003999999993,0.23,0.21573844374603285,0.02546687,0.16,0.1457480959661254,0.02839843,0.22,0.28449985,0.06449985,0.01,0.007579277211445493,0.011378858
0cc2af7e268e2d52,gemm-p,gemm-p,lv2:__PARA__L0-1.__PARA__L1-1.__PARA__L2-4.__PARA__L3-10.__PIPE__L0-off.__PIPE__L2-NA.__TILE__L0-1.__TILE__L2-1,target,query,query,finetune_dataset,data_172.pt,61570.0,stage5e_dmw_afrc,2,50,hmoe_support_paired_seed2,3.6717784,4.480013179576011,1.0804842,0.07,0.05608940964443518,0.027307607,0.03,0.026433566461725136,0.0209597929999999,0.07,0.0421423,0.0278577,0.03,0.021826755388582832,0.0014291859999999
fbc52266ca9a83a7,gemm-p,gemm-p,lv2:__PARA__L0-1.__PARA__L1-1.__PARA__L2-10.__PARA__L3-5.__PIPE__L0-off.__PIPE__L2-off.__TILE__L0-1.__TILE__L2-2,target,query,query,finetune_dataset,data_114.pt,359269.0,stage5e_dmw_afrc,2,50,hmoe_support_paired_seed2,2.399396,2.2076239984868478,0.3151397999999998,0.01,0.01689686285537312,0.014478084,0.01,0.015520603118147291,0.005131612,0.01,0.015649438,0.005649438,0.03,0.02808621159488428,0.0067238069999999
ee52790391382ef9,gemm-p,gemm-p,lv2:__PARA__L0-1.__PARA__L1-1.__PARA__L2-4.__PARA__L3-5.__PIPE__L0-off.__PIPE__L2-off.__TILE__L0-1.__TILE__L2-1,target,query,query,finetune_dataset,data_185.pt,28505.0,stage5e_dmw_afrc,2,50,hmoe_support_paired_seed2,4.2272844,4.261911684927813,0.1471309999999999,0.03,0.027753467165149138,0.0234105277,0.02,0.011648987541465683,0.035820153,0.03,0.03233388,0.00233388,0.03,0.01924755504143246,0.0008752799999999
1932fcf0a6ce1ae3,gemm-p,gemm-p,lv2:__PARA__L0-1.__PARA__L1-5.__PARA__L2-10.__PARA__L3-1.__PIPE__L0-off.__PIPE__L2-flatten.__TILE__L0-1.__TILE__L2-1,target,query,query,finetune_dataset,data_304.pt,11587.0,stage5e_dmw_afrc,2,50,hmoe_support_paired_seed2,4.8766384,4.899214891004194,0.0624846000000003,0.21,0.21365007033220204,0.0098492,0.15,0.13761835757489996,0.0029162,0.22,0.2880787,0.0680787,0.01,0.0063825047279705924,0.004056427
6906df091d6d080c,gemm-p,gemm-p,lv2:__PARA__L0-1.__PARA__L1-1.__PARA__L2-20.__PARA__L3-2.__PIPE__L0-off.__PIPE__L2-NA.__TILE__L0-1.__TILE__L2-1,target,query,query,finetune_dataset,data_162.pt,32411.0,stage5e_dmw_afrc,2,50,hmoe_support_paired_seed2,4.13465,3.9176033991928647,0.2552954999999999,0.12,0.10826761561771872,0.0420426699999999,0.06,0.06131875970681354,0.0163390599999999,0.09,0.061052144,0.0289478559999999,0.03,0.01828757180084927,0.014287279
e566ce1ddeb8d42a,gemm-p,gemm-p,lv2:__PARA__L0-30.__PARA__L1-32.__PARA__L2-10.__PARA__L3-1.__PIPE__L0-off.__PIPE__L2-flatten.__TILE__L0-1.__TILE__L2-8,target,query,query,finetune_dataset,data_393.pt,15139.0,stage5e_dmw_afrc,2,50,hmoe_support_paired_seed2,4.6837573,4.745766946603607,0.0416087000000002,0.23,0.25500308677598743,0.05897557,0.16,0.14613210039409003,0.04374874,0.22,0.18940139,0.03059861,0.01,0.007136480648761497,0.0046732093
2ccc724e5fad3084,gemm-p,gemm-p,lv2:__PARA__L0-1.__PARA__L1-1.__PARA__L2-16.__PARA__L3-14.__PIPE__L0-off.__PIPE__L2-NA.__TILE__L0-1.__TILE__L2-1,target,query,query,finetune_dataset,data_123.pt,30250.0,stage5e_dmw_afrc,2,50,hmoe_support_paired_seed2,4.1844244,4.787210984080754,0.6489959000000001,0.34,0.17743160037870614,0.1460843,0.16,0.10496491725031612,0.0688704,0.38,0.20729503,0.17270497,0.01,0.015531321922522292,0.0068299499999999
52cc73074533db20,gemm-p,gemm-p,lv2:__PARA__L0-1.__PARA__L1-1.__PARA__L2-1.__PARA__L3-14.__PIPE__L0-off.__PIPE__L2-off.__TILE__L0-1.__TILE__L2-4,target,query,query,finetune_dataset,data_85.pt,417715.0,stage5e_dmw_afrc,2,50,hmoe_support_paired_seed2,2.2906687,2.464635666185531,0.261533,0.01,0.03613636610070449,0.0225096549999999,0.0,0.010941015177312904,0.011315107,0.0,0.020459086,0.020459086,0.02,0.029136449125483424,0.005417252
0c1a4d5cf2e95213,gemm-p,gemm-p,lv2:__PARA__L0-1.__PARA__L1-1.__PARA__L2-2.__PARA__L3-14.__PIPE__L0-off.__PIPE__L2-off.__TILE__L0-1.__TILE__L2-4,target,query,query,finetune_dataset,data_141.pt,244565.0,stage5e_dmw_afrc,2,50,hmoe_support_paired_seed2,2.676819,2.9626927908931924,0.7386206,0.01,0.024815034112539262,0.000360439,0.0,-0.010268124911860374,0.021142486,0.0,0.034249097,0.034249097,0.03,0.02098966484744934,0.02361773
e25bd84c9a0fa396,gemm-p,gemm-p,lv2:__PARA__L0-1.__PARA__L1-32.__PARA__L2-10.__PARA__L3-1.__PIPE__L0-off.__PIPE__L2-flatten.__TILE__L0-4.__TILE__L2-1,target,query,query,finetune_dataset,data_279.pt,9914.0,stage5e_dmw_afrc,2,50,hmoe_support_paired_seed2,4.9891224,5.056595218403548,0.1344522999999995,0.23,0.24366715371035425,0.0087871999999999,0.16,0.18283712663439905,0.07200464,0.22,0.32682177,0.10682177,0.01,0.005092737173943005,0.011836714
648a53c110f97b95,gemm-p,gemm-p,lv2:__PARA__L0-1.__PARA__L1-32.__PARA__L2-16.__PARA__L3-1.__PIPE__L0-off.__PIPE__L2-flatten.__TILE__L0-4.__TILE__L2-1,target,query,query,finetune_dataset,data_285.pt,9506.0,stage5e_dmw_afrc,2,50,hmoe_support_paired_seed2,5.019437,4.971394376705768,0.0240732999999995,0.35,0.30026619602982585,0.0467198999999999,0.24,0.21596744225146497,0.03034613,0.36,0.46045646,0.10045646,0.01,0.006939453847417929,0.0042867924
82851c00f5b54fd9,gemm-p,gemm-p,lv2:__PARA__L0-1.__PARA__L1-4.__PARA__L2-5.__PARA__L3-1.__PIPE__L0-off.__PIPE__L2-flatten.__TILE__L0-1.__TILE__L2-1,target,query,query,finetune_dataset,data_297.pt,16349.0,stage5e_dmw_afrc,2,50,hmoe_support_paired_seed2,4.628291,4.622484034449598,0.0424534000000003,0.1,0.15706176523306237,0.07131075,0.07,0.09149414287486213,0.0357479999999999,0.11,0.1605232,0.0505232,0.01,0.008908708437471914,0.0051237079999999
4d458343fcb07dcf,gemm-p,gemm-p,lv2:__PARA__L0-1.__PARA__L1-2.__PARA__L2-16.__PARA__L3-70.__PIPE__L0-off.__PIPE__L2-off.__TILE__L0-1.__TILE__L2-1,target,query,query,finetune_dataset,data_253.pt,12487.0,stage5e_dmw_afrc,2,50,hmoe_support_paired_seed2,4.8226786,4.907270831172786,0.1376824000000001,0.32,0.3591322146158233,0.11572733,0.24,0.21916427130866267,0.0584007599999999,0.36,0.5366769,0.1766769,0.01,0.013707149414802588,0.0071748229999999
aedc82d84c86e989,gemm-p,gemm-p,lv2:__PARA__L0-6.__PARA__L1-32.__PARA__L2-1.__PARA__L3-1.__PIPE__L0-NA.__PIPE__L2-flatten.__TILE__L0-1.__TILE__L2-80,target,query,query,finetune_dataset,data_419.pt,34772.0,stage5e_dmw_afrc,2,50,hmoe_support_paired_seed2,4.083929,4.127038924584603,0.0895476999999997,0.06,0.07699611336566457,0.0032418099999999,0.02,0.029298828429141267,0.0167320179999999,0.04,0.036677867,0.0033221329999999,0.05,0.04500639478927405,0.0068877899999999
7e01946735babf1e,gemm-p,gemm-p,lv2:__PARA__L0-1.__PARA__L1-1.__PARA__L2-2.__PARA__L3-2.__PIPE__L0-off.__PIPE__L2-NA.__TILE__L0-1.__TILE__L2-1,target,query,query,finetune_dataset,data_142.pt,166331.0,stage5e_dmw_afrc,2,50,hmoe_support_paired_seed2,2.9548995,2.7255607836337146,0.5258835999999998,0.02,0.01891340021624691,0.004932929,0.01,-0.0073944907178556145,0.027538816,0.01,0.023590118,0.013590118,0.01,0.015772358269558032,0.03167134
6a48c75fc069f0a2,gemm-p,gemm-p,lv2:__PARA__L0-1.__PARA__L1-4.__PARA__L2-1.__PARA__L3-32.__PIPE__L0-off.__PIPE__L2-off.__TILE__L0-1.__TILE__L2-80,target,query,query,finetune_dataset,data_290.pt,286369.0,stage5e_dmw_afrc,2,50,hmoe_support_paired_seed2,2.5629904,2.947064779033707,0.7440388000000002,0.01,0.06144799247310292,0.060697784,0.0,-0.007564499286372884,0.004134655,0.0,0.02905783,0.02905783,0.05,0.024176500670440658,0.0502544962
1e3f23d111e1c4c2,gemm-p,gemm-p,lv2:__PARA__L0-1.__PARA__L1-1.__PARA__L2-5.__PARA__L3-10.__PIPE__L0-off.__PIPE__L2-off.__TILE__L0-1.__TILE__L2-2,target,query,query,finetune_dataset,data_197.pt,281177.0,stage5e_dmw_afrc,2,50,hmoe_support_paired_seed2,2.5761888,2.7989567733729985,0.2935173999999998,0.01,0.04152625457800645,0.02806582,0.01,0.03413323599473324,0.029535224,0.01,0.026229829,0.016229829,0.03,0.026781780499979896,0.0030905459999999
b3b01272ccc963fe,gemm-p,gemm-p,lv2:__PARA__L0-1.__PARA__L1-1.__PARA__L2-20.__PARA__L3-5.__PIPE__L0-off.__PIPE__L2-off.__TILE__L0-1.__TILE__L2-1,target,query,query,finetune_dataset,data_166.pt,15844.0,stage5e_dmw_afrc,2,50,hmoe_support_paired_seed2,4.6509237,4.230138864075453,0.4561114000000001,0.12,0.0956605588936701,0.037688996,0.08,0.09337854010625142,0.0415097299999999,0.18,0.15716603,0.0228339699999999,0.02,0.017176238160264062,0.007786119
0742731e2639c567,gemm-p,gemm-p,lv2:__PARA__L0-1.__PARA__L1-5.__PARA__L2-8.__PARA__L3-1.__PIPE__L0-off.__PIPE__L2-flatten.__TILE__L0-1.__TILE__L2-2,target,query,query,finetune_dataset,data_322.pt,122715.0,stage5e_dmw_afrc,2,50,hmoe_support_paired_seed2,3.1742723,3.1400270595680126,0.0294511000000001,0.32,0.25689145599037005,0.0417375999999999,0.12,0.09181843832196507,0.0174587299999999,0.18,0.44210014,0.26210014,0.01,0.006507211645177766,0.0073448683
6a4d5dd88f9cbbc8,gemm-p,gemm-p,lv2:__PARA__L0-1.__PARA__L1-1.__PARA__L2-4.__PARA__L3-14.__PIPE__L0-off.__PIPE__L2-off.__TILE__L0-1.__TILE__L2-1,target,query,query,finetune_dataset,data_177.pt,14650.0,stage5e_dmw_afrc,2,50,hmoe_support_paired_seed2,4.707442,4.590784446294117,0.0236795,0.06,0.050300856893687095,0.032857356,0.04,0.03008011370015774,0.04524544,0.09,0.04155007,0.0484499299999999,0.04,0.02022511581169555,0.013153131
32cf6e43afec35ad,gemm-p,gemm-p,lv2:__PARA__L0-1.__PARA__L1-4.__PARA__L2-1.__PARA__L3-1.__PIPE__L0-off.__PIPE__L2-flatten.__TILE__L0-1.__TILE__L2-80,target,query,query,finetune_dataset,data_288.pt,32587.0,stage5e_dmw_afrc,2,50,hmoe_support_paired_seed2,4.130744,4.274844512155292,0.2148029999999998,0.03,0.04874113694566912,0.0126816049999999,0.01,0.01580378391081384,0.029821804,0.02,0.035531998,0.015531998,0.05,0.04046548501365547,0.00424731
396e05dbe851e2f4,gemm-p,gemm-p,lv2:__PARA__L0-1.__PARA__L1-1.__PARA__L2-2.__PARA__L3-14.__PIPE__L0-off.__PIPE__L2-NA.__TILE__L0-1.__TILE__L2-1,target,query,query,finetune_dataset,data_138.pt,108370.0,stage5e_dmw_afrc,2,50,hmoe_support_paired_seed2,3.2639453,3.848840602782434,0.7184537,0.05,0.06170398325014866,0.02385036,0.02,0.014911141143081686,0.009186972,0.05,0.063699335,0.0136993349999999,0.03,0.021809282562189482,0.0271144963
2f9f4901901789d3,gemm-p,gemm-p,lv2:__PARA__L0-1.__PARA__L1-1.__PARA__L2-1.__PARA__L3-10.__PIPE__L0-off.__PIPE__L2-off.__TILE__L0-1.__TILE__L2-1,target,query,query,finetune_dataset,data_80.pt,158833.0,stage5e_dmw_afrc,2,50,hmoe_support_paired_seed2,2.9881728,3.1841585857356516,0.3619086,0.02,0.005501147447824227,0.0368830849999999,0.01,0.0016105023524668196,0.0130497503,0.02,0.019371659,0.000628341,0.03,0.03105799127064251,0.00906624
0316df0ba1e1469b,gemm-p,gemm-p,lv2:__PARA__L0-1.__PARA__L1-1.__PARA__L2-4.__PARA__L3-2.__PIPE__L0-off.__PIPE__L2-off.__TILE__L0-1.__TILE__L2-1,target,query,query,finetune_dataset,data_181.pt,51551.0,stage5e_dmw_afrc,2,50,hmoe_support_paired_seed2,3.799892,3.4629446159472312,0.457055,0.02,0.0006585416298336357,0.044509283,0.01,-7.231912362818157e-05,0.031302162,0.02,0.022469878,0.0024698779999999,0.02,0.021800763176473982,0.00300107
80bca34061fd0f83,gemm-p,gemm-p,lv2:__PARA__L0-10.__PARA__L1-32.__PARA__L2-10.__PARA__L3-1.__PIPE__L0-NA.__PIPE__L2-flatten.__TILE__L0-1.__TILE__L2-8,target,query,query,finetune_dataset,data_335.pt,11083.0,stage5e_dmw_afrc,2,50,hmoe_support_paired_seed2,4.908718,4.924847152421166,0.0044135,0.23,0.21378837620651847,0.02278347,0.16,0.1656983186087589,0.00564444,0.22,0.18287888,0.03712112,0.01,0.009066557799078638,0.005100403
cf80b0e06ab7b3da,gemm-p,gemm-p,lv2:__PARA__L0-1.__PARA__L1-5.__PARA__L2-16.__PARA__L3-1.__PIPE__L0-off.__PIPE__L2-flatten.__TILE__L0-1.__TILE__L2-1,target,query,query,finetune_dataset,data_307.pt,11227.0,stage5e_dmw_afrc,2,50,hmoe_support_paired_seed2,4.899406,4.676019324285972,0.2829540000000001,0.32,0.2620761628276374,0.0382979299999999,0.24,0.1603927189709539,0.0660373799999999,0.36,0.29877472,0.0612252799999999,0.01,0.008548538857763565,0.011275802
2040c35f05b537b6,gemm-p,gemm-p,lv2:__PARA__L0-1.__PARA__L1-1.__PARA__L2-4.__PARA__L3-5.__PIPE__L0-off.__PIPE__L2-off.__TILE__L0-1.__TILE__L2-2,target,query,query,finetune_dataset,data_186.pt,592860.0,stage5e_dmw_afrc,2,50,hmoe_support_paired_seed2,2.0380824,1.9233641710505482,0.2528143,0.01,0.030903035061205043,0.019761523,0.0,0.002168647787466039,0.00094815815,0.0,0.029982716,0.029982716,0.03,0.025452000771950548,0.0052717189999999
c5791db1d59b0697,gemm-p,gemm-p,lv2:__PARA__L0-1.__PARA__L1-2.__PARA__L2-2.__PARA__L3-70.__PIPE__L0-off.__PIPE__L2-off.__TILE__L0-1.__TILE__L2-1,target,query,query,finetune_dataset,data_256.pt,33547.0,stage5e_dmw_afrc,2,50,hmoe_support_paired_seed2,4.1098003,4.211430270363872,0.1421671,0.04,0.07340732477210957,0.0177790139999999,0.02,0.06282045189900488,0.0549644599999999,0.02,0.0916557,0.0716557,0.01,0.030644746420256278,0.03841952
2b251a0cc9266ecf,gemm-p,gemm-p,lv2:__PARA__L0-1.__PARA__L1-1.__PARA__L2-16.__PARA__L3-7.__PIPE__L0-off.__PIPE__L2-off.__TILE__L0-1.__TILE__L2-1,target,query,query,finetune_dataset,data_130.pt,15723.0,stage5e_dmw_afrc,2,50,hmoe_support_paired_seed2,4.656454,4.368182172299057,0.3504139999999998,0.13,0.12558295675918987,0.0041562599999999,0.08,0.07691591135664932,0.011177765,0.2,0.18426394,0.01573606,0.02,0.020061814206156443,0.01947918
4b09448f98193400,gemm-p,gemm-p,lv2:__PARA__L0-1.__PARA__L1-1.__PARA__L2-1.__PARA__L3-14.__PIPE__L0-off.__PIPE__L2-off.__TILE__L0-1.__TILE__L2-2,target,query,query,finetune_dataset,data_84.pt,417715.0,stage5e_dmw_afrc,2,50,hmoe_support_paired_seed2,2.2906687,2.2623372271120155,0.1391746999999998,0.01,-0.000804367339318458,0.041291932,0.0,0.004839224974578756,0.00685364,0.0,0.025820017,0.025820017,0.02,0.0394685071353753,0.0462284939999999
6974af566d331d1d,gemm-p,gemm-p,lv2:__PARA__L0-1.__PARA__L1-1.__PARA__L2-16.__PARA__L3-10.__PIPE__L0-off.__PIPE__L2-off.__TILE__L0-1.__TILE__L2-1,target,query,query,finetune_dataset,data_122.pt,12850.0,stage5e_dmw_afrc,2,50,hmoe_support_paired_seed2,4.802008,4.678123963018919,0.1587714,0.17,0.13993416304288478,0.02075799,0.11,0.08889686504265319,0.02670388,0.27,0.21066979,0.05933021,0.01,0.016893444893633147,0.016578171
298a63f3c60efac6,gemm-p,gemm-p,lv2:__PARA__L0-10.__PARA__L1-32.__PARA__L2-1.__PARA__L3-1.__PIPE__L0-off.__PIPE__L2-flatten.__TILE__L0-1.__TILE__L2-80,target,query,query,finetune_dataset,data_334.pt,38283.0,stage5e_dmw_afrc,2,50,hmoe_support_paired_seed2,4.01454,4.065415178925537,0.0701419999999997,0.06,0.062075908296784485,0.00109336,0.02,0.02918545408242499,0.0001872369999999,0.04,0.052763283,0.012763283,0.05,0.04224042744359844,0.0069961
23145cd5e1131852,gemm-p,gemm-p,lv2:__PARA__L0-1.__PARA__L1-2.__PARA__L2-1.__PARA__L3-1.__PIPE__L0-off.__PIPE__L2-flatten.__TILE__L0-1.__TILE__L2-1,target,query,query,finetune_dataset,data_240.pt,33247.0,stage5e_dmw_afrc,2,50,hmoe_support_paired_seed2,4.11628,4.142789905852157,0.0399123000000001,0.03,0.041262582416263106,0.009717674,0.01,0.005439234237311719,0.014939537,0.02,0.02570951,0.00570951,0.05,0.03497573055911069,0.004142228
2d2deba5a323b304,gemm-p,gemm-p,lv2:__PARA__L0-5.__PARA__L1-32.__PARA__L2-16.__PARA__L3-1.__PIPE__L0-NA.__PIPE__L2-flatten.__TILE__L0-1.__TILE__L2-1,target,query,query,finetune_dataset,data_416.pt,9680.0,stage5e_dmw_afrc,2,50,hmoe_support_paired_seed2,5.006353,5.170352489392802,0.2004340000000004,0.35,0.3163167072115693,0.0510018499999999,0.24,0.1971025624096378,0.07573526,0.36,0.3101106,0.0498893999999999,0.01,0.006259294424832462,0.0027845835
6e5c2cdd9eaec4b2,gemm-p,gemm-p,lv2:__PARA__L0-1.__PARA__L1-2.__PARA__L2-1.__PARA__L3-70.__PIPE__L0-off.__PIPE__L2-off.__TILE__L0-1.__TILE__L2-1,target,query,query,finetune_dataset,data_246.pt,33247.0,stage5e_dmw_afrc,2,50,hmoe_support_paired_seed2,4.11628,3.4651566338384896,0.6853650999999998,0.03,0.02429822434669267,0.0473445569999999,0.01,0.01149819421787495,0.024837196,0.02,0.075314045,0.0553140449999999,0.05,0.04380824575397056,0.02935701
a8d1f1840483035f,gemm-p,gemm-p,lv2:__PARA__L0-1.__PARA__L1-5.__PARA__L2-2.__PARA__L3-1.__PIPE__L0-off.__PIPE__L2-flatten.__TILE__L0-1.__TILE__L2-2,target,query,query,finetune_dataset,data_311.pt,425416.0,stage5e_dmw_afrc,2,50,hmoe_support_paired_seed2,2.2774909,3.235847692507881,1.013798,0.2,0.104772617947508,0.10712196,0.03,0.014665148171424903,0.0063519169999999,0.02,0.09200266,0.07200266,0.01,0.02626103138927066,0.016769545
2bd3a5f7e7748f97,gemm-p,gemm-p,lv2:__PARA__L0-4.__PARA__L1-32.__PARA__L2-10.__PARA__L3-1.__PIPE__L0-off.__PIPE__L2-flatten.__TILE__L0-1.__TILE__L2-8,target,query,query,finetune_dataset,data_408.pt,9914.0,stage5e_dmw_afrc,2,50,hmoe_support_paired_seed2,4.9891224,5.031976556111243,0.0625025999999993,0.23,0.21653781511740827,0.01691378,0.16,0.13754541581474297,0.0282011,0.22,0.22590059,0.00590059,0.01,0.008521404866697802,0.009668264
2d76745aabbd6108,gemm-p,gemm-p,lv2:__PARA__L0-1.__PARA__L1-2.__PARA__L2-5.__PARA__L3-70.__PIPE__L0-off.__PIPE__L2-off.__TILE__L0-1.__TILE__L2-1,target,query,query,finetune_dataset,data_262.pt,17009.0,stage5e_dmw_afrc,2,50,hmoe_support_paired_seed2,4.599743,4.612285969545466,0.0020877000000005,0.1,0.1078703611748399,0.01246498,0.07,0.09135278854542782,0.0265391699999999,0.11,0.06441206,0.04558794,0.01,0.018724917549381076,0.0166783069999999
43d18c5165979f67,gemm-p,gemm-p,lv2:__PARA__L0-1.__PARA__L1-1.__PARA__L2-1.__PARA__L3-1.__PIPE__L0-off.__PIPE__L2-off.__TILE__L0-1.__TILE__L2-1,target,query,query,finetune_dataset,data_79.pt,461231.0,stage5e_dmw_afrc,2,50,hmoe_support_paired_seed2,2.2191834,2.4529467273830154,0.2419644,0.0,0.02372285406878948,0.03379935,0.0,-0.004929389946727108,0.00030471213,0.0,0.012137383,0.012137383,0.01,0.01938420638228463,0.025081752
ee521b66d72488d4,gemm-p,gemm-p,lv2:__PARA__L0-1.__PARA__L1-1.__PARA__L2-8.__PARA__L3-2.__PIPE__L0-off.__PIPE__L2-off.__TILE__L0-1.__TILE__L2-2,target,query,query,finetune_dataset,data_222.pt,913796.0,stage5e_dmw_afrc,2,50,hmoe_support_paired_seed2,1.7259921,2.0217190759177646,0.2722726,0.01,0.027204003247512144,0.001826087,0.0,-0.014390267299201329,0.03384731,0.0,0.017653912,0.017653912,0.02,0.036504879245415484,0.0379253299999999
5e8aba50d737ff09,gemm-p,gemm-p,lv2:__PARA__L0-1.__PARA__L1-1.__PARA__L2-16.__PARA__L3-5.__PIPE__L0-off.__PIPE__L2-NA.__TILE__L0-1.__TILE__L2-1,target,query,query,finetune_dataset,data_127.pt,33064.0,stage5e_dmw_afrc,2,50,hmoe_support_paired_seed2,4.1202617,3.7174990542529622,0.6583562000000005,0.16,0.1571261420619239,0.0214671999999999,0.07,0.07885805379709888,0.0132348499999999,0.15,0.1056039,0.0443960999999999,0.06,0.021984472977747246,0.008974982
4675658dc113ab33,gemm-p,gemm-p,lv2:__PARA__L0-4.__PARA__L1-16.__PARA__L2-16.__PARA__L3-1.__PIPE__L0-NA.__PIPE__L2-flatten.__TILE__L0-1.__TILE__L2-1,target,query,query,finetune_dataset,data_403.pt,9642.0,stage5e_dmw_afrc,2,50,hmoe_support_paired_seed2,5.00919,5.129006671746283,0.1039009999999995,0.35,0.3022227329913249,0.0582527599999999,0.24,0.18110052038153404,0.0904957899999999,0.36,0.27602366,0.0839763399999999,0.01,0.0034708978811394515,0.0033713909999999
3c323e9746495040,gemm-p,gemm-p,lv2:__PARA__L0-1.__PARA__L1-32.__PARA__L2-1.__PARA__L3-1.__PIPE__L0-off.__PIPE__L2-flatten.__TILE__L0-1.__TILE__L2-80,target,query,query,finetune_dataset,data_268.pt,31567.0,stage5e_dmw_afrc,2,50,hmoe_support_paired_seed2,4.1536837,4.447109843162404,0.3929382999999999,0.03,0.0575941945068621,0.01820445,0.02,0.01868397418290426,0.0211350129999999,0.04,0.046485633,0.0064856329999999,0.05,0.04401435468774003,0.0019948449999999
f155813f1414fb40,gemm-p,gemm-p,lv2:__PARA__L0-1.__PARA__L1-70.__PARA__L2-1.__PARA__L3-32.__PIPE__L0-off.__PIPE__L2-off.__TILE__L0-1.__TILE__L2-80,target,query,query,finetune_dataset,data_326.pt,251089.0,stage5e_dmw_afrc,2,50,hmoe_support_paired_seed2,2.6578286,3.3548314332261975,1.0888191999999997,0.03,0.07640279572157767,0.03929383,0.02,0.018765052818111444,0.0045691025,0.08,0.07436377,0.00563623,0.04,0.031055688948080053,0.024850066
3abca6a56e6f2142,gemm-p,gemm-p,lv2:__PARA__L0-1.__PARA__L1-8.__PARA__L2-16.__PARA__L3-1.__PIPE__L0-off.__PIPE__L2-flatten.__TILE__L0-1.__TILE__L2-1,target,query,query,finetune_dataset,data_331.pt,11167.0,stage5e_dmw_afrc,2,50,hmoe_support_paired_seed2,4.903271,4.70211755752268,0.2661680000000004,0.32,0.2717728136063703,0.0329992499999999,0.24,0.16925068598708454,0.0570314999999999,0.36,0.3130513,0.0469487,0.01,0.010241482247231317,0.009778533
12af4cbbb23a055b,gemm-p,gemm-p,lv2:__PARA__L0-1.__PARA__L1-1.__PARA__L2-2.__PARA__L3-1.__PIPE__L0-off.__PIPE__L2-flatten.__TILE__L0-1.__TILE__L2-1,target,query,query,finetune_dataset,data_133.pt,35647.0,stage5e_dmw_afrc,2,50,hmoe_support_paired_seed2,4.066002,4.22733222267465,0.2353285999999999,0.04,0.06834762328072033,0.03369676,0.02,0.030048510161662604,0.027415048,0.02,0.064079314,0.0440793139999999,0.01,0.020261204301867054,0.0023078585
0603f124845f13e3,gemm-p,gemm-p,lv2:__PARA__L0-30.__PARA__L1-32.__PARA__L2-10.__PARA__L3-1.__PIPE__L0-NA.__PIPE__L2-flatten.__TILE__L0-2.__TILE__L2-1,target,query,query,finetune_dataset,data_392.pt,15139.0,stage5e_dmw_afrc,2,50,hmoe_support_paired_seed2,4.6837573,4.9539348992489165,0.3433166999999999,0.23,0.24545309922426445,0.00843502,0.16,0.20196075438886923,0.0625597199999999,0.22,0.13650909,0.08349091,0.01,0.008865151133683484,0.0123133943
eebad30dd85f618c,gemm-p,gemm-p,lv2:__PARA__L0-1.__PARA__L1-1.__PARA__L2-5.__PARA__L3-14.__PIPE__L0-off.__PIPE__L2-off.__TILE__L0-1.__TILE__L2-1,target,query,query,finetune_dataset,data_199.pt,15452.0,stage5e_dmw_afrc,2,50,hmoe_support_paired_seed2,4.6689954,4.654075739460161,0.0548495999999998,0.07,0.05542032513340409,0.041850038,0.05,0.04119432622540252,0.0537879248,0.11,0.039941877,0.070058123,0.04,0.019261413506173813,0.01288789
91bd08a09160f90f,gemm-p,gemm-p,lv2:__PARA__L0-2.__PARA__L1-32.__PARA__L2-1.__PARA__L3-1.__PIPE__L0-off.__PIPE__L2-flatten.__TILE__L0-1.__TILE__L2-80,target,query,query,finetune_dataset,data_366.pt,31323.0,stage5e_dmw_afrc,2,50,hmoe_support_paired_seed2,4.159281,4.017535955510525,0.2220943000000002,0.06,0.06832837046329798,0.0002635149999999,0.02,0.030194335179141794,0.01907162,0.04,0.031060547,0.008939453,0.05,0.04445481646601223,0.0045350159999999
0672e73f8bfbb77c,gemm-p,gemm-p,lv2:__PARA__L0-1.__PARA__L1-14.__PARA__L2-1.__PARA__L3-32.__PIPE__L0-off.__PIPE__L2-off.__TILE__L0-1.__TILE__L2-1,target,query,query,finetune_dataset,data_232.pt,285169.0,stage5e_dmw_afrc,2,50,hmoe_support_paired_seed2,2.5660195,2.7042433680334117,0.1513998999999999,0.02,0.03444680925082557,0.0077387285,0.01,-0.0021105056438703316,0.034873544,0.01,0.04029748,0.0302974799999999,0.05,0.039549744771525126,0.0023251739999999
1df20d1da09ff72e,gemm-p,gemm-p,lv2:__PARA__L0-1.__PARA__L1-32.__PARA__L2-10.__PARA__L3-1.__PIPE__L0-off.__PIPE__L2-flatten.__TILE__L0-1.__TILE__L2-8,target,query,query,finetune_dataset,data_277.pt,11167.0,stage5e_dmw_afrc,2,50,hmoe_support_paired_seed2,4.903271,4.406316243790068,0.354095,0.21,0.2553079307371325,0.06689943,0.15,0.1298521517740569,0.0385989199999999,0.22,0.2010937,0.0189063,0.01,0.005704947831429214,0.002510395
46580acbb8d130f0,gemm-p,gemm-p,lv2:__PARA__L0-1.__PARA__L1-32.__PARA__L2-10.__PARA__L3-1.__PIPE__L0-off.__PIPE__L2-flatten.__TILE__L0-60.__TILE__L2-1,target,query,query,finetune_dataset,data_280.pt,11167.0,stage5e_dmw_afrc,2,50,hmoe_support_paired_seed2,4.903271,5.143922810320669,0.3686563999999999,0.21,0.23597168550129438,0.02986313,0.15,0.14484299856881375,0.03664321,0.22,0.28098774,0.0609877399999999,0.01,0.007731146527578369,0.003915396
4dad3dd4a98d07e4,gemm-p,gemm-p,lv2:__PARA__L0-1.__PARA__L1-1.__PARA__L2-5.__PARA__L3-5.__PIPE__L0-off.__PIPE__L2-NA.__TILE__L0-1.__TILE__L2-1,target,query,query,finetune_dataset,data_205.pt,57185.0,stage5e_dmw_afrc,2,50,hmoe_support_paired_seed2,3.7250738,4.017186590748839,0.3867015999999998,0.05,0.057188423284491315,0.000560004,0.02,0.02599839331287757,0.01934625626,0.05,0.040554255,0.009445745,0.03,0.021536552518483815,0.004869716
5256d90470dcb20f,gemm-p,gemm-p,lv2:__PARA__L0-1.__PARA__L1-1.__PARA__L2-4.__PARA__L3-70.__PIPE__L0-off.__PIPE__L2-NA.__TILE__L0-1.__TILE__L2-1,target,query,query,finetune_dataset,data_192.pt,23947.0,stage5e_dmw_afrc,2,50,hmoe_support_paired_seed2,4.3529696,4.479388372423882,0.1532344000000005,0.08,0.07885093743335798,0.03089352,0.05,0.0846071198038635,0.037263346,0.05,0.023906767,0.026093233,0.01,0.01976259510178864,0.005362544
c2ee75a2842c4990,gemm-p,gemm-p,lv2:__PARA__L0-1.__PARA__L1-1.__PARA__L2-8.__PARA__L3-1.__PIPE__L0-off.__PIPE__L2-flatten.__TILE__L0-1.__TILE__L2-1,target,query,query,finetune_dataset,data_213.pt,15487.0,stage5e_dmw_afrc,2,50,hmoe_support_paired_seed2,4.667363,4.913944600332792,0.3657289999999999,0.17,0.1861172965049597,0.0309887999999999,0.12,0.1284631071502716,0.025008,0.18,0.24133381,0.06133381,0.01,0.008365113027322124,0.002540436
c03aaad6566026ef,gemm-p,gemm-p,lv2:__PARA__L0-1.__PARA__L1-1.__PARA__L2-16.__PARA__L3-1.__PIPE__L0-off.__PIPE__L2-flatten.__TILE__L0-1.__TILE__L2-1,target,query,query,finetune_dataset,data_120.pt,14587.0,stage5e_dmw_afrc,2,50,hmoe_support_paired_seed2,4.7105503,4.66827202216454,0.0456393000000003,0.32,0.2591345287565237,0.03214536,0.24,0.16638128065167015,0.0618114399999999,0.36,0.2788221,0.0811778999999999,0.01,0.010607387409384234,0.0081180069999999
b5eb6d88728a2b5b,gemm-p,gemm-p,lv2:__PARA__L0-15.__PARA__L1-32.__PARA__L2-16.__PARA__L3-1.__PIPE__L0-off.__PIPE__L2-flatten.__TILE__L0-1.__TILE__L2-1,target,query,query,finetune_dataset,data_357.pt,11552.0,stage5e_dmw_afrc,2,50,hmoe_support_paired_seed2,4.878821,4.7769495714836925,0.1056639999999999,0.35,0.3898636220812477,0.12634295,0.24,0.29477140596192714,0.21091763,0.36,0.65771174,0.29771174,0.01,0.015321197487432653,0.005514536
75d6d53935daab05,gemm-p,gemm-p,lv2:__PARA__L0-1.__PARA__L1-1.__PARA__L2-20.__PARA__L3-2.__PIPE__L0-off.__PIPE__L2-off.__TILE__L0-1.__TILE__L2-1,target,query,query,finetune_dataset,data_163.pt,18551.0,stage5e_dmw_afrc,2,50,hmoe_support_paired_seed2,4.5371437,3.5360647639806837,0.9628381999999998,0.08,0.06970148034930317,0.015840815,0.05,0.04064125212350651,0.019570756,0.1,0.07995996,0.02004004,0.03,0.021263834052294126,0.011681542
8fe44ff51cb16406,gemm-p,gemm-p,lv2:__PARA__L0-1.__PARA__L1-32.__PARA__L2-16.__PARA__L3-1.__PIPE__L0-off.__PIPE__L2-flatten.__TILE__L0-60.__TILE__L2-1,target,query,query,finetune_dataset,data_286.pt,10807.0,stage5e_dmw_afrc,2,50,hmoe_support_paired_seed2,4.926909,4.978938165150253,0.0979956999999993,0.33,0.2943768817204841,0.01026277,0.24,0.17706934671124644,0.0184024499999999,0.36,0.34769246,0.01230754,0.01,0.009362372796703,0.0031734439999999
1a4493c05bc1e5d5,gemm-p,gemm-p,lv2:__PARA__L0-1.__PARA__L1-1.__PARA__L2-10.__PARA__L3-1.__PIPE__L0-off.__PIPE__L2-flatten.__TILE__L0-1.__TILE__L2-1,target,query,query,finetune_dataset,data_101.pt,14947.0,stage5e_dmw_afrc,2,50,hmoe_support_paired_seed2,4.692964,4.913697332496801,0.3190879999999998,0.21,0.2092923406407152,0.01602889,0.15,0.1405026315754621,0.00535223,0.22,0.26761097,0.04761097,0.01,0.00842983099092389,0.000570264
6542924bdc2c5f94,gemm-p,gemm-p,lv2:__PARA__L0-1.__PARA__L1-1.__PARA__L2-1.__PARA__L3-5.__PIPE__L0-off.__PIPE__L2-off.__TILE__L0-1.__TILE__L2-4,target,query,query,finetune_dataset,data_94.pt,570770.0,stage5e_dmw_afrc,2,50,hmoe_support_paired_seed2,2.0654733,1.929912104187343,0.2604886999999998,0.01,0.037112339430940736,0.03856056,0.0,0.011316506815255029,0.0109475255,0.0,0.02303487,0.02303487,0.02,0.036893006964011904,0.05336061
c9538e7fb963f114,gemm-p,gemm-p,lv2:__PARA__L0-1.__PARA__L1-4.__PARA__L2-1.__PARA__L3-32.__PIPE__L0-off.__PIPE__L2-off.__TILE__L0-1.__TILE__L2-1,target,query,query,finetune_dataset,data_289.pt,286369.0,stage5e_dmw_afrc,2,50,hmoe_support_paired_seed2,2.5629904,2.7044189378002996,0.1906951000000001,0.01,0.032194278306336775,0.008426448,0.0,-0.0040724431659194815,0.015649607,0.0,0.0333789,0.0333789,0.05,0.03564369600737299,0.0077340629999999
4906c8bd40b87d68,gemm-p,gemm-p,lv2:__PARA__L0-1.__PARA__L1-1.__PARA__L2-4.__PARA__L3-2.__PIPE__L0-off.__PIPE__L2-NA.__TILE__L0-1.__TILE__L2-1,target,query,query,finetune_dataset,data_180.pt,91931.0,stage5e_dmw_afrc,2,50,hmoe_support_paired_seed2,3.3826165,3.5137377904423666,0.1369428999999997,0.03,0.01979363860929486,0.042655027,0.01,0.006514674695001969,0.022972356,0.02,0.02560237,0.0056023699999999,0.02,0.01825556342421772,0.010681367
d29de04a627b59bc,gemm-p,gemm-p,lv2:__PARA__L0-1.__PARA__L1-1.__PARA__L2-20.__PARA__L3-14.__PIPE__L0-off.__PIPE__L2-NA.__TILE__L0-1.__TILE__L2-1,target,query,query,finetune_dataset,data_159.pt,27370.0,stage5e_dmw_afrc,2,50,hmoe_support_paired_seed2,4.2565947,4.844969655973927,0.6033606000000002,0.43,0.19285704978008805,0.2242017,0.21,0.1188836939900573,0.1010386559999999,0.48,0.25665435,0.22334565,0.01,0.012285697473035104,0.0061908031
3d0ea503979644e9,gemm-p,gemm-p,lv2:__PARA__L0-1.__PARA__L1-2.__PARA__L2-4.__PARA__L3-70.__PIPE__L0-off.__PIPE__L2-off.__TILE__L0-1.__TILE__L2-1,target,query,query,finetune_dataset,data_259.pt,21847.0,stage5e_dmw_afrc,2,50,hmoe_support_paired_seed2,4.4191747,4.558865602703169,0.1352038000000002,0.08,0.09032598136743604,0.0158986,0.05,0.08382877556646913,0.04094325,0.05,0.049690098,0.000309902,0.01,0.01965917248365742,0.0161125999999999
a63bb764dd0bd35e,gemm-p,gemm-p,lv2:__PARA__L0-1.__PARA__L1-2.__PARA__L2-2.__PARA__L3-70.__PIPE__L0-off.__PIPE__L2-NA.__TILE__L0-1.__TILE__L2-1,target,query,query,finetune_dataset,data_255.pt,33547.0,stage5e_dmw_afrc,2,50,hmoe_support_paired_seed2,4.1098003,4.600275039043703,0.697692,0.04,0.11068145461889903,0.0944385399999999,0.02,0.07966722753496572,0.08724872,0.02,0.13702554,0.11702554,0.01,0.022981486156637775,0.0055617429999999
062cf9172432596b,gemm-p,gemm-p,lv2:__PARA__L0-1.__PARA__L1-1.__PARA__L2-5.__PARA__L3-2.__PIPE__L0-off.__PIPE__L2-off.__TILE__L0-1.__TILE__L2-4,target,query,query,finetune_dataset,data_204.pt,886397.0,stage5e_dmw_afrc,2,50,hmoe_support_paired_seed2,1.7479516,1.8539085640890292,0.1581841000000001,0.01,0.036798240006412776,0.010783424,0.0,-0.01057046105173507,0.022589786,0.0,0.013909638,0.013909638,0.02,0.029033131605555665,0.018580343
bf75c65558b7a94c,gemm-p,gemm-p,lv2:__PARA__L0-4.__PARA__L1-32.__PARA__L2-1.__PARA__L3-1.__PIPE__L0-off.__PIPE__L2-flatten.__TILE__L0-1.__TILE__L2-80,target,query,query,finetune_dataset,data_406.pt,33034.0,stage5e_dmw_afrc,2,50,hmoe_support_paired_seed2,4.1209164,4.114480708432584,0.0269842000000002,0.06,0.06584019521054378,0.001131,0.02,0.02582911618535791,0.010813605,0.04,0.020885915,0.019114085,0.05,0.04162742803167907,0.016007605
230bcf10aafe80b9,gemm-p,gemm-p,lv2:__PARA__L0-1.__PARA__L1-1.__PARA__L2-16.__PARA__L3-5.__PIPE__L0-off.__PIPE__L2-off.__TILE__L0-1.__TILE__L2-1,target,query,query,finetune_dataset,data_128.pt,16504.0,stage5e_dmw_afrc,2,50,hmoe_support_paired_seed2,4.6214843,4.141661656945157,0.5425047999999997,0.09,0.09364342988057282,0.0023307199999999,0.06,0.06989424808198008,0.0106722439999999,0.14,0.13392115,0.00607885,0.06,0.02170797915112631,0.0126927619999999
1e2950aa36b473a1,gemm-p,gemm-p,lv2:__PARA__L0-1.__PARA__L1-1.__PARA__L2-16.__PARA__L3-2.__PIPE__L0-off.__PIPE__L2-off.__TILE__L0-1.__TILE__L2-1,target,query,query,finetune_dataset,data_126.pt,20651.0,stage5e_dmw_afrc,2,50,hmoe_support_paired_seed2,4.4597864,3.5181001556332654,0.9282240999999996,0.07,0.061440476855730446,0.01563812,0.04,0.030457810191149393,0.028792151,0.08,0.0710589,0.0089411,0.03,0.022679163022653055,0.0024413319999999
35ed257ed45696a8,gemm-p,gemm-p,lv2:__PARA__L0-1.__PARA__L1-1.__PARA__L2-10.__PARA__L3-5.__PIPE__L0-off.__PIPE__L2-NA.__TILE__L0-1.__TILE__L2-1,target,query,query,finetune_dataset,data_112.pt,38704.0,stage5e_dmw_afrc,2,50,hmoe_support_paired_seed2,4.006651,3.6144099336808226,0.6493714999999995,0.11,0.12833043320194484,0.0443210999999999,0.05,0.050679677961025925,0.01446848,0.1,0.09225419,0.00774581,0.03,0.024691233294839354,0.026115374
fd12076d9b88cbf5,gemm-p,gemm-p,lv2:__PARA__L0-1.__PARA__L1-1.__PARA__L2-2.__PARA__L3-7.__PIPE__L0-off.__PIPE__L2-NA.__TILE__L0-1.__TILE__L2-1,target,query,query,finetune_dataset,data_150.pt,111184.0,stage5e_dmw_afrc,2,50,hmoe_support_paired_seed2,3.2454536,3.4609052309229185,0.2052658000000002,0.03,0.05137055887452192,0.03426728,0.01,0.013428109297399795,0.004036089,0.02,0.034443766,0.014443766,0.02,0.019627290668837376,0.01905266054
1e44fed449c41549,gemm-p,gemm-p,lv2:__PARA__L0-1.__PARA__L1-1.__PARA__L2-20.__PARA__L3-10.__PIPE__L0-off.__PIPE__L2-off.__TILE__L0-1.__TILE__L2-2,target,query,query,finetune_dataset,data_158.pt,150655.0,stage5e_dmw_afrc,2,50,hmoe_support_paired_seed2,3.0263038,3.260959868192577,0.3767824000000002,0.05,0.08954547806758868,0.0419476149999999,0.04,0.038210423046346295,0.002147504,0.06,0.12540048,0.06540048,0.01,0.02288245702856937,0.009916629866
8182068f572e5954,gemm-p,gemm-p,lv2:__PARA__L0-1.__PARA__L1-1.__PARA__L2-8.__PARA__L3-5.__PIPE__L0-off.__PIPE__L2-off.__TILE__L0-1.__TILE__L2-1,target,query,query,finetune_dataset,data_224.pt,20465.0,stage5e_dmw_afrc,2,50,hmoe_support_paired_seed2,4.466313,3.7957161836790907,0.8357438000000004,0.05,0.07144787192639926,0.0212097299999999,0.03,0.03341812219896163,0.0283662963,0.07,0.07672575,0.0067257499999999,0.04,0.02502459228029777,0.018838293
a1f84ba90c06f0c0,gemm-p,gemm-p,lv2:__PARA__L0-1.__PARA__L1-1.__PARA__L2-20.__PARA__L3-5.__PIPE__L0-off.__PIPE__L2-off.__TILE__L0-1.__TILE__L2-2,target,query,query,finetune_dataset,data_167.pt,270229.0,stage5e_dmw_afrc,2,50,hmoe_support_paired_seed2,2.604837,2.377016506566,0.2901792999999997,0.03,0.03720004100113483,0.018400131,0.02,0.03223195986684914,0.0178129779999999,0.03,0.033711165,0.003711165,0.02,0.029087284889694913,0.001405024
d346d5b7f78331b0,gemm-p,gemm-p,lv2:__PARA__L0-1.__PARA__L1-1.__PARA__L2-20.__PARA__L3-5.__PIPE__L0-off.__PIPE__L2-NA.__TILE__L0-1.__TILE__L2-1,target,query,query,finetune_dataset,data_165.pt,30184.0,stage5e_dmw_afrc,2,50,hmoe_support_paired_seed2,4.1860003,3.8071989437581797,0.6025871999999999,0.2,0.1568654155725832,0.02714936,0.1,0.09819117664863028,0.0140191849999999,0.19,0.10195094,0.08804906,0.02,0.020236147072327675,0.020811345
64699350cabf9f9b,gemm-p,gemm-p,lv2:__PARA__L0-5.__PARA__L1-32.__PARA__L2-10.__PARA__L3-1.__PIPE__L0-NA.__PIPE__L2-flatten.__TILE__L0-1.__TILE__L2-8,target,query,query,finetune_dataset,data_414.pt,10100.0,stage5e_dmw_afrc,2,50,hmoe_support_paired_seed2,4.9757147,5.0797890956270395,0.1196207999999998,0.23,0.2213563959301355,0.0157909499999999,0.16,0.14583373715771475,0.03723863,0.22,0.20796672,0.01203328,0.01,0.006982794903377467,0.009316835
4a3d6776bd7a2804,gemm-p,gemm-p,lv2:__PARA__L0-1.__PARA__L1-1.__PARA__L2-2.__PARA__L3-7.__PIPE__L0-off.__PIPE__L2-off.__TILE__L0-1.__TILE__L2-2,target,query,query,finetune_dataset,data_152.pt,643979.0,stage5e_dmw_afrc,2,50,hmoe_support_paired_seed2,1.9784213,2.111960574515474,0.0880665,0.01,0.0030539753349882984,0.027624045,0.0,-0.005893908787483159,0.0062547,0.0,0.01180765,0.01180765,0.02,0.02477511583935331,0.00064478
5c03e66d33359257,gemm-p,gemm-p,lv2:__PARA__L0-10.__PARA__L1-32.__PARA__L2-16.__PARA__L3-1.__PIPE__L0-off.__PIPE__L2-flatten.__TILE__L0-1.__TILE__L2-1,target,query,query,finetune_dataset,data_338.pt,10603.0,stage5e_dmw_afrc,2,50,hmoe_support_paired_seed2,4.9406557,4.887836516616803,0.0782980999999995,0.35,0.4775653388606874,0.2871772,0.24,0.7527838148076572,1.3171405,0.36,1.1284713,0.7684713,0.01,0.012813402230702854,0.004520569
0a84efe097d11970,gemm-p,gemm-p,lv2:__PARA__L0-1.__PARA__L1-1.__PARA__L2-5.__PARA__L3-10.__PIPE__L0-off.__PIPE__L2-off.__TILE__L0-1.__TILE__L2-1,target,query,query,finetune_dataset,data_196.pt,17432.0,stage5e_dmw_afrc,2,50,hmoe_support_paired_seed2,4.582023,4.54219177988722,0.0287266999999999,0.05,0.05025044380703868,0.02334513,0.03,0.03667050385319401,0.029956816435,0.08,0.03504604,0.04495396,0.03,0.018617719285508236,0.0011197779999999
4c42e6320195dd32,gemm-p,gemm-p,lv2:__PARA__L0-15.__PARA__L1-32.__PARA__L2-10.__PARA__L3-1.__PIPE__L0-off.__PIPE__L2-flatten.__TILE__L0-4.__TILE__L2-1,target,query,query,finetune_dataset,data_354.pt,12092.0,stage5e_dmw_afrc,2,50,hmoe_support_paired_seed2,4.8458657,4.898381146898963,0.1035675999999998,0.23,0.2817383119124653,0.06847124,0.16,0.27934824814857095,0.2686317,0.22,0.6968676,0.4768676,0.01,0.011256118408624604,0.0010701749999999
49a327056510f08f,gemm-p,gemm-p,lv2:__PARA__L0-1.__PARA__L1-2.__PARA__L2-4.__PARA__L3-70.__PIPE__L0-off.__PIPE__L2-NA.__TILE__L0-1.__TILE__L2-1,target,query,query,finetune_dataset,data_258.pt,21847.0,stage5e_dmw_afrc,2,50,hmoe_support_paired_seed2,4.4191747,4.574062463116882,0.2036017999999995,0.08,0.08253791632921649,0.02473359,0.05,0.08431637296938903,0.0412594199999999,0.05,0.023404986,0.026595014,0.01,0.01797700362046339,0.0070244399999999
4c09ca4e23088fa0,gemm-p,gemm-p,lv2:__PARA__L0-1.__PARA__L1-5.__PARA__L2-32.__PARA__L3-1.__PIPE__L0-off.__PIPE__L2-flatten.__TILE__L0-1.__TILE__L2-2,target,query,query,finetune_dataset,data_314.pt,65241.0,stage5e_dmw_afrc,2,50,hmoe_support_paired_seed2,3.6300027,4.069404191858648,0.5162663000000003,0.39,0.2935794224954825,0.05561702,0.03,0.14620364372010053,0.093653054,0.02,0.07309553,0.05309553,0.02,0.02073092432941294,0.008035684
ab19489e81b4ba29,gemm-p,gemm-p,lv2:__PARA__L0-30.__PARA__L1-16.__PARA__L2-16.__PARA__L3-1.__PIPE__L0-off.__PIPE__L2-flatten.__TILE__L0-1.__TILE__L2-1,target,query,query,finetune_dataset,data_386.pt,14659.0,stage5e_dmw_afrc,2,50,hmoe_support_paired_seed2,4.706999,4.912140118805266,0.2536696000000003,0.35,0.30118155542761105,0.0418191599999999,0.24,0.18233576397659837,0.0361198999999999,0.36,0.31469622,0.0453037799999999,0.01,0.00956616875225261,0.001269963
f65d3ed34dd10709,gemm-p,gemm-p,lv2:__PARA__L0-1.__PARA__L1-4.__PARA__L2-1.__PARA__L3-32.__PIPE__L0-off.__PIPE__L2-off.__TILE__L0-60.__TILE__L2-1,target,query,query,finetune_dataset,data_291.pt,286369.0,stage5e_dmw_afrc,2,50,hmoe_support_paired_seed2,2.5629904,2.772176439914923,0.3203404000000001,0.01,0.032663012663253714,0.016695013,0.0,-0.006073489569575043,0.012479196,0.0,0.024313122,0.024313122,0.05,0.033222226447157985,0.016503873
959efd0cce53df30,gemm-p,gemm-p,lv2:__PARA__L0-30.__PARA__L1-32.__PARA__L2-16.__PARA__L3-1.__PIPE__L0-off.__PIPE__L2-flatten.__TILE__L0-1.__TILE__L2-1,target,query,query,finetune_dataset,data_397.pt,14419.0,stage5e_dmw_afrc,2,50,hmoe_support_paired_seed2,4.7189064,4.842826708437679,0.1727335999999999,0.35,0.355877405777967,0.05327594,0.24,0.19876943522222157,0.0246932099999999,0.36,0.38125858,0.02125858,0.01,0.010087883731715867,0.00933143146
c6eed7436c233fa4,gemm-p,gemm-p,lv2:__PARA__L0-1.__PARA__L1-1.__PARA__L2-5.__PARA__L3-10.__PIPE__L0-off.__PIPE__L2-NA.__TILE__L0-1.__TILE__L2-1,target,query,query,finetune_dataset,data_195.pt,54212.0,stage5e_dmw_afrc,2,50,hmoe_support_paired_seed2,3.763586,4.426710505995321,0.8677063,0.08,0.06528215501494514,0.028343545,0.04,0.03199295253088619,0.028392085,0.09,0.03974408,0.0502559199999999,0.03,0.02071983557015365,0.002500043
0bfe1684da131d58,gemm-p,gemm-p,lv2:__PARA__L0-15.__PARA__L1-16.__PARA__L2-16.__PARA__L3-1.__PIPE__L0-off.__PIPE__L2-flatten.__TILE__L0-1.__TILE__L2-1,target,query,query,finetune_dataset,data_346.pt,11732.0,stage5e_dmw_afrc,2,50,hmoe_support_paired_seed2,4.8676677,4.811653015805378,0.1148782000000006,0.35,0.36965079588257554,0.09423732,0.24,0.26366735803479,0.14846076,0.36,0.59759986,0.23759986,0.01,0.012708461335147412,0.007937524
3f9968a3c39898d5,gemm-p,gemm-p,lv2:__PARA__L0-1.__PARA__L1-16.__PARA__L2-16.__PARA__L3-1.__PIPE__L0-off.__PIPE__L2-flatten.__TILE__L0-1.__TILE__L2-1,target,query,query,finetune_dataset,data_238.pt,10927.0,stage5e_dmw_afrc,2,50,hmoe_support_paired_seed2,4.9189434,4.740812247547152,0.2325413999999996,0.32,0.2761462664301362,0.0321034,0.24,0.17526441627477124,0.0504825899999999,0.36,0.31165734,0.0483426599999999,0.01,0.008385460146742673,0.00896934
c8a42aba9d1cfc2f,gemm-p,gemm-p,lv2:__PARA__L0-1.__PARA__L1-1.__PARA__L2-20.__PARA__L3-14.__PIPE__L0-off.__PIPE__L2-off.__TILE__L0-1.__TILE__L2-2,target,query,query,finetune_dataset,data_161.pt,117295.0,stage5e_dmw_afrc,2,50,hmoe_support_paired_seed2,3.2068574,3.5973542671337526,0.5533793,0.08,0.10931615334896827,0.0190261139999999,0.05,0.04514307942447621,0.012132037,0.09,0.14290258,0.05290258,0.01,0.022194751810619504,0.0122381067
eb5b77491060db4d,gemm-p,gemm-p,lv2:__PARA__L0-15.__PARA__L1-32.__PARA__L2-10.__PARA__L3-1.__PIPE__L0-NA.__PIPE__L2-flatten.__TILE__L0-4.__TILE__L2-1,target,query,query,finetune_dataset,data_352.pt,12092.0,stage5e_dmw_afrc,2,50,hmoe_support_paired_seed2,4.8458657,5.151572570511611,0.4650322999999998,0.23,0.3010380197189427,0.09418087,0.16,0.2274560922263126,0.1369830299999999,0.22,0.42779323,0.20779323,0.01,0.010635190024052646,0.000949178
283880c8c447ea1d,gemm-p,gemm-p,lv2:__PARA__L0-6.__PARA__L1-32.__PARA__L2-1.__PARA__L3-1.__PIPE__L0-off.__PIPE__L2-flatten.__TILE__L0-1.__TILE__L2-80,target,query,query,finetune_dataset,data_420.pt,34772.0,stage5e_dmw_afrc,2,50,hmoe_support_paired_seed2,4.083929,4.181663421010363,0.1704059999999998,0.06,0.061642880076480666,0.0037906439999999,0.02,0.02664144238646051,0.0109451219999999,0.04,0.01830247,0.02169753,0.05,0.04158099256053878,0.00837082
586d7c94f444b430,gemm-p,gemm-p,lv2:__PARA__L0-1.__PARA__L1-16.__PARA__L2-1.__PARA__L3-32.__PIPE__L0-off.__PIPE__L2-off.__TILE__L0-60.__TILE__L2-1,target,query,query,finetune_dataset,data_236.pt,285589.0,stage5e_dmw_afrc,2,50,hmoe_support_paired_seed2,2.5649579,2.752050062714574,0.2647043999999998,0.01,0.031099931008542032,0.0101267299999999,0.01,-0.006526687783750531,0.033651548,0.02,0.036553502,0.016553502,0.05,0.03709756254435518,0.00787336
4e891536858769de,gemm-p,gemm-p,lv2:__PARA__L0-4.__PARA__L1-16.__PARA__L2-1.__PARA__L3-1.__PIPE__L0-NA.__PIPE__L2-flatten.__TILE__L0-1.__TILE__L2-80,target,query,query,finetune_dataset,data_399.pt,33170.0,stage5e_dmw_afrc,2,50,hmoe_support_paired_seed2,4.117953,4.148347677346315,0.0728252999999998,0.05,0.07784976866115902,0.01326109,0.02,0.030503476172674127,0.011046897,0.02,0.03544247,0.0154424699999999,0.05,0.043450863590887207,0.0013472399999999
d86b4bef7a938c97,gemm-p,gemm-p,lv2:__PARA__L0-12.__PARA__L1-32.__PARA__L2-16.__PARA__L3-1.__PIPE__L0-NA.__PIPE__L2-flatten.__TILE__L0-1.__TILE__L2-1,target,query,query,finetune_dataset,data_344.pt,10982.0,stage5e_dmw_afrc,2,50,hmoe_support_paired_seed2,4.915322,4.900055730114564,0.0016204999999995,0.35,0.3572456289858227,0.0590993,0.24,0.23068177050854904,0.0542668,0.36,0.43004254,0.0700425399999999,0.01,0.01052206403985803,0.0017969344999999
8d8618b306919b23,gemm-p,gemm-p,lv2:__PARA__L0-4.__PARA__L1-32.__PARA__L2-16.__PARA__L3-1.__PIPE__L0-NA.__PIPE__L2-flatten.__TILE__L0-1.__TILE__L2-1,target,query,query,finetune_dataset,data_409.pt,9506.0,stage5e_dmw_afrc,2,50,hmoe_support_paired_seed2,5.019437,5.146660173115039,0.1464303000000004,0.35,0.30343622142605614,0.0627750199999999,0.24,0.19245171754330417,0.07481136,0.36,0.29373357,0.0662664299999999,0.01,0.006360179262252328,0.0036951639999999
5cad34425ee55f5b,gemm-p,gemm-p,lv2:__PARA__L0-1.__PARA__L1-1.__PARA__L2-20.__PARA__L3-10.__PIPE__L0-off.__PIPE__L2-NA.__TILE__L0-1.__TILE__L2-1,target,query,query,finetune_dataset,data_156.pt,27370.0,stage5e_dmw_afrc,2,50,hmoe_support_paired_seed2,4.2565947,4.713171056823503,0.4870812999999998,0.33,0.19415970675020355,0.10591553,0.15,0.10848664895000756,0.0436976799999999,0.35,0.23283884,0.1171611599999999,0.01,0.012814808696253866,0.0008218549999999
dfe2011b7ad3bc7c,gemm-p,gemm-p,lv2:__PARA__L0-20.__PARA__L1-32.__PARA__L2-16.__PARA__L3-1.__PIPE__L0-off.__PIPE__L2-flatten.__TILE__L0-1.__TILE__L2-1,target,query,query,finetune_dataset,data_377.pt,12506.0,stage5e_dmw_afrc,2,50,hmoe_support_paired_seed2,4.821582,4.844611211371295,0.0655606999999998,0.35,0.3593640665902109,0.06981223,0.24,0.20003961032442016,0.0139847599999999,0.36,0.43557146,0.07557146,0.01,0.014705279809808654,0.003115747
21dd70c1b9ddc11f,gemm-p,gemm-p,lv2:__PARA__L0-15.__PARA__L1-32.__PARA__L2-16.__PARA__L3-1.__PIPE__L0-NA.__PIPE__L2-flatten.__TILE__L0-1.__TILE__L2-1,target,query,query,finetune_dataset,data_355.pt,11552.0,stage5e_dmw_afrc,2,50,hmoe_support_paired_seed2,4.878821,4.994367476117276,0.2099349999999997,0.35,0.35298076683438667,0.05475336,0.24,0.20037868924261015,0.0140453799999999,0.36,0.3534256,0.0065743999999999,0.01,0.011324126647019666,0.0001662709999999
8ef4d5ca9c78eaf3,gemm-p,gemm-p,lv2:__PARA__L0-1.__PARA__L1-32.__PARA__L2-1.__PARA__L3-1.__PIPE__L0-NA.__PIPE__L2-flatten.__TILE__L0-2.__TILE__L2-1,target,query,query,finetune_dataset,data_266.pt,31323.0,stage5e_dmw_afrc,2,50,hmoe_support_paired_seed2,4.159281,4.327167896573201,0.2081140000000001,0.06,0.07075131136690434,0.02865106,0.02,0.020057254906170618,0.006757717,0.04,0.036313415,0.0036865849999999,0.05,0.03700170763122182,0.0002226859999999
b9490cabcadb25e8,gemm-p,gemm-p,lv2:__PARA__L0-1.__PARA__L1-1.__PARA__L2-1.__PARA__L3-70.__PIPE__L0-off.__PIPE__L2-off.__TILE__L0-1.__TILE__L2-1,target,query,query,finetune_dataset,data_99.pt,35347.0,stage5e_dmw_afrc,2,50,hmoe_support_paired_seed2,4.0720983,3.3513187023413593,0.7758756000000004,0.03,0.021448049215879863,0.053281038,0.01,0.01063526157026952,0.02745238,0.02,0.07699564,0.05699564,0.05,0.046816196829634386,0.0332129
7fa62088f5c322db,gemm-p,gemm-p,lv2:__PARA__L0-5.__PARA__L1-32.__PARA__L2-16.__PARA__L3-1.__PIPE__L0-off.__PIPE__L2-flatten.__TILE__L0-1.__TILE__L2-1,target,query,query,finetune_dataset,data_417.pt,9680.0,stage5e_dmw_afrc,2,50,hmoe_support_paired_seed2,5.006353,5.005500840667791,0.0317593999999994,0.35,0.3256837570680913,0.01937116,0.24,0.21901322693782152,0.0176641199999999,0.36,0.36651722,0.0065172199999999,0.01,0.010143652097681975,0.00866792
062dbc9eb2b08f44,gemm-p,gemm-p,lv2:__PARA__L0-1.__PARA__L1-32.__PARA__L2-1.__PARA__L3-1.__PIPE__L0-NA.__PIPE__L2-flatten.__TILE__L0-4.__TILE__L2-1,target,query,query,finetune_dataset,data_267.pt,33034.0,stage5e_dmw_afrc,2,50,hmoe_support_paired_seed2,4.1209164,4.284970011873104,0.2149701000000003,0.06,0.07575758656536481,0.02202723,0.02,0.02677173838125442,0.01783065,0.04,0.038396984,0.0016030159999999,0.05,0.038866640174654236,0.0087735619999999
280ae587561178ad,gemm-p,gemm-p,lv2:__PARA__L0-1.__PARA__L1-1.__PARA__L2-1.__PARA__L3-14.__PIPE__L0-off.__PIPE__L2-off.__TILE__L0-1.__TILE__L2-1,target,query,query,finetune_dataset,data_83.pt,149233.0,stage5e_dmw_afrc,2,50,hmoe_support_paired_seed2,3.0331447,3.4361830227309955,0.6972845000000003,0.03,-0.004885662600471932,0.069571557,0.01,-0.003892559276556134,0.031684851,0.02,0.020010203,1.0203000000000295e-05,0.03,0.03268265309271831,0.0113001029999999
4cb8540298f01fe7,gemm-p,gemm-p,lv2:__PARA__L0-1.__PARA__L1-1.__PARA__L2-8.__PARA__L3-2.__PIPE__L0-off.__PIPE__L2-off.__TILE__L0-1.__TILE__L2-1,target,query,query,finetune_dataset,data_221.pt,30911.0,stage5e_dmw_afrc,2,50,hmoe_support_paired_seed2,4.168832,3.3490531545773354,1.0931246,0.04,0.02179590969372681,0.0409019179,0.02,0.014866517664176829,0.028191705,0.04,0.032473832,0.007526168,0.02,0.02545358693864477,0.017144348
acf1639642ef82bf,gemm-p,gemm-p,lv2:__PARA__L0-3.__PARA__L1-16.__PARA__L2-16.__PARA__L3-1.__PIPE__L0-NA.__PIPE__L2-flatten.__TILE__L0-1.__TILE__L2-1,target,query,query,finetune_dataset,data_378.pt,9453.0,stage5e_dmw_afrc,2,50,hmoe_support_paired_seed2,5.02347,5.111788341838527,0.0691785000000004,0.35,0.2880712451790642,0.0669977,0.24,0.1767415213743183,0.0834723899999999,0.36,0.30075982,0.0592401799999999,0.01,0.004867807932813289,0.0041898819999999
c61aaebe669746f1,gemm-p,gemm-p,lv2:__PARA__L0-2.__PARA__L1-32.__PARA__L2-16.__PARA__L3-1.__PIPE__L0-NA.__PIPE__L2-flatten.__TILE__L0-1.__TILE__L2-1,target,query,query,finetune_dataset,data_369.pt,9179.0,stage5e_dmw_afrc,2,50,hmoe_support_paired_seed2,5.0446877,5.135638208110157,0.0967136000000001,0.35,0.301307974535861,0.0424491799999999,0.24,0.20108740563196903,0.0297108499999999,0.36,0.3671905,0.0071904999999999,0.01,0.0051030003381173,0.0006488819999999
348e20daf4443275,gemm-p,gemm-p,lv2:__PARA__L0-1.__PARA__L1-1.__PARA__L2-10.__PARA__L3-70.__PIPE__L0-off.__PIPE__L2-NA.__TILE__L0-1.__TILE__L2-1,target,query,query,finetune_dataset,data_118.pt,14947.0,stage5e_dmw_afrc,2,50,hmoe_support_paired_seed2,4.692964,4.7772394772184406,0.1316543000000001,0.21,0.22283846857617737,0.03811158,0.15,0.16239584213554978,0.05943746,0.22,0.28991613,0.0699161299999999,0.01,0.015329941188328014,0.002465818
3f18368258c4b3db,gemm-p,gemm-p,lv2:__PARA__L0-6.__PARA__L1-32.__PARA__L2-10.__PARA__L3-1.__PIPE__L0-NA.__PIPE__L2-flatten.__TILE__L0-1.__TILE__L2-8,target,query,query,finetune_dataset,data_421.pt,10292.0,stage5e_dmw_afrc,2,50,hmoe_support_paired_seed2,4.9621305,5.049694986294484,0.0944885000000006,0.23,0.21441168697644125,0.02443404,0.16,0.1454271182374892,0.0261722799999999,0.22,0.19629171,0.0237082899999999,0.01,0.0066560847097917675,0.0086620779999999
eadd78260c36578d,gemm-p,gemm-p,lv2:__PARA__L0-1.__PARA__L1-1.__PARA__L2-8.__PARA__L3-14.__PIPE__L0-off.__PIPE__L2-NA.__TILE__L0-1.__TILE__L2-1,target,query,query,finetune_dataset,data_217.pt,41050.0,stage5e_dmw_afrc,2,50,hmoe_support_paired_seed2,3.964201,4.572510467401634,0.7868009999999996,0.18,0.13223844577359326,0.03296008,0.08,0.05631117581904097,0.036963807,0.19,0.073554665,0.116445335,0.01,0.020667039085122595,0.01414958
41b9a64b48aff69a,gemm-p,gemm-p,lv2:__PARA__L0-2.__PARA__L1-32.__PARA__L2-1.__PARA__L3-1.__PIPE__L0-NA.__PIPE__L2-flatten.__TILE__L0-1.__TILE__L2-80,target,query,query,finetune_dataset,data_365.pt,31323.0,stage5e_dmw_afrc,2,50,hmoe_support_paired_seed2,4.159281,4.15805683408357,0.0404220000000004,0.06,0.06701269037826518,0.00038937,0.02,0.03092318983852287,0.0122199759999999,0.04,0.037676424,0.002323576,0.05,0.04619356797304169,0.0132663799999999
084cdd7b355296ae,gemm-p,gemm-p,lv2:__PARA__L0-1.__PARA__L1-2.__PARA__L2-8.__PARA__L3-1.__PIPE__L0-off.__PIPE__L2-flatten.__TILE__L0-1.__TILE__L2-1,target,query,query,finetune_dataset,data_263.pt,13387.0,stage5e_dmw_afrc,2,50,hmoe_support_paired_seed2,4.7724757,4.828090726479233,0.1153306999999994,0.17,0.1818984260681955,0.0245211599999999,0.12,0.11901531877449205,0.003368114,0.18,0.20677808,0.02677808,0.01,0.00830349563113455,0.0073417759999999
4567c48bf3971940,gemm-p,gemm-p,lv2:__PARA__L0-1.__PARA__L1-1.__PARA__L2-4.__PARA__L3-14.__PIPE__L0-off.__PIPE__L2-off.__TILE__L0-1.__TILE__L2-2,target,query,query,finetune_dataset,data_178.pt,232565.0,stage5e_dmw_afrc,2,50,hmoe_support_paired_seed2,2.7131112,2.6385112392001178,0.0980562000000002,0.02,0.041055078230135426,0.0164871619999999,0.01,0.025261104506646946,0.005735954,0.01,0.03273341,0.0227334099999999,0.04,0.025096698390062507,0.021098192
86d80ae4935ea3f4,gemm-p,gemm-p,lv2:__PARA__L0-5.__PARA__L1-16.__PARA__L2-16.__PARA__L3-1.__PIPE__L0-off.__PIPE__L2-flatten.__TILE__L0-1.__TILE__L2-1,target,query,query,finetune_dataset,data_411.pt,9820.0,stage5e_dmw_afrc,2,50,hmoe_support_paired_seed2,4.9959946,5.002667343765484,0.0577196000000004,0.35,0.3230236259986866,0.0246981399999999,0.24,0.20154992426969018,0.0508400699999999,0.36,0.33060214,0.0293978599999999,0.01,0.007293812588249606,0.008745286
a50488c2aafe6541,gemm-p,gemm-p,lv2:__PARA__L0-20.__PARA__L1-32.__PARA__L2-1.__PARA__L3-1.__PIPE__L0-off.__PIPE__L2-flatten.__TILE__L0-1.__TILE__L2-80,target,query,query,finetune_dataset,data_373.pt,47106.0,stage5e_dmw_afrc,2,50,hmoe_support_paired_seed2,3.8649368,3.8606191371409255,0.0046372000000003,0.06,0.05730092207915827,0.0076785659999999,0.02,0.027104338222349166,0.0065757739999999,0.04,0.03991145,8.854999999999974e-05,0.05,0.04231276058371113,0.008033398
98ea5a80877f836a,gemm-p,gemm-p,lv2:__PARA__L0-1.__PARA__L1-5.__PARA__L2-8.__PARA__L3-1.__PIPE__L0-off.__PIPE__L2-flatten.__TILE__L0-1.__TILE__L2-4,target,query,query,finetune_dataset,data_323.pt,88819.0,stage5e_dmw_afrc,2,50,hmoe_support_paired_seed2,3.407458,3.027303472190063,0.4653,0.45,0.2637872282100641,0.15059922,0.11,0.09197595287947169,0.0133336339999999,0.09,0.38059357,0.2905935699999999,0.02,0.004150820738783908,0.014894104
bc4f55d84a8bf133,gemm-p,gemm-p,lv2:__PARA__L0-1.__PARA__L1-1.__PARA__L2-5.__PARA__L3-7.__PIPE__L0-off.__PIPE__L2-off.__TILE__L0-1.__TILE__L2-2,target,query,query,finetune_dataset,data_210.pt,382309.0,stage5e_dmw_afrc,2,50,hmoe_support_paired_seed2,2.3545585,2.4847919908507228,0.1413327999999998,0.01,0.03731582563199314,0.024214616,0.01,0.03325115969996401,0.0419599899999999,0.01,0.022542626,0.012542626,0.03,0.02653837575804275,0.004125521
8d6ea6f968b8250b,gemm-p,gemm-p,lv2:__PARA__L0-1.__PARA__L1-5.__PARA__L2-1.__PARA__L3-32.__PIPE__L0-off.__PIPE__L2-off.__TILE__L0-1.__TILE__L2-1,target,query,query,finetune_dataset,data_303.pt,285709.0,stage5e_dmw_afrc,2,50,hmoe_support_paired_seed2,2.5646548,2.668799436814808,0.1291869000000001,0.02,0.03326866880623004,0.003062148,0.01,-0.003653768129008873,0.027563293,0.0,0.032208025,0.032208025,0.05,0.03611954739855691,0.00670314
c54c0bb4e3c4346a,gemm-p,gemm-p,lv2:__PARA__L0-1.__PARA__L1-1.__PARA__L2-4.__PARA__L3-7.__PIPE__L0-off.__PIPE__L2-NA.__TILE__L0-1.__TILE__L2-1,target,query,query,finetune_dataset,data_188.pt,64384.0,stage5e_dmw_afrc,2,50,hmoe_support_paired_seed2,3.6395411,4.228243127315556,0.7858548999999999,0.06,0.03781126139431901,0.0446250709999999,0.03,0.024120860698052485,0.024122952,0.05,0.030923396,0.019076604,0.03,0.0210176060205387,0.0016398879999999
36677464ca0ecb4d,gemm-p,gemm-p,lv2:__PARA__L0-1.__PARA__L1-16.__PARA__L2-1.__PARA__L3-32.__PIPE__L0-off.__PIPE__L2-off.__TILE__L0-1.__TILE__L2-1,target,query,query,finetune_dataset,data_234.pt,285589.0,stage5e_dmw_afrc,2,50,hmoe_support_paired_seed2,2.5649579,2.690723910706006,0.1338662999999997,0.01,0.033419005891549294,0.0004376669999999,0.01,-0.0014405482488669223,0.035071284,0.02,0.042275995,0.0222759949999999,0.05,0.04003412677930744,0.0021325319999999
97792d362ea2c725,gemm-p,gemm-p,lv2:__PARA__L0-1.__PARA__L1-32.__PARA__L2-1.__PARA__L3-32.__PIPE__L0-off.__PIPE__L2-off.__TILE__L0-60.__TILE__L2-1,target,query,query,finetune_dataset,data_274.pt,285469.0,stage5e_dmw_afrc,2,50,hmoe_support_paired_seed2,2.5652611,2.8658942251727533,0.4720219000000001,0.01,0.04513394966033236,0.033980956,0.01,-0.0004572729656161808,0.017927892,0.03,0.051606417,0.021606417,0.05,0.03537477119301755,0.018853848
64393da3a136d7fa,gemm-p,gemm-p,lv2:__PARA__L0-5.__PARA__L1-32.__PARA__L2-1.__PARA__L3-1.__PIPE__L0-off.__PIPE__L2-flatten.__TILE__L0-1.__TILE__L2-80,target,query,query,finetune_dataset,data_413.pt,33900.0,stage5e_dmw_afrc,2,50,hmoe_support_paired_seed2,4.1022496,4.160676286076878,0.1202816999999996,0.06,0.06305028852867019,0.0024465299999999,0.02,0.026458204758613234,0.011195402,0.04,0.0199022,0.0200978,0.05,0.04179450098484424,0.010092917
49b034b757dc6ef9,gemm-p,gemm-p,lv2:__PARA__L0-1.__PARA__L1-5.__PARA__L2-2.__PARA__L3-1.__PIPE__L0-off.__PIPE__L2-flatten.__TILE__L0-1.__TILE__L2-1,target,query,query,finetune_dataset,data_310.pt,32287.0,stage5e_dmw_afrc,2,50,hmoe_support_paired_seed2,4.1374154,4.2173116390198375,0.1432066,0.04,0.07226776943274633,0.03132661,0.02,0.0329098052370112,0.029268603,0.02,0.06922394,0.0492239399999999,0.01,0.018120929512959755,0.0013068649999999
8c261c5ac5cee4ce,gemm-p,gemm-p,lv2:__PARA__L0-30.__PARA__L1-32.__PARA__L2-1.__PARA__L3-1.__PIPE__L0-off.__PIPE__L2-flatten.__TILE__L0-1.__TILE__L2-80,target,query,query,finetune_dataset,data_389.pt,55939.0,stage5e_dmw_afrc,2,50,hmoe_support_paired_seed2,3.740965,3.8065586366920883,0.0500275000000001,0.06,0.050281337344228995,0.022530375,0.02,0.0356529591771341,0.0152912839999999,0.04,0.091444224,0.051444224,0.05,0.049650173572263555,0.0236740699999999
cec2e42ec306f7c8,gemm-p,gemm-p,lv2:__PARA__L0-6.__PARA__L1-32.__PARA__L2-16.__PARA__L3-1.__PIPE__L0-off.__PIPE__L2-flatten.__TILE__L0-1.__TILE__L2-1,target,query,query,finetune_dataset,data_424.pt,9860.0,stage5e_dmw_afrc,2,50,hmoe_support_paired_seed2,4.9930625,4.982995006773833,0.0400209,0.35,0.34463389239803943,0.02232986,0.24,0.22717065179935178,0.0172320699999999,0.36,0.4239742,0.0639742,0.01,0.009867656360765469,0.006509695
26361bf4900c0d7c,gemm-p,gemm-p,lv2:__PARA__L0-1.__PARA__L1-2.__PARA__L2-10.__PARA__L3-1.__PIPE__L0-off.__PIPE__L2-flatten.__TILE__L0-1.__TILE__L2-8,target,query,query,finetune_dataset,data_248.pt,12847.0,stage5e_dmw_afrc,2,50,hmoe_support_paired_seed2,4.8021765,4.19725418093646,0.4063511000000002,0.21,0.23700322062827808,0.05754704,0.15,0.1188624764534416,0.0488977399999999,0.22,0.14848104,0.0715189599999999,0.01,0.006391098760020108,0.005578909
ff4b5bf3f5fd1c66,gemm-p,gemm-p,lv2:__PARA__L0-1.__PARA__L1-1.__PARA__L2-8.__PARA__L3-7.__PIPE__L0-off.__PIPE__L2-off.__TILE__L0-1.__TILE__L2-1,target,query,query,finetune_dataset,data_227.pt,17943.0,stage5e_dmw_afrc,2,50,hmoe_support_paired_seed2,4.5611815,4.103094694832155,0.5799441000000001,0.06,0.07539086142794141,0.008792224,0.04,0.045874144744919534,0.026615151,0.1,0.07627669,0.02372331,0.04,0.02153027275151756,0.0043489999999999
b3a849eb5888518c,gemm-p,gemm-p,lv2:__PARA__L0-1.__PARA__L1-32.__PARA__L2-16.__PARA__L3-1.__PIPE__L0-NA.__PIPE__L2-flatten.__TILE__L0-2.__TILE__L2-1,target,query,query,finetune_dataset,data_281.pt,9179.0,stage5e_dmw_afrc,2,50,hmoe_support_paired_seed2,5.0446877,4.868574514978981,0.2174711,0.35,0.2699519779329235,0.06746615,0.24,0.1665810593876394,0.0714246799999999,0.36,0.26513728,0.09486272,0.01,0.00996297534851376,0.0013321305
cea38462f341abd7,gemm-p,gemm-p,lv2:__PARA__L0-1.__PARA__L1-1.__PARA__L2-4.__PARA__L3-7.__PIPE__L0-off.__PIPE__L2-off.__TILE__L0-1.__TILE__L2-4,target,query,query,finetune_dataset,data_191.pt,310979.0,stage5e_dmw_afrc,2,50,hmoe_support_paired_seed2,2.5035195,2.0697892540355856,0.4764360999999999,0.01,0.023128436064322022,1.4296000000000447e-05,0.0,0.007063238143485957,0.0015908031,0.01,0.01592657,0.00592657,0.03,0.030096321741152867,0.0140744
983a5a4659353237,gemm-p,gemm-p,lv2:__PARA__L0-1.__PARA__L1-16.__PARA__L2-1.__PARA__L3-32.__PIPE__L0-off.__PIPE__L2-off.__TILE__L0-1.__TILE__L2-80,target,query,query,finetune_dataset,data_235.pt,285589.0,stage5e_dmw_afrc,2,50,hmoe_support_paired_seed2,2.5649579,3.0069154803722506,0.7590599,0.01,0.06704277180098901,0.06450375,0.01,-0.007915671024038411,0.0129931187,0.02,0.034777105,0.014777105,0.05,0.02639508683408966,0.0431652714
f6b5d9061a2b899c,gemm-p,gemm-p,lv2:__PARA__L0-1.__PARA__L1-70.__PARA__L2-1.__PARA__L3-32.__PIPE__L0-off.__PIPE__L2-off.__TILE__L0-1.__TILE__L2-1,target,query,query,finetune_dataset,data_325.pt,251089.0,stage5e_dmw_afrc,2,50,hmoe_support_paired_seed2,2.6578286,2.8248225382752064,0.0621373999999996,0.03,0.02830109365028915,0.0489361569999999,0.02,0.010258214217918843,0.044445847,0.08,0.10001874,0.0200187399999999,0.04,0.04488244852092848,0.0118175199999999
0d68a0f6765ebd93,gemm-p,gemm-p,lv2:__PARA__L0-1.__PARA__L1-4.__PARA__L2-4.__PARA__L3-1.__PIPE__L0-off.__PIPE__L2-flatten.__TILE__L0-1.__TILE__L2-1,target,query,query,finetune_dataset,data_296.pt,21187.0,stage5e_dmw_afrc,2,50,hmoe_support_paired_seed2,4.4413023,4.493114236498653,0.1078697000000001,0.08,0.14112058435474367,0.0769712199999999,0.05,0.07332860667319982,0.03679357,0.05,0.13487008,0.08487008,0.01,0.01098080065444611,0.00616518
42a6116f70ad755b,gemm-p,gemm-p,lv2:__PARA__L0-1.__PARA__L1-32.__PARA__L2-16.__PARA__L3-1.__PIPE__L0-off.__PIPE__L2-flatten.__TILE__L0-2.__TILE__L2-1,target,query,query,finetune_dataset,data_284.pt,9179.0,stage5e_dmw_afrc,2,50,hmoe_support_paired_seed2,5.0446877,4.826451713128035,0.2422376999999995,0.35,0.28346126835788243,0.0652690599999999,0.24,0.1938964283889779,0.01215236,0.36,0.42272118,0.0627211799999999,0.01,0.006725150709637345,0.0041836763
be42e71723eea70a,gemm-p,gemm-p,lv2:__PARA__L0-1.__PARA__L1-5.__PARA__L2-5.__PARA__L3-1.__PIPE__L0-off.__PIPE__L2-flatten.__TILE__L0-1.__TILE__L2-4,target,query,query,finetune_dataset,data_320.pt,108017.0,stage5e_dmw_afrc,2,50,hmoe_support_paired_seed2,3.266299,2.8484526168027187,0.5218449999999999,0.26,0.2359961037686942,0.0030813,0.07,0.0681581024936378,0.0042848799999999,0.11,0.20368749,0.09368749,0.01,0.003965538113444455,0.010009374649
d6ceeb99601c9668,gemm-p,gemm-p,lv2:__PARA__L0-20.__PARA__L1-32.__PARA__L2-16.__PARA__L3-1.__PIPE__L0-NA.__PIPE__L2-flatten.__TILE__L0-1.__TILE__L2-1,target,query,query,finetune_dataset,data_376.pt,12506.0,stage5e_dmw_afrc,2,50,hmoe_support_paired_seed2,4.821582,4.990897589185425,0.2701275999999994,0.35,0.33370478498853323,0.01854342,0.24,0.15634850571029088,0.1207668099999999,0.36,0.18574855,0.1742514499999999,0.01,0.010306473988091546,0.0056861306
8d89ea0af5f78527,gemm-p,gemm-p,lv2:__PARA__L0-10.__PARA__L1-32.__PARA__L2-1.__PARA__L3-1.__PIPE__L0-NA.__PIPE__L2-flatten.__TILE__L0-1.__TILE__L2-80,target,query,query,finetune_dataset,data_333.pt,38283.0,stage5e_dmw_afrc,2,50,hmoe_support_paired_seed2,4.01454,3.987708418637001,0.0090849999999997,0.06,0.07416109325486397,5.37660000000037e-05,0.02,0.032582194729701995,0.022473733,0.04,0.026896387,0.013103613,0.05,0.042711613288289554,0.0001038879999999
4730d0e52ba378ec,gemm-p,gemm-p,lv2:__PARA__L0-1.__PARA__L1-1.__PARA__L2-10.__PARA__L3-1.__PIPE__L0-off.__PIPE__L2-flatten.__TILE__L0-1.__TILE__L2-8,target,query,query,finetune_dataset,data_102.pt,14947.0,stage5e_dmw_afrc,2,50,hmoe_support_paired_seed2,4.692964,4.244906900363733,0.1984896000000002,0.21,0.24353077251511923,0.0702293599999999,0.15,0.11878790243592476,0.04299372,0.22,0.17270496,0.04729504,0.01,0.006092555746349433,0.0042524005
b338a37394a51052,gemm-p,gemm-p,lv2:__PARA__L0-12.__PARA__L1-32.__PARA__L2-1.__PARA__L3-1.__PIPE__L0-NA.__PIPE__L2-flatten.__TILE__L0-1.__TILE__L2-80,target,query,query,finetune_dataset,data_340.pt,40046.0,stage5e_dmw_afrc,2,50,hmoe_support_paired_seed2,3.982063,3.940024943172723,0.0241906000000002,0.06,0.07119012975077615,0.0044283549999999,0.02,0.03132975234584027,0.02029849,0.04,0.02501741,0.01498259,0.05,0.04134220911202743,0.00582457
bad7ae6c318a94cc,gemm-p,gemm-p,lv2:__PARA__L0-4.__PARA__L1-16.__PARA__L2-16.__PARA__L3-1.__PIPE__L0-off.__PIPE__L2-flatten.__TILE__L0-1.__TILE__L2-1,target,query,query,finetune_dataset,data_404.pt,9642.0,stage5e_dmw_afrc,2,50,hmoe_support_paired_seed2,5.00919,4.98826792480715,0.0944604,0.35,0.3103186633525103,0.0430433799999999,0.24,0.19986590908332325,0.0550670499999999,0.36,0.33384076,0.0261592399999999,0.01,0.007402417948691646,0.010431621
88b1344200c5f7da,gemm-p,gemm-p,lv2:__PARA__L0-15.__PARA__L1-32.__PARA__L2-10.__PARA__L3-1.__PIPE__L0-off.__PIPE__L2-flatten.__TILE__L0-1.__TILE__L2-8,target,query,query,finetune_dataset,data_353.pt,12092.0,stage5e_dmw_afrc,2,50,hmoe_support_paired_seed2,4.8458657,5.039937259609599,0.2909993000000002,0.23,0.2365837365211367,0.03428357,0.16,0.19281155733101968,0.0817253299999999,0.22,0.48219672,0.26219672,0.01,0.008794337443151978,0.00054225
0ba8ad78eb2466e5,gemm-p,gemm-p,lv2:__PARA__L0-1.__PARA__L1-1.__PARA__L2-16.__PARA__L3-14.__PIPE__L0-off.__PIPE__L2-off.__TILE__L0-1.__TILE__L2-1,target,query,query,finetune_dataset,data_124.pt,12790.0,stage5e_dmw_afrc,2,50,hmoe_support_paired_seed2,4.805384,4.786232030682573,0.0859716999999999,0.23,0.14445354194990087,0.0828724,0.14,0.0941818589512801,0.058316245,0.38,0.22231823,0.15768177,0.01,0.016345870271889558,0.012103293
c4635dea60b4abc3,gemm-p,gemm-p,lv2:__PARA__L0-1.__PARA__L1-1.__PARA__L2-2.__PARA__L3-10.__PIPE__L0-off.__PIPE__L2-off.__TILE__L0-1.__TILE__L2-1,target,query,query,finetune_dataset,data_135.pt,86530.0,stage5e_dmw_afrc,2,50,hmoe_support_paired_seed2,3.426292,3.825662694292295,0.5419182,0.03,0.048080714270020294,0.023816527,0.02,0.010335737098862142,0.008400221,0.03,0.036006182,0.0060061819999999,0.02,0.021155381718610887,0.009064889
7985b77fcba3595d,gemm-p,gemm-p,lv2:__PARA__L0-4.__PARA__L1-16.__PARA__L2-10.__PARA__L3-1.__PIPE__L0-off.__PIPE__L2-flatten.__TILE__L0-1.__TILE__L2-8,target,query,query,finetune_dataset,data_402.pt,10050.0,stage5e_dmw_afrc,2,50,hmoe_support_paired_seed2,4.9792943,5.002467525762484,0.0051736999999993,0.23,0.23496588622790715,0.0046642299999999,0.16,0.1260207258689602,0.045202676,0.22,0.19651842,0.02348158,0.01,0.005801868453462236,0.010291192
aa11770c6019ddae,gemm-p,gemm-p,lv2:__PARA__L0-15.__PARA__L1-32.__PARA__L2-1.__PARA__L3-1.__PIPE__L0-off.__PIPE__L2-flatten.__TILE__L0-1.__TILE__L2-80,target,query,query,finetune_dataset,data_349.pt,42692.0,stage5e_dmw_afrc,2,50,hmoe_support_paired_seed2,3.9359093,3.8818087045480945,0.0718896999999998,0.06,0.06113880003976199,0.0005472279999999,0.02,0.025316930005672336,0.000749032,0.04,0.040135354,0.0001353539999999,0.05,0.04094645624008909,0.014061514
1ef39353a69dfec5,gemm-p,gemm-p,lv2:__PARA__L0-1.__PARA__L1-1.__PARA__L2-8.__PARA__L3-14.__PIPE__L0-off.__PIPE__L2-off.__TILE__L0-1.__TILE__L2-2,target,query,query,finetune_dataset,data_219.pt,164995.0,stage5e_dmw_afrc,2,50,hmoe_support_paired_seed2,2.960717,3.318441114070968,0.5176440000000002,0.03,0.038270241380852506,0.008910029,0.02,0.0628149713823259,0.06982012,0.03,0.033686668,0.003686668,0.01,0.026903938054182456,0.009406063
62f84aa14a8a3b41,gemm-p,gemm-p,lv2:__PARA__L0-1.__PARA__L1-2.__PARA__L2-10.__PARA__L3-70.__PIPE__L0-off.__PIPE__L2-off.__TILE__L0-1.__TILE__L2-1,target,query,query,finetune_dataset,data_250.pt,12847.0,stage5e_dmw_afrc,2,50,hmoe_support_paired_seed2,4.8021765,4.816143758347253,0.0447611999999999,0.21,0.2798278462984625,0.13574208,0.15,0.18422190523593795,0.11860103,0.22,0.44178453,0.22178453,0.01,0.016234279471477858,0.013495479
5d52c78053e9c970,gemm-p,gemm-p,lv2:__PARA__L0-1.__PARA__L1-1.__PARA__L2-16.__PARA__L3-10.__PIPE__L0-off.__PIPE__L2-NA.__TILE__L0-1.__TILE__L2-1,target,query,query,finetune_dataset,data_121.pt,30250.0,stage5e_dmw_afrc,2,50,hmoe_support_paired_seed2,4.1844244,4.641761758723629,0.4959369000000002,0.26,0.18806656275156425,0.0370882,0.12,0.09334515313775296,0.0349527249999999,0.28,0.20376238,0.07623762,0.01,0.015414369997955785,0.0109330149999999
4c75129b129c3688,gemm-p,gemm-p,lv2:__PARA__L0-30.__PARA__L1-32.__PARA__L2-10.__PARA__L3-1.__PIPE__L0-off.__PIPE__L2-flatten.__TILE__L0-2.__TILE__L2-1,target,query,query,finetune_dataset,data_394.pt,15139.0,stage5e_dmw_afrc,2,50,hmoe_support_paired_seed2,4.6837573,4.551471187647678,0.2022782999999997,0.23,0.2606243017220397,0.0223846299999999,0.16,0.24266841591661908,0.16629195,0.22,0.17879787,0.04120213,0.01,0.012105231219184111,0.0157139606
8549252cb5d872bf,gemm-p,gemm-p,lv2:__PARA__L0-1.__PARA__L1-1.__PARA__L2-20.__PARA__L3-14.__PIPE__L0-off.__PIPE__L2-off.__TILE__L0-1.__TILE__L2-1,target,query,query,finetune_dataset,data_160.pt,12790.0,stage5e_dmw_afrc,2,50,hmoe_support_paired_seed2,4.805384,4.935666424337706,0.12392,0.3,0.1827289861146091,0.1002787799999999,0.19,0.1144665864225372,0.06555063,0.47,0.33613053,0.13386947,0.01,0.010439485228741373,0.0108438411
b20d2bda20f4a7a3,gemm-p,gemm-p,lv2:__PARA__L0-15.__PARA__L1-32.__PARA__L2-10.__PARA__L3-1.__PIPE__L0-NA.__PIPE__L2-flatten.__TILE__L0-1.__TILE__L2-8,target,query,query,finetune_dataset,data_351.pt,12092.0,stage5e_dmw_afrc,2,50,hmoe_support_paired_seed2,4.8458657,4.969200756845392,0.1989372999999998,0.23,0.23387540414609048,0.0262831999999999,0.16,0.15464816105217594,0.01268769,0.22,0.24144742,0.0214474199999999,0.01,0.009050295758971849,0.0062457059999999
11afce2ecc6de15c,gemm-p,gemm-p,lv2:__PARA__L0-1.__PARA__L1-1.__PARA__L2-10.__PARA__L3-10.__PIPE__L0-off.__PIPE__L2-off.__TILE__L0-1.__TILE__L2-1,target,query,query,finetune_dataset,data_104.pt,12550.0,stage5e_dmw_afrc,2,50,hmoe_support_paired_seed2,4.8190484,4.501870846482201,0.3958914,0.11,0.1099163556021797,0.00397907,0.07,0.0792977700592568,0.00356447,0.17,0.119227916,0.050772084,0.01,0.02142457904658318,0.03442148
cd440d67465780f9,gemm-p,gemm-p,lv2:__PARA__L0-1.__PARA__L1-2.__PARA__L2-5.__PARA__L3-1.__PIPE__L0-off.__PIPE__L2-flatten.__TILE__L0-1.__TILE__L2-1,target,query,query,finetune_dataset,data_260.pt,17009.0,stage5e_dmw_afrc,2,50,hmoe_support_paired_seed2,4.599743,4.607198732518458,0.0731479999999997,0.1,0.14948187372308605,0.06764954,0.07,0.087875998781456,0.0250497999999999,0.11,0.14212823,0.0321282299999999,0.01,0.009404758812789115,0.005574498
04ec9beb6b3bb0c6,gemm-p,gemm-p,lv2:__PARA__L0-5.__PARA__L1-32.__PARA__L2-1.__PARA__L3-1.__PIPE__L0-NA.__PIPE__L2-flatten.__TILE__L0-1.__TILE__L2-80,target,query,query,finetune_dataset,data_412.pt,33900.0,stage5e_dmw_afrc,2,50,hmoe_support_paired_seed2,4.1022496,4.169595799036472,0.1260256999999995,0.06,0.07867842078853389,0.006093355,0.02,0.027325190050019363,0.014255892,0.04,0.040976077,0.0009760769999999,0.05,0.045816269341182506,0.0055172999999999
cd3cdb259f07b3fb,gemm-p,gemm-p,lv2:__PARA__L0-1.__PARA__L1-32.__PARA__L2-1.__PARA__L3-32.__PIPE__L0-off.__PIPE__L2-off.__TILE__L0-1.__TILE__L2-80,target,query,query,finetune_dataset,data_273.pt,285469.0,stage5e_dmw_afrc,2,50,hmoe_support_paired_seed2,2.5652611,3.050281115612682,0.9853094000000002,0.01,0.0831250612735792,0.093104174,0.01,-0.00012094406368563421,0.0034348869999999,0.03,0.049781114,0.019781114,0.05,0.025432041703052896,0.0531459976
539dbea26e2d76bb,gemm-p,gemm-p,lv2:__PARA__L0-15.__PARA__L1-32.__PARA__L2-16.__PARA__L3-1.__PIPE__L0-off.__PIPE__L2-flatten.__TILE__L0-4.__TILE__L2-1,target,query,query,finetune_dataset,data_358.pt,11552.0,stage5e_dmw_afrc,2,50,hmoe_support_paired_seed2,4.878821,4.681461247256849,0.2576657000000004,0.35,0.3367021748844079,0.02504473,0.24,0.24496947545415382,0.08385254,0.36,0.6343504,0.2743504,0.01,0.011744890109949209,5.695999999999479e-06
0b193c22526f7267,gemm-p,gemm-p,lv2:__PARA__L0-1.__PARA__L1-32.__PARA__L2-16.__PARA__L3-1.__PIPE__L0-NA.__PIPE__L2-flatten.__TILE__L0-4.__TILE__L2-1,target,query,query,finetune_dataset,data_282.pt,9506.0,stage5e_dmw_afrc,2,50,hmoe_support_paired_seed2,5.019437,4.977972400531683,0.0008540000000003,0.35,0.28528361644347666,0.04870004,0.24,0.1841074848880434,0.0282142999999999,0.36,0.33748993,0.0225100699999999,0.01,0.010290122405343202,0.00263175
63c35478c8f59ccd,gemm-p,gemm-p,lv2:__PARA__L0-1.__PARA__L1-1.__PARA__L2-2.__PARA__L3-10.__PIPE__L0-off.__PIPE__L2-off.__TILE__L0-1.__TILE__L2-4,target,query,query,finetune_dataset,data_137.pt,328805.0,stage5e_dmw_afrc,2,50,hmoe_support_paired_seed2,2.463312,2.9166284956651847,0.8789416999999999,0.01,0.024745185363001205,0.00342535,0.0,-0.007519476042947847,0.016555818,0.0,0.031658173,0.031658173,0.02,0.018983639451161088,0.013357377
7c87dea76316e9b0,gemm-p,gemm-p,lv2:__PARA__L0-1.__PARA__L1-1.__PARA__L2-2.__PARA__L3-14.__PIPE__L0-off.__PIPE__L2-off.__TILE__L0-1.__TILE__L2-2,target,query,query,finetune_dataset,data_140.pt,343565.0,stage5e_dmw_afrc,2,50,hmoe_support_paired_seed2,2.4316366,2.3398785016845944,0.0382272999999999,0.01,0.007324133654009715,0.026174493,0.0,-0.00872124119651036,0.013532008,0.0,0.016984582,0.016984582,0.03,0.027475482099111187,0.0091737369999999
611cf3a0b00df0dd,gemm-p,gemm-p,lv2:__PARA__L0-1.__PARA__L1-1.__PARA__L2-8.__PARA__L3-70.__PIPE__L0-off.__PIPE__L2-off.__TILE__L0-1.__TILE__L2-1,target,query,query,finetune_dataset,data_230.pt,15487.0,stage5e_dmw_afrc,2,50,hmoe_support_paired_seed2,4.667363,4.707842457460346,0.0634094999999996,0.17,0.1958874508174559,0.0404776799999999,0.12,0.13077082710723792,0.0380185,0.18,0.23316544,0.05316544,0.01,0.018730714976257043,0.01348463
fe18dfcc30bb1c89,gemm-p,gemm-p,lv2:__PARA__L0-1.__PARA__L1-1.__PARA__L2-5.__PARA__L3-2.__PIPE__L0-off.__PIPE__L2-off.__TILE__L0-1.__TILE__L2-2,target,query,query,finetune_dataset,data_203.pt,1255997.0,stage5e_dmw_afrc,2,50,hmoe_support_paired_seed2,1.4965476,1.9290209118654622,0.3785684,0.01,0.02433306124350307,0.0003977919999999,0.0,-0.01776910260584129,0.028697347,0.0,0.010445863,0.010445863,0.02,0.029172236516050803,0.0099706889999999
016fd66966844ecf,gemm-p,gemm-p,lv2:__PARA__L0-1.__PARA__L1-5.__PARA__L2-16.__PARA__L3-1.__PIPE__L0-off.__PIPE__L2-flatten.__TILE__L0-1.__TILE__L2-2,target,query,query,finetune_dataset,data_308.pt,87381.0,stage5e_dmw_afrc,2,50,hmoe_support_paired_seed2,3.4192324,3.4476379272905984,0.0956179999999999,0.41,0.28324268911128697,0.0892382299999999,0.04,0.1332709224292962,0.10148867,0.04,0.31389835,0.27389835,0.02,0.010390493597664223,0.003924584
aac0800511161706,gemm-p,gemm-p,lv2:__PARA__L0-1.__PARA__L1-1.__PARA__L2-5.__PARA__L3-14.__PIPE__L0-off.__PIPE__L2-NA.__TILE__L0-1.__TILE__L2-1,target,query,query,finetune_dataset,data_198.pt,54212.0,stage5e_dmw_afrc,2,50,hmoe_support_paired_seed2,3.763586,4.489824879593043,0.9443903000000002,0.11,0.07192772925633925,0.054381267,0.05,0.03292495406723695,0.041533458,0.12,0.04349783,0.07650217,0.04,0.021650348306014356,0.015051062
076e9cc6b7221822,gemm-p,gemm-p,lv2:__PARA__L0-1.__PARA__L1-4.__PARA__L2-10.__PARA__L3-1.__PIPE__L0-off.__PIPE__L2-flatten.__TILE__L0-1.__TILE__L2-8,target,query,query,finetune_dataset,data_293.pt,12187.0,stage5e_dmw_afrc,2,50,hmoe_support_paired_seed2,4.8402205,4.2439853562323036,0.4270385000000001,0.21,0.24475991184708373,0.06336732,0.15,0.11946768953308864,0.04344233,0.22,0.16688475,0.05311525,0.01,0.005939055472456647,0.003132436
2124445063c91060,gemm-p,gemm-p,lv2:__PARA__L0-2.__PARA__L1-16.__PARA__L2-1.__PARA__L3-1.__PIPE__L0-off.__PIPE__L2-flatten.__TILE__L0-1.__TILE__L2-80,target,query,query,finetune_dataset,data_360.pt,31451.0,stage5e_dmw_afrc,2,50,hmoe_support_paired_seed2,4.156339,3.9565796418856247,0.2879334,0.05,0.0653272180851106,0.0047225769999999,0.02,0.025378752355568114,0.01799686,0.02,0.026485234,0.0064852339999999,0.05,0.041588058803907424,0.00137317
c23087f4ada53651,gemm-p,gemm-p,lv2:__PARA__L0-1.__PARA__L1-7.__PARA__L2-1.__PARA__L3-32.__PIPE__L0-off.__PIPE__L2-off.__TILE__L0-1.__TILE__L2-1,target,query,query,finetune_dataset,data_324.pt,285469.0,stage5e_dmw_afrc,2,50,hmoe_support_paired_seed2,2.5652611,2.6323441516025543,0.0645215999999999,0.02,0.0337681042901924,0.006593038,0.01,-0.0036141796350340413,0.031458691,0.0,0.032274753,0.032274753,0.05,0.037160398000884345,0.00241554
af6cac7f028324ae,gemm-p,gemm-p,lv2:__PARA__L0-1.__PARA__L1-1.__PARA__L2-10.__PARA__L3-5.__PIPE__L0-off.__PIPE__L2-off.__TILE__L0-1.__TILE__L2-1,target,query,query,finetune_dataset,data_113.pt,18784.0,stage5e_dmw_afrc,2,50,hmoe_support_paired_seed2,4.52814,4.13231184574493,0.4183325,0.06,0.07874996806436589,0.01822299,0.04,0.04710945672655661,0.012531706,0.09,0.089445174,0.0005548259999999,0.03,0.02417336051837585,0.026082055
ea241d324c00c8ce,gemm-p,gemm-p,lv2:__PARA__L0-2.__PARA__L1-16.__PARA__L2-1.__PARA__L3-1.__PIPE__L0-NA.__PIPE__L2-flatten.__TILE__L0-1.__TILE__L2-80,target,query,query,finetune_dataset,data_359.pt,31451.0,stage5e_dmw_afrc,2,50,hmoe_support_paired_seed2,4.156339,4.069645861731726,0.1489422999999998,0.05,0.06502742419883878,0.0062826099999999,0.02,0.026377446436156086,0.012048553,0.02,0.03168416,0.01168416,0.05,0.04360125245232022,0.009576675
bc4453f06ff6a731,gemm-p,gemm-p,lv2:__PARA__L0-3.__PARA__L1-32.__PARA__L2-16.__PARA__L3-1.__PIPE__L0-off.__PIPE__L2-flatten.__TILE__L0-1.__TILE__L2-1,target,query,query,finetune_dataset,data_385.pt,9321.0,stage5e_dmw_afrc,2,50,hmoe_support_paired_seed2,5.0336137,5.034345225985655,0.0243621000000002,0.35,0.3018080939615497,0.0607653999999999,0.24,0.21936681272089953,0.0124188299999999,0.36,0.40940967,0.04940967,0.01,0.009574288339145266,0.0104112959999999
fbdff262c0ec71fe,gemm-p,gemm-p,lv2:__PARA__L0-1.__PARA__L1-1.__PARA__L2-1.__PARA__L3-1.__PIPE__L0-off.__PIPE__L2-flatten.__TILE__L0-1.__TILE__L2-1,target,query,query,finetune_dataset,data_77.pt,35347.0,stage5e_dmw_afrc,2,50,hmoe_support_paired_seed2,4.0720983,4.1854007078404845,0.1422051999999993,0.03,0.03908953183481944,0.007620842,0.01,0.0063560123844891795,0.019907405,0.02,0.025640517,0.005640517,0.05,0.03771004395293056,0.005267504
eb5fb655dff9860c,gemm-p,gemm-p,lv2:__PARA__L0-1.__PARA__L1-10.__PARA__L2-1.__PARA__L3-32.__PIPE__L0-off.__PIPE__L2-off.__TILE__L0-1.__TILE__L2-1,target,query,query,finetune_dataset,data_231.pt,285289.0,stage5e_dmw_afrc,2,50,hmoe_support_paired_seed2,2.565716,2.6988495753045694,0.1500091999999999,0.02,0.036478319593270955,0.003374983,0.01,-0.0033464112630652246,0.033865914,0.01,0.036005765,0.026005765,0.05,0.03868880283416837,0.0017983899999999
236797b508fe964e,gemm-p,gemm-p,lv2:__PARA__L0-10.__PARA__L1-32.__PARA__L2-10.__PARA__L3-1.__PIPE__L0-off.__PIPE__L2-flatten.__TILE__L0-1.__TILE__L2-8,target,query,query,finetune_dataset,data_336.pt,11083.0,stage5e_dmw_afrc,2,50,hmoe_support_paired_seed2,4.908718,5.076593456163601,0.2249759999999998,0.23,0.22383006372372574,0.0109419699999999,0.16,0.33912838037499043,0.4364445,0.22,1.0142564,0.7942564000000001,0.01,0.008456025165262572,0.0040028954
1fa67e426a30f0d1,gemm-p,gemm-p,lv2:__PARA__L0-1.__PARA__L1-1.__PARA__L2-10.__PARA__L3-2.__PIPE__L0-off.__PIPE__L2-off.__TILE__L0-1.__TILE__L2-1,target,query,query,finetune_dataset,data_110.pt,26711.0,stage5e_dmw_afrc,2,50,hmoe_support_paired_seed2,4.274175,3.36281888219725,1.1851897999999994,0.04,0.04283962489989803,0.007571944,0.03,0.019295397162407735,0.034180431,0.05,0.04083708,0.00916292,0.01,0.025597029329092934,0.0293532369999999
a99f3ca11b317ea1,gemm-p,gemm-p,lv2:__PARA__L0-2.__PARA__L1-16.__PARA__L2-16.__PARA__L3-1.__PIPE__L0-off.__PIPE__L2-flatten.__TILE__L0-1.__TILE__L2-1,target,query,query,finetune_dataset,data_364.pt,9307.0,stage5e_dmw_afrc,2,50,hmoe_support_paired_seed2,5.034698,5.127747951571855,0.1170379999999999,0.35,0.2998872625750824,0.0477038699999999,0.24,0.2048488113328377,0.01532464,0.36,0.46146205,0.10146205,0.01,0.004115119285349129,0.0032654139999999
2290deff8cb38c64,gemm-p,gemm-p,lv2:__PARA__L0-1.__PARA__L1-5.__PARA__L2-16.__PARA__L3-1.__PIPE__L0-off.__PIPE__L2-flatten.__TILE__L0-1.__TILE__L2-4,target,query,query,finetune_dataset,data_309.pt,65899.0,stage5e_dmw_afrc,2,50,hmoe_support_paired_seed2,3.6227639,3.784750836854526,0.3032148000000001,0.38,0.29546011059981825,0.0314213999999999,0.03,0.13528557511397182,0.09345156,0.02,0.18753234,0.16753234,0.02,0.007063140205630961,0.005573487
62890e23a27ff562,gemm-p,gemm-p,lv2:__PARA__L0-1.__PARA__L1-1.__PARA__L2-2.__PARA__L3-10.__PIPE__L0-off.__PIPE__L2-NA.__TILE__L0-1.__TILE__L2-1,target,query,query,finetune_dataset,data_134.pt,108370.0,stage5e_dmw_afrc,2,50,hmoe_support_paired_seed2,3.2639453,3.6808134415571976,0.4847381999999998,0.04,0.06336623529272194,0.04160317,0.02,0.014913640442363273,0.0040296499999999,0.03,0.054359406,0.024359406,0.02,0.021007659858176143,0.0156950713
a627781fe1dd51f7,gemm-p,gemm-p,lv2:__PARA__L0-1.__PARA__L1-1.__PARA__L2-10.__PARA__L3-7.__PIPE__L0-off.__PIPE__L2-NA.__TILE__L0-1.__TILE__L2-1,target,query,query,finetune_dataset,data_115.pt,38703.0,stage5e_dmw_afrc,2,50,hmoe_support_paired_seed2,4.0066695,4.110817753959058,0.0557261000000002,0.13,0.13951596397356322,0.0390080999999999,0.06,0.054626587877890834,0.0159998199999999,0.13,0.1321952,0.0021952,0.04,0.020683561862453067,0.002980703
f61c333ba135e89b,gemm-p,gemm-p,lv2:__PARA__L0-1.__PARA__L1-1.__PARA__L2-20.__PARA__L3-7.__PIPE__L0-off.__PIPE__L2-NA.__TILE__L0-1.__TILE__L2-1,target,query,query,finetune_dataset,data_168.pt,30183.0,stage5e_dmw_afrc,2,50,hmoe_support_paired_seed2,4.186024,4.370987964147739,0.1530277,0.25,0.18266873118650012,0.03636238,0.12,0.10192020151080299,0.0147103299999999,0.25,0.1925455,0.0574544999999999,0.02,0.01586914972564223,0.001816535
f90613c81f2f84b3,gemm-p,gemm-p,lv2:__PARA__L0-1.__PARA__L1-1.__PARA__L2-8.__PARA__L3-7.__PIPE__L0-off.__PIPE__L2-off.__TILE__L0-1.__TILE__L2-2,target,query,query,finetune_dataset,data_228.pt,292908.0,stage5e_dmw_afrc,2,50,hmoe_support_paired_seed2,2.5467043,2.57059995341863,0.0332946999999999,0.02,0.02255004437748584,0.0164359999,0.01,0.05754954792293683,0.089419,0.02,0.024494678,0.0044946779999999,0.04,0.03184314364969569,0.00179667
15ff7e63dbf2b0f2,gemm-p,gemm-p,lv2:__PARA__L0-1.__PARA__L1-1.__PARA__L2-8.__PARA__L3-10.__PIPE__L0-off.__PIPE__L2-off.__TILE__L0-1.__TILE__L2-1,target,query,query,finetune_dataset,data_215.pt,13270.0,stage5e_dmw_afrc,2,50,hmoe_support_paired_seed2,4.778808,4.564041618146826,0.2333906999999992,0.08,0.08738712877655498,0.0006186799999999,0.05,0.05672240372422345,0.024466503,0.13,0.07783726,0.05216274,0.05,0.01959527507729869,0.013744834
eefe93faaef42f92,gemm-p,gemm-p,lv2:__PARA__L0-15.__PARA__L1-32.__PARA__L2-1.__PARA__L3-1.__PIPE__L0-NA.__PIPE__L2-flatten.__TILE__L0-4.__TILE__L2-1,target,query,query,finetune_dataset,data_348.pt,42692.0,stage5e_dmw_afrc,2,50,hmoe_support_paired_seed2,3.9359093,3.9401881101453258,0.0461537,0.06,0.06539763672530996,0.011430385,0.02,0.038868764864372136,0.025902222,0.04,0.025754452,0.014245548,0.05,0.04080163002581451,0.0054969159999999
7da5b26798a7f840,gemm-p,gemm-p,lv2:__PARA__L0-1.__PARA__L1-1.__PARA__L2-8.__PARA__L3-14.__PIPE__L0-off.__PIPE__L2-off.__TILE__L0-1.__TILE__L2-1,target,query,query,finetune_dataset,data_218.pt,12490.0,stage5e_dmw_afrc,2,50,hmoe_support_paired_seed2,4.8225055,4.754182907623326,0.0646325,0.12,0.09041625230697442,0.0431223759999999,0.07,0.06359070859154534,0.042157031,0.19,0.07724723,0.11275277,0.01,0.019850293581336265,0.023464
e6fc07ef29cf871c,gemm-p,gemm-p,lv2:__PARA__L0-1.__PARA__L1-32.__PARA__L2-10.__PARA__L3-1.__PIPE__L0-off.__PIPE__L2-flatten.__TILE__L0-2.__TILE__L2-1,target,query,query,finetune_dataset,data_278.pt,9563.0,stage5e_dmw_afrc,2,50,hmoe_support_paired_seed2,5.0151243,4.954634878685629,0.0246519999999996,0.23,0.23358024224650625,0.00551314,0.16,0.16178559314415136,0.03201222,0.22,0.33848628,0.1184862799999999,0.01,0.005226696983677204,0.0104438536
5f38764ae95b8318,gemm-p,gemm-p,lv2:__PARA__L0-3.__PARA__L1-32.__PARA__L2-16.__PARA__L3-1.__PIPE__L0-NA.__PIPE__L2-flatten.__TILE__L0-1.__TILE__L2-1,target,query,query,finetune_dataset,data_384.pt,9321.0,stage5e_dmw_afrc,2,50,hmoe_support_paired_seed2,5.0336137,5.165572635696268,0.1567879000000003,0.35,0.2890930058968324,0.0743195499999999,0.24,0.18885427651557044,0.0643209699999999,0.36,0.31203058,0.0479694199999999,0.01,0.006793402446949304,0.003210101
685dc85ed3de4aaf,gemm-p,gemm-p,lv2:__PARA__L0-12.__PARA__L1-32.__PARA__L2-10.__PARA__L3-1.__PIPE__L0-off.__PIPE__L2-flatten.__TILE__L0-1.__TILE__L2-8,target,query,query,finetune_dataset,data_343.pt,11486.0,stage5e_dmw_afrc,2,50,hmoe_support_paired_seed2,4.882954,5.127974617036736,0.3424484000000003,0.23,0.22810688110054378,0.0189105799999999,0.16,0.30219870987483866,0.3445174,0.22,0.9362428,0.7162428000000001,0.01,0.00915291309097568,0.0010135509999999
743b937051155488,gemm-p,gemm-p,lv2:__PARA__L0-1.__PARA__L1-1.__PARA__L2-10.__PARA__L3-14.__PIPE__L0-off.__PIPE__L2-off.__TILE__L0-1.__TILE__L2-1,target,query,query,finetune_dataset,data_107.pt,12490.0,stage5e_dmw_afrc,2,50,hmoe_support_paired_seed2,4.8225055,4.65087370739509,0.2532765000000001,0.14,0.11081874552303637,0.03384255,0.09,0.08801379190205169,0.010283526,0.23,0.12251791,0.10748209,0.01,0.021557754098597334,0.03186903
f65b37928b1e91ab,gemm-p,gemm-p,lv2:__PARA__L0-1.__PARA__L1-1.__PARA__L2-20.__PARA__L3-7.__PIPE__L0-off.__PIPE__L2-off.__TILE__L0-1.__TILE__L2-1,target,query,query,finetune_dataset,data_169.pt,15723.0,stage5e_dmw_afrc,2,50,hmoe_support_paired_seed2,4.656454,4.569229858777236,0.0547830000000004,0.16,0.15504811217022726,0.0189707199999999,0.1,0.10092437679295196,0.0222974359999999,0.25,0.23647854,0.01352146,0.02,0.015427268887422253,0.0007863879999999
ef36d8bab41db1c1,gemm-p,gemm-p,lv2:__PARA__L0-1.__PARA__L1-1.__PARA__L2-10.__PARA__L3-7.__PIPE__L0-off.__PIPE__L2-off.__TILE__L0-1.__TILE__L2-1,target,query,query,finetune_dataset,data_116.pt,16743.0,stage5e_dmw_afrc,2,50,hmoe_support_paired_seed2,4.611113,4.184755159968937,0.539612,0.08,0.09969302082533467,0.02604149,0.05,0.06420267333362982,0.0011168239999999,0.12,0.10792756,0.0120724399999999,0.04,0.02268603342161696,0.0097025099999999
47d9ab0044cefe1e,gemm-p,gemm-p,lv2:__PARA__L0-20.__PARA__L1-32.__PARA__L2-1.__PARA__L3-1.__PIPE__L0-NA.__PIPE__L2-flatten.__TILE__L0-1.__TILE__L2-80,target,query,query,finetune_dataset,data_372.pt,47106.0,stage5e_dmw_afrc,2,50,hmoe_support_paired_seed2,3.8649368,3.924880931971077,0.1082885999999998,0.06,0.05879796548105024,0.0053651299999999,0.02,0.026343374245285708,0.0151898969999999,0.04,0.032554686,0.007445314,0.05,0.04492396387808238,0.0031862229999999
4e1d0fbfc97b1b44,gemm-p,gemm-p,lv2:__PARA__L0-1.__PARA__L1-1.__PARA__L2-4.__PARA__L3-1.__PIPE__L0-off.__PIPE__L2-flatten.__TILE__L0-1.__TILE__L2-1,target,query,query,finetune_dataset,data_171.pt,23947.0,stage5e_dmw_afrc,2,50,hmoe_support_paired_seed2,4.3529696,4.463814952880389,0.1977020000000005,0.08,0.13869549288492725,0.08316146,0.05,0.07606857557211603,0.0408117299999999,0.05,0.1319167,0.0819167,0.01,0.011269247328628154,0.003091779
98d13b347efbf055,gemm-p,gemm-p,lv2:__PARA__L0-1.__PARA__L1-5.__PARA__L2-1.__PARA__L3-1.__PIPE__L0-off.__PIPE__L2-flatten.__TILE__L0-1.__TILE__L2-1,target,query,query,finetune_dataset,data_299.pt,31987.0,stage5e_dmw_afrc,2,50,hmoe_support_paired_seed2,4.1441493,4.163389991312383,0.0427687000000007,0.03,0.042698412487090366,0.0070952199999999,0.01,0.010088600982288589,0.02318423,0.02,0.030900538,0.010900538,0.05,0.03122642648254343,0.01303077
3aae16898050d862,gemm-p,gemm-p,lv2:__PARA__L0-1.__PARA__L1-1.__PARA__L2-5.__PARA__L3-7.__PIPE__L0-off.__PIPE__L2-NA.__TILE__L0-1.__TILE__L2-1,target,query,query,finetune_dataset,data_208.pt,55024.0,stage5e_dmw_afrc,2,50,hmoe_support_paired_seed2,3.7528617,4.210214782594926,0.6104942999999996,0.07,0.045821791469963874,0.047023035,0.03,0.029240790532873276,0.022469877,0.06,0.0320296,0.0279704,0.03,0.020329235404930306,0.0009268379999999
e618f61f3a37ff20,gemm-p,gemm-p,lv2:__PARA__L0-30.__PARA__L1-32.__PARA__L2-16.__PARA__L3-1.__PIPE__L0-NA.__PIPE__L2-flatten.__TILE__L0-2.__TILE__L2-1,target,query,query,finetune_dataset,data_396.pt,14419.0,stage5e_dmw_afrc,2,50,hmoe_support_paired_seed2,4.7189064,4.851968775702895,0.1671333000000006,0.35,0.3923341959932647,0.11703938,0.24,0.17895906881719462,0.0848759,0.36,0.48965248,0.12965248,0.01,0.009551104235179807,0.0085059667
9929154d2a2ca07e,gemm-p,gemm-p,lv2:__PARA__L0-1.__PARA__L1-1.__PARA__L2-8.__PARA__L3-5.__PIPE__L0-off.__PIPE__L2-off.__TILE__L0-1.__TILE__L2-2,target,query,query,finetune_dataset,data_225.pt,391190.0,stage5e_dmw_afrc,2,50,hmoe_support_paired_seed2,2.3379934,2.083523050573079,0.4283650000000003,0.01,0.014850547973662469,0.0167642,0.01,0.016498877855244547,0.001795242,0.01,0.013824701,0.003824701,0.04,0.02748198194554922,0.016906078
e20f67ba45667e5b,gemm-p,gemm-p,lv2:__PARA__L0-1.__PARA__L1-1.__PARA__L2-5.__PARA__L3-7.__PIPE__L0-off.__PIPE__L2-off.__TILE__L0-1.__TILE__L2-1,target,query,query,finetune_dataset,data_209.pt,21184.0,stage5e_dmw_afrc,2,50,hmoe_support_paired_seed2,4.441405,4.2684612202579055,0.1444136999999994,0.04,0.036575944014807564,0.029703923,0.03,0.02800827866495379,0.0319991058,0.06,0.028524369,0.031475631,0.03,0.01892331739256,0.000430539
ee665070b18c5d32,gemm-p,gemm-p,lv2:__PARA__L0-1.__PARA__L1-2.__PARA__L2-16.__PARA__L3-70.__PIPE__L0-off.__PIPE__L2-NA.__TILE__L0-1.__TILE__L2-1,target,query,query,finetune_dataset,data_252.pt,12487.0,stage5e_dmw_afrc,2,50,hmoe_support_paired_seed2,4.8226786,4.8616873181898494,0.0688824000000005,0.32,0.31455331864645797,0.0294984199999999,0.24,0.2139253011436716,0.0390465999999999,0.36,0.41502455,0.05502455,0.01,0.011017175340662088,0.0018569559999999
8bd570148980646e,gemm-p,gemm-p,lv2:__PARA__L0-1.__PARA__L1-1.__PARA__L2-4.__PARA__L3-10.__PIPE__L0-off.__PIPE__L2-off.__TILE__L0-1.__TILE__L2-4,target,query,query,finetune_dataset,data_175.pt,225905.0,stage5e_dmw_afrc,2,50,hmoe_support_paired_seed2,2.73407,2.0755094986821208,0.7540027,0.01,0.03501271997113664,0.017528316,0.0,0.008670225100635372,0.009170366,0.01,0.034041375,0.0240413749999999,0.03,0.029143919706692386,0.008861617
2a002c11e47adc72,gemm-p,gemm-p,lv2:__PARA__L0-1.__PARA__L1-1.__PARA__L2-1.__PARA__L3-1.__PIPE__L0-off.__PIPE__L2-flatten.__TILE__L0-1.__TILE__L2-80,target,query,query,finetune_dataset,data_78.pt,35347.0,stage5e_dmw_afrc,2,50,hmoe_support_paired_seed2,4.0720983,4.225365483249753,0.1868256999999999,0.03,0.04311033842195216,0.009636165,0.01,0.012988196796471922,0.027397683,0.02,0.029329121,0.009329121,0.05,0.04611615855920342,0.0008929939999999
a1a4d0cbb87cf338,gemm-p,gemm-p,lv2:__PARA__L0-3.__PARA__L1-32.__PARA__L2-1.__PARA__L3-1.__PIPE__L0-off.__PIPE__L2-flatten.__TILE__L0-1.__TILE__L2-80,target,query,query,finetune_dataset,data_381.pt,32157.0,stage5e_dmw_afrc,2,50,hmoe_support_paired_seed2,4.1403255,4.07612753755459,0.0735492000000004,0.06,0.07065157247251422,0.0065032,0.02,0.02682171051055513,0.01285855,0.04,0.024915248,0.015084752,0.05,0.04216691404653072,0.016173306
6949ac99510f8963,gemm-p,gemm-p,lv2:__PARA__L0-1.__PARA__L1-32.__PARA__L2-1.__PARA__L3-32.__PIPE__L0-off.__PIPE__L2-off.__TILE__L0-1.__TILE__L2-1,target,query,query,finetune_dataset,data_272.pt,285469.0,stage5e_dmw_afrc,2,50,hmoe_support_paired_seed2,2.5652611,2.7334243317483153,0.2787121000000003,0.01,0.04238914591569648,0.015972486,0.01,0.0016543095228330634,0.023681108,0.03,0.0610241,0.0310241,0.05,0.03847421110592846,0.00809968
9ef04f98e2e62988,gemm-p,gemm-p,lv2:__PARA__L0-1.__PARA__L1-5.__PARA__L2-4.__PARA__L3-1.__PIPE__L0-off.__PIPE__L2-flatten.__TILE__L0-1.__TILE__L2-2,target,query,query,finetune_dataset,data_316.pt,225616.0,stage5e_dmw_afrc,2,50,hmoe_support_paired_seed2,2.7349935,3.319642401611122,0.7082448000000001,0.23,0.2071641689369022,0.0042214599999999,0.05,0.0643178577966899,0.0311307099999999,0.05,0.10644439,0.05644439,0.01,0.008317874987510188,0.023277131
998f552ce8cd3b0b,gemm-p,gemm-p,lv2:__PARA__L0-1.__PARA__L1-1.__PARA__L2-4.__PARA__L3-14.__PIPE__L0-off.__PIPE__L2-off.__TILE__L0-1.__TILE__L2-4,target,query,query,finetune_dataset,data_179.pt,171065.0,stage5e_dmw_afrc,2,50,hmoe_support_paired_seed2,2.934656,2.149566190973925,0.8895105000000001,0.02,0.0423068737226046,0.016066353,0.01,0.012902117206015834,0.021298537,0.01,0.043804377,0.033804377,0.04,0.026726428096815764,0.013730521
383353e3b882b145,gemm-p,gemm-p,lv2:__PARA__L0-1.__PARA__L1-2.__PARA__L2-1.__PARA__L3-32.__PIPE__L0-off.__PIPE__L2-off.__TILE__L0-1.__TILE__L2-1,target,query,query,finetune_dataset,data_242.pt,286909.0,stage5e_dmw_afrc,2,50,hmoe_support_paired_seed2,2.5616314,2.6826985507239125,0.1792077999999999,0.01,0.026035603093439195,0.003441254,0.0,-0.004995284935509223,0.02209575,0.0,0.034012556,0.034012556,0.05,0.03812249364925945,0.0011169879999999
17306fd64712dda9,gemm-p,gemm-p,lv2:__PARA__L0-1.__PARA__L1-1.__PARA__L2-10.__PARA__L3-2.__PIPE__L0-off.__PIPE__L2-NA.__TILE__L0-1.__TILE__L2-1,target,query,query,finetune_dataset,data_109.pt,47291.0,stage5e_dmw_afrc,2,50,hmoe_support_paired_seed2,3.8621094,3.7717959262185072,0.1111678999999998,0.06,0.08739742549380622,0.01100573,0.03,0.04145130570450837,0.000340254,0.05,0.03754148,0.01245852,0.01,0.022165628379721473,0.024233734
fb1114b6b71fa02e,gemm-p,gemm-p,lv2:__PARA__L0-1.__PARA__L1-1.__PARA__L2-4.__PARA__L3-7.__PIPE__L0-off.__PIPE__L2-off.__TILE__L0-1.__TILE__L2-1,target,query,query,finetune_dataset,data_189.pt,23584.0,stage5e_dmw_afrc,2,50,hmoe_support_paired_seed2,4.363988,4.28896015593182,0.0049210000000003,0.04,0.031869802107821664,0.03233225,0.02,0.02084633872440282,0.02079478015,0.05,0.027038217,0.022961783,0.03,0.019015780221326533,0.0014959429999999
0eeabdcdff47386b,gemm-p,gemm-p,lv2:__PARA__L0-1.__PARA__L1-16.__PARA__L2-1.__PARA__L3-1.__PIPE__L0-off.__PIPE__L2-flatten.__TILE__L0-60.__TILE__L2-1,target,query,query,finetune_dataset,data_233.pt,31687.0,stage5e_dmw_afrc,2,50,hmoe_support_paired_seed2,4.1509466,4.067897042939286,0.1231965999999999,0.03,0.04275271354216428,0.005520345,0.02,0.009521982434950164,0.0090649829999999,0.02,0.027475744,0.0074757439999999,0.05,0.03144927445945944,0.00760365
f8eced5bda6750eb,gemm-p,gemm-p,lv2:__PARA__L0-1.__PARA__L1-1.__PARA__L2-8.__PARA__L3-10.__PIPE__L0-off.__PIPE__L2-NA.__TILE__L0-1.__TILE__L2-1,target,query,query,finetune_dataset,data_214.pt,41050.0,stage5e_dmw_afrc,2,50,hmoe_support_paired_seed2,3.964201,4.238675549779082,0.2961153999999997,0.13,0.129266723715421,0.0203603799999999,0.06,0.04693668681691308,0.0302579679999999,0.14,0.082425326,0.057574674,0.05,0.018744187573138654,0.026042943
c72435dad60775dc,gemm-p,gemm-p,lv2:__PARA__L0-1.__PARA__L1-1.__PARA__L2-2.__PARA__L3-5.__PIPE__L0-off.__PIPE__L2-off.__TILE__L0-1.__TILE__L2-1,target,query,query,finetune_dataset,data_147.pt,106325.0,stage5e_dmw_afrc,2,50,hmoe_support_paired_seed2,3.2776875,3.4591394241865174,0.2339428000000003,0.02,0.015492340759469947,0.016088356,0.01,-0.00222695726791736,0.027016241,0.01,0.035984904,0.0259849039999999,0.03,0.02318781224576808,0.0061201309999999
c0d84603c29fbddb,gemm-p,gemm-p,lv2:__PARA__L0-1.__PARA__L1-1.__PARA__L2-8.__PARA__L3-5.__PIPE__L0-off.__PIPE__L2-NA.__TILE__L0-1.__TILE__L2-1,target,query,query,finetune_dataset,data_223.pt,43865.0,stage5e_dmw_afrc,2,50,hmoe_support_paired_seed2,3.916357,3.6125026532820534,0.5148716000000002,0.08,0.10446600140465986,0.0410272,0.04,0.04140301605594107,0.019521036,0.08,0.07788488,0.0021151199999999,0.04,0.025132781154831165,0.015640623
7d58e379a85d0088,gemm-p,gemm-p,lv2:__PARA__L0-1.__PARA__L1-5.__PARA__L2-1.__PARA__L3-1.__PIPE__L0-off.__PIPE__L2-flatten.__TILE__L0-1.__TILE__L2-8,target,query,query,finetune_dataset,data_302.pt,231615.0,stage5e_dmw_afrc,2,50,hmoe_support_paired_seed2,2.7160637,3.0817101919598455,0.6982649000000003,0.19,0.09323294395887548,0.126689794,0.02,0.01959579182393548,0.008256625,0.02,0.033152044,0.0131520439999999,0.04,0.027021407111184382,0.0005783499999999
65905651ddefa93d,gemm-p,gemm-p,lv2:__PARA__L0-1.__PARA__L1-1.__PARA__L2-5.__PARA__L3-1.__PIPE__L0-off.__PIPE__L2-flatten.__TILE__L0-1.__TILE__L2-1,target,query,query,finetune_dataset,data_194.pt,19109.0,stage5e_dmw_afrc,2,50,hmoe_support_paired_seed2,4.515766,4.622412845241211,0.1979679999999994,0.1,0.15483692581697095,0.07825937,0.07,0.09527350163927972,0.0422851099999999,0.11,0.15691462,0.04691462,0.01,0.009631131516041657,0.003683951
16a64917ea3821a4,gemm-p,gemm-p,lv2:__PARA__L0-1.__PARA__L1-1.__PARA__L2-2.__PARA__L3-14.__PIPE__L0-off.__PIPE__L2-off.__TILE__L0-1.__TILE__L2-1,target,query,query,finetune_dataset,data_139.pt,81670.0,stage5e_dmw_afrc,2,50,hmoe_support_paired_seed2,3.467989,3.8572169247130113,0.5517826000000001,0.04,0.040439147216053746,0.004425534,0.02,0.00862029914195263,0.0183548522,0.04,0.04752752,0.0075275199999999,0.03,0.022818026889057593,0.016165421
ad87ec7f414fbe82,gemm-p,gemm-p,lv2:__PARA__L0-2.__PARA__L1-32.__PARA__L2-10.__PARA__L3-1.__PIPE__L0-NA.__PIPE__L2-flatten.__TILE__L0-1.__TILE__L2-8,target,query,query,finetune_dataset,data_367.pt,9563.0,stage5e_dmw_afrc,2,50,hmoe_support_paired_seed2,5.0151243,5.053517254407484,0.0638766999999997,0.23,0.23479239913118802,0.00358851,0.16,0.14228309126044952,0.05106727,0.22,0.25380087,0.03380087,0.01,0.004438322284445033,0.00298759
1e61a91755bde15a,gemm-p,gemm-p,lv2:__PARA__L0-1.__PARA__L1-1.__PARA__L2-2.__PARA__L3-5.__PIPE__L0-off.__PIPE__L2-off.__TILE__L0-1.__TILE__L2-2,target,query,query,finetune_dataset,data_148.pt,886860.0,stage5e_dmw_afrc,2,50,hmoe_support_paired_seed2,1.7475749,2.163402751568035,0.4160501000000001,0.01,-0.010407135503913955,0.04784722,0.0,-0.0070970775594989995,0.012059753,0.0,0.015459001,0.015459001,0.03,0.03507260327926025,0.0350169699999999
fd951650d67b98bc,gemm-p,gemm-p,lv2:__PARA__L0-1.__PARA__L1-2.__PARA__L2-10.__PARA__L3-70.__PIPE__L0-off.__PIPE__L2-NA.__TILE__L0-1.__TILE__L2-1,target,query,query,finetune_dataset,data_249.pt,12847.0,stage5e_dmw_afrc,2,50,hmoe_support_paired_seed2,4.8021765,4.828047673728131,0.0697798,0.21,0.2203825829670045,0.03648663,0.15,0.15937482055226157,0.05637289,0.22,0.29412392,0.0741239199999999,0.01,0.01375509949125609,0.0041448809999999
f8bdf0220b8efd35,gemm-p,gemm-p,lv2:__PARA__L0-1.__PARA__L1-1.__PARA__L2-2.__PARA__L3-2.__PIPE__L0-off.__PIPE__L2-off.__TILE__L0-1.__TILE__L2-4,target,query,query,finetune_dataset,data_145.pt,1459866.0,stage5e_dmw_afrc,2,50,hmoe_support_paired_seed2,1.388046,1.8304075439820928,0.4555152,0.0,0.03291756853324516,0.027939945,0.0,-0.01464770821400797,0.033816762,0.0,0.015013069,0.015013069,0.01,0.026095298635451635,0.015332255
ce912d6165eea1f8,gemm-p,gemm-p,lv2:__PARA__L0-1.__PARA__L1-5.__PARA__L2-4.__PARA__L3-1.__PIPE__L0-off.__PIPE__L2-flatten.__TILE__L0-1.__TILE__L2-1,target,query,query,finetune_dataset,data_315.pt,20587.0,stage5e_dmw_afrc,2,50,hmoe_support_paired_seed2,4.462025,4.468118211840052,0.0435473000000001,0.08,0.1452696716930988,0.0780790599999999,0.05,0.07641049220658375,0.0401638899999999,0.05,0.13812143,0.0881214299999999,0.01,0.009389305190363314,0.0026368239999999
707056a975a8db31,gemm-p,gemm-p,lv2:__PARA__L0-30.__PARA__L1-32.__PARA__L2-16.__PARA__L3-1.__PIPE__L0-NA.__PIPE__L2-flatten.__TILE__L0-1.__TILE__L2-1,target,query,query,finetune_dataset,data_395.pt,14419.0,stage5e_dmw_afrc,2,50,hmoe_support_paired_seed2,4.7189064,5.102706356103795,0.5443449000000005,0.35,0.3124287600612974,0.0358819999999999,0.24,0.18019432106099242,0.0938753699999999,0.36,0.235668,0.124332,0.01,0.009833273520679307,0.005774107
ef1ceb40a4d651b2,gemm-p,gemm-p,lv2:__PARA__L0-1.__PARA__L1-1.__PARA__L2-5.__PARA__L3-5.__PIPE__L0-off.__PIPE__L2-off.__TILE__L0-1.__TILE__L2-1,target,query,query,finetune_dataset,data_206.pt,25145.0,stage5e_dmw_afrc,2,50,hmoe_support_paired_seed2,4.317756,4.100442255357088,0.2334240000000003,0.03,0.03880714334445448,0.008888988,0.02,0.0190112729274286,0.031698452,0.04,0.037458926,0.002541074,0.03,0.021313971142672757,0.009752707
f20696703ce2bad2,gemm-p,gemm-p,lv2:__PARA__L0-1.__PARA__L1-5.__PARA__L2-2.__PARA__L3-1.__PIPE__L0-off.__PIPE__L2-flatten.__TILE__L0-1.__TILE__L2-4,target,query,query,finetune_dataset,data_312.pt,234616.0,stage5e_dmw_afrc,2,50,hmoe_support_paired_seed2,2.7067773,3.1073984393867518,0.6623504999999996,0.2,0.1200711448317518,0.106246126,0.03,0.01953349867457595,0.000826211,0.02,0.116028905,0.096028905,0.01,0.016464035064133537,0.007577684
638eade1c299f75a,gemm-p,gemm-p,lv2:__PARA__L0-1.__PARA__L1-1.__PARA__L2-1.__PARA__L3-7.__PIPE__L0-off.__PIPE__L2-off.__TILE__L0-1.__TILE__L2-4,target,query,query,finetune_dataset,data_97.pt,466908.0,stage5e_dmw_afrc,2,50,hmoe_support_paired_seed2,2.2103589,2.0239257097085166,0.2871633000000002,0.01,0.03292189190403619,0.025873055,0.0,0.010798114030587648,0.011262834,0.0,0.019672543,0.019672543,0.02,0.027489879442174976,0.0095852259999999
aaec899982f42ed1,gemm-p,gemm-p,lv2:__PARA__L0-1.__PARA__L1-5.__PARA__L2-1.__PARA__L3-1.__PIPE__L0-off.__PIPE__L2-flatten.__TILE__L0-1.__TILE__L2-2,target,query,query,finetune_dataset,data_300.pt,796815.0,stage5e_dmw_afrc,2,50,hmoe_support_paired_seed2,1.8248057,2.045847203899781,0.0939893,0.2,0.07192325900573125,0.157128853,0.02,-0.00501220625837367,0.008812923,0.02,0.026728988,0.0067289879999999,0.04,0.04511392855064494,0.009100492
f2cfc23e7d96a21a,gemm-p,gemm-p,lv2:__PARA__L0-1.__PARA__L1-1.__PARA__L2-5.__PARA__L3-70.__PIPE__L0-off.__PIPE__L2-NA.__TILE__L0-1.__TILE__L2-1,target,query,query,finetune_dataset,data_211.pt,19109.0,stage5e_dmw_afrc,2,50,hmoe_support_paired_seed2,4.515766,4.511299056023563,0.0086639999999995,0.1,0.09513261016906309,0.03061522,0.07,0.09146011361410525,0.0258193539999999,0.11,0.028217375,0.081782625,0.01,0.018566170915544435,0.005601916
c4f908e25d12ee3a,gemm-p,gemm-p,lv2:__PARA__L0-1.__PARA__L1-1.__PARA__L2-2.__PARA__L3-70.__PIPE__L0-off.__PIPE__L2-NA.__TILE__L0-1.__TILE__L2-1,target,query,query,finetune_dataset,data_154.pt,35647.0,stage5e_dmw_afrc,2,50,hmoe_support_paired_seed2,4.066002,4.480089237414875,0.581334,0.04,0.10322204185924194,0.0822434039999999,0.02,0.07818201328481188,0.0819398,0.02,0.12027565,0.10027565,0.01,0.026786632845982376,0.011758301
53e5acb3022b9736,gemm-p,gemm-p,lv2:__PARA__L0-1.__PARA__L1-1.__PARA__L2-1.__PARA__L3-32.__PIPE__L0-off.__PIPE__L2-off.__TILE__L0-1.__TILE__L2-1,target,query,query,finetune_dataset,data_90.pt,289009.0,stage5e_dmw_afrc,2,50,hmoe_support_paired_seed2,2.556371,2.5944172691520486,0.0703374999999999,0.01,0.027092018328584485,0.004330406,0.0,-0.0057175280535531154,0.023203984,0.0,0.036063164,0.036063164,0.05,0.039597261434011266,0.000118676
4f7c1c7a0159ad36,gemm-p,gemm-p,lv2:__PARA__L0-1.__PARA__L1-1.__PARA__L2-1.__PARA__L3-10.__PIPE__L0-off.__PIPE__L2-off.__TILE__L0-1.__TILE__L2-2,target,query,query,finetune_dataset,data_81.pt,436495.0,stage5e_dmw_afrc,2,50,hmoe_support_paired_seed2,2.2589455,2.1759220169062465,0.2317879999999998,0.01,0.003274203980303463,0.029718312,0.0,0.003716380063885074,0.008818865,0.0,0.024932176,0.024932176,0.02,0.03722407904003764,0.04140028
dba1b07283a53f11,gemm-p,gemm-p,lv2:__PARA__L0-1.__PARA__L1-1.__PARA__L2-1.__PARA__L3-2.__PIPE__L0-off.__PIPE__L2-off.__TILE__L0-1.__TILE__L2-4,target,query,query,finetune_dataset,data_89.pt,1354136.0,stage5e_dmw_afrc,2,50,hmoe_support_paired_seed2,1.4422777,1.4447504781744782,0.2587796,0.01,0.07375031957674028,0.1009336,0.0,0.006489432197812326,0.0033859082,0.0,0.016292691,0.016292691,0.01,0.030259122290741035,0.0185736749999999
07bad97c4d4ae0a5,gemm-p,gemm-p,lv2:__PARA__L0-1.__PARA__L1-2.__PARA__L2-1.__PARA__L3-32.__PIPE__L0-off.__PIPE__L2-off.__TILE__L0-60.__TILE__L2-1,target,query,query,finetune_dataset,data_244.pt,286909.0,stage5e_dmw_afrc,2,50,hmoe_support_paired_seed2,2.5616314,2.764206732400404,0.3249786000000001,0.01,0.026724863322409614,0.00524204,0.0,-0.008315088713359597,0.018016221,0.0,0.024350256,0.024350256,0.05,0.03570371398456875,0.00654531
8ba7f8ad18fb5a3e,gemm-p,gemm-p,lv2:__PARA__L0-4.__PARA__L1-16.__PARA__L2-10.__PARA__L3-1.__PIPE__L0-NA.__PIPE__L2-flatten.__TILE__L0-1.__TILE__L2-8,target,query,query,finetune_dataset,data_401.pt,10050.0,stage5e_dmw_afrc,2,50,hmoe_support_paired_seed2,4.9792943,5.073958629810408,0.0836553999999996,0.23,0.23879379290110125,0.0036381999999999,0.16,0.14133080951474497,0.051001284,0.22,0.20367166,0.0163283399999999,0.01,0.0038466939396065306,0.0089896059999999
865271fa8abdf68a,gemm-p,gemm-p,lv2:__PARA__L0-4.__PARA__L1-16.__PARA__L2-1.__PARA__L3-1.__PIPE__L0-off.__PIPE__L2-flatten.__TILE__L0-1.__TILE__L2-80,target,query,query,finetune_dataset,data_400.pt,33170.0,stage5e_dmw_afrc,2,50,hmoe_support_paired_seed2,4.117953,4.125843435312786,0.0599707,0.05,0.06241621476160467,0.00114931,0.02,0.021150019349980325,0.009137999,0.02,0.01725924,0.00274076,0.05,0.04061465555224318,0.013164285
f2a8c232c2c3f39a,gemm-p,gemm-p,lv2:__PARA__L0-1.__PARA__L1-1.__PARA__L2-1.__PARA__L3-8.__PIPE__L0-off.__PIPE__L2-off.__TILE__L0-1.__TILE__L2-1,target,query,query,finetune_dataset,data_100.pt,759409.0,stage5e_dmw_afrc,2,50,hmoe_support_paired_seed2,1.8594896,3.014252079372134,1.2424134,0.0,0.009450229813945528,0.0066242083,0.0,0.004735612966443266,0.0058584213,0.0,0.01879111,0.01879111,0.03,0.030013649624099942,0.006736533
4afcb8c7b0112a4d,gemm-p,gemm-p,lv2:__PARA__L0-30.__PARA__L1-32.__PARA__L2-16.__PARA__L3-1.__PIPE__L0-off.__PIPE__L2-flatten.__TILE__L0-2.__TILE__L2-1,target,query,query,finetune_dataset,data_398.pt,14419.0,stage5e_dmw_afrc,2,50,hmoe_support_paired_seed2,4.7189064,4.539232121856455,0.2697674000000001,0.35,0.42608851708499845,0.1668276,0.24,0.24437915123565526,0.0800701799999999,0.36,0.57090497,0.2109049699999999,0.01,0.01079405824328983,0.014218553
5277a20e45320929,gemm-p,gemm-p,lv2:__PARA__L0-12.__PARA__L1-16.__PARA__L2-16.__PARA__L3-1.__PIPE__L0-off.__PIPE__L2-flatten.__TILE__L0-1.__TILE__L2-1,target,query,query,finetune_dataset,data_339.pt,11150.0,stage5e_dmw_afrc,2,50,hmoe_support_paired_seed2,4.9043703,4.85388965633518,0.1161402999999996,0.35,0.42317840812796526,0.19251456,0.24,0.49688273056792076,0.70618225,0.36,0.8914144,0.5314144000000001,0.01,0.00986495184055864,0.0054564809999999
cb44bd110671dfb6,gemm-p,gemm-p,lv2:__PARA__L0-1.__PARA__L1-1.__PARA__L2-1.__PARA__L3-5.__PIPE__L0-off.__PIPE__L2-off.__TILE__L0-1.__TILE__L2-2,target,query,query,finetune_dataset,data_93.pt,570770.0,stage5e_dmw_afrc,2,50,hmoe_support_paired_seed2,2.0654733,1.829257271049693,0.5043818999999998,0.01,0.01563981024296476,0.0032770539999999,0.0,-0.00044765863309345725,0.0036854614,0.0,0.020617485,0.020617485,0.02,0.040301315803168716,0.059596385
91f52fdd15496b79,gemm-p,gemm-p,lv2:__PARA__L0-1.__PARA__L1-1.__PARA__L2-10.__PARA__L3-14.__PIPE__L0-off.__PIPE__L2-NA.__TILE__L0-1.__TILE__L2-1,target,query,query,finetune_dataset,data_106.pt,35890.0,stage5e_dmw_afrc,2,50,hmoe_support_paired_seed2,4.061101,4.63200289400686,0.7456060000000004,0.22,0.15703222990347723,0.03800517,0.1,0.07088821635762196,0.03128279,0.24,0.12781796,0.1121820399999999,0.01,0.02054192868420751,0.0153288579999999
2e5b78aa62dc3423,gemm-p,gemm-p,lv2:__PARA__L0-12.__PARA__L1-32.__PARA__L2-16.__PARA__L3-1.__PIPE__L0-off.__PIPE__L2-flatten.__TILE__L0-1.__TILE__L2-1,target,query,query,finetune_dataset,data_345.pt,10982.0,stage5e_dmw_afrc,2,50,hmoe_support_paired_seed2,4.915322,4.8195095266490995,0.1332699999999995,0.35,0.44484062115451756,0.2273374,0.24,0.5701172638023426,0.8756466,0.36,0.99345434,0.63345434,0.01,0.012786512489613239,0.00400785
5da4f0b9ddf1dc15,gemm-p,gemm-p,lv2:__PARA__L0-1.__PARA__L1-1.__PARA__L2-1.__PARA__L3-70.__PIPE__L0-off.__PIPE__L2-NA.__TILE__L0-1.__TILE__L2-1,target,query,query,finetune_dataset,data_98.pt,32530.0,stage5e_dmw_afrc,2,50,hmoe_support_paired_seed2,4.1320066,4.056818707767207,0.120152,0.02,0.06127518128373658,0.033019404,0.01,0.029333368075579458,0.0027869549999999,0.02,0.08076984,0.0607698399999999,0.05,0.040970368483598696,0.0053475469999999
0ba4ea1b6ce7461f,gemm-p,gemm-p,lv2:__PARA__L0-1.__PARA__L1-2.__PARA__L2-16.__PARA__L3-1.__PIPE__L0-off.__PIPE__L2-flatten.__TILE__L0-1.__TILE__L2-1,target,query,query,finetune_dataset,data_251.pt,12487.0,stage5e_dmw_afrc,2,50,hmoe_support_paired_seed2,4.8226786,4.657213414127556,0.1964405999999998,0.32,0.2466576332342839,0.0523187299999999,0.24,0.15136366959517067,0.0943602499999999,0.36,0.22959557,0.13040443,0.01,0.010014564585565228,0.0159409979999999
d89ed08ba5c4e9d0,gemm-p,gemm-p,lv2:__PARA__L0-1.__PARA__L1-1.__PARA__L2-2.__PARA__L3-7.__PIPE__L0-off.__PIPE__L2-off.__TILE__L0-1.__TILE__L2-1,target,query,query,finetune_dataset,data_151.pt,96604.0,stage5e_dmw_afrc,2,50,hmoe_support_paired_seed2,3.3468506,3.6071066255820954,0.337615,0.03,0.037649888498567395,0.00943804,0.01,0.00666912289088364,0.00600929,0.02,0.01982683,0.00017317,0.02,0.019086074947521795,0.014489746
43a1fc399c607d82,gemm-p,gemm-p,lv2:__PARA__L0-1.__PARA__L1-5.__PARA__L2-10.__PARA__L3-1.__PIPE__L0-off.__PIPE__L2-flatten.__TILE__L0-1.__TILE__L2-4,target,query,query,finetune_dataset,data_306.pt,75975.0,stage5e_dmw_afrc,2,50,hmoe_support_paired_seed2,3.5201297,3.2805000707967933,0.2607406999999999,0.44,0.2743936957849464,0.1232823,0.18,0.10765343339713687,0.07019212,0.61,0.37255815,0.23744185,0.0,0.005118580270809477,0.0069995355
a7da740e9473f8d8,gemm-p,gemm-p,lv2:__PARA__L0-1.__PARA__L1-5.__PARA__L2-8.__PARA__L3-1.__PIPE__L0-off.__PIPE__L2-flatten.__TILE__L0-1.__TILE__L2-1,target,query,query,finetune_dataset,data_321.pt,12127.0,stage5e_dmw_afrc,2,50,hmoe_support_paired_seed2,4.843781,4.894295816013214,0.1116369999999999,0.17,0.1915611554409384,0.0251688199999999,0.12,0.12654458041232206,0.02290628,0.18,0.25970095,0.0797009499999999,0.01,0.006085345569412226,0.0021213029999999
b7785b488b1d90e8,gemm-p,gemm-p,lv2:__PARA__L0-1.__PARA__L1-1.__PARA__L2-8.__PARA__L3-10.__PIPE__L0-off.__PIPE__L2-off.__TILE__L0-1.__TILE__L2-2,target,query,query,finetune_dataset,data_216.pt,215335.0,stage5e_dmw_afrc,2,50,hmoe_support_paired_seed2,2.7686367,3.0680482319538056,0.4431838999999997,0.02,0.029805262867357928,0.007187773,0.01,0.05577683646265091,0.075107505,0.02,0.027420431,0.0074204309999999,0.05,0.02798280791761025,0.024062698
6aa4b8ebca535257,gemm-p,gemm-p,lv2:__PARA__L0-1.__PARA__L1-5.__PARA__L2-5.__PARA__L3-1.__PIPE__L0-off.__PIPE__L2-flatten.__TILE__L0-1.__TILE__L2-1,target,query,query,finetune_dataset,data_318.pt,15749.0,stage5e_dmw_afrc,2,50,hmoe_support_paired_seed2,4.655262,4.618461880309852,0.002809,0.1,0.161520877189409,0.0723321999999999,0.07,0.09539726669639048,0.0404691899999999,0.11,0.16596457,0.05596457,0.01,0.007164770902781966,0.001228068
4f074dc2b0bf150a,gemm-p,gemm-p,lv2:__PARA__L0-1.__PARA__L1-4.__PARA__L2-8.__PARA__L3-1.__PIPE__L0-off.__PIPE__L2-flatten.__TILE__L0-1.__TILE__L2-1,target,query,query,finetune_dataset,data_298.pt,12727.0,stage5e_dmw_afrc,2,50,hmoe_support_paired_seed2,4.808946,4.859751802025543,0.1021873000000006,0.17,0.1875938093348446,0.0257757199999999,0.12,0.1227083482413771,0.01693884,0.18,0.24463978,0.06463978,0.01,0.007793136522517487,0.006305966
a3d4be369c427331,gemm-p,gemm-p,lv2:__PARA__L0-1.__PARA__L1-1.__PARA__L2-10.__PARA__L3-70.__PIPE__L0-off.__PIPE__L2-off.__TILE__L0-1.__TILE__L2-1,target,query,query,finetune_dataset,data_119.pt,14947.0,stage5e_dmw_afrc,2,50,hmoe_support_paired_seed2,4.692964,4.753136410890606,0.0903090000000004,0.21,0.28144188904251904,0.13440818,0.15,0.1865173836571619,0.1177670999999999,0.22,0.42201713,0.20201713,0.01,0.01820294019934903,0.013643298
3bbf8f2298a825c7,gemm-p,gemm-p,lv2:__PARA__L0-10.__PARA__L1-16.__PARA__L2-16.__PARA__L3-1.__PIPE__L0-off.__PIPE__L2-flatten.__TILE__L0-1.__TILE__L2-1,target,query,query,finetune_dataset,data_332.pt,10763.0,stage5e_dmw_afrc,2,50,hmoe_support_paired_seed2,4.929852,4.928480804551327,0.0536669999999999,0.35,0.4562216290234266,0.2534908,0.24,0.6535175150422646,1.0842155,0.36,1.00187,0.64187,0.01,0.009568847790191863,0.006042395
ad665098768e16a0,gemm-p,gemm-p,lv2:__PARA__L0-30.__PARA__L1-32.__PARA__L2-10.__PARA__L3-1.__PIPE__L0-NA.__PIPE__L2-flatten.__TILE__L0-1.__TILE__L2-8,target,query,query,finetune_dataset,data_391.pt,15139.0,stage5e_dmw_afrc,2,50,hmoe_support_paired_seed2,4.6837573,4.8479343299269635,0.2295379999999998,0.23,0.23084809823431962,0.0222038499999999,0.16,0.1380721091360894,0.07167089,0.22,0.16180971,0.05819029,0.01,0.007906342337913382,0.00024673
152f0fa02f6e91e4,gemm-p,gemm-p,lv2:__PARA__L0-1.__PARA__L1-32.__PARA__L2-10.__PARA__L3-1.__PIPE__L0-NA.__PIPE__L2-flatten.__TILE__L0-4.__TILE__L2-1,target,query,query,finetune_dataset,data_276.pt,9914.0,stage5e_dmw_afrc,2,50,hmoe_support_paired_seed2,4.9891224,5.076054066479124,0.1655679000000001,0.23,0.23603117745186133,0.0068320499999999,0.16,0.1598373461963867,0.02856463,0.22,0.26279283,0.0427928299999999,0.01,0.008222221455310468,0.0105546629
08c0db4b86809ca1,gemm-p,gemm-p,lv2:__PARA__L0-2.__PARA__L1-32.__PARA__L2-16.__PARA__L3-1.__PIPE__L0-off.__PIPE__L2-flatten.__TILE__L0-1.__TILE__L2-1,target,query,query,finetune_dataset,data_370.pt,9179.0,stage5e_dmw_afrc,2,50,hmoe_support_paired_seed2,5.0446877,5.219138676931601,0.2501234999999999,0.35,0.30245312186999707,0.0500457999999999,0.24,0.2146362114707704,0.00129221,0.36,0.4693195,0.1093195,0.01,0.005315409750224128,0.002308819
05c7235b9f5af54f,gemm-p,gemm-p,lv2:__PARA__L0-20.__PARA__L1-32.__PARA__L2-10.__PARA__L3-1.__PIPE__L0-NA.__PIPE__L2-flatten.__TILE__L0-1.__TILE__L2-8,target,query,query,finetune_dataset,data_374.pt,13106.0,stage5e_dmw_afrc,2,50,hmoe_support_paired_seed2,4.7877784,4.922190893904966,0.2112006000000006,0.23,0.22368509649437399,0.0107772199999999,0.16,0.1327347130121011,0.05234215,0.22,0.17063296,0.04936704,0.01,0.007868094670465706,0.0015682909999999
9388d9bcc8c3974d,gemm-p,gemm-p,lv2:__PARA__L0-1.__PARA__L1-1.__PARA__L2-5.__PARA__L3-5.__PIPE__L0-off.__PIPE__L2-off.__TILE__L0-1.__TILE__L2-2,target,query,query,finetune_dataset,data_207.pt,520550.0,stage5e_dmw_afrc,2,50,hmoe_support_paired_seed2,2.1319096,2.0938661467418482,0.1344962000000003,0.01,0.033098156501588434,0.020261844,0.0,0.016545038921632442,0.022697628,0.0,0.030634254,0.030634254,0.03,0.027606733530550848,0.00106348
2ec4102f44654268,gemm-p,gemm-p,lv2:__PARA__L0-30.__PARA__L1-32.__PARA__L2-1.__PARA__L3-1.__PIPE__L0-off.__PIPE__L2-flatten.__TILE__L0-2.__TILE__L2-1,target,query,query,finetune_dataset,data_390.pt,55939.0,stage5e_dmw_afrc,2,50,hmoe_support_paired_seed2,3.740965,3.6983937881989877,0.1149370000000002,0.06,0.061947460923417054,0.00281319,0.02,0.04060036658905941,0.01191194,0.04,0.07797095,0.0379709499999999,0.05,0.05513928789368882,0.05674034
5b1cbec8490c4471,gemm-p,gemm-p,lv2:__PARA__L0-1.__PARA__L1-1.__PARA__L2-10.__PARA__L3-10.__PIPE__L0-off.__PIPE__L2-off.__TILE__L0-1.__TILE__L2-2,target,query,query,finetune_dataset,data_105.pt,195175.0,stage5e_dmw_afrc,2,50,hmoe_support_paired_seed2,2.839544,3.137839004308509,0.4494169999999999,0.03,0.0351005116182601,0.009148805,0.02,0.052160049234679755,0.0562942699999999,0.03,0.050887197,0.020887197,0.0,0.027987330923712635,0.024112327
bd8a558d1e7455ea,gemm-p,gemm-p,lv2:__PARA__L0-1.__PARA__L1-1.__PARA__L2-10.__PARA__L3-10.__PIPE__L0-off.__PIPE__L2-NA.__TILE__L0-1.__TILE__L2-1,target,query,query,finetune_dataset,data_103.pt,35890.0,stage5e_dmw_afrc,2,50,hmoe_support_paired_seed2,4.061101,4.360068883534213,0.3470287000000001,0.17,0.16560154999066257,0.0369056999999999,0.08,0.05965622255913163,0.02676286,0.18,0.14305022,0.0369497799999999,0.01,0.018460034905594273,0.014404926
280681d79bcd3457,gemm-p,gemm-p,lv2:__PARA__L0-1.__PARA__L1-1.__PARA__L2-4.__PARA__L3-5.__PIPE__L0-off.__PIPE__L2-NA.__TILE__L0-1.__TILE__L2-1,target,query,query,finetune_dataset,data_184.pt,67025.0,stage5e_dmw_afrc,2,50,hmoe_support_paired_seed2,3.6105425,4.193446651688716,0.7964054999999997,0.05,0.03949180085191695,0.025613892,0.02,0.018631658339674933,0.026472353,0.04,0.036993414,0.0030065859999999,0.03,0.020275075565506857,0.0042500949999999
4a373a54a47fffb5,gemm-p,gemm-p,lv2:__PARA__L0-1.__PARA__L1-1.__PARA__L2-1.__PARA__L3-7.__PIPE__L0-off.__PIPE__L2-off.__TILE__L0-1.__TILE__L2-2,target,query,query,finetune_dataset,data_96.pt,466908.0,stage5e_dmw_afrc,2,50,hmoe_support_paired_seed2,2.2103589,1.9642518250596779,0.4725639000000001,0.01,0.0012506812902001103,0.028302483,0.0,0.0025651099858053344,0.005584419,0.0,0.025198072,0.025198072,0.02,0.036870815187215036,0.0428545699999999
392ecd77c14e7fb5,gemm-p,gemm-p,lv2:__PARA__L0-3.__PARA__L1-32.__PARA__L2-1.__PARA__L3-1.__PIPE__L0-NA.__PIPE__L2-flatten.__TILE__L0-1.__TILE__L2-80,target,query,query,finetune_dataset,data_380.pt,32157.0,stage5e_dmw_afrc,2,50,hmoe_support_paired_seed2,4.1403255,4.1169706175532585,0.0338315000000006,0.06,0.07822747529726858,0.0080073499999999,0.02,0.03796714214034223,0.01171712,0.04,0.04212296,0.00212296,0.05,0.0429948973073987,0.0021196569999999
872b368f13acc874,gemm-p,gemm-p,lv2:__PARA__L0-1.__PARA__L1-1.__PARA__L2-2.__PARA__L3-2.__PIPE__L0-off.__PIPE__L2-off.__TILE__L0-1.__TILE__L2-2,target,query,query,finetune_dataset,data_144.pt,2110866.0,stage5e_dmw_afrc,2,50,hmoe_support_paired_seed2,1.1220466,1.6639596910904042,0.3821722000000001,0.0,0.012031709050921185,0.0079141855,0.0,-0.02238431218809173,0.038565617,0.0,0.008389324,0.008389324,0.01,0.02837921459718589,0.0203061439999999
6c54beba2b4ed543,gemm-p,gemm-p,lv2:__PARA__L0-6.__PARA__L1-32.__PARA__L2-16.__PARA__L3-1.__PIPE__L0-NA.__PIPE__L2-flatten.__TILE__L0-1.__TILE__L2-1,target,query,query,finetune_dataset,data_423.pt,9860.0,stage5e_dmw_afrc,2,50,hmoe_support_paired_seed2,4.9930625,5.172963924403088,0.2267952000000006,0.35,0.3249274060849783,0.0396528299999999,0.24,0.20092525760017851,0.0714121399999999,0.36,0.32239488,0.0376051199999999,0.01,0.006223373845971106,0.0014078349999999
7b5fc2286f9afd37,gemm-p,gemm-p,lv2:__PARA__L0-12.__PARA__L1-32.__PARA__L2-1.__PARA__L3-1.__PIPE__L0-off.__PIPE__L2-flatten.__TILE__L0-1.__TILE__L2-80,target,query,query,finetune_dataset,data_341.pt,40046.0,stage5e_dmw_afrc,2,50,hmoe_support_paired_seed2,3.982063,3.9106165288626773,0.1039702,0.06,0.06164141502420275,0.000384452,0.02,0.02467273381105566,0.008941789,0.04,0.053949714,0.013949714,0.05,0.04111297951427082,0.01280642
66b001d5a20855dc,gemm-p,gemm-p,lv2:__PARA__L0-1.__PARA__L1-1.__PARA__L2-5.__PARA__L3-70.__PIPE__L0-off.__PIPE__L2-off.__TILE__L0-1.__TILE__L2-1,target,query,query,finetune_dataset,data_212.pt,19109.0,stage5e_dmw_afrc,2,50,hmoe_support_paired_seed2,4.515766,4.550549055388569,0.0182739999999999,0.1,0.10421196441035808,0.021087205,0.07,0.09057940525272215,0.02223965,0.11,0.060773432,0.049226568,0.01,0.020543420703675062,0.0160763599999999
e5ad409c498d9dac,gemm-p,gemm-p,lv2:__PARA__L0-3.__PARA__L1-16.__PARA__L2-16.__PARA__L3-1.__PIPE__L0-off.__PIPE__L2-flatten.__TILE__L0-1.__TILE__L2-1,target,query,query,finetune_dataset,data_379.pt,9453.0,stage5e_dmw_afrc,2,50,hmoe_support_paired_seed2,5.02347,4.986307830534317,0.1071486999999997,0.35,0.2982425556590716,0.0568881,0.24,0.2038728258703093,0.04220193,0.36,0.38972512,0.0297251199999999,0.01,0.007921146368268081,0.0119681699999999
2f852363af8edda9,gemm-p,gemm-p,lv2:__PARA__L0-1.__PARA__L1-1.__PARA__L2-1.__PARA__L3-2.__PIPE__L0-off.__PIPE__L2-off.__TILE__L0-1.__TILE__L2-2,target,query,query,finetune_dataset,data_88.pt,1354136.0,stage5e_dmw_afrc,2,50,hmoe_support_paired_seed2,1.4422777,1.3069074380435093,0.5699821,0.01,0.03297663311974124,0.040755292,0.0,-0.0012225677296934137,0.004075366,0.0,0.017751068,0.017751068,0.01,0.03267643271509613,0.0354140749999999
9dac01514ca28d78,gemm-p,gemm-p,lv2:__PARA__L0-1.__PARA__L1-32.__PARA__L2-1.__PARA__L3-1.__PIPE__L0-off.__PIPE__L2-flatten.__TILE__L0-60.__TILE__L2-1,target,query,query,finetune_dataset,data_271.pt,31567.0,stage5e_dmw_afrc,2,50,hmoe_support_paired_seed2,4.1536837,4.3212954274864295,0.2165445999999997,0.03,0.050488170426643886,0.02069807,0.02,0.011060669095149276,0.01962314,0.04,0.039411575,0.000588425,0.05,0.03177558657549441,0.016826513
dbb2984793e35e88,gemm-p,gemm-p,lv2:__PARA__L0-1.__PARA__L1-4.__PARA__L2-2.__PARA__L3-1.__PIPE__L0-off.__PIPE__L2-flatten.__TILE__L0-1.__TILE__L2-1,target,query,query,finetune_dataset,data_295.pt,32887.0,stage5e_dmw_afrc,2,50,hmoe_support_paired_seed2,4.1241336,4.223838180616937,0.1684093999999998,0.04,0.0705531776533208,0.03141957,0.02,0.03164818052132756,0.0290474399999999,0.02,0.06697336,0.0469733599999999,0.01,0.018889394913893073,0.0051342579999999
af015ab4f15ef7af,gemm-p,gemm-p,lv2:__PARA__L0-1.__PARA__L1-8.__PARA__L2-1.__PARA__L3-32.__PIPE__L0-off.__PIPE__L2-off.__TILE__L0-60.__TILE__L2-1,target,query,query,finetune_dataset,data_330.pt,285829.0,stage5e_dmw_afrc,2,50,hmoe_support_paired_seed2,2.564352,2.7103444277635407,0.2141318999999999,0.01,0.03042219737447098,0.011007508,0.0,-0.00723598602379306,0.02193565,0.01,0.028315872,0.0183158719999999,0.05,0.03599156700871613,0.010168913
4ffdfc36bd864ed0,gemm-p,gemm-p,lv2:__PARA__L0-2.__PARA__L1-16.__PARA__L2-10.__PARA__L3-1.__PIPE__L0-off.__PIPE__L2-flatten.__TILE__L0-1.__TILE__L2-8,target,query,query,finetune_dataset,data_362.pt,9691.0,stage5e_dmw_afrc,2,50,hmoe_support_paired_seed2,5.005533,5.086195853302019,0.1759965000000001,0.23,0.22991237775862444,0.01843406,0.16,0.1370619705281159,0.0409930099999999,0.22,0.31296185,0.0929618499999999,0.01,0.0029713452868445323,0.0021570659999999
aed5122bfc869490,gemm-p,gemm-p,lv2:__PARA__L0-1.__PARA__L1-16.__PARA__L2-10.__PARA__L3-1.__PIPE__L0-off.__PIPE__L2-flatten.__TILE__L0-60.__TILE__L2-1,target,query,query,finetune_dataset,data_237.pt,11287.0,stage5e_dmw_afrc,2,50,hmoe_support_paired_seed2,4.895561,5.051210754534619,0.2413436999999998,0.21,0.23707985833433734,0.0305790999999999,0.15,0.14396670397899403,0.02989764,0.22,0.29068407,0.07068407,0.01,0.007320276344874388,0.0048480297
f89c7dc4eb22e0f6,gemm-p,gemm-p,lv2:__PARA__L0-1.__PARA__L1-1.__PARA__L2-4.__PARA__L3-5.__PIPE__L0-off.__PIPE__L2-off.__TILE__L0-1.__TILE__L2-4,target,query,query,finetune_dataset,data_187.pt,420660.0,stage5e_dmw_afrc,2,50,hmoe_support_paired_seed2,2.2856007,1.7100112836304924,0.7188792999999998,0.01,0.03393600364663113,0.023740997,0.0,-0.0028358110698969625,0.01503706,0.0,0.033716053,0.033716053,0.03,0.029486604200332077,0.0124034449999999
3e229f230250c38c,gemm-p,gemm-p,lv2:__PARA__L0-1.__PARA__L1-2.__PARA__L2-8.__PARA__L3-70.__PIPE__L0-off.__PIPE__L2-off.__TILE__L0-1.__TILE__L2-1,target,query,query,finetune_dataset,data_265.pt,13387.0,stage5e_dmw_afrc,2,50,hmoe_support_paired_seed2,4.7724757,4.774921963262786,0.0282152999999993,0.17,0.19855654718819482,0.0478990199999999,0.12,0.13100410278250318,0.04220719,0.18,0.25611618,0.07611618,0.01,0.016756083623644464,0.013344083
25479773fe5d3dd0,gemm-p,gemm-p,lv2:__PARA__L0-1.__PARA__L1-32.__PARA__L2-16.__PARA__L3-1.__PIPE__L0-off.__PIPE__L2-flatten.__TILE__L0-1.__TILE__L2-1,target,query,query,finetune_dataset,data_283.pt,10807.0,stage5e_dmw_afrc,2,50,hmoe_support_paired_seed2,4.926909,4.85864787699578,0.0702553000000003,0.33,0.2758147619598944,0.04429935,0.24,0.17760756813534936,0.0400558,0.36,0.3129576,0.0470423999999999,0.01,0.008601043648901388,0.008284304
a7caa4bbaf5392a3,gemm-p,gemm-p,lv2:__PARA__L0-1.__PARA__L1-1.__PARA__L2-2.__PARA__L3-2.__PIPE__L0-off.__PIPE__L2-off.__TILE__L0-1.__TILE__L2-1,target,query,query,finetune_dataset,data_143.pt,154571.0,stage5e_dmw_afrc,2,50,hmoe_support_paired_seed2,3.0077932,2.822634920985445,0.2539795000000002,0.02,0.020852258955028836,0.0049464809999999,0.0,-0.0069034894814244425,0.015917087,0.0,0.013332546,0.013332546,0.01,0.022827786779831365,0.0001570849999999
0a16eeda82a64909,gemm-p,gemm-p,lv2:__PARA__L0-1.__PARA__L1-5.__PARA__L2-5.__PARA__L3-1.__PIPE__L0-off.__PIPE__L2-flatten.__TILE__L0-1.__TILE__L2-2,target,query,query,finetune_dataset,data_319.pt,187217.0,stage5e_dmw_afrc,2,50,hmoe_support_paired_seed2,2.8695724,3.1348481031963336,0.2906426999999998,0.26,0.22377072326912878,0.01393552,0.07,0.07062469936966963,0.0111339599999999,0.11,0.2350581,0.1250581,0.01,0.005994850734788126,0.0221212439999999
92aa6f350cc3d58e,gemm-p,gemm-p,lv2:__PARA__L0-3.__PARA__L1-32.__PARA__L2-10.__PARA__L3-1.__PIPE__L0-NA.__PIPE__L2-flatten.__TILE__L0-1.__TILE__L2-8,target,query,query,finetune_dataset,data_382.pt,9717.0,stage5e_dmw_afrc,2,50,hmoe_support_paired_seed2,5.0036006,5.085611340607079,0.0895383999999994,0.23,0.22386726306621493,0.02043397,0.16,0.1468243398574715,0.04725859,0.22,0.26913813,0.0491381299999999,0.01,0.006373425320453924,0.00768045
db7da4b4c353bdb1,gemm-p,gemm-p,lv2:__PARA__L0-1.__PARA__L1-4.__PARA__L2-16.__PARA__L3-1.__PIPE__L0-off.__PIPE__L2-flatten.__TILE__L0-1.__TILE__L2-1,target,query,query,finetune_dataset,data_294.pt,11827.0,stage5e_dmw_afrc,2,50,hmoe_support_paired_seed2,4.8618503,4.65869453998416,0.2618593000000002,0.32,0.25514952931065693,0.0438177399999999,0.24,0.1549786881604917,0.0759567499999999,0.36,0.27731174,0.08268826,0.01,0.009260488606623454,0.014502499
4a8b56c2f22188e4,gemm-p,gemm-p,lv2:__PARA__L0-1.__PARA__L1-1.__PARA__L2-1.__PARA__L3-16.__PIPE__L0-off.__PIPE__L2-off.__TILE__L0-1.__TILE__L2-1,target,query,query,finetune_dataset,data_86.pt,442609.0,stage5e_dmw_afrc,2,50,hmoe_support_paired_seed2,2.2489116,3.456100533474541,1.5147569,0.01,-0.005256557445429093,0.051858926,0.0,-0.00446515636302334,0.025664585,0.0,0.022691667,0.022691667,0.04,0.03296282169591673,0.0002023049999999
dfccf34a168c3e6b,gemm-p,gemm-p,lv2:__PARA__L0-1.__PARA__L1-1.__PARA__L2-5.__PARA__L3-14.__PIPE__L0-off.__PIPE__L2-off.__TILE__L0-1.__TILE__L2-2,target,query,query,finetune_dataset,data_200.pt,211097.0,stage5e_dmw_afrc,2,50,hmoe_support_paired_seed2,2.782975,3.0116355836682605,0.3195654999999999,0.02,0.036888049032892334,0.004973214,0.01,0.037071314542981876,0.0276337769999999,0.02,0.01662755,0.0033724499999999,0.04,0.026002347873746626,0.018824453
332dfe5c4fbd6b6a,gemm-p,gemm-p,lv2:__PARA__L0-1.__PARA__L1-1.__PARA__L2-8.__PARA__L3-70.__PIPE__L0-off.__PIPE__L2-NA.__TILE__L0-1.__TILE__L2-1,target,query,query,finetune_dataset,data_229.pt,15487.0,stage5e_dmw_afrc,2,50,hmoe_support_paired_seed2,4.667363,4.744583642672403,0.134258,0.17,0.1660320866815004,0.00072373,0.12,0.12625291372545017,0.02967558,0.18,0.15368423,0.0263157699999999,0.01,0.016544802972262615,0.0049515099999999
1ae875ed2f961dca,gemm-p,gemm-p,lv2:__PARA__L0-1.__PARA__L1-1.__PARA__L2-10.__PARA__L3-14.__PIPE__L0-off.__PIPE__L2-off.__TILE__L0-1.__TILE__L2-2,target,query,query,finetune_dataset,data_108.pt,149095.0,stage5e_dmw_afrc,2,50,hmoe_support_paired_seed2,3.033812,3.4325053233087175,0.5795233999999998,0.04,0.044755616779396004,0.010264614,0.02,0.06055510851427091,0.062531035,0.04,0.0608941,0.0208941,0.0,0.026720712595560192,0.018099649
dbd0e21f76a2b7bd,gemm-p,gemm-p,lv2:__PARA__L0-1.__PARA__L1-1.__PARA__L2-1.__PARA__L3-5.__PIPE__L0-off.__PIPE__L2-off.__TILE__L0-1.__TILE__L2-1,target,query,query,finetune_dataset,data_92.pt,195248.0,stage5e_dmw_afrc,2,50,hmoe_support_paired_seed2,2.8392742,2.9344460691693244,0.1703702999999996,0.02,-0.019720354415467736,0.07283617,0.01,-0.007031039091548038,0.030635545,0.01,0.009284109,0.0007158909999999,0.02,0.0324739170702062,0.0294322629999999
bc0b4a3eb203b33e,gemm-p,gemm-p,lv2:__PARA__L0-1.__PARA__L1-1.__PARA__L2-2.__PARA__L3-5.__PIPE__L0-off.__PIPE__L2-off.__TILE__L0-1.__TILE__L2-4,target,query,query,finetune_dataset,data_149.pt,618060.0,stage5e_dmw_afrc,2,50,hmoe_support_paired_seed2,2.0080547,2.492627043822753,0.7488140999999997,0.01,0.006168559769709518,0.023710268,0.0,-0.004806797488246521,0.017054413,0.0,0.025683075,0.025683075,0.03,0.026850252230204066,0.01659079
08802dfda2f24c58,gemm-p,gemm-p,lv2:__PARA__L0-1.__PARA__L1-2.__PARA__L2-5.__PARA__L3-70.__PIPE__L0-off.__PIPE__L2-NA.__TILE__L0-1.__TILE__L2-1,target,query,query,finetune_dataset,data_261.pt,17009.0,stage5e_dmw_afrc,2,50,hmoe_support_paired_seed2,4.599743,4.576206763757226,0.0033523000000004,0.1,0.09842180563016532,0.025274014,0.07,0.09093176483424165,0.02943253,0.11,0.028284013,0.081715987,0.01,0.017064315542645748,0.0078807209999999
a3f47dd603d44fac,gemm-p,gemm-p,lv2:__PARA__L0-1.__PARA__L1-1.__PARA__L2-1.__PARA__L3-4.__PIPE__L0-off.__PIPE__L2-off.__TILE__L0-1.__TILE__L2-1,target,query,query,finetune_dataset,data_91.pt,322669.0,stage5e_dmw_afrc,2,50,hmoe_support_paired_seed2,2.4769006,2.9423946551784885,0.5583319000000002,0.01,0.005156008082724735,0.0137146485,0.0,-0.005750166447834167,0.016396217,0.0,0.013872087,0.013872087,0.02,0.03559275689011271,0.04270246
6608e886ce7e9d0a,gemm-p,gemm-p,lv2:__PARA__L0-6.__PARA__L1-32.__PARA__L2-10.__PARA__L3-1.__PIPE__L0-off.__PIPE__L2-flatten.__TILE__L0-1.__TILE__L2-8,target,query,query,finetune_dataset,data_422.pt,10292.0,stage5e_dmw_afrc,2,50,hmoe_support_paired_seed2,4.9621305,5.03853379080405,0.1063790999999998,0.23,0.20778280698079343,0.02823598,0.16,0.1538128492030537,0.0075908899999999,0.22,0.25147286,0.03147286,0.01,0.009969237952886865,0.007431958
d15bc24f13c0bb1d,gemm-p,gemm-p,lv2:__PARA__L0-1.__PARA__L1-1.__PARA__L2-10.__PARA__L3-2.__PIPE__L0-off.__PIPE__L2-off.__TILE__L0-1.__TILE__L2-2,target,query,query,finetune_dataset,data_111.pt,842396.0,stage5e_dmw_afrc,2,50,hmoe_support_paired_seed2,1.7846788,1.9955818019509628,0.1777306999999999,0.01,0.03267562314818611,0.0037650069999999,0.0,-0.010093427903783446,0.030058756,0.0,0.026404291,0.026404291,0.01,0.03740507581296393,0.05156926
cc25fb09996cf912,gemm-p,gemm-p,lv2:__PARA__L0-1.__PARA__L1-32.__PARA__L2-1.__PARA__L3-1.__PIPE__L0-off.__PIPE__L2-flatten.__TILE__L0-2.__TILE__L2-1,target,query,query,finetune_dataset,data_269.pt,31323.0,stage5e_dmw_afrc,2,50,hmoe_support_paired_seed2,4.159281,4.138253357186928,0.0389030000000003,0.06,0.07400451889118315,0.028406,0.02,0.020558688216762124,0.0247126919999999,0.04,0.037972957,0.0020270429999999,0.05,0.039512748799643706,0.0042911139999999
00f04d9d71c381ce,gemm-p,gemm-p,lv2:__PARA__L0-1.__PARA__L1-1.__PARA__L2-5.__PARA__L3-2.__PIPE__L0-off.__PIPE__L2-off.__TILE__L0-1.__TILE__L2-1,target,query,query,finetune_dataset,data_202.pt,45152.0,stage5e_dmw_afrc,2,50,hmoe_support_paired_seed2,3.895497,3.3766411649300716,0.7230174000000003,0.02,0.003817425293843999,0.0433277269999999,0.01,0.005273703504323565,0.026952405,0.02,0.025608093,0.0056080929999999,0.02,0.023889275997533602,0.0086704129999999
f034469d455bb20c,jacobi-2d,jacobi-2d,lv2:__PARA__L0-1.__PARA__L1-1.__PARA__L2-1.__PARA__L3-1.__PARA__L4-1.__PIPE__L0-off.__PIPE__L1-flatten.__PIPE__L2-off.__TILE__L0-1.__TILE__L1-1.__TILE__L2-2,target,query,query,finetune_dataset,data_657.pt,4000281.0,stage5e_dmw_afrc,2,50,hmoe_support_paired_seed2,0.66091335,0.81017435,0.1492610000000001,0.25,0.2312318554624457,0.05261335,0.11,0.10454774461003016,0.01425563,0.26,0.2325002155428647,0.03006519,0.29,0.25734500334672916,0.0280740999999999
32f1f774163feb41,jacobi-2d,jacobi-2d,lv2:__PARA__L0-1.__PARA__L1-1.__PARA__L2-2.__PARA__L3-1.__PARA__L4-1.__PIPE__L0-off.__PIPE__L1-off.__PIPE__L2-flatten.__TILE__L0-1.__TILE__L1-1.__TILE__L2-8,target,query,query,finetune_dataset,data_737.pt,4301521.0,stage5e_dmw_afrc,2,50,hmoe_support_paired_seed2,0.6085406,0.65277004,0.04422944,0.65,0.7627449918085026,0.1504972,0.29,0.33265156709187854,0.09448396,0.61,0.6813168238743299,0.0997107,0.04,0.043924652461568556,0.002619796
942f78d1937a87f4,jacobi-2d,jacobi-2d,lv2:__PARA__L0-1.__PARA__L1-2.__PARA__L2-1.__PARA__L3-8.__PARA__L4-8.__PIPE__L0-off.__PIPE__L1-NA.__PIPE__L2-off.__TILE__L0-1.__TILE__L1-1.__TILE__L2-2,target,query,query,finetune_dataset,data_810.pt,4268321.0,stage5e_dmw_afrc,2,50,hmoe_support_paired_seed2,0.6141297,0.7115742,0.0974445,0.05,0.07425215963466313,0.047619325,0.02,0.02060647003700476,0.003100615,0.05,0.040133128656630664,0.00212993,0.0,0.028710453003886006,0.06641586
c87827784f91dd49,jacobi-2d,jacobi-2d,lv2:__PARA__L0-1.__PARA__L1-1.__PARA__L2-1.__PARA__L3-1.__PARA__L4-16.__PIPE__L0-off.__PIPE__L1-flatten.__PIPE__L2-NA.__TILE__L0-1.__TILE__L1-1.__TILE__L2-8,target,query,query,finetune_dataset,data_665.pt,5520201.0,stage5e_dmw_afrc,2,50,hmoe_support_paired_seed2,0.42860365,0.9440917,0.51548805,0.28,0.3675664275979279,0.0592827199999999,0.12,0.16592293501787614,0.01898403,0.29,0.20783650822295355,0.179092535,0.29,0.09063233324169163,0.247414642
b7a063af2d7c0f24,jacobi-2d,jacobi-2d,lv2:__PARA__L0-1.__PARA__L1-2.__PARA__L2-2.__PARA__L3-8.__PARA__L4-8.__PIPE__L0-off.__PIPE__L1-NA.__PIPE__L2-off.__TILE__L0-40.__TILE__L1-1.__TILE__L2-1,target,query,query,finetune_dataset,data_841.pt,4382121.0,stage5e_dmw_afrc,2,50,hmoe_support_paired_seed2,0.5951494,0.5998745,0.0047250999999999,0.05,0.029922370168676604,0.0235895299999999,0.02,0.01094727139703405,0.0011353979999999,0.05,0.042093511115450157,0.0142707349999999,0.0,0.005484584743772755,0.016211314
05b2ea2b4f0d2085,jacobi-2d,jacobi-2d,lv2:__PARA__L0-1.__PARA__L1-1.__PARA__L2-4.__PARA__L3-8.__PARA__L4-8.__PIPE__L0-off.__PIPE__L1-off.__PIPE__L2-off.__TILE__L0-40.__TILE__L1-1.__TILE__L2-1,target,query,query,finetune_dataset,data_780.pt,2242884.0,stage5e_dmw_afrc,2,50,hmoe_support_paired_seed2,1.0782865,0.9607364,0.1175500999999998,0.04,-0.020454132027087346,0.05440724,0.02,-0.002792721617954054,0.024017813,0.03,0.013877048476810629,0.01309341,0.01,0.008880778920722343,0.00523201
d42802d96e26dbb9,jacobi-2d,jacobi-2d,lv2:__PARA__L0-1.__PARA__L1-1.__PARA__L2-2.__PARA__L3-16.__PARA__L4-1.__PIPE__L0-off.__PIPE__L1-off.__PIPE__L2-flatten.__TILE__L0-1.__TILE__L1-1.__TILE__L2-8,target,query,query,finetune_dataset,data_746.pt,5766161.0,stage5e_dmw_afrc,2,50,hmoe_support_paired_seed2,0.39715847,0.63081,0.23365153,0.88,0.8139625021716577,0.05487514,0.39,0.34244362784764204,0.01366542,0.77,0.7053249640306882,0.0425199499999999,0.03,0.035855753654876615,0.0007470099999999
23c169e25e719702,jacobi-2d,jacobi-2d,lv2:__PARA__L0-1.__PARA__L1-1.__PARA__L2-1.__PARA__L3-2.__PARA__L4-2.__PIPE__L0-off.__PIPE__L1-off.__PIPE__L2-off.__TILE__L0-1.__TILE__L1-1.__TILE__L2-1,target,query,query,finetune_dataset,data_693.pt,934804.0,stage5e_dmw_afrc,2,50,hmoe_support_paired_seed2,1.7095962,1.8277862,0.11819,0.01,0.043045815353728964,0.0220768059999999,0.0,-0.004301277591091765,0.013751094,0.0,0.009923674446136432,0.0068407357,0.02,0.0013094629841897947,0.050896755
6c039b964f03d1ec,jacobi-2d,jacobi-2d,lv2:__PARA__L0-1.__PARA__L1-1.__PARA__L2-1.__PARA__L3-1.__PARA__L4-16.__PIPE__L0-off.__PIPE__L1-off.__PIPE__L2-NA.__TILE__L0-1.__TILE__L1-1.__TILE__L2-1,target,query,query,finetune_dataset,data_666.pt,887604.0,stage5e_dmw_afrc,2,50,hmoe_support_paired_seed2,1.74697,1.4947737,0.2521962999999998,0.04,0.061792177143655404,0.019271472,0.01,0.02541181949021474,0.0251700545,0.01,0.006666218003967061,0.000981489,0.07,0.04115359118880988,0.04686644
9989bcc5a4c88281,jacobi-2d,jacobi-2d,lv2:__PARA__L0-1.__PARA__L1-1.__PARA__L2-1.__PARA__L3-11.__PARA__L4-1.__PIPE__L0-off.__PIPE__L1-off.__PIPE__L2-off.__TILE__L0-1.__TILE__L1-1.__TILE__L2-1,target,query,query,finetune_dataset,data_680.pt,963004.0,stage5e_dmw_afrc,2,50,hmoe_support_paired_seed2,1.6881572,1.7452905,0.0571333,0.05,0.03466009427501783,0.030921775,0.02,0.002972296200120278,0.018040855,0.03,0.006107698599673042,0.021178572,0.03,0.03099605757790564,0.0088057679999999
c096811fe975a754,jacobi-2d,jacobi-2d,lv2:__PARA__L0-1.__PARA__L1-1.__PARA__L2-2.__PARA__L3-8.__PARA__L4-1.__PIPE__L0-off.__PIPE__L1-off.__PIPE__L2-flatten.__TILE__L0-1.__TILE__L1-8.__TILE__L2-8,target,query,query,finetune_dataset,data_762.pt,4087761.0,stage5e_dmw_afrc,2,50,hmoe_support_paired_seed2,0.6453086,0.50822747,0.13708113,0.89,0.8613720806360737,0.0085899,0.39,0.3557427705321844,0.01858522,0.79,0.8112425745205364,0.06089517,0.0,0.041617235515469975,0.017776294
70a1bf473541b04a,jacobi-2d,jacobi-2d,lv2:__PARA__L0-1.__PARA__L1-88.__PARA__L2-2.__PARA__L3-1.__PARA__L4-1.__PIPE__L0-off.__PIPE__L1-off.__PIPE__L2-flatten.__TILE__L0-1.__TILE__L1-1.__TILE__L2-8,target,query,query,finetune_dataset,data_912.pt,4246001.0,stage5e_dmw_afrc,2,50,hmoe_support_paired_seed2,0.6179117,0.5730066,0.0449050999999999,1.1,1.1431627554809385,0.0002794999999999,0.49,0.4416486089061582,0.0468165999999999,1.02,0.8494538092332867,0.2156444,0.24,0.1004341412888083,0.1069581899999999
5214d99fdeb11110,jacobi-2d,jacobi-2d,lv2:__PARA__L0-1.__PARA__L1-4.__PARA__L2-4.__PARA__L3-8.__PARA__L4-8.__PIPE__L0-off.__PIPE__L1-NA.__PIPE__L2-off.__TILE__L0-1.__TILE__L1-1.__TILE__L2-1,target,query,query,finetune_dataset,data_902.pt,4399241.0,stage5e_dmw_afrc,2,50,hmoe_support_paired_seed2,0.5923367,0.27859688,0.31373982,0.05,0.0767135305419895,0.0015520269999999,0.02,0.051632400185562956,0.0312254539999999,0.05,0.08047492828041405,0.004687625,0.0,-0.0216674520432145,0.041647725
d3b71341beff420b,jacobi-2d,jacobi-2d,lv2:__PARA__L0-1.__PARA__L1-1.__PARA__L2-1.__PARA__L3-2.__PARA__L4-32.__PIPE__L0-off.__PIPE__L1-off.__PIPE__L2-off.__TILE__L0-1.__TILE__L1-1.__TILE__L2-1,target,query,query,finetune_dataset,data_696.pt,2707884.0,stage5e_dmw_afrc,2,50,hmoe_support_paired_seed2,0.9423811,1.0290053,0.0866241999999999,0.11,0.10484730605673356,0.0615150799999999,0.03,0.016491936570872664,0.008113028,0.03,0.0502766551953597,0.0401969,0.05,0.05724515260432642,0.0086375449999999
29f20a46aed046a9,jacobi-2d,jacobi-2d,lv2:__PARA__L0-1.__PARA__L1-4.__PARA__L2-2.__PARA__L3-8.__PARA__L4-8.__PIPE__L0-off.__PIPE__L1-NA.__PIPE__L2-off.__TILE__L0-40.__TILE__L1-1.__TILE__L2-1,target,query,query,finetune_dataset,data_898.pt,4390681.0,stage5e_dmw_afrc,2,50,hmoe_support_paired_seed2,0.5937417,0.11002672,0.48371498,0.05,0.027128385778494492,0.0019860699999999,0.02,0.022635608745860673,0.019928943,0.05,0.030771095721544302,0.01146086,0.0,-0.013506246114483035,0.028760118
7b9b53845cd3a724,jacobi-2d,jacobi-2d,lv2:__PARA__L0-1.__PARA__L1-1.__PARA__L2-1.__PARA__L3-1.__PARA__L4-2.__PIPE__L0-off.__PIPE__L1-off.__PIPE__L2-off.__TILE__L0-1.__TILE__L1-1.__TILE__L2-1,target,query,query,finetune_dataset,data_669.pt,1089684.0,stage5e_dmw_afrc,2,50,hmoe_support_paired_seed2,1.5990092,1.6903234,0.0913142,0.01,0.04790856652232196,0.03149738,0.0,0.0009141683895069887,0.009161241,0.0,0.010114713387437139,0.0070248246,0.02,0.005646267009217455,0.054830846
4e8434819940f4ab,jacobi-2d,jacobi-2d,lv2:__PARA__L0-1.__PARA__L1-2.__PARA__L2-8.__PARA__L3-8.__PARA__L4-8.__PIPE__L0-off.__PIPE__L1-off.__PIPE__L2-NA.__TILE__L0-40.__TILE__L1-1.__TILE__L2-1,target,query,query,finetune_dataset,data_871.pt,4414401.0,stage5e_dmw_afrc,2,50,hmoe_support_paired_seed2,0.5898552,0.5162098,0.0736453999999999,0.05,0.045766343279102485,0.0147456349999999,0.02,0.016654943103540674,0.002026517,0.05,0.05650425118603662,0.0051530419999999,0.01,-0.0008702503616294312,0.0091101194
2ada84ceecd6d2ea,jacobi-2d,jacobi-2d,lv2:__PARA__L0-1.__PARA__L1-4.__PARA__L2-4.__PARA__L3-8.__PARA__L4-8.__PIPE__L0-off.__PIPE__L1-NA.__PIPE__L2-NA.__TILE__L0-1.__TILE__L1-1.__TILE__L2-1,target,query,query,finetune_dataset,data_900.pt,4399241.0,stage5e_dmw_afrc,2,50,hmoe_support_paired_seed2,0.5923367,0.26928568,0.32305102,0.05,0.15636739550537307,0.0465562759999999,0.02,0.09972432106258311,0.0457626399999999,0.05,0.15102207946041882,0.0173630239999999,0.0,-0.028497348994420177,0.051237546
620a3218c1a7f9c8,jacobi-2d,jacobi-2d,lv2:__PARA__L0-1.__PARA__L1-11.__PARA__L2-2.__PARA__L3-4.__PARA__L4-1.__PIPE__L0-off.__PIPE__L1-NA.__PIPE__L2-flatten.__TILE__L0-1.__TILE__L1-8.__TILE__L2-8,target,query,query,finetune_dataset,data_800.pt,4315441.0,stage5e_dmw_afrc,2,50,hmoe_support_paired_seed2,0.60621005,0.6832504,0.07704035,0.87,0.8701194689161456,0.0225236399999999,0.39,0.38259306219199196,0.0110752699999999,0.78,0.8354754584596263,0.0737662999999999,0.0,0.0049234637229497785,0.020890392
f6397effcdab9349,jacobi-2d,jacobi-2d,lv2:__PARA__L0-1.__PARA__L1-1.__PARA__L2-2.__PARA__L3-11.__PARA__L4-1.__PIPE__L0-off.__PIPE__L1-NA.__PIPE__L2-flatten.__TILE__L0-1.__TILE__L1-8.__TILE__L2-8,target,query,query,finetune_dataset,data_742.pt,4088281.0,stage5e_dmw_afrc,2,50,hmoe_support_paired_seed2,0.6452169,0.5356413,0.1095756,0.9,0.8858621678249815,0.025792,0.4,0.3715773068069737,0.00596842,0.8,0.8063412318888471,0.0244306999999999,0.04,0.04340040075579539,0.002572113
4d5b93abc2d35ad2,jacobi-2d,jacobi-2d,lv2:__PARA__L0-1.__PARA__L1-2.__PARA__L2-1.__PARA__L3-8.__PARA__L4-8.__PIPE__L0-off.__PIPE__L1-off.__PIPE__L2-NA.__TILE__L0-1.__TILE__L1-1.__TILE__L2-4,target,query,query,finetune_dataset,data_816.pt,4213281.0,stage5e_dmw_afrc,2,50,hmoe_support_paired_seed2,0.623492,0.6591952,0.0357031999999999,0.05,0.08399142883380313,0.002995986,0.02,0.032588103527580466,0.004811753,0.05,0.05474170068341602,0.02609821,0.0,-0.001627370815086628,0.01408924
4ef9c3115d1df67f,jacobi-2d,jacobi-2d,lv2:__PARA__L0-1.__PARA__L1-1.__PARA__L2-1.__PARA__L3-1.__PARA__L4-4.__PIPE__L0-off.__PIPE__L1-flatten.__PIPE__L2-NA.__TILE__L0-1.__TILE__L1-8.__TILE__L2-8,target,query,query,finetune_dataset,data_675.pt,4030681.0,stage5e_dmw_afrc,2,50,hmoe_support_paired_seed2,0.65545225,0.64866686,0.00678539,0.28,0.43268671723372953,0.0672517999999999,0.12,0.1631615624624421,0.0484201859999999,0.27,0.21230580285027778,0.20825379,0.21,0.08737703259973417,0.13260863
325879767ea9ec0f,jacobi-2d,jacobi-2d,lv2:__PARA__L0-1.__PARA__L1-1.__PARA__L2-2.__PARA__L3-32.__PARA__L4-1.__PIPE__L0-off.__PIPE__L1-NA.__PIPE__L2-flatten.__TILE__L0-1.__TILE__L1-8.__TILE__L2-8,target,query,query,finetune_dataset,data_754.pt,5668321.0,stage5e_dmw_afrc,2,50,hmoe_support_paired_seed2,0.4095033,0.46483845,0.05533515,0.95,0.8971579136673027,0.0848136699999999,0.43,0.3848457160282764,0.0456309999999999,0.85,0.7601500539223496,0.1001111,0.12,0.08270011136403159,0.0322643599999999
fc427f6bfe799bc1,jacobi-2d,jacobi-2d,lv2:__PARA__L0-1.__PARA__L1-1.__PARA__L2-1.__PARA__L3-8.__PARA__L4-4.__PIPE__L0-off.__PIPE__L1-off.__PIPE__L2-off.__TILE__L0-1.__TILE__L1-1.__TILE__L2-1,target,query,query,finetune_dataset,data_718.pt,354204.0,stage5e_dmw_afrc,2,50,hmoe_support_paired_seed2,2.409638,1.8552861,0.5543519000000001,0.02,0.030954923777857232,0.003661622,0.01,-0.005281562768998452,0.031972608,0.0,0.00818773552262404,0.007816762,0.02,-0.002398388436240612,0.049232679
bbffb137352025e1,jacobi-2d,jacobi-2d,lv2:__PARA__L0-1.__PARA__L1-1.__PARA__L2-1.__PARA__L3-1.__PARA__L4-4.__PIPE__L0-off.__PIPE__L1-flatten.__PIPE__L2-NA.__TILE__L0-1.__TILE__L1-88.__TILE__L2-8,target,query,query,finetune_dataset,data_676.pt,3938401.0,stage5e_dmw_afrc,2,50,hmoe_support_paired_seed2,0.672159,0.77784806,0.10568906,0.25,0.3497668720824163,0.05477974,0.11,0.14410460664237051,0.00642882,0.27,0.1825220971309255,0.18302836,0.25,0.12089369280730702,0.210730806
d991d616a09c54a1,jacobi-2d,jacobi-2d,lv2:__PARA__L0-1.__PARA__L1-2.__PARA__L2-2.__PARA__L3-8.__PARA__L4-8.__PIPE__L0-off.__PIPE__L1-NA.__PIPE__L2-NA.__TILE__L0-1.__TILE__L1-1.__TILE__L2-1,target,query,query,finetune_dataset,data_838.pt,4382121.0,stage5e_dmw_afrc,2,50,hmoe_support_paired_seed2,0.5951494,0.56707335,0.02807605,0.05,0.09634540127691321,0.0322100939999999,0.02,0.0644321796409976,0.019273202,0.05,0.0804102933979484,0.0220895799999999,0.0,-0.0012046759833452053,0.0025704037
b4ef68a5d9f63dc4,jacobi-2d,jacobi-2d,lv2:__PARA__L0-1.__PARA__L1-1.__PARA__L2-2.__PARA__L3-16.__PARA__L4-1.__PIPE__L0-off.__PIPE__L1-off.__PIPE__L2-flatten.__TILE__L0-1.__TILE__L1-8.__TILE__L2-8,target,query,query,finetune_dataset,data_747.pt,5669521.0,stage5e_dmw_afrc,2,50,hmoe_support_paired_seed2,0.40935063,0.47235242,0.06300179,0.9,0.8702405959522217,0.0230105,0.4,0.3627207718270143,0.03144064,0.81,0.8073774889604113,0.0232904599999999,0.04,0.05452715304648903,0.007565313
3c4307f2e6ff5a6c,jacobi-2d,jacobi-2d,lv2:__PARA__L0-1.__PARA__L1-1.__PARA__L2-4.__PARA__L3-8.__PARA__L4-8.__PIPE__L0-off.__PIPE__L1-off.__PIPE__L2-NA.__TILE__L0-40.__TILE__L1-1.__TILE__L2-1,target,query,query,finetune_dataset,data_778.pt,2242884.0,stage5e_dmw_afrc,2,50,hmoe_support_paired_seed2,1.0782865,0.8992365,0.1790499999999999,0.04,0.033884253231711084,0.0053184699999999,0.02,0.01252771937621398,0.008371968,0.03,0.03632140482643212,0.0010901679999999,0.01,0.0022909495045916263,0.0124040772
526c3a4bdacfa2d3,jacobi-2d,jacobi-2d,lv2:__PARA__L0-1.__PARA__L1-2.__PARA__L2-11.__PARA__L3-8.__PARA__L4-8.__PIPE__L0-off.__PIPE__L1-off.__PIPE__L2-NA.__TILE__L0-1.__TILE__L1-1.__TILE__L2-1,target,query,query,finetune_dataset,data_831.pt,4434121.0,stage5e_dmw_afrc,2,50,hmoe_support_paired_seed2,0.58664,0.5524745,0.0341655,0.05,0.08691372861335318,0.02324919,0.02,0.0343569964593652,0.017125498,0.05,0.08931463007024007,0.0239777999999999,0.01,-0.00060462877884193,0.0066902006
fd3206ad1fd9a338,jacobi-2d,jacobi-2d,lv2:__PARA__L0-1.__PARA__L1-1.__PARA__L2-1.__PARA__L3-1.__PARA__L4-32.__PIPE__L0-off.__PIPE__L1-off.__PIPE__L2-NA.__TILE__L0-1.__TILE__L1-1.__TILE__L2-1,target,query,query,finetune_dataset,data_672.pt,2621284.0,stage5e_dmw_afrc,2,50,hmoe_support_paired_seed2,0.9658272,0.85655767,0.1092695299999999,0.16,0.14458895396170007,0.0249583099999999,0.02,0.027928252370202022,0.004495759,0.01,0.028716529775820253,0.0249343699999999,0.1,0.09229044630243442,0.003279915
5e2597b5863e7267,jacobi-2d,jacobi-2d,lv2:__PARA__L0-1.__PARA__L1-4.__PARA__L2-8.__PARA__L3-8.__PARA__L4-8.__PIPE__L0-off.__PIPE__L1-NA.__PIPE__L2-off.__TILE__L0-40.__TILE__L1-1.__TILE__L2-1,target,query,query,finetune_dataset,data_907.pt,4422961.0,stage5e_dmw_afrc,2,50,hmoe_support_paired_seed2,0.58845776,0.15287524,0.4355825200000001,0.05,0.04081861532468156,0.00137039,0.02,0.031172032465972756,0.028227698,0.05,0.06205334131371511,0.023871231,0.01,-0.014934109873765688,0.041224737
6671db5a69291d3f,jacobi-2d,jacobi-2d,lv2:__PARA__L0-1.__PARA__L1-1.__PARA__L2-2.__PARA__L3-1.__PARA__L4-1.__PIPE__L0-off.__PIPE__L1-off.__PIPE__L2-flatten.__TILE__L0-1.__TILE__L1-4.__TILE__L2-8,target,query,query,finetune_dataset,data_739.pt,4093361.0,stage5e_dmw_afrc,2,50,hmoe_support_paired_seed2,0.6443211,0.51512367,0.1291974299999999,0.65,0.822954538915923,0.27591405,0.3,0.28566712084209145,0.06919344,0.62,0.8544277993200593,0.3000007,0.04,0.09312195228386,0.09536127
6b1a97d31ff54f58,jacobi-2d,jacobi-2d,lv2:__PARA__L0-1.__PARA__L1-1.__PARA__L2-1.__PARA__L3-11.__PARA__L4-16.__PIPE__L0-off.__PIPE__L1-off.__PIPE__L2-NA.__TILE__L0-1.__TILE__L1-1.__TILE__L2-1,target,query,query,finetune_dataset,data_682.pt,606044.0,stage5e_dmw_afrc,2,50,hmoe_support_paired_seed2,2.0222168,1.760216,0.2620007999999998,0.09,0.06459005868973607,0.077608254,0.03,0.02147404784734984,0.040902558,0.04,0.016442892951140327,0.03177289,0.08,0.03140905089417637,0.056140814
e3c1d5bfb522a40c,jacobi-2d,jacobi-2d,lv2:__PARA__L0-1.__PARA__L1-2.__PARA__L2-1.__PARA__L3-8.__PARA__L4-8.__PIPE__L0-off.__PIPE__L1-off.__PIPE__L2-NA.__TILE__L0-1.__TILE__L1-1.__TILE__L2-8,target,query,query,finetune_dataset,data_817.pt,4206441.0,stage5e_dmw_afrc,2,50,hmoe_support_paired_seed2,0.624664,0.47252238,0.1521416199999999,0.05,0.2198019074932727,0.07465474,0.02,0.04416138010055098,0.016086508,0.05,0.08365479339965576,0.036035615,0.0,-0.019451300678938802,0.025624644
e863a4aaa1262d76,jacobi-2d,jacobi-2d,lv2:__PARA__L0-1.__PARA__L1-2.__PARA__L2-1.__PARA__L3-8.__PARA__L4-8.__PIPE__L0-off.__PIPE__L1-off.__PIPE__L2-off.__TILE__L0-1.__TILE__L1-1.__TILE__L2-4,target,query,query,finetune_dataset,data_820.pt,4213281.0,stage5e_dmw_afrc,2,50,hmoe_support_paired_seed2,0.623492,0.62618667,0.0026946699999998,0.05,0.049167226589166446,0.0351489599999999,0.02,0.00419040069467568,0.0032585159999999,0.05,0.04968578863510085,0.0021444979999999,0.0,-0.0034106196289177843,0.020367516
142874636a43cf48,jacobi-2d,jacobi-2d,lv2:__PARA__L0-1.__PARA__L1-2.__PARA__L2-22.__PARA__L3-8.__PARA__L4-8.__PIPE__L0-off.__PIPE__L1-NA.__PIPE__L2-off.__TILE__L0-1.__TILE__L1-1.__TILE__L2-4,target,query,query,finetune_dataset,data_850.pt,4504601.0,stage5e_dmw_afrc,2,50,hmoe_support_paired_seed2,0.5752644,0.5742794,0.000985,0.05,0.051928156539318815,0.044681054,0.02,0.03354754073208449,0.062044795,0.05,0.06693213543976594,0.02746026,0.01,0.020184013161830862,0.012046281
b0b6944b2668f3e4,jacobi-2d,jacobi-2d,lv2:__PARA__L0-1.__PARA__L1-4.__PARA__L2-22.__PARA__L3-8.__PARA__L4-8.__PIPE__L0-off.__PIPE__L1-NA.__PIPE__L2-off.__TILE__L0-1.__TILE__L1-1.__TILE__L2-1,target,query,query,finetune_dataset,data_899.pt,4513161.0,stage5e_dmw_afrc,2,50,hmoe_support_paired_seed2,0.5738949,0.17863661,0.39525829,0.05,0.07709568502179105,0.04465948,0.02,0.0521596044672383,0.04637925,0.05,0.07860998053638632,0.0049628439999999,0.01,-0.008959548073026328,0.042310285
3c2f528b154993a7,jacobi-2d,jacobi-2d,lv2:__PARA__L0-1.__PARA__L1-11.__PARA__L2-2.__PARA__L3-1.__PARA__L4-1.__PIPE__L0-off.__PIPE__L1-NA.__PIPE__L2-flatten.__TILE__L0-1.__TILE__L1-8.__TILE__L2-8,target,query,query,finetune_dataset,data_787.pt,4315161.0,stage5e_dmw_afrc,2,50,hmoe_support_paired_seed2,0.60625684,0.6567069,0.0504500599999999,0.65,0.8097535941697399,0.1450012699999999,0.3,0.356772002599641,0.0498583,0.62,0.731448299482037,0.08886004,0.04,0.03548259943422302,0.008955116
1d7d326acbf5d1ae,jacobi-2d,jacobi-2d,lv2:__PARA__L0-1.__PARA__L1-2.__PARA__L2-11.__PARA__L3-8.__PARA__L4-8.__PIPE__L0-off.__PIPE__L1-NA.__PIPE__L2-NA.__TILE__L0-1.__TILE__L1-1.__TILE__L2-1,target,query,query,finetune_dataset,data_825.pt,4434121.0,stage5e_dmw_afrc,2,50,hmoe_support_paired_seed2,0.58664,0.58823013,0.0015901299999999,0.05,0.09069351627054253,0.0493952449999999,0.02,0.056204320526483414,0.03506964,0.05,0.1040754880174534,0.046627265,0.01,0.004026678841661864,0.00090808
e6572b9f45380988,jacobi-2d,jacobi-2d,lv2:__PARA__L0-1.__PARA__L1-2.__PARA__L2-2.__PARA__L3-1.__PARA__L4-1.__PIPE__L0-off.__PIPE__L1-off.__PIPE__L2-flatten.__TILE__L0-1.__TILE__L1-1.__TILE__L2-8,target,query,query,finetune_dataset,data_837.pt,4263441.0,stage5e_dmw_afrc,2,50,hmoe_support_paired_seed2,0.6149549,0.64547557,0.03052067,0.87,0.8074941661124987,0.0450901299999999,0.38,0.38733554639235,0.08718302,0.77,0.7510605839600014,0.02380417,0.04,0.036099926550493044,0.00287532
dda030bf114264b6,jacobi-2d,jacobi-2d,lv2:__PARA__L0-1.__PARA__L1-1.__PARA__L2-8.__PARA__L3-8.__PARA__L4-8.__PIPE__L0-off.__PIPE__L1-off.__PIPE__L2-off.__TILE__L0-1.__TILE__L1-88.__TILE__L2-1,target,query,query,finetune_dataset,data_783.pt,2266604.0,stage5e_dmw_afrc,2,50,hmoe_support_paired_seed2,1.0706979,1.029887,0.0408109,0.04,-0.014880883707291272,0.060889355,0.01,-0.007470093247222534,0.022836505,0.03,0.02280956862945199,0.009616731,0.02,0.01067947711927104,0.0002785089999999
6f4f3264bdb17fcf,jacobi-2d,jacobi-2d,lv2:__PARA__L0-1.__PARA__L1-2.__PARA__L2-8.__PARA__L3-8.__PARA__L4-8.__PIPE__L0-off.__PIPE__L1-off.__PIPE__L2-off.__TILE__L0-1.__TILE__L1-1.__TILE__L2-1,target,query,query,finetune_dataset,data_872.pt,4414401.0,stage5e_dmw_afrc,2,50,hmoe_support_paired_seed2,0.5898552,0.5874358,0.0024194,0.05,0.03997410441708621,0.03246482,0.02,0.016148293880631253,0.0038905039999999,0.05,0.0493519386591726,0.01817097,0.01,0.0012655102753240093,0.0036896799999999
47b0fea63d24ba64,jacobi-2d,jacobi-2d,lv2:__PARA__L0-1.__PARA__L1-1.__PARA__L2-1.__PARA__L3-8.__PARA__L4-8.__PIPE__L0-off.__PIPE__L1-off.__PIPE__L2-off.__TILE__L0-1.__TILE__L1-88.__TILE__L2-8,target,query,query,finetune_dataset,data_726.pt,3973841.0,stage5e_dmw_afrc,2,50,hmoe_support_paired_seed2,0.665697,1.0245509,0.3588538999999999,0.05,0.022130492073222235,0.031648916,0.02,-0.004455195121637702,0.0214607657,0.05,0.02476653744764245,0.041576582,0.0,-0.014317585636728237,0.026002828
0d657aedc09afe78,jacobi-2d,jacobi-2d,lv2:__PARA__L0-1.__PARA__L1-1.__PARA__L2-2.__PARA__L3-4.__PARA__L4-1.__PIPE__L0-off.__PIPE__L1-NA.__PIPE__L2-flatten.__TILE__L0-1.__TILE__L1-8.__TILE__L2-8,target,query,query,finetune_dataset,data_757.pt,4087761.0,stage5e_dmw_afrc,2,50,hmoe_support_paired_seed2,0.6453086,0.5623183,0.0829902999999999,0.87,0.8904614360683324,0.00264215,0.39,0.3761102421860981,0.00100137,0.78,0.824870365194025,0.04576764,0.0,0.024047837399777453,0.022215946
6c17c4d0414be5a1,jacobi-2d,jacobi-2d,lv2:__PARA__L0-1.__PARA__L1-2.__PARA__L2-8.__PARA__L3-8.__PARA__L4-8.__PIPE__L0-off.__PIPE__L1-NA.__PIPE__L2-NA.__TILE__L0-40.__TILE__L1-1.__TILE__L2-1,target,query,query,finetune_dataset,data_867.pt,4414401.0,stage5e_dmw_afrc,2,50,hmoe_support_paired_seed2,0.5898552,0.5793698,0.0104853999999999,0.05,0.06430367012069801,0.045378906,0.02,0.02481588953128792,0.009907286,0.05,0.07354422750118243,0.0206642299999999,0.01,0.001828469422621052,0.0039826
9d768830a4945d1e,jacobi-2d,jacobi-2d,lv2:__PARA__L0-1.__PARA__L1-1.__PARA__L2-2.__PARA__L3-8.__PARA__L4-8.__PIPE__L0-off.__PIPE__L1-off.__PIPE__L2-off.__TILE__L0-40.__TILE__L1-1.__TILE__L2-1,target,query,query,finetune_dataset,data_766.pt,2234324.0,stage5e_dmw_afrc,2,50,hmoe_support_paired_seed2,1.0810448,0.9840423,0.0970024999999998,0.04,0.017109911511031174,0.009125224,0.02,0.007049487489501582,0.009654273,0.03,0.007270746810098162,0.0088635969999999,0.01,0.009919949751206867,0.0089564059999999
aa4bc6cfd0d2f2c0,jacobi-2d,jacobi-2d,lv2:__PARA__L0-1.__PARA__L1-1.__PARA__L2-1.__PARA__L3-1.__PARA__L4-1.__PIPE__L0-off.__PIPE__L1-flatten.__PIPE__L2-NA.__TILE__L0-1.__TILE__L1-1.__TILE__L2-8,target,query,query,finetune_dataset,data_656.pt,3937881.0,stage5e_dmw_afrc,2,50,hmoe_support_paired_seed2,0.67225426,0.8822158,0.20996154,0.25,0.31964302491628993,0.0108446799999999,0.11,0.13408752449560873,0.022790105,0.26,0.14215967068720853,0.20906649,0.29,0.1521969539152887,0.18019151
cadd78a889c58ad2,jacobi-2d,jacobi-2d,lv2:__PARA__L0-1.__PARA__L1-2.__PARA__L2-2.__PARA__L3-8.__PARA__L4-8.__PIPE__L0-off.__PIPE__L1-off.__PIPE__L2-NA.__TILE__L0-40.__TILE__L1-1.__TILE__L2-1,target,query,query,finetune_dataset,data_843.pt,4382121.0,stage5e_dmw_afrc,2,50,hmoe_support_paired_seed2,0.5951494,0.51121885,0.08393055,0.05,0.046780919851534125,0.0095328499999999,0.02,0.016554179366643357,0.0029069079999999,0.05,0.04301850004731858,0.001134264,0.0,0.0005325776688441262,0.0031414758
13c4afce99887c0b,jacobi-2d,jacobi-2d,lv2:__PARA__L0-1.__PARA__L1-1.__PARA__L2-1.__PARA__L3-2.__PARA__L4-8.__PIPE__L0-off.__PIPE__L1-off.__PIPE__L2-off.__TILE__L0-1.__TILE__L1-1.__TILE__L2-1,target,query,query,finetune_dataset,data_698.pt,586364.0,stage5e_dmw_afrc,2,50,hmoe_support_paired_seed2,2.0460298,1.898504,0.1475257999999999,0.02,0.02173516940310595,0.0169526231,0.01,0.005996891178524652,0.01691456,0.0,0.005972405263413865,0.0077482164,0.02,0.009124148034982928,0.0193623663
bf1098b07df0d975,jacobi-2d,jacobi-2d,lv2:__PARA__L0-1.__PARA__L1-1.__PARA__L2-22.__PARA__L3-8.__PARA__L4-8.__PIPE__L0-off.__PIPE__L1-off.__PIPE__L2-NA.__TILE__L0-1.__TILE__L1-88.__TILE__L2-4,target,query,query,finetune_dataset,data_771.pt,2355924.0,stage5e_dmw_afrc,2,50,hmoe_support_paired_seed2,1.0428176,1.235955,0.1931373999999999,0.04,0.0016294252734467326,0.006151148,0.01,0.006323633520840366,0.0023380315,0.03,0.0230961187008165,0.008139073,0.02,0.015805358453817243,0.005402172
346b59020b3c9f7f,jacobi-2d,jacobi-2d,lv2:__PARA__L0-1.__PARA__L1-1.__PARA__L2-2.__PARA__L3-8.__PARA__L4-8.__PIPE__L0-off.__PIPE__L1-off.__PIPE__L2-NA.__TILE__L0-40.__TILE__L1-1.__TILE__L2-1,target,query,query,finetune_dataset,data_764.pt,2234324.0,stage5e_dmw_afrc,2,50,hmoe_support_paired_seed2,1.0810448,0.8751743,0.2058704999999999,0.04,0.03772988324411739,0.0081732799999999,0.02,0.01573046461831003,0.003755589,0.03,0.02317647660378011,0.0071855769999999,0.01,0.006642858002990984,0.007066753
0e833b40618b10c5,jacobi-2d,jacobi-2d,lv2:__PARA__L0-1.__PARA__L1-1.__PARA__L2-2.__PARA__L3-22.__PARA__L4-1.__PIPE__L0-off.__PIPE__L1-NA.__PIPE__L2-flatten.__TILE__L0-1.__TILE__L1-8.__TILE__L2-8,target,query,query,finetune_dataset,data_751.pt,4087161.0,stage5e_dmw_afrc,2,50,hmoe_support_paired_seed2,0.64541453,0.48563555,0.15977898,0.94,0.890742984053891,0.0745092699999999,0.42,0.3768962386560013,0.0316010199999999,0.83,0.7868397525376343,0.0393665599999999,0.06,0.06099157337811488,0.0035038699999999
cc7165117e2f0399,jacobi-2d,jacobi-2d,lv2:__PARA__L0-1.__PARA__L1-2.__PARA__L2-1.__PARA__L3-8.__PARA__L4-8.__PIPE__L0-off.__PIPE__L1-off.__PIPE__L2-off.__TILE__L0-40.__TILE__L1-1.__TILE__L2-1,target,query,query,finetune_dataset,data_823.pt,2234324.0,stage5e_dmw_afrc,2,50,hmoe_support_paired_seed2,1.0810448,1.301353,0.2203082,0.04,0.03553466963704598,0.02699404,0.02,0.00735903090595953,0.008121867,0.03,0.015731100580576973,0.000632732,0.01,0.00773059202862628,0.003163729
e0f176d01fa896b9,jacobi-2d,jacobi-2d,lv2:__PARA__L0-1.__PARA__L1-1.__PARA__L2-1.__PARA__L3-1.__PARA__L4-1.__PIPE__L0-off.__PIPE__L1-off.__PIPE__L2-flatten.__TILE__L0-1.__TILE__L1-1.__TILE__L2-8,target,query,query,finetune_dataset,data_662.pt,4244201.0,stage5e_dmw_afrc,2,50,hmoe_support_paired_seed2,0.6182175,0.25259757,0.36561993,0.17,0.6359270865471978,0.6370300999999999,0.07,0.23120251303068778,0.16310098,0.18,0.4682023235216432,0.32762904,0.25,0.12461110979686732,0.06905691
855ffe67644e95d0,jacobi-2d,jacobi-2d,lv2:__PARA__L0-1.__PARA__L1-1.__PARA__L2-11.__PARA__L3-8.__PARA__L4-8.__PIPE__L0-off.__PIPE__L1-off.__PIPE__L2-NA.__TILE__L0-40.__TILE__L1-1.__TILE__L2-1,target,query,query,finetune_dataset,data_732.pt,2285444.0,stage5e_dmw_afrc,2,50,hmoe_support_paired_seed2,1.0647268,0.98841876,0.0763080400000001,0.04,0.01698611397238682,0.009724923,0.01,0.013323395626562692,0.001692722,0.03,0.030760895374146908,0.0059675559999999,0.02,0.0139516990829185,0.00339464
3bce4c37c877cb19,jacobi-2d,jacobi-2d,lv2:__PARA__L0-1.__PARA__L1-2.__PARA__L2-22.__PARA__L3-8.__PARA__L4-8.__PIPE__L0-off.__PIPE__L1-NA.__PIPE__L2-NA.__TILE__L0-1.__TILE__L1-1.__TILE__L2-1,target,query,query,finetune_dataset,data_846.pt,4504601.0,stage5e_dmw_afrc,2,50,hmoe_support_paired_seed2,0.5752644,0.5483724,0.026892,0.05,0.09052278627112191,0.0568955959999999,0.02,0.05520723549483812,0.047372754,0.05,0.08764486698507475,0.05073021,0.01,0.013984675390701137,0.009136472
53235e166f38cfc1,jacobi-2d,jacobi-2d,lv2:__PARA__L0-1.__PARA__L1-2.__PARA__L2-22.__PARA__L3-8.__PARA__L4-8.__PIPE__L0-off.__PIPE__L1-off.__PIPE__L2-NA.__TILE__L0-40.__TILE__L1-1.__TILE__L2-1,target,query,query,finetune_dataset,data_854.pt,4504601.0,stage5e_dmw_afrc,2,50,hmoe_support_paired_seed2,0.5752644,0.4731441,0.1021203,0.05,0.028645191069266558,0.0267311749999999,0.02,0.019187305159908505,0.0057681599999999,0.05,0.04780256798638665,0.010940117,0.01,0.009345441507220189,0.0030157599999999
d978b50fb6a3650e,jacobi-2d,jacobi-2d,lv2:__PARA__L0-1.__PARA__L1-1.__PARA__L2-11.__PARA__L3-8.__PARA__L4-8.__PIPE__L0-off.__PIPE__L1-off.__PIPE__L2-off.__TILE__L0-1.__TILE__L1-88.__TILE__L2-1,target,query,query,finetune_dataset,data_733.pt,2285444.0,stage5e_dmw_afrc,2,50,hmoe_support_paired_seed2,1.0647268,1.0976704,0.0329435999999998,0.04,-0.010158893525707733,0.051757475,0.01,-0.005904099705155587,0.01813634,0.03,0.027956317844344963,0.0077831139999999,0.02,0.012771635579283227,0.0018468139999999
73b7ca2c1d248dd6,jacobi-2d,jacobi-2d,lv2:__PARA__L0-1.__PARA__L1-1.__PARA__L2-1.__PARA__L3-8.__PARA__L4-8.__PIPE__L0-off.__PIPE__L1-off.__PIPE__L2-off.__TILE__L0-1.__TILE__L1-88.__TILE__L2-4,target,query,query,finetune_dataset,data_725.pt,3980681.0,stage5e_dmw_afrc,2,50,hmoe_support_paired_seed2,0.6644564,0.7957174,0.131261,0.05,0.0085734083018799,0.018187624,0.02,-0.0014591203190870438,0.01240306,0.05,0.03868716713438938,0.02510469,0.0,0.005613409844435377,0.021130575
09dffd75dd6a8699,jacobi-2d,jacobi-2d,lv2:__PARA__L0-1.__PARA__L1-1.__PARA__L2-1.__PARA__L3-11.__PARA__L4-8.__PIPE__L0-off.__PIPE__L1-off.__PIPE__L2-off.__TILE__L0-1.__TILE__L1-1.__TILE__L2-1,target,query,query,finetune_dataset,data_687.pt,206364.0,stage5e_dmw_afrc,2,50,hmoe_support_paired_seed2,2.7993324,2.3760583,0.4232741,0.04,0.03518016184383233,0.0126744,0.01,0.007503243880037194,0.0106238362,0.01,0.007013761697089728,0.0015499985,0.03,0.013786694436706975,0.019756422
11d231817135b986,jacobi-2d,jacobi-2d,lv2:__PARA__L0-1.__PARA__L1-1.__PARA__L2-1.__PARA__L3-11.__PARA__L4-11.__PIPE__L0-off.__PIPE__L1-off.__PIPE__L2-off.__TILE__L0-1.__TILE__L1-1.__TILE__L2-1,target,query,query,finetune_dataset,data_681.pt,174564.0,stage5e_dmw_afrc,2,50,hmoe_support_paired_seed2,2.9200501,2.602891,0.3171591,0.06,0.04703646339838378,0.01184329,0.01,0.011996702819026933,0.0040547645,0.01,0.008305138851478645,0.001637945,0.04,0.019295402252846212,0.016855593
c3d4e0296ac15d18,jacobi-2d,jacobi-2d,lv2:__PARA__L0-1.__PARA__L1-2.__PARA__L2-4.__PARA__L3-8.__PARA__L4-8.__PIPE__L0-off.__PIPE__L1-NA.__PIPE__L2-off.__TILE__L0-40.__TILE__L1-1.__TILE__L2-1,target,query,query,finetune_dataset,data_861.pt,4390681.0,stage5e_dmw_afrc,2,50,hmoe_support_paired_seed2,0.5937417,0.62903106,0.0352893599999999,0.05,0.014639063272231601,0.00550427,0.02,0.007624530708414517,0.008787442,0.05,0.03624761983752336,0.00866701,0.0,0.00348507672884587,0.014912231
fcc032dc00948d72,jacobi-2d,jacobi-2d,lv2:__PARA__L0-1.__PARA__L1-2.__PARA__L2-11.__PARA__L3-8.__PARA__L4-8.__PIPE__L0-off.__PIPE__L1-NA.__PIPE__L2-off.__TILE__L0-1.__TILE__L1-1.__TILE__L2-8,target,query,query,finetune_dataset,data_829.pt,4434121.0,stage5e_dmw_afrc,2,50,hmoe_support_paired_seed2,0.58664,0.58935446,0.0027144599999999,0.05,0.031233807307979453,0.015565914,0.02,0.022390448607991217,0.0380987629999999,0.05,0.045570694487210454,0.0100428299999999,0.01,0.014151933469744249,0.0075205899999999
5f0886c92e87a8b7,jacobi-2d,jacobi-2d,lv2:__PARA__L0-1.__PARA__L1-1.__PARA__L2-2.__PARA__L3-4.__PARA__L4-1.__PIPE__L0-off.__PIPE__L1-off.__PIPE__L2-flatten.__TILE__L0-1.__TILE__L1-8.__TILE__L2-8,target,query,query,finetune_dataset,data_759.pt,4087761.0,stage5e_dmw_afrc,2,50,hmoe_support_paired_seed2,0.6453086,0.5273644,0.1179442,0.87,0.8411920738109777,0.0025271,0.39,0.3505335974520528,0.02320735,0.78,0.7982682948149026,0.0645483399999999,0.0,0.038277735878668624,0.010259492
f8abd11bf5771ea3,jacobi-2d,jacobi-2d,lv2:__PARA__L0-1.__PARA__L1-1.__PARA__L2-1.__PARA__L3-1.__PARA__L4-8.__PIPE__L0-off.__PIPE__L1-off.__PIPE__L2-off.__TILE__L0-1.__TILE__L1-1.__TILE__L2-1,target,query,query,finetune_dataset,data_679.pt,973524.0,stage5e_dmw_afrc,2,50,hmoe_support_paired_seed2,1.6803198,1.6554847,0.0248351,0.03,0.026989624097676558,0.0122790319999999,0.01,0.010649884016891036,0.0128780925,0.02,0.004879494814997457,0.011249263,0.02,0.012960035838008343,0.0231230624
9b892d6f7350a914,jacobi-2d,jacobi-2d,lv2:__PARA__L0-1.__PARA__L1-4.__PARA__L2-4.__PARA__L3-8.__PARA__L4-8.__PIPE__L0-off.__PIPE__L1-NA.__PIPE__L2-off.__TILE__L0-40.__TILE__L1-1.__TILE__L2-1,target,query,query,finetune_dataset,data_903.pt,4399241.0,stage5e_dmw_afrc,2,50,hmoe_support_paired_seed2,0.5923367,0.1725685,0.4197682,0.05,0.0286239360980798,0.006366688,0.02,0.02201860853132412,0.022632073,0.05,0.03992914998298456,0.021966296,0.0,-0.017603095835230523,0.035262845
ff47117027ddb9c3,jacobi-2d,jacobi-2d,lv2:__PARA__L0-1.__PARA__L1-2.__PARA__L2-4.__PARA__L3-8.__PARA__L4-8.__PIPE__L0-off.__PIPE__L1-NA.__PIPE__L2-off.__TILE__L0-1.__TILE__L1-1.__TILE__L2-1,target,query,query,finetune_dataset,data_860.pt,4390681.0,stage5e_dmw_afrc,2,50,hmoe_support_paired_seed2,0.5937417,0.6383386,0.0445968999999999,0.05,0.042973067239513274,0.00633039,0.02,0.030439109533826787,0.0041737659999999,0.05,0.04493743940558644,0.0006616899999999,0.0,0.0021954925182487445,0.014389737
e0672c2d77aa4712,jacobi-2d,jacobi-2d,lv2:__PARA__L0-1.__PARA__L1-4.__PARA__L2-2.__PARA__L3-8.__PARA__L4-8.__PIPE__L0-off.__PIPE__L1-NA.__PIPE__L2-off.__TILE__L0-1.__TILE__L1-1.__TILE__L2-1,target,query,query,finetune_dataset,data_897.pt,4390681.0,stage5e_dmw_afrc,2,50,hmoe_support_paired_seed2,0.5937417,0.21986645,0.37387525,0.05,0.066687761040721,0.00870071,0.02,0.049687356376764774,0.029698383,0.05,0.06585301807521365,0.0069241339999999,0.0,-0.017825265011335512,0.036634002
b24dcc61770a9579,jacobi-2d,jacobi-2d,lv2:__PARA__L0-1.__PARA__L1-1.__PARA__L2-2.__PARA__L3-4.__PARA__L4-1.__PIPE__L0-off.__PIPE__L1-off.__PIPE__L2-flatten.__TILE__L0-1.__TILE__L1-1.__TILE__L2-8,target,query,query,finetune_dataset,data_758.pt,4069521.0,stage5e_dmw_afrc,2,50,hmoe_support_paired_seed2,0.64853454,0.66875094,0.0202164,0.87,0.7883968265446148,0.0560256,0.38,0.33605032483214053,0.0059348399999999,0.77,0.6981507867708475,0.0346984,0.0,0.02635761876934601,0.010604901
783249bd6839d5eb,jacobi-2d,jacobi-2d,lv2:__PARA__L0-1.__PARA__L1-1.__PARA__L2-22.__PARA__L3-8.__PARA__L4-8.__PIPE__L0-off.__PIPE__L1-off.__PIPE__L2-NA.__TILE__L0-1.__TILE__L1-88.__TILE__L2-1,target,query,query,finetune_dataset,data_770.pt,2355924.0,stage5e_dmw_afrc,2,50,hmoe_support_paired_seed2,1.0428176,1.0745716,0.031754,0.04,0.03159921160167002,0.0017126699999999,0.01,0.018117524872646493,0.000938634,0.03,0.03254357762326824,0.0034486069999999,0.02,0.011774333293927497,0.004019654
4146bdc142fce714,jacobi-2d,jacobi-2d,lv2:__PARA__L0-1.__PARA__L1-2.__PARA__L2-8.__PARA__L3-8.__PARA__L4-8.__PIPE__L0-off.__PIPE__L1-NA.__PIPE__L2-off.__TILE__L0-40.__TILE__L1-1.__TILE__L2-1,target,query,query,finetune_dataset,data_869.pt,4414401.0,stage5e_dmw_afrc,2,50,hmoe_support_paired_seed2,0.5898552,0.6155999,0.0257446999999999,0.05,0.014284793552394513,0.01015075,0.02,0.011396834644349332,0.006035377,0.05,0.040882615459376055,0.01374926,0.01,0.00736803084547025,0.0114222199999999
8a2ebf18dd65c202,jacobi-2d,jacobi-2d,lv2:__PARA__L0-1.__PARA__L1-2.__PARA__L2-22.__PARA__L3-8.__PARA__L4-8.__PIPE__L0-off.__PIPE__L1-NA.__PIPE__L2-NA.__TILE__L0-1.__TILE__L1-1.__TILE__L2-4,target,query,query,finetune_dataset,data_847.pt,4504601.0,stage5e_dmw_afrc,2,50,hmoe_support_paired_seed2,0.5752644,0.5637118,0.0115526,0.05,0.07107934888657182,0.05596624,0.02,0.03611563132202977,0.0503369499999999,0.05,0.08650909684154193,0.05358021,0.01,0.015124183189969807,0.0053525599999999
6d2b07676ed78ee0,jacobi-2d,jacobi-2d,lv2:__PARA__L0-1.__PARA__L1-2.__PARA__L2-1.__PARA__L3-8.__PARA__L4-8.__PIPE__L0-off.__PIPE__L1-NA.__PIPE__L2-off.__TILE__L0-1.__TILE__L1-1.__TILE__L2-1,target,query,query,finetune_dataset,data_809.pt,2234324.0,stage5e_dmw_afrc,2,50,hmoe_support_paired_seed2,1.0810448,1.3001983,0.2191535,0.04,0.06885956016905664,0.041597656,0.02,0.02114832870487167,2.9782999999998505e-05,0.03,0.031774640725514454,0.007908852,0.01,0.011526584940110596,0.0045824979999999
a81f2c933c1c2aee,jacobi-2d,jacobi-2d,lv2:__PARA__L0-1.__PARA__L1-2.__PARA__L2-1.__PARA__L3-8.__PARA__L4-8.__PIPE__L0-off.__PIPE__L1-NA.__PIPE__L2-off.__TILE__L0-1.__TILE__L1-1.__TILE__L2-8,target,query,query,finetune_dataset,data_812.pt,4206441.0,stage5e_dmw_afrc,2,50,hmoe_support_paired_seed2,0.624664,0.45051575,0.17414825,0.05,0.07515287672359139,0.0555803599999999,0.02,0.020236740255585747,0.000517051,0.05,0.06344290507378751,0.0218687499999999,0.0,-0.012273918104600266,0.020970166
4380ae31aa9f6517,jacobi-2d,jacobi-2d,lv2:__PARA__L0-1.__PARA__L1-4.__PARA__L2-4.__PARA__L3-8.__PARA__L4-8.__PIPE__L0-off.__PIPE__L1-NA.__PIPE__L2-NA.__TILE__L0-40.__TILE__L1-1.__TILE__L2-1,target,query,query,finetune_dataset,data_901.pt,4399241.0,stage5e_dmw_afrc,2,50,hmoe_support_paired_seed2,0.5923367,0.16624957,0.42608713,0.05,0.09316814676330365,0.03205637,0.02,0.03943566550505291,0.03166468,0.05,0.09252674107942457,0.002719748,0.0,-0.023330378143618092,0.044498503
1cf8cde643f1c8a7,jacobi-2d,jacobi-2d,lv2:__PARA__L0-1.__PARA__L1-2.__PARA__L2-1.__PARA__L3-8.__PARA__L4-8.__PIPE__L0-off.__PIPE__L1-NA.__PIPE__L2-NA.__TILE__L0-1.__TILE__L1-1.__TILE__L2-8,target,query,query,finetune_dataset,data_808.pt,4206441.0,stage5e_dmw_afrc,2,50,hmoe_support_paired_seed2,0.624664,0.47268206,0.1519819399999999,0.05,0.20045394626031543,0.08532928,0.02,0.0503206312590283,0.007890124,0.05,0.08200793476813767,0.034986693,0.0,-0.01561460314500262,0.021186609
c094d3f4aa35b172,jacobi-2d,jacobi-2d,lv2:__PARA__L0-1.__PARA__L1-2.__PARA__L2-22.__PARA__L3-8.__PARA__L4-8.__PIPE__L0-off.__PIPE__L1-off.__PIPE__L2-NA.__TILE__L0-1.__TILE__L1-1.__TILE__L2-1,target,query,query,finetune_dataset,data_852.pt,4504601.0,stage5e_dmw_afrc,2,50,hmoe_support_paired_seed2,0.5752644,0.50983524,0.0654291599999999,0.05,0.08148231374830031,0.0336599799999999,0.02,0.03559006555890391,0.026320647,0.05,0.06805735513721892,0.0251251299999999,0.01,0.0061008814064812955,0.0003376569999999
e33b54c82cefb5a8,jacobi-2d,jacobi-2d,lv2:__PARA__L0-1.__PARA__L1-2.__PARA__L2-2.__PARA__L3-8.__PARA__L4-8.__PIPE__L0-off.__PIPE__L1-off.__PIPE__L2-off.__TILE__L0-40.__TILE__L1-1.__TILE__L2-1,target,query,query,finetune_dataset,data_845.pt,4382121.0,stage5e_dmw_afrc,2,50,hmoe_support_paired_seed2,0.5951494,0.54035246,0.05479694,0.05,0.014881036410401073,0.001987475,0.02,0.0022801179698254655,0.010800321,0.05,0.024865367290870737,0.0002066299999999,0.0,0.0010008841202728902,0.012781007
119c011acb799ec3,jacobi-2d,jacobi-2d,lv2:__PARA__L0-1.__PARA__L1-2.__PARA__L2-1.__PARA__L3-8.__PARA__L4-8.__PIPE__L0-off.__PIPE__L1-NA.__PIPE__L2-NA.__TILE__L0-1.__TILE__L1-1.__TILE__L2-2,target,query,query,finetune_dataset,data_806.pt,4268321.0,stage5e_dmw_afrc,2,50,hmoe_support_paired_seed2,0.6141297,0.8082928,0.1941631,0.05,0.06714123749823045,0.0066982329999999,0.02,0.040581014839544,0.0132168639999999,0.05,0.03253584107215483,0.01738714,0.0,0.035465874782172446,0.077328905
7d9b2377f873fd86,jacobi-2d,jacobi-2d,lv2:__PARA__L0-1.__PARA__L1-2.__PARA__L2-8.__PARA__L3-8.__PARA__L4-8.__PIPE__L0-off.__PIPE__L1-NA.__PIPE__L2-off.__TILE__L0-1.__TILE__L1-1.__TILE__L2-1,target,query,query,finetune_dataset,data_868.pt,4414401.0,stage5e_dmw_afrc,2,50,hmoe_support_paired_seed2,0.5898552,0.62089646,0.0310412599999999,0.05,0.044119106253491414,0.011671323,0.02,0.03969291342158227,0.0142290099999999,0.05,0.05768881716118192,0.0060518859999999,0.01,0.006453286048537338,0.01155195
4637e626d89ad040,jacobi-2d,jacobi-2d,lv2:__PARA__L0-1.__PARA__L1-1.__PARA__L2-1.__PARA__L3-1.__PARA__L4-1.__PIPE__L0-off.__PIPE__L1-off.__PIPE__L2-flatten.__TILE__L0-1.__TILE__L1-1.__TILE__L2-4,target,query,query,finetune_dataset,data_661.pt,4250601.0,stage5e_dmw_afrc,2,50,hmoe_support_paired_seed2,0.61713064,0.7692355,0.15210486,0.28,0.25808950058228963,0.02173394,0.22,0.1436579970146308,0.1462429499999999,0.18,0.1370426207101029,0.07727199,0.25,0.15976088371932068,0.04925399
2530921ded218957,jacobi-2d,jacobi-2d,lv2:__PARA__L0-1.__PARA__L1-1.__PARA__L2-1.__PARA__L3-11.__PARA__L4-2.__PIPE__L0-off.__PIPE__L1-off.__PIPE__L2-off.__TILE__L0-1.__TILE__L1-1.__TILE__L2-1,target,query,query,finetune_dataset,data_684.pt,554684.0,stage5e_dmw_afrc,2,50,hmoe_support_paired_seed2,2.086095,2.0465908,0.0395041999999996,0.04,0.0483752080409319,0.006020836,0.01,-0.002212211472077183,0.016598126,0.01,0.008846769189734748,0.00282071,0.03,0.0036900401559358774,0.053249237
1f77c91f5f9ac5f6,jacobi-2d,jacobi-2d,lv2:__PARA__L0-1.__PARA__L1-1.__PARA__L2-2.__PARA__L3-22.__PARA__L4-1.__PIPE__L0-off.__PIPE__L1-off.__PIPE__L2-flatten.__TILE__L0-1.__TILE__L1-8.__TILE__L2-8,target,query,query,finetune_dataset,data_753.pt,4087161.0,stage5e_dmw_afrc,2,50,hmoe_support_paired_seed2,0.64541453,0.44325587,0.20215866,0.94,0.8718169463614347,0.0684827999999999,0.42,0.3669601064755362,0.0529543999999999,0.83,0.7927621977269427,0.0212486599999999,0.06,0.06595156890497142,0.0145445599999999
f3de769de7350479,jacobi-2d,jacobi-2d,lv2:__PARA__L0-1.__PARA__L1-1.__PARA__L2-1.__PARA__L3-1.__PARA__L4-4.__PIPE__L0-off.__PIPE__L1-off.__PIPE__L2-off.__TILE__L0-1.__TILE__L1-1.__TILE__L2-1,target,query,query,finetune_dataset,data_677.pt,1012244.0,stage5e_dmw_afrc,2,50,hmoe_support_paired_seed2,1.6521856,1.3892267,0.2629588999999999,0.02,0.024134032683866147,0.008242865,0.01,-0.0016570252781395933,0.032670995,0.01,0.005412410048323836,0.002389828,0.02,-0.0033345926684297967,0.067294635
c92cf4366dcc9a12,jacobi-2d,jacobi-2d,lv2:__PARA__L0-1.__PARA__L1-8.__PARA__L2-1.__PARA__L3-8.__PARA__L4-8.__PIPE__L0-off.__PIPE__L1-off.__PIPE__L2-off.__TILE__L0-1.__TILE__L1-1.__TILE__L2-1,target,query,query,finetune_dataset,data_910.pt,2266604.0,stage5e_dmw_afrc,2,50,hmoe_support_paired_seed2,1.0706979,1.4100003,0.3393024,0.04,0.04100691253222827,0.01667113,0.01,0.01346003728653307,0.012612423,0.03,0.019816871107076927,0.0093759879999999,0.02,0.006155861860930761,0.014048672
5d54a86aa7149b19,jacobi-2d,jacobi-2d,lv2:__PARA__L0-1.__PARA__L1-2.__PARA__L2-4.__PARA__L3-8.__PARA__L4-8.__PIPE__L0-off.__PIPE__L1-off.__PIPE__L2-off.__TILE__L0-40.__TILE__L1-1.__TILE__L2-1,target,query,query,finetune_dataset,data_865.pt,4390681.0,stage5e_dmw_afrc,2,50,hmoe_support_paired_seed2,0.5937417,0.5720916,0.0216501,0.05,-0.003399735319075064,0.031983334,0.02,-0.0015362271734874924,0.0190940988,0.05,0.022083267887666312,0.01862942,0.0,7.338852540718756e-05,0.01022662
3824367869de27e7,jacobi-2d,jacobi-2d,lv2:__PARA__L0-1.__PARA__L1-1.__PARA__L2-2.__PARA__L3-1.__PARA__L4-1.__PIPE__L0-off.__PIPE__L1-NA.__PIPE__L2-flatten.__TILE__L0-1.__TILE__L1-8.__TILE__L2-8,target,query,query,finetune_dataset,data_736.pt,4086961.0,stage5e_dmw_afrc,2,50,hmoe_support_paired_seed2,0.6454498,0.5857326,0.0597171999999999,0.65,0.8611989126078415,0.2129007299999999,0.3,0.37142271849660835,0.08937426,0.62,0.7975690675556242,0.1639298,0.04,0.050537158692245406,0.0259240299999999
b7291231ff5e94b8,jacobi-2d,jacobi-2d,lv2:__PARA__L0-1.__PARA__L1-1.__PARA__L2-1.__PARA__L3-4.__PARA__L4-4.__PIPE__L0-off.__PIPE__L1-off.__PIPE__L2-off.__TILE__L0-1.__TILE__L1-1.__TILE__L2-1,target,query,query,finetune_dataset,data_708.pt,470244.0,stage5e_dmw_afrc,2,50,hmoe_support_paired_seed2,2.2052233,1.703555,0.5016683000000002,0.01,0.028244000627679223,0.001342645,0.0,-0.006844424942344843,0.024875347,0.0,0.009316532387485817,0.008160025,0.02,-0.005351572688698963,0.053679876
a6b64c8bb182d31b,jacobi-2d,jacobi-2d,lv2:__PARA__L0-1.__PARA__L1-1.__PARA__L2-2.__PARA__L3-88.__PARA__L4-1.__PIPE__L0-off.__PIPE__L1-NA.__PIPE__L2-flatten.__TILE__L0-1.__TILE__L1-8.__TILE__L2-8,target,query,query,finetune_dataset,data_767.pt,4087681.0,stage5e_dmw_afrc,2,50,hmoe_support_paired_seed2,0.64532274,0.5993453,0.04597744,1.13,1.1745380937010457,0.0857127000000002,0.49,0.4865815405303927,0.0428897,1.02,0.9836909840131352,0.0214577,0.21,0.157904712690757,0.0262635999999999
e87a7efab4cd65b4,jacobi-2d,jacobi-2d,lv2:__PARA__L0-1.__PARA__L1-2.__PARA__L2-1.__PARA__L3-8.__PARA__L4-8.__PIPE__L0-off.__PIPE__L1-off.__PIPE__L2-NA.__TILE__L0-1.__TILE__L1-1.__TILE__L2-2,target,query,query,finetune_dataset,data_815.pt,4268321.0,stage5e_dmw_afrc,2,50,hmoe_support_paired_seed2,0.6141297,0.8298248,0.2156951,0.05,0.06671282022959876,0.004111964,0.02,0.03228410211533701,0.0067538429999999,0.05,0.028964764538161998,0.019427079,0.0,0.03253078795470429,0.07418828
0bff14392f5463ba,jacobi-2d,jacobi-2d,lv2:__PARA__L0-1.__PARA__L1-11.__PARA__L2-2.__PARA__L3-11.__PARA__L4-1.__PIPE__L0-off.__PIPE__L1-off.__PIPE__L2-flatten.__TILE__L0-1.__TILE__L1-8.__TILE__L2-8,target,query,query,finetune_dataset,data_791.pt,4315441.0,stage5e_dmw_afrc,2,50,hmoe_support_paired_seed2,0.60621005,0.6135993,0.00738925,0.9,0.8618304168619007,0.0718693,0.4,0.3881154891023355,0.0048959299999999,0.8,0.8196674390715206,0.0222894699999999,0.04,0.026580201683908757,0.023918564
00f38308256f3bcc,jacobi-2d,jacobi-2d,lv2:__PARA__L0-1.__PARA__L1-1.__PARA__L2-2.__PARA__L3-1.__PARA__L4-1.__PIPE__L0-off.__PIPE__L1-off.__PIPE__L2-flatten.__TILE__L0-1.__TILE__L1-2.__TILE__L2-8,target,query,query,finetune_dataset,data_738.pt,4149361.0,stage5e_dmw_afrc,2,50,hmoe_support_paired_seed2,0.63451946,0.5315765,0.10294296,0.65,0.7846658848341073,0.20655594,0.3,0.28238788319191593,0.0615914999999999,0.62,0.8385351853749795,0.28899503,0.04,0.08909974783755428,0.0927492399999999
edff4791f18c4a83,jacobi-2d,jacobi-2d,lv2:__PARA__L0-1.__PARA__L1-8.__PARA__L2-1.__PARA__L3-1.__PARA__L4-4.__PIPE__L0-off.__PIPE__L1-flatten.__PIPE__L2-NA.__TILE__L0-1.__TILE__L1-1.__TILE__L2-8,target,query,query,finetune_dataset,data_909.pt,3935321.0,stage5e_dmw_afrc,2,50,hmoe_support_paired_seed2,0.6727234,0.62238187,0.0503415299999999,2.18,2.6467711429560863,0.6529164999999999,1.0,1.1509946577412968,0.3021868000000001,2.07,2.597045729327255,0.637165,0.0,-0.024219076689159055,0.022006115
418f7638dcb91743,jacobi-2d,jacobi-2d,lv2:__PARA__L0-1.__PARA__L1-1.__PARA__L2-2.__PARA__L3-2.__PARA__L4-1.__PIPE__L0-off.__PIPE__L1-off.__PIPE__L2-flatten.__TILE__L0-1.__TILE__L1-8.__TILE__L2-8,target,query,query,finetune_dataset,data_750.pt,4088281.0,stage5e_dmw_afrc,2,50,hmoe_support_paired_seed2,0.6452169,0.53253067,0.11268623,0.87,0.8225496162357665,0.0107857,0.38,0.3461707623950297,0.01258374,0.78,0.7813589433484338,0.0432587599999999,0.0,0.04671788061195016,0.024943275
08840fca35aa1062,jacobi-2d,jacobi-2d,lv2:__PARA__L0-1.__PARA__L1-1.__PARA__L2-11.__PARA__L3-8.__PARA__L4-8.__PIPE__L0-off.__PIPE__L1-off.__PIPE__L2-off.__TILE__L0-1.__TILE__L1-88.__TILE__L2-8,target,query,query,finetune_dataset,data_734.pt,2285444.0,stage5e_dmw_afrc,2,50,hmoe_support_paired_seed2,1.0647268,1.198422,0.1336952,0.04,-0.029125483573418383,0.0457911323,0.01,-0.01184345715038826,0.00965840578,0.03,0.027984497147140734,0.0166763949999999,0.02,0.013554463125467443,0.0087386009999999
f374d26c04ba2cab,jacobi-2d,jacobi-2d,lv2:__PARA__L0-1.__PARA__L1-1.__PARA__L2-4.__PARA__L3-8.__PARA__L4-8.__PIPE__L0-off.__PIPE__L1-off.__PIPE__L2-NA.__TILE__L0-1.__TILE__L1-88.__TILE__L2-1,target,query,query,finetune_dataset,data_777.pt,2242884.0,stage5e_dmw_afrc,2,50,hmoe_support_paired_seed2,1.0782865,0.93860006,0.1396864399999999,0.04,0.033875591068803196,0.0086385699999999,0.02,0.009785028277633556,0.011233736,0.03,0.0381945152585957,0.0005221679999999,0.01,0.0009748394741224981,0.01067755155
ebe57cf1663b92bf,jacobi-2d,jacobi-2d,lv2:__PARA__L0-1.__PARA__L1-4.__PARA__L2-2.__PARA__L3-8.__PARA__L4-8.__PIPE__L0-off.__PIPE__L1-NA.__PIPE__L2-NA.__TILE__L0-40.__TILE__L1-1.__TILE__L2-1,target,query,query,finetune_dataset,data_896.pt,4390681.0,stage5e_dmw_afrc,2,50,hmoe_support_paired_seed2,0.5937417,0.16985428,0.42388742,0.05,0.060340227123608675,0.0063299949999999,0.02,0.03237187903216679,0.023498844,0.05,0.057093557093333844,0.0077594399999999,0.0,-0.017762040219362868,0.035185732
e9a1e8e3e53c8cad,jacobi-2d,jacobi-2d,lv2:__PARA__L0-1.__PARA__L1-22.__PARA__L2-2.__PARA__L3-1.__PARA__L4-1.__PIPE__L0-off.__PIPE__L1-off.__PIPE__L2-flatten.__TILE__L0-1.__TILE__L1-4.__TILE__L2-8,target,query,query,finetune_dataset,data_878.pt,4385641.0,stage5e_dmw_afrc,2,50,hmoe_support_paired_seed2,0.59457016,0.56830573,0.02626443,0.65,0.7692682345056868,0.1481898999999999,0.3,0.353289087162127,0.06757118,0.62,0.7304306124789635,0.1096582499999999,0.04,0.051077116002722585,0.0032949499999999
53885ac3842ab290,jacobi-2d,jacobi-2d,lv2:__PARA__L0-1.__PARA__L1-1.__PARA__L2-1.__PARA__L3-8.__PARA__L4-8.__PIPE__L0-off.__PIPE__L1-off.__PIPE__L2-NA.__TILE__L0-1.__TILE__L1-88.__TILE__L2-2,target,query,query,finetune_dataset,data_719.pt,4035721.0,stage5e_dmw_afrc,2,50,hmoe_support_paired_seed2,0.65455085,0.9437398,0.28918895,0.05,0.010625075969329486,0.047935027,0.02,0.018811324485662126,0.009482552,0.05,0.039458148082505494,0.031510252,0.0,0.02543461966183712,0.04544969
33a477d84c262dc2,jacobi-2d,jacobi-2d,lv2:__PARA__L0-1.__PARA__L1-2.__PARA__L2-8.__PARA__L3-8.__PARA__L4-8.__PIPE__L0-off.__PIPE__L1-NA.__PIPE__L2-NA.__TILE__L0-1.__TILE__L1-1.__TILE__L2-1,target,query,query,finetune_dataset,data_866.pt,4414401.0,stage5e_dmw_afrc,2,50,hmoe_support_paired_seed2,0.5898552,0.57765883,0.01219637,0.05,0.09596995697292543,0.04390774,0.02,0.060316904483529575,0.0335427029999999,0.05,0.10151788848757902,0.0358165,0.01,0.0005771518930072013,0.004696753
c125a83a28d530ad,jacobi-2d,jacobi-2d,lv2:__PARA__L0-1.__PARA__L1-11.__PARA__L2-2.__PARA__L3-16.__PARA__L4-1.__PIPE__L0-off.__PIPE__L1-NA.__PIPE__L2-flatten.__TILE__L0-1.__TILE__L1-8.__TILE__L2-8,target,query,query,finetune_dataset,data_792.pt,5897561.0,stage5e_dmw_afrc,2,50,hmoe_support_paired_seed2,0.38090482,0.58971304,0.20880822,0.9,0.9176175026625524,0.0280776,0.4,0.3962733671388931,0.01201605,0.81,0.8457010669215731,0.0141715399999999,0.03,0.028913854344974017,0.006547139
c47c75864cb27766,jacobi-2d,jacobi-2d,lv2:__PARA__L0-1.__PARA__L1-1.__PARA__L2-2.__PARA__L3-8.__PARA__L4-1.__PIPE__L0-off.__PIPE__L1-NA.__PIPE__L2-flatten.__TILE__L0-1.__TILE__L1-8.__TILE__L2-8,target,query,query,finetune_dataset,data_760.pt,4087761.0,stage5e_dmw_afrc,2,50,hmoe_support_paired_seed2,0.6453086,0.5401632,0.1051454,0.89,0.8777314680517567,0.0166657,0.39,0.3704302662970257,0.0045669799999999,0.79,0.8036516861401235,0.0361271999999999,0.0,0.038071369107923594,0.03363876
87c44a4a605ec900,jacobi-2d,jacobi-2d,lv2:__PARA__L0-1.__PARA__L1-2.__PARA__L2-11.__PARA__L3-8.__PARA__L4-8.__PIPE__L0-off.__PIPE__L1-NA.__PIPE__L2-off.__TILE__L0-40.__TILE__L1-1.__TILE__L2-1,target,query,query,finetune_dataset,data_830.pt,4434121.0,stage5e_dmw_afrc,2,50,hmoe_support_paired_seed2,0.58664,0.6088277,0.0221876999999999,0.05,0.017652282775727998,0.001919466,0.02,0.013836637134092151,0.002001334,0.05,0.047087553479357676,0.008370566,0.01,0.009919563794639057,0.014907393
fab04bee7d771311,jacobi-2d,jacobi-2d,lv2:__PARA__L0-1.__PARA__L1-2.__PARA__L2-22.__PARA__L3-8.__PARA__L4-8.__PIPE__L0-off.__PIPE__L1-NA.__PIPE__L2-off.__TILE__L0-1.__TILE__L1-1.__TILE__L2-1,target,query,query,finetune_dataset,data_849.pt,4504601.0,stage5e_dmw_afrc,2,50,hmoe_support_paired_seed2,0.5752644,0.5542947,0.0209696999999999,0.05,0.05709190579807606,0.01295499,0.02,0.031556568845685834,0.021589886,0.05,0.04673128800782314,0.0024293499999999,0.01,0.02269743620709083,0.0243640899999999
76cdc1b4a2ae88da,jacobi-2d,jacobi-2d,lv2:__PARA__L0-1.__PARA__L1-4.__PARA__L2-1.__PARA__L3-8.__PARA__L4-8.__PIPE__L0-off.__PIPE__L1-NA.__PIPE__L2-off.__TILE__L0-1.__TILE__L1-1.__TILE__L2-88,target,query,query,finetune_dataset,data_889.pt,2242884.0,stage5e_dmw_afrc,2,50,hmoe_support_paired_seed2,1.0782865,1.4127712,0.3344846999999999,0.04,0.04173652610695458,0.03041326,0.02,0.023272851297526383,0.022617768,0.03,0.03393542972133411,0.007622303,0.01,-0.00339180166587374,0.0106191173
a2f55586e23c4af2,jacobi-2d,jacobi-2d,lv2:__PARA__L0-1.__PARA__L1-1.__PARA__L2-2.__PARA__L3-8.__PARA__L4-8.__PIPE__L0-off.__PIPE__L1-off.__PIPE__L2-NA.__TILE__L0-1.__TILE__L1-88.__TILE__L2-1,target,query,query,finetune_dataset,data_763.pt,2234324.0,stage5e_dmw_afrc,2,50,hmoe_support_paired_seed2,1.0810448,0.88046765,0.2005771499999998,0.04,0.04297226485137538,0.00543504,0.02,0.015095150546880213,0.002328027,0.03,0.030790976640017707,0.005503027,0.01,0.00431824220256689,0.0064389969
c395ab2e435aff0d,jacobi-2d,jacobi-2d,lv2:__PARA__L0-1.__PARA__L1-1.__PARA__L2-1.__PARA__L3-1.__PARA__L4-2.__PIPE__L0-off.__PIPE__L1-flatten.__PIPE__L2-NA.__TILE__L0-1.__TILE__L1-1.__TILE__L2-8,target,query,query,finetune_dataset,data_668.pt,3938921.0,stage5e_dmw_afrc,2,50,hmoe_support_paired_seed2,0.6720638,0.82705444,0.1549906399999999,0.25,0.33834026998149624,0.05809447,0.11,0.14078859158068338,0.003228695,0.26,0.15100648654148005,0.191572735,0.25,0.11271640086691331,0.190869108
58a41c3a8454ad42,jacobi-2d,jacobi-2d,lv2:__PARA__L0-1.__PARA__L1-1.__PARA__L2-1.__PARA__L3-4.__PARA__L4-32.__PIPE__L0-off.__PIPE__L1-off.__PIPE__L2-NA.__TILE__L0-1.__TILE__L1-1.__TILE__L2-1,target,query,query,finetune_dataset,data_706.pt,2388964.0,stage5e_dmw_afrc,2,50,hmoe_support_paired_seed2,1.0327715,1.0518475,0.019076,0.17,0.1504178860910685,0.00940167,0.03,0.02254735378437856,0.0125826289999999,0.01,0.0235907254268252,0.016409596,0.1,0.07583280723941122,0.01867788
22ec0ba283f993c7,jacobi-2d,jacobi-2d,lv2:__PARA__L0-1.__PARA__L1-1.__PARA__L2-1.__PARA__L3-4.__PARA__L4-22.__PIPE__L0-off.__PIPE__L1-off.__PIPE__L2-off.__TILE__L0-1.__TILE__L1-1.__TILE__L2-1,target,query,query,finetune_dataset,data_705.pt,280324.0,stage5e_dmw_afrc,2,50,hmoe_support_paired_seed2,2.5783803,1.3450031,1.2333772,0.07,0.09006781364474187,0.0443868299999999,0.02,0.01128749310636794,0.015863408,0.02,0.018912573168847695,0.000221957,0.05,0.0326927798960827,0.000296238
c5fee3c012b75f16,jacobi-2d,jacobi-2d,lv2:__PARA__L0-1.__PARA__L1-2.__PARA__L2-2.__PARA__L3-8.__PARA__L4-8.__PIPE__L0-off.__PIPE__L1-NA.__PIPE__L2-off.__TILE__L0-1.__TILE__L1-1.__TILE__L2-1,target,query,query,finetune_dataset,data_840.pt,4382121.0,stage5e_dmw_afrc,2,50,hmoe_support_paired_seed2,0.5951494,0.6093253,0.0141758999999999,0.05,0.06016546371487612,0.0237207799999999,0.02,0.03005639552780911,0.00662319,0.05,0.05976039588400327,0.02833552,0.0,0.0037314234958498505,0.014193786
34b992a5a7a00114,jacobi-2d,jacobi-2d,lv2:__PARA__L0-1.__PARA__L1-1.__PARA__L2-1.__PARA__L3-11.__PARA__L4-4.__PIPE__L0-off.__PIPE__L1-off.__PIPE__L2-off.__TILE__L0-1.__TILE__L1-1.__TILE__L2-1,target,query,query,finetune_dataset,data_686.pt,322404.0,stage5e_dmw_afrc,2,50,hmoe_support_paired_seed2,2.4774933,1.8782601,0.5992331999999998,0.03,0.03138421179670013,0.012720643,0.01,-0.004412977667886554,0.029084645,0.01,0.008173321549048988,0.002154896,0.03,-0.0011555620293518887,0.0591898
0b98e4b7ddc0e9e1,jacobi-2d,jacobi-2d,lv2:__PARA__L0-1.__PARA__L1-11.__PARA__L2-2.__PARA__L3-16.__PARA__L4-1.__PIPE__L0-off.__PIPE__L1-off.__PIPE__L2-flatten.__TILE__L0-1.__TILE__L1-8.__TILE__L2-8,target,query,query,finetune_dataset,data_793.pt,5897561.0,stage5e_dmw_afrc,2,50,hmoe_support_paired_seed2,0.38090482,0.5844793,0.20357448,0.9,0.8713815892485544,0.0713114999999999,0.4,0.3903726506175561,0.0059192,0.81,0.8055661342282204,0.0217795,0.03,0.03811525359176253,0.0031567379999999
1b37bbe43cd2bb4d,jacobi-2d,jacobi-2d,lv2:__PARA__L0-1.__PARA__L1-11.__PARA__L2-2.__PARA__L3-4.__PARA__L4-1.__PIPE__L0-off.__PIPE__L1-off.__PIPE__L2-flatten.__TILE__L0-1.__TILE__L1-8.__TILE__L2-8,target,query,query,finetune_dataset,data_801.pt,4315441.0,stage5e_dmw_afrc,2,50,hmoe_support_paired_seed2,0.60621005,0.67000055,0.0637905,0.87,0.8247632932461378,0.0622690999999999,0.39,0.3764875135869981,0.0151138499999999,0.78,0.8011263889666311,0.04270706,0.0,0.016928724846344688,0.0029968496
fa9d05c112689cf8,jacobi-2d,jacobi-2d,lv2:__PARA__L0-1.__PARA__L1-2.__PARA__L2-11.__PARA__L3-8.__PARA__L4-8.__PIPE__L0-off.__PIPE__L1-NA.__PIPE__L2-off.__TILE__L0-1.__TILE__L1-1.__TILE__L2-1,target,query,query,finetune_dataset,data_828.pt,4434121.0,stage5e_dmw_afrc,2,50,hmoe_support_paired_seed2,0.58664,0.6153671,0.0287270999999998,0.05,0.04773544892575046,0.00265451,0.02,0.042427711009169,0.019822876,0.05,0.06400971544950611,0.0009189069999999,0.01,0.009263533383293701,0.015750114
6698cf09c23d6af0,jacobi-2d,jacobi-2d,lv2:__PARA__L0-1.__PARA__L1-2.__PARA__L2-4.__PARA__L3-8.__PARA__L4-8.__PIPE__L0-off.__PIPE__L1-NA.__PIPE__L2-NA.__TILE__L0-1.__TILE__L1-1.__TILE__L2-1,target,query,query,finetune_dataset,data_858.pt,4390681.0,stage5e_dmw_afrc,2,50,hmoe_support_paired_seed2,0.5937417,0.64370716,0.0499654599999999,0.05,0.10975869721665599,0.0475627,0.02,0.07552087968703869,0.026313435,0.05,0.12033061346215107,0.0360815939999999,0.0,-0.009157564557700767,0.009217126
27b6de971e060e79,jacobi-2d,jacobi-2d,lv2:__PARA__L0-1.__PARA__L1-4.__PARA__L2-11.__PARA__L3-1.__PARA__L4-4.__PIPE__L0-off.__PIPE__L1-flatten.__PIPE__L2-NA.__TILE__L0-1.__TILE__L1-8.__TILE__L2-8,target,query,query,finetune_dataset,data_892.pt,4421441.0,stage5e_dmw_afrc,2,50,hmoe_support_paired_seed2,0.5887057,0.7052594,0.1165536999999999,1.46,1.172873138479774,0.0759285999999999,0.65,0.9247593869928916,0.7151900999999999,1.29,1.1655690132558563,0.0855121,0.0,0.02057599687000991,0.04840018
784d806af7785d1f,jacobi-2d,jacobi-2d,lv2:__PARA__L0-1.__PARA__L1-1.__PARA__L2-1.__PARA__L3-1.__PARA__L4-22.__PIPE__L0-off.__PIPE__L1-off.__PIPE__L2-off.__TILE__L0-1.__TILE__L1-1.__TILE__L2-1,target,query,query,finetune_dataset,data_670.pt,948924.0,stage5e_dmw_afrc,2,50,hmoe_support_paired_seed2,1.6987818,1.1872346,0.5115471999999999,0.1,0.07903565579218193,0.00896835,0.03,0.015514146599284375,0.0269565272,0.06,0.03739455424035152,0.010232208,0.05,0.04403940768623807,0.0128662559999999
ecca3737fdfbc6d8,jacobi-2d,jacobi-2d,lv2:__PARA__L0-1.__PARA__L1-4.__PARA__L2-2.__PARA__L3-1.__PARA__L4-1.__PIPE__L0-off.__PIPE__L1-off.__PIPE__L2-flatten.__TILE__L0-1.__TILE__L1-1.__TILE__L2-8,target,query,query,finetune_dataset,data_894.pt,4272001.0,stage5e_dmw_afrc,2,50,hmoe_support_paired_seed2,0.61350805,0.7215625,0.10805445,0.87,0.8190850071256282,0.0555738,0.38,0.3857860985254027,0.0624822999999999,0.77,0.7791852234207609,0.0440353,0.04,0.019474807724788802,0.0396525813
b07abd212d31a627,jacobi-2d,jacobi-2d,lv2:__PARA__L0-1.__PARA__L1-11.__PARA__L2-2.__PARA__L3-22.__PARA__L4-1.__PIPE__L0-off.__PIPE__L1-off.__PIPE__L2-flatten.__TILE__L0-1.__TILE__L1-8.__TILE__L2-8,target,query,query,finetune_dataset,data_797.pt,4311241.0,stage5e_dmw_afrc,2,50,hmoe_support_paired_seed2,0.60691243,0.5468863,0.0600261299999999,0.94,0.8776485868366783,0.1130068999999999,0.42,0.3899488850703553,0.0362575,0.83,0.7943442402327365,0.0662497999999999,0.06,0.05012532605408217,0.0106564899999999
fd3c61ae7f95e064,jacobi-2d,jacobi-2d,lv2:__PARA__L0-1.__PARA__L1-1.__PARA__L2-1.__PARA__L3-4.__PARA__L4-11.__PIPE__L0-off.__PIPE__L1-off.__PIPE__L2-off.__TILE__L0-1.__TILE__L1-1.__TILE__L2-1,target,query,query,finetune_dataset,data_701.pt,322404.0,stage5e_dmw_afrc,2,50,hmoe_support_paired_seed2,2.4774933,2.361007,0.1164863,0.03,0.03624531438442028,0.0008305899999999,0.01,0.009758859306353309,0.00992251396,0.01,0.006204649522426391,0.0015209109999999,0.03,0.014675789024763838,0.012584016
d269ecdf325e801d,jacobi-2d,jacobi-2d,lv2:__PARA__L0-1.__PARA__L1-1.__PARA__L2-22.__PARA__L3-8.__PARA__L4-8.__PIPE__L0-off.__PIPE__L1-off.__PIPE__L2-off.__TILE__L0-1.__TILE__L1-88.__TILE__L2-1,target,query,query,finetune_dataset,data_773.pt,2355924.0,stage5e_dmw_afrc,2,50,hmoe_support_paired_seed2,1.0428176,0.97406685,0.0687507499999999,0.04,0.006529133967189632,0.0361122572,0.01,-0.00432206497606169,0.020084723,0.03,0.041786978339215713,0.0042206339999999,0.02,0.016507177825133765,0.0048589349999999
322b26639a483f11,jacobi-2d,jacobi-2d,lv2:__PARA__L0-1.__PARA__L1-2.__PARA__L2-11.__PARA__L3-1.__PARA__L4-4.__PIPE__L0-off.__PIPE__L1-flatten.__PIPE__L2-NA.__TILE__L0-1.__TILE__L1-8.__TILE__L2-8,target,query,query,finetune_dataset,data_824.pt,4315481.0,stage5e_dmw_afrc,2,50,hmoe_support_paired_seed2,0.6062034,0.4232658,0.1829375999999999,0.87,0.7113774133042179,0.0956737399999999,0.39,0.4571130363945407,0.1957282999999999,0.78,0.8311381104186313,0.1334726499999999,0.0,0.05429542484923172,0.0058116745
06b4e10354d508a4,jacobi-2d,jacobi-2d,lv2:__PARA__L0-1.__PARA__L1-2.__PARA__L2-1.__PARA__L3-8.__PARA__L4-8.__PIPE__L0-off.__PIPE__L1-off.__PIPE__L2-off.__TILE__L0-1.__TILE__L1-1.__TILE__L2-88,target,query,query,finetune_dataset,data_822.pt,2234324.0,stage5e_dmw_afrc,2,50,hmoe_support_paired_seed2,1.0810448,1.0757831,0.0052616999999999,0.04,0.02399359928278787,0.0153745929999999,0.02,0.0014944069985901448,0.006063451,0.03,0.014125824857909896,0.005533098,0.01,0.000587060045927265,0.001759622
b4fb7d26cdf40a85,jacobi-2d,jacobi-2d,lv2:__PARA__L0-1.__PARA__L1-1.__PARA__L2-22.__PARA__L3-8.__PARA__L4-8.__PIPE__L0-off.__PIPE__L1-off.__PIPE__L2-off.__TILE__L0-1.__TILE__L1-88.__TILE__L2-4,target,query,query,finetune_dataset,data_774.pt,2355924.0,stage5e_dmw_afrc,2,50,hmoe_support_paired_seed2,1.0428176,1.1891688,0.1463512,0.04,-0.0063922043855191065,0.01856322,0.01,-0.009551464778624468,0.0085688031,0.03,0.031505488322436936,0.010302274,0.02,0.01766838777947795,0.00965544
4160f17848553677,jacobi-2d,jacobi-2d,lv2:__PARA__L0-1.__PARA__L1-22.__PARA__L2-2.__PARA__L3-2.__PARA__L4-1.__PIPE__L0-off.__PIPE__L1-NA.__PIPE__L2-flatten.__TILE__L0-1.__TILE__L1-4.__TILE__L2-8,target,query,query,finetune_dataset,data_881.pt,4386161.0,stage5e_dmw_afrc,2,50,hmoe_support_paired_seed2,0.5944847,0.5613916,0.0330930999999999,0.87,0.8120499173913335,0.0638317,0.38,0.36363112987645063,0.01406968,0.78,0.7577326871867949,0.0191459999999999,0.0,0.02888421695788265,0.017232878
856cc9f2c17a159a,jacobi-2d,jacobi-2d,lv2:__PARA__L0-1.__PARA__L1-2.__PARA__L2-2.__PARA__L3-8.__PARA__L4-8.__PIPE__L0-off.__PIPE__L1-off.__PIPE__L2-NA.__TILE__L0-1.__TILE__L1-1.__TILE__L2-1,target,query,query,finetune_dataset,data_842.pt,4382121.0,stage5e_dmw_afrc,2,50,hmoe_support_paired_seed2,0.5951494,0.5446999,0.0504495,0.05,0.08851019725041268,0.0124221859999999,0.02,0.04390304703512979,0.00567944,0.05,0.07102372559169644,0.0092845979999999,0.0,-0.0030045865332630596,0.0018287118
73275156de8b6442,jacobi-2d,jacobi-2d,lv2:__PARA__L0-1.__PARA__L1-4.__PARA__L2-8.__PARA__L3-8.__PARA__L4-8.__PIPE__L0-off.__PIPE__L1-NA.__PIPE__L2-NA.__TILE__L0-40.__TILE__L1-1.__TILE__L2-1,target,query,query,finetune_dataset,data_905.pt,4422961.0,stage5e_dmw_afrc,2,50,hmoe_support_paired_seed2,0.58845776,0.07921964,0.50923812,0.05,0.09048685487055919,0.04693727,0.02,0.04181803324335409,0.0370972559999999,0.05,0.08548257150167532,0.00525849,0.01,-0.01717861696970533,0.04764506
bb70c3f8edfae14e,jacobi-2d,jacobi-2d,lv2:__PARA__L0-1.__PARA__L1-22.__PARA__L2-2.__PARA__L3-1.__PARA__L4-1.__PIPE__L0-off.__PIPE__L1-off.__PIPE__L2-flatten.__TILE__L0-1.__TILE__L1-1.__TILE__L2-8,target,query,query,finetune_dataset,data_877.pt,4385921.0,stage5e_dmw_afrc,2,50,hmoe_support_paired_seed2,0.59452415,0.58321947,0.01130468,0.87,0.8258230119663663,0.0589275299999999,0.38,0.3702512958423479,0.0221430599999999,0.77,0.7416240500330806,0.0508654299999999,0.04,0.04305771994818483,0.00863374
8b485ae83504393c,jacobi-2d,jacobi-2d,lv2:__PARA__L0-1.__PARA__L1-1.__PARA__L2-1.__PARA__L3-2.__PARA__L4-22.__PIPE__L0-off.__PIPE__L1-off.__PIPE__L2-off.__TILE__L0-1.__TILE__L1-1.__TILE__L2-1,target,query,query,finetune_dataset,data_694.pt,512484.0,stage5e_dmw_afrc,2,50,hmoe_support_paired_seed2,2.1431746,1.2798276,0.8633470000000001,0.07,0.0804638221659763,0.0291066399999999,0.02,0.012541625503226909,0.0182122481,0.02,0.0196077005090034,0.002796124,0.05,0.034874952834180704,6.855000000000055e-05
0b048cbe2d8c5471,jacobi-2d,jacobi-2d,lv2:__PARA__L0-1.__PARA__L1-4.__PARA__L2-1.__PARA__L3-8.__PARA__L4-8.__PIPE__L0-off.__PIPE__L1-off.__PIPE__L2-off.__TILE__L0-1.__TILE__L1-1.__TILE__L2-1,target,query,query,finetune_dataset,data_891.pt,2242884.0,stage5e_dmw_afrc,2,50,hmoe_support_paired_seed2,1.0782865,1.2684962,0.1902097,0.04,0.026177977776054937,0.047311219,0.02,0.00897006918030542,0.006192733,0.03,0.015423554206389635,0.007487206,0.01,0.0021839796225322254,0.0066241885
3e1936144535fbc1,jacobi-2d,jacobi-2d,lv2:__PARA__L0-1.__PARA__L1-1.__PARA__L2-1.__PARA__L3-8.__PARA__L4-8.__PIPE__L0-off.__PIPE__L1-off.__PIPE__L2-off.__TILE__L0-1.__TILE__L1-88.__TILE__L2-2,target,query,query,finetune_dataset,data_724.pt,4035721.0,stage5e_dmw_afrc,2,50,hmoe_support_paired_seed2,0.65455085,0.85417044,0.1996195899999999,0.05,0.04094828625038985,0.01363812,0.02,0.002586743616512569,0.011297215,0.05,0.04152248003079674,0.02094059,0.0,0.023277563031984944,0.051813796
ac131c488d448b82,jacobi-2d,jacobi-2d,lv2:__PARA__L0-1.__PARA__L1-2.__PARA__L2-1.__PARA__L3-8.__PARA__L4-8.__PIPE__L0-off.__PIPE__L1-off.__PIPE__L2-off.__TILE__L0-1.__TILE__L1-1.__TILE__L2-2,target,query,query,finetune_dataset,data_819.pt,4268321.0,stage5e_dmw_afrc,2,50,hmoe_support_paired_seed2,0.6141297,0.7386925,0.1245627999999999,0.05,0.07162777684664609,0.03589104,0.02,0.009968777354623084,0.00289293,0.05,0.03469952054072449,0.007954764,0.0,0.02130112309599336,0.06284173
31777265ef1d2415,jacobi-2d,jacobi-2d,lv2:__PARA__L0-1.__PARA__L1-2.__PARA__L2-8.__PARA__L3-8.__PARA__L4-8.__PIPE__L0-off.__PIPE__L1-off.__PIPE__L2-off.__TILE__L0-40.__TILE__L1-1.__TILE__L2-1,target,query,query,finetune_dataset,data_873.pt,4414401.0,stage5e_dmw_afrc,2,50,hmoe_support_paired_seed2,0.5898552,0.55497324,0.0348819599999999,0.05,-0.0032967927572317467,0.035927731,0.02,0.0009484241877760805,0.0174814355,0.05,0.028097080983604333,0.024329442,0.01,0.004026586777899263,0.00631741
9ad340ebffd8ac94,jacobi-2d,jacobi-2d,lv2:__PARA__L0-1.__PARA__L1-2.__PARA__L2-11.__PARA__L3-8.__PARA__L4-8.__PIPE__L0-off.__PIPE__L1-NA.__PIPE__L2-NA.__TILE__L0-1.__TILE__L1-1.__TILE__L2-8,target,query,query,finetune_dataset,data_826.pt,4434121.0,stage5e_dmw_afrc,2,50,hmoe_support_paired_seed2,0.58664,0.57078296,0.0158570400000001,0.05,0.06513386974539269,0.0490976999999999,0.02,0.033881220170204285,0.036313872,0.05,0.06656772479895887,0.0273714499999999,0.01,0.013805031583200322,0.0028875799999999
5a0b2bc64691d41e,jacobi-2d,jacobi-2d,lv2:__PARA__L0-1.__PARA__L1-11.__PARA__L2-2.__PARA__L3-11.__PARA__L4-1.__PIPE__L0-off.__PIPE__L1-NA.__PIPE__L2-flatten.__TILE__L0-1.__TILE__L1-8.__TILE__L2-8,target,query,query,finetune_dataset,data_790.pt,4315441.0,stage5e_dmw_afrc,2,50,hmoe_support_paired_seed2,0.60621005,0.62153167,0.01532162,0.9,0.9110765445759852,0.0240731499999999,0.4,0.395846797447714,0.00057108,0.8,0.8598023050262944,0.0570221699999999,0.04,0.01725344874751238,0.0344265652
935aa4b826c821b2,jacobi-2d,jacobi-2d,lv2:__PARA__L0-1.__PARA__L1-2.__PARA__L2-11.__PARA__L3-8.__PARA__L4-8.__PIPE__L0-off.__PIPE__L1-off.__PIPE__L2-off.__TILE__L0-40.__TILE__L1-1.__TILE__L2-1,target,query,query,finetune_dataset,data_836.pt,4434121.0,stage5e_dmw_afrc,2,50,hmoe_support_paired_seed2,0.58664,0.5452942,0.0413458000000001,0.05,-0.0009125809497183904,0.027757245,0.02,0.0026948226507968955,0.0136740994,0.05,0.031967796054291946,0.020763713,0.01,0.006575914286408731,0.0099040899999999
944f6867f11d504d,jacobi-2d,jacobi-2d,lv2:__PARA__L0-1.__PARA__L1-1.__PARA__L2-1.__PARA__L3-4.__PARA__L4-2.__PIPE__L0-off.__PIPE__L1-off.__PIPE__L2-off.__TILE__L0-1.__TILE__L1-1.__TILE__L2-1,target,query,query,finetune_dataset,data_704.pt,702484.0,stage5e_dmw_afrc,2,50,hmoe_support_paired_seed2,1.9156954,1.9395733,0.0238779,0.01,0.045920321176621884,0.031131526,0.0,-0.004697909604652464,0.012116988,0.0,0.009979642079803744,0.007482171,0.02,-0.00080450652367058,0.050024316
4e773eb3b1e972f0,jacobi-2d,jacobi-2d,lv2:__PARA__L0-1.__PARA__L1-1.__PARA__L2-1.__PARA__L3-8.__PARA__L4-8.__PIPE__L0-off.__PIPE__L1-off.__PIPE__L2-off.__TILE__L0-1.__TILE__L1-88.__TILE__L2-88,target,query,query,finetune_dataset,data_727.pt,238164.0,stage5e_dmw_afrc,2,50,hmoe_support_paired_seed2,2.6959505,2.3474424,0.3485081000000001,0.03,0.009039520889360579,0.0071644769999999,0.01,-0.009335255590841553,0.015243335,0.0,0.04147498155156742,0.007046193,0.02,0.009179264298351855,0.0045297979999999
da6efcc3e335e1ca,jacobi-2d,jacobi-2d,lv2:__PARA__L0-1.__PARA__L1-2.__PARA__L2-4.__PARA__L3-8.__PARA__L4-8.__PIPE__L0-off.__PIPE__L1-off.__PIPE__L2-off.__TILE__L0-1.__TILE__L1-1.__TILE__L2-1,target,query,query,finetune_dataset,data_864.pt,4390681.0,stage5e_dmw_afrc,2,50,hmoe_support_paired_seed2,0.5937417,0.60792494,0.0141832399999999,0.05,0.034363689853002366,0.028738874,0.02,0.010479874629282616,0.011239339,0.05,0.035269585292769856,0.01205607,0.0,-0.0030863618496235583,0.0070926975
7c2772b2177fc2a6,jacobi-2d,jacobi-2d,lv2:__PARA__L0-1.__PARA__L1-1.__PARA__L2-1.__PARA__L3-16.__PARA__L4-1.__PIPE__L0-off.__PIPE__L1-off.__PIPE__L2-off.__TILE__L0-1.__TILE__L1-1.__TILE__L2-1,target,query,query,finetune_dataset,data_688.pt,1169604.0,stage5e_dmw_afrc,2,50,hmoe_support_paired_seed2,1.547954,1.7394934,0.1915393999999999,0.07,0.03522563967376589,0.050917841,0.02,0.003529927785447665,0.017363329,0.04,0.007297688390216722,0.032096543,0.03,0.03434738543834797,0.0128923219999999
abaaf405e8d7c365,jacobi-2d,jacobi-2d,lv2:__PARA__L0-1.__PARA__L1-1.__PARA__L2-1.__PARA__L3-8.__PARA__L4-8.__PIPE__L0-off.__PIPE__L1-off.__PIPE__L2-off.__TILE__L0-40.__TILE__L1-1.__TILE__L2-1,target,query,query,finetune_dataset,data_728.pt,238164.0,stage5e_dmw_afrc,2,50,hmoe_support_paired_seed2,2.6959505,2.1957388,0.5002116999999999,0.03,0.030466822979985667,0.02370775,0.01,0.0061896731478902674,0.0102450047,0.0,0.005479145000373091,0.009113729,0.02,0.016658506232104003,0.001034164
3fa48ecb90f45d31,jacobi-2d,jacobi-2d,lv2:__PARA__L0-1.__PARA__L1-1.__PARA__L2-2.__PARA__L3-8.__PARA__L4-1.__PIPE__L0-off.__PIPE__L1-off.__PIPE__L2-flatten.__TILE__L0-1.__TILE__L1-1.__TILE__L2-8,target,query,query,finetune_dataset,data_761.pt,4030841.0,stage5e_dmw_afrc,2,50,hmoe_support_paired_seed2,0.6554236,0.6569499,0.0015262999999999,0.87,0.8015379038884386,0.0510524,0.38,0.3391613569084602,0.006296,0.77,0.7042580108406159,0.0344242999999999,0.0,0.02877595997897468,0.017035885
bcd3eb3c77a3cb42,jacobi-2d,jacobi-2d,lv2:__PARA__L0-1.__PARA__L1-1.__PARA__L2-1.__PARA__L3-8.__PARA__L4-8.__PIPE__L0-off.__PIPE__L1-off.__PIPE__L2-NA.__TILE__L0-1.__TILE__L1-88.__TILE__L2-4,target,query,query,finetune_dataset,data_720.pt,3980681.0,stage5e_dmw_afrc,2,50,hmoe_support_paired_seed2,0.6644564,0.76985997,0.10540357,0.05,0.019468924896278654,0.029801744,0.02,0.01763760755251549,0.0224014143,0.05,0.039853579090782215,0.036398786,0.0,0.0009038893801349979,0.0047952663
82f432bd118264ba,jacobi-2d,jacobi-2d,lv2:__PARA__L0-1.__PARA__L1-1.__PARA__L2-1.__PARA__L3-4.__PARA__L4-16.__PIPE__L0-off.__PIPE__L1-off.__PIPE__L2-NA.__TILE__L0-1.__TILE__L1-1.__TILE__L2-1,target,query,query,finetune_dataset,data_702.pt,655284.0,stage5e_dmw_afrc,2,50,hmoe_support_paired_seed2,1.965868,1.695641,0.270227,0.05,0.0637385193145618,0.036982793,0.02,0.0227090218873989,0.03329814,0.02,0.010388228567441274,0.011580099,0.07,0.028361134000235814,0.05026319
10d212e2c1a97c6f,jacobi-2d,jacobi-2d,lv2:__PARA__L0-1.__PARA__L1-2.__PARA__L2-22.__PARA__L3-8.__PARA__L4-8.__PIPE__L0-off.__PIPE__L1-NA.__PIPE__L2-off.__TILE__L0-40.__TILE__L1-1.__TILE__L2-1,target,query,query,finetune_dataset,data_851.pt,4504601.0,stage5e_dmw_afrc,2,50,hmoe_support_paired_seed2,0.5752644,0.5487477,0.0265167,0.05,0.02223176355468267,0.0134553099999999,0.02,0.009278204674291702,0.002112914,0.05,0.04621643362843701,0.0074928,0.01,0.022292477067746105,0.023083305
c60e27770f3ce92d,jacobi-2d,jacobi-2d,lv2:__PARA__L0-1.__PARA__L1-1.__PARA__L2-2.__PARA__L3-2.__PARA__L4-1.__PIPE__L0-off.__PIPE__L1-off.__PIPE__L2-flatten.__TILE__L0-1.__TILE__L1-1.__TILE__L2-8,target,query,query,finetune_dataset,data_749.pt,4146841.0,stage5e_dmw_afrc,2,50,hmoe_support_paired_seed2,0.6349577,0.6600589,0.0251012,0.87,0.7737029733999644,0.0642625999999999,0.38,0.3329879167758851,0.0044242999999999,0.77,0.6906657392332592,0.0421641999999999,0.0,0.032692255017878785,0.020031972
ee25e4e2ed66fc53,jacobi-2d,jacobi-2d,lv2:__PARA__L0-1.__PARA__L1-1.__PARA__L2-1.__PARA__L3-8.__PARA__L4-32.__PIPE__L0-off.__PIPE__L1-off.__PIPE__L2-off.__TILE__L0-1.__TILE__L1-1.__TILE__L2-1,target,query,query,finetune_dataset,data_717.pt,2370124.0,stage5e_dmw_afrc,2,50,hmoe_support_paired_seed2,1.0384828,1.1992307,0.1607479,0.12,0.12102475646191624,0.06638137,0.03,0.015513727261298174,0.013827444,0.03,0.04441807600388357,0.026136012,0.05,0.05756502026556115,0.01518118
292906e368d78e22,jacobi-2d,jacobi-2d,lv2:__PARA__L0-1.__PARA__L1-2.__PARA__L2-2.__PARA__L3-8.__PARA__L4-8.__PIPE__L0-off.__PIPE__L1-off.__PIPE__L2-off.__TILE__L0-1.__TILE__L1-1.__TILE__L2-1,target,query,query,finetune_dataset,data_844.pt,4382121.0,stage5e_dmw_afrc,2,50,hmoe_support_paired_seed2,0.5951494,0.5801273,0.0150221,0.05,0.050342826730852414,0.0027605699999999,0.02,0.012099509729033321,0.006439556,0.05,0.042917393074642686,0.0110951499999999,0.0,-0.00235133587454384,0.008049829
3f5754af4892a908,jacobi-2d,jacobi-2d,lv2:__PARA__L0-1.__PARA__L1-1.__PARA__L2-1.__PARA__L3-1.__PARA__L4-32.__PIPE__L0-off.__PIPE__L1-flatten.__PIPE__L2-NA.__TILE__L0-1.__TILE__L1-1.__TILE__L2-8,target,query,query,finetune_dataset,data_671.pt,5518961.0,stage5e_dmw_afrc,2,50,hmoe_support_paired_seed2,0.4287657,0.72485983,0.2960941299999999,0.33,0.5012160920135225,0.2206556,0.15,0.23647354796981565,0.08369539,0.33,0.5508916625238461,0.1742944999999999,0.37,0.11317305471032268,0.342081797
dbbf61ec790c5658,jacobi-2d,jacobi-2d,lv2:__PARA__L0-1.__PARA__L1-1.__PARA__L2-11.__PARA__L3-8.__PARA__L4-8.__PIPE__L0-off.__PIPE__L1-off.__PIPE__L2-off.__TILE__L0-40.__TILE__L1-1.__TILE__L2-1,target,query,query,finetune_dataset,data_735.pt,2285444.0,stage5e_dmw_afrc,2,50,hmoe_support_paired_seed2,1.0647268,1.0320854,0.0326414000000001,0.04,-0.016456227324196816,0.050864266,0.01,-0.000998948606279674,0.0120368488,0.03,0.021575565367410558,0.015694736,0.02,0.01581315381913839,0.0023312799999999
44dccef1d06d09e7,jacobi-2d,jacobi-2d,lv2:__PARA__L0-1.__PARA__L1-1.__PARA__L2-1.__PARA__L3-1.__PARA__L4-1.__PIPE__L0-off.__PIPE__L1-flatten.__PIPE__L2-off.__TILE__L0-1.__TILE__L1-1.__TILE__L2-8,target,query,query,finetune_dataset,data_659.pt,3937881.0,stage5e_dmw_afrc,2,50,hmoe_support_paired_seed2,0.67225426,0.8807312,0.20847694,0.25,0.31117662864598283,0.1172751,0.11,0.16722640293042662,0.17105366,0.26,0.3730447661148256,0.1590745699999999,0.29,0.21123374996819239,0.13433056
f728e9e6039d3dc4,jacobi-2d,jacobi-2d,lv2:__PARA__L0-1.__PARA__L1-1.__PARA__L2-1.__PARA__L3-4.__PARA__L4-16.__PIPE__L0-off.__PIPE__L1-off.__PIPE__L2-off.__TILE__L0-1.__TILE__L1-1.__TILE__L2-1,target,query,query,finetune_dataset,data_703.pt,564244.0,stage5e_dmw_afrc,2,50,hmoe_support_paired_seed2,2.0737686,2.1294913,0.0557227,0.04,0.05154418415494368,0.0068703199999999,0.01,0.012577485342035104,0.010061539904,0.01,0.007601247913066225,0.0015446339999999,0.03,0.019956264667910163,0.0030716519999999
eb12b029d36072ae,jacobi-2d,jacobi-2d,lv2:__PARA__L0-1.__PARA__L1-1.__PARA__L2-1.__PARA__L3-8.__PARA__L4-2.__PIPE__L0-off.__PIPE__L1-off.__PIPE__L2-off.__TILE__L0-1.__TILE__L1-1.__TILE__L2-1,target,query,query,finetune_dataset,data_714.pt,586364.0,stage5e_dmw_afrc,2,50,hmoe_support_paired_seed2,2.0460298,2.0397632,0.0062666,0.02,0.04888676535203046,0.02608783,0.01,-0.002893760782824027,0.019059862,0.0,0.008907105228965942,0.0072114766,0.02,0.0020806560322471643,0.044629796
6c1db49cabf996b6,jacobi-2d,jacobi-2d,lv2:__PARA__L0-1.__PARA__L1-1.__PARA__L2-1.__PARA__L3-8.__PARA__L4-8.__PIPE__L0-off.__PIPE__L1-off.__PIPE__L2-off.__TILE__L0-1.__TILE__L1-1.__TILE__L2-1,target,query,query,finetune_dataset,data_722.pt,238164.0,stage5e_dmw_afrc,2,50,hmoe_support_paired_seed2,2.6959505,2.3537722,0.3421783,0.03,0.03134931696624134,0.0091637959999999,0.01,0.006321455524066044,0.01344127,0.0,0.006112135008331477,0.008450687,0.02,0.012681161824743336,0.009389734
91db491a7d7940c7,jacobi-2d,jacobi-2d,lv2:__PARA__L0-1.__PARA__L1-1.__PARA__L2-2.__PARA__L3-32.__PARA__L4-1.__PIPE__L0-off.__PIPE__L1-off.__PIPE__L2-flatten.__TILE__L0-1.__TILE__L1-1.__TILE__L2-8,target,query,query,finetune_dataset,data_755.pt,5748921.0,stage5e_dmw_afrc,2,50,hmoe_support_paired_seed2,0.39931846,0.5484013,0.14908284,0.88,0.8133597351445365,0.0909315,0.4,0.3431403564981689,0.04798978,0.77,0.6616572544555853,0.1038499,0.13,0.06078065027316389,0.05716052
50dfb163d619aeb1,jacobi-2d,jacobi-2d,lv2:__PARA__L0-1.__PARA__L1-1.__PARA__L2-1.__PARA__L3-1.__PARA__L4-32.__PIPE__L0-off.__PIPE__L1-off.__PIPE__L2-off.__TILE__L0-1.__TILE__L1-1.__TILE__L2-1,target,query,query,finetune_dataset,data_673.pt,3161924.0,stage5e_dmw_afrc,2,50,hmoe_support_paired_seed2,0.8305627,0.9102601,0.0796974,0.16,0.10814935149825122,0.0258244799999999,0.05,0.024675791272756355,0.0036549399999999,0.09,0.10325479828507754,0.05116791,0.05,0.065039570872724,0.02211046
cbafe5a4e8823ead,jacobi-2d,jacobi-2d,lv2:__PARA__L0-1.__PARA__L1-4.__PARA__L2-2.__PARA__L3-8.__PARA__L4-8.__PIPE__L0-off.__PIPE__L1-NA.__PIPE__L2-NA.__TILE__L0-1.__TILE__L1-1.__TILE__L2-1,target,query,query,finetune_dataset,data_895.pt,4390681.0,stage5e_dmw_afrc,2,50,hmoe_support_paired_seed2,0.5937417,0.26284027,0.33090143,0.05,0.10983605435638714,0.01311998,0.02,0.08022918821336192,0.037520002,0.05,0.10104278252680907,0.0085933919999999,0.0,-0.02170433700559018,0.041888807
51c770f1917009bf,jacobi-2d,jacobi-2d,lv2:__PARA__L0-1.__PARA__L1-2.__PARA__L2-4.__PARA__L3-8.__PARA__L4-8.__PIPE__L0-off.__PIPE__L1-off.__PIPE__L2-NA.__TILE__L0-1.__TILE__L1-1.__TILE__L2-1,target,query,query,finetune_dataset,data_862.pt,4390681.0,stage5e_dmw_afrc,2,50,hmoe_support_paired_seed2,0.5937417,0.61628836,0.0225466599999999,0.05,0.10769886672590315,0.02084891,0.02,0.05151620302771997,0.011214088,0.05,0.10843458853393573,0.01975117,0.0,-0.010865318176445565,0.015358452
7461e21be625ee2b,jacobi-2d,jacobi-2d,lv2:__PARA__L0-1.__PARA__L1-1.__PARA__L2-1.__PARA__L3-1.__PARA__L4-4.__PIPE__L0-off.__PIPE__L1-flatten.__PIPE__L2-NA.__TILE__L0-1.__TILE__L1-1.__TILE__L2-8,target,query,query,finetune_dataset,data_674.pt,3938401.0,stage5e_dmw_afrc,2,50,hmoe_support_paired_seed2,0.672159,0.79909176,0.1269327600000001,0.25,0.3418264572329352,0.0727757,0.11,0.14570599755557445,0.00272767,0.27,0.1714005872808173,0.180916835,0.25,0.0861780513077644,0.207569495
47ef55f70d990b84,jacobi-2d,jacobi-2d,lv2:__PARA__L0-1.__PARA__L1-1.__PARA__L2-1.__PARA__L3-8.__PARA__L4-8.__PIPE__L0-off.__PIPE__L1-off.__PIPE__L2-off.__TILE__L0-1.__TILE__L1-88.__TILE__L2-1,target,query,query,finetune_dataset,data_723.pt,238164.0,stage5e_dmw_afrc,2,50,hmoe_support_paired_seed2,2.6959505,2.383948,0.3120024999999997,0.03,0.025099540760357954,0.00293523,0.01,-0.002349761742978225,0.0170150644,0.0,0.013548560638992495,0.0070762336,0.02,0.0132685414126527,0.0008424879999999
7358a0642d396c29,jacobi-2d,jacobi-2d,lv2:__PARA__L0-1.__PARA__L1-1.__PARA__L2-1.__PARA__L3-2.__PARA__L4-16.__PIPE__L0-off.__PIPE__L1-off.__PIPE__L2-off.__TILE__L0-1.__TILE__L1-1.__TILE__L2-1,target,query,query,finetune_dataset,data_692.pt,785964.0,stage5e_dmw_afrc,2,50,hmoe_support_paired_seed2,1.8346965,1.9412097,0.1065131999999999,0.04,0.043307374259796,0.00853116,0.01,0.014048094208741752,0.0109498255,0.01,0.006761043260714715,0.0023728406,0.03,0.021156289140411864,0.0036505909999999
bbbfb2590c70a1f0,jacobi-2d,jacobi-2d,lv2:__PARA__L0-1.__PARA__L1-1.__PARA__L2-1.__PARA__L3-2.__PARA__L4-4.__PIPE__L0-off.__PIPE__L1-off.__PIPE__L2-off.__TILE__L0-1.__TILE__L1-1.__TILE__L2-1,target,query,query,finetune_dataset,data_697.pt,702484.0,stage5e_dmw_afrc,2,50,hmoe_support_paired_seed2,1.9156954,1.5649236,0.3507717999999999,0.01,0.02383306713588576,0.005119393,0.0,-0.006288216587597718,0.025581911,0.0,0.00867779990545038,0.007465273,0.02,-0.004955971660823755,0.057056815
2940580a380ffafd,jacobi-2d,jacobi-2d,lv2:__PARA__L0-1.__PARA__L1-22.__PARA__L2-2.__PARA__L3-22.__PARA__L4-1.__PIPE__L0-off.__PIPE__L1-NA.__PIPE__L2-flatten.__TILE__L0-1.__TILE__L1-4.__TILE__L2-8,target,query,query,finetune_dataset,data_882.pt,4390081.0,stage5e_dmw_afrc,2,50,hmoe_support_paired_seed2,0.59384024,0.5053998,0.08844044,0.93,0.8922158260255132,0.08953624,0.42,0.3919537931359713,0.04741655,0.83,0.7927827817846288,0.0752903999999999,0.08,0.04937004546219392,0.034376534
e05069fa34c4ab8a,jacobi-2d,jacobi-2d,lv2:__PARA__L0-1.__PARA__L1-1.__PARA__L2-1.__PARA__L3-8.__PARA__L4-22.__PIPE__L0-off.__PIPE__L1-off.__PIPE__L2-off.__TILE__L0-1.__TILE__L1-1.__TILE__L2-1,target,query,query,finetune_dataset,data_715.pt,164284.0,stage5e_dmw_afrc,2,50,hmoe_support_paired_seed2,2.9638321,1.347846,1.6159860999999998,0.07,0.0951173878956349,0.05314692,0.02,0.012003351166149564,0.0136802387,0.02,0.020507940978774356,0.0013578129999999,0.05,0.03636819144557357,0.00691634
68b312dcdb9d70a2,jacobi-2d,jacobi-2d,lv2:__PARA__L0-1.__PARA__L1-1.__PARA__L2-1.__PARA__L3-1.__PARA__L4-8.__PIPE__L0-off.__PIPE__L1-flatten.__PIPE__L2-NA.__TILE__L0-1.__TILE__L1-1.__TILE__L2-8,target,query,query,finetune_dataset,data_678.pt,3938401.0,stage5e_dmw_afrc,2,50,hmoe_support_paired_seed2,0.672159,0.7860246,0.1138656,0.27,0.35179282464906214,0.0636268399999999,0.11,0.1529060840766577,0.0008152699999999,0.28,0.18726052422477596,0.17519447,0.25,0.08085052910312582,0.218734637
636bf2d9ed70951a,jacobi-2d,jacobi-2d,lv2:__PARA__L0-1.__PARA__L1-4.__PARA__L2-88.__PARA__L3-8.__PARA__L4-8.__PIPE__L0-off.__PIPE__L1-NA.__PIPE__L2-off.__TILE__L0-1.__TILE__L1-1.__TILE__L2-1,target,query,query,finetune_dataset,data_908.pt,4370161.0,stage5e_dmw_afrc,2,50,hmoe_support_paired_seed2,0.5971208,1.0120608,0.41494,2.0,1.7054358037885922,0.6175392,0.93,0.8899298977087104,0.2242314,2.08,2.329232308376627,0.1409660000000001,0.0,-0.01957032584843276,0.056486703
aa2dbe6374806a88,jacobi-2d,jacobi-2d,lv2:__PARA__L0-1.__PARA__L1-1.__PARA__L2-1.__PARA__L3-4.__PARA__L4-1.__PIPE__L0-off.__PIPE__L1-off.__PIPE__L2-off.__TILE__L0-1.__TILE__L1-1.__TILE__L2-1,target,query,query,finetune_dataset,data_700.pt,1012244.0,stage5e_dmw_afrc,2,50,hmoe_support_paired_seed2,1.6521856,1.7957206,0.1435349999999999,0.02,0.03257871769912746,0.0050771725,0.01,0.00019330976918604864,0.0122703526,0.01,0.004476356313762848,0.001034895,0.02,0.026082841608113368,0.01053741
70b23e1418b25f9a,jacobi-2d,jacobi-2d,lv2:__PARA__L0-1.__PARA__L1-1.__PARA__L2-8.__PARA__L3-8.__PARA__L4-8.__PIPE__L0-off.__PIPE__L1-off.__PIPE__L2-off.__TILE__L0-40.__TILE__L1-1.__TILE__L2-1,target,query,query,finetune_dataset,data_784.pt,2266604.0,stage5e_dmw_afrc,2,50,hmoe_support_paired_seed2,1.0706979,0.9846343,0.0860636000000001,0.04,-0.02045021218166486,0.059563988,0.01,-0.0029132660462990855,0.016705855,0.03,0.01841621496200857,0.0168738055,0.02,0.013350606029926541,5.724399999999796e-05
80192a32a4ed746c,jacobi-2d,jacobi-2d,lv2:__PARA__L0-1.__PARA__L1-1.__PARA__L2-1.__PARA__L3-32.__PARA__L4-1.__PIPE__L0-off.__PIPE__L1-off.__PIPE__L2-off.__TILE__L0-1.__TILE__L1-1.__TILE__L2-1,target,query,query,finetune_dataset,data_699.pt,3161924.0,stage5e_dmw_afrc,2,50,hmoe_support_paired_seed2,0.8305627,1.4620626,0.6314999000000001,0.16,0.07594964329274365,0.093209926,0.05,0.014489599238950542,0.023011732,0.09,0.016176044890982864,0.0745600719999999,0.05,0.05259583033619344,0.02654594
725cf4d13035c879,jacobi-2d,jacobi-2d,lv2:__PARA__L0-1.__PARA__L1-1.__PARA__L2-2.__PARA__L3-88.__PARA__L4-1.__PIPE__L0-off.__PIPE__L1-off.__PIPE__L2-flatten.__TILE__L0-1.__TILE__L1-1.__TILE__L2-8,target,query,query,finetune_dataset,data_768.pt,3995401.0,stage5e_dmw_afrc,2,50,hmoe_support_paired_seed2,0.6617939,1.0133758,0.3515818999999999,0.9,0.9620581346307665,0.0825894,0.4,0.4189597909110973,0.0098601599999999,0.77,0.6827549049586563,0.11168327,0.25,0.13956963225987856,0.0415626299999999
ac5cf5acda484bde,jacobi-2d,jacobi-2d,lv2:__PARA__L0-1.__PARA__L1-11.__PARA__L2-2.__PARA__L3-32.__PARA__L4-1.__PIPE__L0-off.__PIPE__L1-NA.__PIPE__L2-flatten.__TILE__L0-1.__TILE__L1-8.__TILE__L2-8,target,query,query,finetune_dataset,data_798.pt,5897321.0,stage5e_dmw_afrc,2,50,hmoe_support_paired_seed2,0.38093418,0.44807053,0.06713635,0.95,0.935503209655081,0.0753255599999999,0.42,0.4060967794582876,0.0358451999999999,0.86,0.8240794021032816,0.0863720999999999,0.1,0.06410466725132652,0.02753084
08b823e9400351eb,jacobi-2d,jacobi-2d,lv2:__PARA__L0-1.__PARA__L1-22.__PARA__L2-2.__PARA__L3-8.__PARA__L4-1.__PIPE__L0-off.__PIPE__L1-NA.__PIPE__L2-flatten.__TILE__L0-1.__TILE__L1-4.__TILE__L2-8,target,query,query,finetune_dataset,data_885.pt,4385921.0,stage5e_dmw_afrc,2,50,hmoe_support_paired_seed2,0.59452415,0.5493918,0.04513235,0.88,0.8634986397989279,0.0445605599999999,0.39,0.3780445700872278,0.0111023299999999,0.79,0.7846223377495931,0.0113242,0.01,0.027591513164522647,0.017204378
951f39a82264c2b7,jacobi-2d,jacobi-2d,lv2:__PARA__L0-1.__PARA__L1-2.__PARA__L2-4.__PARA__L3-8.__PARA__L4-8.__PIPE__L0-off.__PIPE__L1-NA.__PIPE__L2-NA.__TILE__L0-40.__TILE__L1-1.__TILE__L2-1,target,query,query,finetune_dataset,data_859.pt,4390681.0,stage5e_dmw_afrc,2,50,hmoe_support_paired_seed2,0.5937417,0.63580585,0.0420641499999999,0.05,0.07299765321139304,0.0502617199999999,0.02,0.02635578119729101,0.0099107129999999,0.05,0.08082715731652745,0.0223389999999999,0.0,-0.006543791122526072,0.0073008807
7a4fecb14c6c0c25,jacobi-2d,jacobi-2d,lv2:__PARA__L0-1.__PARA__L1-1.__PARA__L2-2.__PARA__L3-1.__PARA__L4-1.__PIPE__L0-off.__PIPE__L1-off.__PIPE__L2-flatten.__TILE__L0-1.__TILE__L1-8.__TILE__L2-8,target,query,query,finetune_dataset,data_740.pt,4086961.0,stage5e_dmw_afrc,2,50,hmoe_support_paired_seed2,0.6454498,0.5637255,0.0817242999999999,0.65,0.8077983623714171,0.20686916,0.3,0.3447446112566595,0.07823358,0.62,0.7694474061512496,0.1813027,0.04,0.06243463838050237,0.015545375
143101b6acaf1644,jacobi-2d,jacobi-2d,lv2:__PARA__L0-1.__PARA__L1-2.__PARA__L2-11.__PARA__L3-8.__PARA__L4-8.__PIPE__L0-off.__PIPE__L1-off.__PIPE__L2-NA.__TILE__L0-1.__TILE__L1-1.__TILE__L2-8,target,query,query,finetune_dataset,data_832.pt,4434121.0,stage5e_dmw_afrc,2,50,hmoe_support_paired_seed2,0.58664,0.53362334,0.05301666,0.05,0.057433059414349556,0.0234994699999999,0.02,0.022567442948289208,0.02110506,0.05,0.0522954119158908,0.00807057,0.01,0.005919763536835209,0.002602365
4e1de51300b2f8c9,jacobi-2d,jacobi-2d,lv2:__PARA__L0-1.__PARA__L1-1.__PARA__L2-11.__PARA__L3-8.__PARA__L4-8.__PIPE__L0-off.__PIPE__L1-off.__PIPE__L2-NA.__TILE__L0-1.__TILE__L1-88.__TILE__L2-1,target,query,query,finetune_dataset,data_730.pt,2285444.0,stage5e_dmw_afrc,2,50,hmoe_support_paired_seed2,1.0647268,1.0714326,0.0067057999999999,0.04,0.02606179775429506,0.0039846399999999,0.01,0.010378489767764973,0.0030016696,0.03,0.03552368499811444,0.002412944,0.02,0.011265427030797054,0.003230429
ddd8e3ebba80a73e,jacobi-2d,jacobi-2d,lv2:__PARA__L0-1.__PARA__L1-1.__PARA__L2-1.__PARA__L3-2.__PARA__L4-1.__PIPE__L0-off.__PIPE__L1-off.__PIPE__L2-off.__TILE__L0-1.__TILE__L1-1.__TILE__L2-1,target,query,query,finetune_dataset,data_689.pt,1089684.0,stage5e_dmw_afrc,2,50,hmoe_support_paired_seed2,1.5990092,1.8667774,0.2677681999999999,0.01,0.033442334224665506,0.0014361349999999,0.0,0.0005441671640352264,0.0042191595,0.0,0.00850175533882054,0.008411139,0.02,0.029462427267451602,0.0127001069999999
45897464edb110d6,jacobi-2d,jacobi-2d,lv2:__PARA__L0-1.__PARA__L1-1.__PARA__L2-22.__PARA__L3-8.__PARA__L4-8.__PIPE__L0-off.__PIPE__L1-off.__PIPE__L2-off.__TILE__L0-40.__TILE__L1-1.__TILE__L2-1,target,query,query,finetune_dataset,data_775.pt,2355924.0,stage5e_dmw_afrc,2,50,hmoe_support_paired_seed2,1.0428176,0.91985756,0.12296004,0.04,-0.00846728901774053,0.0357443774,0.01,-0.0038978485985009395,0.014210553,0.03,0.019168856982126378,0.0142368069999999,0.02,0.024747871517457116,0.0064045429999999
bc50b6c7e737f423,jacobi-2d,jacobi-2d,lv2:__PARA__L0-1.__PARA__L1-11.__PARA__L2-2.__PARA__L3-2.__PARA__L4-1.__PIPE__L0-off.__PIPE__L1-off.__PIPE__L2-flatten.__TILE__L0-1.__TILE__L1-8.__TILE__L2-8,target,query,query,finetune_dataset,data_795.pt,4315681.0,stage5e_dmw_afrc,2,50,hmoe_support_paired_seed2,0.60616994,0.65042794,0.044258,0.87,0.797524446151479,0.08195185,0.38,0.3624635966861961,0.00307528,0.78,0.742575436516955,0.03397027,0.0,0.029970281549208812,0.020071609
3258eff57f70b64a,jacobi-2d,jacobi-2d,lv2:__PARA__L0-1.__PARA__L1-4.__PARA__L2-8.__PARA__L3-8.__PARA__L4-8.__PIPE__L0-off.__PIPE__L1-NA.__PIPE__L2-NA.__TILE__L0-1.__TILE__L1-1.__TILE__L2-1,target,query,query,finetune_dataset,data_904.pt,4422961.0,stage5e_dmw_afrc,2,50,hmoe_support_paired_seed2,0.58845776,0.19321817,0.3952395900000001,0.05,0.16062411428913387,0.06475906,0.02,0.08419381545235517,0.05369533,0.05,0.15484394488034225,0.019119304,0.01,-0.02119053832992451,0.053829024
de5d80202c10824d,jacobi-2d,jacobi-2d,lv2:__PARA__L0-1.__PARA__L1-2.__PARA__L2-1.__PARA__L3-8.__PARA__L4-8.__PIPE__L0-off.__PIPE__L1-off.__PIPE__L2-off.__TILE__L0-1.__TILE__L1-1.__TILE__L2-1,target,query,query,finetune_dataset,data_818.pt,2234324.0,stage5e_dmw_afrc,2,50,hmoe_support_paired_seed2,1.0810448,1.3357828,0.2547380000000001,0.04,0.06046001808832352,0.02264904,0.02,0.011112929337672441,0.006602485,0.03,0.022614954442262317,0.0005746499999999,0.01,0.00579578970540906,0.000434902
477c4e2e38b59d20,jacobi-2d,jacobi-2d,lv2:__PARA__L0-1.__PARA__L1-2.__PARA__L2-8.__PARA__L3-8.__PARA__L4-8.__PIPE__L0-off.__PIPE__L1-off.__PIPE__L2-NA.__TILE__L0-1.__TILE__L1-1.__TILE__L2-1,target,query,query,finetune_dataset,data_870.pt,4414401.0,stage5e_dmw_afrc,2,50,hmoe_support_paired_seed2,0.5898552,0.54362583,0.04622937,0.05,0.093308552980928,0.0179131449999999,0.02,0.03901524577544663,0.0154637199999999,0.05,0.09020402969818409,0.0170174659999999,0.01,-0.003543314781319353,0.0123922145
75c9416af2e62f0b,jacobi-2d,jacobi-2d,lv2:__PARA__L0-1.__PARA__L1-4.__PARA__L2-1.__PARA__L3-1.__PARA__L4-4.__PIPE__L0-off.__PIPE__L1-flatten.__PIPE__L2-NA.__TILE__L0-1.__TILE__L1-1.__TILE__L2-8,target,query,query,finetune_dataset,data_886.pt,3935761.0,stage5e_dmw_afrc,2,50,hmoe_support_paired_seed2,0.67264277,0.59234035,0.0803024199999999,1.1,1.5628738582872292,0.8835663999999999,0.5,0.6352390373847326,0.4328315,1.04,1.408574304347493,0.4428000999999999,0.0,-0.02529131905625853,0.027825492
d3b2cff71cb6b3f4,jacobi-2d,jacobi-2d,lv2:__PARA__L0-1.__PARA__L1-2.__PARA__L2-22.__PARA__L3-8.__PARA__L4-8.__PIPE__L0-off.__PIPE__L1-NA.__PIPE__L2-NA.__TILE__L0-40.__TILE__L1-1.__TILE__L2-1,target,query,query,finetune_dataset,data_848.pt,4504601.0,stage5e_dmw_afrc,2,50,hmoe_support_paired_seed2,0.5752644,0.54068005,0.03458435,0.05,0.04914746646378412,0.055918914,0.02,0.029026482849318292,0.018854986,0.05,0.0701360698111741,0.03168277,0.01,0.015033881001006392,0.008993808
e283536839fed99c,jacobi-2d,jacobi-2d,lv2:__PARA__L0-1.__PARA__L1-4.__PARA__L2-8.__PARA__L3-8.__PARA__L4-8.__PIPE__L0-off.__PIPE__L1-NA.__PIPE__L2-off.__TILE__L0-1.__TILE__L1-1.__TILE__L2-1,target,query,query,finetune_dataset,data_906.pt,4422961.0,stage5e_dmw_afrc,2,50,hmoe_support_paired_seed2,0.58845776,0.26594394,0.32251382,0.05,0.10017115090953774,0.0063122929999999,0.02,0.06577135496102049,0.0396777799999999,0.05,0.11804800847814262,0.00515731,0.01,-0.018668420635188133,0.046946956
03c941ad860eca80,jacobi-2d,jacobi-2d,lv2:__PARA__L0-1.__PARA__L1-1.__PARA__L2-1.__PARA__L3-4.__PARA__L4-8.__PIPE__L0-off.__PIPE__L1-off.__PIPE__L2-off.__TILE__L0-1.__TILE__L1-1.__TILE__L2-1,target,query,query,finetune_dataset,data_709.pt,354204.0,stage5e_dmw_afrc,2,50,hmoe_support_paired_seed2,2.409638,2.1189218,0.2907162000000003,0.02,0.027914644088446045,0.0052466285,0.01,0.004843422629250861,0.0167712152,0.0,0.006806589633605727,0.00870046,0.02,0.009231625244143563,0.015248275
c3442a8001fa4417,jacobi-2d,jacobi-2d,lv2:__PARA__L0-1.__PARA__L1-2.__PARA__L2-22.__PARA__L3-8.__PARA__L4-8.__PIPE__L0-off.__PIPE__L1-off.__PIPE__L2-off.__TILE__L0-40.__TILE__L1-1.__TILE__L2-1,target,query,query,finetune_dataset,data_857.pt,4504601.0,stage5e_dmw_afrc,2,50,hmoe_support_paired_seed2,0.5752644,0.48405826,0.0912061399999999,0.05,0.0014868999570676854,0.01166709,0.02,-0.0003224730540459062,0.0148143363,0.05,0.030862100996418253,0.020410913,0.01,0.017099751024543825,0.017911944
c45c956a22ace27c,jacobi-2d,jacobi-2d,lv2:__PARA__L0-1.__PARA__L1-1.__PARA__L2-2.__PARA__L3-22.__PARA__L4-1.__PIPE__L0-off.__PIPE__L1-off.__PIPE__L2-flatten.__TILE__L0-1.__TILE__L1-1.__TILE__L2-8,target,query,query,finetune_dataset,data_752.pt,4006001.0,stage5e_dmw_afrc,2,50,hmoe_support_paired_seed2,0.65988266,0.59245527,0.0674273899999999,0.89,0.8184647029204918,0.0684040999999999,0.4,0.3461256667224477,0.02169778,0.77,0.6972824395374777,0.0556371399999999,0.07,0.041889127288779526,0.03257116
df1b09724bac7aa0,jacobi-2d,jacobi-2d,lv2:__PARA__L0-1.__PARA__L1-2.__PARA__L2-1.__PARA__L3-8.__PARA__L4-8.__PIPE__L0-off.__PIPE__L1-NA.__PIPE__L2-off.__TILE__L0-40.__TILE__L1-1.__TILE__L2-1,target,query,query,finetune_dataset,data_814.pt,2234324.0,stage5e_dmw_afrc,2,50,hmoe_support_paired_seed2,1.0810448,1.2831306,0.2020858000000001,0.04,0.04745851546623205,0.04888516,0.02,0.012402564499218338,0.002427627,0.03,0.026378480821505904,0.00582728,0.01,0.01255384594834535,0.0065509409999999
78d8962b6846ccf5,jacobi-2d,jacobi-2d,lv2:__PARA__L0-1.__PARA__L1-2.__PARA__L2-11.__PARA__L3-8.__PARA__L4-8.__PIPE__L0-off.__PIPE__L1-NA.__PIPE__L2-NA.__TILE__L0-40.__TILE__L1-1.__TILE__L2-1,target,query,query,finetune_dataset,data_827.pt,4434121.0,stage5e_dmw_afrc,2,50,hmoe_support_paired_seed2,0.58664,0.5986784,0.0120384,0.05,0.056893002893130866,0.0467743699999999,0.02,0.025753483589971628,0.0111529639999999,0.05,0.07595445618289957,0.02705641,0.01,0.005267757372218075,0.001184795
4fbac33f3dde480f,jacobi-2d,jacobi-2d,lv2:__PARA__L0-1.__PARA__L1-1.__PARA__L2-1.__PARA__L3-1.__PARA__L4-16.__PIPE__L0-off.__PIPE__L1-off.__PIPE__L2-off.__TILE__L0-1.__TILE__L1-1.__TILE__L2-1,target,query,query,finetune_dataset,data_667.pt,1169604.0,stage5e_dmw_afrc,2,50,hmoe_support_paired_seed2,1.547954,1.6781929,0.1302388999999999,0.07,0.04378048607780055,0.027057983,0.02,0.017608323150964292,0.0187416863,0.04,0.007112702633463545,0.030032941,0.03,0.027436821146792374,0.0003013749999999
76c2b8937705e036,jacobi-2d,jacobi-2d,lv2:__PARA__L0-1.__PARA__L1-4.__PARA__L2-1.__PARA__L3-8.__PARA__L4-8.__PIPE__L0-off.__PIPE__L1-NA.__PIPE__L2-off.__TILE__L0-1.__TILE__L1-1.__TILE__L2-1,target,query,query,finetune_dataset,data_888.pt,2242884.0,stage5e_dmw_afrc,2,50,hmoe_support_paired_seed2,1.0782865,1.2377841,0.1594976000000001,0.04,0.06574288062293283,0.019019357,0.02,0.03258599703223215,0.018517624,0.03,0.041303018279062936,0.00723553,0.01,0.0013558457873644515,0.01571076
e6344a3116b3c498,jacobi-2d,jacobi-2d,lv2:__PARA__L0-1.__PARA__L1-11.__PARA__L2-2.__PARA__L3-8.__PARA__L4-1.__PIPE__L0-off.__PIPE__L1-NA.__PIPE__L2-flatten.__TILE__L0-1.__TILE__L1-8.__TILE__L2-8,target,query,query,finetune_dataset,data_802.pt,4315441.0,stage5e_dmw_afrc,2,50,hmoe_support_paired_seed2,0.60621005,0.6447047,0.03849465,0.88,0.9015792992987244,0.00773,0.39,0.3927871823424005,0.01491945,0.79,0.8589448863590903,0.0787966999999999,0.01,0.010861010561120526,0.0161945943
ef0195bb1522a6e1,jacobi-2d,jacobi-2d,lv2:__PARA__L0-1.__PARA__L1-1.__PARA__L2-1.__PARA__L3-2.__PARA__L4-16.__PIPE__L0-off.__PIPE__L1-off.__PIPE__L2-NA.__TILE__L0-1.__TILE__L1-1.__TILE__L2-1,target,query,query,finetune_dataset,data_691.pt,732724.0,stage5e_dmw_afrc,2,50,hmoe_support_paired_seed2,1.8852931,1.6409061,0.2443869999999999,0.05,0.06129454305488585,0.037480402,0.02,0.02358950450690535,0.034944208,0.01,0.008090832829227144,0.001779894,0.07,0.03222916058910018,0.049098873
167d65bad6feeeff,jacobi-2d,jacobi-2d,lv2:__PARA__L0-1.__PARA__L1-1.__PARA__L2-1.__PARA__L3-8.__PARA__L4-16.__PIPE__L0-off.__PIPE__L1-off.__PIPE__L2-off.__TILE__L0-1.__TILE__L1-1.__TILE__L2-1,target,query,query,finetune_dataset,data_713.pt,448204.0,stage5e_dmw_afrc,2,50,hmoe_support_paired_seed2,2.2398503,2.2516475,0.0117971999999997,0.05,0.05643326346261893,0.0059895929999999,0.01,0.013049466065540817,0.007238934,0.01,0.009466604240607145,0.00180299,0.03,0.023604693158847615,0.0035337969999999
ce3f95c322d7a06b,jacobi-2d,jacobi-2d,lv2:__PARA__L0-1.__PARA__L1-1.__PARA__L2-11.__PARA__L3-8.__PARA__L4-8.__PIPE__L0-off.__PIPE__L1-off.__PIPE__L2-NA.__TILE__L0-1.__TILE__L1-88.__TILE__L2-8,target,query,query,finetune_dataset,data_731.pt,2285444.0,stage5e_dmw_afrc,2,50,hmoe_support_paired_seed2,1.0647268,1.0275521,0.0371747,0.04,0.005031947871140266,0.0118655479999999,0.01,0.0008065495229137732,0.0009168589999999,0.03,0.019643564973761452,0.0133316199999999,0.02,0.015199153591415734,0.0058440799999999
005086396bfb0fbc,jacobi-2d,jacobi-2d,lv2:__PARA__L0-1.__PARA__L1-1.__PARA__L2-1.__PARA__L3-8.__PARA__L4-32.__PIPE__L0-off.__PIPE__L1-off.__PIPE__L2-NA.__TILE__L0-1.__TILE__L1-1.__TILE__L2-1,target,query,query,finetune_dataset,data_716.pt,2350244.0,stage5e_dmw_afrc,2,50,hmoe_support_paired_seed2,1.0445588,1.0864755,0.0419167,0.19,0.16117937369990704,0.00663308,0.03,0.024946180489420954,0.009791999,0.03,0.027802594206717414,0.0044271639999999,0.1,0.07603720293756197,0.01310932
ef94c8dd19f71d10,jacobi-2d,jacobi-2d,lv2:__PARA__L0-1.__PARA__L1-4.__PARA__L2-11.__PARA__L3-8.__PARA__L4-8.__PIPE__L0-off.__PIPE__L1-NA.__PIPE__L2-off.__TILE__L0-1.__TILE__L1-1.__TILE__L2-1,target,query,query,finetune_dataset,data_893.pt,4442681.0,stage5e_dmw_afrc,2,50,hmoe_support_paired_seed2,0.58524877,0.22658986,0.3586589099999999,0.05,0.10996206219504359,0.02225528,0.02,0.07011546310968944,0.044017266,0.05,0.1276786245238585,0.000852633,0.01,-0.01664593807283291,0.044567386
0b27ce5d3d4a3882,jacobi-2d,jacobi-2d,lv2:__PARA__L0-1.__PARA__L1-1.__PARA__L2-1.__PARA__L3-11.__PARA__L4-16.__PIPE__L0-off.__PIPE__L1-off.__PIPE__L2-off.__TILE__L0-1.__TILE__L1-1.__TILE__L2-1,target,query,query,finetune_dataset,data_683.pt,416404.0,stage5e_dmw_afrc,2,50,hmoe_support_paired_seed2,2.292936,2.247567,0.0453689999999999,0.06,0.05939153114193563,5.73069999999995e-05,0.01,0.013050263678475463,0.0058450794,0.01,0.011821085998011524,0.0019275049999999,0.04,0.02507581616602926,0.0056868129999999
21399e160a46d421,jacobi-2d,jacobi-2d,lv2:__PARA__L0-1.__PARA__L1-1.__PARA__L2-2.__PARA__L3-11.__PARA__L4-1.__PIPE__L0-off.__PIPE__L1-off.__PIPE__L2-flatten.__TILE__L0-1.__TILE__L1-8.__TILE__L2-8,target,query,query,finetune_dataset,data_744.pt,4088281.0,stage5e_dmw_afrc,2,50,hmoe_support_paired_seed2,0.6452169,0.4997164,0.1455004999999999,0.9,0.8675286177030602,0.0177585,0.4,0.35921748765067796,0.02874892,0.8,0.8146694006579557,0.0487722999999999,0.04,0.04626322217397657,0.01704758
c9ac54eac1913a6b,jacobi-2d,jacobi-2d,lv2:__PARA__L0-1.__PARA__L1-2.__PARA__L2-1.__PARA__L3-8.__PARA__L4-8.__PIPE__L0-off.__PIPE__L1-off.__PIPE__L2-off.__TILE__L0-1.__TILE__L1-1.__TILE__L2-8,target,query,query,finetune_dataset,data_821.pt,4206441.0,stage5e_dmw_afrc,2,50,hmoe_support_paired_seed2,0.624664,0.4136191,0.2110448999999999,0.05,0.07687255477994294,0.0348992199999999,0.02,0.008151522309653948,0.011477042,0.05,0.051804773009857225,0.0048226829999999,0.0,-0.025551888047690655,0.028260019
8f57bbdd423a8183,jacobi-2d,jacobi-2d,lv2:__PARA__L0-1.__PARA__L1-1.__PARA__L2-1.__PARA__L3-8.__PARA__L4-16.__PIPE__L0-off.__PIPE__L1-off.__PIPE__L2-NA.__TILE__L0-1.__TILE__L1-1.__TILE__L2-1,target,query,query,finetune_dataset,data_712.pt,616564.0,stage5e_dmw_afrc,2,50,hmoe_support_paired_seed2,2.0098028,1.7532547,0.2565481,0.07,0.06347455688582943,0.056890435,0.03,0.022501550150194137,0.041239398,0.03,0.013588280556009505,0.021836727,0.07,0.03040241098028538,0.046836102
471502d68fa5fd23,jacobi-2d,jacobi-2d,lv2:__PARA__L0-1.__PARA__L1-1.__PARA__L2-1.__PARA__L3-2.__PARA__L4-32.__PIPE__L0-off.__PIPE__L1-off.__PIPE__L2-NA.__TILE__L0-1.__TILE__L1-1.__TILE__L2-1,target,query,query,finetune_dataset,data_695.pt,2466404.0,stage5e_dmw_afrc,2,50,hmoe_support_paired_seed2,1.0097594,0.9750361,0.0347233000000001,0.16,0.1410166682378934,0.0114251999999999,0.02,0.02349779798729272,0.006584395,0.01,0.022050969924542394,0.016491672,0.1,0.08179181144811842,0.01622098
53465b974b67d248,jacobi-2d,jacobi-2d,lv2:__PARA__L0-1.__PARA__L1-2.__PARA__L2-88.__PARA__L3-8.__PARA__L4-8.__PIPE__L0-off.__PIPE__L1-NA.__PIPE__L2-off.__TILE__L0-1.__TILE__L1-1.__TILE__L2-1,target,query,query,finetune_dataset,data_874.pt,4361601.0,stage5e_dmw_afrc,2,50,hmoe_support_paired_seed2,0.5985351,0.5545068,0.0440283,2.0,1.9708496496370276,0.0631346999999999,0.93,0.9496330224890188,0.1064592999999999,2.08,2.072575138364589,0.0689174000000001,0.0,0.018989553803468465,0.037554875
ad7cd3eac43c0a10,jacobi-2d,jacobi-2d,lv2:__PARA__L0-1.__PARA__L1-4.__PARA__L2-1.__PARA__L3-1.__PARA__L4-4.__PIPE__L0-off.__PIPE__L1-flatten.__PIPE__L2-NA.__TILE__L0-1.__TILE__L1-8.__TILE__L2-8,target,query,query,finetune_dataset,data_887.pt,4193761.0,stage5e_dmw_afrc,2,50,hmoe_support_paired_seed2,0.6268417,0.7190193,0.0921776,1.46,1.4965517007358402,0.3206820000000001,0.65,0.7358191246018531,0.3055031,1.3,1.5098192351671638,0.2459248,0.0,-0.025713851920766417,0.04873057
f849a18ab6a5f95b,jacobi-2d,jacobi-2d,lv2:__PARA__L0-1.__PARA__L1-1.__PARA__L2-4.__PARA__L3-8.__PARA__L4-8.__PIPE__L0-off.__PIPE__L1-off.__PIPE__L2-off.__TILE__L0-1.__TILE__L1-88.__TILE__L2-1,target,query,query,finetune_dataset,data_779.pt,2242884.0,stage5e_dmw_afrc,2,50,hmoe_support_paired_seed2,1.0782865,1.0049529,0.0733336,0.04,-0.011138556954129958,0.056241282,0.02,-0.006056797588213389,0.029475324,0.03,0.01748896613468454,0.0079779609999999,0.01,0.006971243245201054,0.005946073
95c506e82fde4a62,jacobi-2d,jacobi-2d,lv2:__PARA__L0-1.__PARA__L1-1.__PARA__L2-8.__PARA__L3-8.__PARA__L4-8.__PIPE__L0-off.__PIPE__L1-off.__PIPE__L2-NA.__TILE__L0-40.__TILE__L1-1.__TILE__L2-1,target,query,query,finetune_dataset,data_782.pt,2266604.0,stage5e_dmw_afrc,2,50,hmoe_support_paired_seed2,1.0706979,0.8988913,0.1718066000000001,0.04,0.022828245365507628,0.011100718,0.01,0.01108072489205758,0.004137466,0.03,0.03423564898536643,0.0039433829999999,0.02,0.009931121327578084,0.010912812
1532672d0a5db819,gemver-medium,gemver-medium,lv2:__PARA__L0-1.__PARA__L1-1.__PARA__L2-1.__PARA__L3-1.__PARA__L4-1.__PARA__L5-2.__PARA__L6-4.__PIPE__L0-off.__PIPE__L1-off.__PIPE__L3-off.__TILE__L0-1.__TILE__L1-1.__TILE__L3-1,target,query,query,finetune_dataset,data_536.pt,837613.0,stage5e_dmw_afrc,2,50,hmoe_support_paired_seed2,1.7887862,1.8004841378271226,0.0533271999999998,0.02,0.020922415639629592,0.018047403,0.01,0.016120541768453418,0.008139899,0.0,0.005335778,0.005335778,0.12,0.13971573872176393,0.00646286
ffd817ca2f130960,gemver-medium,gemver-medium,lv2:__PARA__L0-1.__PARA__L1-1.__PARA__L2-1.__PARA__L3-1.__PARA__L4-1.__PARA__L5-1.__PARA__L6-64.__PIPE__L0-off.__PIPE__L1-flatten.__PIPE__L3-off.__TILE__L0-1.__TILE__L1-1.__TILE__L3-8,target,query,query,finetune_dataset,data_480.pt,327769.0,stage5e_dmw_afrc,2,50,hmoe_support_paired_seed2,2.4655883,2.523363348212874,0.0920320000000001,0.65,0.7130368166320502,0.0488719699999999,0.33,0.41700008544583195,0.085279,0.68,0.76017463,0.0801746299999999,0.36,0.30802453612163794,0.0207961399999999
9eefe9932bd3de70,gemver-medium,gemver-medium,lv2:__PARA__L0-1.__PARA__L1-1.__PARA__L2-1.__PARA__L3-1.__PARA__L4-1.__PARA__L5-10.__PARA__L6-5.__PIPE__L0-off.__PIPE__L1-off.__PIPE__L3-off.__TILE__L0-1.__TILE__L1-1.__TILE__L3-1,target,query,query,finetune_dataset,data_502.pt,482961.0,stage5e_dmw_afrc,2,50,hmoe_support_paired_seed2,2.1859748,2.163854091200237,0.0280567999999998,0.04,0.03725745137540552,0.0083079849999999,0.01,0.006384678347201363,0.005055169,0.0,0.0039277375,0.0039277375,0.05,0.1561843718866618,0.07820965
5f6a5ea1f48bc17a,gemver-medium,gemver-medium,lv2:__PARA__L0-1.__PARA__L1-1.__PARA__L2-1.__PARA__L3-1.__PARA__L4-1.__PARA__L5-1.__PARA__L6-8.__PIPE__L0-off.__PIPE__L1-off.__PIPE__L3-NA.__TILE__L0-1.__TILE__L1-1.__TILE__L3-1,target,query,query,finetune_dataset,data_485.pt,1129366.0,stage5e_dmw_afrc,2,50,hmoe_support_paired_seed2,1.5732075,1.588188637110668,0.0135163999999998,0.03,0.02622015027173721,0.0101134199999999,0.01,0.02042157116702918,0.0123337109999999,0.01,0.03380096,0.0238009599999999,0.12,0.1160481357249623,0.019055794
210c2d0f18751123,gemver-medium,gemver-medium,lv2:__PARA__L0-1.__PARA__L1-1.__PARA__L2-1.__PARA__L3-1.__PARA__L4-1.__PARA__L5-8.__PARA__L6-64.__PIPE__L0-off.__PIPE__L1-off.__PIPE__L3-off.__TILE__L0-1.__TILE__L1-1.__TILE__L3-1,target,query,query,finetune_dataset,data_632.pt,404811.0,stage5e_dmw_afrc,2,50,hmoe_support_paired_seed2,2.313304,2.378206977547962,0.0972702,0.08,0.10453664295235043,0.031516684,0.04,0.046856305451586616,0.0028404799999999,0.04,0.009856582,0.030143418,0.06,0.2767342647842468,0.22539994
de0ebad02754366d,gemver-medium,gemver-medium,lv2:__PARA__L0-1.__PARA__L1-1.__PARA__L2-1.__PARA__L3-1.__PARA__L4-1.__PARA__L5-1.__PARA__L6-20.__PIPE__L0-flatten.__PIPE__L1-off.__PIPE__L3-NA.__TILE__L0-1.__TILE__L1-1.__TILE__L3-1,target,query,query,finetune_dataset,data_451.pt,901361.0,stage5e_dmw_afrc,2,50,hmoe_support_paired_seed2,1.7358756,1.7049490525939,0.0065602999999998,0.68,0.686017417137019,0.00014894,0.43,0.41773668752878207,0.0276309,1.3,1.3051142,0.0051141999999999,0.24,0.23480965100729984,0.0137445099999999
f43b6a1af215f841,gemver-medium,gemver-medium,lv2:__PARA__L0-2.__PARA__L1-1.__PARA__L2-1.__PARA__L3-1.__PARA__L4-1.__PARA__L5-1.__PARA__L6-1.__PIPE__L0-flatten.__PIPE__L1-off.__PIPE__L3-off.__TILE__L0-1.__TILE__L1-1.__TILE__L3-1,target,query,query,finetune_dataset,data_654.pt,1657373.0,stage5e_dmw_afrc,2,50,hmoe_support_paired_seed2,1.2965149,1.3753039160577916,0.1698158999999999,1.27,1.0404027244880671,0.1553728999999999,0.79,0.6387493263232663,0.10164706,2.57,2.003304,0.5666959999999999,0.43,0.2682665509181912,0.1566151
89ce2637f250dbdc,gemver-medium,gemver-medium,lv2:__PARA__L0-1.__PARA__L1-1.__PARA__L2-1.__PARA__L3-1.__PARA__L4-1.__PARA__L5-2.__PARA__L6-16.__PIPE__L0-off.__PIPE__L1-off.__PIPE__L3-NA.__TILE__L0-1.__TILE__L1-1.__TILE__L3-1,target,query,query,finetune_dataset,data_517.pt,683117.0,stage5e_dmw_afrc,2,50,hmoe_support_paired_seed2,1.9358617,1.9346625840617124,0.0231292999999999,0.04,0.027847795582104214,0.003366657,0.02,0.014662160497871668,0.005480726,0.01,0.008296788,0.001703212,0.12,0.14362910084430894,0.01296853
f5222419a61dc3ae,gemver-medium,gemver-medium,lv2:__PARA__L0-1.__PARA__L1-1.__PARA__L2-1.__PARA__L3-1.__PARA__L4-1.__PARA__L5-1.__PARA__L6-1.__PIPE__L0-off.__PIPE__L1-off.__PIPE__L3-off.__TILE__L0-1.__TILE__L1-1.__TILE__L3-1,target,query,query,finetune_dataset,data_435.pt,1826012.0,stage5e_dmw_afrc,2,50,hmoe_support_paired_seed2,1.2266159,1.2703027329473031,0.0626221,0.02,0.01757762428822067,0.027411144,0.01,0.03153344627351859,0.02853807,0.0,0.06062767,0.06062767,0.12,0.14403753863443203,0.0246897799999999
1c52d579ac75be4f,gemver-medium,gemver-medium,lv2:__PARA__L0-1.__PARA__L1-1.__PARA__L2-1.__PARA__L3-1.__PARA__L4-1.__PARA__L5-2.__PARA__L6-2.__PIPE__L0-flatten.__PIPE__L1-off.__PIPE__L3-off.__TILE__L0-1.__TILE__L1-1.__TILE__L3-1,target,query,query,finetune_dataset,data_520.pt,869573.0,stage5e_dmw_afrc,2,50,hmoe_support_paired_seed2,1.7617745,1.6918704448356847,0.0229236999999999,0.67,0.678557699363306,0.0271882599999999,0.42,0.4079243977415635,0.00096728,1.28,1.3054765,0.0254764999999999,0.24,0.24619957183383395,0.00568234
09d1e6e62ac85248,gemver-medium,gemver-medium,lv2:__PARA__L0-1.__PARA__L1-1.__PARA__L2-1.__PARA__L3-1.__PARA__L4-1.__PARA__L5-8.__PARA__L6-2.__PIPE__L0-off.__PIPE__L1-off.__PIPE__L3-NA.__TILE__L0-1.__TILE__L1-1.__TILE__L3-1,target,query,query,finetune_dataset,data_620.pt,740462.0,stage5e_dmw_afrc,2,50,hmoe_support_paired_seed2,1.8777152,1.912000087131997,0.045525,0.03,0.04813506712273357,0.031978012,0.01,0.011153240901835742,0.0061203039,0.0,0.009769648,0.009769648,0.29,0.24273280502192066,0.0523269699999999
c4c3345a7057f3e3,gemver-medium,gemver-medium,lv2:__PARA__L0-1.__PARA__L1-1.__PARA__L2-1.__PARA__L3-1.__PARA__L4-1.__PARA__L5-4.__PARA__L6-5.__PIPE__L0-off.__PIPE__L1-off.__PIPE__L3-off.__TILE__L0-1.__TILE__L1-1.__TILE__L3-1,target,query,query,finetune_dataset,data_585.pt,601213.0,stage5e_dmw_afrc,2,50,hmoe_support_paired_seed2,2.02799,2.0306274507055497,0.0084720000000002,0.03,0.023594990636278932,0.0004938849999999,0.01,0.013300753639958609,0.0051306389999999,0.0,0.0031977594,0.0031977594,0.18,0.19451028726767858,0.00347985
31c578a0b82fae90,gemver-medium,gemver-medium,lv2:__PARA__L0-1.__PARA__L1-1.__PARA__L2-1.__PARA__L3-1.__PARA__L4-1.__PARA__L5-5.__PARA__L6-1.__PIPE__L0-off.__PIPE__L1-off.__PIPE__L3-off.__TILE__L0-1.__TILE__L1-1.__TILE__L3-1,target,query,query,finetune_dataset,data_593.pt,1194764.0,stage5e_dmw_afrc,2,50,hmoe_support_paired_seed2,1.5326012,1.6054904031271224,0.0461704999999998,0.03,0.02823908115089531,0.0126664049999999,0.01,0.016784648451343552,0.003452023,0.0,0.011457831,0.011457831,0.3,0.21060097354333365,0.0803306399999999
243cd02cdb26e76f,gemver-medium,gemver-medium,lv2:__PARA__L0-1.__PARA__L1-1.__PARA__L2-1.__PARA__L3-1.__PARA__L4-1.__PARA__L5-8.__PARA__L6-400.__PIPE__L0-off.__PIPE__L1-off.__PIPE__L3-off.__TILE__L0-1.__TILE__L1-1.__TILE__L3-1,target,query,query,finetune_dataset,data_629.pt,345652.0,stage5e_dmw_afrc,2,50,hmoe_support_paired_seed2,2.427268,2.391222411018717,0.0036726000000002,0.32,0.2803063046065845,0.04966322,0.11,0.26210280631678473,0.17870568,0.02,0.47783116,0.4578311599999999,0.8,0.374506641071998,0.44435738
9b76b16299db4740,gemver-medium,gemver-medium,lv2:__PARA__L0-1.__PARA__L1-1.__PARA__L2-1.__PARA__L3-1.__PARA__L4-1.__PARA__L5-1.__PARA__L6-1.__PIPE__L0-flatten.__PIPE__L1-flatten.__PIPE__L3-off.__TILE__L0-1.__TILE__L1-8.__TILE__L3-1,target,query,query,finetune_dataset,data_426.pt,889619.0,stage5e_dmw_afrc,2,50,hmoe_support_paired_seed2,1.7453343,1.8332144554733736,0.0499435000000001,3.3,1.2485795974290705,2.0634567,2.1,0.7146845844378898,1.4165402400000002,6.9,1.812582,5.087418,0.3,0.06663028593520869,0.2649015799999999
4ad5995a833d2439,gemver-medium,gemver-medium,lv2:__PARA__L0-1.__PARA__L1-1.__PARA__L2-1.__PARA__L3-1.__PARA__L4-1.__PARA__L5-1.__PARA__L6-25.__PIPE__L0-off.__PIPE__L1-off.__PIPE__L3-off.__TILE__L0-1.__TILE__L1-1.__TILE__L3-1,target,query,query,finetune_dataset,data_460.pt,1070012.0,stage5e_dmw_afrc,2,50,hmoe_support_paired_seed2,1.6121505,1.6151228767320898,0.0411988999999999,0.04,0.02809802814614005,0.0112262299999999,0.02,0.03260302581504255,0.0234239199999999,0.01,0.0390698,0.0290698,0.18,0.11033834285289323,0.07981355
1e9c97bfbccfa9fa,gemver-medium,gemver-medium,lv2:__PARA__L0-1.__PARA__L1-1.__PARA__L2-1.__PARA__L3-1.__PARA__L4-1.__PARA__L5-10.__PARA__L6-8.__PIPE__L0-off.__PIPE__L1-off.__PIPE__L3-NA.__TILE__L0-1.__TILE__L1-1.__TILE__L3-1,target,query,query,finetune_dataset,data_504.pt,419517.0,stage5e_dmw_afrc,2,50,hmoe_support_paired_seed2,2.2875636,2.272329459665989,0.0296053999999998,0.04,0.03707131879189664,0.00368745,0.02,0.001017710538795508,0.026877268,0.01,0.0011514723,0.0088485277,0.05,0.19742060608058573,0.11948576
9223f67909b2b538,gemver-medium,gemver-medium,lv2:__PARA__L0-1.__PARA__L1-1.__PARA__L2-1.__PARA__L3-1.__PARA__L4-1.__PARA__L5-10.__PARA__L6-20.__PIPE__L0-off.__PIPE__L1-off.__PIPE__L3-NA.__TILE__L0-1.__TILE__L1-1.__TILE__L3-1,target,query,query,finetune_dataset,data_494.pt,359217.0,stage5e_dmw_afrc,2,50,hmoe_support_paired_seed2,2.3995004,2.3621253319308,0.0276201,0.08,0.05157283038333411,0.0266286,0.03,0.006293871571912077,0.0315398317,0.02,0.007924169,0.012075831,0.05,0.187296560872885,0.11638564
c6b077cf4b447681,gemver-medium,gemver-medium,lv2:__PARA__L0-1.__PARA__L1-1.__PARA__L2-1.__PARA__L3-1.__PARA__L4-1.__PARA__L5-1.__PARA__L6-10.__PIPE__L0-off.__PIPE__L1-off.__PIPE__L3-NA.__TILE__L0-1.__TILE__L1-1.__TILE__L3-1,target,query,query,finetune_dataset,data_439.pt,1110870.0,stage5e_dmw_afrc,2,50,hmoe_support_paired_seed2,1.585119,1.6000437851367237,0.0177822,0.03,0.028265929233206467,0.01212019,0.01,0.020214065881108297,0.012414565,0.01,0.033969194,0.023969194,0.12,0.12804718996860015,0.0001989699999999
088c49f7f49c80eb,gemver-medium,gemver-medium,lv2:__PARA__L0-1.__PARA__L1-1.__PARA__L2-1.__PARA__L3-1.__PARA__L4-1.__PARA__L5-1.__PARA__L6-10.__PIPE__L0-flatten.__PIPE__L1-off.__PIPE__L3-NA.__TILE__L0-1.__TILE__L1-1.__TILE__L3-1,target,query,query,finetune_dataset,data_436.pt,941561.0,stage5e_dmw_afrc,2,50,hmoe_support_paired_seed2,1.7044008,1.6903240507208146,0.0155100999999999,0.67,0.6780460990484354,0.0027172,0.43,0.41402546430499854,0.0293715499999999,1.29,1.2864803,0.0035197,0.24,0.2512581849261546,0.00293967
53ac0caa0da746c6,gemver-medium,gemver-medium,lv2:__PARA__L0-1.__PARA__L1-1.__PARA__L2-1.__PARA__L3-1.__PARA__L4-1.__PARA__L5-4.__PARA__L6-25.__PIPE__L0-flatten.__PIPE__L1-off.__PIPE__L3-NA.__TILE__L0-1.__TILE__L1-1.__TILE__L3-1,target,query,query,finetune_dataset,data_570.pt,299789.0,stage5e_dmw_afrc,2,50,hmoe_support_paired_seed2,2.5299544,2.4935464850506777,0.0110456000000001,0.76,0.7174793645702151,0.0371894,0.46,0.41843921216351937,0.05306297,1.3,1.2248446,0.0751554000000001,0.43,0.38266143134905556,0.07128813
4275cd2136d7ac8c,gemver-medium,gemver-medium,lv2:__PARA__L0-1.__PARA__L1-1.__PARA__L2-1.__PARA__L3-1.__PARA__L4-1.__PARA__L5-2.__PARA__L6-25.__PIPE__L0-off.__PIPE__L1-off.__PIPE__L3-off.__TILE__L0-1.__TILE__L1-1.__TILE__L3-1,target,query,query,finetune_dataset,data_530.pt,674013.0,stage5e_dmw_afrc,2,50,hmoe_support_paired_seed2,1.9455398,1.9446534272635845,0.0680910999999999,0.04,0.028412528639367874,0.0024508749999999,0.02,0.022551577384019753,0.008999,0.01,0.010866851,0.000866851,0.18,0.09394079481626792,0.100254186
db1518b5e0f5c412,gemver-medium,gemver-medium,lv2:__PARA__L0-1.__PARA__L1-1.__PARA__L2-1.__PARA__L3-1.__PARA__L4-1.__PARA__L5-4.__PARA__L6-8.__PIPE__L0-off.__PIPE__L1-off.__PIPE__L3-NA.__TILE__L0-1.__TILE__L1-1.__TILE__L3-1,target,query,query,finetune_dataset,data_590.pt,536971.0,stage5e_dmw_afrc,2,50,hmoe_support_paired_seed2,2.109506,2.1315765651957466,0.0161305999999998,0.03,0.02982262445426855,0.0003061879999999,0.01,0.009560316172043854,0.0039694107,0.01,0.002535075,0.007464925,0.18,0.21935195347898592,0.02417526
f0f3855c9b8ec11c,gemver-medium,gemver-medium,lv2:__PARA__L0-1.__PARA__L1-1.__PARA__L2-1.__PARA__L3-1.__PARA__L4-1.__PARA__L5-1.__PARA__L6-25.__PIPE__L0-off.__PIPE__L1-flatten.__PIPE__L3-off.__TILE__L0-1.__TILE__L1-1.__TILE__L3-8,target,query,query,finetune_dataset,data_458.pt,290265.0,stage5e_dmw_afrc,2,50,hmoe_support_paired_seed2,2.5532427,2.5776075627868464,0.1177076999999999,0.62,0.6603876526672355,0.0449331,0.32,0.35425562748320016,0.0391489999999999,0.64,0.78052163,0.1405216299999999,0.3,0.2375056454132807,0.0440859699999999
9c8bd01095d1e0ca,gemver-medium,gemver-medium,lv2:__PARA__L0-1.__PARA__L1-1.__PARA__L2-1.__PARA__L3-1.__PARA__L4-1.__PARA__L5-5.__PARA__L6-8.__PIPE__L0-off.__PIPE__L1-off.__PIPE__L3-off.__TILE__L0-1.__TILE__L1-1.__TILE__L3-1,target,query,query,finetune_dataset,data_611.pt,504364.0,stage5e_dmw_afrc,2,50,hmoe_support_paired_seed2,2.1546955,2.1803619229893387,0.0485778000000003,0.03,0.017714623906663556,0.01056665,0.01,0.005068508781866207,0.0061628616,0.0,0.0016217828,0.0016217828,0.3,0.201631822612846,0.1055334699999999
0a7815b4a5090fb0,gemver-medium,gemver-medium,lv2:__PARA__L0-1.__PARA__L1-1.__PARA__L2-1.__PARA__L3-1.__PARA__L4-1.__PARA__L5-5.__PARA__L6-4.__PIPE__L0-off.__PIPE__L1-off.__PIPE__L3-NA.__TILE__L0-1.__TILE__L1-1.__TILE__L3-1,target,query,query,finetune_dataset,data_605.pt,598220.0,stage5e_dmw_afrc,2,50,hmoe_support_paired_seed2,2.03159,2.0607159341894814,0.0301637000000001,0.03,0.04189104588260628,0.019948186,0.01,0.011179175511429159,0.002580205,0.0,0.001214236,0.001214236,0.3,0.29055243673141484,0.0047994
16b1f6d7e45fe22d,gemver-medium,gemver-medium,lv2:__PARA__L0-1.__PARA__L1-1.__PARA__L2-1.__PARA__L3-1.__PARA__L4-1.__PARA__L5-2.__PARA__L6-10.__PIPE__L0-off.__PIPE__L1-off.__PIPE__L3-off.__TILE__L0-1.__TILE__L1-1.__TILE__L3-1,target,query,query,finetune_dataset,data_514.pt,720413.0,stage5e_dmw_afrc,2,50,hmoe_support_paired_seed2,1.897516,1.8887681871827902,0.0137127999999999,0.03,0.012735258316318115,0.008370696,0.01,0.009061854498577038,0.001284828,0.0,0.006871611,0.006871611,0.12,0.10934487235767273,0.02448253
fe1f6d87f4424e94,gemver-medium,gemver-medium,lv2:__PARA__L0-1.__PARA__L1-1.__PARA__L2-1.__PARA__L3-1.__PARA__L4-1.__PARA__L5-1.__PARA__L6-10.__PIPE__L0-flatten.__PIPE__L1-off.__PIPE__L3-off.__TILE__L0-1.__TILE__L1-1.__TILE__L3-1,target,query,query,finetune_dataset,data_437.pt,947503.0,stage5e_dmw_afrc,2,50,hmoe_support_paired_seed2,1.6998628,1.6526710997712588,0.041058,0.67,0.6793827929700048,0.0049949499999999,0.42,0.41516904614185096,0.0075888,1.28,1.3032678,0.0232677999999999,0.24,0.22712951130442294,0.0130644499999999
ad424b0bb7b2b1ff,gemver-medium,gemver-medium,lv2:__PARA__L0-1.__PARA__L1-1.__PARA__L2-1.__PARA__L3-1.__PARA__L4-1.__PARA__L5-1.__PARA__L6-25.__PIPE__L0-flatten.__PIPE__L1-off.__PIPE__L3-NA.__TILE__L0-1.__TILE__L1-1.__TILE__L3-1,target,query,query,finetune_dataset,data_456.pt,893321.0,stage5e_dmw_afrc,2,50,hmoe_support_paired_seed2,1.7423388,1.7301766244920067,0.0393293999999999,0.69,0.6818954657091402,0.0140812999999999,0.44,0.4167258531567659,0.03809908,1.3,1.2958553,0.0041447000000001,0.24,0.22312103002972755,0.02980573
09b442110eaabb3e,gemver-medium,gemver-medium,lv2:__PARA__L0-1.__PARA__L1-1.__PARA__L2-1.__PARA__L3-1.__PARA__L4-1.__PARA__L5-8.__PARA__L6-1.__PIPE__L0-off.__PIPE__L1-off.__PIPE__L3-flatten.__TILE__L0-1.__TILE__L1-1.__TILE__L3-1,target,query,query,finetune_dataset,data_614.pt,328863.0,stage5e_dmw_afrc,2,50,hmoe_support_paired_seed2,2.4631848,2.4271062566220545,0.0053844999999999,0.63,0.5799945702148718,0.0640941999999999,0.33,0.3142700931685821,0.04120533,1.11,0.821326,0.2886740000000001,0.8,0.5388075119594412,0.2692667000000001
f29f2562f3c80240,gemver-medium,gemver-medium,lv2:__PARA__L0-1.__PARA__L1-1.__PARA__L2-1.__PARA__L3-1.__PARA__L4-1.__PARA__L5-4.__PARA__L6-16.__PIPE__L0-off.__PIPE__L1-off.__PIPE__L3-NA.__TILE__L0-1.__TILE__L1-1.__TILE__L3-1,target,query,query,finetune_dataset,data_560.pt,486319.0,stage5e_dmw_afrc,2,50,hmoe_support_paired_seed2,2.1809766,2.19904889818854,0.0186526999999996,0.04,0.03652206736380681,0.002002546,0.02,0.012680264394364227,0.010018547,0.01,0.0033511221,0.0066488779,0.18,0.2375131499402024,0.0588852
ac49c902d4aef2ec,gemver-medium,gemver-medium,lv2:__PARA__L0-1.__PARA__L1-1.__PARA__L2-1.__PARA__L3-1.__PARA__L4-1.__PARA__L5-2.__PARA__L6-8.__PIPE__L0-off.__PIPE__L1-off.__PIPE__L3-off.__TILE__L0-1.__TILE__L1-1.__TILE__L3-1,target,query,query,finetune_dataset,data_548.pt,739613.0,stage5e_dmw_afrc,2,50,hmoe_support_paired_seed2,1.8785428,1.867116786634142,0.0048593000000001,0.03,0.010471698602628178,0.011063515,0.01,0.009382568479611261,0.000989547,0.0,0.0069969594,0.0069969594,0.12,0.09737275144988675,0.0455652
130704a61a6e6fbf,gemver-medium,gemver-medium,lv2:__PARA__L0-1.__PARA__L1-1.__PARA__L2-1.__PARA__L3-1.__PARA__L4-1.__PARA__L5-5.__PARA__L6-16.__PIPE__L0-off.__PIPE__L1-off.__PIPE__L3-off.__TILE__L0-1.__TILE__L1-1.__TILE__L3-1,target,query,query,finetune_dataset,data_597.pt,455964.0,stage5e_dmw_afrc,2,50,hmoe_support_paired_seed2,2.2274683,2.2400216433121023,0.0409770000000002,0.03,0.023747422249407135,0.0012536039999999,0.01,0.0079690313428021,0.0013589659999999,0.01,0.002568543,0.007431457,0.3,0.2222991831758338,0.0665249399999999
cdcda04bf68ce8ac,gemver-medium,gemver-medium,lv2:__PARA__L0-1.__PARA__L1-1.__PARA__L2-1.__PARA__L3-1.__PARA__L4-1.__PARA__L5-5.__PARA__L6-8.__PIPE__L0-off.__PIPE__L1-off.__PIPE__L3-NA.__TILE__L0-1.__TILE__L1-1.__TILE__L3-1,target,query,query,finetune_dataset,data_610.pt,498122.0,stage5e_dmw_afrc,2,50,hmoe_support_paired_seed2,2.1636786,2.19438244903277,0.0318654,0.03,0.029589735238440322,0.0025746809999999,0.01,0.007843060911989356,0.0064749515,0.01,0.0016256273,0.0083743727,0.3,0.24669068712573075,0.0618535799999999
500bee300eb14559,gemver-medium,gemver-medium,lv2:__PARA__L0-1.__PARA__L1-1.__PARA__L2-1.__PARA__L3-1.__PARA__L4-1.__PARA__L5-5.__PARA__L6-2.__PIPE__L0-off.__PIPE__L1-off.__PIPE__L3-off.__TILE__L0-1.__TILE__L1-1.__TILE__L3-1,target,query,query,finetune_dataset,data_599.pt,799164.0,stage5e_dmw_afrc,2,50,hmoe_support_paired_seed2,1.8226823,1.8565376016140847,0.0624000999999998,0.03,0.02831538687541469,0.01205516,0.01,0.01759439147080639,0.006492695,0.0,0.0054856837,0.0054856837,0.3,0.24259142482065446,0.0461381599999999
959902609e6a4167,gemver-medium,gemver-medium,lv2:__PARA__L0-1.__PARA__L1-1.__PARA__L2-1.__PARA__L3-1.__PARA__L4-1.__PARA__L5-10.__PARA__L6-8.__PIPE__L0-off.__PIPE__L1-off.__PIPE__L3-off.__TILE__L0-1.__TILE__L1-1.__TILE__L3-1,target,query,query,finetune_dataset,data_505.pt,425761.0,stage5e_dmw_afrc,2,50,hmoe_support_paired_seed2,2.2769063,2.2623202980363306,0.0025754,0.04,0.02767512963429647,0.006915995,0.01,-0.001985017213280086,0.0164207427,0.0,0.00094521046,0.00094521046,0.05,0.13636702362134284,0.0552708299999999
f351dcbd8a9583d8,gemver-medium,gemver-medium,lv2:__PARA__L0-1.__PARA__L1-1.__PARA__L2-1.__PARA__L3-1.__PARA__L4-1.__PARA__L5-8.__PARA__L6-5.__PIPE__L0-off.__PIPE__L1-off.__PIPE__L3-off.__TILE__L0-1.__TILE__L1-1.__TILE__L3-1,target,query,query,finetune_dataset,data_631.pt,504812.0,stage5e_dmw_afrc,2,50,hmoe_support_paired_seed2,2.1540549,2.151881221717354,0.0004829000000001,0.03,0.03404506928965114,0.0135049829999999,0.01,0.006125447654650502,0.005379299,0.0,0.0034515262,0.0034515262,0.29,0.1706972100830106,0.14553412
d01425f50d6673bc,gemver-medium,gemver-medium,lv2:__PARA__L0-1.__PARA__L1-1.__PARA__L2-1.__PARA__L3-1.__PARA__L4-1.__PARA__L5-4.__PARA__L6-4.__PIPE__L0-off.__PIPE__L1-off.__PIPE__L3-off.__TILE__L0-1.__TILE__L1-1.__TILE__L3-1,target,query,query,finetune_dataset,data_579.pt,640413.0,stage5e_dmw_afrc,2,50,hmoe_support_paired_seed2,1.9824268,2.018066381163971,0.0624084999999998,0.03,0.030758342996687133,0.012046398,0.01,0.013151402441954299,0.0043187339999999,0.0,0.0021459758,0.0021459758,0.18,0.22816895824006275,0.04967505
83ed0b793841b275,gemver-medium,gemver-medium,lv2:__PARA__L0-1.__PARA__L1-1.__PARA__L2-1.__PARA__L3-1.__PARA__L4-1.__PARA__L5-2.__PARA__L6-2.__PIPE__L0-off.__PIPE__L1-off.__PIPE__L3-off.__TILE__L0-1.__TILE__L1-1.__TILE__L3-1,target,query,query,finetune_dataset,data_522.pt,1034813.0,stage5e_dmw_afrc,2,50,hmoe_support_paired_seed2,1.636279,1.6281433557087484,0.0581731999999999,0.02,0.021744682303277512,0.02070151,0.01,0.0236529401172085,0.015489122,0.0,0.015921056,0.015921056,0.12,0.13690628960584153,0.014519
ea9580005e96c617,gemver-medium,gemver-medium,lv2:__PARA__L0-1.__PARA__L1-1.__PARA__L2-1.__PARA__L3-1.__PARA__L4-1.__PARA__L5-10.__PARA__L6-1.__PIPE__L0-off.__PIPE__L1-off.__PIPE__L3-off.__TILE__L0-1.__TILE__L1-1.__TILE__L3-1,target,query,query,finetune_dataset,data_487.pt,1116561.0,stage5e_dmw_afrc,2,50,hmoe_support_paired_seed2,1.581433,1.6295034948649838,0.0017871999999998,0.04,0.04481365173558011,0.02628546,0.01,0.009457421435521215,0.0075746572,0.0,0.018268377,0.018268377,0.05,0.12535022842028293,0.05339078
986b89097b75cf16,gemver-medium,gemver-medium,lv2:__PARA__L0-1.__PARA__L1-1.__PARA__L2-1.__PARA__L3-1.__PARA__L4-1.__PARA__L5-4.__PARA__L6-64.__PIPE__L0-flatten.__PIPE__L1-off.__PIPE__L3-off.__TILE__L0-1.__TILE__L1-1.__TILE__L3-1,target,query,query,finetune_dataset,data_586.pt,331973.0,stage5e_dmw_afrc,2,50,hmoe_support_paired_seed2,2.4563951,2.4639947671766134,0.0554057000000001,0.74,0.6973503759202793,0.039304,0.45,0.400733285958107,0.05385862,1.28,1.1923444,0.0876555999999999,0.43,0.41338278562537456,0.0109426599999999
34cdca838c32d328,gemver-medium,gemver-medium,lv2:__PARA__L0-1.__PARA__L1-1.__PARA__L2-1.__PARA__L3-1.__PARA__L4-1.__PARA__L5-10.__PARA__L6-4.__PIPE__L0-off.__PIPE__L1-off.__PIPE__L3-off.__TILE__L0-1.__TILE__L1-1.__TILE__L3-1,target,query,query,finetune_dataset,data_500.pt,523761.0,stage5e_dmw_afrc,2,50,hmoe_support_paired_seed2,2.1274738,2.1542322666990112,0.0428087999999999,0.04,0.04677174822649115,0.02314775,0.01,0.0059055938638686864,0.0059781766,0.0,0.0021221042,0.0021221042,0.05,0.1850683228884462,0.11870846
fb29053e523e2801,gemver-medium,gemver-medium,lv2:__PARA__L0-1.__PARA__L1-1.__PARA__L2-1.__PARA__L3-1.__PARA__L4-2.__PARA__L5-1.__PARA__L6-20.__PIPE__L0-off.__PIPE__L1-flatten.__PIPE__L3-off.__TILE__L0-1.__TILE__L1-1.__TILE__L3-8,target,query,query,finetune_dataset,data_640.pt,224535.0,stage5e_dmw_afrc,2,50,hmoe_support_paired_seed2,2.738458,2.5968234337877156,0.0720569000000002,0.62,0.6454093939750012,0.0284723999999999,0.31,0.32822233254061806,0.01796013,0.64,0.72237647,0.08237647,0.26,0.25733735380348194,0.0242036199999999
fbfb7dd04c50fd12,gemver-medium,gemver-medium,lv2:__PARA__L0-1.__PARA__L1-1.__PARA__L2-1.__PARA__L3-1.__PARA__L4-1.__PARA__L5-4.__PARA__L6-4.__PIPE__L0-flatten.__PIPE__L1-off.__PIPE__L3-off.__TILE__L0-1.__TILE__L1-1.__TILE__L3-1,target,query,query,finetune_dataset,data_577.pt,471973.0,stage5e_dmw_afrc,2,50,hmoe_support_paired_seed2,2.202576,2.2294114729016044,0.0194877999999998,0.73,0.690854865524124,0.0277325999999999,0.44,0.39980666179839064,0.0403562,1.28,1.1842855,0.0957144999999999,0.43,0.3974732945352459,0.04006162
c21ced4ec6c175ca,gemver-medium,gemver-medium,lv2:__PARA__L0-1.__PARA__L1-1.__PARA__L2-1.__PARA__L3-1.__PARA__L4-1.__PARA__L5-5.__PARA__L6-20.__PIPE__L0-off.__PIPE__L1-off.__PIPE__L3-off.__TILE__L0-1.__TILE__L1-1.__TILE__L3-1,target,query,query,finetune_dataset,data_601.pt,445963.0,stage5e_dmw_afrc,2,50,hmoe_support_paired_seed2,2.2434661,2.2529559842609683,0.0426967999999998,0.05,0.026836469152625882,0.0172316,0.02,0.010005545798914522,0.009011377,0.01,0.0026444793,0.0073555207,0.06,0.20344406709322171,0.14865476
2594dd922d740fe9,gemver-medium,gemver-medium,lv2:__PARA__L0-1.__PARA__L1-1.__PARA__L2-1.__PARA__L3-1.__PARA__L4-1.__PARA__L5-2.__PARA__L6-2.__PIPE__L0-off.__PIPE__L1-off.__PIPE__L3-NA.__TILE__L0-1.__TILE__L1-1.__TILE__L3-1,target,query,query,finetune_dataset,data_521.pt,1034063.0,stage5e_dmw_afrc,2,50,hmoe_support_paired_seed2,1.636802,1.641699428344685,0.0737245999999998,0.03,0.03313267848321684,0.02170843,0.01,0.02361693643500929,0.012071183,0.0,0.018253773,0.018253773,0.12,0.164832273262668,0.03847333
32dfa05f97e3183b,gemver-medium,gemver-medium,lv2:__PARA__L0-1.__PARA__L1-1.__PARA__L2-1.__PARA__L3-1.__PARA__L4-1.__PARA__L5-5.__PARA__L6-32.__PIPE__L0-off.__PIPE__L1-off.__PIPE__L3-off.__TILE__L0-1.__TILE__L1-1.__TILE__L3-1,target,query,query,finetune_dataset,data_604.pt,471563.0,stage5e_dmw_afrc,2,50,hmoe_support_paired_seed2,2.2032027,2.2377558099294106,0.0572639000000001,0.05,0.05612953089366439,0.0101023139999999,0.02,0.0221584719053669,0.0030929259999999,0.02,0.005310267,0.014689733,0.06,0.1999733868247957,0.1420031
4ea6ce68b66ec41f,gemver-medium,gemver-medium,lv2:__PARA__L0-1.__PARA__L1-1.__PARA__L2-1.__PARA__L3-1.__PARA__L4-1.__PARA__L5-4.__PARA__L6-1.__PIPE__L0-off.__PIPE__L1-NA.__PIPE__L3-flatten.__TILE__L0-1.__TILE__L1-1.__TILE__L3-1,target,query,query,finetune_dataset,data_551.pt,424321.0,stage5e_dmw_afrc,2,50,hmoe_support_paired_seed2,2.27935,2.307699933038577,0.0416286000000001,0.57,0.6301648920327412,0.0452985,0.4,0.37224797687484545,0.04927757,1.11,0.8773556,0.2326444,0.43,0.6657614282237345,0.2933228
dba56bf59fef0447,gemver-medium,gemver-medium,lv2:__PARA__L0-1.__PARA__L1-1.__PARA__L2-1.__PARA__L3-1.__PARA__L4-1.__PARA__L5-5.__PARA__L6-5.__PIPE__L0-off.__PIPE__L1-off.__PIPE__L3-NA.__TILE__L0-1.__TILE__L1-1.__TILE__L3-1,target,query,query,finetune_dataset,data_607.pt,558020.0,stage5e_dmw_afrc,2,50,hmoe_support_paired_seed2,2.0817697,2.094951983782745,0.0027594999999998,0.03,0.03684875588432491,0.011203707,0.01,0.013013301788531512,0.000299891,0.0,0.0022744834,0.0022744834,0.3,0.26632766373609745,0.03845282
5ece08fb01c7b911,gemver-medium,gemver-medium,lv2:__PARA__L0-1.__PARA__L1-1.__PARA__L2-1.__PARA__L3-1.__PARA__L4-1.__PARA__L5-4.__PARA__L6-25.__PIPE__L0-off.__PIPE__L1-off.__PIPE__L3-off.__TILE__L0-1.__TILE__L1-1.__TILE__L3-1,target,query,query,finetune_dataset,data_573.pt,477213.0,stage5e_dmw_afrc,2,50,hmoe_support_paired_seed2,2.1946113,2.2068477771345165,0.0465081,0.05,0.03809857291336484,0.003101546,0.02,0.01950518454715295,0.003380607,0.01,0.005089134,0.004910866,0.29,0.15929609855075721,0.1398059699999999
7fd996d84f497a6b,gemver-medium,gemver-medium,lv2:__PARA__L0-1.__PARA__L1-1.__PARA__L2-1.__PARA__L3-1.__PARA__L4-1.__PARA__L5-4.__PARA__L6-5.__PIPE__L0-flatten.__PIPE__L1-off.__PIPE__L3-NA.__TILE__L0-1.__TILE__L1-1.__TILE__L3-1,target,query,query,finetune_dataset,data_582.pt,428429.0,stage5e_dmw_afrc,2,50,hmoe_support_paired_seed2,2.2724001,2.2397730720816607,0.0927445000000002,0.74,0.6869228650398198,0.0532797499999999,0.45,0.40791702876070307,0.0500081,1.28,1.181582,0.0984180000000001,0.43,0.4391647105762296,0.0013112
b93670f05cc551b5,gemver-medium,gemver-medium,lv2:__PARA__L0-1.__PARA__L1-1.__PARA__L2-1.__PARA__L3-1.__PARA__L4-1.__PARA__L5-4.__PARA__L6-32.__PIPE__L0-off.__PIPE__L1-off.__PIPE__L3-off.__TILE__L0-1.__TILE__L1-1.__TILE__L3-1,target,query,query,finetune_dataset,data_575.pt,510413.0,stage5e_dmw_afrc,2,50,hmoe_support_paired_seed2,2.1460955,2.1747005573829417,0.0419715000000002,0.05,0.05515464663380143,0.00968401,0.02,0.024315530205204914,0.006215345,0.02,0.0056871176,0.0143128824,0.29,0.17884400654014107,0.1135769699999999
cec947423f44b08f,gemver-medium,gemver-medium,lv2:__PARA__L0-1.__PARA__L1-1.__PARA__L2-1.__PARA__L3-1.__PARA__L4-1.__PARA__L5-2.__PARA__L6-16.__PIPE__L0-off.__PIPE__L1-off.__PIPE__L3-off.__TILE__L0-1.__TILE__L1-1.__TILE__L3-1,target,query,query,finetune_dataset,data_518.pt,691613.0,stage5e_dmw_afrc,2,50,hmoe_support_paired_seed2,1.9269456,1.9018984079274235,0.0006253,0.03,0.017074231137650716,0.0023547399999999,0.01,0.012347149462073036,0.00647672,0.01,0.00752306,0.00247694,0.12,0.11008866717313569,0.0183166699999999
f01dce4946b7b7b7,gemver-medium,gemver-medium,lv2:__PARA__L0-1.__PARA__L1-1.__PARA__L2-1.__PARA__L3-1.__PARA__L4-1.__PARA__L5-2.__PARA__L6-5.__PIPE__L0-off.__PIPE__L1-off.__PIPE__L3-off.__TILE__L0-1.__TILE__L1-1.__TILE__L3-1,target,query,query,finetune_dataset,data_542.pt,798013.0,stage5e_dmw_afrc,2,50,hmoe_support_paired_seed2,1.823722,1.8108348625632336,0.0050627999999999,0.03,0.014242925404868783,0.0029571639999999,0.01,0.016284994767434616,0.0091929339999999,0.0,0.0075347126,0.0075347126,0.12,0.11022455399117227,0.0345910139999999
1173dc7929c37fc6,gemver-medium,gemver-medium,lv2:__PARA__L0-1.__PARA__L1-1.__PARA__L2-1.__PARA__L3-1.__PARA__L4-1.__PARA__L5-2.__PARA__L6-4.__PIPE__L0-flatten.__PIPE__L1-off.__PIPE__L3-NA.__TILE__L0-1.__TILE__L1-1.__TILE__L3-1,target,query,query,finetune_dataset,data_533.pt,666231.0,stage5e_dmw_afrc,2,50,hmoe_support_paired_seed2,1.9539169,1.9219708140705696,0.050491,0.68,0.6737856004924113,0.0105185,0.42,0.38909018939395584,0.0434090999999999,1.28,1.1853133,0.0946867,0.24,0.30401188797921497,0.04643045
7f3a6a68a52a7805,gemver-medium,gemver-medium,lv2:__PARA__L0-1.__PARA__L1-1.__PARA__L2-1.__PARA__L3-1.__PARA__L4-1.__PARA__L5-10.__PARA__L6-16.__PIPE__L0-off.__PIPE__L1-off.__PIPE__L3-off.__TILE__L0-1.__TILE__L1-1.__TILE__L3-1,target,query,query,finetune_dataset,data_491.pt,377761.0,stage5e_dmw_afrc,2,50,hmoe_support_paired_seed2,2.3631911,2.3319508060665033,0.0108331999999999,0.04,0.03689737111079812,0.006302766,0.02,0.00011454984038865063,0.0227584168,0.01,0.0052658617,0.0047341383,0.05,0.15568019217308599,0.0923735499999999
3fe4d0313cca2a9b,gemver-medium,gemver-medium,lv2:__PARA__L0-1.__PARA__L1-1.__PARA__L2-1.__PARA__L3-1.__PARA__L4-2.__PARA__L5-1.__PARA__L6-8.__PIPE__L0-off.__PIPE__L1-flatten.__PIPE__L3-off.__TILE__L0-1.__TILE__L1-1.__TILE__L3-8,target,query,query,finetune_dataset,data_648.pt,310035.0,stage5e_dmw_afrc,2,50,hmoe_support_paired_seed2,2.5057125,2.5369316800953783,0.0879444999999998,0.61,0.6114031411272167,0.0011189,0.31,0.28563392278456,0.0364746,0.64,0.6320716,0.0079284,0.18,0.2150419596907537,0.04185948
47393fa60a317c60,gemver-medium,gemver-medium,lv2:__PARA__L0-1.__PARA__L1-1.__PARA__L2-1.__PARA__L3-1.__PARA__L4-1.__PARA__L5-1.__PARA__L6-5.__PIPE__L0-off.__PIPE__L1-off.__PIPE__L3-NA.__TILE__L0-1.__TILE__L1-1.__TILE__L3-1,target,query,query,finetune_dataset,data_476.pt,1190868.0,stage5e_dmw_afrc,2,50,hmoe_support_paired_seed2,1.5349573,1.570894867681173,0.0486522999999998,0.03,0.030946171445914362,0.020801724,0.01,0.02521586124787617,0.017478486,0.0,0.03224072,0.03224072,0.12,0.12644178541481038,0.0071162399999999
aaa173e09b080b95,gemver-medium,gemver-medium,lv2:__PARA__L0-1.__PARA__L1-1.__PARA__L2-1.__PARA__L3-1.__PARA__L4-1.__PARA__L5-4.__PARA__L6-20.__PIPE__L0-off.__PIPE__L1-off.__PIPE__L3-NA.__TILE__L0-1.__TILE__L1-1.__TILE__L3-1,target,query,query,finetune_dataset,data_568.pt,476669.0,stage5e_dmw_afrc,2,50,hmoe_support_paired_seed2,2.195434,2.2128154460837686,0.0245223999999999,0.06,0.040854564624876404,0.0162052799999999,0.02,0.01613073996047102,0.006257523,0.01,0.003754884,0.006245116,0.29,0.21949172477407097,0.0734215299999999
42bcdb5ed3fa6924,gemver-medium,gemver-medium,lv2:__PARA__L0-1.__PARA__L1-1.__PARA__L2-1.__PARA__L3-1.__PARA__L4-1.__PARA__L5-10.__PARA__L6-10.__PIPE__L0-off.__PIPE__L1-off.__PIPE__L3-NA.__TILE__L0-1.__TILE__L1-1.__TILE__L3-1,target,query,query,finetune_dataset,data_488.pt,399417.0,stage5e_dmw_afrc,2,50,hmoe_support_paired_seed2,2.3229802,2.309364382036438,0.0172705999999998,0.05,0.03816879469407511,0.012581664,0.02,0.0003727956207783571,0.027866038,0.01,0.0015004575,0.0084995425,0.05,0.21626645644345965,0.14857977
47bc00fe4ed487e8,gemver-medium,gemver-medium,lv2:__PARA__L0-1.__PARA__L1-1.__PARA__L2-1.__PARA__L3-1.__PARA__L4-1.__PARA__L5-1.__PARA__L6-32.__PIPE__L0-off.__PIPE__L1-flatten.__PIPE__L3-off.__TILE__L0-1.__TILE__L1-1.__TILE__L3-8,target,query,query,finetune_dataset,data_463.pt,339417.0,stage5e_dmw_afrc,2,50,hmoe_support_paired_seed2,2.4403987,2.495394909232969,0.0921606999999999,0.63,0.6679430454799868,0.0448231599999999,0.32,0.3531119452704648,0.03511488,0.66,0.7520629,0.0920628999999999,0.25,0.2553537163746698,0.02773878
fa1f42ea1d8a699a,gemver-medium,gemver-medium,lv2:__PARA__L0-1.__PARA__L1-1.__PARA__L2-1.__PARA__L3-1.__PARA__L4-1.__PARA__L5-10.__PARA__L6-4.__PIPE__L0-off.__PIPE__L1-off.__PIPE__L3-NA.__TILE__L0-1.__TILE__L1-1.__TILE__L3-1,target,query,query,finetune_dataset,data_499.pt,520017.0,stage5e_dmw_afrc,2,50,hmoe_support_paired_seed2,2.1326487,2.135004311592028,0.0249053999999997,0.04,0.054013628770898756,0.0258243,0.01,0.005516212526573096,0.01079004536,0.01,0.00023290515,0.00976709485,0.05,0.23291819624476193,0.16663179
b34bb2d60481a58b,gemver-medium,gemver-medium,lv2:__PARA__L0-1.__PARA__L1-1.__PARA__L2-1.__PARA__L3-1.__PARA__L4-1.__PARA__L5-2.__PARA__L6-1.__PIPE__L0-off.__PIPE__L1-NA.__PIPE__L3-flatten.__TILE__L0-1.__TILE__L1-1.__TILE__L3-1,target,query,query,finetune_dataset,data_508.pt,624517.0,stage5e_dmw_afrc,2,50,hmoe_support_paired_seed2,2.0005577,1.9045785065925744,0.0208985999999999,0.46,0.6181816010012048,0.1439020999999999,0.34,0.3652692373687505,0.0071137,0.64,0.94793534,0.30793534,0.24,0.41293664411971204,0.1864778
5c6ffb0bd9e5a3fc,gemver-medium,gemver-medium,lv2:__PARA__L0-1.__PARA__L1-1.__PARA__L2-1.__PARA__L3-1.__PARA__L4-1.__PARA__L5-2.__PARA__L6-1.__PIPE__L0-off.__PIPE__L1-off.__PIPE__L3-flatten.__TILE__L0-1.__TILE__L1-1.__TILE__L3-1,target,query,query,finetune_dataset,data_509.pt,624865.0,stage5e_dmw_afrc,2,50,hmoe_support_paired_seed2,2.000156,1.9394433156236621,0.0247549999999998,0.42,0.5150860040147083,0.0623518,0.3,0.30395132987139906,0.0259723499999999,0.64,0.79396784,0.1539678399999999,0.24,0.3137389678752747,0.05432496
3ffa8cb8596be391,gemver-medium,gemver-medium,lv2:__PARA__L0-1.__PARA__L1-1.__PARA__L2-1.__PARA__L3-1.__PARA__L4-1.__PARA__L5-2.__PARA__L6-20.__PIPE__L0-off.__PIPE__L1-off.__PIPE__L3-NA.__TILE__L0-1.__TILE__L1-1.__TILE__L3-1,target,query,query,finetune_dataset,data_525.pt,674271.0,stage5e_dmw_afrc,2,50,hmoe_support_paired_seed2,1.9452639,1.9459523537522463,0.0386808999999999,0.04,0.031666932988587276,0.00178354,0.02,0.018434716886750642,0.0013694659999999,0.01,0.009757549,0.0002424509999999,0.18,0.13202965701350325,0.060899176
23cb5d94ca303749,gemver-medium,gemver-medium,lv2:__PARA__L0-1.__PARA__L1-1.__PARA__L2-1.__PARA__L3-1.__PARA__L4-1.__PARA__L5-10.__PARA__L6-25.__PIPE__L0-off.__PIPE__L1-off.__PIPE__L3-off.__TILE__L0-1.__TILE__L1-1.__TILE__L3-1,target,query,query,finetune_dataset,data_497.pt,359761.0,stage5e_dmw_afrc,2,50,hmoe_support_paired_seed2,2.3984087,2.3816040323516194,0.0252411000000001,0.1,0.05239349729086634,0.03678734,0.02,0.008286906613912322,0.0135843647,0.01,0.013930529,0.003930529,0.05,0.08915010656327199,0.0008256549999999
32d58a29b225edc8,gemver-medium,gemver-medium,lv2:__PARA__L0-1.__PARA__L1-1.__PARA__L2-1.__PARA__L3-1.__PARA__L4-1.__PARA__L5-4.__PARA__L6-1.__PIPE__L0-flatten.__PIPE__L1-off.__PIPE__L3-flatten.__TILE__L0-1.__TILE__L1-1.__TILE__L3-1,target,query,query,finetune_dataset,data_549.pt,258829.0,stage5e_dmw_afrc,2,50,hmoe_support_paired_seed2,2.6359284,2.5302066858773755,0.0953558000000001,0.83,0.8162211755003723,0.0397910599999999,0.54,0.5632744695994752,0.0125208999999999,1.28,1.2873847,0.0073847,0.43,0.3793623437939083,0.0855794999999999
07338f58fab2b5d0,gemver-medium,gemver-medium,lv2:__PARA__L0-1.__PARA__L1-1.__PARA__L2-1.__PARA__L3-1.__PARA__L4-1.__PARA__L5-2.__PARA__L6-10.__PIPE__L0-flatten.__PIPE__L1-off.__PIPE__L3-NA.__TILE__L0-1.__TILE__L1-1.__TILE__L3-1,target,query,query,finetune_dataset,data_511.pt,545631.0,stage5e_dmw_afrc,2,50,hmoe_support_paired_seed2,2.0979652,2.0760832914987417,0.0456916999999998,0.68,0.6873652906366245,0.00085645,0.43,0.4190194944170663,0.0191981399999999,1.29,1.282745,0.007255,0.24,0.29847342104365815,0.0415427999999999
e791599a06b64fdd,gemver-medium,gemver-medium,lv2:__PARA__L0-1.__PARA__L1-1.__PARA__L2-1.__PARA__L3-1.__PARA__L4-1.__PARA__L5-5.__PARA__L6-1.__PIPE__L0-off.__PIPE__L1-off.__PIPE__L3-flatten.__TILE__L0-1.__TILE__L1-1.__TILE__L3-1,target,query,query,finetune_dataset,data_592.pt,387615.0,stage5e_dmw_afrc,2,50,hmoe_support_paired_seed2,2.344616,2.3605942567378024,0.0570254000000001,0.64,0.530057799817979,0.14097588,0.41,0.29707173907166473,0.1430913199999999,1.11,0.6911553,0.4188447,0.8,0.513583413702254,0.2871323
842ba928da8028f1,gemver-medium,gemver-medium,lv2:__PARA__L0-1.__PARA__L1-1.__PARA__L2-1.__PARA__L3-1.__PARA__L4-1.__PARA__L5-4.__PARA__L6-10.__PIPE__L0-flatten.__PIPE__L1-off.__PIPE__L3-NA.__TILE__L0-1.__TILE__L1-1.__TILE__L3-1,target,query,query,finetune_dataset,data_554.pt,348029.0,stage5e_dmw_afrc,2,50,hmoe_support_paired_seed2,2.4223244,2.423584188909026,0.0118626000000001,0.74,0.6948703787966464,0.0486353499999999,0.45,0.41808520693257134,0.0412999199999999,1.29,1.2029071,0.0870929,0.43,0.438100899080663,0.0014031999999999
6ddd06201de501e3,gemver-medium,gemver-medium,lv2:__PARA__L0-1.__PARA__L1-1.__PARA__L2-1.__PARA__L3-1.__PARA__L4-1.__PARA__L5-1.__PARA__L6-4.__PIPE__L0-off.__PIPE__L1-flatten.__PIPE__L3-off.__TILE__L0-1.__TILE__L1-1.__TILE__L3-8,target,query,query,finetune_dataset,data_467.pt,517465.0,stage5e_dmw_afrc,2,50,hmoe_support_paired_seed2,2.1361976,2.230726321409806,0.0982229000000001,0.61,0.628279207494413,0.0286043999999999,0.31,0.3031032662926741,0.0127675999999999,0.64,0.6375768,0.0024231999999999,0.15,0.18728557047573158,0.033832
8b2f6bcb3ee50e1e,gemver-medium,gemver-medium,lv2:__PARA__L0-1.__PARA__L1-1.__PARA__L2-1.__PARA__L3-1.__PARA__L4-1.__PARA__L5-2.__PARA__L6-8.__PIPE__L0-off.__PIPE__L1-off.__PIPE__L3-NA.__TILE__L0-1.__TILE__L1-1.__TILE__L3-1,target,query,query,finetune_dataset,data_547.pt,733367.0,stage5e_dmw_afrc,2,50,hmoe_support_paired_seed2,1.8846604,1.8877300861229362,0.0133159999999998,0.03,0.021854975435070374,0.0013961779999999,0.01,0.011890752966816732,0.0003460249999999,0.01,0.007967234,0.002032766,0.12,0.12922282911557115,0.0167872099999999
c095eb4c2009d900,gemver-medium,gemver-medium,lv2:__PARA__L0-1.__PARA__L1-1.__PARA__L2-1.__PARA__L3-1.__PARA__L4-1.__PARA__L5-8.__PARA__L6-8.__PIPE__L0-off.__PIPE__L1-off.__PIPE__L3-NA.__TILE__L0-1.__TILE__L1-1.__TILE__L3-1,target,query,query,finetune_dataset,data_633.pt,440570.0,stage5e_dmw_afrc,2,50,hmoe_support_paired_seed2,2.2522426,2.2600196491245925,0.0028847999999999,0.04,0.034839903874007754,0.006659456,0.02,0.001004394927528747,0.0266349846,0.01,0.0010544658,0.0089455342,0.29,0.20934380833746682,0.1064955199999999
7802cd1a71e2ebb3,gemver-medium,gemver-medium,lv2:__PARA__L0-1.__PARA__L1-1.__PARA__L2-1.__PARA__L3-1.__PARA__L4-1.__PARA__L5-1.__PARA__L6-5.__PIPE__L0-flatten.__PIPE__L1-off.__PIPE__L3-NA.__TILE__L0-1.__TILE__L1-1.__TILE__L3-1,target,query,query,finetune_dataset,data_473.pt,1021559.0,stage5e_dmw_afrc,2,50,hmoe_support_paired_seed2,1.6455778,1.6407218749063421,0.0022746,0.67,0.6692176041949959,0.0094482,0.42,0.404573607050531,0.0262237599999999,1.28,1.2433172,0.0366828000000001,0.24,0.2555848971910244,0.00489342
5e03ee828b3a552d,gemver-medium,gemver-medium,lv2:__PARA__L0-1.__PARA__L1-1.__PARA__L2-1.__PARA__L3-1.__PARA__L4-1.__PARA__L5-4.__PARA__L6-2.__PIPE__L0-off.__PIPE__L1-off.__PIPE__L3-NA.__TILE__L0-1.__TILE__L1-1.__TILE__L3-1,target,query,query,finetune_dataset,data_564.pt,836863.0,stage5e_dmw_afrc,2,50,hmoe_support_paired_seed2,1.7894324,1.8287563765451775,0.0678639,0.03,0.04027451971092055,0.023574473,0.01,0.020533475418065317,0.0068120559999999,0.0,0.007709354,0.007709354,0.18,0.26132524218190406,0.0904257
41ded80c7ec4056e,gemver-medium,gemver-medium,lv2:__PARA__L0-1.__PARA__L1-1.__PARA__L2-1.__PARA__L3-1.__PARA__L4-1.__PARA__L5-1.__PARA__L6-2.__PIPE__L0-off.__PIPE__L1-off.__PIPE__L3-off.__TILE__L0-1.__TILE__L1-1.__TILE__L3-1,target,query,query,finetune_dataset,data_450.pt,1430412.0,stage5e_dmw_afrc,2,50,hmoe_support_paired_seed2,1.4027487,1.4197840056098805,0.0643764999999998,0.02,0.02377086523660806,0.030314546,0.01,0.032915061067541045,0.0288041729999999,0.0,0.04682249,0.04682249,0.12,0.1380065377035139,0.01955449
000f3624d587129c,gemver-medium,gemver-medium,lv2:__PARA__L0-1.__PARA__L1-1.__PARA__L2-1.__PARA__L3-1.__PARA__L4-1.__PARA__L5-2.__PARA__L6-5.__PIPE__L0-flatten.__PIPE__L1-off.__PIPE__L3-NA.__TILE__L0-1.__TILE__L1-1.__TILE__L3-1,target,query,query,finetune_dataset,data_539.pt,625629.0,stage5e_dmw_afrc,2,50,hmoe_support_paired_seed2,1.9992744,1.9460021290228853,0.0936327999999999,0.68,0.6785417843758237,0.0069998,0.42,0.4084709798137975,0.0180143999999999,1.28,1.2452655,0.0347345000000001,0.24,0.3061154756146833,0.0467422
4d7a6effd7b27dcd,gemver-medium,gemver-medium,lv2:__PARA__L0-1.__PARA__L1-1.__PARA__L2-1.__PARA__L3-1.__PARA__L4-1.__PARA__L5-10.__PARA__L6-10.__PIPE__L0-off.__PIPE__L1-off.__PIPE__L3-off.__TILE__L0-1.__TILE__L1-1.__TILE__L3-1,target,query,query,finetune_dataset,data_489.pt,405761.0,stage5e_dmw_afrc,2,50,hmoe_support_paired_seed2,2.311613,2.3021280492496334,0.0133935000000002,0.04,0.030066945168240475,0.003387042,0.01,-0.002588912594677777,0.0169426172,0.0,0.0011174083,0.0011174083,0.05,0.15647888023226558,0.0874585999999999
3460f95e508f6efc,gemver-medium,gemver-medium,lv2:__PARA__L0-1.__PARA__L1-1.__PARA__L2-1.__PARA__L3-1.__PARA__L4-1.__PARA__L5-10.__PARA__L6-16.__PIPE__L0-off.__PIPE__L1-off.__PIPE__L3-NA.__TILE__L0-1.__TILE__L1-1.__TILE__L3-1,target,query,query,finetune_dataset,data_490.pt,369267.0,stage5e_dmw_afrc,2,50,hmoe_support_paired_seed2,2.379596,2.341785070725928,0.0374972999999996,0.05,0.04528602886947932,0.00412907,0.02,0.003954473970943249,0.0237539594,0.02,0.004936993,0.015063007,0.05,0.21693295072825036,0.15562787
b447e908d3ee5320,gemver-medium,gemver-medium,lv2:__PARA__L0-1.__PARA__L1-1.__PARA__L2-1.__PARA__L3-1.__PARA__L4-1.__PARA__L5-2.__PARA__L6-8.__PIPE__L0-flatten.__PIPE__L1-off.__PIPE__L3-NA.__TILE__L0-1.__TILE__L1-1.__TILE__L3-1,target,query,query,finetune_dataset,data_545.pt,566535.0,stage5e_dmw_afrc,2,50,hmoe_support_paired_seed2,2.0708456,2.0412923751872296,0.0629370000000002,0.68,0.6812421772987812,0.0081343,0.42,0.4189780696004408,0.00747354,1.29,1.2814118,0.0085881999999999,0.24,0.2963938316931154,0.0365116
07cb38f49129dd42,gemver-medium,gemver-medium,lv2:__PARA__L0-1.__PARA__L1-1.__PARA__L2-1.__PARA__L3-1.__PARA__L4-1.__PARA__L5-1.__PARA__L6-1.__PIPE__L0-flatten.__PIPE__L1-flatten.__PIPE__L3-off.__TILE__L0-1.__TILE__L1-1.__TILE__L3-8,target,query,query,finetune_dataset,data_425.pt,923083.0,stage5e_dmw_afrc,2,50,hmoe_support_paired_seed2,1.7186979,1.7825838767472062,0.0179879,1.0,0.7979399465627102,0.23340464,0.63,0.5623414962330228,0.0832566,1.75,1.4013275,0.3486724999999999,0.3,0.20397348973792367,0.0803050099999999
3f814bf3cb2014e1,gemver-medium,gemver-medium,lv2:__PARA__L0-1.__PARA__L1-1.__PARA__L2-1.__PARA__L3-1.__PARA__L4-1.__PARA__L5-1.__PARA__L6-8.__PIPE__L0-off.__PIPE__L1-off.__PIPE__L3-off.__TILE__L0-1.__TILE__L1-1.__TILE__L3-1,target,query,query,finetune_dataset,data_486.pt,1135212.0,stage5e_dmw_afrc,2,50,hmoe_support_paired_seed2,1.5694832,1.5629917695634423,0.0160624,0.03,0.01269249941856936,0.0004872069999999,0.01,0.018223273586609058,0.0130196119999999,0.0,0.03190756,0.03190756,0.12,0.09515573818559028,0.0402604739999999
46f20070f755128c,gemver-medium,gemver-medium,lv2:__PARA__L0-1.__PARA__L1-1.__PARA__L2-1.__PARA__L3-1.__PARA__L4-1.__PARA__L5-1.__PARA__L6-1.__PIPE__L0-off.__PIPE__L1-flatten.__PIPE__L3-NA.__TILE__L0-1.__TILE__L1-1.__TILE__L3-8,target,query,query,finetune_dataset,data_431.pt,1091472.0,stage5e_dmw_afrc,2,50,hmoe_support_paired_seed2,1.5978265,1.814792421770206,0.2352730999999999,0.62,0.5747086657747932,0.0414571999999999,0.31,0.2546960739066193,0.0808866299999999,0.64,0.49676517,0.14323483,0.18,0.20801041958928812,0.0197158699999999
06642eb004feff89,gemver-medium,gemver-medium,lv2:__PARA__L0-1.__PARA__L1-1.__PARA__L2-1.__PARA__L3-1.__PARA__L4-1.__PARA__L5-1.__PARA__L6-25.__PIPE__L0-off.__PIPE__L1-off.__PIPE__L3-NA.__TILE__L0-1.__TILE__L1-1.__TILE__L3-1,target,query,query,finetune_dataset,data_459.pt,1062228.0,stage5e_dmw_afrc,2,50,hmoe_support_paired_seed2,1.6174173,1.6437756788257718,0.0711612999999999,0.05,0.044673757423773115,0.0126497,0.02,0.03648126471747328,0.021763425,0.02,0.041841507,0.021841507,0.18,0.12688722910066932,0.0633199
1a4bb6b034bde6c2,gemver-medium,gemver-medium,lv2:__PARA__L0-1.__PARA__L1-1.__PARA__L2-1.__PARA__L3-1.__PARA__L4-1.__PARA__L5-8.__PARA__L6-2.__PIPE__L0-off.__PIPE__L1-off.__PIPE__L3-off.__TILE__L0-1.__TILE__L1-1.__TILE__L3-1,target,query,query,finetune_dataset,data_621.pt,741212.0,stage5e_dmw_afrc,2,50,hmoe_support_paired_seed2,1.876985,1.8925027864507797,0.0329617000000002,0.03,0.039613211896139845,0.02739531,0.01,0.009942839632992138,0.0037651753,0.0,0.0087198615,0.0087198615,0.29,0.17829830563844787,0.1266697899999999
00a64747fe7f3e59,gemver-medium,gemver-medium,lv2:__PARA__L0-1.__PARA__L1-1.__PARA__L2-1.__PARA__L3-1.__PARA__L4-1.__PARA__L5-4.__PARA__L6-1.__PIPE__L0-flatten.__PIPE__L1-off.__PIPE__L3-off.__TILE__L0-1.__TILE__L1-1.__TILE__L3-1,target,query,query,finetune_dataset,data_550.pt,1064773.0,stage5e_dmw_afrc,2,50,hmoe_support_paired_seed2,1.6156911,1.6524145417133236,0.0022272,0.73,0.6717788895858553,0.0450434499999999,0.44,0.39766705363114213,0.0344504999999999,1.28,1.2390375,0.0409625,0.43,0.3174157904604083,0.1119871
b16f47effa78ecb0,gemver-medium,gemver-medium,lv2:__PARA__L0-1.__PARA__L1-1.__PARA__L2-1.__PARA__L3-1.__PARA__L4-1.__PARA__L5-8.__PARA__L6-32.__PIPE__L0-off.__PIPE__L1-off.__PIPE__L3-off.__TILE__L0-1.__TILE__L1-1.__TILE__L3-1,target,query,query,finetune_dataset,data_626.pt,413611.0,stage5e_dmw_afrc,2,50,hmoe_support_paired_seed2,2.2977908,2.3249004373051028,0.0579969999999998,0.05,0.07177799586383397,0.0306134639999999,0.02,0.01451551174388183,0.0079074395,0.02,0.013964951,0.006035049,0.06,0.13742111883859226,0.053097705
768cf60a93610532,gemver-medium,gemver-medium,lv2:__PARA__L0-1.__PARA__L1-1.__PARA__L2-1.__PARA__L3-1.__PARA__L4-1.__PARA__L5-1.__PARA__L6-8.__PIPE__L0-flatten.__PIPE__L1-off.__PIPE__L3-NA.__TILE__L0-1.__TILE__L1-1.__TILE__L3-1,target,query,query,finetune_dataset,data_482.pt,962465.0,stage5e_dmw_afrc,2,50,hmoe_support_paired_seed2,1.6885611,1.6740638823539897,0.0226013,0.67,0.671563106680712,0.01086215,0.42,0.41379403646539026,0.0178168499999999,1.29,1.2850757,0.0049243000000001,0.24,0.24692267338822335,0.0039941399999999
5a6308e7c3261948,gemver-medium,gemver-medium,lv2:__PARA__L0-1.__PARA__L1-1.__PARA__L2-1.__PARA__L3-1.__PARA__L4-2.__PARA__L5-1.__PARA__L6-32.__PIPE__L0-off.__PIPE__L1-flatten.__PIPE__L3-off.__TILE__L0-1.__TILE__L1-1.__TILE__L3-8,target,query,query,finetune_dataset,data_643.pt,220748.0,stage5e_dmw_afrc,2,50,hmoe_support_paired_seed2,2.750728,2.5345434684881094,0.1902493,0.64,0.6610058857525722,0.0289049999999999,0.32,0.3443198714000593,0.02688917,0.68,0.7212018,0.0412017999999999,0.25,0.2582298761192528,0.0302298699999999
090572995cc52263,gemver-medium,gemver-medium,lv2:__PARA__L0-1.__PARA__L1-1.__PARA__L2-1.__PARA__L3-1.__PARA__L4-1.__PARA__L5-2.__PARA__L6-20.__PIPE__L0-flatten.__PIPE__L1-off.__PIPE__L3-NA.__TILE__L0-1.__TILE__L1-1.__TILE__L3-1,target,query,query,finetune_dataset,data_523.pt,505431.0,stage5e_dmw_afrc,2,50,hmoe_support_paired_seed2,2.153171,2.116215241831203,0.0412883000000001,0.69,0.6995630729053659,0.00588244,0.43,0.4227893387704266,0.01721644,1.3,1.3059994,0.0059993999999998,0.24,0.27038451150618464,0.0137062199999999
9bf011dc49995303,gemver-medium,gemver-medium,lv2:__PARA__L0-1.__PARA__L1-1.__PARA__L2-1.__PARA__L3-1.__PARA__L4-1.__PARA__L5-4.__PARA__L6-8.__PIPE__L0-flatten.__PIPE__L1-off.__PIPE__L3-NA.__TILE__L0-1.__TILE__L1-1.__TILE__L3-1,target,query,query,finetune_dataset,data_588.pt,367727.0,stage5e_dmw_afrc,2,50,hmoe_support_paired_seed2,2.3826106,2.3805294447112546,0.0104682999999998,0.74,0.6881895977749297,0.0563861999999999,0.45,0.41870045170333825,0.03874607,1.29,1.2049828,0.0850172,0.43,0.4345438850005425,0.00728294
826e3156c7f5ca8b,gemver-medium,gemver-medium,lv2:__PARA__L0-1.__PARA__L1-1.__PARA__L2-1.__PARA__L3-1.__PARA__L4-1.__PARA__L5-5.__PARA__L6-16.__PIPE__L0-off.__PIPE__L1-off.__PIPE__L3-NA.__TILE__L0-1.__TILE__L1-1.__TILE__L3-1,target,query,query,finetune_dataset,data_596.pt,447470.0,stage5e_dmw_afrc,2,50,hmoe_support_paired_seed2,2.2410326,2.2618054725720618,0.0298268999999997,0.04,0.03632128504644225,0.0043985929999999,0.02,0.01101380462948518,0.0127315116,0.01,0.0026026666,0.0073973334,0.3,0.26675870620938225,0.0245028299999999
ea83d34ff54ddfc6,gemver-medium,gemver-medium,lv2:__PARA__L0-1.__PARA__L1-1.__PARA__L2-1.__PARA__L3-1.__PARA__L4-1.__PARA__L5-8.__PARA__L6-5.__PIPE__L0-off.__PIPE__L1-off.__PIPE__L3-NA.__TILE__L0-1.__TILE__L1-1.__TILE__L3-1,target,query,query,finetune_dataset,data_630.pt,500868.0,stage5e_dmw_afrc,2,50,hmoe_support_paired_seed2,2.1597128,2.156458263820604,0.0291798,0.03,0.04530038197061934,0.0216202149999999,0.01,0.007400515670370557,0.00779737,0.01,0.0022993684,0.0077006316,0.29,0.228138786813545,0.0836710399999999
50ce49b321c5fefd,gemver-medium,gemver-medium,lv2:__PARA__L0-1.__PARA__L1-1.__PARA__L2-1.__PARA__L3-1.__PARA__L4-1.__PARA__L5-1.__PARA__L6-20.__PIPE__L0-off.__PIPE__L1-flatten.__PIPE__L3-off.__TILE__L0-1.__TILE__L1-1.__TILE__L3-8,target,query,query,finetune_dataset,data_453.pt,304465.0,stage5e_dmw_afrc,2,50,hmoe_support_paired_seed2,2.51879,2.5595107053603123,0.1233366,0.62,0.6548815549525853,0.0380477,0.31,0.3396856247763229,0.0294275999999999,0.64,0.7562648,0.1162647999999999,0.26,0.25369717934919706,0.0206084799999999
2534d0e759e5071a,gemver-medium,gemver-medium,lv2:__PARA__L0-1.__PARA__L1-1.__PARA__L2-1.__PARA__L3-1.__PARA__L4-1.__PARA__L5-10.__PARA__L6-5.__PIPE__L0-off.__PIPE__L1-off.__PIPE__L3-NA.__TILE__L0-1.__TILE__L1-1.__TILE__L3-1,target,query,query,finetune_dataset,data_501.pt,479415.0,stage5e_dmw_afrc,2,50,hmoe_support_paired_seed2,2.1912906,2.1680871253774554,0.0578916,0.04,0.0482839272329787,0.0156644499999999,0.02,0.0075938461897409465,0.0175581765,0.01,0.0025492609,0.0074507391,0.05,0.21606638474681306,0.14288252
d85aa464ab05cd12,gemver-medium,gemver-medium,lv2:__PARA__L0-1.__PARA__L1-1.__PARA__L2-1.__PARA__L3-1.__PARA__L4-1.__PARA__L5-2.__PARA__L6-1.__PIPE__L0-off.__PIPE__L1-off.__PIPE__L3-off.__TILE__L0-1.__TILE__L1-1.__TILE__L3-1,target,query,query,finetune_dataset,data_510.pt,1430413.0,stage5e_dmw_afrc,2,50,hmoe_support_paired_seed2,1.4027482,1.4237867439985252,0.0366667999999998,0.02,0.022247359736683844,0.020550977,0.01,0.023309794413246012,0.0138848629999999,0.0,0.026663512,0.026663512,0.12,0.13491052355804586,0.0147764599999999
eeca14754570c01b,gemver-medium,gemver-medium,lv2:__PARA__L0-1.__PARA__L1-1.__PARA__L2-1.__PARA__L3-1.__PARA__L4-1.__PARA__L5-2.__PARA__L6-400.__PIPE__L0-flatten.__PIPE__L1-off.__PIPE__L3-off.__TILE__L0-1.__TILE__L1-1.__TILE__L3-1,target,query,query,finetune_dataset,data_537.pt,472821.0,stage5e_dmw_afrc,2,50,hmoe_support_paired_seed2,2.201281,2.214552728372891,0.0599375000000002,0.7,0.7289998873313555,0.02015965,0.46,0.5044882276125408,0.0468793,1.28,1.3102125,0.0302124999999999,0.24,0.3023152256763928,0.05903185
843ee3ee3066436a,gemver-medium,gemver-medium,lv2:__PARA__L0-1.__PARA__L1-1.__PARA__L2-1.__PARA__L3-1.__PARA__L4-1.__PARA__L5-4.__PARA__L6-25.__PIPE__L0-flatten.__PIPE__L1-off.__PIPE__L3-off.__TILE__L0-1.__TILE__L1-1.__TILE__L3-1,target,query,query,finetune_dataset,data_571.pt,308373.0,stage5e_dmw_afrc,2,50,hmoe_support_paired_seed2,2.50959,2.49255035047723,0.0561750999999999,0.74,0.7151829864800224,0.0139909999999999,0.45,0.41632896779856,0.0380269,1.28,1.2330714,0.0469285999999999,0.43,0.34277134002923915,0.1057589999999999
858ff888300b806f,gemver-medium,gemver-medium,lv2:__PARA__L0-1.__PARA__L1-1.__PARA__L2-1.__PARA__L3-1.__PARA__L4-1.__PARA__L5-1.__PARA__L6-2.__PIPE__L0-off.__PIPE__L1-flatten.__PIPE__L3-off.__TILE__L0-1.__TILE__L1-1.__TILE__L3-8,target,query,query,finetune_dataset,data_448.pt,747465.0,stage5e_dmw_afrc,2,50,hmoe_support_paired_seed2,1.8709251,1.9174243711304548,0.1554620999999998,0.61,0.5853940667970818,0.0206617999999999,0.3,0.30372769553031354,0.0037272199999999,0.64,0.63497305,0.0050269499999999,0.13,0.21634251261208914,0.10137297
c29f58aa87f88211,gemver-medium,gemver-medium,lv2:__PARA__L0-1.__PARA__L1-1.__PARA__L2-1.__PARA__L3-1.__PARA__L4-1.__PARA__L5-1.__PARA__L6-16.__PIPE__L0-off.__PIPE__L1-off.__PIPE__L3-off.__TILE__L0-1.__TILE__L1-1.__TILE__L3-1,target,query,query,finetune_dataset,data_445.pt,1087212.0,stage5e_dmw_afrc,2,50,hmoe_support_paired_seed2,1.6006474,1.5754954462675945,0.0273953999999998,0.03,0.019443591311779855,0.00814003,0.01,0.021496219016612427,0.01977845,0.01,0.033643663,0.0236436629999999,0.12,0.11532802849359516,0.0113197099999999
7991ac02ef164882,gemver-medium,gemver-medium,lv2:__PARA__L0-1.__PARA__L1-1.__PARA__L2-1.__PARA__L3-1.__PARA__L4-1.__PARA__L5-5.__PARA__L6-20.__PIPE__L0-off.__PIPE__L1-off.__PIPE__L3-NA.__TILE__L0-1.__TILE__L1-1.__TILE__L3-1,target,query,query,finetune_dataset,data_600.pt,437419.0,stage5e_dmw_afrc,2,50,hmoe_support_paired_seed2,2.25742,2.27538212120712,0.0320272999999997,0.06,0.041100452887361784,0.0184740699999999,0.02,0.014137528998635388,0.009417642,0.01,0.0028595328,0.0071404672,0.06,0.24647900115802787,0.18980141
cd2cbe2bb0e6451c,gemver-medium,gemver-medium,lv2:__PARA__L0-1.__PARA__L1-1.__PARA__L2-1.__PARA__L3-1.__PARA__L4-1.__PARA__L5-1.__PARA__L6-8.__PIPE__L0-off.__PIPE__L1-flatten.__PIPE__L3-off.__TILE__L0-1.__TILE__L1-1.__TILE__L3-8,target,query,query,finetune_dataset,data_484.pt,389965.0,stage5e_dmw_afrc,2,50,hmoe_support_paired_seed2,2.3402557,2.5025772109324653,0.2310099999999999,0.61,0.6210377354671339,0.0089810999999999,0.31,0.2939866532213352,0.02927762,0.64,0.6664864,0.0264864,0.18,0.2133526801295422,0.04086787
4e9c06a02e6815a1,gemver-medium,gemver-medium,lv2:__PARA__L0-1.__PARA__L1-1.__PARA__L2-1.__PARA__L3-1.__PARA__L4-1.__PARA__L5-1.__PARA__L6-400.__PIPE__L0-off.__PIPE__L1-flatten.__PIPE__L3-off.__TILE__L0-1.__TILE__L1-1.__TILE__L3-8,target,query,query,finetune_dataset,data_471.pt,254065.0,stage5e_dmw_afrc,2,50,hmoe_support_paired_seed2,2.6493292,2.927166555492575,0.2660301,1.34,1.3866673436187076,0.048497,0.96,0.951404891836185,0.0069762999999999,2.04,2.0927653,0.0527652999999999,0.3,0.311245735948235,0.01820437
0dd2aa628d6fce9a,gemver-medium,gemver-medium,lv2:__PARA__L0-1.__PARA__L1-1.__PARA__L2-1.__PARA__L3-1.__PARA__L4-1.__PARA__L5-8.__PARA__L6-4.__PIPE__L0-off.__PIPE__L1-off.__PIPE__L3-NA.__TILE__L0-1.__TILE__L1-1.__TILE__L3-1,target,query,query,finetune_dataset,data_627.pt,540266.0,stage5e_dmw_afrc,2,50,hmoe_support_paired_seed2,2.1050932,2.1210933315030767,5.170000000020991e-05,0.03,0.050812260832353094,0.03147322,0.01,0.005362133112832376,0.01097167934,0.01,0.00026208162,0.00973791838,0.29,0.24534257320324201,0.0597255199999999
6d6bafe460da6a50,gemver-medium,gemver-medium,lv2:__PARA__L0-1.__PARA__L1-1.__PARA__L2-1.__PARA__L3-1.__PARA__L4-1.__PARA__L5-8.__PARA__L6-8.__PIPE__L0-off.__PIPE__L1-off.__PIPE__L3-off.__TILE__L0-1.__TILE__L1-1.__TILE__L3-1,target,query,query,finetune_dataset,data_634.pt,446812.0,stage5e_dmw_afrc,2,50,hmoe_support_paired_seed2,2.242094,2.249338056454176,0.0279262,0.03,0.025057331470697653,0.0008788099999999,0.01,-0.001892807627140591,0.016244808,0.0,0.000929147,0.000929147,0.29,0.15143224915896114,0.16781753
57db2cdf99ad2535,gemver-medium,gemver-medium,lv2:__PARA__L0-1.__PARA__L1-1.__PARA__L2-1.__PARA__L3-1.__PARA__L4-1.__PARA__L5-1.__PARA__L6-4.__PIPE__L0-flatten.__PIPE__L1-off.__PIPE__L3-NA.__TILE__L0-1.__TILE__L1-1.__TILE__L3-1,target,query,query,finetune_dataset,data_465.pt,1062161.0,stage5e_dmw_afrc,2,50,hmoe_support_paired_seed2,1.6174629,1.6317114534513681,0.0500707,0.67,0.6667293527148854,0.0097582999999999,0.42,0.3873991832627615,0.0482632599999999,1.28,1.1897308,0.0902692,0.24,0.2635576939194945,0.0186677
83417ac8d1dc1106,gemver-medium,gemver-medium,lv2:__PARA__L0-1.__PARA__L1-1.__PARA__L2-1.__PARA__L3-1.__PARA__L4-1.__PARA__L5-1.__PARA__L6-10.__PIPE__L0-off.__PIPE__L1-off.__PIPE__L3-off.__TILE__L0-1.__TILE__L1-1.__TILE__L3-1,target,query,query,finetune_dataset,data_440.pt,1116412.0,stage5e_dmw_afrc,2,50,hmoe_support_paired_seed2,1.5815293,1.5701204160027116,0.0189821999999999,0.03,0.015010860767340206,0.0022700439999999,0.01,0.018272353021044584,0.013886323,0.0,0.03263849,0.03263849,0.12,0.10870708803800981,0.0203211099999999
6498f25beb6ad580,gemver-medium,gemver-medium,lv2:__PARA__L0-1.__PARA__L1-1.__PARA__L2-1.__PARA__L3-1.__PARA__L4-1.__PARA__L5-5.__PARA__L6-25.__PIPE__L0-off.__PIPE__L1-off.__PIPE__L3-NA.__TILE__L0-1.__TILE__L1-1.__TILE__L3-1,target,query,query,finetune_dataset,data_602.pt,429379.0,stage5e_dmw_afrc,2,50,hmoe_support_paired_seed2,2.2708023,2.2896785319740376,0.0413877,0.08,0.051757742490592076,0.02539556,0.03,0.021025448150840398,0.011300056,0.02,0.0046033263,0.0153966737,0.06,0.21914941843585456,0.15283874
5bbc7c58da47afbc,gemver-medium,gemver-medium,lv2:__PARA__L0-1.__PARA__L1-1.__PARA__L2-1.__PARA__L3-1.__PARA__L4-1.__PARA__L5-1.__PARA__L6-64.__PIPE__L0-off.__PIPE__L1-off.__PIPE__L3-off.__TILE__L0-1.__TILE__L1-1.__TILE__L3-1,target,query,query,finetune_dataset,data_481.pt,1093212.0,stage5e_dmw_afrc,2,50,hmoe_support_paired_seed2,1.5966774,1.6058013830384918,0.0058470999999999,0.06,0.04977726153326428,0.01793984,0.03,0.06980378920728401,0.04537907,0.04,0.03569001,0.00430999,0.29,0.18547514409087615,0.1042621399999999
7204e0306d235f1d,gemver-medium,gemver-medium,lv2:__PARA__L0-1.__PARA__L1-1.__PARA__L2-1.__PARA__L3-1.__PARA__L4-1.__PARA__L5-5.__PARA__L6-25.__PIPE__L0-off.__PIPE__L1-off.__PIPE__L3-off.__TILE__L0-1.__TILE__L1-1.__TILE__L3-1,target,query,query,finetune_dataset,data_603.pt,437963.0,stage5e_dmw_afrc,2,50,hmoe_support_paired_seed2,2.2565236,2.2707280092579682,0.0545759000000001,0.07,0.03844842665175359,0.023876764,0.02,0.01689315717262046,0.000446666,0.01,0.0043291748,0.0056708252,0.06,0.17732315236263074,0.11153333
15a680d728ab4220,gemver-medium,gemver-medium,lv2:__PARA__L0-1.__PARA__L1-1.__PARA__L2-1.__PARA__L3-1.__PARA__L4-1.__PARA__L5-2.__PARA__L6-20.__PIPE__L0-flatten.__PIPE__L1-off.__PIPE__L3-off.__TILE__L0-1.__TILE__L1-1.__TILE__L3-1,target,query,query,finetune_dataset,data_524.pt,513973.0,stage5e_dmw_afrc,2,50,hmoe_support_paired_seed2,2.1410818,2.0870118416363517,0.0387957999999999,0.68,0.6992543130703114,0.0229066999999999,0.42,0.4252986418369651,0.00564505,1.28,1.3307906,0.0507906,0.24,0.23623179004475903,0.0120276899999999
2e8b186c17d162d3,gemver-medium,gemver-medium,lv2:__PARA__L0-1.__PARA__L1-1.__PARA__L2-1.__PARA__L3-1.__PARA__L4-1.__PARA__L5-2.__PARA__L6-32.__PIPE__L0-off.__PIPE__L1-off.__PIPE__L3-off.__TILE__L0-1.__TILE__L1-1.__TILE__L3-1,target,query,query,finetune_dataset,data_532.pt,707213.0,stage5e_dmw_afrc,2,50,hmoe_support_paired_seed2,1.9108557,1.8948193058024425,0.0420348999999999,0.04,0.04352970387729584,0.0127271929999999,0.02,0.026803706642209317,0.010730575,0.02,0.009021074,0.010978926,0.18,0.10773257847051532,0.0852164999999999
d47a24b4ad9d0e97,gemver-medium,gemver-medium,lv2:__PARA__L0-1.__PARA__L1-1.__PARA__L2-1.__PARA__L3-1.__PARA__L4-2.__PARA__L5-1.__PARA__L6-2.__PIPE__L0-off.__PIPE__L1-flatten.__PIPE__L3-off.__TILE__L0-1.__TILE__L1-1.__TILE__L3-8,target,query,query,finetune_dataset,data_639.pt,667535.0,stage5e_dmw_afrc,2,50,hmoe_support_paired_seed2,1.9525063,1.987750293087064,0.0968219999999999,0.61,0.5807364144755074,0.02450405,0.3,0.29683490015332753,0.0088316399999999,0.64,0.61174107,0.02825893,0.13,0.21907137808038912,0.1040142
ad4900e68c105b97,gemver-medium,gemver-medium,lv2:__PARA__L0-1.__PARA__L1-1.__PARA__L2-1.__PARA__L3-1.__PARA__L4-1.__PARA__L5-4.__PARA__L6-1.__PIPE__L0-off.__PIPE__L1-off.__PIPE__L3-off.__TILE__L0-1.__TILE__L1-1.__TILE__L3-1,target,query,query,finetune_dataset,data_553.pt,1233213.0,stage5e_dmw_afrc,2,50,hmoe_support_paired_seed2,1.509753,1.5764694874368383,0.0481057,0.03,0.02878704706748591,0.0138107849999999,0.01,0.018995169596572752,0.0066773799999999,0.0,0.014024228,0.014024228,0.18,0.19552636705466236,0.02374228
82152443b2a642c2,gemver-medium,gemver-medium,lv2:__PARA__L0-1.__PARA__L1-1.__PARA__L2-1.__PARA__L3-1.__PARA__L4-2.__PARA__L5-1.__PARA__L6-64.__PIPE__L0-off.__PIPE__L1-flatten.__PIPE__L3-NA.__TILE__L0-1.__TILE__L1-1.__TILE__L3-8,target,query,query,finetune_dataset,data_646.pt,210348.0,stage5e_dmw_afrc,2,50,hmoe_support_paired_seed2,2.7855392,2.538524680201278,0.2338949000000001,0.65,0.648889076750301,0.0186954499999999,0.33,0.3615708742922171,0.0462589999999999,0.68,0.6875498,0.0075497999999999,0.36,0.34880064108271835,0.01526926
9a08c89cf92ce513,gemver-medium,gemver-medium,lv2:__PARA__L0-1.__PARA__L1-1.__PARA__L2-1.__PARA__L3-1.__PARA__L4-1.__PARA__L5-2.__PARA__L6-16.__PIPE__L0-flatten.__PIPE__L1-off.__PIPE__L3-off.__TILE__L0-1.__TILE__L1-1.__TILE__L3-1,target,query,query,finetune_dataset,data_516.pt,523973.0,stage5e_dmw_afrc,2,50,hmoe_support_paired_seed2,2.1271818,2.0709575066749597,0.0575852999999999,0.67,0.6977337642860553,0.0302945,0.42,0.42349301549984275,0.00342067,1.28,1.3263923,0.0463922999999999,0.24,0.2512565730819991,0.0061532499999999
6ad7d75582a01bd8,gemver-medium,gemver-medium,lv2:__PARA__L0-1.__PARA__L1-1.__PARA__L2-1.__PARA__L3-1.__PARA__L4-1.__PARA__L5-4.__PARA__L6-16.__PIPE__L0-flatten.__PIPE__L1-off.__PIPE__L3-off.__TILE__L0-1.__TILE__L1-1.__TILE__L3-1,target,query,query,finetune_dataset,data_559.pt,325973.0,stage5e_dmw_afrc,2,50,hmoe_support_paired_seed2,2.4695518,2.452055275911332,0.0261523999999999,0.73,0.7096333864119675,0.0122255,0.44,0.4218415907421814,0.02025652,1.28,1.2421006,0.0378993999999999,0.43,0.38937550883912647,0.0429545299999999
f2382c4833c27b31,gemver-medium,gemver-medium,lv2:__PARA__L0-1.__PARA__L1-1.__PARA__L2-1.__PARA__L3-1.__PARA__L4-1.__PARA__L5-10.__PARA__L6-25.__PIPE__L0-off.__PIPE__L1-off.__PIPE__L3-NA.__TILE__L0-1.__TILE__L1-1.__TILE__L3-1,target,query,query,finetune_dataset,data_496.pt,351177.0,stage5e_dmw_afrc,2,50,hmoe_support_paired_seed2,2.415829,2.3878707799153394,0.0035790000000002,0.11,0.06278737463378103,0.0427672999999999,0.03,0.012803553923108394,0.0239341545,0.02,0.015144169,0.004855831,0.05,0.1496305434011869,0.06444277
f0b85143c160e227,gemver-medium,gemver-medium,lv2:__PARA__L0-1.__PARA__L1-1.__PARA__L2-1.__PARA__L3-1.__PARA__L4-1.__PARA__L5-2.__PARA__L6-64.__PIPE__L0-off.__PIPE__L1-off.__PIPE__L3-off.__TILE__L0-1.__TILE__L1-1.__TILE__L3-1,target,query,query,finetune_dataset,data_544.pt,698013.0,stage5e_dmw_afrc,2,50,hmoe_support_paired_seed2,1.9203012,1.930000941094944,0.0313535,0.06,0.05872171946615195,0.0118064,0.03,0.05833125304494434,0.030207278,0.04,0.0089227855,0.0310772145,0.29,0.1931535221792573,0.0928866199999999
86c9a90f08622c5e,gemver-medium,gemver-medium,lv2:__PARA__L0-1.__PARA__L1-1.__PARA__L2-1.__PARA__L3-1.__PARA__L4-1.__PARA__L5-4.__PARA__L6-64.__PIPE__L0-off.__PIPE__L1-off.__PIPE__L3-off.__TILE__L0-1.__TILE__L1-1.__TILE__L3-1,target,query,query,finetune_dataset,data_587.pt,501213.0,stage5e_dmw_afrc,2,50,hmoe_support_paired_seed2,2.1592162,2.220986897610848,0.0494280000000002,0.07,0.08058436466674712,0.0125839339999999,0.03,0.05551972888374315,0.025809796,0.04,0.0052500963,0.0347499037,0.06,0.28665705203203834,0.24559897
af43dc6e8bb3ccc6,gemver-medium,gemver-medium,lv2:__PARA__L0-1.__PARA__L1-1.__PARA__L2-1.__PARA__L3-1.__PARA__L4-1.__PARA__L5-4.__PARA__L6-10.__PIPE__L0-flatten.__PIPE__L1-off.__PIPE__L3-off.__TILE__L0-1.__TILE__L1-1.__TILE__L3-1,target,query,query,finetune_dataset,data_555.pt,354373.0,stage5e_dmw_afrc,2,50,hmoe_support_paired_seed2,2.4092937,2.43188584294922,0.0632009,0.73,0.698312221098992,0.0271945,0.44,0.42084807475723773,0.0185590999999999,1.28,1.225036,0.054964,0.43,0.3980292250514645,0.03613146
cdcc51c6c395351b,gemver-medium,gemver-medium,lv2:__PARA__L0-1.__PARA__L1-1.__PARA__L2-1.__PARA__L3-1.__PARA__L4-1.__PARA__L5-2.__PARA__L6-32.__PIPE__L0-flatten.__PIPE__L1-off.__PIPE__L3-off.__TILE__L0-1.__TILE__L1-1.__TILE__L3-1,target,query,query,finetune_dataset,data_531.pt,539573.0,stage5e_dmw_afrc,2,50,hmoe_support_paired_seed2,2.106019,2.0590384593804747,0.0166095999999997,0.68,0.6796801329150928,0.0039708999999999,0.43,0.39754274435915943,0.0387383,1.28,1.297714,0.017714,0.24,0.22536059323438587,0.0216825999999999
b25403802978da1b,gemver-medium,gemver-medium,lv2:__PARA__L0-1.__PARA__L1-1.__PARA__L2-1.__PARA__L3-1.__PARA__L4-1.__PARA__L5-2.__PARA__L6-20.__PIPE__L0-off.__PIPE__L1-off.__PIPE__L3-off.__TILE__L0-1.__TILE__L1-1.__TILE__L3-1,target,query,query,finetune_dataset,data_526.pt,682413.0,stage5e_dmw_afrc,2,50,hmoe_support_paired_seed2,1.9366056,1.9140421596593127,0.017336,0.04,0.01962732399252634,0.008917519,0.02,0.014984742760166841,0.0003909059999999,0.01,0.008377671,0.001622329,0.18,0.10166578095137721,0.088846125
5866cbdc49313267,gemver-medium,gemver-medium,lv2:__PARA__L0-1.__PARA__L1-1.__PARA__L2-1.__PARA__L3-1.__PARA__L4-1.__PARA__L5-5.__PARA__L6-5.__PIPE__L0-off.__PIPE__L1-off.__PIPE__L3-off.__TILE__L0-1.__TILE__L1-1.__TILE__L3-1,target,query,query,finetune_dataset,data_608.pt,561964.0,stage5e_dmw_afrc,2,50,hmoe_support_paired_seed2,2.0766892,2.089678359053103,0.0226619999999999,0.03,0.023768775761419354,0.0003207309999999,0.01,0.011742805955345617,0.0027846599999999,0.0,0.00257352,0.00257352,0.3,0.2184684365428118,0.08705099
050828280a5cdd83,gemver-medium,gemver-medium,lv2:__PARA__L0-1.__PARA__L1-1.__PARA__L2-1.__PARA__L3-1.__PARA__L4-1.__PARA__L5-2.__PARA__L6-4.__PIPE__L0-off.__PIPE__L1-off.__PIPE__L3-NA.__TILE__L0-1.__TILE__L1-1.__TILE__L3-1,target,query,query,finetune_dataset,data_535.pt,833867.0,stage5e_dmw_afrc,2,50,hmoe_support_paired_seed2,1.7920195,1.806369370945164,0.0448115999999998,0.03,0.03256498262977881,0.01847309,0.01,0.015012641155557921,0.002958199,0.0,0.005562961,0.005562961,0.12,0.17372861792311106,0.0401681299999999
f4eea9d04231cbfb,gemver-medium,gemver-medium,lv2:__PARA__L0-1.__PARA__L1-1.__PARA__L2-1.__PARA__L3-1.__PARA__L4-1.__PARA__L5-4.__PARA__L6-2.__PIPE__L0-flatten.__PIPE__L1-off.__PIPE__L3-off.__TILE__L0-1.__TILE__L1-1.__TILE__L3-1,target,query,query,finetune_dataset,data_563.pt,669173.0,stage5e_dmw_afrc,2,50,hmoe_support_paired_seed2,1.9507384,1.9243871871415072,0.0389838,0.73,0.6868978008965395,0.0219695399999999,0.44,0.41087132050813013,0.01947502,1.28,1.2514628,0.0285371999999999,0.43,0.36743541627017123,0.05937373
f1c328c827d09e9c,gemver-medium,gemver-medium,lv2:__PARA__L0-1.__PARA__L1-1.__PARA__L2-1.__PARA__L3-1.__PARA__L4-1.__PARA__L5-1.__PARA__L6-4.__PIPE__L0-flatten.__PIPE__L1-off.__PIPE__L3-off.__TILE__L0-1.__TILE__L1-1.__TILE__L3-1,target,query,query,finetune_dataset,data_466.pt,1065503.0,stage5e_dmw_afrc,2,50,hmoe_support_paired_seed2,1.6151967,1.6020382209721618,0.0305857,0.67,0.6721183933809377,0.00426693,0.42,0.39518961121272267,0.0258275699999999,1.28,1.2424493,0.0375506999999999,0.24,0.23572041708361946,0.0031018599999999
41643b6d806087fa,gemver-medium,gemver-medium,lv2:__PARA__L0-1.__PARA__L1-1.__PARA__L2-1.__PARA__L3-1.__PARA__L4-1.__PARA__L5-2.__PARA__L6-25.__PIPE__L0-off.__PIPE__L1-off.__PIPE__L3-NA.__TILE__L0-1.__TILE__L1-1.__TILE__L3-1,target,query,query,finetune_dataset,data_529.pt,665829.0,stage5e_dmw_afrc,2,50,hmoe_support_paired_seed2,1.9543523,1.9709758685394938,0.0808805000000001,0.05,0.0404935427978277,0.0028544499999999,0.02,0.026030910028373936,0.0075698899999999,0.02,0.012499869,0.007500131,0.18,0.12031745841428038,0.0759870499999999
c453bfa6fbe16f91,gemver-medium,gemver-medium,lv2:__PARA__L0-1.__PARA__L1-1.__PARA__L2-1.__PARA__L3-1.__PARA__L4-1.__PARA__L5-1.__PARA__L6-1.__PIPE__L0-off.__PIPE__L1-off.__PIPE__L3-flatten.__TILE__L0-1.__TILE__L1-1.__TILE__L3-1,target,query,query,finetune_dataset,data_434.pt,1020064.0,stage5e_dmw_afrc,2,50,hmoe_support_paired_seed2,1.6466342,1.6407510977626878,0.1177234,0.41,0.49656888540651933,0.04702812,0.29,0.30785770895675485,0.01221136,0.64,0.8561672,0.2161672,0.24,0.26477447886931504,0.01729436
ecfb96f63a221e62,gemver-medium,gemver-medium,lv2:__PARA__L0-1.__PARA__L1-1.__PARA__L2-1.__PARA__L3-1.__PARA__L4-1.__PARA__L5-4.__PARA__L6-8.__PIPE__L0-flatten.__PIPE__L1-off.__PIPE__L3-off.__TILE__L0-1.__TILE__L1-1.__TILE__L3-1,target,query,query,finetune_dataset,data_589.pt,373973.0,stage5e_dmw_afrc,2,50,hmoe_support_paired_seed2,2.370461,2.385357554224064,0.0341176999999999,0.73,0.690189870590386,0.0369353999999999,0.44,0.41842853062563357,0.0203114999999999,1.28,1.2206829,0.0593171000000001,0.43,0.394713673662103,0.04353782
9fdaad6156127ccf,gemver-medium,gemver-medium,lv2:__PARA__L0-1.__PARA__L1-1.__PARA__L2-1.__PARA__L3-1.__PARA__L4-1.__PARA__L5-2.__PARA__L6-25.__PIPE__L0-flatten.__PIPE__L1-off.__PIPE__L3-off.__TILE__L0-1.__TILE__L1-1.__TILE__L3-1,target,query,query,finetune_dataset,data_528.pt,505973.0,stage5e_dmw_afrc,2,50,hmoe_support_paired_seed2,2.1523979,2.126748945977598,0.0245790999999999,0.68,0.6964326621813535,0.0201191399999999,0.42,0.41929820248700833,0.00246982,1.28,1.3091042,0.0291041999999999,0.24,0.22237538275114987,0.0300687299999999
ad996a6ca183f670,gemver-medium,gemver-medium,lv2:__PARA__L0-1.__PARA__L1-1.__PARA__L2-1.__PARA__L3-1.__PARA__L4-1.__PARA__L5-1.__PARA__L6-2.__PIPE__L0-flatten.__PIPE__L1-off.__PIPE__L3-off.__TILE__L0-1.__TILE__L1-1.__TILE__L3-1,target,query,query,finetune_dataset,data_447.pt,1265103.0,stage5e_dmw_afrc,2,50,hmoe_support_paired_seed2,1.4913366,1.47214910581041,0.0468612000000001,0.67,0.6627329295220463,0.0157493999999999,0.42,0.40009829496999927,0.0108367299999999,1.28,1.2843848,0.0043847999999999,0.24,0.22383365577985068,0.0103856699999999
9437db7693f1d995,gemver-medium,gemver-medium,lv2:__PARA__L0-1.__PARA__L1-1.__PARA__L2-1.__PARA__L3-1.__PARA__L4-2.__PARA__L5-1.__PARA__L6-10.__PIPE__L0-off.__PIPE__L1-flatten.__PIPE__L3-off.__TILE__L0-1.__TILE__L1-1.__TILE__L3-8,target,query,query,finetune_dataset,data_637.pt,281535.0,stage5e_dmw_afrc,2,50,hmoe_support_paired_seed2,2.575271,2.579573605749052,0.0789048000000001,0.61,0.6153720857153949,0.00209226,0.31,0.29582185020350393,0.0233583399999999,0.64,0.64979315,0.00979315,0.19,0.23598822956515506,0.06245136
2932f44c3f2bc533,gemver-medium,gemver-medium,lv2:__PARA__L0-1.__PARA__L1-1.__PARA__L2-1.__PARA__L3-1.__PARA__L4-1.__PARA__L5-1.__PARA__L6-1.__PIPE__L0-flatten.__PIPE__L1-off.__PIPE__L3-off.__TILE__L0-1.__TILE__L1-1.__TILE__L3-1,target,query,query,finetune_dataset,data_430.pt,1657103.0,stage5e_dmw_afrc,2,50,hmoe_support_paired_seed2,1.2966324,1.3232241725487448,0.0508245,0.64,0.6353420650924516,0.0179148999999999,0.42,0.3853496523576332,0.0273314199999999,1.28,1.2637484,0.0162515999999999,0.24,0.21203741922867644,0.0281850699999999
4bb451a569de3df5,gemver-medium,gemver-medium,lv2:__PARA__L0-1.__PARA__L1-1.__PARA__L2-1.__PARA__L3-1.__PARA__L4-1.__PARA__L5-8.__PARA__L6-20.__PIPE__L0-off.__PIPE__L1-off.__PIPE__L3-off.__TILE__L0-1.__TILE__L1-1.__TILE__L3-1,target,query,query,finetune_dataset,data_623.pt,388411.0,stage5e_dmw_afrc,2,50,hmoe_support_paired_seed2,2.343136,2.3384784981258004,0.0312106999999999,0.05,0.03757739707526093,0.003618795,0.02,0.001589032740390355,0.0212629097,0.01,0.005811572,0.004188428,0.06,0.14232875032779727,0.0609636999999999
aa2e9802151958d2,gemver-medium,gemver-medium,lv2:__PARA__L0-1.__PARA__L1-1.__PARA__L2-1.__PARA__L3-1.__PARA__L4-1.__PARA__L5-10.__PARA__L6-2.__PIPE__L0-off.__PIPE__L1-off.__PIPE__L3-NA.__TILE__L0-1.__TILE__L1-1.__TILE__L3-1,target,query,query,finetune_dataset,data_492.pt,720213.0,stage5e_dmw_afrc,2,50,hmoe_support_paired_seed2,1.8977163,1.919728834975652,0.0262041000000001,0.04,0.05106437212463521,0.0261033699999999,0.01,0.011052815004121313,0.0060386157,0.01,0.011231393,0.0012313929999999,0.05,0.22886387664233976,0.1721315
6f8fa15b227a2a9b,gemver-medium,gemver-medium,lv2:__PARA__L0-1.__PARA__L1-1.__PARA__L2-1.__PARA__L3-1.__PARA__L4-1.__PARA__L5-10.__PARA__L6-2.__PIPE__L0-off.__PIPE__L1-off.__PIPE__L3-off.__TILE__L0-1.__TILE__L1-1.__TILE__L3-1,target,query,query,finetune_dataset,data_493.pt,720961.0,stage5e_dmw_afrc,2,50,hmoe_support_paired_seed2,1.8969675,1.900235633805393,0.0145920000000001,0.04,0.042913481973916194,0.0223399899999999,0.01,0.009905725911702662,0.003579507,0.0,0.009935945,0.009935945,0.05,0.16147949503677708,0.0942095599999999
e479489c10e97e63,gemver-medium,gemver-medium,lv2:__PARA__L0-1.__PARA__L1-1.__PARA__L2-1.__PARA__L3-1.__PARA__L4-1.__PARA__L5-8.__PARA__L6-20.__PIPE__L0-off.__PIPE__L1-off.__PIPE__L3-NA.__TILE__L0-1.__TILE__L1-1.__TILE__L3-1,target,query,query,finetune_dataset,data_622.pt,379867.0,stage5e_dmw_afrc,2,50,hmoe_support_paired_seed2,2.359181,2.350702191932016,0.0073951999999999,0.06,0.04903534595949931,0.0099292669999999,0.03,0.006363211058535154,0.0311861436,0.02,0.0063441396,0.0136558604,0.06,0.19976841004427515,0.12155052
8df81f2d5dd78bc5,gemver-medium,gemver-medium,lv2:__PARA__L0-1.__PARA__L1-1.__PARA__L2-1.__PARA__L3-1.__PARA__L4-1.__PARA__L5-5.__PARA__L6-64.__PIPE__L0-off.__PIPE__L1-off.__PIPE__L3-off.__TILE__L0-1.__TILE__L1-1.__TILE__L3-1,target,query,query,finetune_dataset,data_609.pt,462363.0,stage5e_dmw_afrc,2,50,hmoe_support_paired_seed2,2.217415,2.2869318684061577,0.0744945000000001,0.08,0.08381079235022494,0.00494696,0.04,0.053026855298276054,0.01216196,0.04,0.004702419,0.035297581,0.06,0.3161144291446766,0.28262726
13d51c60d3db7723,gemver-medium,gemver-medium,lv2:__PARA__L0-1.__PARA__L1-1.__PARA__L2-1.__PARA__L3-1.__PARA__L4-1.__PARA__L5-4.__PARA__L6-10.__PIPE__L0-off.__PIPE__L1-off.__PIPE__L3-off.__TILE__L0-1.__TILE__L1-1.__TILE__L3-1,target,query,query,finetune_dataset,data_557.pt,523213.0,stage5e_dmw_afrc,2,50,hmoe_support_paired_seed2,2.128229,2.15170121645975,0.0423985999999998,0.03,0.01959191177210179,0.0067046269999999,0.01,0.006661279427051721,0.0034175014,0.0,0.0023362935,0.0023362935,0.18,0.19382194809836586,0.01208868
979644bcd6761137,gemver-medium,gemver-medium,lv2:__PARA__L0-1.__PARA__L1-1.__PARA__L2-1.__PARA__L3-1.__PARA__L4-1.__PARA__L5-1.__PARA__L6-10.__PIPE__L0-off.__PIPE__L1-flatten.__PIPE__L3-off.__TILE__L0-1.__TILE__L1-1.__TILE__L3-8,target,query,query,finetune_dataset,data_438.pt,361465.0,stage5e_dmw_afrc,2,50,hmoe_support_paired_seed2,2.3950002,2.545721583531332,0.2383983,0.61,0.6248032046462727,0.0118145,0.31,0.3050177929969233,0.0150263999999999,0.64,0.68339014,0.0433901399999999,0.19,0.23230822165439738,0.05865317
7431bdb2627f50c0,gemver-medium,gemver-medium,lv2:__PARA__L0-1.__PARA__L1-1.__PARA__L2-1.__PARA__L3-1.__PARA__L4-2.__PARA__L5-1.__PARA__L6-1.__PIPE__L0-off.__PIPE__L1-flatten.__PIPE__L3-NA.__TILE__L0-1.__TILE__L1-1.__TILE__L3-8,target,query,query,finetune_dataset,data_635.pt,1011542.0,stage5e_dmw_afrc,2,50,hmoe_support_paired_seed2,1.6526859,1.8848286719736758,0.2021028,0.62,0.5708463641150132,0.0439384,0.31,0.2514481734114857,0.08210197,0.64,0.47743925,0.16256075,0.18,0.2124940400140047,0.02079632
46beeb5ba9e62c65,gemver-medium,gemver-medium,lv2:__PARA__L0-1.__PARA__L1-1.__PARA__L2-1.__PARA__L3-1.__PARA__L4-1.__PARA__L5-4.__PARA__L6-20.__PIPE__L0-flatten.__PIPE__L1-off.__PIPE__L3-off.__TILE__L0-1.__TILE__L1-1.__TILE__L3-1,target,query,query,finetune_dataset,data_567.pt,316373.0,stage5e_dmw_afrc,2,50,hmoe_support_paired_seed2,2.4911149,2.469775989585803,0.0341230999999999,0.74,0.7137501319106873,0.01635765,0.45,0.42301563696547556,0.0289009299999999,1.28,1.2449902,0.0350098,0.43,0.36667779046553617,0.07271334
9bd5be897febc88c,gemver-medium,gemver-medium,lv2:__PARA__L0-1.__PARA__L1-1.__PARA__L2-1.__PARA__L3-1.__PARA__L4-1.__PARA__L5-4.__PARA__L6-2.__PIPE__L0-off.__PIPE__L1-off.__PIPE__L3-off.__TILE__L0-1.__TILE__L1-1.__TILE__L3-1,target,query,query,finetune_dataset,data_565.pt,837213.0,stage5e_dmw_afrc,2,50,hmoe_support_paired_seed2,1.7891307,1.8143089306429223,0.0559125999999998,0.03,0.028442917734800482,0.013473035,0.01,0.020021022415019393,0.00955244,0.0,0.0067871213,0.0067871213,0.18,0.2214546530593971,0.04728325
92b03a2db6f6bb51,gemver-medium,gemver-medium,lv2:__PARA__L0-1.__PARA__L1-1.__PARA__L2-1.__PARA__L3-1.__PARA__L4-1.__PARA__L5-1.__PARA__L6-1.__PIPE__L0-flatten.__PIPE__L1-off.__PIPE__L3-flatten.__TILE__L0-1.__TILE__L1-1.__TILE__L3-1,target,query,query,finetune_dataset,data_429.pt,851559.0,stage5e_dmw_afrc,2,50,hmoe_support_paired_seed2,1.7768749,1.7557870934841622,0.0426936,0.7,0.7874882831288322,0.0507775,0.47,0.5516064203666997,0.05583075,1.28,1.3624612,0.0824612,0.24,0.22717131746853106,0.00136369
01e5f16a1216bb57,gemver-medium,gemver-medium,lv2:__PARA__L0-1.__PARA__L1-1.__PARA__L2-1.__PARA__L3-8.__PARA__L4-1.__PARA__L5-1.__PARA__L6-1.__PIPE__L0-flatten.__PIPE__L1-off.__PIPE__L3-off.__TILE__L0-1.__TILE__L1-1.__TILE__L3-1,target,query,query,finetune_dataset,data_650.pt,1689719.0,stage5e_dmw_afrc,2,50,hmoe_support_paired_seed2,1.2825724,1.3818300577393052,0.1142387999999998,0.65,0.6277188730063905,0.03853693,0.42,0.38059119826112764,0.0635560599999999,1.28,1.1444213,0.1355786999999999,0.24,0.2412131710703745,0.0110465
89d7ff444c80ab8f,gemver-medium,gemver-medium,lv2:__PARA__L0-1.__PARA__L1-1.__PARA__L2-1.__PARA__L3-1.__PARA__L4-1.__PARA__L5-1.__PARA__L6-20.__PIPE__L0-off.__PIPE__L1-off.__PIPE__L3-off.__TILE__L0-1.__TILE__L1-1.__TILE__L3-1,target,query,query,finetune_dataset,data_455.pt,1078412.0,stage5e_dmw_afrc,2,50,hmoe_support_paired_seed2,1.6065098,1.5834685528194372,0.0127270999999999,0.03,0.021127864902088997,0.0114095219999999,0.02,0.02463376417085673,0.013568382,0.01,0.03633544,0.0263354399999999,0.18,0.11253443699388058,0.0755512199999999
eb9d1af35d4c996c,gemver-medium,gemver-medium,lv2:__PARA__L0-1.__PARA__L1-1.__PARA__L2-1.__PARA__L3-1.__PARA__L4-1.__PARA__L5-1.__PARA__L6-4.__PIPE__L0-off.__PIPE__L1-off.__PIPE__L3-NA.__TILE__L0-1.__TILE__L1-1.__TILE__L3-1,target,query,query,finetune_dataset,data_468.pt,1229866.0,stage5e_dmw_afrc,2,50,hmoe_support_paired_seed2,1.5117135,1.5686616003040352,0.0907993,0.03,0.03520326760932888,0.02885932,0.01,0.023802703922917313,0.014612755,0.0,0.026274294,0.026274294,0.12,0.15406132185809507,0.03151154
a7c68a7cb4043184,gemver-medium,gemver-medium,lv2:__PARA__L0-1.__PARA__L1-1.__PARA__L2-1.__PARA__L3-1.__PARA__L4-1.__PARA__L5-2.__PARA__L6-5.__PIPE__L0-off.__PIPE__L1-off.__PIPE__L3-NA.__TILE__L0-1.__TILE__L1-1.__TILE__L3-1,target,query,query,finetune_dataset,data_541.pt,794469.0,stage5e_dmw_afrc,2,50,hmoe_support_paired_seed2,1.8269327,1.8285557656570173,0.0139679999999999,0.03,0.027765856813067657,0.009869696,0.01,0.016690549058251496,0.0061668059999999,0.0,0.008290648,0.008290648,0.12,0.14710220512341568,0.0029383649999999
06c62edb9698a94a,gemver-medium,gemver-medium,lv2:__PARA__L0-1.__PARA__L1-1.__PARA__L2-1.__PARA__L3-1.__PARA__L4-1.__PARA__L5-2.__PARA__L6-5.__PIPE__L0-flatten.__PIPE__L1-off.__PIPE__L3-off.__TILE__L0-1.__TILE__L1-1.__TILE__L3-1,target,query,query,finetune_dataset,data_540.pt,629573.0,stage5e_dmw_afrc,2,50,hmoe_support_paired_seed2,1.9947412,1.922002545984341,0.0934707999999999,0.67,0.6802640691981687,0.0131763999999999,0.42,0.41424189734265415,0.0001642,1.28,1.2793229,0.0006771,0.24,0.27130671456159744,0.0170860999999999
f210541613fb8795,gemver-medium,gemver-medium,lv2:__PARA__L0-1.__PARA__L1-1.__PARA__L2-1.__PARA__L3-1.__PARA__L4-2.__PARA__L5-1.__PARA__L6-32.__PIPE__L0-off.__PIPE__L1-flatten.__PIPE__L3-NA.__TILE__L0-1.__TILE__L1-1.__TILE__L3-8,target,query,query,finetune_dataset,data_642.pt,220748.0,stage5e_dmw_afrc,2,50,hmoe_support_paired_seed2,2.750728,2.5159130164565795,0.2239545,0.64,0.6223063298801503,0.0090309499999999,0.32,0.30819192564873654,0.0195646999999999,0.68,0.614879,0.0651210000000001,0.25,0.2845352533998549,0.0469034999999999
1a6b958163ec4176,gemver-medium,gemver-medium,lv2:__PARA__L0-1.__PARA__L1-1.__PARA__L2-1.__PARA__L3-1.__PARA__L4-1.__PARA__L5-4.__PARA__L6-4.__PIPE__L0-flatten.__PIPE__L1-off.__PIPE__L3-NA.__TILE__L0-1.__TILE__L1-1.__TILE__L3-1,target,query,query,finetune_dataset,data_576.pt,468227.0,stage5e_dmw_afrc,2,50,hmoe_support_paired_seed2,2.208324,2.198840748034847,0.0669926000000002,0.74,0.6814353564166101,0.0581437,0.44,0.38788861997568647,0.0665138399999999,1.28,1.12274,0.1572599999999999,0.43,0.42560820467506816,0.0188727
f220802a696f04d5,gemver-medium,gemver-medium,lv2:__PARA__L0-1.__PARA__L1-1.__PARA__L2-1.__PARA__L3-1.__PARA__L4-1.__PARA__L5-8.__PARA__L6-25.__PIPE__L0-off.__PIPE__L1-off.__PIPE__L3-off.__TILE__L0-1.__TILE__L1-1.__TILE__L3-1,target,query,query,finetune_dataset,data_625.pt,380411.0,stage5e_dmw_afrc,2,50,hmoe_support_paired_seed2,2.3581486,2.3642882419746796,0.0548551000000001,0.07,0.0495077508154769,0.01047436,0.02,0.008336931331134195,0.013234962,0.01,0.011164188,0.001164188,0.06,0.1059388619772414,0.01003697
629fe26036eb69ab,gemver-medium,gemver-medium,lv2:__PARA__L0-1.__PARA__L1-1.__PARA__L2-1.__PARA__L3-1.__PARA__L4-1.__PARA__L5-2.__PARA__L6-2.__PIPE__L0-flatten.__PIPE__L1-off.__PIPE__L3-NA.__TILE__L0-1.__TILE__L1-1.__TILE__L3-1,target,query,query,finetune_dataset,data_519.pt,868839.0,stage5e_dmw_afrc,2,50,hmoe_support_paired_seed2,1.7623837,1.7163740849746763,0.0066053999999999,0.68,0.6740015636196484,0.00384624,0.42,0.4103631640019598,0.0080499199999999,1.28,1.3173976,0.0373976,0.24,0.2719786151113448,0.02649502
db822cddca8579a4,gemver-medium,gemver-medium,lv2:__PARA__L0-1.__PARA__L1-1.__PARA__L2-1.__PARA__L3-1.__PARA__L4-1.__PARA__L5-4.__PARA__L6-32.__PIPE__L0-flatten.__PIPE__L1-off.__PIPE__L3-off.__TILE__L0-1.__TILE__L1-1.__TILE__L3-1,target,query,query,finetune_dataset,data_574.pt,341573.0,stage5e_dmw_afrc,2,50,hmoe_support_paired_seed2,2.435831,2.4287253097034727,0.0426796,0.74,0.7009663874373863,0.02934157,0.45,0.39637754675268855,0.0628824,1.28,1.2387372,0.0412627999999999,0.43,0.35473260781943394,0.08586588
13a09a66c1972ec3,gemver-medium,gemver-medium,lv2:__PARA__L0-1.__PARA__L1-1.__PARA__L2-1.__PARA__L3-1.__PARA__L4-1.__PARA__L5-1.__PARA__L6-20.__PIPE__L0-off.__PIPE__L1-off.__PIPE__L3-NA.__TILE__L0-1.__TILE__L1-1.__TILE__L3-1,target,query,query,finetune_dataset,data_454.pt,1070670.0,stage5e_dmw_afrc,2,50,hmoe_support_paired_seed2,1.6117071,1.6207716257911065,0.0320753,0.04,0.037477892591315204,0.0130895899999999,0.02,0.028359031357114685,0.01220859,0.01,0.03824863,0.0282486299999999,0.18,0.13205746737091556,0.0550407839999999
35f6be44b8a2daa1,gemver-medium,gemver-medium,lv2:__PARA__L0-1.__PARA__L1-1.__PARA__L2-1.__PARA__L3-1.__PARA__L4-2.__PARA__L5-1.__PARA__L6-25.__PIPE__L0-off.__PIPE__L1-flatten.__PIPE__L3-off.__TILE__L0-1.__TILE__L1-1.__TILE__L3-8,target,query,query,finetune_dataset,data_641.pt,210335.0,stage5e_dmw_afrc,2,50,hmoe_support_paired_seed2,2.7855837,2.6138663354054508,0.0915938999999999,0.62,0.6516539388049416,0.0364312,0.32,0.34320264076388907,0.0282657699999999,0.64,0.747789,0.107789,0.3,0.2385927299023616,0.0442898199999999
9b6ded63e303dd42,gemver-medium,gemver-medium,lv2:__PARA__L0-1.__PARA__L1-1.__PARA__L2-1.__PARA__L3-1.__PARA__L4-1.__PARA__L5-4.__PARA__L6-10.__PIPE__L0-off.__PIPE__L1-off.__PIPE__L3-NA.__TILE__L0-1.__TILE__L1-1.__TILE__L3-1,target,query,query,finetune_dataset,data_556.pt,516869.0,stage5e_dmw_afrc,2,50,hmoe_support_paired_seed2,2.1370287,2.1674313847299533,0.0310096999999998,0.04,0.031417764613922705,0.008717664,0.02,0.00897010565431469,0.0144806397,0.01,0.0025986433,0.0074013567,0.18,0.23432076929136855,0.04834331
2b4f099ae74f84d5,gemver-medium,gemver-medium,lv2:__PARA__L0-1.__PARA__L1-1.__PARA__L2-1.__PARA__L3-1.__PARA__L4-1.__PARA__L5-8.__PARA__L6-10.__PIPE__L0-off.__PIPE__L1-off.__PIPE__L3-NA.__TILE__L0-1.__TILE__L1-1.__TILE__L3-1,target,query,query,finetune_dataset,data_616.pt,420870.0,stage5e_dmw_afrc,2,50,hmoe_support_paired_seed2,2.2852407,2.298227590640846,0.0178328999999997,0.04,0.03621795509849801,0.005447217,0.02,0.00038975798854988444,0.0275799865,0.01,0.0013398528,0.0086601472,0.29,0.22761211954491178,0.0778423499999999
d840d88097461383,gemver-medium,gemver-medium,lv2:__PARA__L0-1.__PARA__L1-1.__PARA__L2-1.__PARA__L3-1.__PARA__L4-1.__PARA__L5-4.__PARA__L6-4.__PIPE__L0-off.__PIPE__L1-off.__PIPE__L3-NA.__TILE__L0-1.__TILE__L1-1.__TILE__L3-1,target,query,query,finetune_dataset,data_578.pt,636667.0,stage5e_dmw_afrc,2,50,hmoe_support_paired_seed2,1.9866586,2.00611614723721,0.0199925999999999,0.03,0.04229156459733564,0.021846415,0.01,0.012541670587769647,0.0005824065,0.0,0.001929462,0.001929462,0.18,0.266743374895405,0.08572832
d9117322aab4f7c2,gemver-medium,gemver-medium,lv2:__PARA__L0-1.__PARA__L1-1.__PARA__L2-1.__PARA__L3-1.__PARA__L4-1.__PARA__L5-1.__PARA__L6-16.__PIPE__L0-off.__PIPE__L1-flatten.__PIPE__L3-off.__TILE__L0-1.__TILE__L1-1.__TILE__L3-8,target,query,query,finetune_dataset,data_443.pt,319965.0,stage5e_dmw_afrc,2,50,hmoe_support_paired_seed2,2.482971,2.550128166786849,0.1453215999999999,0.62,0.6410508307786816,0.0200578,0.31,0.3252990733143187,0.01052886,0.64,0.7245579,0.0845578999999999,0.24,0.25342434304000927,0.0403385
7b44bab8e9ce85c5,gemver-medium,gemver-medium,lv2:__PARA__L0-1.__PARA__L1-1.__PARA__L2-1.__PARA__L3-1.__PARA__L4-2.__PARA__L5-1.__PARA__L6-64.__PIPE__L0-off.__PIPE__L1-flatten.__PIPE__L3-off.__TILE__L0-1.__TILE__L1-1.__TILE__L3-8,target,query,query,finetune_dataset,data_647.pt,210348.0,stage5e_dmw_afrc,2,50,hmoe_support_paired_seed2,2.7855392,2.5587516968501585,0.2044635000000001,0.65,0.7078258348773978,0.04660175,0.33,0.40985243651366876,0.0802894399999999,0.68,0.7322916,0.0522915999999999,0.36,0.3142713113084492,0.01313026
237b0c1afc129a58,gemver-medium,gemver-medium,lv2:__PARA__L0-1.__PARA__L1-1.__PARA__L2-1.__PARA__L3-1.__PARA__L4-1.__PARA__L5-5.__PARA__L6-10.__PIPE__L0-off.__PIPE__L1-off.__PIPE__L3-NA.__TILE__L0-1.__TILE__L1-1.__TILE__L3-1,target,query,query,finetune_dataset,data_594.pt,478022.0,stage5e_dmw_afrc,2,50,hmoe_support_paired_seed2,2.1933897,2.2302914731778936,0.0473563000000001,0.04,0.031129082945673795,0.011192151,0.02,0.007261269738209923,0.0170629811,0.01,0.0017415285,0.0082584715,0.3,0.26327017818611864,0.0354274
148e404c636609d4,gemver-medium,gemver-medium,lv2:__PARA__L0-1.__PARA__L1-1.__PARA__L2-1.__PARA__L3-1.__PARA__L4-1.__PARA__L5-10.__PARA__L6-20.__PIPE__L0-off.__PIPE__L1-off.__PIPE__L3-off.__TILE__L0-1.__TILE__L1-1.__TILE__L3-1,target,query,query,finetune_dataset,data_495.pt,367761.0,stage5e_dmw_afrc,2,50,hmoe_support_paired_seed2,2.3825438,2.3536042799205426,0.0005877999999999,0.07,0.040645572374485454,0.019529856,0.02,0.001518480701473702,0.0216458185,0.01,0.007303208,0.002696792,0.05,0.1259772717232169,0.05233264
2c080e6dbf4e1894,gemver-medium,gemver-medium,lv2:__PARA__L0-1.__PARA__L1-1.__PARA__L2-1.__PARA__L3-1.__PARA__L4-1.__PARA__L5-8.__PARA__L6-4.__PIPE__L0-off.__PIPE__L1-off.__PIPE__L3-off.__TILE__L0-1.__TILE__L1-1.__TILE__L3-1,target,query,query,finetune_dataset,data_628.pt,543612.0,stage5e_dmw_afrc,2,50,hmoe_support_paired_seed2,2.1006393,2.1421157735869656,0.0650366999999998,0.03,0.043008180888454754,0.027564348,0.01,0.005648446107330201,0.006297896,0.0,0.0018274486,0.0018274486,0.29,0.19966692918871776,0.1049679299999999
2cbb07715c8233d5,gemver-medium,gemver-medium,lv2:__PARA__L0-1.__PARA__L1-1.__PARA__L2-1.__PARA__L3-1.__PARA__L4-1.__PARA__L5-5.__PARA__L6-10.__PIPE__L0-off.__PIPE__L1-off.__PIPE__L3-off.__TILE__L0-1.__TILE__L1-1.__TILE__L3-1,target,query,query,finetune_dataset,data_595.pt,484364.0,stage5e_dmw_afrc,2,50,hmoe_support_paired_seed2,2.1838822,2.2161642249370384,0.0659520999999996,0.03,0.01934353962421089,0.0080924619999999,0.01,0.004828010815724005,0.006163249,0.0,0.0016322136,0.0016322136,0.3,0.2201679329934183,0.0756152299999999
9dd2b4e7f5d15681,gemver-medium,gemver-medium,lv2:__PARA__L0-1.__PARA__L1-1.__PARA__L2-1.__PARA__L3-1.__PARA__L4-1.__PARA__L5-2.__PARA__L6-8.__PIPE__L0-flatten.__PIPE__L1-off.__PIPE__L3-off.__TILE__L0-1.__TILE__L1-1.__TILE__L3-1,target,query,query,finetune_dataset,data_546.pt,572773.0,stage5e_dmw_afrc,2,50,hmoe_support_paired_seed2,2.0629463,2.020200043798042,0.0516890999999999,0.67,0.6812121384195599,0.0094268999999999,0.42,0.41896295466806527,0.00210487,1.28,1.298277,0.0182769999999998,0.24,0.26251812185603507,0.0107313
004efb321e4bf36a,gemver-medium,gemver-medium,lv2:__PARA__L0-1.__PARA__L1-1.__PARA__L2-1.__PARA__L3-1.__PARA__L4-1.__PARA__L5-8.__PARA__L6-1.__PIPE__L0-off.__PIPE__L1-off.__PIPE__L3-off.__TILE__L0-1.__TILE__L1-1.__TILE__L3-1,target,query,query,finetune_dataset,data_615.pt,1136812.0,stage5e_dmw_afrc,2,50,hmoe_support_paired_seed2,1.5684673,1.6259299411084358,0.014275,0.03,0.04145870666536436,0.03124893,0.01,0.009253124533003317,0.0076461232,0.0,0.016748458,0.016748458,0.29,0.14105885869336807,0.16915501
1e2ebb43fa259075,gemver-medium,gemver-medium,lv2:__PARA__L0-1.__PARA__L1-1.__PARA__L2-1.__PARA__L3-1.__PARA__L4-1.__PARA__L5-1.__PARA__L6-1.__PIPE__L0-off.__PIPE__L1-flatten.__PIPE__L3-off.__TILE__L0-1.__TILE__L1-1.__TILE__L3-8,target,query,query,finetune_dataset,data_433.pt,1091472.0,stage5e_dmw_afrc,2,50,hmoe_support_paired_seed2,1.5978265,1.6519834365512795,0.1285506999999999,0.62,0.6446106404153001,0.0495187999999999,0.31,0.2889579356786241,0.0376725,0.64,0.6310091,0.0089909,0.18,0.19013601860677118,0.01553997
e9a82eaf33fbe0e6,gemver-medium,gemver-medium,lv2:__PARA__L0-1.__PARA__L1-1.__PARA__L2-1.__PARA__L3-1.__PARA__L4-1.__PARA__L5-1.__PARA__L6-2.__PIPE__L0-off.__PIPE__L1-off.__PIPE__L3-NA.__TILE__L0-1.__TILE__L1-1.__TILE__L3-1,target,query,query,finetune_dataset,data_449.pt,1430062.0,stage5e_dmw_afrc,2,50,hmoe_support_paired_seed2,1.4029253,1.4461019004737847,0.0918357,0.03,0.03734642299686537,0.03285533,0.01,0.03308093166371015,0.0255311329999999,0.0,0.052527785,0.052527785,0.12,0.15303297722897222,0.03423079
5e2cc981135680a0,gemver-medium,gemver-medium,lv2:__PARA__L0-1.__PARA__L1-1.__PARA__L2-1.__PARA__L3-1.__PARA__L4-1.__PARA__L5-8.__PARA__L6-1.__PIPE__L0-flatten.__PIPE__L1-off.__PIPE__L3-off.__TILE__L0-1.__TILE__L1-1.__TILE__L3-1,target,query,query,finetune_dataset,data_612.pt,967103.0,stage5e_dmw_afrc,2,50,hmoe_support_paired_seed2,1.6850933,1.7220178406332076,0.0504763999999999,0.84,0.7217186595666862,0.0873323299999999,0.49,0.4283757792664864,0.0450166,1.28,1.3814611,0.1014611,0.8,0.31345827157629774,0.5230722000000001
88047e3dd9b1cdae,gemver-medium,gemver-medium,lv2:__PARA__L0-1.__PARA__L1-1.__PARA__L2-1.__PARA__L3-1.__PARA__L4-1.__PARA__L5-2.__PARA__L6-16.__PIPE__L0-flatten.__PIPE__L1-off.__PIPE__L3-NA.__TILE__L0-1.__TILE__L1-1.__TILE__L3-1,target,query,query,finetune_dataset,data_515.pt,515481.0,stage5e_dmw_afrc,2,50,hmoe_support_paired_seed2,2.1389685,2.1012390021185476,0.0574054999999997,0.68,0.6950949632159814,0.0090773999999999,0.43,0.417773162513134,0.0240945,1.29,1.2889183,0.0010817,0.24,0.2889245846136005,0.03646145
a6d12815f059afc2,gemver-medium,gemver-medium,lv2:__PARA__L0-1.__PARA__L1-1.__PARA__L2-1.__PARA__L3-1.__PARA__L4-1.__PARA__L5-1.__PARA__L6-8.__PIPE__L0-flatten.__PIPE__L1-off.__PIPE__L3-off.__TILE__L0-1.__TILE__L1-1.__TILE__L3-1,target,query,query,finetune_dataset,data_483.pt,968303.0,stage5e_dmw_afrc,2,50,hmoe_support_paired_seed2,1.6841989,1.6390958527318054,0.0439616,0.66,0.6714482178775265,0.0048374999999999,0.42,0.41277357223342276,0.0090786299999999,1.28,1.293543,0.013543,0.24,0.22304691082887504,0.0206303699999999
46fff6b5ab3176c1,gemver-medium,gemver-medium,lv2:__PARA__L0-1.__PARA__L1-1.__PARA__L2-1.__PARA__L3-1.__PARA__L4-1.__PARA__L5-1.__PARA__L6-20.__PIPE__L0-flatten.__PIPE__L1-off.__PIPE__L3-off.__TILE__L0-1.__TILE__L1-1.__TILE__L3-1,target,query,query,finetune_dataset,data_452.pt,909503.0,stage5e_dmw_afrc,2,50,hmoe_support_paired_seed2,1.729389,1.6645566827107239,0.0357271000000001,0.67,0.6860700869760303,0.01572474,0.42,0.41857484894470154,0.0066020599999999,1.28,1.321358,0.041358,0.24,0.2136326403372834,0.02967817
7877de10140917c9,gemver-medium,gemver-medium,lv2:__PARA__L0-1.__PARA__L1-1.__PARA__L2-1.__PARA__L3-1.__PARA__L4-1.__PARA__L5-4.__PARA__L6-20.__PIPE__L0-flatten.__PIPE__L1-off.__PIPE__L3-NA.__TILE__L0-1.__TILE__L1-1.__TILE__L3-1,target,query,query,finetune_dataset,data_566.pt,307829.0,stage5e_dmw_afrc,2,50,hmoe_support_paired_seed2,2.5108635,2.4693613590317884,0.0116636000000003,0.75,0.7117842695740774,0.03535354,0.46,0.42083670188141,0.05056315,1.3,1.2248676,0.0751323999999999,0.43,0.4067805639057476,0.03784903
0526577840035d0e,gemver-medium,gemver-medium,lv2:__PARA__L0-1.__PARA__L1-1.__PARA__L2-1.__PARA__L3-1.__PARA__L4-1.__PARA__L5-8.__PARA__L6-16.__PIPE__L0-off.__PIPE__L1-off.__PIPE__L3-off.__TILE__L0-1.__TILE__L1-1.__TILE__L3-1,target,query,query,finetune_dataset,data_619.pt,398412.0,stage5e_dmw_afrc,2,50,hmoe_support_paired_seed2,2.3247976,2.3184139897251232,0.0218354,0.03,0.03410646730251761,0.012280942,0.01,0.00025340585454875246,0.0125175954,0.01,0.0043581426,0.0056418574,0.29,0.17111387108165116,0.1302993399999999
a55d7e185e11adb8,gemver-medium,gemver-medium,lv2:__PARA__L0-1.__PARA__L1-1.__PARA__L2-1.__PARA__L3-1.__PARA__L4-1.__PARA__L5-1.__PARA__L6-16.__PIPE__L0-flatten.__PIPE__L1-off.__PIPE__L3-off.__TILE__L0-1.__TILE__L1-1.__TILE__L3-1,target,query,query,finetune_dataset,data_442.pt,919503.0,stage5e_dmw_afrc,2,50,hmoe_support_paired_seed2,1.721501,1.6548291566862443,0.0542678999999999,0.66,0.6866100191935065,0.0253502999999999,0.42,0.4167658847415078,0.0088148999999999,1.28,1.3172346,0.0372345999999998,0.24,0.222057089211058,0.0182577099999999
2b2203c683bb6dad,gemver-medium,gemver-medium,lv2:__PARA__L0-1.__PARA__L1-1.__PARA__L2-1.__PARA__L3-1.__PARA__L4-1.__PARA__L5-4.__PARA__L6-20.__PIPE__L0-off.__PIPE__L1-off.__PIPE__L3-off.__TILE__L0-1.__TILE__L1-1.__TILE__L3-1,target,query,query,finetune_dataset,data_569.pt,485213.0,stage5e_dmw_afrc,2,50,hmoe_support_paired_seed2,2.182619,2.186627277338971,0.0268440999999999,0.05,0.027066492433246346,0.016082722,0.02,0.01233125286149539,0.005572308,0.01,0.0033340752,0.0066659248,0.29,0.17988295752347802,0.11068613
0f367971ed04498a,gemver-medium,gemver-medium,lv2:__PARA__L0-1.__PARA__L1-1.__PARA__L2-1.__PARA__L3-1.__PARA__L4-1.__PARA__L5-8.__PARA__L6-10.__PIPE__L0-off.__PIPE__L1-off.__PIPE__L3-off.__TILE__L0-1.__TILE__L1-1.__TILE__L3-1,target,query,query,finetune_dataset,data_617.pt,427212.0,stage5e_dmw_afrc,2,50,hmoe_support_paired_seed2,2.274452,2.2889320803738435,0.0463459999999997,0.03,0.02742399454441276,0.00263846,0.01,-0.0024573799529098747,0.016710503,0.0,0.0010463595,0.0010463595,0.29,0.17146150927219841,0.1357918899999999
bd2704a0251c8884,gemver-medium,gemver-medium,lv2:__PARA__L0-1.__PARA__L1-1.__PARA__L2-1.__PARA__L3-1.__PARA__L4-1.__PARA__L5-1.__PARA__L6-400.__PIPE__L0-off.__PIPE__L1-off.__PIPE__L3-off.__TILE__L0-1.__TILE__L1-1.__TILE__L3-1,target,query,query,finetune_dataset,data_472.pt,1036856.0,stage5e_dmw_afrc,2,50,hmoe_support_paired_seed2,1.6348562,1.7365965983451441,0.1345779,0.17,0.1998734343000872,0.06802611,0.2,0.20741626038844055,0.0335296599999999,0.47,0.59898424,0.1289842399999999,0.24,0.23325002679113407,0.0095387499999999
8a3e5c2f14c9d9e7,gemver-medium,gemver-medium,lv2:__PARA__L0-1.__PARA__L1-1.__PARA__L2-1.__PARA__L3-1.__PARA__L4-1.__PARA__L5-1.__PARA__L6-5.__PIPE__L0-off.__PIPE__L1-off.__PIPE__L3-off.__TILE__L0-1.__TILE__L1-1.__TILE__L3-1,target,query,query,finetune_dataset,data_477.pt,1194012.0,stage5e_dmw_afrc,2,50,hmoe_support_paired_seed2,1.5330554,1.5444128138680406,0.0135197,0.02,0.01651097357065382,0.01726247,0.01,0.024694077019943268,0.02052035,0.0,0.030299485,0.030299485,0.12,0.09824325740253391,0.0371849039999999
db2407ae49482c94,trmm-opt,trmm-opt,lv2:__PARA__L0-1.__PARA__L1-10.__PARA__L2-60.__PIPE__L0-off.__PIPE__L1-off.__TILE__L0-1.__TILE__L1-8,target,query,query,finetune_dataset,data_1084.pt,27747.0,stage5e_dmw_afrc,2,50,hmoe_support_paired_seed2,4.246726,4.159405571080465,0.1107272999999997,0.59,0.707407211514954,0.06605354,0.34,0.9115304,0.5715303999999999,0.96,1.1880098640496306,0.2725245,0.0,0.0012572487271448013,0.003456879
6bc065582b0ca9d2,trmm-opt,trmm-opt,lv2:__PARA__L0-1.__PARA__L1-1.__PARA__L2-6.__PIPE__L0-off.__PIPE__L1-off.__TILE__L0-1.__TILE__L1-80,target,query,query,finetune_dataset,data_1068.pt,428847.0,stage5e_dmw_afrc,2,50,hmoe_support_paired_seed2,2.2716966,2.2022222045058015,0.0636126999999997,0.01,0.020536765099384017,0.02066498,0.0,-0.009670403,0.009670403,0.0,-0.004438170126180362,0.0053821504,0.03,0.02222330639612707,0.004642145
08d05a519d53e0dc,trmm-opt,trmm-opt,lv2:__PARA__L0-1.__PARA__L1-1.__PARA__L2-8.__PIPE__L0-off.__PIPE__L1-off.__TILE__L0-1.__TILE__L1-80,target,query,query,finetune_dataset,data_1076.pt,496301.0,stage5e_dmw_afrc,2,50,hmoe_support_paired_seed2,2.1663203,2.270951790800632,0.1368106999999998,0.01,0.04637098994172026,0.0280572679999999,0.0,-0.0067294184,0.0067294184,0.0,0.0024488837379331462,0.006037116,0.04,0.022747360766787062,0.0082187
6bc3aa7c10c618da,trmm-opt,trmm-opt,lv2:__PARA__L0-1.__PARA__L1-10.__PARA__L2-60.__PIPE__L0-off.__PIPE__L1-off.__TILE__L0-1.__TILE__L1-1,target,query,query,finetune_dataset,data_1083.pt,27747.0,stage5e_dmw_afrc,2,50,hmoe_support_paired_seed2,4.246726,4.317538614405548,0.1067070000000001,0.59,0.6605566004980564,0.0179262999999999,0.34,0.4097205,0.0697204999999999,0.96,1.0392084248756293,0.13131567,0.0,0.0026031781964661054,0.0026655626
c7e892bf04674ff8,trmm-opt,trmm-opt,lv2:__PARA__L0-1.__PARA__L1-1.__PARA__L2-15.__PIPE__L0-off.__PIPE__L1-off.__TILE__L0-1.__TILE__L1-1,target,query,query,finetune_dataset,data_1045.pt,337647.0,stage5e_dmw_afrc,2,50,hmoe_support_paired_seed2,2.4441702,2.3453588713302302,0.1129886999999998,0.03,0.06452738025217791,0.02871421,0.01,0.01484561,0.00484561,0.0,0.028772589388754266,0.007234961,0.04,0.027408517899166023,0.010934587
6c63a264071adcb0,trmm-opt,trmm-opt,lv2:__PARA__L0-1.__PARA__L1-10.__PARA__L2-1.__PIPE__L0-off.__PIPE__L1-flatten.__TILE__L0-1.__TILE__L1-1,target,query,query,finetune_dataset,data_1078.pt,27747.0,stage5e_dmw_afrc,2,50,hmoe_support_paired_seed2,4.246726,4.230945826866001,0.0419900000000001,0.59,0.5290535419907626,0.0931260599999999,0.34,0.43281898,0.09281898,0.96,0.8743000643242563,0.1168327,0.0,0.006415685428733025,0.016731186
96d5a336f660ed0e,trmm-opt,trmm-opt,lv2:__PARA__L0-1.__PARA__L1-1.__PARA__L2-3.__PIPE__L0-off.__PIPE__L1-off.__TILE__L0-1.__TILE__L1-1,target,query,query,finetune_dataset,data_1054.pt,644847.0,stage5e_dmw_afrc,2,50,hmoe_support_paired_seed2,1.9774497,1.6033094968302188,0.2446060999999999,0.0,0.019642709864022202,0.011819869,0.0,0.0069234967,0.0069234967,0.0,0.0022105945870650383,0.0056992173,0.02,0.02193502450664986,0.0118750599999999
b0a03dc635568a28,trmm-opt,trmm-opt,lv2:__PARA__L0-1.__PARA__L1-2.__PARA__L2-60.__PIPE__L0-off.__PIPE__L1-off.__TILE__L0-1.__TILE__L1-1,target,query,query,finetune_dataset,data_1093.pt,29669.0,stage5e_dmw_afrc,2,50,hmoe_support_paired_seed2,4.198414,4.025634687872328,0.1115952999999994,0.21,0.2189157015096402,0.04811318,0.09,0.07403976,0.01596024,0.19,0.164196702879685,0.0087586199999999,0.01,0.009471517138589356,0.001574066
56fb027c5c12b299,trmm-opt,trmm-opt,lv2:__PARA__L0-1.__PARA__L1-1.__PARA__L2-3.__PIPE__L0-off.__PIPE__L1-off.__TILE__L0-1.__TILE__L1-80,target,query,query,finetune_dataset,data_1055.pt,644847.0,stage5e_dmw_afrc,2,50,hmoe_support_paired_seed2,1.9774497,1.9839304786668657,0.0401807999999999,0.0,0.0031524267502950985,0.0012577903,0.0,-0.014731758,0.014731758,0.0,-0.00901950830570709,0.0037341416,0.02,0.01986418333811748,0.014182772
92991a91512690d7,trmm-opt,trmm-opt,lv2:__PARA__L0-2.__PARA__L1-2.__PARA__L2-1.__PIPE__L0-off.__PIPE__L1-flatten.__TILE__L0-1.__TILE__L1-1,target,query,query,finetune_dataset,data_1119.pt,6878.0,stage5e_dmw_afrc,2,50,hmoe_support_paired_seed2,5.2528615,5.136182486948497,0.0862388999999996,0.35,0.36336396991951614,0.1732078999999999,2.51,2.154393,0.355607,0.38,0.33643981830435205,0.05970647,0.01,-0.0009058651302621894,0.0072013999
9f7b7b5cedfda7ff,trmm-opt,trmm-opt,lv2:__PARA__L0-1.__PARA__L1-1.__PARA__L2-32.__PIPE__L0-off.__PIPE__L1-off.__TILE__L0-60.__TILE__L1-1,target,query,query,finetune_dataset,data_1061.pt,1029341.0,stage5e_dmw_afrc,2,50,hmoe_support_paired_seed2,1.6401036,2.3744141415921316,0.6429444,0.11,0.11294688193098726,0.04458867,0.03,0.03501275,0.00501275,0.02,0.02751635237541789,0.0008765649999999,0.01,0.015690916617809893,0.0023733044
0d84e7faa73503ba,trmm-opt,trmm-opt,lv2:__PARA__L0-1.__PARA__L1-1.__PARA__L2-60.__PIPE__L0-off.__PIPE__L1-off.__TILE__L0-60.__TILE__L1-1,target,query,query,finetune_dataset,data_1074.pt,246747.0,stage5e_dmw_afrc,2,50,hmoe_support_paired_seed2,2.6704118,3.158233890598647,0.3943259999999999,0.11,0.13177229343373373,0.0226778799999999,0.03,0.08234307,0.05234307,0.01,0.012860531197158978,0.13396327,0.01,0.0094375864744328,0.0125883901
a34e73c0529a9001,trmm-opt,trmm-opt,lv2:__PARA__L0-1.__PARA__L1-1.__PARA__L2-1.__PIPE__L0-off.__PIPE__L1-flatten.__TILE__L0-1.__TILE__L1-1,target,query,query,finetune_dataset,data_1034.pt,28767.0,stage5e_dmw_afrc,2,50,hmoe_support_paired_seed2,4.2206845,4.237253738429626,0.1406980000000004,0.16,0.15497157271041423,0.00817854,0.06,0.048064917,0.0119350829999999,0.09,0.09825472712853857,0.001095805,0.01,0.015591463189914494,0.032215213
75e9f653022501f1,trmm-opt,trmm-opt,lv2:__PARA__L0-4.__PARA__L1-16.__PARA__L2-1.__PIPE__L0-off.__PIPE__L1-flatten.__TILE__L0-1.__TILE__L1-1,target,query,query,finetune_dataset,data_1130.pt,3105.0,stage5e_dmw_afrc,2,50,hmoe_support_paired_seed2,5.8265595,5.383872329740862,0.4320905000000001,3.13,2.6397084130719413,0.5076592999999998,14.84,12.231444,2.608556,5.99,4.839957275935634,1.2170474000000002,0.01,0.0024190123972112516,0.0015055799999999
084c86c4ad3639ac,trmm-opt,trmm-opt,lv2:__PARA__L0-4.__PARA__L1-8.__PARA__L2-1.__PIPE__L0-off.__PIPE__L1-flatten.__TILE__L0-1.__TILE__L1-1,target,query,query,finetune_dataset,data_1134.pt,3180.0,stage5e_dmw_afrc,2,50,hmoe_support_paired_seed2,5.809343,5.319598910370168,0.5795680000000001,1.57,1.5757694721351014,0.0022033000000001,7.43,7.842447,0.4124470000000002,2.99,2.9741387077546886,0.1740140000000001,0.01,0.004778679966159721,0.002331886
1fa87e3b25c0be4a,trmm-opt,trmm-opt,lv2:__PARA__L0-1.__PARA__L1-1.__PARA__L2-5.__PIPE__L0-off.__PIPE__L1-off.__TILE__L0-1.__TILE__L1-1,target,query,query,finetune_dataset,data_1065.pt,486447.0,stage5e_dmw_afrc,2,50,hmoe_support_paired_seed2,2.1807868,1.8149111880868203,0.2708127,0.01,0.034239625435885726,0.0279725399999999,0.0,0.008840799,0.008840799,0.0,0.007375046539003741,0.007563412,0.03,0.025221479625203005,0.0039568099999999
a4c8a2990a734281,trmm-opt,trmm-opt,lv2:__PARA__L0-1.__PARA__L1-1.__PARA__L2-20.__PIPE__L0-off.__PIPE__L1-off.__TILE__L0-60.__TILE__L1-1,target,query,query,finetune_dataset,data_1053.pt,313647.0,stage5e_dmw_afrc,2,50,hmoe_support_paired_seed2,2.4973571,2.520822112775935,0.0509515,0.04,0.05967476737147602,0.0037408099999999,0.01,0.022623688,0.012623688,0.0,0.02888590772459991,0.0032552779,0.01,0.0256412903140513,0.022140777
053e48fb97e31f59,trmm-opt,trmm-opt,lv2:__PARA__L0-1.__PARA__L1-1.__PARA__L2-16.__PIPE__L0-off.__PIPE__L1-off.__TILE__L0-1.__TILE__L1-1,target,query,query,finetune_dataset,data_1048.pt,654701.0,stage5e_dmw_afrc,2,50,hmoe_support_paired_seed2,1.96651,2.3815903347212073,0.3963523000000002,0.03,0.06548156083997259,0.02937043,0.01,0.014775246,0.004775246,0.01,0.02968074116666459,0.003113786,0.04,0.027255371953117356,0.012230451
8376225e029a3a76,trmm-opt,trmm-opt,lv2:__PARA__L0-1.__PARA__L1-2.__PARA__L2-1.__PIPE__L0-off.__PIPE__L1-flatten.__TILE__L0-1.__TILE__L1-1,target,query,query,finetune_dataset,data_1089.pt,29669.0,stage5e_dmw_afrc,2,50,hmoe_support_paired_seed2,4.198414,4.197613245917711,0.1204810000000007,0.21,0.2387046365218955,0.0099727599999999,0.09,0.12222472,0.03222472,0.19,0.23167458591858445,0.016347,0.01,0.004763061371824828,0.0054751969999999
768ea1e341a9dfd2,trmm-opt,trmm-opt,lv2:__PARA__L0-1.__PARA__L1-4.__PARA__L2-1.__PIPE__L0-off.__PIPE__L1-flatten.__TILE__L0-60.__TILE__L1-1,target,query,query,finetune_dataset,data_1103.pt,26069.0,stage5e_dmw_afrc,2,50,hmoe_support_paired_seed2,4.2917247,4.258255517863402,0.0104179999999995,0.3,0.3042688972330738,0.0367421,0.15,0.17658624,0.02658624,0.38,0.42162189649886145,0.0218468,0.01,0.0027132590642142134,0.0023036266
0a794b6a50ac753a,trmm-opt,trmm-opt,lv2:__PARA__L0-2.__PARA__L1-5.__PARA__L2-1.__PIPE__L0-off.__PIPE__L1-flatten.__TILE__L0-1.__TILE__L1-1,target,query,query,finetune_dataset,data_1122.pt,10962.0,stage5e_dmw_afrc,2,50,hmoe_support_paired_seed2,4.9166365,5.448634185516823,0.5064834999999999,0.57,0.5982448827812046,0.0328659499999999,1.82,2.6923451,0.8723450999999998,0.95,1.015935502291461,0.0092132999999999,0.01,-0.0016303609296797093,0.002692845
a77626f013493590,trmm-opt,trmm-opt,lv2:__PARA__L0-1.__PARA__L1-1.__PARA__L2-30.__PIPE__L0-off.__PIPE__L1-off.__TILE__L0-1.__TILE__L1-1,target,query,query,finetune_dataset,data_1056.pt,284847.0,stage5e_dmw_afrc,2,50,hmoe_support_paired_seed2,2.5668344,2.450378664056867,0.0810929999999996,0.1,0.10688558926092381,0.0287775299999999,0.04,0.021525145,0.018474855,0.01,0.025934695400190576,0.0109164185,0.01,0.020187092843113,0.002406504
8ff1de1909c0e79a,trmm-opt,trmm-opt,lv2:__PARA__L0-1.__PARA__L1-8.__PARA__L2-1.__PIPE__L0-off.__PIPE__L1-flatten.__TILE__L0-1.__TILE__L1-1,target,query,query,finetune_dataset,data_1111.pt,24567.0,stage5e_dmw_afrc,2,50,hmoe_support_paired_seed2,4.3345313,4.24493291256061,0.054615,0.47,0.4180246817131026,0.0881318499999999,0.28,0.35038027,0.0703802699999999,0.76,0.7186221223634405,0.0311553599999999,0.01,0.006446327620098639,0.00920448
bfcc70d035a7bf13,trmm-opt,trmm-opt,lv2:__PARA__L0-1.__PARA__L1-1.__PARA__L2-12.__PIPE__L0-off.__PIPE__L1-off.__TILE__L0-60.__TILE__L1-1,target,query,query,finetune_dataset,data_1044.pt,337647.0,stage5e_dmw_afrc,2,50,hmoe_support_paired_seed2,2.4441702,2.3727338066203907,0.0946971999999997,0.01,0.04564701077884202,0.0239732169999999,0.0,0.020309508,0.020309508,0.0,0.014577154210569527,0.0047587454,0.06,0.028676602277160276,0.021953476
8a67174d1f09ea2c,trmm-opt,trmm-opt,lv2:__PARA__L0-1.__PARA__L1-1.__PARA__L2-10.__PIPE__L0-off.__PIPE__L1-off.__TILE__L0-1.__TILE__L1-1,target,query,query,finetune_dataset,data_1039.pt,366447.0,stage5e_dmw_afrc,2,50,hmoe_support_paired_seed2,2.3851259,2.17202100956868,0.2010080999999997,0.01,0.06005414054255904,0.0419371029999999,0.0,0.014310926,0.014310926,0.0,0.022774735329237693,0.008232743,0.05,0.027310491731407316,0.017752352
bad25a4a5fdb07e0,trmm-opt,trmm-opt,lv2:__PARA__L0-1.__PARA__L1-5.__PARA__L2-1.__PIPE__L0-off.__PIPE__L1-flatten.__TILE__L0-60.__TILE__L1-1,target,query,query,finetune_dataset,data_1108.pt,33032.0,stage5e_dmw_afrc,2,50,hmoe_support_paired_seed2,4.1209598,4.278745260937996,0.1729188000000006,0.3,0.3368145849881761,0.0042618999999999,0.17,0.20723712,0.0372371199999999,0.48,0.49628242198985895,0.0175487999999999,0.01,0.0036848454117095445,0.001110163
035bd1a25fd49371,trmm-opt,trmm-opt,lv2:__PARA__L0-1.__PARA__L1-1.__PARA__L2-30.__PIPE__L0-off.__PIPE__L1-off.__TILE__L0-1.__TILE__L1-80,target,query,query,finetune_dataset,data_1057.pt,284847.0,stage5e_dmw_afrc,2,50,hmoe_support_paired_seed2,2.5668344,2.148317285209586,0.0528496999999998,0.1,0.09799013509652975,0.02106073,0.04,0.018497974,0.021502026,0.01,-0.0004798952132786064,0.0062970912,0.01,0.017060415377301272,0.0006057359999999
68c6712bdb4fd321,trmm-opt,trmm-opt,lv2:__PARA__L0-12.__PARA__L1-8.__PARA__L2-1.__PIPE__L0-off.__PIPE__L1-flatten.__TILE__L0-1.__TILE__L1-1,target,query,query,finetune_dataset,data_1116.pt,4777.0,stage5e_dmw_afrc,2,50,hmoe_support_paired_seed2,5.515804,5.354305208492839,0.2163029999999999,4.16,3.7973663560450936,0.1522304000000005,17.61,15.929188,1.6808119999999995,8.37,7.365542426968407,0.9379019999999992,0.01,3.137785612756872e-05,0.012533579
d1a0df99d715871c,trmm-opt,trmm-opt,lv2:__PARA__L0-1.__PARA__L1-1.__PARA__L2-4.__PIPE__L0-off.__PIPE__L1-off.__TILE__L0-1.__TILE__L1-80,target,query,query,finetune_dataset,data_1063.pt,553647.0,stage5e_dmw_afrc,2,50,hmoe_support_paired_seed2,2.0874448,2.078763257438656,0.0401483000000002,0.0,0.008964392557853357,0.014924258,0.0,-0.013267234,0.013267234,0.0,-0.00681698407154213,0.0044006407,0.02,0.021121790140186815,0.0169695869999999
b2b5817237c5da37,trmm-opt,trmm-opt,lv2:__PARA__L0-1.__PARA__L1-1.__PARA__L2-16.__PIPE__L0-off.__PIPE__L1-off.__TILE__L0-1.__TILE__L1-80,target,query,query,finetune_dataset,data_1049.pt,654701.0,stage5e_dmw_afrc,2,50,hmoe_support_paired_seed2,1.96651,2.2651718820632354,0.5267556,0.03,0.06064875765403778,0.01972589,0.01,-0.0004553056,0.0104553056,0.01,0.009194947769888282,0.0040328896,0.04,0.02355980159260581,0.014722223
491e9d6fa5be4ef8,trmm-opt,trmm-opt,lv2:__PARA__L0-4.__PARA__L1-5.__PARA__L2-1.__PIPE__L0-off.__PIPE__L1-flatten.__TILE__L0-1.__TILE__L1-1,target,query,query,finetune_dataset,data_1133.pt,11375.0,stage5e_dmw_afrc,2,50,hmoe_support_paired_seed2,4.889959,5.480396383107117,0.5095603999999998,1.0,1.057557906797087,0.0154151999999999,4.65,6.946828,2.296828,1.87,1.8780623487738946,0.2632350000000001,0.01,0.005612146085627531,0.0024721959999999
d3f2f466ee008af5,trmm-opt,trmm-opt,lv2:__PARA__L0-1.__PARA__L1-2.__PARA__L2-60.__PIPE__L0-off.__PIPE__L1-NA.__TILE__L0-1.__TILE__L1-1,target,query,query,finetune_dataset,data_1091.pt,29669.0,stage5e_dmw_afrc,2,50,hmoe_support_paired_seed2,4.198414,4.1261200720966515,0.0595923999999996,0.21,0.23140752027813596,0.0981167,0.09,0.098370284,0.008370284,0.19,0.16955601332242606,0.06618762,0.01,0.005134144065522413,0.001420643
af60c08335618b2a,trmm-opt,trmm-opt,lv2:__PARA__L0-2.__PARA__L1-8.__PARA__L2-1.__PIPE__L0-off.__PIPE__L1-flatten.__TILE__L0-1.__TILE__L1-1,target,query,query,finetune_dataset,data_1123.pt,3578.0,stage5e_dmw_afrc,2,50,hmoe_support_paired_seed2,5.7242794,5.223259861328515,0.6187034000000002,0.88,0.8548538853142739,0.1167066,2.91,3.093373,0.183373,1.52,1.5665414962607702,0.0367543000000001,0.01,-0.0007102123725545766,0.0033674569999999
8566ffa0d50d6e7f,trmm-opt,trmm-opt,lv2:__PARA__L0-3.__PARA__L1-4.__PARA__L2-1.__PIPE__L0-off.__PIPE__L1-flatten.__TILE__L0-1.__TILE__L1-1,target,query,query,finetune_dataset,data_1127.pt,6430.0,stage5e_dmw_afrc,2,50,hmoe_support_paired_seed2,5.301447,5.65511742837837,0.4012817000000002,0.7,0.756032130368003,0.0158078,4.95,5.0866237,0.1366236999999994,1.13,1.1317552806874853,0.2451480699999999,0.01,0.001858401405174751,0.005465958
264c7a4271e56457,trmm-opt,trmm-opt,lv2:__PARA__L0-1.__PARA__L1-1.__PARA__L2-12.__PIPE__L0-off.__PIPE__L1-off.__TILE__L0-1.__TILE__L1-80,target,query,query,finetune_dataset,data_1043.pt,337647.0,stage5e_dmw_afrc,2,50,hmoe_support_paired_seed2,2.4441702,2.2316569516887483,0.0359011999999996,0.01,0.05421980073899896,0.0353934969999999,0.0,-0.0021586332,0.0021586332,0.0,0.005794702941753079,0.006455481,0.06,0.022723031541979542,0.032763555
44e2027c87eee2df,trmm-opt,trmm-opt,lv2:__PARA__L0-1.__PARA__L1-1.__PARA__L2-32.__PIPE__L0-off.__PIPE__L1-off.__TILE__L0-1.__TILE__L1-1,target,query,query,finetune_dataset,data_1059.pt,1029341.0,stage5e_dmw_afrc,2,50,hmoe_support_paired_seed2,1.6401036,2.003026866975863,0.231816,0.11,0.11132198289526916,0.02356781,0.03,0.005198002,0.024801998,0.02,0.038003624563309815,0.0122431919999999,0.01,0.02046328535815949,0.0085280269999999
e8704854c86a857c,trmm-opt,trmm-opt,lv2:__PARA__L0-1.__PARA__L1-4.__PARA__L2-60.__PIPE__L0-off.__PIPE__L1-off.__TILE__L0-1.__TILE__L1-1,target,query,query,finetune_dataset,data_1105.pt,26069.0,stage5e_dmw_afrc,2,50,hmoe_support_paired_seed2,4.2917247,4.2795456957695714,0.0487723000000004,0.3,0.3259374428400051,0.1026712,0.15,0.2040044,0.0540044,0.38,0.3355542480532887,0.0036641599999999,0.01,0.005657733894395031,0.0111097754
d0042c5f7d60422e,trmm-opt,trmm-opt,lv2:__PARA__L0-3.__PARA__L1-8.__PARA__L2-1.__PIPE__L0-off.__PIPE__L1-flatten.__TILE__L0-1.__TILE__L1-1,target,query,query,finetune_dataset,data_1128.pt,5627.0,stage5e_dmw_afrc,2,50,hmoe_support_paired_seed2,5.397673,5.322257053842948,0.1971577,1.22,1.2807884962875828,0.0033795999999999,5.26,5.814362,0.5543620000000002,2.26,2.321689428239089,0.1768636999999997,0.01,0.0006931094468158763,0.00049803
074212ad079c0aac,trmm-opt,trmm-opt,lv2:__PARA__L0-1.__PARA__L1-1.__PARA__L2-1.__PIPE__L0-off.__PIPE__L1-off.__TILE__L0-1.__TILE__L1-80,target,query,query,finetune_dataset,data_1038.pt,1547247.0,stage5e_dmw_afrc,2,50,hmoe_support_paired_seed2,1.3461123,1.62565321746994,0.0731022000000001,0.0,0.018919279820184046,0.02874136,0.0,-0.004549405,0.004549405,0.0,0.00012820637351979093,0.02768743,0.02,0.016217533466798734,0.0126430155
b504309409dda6ca,trmm-opt,trmm-opt,lv2:__PARA__L0-1.__PARA__L1-5.__PARA__L2-60.__PIPE__L0-off.__PIPE__L1-off.__TILE__L0-1.__TILE__L1-1,target,query,query,finetune_dataset,data_1110.pt,33032.0,stage5e_dmw_afrc,2,50,hmoe_support_paired_seed2,4.1209598,4.313073820448697,0.2475686000000001,0.3,0.35863237474551934,0.11631213,0.17,0.20695826,0.0369582599999999,0.48,0.4594536191536404,0.0125141,0.01,0.005249649143675937,0.0095306898
56b873dc6e449cf7,trmm-opt,trmm-opt,lv2:__PARA__L0-1.__PARA__L1-1.__PARA__L2-16.__PIPE__L0-off.__PIPE__L1-off.__TILE__L0-60.__TILE__L1-1,target,query,query,finetune_dataset,data_1050.pt,654701.0,stage5e_dmw_afrc,2,50,hmoe_support_paired_seed2,1.96651,2.4444466996616194,0.477023,0.03,0.049341618508867514,0.00519216,0.01,0.020264804,0.010264804,0.01,0.02141260558943771,0.005918393,0.04,0.02788336975356347,0.003556662
266d2385aa651e25,trmm-opt,trmm-opt,lv2:__PARA__L0-1.__PARA__L1-1.__PARA__L2-15.__PIPE__L0-off.__PIPE__L1-off.__TILE__L0-1.__TILE__L1-80,target,query,query,finetune_dataset,data_1046.pt,337647.0,stage5e_dmw_afrc,2,50,hmoe_support_paired_seed2,2.4441702,2.253223849838451,0.0274198000000001,0.03,0.05920607662385972,0.018597336,0.01,-0.0008377796,0.0108377796,0.0,0.008304161264454197,0.006165117,0.04,0.02384006237220645,0.01398861
13f4049ec8c5900c,trmm-opt,trmm-opt,lv2:__PARA__L0-1.__PARA__L1-1.__PARA__L2-20.__PIPE__L0-off.__PIPE__L1-off.__TILE__L0-1.__TILE__L1-80,target,query,query,finetune_dataset,data_1052.pt,313647.0,stage5e_dmw_afrc,2,50,hmoe_support_paired_seed2,2.4973571,2.3157962838008657,0.0956871999999999,0.04,0.0685855472800765,0.018226407,0.01,0.0022637248,0.0077362752,0.0,0.015393167934181627,0.0049266517,0.01,0.021378085699948614,0.010465476
1747dfcaa081a2a5,trmm-opt,trmm-opt,lv2:__PARA__L0-1.__PARA__L1-1.__PARA__L2-4.__PIPE__L0-off.__PIPE__L1-off.__TILE__L0-1.__TILE__L1-1,target,query,query,finetune_dataset,data_1062.pt,553647.0,stage5e_dmw_afrc,2,50,hmoe_support_paired_seed2,2.0874448,1.7057277866325342,0.2581103,0.0,0.025857852565592657,0.02785325,0.0,0.007441491,0.007441491,0.0,0.0035405021911183265,0.0067216456,0.02,0.023659473260019177,0.01449957
98a61e0d484cdec1,trmm-opt,trmm-opt,lv2:__PARA__L0-1.__PARA__L1-1.__PARA__L2-10.__PIPE__L0-off.__PIPE__L1-off.__TILE__L0-1.__TILE__L1-80,target,query,query,finetune_dataset,data_1040.pt,366447.0,stage5e_dmw_afrc,2,50,hmoe_support_paired_seed2,2.3851259,2.2593189849866797,0.0216276999999998,0.01,0.05028440343444987,0.0322633899999999,0.0,-0.004209099,0.004209099,0.0,0.004485216167254385,0.006392747,0.05,0.0215526850059989,0.020904188
2daee5e30c354acd,trmm-opt,trmm-opt,lv2:__PARA__L0-1.__PARA__L1-1.__PARA__L2-12.__PIPE__L0-off.__PIPE__L1-off.__TILE__L0-1.__TILE__L1-1,target,query,query,finetune_dataset,data_1042.pt,337647.0,stage5e_dmw_afrc,2,50,hmoe_support_paired_seed2,2.4441702,2.235593072689555,0.2032262,0.01,0.061472840342028115,0.0447828969999999,0.0,0.01539731,0.01539731,0.0,0.025677796744274686,0.007979423,0.06,0.027393420111179907,0.0288112299999999
1bb5841ebfe22d73,trmm-opt,trmm-opt,lv2:__PARA__L0-1.__PARA__L1-1.__PARA__L2-8.__PIPE__L0-off.__PIPE__L1-off.__TILE__L0-60.__TILE__L1-1,target,query,query,finetune_dataset,data_1077.pt,496301.0,stage5e_dmw_afrc,2,50,hmoe_support_paired_seed2,2.1663203,2.2854693500471805,0.0642247,0.01,0.04121893402227422,0.020928046,0.0,0.017182589,0.017182589,0.0,0.004891342914767874,0.0052194297,0.04,0.02902896401526036,0.0021505299999999
fc3ebd766d4cb70f,trmm-opt,trmm-opt,lv2:__PARA__L0-1.__PARA__L1-5.__PARA__L2-60.__PIPE__L0-off.__PIPE__L1-NA.__TILE__L0-1.__TILE__L1-1,target,query,query,finetune_dataset,data_1109.pt,33032.0,stage5e_dmw_afrc,2,50,hmoe_support_paired_seed2,4.1209598,4.247733832534603,0.1721902000000001,0.3,0.33988541969184455,0.0033768,0.17,0.15764281,0.01235719,0.48,0.5038668254746155,0.0433346399999999,0.01,0.004328164515259497,0.00309011
935f051a2bb8fa64,trmm-opt,trmm-opt,lv2:__PARA__L0-1.__PARA__L1-1.__PARA__L2-6.__PIPE__L0-off.__PIPE__L1-off.__TILE__L0-1.__TILE__L1-1,target,query,query,finetune_dataset,data_1067.pt,428847.0,stage5e_dmw_afrc,2,50,hmoe_support_paired_seed2,2.2716966,1.9323755917003482,0.2971557999999998,0.01,0.04800334064283442,0.03367107,0.0,0.0101545155,0.0101545155,0.0,0.010290025666301876,0.0080421865,0.03,0.025919187794240874,0.00330265
797d243708fe4540,trmm-opt,trmm-opt,lv2:__PARA__L0-2.__PARA__L1-16.__PARA__L2-1.__PIPE__L0-off.__PIPE__L1-flatten.__TILE__L0-1.__TILE__L1-1,target,query,query,finetune_dataset,data_1118.pt,3428.0,stage5e_dmw_afrc,2,50,hmoe_support_paired_seed2,5.7551727,5.583979248586946,0.0614867000000005,1.72,1.8168095714316816,0.0554825000000001,5.81,6.1161675,0.3061675000000008,3.04,3.3392962818720684,0.1803132999999999,0.01,-0.0029954958550873828,0.003844645
6e0a0a1e679ea7de,trmm-opt,trmm-opt,lv2:__PARA__L0-1.__PARA__L1-1.__PARA__L2-60.__PIPE__L0-off.__PIPE__L1-NA.__TILE__L0-1.__TILE__L1-1,target,query,query,finetune_dataset,data_1069.pt,9387.0,stage5e_dmw_afrc,2,50,hmoe_support_paired_seed2,5.028524,4.530017893044191,0.2957640000000001,0.16,0.1431461388335686,0.03122979,0.06,0.048353404,0.0116465959999999,0.09,0.05658861857246679,0.021886084,0.01,0.02070285845948433,0.07118506
f9f2f71ec25fe3fb,trmm-opt,trmm-opt,lv2:__PARA__L0-6.__PARA__L1-8.__PARA__L2-1.__PIPE__L0-off.__PIPE__L1-flatten.__TILE__L0-1.__TILE__L1-1,target,query,query,finetune_dataset,data_1136.pt,4592.0,stage5e_dmw_afrc,2,50,hmoe_support_paired_seed2,5.544295,5.307969142893489,0.3119975999999997,2.27,2.1105576666803154,0.2436821999999998,11.03,10.680658,0.349342,4.41,4.163976148668684,0.3921679999999998,0.0,0.012819600501582375,0.02319531
6de8d03a4e24deea,trmm-opt,trmm-opt,lv2:__PARA__L0-4.__PARA__L1-10.__PARA__L2-1.__PIPE__L0-off.__PIPE__L1-flatten.__TILE__L0-1.__TILE__L1-1,target,query,query,finetune_dataset,data_1129.pt,6450.0,stage5e_dmw_afrc,2,50,hmoe_support_paired_seed2,5.2992067,5.234868704077289,0.1036096999999998,1.96,1.8283067567565774,0.0995738999999999,9.28,8.715179,0.5648210000000002,3.74,3.532401723404446,0.2858753000000003,0.0,0.005885523845253934,0.012018962
c616551aea0c126b,fdtd-2d-large,fdtd-2d-large,lv2:__PARA__L0-1.__PARA__L1-1.__PARA__L2-1.__PARA__L3-1.__PARA__L4-1.__PARA__L5-8.__PARA__L6-32.__PARA__L7-8.__PIPE__L0-off.__PIPE__L2-off.__PIPE__L3-off.__PIPE__L4-off.__TILE__L0-1.__TILE__L2-1.__TILE__L3-1.__TILE__L4-1,target,query,query,finetune_dataset,data_37.pt,4130276.0,stage5e_dmw_afrc,2,50,hmoe_support_paired_seed2,0.637845,0.6100843408498511,0.142313,0.08,0.10044466343131835,0.0224024199999999,0.03,0.0217992213820059,0.004571466,0.03,0.07506202441266543,0.03439978,0.08,0.10298141723278839,0.032138465
ee17c82068784e7b,fdtd-2d-large,fdtd-2d-large,lv2:__PARA__L0-1.__PARA__L1-16.__PARA__L2-1.__PARA__L3-2.__PARA__L4-199.__PARA__L5-8.__PARA__L6-1.__PARA__L7-32.__PIPE__L0-off.__PIPE__L2-off.__PIPE__L3-flatten.__PIPE__L4-off.__TILE__L0-1.__TILE__L2-1.__TILE__L3-1.__TILE__L4-1,target,query,query,finetune_dataset,data_52.pt,91008808.0,stage5e_dmw_afrc,2,50,hmoe_support_paired_seed2,-1.593003,-1.6704656242284888,0.6349532999999999,0.94,0.8216825419893957,0.0759042999999999,0.62,0.6132998988349398,0.0300171299999999,0.98,1.0657923600881467,0.1773291000000001,0.87,0.7222258070492523,0.1058421699999999
af4e468b828ee9a8,fdtd-2d-large,fdtd-2d-large,lv2:__PARA__L0-1.__PARA__L1-16.__PARA__L2-1.__PARA__L3-1.__PARA__L4-199.__PARA__L5-8.__PARA__L6-32.__PARA__L7-32.__PIPE__L0-off.__PIPE__L2-off.__PIPE__L3-off.__PIPE__L4-off.__TILE__L0-1.__TILE__L2-1.__TILE__L3-1.__TILE__L4-1,target,query,query,finetune_dataset,data_50.pt,96495104.0,stage5e_dmw_afrc,2,50,hmoe_support_paired_seed2,-1.6352279,-1.6912900694398434,0.6773792000000001,0.11,0.08381634320352307,0.04741831,0.05,0.049338428857031706,0.0047936259999999,0.05,0.037148289770032095,0.022574681,0.32,0.3429597152553458,0.0196901199999999
10e42364ec89ca1c,fdtd-2d-large,fdtd-2d-large,lv2:__PARA__L0-1.__PARA__L1-2.__PARA__L2-1.__PARA__L3-1.__PARA__L4-199.__PARA__L5-8.__PARA__L6-32.__PARA__L7-32.__PIPE__L0-off.__PIPE__L2-off.__PIPE__L3-off.__PIPE__L4-off.__TILE__L0-1.__TILE__L2-1.__TILE__L3-1.__TILE__L4-1,target,query,query,finetune_dataset,data_60.pt,96495104.0,stage5e_dmw_afrc,2,50,hmoe_support_paired_seed2,-1.6352279,-1.6456839175159883,0.6771170000000001,0.11,0.08660762772355395,0.032634065,0.05,0.052091782515861294,0.0139402,0.05,0.03869049596201058,0.009653378,0.32,0.34512418238654313,0.0280722299999999
bbb1ef8016aae2eb,fdtd-2d-large,fdtd-2d-large,lv2:__PARA__L0-1.__PARA__L1-1.__PARA__L2-1.__PARA__L3-1.__PARA__L4-1.__PARA__L5-1.__PARA__L6-1.__PARA__L7-1.__PIPE__L0-off.__PIPE__L2-flatten.__PIPE__L3-flatten.__PIPE__L4-off.__TILE__L0-1.__TILE__L2-1.__TILE__L3-1.__TILE__L4-1,target,query,query,finetune_dataset,data_1.pt,4847946.0,stage5e_dmw_afrc,2,50,hmoe_support_paired_seed2,0.52227724,0.5084529397263922,0.1424311399999999,0.65,0.7046513553698484,0.0420848999999999,0.38,0.39857159200708725,0.0015648999999999,0.49,0.5449466539424008,0.03785146,0.47,0.582382309975334,0.09603223
bdbae9041b29082c,fdtd-2d-large,fdtd-2d-large,lv2:__PARA__L0-1.__PARA__L1-1.__PARA__L2-1.__PARA__L3-1.__PARA__L4-1.__PARA__L5-1.__PARA__L6-32.__PARA__L7-1.__PIPE__L0-off.__PIPE__L2-off.__PIPE__L3-off.__PIPE__L4-off.__TILE__L0-1.__TILE__L2-1.__TILE__L3-1.__TILE__L4-1,target,query,query,finetune_dataset,data_15.pt,11098446.0,stage5e_dmw_afrc,2,50,hmoe_support_paired_seed2,-0.07517884,-0.09986830386903287,0.11147783,0.05,0.04864792588916298,0.002428848,0.02,0.03015429489314166,0.013924133,0.03,0.026098703331951627,0.0035986889999999,0.08,0.11174625243528617,0.0093680599999999
6588cb1dc715e087,fdtd-2d-large,fdtd-2d-large,lv2:__PARA__L0-1.__PARA__L1-32.__PARA__L2-1.__PARA__L3-2.__PARA__L4-1.__PARA__L5-1.__PARA__L6-1.__PARA__L7-4.__PIPE__L0-off.__PIPE__L2-flatten.__PIPE__L3-flatten.__PIPE__L4-off.__TILE__L0-1.__TILE__L2-1.__TILE__L3-1.__TILE__L4-199,target,query,query,finetune_dataset,data_69.pt,3476933.0,stage5e_dmw_afrc,2,50,hmoe_support_paired_seed2,0.7620564,0.711262952054903,0.20390327,1.05,0.8936880576876716,0.1126854,0.68,0.5289805175843737,0.10116356,0.97,0.873709922317791,0.0452253499999999,0.69,0.677165453886007,0.0156405599999999
7687b65c9eafd3b7,fdtd-2d-large,fdtd-2d-large,lv2:__PARA__L0-1.__PARA__L1-1.__PARA__L2-1.__PARA__L3-1.__PARA__L4-1.__PARA__L5-1.__PARA__L6-1.__PARA__L7-1.__PIPE__L0-off.__PIPE__L2-off.__PIPE__L3-off.__PIPE__L4-off.__TILE__L0-1.__TILE__L2-1.__TILE__L3-1.__TILE__L4-1,target,query,query,finetune_dataset,data_7.pt,14362849.0,stage5e_dmw_afrc,2,50,hmoe_support_paired_seed2,-0.26117098,-0.2611798131171683,0.0603208399999999,0.02,0.04624678795808443,0.04584486,0.01,0.02449163916365974,0.007511845,0.0,0.014285740772256195,0.021422088,0.2,0.17749962046333323,0.03615775
cf7c067d0fbb4854,fdtd-2d-large,fdtd-2d-large,lv2:__PARA__L0-1.__PARA__L1-1.__PARA__L2-1.__PARA__L3-1.__PARA__L4-1.__PARA__L5-8.__PARA__L6-1.__PARA__L7-1.__PIPE__L0-off.__PIPE__L2-off.__PIPE__L3-flatten.__PIPE__L4-off.__TILE__L0-1.__TILE__L2-1.__TILE__L3-1.__TILE__L4-1,target,query,query,finetune_dataset,data_26.pt,5425078.0,stage5e_dmw_afrc,2,50,hmoe_support_paired_seed2,0.4411421,0.36135302385454326,0.0857117,0.56,0.5414153470051637,0.0332233,0.3,0.29482487302875204,0.0210806299999999,0.49,0.486585780729083,0.0097719,0.42,0.4100097929037683,0.00515778
8a8b760d8ccd8d93,fdtd-2d-large,fdtd-2d-large,lv2:__PARA__L0-1.__PARA__L1-1.__PARA__L2-1.__PARA__L3-1.__PARA__L4-1.__PARA__L5-1.__PARA__L6-1.__PARA__L7-1.__PIPE__L0-off.__PIPE__L2-off.__PIPE__L3-off.__PIPE__L4-flatten.__TILE__L0-1.__TILE__L2-1.__TILE__L3-1.__TILE__L4-1,target,query,query,finetune_dataset,data_6.pt,9627846.0,stage5e_dmw_afrc,2,50,hmoe_support_paired_seed2,0.027357515,0.32701766085780865,0.071396685,0.88,0.7300992003911291,0.0980895,0.44,0.3077101363979845,0.1218337999999999,0.7,0.5906901024083735,0.0699705599999999,0.47,0.3977590224422139,0.1083601699999999
c0ce78ce07436a19,fdtd-2d-large,fdtd-2d-large,lv2:__PARA__L0-1.__PARA__L1-16.__PARA__L2-1.__PARA__L3-1.__PARA__L4-199.__PARA__L5-8.__PARA__L6-1.__PARA__L7-32.__PIPE__L0-off.__PIPE__L2-off.__PIPE__L3-flatten.__PIPE__L4-off.__TILE__L0-100.__TILE__L2-1.__TILE__L3-1.__TILE__L4-1,target,query,query,finetune_dataset,data_49.pt,91028704.0,stage5e_dmw_afrc,2,50,hmoe_support_paired_seed2,-1.5931607,-1.571374121462446,0.6349850400000001,0.51,0.5550298063677779,0.0084528999999999,0.32,0.24846804430575442,0.13473029,0.49,0.41440618500173415,0.11850547,0.53,0.6213078778749723,0.0509258999999999
2cd3b2c7af7b80ef,fdtd-2d-large,fdtd-2d-large,lv2:__PARA__L0-1.__PARA__L1-1.__PARA__L2-1.__PARA__L3-1.__PARA__L4-1.__PARA__L5-1.__PARA__L6-4.__PARA__L7-1.__PIPE__L0-off.__PIPE__L2-off.__PIPE__L3-off.__PIPE__L4-off.__TILE__L0-1.__TILE__L2-1.__TILE__L3-1.__TILE__L4-1,target,query,query,finetune_dataset,data_16.pt,11700549.0,stage5e_dmw_afrc,2,50,hmoe_support_paired_seed2,-0.11328811,-0.13491751907287036,0.06235572,0.02,0.04336559044758366,0.0340434119999999,0.01,0.01345083058963198,0.0106416765,0.01,0.006623394402264125,9.923199999999945e-05,0.2,0.17910014303303604,0.01732933
224f94460b242ec7,fdtd-2d-large,fdtd-2d-large,lv2:__PARA__L0-1.__PARA__L1-16.__PARA__L2-199.__PARA__L3-1.__PARA__L4-1.__PARA__L5-8.__PARA__L6-32.__PARA__L7-32.__PIPE__L0-off.__PIPE__L2-off.__PIPE__L3-off.__PIPE__L4-off.__TILE__L0-100.__TILE__L2-1.__TILE__L3-1.__TILE__L4-1,target,query,query,finetune_dataset,data_57.pt,12799945.0,stage5e_dmw_afrc,2,50,hmoe_support_paired_seed2,-0.1780688,0.18792990369674212,0.2134689,0.14,0.21862347285703146,0.0306107599999999,0.06,0.20961245246005933,0.10794044,0.09,0.2887538259537983,0.14434487,0.26,0.27921116459556167,0.0058904399999999
e4bb24edea4453bc,fdtd-2d-large,fdtd-2d-large,lv2:__PARA__L0-1.__PARA__L1-16.__PARA__L2-1.__PARA__L3-1.__PARA__L4-1.__PARA__L5-8.__PARA__L6-32.__PARA__L7-32.__PIPE__L0-off.__PIPE__L2-off.__PIPE__L3-off.__PIPE__L4-off.__TILE__L0-1.__TILE__L2-199.__TILE__L3-1.__TILE__L4-199,target,query,query,finetune_dataset,data_46.pt,10068645.0,stage5e_dmw_afrc,2,50,hmoe_support_paired_seed2,-0.004934772,-0.04208398008276129,0.0055341563,0.15,0.13802332302309284,0.0062037,0.06,0.04496454259916,0.008636745,0.09,0.04785296834699962,0.031478044,0.14,0.1832279301123314,0.05962423
0df2afff91484b47,fdtd-2d-large,fdtd-2d-large,lv2:__PARA__L0-1.__PARA__L1-1.__PARA__L2-1.__PARA__L3-1.__PARA__L4-1.__PARA__L5-1.__PARA__L6-1.__PARA__L7-16.__PIPE__L0-off.__PIPE__L2-flatten.__PIPE__L3-flatten.__PIPE__L4-off.__TILE__L0-1.__TILE__L2-1.__TILE__L3-1.__TILE__L4-1,target,query,query,finetune_dataset,data_8.pt,9280846.0,stage5e_dmw_afrc,2,50,hmoe_support_paired_seed2,0.053835887,0.531453124818851,0.3055088929999999,0.66,0.6889775270287447,0.00321225,0.4,0.39096406546996537,0.0328188,0.49,0.4842599485015986,0.0477932299999999,0.58,0.5583465865728489,0.0556165999999999
2579e364929f0376,fdtd-2d-large,fdtd-2d-large,lv2:__PARA__L0-1.__PARA__L1-16.__PARA__L2-1.__PARA__L3-1.__PARA__L4-1.__PARA__L5-8.__PARA__L6-32.__PARA__L7-32.__PIPE__L0-off.__PIPE__L2-off.__PIPE__L3-off.__PIPE__L4-off.__TILE__L0-100.__TILE__L2-1.__TILE__L3-1.__TILE__L4-1,target,query,query,finetune_dataset,data_47.pt,10068645.0,stage5e_dmw_afrc,2,50,hmoe_support_paired_seed2,-0.004934772,0.8626333432318258,0.4978071919999999,0.15,0.15741721516464102,0.02977299,0.06,0.08182052270814219,0.0093906199999999,0.09,0.13564956889592855,0.0208451699999999,0.14,0.12859530751860493,0.0047718
d26ee52b22ad5721,fdtd-2d-large,fdtd-2d-large,lv2:__PARA__L0-1.__PARA__L1-32.__PARA__L2-1.__PARA__L3-2.__PARA__L4-1.__PARA__L5-1.__PARA__L6-1.__PARA__L7-4.__PIPE__L0-off.__PIPE__L2-flatten.__PIPE__L3-flatten.__PIPE__L4-off.__TILE__L0-1.__TILE__L2-1.__TILE__L3-1.__TILE__L4-1,target,query,query,finetune_dataset,data_68.pt,3476933.0,stage5e_dmw_afrc,2,50,hmoe_support_paired_seed2,0.7620564,0.5642094481033721,0.10115825,1.05,0.9879421699559019,0.0082006999999999,0.68,0.8161660750027102,0.1999804399999999,0.97,0.9883424894432891,0.0571372999999999,0.69,0.7049199213357822,0.0065335999999999
5149f70100e19a16,fdtd-2d-large,fdtd-2d-large,lv2:__PARA__L0-1.__PARA__L1-32.__PARA__L2-1.__PARA__L3-1.__PARA__L4-1.__PARA__L5-1.__PARA__L6-1.__PARA__L7-4.__PIPE__L0-off.__PIPE__L2-flatten.__PIPE__L3-flatten.__PIPE__L4-off.__TILE__L0-1.__TILE__L2-1.__TILE__L3-1.__TILE__L4-1,target,query,query,finetune_dataset,data_63.pt,3566533.0,stage5e_dmw_afrc,2,50,hmoe_support_paired_seed2,0.7437029,0.5366469374860712,0.0206248,0.66,0.6817924119923491,0.0002321299999999,0.39,0.4183557666072617,0.0384568,0.49,0.5142235604244585,0.0004351,0.58,0.6113707699408184,0.00126086
49d3b2ff7557b80f,fdtd-2d-large,fdtd-2d-large,lv2:__PARA__L0-1.__PARA__L1-16.__PARA__L2-1.__PARA__L3-1.__PARA__L4-1.__PARA__L5-1.__PARA__L6-1.__PARA__L7-4.__PIPE__L0-off.__PIPE__L2-flatten.__PIPE__L3-flatten.__PIPE__L4-off.__TILE__L0-1.__TILE__L2-1.__TILE__L3-1.__TILE__L4-1,target,query,query,finetune_dataset,data_41.pt,3567046.0,stage5e_dmw_afrc,2,50,hmoe_support_paired_seed2,0.7435991,0.6553272759725418,0.0430452699999999,0.66,0.6832699581220758,0.00023225,0.39,0.41326459044199226,0.0260230999999999,0.49,0.5186447456263055,0.00496678,0.58,0.6015146285368752,0.0060015499999999
3ed41a68d0ef9bf1,fdtd-2d-large,fdtd-2d-large,lv2:__PARA__L0-1.__PARA__L1-1.__PARA__L2-1.__PARA__L3-1.__PARA__L4-1.__PARA__L5-16.__PARA__L6-32.__PARA__L7-1.__PIPE__L0-off.__PIPE__L2-off.__PIPE__L3-off.__PIPE__L4-off.__TILE__L0-1.__TILE__L2-1.__TILE__L3-1.__TILE__L4-1,target,query,query,finetune_dataset,data_19.pt,6879677.0,stage5e_dmw_afrc,2,50,hmoe_support_paired_seed2,0.26979363,0.2298856796860705,0.02337319,0.07,0.08533793386947883,0.0157911999999999,0.03,0.018459488446914328,0.0122292029999999,0.03,0.06559548570100512,0.031529756,0.14,0.11291059234492959,0.02675697
6e8e3db885d78bd2,fdtd-2d-large,fdtd-2d-large,lv2:__PARA__L0-1.__PARA__L1-1.__PARA__L2-1.__PARA__L3-1.__PARA__L4-1.__PARA__L5-1.__PARA__L6-8.__PARA__L7-1.__PIPE__L0-off.__PIPE__L2-off.__PIPE__L3-off.__PIPE__L4-off.__TILE__L0-1.__TILE__L2-1.__TILE__L3-1.__TILE__L4-1,target,query,query,finetune_dataset,data_17.pt,11180549.0,stage5e_dmw_afrc,2,50,hmoe_support_paired_seed2,-0.080495514,-0.09621829789636042,0.0332138659999999,0.03,0.050175189116968014,0.029209257,0.01,0.012724431065891346,0.006127218,0.02,0.011326394392828218,0.011123974,0.2,0.17084692482690939,0.0167835
36342450c0a28278,fdtd-2d-large,fdtd-2d-large,lv2:__PARA__L0-1.__PARA__L1-1.__PARA__L2-1.__PARA__L3-1.__PARA__L4-1.__PARA__L5-8.__PARA__L6-1.__PARA__L7-8.__PIPE__L0-off.__PIPE__L2-off.__PIPE__L3-flatten.__PIPE__L4-off.__TILE__L0-1.__TILE__L2-1.__TILE__L3-1.__TILE__L4-1,target,query,query,finetune_dataset,data_31.pt,2654277.0,stage5e_dmw_afrc,2,50,hmoe_support_paired_seed2,0.9568046,0.8542863609131419,0.0774887,0.56,0.5576873558867133,0.0036184,0.31,0.2820965479888241,0.04733523,0.49,0.47985430484521274,0.0199786,0.36,0.38468987461973725,0.0129564
218cd76217be5500,fdtd-2d-large,fdtd-2d-large,lv2:__PARA__L0-1.__PARA__L1-1.__PARA__L2-1.__PARA__L3-1.__PARA__L4-1.__PARA__L5-8.__PARA__L6-32.__PARA__L7-2.__PIPE__L0-off.__PIPE__L2-off.__PIPE__L3-off.__PIPE__L4-off.__TILE__L0-1.__TILE__L2-1.__TILE__L3-1.__TILE__L4-1,target,query,query,finetune_dataset,data_34.pt,5722276.0,stage5e_dmw_afrc,2,50,hmoe_support_paired_seed2,0.40266952,0.3795095414137237,0.0164929799999999,0.07,0.09693365441266336,0.0406578399999999,0.02,0.02954668879338993,0.020823787,0.03,0.044159829747404206,0.0061379699999999,0.08,0.13025760762611607,0.05872586
dbad873225c851dd,fdtd-2d-large,fdtd-2d-large,lv2:__PARA__L0-1.__PARA__L1-1.__PARA__L2-1.__PARA__L3-1.__PARA__L4-199.__PARA__L5-8.__PARA__L6-1.__PARA__L7-32.__PIPE__L0-off.__PIPE__L2-off.__PIPE__L3-flatten.__PIPE__L4-off.__TILE__L0-1.__TILE__L2-1.__TILE__L3-1.__TILE__L4-1,target,query,query,finetune_dataset,data_39.pt,91028704.0,stage5e_dmw_afrc,2,50,hmoe_support_paired_seed2,-1.5931607,-1.6109217325831844,0.6339519000000001,0.51,0.49754464942672316,0.02620564,0.32,0.3099375906973372,0.0412787299999999,0.49,0.42915986114685795,0.0706564,0.53,0.5448319129938691,0.00515774
8f5ccf53930158b0,fdtd-2d-large,fdtd-2d-large,lv2:__PARA__L0-1.__PARA__L1-16.__PARA__L2-1.__PARA__L3-1.__PARA__L4-1.__PARA__L5-8.__PARA__L6-32.__PARA__L7-1.__PIPE__L0-off.__PIPE__L2-off.__PIPE__L3-off.__PIPE__L4-flatten.__TILE__L0-1.__TILE__L2-199.__TILE__L3-1.__TILE__L4-199,target,query,query,finetune_dataset,data_43.pt,943474.0,stage5e_dmw_afrc,2,50,hmoe_support_paired_seed2,1.7029368,1.3850590542759198,0.1071353999999999,0.92,0.8254546335916692,0.1001914999999999,0.43,0.3240166333130255,0.09980335,0.7,0.6114305588830079,0.0550335999999999,0.58,0.6167287637839592,0.03677605
c4db0bc785b1f9c0,fdtd-2d-large,fdtd-2d-large,lv2:__PARA__L0-1.__PARA__L1-2.__PARA__L2-1.__PARA__L3-1.__PARA__L4-1.__PARA__L5-1.__PARA__L6-1.__PARA__L7-4.__PIPE__L0-off.__PIPE__L2-flatten.__PIPE__L3-flatten.__PIPE__L4-off.__TILE__L0-1.__TILE__L2-1.__TILE__L3-1.__TILE__L4-1,target,query,query,finetune_dataset,data_58.pt,3577546.0,stage5e_dmw_afrc,2,50,hmoe_support_paired_seed2,0.74147886,0.6869788634306507,0.0949099099999999,0.66,0.6503241240310252,0.0356598,0.39,0.39672012136562773,0.0092051,0.49,0.5007917030626781,0.0079961,0.58,0.5934365254129329,0.009699
a8c72ca5d925d23c,fdtd-2d-large,fdtd-2d-large,lv2:__PARA__L0-1.__PARA__L1-4.__PARA__L2-1.__PARA__L3-1.__PARA__L4-199.__PARA__L5-8.__PARA__L6-1.__PARA__L7-32.__PIPE__L0-off.__PIPE__L2-off.__PIPE__L3-flatten.__PIPE__L4-off.__TILE__L0-1.__TILE__L2-1.__TILE__L3-1.__TILE__L4-1,target,query,query,finetune_dataset,data_72.pt,91028704.0,stage5e_dmw_afrc,2,50,hmoe_support_paired_seed2,-1.5931607,-1.637484480100727,0.6340729,0.51,0.48792462359589023,0.0447978199999999,0.32,0.28346212777423774,0.08016027,0.49,0.4061017252423272,0.0940781,0.53,0.561734336080853,0.0274832999999999
