sample_id,kernel,gname,key,dataset_role,split,support_query,cache_split,file_name,actual_perf,model,seed,k,selection,y_true_perf,y_pred_perf,abs_err_perf,y_true_util_LUT,y_pred_util_LUT,abs_err_util_LUT,y_true_util_FF,y_pred_util_FF,abs_err_util_FF,y_true_util_DSP,y_pred_util_DSP,abs_err_util_DSP,y_true_util_BRAM,y_pred_util_BRAM,abs_err_util_BRAM
c64f6f43879e6cb6,syr2k,syr2k,lv2:__PARA__L0-1.__PARA__L1-1.__PARA__L2-1.__PARA__L3-2.__PIPE__L0-off.__PIPE__L2-off.__TILE__L0-1.__TILE__L2-1,target,support,support,finetune_dataset,data_921.pt,341981.0,sgformer_rgcn_qor,1,50,kmeans,2.434969902038574,2.3859763145446777,0.048993587493896484,0.009999999776482582,-0.0059883855283260345,0.015988385304808617,0.0,0.2114684283733368,0.2114684283733368,0.0,-0.3118818998336792,0.3118818998336792,0.029999999329447746,0.1400073915719986,0.1100073903799057
8db3a7561f57850f,syr2k,syr2k,lv2:__PARA__L0-1.__PARA__L1-1.__PARA__L2-1.__PARA__L3-1.__PIPE__L0-off.__PIPE__L2-off.__TILE__L0-1.__TILE__L2-1,target,support,support,finetune_dataset,data_918.pt,533981.0,sgformer_rgcn_qor,1,50,kmeans,2.1135339736938477,2.3681201934814453,0.25458621978759766,0.009999999776482582,-0.010491158813238144,0.020491158589720726,0.0,0.21821996569633484,0.21821996569633484,0.0,-0.301418662071228,0.301418662071228,0.019999999552965164,0.14288534224033356,0.12288534641265869
6533dd41aee879ef,syr2k,syr2k,lv2:__PARA__L0-1.__PARA__L1-2.__PARA__L2-1.__PARA__L3-80.__PIPE__L0-off.__PIPE__L2-off.__TILE__L0-1.__TILE__L2-1,target,support,support,finetune_dataset,data_988.pt,71821.0,sgformer_rgcn_qor,1,50,kmeans,3.5606892108917236,3.2153160572052,0.34537315368652344,0.09000000357627869,0.0528927780687809,0.03710722550749779,0.03999999910593033,0.0491468645632267,0.009146865457296371,0.03999999910593033,0.005851399153470993,0.034148599952459335,0.05000000074505806,0.05132569372653961,0.0013256929814815521
d73266b5cab341fd,syr2k,syr2k,lv2:__PARA__L0-1.__PARA__L1-1.__PARA__L2-2.__PARA__L3-1.__PIPE__L0-off.__PIPE__L2-flatten.__TILE__L0-1.__TILE__L2-4,target,support,support,finetune_dataset,data_940.pt,197467.0,sgformer_rgcn_qor,1,50,kmeans,2.831122398376465,3.3096535205841064,0.4785311222076416,0.18000000715255737,0.09677669405937195,0.08322331309318542,0.09000000357627869,0.29110977053642273,0.20110976696014404,0.019999999552965164,-0.033822882920503616,0.05382288247346878,0.009999999776482582,0.016783850267529488,0.0067838504910469055
91a8fd411290510c,syr2k,syr2k,lv2:__PARA__L0-1.__PARA__L1-8.__PARA__L2-1.__PARA__L3-32.__PIPE__L0-off.__PIPE__L2-off.__TILE__L0-1.__TILE__L2-1,target,support,support,finetune_dataset,data_1021.pt,1999729.0,sgformer_rgcn_qor,1,50,kmeans,1.1610617637634277,2.8433003425598145,1.6822385787963867,0.10000000149011612,0.042776916176080704,0.057223085314035416,0.03999999910593033,0.05114242807030678,0.01114242896437645,0.10000000149011612,-0.1414421647787094,0.24144217371940613,0.019999999552965164,0.11968745291233063,0.09968745708465576
c6bb6863b81bcca5,syr2k,syr2k,lv2:__PARA__L0-1.__PARA__L1-1.__PARA__L2-3.__PARA__L3-1.__PIPE__L0-off.__PIPE__L2-flatten.__TILE__L0-1.__TILE__L2-1,target,support,support,finetune_dataset,data_945.pt,58811.0,sgformer_rgcn_qor,1,50,kmeans,3.7048492431640625,3.422158718109131,0.28269052505493164,0.07999999821186066,0.15098389983177185,0.0709839016199112,0.05000000074505806,0.30643340945243835,0.2564333975315094,0.029999999329447746,-0.011961806565523148,0.041961804032325745,0.05000000074505806,0.030451195314526558,0.019548805430531502
0e54b1930d7346eb,syr2k,syr2k,lv2:__PARA__L0-1.__PARA__L1-32.__PARA__L2-1.__PARA__L3-16.__PIPE__L0-off.__PIPE__L2-off.__TILE__L0-1.__TILE__L2-1,target,support,support,finetune_dataset,data_1006.pt,169901.0,sgformer_rgcn_qor,1,50,kmeans,2.9395809173583984,2.7939696311950684,0.14561128616333008,0.03999999910593033,0.0292949415743351,0.01070505753159523,0.019999999552965164,0.11035320162773132,0.09035320580005646,0.05000000074505806,-0.1654881089925766,0.21548810601234436,0.07999999821186066,0.12788833677768707,0.047888338565826416
10184b53b46431f3,syr2k,syr2k,lv2:__PARA__L0-1.__PARA__L1-1.__PARA__L2-1.__PARA__L3-1.__PIPE__L0-off.__PIPE__L2-flatten.__TILE__L0-1.__TILE__L2-8,target,support,support,finetune_dataset,data_917.pt,195227.0,sgformer_rgcn_qor,1,50,kmeans,2.8393518924713135,3.189361572265625,0.3500096797943115,0.1599999964237213,0.03383323922753334,0.12616676092147827,0.09000000357627869,0.26828500628471375,0.17828500270843506,0.019999999552965164,-0.04888521507382393,0.06888521462678909,0.009999999776482582,0.003971473779529333,0.006028525996953249
0bb1acf1c6bdd6ca,syr2k,syr2k,lv2:__PARA__L0-1.__PARA__L1-1.__PARA__L2-1.__PARA__L3-16.__PIPE__L0-off.__PIPE__L2-off.__TILE__L0-1.__TILE__L2-1,target,support,support,finetune_dataset,data_920.pt,173981.0,sgformer_rgcn_qor,1,50,kmeans,2.9224631786346436,2.591787815093994,0.3306753635406494,0.029999999329447746,-0.0007198117673397064,0.030719811096787453,0.009999999776482582,0.16124412417411804,0.1512441188097,0.05000000074505806,-0.23168455064296722,0.281684547662735,0.07999999821186066,0.11420024931430817,0.03420025110244751
275dbf1f298d56dc,syr2k,syr2k,lv2:__PARA__L0-1.__PARA__L1-4.__PARA__L2-5.__PARA__L3-80.__PIPE__L0-off.__PIPE__L2-NA.__TILE__L0-1.__TILE__L2-1,target,support,support,finetune_dataset,data_1016.pt,54007.0,sgformer_rgcn_qor,1,50,kmeans,3.7663190364837646,3.8268327713012695,0.06051373481750488,0.10999999940395355,0.13060793280601501,0.020607933402061462,0.07000000029802322,-0.12642601132392883,0.19642600417137146,0.029999999329447746,0.20862115919589996,0.17862115800380707,0.05999999865889549,-0.0035148696042597294,0.06351486593484879
9c5fe47a7f3371ca,syr2k,syr2k,lv2:__PARA__L0-1.__PARA__L1-1.__PARA__L2-1.__PARA__L3-1.__PIPE__L0-off.__PIPE__L2-flatten.__TILE__L0-1.__TILE__L2-1,target,support,support,finetune_dataset,data_913.pt,75021.0,sgformer_rgcn_qor,1,50,kmeans,3.529244899749756,3.3449149131774902,0.18432998657226562,0.09000000357627869,0.1308518350124359,0.04085183143615723,0.03999999910593033,0.30258676409721375,0.262586772441864,0.03999999910593033,-0.009862769395112991,0.04986276850104332,0.05000000074505806,0.029243843629956245,0.020756157115101814
dce6c42b9ce883d4,syr2k,syr2k,lv2:__PARA__L0-1.__PARA__L1-1.__PARA__L2-10.__PARA__L3-1.__PIPE__L0-off.__PIPE__L2-flatten.__TILE__L0-1.__TILE__L2-1,target,support,support,finetune_dataset,data_929.pt,53901.0,sgformer_rgcn_qor,1,50,kmeans,3.7677361965179443,3.5933237075805664,0.17441248893737793,0.18000000715255737,0.18957313895225525,0.009573131799697876,0.10999999940395355,0.27055904269218445,0.1605590432882309,0.029999999329447746,0.03698934242129326,0.006989343091845512,0.05000000074505806,0.03245367109775543,0.017546329647302628
0bc9dfce5103edff,syr2k,syr2k,lv2:__PARA__L0-1.__PARA__L1-2.__PARA__L2-4.__PARA__L3-1.__PIPE__L0-off.__PIPE__L2-flatten.__TILE__L0-1.__TILE__L2-1,target,support,support,finetune_dataset,data_996.pt,48381.0,sgformer_rgcn_qor,1,50,kmeans,3.8456718921661377,3.493919849395752,0.35175204277038574,0.09000000357627869,0.15960988402366638,0.0696098804473877,0.05000000074505806,0.2862355411052704,0.23623554408550262,0.029999999329447746,-0.018945563584566116,0.04894556105136871,0.05000000074505806,0.03570355474948883,0.014296445995569229
415d047616978069,syr2k,syr2k,lv2:__PARA__L0-1.__PARA__L1-2.__PARA__L2-10.__PARA__L3-1.__PIPE__L0-off.__PIPE__L2-flatten.__TILE__L0-1.__TILE__L2-1,target,support,support,finetune_dataset,data_989.pt,50701.0,sgformer_rgcn_qor,1,50,kmeans,3.811885118484497,3.631213665008545,0.18067145347595215,0.18000000715255737,0.18970808386802673,0.00970807671546936,0.10999999940395355,0.25546714663505554,0.145467147231102,0.029999999329447746,0.023717056959867477,0.006282942369580269,0.05000000074505806,0.04254354536533356,0.0074564553797245026
bae8fa957b07dc0f,syr2k,syr2k,lv2:__PARA__L0-1.__PARA__L1-1.__PARA__L2-10.__PARA__L3-1.__PIPE__L0-off.__PIPE__L2-flatten.__TILE__L0-1.__TILE__L2-2,target,support,support,finetune_dataset,data_930.pt,123349.0,sgformer_rgcn_qor,1,50,kmeans,3.1705551147460938,3.5698368549346924,0.39928174018859863,0.18000000715255737,0.1888047158718109,0.00880470871925354,0.10999999940395355,0.2815534770488739,0.17155347764492035,0.019999999552965164,0.04173959419131279,0.021739594638347626,0.009999999776482582,0.031206505373120308,0.021206505596637726
7547cdfc13259299,syr2k,syr2k,lv2:__PARA__L0-1.__PARA__L1-2.__PARA__L2-1.__PARA__L3-32.__PIPE__L0-off.__PIPE__L2-off.__TILE__L0-1.__TILE__L2-1,target,support,support,finetune_dataset,data_986.pt,2002129.0,sgformer_rgcn_qor,1,50,kmeans,1.1601965427398682,2.794334888458252,1.6341383457183838,0.10000000149011612,0.03965756669640541,0.06034243479371071,0.03999999910593033,0.0920083224773407,0.05200832337141037,0.10000000149011612,-0.10424648225307465,0.20424649119377136,0.019999999552965164,0.09951676428318024,0.07951676845550537
c3b93c17507b24a8,syr2k,syr2k,lv2:__PARA__L0-1.__PARA__L1-4.__PARA__L2-1.__PARA__L3-16.__PIPE__L0-off.__PIPE__L2-off.__TILE__L0-1.__TILE__L2-1,target,support,support,finetune_dataset,data_1007.pt,169181.0,sgformer_rgcn_qor,1,50,kmeans,2.9426443576812744,2.6270761489868164,0.315568208694458,0.03999999910593033,0.007196638733148575,0.032803360372781754,0.009999999776482582,0.13472720980644226,0.12472721189260483,0.05000000074505806,-0.27668941020965576,0.3266894221305847,0.07999999821186066,0.13146962225437164,0.051469624042510986
967811736021b32d,syr2k,syr2k,lv2:__PARA__L0-1.__PARA__L1-1.__PARA__L2-10.__PARA__L3-80.__PIPE__L0-off.__PIPE__L2-off.__TILE__L0-1.__TILE__L2-1,target,support,support,finetune_dataset,data_933.pt,53901.0,sgformer_rgcn_qor,1,50,kmeans,3.7677361965179443,3.4147017002105713,0.35303449630737305,0.18000000715255737,0.10976859927177429,0.07023140788078308,0.10999999940395355,0.0866686999797821,0.023331299424171448,0.029999999329447746,0.027396809309720993,0.0026031900197267532,0.05000000074505806,0.0468074232339859,0.003192577511072159
6b7a3a63a513e7f4,syr2k,syr2k,lv2:__PARA__L0-1.__PARA__L1-8.__PARA__L2-3.__PARA__L3-80.__PIPE__L0-off.__PIPE__L2-NA.__TILE__L0-1.__TILE__L2-1,target,support,support,finetune_dataset,data_1026.pt,53291.0,sgformer_rgcn_qor,1,50,kmeans,3.7759461402893066,3.8166732788085938,0.04072713851928711,0.07999999821186066,0.09414240717887878,0.014142408967018127,0.05000000074505806,-0.13628843426704407,0.18628843128681183,0.029999999329447746,0.21568264067173004,0.18568263947963715,0.05000000074505806,0.010691540315747261,0.03930845856666565
7f598e1a5b204938,syr2k,syr2k,lv2:__PARA__L0-1.__PARA__L1-1.__PARA__L2-1.__PARA__L3-8.__PIPE__L0-off.__PIPE__L2-off.__TILE__L0-1.__TILE__L2-1,target,support,support,finetune_dataset,data_926.pt,197981.0,sgformer_rgcn_qor,1,50,kmeans,2.829246997833252,2.4791836738586426,0.3500633239746094,0.019999999552965164,0.002407524734735489,0.017592474818229675,0.009999999776482582,0.19175121188163757,0.18175120651721954,0.019999999552965164,-0.29417550563812256,0.3141755163669586,0.05000000074505806,0.13513530790805817,0.0851353108882904
b94a2ad1d393f6a6,syr2k,syr2k,lv2:__PARA__L0-1.__PARA__L1-1.__PARA__L2-10.__PARA__L3-80.__PIPE__L0-off.__PIPE__L2-NA.__TILE__L0-1.__TILE__L2-1,target,support,support,finetune_dataset,data_932.pt,53901.0,sgformer_rgcn_qor,1,50,kmeans,3.7677361965179443,3.9130260944366455,0.14528989791870117,0.18000000715255737,0.12723025679588318,0.052769750356674194,0.10999999940395355,-0.10601356625556946,0.216013565659523,0.029999999329447746,0.27419960498809814,0.24419960379600525,0.05000000074505806,-0.03490458428859711,0.08490458130836487
5cf7d8cc09de0429,syr2k,syr2k,lv2:__PARA__L0-1.__PARA__L1-4.__PARA__L2-1.__PARA__L3-80.__PIPE__L0-off.__PIPE__L2-NA.__TILE__L0-1.__TILE__L2-1,target,support,support,finetune_dataset,data_1009.pt,70221.0,sgformer_rgcn_qor,1,50,kmeans,3.5769407749176025,3.7057950496673584,0.12885427474975586,0.10000000149011612,0.08495363593101501,0.015046365559101105,0.03999999910593033,-0.15578487515449524,0.19578486680984497,0.03999999910593033,0.24026598036289215,0.20026597380638123,0.05000000074505806,-0.005468709859997034,0.055468712002038956
8f674109f29f697d,syr2k,syr2k,lv2:__PARA__L0-1.__PARA__L1-2.__PARA__L2-2.__PARA__L3-1.__PIPE__L0-off.__PIPE__L2-flatten.__TILE__L0-1.__TILE__L2-1,target,support,support,finetune_dataset,data_990.pt,50783.0,sgformer_rgcn_qor,1,50,kmeans,3.8107192516326904,3.4202919006347656,0.3904273509979248,0.10999999940395355,0.1415158212184906,0.03151582181453705,0.05000000074505806,0.29611942172050476,0.246119424700737,0.029999999329447746,-0.026341307908296585,0.05634130537509918,0.05000000074505806,0.03688801825046539,0.013111982494592667
2883fd2e756dad0a,syr2k,syr2k,lv2:__PARA__L0-1.__PARA__L1-2.__PARA__L2-3.__PARA__L3-1.__PIPE__L0-off.__PIPE__L2-flatten.__TILE__L0-1.__TILE__L2-1,target,support,support,finetune_dataset,data_993.pt,55611.0,sgformer_rgcn_qor,1,50,kmeans,3.7452070713043213,3.4599297046661377,0.2852773666381836,0.07999999821186066,0.15054628252983093,0.07054628431797028,0.05000000074505806,0.29129907488822937,0.2412990778684616,0.029999999329447746,-0.02519308403134346,0.05519308149814606,0.05000000074505806,0.03730763494968414,0.012692365795373917
6e7dc87d3b844561,syr2k,syr2k,lv2:__PARA__L0-1.__PARA__L1-1.__PARA__L2-3.__PARA__L3-1.__PIPE__L0-off.__PIPE__L2-flatten.__TILE__L0-1.__TILE__L2-8,target,support,support,finetune_dataset,data_948.pt,136186.0,sgformer_rgcn_qor,1,50,kmeans,3.0991389751434326,3.2313458919525146,0.13220691680908203,0.11999999731779099,0.07255706191062927,0.04744293540716171,0.10000000149011612,0.27748796343803406,0.17748796939849854,0.019999999552965164,-0.042892325669527054,0.06289232522249222,0.029999999329447746,0.00854148156940937,0.021458517760038376
d56de68b5818f2c0,syr2k,syr2k,lv2:__PARA__L0-1.__PARA__L1-2.__PARA__L2-2.__PARA__L3-80.__PIPE__L0-off.__PIPE__L2-off.__TILE__L0-1.__TILE__L2-1,target,support,support,finetune_dataset,data_992.pt,50783.0,sgformer_rgcn_qor,1,50,kmeans,3.8107192516326904,3.2394649982452393,0.5712542533874512,0.10999999940395355,0.07170566916465759,0.03829433023929596,0.05000000074505806,0.055589888244867325,0.005589887499809265,0.029999999329447746,-0.002564776688814163,0.03256477415561676,0.05000000074505806,0.05501975119113922,0.0050197504460811615
4774b62b72a175a9,syr2k,syr2k,lv2:__PARA__L0-1.__PARA__L1-2.__PARA__L2-6.__PARA__L3-80.__PIPE__L0-off.__PIPE__L2-NA.__TILE__L0-1.__TILE__L2-1,target,support,support,finetune_dataset,data_1003.pt,50701.0,sgformer_rgcn_qor,1,50,kmeans,3.811885118484497,3.8320510387420654,0.02016592025756836,0.11999999731779099,0.13807353377342224,0.018073536455631256,0.07000000029802322,-0.12322404980659485,0.19322404265403748,0.029999999329447746,0.2379690557718277,0.2079690545797348,0.05000000074505806,-0.023235661908984184,0.0732356607913971
a38d96984259f519,syr2k,syr2k,lv2:__PARA__L0-1.__PARA__L1-8.__PARA__L2-2.__PARA__L3-80.__PIPE__L0-off.__PIPE__L2-off.__TILE__L0-1.__TILE__L2-1,target,support,support,finetune_dataset,data_1025.pt,48463.0,sgformer_rgcn_qor,1,50,kmeans,3.8444502353668213,3.283905506134033,0.5605447292327881,0.10999999940395355,0.07444724440574646,0.03555275499820709,0.05000000074505806,0.06375095248222351,0.013750951737165451,0.029999999329447746,-0.010649073868989944,0.04064907133579254,0.05000000074505806,0.08701099455356598,0.03701099380850792
5ae5480f40dee700,syr2k,syr2k,lv2:__PARA__L0-1.__PARA__L1-1.__PARA__L2-20.__PARA__L3-1.__PIPE__L0-off.__PIPE__L2-flatten.__TILE__L0-1.__TILE__L2-2,target,support,support,finetune_dataset,data_944.pt,106747.0,sgformer_rgcn_qor,1,50,kmeans,3.2748303413391113,3.622764825820923,0.3479344844818115,0.3199999928474426,0.23504957556724548,0.08495041728019714,0.5099999904632568,0.18633148074150085,0.323668509721756,0.03999999910593033,0.08635343611240387,0.04635343700647354,0.029999999329447746,0.06199564039707184,0.03199563920497894
a354c85e14e3f6e4,syr2k,syr2k,lv2:__PARA__L0-1.__PARA__L1-4.__PARA__L2-1.__PARA__L3-80.__PIPE__L0-off.__PIPE__L2-off.__TILE__L0-1.__TILE__L2-1,target,support,support,finetune_dataset,data_1010.pt,70221.0,sgformer_rgcn_qor,1,50,kmeans,3.5769407749176025,3.2324111461639404,0.3445296287536621,0.10000000149011612,0.05633339658379555,0.04366660490632057,0.03999999910593033,0.05236980691552162,0.012369807809591293,0.03999999910593033,-0.017341960221529007,0.057341959327459335,0.05000000074505806,0.06967104971408844,0.01967104896903038
2641ecf0170d499d,syr2k,syr2k,lv2:__PARA__L0-1.__PARA__L1-1.__PARA__L2-5.__PARA__L3-1.__PIPE__L0-off.__PIPE__L2-flatten.__TILE__L0-1.__TILE__L2-8,target,support,support,finetune_dataset,data_960.pt,120746.0,sgformer_rgcn_qor,1,50,kmeans,3.1859405040740967,3.282864570617676,0.0969240665435791,0.15000000596046448,0.11821755766868591,0.031782448291778564,0.11999999731779099,0.2976820170879364,0.17768201231956482,0.019999999552965164,-0.04559694603085518,0.06559694558382034,0.03999999910593033,0.017600910738110542,0.022399088367819786
fe97f1c7f7557306,syr2k,syr2k,lv2:__PARA__L0-1.__PARA__L1-1.__PARA__L2-1.__PARA__L3-1.__PIPE__L0-off.__PIPE__L2-flatten.__TILE__L0-1.__TILE__L2-4,target,support,support,finetune_dataset,data_915.pt,296869.0,sgformer_rgcn_qor,1,50,kmeans,2.537014961242676,3.274751663208008,0.737736701965332,0.09000000357627869,0.0833044946193695,0.00669550895690918,0.05999999865889549,0.2840716540813446,0.2240716516971588,0.019999999552965164,-0.035819876939058304,0.05581987649202347,0.009999999776482582,0.011830227449536324,0.0018302276730537415
1998412237ef2c3d,syr2k,syr2k,lv2:__PARA__L0-1.__PARA__L1-1.__PARA__L2-6.__PARA__L3-80.__PIPE__L0-off.__PIPE__L2-NA.__TILE__L0-1.__TILE__L2-1,target,support,support,finetune_dataset,data_967.pt,53901.0,sgformer_rgcn_qor,1,50,kmeans,3.7677361965179443,3.810478687286377,0.04274249076843262,0.11999999731779099,0.13205096125602722,0.012050963938236237,0.07000000029802322,-0.12166240811347961,0.19166240096092224,0.029999999329447746,0.25127851963043213,0.22127851843833923,0.05000000074505806,-0.03666482865810394,0.0866648256778717
9479d4f09dff4ff1,syr2k,syr2k,lv2:__PARA__L0-1.__PARA__L1-2.__PARA__L2-4.__PARA__L3-80.__PIPE__L0-off.__PIPE__L2-off.__TILE__L0-1.__TILE__L2-1,target,support,support,finetune_dataset,data_998.pt,48381.0,sgformer_rgcn_qor,1,50,kmeans,3.8456718921661377,3.2760422229766846,0.5696296691894531,0.09000000357627869,0.0918031632900238,0.0018031597137451172,0.05000000074505806,0.07164451479911804,0.021644514054059982,0.029999999329447746,-0.0153421051800251,0.0453421026468277,0.05000000074505806,0.05533851683139801,0.0053385160863399506
eba61534fab39817,syr2k,syr2k,lv2:__PARA__L0-1.__PARA__L1-1.__PARA__L2-2.__PARA__L3-1.__PIPE__L0-off.__PIPE__L2-flatten.__TILE__L0-1.__TILE__L2-1,target,support,support,finetune_dataset,data_938.pt,53983.0,sgformer_rgcn_qor,1,50,kmeans,3.766639471054077,3.3826375007629395,0.3840019702911377,0.10999999940395355,0.14197728037834167,0.03197728097438812,0.05000000074505806,0.30806609988212585,0.2580660879611969,0.029999999329447746,-0.013234961777925491,0.04323495924472809,0.05000000074505806,0.0300301481038332,0.01996985264122486
f40fd44b5e21918b,syr2k,syr2k,lv2:__PARA__L0-1.__PARA__L1-1.__PARA__L2-1.__PARA__L3-80.__PIPE__L0-off.__PIPE__L2-off.__TILE__L0-1.__TILE__L2-1,target,support,support,finetune_dataset,data_928.pt,75021.0,sgformer_rgcn_qor,1,50,kmeans,3.529244899749756,3.1952662467956543,0.33397865295410156,0.09000000357627869,0.04599413648247719,0.0440058670938015,0.03999999910593033,0.05235740914940834,0.012357410043478012,0.03999999910593033,0.010952126234769821,0.029047872871160507,0.05000000074505806,0.039113178849220276,0.010886821895837784
8d6e4878c2992e15,syr2k,syr2k,lv2:__PARA__L0-1.__PARA__L1-16.__PARA__L2-1.__PARA__L3-16.__PIPE__L0-off.__PIPE__L2-off.__TILE__L0-1.__TILE__L2-1,target,support,support,finetune_dataset,data_974.pt,167981.0,sgformer_rgcn_qor,1,50,kmeans,2.9477791786193848,2.719127655029297,0.2286515235900879,0.03999999910593033,0.01247534528374672,0.02752465382218361,0.019999999552965164,0.09916850924491882,0.07916851341724396,0.05000000074505806,-0.2245997041463852,0.27459970116615295,0.07999999821186066,0.12927497923374176,0.049274981021881104
b23d5c1afc604565,syr2k,syr2k,lv2:__PARA__L0-1.__PARA__L1-1.__PARA__L2-6.__PARA__L3-1.__PIPE__L0-off.__PIPE__L2-flatten.__TILE__L0-1.__TILE__L2-2,target,support,support,finetune_dataset,data_964.pt,153269.0,sgformer_rgcn_qor,1,50,kmeans,3.013895034790039,3.4727492332458496,0.45885419845581055,0.11999999731779099,0.16752704977989197,0.04752705246210098,0.07999999821186066,0.3024561107158661,0.22245611250400543,0.019999999552965164,0.009134422987699509,0.010865576565265656,0.019999999552965164,0.02838410623371601,0.008384106680750847
c8aa534be3cfcbcb,syr2k,syr2k,lv2:__PARA__L0-1.__PARA__L1-8.__PARA__L2-6.__PARA__L3-80.__PIPE__L0-off.__PIPE__L2-off.__TILE__L0-1.__TILE__L2-1,target,support,support,finetune_dataset,data_1033.pt,48381.0,sgformer_rgcn_qor,1,50,kmeans,3.8456718921661377,3.370919704437256,0.47475218772888184,0.12999999523162842,0.10792848467826843,0.022071510553359985,0.07000000029802322,0.08644840121269226,0.016448400914669037,0.029999999329447746,-0.012222159653902054,0.04222215712070465,0.05000000074505806,0.08885015547275543,0.03885015472769737
de480fa449fa3d49,syr2k,syr2k,lv2:__PARA__L0-1.__PARA__L1-2.__PARA__L2-8.__PARA__L3-1.__PIPE__L0-off.__PIPE__L2-flatten.__TILE__L0-1.__TILE__L2-1,target,support,support,finetune_dataset,data_1005.pt,54579.0,sgformer_rgcn_qor,1,50,kmeans,3.7587192058563232,3.5827813148498535,0.17593789100646973,0.2199999988079071,0.1876905858516693,0.03230941295623779,0.11999999731779099,0.27287742495536804,0.15287742018699646,0.029999999329447746,0.01893247291445732,0.011067526414990425,0.05000000074505806,0.03527654707431793,0.014723453670740128
1d13483073c912dd,syr2k,syr2k,lv2:__PARA__L0-1.__PARA__L1-1.__PARA__L2-12.__PARA__L3-1.__PIPE__L0-off.__PIPE__L2-flatten.__TILE__L0-1.__TILE__L2-4,target,support,support,finetune_dataset,data_935.pt,107307.0,sgformer_rgcn_qor,1,50,kmeans,3.2710559368133545,3.571852207183838,0.3007962703704834,0.28999999165534973,0.20530804991722107,0.08469194173812866,0.17000000178813934,0.28737613558769226,0.11737613379955292,0.019999999552965164,0.04854787513613701,0.028547875583171844,0.019999999552965164,0.0330897718667984,0.013089772313833237
1c06b9a5b5fe70d6,syr2k,syr2k,lv2:__PARA__L0-1.__PARA__L1-1.__PARA__L2-4.__PARA__L3-1.__PIPE__L0-off.__PIPE__L2-flatten.__TILE__L0-1.__TILE__L2-2,target,support,support,finetune_dataset,data_952.pt,198587.0,sgformer_rgcn_qor,1,50,kmeans,2.827042579650879,3.426319122314453,0.5992765426635742,0.17000000178813934,0.14763888716697693,0.022361114621162415,0.10000000149011612,0.3057391345500946,0.20573914051055908,0.019999999552965164,-0.014127600938081741,0.034127600491046906,0.009999999776482582,0.029036657884716988,0.019036658108234406
073eeee3fe8f808e,syr2k,syr2k,lv2:__PARA__L0-1.__PARA__L1-1.__PARA__L2-6.__PARA__L3-1.__PIPE__L0-off.__PIPE__L2-flatten.__TILE__L0-1.__TILE__L2-8,target,support,support,finetune_dataset,data_966.pt,111757.0,sgformer_rgcn_qor,1,50,kmeans,3.2417454719543457,3.3089723587036133,0.06722688674926758,0.18000000715255737,0.1408143937587738,0.03918561339378357,0.10999999940395355,0.30794116854667664,0.19794116914272308,0.019999999552965164,-0.04521738365292549,0.06521738320589066,0.019999999552965164,0.02135576494038105,0.001355765387415886
9a611dbfee90fabc,syr2k,syr2k,lv2:__PARA__L0-1.__PARA__L1-1.__PARA__L2-4.__PARA__L3-1.__PIPE__L0-off.__PIPE__L2-flatten.__TILE__L0-1.__TILE__L2-8,target,support,support,finetune_dataset,data_954.pt,105707.0,sgformer_rgcn_qor,1,50,kmeans,3.2818925380706787,3.2557907104492188,0.02610182762145996,0.17000000178813934,0.09581264853477478,0.07418735325336456,0.10000000149011612,0.287638396024704,0.18763840198516846,0.019999999552965164,-0.043586600571870804,0.06358660012483597,0.009999999776482582,0.012811796739697456,0.0028117969632148743
384fc79974f7e383,syr2k,syr2k,lv2:__PARA__L0-1.__PARA__L1-16.__PARA__L2-1.__PARA__L3-80.__PIPE__L0-off.__PIPE__L2-off.__TILE__L0-1.__TILE__L2-1,target,support,support,finetune_dataset,data_978.pt,69021.0,sgformer_rgcn_qor,1,50,kmeans,3.589374542236328,3.2928645610809326,0.2965099811553955,0.10000000149011612,0.07958373427391052,0.020416267216205597,0.03999999910593033,0.11909028887748718,0.07909028977155685,0.03999999910593033,0.05937160179018974,0.019371602684259415,0.05000000074505806,0.09303320944309235,0.043033208698034286
26e4e575e0a5581e,syr2k,syr2k,lv2:__PARA__L0-1.__PARA__L1-1.__PARA__L2-6.__PARA__L3-1.__PIPE__L0-off.__PIPE__L2-flatten.__TILE__L0-1.__TILE__L2-1,target,support,support,finetune_dataset,data_963.pt,53901.0,sgformer_rgcn_qor,1,50,kmeans,3.7677361965179443,3.500978469848633,0.2667577266693115,0.11999999731779099,0.1761448085308075,0.05614481121301651,0.07000000029802322,0.29964467883110046,0.22964468598365784,0.029999999329447746,0.01206887885928154,0.017931120470166206,0.05000000074505806,0.02670230157673359,0.02329769916832447
6b31bb7a69b02d12,syr2k,syr2k,lv2:__PARA__L0-1.__PARA__L1-1.__PARA__L2-1.__PARA__L3-1.__PIPE__L0-off.__PIPE__L2-flatten.__TILE__L0-1.__TILE__L2-60,target,support,support,finetune_dataset,data_916.pt,75021.0,sgformer_rgcn_qor,1,50,kmeans,3.529244899749756,3.042545795440674,0.48669910430908203,0.09000000357627869,0.08013114333152771,0.009868860244750977,0.03999999910593033,0.38217565417289734,0.3421756625175476,0.03999999910593033,-0.4265173673629761,0.4665173590183258,0.05000000074505806,-0.13279400765895844,0.1827940046787262
e3330d21e0bf25d1,syr2k,syr2k,lv2:__PARA__L0-1.__PARA__L1-1.__PARA__L2-6.__PARA__L3-80.__PIPE__L0-off.__PIPE__L2-off.__TILE__L0-1.__TILE__L2-1,target,support,support,finetune_dataset,data_968.pt,53901.0,sgformer_rgcn_qor,1,50,kmeans,3.7677361965179443,3.3048267364501953,0.462909460067749,0.11999999731779099,0.09790357947349548,0.0220964178442955,0.07000000029802322,0.08100482821464539,0.011004827916622162,0.029999999329447746,-0.005713332444429398,0.035713329911231995,0.05000000074505806,0.044093504548072815,0.005906496196985245
328955ee375dcb09,syr2k,syr2k,lv2:__PARA__L0-1.__PARA__L1-8.__PARA__L2-3.__PARA__L3-80.__PIPE__L0-off.__PIPE__L2-off.__TILE__L0-1.__TILE__L2-1,target,support,support,finetune_dataset,data_1027.pt,53291.0,sgformer_rgcn_qor,1,50,kmeans,3.7759461402893066,3.2999229431152344,0.47602319717407227,0.07999999821186066,0.08658227324485779,0.006582275032997131,0.05000000074505806,0.0718362033367157,0.02183620259165764,0.029999999329447746,-0.020095694810152054,0.05009569227695465,0.05000000074505806,0.08727945387363434,0.03727945312857628
a5062b8ba71a79db,syr2k,syr2k,lv2:__PARA__L0-1.__PARA__L1-2.__PARA__L2-2.__PARA__L3-80.__PIPE__L0-off.__PIPE__L2-NA.__TILE__L0-1.__TILE__L2-1,target,support,support,finetune_dataset,data_991.pt,50783.0,sgformer_rgcn_qor,1,50,kmeans,3.8107192516326904,3.707378387451172,0.10334086418151855,0.10999999940395355,0.1015143096446991,0.008485689759254456,0.05000000074505806,-0.1466377079486847,0.19663770496845245,0.029999999329447746,0.2666741609573364,0.23667415976524353,0.05000000074505806,-0.023861272260546684,0.0738612711429596
213cd979bba3abbb,gemm-p,gemm-p,lv2:__PARA__L0-1.__PARA__L1-1.__PARA__L2-1.__PARA__L3-10.__PIPE__L0-off.__PIPE__L2-off.__TILE__L0-1.__TILE__L2-4,target,support,support,finetune_dataset,data_82.pt,436495.0,sgformer_rgcn_qor,1,50,kmeans,2.2589454650878906,3.1154918670654297,0.8565464019775391,0.009999999776482582,-0.10089555382728577,0.1108955517411232,0.0,0.25188323855400085,0.25188323855400085,0.0,-0.00877605751156807,0.00877605751156807,0.019999999552965164,0.02916373498737812,0.009163735434412956
b9490cabcadb25e8,gemm-p,gemm-p,lv2:__PARA__L0-1.__PARA__L1-1.__PARA__L2-1.__PARA__L3-70.__PIPE__L0-off.__PIPE__L2-off.__TILE__L0-1.__TILE__L2-1,target,support,support,finetune_dataset,data_99.pt,35347.0,sgformer_rgcn_qor,1,50,kmeans,4.072098255157471,4.103402614593506,0.031304359436035156,0.029999999329447746,0.31930968165397644,0.28930968046188354,0.009999999776482582,0.24925610423088074,0.2392560988664627,0.019999999552965164,0.47607290744781494,0.4560728967189789,0.05000000074505806,-0.04823552072048187,0.09823551774024963
bc4453f06ff6a731,gemm-p,gemm-p,lv2:__PARA__L0-3.__PARA__L1-32.__PARA__L2-16.__PARA__L3-1.__PIPE__L0-off.__PIPE__L2-flatten.__TILE__L0-1.__TILE__L2-1,target,support,support,finetune_dataset,data_385.pt,9321.0,sgformer_rgcn_qor,1,50,kmeans,5.033613681793213,4.298274040222168,0.7353396415710449,0.3499999940395355,0.41233429312705994,0.062334299087524414,0.23999999463558197,-0.11288526654243469,0.35288524627685547,0.36000001430511475,0.29174864292144775,0.06825137138366699,0.009999999776482582,0.01344241388142109,0.003442414104938507
dbd0e21f76a2b7bd,gemm-p,gemm-p,lv2:__PARA__L0-1.__PARA__L1-1.__PARA__L2-1.__PARA__L3-5.__PIPE__L0-off.__PIPE__L2-off.__TILE__L0-1.__TILE__L2-1,target,support,support,finetune_dataset,data_92.pt,195248.0,sgformer_rgcn_qor,1,50,kmeans,2.8392741680145264,3.028367519378662,0.18909335136413574,0.019999999552965164,-0.06573370099067688,0.08573369681835175,0.009999999776482582,0.25394412875175476,0.24394412338733673,0.009999999776482582,-0.050953734666109085,0.060953736305236816,0.019999999552965164,0.027848856523633003,0.007848856970667839
d15bc24f13c0bb1d,gemm-p,gemm-p,lv2:__PARA__L0-1.__PARA__L1-1.__PARA__L2-10.__PARA__L3-2.__PIPE__L0-off.__PIPE__L2-off.__TILE__L0-1.__TILE__L2-2,target,support,support,finetune_dataset,data_111.pt,842396.0,sgformer_rgcn_qor,1,50,kmeans,1.7846788167953491,3.190883159637451,1.406204342842102,0.009999999776482582,-0.05278840288519859,0.06278840452432632,0.0,0.26775237917900085,0.26775237917900085,0.0,0.00787414237856865,0.00787414237856865,0.009999999776482582,0.024129526689648628,0.014129526913166046
44435f443523b172,gemm-p,gemm-p,lv2:__PARA__L0-1.__PARA__L1-5.__PARA__L2-4.__PARA__L3-1.__PIPE__L0-off.__PIPE__L2-flatten.__TILE__L0-1.__TILE__L2-4,target,support,support,finetune_dataset,data_317.pt,129016.0,sgformer_rgcn_qor,1,50,kmeans,3.138153076171875,3.751703977584839,0.6135509014129639,0.23000000417232513,0.2845172584056854,0.05451725423336029,0.05000000074505806,0.0010068155825138092,0.04899318516254425,0.05000000074505806,0.23853649199008942,0.18853649497032166,0.009999999776482582,0.04502309858798981,0.035023100674152374
e385af510d412fde,gemm-p,gemm-p,lv2:__PARA__L0-1.__PARA__L1-5.__PARA__L2-1.__PARA__L3-1.__PIPE__L0-off.__PIPE__L2-flatten.__TILE__L0-1.__TILE__L2-4,target,support,support,finetune_dataset,data_301.pt,420016.0,sgformer_rgcn_qor,1,50,kmeans,2.28670597076416,3.71370267868042,1.4269967079162598,0.1899999976158142,0.21087846159934998,0.020878463983535767,0.019999999552965164,-0.03905656561255455,0.059056565165519714,0.019999999552965164,0.2255321890115738,0.20553219318389893,0.03999999910593033,0.04869379103183746,0.008693791925907135
d7a4be32a684722c,gemm-p,gemm-p,lv2:__PARA__L0-15.__PARA__L1-32.__PARA__L2-1.__PARA__L3-1.__PIPE__L0-NA.__PIPE__L2-flatten.__TILE__L0-1.__TILE__L2-80,target,support,support,finetune_dataset,data_347.pt,42692.0,sgformer_rgcn_qor,1,50,kmeans,3.9359092712402344,4.4782586097717285,0.5423493385314941,0.05999999865889549,0.21555599570274353,0.15555599331855774,0.019999999552965164,0.4695403277873993,0.44954031705856323,0.03999999910593033,0.21324504911899567,0.17324504256248474,0.05000000074505806,-0.12532030045986176,0.17532029747962952
fd951650d67b98bc,gemm-p,gemm-p,lv2:__PARA__L0-1.__PARA__L1-2.__PARA__L2-10.__PARA__L3-70.__PIPE__L0-off.__PIPE__L2-NA.__TILE__L0-1.__TILE__L2-1,target,support,support,finetune_dataset,data_249.pt,12847.0,sgformer_rgcn_qor,1,50,kmeans,4.802176475524902,4.544456481933594,0.2577199935913086,0.20999999344348907,0.4722077548503876,0.2622077465057373,0.15000000596046448,0.06635400652885437,0.08364599943161011,0.2199999988079071,0.485723614692688,0.2657236158847809,0.009999999776482582,-0.05071578919887543,0.06071578711271286
1e61a91755bde15a,gemm-p,gemm-p,lv2:__PARA__L0-1.__PARA__L1-1.__PARA__L2-2.__PARA__L3-5.__PIPE__L0-off.__PIPE__L2-off.__TILE__L0-1.__TILE__L2-2,target,support,support,finetune_dataset,data_148.pt,886860.0,sgformer_rgcn_qor,1,50,kmeans,1.7475749254226685,3.029648780822754,1.2820738554000854,0.009999999776482582,-0.05339720472693443,0.06339720636606216,0.0,0.2602512538433075,0.2602512538433075,0.0,-0.06872497498989105,0.06872497498989105,0.029999999329447746,0.036488428711891174,0.006488429382443428
bc0b4a3eb203b33e,gemm-p,gemm-p,lv2:__PARA__L0-1.__PARA__L1-1.__PARA__L2-2.__PARA__L3-5.__PIPE__L0-off.__PIPE__L2-off.__TILE__L0-1.__TILE__L2-4,target,support,support,finetune_dataset,data_149.pt,618060.0,sgformer_rgcn_qor,1,50,kmeans,2.008054733276367,3.0073461532592773,0.9992914199829102,0.009999999776482582,-0.05463102087378502,0.06463102251291275,0.0,0.2651805579662323,0.2651805579662323,0.0,-0.07049547135829926,0.07049547135829926,0.029999999329447746,0.04890669882297516,0.018906699493527412
eefe93faaef42f92,gemm-p,gemm-p,lv2:__PARA__L0-15.__PARA__L1-32.__PARA__L2-1.__PARA__L3-1.__PIPE__L0-NA.__PIPE__L2-flatten.__TILE__L0-4.__TILE__L2-1,target,support,support,finetune_dataset,data_348.pt,42692.0,sgformer_rgcn_qor,1,50,kmeans,3.9359092712402344,4.655905246734619,0.7199959754943848,0.05999999865889549,0.4458971917629242,0.3858971893787384,0.019999999552965164,0.511016845703125,0.49101683497428894,0.03999999910593033,0.5184260606765747,0.478426069021225,0.05000000074505806,0.001110450946725905,0.04888955131173134
4f0e57501f9fad75,gemm-p,gemm-p,lv2:__PARA__L0-3.__PARA__L1-32.__PARA__L2-10.__PARA__L3-1.__PIPE__L0-off.__PIPE__L2-flatten.__TILE__L0-1.__TILE__L2-8,target,support,support,finetune_dataset,data_383.pt,9717.0,sgformer_rgcn_qor,1,50,kmeans,5.003600597381592,4.09190559387207,0.9116950035095215,0.23000000417232513,0.3102000653743744,0.08020006120204926,0.1599999964237213,-0.05258634313941002,0.21258634328842163,0.2199999988079071,0.2680279016494751,0.04802790284156799,0.009999999776482582,0.039808884263038635,0.029808884486556053
4c09ca4e23088fa0,gemm-p,gemm-p,lv2:__PARA__L0-1.__PARA__L1-5.__PARA__L2-32.__PARA__L3-1.__PIPE__L0-off.__PIPE__L2-flatten.__TILE__L0-1.__TILE__L2-2,target,support,support,finetune_dataset,data_314.pt,65241.0,sgformer_rgcn_qor,1,50,kmeans,3.630002737045288,3.909249782562256,0.2792470455169678,0.38999998569488525,0.4749896228313446,0.08498963713645935,0.029999999329447746,-0.18694713711738586,0.21694713830947876,0.019999999552965164,0.3444448709487915,0.32444486021995544,0.019999999552965164,0.055838242173194885,0.03583824262022972
0672e73f8bfbb77c,gemm-p,gemm-p,lv2:__PARA__L0-1.__PARA__L1-14.__PARA__L2-1.__PARA__L3-32.__PIPE__L0-off.__PIPE__L2-off.__TILE__L0-1.__TILE__L2-1,target,support,support,finetune_dataset,data_232.pt,285169.0,sgformer_rgcn_qor,1,50,kmeans,2.5660195350646973,3.636260747909546,1.0702412128448486,0.019999999552965164,-0.01024022325873375,0.030240222811698914,0.009999999776482582,0.26604053378105164,0.2560405433177948,0.009999999776482582,0.2240821272134781,0.21408212184906006,0.05000000074505806,0.03518976271152496,0.014810238033533096
2094e4f1edf458d2,gemm-p,gemm-p,lv2:__PARA__L0-1.__PARA__L1-5.__PARA__L2-10.__PARA__L3-1.__PIPE__L0-off.__PIPE__L2-flatten.__TILE__L0-1.__TILE__L2-2,target,support,support,finetune_dataset,data_305.pt,111135.0,sgformer_rgcn_qor,1,50,kmeans,3.2457714080810547,3.8669185638427734,0.6211471557617188,0.4399999976158142,0.387561172246933,0.052438825368881226,0.18000000715255737,-0.014969851821660995,0.19496986269950867,0.6100000143051147,0.2766934633255005,0.33330655097961426,0.0,0.039990320801734924,0.039990320801734924
43a1fc399c607d82,gemm-p,gemm-p,lv2:__PARA__L0-1.__PARA__L1-5.__PARA__L2-10.__PARA__L3-1.__PIPE__L0-off.__PIPE__L2-flatten.__TILE__L0-1.__TILE__L2-4,target,support,support,finetune_dataset,data_306.pt,75975.0,sgformer_rgcn_qor,1,50,kmeans,3.520129680633545,3.7911055088043213,0.27097582817077637,0.4399999976158142,0.3874417245388031,0.05255827307701111,0.18000000715255737,0.01085946336388588,0.1691405475139618,0.6100000143051147,0.29889118671417236,0.3111088275909424,0.0,0.04603113234043121,0.04603113234043121
16a64917ea3821a4,gemm-p,gemm-p,lv2:__PARA__L0-1.__PARA__L1-1.__PARA__L2-2.__PARA__L3-14.__PIPE__L0-off.__PIPE__L2-off.__TILE__L0-1.__TILE__L2-1,target,support,support,finetune_dataset,data_139.pt,81670.0,sgformer_rgcn_qor,1,50,kmeans,3.467988967895508,3.261281967163086,0.20670700073242188,0.03999999910593033,-0.05116858705878258,0.09116858243942261,0.019999999552965164,0.23378893733024597,0.2137889415025711,0.03999999910593033,0.036502014845609665,0.0034979842603206635,0.029999999329447746,0.010525839403271675,0.01947415992617607
1e44fed449c41549,gemm-p,gemm-p,lv2:__PARA__L0-1.__PARA__L1-1.__PARA__L2-20.__PARA__L3-10.__PIPE__L0-off.__PIPE__L2-off.__TILE__L0-1.__TILE__L2-2,target,support,support,finetune_dataset,data_158.pt,150655.0,sgformer_rgcn_qor,1,50,kmeans,3.026303768157959,3.495638370513916,0.46933460235595703,0.05000000074505806,-0.0419171117246151,0.09191711246967316,0.03999999910593033,0.2534429728984833,0.21344298124313354,0.05999999865889549,0.19441331923007965,0.13441331684589386,0.009999999776482582,0.005607502069324255,0.004392497707158327
1fa67e426a30f0d1,gemm-p,gemm-p,lv2:__PARA__L0-1.__PARA__L1-1.__PARA__L2-10.__PARA__L3-2.__PIPE__L0-off.__PIPE__L2-off.__TILE__L0-1.__TILE__L2-1,target,support,support,finetune_dataset,data_110.pt,26711.0,sgformer_rgcn_qor,1,50,kmeans,4.27417516708374,3.2110023498535156,1.0631728172302246,0.03999999910593033,-0.06225433573126793,0.10225433111190796,0.029999999329447746,0.26363512873649597,0.23363512754440308,0.05000000074505806,-0.0010169632732868195,0.05101696401834488,0.009999999776482582,0.023599283769726753,0.013599283993244171
43d18c5165979f67,gemm-p,gemm-p,lv2:__PARA__L0-1.__PARA__L1-1.__PARA__L2-1.__PARA__L3-1.__PIPE__L0-off.__PIPE__L2-off.__TILE__L0-1.__TILE__L2-1,target,support,support,finetune_dataset,data_79.pt,461231.0,sgformer_rgcn_qor,1,50,kmeans,2.2191834449768066,2.944955348968506,0.7257719039916992,0.0,-0.08491173386573792,0.08491173386573792,0.0,0.2850799262523651,0.2850799262523651,0.0,-0.04247843101620674,0.04247843101620674,0.009999999776482582,0.026644842699170113,0.01664484292268753
c23087f4ada53651,gemm-p,gemm-p,lv2:__PARA__L0-1.__PARA__L1-7.__PARA__L2-1.__PARA__L3-32.__PIPE__L0-off.__PIPE__L2-off.__TILE__L0-1.__TILE__L2-1,target,support,support,finetune_dataset,data_324.pt,285469.0,sgformer_rgcn_qor,1,50,kmeans,2.565261125564575,3.5893208980560303,1.024059772491455,0.019999999552965164,-0.021120216697454453,0.04112021625041962,0.009999999776482582,0.220229834318161,0.21022982895374298,0.0,0.17076696455478668,0.17076696455478668,0.05000000074505806,0.032556191086769104,0.017443809658288956
6bfb9e054cecee78,gemm-p,gemm-p,lv2:__PARA__L0-1.__PARA__L1-2.__PARA__L2-10.__PARA__L3-1.__PIPE__L0-off.__PIPE__L2-flatten.__TILE__L0-1.__TILE__L2-1,target,support,support,finetune_dataset,data_247.pt,12847.0,sgformer_rgcn_qor,1,50,kmeans,4.802176475524902,3.8345954418182373,0.967581033706665,0.20999999344348907,0.38507089018821716,0.1750708967447281,0.15000000596046448,0.006126854568719864,0.1438731551170349,0.2199999988079071,0.3207036256790161,0.10070362687110901,0.009999999776482582,0.02355899102985859,0.013558991253376007
3d0ea503979644e9,gemm-p,gemm-p,lv2:__PARA__L0-1.__PARA__L1-2.__PARA__L2-4.__PARA__L3-70.__PIPE__L0-off.__PIPE__L2-off.__TILE__L0-1.__TILE__L2-1,target,support,support,finetune_dataset,data_259.pt,21847.0,sgformer_rgcn_qor,1,50,kmeans,4.419174671173096,4.173309326171875,0.2458653450012207,0.07999999821186066,0.3664301335811615,0.28643012046813965,0.05000000074505806,0.2661397159099579,0.21613971889019012,0.05000000074505806,0.44178307056427,0.39178305864334106,0.009999999776482582,-0.011727793142199516,0.0217277929186821
0eeabdcdff47386b,gemm-p,gemm-p,lv2:__PARA__L0-1.__PARA__L1-16.__PARA__L2-1.__PARA__L3-1.__PIPE__L0-off.__PIPE__L2-flatten.__TILE__L0-60.__TILE__L2-1,target,support,support,finetune_dataset,data_233.pt,31687.0,sgformer_rgcn_qor,1,50,kmeans,4.150946617126465,4.091700553894043,0.059246063232421875,0.029999999329447746,0.26277682185173035,0.23277682065963745,0.019999999552965164,-0.12543156743049622,0.14543156325817108,0.019999999552965164,-0.05931173637509346,0.07931173592805862,0.05000000074505806,0.11856354773044586,0.0685635507106781
2d2deba5a323b304,gemm-p,gemm-p,lv2:__PARA__L0-5.__PARA__L1-32.__PARA__L2-16.__PARA__L3-1.__PIPE__L0-NA.__PIPE__L2-flatten.__TILE__L0-1.__TILE__L2-1,target,support,support,finetune_dataset,data_416.pt,9680.0,sgformer_rgcn_qor,1,50,kmeans,5.00635290145874,4.7173004150390625,0.28905248641967773,0.3499999940395355,0.5811804533004761,0.23118045926094055,0.23999999463558197,0.32519909739494324,0.08519910275936127,0.36000001430511475,0.61841881275177,0.2584187984466553,0.009999999776482582,-0.01666460745036602,0.026664607226848602
eebad30dd85f618c,gemm-p,gemm-p,lv2:__PARA__L0-1.__PARA__L1-1.__PARA__L2-5.__PARA__L3-14.__PIPE__L0-off.__PIPE__L2-off.__TILE__L0-1.__TILE__L2-1,target,support,support,finetune_dataset,data_199.pt,15452.0,sgformer_rgcn_qor,1,50,kmeans,4.668995380401611,3.339552164077759,1.3294432163238525,0.07000000029802322,-0.045145537704229355,0.11514553427696228,0.05000000074505806,0.22010919451713562,0.17010919749736786,0.10999999940395355,0.023942600935697556,0.0860573947429657,0.03999999910593033,0.004786626901477575,0.035213373601436615
230bcf10aafe80b9,gemm-p,gemm-p,lv2:__PARA__L0-1.__PARA__L1-1.__PARA__L2-16.__PARA__L3-5.__PIPE__L0-off.__PIPE__L2-off.__TILE__L0-1.__TILE__L2-1,target,support,support,finetune_dataset,data_128.pt,16504.0,sgformer_rgcn_qor,1,50,kmeans,4.621484279632568,3.35273814201355,1.2687461376190186,0.09000000357627869,-0.056041743606328964,0.14604175090789795,0.05999999865889549,0.24981948733329773,0.18981948494911194,0.14000000059604645,0.08043970167636871,0.059560298919677734,0.05999999865889549,0.01795138604938984,0.042048610746860504
c5791db1d59b0697,gemm-p,gemm-p,lv2:__PARA__L0-1.__PARA__L1-2.__PARA__L2-2.__PARA__L3-70.__PIPE__L0-off.__PIPE__L2-off.__TILE__L0-1.__TILE__L2-1,target,support,support,finetune_dataset,data_256.pt,33547.0,sgformer_rgcn_qor,1,50,kmeans,4.109800338745117,4.136566638946533,0.026766300201416016,0.03999999910593033,0.3537237346172333,0.31372374296188354,0.019999999552965164,0.2589091956615448,0.23890919983386993,0.019999999552965164,0.4621196985244751,0.44211968779563904,0.009999999776482582,-0.01984165422618389,0.029841654002666473
aedc82d84c86e989,gemm-p,gemm-p,lv2:__PARA__L0-6.__PARA__L1-32.__PARA__L2-1.__PARA__L3-1.__PIPE__L0-NA.__PIPE__L2-flatten.__TILE__L0-1.__TILE__L2-80,target,support,support,finetune_dataset,data_419.pt,34772.0,sgformer_rgcn_qor,1,50,kmeans,4.083929061889648,4.420663356781006,0.3367342948913574,0.05999999865889549,0.23700854182243347,0.17700853943824768,0.019999999552965164,0.44641610980033875,0.4264160990715027,0.03999999910593033,0.23947729170322418,0.19947728514671326,0.05000000074505806,-0.031405553221702576,0.08140555024147034
8ef4d5ca9c78eaf3,gemm-p,gemm-p,lv2:__PARA__L0-1.__PARA__L1-32.__PARA__L2-1.__PARA__L3-1.__PIPE__L0-NA.__PIPE__L2-flatten.__TILE__L0-2.__TILE__L2-1,target,support,support,finetune_dataset,data_266.pt,31323.0,sgformer_rgcn_qor,1,50,kmeans,4.159280776977539,4.652728080749512,0.49344730377197266,0.05999999865889549,0.3599502742290497,0.2999502718448639,0.019999999552965164,0.50984787940979,0.489847868680954,0.03999999910593033,0.6668421030044556,0.6268420815467834,0.05000000074505806,0.056430473923683167,0.006430473178625107
1e2950aa36b473a1,gemm-p,gemm-p,lv2:__PARA__L0-1.__PARA__L1-1.__PARA__L2-16.__PARA__L3-2.__PIPE__L0-off.__PIPE__L2-off.__TILE__L0-1.__TILE__L2-1,target,support,support,finetune_dataset,data_126.pt,20651.0,sgformer_rgcn_qor,1,50,kmeans,4.459786415100098,3.29878568649292,1.1610007286071777,0.07000000029802322,-0.05930903181433678,0.1293090283870697,0.03999999910593033,0.2735762298107147,0.233576238155365,0.07999999821186066,0.08056177198886871,0.0005617737770080566,0.029999999329447746,0.019811050966382027,0.01018894836306572
2040c35f05b537b6,gemm-p,gemm-p,lv2:__PARA__L0-1.__PARA__L1-1.__PARA__L2-4.__PARA__L3-5.__PIPE__L0-off.__PIPE__L2-off.__TILE__L0-1.__TILE__L2-2,target,support,support,finetune_dataset,data_186.pt,592860.0,sgformer_rgcn_qor,1,50,kmeans,2.0380823612213135,3.084954261779785,1.0468719005584717,0.009999999776482582,-0.03711846098303795,0.04711846262216568,0.0,0.2505328357219696,0.2505328357219696,0.0,-0.06779609620571136,0.06779609620571136,0.029999999329447746,0.03696955740451813,0.006969558075070381
c72435dad60775dc,gemm-p,gemm-p,lv2:__PARA__L0-1.__PARA__L1-1.__PARA__L2-2.__PARA__L3-5.__PIPE__L0-off.__PIPE__L2-off.__TILE__L0-1.__TILE__L2-1,target,support,support,finetune_dataset,data_147.pt,106325.0,sgformer_rgcn_qor,1,50,kmeans,3.2776875495910645,3.04829740524292,0.22939014434814453,0.019999999552965164,-0.048192884773015976,0.06819288432598114,0.009999999776482582,0.25672003626823425,0.24672003090381622,0.009999999776482582,-0.052841056138277054,0.06284105777740479,0.029999999329447746,0.031087534502148628,0.001087535172700882
f8eced5bda6750eb,gemm-p,gemm-p,lv2:__PARA__L0-1.__PARA__L1-1.__PARA__L2-8.__PARA__L3-10.__PIPE__L0-off.__PIPE__L2-NA.__TILE__L0-1.__TILE__L2-1,target,support,support,finetune_dataset,data_214.pt,41050.0,sgformer_rgcn_qor,1,50,kmeans,3.964200973510742,3.80900502204895,0.155195951461792,0.12999999523162842,0.12314972281455994,0.0068502724170684814,0.05999999865889549,-0.10198310017585754,0.16198310256004333,0.14000000059604645,0.15692295134067535,0.016922950744628906,0.05000000074505806,-0.07137714326381683,0.1213771402835846
f779ac08d7725162,gemm-p,gemm-p,lv2:__PARA__L0-30.__PARA__L1-32.__PARA__L2-1.__PARA__L3-1.__PIPE__L0-NA.__PIPE__L2-flatten.__TILE__L0-2.__TILE__L2-1,target,support,support,finetune_dataset,data_388.pt,55939.0,sgformer_rgcn_qor,1,50,kmeans,3.740964889526367,4.701569080352783,0.960604190826416,0.05999999865889549,0.47273334860801697,0.4127333462238312,0.019999999552965164,0.3809466063976288,0.3609465956687927,0.03999999910593033,0.26282989978790283,0.2228299081325531,0.05000000074505806,0.00732030114158988,0.04267970100045204
c6e49ec4b4435aed,gemm-p,gemm-p,lv2:__PARA__L0-15.__PARA__L1-32.__PARA__L2-16.__PARA__L3-1.__PIPE__L0-NA.__PIPE__L2-flatten.__TILE__L0-4.__TILE__L2-1,target,support,support,finetune_dataset,data_356.pt,11552.0,sgformer_rgcn_qor,1,50,kmeans,4.878820896148682,4.686068058013916,0.19275283813476562,0.3499999940395355,0.5951322317123413,0.2451322376728058,0.23999999463558197,0.27919694781303406,0.03919695317745209,0.36000001430511475,0.5443207025527954,0.18432068824768066,0.009999999776482582,-0.010100943967700005,0.020100943744182587
b7785b488b1d90e8,gemm-p,gemm-p,lv2:__PARA__L0-1.__PARA__L1-1.__PARA__L2-8.__PARA__L3-10.__PIPE__L0-off.__PIPE__L2-off.__TILE__L0-1.__TILE__L2-2,target,support,support,finetune_dataset,data_216.pt,215335.0,sgformer_rgcn_qor,1,50,kmeans,2.768636703491211,3.3008668422698975,0.5322301387786865,0.019999999552965164,-0.050619032233953476,0.07061903178691864,0.009999999776482582,0.2237524688243866,0.21375246345996857,0.019999999552965164,0.033886563032865524,0.01388656347990036,0.05000000074505806,0.014143602922558784,0.035856395959854126
82851c00f5b54fd9,gemm-p,gemm-p,lv2:__PARA__L0-1.__PARA__L1-4.__PARA__L2-5.__PARA__L3-1.__PIPE__L0-off.__PIPE__L2-flatten.__TILE__L0-1.__TILE__L2-1,target,support,support,finetune_dataset,data_297.pt,16349.0,sgformer_rgcn_qor,1,50,kmeans,4.628291130065918,3.8429925441741943,0.7852985858917236,0.10000000149011612,0.3470158278942108,0.2470158338546753,0.07000000029802322,0.01465747132897377,0.055342528969049454,0.10999999940395355,0.23213304579257965,0.1221330463886261,0.009999999776482582,0.04150809347629547,0.03150809556245804
62c57d9c0f74d8e7,gemm-p,gemm-p,lv2:__PARA__L0-1.__PARA__L1-1.__PARA__L2-5.__PARA__L3-2.__PIPE__L0-off.__PIPE__L2-NA.__TILE__L0-1.__TILE__L2-1,target,support,support,finetune_dataset,data_201.pt,79052.0,sgformer_rgcn_qor,1,50,kmeans,3.4914910793304443,3.556279420852661,0.0647883415222168,0.029999999329447746,0.12328335642814636,0.09328335523605347,0.009999999776482582,-0.06869319081306458,0.07869318872690201,0.019999999552965164,0.08297313749790192,0.06297314167022705,0.019999999552965164,-0.043096646666526794,0.06309664249420166
0bfe1684da131d58,gemm-p,gemm-p,lv2:__PARA__L0-15.__PARA__L1-16.__PARA__L2-16.__PARA__L3-1.__PIPE__L0-off.__PIPE__L2-flatten.__TILE__L0-1.__TILE__L2-1,target,support,support,finetune_dataset,data_346.pt,11732.0,sgformer_rgcn_qor,1,50,kmeans,4.8676676750183105,4.272747993469238,0.5949196815490723,0.3499999940395355,0.3868354260921478,0.036835432052612305,0.23999999463558197,-0.14788582921028137,0.38788580894470215,0.36000001430511475,0.0994202047586441,0.26057982444763184,0.009999999776482582,-0.030674083158373833,0.040674082934856415
236797b508fe964e,gemm-p,gemm-p,lv2:__PARA__L0-10.__PARA__L1-32.__PARA__L2-10.__PARA__L3-1.__PIPE__L0-off.__PIPE__L2-flatten.__TILE__L0-1.__TILE__L2-8,target,support,support,finetune_dataset,data_336.pt,11083.0,sgformer_rgcn_qor,1,50,kmeans,4.908718109130859,4.232174396514893,0.6765437126159668,0.23000000417232513,0.27487215399742126,0.04487214982509613,0.1599999964237213,-0.12340858578681946,0.28340858221054077,0.2199999988079071,0.15383543074131012,0.06616456806659698,0.009999999776482582,0.003802673425525427,0.006197326350957155
e3dc96a4e2faf104,gemm-p,gemm-p,lv2:__PARA__L0-2.__PARA__L1-16.__PARA__L2-16.__PARA__L3-1.__PIPE__L0-NA.__PIPE__L2-flatten.__TILE__L0-1.__TILE__L2-1,target,support,support,finetune_dataset,data_363.pt,9307.0,sgformer_rgcn_qor,1,50,kmeans,5.034698009490967,4.4793620109558105,0.5553359985351562,0.3499999940395355,0.5330948829650879,0.18309488892555237,0.23999999463558197,0.4143678843975067,0.17436788976192474,0.36000001430511475,0.6603471040725708,0.30034708976745605,0.009999999776482582,-0.0363684743642807,0.046368472278118134
0df3b686b357956a,gemm-p,gemm-p,lv2:__PARA__L0-1.__PARA__L1-1.__PARA__L2-4.__PARA__L3-2.__PIPE__L0-off.__PIPE__L2-off.__TILE__L0-1.__TILE__L2-4,target,support,support,finetune_dataset,data_183.pt,955866.0,sgformer_rgcn_qor,1,50,kmeans,1.69352388381958,2.9869823455810547,1.2934584617614746,0.009999999776482582,-0.02296152338385582,0.03296152502298355,0.0,0.28952595591545105,0.28952595591545105,0.0,-0.0658486932516098,0.0658486932516098,0.019999999552965164,0.05170406401157379,0.03170406445860863
4f7c1c7a0159ad36,gemm-p,gemm-p,lv2:__PARA__L0-1.__PARA__L1-1.__PARA__L2-1.__PARA__L3-10.__PIPE__L0-off.__PIPE__L2-off.__TILE__L0-1.__TILE__L2-2,target,support,support,finetune_dataset,data_81.pt,436495.0,sgformer_rgcn_qor,1,50,kmeans,2.2589454650878906,3.133223056793213,0.8742775917053223,0.009999999776482582,-0.08807328343391418,0.09807328134775162,0.0,0.24028465151786804,0.24028465151786804,0.0,-0.008211005479097366,0.008211005479097366,0.019999999552965164,0.018478767946362495,0.0015212316066026688
f6b5d9061a2b899c,gemm-p,gemm-p,lv2:__PARA__L0-1.__PARA__L1-70.__PARA__L2-1.__PARA__L3-32.__PIPE__L0-off.__PIPE__L2-off.__TILE__L0-1.__TILE__L2-1,target,support,support,finetune_dataset,data_325.pt,251089.0,sgformer_rgcn_qor,1,50,kmeans,2.6578285694122314,3.8302454948425293,1.1724169254302979,0.029999999329447746,0.2768183648586273,0.24681836366653442,0.019999999552965164,0.34255287051200867,0.3225528597831726,0.07999999821186066,0.35852110385894775,0.2785211205482483,0.03999999910593033,0.005829231347888708,0.03417076915502548
4c75129b129c3688,gemm-p,gemm-p,lv2:__PARA__L0-30.__PARA__L1-32.__PARA__L2-10.__PARA__L3-1.__PIPE__L0-off.__PIPE__L2-flatten.__TILE__L0-2.__TILE__L2-1,target,support,support,finetune_dataset,data_394.pt,15139.0,sgformer_rgcn_qor,1,50,kmeans,4.683757305145264,4.56927490234375,0.11448240280151367,0.23000000417232513,0.3795810639858246,0.14958105981349945,0.1599999964237213,-0.19039562344551086,0.3503956198692322,0.2199999988079071,-0.16599975526332855,0.38599973917007446,0.009999999776482582,0.017912762239575386,0.007912762463092804
49b034b757dc6ef9,gemm-p,gemm-p,lv2:__PARA__L0-1.__PARA__L1-5.__PARA__L2-2.__PARA__L3-1.__PIPE__L0-off.__PIPE__L2-flatten.__TILE__L0-1.__TILE__L2-1,target,support,support,finetune_dataset,data_310.pt,32287.0,sgformer_rgcn_qor,1,50,kmeans,4.137415409088135,3.8285703659057617,0.30884504318237305,0.03999999910593033,0.290450781583786,0.2504507899284363,0.019999999552965164,-0.003094937652349472,0.023094937205314636,0.019999999552965164,0.22249425947666168,0.20249426364898682,0.009999999776482582,0.044858112931251526,0.03485811501741409
fbdff262c0ec71fe,gemm-p,gemm-p,lv2:__PARA__L0-1.__PARA__L1-1.__PARA__L2-1.__PARA__L3-1.__PIPE__L0-off.__PIPE__L2-flatten.__TILE__L0-1.__TILE__L2-1,target,support,support,finetune_dataset,data_77.pt,35347.0,sgformer_rgcn_qor,1,50,kmeans,4.072098255157471,3.727339029312134,0.3447592258453369,0.029999999329447746,0.27509042620658875,0.24509042501449585,0.009999999776482582,0.01654622331261635,0.006546223536133766,0.019999999552965164,0.30282890796661377,0.2828288972377777,0.05000000074505806,0.036754027009010315,0.013245973736047745
d86b4bef7a938c97,gemm-p,gemm-p,lv2:__PARA__L0-12.__PARA__L1-32.__PARA__L2-16.__PARA__L3-1.__PIPE__L0-NA.__PIPE__L2-flatten.__TILE__L0-1.__TILE__L2-1,target,support,support,finetune_dataset,data_344.pt,10982.0,sgformer_rgcn_qor,1,50,kmeans,4.9153218269348145,4.7379374504089355,0.1773843765258789,0.3499999940395355,0.5807013511657715,0.23070135712623596,0.23999999463558197,0.27619668841362,0.036196693778038025,0.36000001430511475,0.5470439195632935,0.1870439052581787,0.009999999776482582,-0.01976381056010723,0.029763810336589813
ddd8e3ebba80a73e,jacobi-2d,jacobi-2d,lv2:__PARA__L0-1.__PARA__L1-1.__PARA__L2-1.__PARA__L3-2.__PARA__L4-1.__PIPE__L0-off.__PIPE__L1-off.__PIPE__L2-off.__TILE__L0-1.__TILE__L1-1.__TILE__L2-1,target,support,support,finetune_dataset,data_689.pt,1089684.0,sgformer_rgcn_qor,1,50,kmeans,1.5990091562271118,0.8593298196792603,0.7396793365478516,0.009999999776482582,-0.1842229664325714,0.19422297179698944,0.0,0.21654388308525085,0.21654388308525085,0.0,-0.03534971550107002,0.03534971550107002,0.019999999552965164,0.02140630967915058,0.0014063101261854172
c395ab2e435aff0d,jacobi-2d,jacobi-2d,lv2:__PARA__L0-1.__PARA__L1-1.__PARA__L2-1.__PARA__L3-1.__PARA__L4-2.__PIPE__L0-off.__PIPE__L1-flatten.__PIPE__L2-NA.__TILE__L0-1.__TILE__L1-1.__TILE__L2-8,target,support,support,finetune_dataset,data_668.pt,3938921.0,sgformer_rgcn_qor,1,50,kmeans,0.6720638275146484,0.6727343797683716,0.0006705522537231445,0.25,0.7497807741165161,0.4997807741165161,0.10999999940395355,0.17593643069267273,0.06593643128871918,0.25999999046325684,0.34870445728302,0.08870446681976318,0.25,0.18976177275180817,0.060238227248191833
56c9d9d6a71bf7c1,jacobi-2d,jacobi-2d,lv2:__PARA__L0-1.__PARA__L1-8.__PARA__L2-2.__PARA__L3-1.__PARA__L4-1.__PIPE__L0-off.__PIPE__L1-off.__PIPE__L2-flatten.__TILE__L0-1.__TILE__L1-1.__TILE__L2-8,target,support,support,finetune_dataset,data_911.pt,4295721.0,sgformer_rgcn_qor,1,50,kmeans,0.6095138788223267,0.9571105241775513,0.3475966453552246,0.8700000047683716,0.5837808847427368,0.28621912002563477,0.3799999952316284,0.07556363940238953,0.3044363558292389,0.7699999809265137,0.3181382417678833,0.45186173915863037,0.03999999910593033,0.06878341734409332,0.028783418238162994
b0b6944b2668f3e4,jacobi-2d,jacobi-2d,lv2:__PARA__L0-1.__PARA__L1-4.__PARA__L2-22.__PARA__L3-8.__PARA__L4-8.__PIPE__L0-off.__PIPE__L1-NA.__PIPE__L2-off.__TILE__L0-1.__TILE__L1-1.__TILE__L2-1,target,support,support,finetune_dataset,data_899.pt,4513161.0,sgformer_rgcn_qor,1,50,kmeans,0.5738949179649353,0.8850218057632446,0.3111268877983093,0.05000000074505806,0.1787627637386322,0.12876276671886444,0.019999999552965164,0.13122817873954773,0.11122818291187286,0.05000000074505806,0.2620011568069458,0.21200115978717804,0.009999999776482582,0.03187479078769684,0.021874791011214256
3c2f528b154993a7,jacobi-2d,jacobi-2d,lv2:__PARA__L0-1.__PARA__L1-11.__PARA__L2-2.__PARA__L3-1.__PARA__L4-1.__PIPE__L0-off.__PIPE__L1-NA.__PIPE__L2-flatten.__TILE__L0-1.__TILE__L1-8.__TILE__L2-8,target,support,support,finetune_dataset,data_787.pt,4315161.0,sgformer_rgcn_qor,1,50,kmeans,0.6062568426132202,0.541850209236145,0.0644066333770752,0.6499999761581421,1.0095808506011963,0.3595808744430542,0.30000001192092896,0.3225371539592743,0.022537142038345337,0.6200000047683716,0.6537095308303833,0.03370952606201172,0.03999999910593033,0.20639051496982574,0.16639050841331482
7c1dc00b3bf4a5f3,jacobi-2d,jacobi-2d,lv2:__PARA__L0-1.__PARA__L1-2.__PARA__L2-22.__PARA__L3-8.__PARA__L4-8.__PIPE__L0-off.__PIPE__L1-off.__PIPE__L2-off.__TILE__L0-1.__TILE__L1-1.__TILE__L2-4,target,support,support,finetune_dataset,data_856.pt,4504601.0,sgformer_rgcn_qor,1,50,kmeans,0.5752643942832947,1.073508381843567,0.4982439875602722,0.05000000074505806,0.0015467144548892975,0.04845328629016876,0.019999999552965164,0.17919036746025085,0.159190371632576,0.05000000074505806,0.35882580280303955,0.3088257908821106,0.009999999776482582,0.005102293100208044,0.004897706676274538
3e1936144535fbc1,jacobi-2d,jacobi-2d,lv2:__PARA__L0-1.__PARA__L1-1.__PARA__L2-1.__PARA__L3-8.__PARA__L4-8.__PIPE__L0-off.__PIPE__L1-off.__PIPE__L2-off.__TILE__L0-1.__TILE__L1-88.__TILE__L2-2,target,support,support,finetune_dataset,data_724.pt,4035721.0,sgformer_rgcn_qor,1,50,kmeans,0.6545508503913879,0.9198023080825806,0.2652514576911926,0.05000000074505806,0.12107822299003601,0.07107822597026825,0.019999999552965164,0.5601170063018799,0.5401170253753662,0.05000000074505806,0.07717718183994293,0.027177181094884872,0.0,0.024017946794629097,0.024017946794629097
53465b974b67d248,jacobi-2d,jacobi-2d,lv2:__PARA__L0-1.__PARA__L1-2.__PARA__L2-88.__PARA__L3-8.__PARA__L4-8.__PIPE__L0-off.__PIPE__L1-NA.__PIPE__L2-off.__TILE__L0-1.__TILE__L1-1.__TILE__L2-1,target,support,support,finetune_dataset,data_874.pt,4361601.0,sgformer_rgcn_qor,1,50,kmeans,0.5985351204872131,0.6269289255142212,0.028393805027008057,2.0,0.39791926741600037,1.6020807027816772,0.9300000071525574,-0.21248653531074524,1.142486572265625,2.0799999237060547,1.3081485033035278,0.7718514204025269,0.0,-0.015288693830370903,0.015288693830370903
143101b6acaf1644,jacobi-2d,jacobi-2d,lv2:__PARA__L0-1.__PARA__L1-2.__PARA__L2-11.__PARA__L3-8.__PARA__L4-8.__PIPE__L0-off.__PIPE__L1-off.__PIPE__L2-NA.__TILE__L0-1.__TILE__L1-1.__TILE__L2-8,target,support,support,finetune_dataset,data_832.pt,4434121.0,sgformer_rgcn_qor,1,50,kmeans,0.5866400003433228,0.934677243232727,0.3480372428894043,0.05000000074505806,0.2580883204936981,0.20808832347393036,0.019999999552965164,0.10945865511894226,0.0894586592912674,0.05000000074505806,0.3620253801345825,0.31202536821365356,0.009999999776482582,0.09626592695713043,0.086265929043293
2940580a380ffafd,jacobi-2d,jacobi-2d,lv2:__PARA__L0-1.__PARA__L1-22.__PARA__L2-2.__PARA__L3-22.__PARA__L4-1.__PIPE__L0-off.__PIPE__L1-NA.__PIPE__L2-flatten.__TILE__L0-1.__TILE__L1-4.__TILE__L2-8,target,support,support,finetune_dataset,data_882.pt,4390081.0,sgformer_rgcn_qor,1,50,kmeans,0.5938402414321899,0.6423298120498657,0.04848957061767578,0.9300000071525574,1.0390899181365967,0.1090899109840393,0.41999998688697815,0.33907386660575867,0.08092612028121948,0.8299999833106995,0.8438817262649536,0.01388174295425415,0.07999999821186066,0.16738523542881012,0.08738523721694946
d269ecdf325e801d,jacobi-2d,jacobi-2d,lv2:__PARA__L0-1.__PARA__L1-1.__PARA__L2-22.__PARA__L3-8.__PARA__L4-8.__PIPE__L0-off.__PIPE__L1-off.__PIPE__L2-off.__TILE__L0-1.__TILE__L1-88.__TILE__L2-1,target,support,support,finetune_dataset,data_773.pt,2355924.0,sgformer_rgcn_qor,1,50,kmeans,1.0428175926208496,1.3456512689590454,0.3028336763381958,0.03999999910593033,0.2543676793575287,0.21436768770217896,0.009999999776482582,0.5469801425933838,0.536980152130127,0.029999999329447746,0.38619720935821533,0.35619720816612244,0.019999999552965164,0.010911600664258003,0.009088398888707161
5a0b2bc64691d41e,jacobi-2d,jacobi-2d,lv2:__PARA__L0-1.__PARA__L1-11.__PARA__L2-2.__PARA__L3-11.__PARA__L4-1.__PIPE__L0-off.__PIPE__L1-NA.__PIPE__L2-flatten.__TILE__L0-1.__TILE__L1-8.__TILE__L2-8,target,support,support,finetune_dataset,data_790.pt,4315441.0,sgformer_rgcn_qor,1,50,kmeans,0.6062100529670715,0.5581790208816528,0.0480310320854187,0.8999999761581421,0.9825127124786377,0.0825127363204956,0.4000000059604645,0.31903383135795593,0.08096617460250854,0.800000011920929,0.7455188035964966,0.05448120832443237,0.03999999910593033,0.18819202482700348,0.14819201827049255
ee77ecc8d3d341ab,jacobi-2d,jacobi-2d,lv2:__PARA__L0-1.__PARA__L1-1.__PARA__L2-2.__PARA__L3-16.__PARA__L4-1.__PIPE__L0-off.__PIPE__L1-NA.__PIPE__L2-flatten.__TILE__L0-1.__TILE__L1-8.__TILE__L2-8,target,support,support,finetune_dataset,data_745.pt,5669521.0,sgformer_rgcn_qor,1,50,kmeans,0.4093506336212158,0.7276102304458618,0.318259596824646,0.8999999761581421,0.7695361375808716,0.1304638385772705,0.4000000059604645,0.173263281583786,0.22673672437667847,0.8100000023841858,0.7398959398269653,0.07010406255722046,0.03999999910593033,0.1399318128824234,0.09993181377649307
5214d99fdeb11110,jacobi-2d,jacobi-2d,lv2:__PARA__L0-1.__PARA__L1-4.__PARA__L2-4.__PARA__L3-8.__PARA__L4-8.__PIPE__L0-off.__PIPE__L1-NA.__PIPE__L2-off.__TILE__L0-1.__TILE__L1-1.__TILE__L2-1,target,support,support,finetune_dataset,data_902.pt,4399241.0,sgformer_rgcn_qor,1,50,kmeans,0.5923367142677307,0.7772823572158813,0.18494564294815063,0.05000000074505806,0.08601567149162292,0.036015670746564865,0.019999999552965164,0.05131981149315834,0.031319811940193176,0.05000000074505806,0.01977742835879326,0.0302225723862648,0.0,0.029081957414746284,0.029081957414746284
418f7638dcb91743,jacobi-2d,jacobi-2d,lv2:__PARA__L0-1.__PARA__L1-1.__PARA__L2-2.__PARA__L3-2.__PARA__L4-1.__PIPE__L0-off.__PIPE__L1-off.__PIPE__L2-flatten.__TILE__L0-1.__TILE__L1-8.__TILE__L2-8,target,support,support,finetune_dataset,data_750.pt,4088281.0,sgformer_rgcn_qor,1,50,kmeans,0.6452168822288513,0.9241067171096802,0.27888983488082886,0.8700000047683716,0.5214523077011108,0.34854769706726074,0.3799999952316284,0.05866644158959389,0.32133355736732483,0.7799999713897705,0.38580238819122314,0.39419758319854736,0.0,0.021676676347851753,0.021676676347851753
53885ac3842ab290,jacobi-2d,jacobi-2d,lv2:__PARA__L0-1.__PARA__L1-1.__PARA__L2-1.__PARA__L3-8.__PARA__L4-8.__PIPE__L0-off.__PIPE__L1-off.__PIPE__L2-NA.__TILE__L0-1.__TILE__L1-88.__TILE__L2-2,target,support,support,finetune_dataset,data_719.pt,4035721.0,sgformer_rgcn_qor,1,50,kmeans,0.6545508503913879,1.1072298288345337,0.45267897844314575,0.05000000074505806,0.35947486758232117,0.3094748556613922,0.019999999552965164,0.42475196719169617,0.4047519564628601,0.05000000074505806,0.11368192732334137,0.06368193030357361,0.0,0.06492342054843903,0.06492342054843903
edff4791f18c4a83,jacobi-2d,jacobi-2d,lv2:__PARA__L0-1.__PARA__L1-8.__PARA__L2-1.__PARA__L3-1.__PARA__L4-4.__PIPE__L0-off.__PIPE__L1-flatten.__PIPE__L2-NA.__TILE__L0-1.__TILE__L1-1.__TILE__L2-8,target,support,support,finetune_dataset,data_909.pt,3935321.0,sgformer_rgcn_qor,1,50,kmeans,0.6727234125137329,0.6929889917373657,0.020265579223632812,2.180000066757202,0.8607290983200073,1.3192709684371948,1.0,0.29022762179374695,0.7097723484039307,2.069999933242798,0.34364426136016846,1.7263556718826294,0.0,0.18202604353427887,0.18202604353427887
08b823e9400351eb,jacobi-2d,jacobi-2d,lv2:__PARA__L0-1.__PARA__L1-22.__PARA__L2-2.__PARA__L3-8.__PARA__L4-1.__PIPE__L0-off.__PIPE__L1-NA.__PIPE__L2-flatten.__TILE__L0-1.__TILE__L1-4.__TILE__L2-8,target,support,support,finetune_dataset,data_885.pt,4385921.0,sgformer_rgcn_qor,1,50,kmeans,0.5945241451263428,0.5769020318984985,0.01762211322784424,0.8799999952316284,1.0481806993484497,0.1681807041168213,0.38999998569488525,0.41726991534233093,0.02726992964744568,0.7900000214576721,0.7749110460281372,0.015088975429534912,0.009999999776482582,0.2280060201883316,0.21800601482391357
322b26639a483f11,jacobi-2d,jacobi-2d,lv2:__PARA__L0-1.__PARA__L1-2.__PARA__L2-11.__PARA__L3-1.__PARA__L4-4.__PIPE__L0-off.__PIPE__L1-flatten.__PIPE__L2-NA.__TILE__L0-1.__TILE__L1-8.__TILE__L2-8,target,support,support,finetune_dataset,data_824.pt,4315481.0,sgformer_rgcn_qor,1,50,kmeans,0.6062033772468567,0.4609776437282562,0.14522573351860046,0.8700000047683716,0.8280731439590454,0.04192686080932617,0.38999998569488525,0.3067795932292938,0.08322039246559143,0.7799999713897705,0.5186997652053833,0.2613002061843872,0.0,0.1426478773355484,0.1426478773355484
32f1f774163feb41,jacobi-2d,jacobi-2d,lv2:__PARA__L0-1.__PARA__L1-1.__PARA__L2-2.__PARA__L3-1.__PARA__L4-1.__PIPE__L0-off.__PIPE__L1-off.__PIPE__L2-flatten.__TILE__L0-1.__TILE__L1-1.__TILE__L2-8,target,support,support,finetune_dataset,data_737.pt,4301521.0,sgformer_rgcn_qor,1,50,kmeans,0.6085405945777893,0.9272476434707642,0.31870704889297485,0.6499999761581421,0.5253517627716064,0.12464821338653564,0.28999999165534973,0.044490549713373184,0.24550944566726685,0.6100000143051147,0.3637343645095825,0.24626564979553223,0.03999999910593033,0.01581539399921894,0.024184605106711388
4dc43ab556929ebc,jacobi-2d,jacobi-2d,lv2:__PARA__L0-1.__PARA__L1-1.__PARA__L2-1.__PARA__L3-8.__PARA__L4-8.__PIPE__L0-off.__PIPE__L1-off.__PIPE__L2-NA.__TILE__L0-1.__TILE__L1-88.__TILE__L2-8,target,support,support,finetune_dataset,data_721.pt,3973841.0,sgformer_rgcn_qor,1,50,kmeans,0.6656969785690308,1.063667893409729,0.39797091484069824,0.05000000074505806,0.2696704566478729,0.21967045962810516,0.019999999552965164,0.44548293948173523,0.42548292875289917,0.05000000074505806,0.11448110640048981,0.06448110938072205,0.0,0.06116403639316559,0.06116403639316559
7358a0642d396c29,jacobi-2d,jacobi-2d,lv2:__PARA__L0-1.__PARA__L1-1.__PARA__L2-1.__PARA__L3-2.__PARA__L4-16.__PIPE__L0-off.__PIPE__L1-off.__PIPE__L2-off.__TILE__L0-1.__TILE__L1-1.__TILE__L2-1,target,support,support,finetune_dataset,data_692.pt,785964.0,sgformer_rgcn_qor,1,50,kmeans,1.8346965312957764,1.101279854774475,0.7334166765213013,0.03999999910593033,-0.1729595959186554,0.21295958757400513,0.009999999776482582,0.30480119585990906,0.2948012053966522,0.009999999776482582,0.213508740067482,0.20350873470306396,0.029999999329447746,-0.03835330903530121,0.0683533102273941
f374d26c04ba2cab,jacobi-2d,jacobi-2d,lv2:__PARA__L0-1.__PARA__L1-1.__PARA__L2-4.__PARA__L3-8.__PARA__L4-8.__PIPE__L0-off.__PIPE__L1-off.__PIPE__L2-NA.__TILE__L0-1.__TILE__L1-88.__TILE__L2-1,target,support,support,finetune_dataset,data_777.pt,2242884.0,sgformer_rgcn_qor,1,50,kmeans,1.0782865285873413,1.1830412149429321,0.10475468635559082,0.03999999910593033,0.4240882098674774,0.3840882182121277,0.019999999552965164,0.4126832187175751,0.392683207988739,0.029999999329447746,0.10357679426670074,0.07357679307460785,0.009999999776482582,0.07118572294712067,0.061185725033283234
3f5754af4892a908,jacobi-2d,jacobi-2d,lv2:__PARA__L0-1.__PARA__L1-1.__PARA__L2-1.__PARA__L3-1.__PARA__L4-32.__PIPE__L0-off.__PIPE__L1-flatten.__PIPE__L2-NA.__TILE__L0-1.__TILE__L1-1.__TILE__L2-8,target,support,support,finetune_dataset,data_671.pt,5518961.0,sgformer_rgcn_qor,1,50,kmeans,0.4287657141685486,1.195290207862854,0.7665244936943054,0.33000001311302185,0.9593232870101929,0.6293232440948486,0.15000000596046448,0.6334331035614014,0.4834330976009369,0.33000001311302185,0.7265893220901489,0.3965893089771271,0.3700000047683716,0.05099453032016754,0.31900548934936523
764f63a42355b187,jacobi-2d,jacobi-2d,lv2:__PARA__L0-1.__PARA__L1-2.__PARA__L2-2.__PARA__L3-8.__PARA__L4-8.__PIPE__L0-off.__PIPE__L1-NA.__PIPE__L2-NA.__TILE__L0-40.__TILE__L1-1.__TILE__L2-1,target,support,support,finetune_dataset,data_839.pt,4382121.0,sgformer_rgcn_qor,1,50,kmeans,0.5951493978500366,0.46710309386253357,0.12804630398750305,0.05000000074505806,0.629517674446106,0.579517662525177,0.019999999552965164,0.1554405391216278,0.13544054329395294,0.05000000074505806,0.1862117201089859,0.13621172308921814,0.0,0.08338798582553864,0.08338798582553864
e09ba6a56162015e,jacobi-2d,jacobi-2d,lv2:__PARA__L0-1.__PARA__L1-1.__PARA__L2-1.__PARA__L3-1.__PARA__L4-1.__PIPE__L0-off.__PIPE__L1-flatten.__PIPE__L2-off.__TILE__L0-1.__TILE__L1-1.__TILE__L2-4,target,support,support,finetune_dataset,data_658.pt,3944281.0,sgformer_rgcn_qor,1,50,kmeans,0.6710828542709351,0.5497928857803345,0.12128996849060059,0.25,0.4509265124797821,0.2009265124797821,0.10999999940395355,0.0006768442690372467,0.1093231588602066,0.25999999046325684,0.13077177107334137,0.12922821938991547,0.28999999165534973,0.21730102598667145,0.07269896566867828
7d9b2377f873fd86,jacobi-2d,jacobi-2d,lv2:__PARA__L0-1.__PARA__L1-2.__PARA__L2-8.__PARA__L3-8.__PARA__L4-8.__PIPE__L0-off.__PIPE__L1-NA.__PIPE__L2-off.__TILE__L0-1.__TILE__L1-1.__TILE__L2-1,target,support,support,finetune_dataset,data_868.pt,4414401.0,sgformer_rgcn_qor,1,50,kmeans,0.5898551940917969,0.8512789011001587,0.2614237070083618,0.05000000074505806,0.06112775579094887,0.011127755045890808,0.019999999552965164,0.02477237954735756,0.004772379994392395,0.05000000074505806,0.07018007338047028,0.020180072635412216,0.009999999776482582,0.03559650480747223,0.025596505030989647
0bff14392f5463ba,jacobi-2d,jacobi-2d,lv2:__PARA__L0-1.__PARA__L1-11.__PARA__L2-2.__PARA__L3-11.__PARA__L4-1.__PIPE__L0-off.__PIPE__L1-off.__PIPE__L2-flatten.__TILE__L0-1.__TILE__L1-8.__TILE__L2-8,target,support,support,finetune_dataset,data_791.pt,4315441.0,sgformer_rgcn_qor,1,50,kmeans,0.6062100529670715,0.9280744791030884,0.32186442613601685,0.8999999761581421,0.6678107976913452,0.23218917846679688,0.4000000059604645,0.12259265780448914,0.27740734815597534,0.800000011920929,0.49167072772979736,0.3083292841911316,0.03999999910593033,0.046980515122413635,0.006980516016483307
4160f17848553677,jacobi-2d,jacobi-2d,lv2:__PARA__L0-1.__PARA__L1-22.__PARA__L2-2.__PARA__L3-2.__PARA__L4-1.__PIPE__L0-off.__PIPE__L1-NA.__PIPE__L2-flatten.__TILE__L0-1.__TILE__L1-4.__TILE__L2-8,target,support,support,finetune_dataset,data_881.pt,4386161.0,sgformer_rgcn_qor,1,50,kmeans,0.5944846868515015,0.5731693506240845,0.021315336227416992,0.8700000047683716,1.057750940322876,0.1877509355545044,0.3799999952316284,0.4503614604473114,0.07036146521568298,0.7799999713897705,0.7404729127883911,0.039527058601379395,0.0,0.23854078352451324,0.23854078352451324
d3b71341beff420b,jacobi-2d,jacobi-2d,lv2:__PARA__L0-1.__PARA__L1-1.__PARA__L2-1.__PARA__L3-2.__PARA__L4-32.__PIPE__L0-off.__PIPE__L1-off.__PIPE__L2-off.__TILE__L0-1.__TILE__L1-1.__TILE__L2-1,target,support,support,finetune_dataset,data_696.pt,2707884.0,sgformer_rgcn_qor,1,50,kmeans,0.9423810839653015,1.1986891031265259,0.25630801916122437,0.10999999940395355,-0.10265222191810608,0.21265222132205963,0.029999999329447746,0.4759804904460907,0.4459804892539978,0.029999999329447746,0.5152961015701294,0.4852961003780365,0.05000000074505806,-0.16580186784267426,0.21580186486244202
4e45152dc9ab5382,jacobi-2d,jacobi-2d,lv2:__PARA__L0-1.__PARA__L1-1.__PARA__L2-2.__PARA__L3-88.__PARA__L4-1.__PIPE__L0-off.__PIPE__L1-off.__PIPE__L2-flatten.__TILE__L0-1.__TILE__L1-8.__TILE__L2-8,target,support,support,finetune_dataset,data_769.pt,4087681.0,sgformer_rgcn_qor,1,50,kmeans,0.6453227400779724,0.9872795343399048,0.3419567942619324,1.1299999952316284,0.636512041091919,0.4934879541397095,0.49000000953674316,-0.13826444745063782,0.6282644271850586,1.0199999809265137,1.3672457933425903,0.34724581241607666,0.20999999344348907,-0.4130876958370209,0.6230877041816711
53d53bf79f94009c,jacobi-2d,jacobi-2d,lv2:__PARA__L0-1.__PARA__L1-1.__PARA__L2-4.__PARA__L3-1.__PARA__L4-1.__PIPE__L0-off.__PIPE__L1-off.__PIPE__L2-flatten.__TILE__L0-1.__TILE__L1-1.__TILE__L2-8,target,support,support,finetune_dataset,data_776.pt,4407761.0,sgformer_rgcn_qor,1,50,kmeans,0.5909410715103149,0.946515679359436,0.3555746078491211,1.0299999713897705,0.5684154033660889,0.46158456802368164,0.4699999988079071,0.057770464569330215,0.4122295379638672,0.9700000286102295,0.382940411567688,0.5870596170425415,0.03999999910593033,0.01841558702290058,0.021584412083029747
e33b54c82cefb5a8,jacobi-2d,jacobi-2d,lv2:__PARA__L0-1.__PARA__L1-2.__PARA__L2-2.__PARA__L3-8.__PARA__L4-8.__PIPE__L0-off.__PIPE__L1-off.__PIPE__L2-off.__TILE__L0-40.__TILE__L1-1.__TILE__L2-1,target,support,support,finetune_dataset,data_845.pt,4382121.0,sgformer_rgcn_qor,1,50,kmeans,0.5951493978500366,0.6539160013198853,0.05876660346984863,0.05000000074505806,0.10829302668571472,0.05829302594065666,0.019999999552965164,0.11337301135063171,0.09337301552295685,0.05000000074505806,0.14006151258945465,0.09006151556968689,0.0,-0.011707646772265434,0.011707646772265434
3258eff57f70b64a,jacobi-2d,jacobi-2d,lv2:__PARA__L0-1.__PARA__L1-4.__PARA__L2-8.__PARA__L3-8.__PARA__L4-8.__PIPE__L0-off.__PIPE__L1-NA.__PIPE__L2-NA.__TILE__L0-1.__TILE__L1-1.__TILE__L2-1,target,support,support,finetune_dataset,data_904.pt,4422961.0,sgformer_rgcn_qor,1,50,kmeans,0.5884577631950378,0.8551865816116333,0.26672881841659546,0.05000000074505806,0.4694722592830658,0.41947224736213684,0.019999999552965164,0.16525718569755554,0.14525718986988068,0.05000000074505806,0.2743035554885864,0.22430355846881866,0.009999999776482582,0.12924732267856598,0.11924732476472855
eb12b029d36072ae,jacobi-2d,jacobi-2d,lv2:__PARA__L0-1.__PARA__L1-1.__PARA__L2-1.__PARA__L3-8.__PARA__L4-2.__PIPE__L0-off.__PIPE__L1-off.__PIPE__L2-off.__TILE__L0-1.__TILE__L1-1.__TILE__L2-1,target,support,support,finetune_dataset,data_714.pt,586364.0,sgformer_rgcn_qor,1,50,kmeans,2.046029806137085,0.9263182878494263,1.1197115182876587,0.019999999552965164,-0.16121378540992737,0.18121378123760223,0.009999999776482582,0.16579362750053406,0.15579362213611603,0.0,-0.005151618272066116,0.005151618272066116,0.019999999552965164,0.042049065232276917,0.022049065679311752
8f57bbdd423a8183,jacobi-2d,jacobi-2d,lv2:__PARA__L0-1.__PARA__L1-1.__PARA__L2-1.__PARA__L3-8.__PARA__L4-16.__PIPE__L0-off.__PIPE__L1-off.__PIPE__L2-NA.__TILE__L0-1.__TILE__L1-1.__TILE__L2-1,target,support,support,finetune_dataset,data_712.pt,616564.0,sgformer_rgcn_qor,1,50,kmeans,2.00980281829834,1.1845794916152954,0.8252233266830444,0.07000000029802322,0.18705853819847107,0.11705853790044785,0.029999999329447746,0.11592742800712585,0.08592742681503296,0.029999999329447746,0.3542214632034302,0.3242214620113373,0.07000000029802322,0.05259145796298981,0.017408542335033417
8cb79764b6680f04,jacobi-2d,jacobi-2d,lv2:__PARA__L0-1.__PARA__L1-22.__PARA__L2-2.__PARA__L3-32.__PARA__L4-1.__PIPE__L0-off.__PIPE__L1-NA.__PIPE__L2-flatten.__TILE__L0-1.__TILE__L1-4.__TILE__L2-8,target,support,support,finetune_dataset,data_883.pt,5967801.0,sgformer_rgcn_qor,1,50,kmeans,0.372364342212677,0.6237179040908813,0.25135356187820435,0.949999988079071,1.0253496170043945,0.07534962892532349,0.41999998688697815,0.2858903110027313,0.13410967588424683,0.8600000143051147,0.9367514848709106,0.0767514705657959,0.10999999940395355,0.12602628767490387,0.016026288270950317
d42802d96e26dbb9,jacobi-2d,jacobi-2d,lv2:__PARA__L0-1.__PARA__L1-1.__PARA__L2-2.__PARA__L3-16.__PARA__L4-1.__PIPE__L0-off.__PIPE__L1-off.__PIPE__L2-flatten.__TILE__L0-1.__TILE__L1-1.__TILE__L2-8,target,support,support,finetune_dataset,data_746.pt,5766161.0,sgformer_rgcn_qor,1,50,kmeans,0.3971584737300873,1.11125910282135,0.7141005992889404,0.8799999952316284,0.5147827863693237,0.3652172088623047,0.38999998569488525,-0.037452008575201035,0.4274519979953766,0.7699999809265137,0.43826591968536377,0.3317340612411499,0.029999999329447746,0.005405084695667028,0.02459491416811943
22ec0ba283f993c7,jacobi-2d,jacobi-2d,lv2:__PARA__L0-1.__PARA__L1-1.__PARA__L2-1.__PARA__L3-4.__PARA__L4-22.__PIPE__L0-off.__PIPE__L1-off.__PIPE__L2-off.__TILE__L0-1.__TILE__L1-1.__TILE__L2-1,target,support,support,finetune_dataset,data_705.pt,280324.0,sgformer_rgcn_qor,1,50,kmeans,2.5783803462982178,1.1690384149551392,1.4093419313430786,0.07000000029802322,-0.12957552075386047,0.1995755136013031,0.019999999552965164,0.35251161456108093,0.3325116038322449,0.019999999552965164,0.33280956745147705,0.312809556722641,0.05000000074505806,-0.08228670060634613,0.1322866976261139
c2c93fa5894090c5,jacobi-2d,jacobi-2d,lv2:__PARA__L0-1.__PARA__L1-1.__PARA__L2-1.__PARA__L3-1.__PARA__L4-1.__PIPE__L0-off.__PIPE__L1-off.__PIPE__L2-flatten.__TILE__L0-1.__TILE__L1-1.__TILE__L2-2,target,support,support,finetune_dataset,data_660.pt,4306601.0,sgformer_rgcn_qor,1,50,kmeans,0.6076892018318176,1.0032726526260376,0.39558345079421997,0.20000000298023224,0.5971419811248779,0.3971419930458069,0.14000000059604645,0.004401896148920059,0.1355981081724167,0.18000000715255737,0.3549710512161255,0.17497104406356812,0.25,0.06319727003574371,0.1868027299642563
dbbf61ec790c5658,jacobi-2d,jacobi-2d,lv2:__PARA__L0-1.__PARA__L1-1.__PARA__L2-11.__PARA__L3-8.__PARA__L4-8.__PIPE__L0-off.__PIPE__L1-off.__PIPE__L2-off.__TILE__L0-40.__TILE__L1-1.__TILE__L2-1,target,support,support,finetune_dataset,data_735.pt,2285444.0,sgformer_rgcn_qor,1,50,kmeans,1.0647268295288086,0.7389246225357056,0.325802206993103,0.03999999910593033,0.12455663084983826,0.08455663174390793,0.009999999776482582,0.0698687732219696,0.05986877530813217,0.029999999329447746,0.2560330629348755,0.2260330617427826,0.019999999552965164,-0.03486667573451996,0.05486667528748512
70a1bf473541b04a,jacobi-2d,jacobi-2d,lv2:__PARA__L0-1.__PARA__L1-88.__PARA__L2-2.__PARA__L3-1.__PARA__L4-1.__PIPE__L0-off.__PIPE__L1-off.__PIPE__L2-flatten.__TILE__L0-1.__TILE__L1-1.__TILE__L2-8,target,support,support,finetune_dataset,data_912.pt,4246001.0,sgformer_rgcn_qor,1,50,kmeans,0.617911696434021,0.17115744948387146,0.44675424695014954,1.100000023841858,0.5270551443099976,0.5729448795318604,0.49000000953674316,0.3183090388774872,0.17169097065925598,1.0199999809265137,1.0667668581008911,0.04676687717437744,0.23999999463558197,-0.028257234022021294,0.2682572305202484
0b27ce5d3d4a3882,jacobi-2d,jacobi-2d,lv2:__PARA__L0-1.__PARA__L1-1.__PARA__L2-1.__PARA__L3-11.__PARA__L4-16.__PIPE__L0-off.__PIPE__L1-off.__PIPE__L2-off.__TILE__L0-1.__TILE__L1-1.__TILE__L2-1,target,support,support,finetune_dataset,data_683.pt,416404.0,sgformer_rgcn_qor,1,50,kmeans,2.292936086654663,1.1474100351333618,1.1455260515213013,0.05999999865889549,-0.15340176224708557,0.21340176463127136,0.009999999776482582,0.22571155428886414,0.2157115489244461,0.009999999776482582,0.25982391834259033,0.2498239129781723,0.03999999910593033,-0.014608724042773247,0.054608725011348724
abaaf405e8d7c365,jacobi-2d,jacobi-2d,lv2:__PARA__L0-1.__PARA__L1-1.__PARA__L2-1.__PARA__L3-8.__PARA__L4-8.__PIPE__L0-off.__PIPE__L1-off.__PIPE__L2-off.__TILE__L0-40.__TILE__L1-1.__TILE__L2-1,target,support,support,finetune_dataset,data_728.pt,238164.0,sgformer_rgcn_qor,1,50,kmeans,2.695950508117676,0.6724129915237427,2.0235376358032227,0.029999999329447746,0.07351812720298767,0.043518126010894775,0.009999999776482582,0.09868404269218445,0.08868404477834702,0.0,0.15052999556064606,0.15052999556064606,0.019999999552965164,-0.031260356307029724,0.05126035585999489
e0f176d01fa896b9,jacobi-2d,jacobi-2d,lv2:__PARA__L0-1.__PARA__L1-1.__PARA__L2-1.__PARA__L3-1.__PARA__L4-1.__PIPE__L0-off.__PIPE__L1-off.__PIPE__L2-flatten.__TILE__L0-1.__TILE__L1-1.__TILE__L2-8,target,support,support,finetune_dataset,data_662.pt,4244201.0,sgformer_rgcn_qor,1,50,kmeans,0.6182175278663635,0.9236589670181274,0.3054414391517639,0.17000000178813934,0.5097365379333496,0.3397365212440491,0.07000000029802322,0.04012081399559975,0.029879186302423477,0.18000000715255737,0.35058510303497314,0.17058509588241577,0.25,0.01724638231098652,0.23275361955165863
5fcf77dcebfbbb45,jacobi-2d,jacobi-2d,lv2:__PARA__L0-1.__PARA__L1-2.__PARA__L2-11.__PARA__L3-8.__PARA__L4-8.__PIPE__L0-off.__PIPE__L1-off.__PIPE__L2-NA.__TILE__L0-40.__TILE__L1-1.__TILE__L2-1,target,support,support,finetune_dataset,data_833.pt,4434121.0,sgformer_rgcn_qor,1,50,kmeans,0.5866400003433228,0.8371511697769165,0.25051116943359375,0.05000000074505806,0.5470972061157227,0.4970971941947937,0.019999999552965164,0.05382416024804115,0.03382416069507599,0.05000000074505806,0.3623162508010864,0.31231623888015747,0.009999999776482582,0.056340351700782776,0.04634035378694534
3fa48ecb90f45d31,jacobi-2d,jacobi-2d,lv2:__PARA__L0-1.__PARA__L1-1.__PARA__L2-2.__PARA__L3-8.__PARA__L4-1.__PIPE__L0-off.__PIPE__L1-off.__PIPE__L2-flatten.__TILE__L0-1.__TILE__L1-1.__TILE__L2-8,target,support,support,finetune_dataset,data_761.pt,4030841.0,sgformer_rgcn_qor,1,50,kmeans,0.6554235816001892,0.994606614112854,0.3391830325126648,0.8700000047683716,0.5182214975357056,0.351778507232666,0.3799999952316284,0.013084623962640762,0.36691537499427795,0.7699999809265137,0.3887110948562622,0.38128888607025146,0.0,0.024556772783398628,0.024556772783398628
68b312dcdb9d70a2,jacobi-2d,jacobi-2d,lv2:__PARA__L0-1.__PARA__L1-1.__PARA__L2-1.__PARA__L3-1.__PARA__L4-8.__PIPE__L0-off.__PIPE__L1-flatten.__PIPE__L2-NA.__TILE__L0-1.__TILE__L1-1.__TILE__L2-8,target,support,support,finetune_dataset,data_678.pt,3938401.0,sgformer_rgcn_qor,1,50,kmeans,0.6721590161323547,0.750308632850647,0.07814961671829224,0.27000001072883606,0.7499814033508301,0.479981392621994,0.10999999940395355,0.23987361788749695,0.1298736184835434,0.2800000011920929,0.39868175983428955,0.11868175864219666,0.25,0.1915379911661148,0.05846200883388519
73b7ca2c1d248dd6,jacobi-2d,jacobi-2d,lv2:__PARA__L0-1.__PARA__L1-1.__PARA__L2-1.__PARA__L3-8.__PARA__L4-8.__PIPE__L0-off.__PIPE__L1-off.__PIPE__L2-off.__TILE__L0-1.__TILE__L1-88.__TILE__L2-4,target,support,support,finetune_dataset,data_725.pt,3980681.0,sgformer_rgcn_qor,1,50,kmeans,0.6644564270973206,0.9031978845596313,0.2387414574623108,0.05000000074505806,0.09878405928611755,0.048784058541059494,0.019999999552965164,0.5681240558624268,0.5481240749359131,0.05000000074505806,0.0887385755777359,0.03873857483267784,0.0,0.032085075974464417,0.032085075974464417
725cf4d13035c879,jacobi-2d,jacobi-2d,lv2:__PARA__L0-1.__PARA__L1-1.__PARA__L2-2.__PARA__L3-88.__PARA__L4-1.__PIPE__L0-off.__PIPE__L1-off.__PIPE__L2-flatten.__TILE__L0-1.__TILE__L1-1.__TILE__L2-8,target,support,support,finetune_dataset,data_768.pt,3995401.0,sgformer_rgcn_qor,1,50,kmeans,0.6617938876152039,1.0625864267349243,0.40079253911972046,0.8999999761581421,0.6835488080978394,0.21645116806030273,0.4000000059604645,-0.21395805478096008,0.6139580607414246,0.7699999809265137,1.2941123247146606,0.524112343788147,0.25,-0.3906625211238861,0.6406625509262085
09b442110eaabb3e,gemver-medium,gemver-medium,lv2:__PARA__L0-1.__PARA__L1-1.__PARA__L2-1.__PARA__L3-1.__PARA__L4-1.__PARA__L5-8.__PARA__L6-1.__PIPE__L0-off.__PIPE__L1-off.__PIPE__L3-flatten.__TILE__L0-1.__TILE__L1-1.__TILE__L3-1,target,support,support,finetune_dataset,data_614.pt,328863.0,sgformer_rgcn_qor,1,50,kmeans,2.4631848335266113,1.9019056558609009,0.5612791776657104,0.6299999952316284,0.7086273431777954,0.07862734794616699,0.33000001311302185,0.15305206179618835,0.1769479513168335,1.1100000143051147,1.0363370180130005,0.07366299629211426,0.800000011920929,0.2477179914712906,0.5522820353507996
eeca14754570c01b,gemver-medium,gemver-medium,lv2:__PARA__L0-1.__PARA__L1-1.__PARA__L2-1.__PARA__L3-1.__PARA__L4-1.__PARA__L5-2.__PARA__L6-400.__PIPE__L0-flatten.__PIPE__L1-off.__PIPE__L3-off.__TILE__L0-1.__TILE__L1-1.__TILE__L3-1,target,support,support,finetune_dataset,data_537.pt,472821.0,sgformer_rgcn_qor,1,50,kmeans,2.2012810707092285,2.024172306060791,0.1771087646484375,0.699999988079071,0.7916713953018188,0.0916714072227478,0.46000000834465027,0.6681110858917236,0.20811107754707336,1.2799999713897705,1.529241681098938,0.24924170970916748,0.23999999463558197,0.37272801995277405,0.13272802531719208
97f4543bc45808b5,gemver-medium,gemver-medium,lv2:__PARA__L0-1.__PARA__L1-1.__PARA__L2-1.__PARA__L3-16.__PARA__L4-1.__PARA__L5-1.__PARA__L6-1.__PIPE__L0-flatten.__PIPE__L1-off.__PIPE__L3-off.__TILE__L0-1.__TILE__L1-1.__TILE__L3-1,target,support,support,finetune_dataset,data_649.pt,1721873.0,sgformer_rgcn_qor,1,50,kmeans,1.2689746618270874,1.7605692148208618,0.4915945529937744,0.6499999761581421,0.48694953322410583,0.16305044293403625,0.4300000071525574,0.6766722202301025,0.24667221307754517,1.2799999713897705,1.306209683418274,0.026209712028503418,0.23999999463558197,0.3785668909549713,0.13856689631938934
06c62edb9698a94a,gemver-medium,gemver-medium,lv2:__PARA__L0-1.__PARA__L1-1.__PARA__L2-1.__PARA__L3-1.__PARA__L4-1.__PARA__L5-2.__PARA__L6-5.__PIPE__L0-flatten.__PIPE__L1-off.__PIPE__L3-off.__TILE__L0-1.__TILE__L1-1.__TILE__L3-1,target,support,support,finetune_dataset,data_540.pt,629573.0,sgformer_rgcn_qor,1,50,kmeans,1.9947412014007568,1.6178861856460571,0.3768550157546997,0.6700000166893005,0.45968350768089294,0.2103165090084076,0.41999998688697815,0.5404107570648193,0.12041077017784119,1.2799999713897705,1.194402813911438,0.08559715747833252,0.23999999463558197,0.2900315821170807,0.05003158748149872
88ccfe6d05a9e4b8,gemver-medium,gemver-medium,lv2:__PARA__L0-1.__PARA__L1-1.__PARA__L2-1.__PARA__L3-1.__PARA__L4-2.__PARA__L5-1.__PARA__L6-4.__PIPE__L0-off.__PIPE__L1-flatten.__PIPE__L3-off.__TILE__L0-1.__TILE__L1-1.__TILE__L3-8,target,support,support,finetune_dataset,data_644.pt,437535.0,sgformer_rgcn_qor,1,50,kmeans,2.2572288513183594,2.0749897956848145,0.18223905563354492,0.6100000143051147,0.8368974924087524,0.2268974781036377,0.3100000023841858,0.13410255312919617,0.17589744925498962,0.6399999856948853,0.5202065706253052,0.11979341506958008,0.15000000596046448,0.2593056261539459,0.10930562019348145
07338f58fab2b5d0,gemver-medium,gemver-medium,lv2:__PARA__L0-1.__PARA__L1-1.__PARA__L2-1.__PARA__L3-1.__PARA__L4-1.__PARA__L5-2.__PARA__L6-10.__PIPE__L0-flatten.__PIPE__L1-off.__PIPE__L3-NA.__TILE__L0-1.__TILE__L1-1.__TILE__L3-1,target,support,support,finetune_dataset,data_511.pt,545631.0,sgformer_rgcn_qor,1,50,kmeans,2.0979652404785156,1.676500916481018,0.42146432399749756,0.6800000071525574,0.6785937547683716,0.001406252384185791,0.4300000071525574,0.6532514095306396,0.22325140237808228,1.2899999618530273,1.645107388496399,0.3551074266433716,0.23999999463558197,0.2707025110721588,0.030702516436576843
f4eea9d04231cbfb,gemver-medium,gemver-medium,lv2:__PARA__L0-1.__PARA__L1-1.__PARA__L2-1.__PARA__L3-1.__PARA__L4-1.__PARA__L5-4.__PARA__L6-2.__PIPE__L0-flatten.__PIPE__L1-off.__PIPE__L3-off.__TILE__L0-1.__TILE__L1-1.__TILE__L3-1,target,support,support,finetune_dataset,data_563.pt,669173.0,sgformer_rgcn_qor,1,50,kmeans,1.9507384300231934,1.5792986154556274,0.3714398145675659,0.7300000190734863,0.4752999246120453,0.25470009446144104,0.4399999976158142,0.5383317470550537,0.0983317494392395,1.2799999713897705,1.182937741279602,0.09706223011016846,0.4300000071525574,0.2935091555118561,0.1364908516407013
1a6b958163ec4176,gemver-medium,gemver-medium,lv2:__PARA__L0-1.__PARA__L1-1.__PARA__L2-1.__PARA__L3-1.__PARA__L4-1.__PARA__L5-4.__PARA__L6-4.__PIPE__L0-flatten.__PIPE__L1-off.__PIPE__L3-NA.__TILE__L0-1.__TILE__L1-1.__TILE__L3-1,target,support,support,finetune_dataset,data_576.pt,468227.0,sgformer_rgcn_qor,1,50,kmeans,2.2083239555358887,1.6064878702163696,0.601836085319519,0.7400000095367432,0.6962648630142212,0.04373514652252197,0.4399999976158142,0.6337893009185791,0.1937893033027649,1.2799999713897705,1.578598141670227,0.29859817028045654,0.4300000071525574,0.27233758568763733,0.15766242146492004
abd02553eb488b26,gemver-medium,gemver-medium,lv2:__PARA__L0-1.__PARA__L1-8.__PARA__L2-1.__PARA__L3-1.__PARA__L4-1.__PARA__L5-1.__PARA__L6-1.__PIPE__L0-flatten.__PIPE__L1-off.__PIPE__L3-off.__TILE__L0-1.__TILE__L1-1.__TILE__L3-1,target,support,support,finetune_dataset,data_653.pt,1689165.0,sgformer_rgcn_qor,1,50,kmeans,1.2828088998794556,1.621620774269104,0.33881187438964844,0.6499999761581421,0.5140343904495239,0.13596558570861816,0.41999998688697815,0.5433704853057861,0.12337049841880798,1.2799999713897705,1.1887379884719849,0.09126198291778564,0.23999999463558197,0.2933599054813385,0.05335991084575653
9a08c89cf92ce513,gemver-medium,gemver-medium,lv2:__PARA__L0-1.__PARA__L1-1.__PARA__L2-1.__PARA__L3-1.__PARA__L4-1.__PARA__L5-2.__PARA__L6-16.__PIPE__L0-flatten.__PIPE__L1-off.__PIPE__L3-off.__TILE__L0-1.__TILE__L1-1.__TILE__L3-1,target,support,support,finetune_dataset,data_516.pt,523973.0,sgformer_rgcn_qor,1,50,kmeans,2.1271817684173584,1.7885481119155884,0.33863365650177,0.6700000166893005,0.43034037947654724,0.2396596372127533,0.41999998688697815,0.5950400829315186,0.1750400960445404,1.2799999713897705,1.2927533388137817,0.01275336742401123,0.23999999463558197,0.31384769082069397,0.073847696185112
986b89097b75cf16,gemver-medium,gemver-medium,lv2:__PARA__L0-1.__PARA__L1-1.__PARA__L2-1.__PARA__L3-1.__PARA__L4-1.__PARA__L5-4.__PARA__L6-64.__PIPE__L0-flatten.__PIPE__L1-off.__PIPE__L3-off.__TILE__L0-1.__TILE__L1-1.__TILE__L3-1,target,support,support,finetune_dataset,data_586.pt,331973.0,sgformer_rgcn_qor,1,50,kmeans,2.456395149230957,2.325634479522705,0.13076066970825195,0.7400000095367432,0.18937882781028748,0.5506211519241333,0.44999998807907104,0.9138343334197998,0.46383434534072876,1.2799999713897705,1.7432271242141724,0.46322715282440186,0.4300000071525574,0.28372064232826233,0.14627936482429504
cf40d0255f3c7df7,gemver-medium,gemver-medium,lv2:__PARA__L0-1.__PARA__L1-1.__PARA__L2-1.__PARA__L3-1.__PARA__L4-1.__PARA__L5-2.__PARA__L6-400.__PIPE__L0-off.__PIPE__L1-off.__PIPE__L3-off.__TILE__L0-1.__TILE__L1-1.__TILE__L3-1,target,support,support,finetune_dataset,data_538.pt,641657.0,sgformer_rgcn_qor,1,50,kmeans,1.9810268878936768,2.3533148765563965,0.3722879886627197,0.18000000715255737,0.4425369203090668,0.2625369131565094,0.20999999344348907,0.295732706785202,0.08573271334171295,0.4699999988079071,0.8009988069534302,0.33099880814552307,0.23999999463558197,0.19547952711582184,0.04452046751976013
9b76b16299db4740,gemver-medium,gemver-medium,lv2:__PARA__L0-1.__PARA__L1-1.__PARA__L2-1.__PARA__L3-1.__PARA__L4-1.__PARA__L5-1.__PARA__L6-1.__PIPE__L0-flatten.__PIPE__L1-flatten.__PIPE__L3-off.__TILE__L0-1.__TILE__L1-8.__TILE__L3-1,target,support,support,finetune_dataset,data_426.pt,889619.0,sgformer_rgcn_qor,1,50,kmeans,1.745334267616272,1.8835054636001587,0.13817119598388672,3.299999952316284,1.0885907411575317,2.211409091949463,2.0999999046325684,0.5317151546478271,1.5682847499847412,6.900000095367432,1.7390214204788208,5.1609787940979,0.30000001192092896,0.2502814829349518,0.04971852898597717
7877de10140917c9,gemver-medium,gemver-medium,lv2:__PARA__L0-1.__PARA__L1-1.__PARA__L2-1.__PARA__L3-1.__PARA__L4-1.__PARA__L5-4.__PARA__L6-20.__PIPE__L0-flatten.__PIPE__L1-off.__PIPE__L3-NA.__TILE__L0-1.__TILE__L1-1.__TILE__L3-1,target,support,support,finetune_dataset,data_566.pt,307829.0,sgformer_rgcn_qor,1,50,kmeans,2.5108635425567627,1.8944860696792603,0.6163774728775024,0.75,0.6536160707473755,0.09638392925262451,0.46000000834465027,0.7036488056182861,0.24364879727363586,1.2999999523162842,1.7799264192581177,0.4799264669418335,0.4300000071525574,0.30658164620399475,0.12341836094856262
de0ebad02754366d,gemver-medium,gemver-medium,lv2:__PARA__L0-1.__PARA__L1-1.__PARA__L2-1.__PARA__L3-1.__PARA__L4-1.__PARA__L5-1.__PARA__L6-20.__PIPE__L0-flatten.__PIPE__L1-off.__PIPE__L3-NA.__TILE__L0-1.__TILE__L1-1.__TILE__L3-1,target,support,support,finetune_dataset,data_451.pt,901361.0,sgformer_rgcn_qor,1,50,kmeans,1.7358756065368652,1.8181482553482056,0.08227264881134033,0.6800000071525574,0.6266638040542603,0.05333620309829712,0.4300000071525574,0.6807267665863037,0.25072675943374634,1.2999999523162842,1.7610379457473755,0.4610379934310913,0.23999999463558197,0.28399863839149475,0.04399864375591278
af43dc6e8bb3ccc6,gemver-medium,gemver-medium,lv2:__PARA__L0-1.__PARA__L1-1.__PARA__L2-1.__PARA__L3-1.__PARA__L4-1.__PARA__L5-4.__PARA__L6-10.__PIPE__L0-flatten.__PIPE__L1-off.__PIPE__L3-off.__TILE__L0-1.__TILE__L1-1.__TILE__L3-1,target,support,support,finetune_dataset,data_555.pt,354373.0,sgformer_rgcn_qor,1,50,kmeans,2.4092936515808105,1.7315832376480103,0.6777104139328003,0.7300000190734863,0.4728733003139496,0.25712671875953674,0.4399999976158142,0.5810859203338623,0.1410859227180481,1.2799999713897705,1.2546483278274536,0.025351643562316895,0.4300000071525574,0.3175269663333893,0.11247304081916809
f8611baa3d34baec,gemver-medium,gemver-medium,lv2:__PARA__L0-1.__PARA__L1-1.__PARA__L2-1.__PARA__L3-1.__PARA__L4-1.__PARA__L5-8.__PARA__L6-16.__PIPE__L0-off.__PIPE__L1-off.__PIPE__L3-NA.__TILE__L0-1.__TILE__L1-1.__TILE__L3-1,target,support,support,finetune_dataset,data_618.pt,389918.0,sgformer_rgcn_qor,1,50,kmeans,2.3403427600860596,2.1649975776672363,0.17534518241882324,0.03999999910593033,0.45385655760765076,0.413856565952301,0.019999999552965164,0.12197849154472351,0.10197849571704865,0.019999999552965164,0.7799302339553833,0.7599302530288696,0.28999999165534973,0.3043643534183502,0.014364361763000488
a8247c256499520b,gemver-medium,gemver-medium,lv2:__PARA__L0-1.__PARA__L1-1.__PARA__L2-1.__PARA__L3-1.__PARA__L4-1.__PARA__L5-4.__PARA__L6-5.__PIPE__L0-off.__PIPE__L1-off.__PIPE__L3-NA.__TILE__L0-1.__TILE__L1-1.__TILE__L3-1,target,support,support,finetune_dataset,data_584.pt,597269.0,sgformer_rgcn_qor,1,50,kmeans,2.0327377319335938,1.8938642740249634,0.13887345790863037,0.029999999329447746,0.4626646935939789,0.432664692401886,0.009999999776482582,0.036331865936517715,0.026331866160035133,0.0,0.6302434206008911,0.6302434206008911,0.18000000715255737,0.24760831892490387,0.0676083117723465
387c4d6118e8c989,gemver-medium,gemver-medium,lv2:__PARA__L0-1.__PARA__L1-1.__PARA__L2-1.__PARA__L3-1.__PARA__L4-1.__PARA__L5-4.__PARA__L6-400.__PIPE__L0-flatten.__PIPE__L1-off.__PIPE__L3-off.__TILE__L0-1.__TILE__L1-1.__TILE__L3-1,target,support,support,finetune_dataset,data_580.pt,271622.0,sgformer_rgcn_qor,1,50,kmeans,2.601127862930298,2.0716919898986816,0.5294358730316162,0.8199999928474426,0.7844291925430298,0.03557080030441284,0.5199999809265137,0.6754982471466064,0.15549826622009277,1.2799999713897705,1.536159634590149,0.2561596632003784,0.4300000071525574,0.3806239664554596,0.04937604069709778
83417ac8d1dc1106,gemver-medium,gemver-medium,lv2:__PARA__L0-1.__PARA__L1-1.__PARA__L2-1.__PARA__L3-1.__PARA__L4-1.__PARA__L5-1.__PARA__L6-10.__PIPE__L0-off.__PIPE__L1-off.__PIPE__L3-off.__TILE__L0-1.__TILE__L1-1.__TILE__L3-1,target,support,support,finetune_dataset,data_440.pt,1116412.0,sgformer_rgcn_qor,1,50,kmeans,1.5815292596817017,1.8799673318862915,0.29843807220458984,0.029999999329447746,0.21089515089988708,0.1808951497077942,0.009999999776482582,0.0069319941103458405,0.0030680056661367416,0.0,0.14388097822666168,0.14388097822666168,0.11999999731779099,0.25047412514686584,0.13047412037849426
ad424b0bb7b2b1ff,gemver-medium,gemver-medium,lv2:__PARA__L0-1.__PARA__L1-1.__PARA__L2-1.__PARA__L3-1.__PARA__L4-1.__PARA__L5-1.__PARA__L6-25.__PIPE__L0-flatten.__PIPE__L1-off.__PIPE__L3-NA.__TILE__L0-1.__TILE__L1-1.__TILE__L3-1,target,support,support,finetune_dataset,data_456.pt,893321.0,sgformer_rgcn_qor,1,50,kmeans,1.74233877658844,1.8984647989273071,0.1561260223388672,0.6899999976158142,0.6127182245254517,0.07728177309036255,0.4399999976158142,0.6992013454437256,0.2592013478279114,1.2999999523162842,1.8156834840774536,0.5156835317611694,0.23999999463558197,0.2930532991886139,0.05305330455303192
83ed0b793841b275,gemver-medium,gemver-medium,lv2:__PARA__L0-1.__PARA__L1-1.__PARA__L2-1.__PARA__L3-1.__PARA__L4-1.__PARA__L5-2.__PARA__L6-2.__PIPE__L0-off.__PIPE__L1-off.__PIPE__L3-off.__TILE__L0-1.__TILE__L1-1.__TILE__L3-1,target,support,support,finetune_dataset,data_522.pt,1034813.0,sgformer_rgcn_qor,1,50,kmeans,1.6362789869308472,1.7313677072525024,0.09508872032165527,0.019999999552965164,0.22394141554832458,0.20394141972064972,0.009999999776482582,-0.02436855062842369,0.03436855226755142,0.0,0.09900869429111481,0.09900869429111481,0.11999999731779099,0.22710050642490387,0.10710050910711288
b34bb2d60481a58b,gemver-medium,gemver-medium,lv2:__PARA__L0-1.__PARA__L1-1.__PARA__L2-1.__PARA__L3-1.__PARA__L4-1.__PARA__L5-2.__PARA__L6-1.__PIPE__L0-off.__PIPE__L1-NA.__PIPE__L3-flatten.__TILE__L0-1.__TILE__L1-1.__TILE__L3-1,target,support,support,finetune_dataset,data_508.pt,624517.0,sgformer_rgcn_qor,1,50,kmeans,2.0005576610565186,1.9717413187026978,0.0288163423538208,0.46000000834465027,1.0226141214370728,0.5626140832901001,0.3400000035762787,0.3617803752422333,0.02178037166595459,0.6399999856948853,1.2725812196731567,0.6325812339782715,0.23999999463558197,0.21909727156162262,0.02090272307395935
ccedb74009e7acda,gemver-medium,gemver-medium,lv2:__PARA__L0-1.__PARA__L1-1.__PARA__L2-1.__PARA__L3-1.__PARA__L4-1.__PARA__L5-1.__PARA__L6-16.__PIPE__L0-off.__PIPE__L1-off.__PIPE__L3-NA.__TILE__L0-1.__TILE__L1-1.__TILE__L3-1,target,support,support,finetune_dataset,data_444.pt,1079116.0,sgformer_rgcn_qor,1,50,kmeans,1.606039047241211,2.0070385932922363,0.4009995460510254,0.03999999910593033,0.40944012999534607,0.36944013833999634,0.019999999552965164,0.06754466891288757,0.04754466935992241,0.009999999776482582,0.7046300172805786,0.6946300268173218,0.11999999731779099,0.2525736391544342,0.13257363438606262
6bfa1888245ac30f,gemver-medium,gemver-medium,lv2:__PARA__L0-1.__PARA__L1-1.__PARA__L2-1.__PARA__L3-1.__PARA__L4-1.__PARA__L5-4.__PARA__L6-5.__PIPE__L0-flatten.__PIPE__L1-off.__PIPE__L3-off.__TILE__L0-1.__TILE__L1-1.__TILE__L3-1,target,support,support,finetune_dataset,data_583.pt,432373.0,sgformer_rgcn_qor,1,50,kmeans,2.2657899856567383,1.65273916721344,0.6130508184432983,0.7300000190734863,0.47598084807395935,0.254019170999527,0.4399999976158142,0.5537335872650146,0.11373358964920044,1.2799999713897705,1.2058240175247192,0.07417595386505127,0.4300000071525574,0.30500712990760803,0.12499287724494934
1d98f34eaa29cec7,gemver-medium,gemver-medium,lv2:__PARA__L0-1.__PARA__L1-1.__PARA__L2-1.__PARA__L3-1.__PARA__L4-1.__PARA__L5-1.__PARA__L6-1.__PIPE__L0-off.__PIPE__L1-flatten.__PIPE__L3-flatten.__TILE__L0-1.__TILE__L1-1.__TILE__L3-8,target,support,support,finetune_dataset,data_432.pt,254065.0,sgformer_rgcn_qor,1,50,kmeans,2.64932918548584,1.9885927438735962,0.6607364416122437,1.340000033378601,1.2556020021438599,0.08439803123474121,0.9599999785423279,0.49484607577323914,0.46515390276908875,2.0399999618530273,1.5411683320999146,0.4988316297531128,0.30000001192092896,0.19929899275302887,0.10070101916790009
00a64747fe7f3e59,gemver-medium,gemver-medium,lv2:__PARA__L0-1.__PARA__L1-1.__PARA__L2-1.__PARA__L3-1.__PARA__L4-1.__PARA__L5-4.__PARA__L6-1.__PIPE__L0-flatten.__PIPE__L1-off.__PIPE__L3-off.__TILE__L0-1.__TILE__L1-1.__TILE__L3-1,target,support,support,finetune_dataset,data_550.pt,1064773.0,sgformer_rgcn_qor,1,50,kmeans,1.615691065788269,1.5537039041519165,0.06198716163635254,0.7300000190734863,0.47251614928245544,0.2574838697910309,0.4399999976158142,0.5302469730377197,0.09024697542190552,1.2799999713897705,1.1758137941360474,0.10418617725372314,0.4300000071525574,0.28957000374794006,0.1404300034046173
4ea6ce68b66ec41f,gemver-medium,gemver-medium,lv2:__PARA__L0-1.__PARA__L1-1.__PARA__L2-1.__PARA__L3-1.__PARA__L4-1.__PARA__L5-4.__PARA__L6-1.__PIPE__L0-off.__PIPE__L1-NA.__PIPE__L3-flatten.__TILE__L0-1.__TILE__L1-1.__TILE__L3-1,target,support,support,finetune_dataset,data_551.pt,424321.0,sgformer_rgcn_qor,1,50,kmeans,2.2793500423431396,2.019766330718994,0.2595837116241455,0.5699999928474426,1.0398679971694946,0.469868004322052,0.4000000059604645,0.3766009509563446,0.023399055004119873,1.1100000143051147,1.2863789796829224,0.17637896537780762,0.4300000071525574,0.235572949051857,0.19442705810070038
92b03a2db6f6bb51,gemver-medium,gemver-medium,lv2:__PARA__L0-1.__PARA__L1-1.__PARA__L2-1.__PARA__L3-1.__PARA__L4-1.__PARA__L5-1.__PARA__L6-1.__PIPE__L0-flatten.__PIPE__L1-off.__PIPE__L3-flatten.__TILE__L0-1.__TILE__L1-1.__TILE__L3-1,target,support,support,finetune_dataset,data_429.pt,851559.0,sgformer_rgcn_qor,1,50,kmeans,1.7768748998641968,1.4443994760513306,0.3324754238128662,0.699999988079071,0.8993335962295532,0.19933360815048218,0.4699999988079071,0.7796404361724854,0.30964043736457825,1.2799999713897705,1.926357388496399,0.6463574171066284,0.23999999463558197,0.21379484236240387,0.0262051522731781
2b2203c683bb6dad,gemver-medium,gemver-medium,lv2:__PARA__L0-1.__PARA__L1-1.__PARA__L2-1.__PARA__L3-1.__PARA__L4-1.__PARA__L5-4.__PARA__L6-20.__PIPE__L0-off.__PIPE__L1-off.__PIPE__L3-off.__TILE__L0-1.__TILE__L1-1.__TILE__L3-1,target,support,support,finetune_dataset,data_569.pt,485213.0,sgformer_rgcn_qor,1,50,kmeans,2.182619094848633,2.1216378211975098,0.06098127365112305,0.05000000074505806,0.193394273519516,0.14339427649974823,0.019999999552965164,0.0509321428835392,0.030932143330574036,0.009999999776482582,0.2523881196975708,0.24238811433315277,0.28999999165534973,0.3070632517337799,0.017063260078430176
4b02cffad381ef74,gemver-medium,gemver-medium,lv2:__PARA__L0-1.__PARA__L1-1.__PARA__L2-1.__PARA__L3-1.__PARA__L4-1.__PARA__L5-1.__PARA__L6-1.__PIPE__L0-flatten.__PIPE__L1-flatten.__PIPE__L3-off.__TILE__L0-8.__TILE__L1-1.__TILE__L3-1,target,support,support,finetune_dataset,data_428.pt,873826.0,sgformer_rgcn_qor,1,50,kmeans,1.758255124092102,1.9407354593276978,0.1824803352355957,1.090000033378601,1.0454899072647095,0.0445101261138916,0.6299999952316284,0.5725467205047607,0.057453274726867676,1.75,1.6567822694778442,0.09321773052215576,0.11999999731779099,0.2524348795413971,0.1324348747730255
ccf784e28e8d62ee,gemver-medium,gemver-medium,lv2:__PARA__L0-1.__PARA__L1-400.__PARA__L2-1.__PARA__L3-1.__PARA__L4-1.__PARA__L5-1.__PARA__L6-1.__PIPE__L0-flatten.__PIPE__L1-off.__PIPE__L3-off.__TILE__L0-1.__TILE__L1-1.__TILE__L3-1,target,support,support,finetune_dataset,data_652.pt,1657473.0,sgformer_rgcn_qor,1,50,kmeans,1.296471357345581,2.557434558868408,1.2609632015228271,0.6499999761581421,0.5594125986099243,0.09058737754821777,0.41999998688697815,1.2011048793792725,0.7811049222946167,1.2799999713897705,1.1660882234573364,0.11391174793243408,0.23999999463558197,0.3173271715641022,0.0773271769285202
42bcdb5ed3fa6924,gemver-medium,gemver-medium,lv2:__PARA__L0-1.__PARA__L1-1.__PARA__L2-1.__PARA__L3-1.__PARA__L4-1.__PARA__L5-10.__PARA__L6-10.__PIPE__L0-off.__PIPE__L1-off.__PIPE__L3-NA.__TILE__L0-1.__TILE__L1-1.__TILE__L3-1,target,support,support,finetune_dataset,data_488.pt,399417.0,sgformer_rgcn_qor,1,50,kmeans,2.3229801654815674,2.0991463661193848,0.22383379936218262,0.05000000074505806,0.480844110250473,0.43084409832954407,0.019999999552965164,0.11027213931083679,0.09027214348316193,0.009999999776482582,0.7570706605911255,0.7470706701278687,0.05000000074505806,0.29612794518470764,0.24612794816493988
a1da14fefe06f567,gemver-medium,gemver-medium,lv2:__PARA__L0-1.__PARA__L1-1.__PARA__L2-1.__PARA__L3-1.__PARA__L4-1.__PARA__L5-10.__PARA__L6-64.__PIPE__L0-off.__PIPE__L1-off.__PIPE__L3-off.__TILE__L0-1.__TILE__L1-1.__TILE__L3-1,target,support,support,finetune_dataset,data_503.pt,384161.0,sgformer_rgcn_qor,1,50,kmeans,2.3510725498199463,2.663181781768799,0.31210923194885254,0.10999999940395355,0.06517753005027771,0.04482246935367584,0.05000000074505806,0.281840056180954,0.23184005916118622,0.03999999910593033,0.7358571290969849,0.6958571076393127,0.28999999165534973,0.20190729200839996,0.08809269964694977
82152443b2a642c2,gemver-medium,gemver-medium,lv2:__PARA__L0-1.__PARA__L1-1.__PARA__L2-1.__PARA__L3-1.__PARA__L4-2.__PARA__L5-1.__PARA__L6-64.__PIPE__L0-off.__PIPE__L1-flatten.__PIPE__L3-NA.__TILE__L0-1.__TILE__L1-1.__TILE__L3-8,target,support,support,finetune_dataset,data_646.pt,210348.0,sgformer_rgcn_qor,1,50,kmeans,2.785539150238037,2.8052096366882324,0.019670486450195312,0.6499999761581421,0.7673364877700806,0.11733651161193848,0.33000001311302185,0.41936084628105164,0.08936083316802979,0.6800000071525574,1.5964165925979614,0.916416585445404,0.36000001430511475,0.2616235315799713,0.09837648272514343
0dd2aa628d6fce9a,gemver-medium,gemver-medium,lv2:__PARA__L0-1.__PARA__L1-1.__PARA__L2-1.__PARA__L3-1.__PARA__L4-1.__PARA__L5-8.__PARA__L6-4.__PIPE__L0-off.__PIPE__L1-off.__PIPE__L3-NA.__TILE__L0-1.__TILE__L1-1.__TILE__L3-1,target,support,support,finetune_dataset,data_627.pt,540266.0,sgformer_rgcn_qor,1,50,kmeans,2.105093240737915,1.950325608253479,0.15476763248443604,0.029999999329447746,0.47866496443748474,0.44866496324539185,0.009999999776482582,0.06473991274833679,0.05473991483449936,0.009999999776482582,0.6696168184280396,0.6596168279647827,0.28999999165534973,0.26787200570106506,0.022127985954284668
db963af74fdef9e2,gemver-medium,gemver-medium,lv2:__PARA__L0-5.__PARA__L1-1.__PARA__L2-1.__PARA__L3-1.__PARA__L4-1.__PARA__L5-1.__PARA__L6-1.__PIPE__L0-flatten.__PIPE__L1-off.__PIPE__L3-off.__TILE__L0-1.__TILE__L1-1.__TILE__L3-1,target,support,support,finetune_dataset,data_655.pt,2317684.0,sgformer_rgcn_qor,1,50,kmeans,1.0546220541000366,1.5252538919448853,0.47063183784484863,3.2100000381469727,0.45190104842185974,2.75809907913208,2.059999942779541,0.539621114730835,1.520378828048706,6.429999828338623,1.1731950044631958,5.256804943084717,0.9900000095367432,0.27629151940345764,0.7137085199356079
826e3156c7f5ca8b,gemver-medium,gemver-medium,lv2:__PARA__L0-1.__PARA__L1-1.__PARA__L2-1.__PARA__L3-1.__PARA__L4-1.__PARA__L5-5.__PARA__L6-16.__PIPE__L0-off.__PIPE__L1-off.__PIPE__L3-NA.__TILE__L0-1.__TILE__L1-1.__TILE__L3-1,target,support,support,finetune_dataset,data_596.pt,447470.0,sgformer_rgcn_qor,1,50,kmeans,2.241032600402832,2.106417179107666,0.13461542129516602,0.03999999910593033,0.4418226182460785,0.40182262659072876,0.019999999552965164,0.09654542803764343,0.07654543220996857,0.009999999776482582,0.7374459505081177,0.7274459600448608,0.30000001192092896,0.2873903810977936,0.012609630823135376
f43b6a1af215f841,gemver-medium,gemver-medium,lv2:__PARA__L0-2.__PARA__L1-1.__PARA__L2-1.__PARA__L3-1.__PARA__L4-1.__PARA__L5-1.__PARA__L6-1.__PIPE__L0-flatten.__PIPE__L1-off.__PIPE__L3-off.__TILE__L0-1.__TILE__L1-1.__TILE__L3-1,target,support,support,finetune_dataset,data_654.pt,1657373.0,sgformer_rgcn_qor,1,50,kmeans,1.296514868736267,1.4975401163101196,0.20102524757385254,1.2699999809265137,0.447150319814682,0.8228496313095093,0.7900000214576721,0.5134813785552979,0.27651864290237427,2.569999933242798,1.1610146760940552,1.4089852571487427,0.4300000071525574,0.26968684792518616,0.16031315922737122
41ded80c7ec4056e,gemver-medium,gemver-medium,lv2:__PARA__L0-1.__PARA__L1-1.__PARA__L2-1.__PARA__L3-1.__PARA__L4-1.__PARA__L5-1.__PARA__L6-2.__PIPE__L0-off.__PIPE__L1-off.__PIPE__L3-off.__TILE__L0-1.__TILE__L1-1.__TILE__L3-1,target,support,support,finetune_dataset,data_450.pt,1430412.0,sgformer_rgcn_qor,1,50,kmeans,1.402748703956604,1.7030988931655884,0.3003501892089844,0.019999999552965164,0.21324977278709412,0.19324977695941925,0.009999999776482582,-0.03316810354590416,0.04316810518503189,0.0,0.09014715254306793,0.09014715254306793,0.11999999731779099,0.21812547743320465,0.09812548011541367
46f20070f755128c,gemver-medium,gemver-medium,lv2:__PARA__L0-1.__PARA__L1-1.__PARA__L2-1.__PARA__L3-1.__PARA__L4-1.__PARA__L5-1.__PARA__L6-1.__PIPE__L0-off.__PIPE__L1-flatten.__PIPE__L3-NA.__TILE__L0-1.__TILE__L1-1.__TILE__L3-8,target,support,support,finetune_dataset,data_431.pt,1091472.0,sgformer_rgcn_qor,1,50,kmeans,1.5978264808654785,1.9840017557144165,0.386175274848938,0.6200000047683716,1.0235430002212524,0.40354299545288086,0.3100000023841858,0.26389142870903015,0.04610857367515564,0.6399999856948853,1.029159665107727,0.3891596794128418,0.18000000715255737,0.2194768339395523,0.039476826786994934
9f3221336f822498,gemver-medium,gemver-medium,lv2:__PARA__L0-1.__PARA__L1-1.__PARA__L2-1.__PARA__L3-1.__PARA__L4-1.__PARA__L5-1.__PARA__L6-1.__PIPE__L0-flatten.__PIPE__L1-flatten.__PIPE__L3-off.__TILE__L0-2.__TILE__L1-1.__TILE__L3-1,target,support,support,finetune_dataset,data_427.pt,885648.0,sgformer_rgcn_qor,1,50,kmeans,1.7485613822937012,2.047243595123291,0.29868221282958984,1.2300000190734863,1.1339255571365356,0.09607446193695068,0.9399999976158142,0.6495249271392822,0.290475070476532,1.75,1.6792908906936646,0.07070910930633545,0.11999999731779099,0.23879589140415192,0.11879589408636093
5e03ee828b3a552d,gemver-medium,gemver-medium,lv2:__PARA__L0-1.__PARA__L1-1.__PARA__L2-1.__PARA__L3-1.__PARA__L4-1.__PARA__L5-4.__PARA__L6-2.__PIPE__L0-off.__PIPE__L1-off.__PIPE__L3-NA.__TILE__L0-1.__TILE__L1-1.__TILE__L3-1,target,support,support,finetune_dataset,data_564.pt,836863.0,sgformer_rgcn_qor,1,50,kmeans,1.789432406425476,1.805672287940979,0.01623988151550293,0.029999999329447746,0.4604268968105316,0.4304268956184387,0.009999999776482582,0.01952049508690834,0.009520495310425758,0.0,0.6051865816116333,0.6051865816116333,0.18000000715255737,0.2329198271036148,0.052919819951057434
cec947423f44b08f,gemver-medium,gemver-medium,lv2:__PARA__L0-1.__PARA__L1-1.__PARA__L2-1.__PARA__L3-1.__PARA__L4-1.__PARA__L5-2.__PARA__L6-16.__PIPE__L0-off.__PIPE__L1-off.__PIPE__L3-off.__TILE__L0-1.__TILE__L1-1.__TILE__L3-1,target,support,support,finetune_dataset,data_518.pt,691613.0,sgformer_rgcn_qor,1,50,kmeans,1.9269455671310425,2.0101208686828613,0.08317530155181885,0.029999999329447746,0.19537410140037537,0.16537410020828247,0.009999999776482582,0.03746292367577553,0.027462923899292946,0.009999999776482582,0.20535673201084137,0.19535672664642334,0.11999999731779099,0.2764522135257721,0.1564522087574005
50ce49b321c5fefd,gemver-medium,gemver-medium,lv2:__PARA__L0-1.__PARA__L1-1.__PARA__L2-1.__PARA__L3-1.__PARA__L4-1.__PARA__L5-1.__PARA__L6-20.__PIPE__L0-off.__PIPE__L1-flatten.__PIPE__L3-off.__TILE__L0-1.__TILE__L1-1.__TILE__L3-8,target,support,support,finetune_dataset,data_453.pt,304465.0,sgformer_rgcn_qor,1,50,kmeans,2.5187900066375732,2.316542148590088,0.20224785804748535,0.6200000047683716,0.7905794382095337,0.1705794334411621,0.3100000023841858,0.0977146327495575,0.2122853696346283,0.6399999856948853,0.6589833498001099,0.01898336410522461,0.25999999046325684,0.303842693567276,0.043842703104019165
101fa2327321d834,gemver-medium,gemver-medium,lv2:__PARA__L0-1.__PARA__L1-16.__PARA__L2-1.__PARA__L3-1.__PARA__L4-1.__PARA__L5-1.__PARA__L6-1.__PIPE__L0-flatten.__PIPE__L1-off.__PIPE__L3-off.__TILE__L0-1.__TILE__L1-1.__TILE__L3-1,target,support,support,finetune_dataset,data_651.pt,1721319.0,sgformer_rgcn_qor,1,50,kmeans,1.2692067623138428,1.7530866861343384,0.4838799238204956,0.6499999761581421,0.5426579713821411,0.10734200477600098,0.4300000071525574,0.5684325695037842,0.1384325623512268,1.2799999713897705,1.2617169618606567,0.01828300952911377,0.23999999463558197,0.30641523003578186,0.06641523540019989
47393fa60a317c60,gemver-medium,gemver-medium,lv2:__PARA__L0-1.__PARA__L1-1.__PARA__L2-1.__PARA__L3-1.__PARA__L4-1.__PARA__L5-1.__PARA__L6-5.__PIPE__L0-off.__PIPE__L1-off.__PIPE__L3-NA.__TILE__L0-1.__TILE__L1-1.__TILE__L3-1,target,support,support,finetune_dataset,data_476.pt,1190868.0,sgformer_rgcn_qor,1,50,kmeans,1.5349572896957397,1.8172136545181274,0.2822563648223877,0.029999999329447746,0.43566665053367615,0.40566664934158325,0.009999999776482582,0.014436457306146622,0.00443645752966404,0.0,0.610183835029602,0.610183835029602,0.11999999731779099,0.22065652906894684,0.10065653175115585
4e9c06a02e6815a1,gemver-medium,gemver-medium,lv2:__PARA__L0-1.__PARA__L1-1.__PARA__L2-1.__PARA__L3-1.__PARA__L4-1.__PARA__L5-1.__PARA__L6-400.__PIPE__L0-off.__PIPE__L1-flatten.__PIPE__L3-off.__TILE__L0-1.__TILE__L1-1.__TILE__L3-8,target,support,support,finetune_dataset,data_471.pt,254065.0,sgformer_rgcn_qor,1,50,kmeans,2.64932918548584,1.9615360498428345,0.6877931356430054,1.340000033378601,0.6167007684707642,0.7232992649078369,0.9599999785423279,0.11359187960624695,0.8464081287384033,2.0399999618530273,1.2507554292678833,0.789244532585144,0.30000001192092896,0.18940462172031403,0.11059539020061493
1a4bb6b034bde6c2,gemver-medium,gemver-medium,lv2:__PARA__L0-1.__PARA__L1-1.__PARA__L2-1.__PARA__L3-1.__PARA__L4-1.__PARA__L5-8.__PARA__L6-2.__PIPE__L0-off.__PIPE__L1-off.__PIPE__L3-off.__TILE__L0-1.__TILE__L1-1.__TILE__L3-1,target,support,support,finetune_dataset,data_621.pt,741212.0,sgformer_rgcn_qor,1,50,kmeans,1.87698495388031,1.8610655069351196,0.01591944694519043,0.029999999329447746,0.2576495110988617,0.2276495099067688,0.009999999776482582,0.021301481872797012,0.01130148209631443,0.0,0.16545690596103668,0.16545690596103668,0.28999999165534973,0.26994720101356506,0.020052790641784668
5bbc7c58da47afbc,gemver-medium,gemver-medium,lv2:__PARA__L0-1.__PARA__L1-1.__PARA__L2-1.__PARA__L3-1.__PARA__L4-1.__PARA__L5-1.__PARA__L6-64.__PIPE__L0-off.__PIPE__L1-off.__PIPE__L3-off.__TILE__L0-1.__TILE__L1-1.__TILE__L3-1,target,support,support,finetune_dataset,data_481.pt,1093212.0,sgformer_rgcn_qor,1,50,kmeans,1.5966774225234985,2.470573902130127,0.8738964796066284,0.05999999865889549,0.021061990410089493,0.038938008248806,0.029999999329447746,0.23566600680351257,0.20566600561141968,0.03999999910593033,0.6314488649368286,0.5914488434791565,0.28999999165534973,0.1643287092447281,0.12567128241062164
6b6146a4aac73f5f,trmm-opt,trmm-opt,lv2:__PARA__L0-1.__PARA__L1-20.__PARA__L2-1.__PIPE__L0-off.__PIPE__L1-flatten.__TILE__L0-1.__TILE__L1-4,target,support,support,finetune_dataset,data_1096.pt,25107.0,sgformer_rgcn_qor,1,50,kmeans,4.318847179412842,4.198153495788574,0.12069368362426758,1.159999966621399,0.8881971836090088,0.27180278301239014,0.6800000071525574,2.5773937702178955,1.8973937034606934,1.9199999570846558,1.5870238542556763,0.3329761028289795,0.0,0.012814657762646675,0.012814657762646675
d1a0df99d715871c,trmm-opt,trmm-opt,lv2:__PARA__L0-1.__PARA__L1-1.__PARA__L2-4.__PIPE__L0-off.__PIPE__L1-off.__TILE__L0-1.__TILE__L1-80,target,support,support,finetune_dataset,data_1063.pt,553647.0,sgformer_rgcn_qor,1,50,kmeans,2.08744478225708,2.085207939147949,0.0022368431091308594,0.0,-0.053446318954229355,0.053446318954229355,0.0,0.22655078768730164,0.22655078768730164,0.0,0.08526815474033356,0.08526815474033356,0.019999999552965164,0.033810392022132874,0.01381039246916771
37e8eb0b00f39883,trmm-opt,trmm-opt,lv2:__PARA__L0-1.__PARA__L1-1.__PARA__L2-1.__PIPE__L0-off.__PIPE__L1-off.__TILE__L0-1.__TILE__L1-1,target,support,support,finetune_dataset,data_1037.pt,1547247.0,sgformer_rgcn_qor,1,50,kmeans,1.3461122512817383,2.5268948078155518,1.1807825565338135,0.0,0.06602552533149719,0.06602552533149719,0.0,0.6763203144073486,0.6763203144073486,0.0,0.3153783082962036,0.3153783082962036,0.019999999552965164,0.10564126074314117,0.08564126491546631
a84bd82b4adff191,trmm-opt,trmm-opt,lv2:__PARA__L0-1.__PARA__L1-1.__PARA__L2-60.__PIPE__L0-off.__PIPE__L1-off.__TILE__L0-1.__TILE__L1-1,target,support,support,finetune_dataset,data_1072.pt,246747.0,sgformer_rgcn_qor,1,50,kmeans,2.6704118251800537,3.573478937149048,0.9030671119689941,0.10999999940395355,0.14677229523658752,0.03677229583263397,0.029999999329447746,0.3716113269329071,0.3416113257408142,0.009999999776482582,0.7236224412918091,0.7136224508285522,0.009999999776482582,0.13438989222049713,0.1243898943066597
768ea1e341a9dfd2,trmm-opt,trmm-opt,lv2:__PARA__L0-1.__PARA__L1-4.__PARA__L2-1.__PIPE__L0-off.__PIPE__L1-flatten.__TILE__L0-60.__TILE__L1-1,target,support,support,finetune_dataset,data_1103.pt,26069.0,sgformer_rgcn_qor,1,50,kmeans,4.291724681854248,3.998469829559326,0.2932548522949219,0.30000001192092896,0.4611148536205292,0.16111484169960022,0.15000000596046448,1.3177602291107178,1.1677602529525757,0.3799999952316284,0.7831403017044067,0.4031403064727783,0.009999999776482582,-0.03017292730510235,0.04017292708158493
214daf86a2f096e6,trmm-opt,trmm-opt,lv2:__PARA__L0-5.__PARA__L1-8.__PARA__L2-1.__PIPE__L0-off.__PIPE__L1-flatten.__TILE__L0-1.__TILE__L1-1,target,support,support,finetune_dataset,data_1135.pt,6156.0,sgformer_rgcn_qor,1,50,kmeans,5.332859516143799,4.3449201583862305,0.9879393577575684,1.9299999475479126,0.8375164270401001,1.0924835205078125,9.390000343322754,2.569418430328369,6.820581912994385,3.7100000381469727,1.4123684167861938,2.2976317405700684,0.009999999776482582,-0.05728088319301605,0.06728088110685349
bb209d7362f59f03,trmm-opt,trmm-opt,lv2:__PARA__L0-1.__PARA__L1-1.__PARA__L2-1.__PIPE__L0-off.__PIPE__L1-flatten.__TILE__L0-1.__TILE__L1-80,target,support,support,finetune_dataset,data_1035.pt,28767.0,sgformer_rgcn_qor,1,50,kmeans,4.22068452835083,3.6574599742889404,0.5632245540618896,0.1599999964237213,0.3695838153362274,0.2095838189125061,0.05999999865889549,0.5510749816894531,0.49107497930526733,0.09000000357627869,0.7059012651443481,0.6159012317657471,0.009999999776482582,-0.007871372625231743,0.017871372401714325
9f7b7b5cedfda7ff,trmm-opt,trmm-opt,lv2:__PARA__L0-1.__PARA__L1-1.__PARA__L2-32.__PIPE__L0-off.__PIPE__L1-off.__TILE__L0-60.__TILE__L1-1,target,support,support,finetune_dataset,data_1061.pt,1029341.0,sgformer_rgcn_qor,1,50,kmeans,1.6401035785675049,3.3741884231567383,1.7340848445892334,0.10999999940395355,0.21230396628379822,0.10230396687984467,0.029999999329447746,0.21748754382133484,0.18748754262924194,0.019999999552965164,0.3279076814651489,0.30790767073631287,0.009999999776482582,0.1332637220621109,0.12326372414827347
75e9f653022501f1,trmm-opt,trmm-opt,lv2:__PARA__L0-4.__PARA__L1-16.__PARA__L2-1.__PIPE__L0-off.__PIPE__L1-flatten.__TILE__L0-1.__TILE__L1-1,target,support,support,finetune_dataset,data_1130.pt,3105.0,sgformer_rgcn_qor,1,50,kmeans,5.826559543609619,4.339443206787109,1.4871163368225098,3.130000114440918,0.8937826156616211,2.236217498779297,14.84000015258789,2.563711643218994,12.276288986206055,5.989999771118164,1.4871455430984497,4.502854347229004,0.009999999776482582,-0.05409632623195648,0.06409632414579391
f278c9e062916ff7,trmm-opt,trmm-opt,lv2:__PARA__L0-1.__PARA__L1-2.__PARA__L2-60.__PIPE__L0-off.__PIPE__L1-off.__TILE__L0-60.__TILE__L1-1,target,support,support,finetune_dataset,data_1094.pt,29669.0,sgformer_rgcn_qor,1,50,kmeans,4.198413848876953,3.7759411334991455,0.4224727153778076,0.20999999344348907,0.33915409445762634,0.12915410101413727,0.09000000357627869,-0.022389676421880722,0.11238968372344971,0.1899999976158142,0.4250293970108032,0.235029399394989,0.009999999776482582,0.019362108781933784,0.009362109005451202
e12a98cc7abed702,trmm-opt,trmm-opt,lv2:__PARA__L0-1.__PARA__L1-1.__PARA__L2-1.__PIPE__L0-off.__PIPE__L1-flatten.__TILE__L0-60.__TILE__L1-1,target,support,support,finetune_dataset,data_1036.pt,28767.0,sgformer_rgcn_qor,1,50,kmeans,4.22068452835083,3.971503734588623,0.24918079376220703,0.1599999964237213,0.4223043620586395,0.2623043656349182,0.05999999865889549,1.21970534324646,1.159705400466919,0.09000000357627869,0.7832108736038208,0.6932108402252197,0.009999999776482582,-0.044009312987327576,0.05400931090116501
b2b5817237c5da37,trmm-opt,trmm-opt,lv2:__PARA__L0-1.__PARA__L1-1.__PARA__L2-16.__PIPE__L0-off.__PIPE__L1-off.__TILE__L0-1.__TILE__L1-80,target,support,support,finetune_dataset,data_1049.pt,654701.0,sgformer_rgcn_qor,1,50,kmeans,1.9665100574493408,2.31784725189209,0.351337194442749,0.029999999329447746,0.005269262939691544,0.024730736389756203,0.009999999776482582,0.33988210558891296,0.32988211512565613,0.009999999776482582,0.14949430525302887,0.13949429988861084,0.03999999910593033,0.03657521307468414,0.0034247860312461853
79e57f3206588e67,trmm-opt,trmm-opt,lv2:__PARA__L0-1.__PARA__L1-10.__PARA__L2-60.__PIPE__L0-off.__PIPE__L1-NA.__TILE__L0-1.__TILE__L1-8,target,support,support,finetune_dataset,data_1082.pt,27747.0,sgformer_rgcn_qor,1,50,kmeans,4.246726036071777,3.878723621368408,0.36800241470336914,0.5899999737739563,0.581384539604187,0.008615434169769287,0.3400000035762787,1.1836965084075928,0.8436964750289917,0.9599999785423279,1.1199628114700317,0.15996283292770386,0.0,0.042696014046669006,0.042696014046669006
9c2cf59629e7f453,trmm-opt,trmm-opt,lv2:__PARA__L0-1.__PARA__L1-4.__PARA__L2-60.__PIPE__L0-off.__PIPE__L1-NA.__TILE__L0-1.__TILE__L1-1,target,support,support,finetune_dataset,data_1104.pt,26069.0,sgformer_rgcn_qor,1,50,kmeans,4.291724681854248,4.0349812507629395,0.2567434310913086,0.30000001192092896,0.4988498389720917,0.19884982705116272,0.15000000596046448,1.151451587677002,1.0014516115188599,0.3799999952316284,1.0264259576797485,0.6464259624481201,0.009999999776482582,-0.010688526555895805,0.020688526332378387
598c17562c1a5283,trmm-opt,trmm-opt,lv2:__PARA__L0-1.__PARA__L1-8.__PARA__L2-60.__PIPE__L0-off.__PIPE__L1-off.__TILE__L0-1.__TILE__L1-1,target,support,support,finetune_dataset,data_1114.pt,24567.0,sgformer_rgcn_qor,1,50,kmeans,4.334531307220459,3.6563451290130615,0.6781861782073975,0.4699999988079071,0.2060316503047943,0.2639683485031128,0.2800000011920929,0.4368416965007782,0.1568416953086853,0.7599999904632568,0.6986938714981079,0.061306118965148926,0.009999999776482582,0.14604784548282623,0.1360478401184082
8a67174d1f09ea2c,trmm-opt,trmm-opt,lv2:__PARA__L0-1.__PARA__L1-1.__PARA__L2-10.__PIPE__L0-off.__PIPE__L1-off.__TILE__L0-1.__TILE__L1-1,target,support,support,finetune_dataset,data_1039.pt,366447.0,sgformer_rgcn_qor,1,50,kmeans,2.3851258754730225,2.740150213241577,0.3550243377685547,0.009999999776482582,0.0822649896144867,0.07226499170064926,0.0,0.6058988571166992,0.6058988571166992,0.0,0.3431650400161743,0.3431650400161743,0.05000000074505806,0.1058960109949112,0.055896010249853134
7bd4fa45a98f9195,trmm-opt,trmm-opt,lv2:__PARA__L0-1.__PARA__L1-10.__PARA__L2-1.__PIPE__L0-off.__PIPE__L1-flatten.__TILE__L0-1.__TILE__L1-8,target,support,support,finetune_dataset,data_1079.pt,27747.0,sgformer_rgcn_qor,1,50,kmeans,4.246726036071777,4.087742328643799,0.15898370742797852,0.5899999737739563,0.7950276732444763,0.20502769947052002,0.3400000035762787,2.453874349594116,2.1138744354248047,0.9599999785423279,1.4711371660232544,0.5111371874809265,0.0,0.017717020586133003,0.017717020586133003
03a12bc30dd2e935,trmm-opt,trmm-opt,lv2:__PARA__L0-1.__PARA__L1-16.__PARA__L2-60.__PIPE__L0-off.__PIPE__L1-off.__TILE__L0-1.__TILE__L1-1,target,support,support,finetune_dataset,data_1088.pt,24267.0,sgformer_rgcn_qor,1,50,kmeans,4.3433942794799805,3.6841530799865723,0.6592411994934082,0.9399999976158142,0.2398960292339325,0.7001039981842041,0.550000011920929,0.4768781363964081,0.07312187552452087,1.5299999713897705,0.7610293626785278,0.7689706087112427,0.009999999776482582,0.14295972883701324,0.13295972347259521
935f051a2bb8fa64,trmm-opt,trmm-opt,lv2:__PARA__L0-1.__PARA__L1-1.__PARA__L2-6.__PIPE__L0-off.__PIPE__L1-off.__TILE__L0-1.__TILE__L1-1,target,support,support,finetune_dataset,data_1067.pt,428847.0,sgformer_rgcn_qor,1,50,kmeans,2.2716965675354004,2.640240430831909,0.3685438632965088,0.009999999776482582,0.08514514565467834,0.07514514774084091,0.0,0.6405150890350342,0.6405150890350342,0.0,0.3420478105545044,0.3420478105545044,0.029999999329447746,0.11250366270542145,0.08250366151332855
084c86c4ad3639ac,trmm-opt,trmm-opt,lv2:__PARA__L0-4.__PARA__L1-8.__PARA__L2-1.__PIPE__L0-off.__PIPE__L1-flatten.__TILE__L0-1.__TILE__L1-1,target,support,support,finetune_dataset,data_1134.pt,3180.0,sgformer_rgcn_qor,1,50,kmeans,5.809342861175537,4.3148722648620605,1.4944705963134766,1.5700000524520874,0.8418636322021484,0.728136420249939,7.429999828338623,2.548131227493286,4.881868362426758,2.990000009536743,1.4246999025344849,1.5653001070022583,0.009999999776482582,-0.05304299294948578,0.06304299086332321
79c90b254f6a81cb,trmm-opt,trmm-opt,lv2:__PARA__L0-1.__PARA__L1-2.__PARA__L2-60.__PIPE__L0-off.__PIPE__L1-NA.__TILE__L0-60.__TILE__L1-1,target,support,support,finetune_dataset,data_1092.pt,29669.0,sgformer_rgcn_qor,1,50,kmeans,4.198413848876953,3.9803466796875,0.21806716918945312,0.20999999344348907,0.4902507960796356,0.28025078773498535,0.09000000357627869,0.13580819964408875,0.04580819606781006,0.1899999976158142,0.6571179628372192,0.46711796522140503,0.009999999776482582,-0.03797207772731781,0.04797207564115524
e8704854c86a857c,trmm-opt,trmm-opt,lv2:__PARA__L0-1.__PARA__L1-4.__PARA__L2-60.__PIPE__L0-off.__PIPE__L1-off.__TILE__L0-1.__TILE__L1-1,target,support,support,finetune_dataset,data_1105.pt,26069.0,sgformer_rgcn_qor,1,50,kmeans,4.291724681854248,3.608302593231201,0.6834220886230469,0.30000001192092896,0.202216237783432,0.09778377413749695,0.15000000596046448,0.4081895053386688,0.25818949937820435,0.3799999952316284,0.6937967538833618,0.3137967586517334,0.009999999776482582,0.152467742562294,0.14246773719787598
c5a641a415702654,trmm-opt,trmm-opt,lv2:__PARA__L0-1.__PARA__L1-1.__PARA__L2-60.__PIPE__L0-off.__PIPE__L1-NA.__TILE__L0-1.__TILE__L1-80,target,support,support,finetune_dataset,data_1070.pt,9387.0,sgformer_rgcn_qor,1,50,kmeans,5.028523921966553,3.2846994400024414,1.7438244819641113,0.1599999964237213,0.41577884554862976,0.25577884912490845,0.05999999865889549,0.5800905227661133,0.5200905203819275,0.09000000357627869,0.653267502784729,0.5632674694061279,0.009999999776482582,0.06581844389438629,0.05581844598054886
8566ffa0d50d6e7f,trmm-opt,trmm-opt,lv2:__PARA__L0-3.__PARA__L1-4.__PARA__L2-1.__PIPE__L0-off.__PIPE__L1-flatten.__TILE__L0-1.__TILE__L1-1,target,support,support,finetune_dataset,data_1127.pt,6430.0,sgformer_rgcn_qor,1,50,kmeans,5.301446914672852,4.2469048500061035,1.054542064666748,0.699999988079071,0.8014048337936401,0.10140484571456909,4.949999809265137,2.436182737350464,2.513817071914673,1.1299999952316284,1.3825942277908325,0.2525942325592041,0.009999999776482582,-0.04183374345302582,0.05183374136686325
4fed56ed046aca2f,trmm-opt,trmm-opt,lv2:__PARA__L0-1.__PARA__L1-20.__PARA__L2-60.__PIPE__L0-off.__PIPE__L1-NA.__TILE__L0-1.__TILE__L1-1,target,support,support,finetune_dataset,data_1098.pt,25107.0,sgformer_rgcn_qor,1,50,kmeans,4.318847179412842,4.034945964813232,0.2839012145996094,1.159999966621399,0.6174501776695251,0.5425497889518738,0.6800000071525574,1.1450307369232178,0.4650307297706604,1.9199999570846558,1.1793352365493774,0.7406647205352783,0.0,0.06344152987003326,0.06344152987003326
074212ad079c0aac,trmm-opt,trmm-opt,lv2:__PARA__L0-1.__PARA__L1-1.__PARA__L2-1.__PIPE__L0-off.__PIPE__L1-off.__TILE__L0-1.__TILE__L1-80,target,support,support,finetune_dataset,data_1038.pt,1547247.0,sgformer_rgcn_qor,1,50,kmeans,1.3461122512817383,2.0199942588806152,0.673882007598877,0.0,-0.07471588253974915,0.07471588253974915,0.0,0.12750598788261414,0.12750598788261414,0.0,0.07804788649082184,0.07804788649082184,0.019999999552965164,0.023282425478100777,0.0032824259251356125
7d8b6b4e1afa7428,trmm-opt,trmm-opt,lv2:__PARA__L0-1.__PARA__L1-16.__PARA__L2-60.__PIPE__L0-off.__PIPE__L1-NA.__TILE__L0-1.__TILE__L1-1,target,support,support,finetune_dataset,data_1087.pt,24267.0,sgformer_rgcn_qor,1,50,kmeans,4.3433942794799805,4.043824672698975,0.29956960678100586,0.9399999976158142,0.5757620930671692,0.364237904548645,0.550000011920929,1.1314723491668701,0.5814723372459412,1.5299999713897705,1.131649136543274,0.3983508348464966,0.009999999776482582,0.03067602403461933,0.02067602425813675
56b873dc6e449cf7,trmm-opt,trmm-opt,lv2:__PARA__L0-1.__PARA__L1-1.__PARA__L2-16.__PIPE__L0-off.__PIPE__L1-off.__TILE__L0-60.__TILE__L1-1,target,support,support,finetune_dataset,data_1050.pt,654701.0,sgformer_rgcn_qor,1,50,kmeans,1.9665100574493408,3.1271328926086426,1.1606228351593018,0.029999999329447746,0.14661750197410583,0.11661750078201294,0.009999999776482582,0.2227472960948944,0.21274729073047638,0.009999999776482582,0.25503218173980713,0.2450321763753891,0.03999999910593033,0.19205202162265778,0.15205201506614685
f7a465d16bffa9ba,trmm-opt,trmm-opt,lv2:__PARA__L0-3.__PARA__L1-2.__PARA__L2-1.__PIPE__L0-off.__PIPE__L1-flatten.__TILE__L0-1.__TILE__L1-1,target,support,support,finetune_dataset,data_1126.pt,8028.0,sgformer_rgcn_qor,1,50,kmeans,5.141335964202881,4.215496063232422,0.925839900970459,0.41999998688697815,0.76524418592453,0.3452441990375519,4.699999809265137,2.3817532062530518,2.318246603012085,0.5600000023841858,1.3612123727798462,0.8012123703956604,0.009999999776482582,-0.036292895674705505,0.04629289358854294
bcd63bbfbc19eef7,trmm-opt,trmm-opt,lv2:__PARA__L0-1.__PARA__L1-1.__PARA__L2-32.__PIPE__L0-off.__PIPE__L1-off.__TILE__L0-1.__TILE__L1-80,target,support,support,finetune_dataset,data_1060.pt,1029341.0,sgformer_rgcn_qor,1,50,kmeans,1.6401035785675049,2.525801420211792,0.8856978416442871,0.10999999940395355,0.08425971865653992,0.025740280747413635,0.029999999329447746,0.37237152457237244,0.34237152338027954,0.019999999552965164,0.29472362995147705,0.274723619222641,0.009999999776482582,0.04852248728275299,0.03852248936891556
1747dfcaa081a2a5,trmm-opt,trmm-opt,lv2:__PARA__L0-1.__PARA__L1-1.__PARA__L2-4.__PIPE__L0-off.__PIPE__L1-off.__TILE__L0-1.__TILE__L1-1,target,support,support,finetune_dataset,data_1062.pt,553647.0,sgformer_rgcn_qor,1,50,kmeans,2.08744478225708,2.6011476516723633,0.5137028694152832,0.0,0.09179815649986267,0.09179815649986267,0.0,0.6546430587768555,0.6546430587768555,0.0,0.33734047412872314,0.33734047412872314,0.019999999552965164,0.10964156687259674,0.08964157104492188
9554926e4c2b5677,trmm-opt,trmm-opt,lv2:__PARA__L0-1.__PARA__L1-1.__PARA__L2-60.__PIPE__L0-off.__PIPE__L1-off.__TILE__L0-1.__TILE__L1-80,target,support,support,finetune_dataset,data_1073.pt,246747.0,sgformer_rgcn_qor,1,50,kmeans,2.6704118251800537,2.854426860809326,0.18401503562927246,0.10999999940395355,0.18423184752464294,0.07423184812068939,0.029999999329447746,0.28916165232658386,0.25916165113449097,0.009999999776482582,0.527023434638977,0.5170234441757202,0.009999999776482582,0.06724895536899567,0.057248957455158234
012450940dcf011f,trmm-opt,trmm-opt,lv2:__PARA__L0-10.__PARA__L1-8.__PARA__L2-1.__PIPE__L0-off.__PIPE__L1-flatten.__TILE__L0-1.__TILE__L1-1,target,support,support,finetune_dataset,data_1115.pt,5403.0,sgformer_rgcn_qor,1,50,kmeans,5.426975727081299,4.475035667419434,0.9519400596618652,3.549999952316284,0.8432022333145142,2.7067975997924805,16.1299991607666,2.585446834564209,13.544551849365234,7.099999904632568,1.3542624711990356,5.745737552642822,0.0,-0.0758279412984848,0.0758279412984848
6c63a264071adcb0,trmm-opt,trmm-opt,lv2:__PARA__L0-1.__PARA__L1-10.__PARA__L2-1.__PIPE__L0-off.__PIPE__L1-flatten.__TILE__L0-1.__TILE__L1-1,target,support,support,finetune_dataset,data_1078.pt,27747.0,sgformer_rgcn_qor,1,50,kmeans,4.246726036071777,4.248387336730957,0.0016613006591796875,0.5899999737739563,0.8414252996444702,0.2514253258705139,0.3400000035762787,2.5181467533111572,2.1781468391418457,0.9599999785423279,1.4917479753494263,0.5317479968070984,0.0,-0.043162211775779724,0.043162211775779724
f40ab226ef938ff6,trmm-opt,trmm-opt,lv2:__PARA__L0-1.__PARA__L1-20.__PARA__L2-60.__PIPE__L0-off.__PIPE__L1-off.__TILE__L0-1.__TILE__L1-1,target,support,support,finetune_dataset,data_1100.pt,25107.0,sgformer_rgcn_qor,1,50,kmeans,4.318847179412842,3.67474365234375,0.6441035270690918,1.159999966621399,0.2713885009288788,0.8886114358901978,0.6800000071525574,0.4868640601634979,0.19313594698905945,1.9199999570846558,0.7923761606216431,1.1276237964630127,0.0,0.14341510832309723,0.14341510832309723
98a61e0d484cdec1,trmm-opt,trmm-opt,lv2:__PARA__L0-1.__PARA__L1-1.__PARA__L2-10.__PIPE__L0-off.__PIPE__L1-off.__TILE__L0-1.__TILE__L1-80,target,support,support,finetune_dataset,data_1040.pt,366447.0,sgformer_rgcn_qor,1,50,kmeans,2.3851258754730225,2.1743392944335938,0.2107865810394287,0.009999999776482582,-0.04067542776465416,0.05067542940378189,0.0,0.32358047366142273,0.32358047366142273,0.0,0.10177482664585114,0.10177482664585114,0.05000000074505806,0.03826798498630524,0.011732015758752823
236b6e7ccd6fd621,trmm-opt,trmm-opt,lv2:__PARA__L0-1.__PARA__L1-20.__PARA__L2-60.__PIPE__L0-off.__PIPE__L1-off.__TILE__L0-1.__TILE__L1-4,target,support,support,finetune_dataset,data_1101.pt,25107.0,sgformer_rgcn_qor,1,50,kmeans,4.318847179412842,3.6176791191101074,0.7011680603027344,1.159999966621399,0.2958514392375946,0.8641484975814819,0.6800000071525574,0.48668643832206726,0.1933135688304901,1.9199999570846558,0.8149949312210083,1.1050050258636475,0.0,0.15243007242679596,0.15243007242679596
861efb7dcdb6536c,trmm-opt,trmm-opt,lv2:__PARA__L0-1.__PARA__L1-16.__PARA__L2-1.__PIPE__L0-off.__PIPE__L1-flatten.__TILE__L0-60.__TILE__L1-1,target,support,support,finetune_dataset,data_1086.pt,24267.0,sgformer_rgcn_qor,1,50,kmeans,4.3433942794799805,3.998229503631592,0.34516477584838867,0.9399999976158142,0.5349299907684326,0.4050700068473816,0.550000011920929,1.5311191082000732,0.9811190962791443,1.5299999713897705,0.9412356615066528,0.5887643098831177,0.009999999776482582,-0.0037730769254267216,0.013773076236248016
dc2e457eccce1550,trmm-opt,trmm-opt,lv2:__PARA__L0-1.__PARA__L1-4.__PARA__L2-1.__PIPE__L0-off.__PIPE__L1-flatten.__TILE__L0-1.__TILE__L1-1,target,support,support,finetune_dataset,data_1102.pt,26069.0,sgformer_rgcn_qor,1,50,kmeans,4.291724681854248,4.202081203460693,0.08964347839355469,0.30000001192092896,0.7749976515769958,0.4749976396560669,0.15000000596046448,2.3833706378936768,2.233370542526245,0.3799999952316284,1.4072781801223755,1.027278184890747,0.009999999776482582,-0.03133498132228851,0.041334979236125946
4e627ce0f3961f96,trmm-opt,trmm-opt,lv2:__PARA__L0-3.__PARA__L1-10.__PARA__L2-1.__PIPE__L0-off.__PIPE__L1-flatten.__TILE__L0-1.__TILE__L1-1,target,support,support,finetune_dataset,data_1124.pt,7387.0,sgformer_rgcn_qor,1,50,kmeans,5.201362133026123,4.2964653968811035,0.9048967361450195,1.5199999809265137,0.8647143840789795,0.6552855968475342,6.570000171661377,2.5645053386688232,4.005495071411133,2.8299999237060547,1.4659000635147095,1.3640998601913452,0.0,-0.05408202111721039,0.05408202111721039
f8679f7ce3046dcc,trmm-opt,trmm-opt,lv2:__PARA__L0-1.__PARA__L1-20.__PARA__L2-1.__PIPE__L0-off.__PIPE__L1-flatten.__TILE__L0-1.__TILE__L1-1,target,support,support,finetune_dataset,data_1095.pt,25107.0,sgformer_rgcn_qor,1,50,kmeans,4.318847179412842,4.26539421081543,0.05345296859741211,1.159999966621399,0.8800239562988281,0.2799760103225708,0.6800000071525574,2.5445244312286377,1.8645243644714355,1.9199999570846558,1.5636273622512817,0.356372594833374,0.0,-0.0157612394541502,0.0157612394541502
1a7e0a8e6ee306d4,trmm-opt,trmm-opt,lv2:__PARA__L0-1.__PARA__L1-5.__PARA__L2-1.__PIPE__L0-off.__PIPE__L1-flatten.__TILE__L0-1.__TILE__L1-1,target,support,support,finetune_dataset,data_1107.pt,33032.0,sgformer_rgcn_qor,1,50,kmeans,4.120959758758545,4.211906433105469,0.09094667434692383,0.30000001192092896,0.7897762656211853,0.48977625370025635,0.17000000178813934,2.410003900527954,2.240003824234009,0.47999998927116394,1.4214016199111938,0.9414016008377075,0.009999999776482582,-0.032548531889915466,0.0425485298037529
a77626f013493590,trmm-opt,trmm-opt,lv2:__PARA__L0-1.__PARA__L1-1.__PARA__L2-30.__PIPE__L0-off.__PIPE__L1-off.__TILE__L0-1.__TILE__L1-1,target,support,support,finetune_dataset,data_1056.pt,284847.0,sgformer_rgcn_qor,1,50,kmeans,2.5668344497680664,3.124506711959839,0.5576722621917725,0.10000000149011612,0.1474801003932953,0.04748009890317917,0.03999999910593033,0.519263744354248,0.4792637526988983,0.009999999776482582,0.4097644090652466,0.39976441860198975,0.009999999776482582,0.08911778032779694,0.0791177824139595
32c04c480aaeaca8,trmm-opt,trmm-opt,lv2:__PARA__L0-1.__PARA__L1-8.__PARA__L2-1.__PIPE__L0-off.__PIPE__L1-flatten.__TILE__L0-60.__TILE__L1-1,target,support,support,finetune_dataset,data_1112.pt,24567.0,sgformer_rgcn_qor,1,50,kmeans,4.334531307220459,4.043789386749268,0.2907419204711914,0.4699999988079071,0.48008236289024353,0.010082364082336426,0.2800000011920929,1.4154071807861328,1.1354072093963623,0.7599999904632568,0.8120819330215454,0.052081942558288574,0.009999999776482582,-0.022038323804736137,0.03203832358121872
0d84e7faa73503ba,trmm-opt,trmm-opt,lv2:__PARA__L0-1.__PARA__L1-1.__PARA__L2-60.__PIPE__L0-off.__PIPE__L1-off.__TILE__L0-60.__TILE__L1-1,target,support,support,finetune_dataset,data_1074.pt,246747.0,sgformer_rgcn_qor,1,50,kmeans,2.6704118251800537,3.7720954418182373,1.1016836166381836,0.10999999940395355,0.31837818026542664,0.20837818086147308,0.029999999329447746,-0.031183745712041855,0.06118374317884445,0.009999999776482582,0.4291301965713501,0.41913020610809326,0.009999999776482582,0.003372089471668005,0.006627910304814577
c7e892bf04674ff8,trmm-opt,trmm-opt,lv2:__PARA__L0-1.__PARA__L1-1.__PARA__L2-15.__PIPE__L0-off.__PIPE__L1-off.__TILE__L0-1.__TILE__L1-1,target,support,support,finetune_dataset,data_1045.pt,337647.0,sgformer_rgcn_qor,1,50,kmeans,2.4441702365875244,2.8493714332580566,0.4052011966705322,0.029999999329447746,0.10075172781944275,0.07075172662734985,0.009999999776482582,0.5680139064788818,0.558013916015625,0.0,0.358617901802063,0.358617901802063,0.03999999910593033,0.09999264776706696,0.05999264866113663
fc3ebd766d4cb70f,trmm-opt,trmm-opt,lv2:__PARA__L0-1.__PARA__L1-5.__PARA__L2-60.__PIPE__L0-off.__PIPE__L1-NA.__TILE__L0-1.__TILE__L1-1,target,support,support,finetune_dataset,data_1109.pt,33032.0,sgformer_rgcn_qor,1,50,kmeans,4.120959758758545,4.0388360023498535,0.0821237564086914,0.30000001192092896,0.5227989554405212,0.22279894351959229,0.17000000178813934,1.155341386795044,0.9853413701057434,0.47999998927116394,1.0287986993789673,0.548798680305481,0.009999999776482582,-0.005848272237926722,0.015848271548748016
fea06b686af69e52,trmm-opt,trmm-opt,lv2:__PARA__L0-1.__PARA__L1-2.__PARA__L2-1.__PIPE__L0-off.__PIPE__L1-flatten.__TILE__L0-60.__TILE__L1-1,target,support,support,finetune_dataset,data_1090.pt,29669.0,sgformer_rgcn_qor,1,50,kmeans,4.198413848876953,3.979139804840088,0.21927404403686523,0.20999999344348907,0.4394843280315399,0.22948433458805084,0.09000000357627869,1.258298635482788,1.168298602104187,0.1899999976158142,0.7802916765213013,0.5902916789054871,0.009999999776482582,-0.037855491042137146,0.04785548895597458
0a794b6a50ac753a,trmm-opt,trmm-opt,lv2:__PARA__L0-2.__PARA__L1-5.__PARA__L2-1.__PIPE__L0-off.__PIPE__L1-flatten.__TILE__L0-1.__TILE__L1-1,target,support,support,finetune_dataset,data_1122.pt,10962.0,sgformer_rgcn_qor,1,50,kmeans,4.9166364669799805,4.2318806648254395,0.684755802154541,0.5699999928474426,0.8098399639129639,0.23983997106552124,1.8200000524520874,2.4371869564056396,0.6171869039535522,0.949999988079071,1.4125715494155884,0.46257156133651733,0.009999999776482582,-0.037803277373313904,0.04780327528715134
6e0a0a1e679ea7de,trmm-opt,trmm-opt,lv2:__PARA__L0-1.__PARA__L1-1.__PARA__L2-60.__PIPE__L0-off.__PIPE__L1-NA.__TILE__L0-1.__TILE__L1-1,target,support,support,finetune_dataset,data_1069.pt,9387.0,sgformer_rgcn_qor,1,50,kmeans,5.028523921966553,4.029895782470703,0.9986281394958496,0.1599999964237213,0.43191006779670715,0.27191007137298584,0.05999999865889549,1.1433384418487549,1.0833384990692139,0.09000000357627869,1.0385972261428833,0.9485971927642822,0.009999999776482582,-0.03224407136440277,0.042244069278240204
bbb1ef8016aae2eb,fdtd-2d-large,fdtd-2d-large,lv2:__PARA__L0-1.__PARA__L1-1.__PARA__L2-1.__PARA__L3-1.__PARA__L4-1.__PARA__L5-1.__PARA__L6-1.__PARA__L7-1.__PIPE__L0-off.__PIPE__L2-flatten.__PIPE__L3-flatten.__PIPE__L4-off.__TILE__L0-1.__TILE__L2-1.__TILE__L3-1.__TILE__L4-1,target,support,support,finetune_dataset,data_1.pt,4847946.0,sgformer_rgcn_qor,1,50,kmeans,0.5222772359848022,0.4079519212245941,0.11432531476020813,0.6499999761581421,0.7743726968765259,0.12437272071838379,0.3799999952316284,0.6815035343170166,0.3015035390853882,0.49000000953674316,0.5466653108596802,0.05666530132293701,0.4699999988079071,0.5071345567703247,0.0371345579624176
10e42364ec89ca1c,fdtd-2d-large,fdtd-2d-large,lv2:__PARA__L0-1.__PARA__L1-2.__PARA__L2-1.__PARA__L3-1.__PARA__L4-199.__PARA__L5-8.__PARA__L6-32.__PARA__L7-32.__PIPE__L0-off.__PIPE__L2-off.__PIPE__L3-off.__PIPE__L4-off.__TILE__L0-1.__TILE__L2-1.__TILE__L3-1.__TILE__L4-1,target,support,support,finetune_dataset,data_60.pt,96495104.0,sgformer_rgcn_qor,1,50,kmeans,-1.635227918624878,-1.293432593345642,0.34179532527923584,0.10999999940395355,0.4810219705104828,0.37102198600769043,0.05000000074505806,0.5966365337371826,0.5466365218162537,0.05000000074505806,-0.004611838608980179,0.05461183935403824,0.3199999928474426,0.3298269808292389,0.009826987981796265
b5bf249116119d74,fdtd-2d-large,fdtd-2d-large,lv2:__PARA__L0-1.__PARA__L1-1.__PARA__L2-1.__PARA__L3-1.__PARA__L4-199.__PARA__L5-1.__PARA__L6-1.__PARA__L7-4.__PIPE__L0-off.__PIPE__L2-flatten.__PIPE__L3-flatten.__PIPE__L4-off.__TILE__L0-1.__TILE__L2-1.__TILE__L3-1.__TILE__L4-1,target,support,support,finetune_dataset,data_38.pt,91745408.0,sgformer_rgcn_qor,1,50,kmeans,-1.5988179445266724,-1.753796935081482,0.15497899055480957,0.6100000143051147,0.5298620462417603,0.08013796806335449,0.38999998569488525,0.5845377445220947,0.19453775882720947,0.49000000953674316,0.6571732759475708,0.16717326641082764,0.8600000143051147,0.5801349878311157,0.279865026473999
83bbe692e3ff9ba5,fdtd-2d-large,fdtd-2d-large,lv2:__PARA__L0-1.__PARA__L1-16.__PARA__L2-199.__PARA__L3-1.__PARA__L4-1.__PARA__L5-8.__PARA__L6-32.__PARA__L7-1.__PIPE__L0-off.__PIPE__L2-off.__PIPE__L3-off.__PIPE__L4-flatten.__TILE__L0-100.__TILE__L2-1.__TILE__L3-1.__TILE__L4-1,target,support,support,finetune_dataset,data_55.pt,2471843.0,sgformer_rgcn_qor,1,50,kmeans,1.008170485496521,-0.7791541814804077,1.7873246669769287,0.8600000143051147,1.3362489938735962,0.47624897956848145,0.4300000071525574,-1.0178101062774658,1.447810173034668,0.699999988079071,-0.21408449113368988,0.9140844941139221,0.6399999856948853,0.5184284448623657,0.12157154083251953
af4e468b828ee9a8,fdtd-2d-large,fdtd-2d-large,lv2:__PARA__L0-1.__PARA__L1-16.__PARA__L2-1.__PARA__L3-1.__PARA__L4-199.__PARA__L5-8.__PARA__L6-32.__PARA__L7-32.__PIPE__L0-off.__PIPE__L2-off.__PIPE__L3-off.__PIPE__L4-off.__TILE__L0-1.__TILE__L2-1.__TILE__L3-1.__TILE__L4-1,target,support,support,finetune_dataset,data_50.pt,96495104.0,sgformer_rgcn_qor,1,50,kmeans,-1.635227918624878,-1.1164754629135132,0.5187524557113647,0.10999999940395355,0.4471665322780609,0.33716654777526855,0.05000000074505806,0.5557401180267334,0.5057401061058044,0.05000000074505806,0.09813322126865387,0.04813322052359581,0.3199999928474426,0.3624555170536041,0.0424555242061615
be03f71def4c9e25,fdtd-2d-large,fdtd-2d-large,lv2:__PARA__L0-1.__PARA__L1-16.__PARA__L2-199.__PARA__L3-1.__PARA__L4-1.__PARA__L5-8.__PARA__L6-32.__PARA__L7-1.__PIPE__L0-off.__PIPE__L2-off.__PIPE__L3-off.__PIPE__L4-flatten.__TILE__L0-1.__TILE__L2-1.__TILE__L3-1.__TILE__L4-199,target,support,support,finetune_dataset,data_54.pt,2471843.0,sgformer_rgcn_qor,1,50,kmeans,1.008170485496521,0.5676466226577759,0.4405238628387451,0.8600000143051147,1.1356655359268188,0.2756655216217041,0.4300000071525574,-1.087653398513794,1.517653465270996,0.699999988079071,0.8256913423538208,0.12569135427474976,0.6399999856948853,0.22860516607761383,0.4113948345184326
4fcdf621f3a5c105,fdtd-2d-large,fdtd-2d-large,lv2:__PARA__L0-1.__PARA__L1-32.__PARA__L2-1.__PARA__L3-1.__PARA__L4-1.__PARA__L5-1.__PARA__L6-1.__PARA__L7-1.__PIPE__L0-off.__PIPE__L2-flatten.__PIPE__L3-flatten.__PIPE__L4-flatten.__TILE__L0-1.__TILE__L2-1.__TILE__L3-1.__TILE__L4-1,target,support,support,finetune_dataset,data_61.pt,87033.0,sgformer_rgcn_qor,1,50,kmeans,3.4221107959747314,0.21252593398094177,3.209584951400757,0.9900000095367432,1.147539734840393,0.1575397253036499,0.5299999713897705,0.6299397945404053,0.09993982315063477,0.699999988079071,1.5297375917434692,0.8297376036643982,0.5799999833106995,0.655377984046936,0.07537800073623657
bc4602e977af8b26,fdtd-2d-large,fdtd-2d-large,lv2:__PARA__L0-1.__PARA__L1-1.__PARA__L2-1.__PARA__L3-1.__PARA__L4-1.__PARA__L5-1.__PARA__L6-1.__PARA__L7-32.__PIPE__L0-off.__PIPE__L2-flatten.__PIPE__L3-flatten.__PIPE__L4-off.__TILE__L0-1.__TILE__L2-1.__TILE__L3-1.__TILE__L4-1,target,support,support,finetune_dataset,data_10.pt,9161446.0,sgformer_rgcn_qor,1,50,kmeans,0.06317638605833054,0.294590562582016,0.23141416907310486,0.6600000262260437,0.7244201898574829,0.06442016363143921,0.41999998688697815,0.572223424911499,0.15222343802452087,0.49000000953674316,0.9137459993362427,0.4237459897994995,0.5799999833106995,0.6181298494338989,0.03812986612319946
cf7c067d0fbb4854,fdtd-2d-large,fdtd-2d-large,lv2:__PARA__L0-1.__PARA__L1-1.__PARA__L2-1.__PARA__L3-1.__PARA__L4-1.__PARA__L5-8.__PARA__L6-1.__PARA__L7-1.__PIPE__L0-off.__PIPE__L2-off.__PIPE__L3-flatten.__PIPE__L4-off.__TILE__L0-1.__TILE__L2-1.__TILE__L3-1.__TILE__L4-1,target,support,support,finetune_dataset,data_26.pt,5425078.0,sgformer_rgcn_qor,1,50,kmeans,0.44114211201667786,0.8072668313980103,0.3661247193813324,0.5600000023841858,0.2628856599330902,0.2971143424510956,0.30000001192092896,0.21496984362602234,0.08503016829490662,0.49000000953674316,0.29983723163604736,0.1901627779006958,0.41999998688697815,0.369244247674942,0.05075573921203613
579c589ac96baf74,fdtd-2d-large,fdtd-2d-large,lv2:__PARA__L0-1.__PARA__L1-32.__PARA__L2-1.__PARA__L3-1.__PARA__L4-199.__PARA__L5-8.__PARA__L6-32.__PARA__L7-32.__PIPE__L0-off.__PIPE__L2-off.__PIPE__L3-off.__PIPE__L4-off.__TILE__L0-1.__TILE__L2-1.__TILE__L3-1.__TILE__L4-1,target,support,support,finetune_dataset,data_67.pt,96496392.0,sgformer_rgcn_qor,1,50,kmeans,-1.635237455368042,-0.9933685064315796,0.6418689489364624,0.10999999940395355,0.2932296693325043,0.18322966992855072,0.05000000074505806,0.5393121242523193,0.4893121123313904,0.05000000074505806,0.27627575397491455,0.2262757569551468,0.3199999928474426,0.37617793679237366,0.05617794394493103
9a6aced3fd7b1448,fdtd-2d-large,fdtd-2d-large,lv2:__PARA__L0-1.__PARA__L1-1.__PARA__L2-1.__PARA__L3-1.__PARA__L4-1.__PARA__L5-1.__PARA__L6-1.__PARA__L7-1.__PIPE__L0-off.__PIPE__L2-flatten.__PIPE__L3-flatten.__PIPE__L4-flatten.__TILE__L0-1.__TILE__L2-1.__TILE__L3-1.__TILE__L4-1,target,support,support,finetune_dataset,data_0.pt,110046.0,sgformer_rgcn_qor,1,50,kmeans,3.2528748512268066,-0.19087353348731995,3.4437484741210938,0.9900000095367432,1.2167755365371704,0.22677552700042725,0.5299999713897705,0.8789279460906982,0.34892797470092773,0.699999988079071,1.1377793550491333,0.43777936697006226,0.5799999833106995,0.7400518655776978,0.1600518822669983
c616551aea0c126b,fdtd-2d-large,fdtd-2d-large,lv2:__PARA__L0-1.__PARA__L1-1.__PARA__L2-1.__PARA__L3-1.__PARA__L4-1.__PARA__L5-8.__PARA__L6-32.__PARA__L7-8.__PIPE__L0-off.__PIPE__L2-off.__PIPE__L3-off.__PIPE__L4-off.__TILE__L0-1.__TILE__L2-1.__TILE__L3-1.__TILE__L4-1,target,support,support,finetune_dataset,data_37.pt,4130276.0,sgformer_rgcn_qor,1,50,kmeans,0.637844979763031,1.0548750162124634,0.4170300364494324,0.07999999821186066,0.34690341353416443,0.2669034004211426,0.029999999329447746,0.15187618136405945,0.12187618017196655,0.029999999329447746,-0.05804048851132393,0.08804048597812653,0.07999999821186066,0.059186115860939026,0.02081388235092163
e14679c4f0fbd6e1,fdtd-2d-large,fdtd-2d-large,lv2:__PARA__L0-1.__PARA__L1-1.__PARA__L2-1.__PARA__L3-1.__PARA__L4-1.__PARA__L5-1.__PARA__L6-1.__PARA__L7-1.__PIPE__L0-off.__PIPE__L2-flatten.__PIPE__L3-off.__PIPE__L4-flatten.__TILE__L0-1.__TILE__L2-1.__TILE__L3-1.__TILE__L4-1,target,support,support,finetune_dataset,data_2.pt,4870046.0,sgformer_rgcn_qor,1,50,kmeans,0.5189963579177856,-0.3291429579257965,0.8481392860412598,0.9599999785423279,1.314163327217102,0.35416334867477417,0.47999998927116394,0.1567365825176239,0.32326340675354004,0.699999988079071,0.8571892976760864,0.15718930959701538,0.5799999833106995,0.534490704536438,0.045509278774261475
db36652a9e4edb30,fdtd-2d-large,fdtd-2d-large,lv2:__PARA__L0-1.__PARA__L1-1.__PARA__L2-1.__PARA__L3-1.__PARA__L4-1.__PARA__L5-32.__PARA__L6-32.__PARA__L7-1.__PIPE__L0-off.__PIPE__L2-off.__PIPE__L3-off.__PIPE__L4-off.__TILE__L0-1.__TILE__L2-1.__TILE__L3-1.__TILE__L4-1,target,support,support,finetune_dataset,data_23.pt,7772846.0,sgformer_rgcn_qor,1,50,kmeans,0.1817425787448883,1.4960771799087524,1.3143346309661865,0.07000000029802322,0.17074260115623474,0.10074260085821152,0.029999999329447746,0.044675085693597794,0.014675086364150047,0.029999999329447746,0.24973119795322418,0.2197311967611313,0.07999999821186066,-0.08208499848842621,0.16208499670028687
3f2d6549036402e4,fdtd-2d-large,fdtd-2d-large,lv2:__PARA__L0-1.__PARA__L1-2.__PARA__L2-1.__PARA__L3-1.__PARA__L4-199.__PARA__L5-8.__PARA__L6-1.__PARA__L7-32.__PIPE__L0-off.__PIPE__L2-off.__PIPE__L3-flatten.__PIPE__L4-off.__TILE__L0-1.__TILE__L2-1.__TILE__L3-1.__TILE__L4-1,target,support,support,finetune_dataset,data_59.pt,91028704.0,sgformer_rgcn_qor,1,50,kmeans,-1.5931607484817505,-1.839788794517517,0.2466280460357666,0.5099999904632568,0.3661271035671234,0.14387288689613342,0.3199999928474426,0.6091363430023193,0.2891363501548767,0.49000000953674316,0.509658932685852,0.019658923149108887,0.5299999713897705,0.6508194208145142,0.12081944942474365
f3c08aa40f851184,fdtd-2d-large,fdtd-2d-large,lv2:__PARA__L0-1.__PARA__L1-1.__PARA__L2-1.__PARA__L3-1.__PARA__L4-1.__PARA__L5-8.__PARA__L6-1.__PARA__L7-32.__PIPE__L0-off.__PIPE__L2-off.__PIPE__L3-flatten.__PIPE__L4-off.__TILE__L0-1.__TILE__L2-1.__TILE__L3-1.__TILE__L4-1,target,support,support,finetune_dataset,data_29.pt,2355778.0,sgformer_rgcn_qor,1,50,kmeans,1.0428622961044312,0.7607113122940063,0.2821509838104248,0.5799999833106995,0.2129436433315277,0.36705633997917175,0.3199999928474426,0.18795081973075867,0.13204917311668396,0.49000000953674316,0.762182354927063,0.2721823453903198,0.41999998688697815,0.4800521433353424,0.06005215644836426
95fed5f4e0e880e6,fdtd-2d-large,fdtd-2d-large,lv2:__PARA__L0-1.__PARA__L1-1.__PARA__L2-1.__PARA__L3-1.__PARA__L4-1.__PARA__L5-8.__PARA__L6-32.__PARA__L7-32.__PIPE__L0-off.__PIPE__L2-off.__PIPE__L3-off.__PIPE__L4-off.__TILE__L0-1.__TILE__L2-1.__TILE__L3-1.__TILE__L4-1,target,support,support,finetune_dataset,data_35.pt,3671777.0,sgformer_rgcn_qor,1,50,kmeans,0.7227248549461365,1.0025488138198853,0.2798239588737488,0.15000000596046448,0.2822938859462738,0.13229387998580933,0.05999999865889549,0.28973886370658875,0.22973886132240295,0.09000000357627869,0.32756245136260986,0.23756244778633118,0.14000000059604645,0.13113750517368317,0.008862495422363281
f7baeb54ddf38624,fdtd-2d-large,fdtd-2d-large,lv2:__PARA__L0-1.__PARA__L1-1.__PARA__L2-1.__PARA__L3-1.__PARA__L4-199.__PARA__L5-8.__PARA__L6-32.__PARA__L7-32.__PIPE__L0-off.__PIPE__L2-off.__PIPE__L3-off.__PIPE__L4-off.__TILE__L0-1.__TILE__L2-1.__TILE__L3-1.__TILE__L4-1,target,support,support,finetune_dataset,data_40.pt,96495104.0,sgformer_rgcn_qor,1,50,kmeans,-1.635227918624878,-1.3181642293930054,0.31706368923187256,0.10999999940395355,0.4737621247768402,0.36376214027404785,0.05000000074505806,0.5958058834075928,0.5458058714866638,0.05000000074505806,-0.007037986069917679,0.05703798681497574,0.3199999928474426,0.32597747445106506,0.0059774816036224365
d23892fd2b55d3ef,fdtd-2d-large,fdtd-2d-large,lv2:__PARA__L0-1.__PARA__L1-4.__PARA__L2-1.__PARA__L3-1.__PARA__L4-1.__PARA__L5-1.__PARA__L6-1.__PARA__L7-4.__PIPE__L0-off.__PIPE__L2-flatten.__PIPE__L3-flatten.__PIPE__L4-off.__TILE__L0-1.__TILE__L2-1.__TILE__L3-1.__TILE__L4-1,target,support,support,finetune_dataset,data_71.pt,3571546.0,sgformer_rgcn_qor,1,50,kmeans,0.7426896691322327,0.4873062074184418,0.2553834617137909,0.6600000262260437,0.8274184465408325,0.16741842031478882,0.38999998569488525,0.6590383052825928,0.2690383195877075,0.49000000953674316,0.5473462343215942,0.057346224784851074,0.5799999833106995,0.5309416055679321,0.049058377742767334
06a8d921a1e4ef67,fdtd-2d-large,fdtd-2d-large,lv2:__PARA__L0-1.__PARA__L1-1.__PARA__L2-1.__PARA__L3-1.__PARA__L4-1.__PARA__L5-8.__PARA__L6-1.__PARA__L7-16.__PIPE__L0-off.__PIPE__L2-off.__PIPE__L3-flatten.__PIPE__L4-off.__TILE__L0-1.__TILE__L2-1.__TILE__L3-1.__TILE__L4-1,target,support,support,finetune_dataset,data_27.pt,2514977.0,sgformer_rgcn_qor,1,50,kmeans,0.9956914186477661,0.8080469369888306,0.18764448165893555,0.5699999928474426,0.2941790521144867,0.27582094073295593,0.3199999928474426,0.15268203616142273,0.1673179566860199,0.49000000953674316,0.4505730867385864,0.03942692279815674,0.36000001430511475,0.48043933510780334,0.1204393208026886
6588cb1dc715e087,fdtd-2d-large,fdtd-2d-large,lv2:__PARA__L0-1.__PARA__L1-32.__PARA__L2-1.__PARA__L3-2.__PARA__L4-1.__PARA__L5-1.__PARA__L6-1.__PARA__L7-4.__PIPE__L0-off.__PIPE__L2-flatten.__PIPE__L3-flatten.__PIPE__L4-off.__TILE__L0-1.__TILE__L2-1.__TILE__L3-1.__TILE__L4-199,target,support,support,finetune_dataset,data_69.pt,3476933.0,sgformer_rgcn_qor,1,50,kmeans,0.7620564103126526,1.8161951303482056,1.0541386604309082,1.0499999523162842,-0.18724575638771057,1.2372456789016724,0.6800000071525574,0.24370595812797546,0.4362940490245819,0.9700000286102295,-0.037917960435152054,1.0079180002212524,0.6899999976158142,0.44487491250038147,0.24512508511543274
a3d96d210251a1eb,fdtd-2d-large,fdtd-2d-large,lv2:__PARA__L0-1.__PARA__L1-1.__PARA__L2-1.__PARA__L3-1.__PARA__L4-1.__PARA__L5-4.__PARA__L6-1.__PARA__L7-1.__PIPE__L0-off.__PIPE__L2-off.__PIPE__L3-flatten.__PIPE__L4-off.__TILE__L0-1.__TILE__L2-1.__TILE__L3-1.__TILE__L4-1,target,support,support,finetune_dataset,data_24.pt,6022078.0,sgformer_rgcn_qor,1,50,kmeans,0.3658333420753479,0.722298264503479,0.3564649224281311,0.5600000023841858,0.26245173811912537,0.2975482642650604,0.30000001192092896,0.2460472285747528,0.05395278334617615,0.49000000953674316,0.2707329988479614,0.21926701068878174,0.41999998688697815,0.3556758463382721,0.06432414054870605
5149f70100e19a16,fdtd-2d-large,fdtd-2d-large,lv2:__PARA__L0-1.__PARA__L1-32.__PARA__L2-1.__PARA__L3-1.__PARA__L4-1.__PARA__L5-1.__PARA__L6-1.__PARA__L7-4.__PIPE__L0-off.__PIPE__L2-flatten.__PIPE__L3-flatten.__PIPE__L4-off.__TILE__L0-1.__TILE__L2-1.__TILE__L3-1.__TILE__L4-1,target,support,support,finetune_dataset,data_63.pt,3566533.0,sgformer_rgcn_qor,1,50,kmeans,0.7437028884887695,0.8244291543960571,0.0807262659072876,0.6600000262260437,0.7378641366958618,0.07786411046981812,0.38999998569488525,0.5612766742706299,0.17127668857574463,0.49000000953674316,0.8858987092971802,0.395898699760437,0.5799999833106995,0.4459816515445709,0.13401833176612854
49d3b2ff7557b80f,fdtd-2d-large,fdtd-2d-large,lv2:__PARA__L0-1.__PARA__L1-16.__PARA__L2-1.__PARA__L3-1.__PARA__L4-1.__PARA__L5-1.__PARA__L6-1.__PARA__L7-4.__PIPE__L0-off.__PIPE__L2-flatten.__PIPE__L3-flatten.__PIPE__L4-off.__TILE__L0-1.__TILE__L2-1.__TILE__L3-1.__TILE__L4-1,target,support,support,finetune_dataset,data_41.pt,3567046.0,sgformer_rgcn_qor,1,50,kmeans,0.7435991168022156,0.6617914438247681,0.08180767297744751,0.6600000262260437,0.8320451974868774,0.17204517126083374,0.38999998569488525,0.6080434322357178,0.21804344654083252,0.49000000953674316,0.6542359590530396,0.1642359495162964,0.5799999833106995,0.530887246131897,0.04911273717880249
34c89322b1f144a2,fdtd-2d-large,fdtd-2d-large,lv2:__PARA__L0-1.__PARA__L1-32.__PARA__L2-1.__PARA__L3-1.__PARA__L4-199.__PARA__L5-8.__PARA__L6-1.__PARA__L7-32.__PIPE__L0-off.__PIPE__L2-off.__PIPE__L3-flatten.__PIPE__L4-off.__TILE__L0-1.__TILE__L2-1.__TILE__L3-1.__TILE__L4-1,target,support,support,finetune_dataset,data_66.pt,91029992.0,sgformer_rgcn_qor,1,50,kmeans,-1.5931710004806519,-1.5643285512924194,0.028842449188232422,0.5099999904632568,0.17968282103538513,0.3303171694278717,0.3199999928474426,0.6109969615936279,0.2909969687461853,0.49000000953674316,0.827682614326477,0.3376826047897339,0.5299999713897705,0.6825381517410278,0.15253818035125732
7432155d2bb5f2e8,fdtd-2d-large,fdtd-2d-large,lv2:__PARA__L0-1.__PARA__L1-32.__PARA__L2-1.__PARA__L3-1.__PARA__L4-1.__PARA__L5-1.__PARA__L6-1.__PARA__L7-1.__PIPE__L0-off.__PIPE__L2-flatten.__PIPE__L3-flatten.__PIPE__L4-flatten.__TILE__L0-1.__TILE__L2-1.__TILE__L3-1.__TILE__L4-199,target,support,support,finetune_dataset,data_62.pt,87033.0,sgformer_rgcn_qor,1,50,kmeans,3.4221107959747314,1.1900898218154907,2.232020854949951,0.9900000095367432,0.33872804045677185,0.6512719392776489,0.5299999713897705,-0.40346553921699524,0.9334654808044434,0.699999988079071,0.4038945436477661,0.29610544443130493,0.5799999833106995,0.7664042711257935,0.186404287815094
82d095c8462d8493,fdtd-2d-large,fdtd-2d-large,lv2:__PARA__L0-1.__PARA__L1-16.__PARA__L2-1.__PARA__L3-1.__PARA__L4-199.__PARA__L5-8.__PARA__L6-1.__PARA__L7-32.__PIPE__L0-off.__PIPE__L2-off.__PIPE__L3-flatten.__PIPE__L4-off.__TILE__L0-1.__TILE__L2-1.__TILE__L3-1.__TILE__L4-1,target,support,support,finetune_dataset,data_48.pt,91028704.0,sgformer_rgcn_qor,1,50,kmeans,-1.5931607484817505,-1.6715034246444702,0.07834267616271973,0.5099999904632568,0.33723220229148865,0.1727677881717682,0.3199999928474426,0.5926635265350342,0.27266353368759155,0.49000000953674316,0.6499558687210083,0.15995585918426514,0.5299999713897705,0.6822096109390259,0.15220963954925537
dbad873225c851dd,fdtd-2d-large,fdtd-2d-large,lv2:__PARA__L0-1.__PARA__L1-1.__PARA__L2-1.__PARA__L3-1.__PARA__L4-199.__PARA__L5-8.__PARA__L6-1.__PARA__L7-32.__PIPE__L0-off.__PIPE__L2-off.__PIPE__L3-flatten.__PIPE__L4-off.__TILE__L0-1.__TILE__L2-1.__TILE__L3-1.__TILE__L4-1,target,support,support,finetune_dataset,data_39.pt,91028704.0,sgformer_rgcn_qor,1,50,kmeans,-1.5931607484817505,-1.8638852834701538,0.2707245349884033,0.5099999904632568,0.3582812249660492,0.15171876549720764,0.3199999928474426,0.6061217784881592,0.28612178564071655,0.49000000953674316,0.5022298097610474,0.0122298002243042,0.5299999713897705,0.6468960046768188,0.11689603328704834
c4db0bc785b1f9c0,fdtd-2d-large,fdtd-2d-large,lv2:__PARA__L0-1.__PARA__L1-2.__PARA__L2-1.__PARA__L3-1.__PARA__L4-1.__PARA__L5-1.__PARA__L6-1.__PARA__L7-4.__PIPE__L0-off.__PIPE__L2-flatten.__PIPE__L3-flatten.__PIPE__L4-off.__TILE__L0-1.__TILE__L2-1.__TILE__L3-1.__TILE__L4-1,target,support,support,finetune_dataset,data_58.pt,3577546.0,sgformer_rgcn_qor,1,50,kmeans,0.7414788603782654,0.44288596510887146,0.2985928952693939,0.6600000262260437,0.817489743232727,0.15748971700668335,0.38999998569488525,0.6646225452423096,0.2746225595474243,0.49000000953674316,0.5478535890579224,0.0578535795211792,0.5799999833106995,0.5305987596511841,0.04940122365951538
b1afb664d479fe57,fdtd-2d-large,fdtd-2d-large,lv2:__PARA__L0-1.__PARA__L1-16.__PARA__L2-1.__PARA__L3-1.__PARA__L4-199.__PARA__L5-8.__PARA__L6-32.__PARA__L7-32.__PIPE__L0-off.__PIPE__L2-off.__PIPE__L3-off.__PIPE__L4-off.__TILE__L0-100.__TILE__L2-1.__TILE__L3-1.__TILE__L4-1,target,support,support,finetune_dataset,data_51.pt,96495104.0,sgformer_rgcn_qor,1,50,kmeans,-1.635227918624878,-0.14130058884620667,1.4939273595809937,0.10999999940395355,0.34994611144065857,0.23994611203670502,0.05000000074505806,-0.0623486302793026,0.11234863102436066,0.05000000074505806,-0.2166956514120102,0.26669564843177795,0.3199999928474426,0.4063803255558014,0.08638033270835876
c8db8810a46a8e19,fdtd-2d-large,fdtd-2d-large,lv2:__PARA__L0-1.__PARA__L1-1.__PARA__L2-1.__PARA__L3-1.__PARA__L4-1.__PARA__L5-16.__PARA__L6-1.__PARA__L7-1.__PIPE__L0-off.__PIPE__L2-off.__PIPE__L3-flatten.__PIPE__L4-off.__TILE__L0-1.__TILE__L2-1.__TILE__L3-1.__TILE__L4-1,target,support,support,finetune_dataset,data_18.pt,5425378.0,sgformer_rgcn_qor,1,50,kmeans,0.44110220670700073,0.9812113046646118,0.5401090979576111,0.5699999928474426,0.2281251847743988,0.3418748080730438,0.3100000023841858,0.16804572939872742,0.14195427298545837,0.49000000953674316,0.38534557819366455,0.10465443134307861,0.41999998688697815,0.3785039484500885,0.04149603843688965
bdbae9041b29082c,fdtd-2d-large,fdtd-2d-large,lv2:__PARA__L0-1.__PARA__L1-1.__PARA__L2-1.__PARA__L3-1.__PARA__L4-1.__PARA__L5-1.__PARA__L6-32.__PARA__L7-1.__PIPE__L0-off.__PIPE__L2-off.__PIPE__L3-off.__PIPE__L4-off.__TILE__L0-1.__TILE__L2-1.__TILE__L3-1.__TILE__L4-1,target,support,support,finetune_dataset,data_15.pt,11098446.0,sgformer_rgcn_qor,1,50,kmeans,-0.0751788392663002,0.9148250818252563,0.9900039434432983,0.05000000074505806,0.25867900252342224,0.20867900550365448,0.019999999552965164,0.15371915698051453,0.13371916115283966,0.029999999329447746,-0.1442316621541977,0.1742316633462906,0.07999999821186066,-0.0019262864952906966,0.08192628622055054
3f5ea7e68e67e5cd,fdtd-2d-large,fdtd-2d-large,lv2:__PARA__L0-1.__PARA__L1-1.__PARA__L2-1.__PARA__L3-1.__PARA__L4-1.__PARA__L5-1.__PARA__L6-1.__PARA__L7-1.__PIPE__L0-off.__PIPE__L2-off.__PIPE__L3-flatten.__PIPE__L4-off.__TILE__L0-1.__TILE__L2-1.__TILE__L3-1.__TILE__L4-1,target,support,support,finetune_dataset,data_5.pt,9604046.0,sgformer_rgcn_qor,1,50,kmeans,0.029142890125513077,0.6522852182388306,0.6231423020362854,0.49000000953674316,0.2404099404811859,0.24959006905555725,0.30000001192092896,0.2735130488872528,0.026486963033676147,0.49000000953674316,0.2705632448196411,0.21943676471710205,0.30000001192092896,0.35072723031044006,0.05072721838951111
3fa8d53f1cfce133,fdtd-2d-large,fdtd-2d-large,lv2:__PARA__L0-1.__PARA__L1-1.__PARA__L2-1.__PARA__L3-1.__PARA__L4-1.__PARA__L5-1.__PARA__L6-1.__PARA__L7-8.__PIPE__L0-off.__PIPE__L2-flatten.__PIPE__L3-flatten.__PIPE__L4-off.__TILE__L0-1.__TILE__L2-1.__TILE__L3-1.__TILE__L4-1,target,support,support,finetune_dataset,data_12.pt,5181446.0,sgformer_rgcn_qor,1,50,kmeans,0.47428667545318604,0.40370234847068787,0.07058432698249817,0.6600000262260437,0.8172088861465454,0.1572088599205017,0.4000000059604645,0.6446669101715088,0.2446669042110443,0.49000000953674316,0.5770817995071411,0.08708178997039795,0.5799999833106995,0.5612517595291138,0.018748223781585693
d947fcdddd5d3105,fdtd-2d-large,fdtd-2d-large,lv2:__PARA__L0-1.__PARA__L1-1.__PARA__L2-1.__PARA__L3-1.__PARA__L4-1.__PARA__L5-1.__PARA__L6-16.__PARA__L7-1.__PIPE__L0-off.__PIPE__L2-off.__PIPE__L3-off.__PIPE__L4-off.__TILE__L0-1.__TILE__L2-1.__TILE__L3-1.__TILE__L4-1,target,support,support,finetune_dataset,data_13.pt,11378546.0,sgformer_rgcn_qor,1,50,kmeans,-0.09315811097621918,0.7923580408096313,0.8855161666870117,0.029999999329447746,0.31750306487083435,0.28750306367874146,0.009999999776482582,0.05796930566430092,0.04796930402517319,0.009999999776482582,-0.26503169536590576,0.2750316858291626,0.14000000059604645,0.09750284254550934,0.04249715805053711
f62329b9b17e53a9,fdtd-2d-large,fdtd-2d-large,lv2:__PARA__L0-1.__PARA__L1-8.__PARA__L2-1.__PARA__L3-1.__PARA__L4-199.__PARA__L5-8.__PARA__L6-1.__PARA__L7-32.__PIPE__L0-off.__PIPE__L2-off.__PIPE__L3-flatten.__PIPE__L4-off.__TILE__L0-1.__TILE__L2-1.__TILE__L3-1.__TILE__L4-1,target,support,support,finetune_dataset,data_75.pt,91028704.0,sgformer_rgcn_qor,1,50,kmeans,-1.5931607484817505,-1.7449582815170288,0.15179753303527832,0.5099999904632568,0.37171420454978943,0.1382857859134674,0.3199999928474426,0.6106269359588623,0.2906269431114197,0.49000000953674316,0.5593644380569458,0.06936442852020264,0.5299999713897705,0.6639276742935181,0.13392770290374756
21ddeacbed4ecd3e,fdtd-2d-large,fdtd-2d-large,lv2:__PARA__L0-1.__PARA__L1-1.__PARA__L2-1.__PARA__L3-1.__PARA__L4-1.__PARA__L5-1.__PARA__L6-1.__PARA__L7-1.__PIPE__L0-off.__PIPE__L2-off.__PIPE__L3-flatten.__PIPE__L4-flatten.__TILE__L0-1.__TILE__L2-1.__TILE__L3-1.__TILE__L4-1,target,support,support,finetune_dataset,data_4.pt,4866146.0,sgformer_rgcn_qor,1,50,kmeans,0.5195742249488831,0.07349833846092224,0.4460758864879608,0.8799999952316284,0.7012268304824829,0.1787731647491455,0.47999998927116394,0.3321664035320282,0.14783358573913574,0.699999988079071,0.9457036256790161,0.24570363759994507,0.4699999988079071,0.6061826944351196,0.13618269562721252
8728243f8d7bee49,fdtd-2d-large,fdtd-2d-large,lv2:__PARA__L0-1.__PARA__L1-1.__PARA__L2-1.__PARA__L3-1.__PARA__L4-1.__PARA__L5-32.__PARA__L6-1.__PARA__L7-1.__PIPE__L0-off.__PIPE__L2-off.__PIPE__L3-flatten.__PIPE__L4-off.__TILE__L0-1.__TILE__L2-1.__TILE__L3-1.__TILE__L4-1,target,support,support,finetune_dataset,data_22.pt,6258746.0,sgformer_rgcn_qor,1,50,kmeans,0.3380272388458252,1.2663484811782837,0.9283212423324585,0.5400000214576721,0.12803897261619568,0.41196104884147644,0.33000001311302185,0.09061023592948914,0.23938977718353271,0.49000000953674316,0.6337853670120239,0.14378535747528076,0.36000001430511475,0.278271347284317,0.08172866702079773
a2c74860cca36a85,fdtd-2d-large,fdtd-2d-large,lv2:__PARA__L0-1.__PARA__L1-32.__PARA__L2-2.__PARA__L3-1.__PARA__L4-1.__PARA__L5-1.__PARA__L6-1.__PARA__L7-4.__PIPE__L0-off.__PIPE__L2-flatten.__PIPE__L3-flatten.__PIPE__L4-off.__TILE__L0-1.__TILE__L2-1.__TILE__L3-1.__TILE__L4-1,target,support,support,finetune_dataset,data_70.pt,4033976.0,sgformer_rgcn_qor,1,50,kmeans,0.6548628211021423,0.8187261819839478,0.16386336088180542,1.0299999713897705,0.7517787218093872,0.2782212495803833,0.9399999976158142,0.57261061668396,0.36738938093185425,0.9800000190734863,0.8749791383743286,0.10502088069915771,0.6899999976158142,0.4478127062320709,0.2421872913837433
0df2afff91484b47,fdtd-2d-large,fdtd-2d-large,lv2:__PARA__L0-1.__PARA__L1-1.__PARA__L2-1.__PARA__L3-1.__PARA__L4-1.__PARA__L5-1.__PARA__L6-1.__PARA__L7-16.__PIPE__L0-off.__PIPE__L2-flatten.__PIPE__L3-flatten.__PIPE__L4-off.__TILE__L0-1.__TILE__L2-1.__TILE__L3-1.__TILE__L4-1,target,support,support,finetune_dataset,data_8.pt,9280846.0,sgformer_rgcn_qor,1,50,kmeans,0.05383588746190071,0.3725515305995941,0.3187156319618225,0.6600000262260437,0.805677056312561,0.14567703008651733,0.4000000059604645,0.6139981746673584,0.21399816870689392,0.49000000953674316,0.6660252809524536,0.17602527141571045,0.5799999833106995,0.6183778047561646,0.03837782144546509
36342450c0a28278,fdtd-2d-large,fdtd-2d-large,lv2:__PARA__L0-1.__PARA__L1-1.__PARA__L2-1.__PARA__L3-1.__PARA__L4-1.__PARA__L5-8.__PARA__L6-1.__PARA__L7-8.__PIPE__L0-off.__PIPE__L2-off.__PIPE__L3-flatten.__PIPE__L4-off.__TILE__L0-1.__TILE__L2-1.__TILE__L3-1.__TILE__L4-1,target,support,support,finetune_dataset,data_31.pt,2654277.0,sgformer_rgcn_qor,1,50,kmeans,0.9568045735359192,0.8217960596084595,0.13500851392745972,0.5600000023841858,0.3057127892971039,0.2542872130870819,0.3100000023841858,0.18150636553764343,0.12849363684654236,0.49000000953674316,0.3418179750442505,0.14818203449249268,0.36000001430511475,0.42338767647743225,0.0633876621723175
10620be89d6dbdf5,fdtd-2d-large,fdtd-2d-large,lv2:__PARA__L0-1.__PARA__L1-1.__PARA__L2-1.__PARA__L3-1.__PARA__L4-1.__PARA__L5-8.__PARA__L6-32.__PARA__L7-1.__PIPE__L0-off.__PIPE__L2-off.__PIPE__L3-off.__PIPE__L4-off.__TILE__L0-1.__TILE__L2-1.__TILE__L3-1.__TILE__L4-1,target,support,support,finetune_dataset,data_32.pt,6879477.0,sgformer_rgcn_qor,1,50,kmeans,0.2698146104812622,1.0609337091445923,0.7911190986633301,0.07000000029802322,0.29005250334739685,0.22005251049995422,0.019999999552965164,0.1188947856426239,0.09889478981494904,0.029999999329447746,-0.10655008256435394,0.13655008375644684,0.14000000059604645,0.00722564896568656,0.13277435302734375
941a2a1cc8b8d547,fdtd-2d-large,fdtd-2d-large,lv2:__PARA__L0-1.__PARA__L1-16.__PARA__L2-1.__PARA__L3-1.__PARA__L4-1.__PARA__L5-8.__PARA__L6-32.__PARA__L7-32.__PIPE__L0-off.__PIPE__L2-off.__PIPE__L3-off.__PIPE__L4-off.__TILE__L0-1.__TILE__L2-1.__TILE__L3-1.__TILE__L4-199,target,support,support,finetune_dataset,data_45.pt,10068645.0,sgformer_rgcn_qor,1,50,kmeans,-0.004934771917760372,1.9972177743911743,2.002152442932129,0.15000000596046448,-0.213740736246109,0.3637407422065735,0.05999999865889549,0.4981038272380829,0.4381038248538971,0.09000000357627869,-0.16514383256435394,0.25514382123947144,0.14000000059604645,0.3923136293888092,0.25231361389160156
8a8b760d8ccd8d93,fdtd-2d-large,fdtd-2d-large,lv2:__PARA__L0-1.__PARA__L1-1.__PARA__L2-1.__PARA__L3-1.__PARA__L4-1.__PARA__L5-1.__PARA__L6-1.__PARA__L7-1.__PIPE__L0-off.__PIPE__L2-off.__PIPE__L3-off.__PIPE__L4-flatten.__TILE__L0-1.__TILE__L2-1.__TILE__L3-1.__TILE__L4-1,target,support,support,finetune_dataset,data_6.pt,9627846.0,sgformer_rgcn_qor,1,50,kmeans,0.027357514947652817,0.05891379714012146,0.03155628219246864,0.8799999952316284,0.8971124887466431,0.01711249351501465,0.4399999976158142,0.011378977447748184,0.4286210238933563,0.699999988079071,0.3593522310256958,0.34064775705337524,0.4699999988079071,0.36317792534828186,0.10682207345962524
218cd76217be5500,fdtd-2d-large,fdtd-2d-large,lv2:__PARA__L0-1.__PARA__L1-1.__PARA__L2-1.__PARA__L3-1.__PARA__L4-1.__PARA__L5-8.__PARA__L6-32.__PARA__L7-2.__PIPE__L0-off.__PIPE__L2-off.__PIPE__L3-off.__PIPE__L4-off.__TILE__L0-1.__TILE__L2-1.__TILE__L3-1.__TILE__L4-1,target,support,support,finetune_dataset,data_34.pt,5722276.0,sgformer_rgcn_qor,1,50,kmeans,0.4026695191860199,1.0675359964370728,0.6648664474487305,0.07000000029802322,0.308140367269516,0.23814037442207336,0.019999999552965164,0.1243569552898407,0.10435695946216583,0.029999999329447746,-0.10317789018154144,0.13317789137363434,0.07999999821186066,0.01729978807270527,0.06270021200180054
dc323f103342f114,fdtd-2d-large,fdtd-2d-large,lv2:__PARA__L0-1.__PARA__L1-1.__PARA__L2-1.__PARA__L3-1.__PARA__L4-1.__PARA__L5-8.__PARA__L6-1.__PARA__L7-2.__PIPE__L0-off.__PIPE__L2-off.__PIPE__L3-flatten.__PIPE__L4-off.__TILE__L0-1.__TILE__L2-1.__TILE__L3-1.__TILE__L4-1,target,support,support,finetune_dataset,data_28.pt,4325877.0,sgformer_rgcn_qor,1,50,kmeans,0.6044677495956421,0.8162351846694946,0.21176743507385254,0.5699999928474426,0.27873286604881287,0.29126712679862976,0.3100000023841858,0.21095868945121765,0.09904131293296814,0.49000000953674316,0.3004361391067505,0.18956387042999268,0.36000001430511475,0.3797213137149811,0.019721299409866333
ff30947700fe15ed,fdtd-2d-large,fdtd-2d-large,lv2:__PARA__L0-1.__PARA__L1-32.__PARA__L2-1.__PARA__L3-1.__PARA__L4-199.__PARA__L5-1.__PARA__L6-1.__PARA__L7-4.__PIPE__L0-off.__PIPE__L2-flatten.__PIPE__L3-flatten.__PIPE__L4-off.__TILE__L0-1.__TILE__L2-1.__TILE__L3-1.__TILE__L4-1,target,support,support,finetune_dataset,data_65.pt,91746688.0,sgformer_rgcn_qor,1,50,kmeans,-1.5988280773162842,-1.4551719427108765,0.14365613460540771,0.6100000143051147,0.36225900053977966,0.24774101376533508,0.38999998569488525,0.6140973567962646,0.2240973711013794,0.49000000953674316,0.8977357149124146,0.4077357053756714,0.8600000143051147,0.4965035021305084,0.3634965121746063
0c8d6a2e9cb99585,fdtd-2d-large,fdtd-2d-large,lv2:__PARA__L0-1.__PARA__L1-16.__PARA__L2-1.__PARA__L3-1.__PARA__L4-1.__PARA__L5-8.__PARA__L6-32.__PARA__L7-1.__PIPE__L0-off.__PIPE__L2-off.__PIPE__L3-off.__PIPE__L4-flatten.__TILE__L0-1.__TILE__L2-1.__TILE__L3-1.__TILE__L4-199,target,support,support,finetune_dataset,data_42.pt,943474.0,sgformer_rgcn_qor,1,50,kmeans,1.7029367685317993,1.8285871744155884,0.12565040588378906,0.9200000166893005,0.34219035506248474,0.5778096914291382,0.4300000071525574,-0.4555518925189972,0.885551929473877,0.699999988079071,0.4137040376663208,0.28629595041275024,0.5799999833106995,0.6219383478164673,0.04193836450576782
224f94460b242ec7,fdtd-2d-large,fdtd-2d-large,lv2:__PARA__L0-1.__PARA__L1-16.__PARA__L2-199.__PARA__L3-1.__PARA__L4-1.__PARA__L5-8.__PARA__L6-32.__PARA__L7-32.__PIPE__L0-off.__PIPE__L2-off.__PIPE__L3-off.__PIPE__L4-off.__TILE__L0-100.__TILE__L2-1.__TILE__L3-1.__TILE__L4-1,target,support,support,finetune_dataset,data_57.pt,12799945.0,sgformer_rgcn_qor,1,50,kmeans,-0.17806880176067352,-0.30584660172462463,0.1277777999639511,0.14000000059604645,0.42367562651634216,0.2836756110191345,0.05999999865889549,-0.4816925823688507,0.5416925549507141,0.09000000357627869,-0.6299818754196167,0.7199819087982178,0.25999999046325684,0.31617751717567444,0.0561775267124176
36990602b2941261,fdtd-2d-large,fdtd-2d-large,lv2:__PARA__L0-1.__PARA__L1-1.__PARA__L2-1.__PARA__L3-1.__PARA__L4-1.__PARA__L5-1.__PARA__L6-1.__PARA__L7-1.__PIPE__L0-off.__PIPE__L2-flatten.__PIPE__L3-off.__PIPE__L4-off.__TILE__L0-1.__TILE__L2-1.__TILE__L3-1.__TILE__L4-1,target,support,support,finetune_dataset,data_3.pt,9607448.0,sgformer_rgcn_qor,1,50,kmeans,0.028887415304780006,0.28445109724998474,0.2555636763572693,0.49000000953674316,0.7925554513931274,0.3025554418563843,0.20999999344348907,0.415293425321579,0.2052934318780899,0.49000000953674316,-0.060068000108003616,0.5500680208206177,0.41999998688697815,0.26086631417274475,0.1591336727142334
