sample_id,kernel,gname,key,dataset_role,split,support_query,cache_split,file_name,actual_perf,model,seed,k,selection,y_true_perf,y_pred_perf,abs_err_perf,y_true_util_LUT,y_pred_util_LUT,abs_err_util_LUT,y_true_util_FF,y_pred_util_FF,abs_err_util_FF,y_true_util_DSP,y_pred_util_DSP,abs_err_util_DSP,y_true_util_BRAM,y_pred_util_BRAM,abs_err_util_BRAM
eed285261932cba5,syr2k,syr2k,lv2:__PARA__L0-1.__PARA__L1-1.__PARA__L2-12.__PARA__L3-80.__PIPE__L0-off.__PIPE__L2-off.__TILE__L0-1.__TILE__L2-1,target,support,support,finetune_dataset,data_937.pt,51501.0,sgformer_rgcn_qor,3,50,kmeans,3.8005919456481934,3.2453055381774902,0.5552864074707031,0.20999999344348907,0.7984604835510254,0.5884605050086975,0.11999999731779099,0.5594607591629028,0.43946075439453125,0.029999999329447746,-0.18729859590530396,0.21729859709739685,0.05999999865889549,-0.0030047856271266937,0.06300478428602219
c64f6f43879e6cb6,syr2k,syr2k,lv2:__PARA__L0-1.__PARA__L1-1.__PARA__L2-1.__PARA__L3-2.__PIPE__L0-off.__PIPE__L2-off.__TILE__L0-1.__TILE__L2-1,target,support,support,finetune_dataset,data_921.pt,341981.0,sgformer_rgcn_qor,3,50,kmeans,2.434969902038574,1.6324567794799805,0.8025131225585938,0.009999999776482582,0.4511299431324005,0.4411299526691437,0.0,0.14047659933567047,0.14047659933567047,0.0,0.4781011939048767,0.4781011939048767,0.029999999329447746,0.9159457683563232,0.8859457969665527
8db3a7561f57850f,syr2k,syr2k,lv2:__PARA__L0-1.__PARA__L1-1.__PARA__L2-1.__PARA__L3-1.__PIPE__L0-off.__PIPE__L2-off.__TILE__L0-1.__TILE__L2-1,target,support,support,finetune_dataset,data_918.pt,533981.0,sgformer_rgcn_qor,3,50,kmeans,2.1135339736938477,1.6048808097839355,0.5086531639099121,0.009999999776482582,0.4505007565021515,0.44050076603889465,0.0,0.14094962179660797,0.14094962179660797,0.0,0.47571128606796265,0.47571128606796265,0.019999999552965164,0.9287762641906738,0.9087762832641602
6533dd41aee879ef,syr2k,syr2k,lv2:__PARA__L0-1.__PARA__L1-2.__PARA__L2-1.__PARA__L3-80.__PIPE__L0-off.__PIPE__L2-off.__TILE__L0-1.__TILE__L2-1,target,support,support,finetune_dataset,data_988.pt,71821.0,sgformer_rgcn_qor,3,50,kmeans,3.5606892108917236,3.187049150466919,0.3736400604248047,0.09000000357627869,0.7964422702789307,0.7064422369003296,0.03999999910593033,0.5231281518936157,0.483128160238266,0.03999999910593033,-0.05194265395402908,0.09194265305995941,0.05000000074505806,-0.011315342038869858,0.06131534278392792
d73266b5cab341fd,syr2k,syr2k,lv2:__PARA__L0-1.__PARA__L1-1.__PARA__L2-2.__PARA__L3-1.__PIPE__L0-off.__PIPE__L2-flatten.__TILE__L0-1.__TILE__L2-4,target,support,support,finetune_dataset,data_940.pt,197467.0,sgformer_rgcn_qor,3,50,kmeans,2.831122398376465,2.332061767578125,0.49906063079833984,0.18000000715255737,0.7135903835296631,0.5335903763771057,0.09000000357627869,0.07603205740451813,0.013967946171760559,0.019999999552965164,0.7298409342765808,0.7098409533500671,0.009999999776482582,1.5820581912994385,1.5720582008361816
c6bb6863b81bcca5,syr2k,syr2k,lv2:__PARA__L0-1.__PARA__L1-1.__PARA__L2-3.__PARA__L3-1.__PIPE__L0-off.__PIPE__L2-flatten.__TILE__L0-1.__TILE__L2-1,target,support,support,finetune_dataset,data_945.pt,58811.0,sgformer_rgcn_qor,3,50,kmeans,3.7048492431640625,2.385979652404785,1.3188695907592773,0.07999999821186066,0.6728787422180176,0.5928787589073181,0.05000000074505806,0.05237354710698128,0.0023735463619232178,0.029999999329447746,0.6702372431755066,0.6402372717857361,0.05000000074505806,1.5914111137390137,1.5414111614227295
0e54b1930d7346eb,syr2k,syr2k,lv2:__PARA__L0-1.__PARA__L1-32.__PARA__L2-1.__PARA__L3-16.__PIPE__L0-off.__PIPE__L2-off.__TILE__L0-1.__TILE__L2-1,target,support,support,finetune_dataset,data_1006.pt,169901.0,sgformer_rgcn_qor,3,50,kmeans,2.9395809173583984,2.2793385982513428,0.6602423191070557,0.03999999910593033,0.5020146369934082,0.46201464533805847,0.019999999552965164,0.42703381180763245,0.4070338010787964,0.05000000074505806,0.26280659437179565,0.2128065973520279,0.07999999821186066,0.8248245716094971,0.7448245882987976
10184b53b46431f3,syr2k,syr2k,lv2:__PARA__L0-1.__PARA__L1-1.__PARA__L2-1.__PARA__L3-1.__PIPE__L0-off.__PIPE__L2-flatten.__TILE__L0-1.__TILE__L2-8,target,support,support,finetune_dataset,data_917.pt,195227.0,sgformer_rgcn_qor,3,50,kmeans,2.8393518924713135,2.2706210613250732,0.5687308311462402,0.1599999964237213,0.7859716415405273,0.6259716749191284,0.09000000357627869,0.10107149183750153,0.01107148826122284,0.019999999552965164,0.8080334067344666,0.7880334258079529,0.009999999776482582,1.57208251953125,1.5620825290679932
c6307a47e48e34a0,syr2k,syr2k,lv2:__PARA__L0-1.__PARA__L1-16.__PARA__L2-1.__PARA__L3-32.__PIPE__L0-off.__PIPE__L2-off.__TILE__L0-1.__TILE__L2-1,target,support,support,finetune_dataset,data_976.pt,1999329.0,sgformer_rgcn_qor,3,50,kmeans,1.1612061262130737,2.307079792022705,1.1458736658096313,0.10000000149011612,0.538888692855835,0.43888869881629944,0.03999999910593033,0.4611441195011139,0.42114412784576416,0.10000000149011612,0.3094732165336609,0.20947322249412537,0.019999999552965164,0.5788664817810059,0.5588665008544922
b8566d786e85b374,syr2k,syr2k,lv2:__PARA__L0-1.__PARA__L1-1.__PARA__L2-1.__PARA__L3-20.__PIPE__L0-off.__PIPE__L2-off.__TILE__L0-1.__TILE__L2-1,target,support,support,finetune_dataset,data_922.pt,169249.0,sgformer_rgcn_qor,3,50,kmeans,2.942354440689087,1.930556297302246,1.0117981433868408,0.07000000029802322,0.40829017758369446,0.33829018473625183,0.029999999329447746,0.27304163575172424,0.24304163455963135,0.07999999821186066,0.4243597388267517,0.34435975551605225,0.019999999552965164,0.7037909030914307,0.683790922164917
9c5fe47a7f3371ca,syr2k,syr2k,lv2:__PARA__L0-1.__PARA__L1-1.__PARA__L2-1.__PARA__L3-1.__PIPE__L0-off.__PIPE__L2-flatten.__TILE__L0-1.__TILE__L2-1,target,support,support,finetune_dataset,data_913.pt,75021.0,sgformer_rgcn_qor,3,50,kmeans,3.529244899749756,2.349341630935669,1.179903268814087,0.09000000357627869,0.6464118957519531,0.556411862373352,0.03999999910593033,0.05925669148564339,0.01925669237971306,0.03999999910593033,0.6202954649925232,0.5802954435348511,0.05000000074505806,1.6004533767700195,1.5504534244537354
415d047616978069,syr2k,syr2k,lv2:__PARA__L0-1.__PARA__L1-2.__PARA__L2-10.__PARA__L3-1.__PIPE__L0-off.__PIPE__L2-flatten.__TILE__L0-1.__TILE__L2-1,target,support,support,finetune_dataset,data_989.pt,50701.0,sgformer_rgcn_qor,3,50,kmeans,3.811885118484497,2.500798463821411,1.311086654663086,0.18000000715255737,0.788193941116333,0.6081939339637756,0.10999999940395355,0.06685103476047516,0.043148964643478394,0.029999999329447746,0.788491427898407,0.7584914565086365,0.05000000074505806,1.5586738586425781,1.508673906326294
d91bf35255f0a557,syr2k,syr2k,lv2:__PARA__L0-1.__PARA__L1-8.__PARA__L2-4.__PARA__L3-80.__PIPE__L0-off.__PIPE__L2-off.__TILE__L0-1.__TILE__L2-1,target,support,support,finetune_dataset,data_1029.pt,46061.0,sgformer_rgcn_qor,3,50,kmeans,3.8811192512512207,3.223698139190674,0.6574211120605469,0.10000000149011612,0.7675914764404297,0.6675914525985718,0.05999999865889549,0.5577987432479858,0.49779874086380005,0.029999999329447746,-0.040729351341724396,0.07072935253381729,0.05000000074505806,-0.00098394975066185,0.05098395049571991
bae8fa957b07dc0f,syr2k,syr2k,lv2:__PARA__L0-1.__PARA__L1-1.__PARA__L2-10.__PARA__L3-1.__PIPE__L0-off.__PIPE__L2-flatten.__TILE__L0-1.__TILE__L2-2,target,support,support,finetune_dataset,data_930.pt,123349.0,sgformer_rgcn_qor,3,50,kmeans,3.1705551147460938,2.4666943550109863,0.7038607597351074,0.18000000715255737,0.788189172744751,0.6081891655921936,0.10999999940395355,0.09151233732700348,0.018487662076950073,0.019999999552965164,0.8053297400474548,0.7853297591209412,0.009999999776482582,1.5443239212036133,1.5343239307403564
7547cdfc13259299,syr2k,syr2k,lv2:__PARA__L0-1.__PARA__L1-2.__PARA__L2-1.__PARA__L3-32.__PIPE__L0-off.__PIPE__L2-off.__TILE__L0-1.__TILE__L2-1,target,support,support,finetune_dataset,data_986.pt,2002129.0,sgformer_rgcn_qor,3,50,kmeans,1.1601965427398682,2.166750192642212,1.0065536499023438,0.10000000149011612,0.4647062122821808,0.36470621824264526,0.03999999910593033,0.3636726438999176,0.32367265224456787,0.10000000149011612,0.35718172788619995,0.25718173384666443,0.019999999552965164,0.5829079151153564,0.5629079341888428
c3b93c17507b24a8,syr2k,syr2k,lv2:__PARA__L0-1.__PARA__L1-4.__PARA__L2-1.__PARA__L3-16.__PIPE__L0-off.__PIPE__L2-off.__TILE__L0-1.__TILE__L2-1,target,support,support,finetune_dataset,data_1007.pt,169181.0,sgformer_rgcn_qor,3,50,kmeans,2.9426443576812744,1.887413501739502,1.0552308559417725,0.03999999910593033,0.40801337361335754,0.3680133819580078,0.009999999776482582,0.2601677477359772,0.25016775727272034,0.05000000074505806,0.4571508765220642,0.40715086460113525,0.07999999821186066,0.7309248447418213,0.6509248614311218
967811736021b32d,syr2k,syr2k,lv2:__PARA__L0-1.__PARA__L1-1.__PARA__L2-10.__PARA__L3-80.__PIPE__L0-off.__PIPE__L2-off.__TILE__L0-1.__TILE__L2-1,target,support,support,finetune_dataset,data_933.pt,53901.0,sgformer_rgcn_qor,3,50,kmeans,3.7677361965179443,3.2303576469421387,0.5373785495758057,0.18000000715255737,0.7926974296569824,0.612697422504425,0.10999999940395355,0.5455015897750854,0.4355015754699707,0.029999999329447746,-0.16222935914993286,0.19222936034202576,0.05000000074505806,-0.013681169599294662,0.06368117034435272
504cc116f687b53b,syr2k,syr2k,lv2:__PARA__L0-1.__PARA__L1-1.__PARA__L2-2.__PARA__L3-1.__PIPE__L0-off.__PIPE__L2-flatten.__TILE__L0-1.__TILE__L2-8,target,support,support,finetune_dataset,data_941.pt,136347.0,sgformer_rgcn_qor,3,50,kmeans,3.0982866287231445,2.2847938537597656,0.8134927749633789,0.18000000715255737,0.7964766025543213,0.6164765954017639,0.09000000357627869,0.10761488974094391,0.017614886164665222,0.019999999552965164,0.8304409384727478,0.8104409575462341,0.009999999776482582,1.5751426219940186,1.5651426315307617
7f598e1a5b204938,syr2k,syr2k,lv2:__PARA__L0-1.__PARA__L1-1.__PARA__L2-1.__PARA__L3-8.__PIPE__L0-off.__PIPE__L2-off.__TILE__L0-1.__TILE__L2-1,target,support,support,finetune_dataset,data_926.pt,197981.0,sgformer_rgcn_qor,3,50,kmeans,2.829246997833252,1.738638162612915,1.090608835220337,0.019999999552965164,0.43100908398628235,0.4110090732574463,0.009999999776482582,0.1836174875497818,0.17361748218536377,0.019999999552965164,0.4674004912376404,0.4474004805088043,0.05000000074505806,0.8157052993774414,0.7657052874565125
5be48de24ad76cd8,syr2k,syr2k,lv2:__PARA__L0-1.__PARA__L1-8.__PARA__L2-1.__PARA__L3-80.__PIPE__L0-off.__PIPE__L2-NA.__TILE__L0-1.__TILE__L2-1,target,support,support,finetune_dataset,data_1022.pt,69501.0,sgformer_rgcn_qor,3,50,kmeans,3.5843753814697266,3.3573391437530518,0.2270362377166748,0.10000000149011612,0.960134744644165,0.8601347208023071,0.03999999910593033,0.36289873719215393,0.3228987455368042,0.03999999910593033,0.3690153956413269,0.3290154039859772,0.05000000074505806,0.6797304153442383,0.6297304034233093
ac15cc16356e3d5e,syr2k,syr2k,lv2:__PARA__L0-1.__PARA__L1-1.__PARA__L2-8.__PARA__L3-1.__PIPE__L0-off.__PIPE__L2-flatten.__TILE__L0-1.__TILE__L2-2,target,support,support,finetune_dataset,data_970.pt,137547.0,sgformer_rgcn_qor,3,50,kmeans,3.091965675354004,2.4415268898010254,0.6504387855529785,0.23000000417232513,0.765139102935791,0.5351390838623047,0.14000000059604645,0.07995666563510895,0.0600433349609375,0.019999999552965164,0.7746874690055847,0.754687488079071,0.009999999776482582,1.553114652633667,1.5431146621704102
7424659393922e35,syr2k,syr2k,lv2:__PARA__L0-1.__PARA__L1-1.__PARA__L2-5.__PARA__L3-80.__PIPE__L0-off.__PIPE__L2-NA.__TILE__L0-1.__TILE__L2-1,target,support,support,finetune_dataset,data_961.pt,58807.0,sgformer_rgcn_qor,3,50,kmeans,3.7048981189727783,3.29050612449646,0.41439199447631836,0.10999999940395355,0.9460701942443848,0.83607017993927,0.07000000029802322,0.36153486371040344,0.2915348708629608,0.029999999329447746,0.27475446462631226,0.24475446343421936,0.05999999865889549,0.650864839553833,0.5908648371696472
f7a56b547326dc31,syr2k,syr2k,lv2:__PARA__L0-1.__PARA__L1-1.__PARA__L2-1.__PARA__L3-80.__PIPE__L0-off.__PIPE__L2-NA.__TILE__L0-1.__TILE__L2-1,target,support,support,finetune_dataset,data_927.pt,75021.0,sgformer_rgcn_qor,3,50,kmeans,3.529244899749756,3.2885403633117676,0.24070453643798828,0.09000000357627869,0.9668004512786865,0.8768004179000854,0.03999999910593033,0.36785832047462463,0.3278583288192749,0.03999999910593033,0.26899832487106323,0.2289983332157135,0.05000000074505806,0.6601505279541016,0.6101505160331726
5cf7d8cc09de0429,syr2k,syr2k,lv2:__PARA__L0-1.__PARA__L1-4.__PARA__L2-1.__PARA__L3-80.__PIPE__L0-off.__PIPE__L2-NA.__TILE__L0-1.__TILE__L2-1,target,support,support,finetune_dataset,data_1009.pt,70221.0,sgformer_rgcn_qor,3,50,kmeans,3.5769407749176025,3.3124775886535645,0.2644631862640381,0.10000000149011612,0.965595006942749,0.8655949831008911,0.03999999910593033,0.3522616922855377,0.312261700630188,0.03999999910593033,0.32431668043136597,0.28431668877601624,0.05000000074505806,0.6712174415588379,0.6212174296379089
8f674109f29f697d,syr2k,syr2k,lv2:__PARA__L0-1.__PARA__L1-2.__PARA__L2-2.__PARA__L3-1.__PIPE__L0-off.__PIPE__L2-flatten.__TILE__L0-1.__TILE__L2-1,target,support,support,finetune_dataset,data_990.pt,50783.0,sgformer_rgcn_qor,3,50,kmeans,3.8107192516326904,2.382711410522461,1.4280078411102295,0.10999999940395355,0.6753520965576172,0.5653520822525024,0.05000000074505806,0.04970206692814827,0.00029793381690979004,0.029999999329447746,0.6567007899284363,0.6267008185386658,0.05000000074505806,1.613588809967041,1.5635888576507568
cd513ad6e06bbf90,syr2k,syr2k,lv2:__PARA__L0-1.__PARA__L1-1.__PARA__L2-1.__PARA__L3-4.__PIPE__L0-off.__PIPE__L2-off.__TILE__L0-1.__TILE__L2-1,target,support,support,finetune_dataset,data_924.pt,245981.0,sgformer_rgcn_qor,3,50,kmeans,2.672654628753662,1.6758220195770264,0.9968326091766357,0.009999999776482582,0.4478359520435333,0.4378359615802765,0.0,0.14450468122959137,0.14450468122959137,0.009999999776482582,0.4748954176902771,0.46489542722702026,0.029999999329447746,0.8797199726104736,0.8497200012207031
43cce9689f44f3f0,syr2k,syr2k,lv2:__PARA__L0-1.__PARA__L1-1.__PARA__L2-8.__PARA__L3-1.__PIPE__L0-off.__PIPE__L2-flatten.__TILE__L0-1.__TILE__L2-1,target,support,support,finetune_dataset,data_969.pt,57779.0,sgformer_rgcn_qor,3,50,kmeans,3.7176194190979004,2.4609293937683105,1.2566900253295898,0.2199999988079071,0.7433722019195557,0.5233721733093262,0.11999999731779099,0.06348361074924469,0.056516386568546295,0.029999999329447746,0.7482540011405945,0.718254029750824,0.05000000074505806,1.550048589706421,1.5000486373901367
bf6fe22800bedaed,syr2k,syr2k,lv2:__PARA__L0-1.__PARA__L1-1.__PARA__L2-10.__PARA__L3-1.__PIPE__L0-off.__PIPE__L2-flatten.__TILE__L0-1.__TILE__L2-4,target,support,support,finetune_dataset,data_931.pt,111517.0,sgformer_rgcn_qor,3,50,kmeans,3.2432963848114014,2.428762435913086,0.8145339488983154,0.23999999463558197,0.8220088481903076,0.5820088386535645,0.14000000059604645,0.11949433386325836,0.020505666732788086,0.019999999552965164,0.8534590601921082,0.8334590792655945,0.009999999776482582,1.549044132232666,1.5390441417694092
76568d6ea0ffdca1,syr2k,syr2k,lv2:__PARA__L0-1.__PARA__L1-4.__PARA__L2-2.__PARA__L3-80.__PIPE__L0-off.__PIPE__L2-NA.__TILE__L0-1.__TILE__L2-1,target,support,support,finetune_dataset,data_1011.pt,49183.0,sgformer_rgcn_qor,3,50,kmeans,3.8338122367858887,3.314653158187866,0.5191590785980225,0.10999999940395355,0.9614517688751221,0.8514517545700073,0.05000000074505806,0.3531700670719147,0.3031700551509857,0.029999999329447746,0.3263670802116394,0.2963670790195465,0.05000000074505806,0.666449785232544,0.616449773311615
e091829cd7eccb45,syr2k,syr2k,lv2:__PARA__L0-1.__PARA__L1-4.__PARA__L2-3.__PARA__L3-80.__PIPE__L0-off.__PIPE__L2-off.__TILE__L0-1.__TILE__L2-1,target,support,support,finetune_dataset,data_1014.pt,54011.0,sgformer_rgcn_qor,3,50,kmeans,3.766265630722046,3.203448534011841,0.5628170967102051,0.07999999821186066,0.7837164402008057,0.7037164568901062,0.05000000074505806,0.5260113477706909,0.47601133584976196,0.029999999329447746,-0.04549533873796463,0.07549533993005753,0.05000000074505806,-0.008749004453420639,0.0587490051984787
d852e2c5f079503a,syr2k,syr2k,lv2:__PARA__L0-1.__PARA__L1-1.__PARA__L2-5.__PARA__L3-1.__PIPE__L0-off.__PIPE__L2-flatten.__TILE__L0-1.__TILE__L2-4,target,support,support,finetune_dataset,data_959.pt,127693.0,sgformer_rgcn_qor,3,50,kmeans,3.1455883979797363,2.378528594970703,0.7670598030090332,0.10999999940395355,0.7639546394348145,0.6539546251296997,0.07000000029802322,0.09138096868991852,0.021380968391895294,0.019999999552965164,0.7785698771476746,0.7585698962211609,0.029999999329447746,1.5746991634368896,1.5446991920471191
9aa40f9b87b12852,syr2k,syr2k,lv2:__PARA__L0-1.__PARA__L1-4.__PARA__L2-4.__PARA__L3-80.__PIPE__L0-off.__PIPE__L2-NA.__TILE__L0-1.__TILE__L2-1,target,support,support,finetune_dataset,data_1015.pt,46781.0,sgformer_rgcn_qor,3,50,kmeans,3.8699307441711426,3.3196821212768555,0.5502486228942871,0.09000000357627869,0.9499306678771973,0.8599306344985962,0.05000000074505806,0.3489711582660675,0.29897114634513855,0.029999999329447746,0.3273398280143738,0.2973398268222809,0.05000000074505806,0.6640007495880127,0.6140007376670837
5ae5480f40dee700,syr2k,syr2k,lv2:__PARA__L0-1.__PARA__L1-1.__PARA__L2-20.__PARA__L3-1.__PIPE__L0-off.__PIPE__L2-flatten.__TILE__L0-1.__TILE__L2-2,target,support,support,finetune_dataset,data_944.pt,106747.0,sgformer_rgcn_qor,3,50,kmeans,3.2748303413391113,2.5831003189086914,0.6917300224304199,0.3199999928474426,0.8914945125579834,0.5714945197105408,0.5099999904632568,0.12112535536289215,0.3888746500015259,0.03999999910593033,0.8427383303642273,0.8027383089065552,0.029999999329447746,1.5433180332183838,1.5133180618286133
fe97f1c7f7557306,syr2k,syr2k,lv2:__PARA__L0-1.__PARA__L1-1.__PARA__L2-1.__PARA__L3-1.__PIPE__L0-off.__PIPE__L2-flatten.__TILE__L0-1.__TILE__L2-4,target,support,support,finetune_dataset,data_915.pt,296869.0,sgformer_rgcn_qor,3,50,kmeans,2.537014961242676,2.31583833694458,0.2211766242980957,0.09000000357627869,0.6980233192443848,0.6080232858657837,0.05999999865889549,0.07323755323886871,0.01323755457997322,0.019999999552965164,0.7065598368644714,0.6865598559379578,0.009999999776482582,1.5835316181182861,1.5735316276550293
eba61534fab39817,syr2k,syr2k,lv2:__PARA__L0-1.__PARA__L1-1.__PARA__L2-2.__PARA__L3-1.__PIPE__L0-off.__PIPE__L2-flatten.__TILE__L0-1.__TILE__L2-1,target,support,support,finetune_dataset,data_938.pt,53983.0,sgformer_rgcn_qor,3,50,kmeans,3.766639471054077,2.367694854736328,1.398944616317749,0.10999999940395355,0.6583256721496582,0.5483256578445435,0.05000000074505806,0.05642523244023323,0.006425231695175171,0.029999999329447746,0.6464082598686218,0.6164082884788513,0.05000000074505806,1.5974605083465576,1.5474605560302734
006edf919afcac3e,syr2k,syr2k,lv2:__PARA__L0-1.__PARA__L1-1.__PARA__L2-8.__PARA__L3-1.__PIPE__L0-off.__PIPE__L2-flatten.__TILE__L0-1.__TILE__L2-4,target,support,support,finetune_dataset,data_971.pt,106027.0,sgformer_rgcn_qor,3,50,kmeans,3.279712200164795,2.412226915359497,0.8674852848052979,0.23000000417232513,0.8029310703277588,0.5729310512542725,0.14000000059604645,0.11007155478000641,0.02992844581604004,0.019999999552965164,0.8272091746330261,0.8072091937065125,0.009999999776482582,1.5629551410675049,1.552955150604248
c9c69a637b68506d,syr2k,syr2k,lv2:__PARA__L0-1.__PARA__L1-2.__PARA__L2-1.__PARA__L3-1.__PIPE__L0-off.__PIPE__L2-flatten.__TILE__L0-1.__TILE__L2-1,target,support,support,finetune_dataset,data_983.pt,71821.0,sgformer_rgcn_qor,3,50,kmeans,3.5606892108917236,2.364386558532715,1.1963026523590088,0.09000000357627869,0.6634542942047119,0.5734542608261108,0.03999999910593033,0.05252398923039436,0.012523990124464035,0.03999999910593033,0.630586564540863,0.5905865430831909,0.05000000074505806,1.6165714263916016,1.5665714740753174
8d6e4878c2992e15,syr2k,syr2k,lv2:__PARA__L0-1.__PARA__L1-16.__PARA__L2-1.__PARA__L3-16.__PIPE__L0-off.__PIPE__L2-off.__TILE__L0-1.__TILE__L2-1,target,support,support,finetune_dataset,data_974.pt,167981.0,sgformer_rgcn_qor,3,50,kmeans,2.9477791786193848,2.0073468685150146,0.9404323101043701,0.03999999910593033,0.4817047417163849,0.44170475006103516,0.019999999552965164,0.3678494989871979,0.3478494882583618,0.05000000074505806,0.41591256856918335,0.3659125566482544,0.07999999821186066,0.7382106781005859,0.6582106947898865
b23d5c1afc604565,syr2k,syr2k,lv2:__PARA__L0-1.__PARA__L1-1.__PARA__L2-6.__PARA__L3-1.__PIPE__L0-off.__PIPE__L2-flatten.__TILE__L0-1.__TILE__L2-2,target,support,support,finetune_dataset,data_964.pt,153269.0,sgformer_rgcn_qor,3,50,kmeans,3.013895034790039,2.4130008220672607,0.6008942127227783,0.11999999731779099,0.7381694316864014,0.6181694269180298,0.07999999821186066,0.07040204107761383,0.009597957134246826,0.019999999552965164,0.746318519115448,0.7263185381889343,0.019999999552965164,1.5686211585998535,1.5486211776733398
c8aa534be3cfcbcb,syr2k,syr2k,lv2:__PARA__L0-1.__PARA__L1-8.__PARA__L2-6.__PARA__L3-80.__PIPE__L0-off.__PIPE__L2-off.__TILE__L0-1.__TILE__L2-1,target,support,support,finetune_dataset,data_1033.pt,48381.0,sgformer_rgcn_qor,3,50,kmeans,3.8456718921661377,3.236146926879883,0.6095249652862549,0.12999999523162842,0.764310359954834,0.6343103647232056,0.07000000029802322,0.56612229347229,0.4961223006248474,0.029999999329447746,-0.0670517161488533,0.0970517173409462,0.05000000074505806,0.0036506690084934235,0.046349331736564636
8983256af8020ec5,syr2k,syr2k,lv2:__PARA__L0-1.__PARA__L1-2.__PARA__L2-1.__PARA__L3-16.__PIPE__L0-off.__PIPE__L2-off.__TILE__L0-1.__TILE__L2-1,target,support,support,finetune_dataset,data_984.pt,170781.0,sgformer_rgcn_qor,3,50,kmeans,2.935854434967041,1.8671104907989502,1.0687439441680908,0.03999999910593033,0.4026511013507843,0.36265110969543457,0.009999999776482582,0.24201048910617828,0.23201048374176025,0.05000000074505806,0.4534229636192322,0.4034229516983032,0.07999999821186066,0.7416961193084717,0.6616961359977722
bf91275b7e47bb6e,syr2k,syr2k,lv2:__PARA__L0-1.__PARA__L1-2.__PARA__L2-5.__PARA__L3-1.__PIPE__L0-off.__PIPE__L2-flatten.__TILE__L0-1.__TILE__L2-1,target,support,support,finetune_dataset,data_999.pt,55607.0,sgformer_rgcn_qor,3,50,kmeans,3.7452588081359863,2.4287171363830566,1.3165416717529297,0.10999999940395355,0.723027229309082,0.6130272150039673,0.07000000029802322,0.04460896924138069,0.025391031056642532,0.029999999329447746,0.7192143797874451,0.6892144083976746,0.05999999865889549,1.5929896831512451,1.532989740371704
de480fa449fa3d49,syr2k,syr2k,lv2:__PARA__L0-1.__PARA__L1-2.__PARA__L2-8.__PARA__L3-1.__PIPE__L0-off.__PIPE__L2-flatten.__TILE__L0-1.__TILE__L2-1,target,support,support,finetune_dataset,data_1005.pt,54579.0,sgformer_rgcn_qor,3,50,kmeans,3.7587192058563232,2.474886178970337,1.2838330268859863,0.2199999988079071,0.7643032073974609,0.5443031787872314,0.11999999731779099,0.05669321492314339,0.0633067786693573,0.029999999329447746,0.758499801158905,0.7284998297691345,0.05000000074505806,1.5660464763641357,1.5160465240478516
073eeee3fe8f808e,syr2k,syr2k,lv2:__PARA__L0-1.__PARA__L1-1.__PARA__L2-6.__PARA__L3-1.__PIPE__L0-off.__PIPE__L2-flatten.__TILE__L0-1.__TILE__L2-8,target,support,support,finetune_dataset,data_966.pt,111757.0,sgformer_rgcn_qor,3,50,kmeans,3.2417454719543457,2.339369297027588,0.9023761749267578,0.18000000715255737,0.835961103439331,0.6559610962867737,0.10999999940395355,0.119545117020607,0.009545117616653442,0.019999999552965164,0.8915941119194031,0.8715941309928894,0.019999999552965164,1.5786683559417725,1.5586683750152588
1d962536b4a8fa69,syr2k,syr2k,lv2:__PARA__L0-1.__PARA__L1-1.__PARA__L2-5.__PARA__L3-1.__PIPE__L0-off.__PIPE__L2-flatten.__TILE__L0-1.__TILE__L2-1,target,support,support,finetune_dataset,data_957.pt,58807.0,sgformer_rgcn_qor,3,50,kmeans,3.7048981189727783,2.413745164871216,1.2911529541015625,0.10999999940395355,0.7020740509033203,0.5920740365982056,0.07000000029802322,0.0513850636780262,0.018614936619997025,0.029999999329447746,0.7089659571647644,0.6789659857749939,0.05999999865889549,1.5769503116607666,1.5169503688812256
a3af9f64623a88cb,syr2k,syr2k,lv2:__PARA__L0-1.__PARA__L1-1.__PARA__L2-1.__PARA__L3-1.__PIPE__L0-off.__PIPE__L2-flatten.__TILE__L0-1.__TILE__L2-2,target,support,support,finetune_dataset,data_914.pt,524871.0,sgformer_rgcn_qor,3,50,kmeans,2.1259467601776123,2.341475486755371,0.2155287265777588,0.10999999940395355,0.6607658863067627,0.550765872001648,0.05999999865889549,0.06551755964756012,0.005517560988664627,0.019999999552965164,0.6465913653373718,0.6265913844108582,0.009999999776482582,1.595388412475586,1.585388422012329
9a611dbfee90fabc,syr2k,syr2k,lv2:__PARA__L0-1.__PARA__L1-1.__PARA__L2-4.__PARA__L3-1.__PIPE__L0-off.__PIPE__L2-flatten.__TILE__L0-1.__TILE__L2-8,target,support,support,finetune_dataset,data_954.pt,105707.0,sgformer_rgcn_qor,3,50,kmeans,3.2818925380706787,2.312500238418579,0.9693922996520996,0.17000000178813934,0.8147120475769043,0.6447120308876038,0.10000000149011612,0.11749233305454254,0.017492331564426422,0.019999999552965164,0.8679859042167664,0.8479859232902527,0.009999999776482582,1.5783171653747559,1.568317174911499
26e4e575e0a5581e,syr2k,syr2k,lv2:__PARA__L0-1.__PARA__L1-1.__PARA__L2-6.__PARA__L3-1.__PIPE__L0-off.__PIPE__L2-flatten.__TILE__L0-1.__TILE__L2-1,target,support,support,finetune_dataset,data_963.pt,53901.0,sgformer_rgcn_qor,3,50,kmeans,3.7677361965179443,2.4268200397491455,1.3409161567687988,0.11999999731779099,0.7174208164215088,0.5974208116531372,0.07000000029802322,0.05416573956608772,0.0158342607319355,0.029999999329447746,0.7231659293174744,0.6931659579277039,0.05000000074505806,1.5670223236083984,1.5170223712921143
6b31bb7a69b02d12,syr2k,syr2k,lv2:__PARA__L0-1.__PARA__L1-1.__PARA__L2-1.__PARA__L3-1.__PIPE__L0-off.__PIPE__L2-flatten.__TILE__L0-1.__TILE__L2-60,target,support,support,finetune_dataset,data_916.pt,75021.0,sgformer_rgcn_qor,3,50,kmeans,3.529244899749756,2.3381149768829346,1.1911299228668213,0.09000000357627869,0.8961799144744873,0.8061798810958862,0.03999999910593033,0.14072073996067047,0.10072074085474014,0.03999999910593033,1.0398141145706177,0.9998140931129456,0.05000000074505806,1.1793932914733887,1.1293933391571045
b387369a0d58d4d0,syr2k,syr2k,lv2:__PARA__L0-1.__PARA__L1-1.__PARA__L2-3.__PARA__L3-1.__PIPE__L0-off.__PIPE__L2-flatten.__TILE__L0-1.__TILE__L2-4,target,support,support,finetune_dataset,data_947.pt,157295.0,sgformer_rgcn_qor,3,50,kmeans,2.9951915740966797,2.3462281227111816,0.648963451385498,0.07999999821186066,0.7299737930297852,0.6499738097190857,0.05000000074505806,0.07824768126010895,0.028247680515050888,0.019999999552965164,0.7499751448631287,0.729975163936615,0.019999999552965164,1.5767161846160889,1.5567162036895752
9d9b7c90d1bd716b,gemm-p,gemm-p,lv2:__PARA__L0-12.__PARA__L1-32.__PARA__L2-10.__PARA__L3-1.__PIPE__L0-NA.__PIPE__L2-flatten.__TILE__L0-1.__TILE__L2-8,target,support,support,finetune_dataset,data_342.pt,11486.0,sgformer_rgcn_qor,3,50,kmeans,4.882954120635986,3.4061408042907715,1.4768133163452148,0.23000000417232513,0.5858163833618164,0.3558163642883301,0.1599999964237213,-0.2733052670955658,0.4333052635192871,0.2199999988079071,1.1936289072036743,0.9736288785934448,0.009999999776482582,0.8066713809967041,0.7966713905334473
52cc73074533db20,gemm-p,gemm-p,lv2:__PARA__L0-1.__PARA__L1-1.__PARA__L2-1.__PARA__L3-14.__PIPE__L0-off.__PIPE__L2-off.__TILE__L0-1.__TILE__L2-4,target,support,support,finetune_dataset,data_85.pt,417715.0,sgformer_rgcn_qor,3,50,kmeans,2.2906687259674072,2.1183407306671143,0.17232799530029297,0.009999999776482582,0.4131317436695099,0.40313175320625305,0.0,-0.619695782661438,0.619695782661438,0.0,0.05836527794599533,0.05836527794599533,0.019999999552965164,0.09925150871276855,0.07925151288509369
959efd0cce53df30,gemm-p,gemm-p,lv2:__PARA__L0-30.__PARA__L1-32.__PARA__L2-16.__PARA__L3-1.__PIPE__L0-off.__PIPE__L2-flatten.__TILE__L0-1.__TILE__L2-1,target,support,support,finetune_dataset,data_397.pt,14419.0,sgformer_rgcn_qor,3,50,kmeans,4.718906402587891,3.2149925231933594,1.5039138793945312,0.3499999940395355,0.5564372539520264,0.20643725991249084,0.23999999463558197,-0.1790742725133896,0.41907426714897156,0.36000001430511475,1.2082597017288208,0.848259687423706,0.009999999776482582,1.5903146266937256,1.5803146362304688
f61c333ba135e89b,gemm-p,gemm-p,lv2:__PARA__L0-1.__PARA__L1-1.__PARA__L2-20.__PARA__L3-7.__PIPE__L0-off.__PIPE__L2-NA.__TILE__L0-1.__TILE__L2-1,target,support,support,finetune_dataset,data_168.pt,30183.0,sgformer_rgcn_qor,3,50,kmeans,4.186024188995361,2.464632511138916,1.7213916778564453,0.25,0.6045119762420654,0.35451197624206543,0.11999999731779099,-0.6345648765563965,0.7545648813247681,0.25,0.4410955309867859,0.1910955309867859,0.019999999552965164,0.6997227668762207,0.679722785949707
66b001d5a20855dc,gemm-p,gemm-p,lv2:__PARA__L0-1.__PARA__L1-1.__PARA__L2-5.__PARA__L3-70.__PIPE__L0-off.__PIPE__L2-off.__TILE__L0-1.__TILE__L2-1,target,support,support,finetune_dataset,data_212.pt,19109.0,sgformer_rgcn_qor,3,50,kmeans,4.515766143798828,2.8376474380493164,1.6781187057495117,0.10000000149011612,0.33977773785591125,0.23977774381637573,0.07000000029802322,-0.23144303262233734,0.30144304037094116,0.10999999940395355,-0.20116811990737915,0.3111681342124939,0.009999999776482582,-0.20719170570373535,0.21719171106815338
872b368f13acc874,gemm-p,gemm-p,lv2:__PARA__L0-1.__PARA__L1-1.__PARA__L2-2.__PARA__L3-2.__PIPE__L0-off.__PIPE__L2-off.__TILE__L0-1.__TILE__L2-2,target,support,support,finetune_dataset,data_144.pt,2110866.0,sgformer_rgcn_qor,3,50,kmeans,1.1220465898513794,2.0106658935546875,0.8886193037033081,0.0,0.4521789848804474,0.4521789848804474,0.0,-0.7589956521987915,0.7589956521987915,0.0,0.10723655670881271,0.10723655670881271,0.009999999776482582,0.2369093894958496,0.22690938413143158
dbd0e21f76a2b7bd,gemm-p,gemm-p,lv2:__PARA__L0-1.__PARA__L1-1.__PARA__L2-1.__PARA__L3-5.__PIPE__L0-off.__PIPE__L2-off.__TILE__L0-1.__TILE__L2-1,target,support,support,finetune_dataset,data_92.pt,195248.0,sgformer_rgcn_qor,3,50,kmeans,2.8392741680145264,2.011556625366211,0.8277175426483154,0.019999999552965164,0.4423101246356964,0.42231011390686035,0.009999999776482582,-0.7361520528793335,0.7461520433425903,0.009999999776482582,0.05502765625715256,0.045027658343315125,0.019999999552965164,0.1975245475769043,0.17752455174922943
a50488c2aafe6541,gemm-p,gemm-p,lv2:__PARA__L0-20.__PARA__L1-32.__PARA__L2-1.__PARA__L3-1.__PIPE__L0-off.__PIPE__L2-flatten.__TILE__L0-1.__TILE__L2-80,target,support,support,finetune_dataset,data_373.pt,47106.0,sgformer_rgcn_qor,3,50,kmeans,3.8649368286132812,2.7010109424591064,1.1639258861541748,0.05999999865889549,0.1945834457874298,0.13458344340324402,0.019999999552965164,0.19618667662143707,0.1761866807937622,0.03999999910593033,1.4701482057571411,1.4301482439041138,0.05000000074505806,1.4478492736816406,1.3978493213653564
4730d0e52ba378ec,gemm-p,gemm-p,lv2:__PARA__L0-1.__PARA__L1-1.__PARA__L2-10.__PARA__L3-1.__PIPE__L0-off.__PIPE__L2-flatten.__TILE__L0-1.__TILE__L2-8,target,support,support,finetune_dataset,data_102.pt,14947.0,sgformer_rgcn_qor,3,50,kmeans,4.69296407699585,2.7479629516601562,1.9450011253356934,0.20999999344348907,0.7787320613861084,0.5687320828437805,0.15000000596046448,-0.6700085401535034,0.8200085163116455,0.2199999988079071,1.1251198053359985,0.905119776725769,0.009999999776482582,0.7978956699371338,0.787895679473877
6974af566d331d1d,gemm-p,gemm-p,lv2:__PARA__L0-1.__PARA__L1-1.__PARA__L2-16.__PARA__L3-10.__PIPE__L0-off.__PIPE__L2-off.__TILE__L0-1.__TILE__L2-1,target,support,support,finetune_dataset,data_122.pt,12850.0,sgformer_rgcn_qor,3,50,kmeans,4.802008152008057,2.1735024452209473,2.6285057067871094,0.17000000178813934,0.4214964210987091,0.25149643421173096,0.10999999940395355,-0.6640818119049072,0.774081826210022,0.27000001072883606,-0.057670898735523224,0.3276709020137787,0.009999999776482582,0.050101522356271744,0.04010152071714401
d3c00616b2de9217,gemm-p,gemm-p,lv2:__PARA__L0-1.__PARA__L1-2.__PARA__L2-1.__PARA__L3-1.__PIPE__L0-off.__PIPE__L2-flatten.__TILE__L0-1.__TILE__L2-80,target,support,support,finetune_dataset,data_241.pt,33247.0,sgformer_rgcn_qor,3,50,kmeans,4.1162800788879395,2.708977222442627,1.4073028564453125,0.029999999329447746,0.6431317329406738,0.6131317615509033,0.009999999776482582,-0.15448354184627533,0.16448354721069336,0.019999999552965164,1.3214620351791382,1.3014620542526245,0.05000000074505806,0.2775595188140869,0.22755952179431915
7da5b26798a7f840,gemm-p,gemm-p,lv2:__PARA__L0-1.__PARA__L1-1.__PARA__L2-8.__PARA__L3-14.__PIPE__L0-off.__PIPE__L2-off.__TILE__L0-1.__TILE__L2-1,target,support,support,finetune_dataset,data_218.pt,12490.0,sgformer_rgcn_qor,3,50,kmeans,4.822505474090576,2.172576904296875,2.649928569793701,0.11999999731779099,0.426181823015213,0.30618181824684143,0.07000000029802322,-0.6270697116851807,0.6970697045326233,0.1899999976158142,-0.001784391701221466,0.19178438186645508,0.009999999776482582,0.04709244146943092,0.03709243983030319
611cf3a0b00df0dd,gemm-p,gemm-p,lv2:__PARA__L0-1.__PARA__L1-1.__PARA__L2-8.__PARA__L3-70.__PIPE__L0-off.__PIPE__L2-off.__TILE__L0-1.__TILE__L2-1,target,support,support,finetune_dataset,data_230.pt,15487.0,sgformer_rgcn_qor,3,50,kmeans,4.667363166809082,2.8589203357696533,1.8084428310394287,0.17000000178813934,0.327809602022171,0.15780960023403168,0.11999999731779099,-0.24030373990535736,0.36030372977256775,0.18000000715255737,-0.21073061227798462,0.390730619430542,0.009999999776482582,-0.20144295692443848,0.2114429622888565
1fa67e426a30f0d1,gemm-p,gemm-p,lv2:__PARA__L0-1.__PARA__L1-1.__PARA__L2-10.__PARA__L3-2.__PIPE__L0-off.__PIPE__L2-off.__TILE__L0-1.__TILE__L2-1,target,support,support,finetune_dataset,data_110.pt,26711.0,sgformer_rgcn_qor,3,50,kmeans,4.27417516708374,2.067394733428955,2.206780433654785,0.03999999910593033,0.4372706711292267,0.39727067947387695,0.029999999329447746,-0.7515491247177124,0.7815490961074829,0.05000000074505806,0.047668151557445526,0.0023318491876125336,0.009999999776482582,0.16847443580627441,0.15847443044185638
43a1fc399c607d82,gemm-p,gemm-p,lv2:__PARA__L0-1.__PARA__L1-5.__PARA__L2-10.__PARA__L3-1.__PIPE__L0-off.__PIPE__L2-flatten.__TILE__L0-1.__TILE__L2-4,target,support,support,finetune_dataset,data_306.pt,75975.0,sgformer_rgcn_qor,3,50,kmeans,3.520129680633545,2.7968344688415527,0.7232952117919922,0.4399999976158142,0.7946758270263672,0.354675829410553,0.18000000715255737,-0.7242447137832642,0.9042447209358215,0.6100000143051147,1.06865656375885,0.45865654945373535,0.0,0.8396098613739014,0.8396098613739014
7b5fc2286f9afd37,gemm-p,gemm-p,lv2:__PARA__L0-12.__PARA__L1-32.__PARA__L2-1.__PARA__L3-1.__PIPE__L0-off.__PIPE__L2-flatten.__TILE__L0-1.__TILE__L2-80,target,support,support,finetune_dataset,data_341.pt,40046.0,sgformer_rgcn_qor,3,50,kmeans,3.982063055038452,2.69828200340271,1.2837810516357422,0.05999999865889549,0.33226707577705383,0.27226707339286804,0.019999999552965164,0.1037306934595108,0.08373069763183594,0.03999999910593033,1.4448133707046509,1.4048134088516235,0.05000000074505806,1.2415995597839355,1.1915996074676514
75d6d53935daab05,gemm-p,gemm-p,lv2:__PARA__L0-1.__PARA__L1-1.__PARA__L2-20.__PARA__L3-2.__PIPE__L0-off.__PIPE__L2-off.__TILE__L0-1.__TILE__L2-1,target,support,support,finetune_dataset,data_163.pt,18551.0,sgformer_rgcn_qor,3,50,kmeans,4.537143707275391,2.1515109539031982,2.3856327533721924,0.07999999821186066,0.4497676193714142,0.36976760625839233,0.05000000074505806,-0.7629009485244751,0.812900960445404,0.10000000149011612,-0.06520802527666092,0.16520802676677704,0.029999999329447746,0.14358830451965332,0.11358830332756042
c4f908e25d12ee3a,gemm-p,gemm-p,lv2:__PARA__L0-1.__PARA__L1-1.__PARA__L2-2.__PARA__L3-70.__PIPE__L0-off.__PIPE__L2-NA.__TILE__L0-1.__TILE__L2-1,target,support,support,finetune_dataset,data_154.pt,35647.0,sgformer_rgcn_qor,3,50,kmeans,4.066001892089844,2.88020920753479,1.1857926845550537,0.03999999910593033,0.7151041030883789,0.6751040816307068,0.019999999552965164,-0.29602858424186707,0.3160285949707031,0.019999999552965164,0.25290101766586304,0.23290102183818817,0.009999999776482582,0.646336555480957,0.6363365650177002
2d2deba5a323b304,gemm-p,gemm-p,lv2:__PARA__L0-5.__PARA__L1-32.__PARA__L2-16.__PARA__L3-1.__PIPE__L0-NA.__PIPE__L2-flatten.__TILE__L0-1.__TILE__L2-1,target,support,support,finetune_dataset,data_416.pt,9680.0,sgformer_rgcn_qor,3,50,kmeans,5.00635290145874,3.4550087451934814,1.5513441562652588,0.3499999940395355,0.6282150745391846,0.27821508049964905,0.23999999463558197,-0.3639012277126312,0.603901207447052,0.36000001430511475,0.9473835825920105,0.5873835682868958,0.009999999776482582,0.8335955142974854,0.8235955238342285
08802dfda2f24c58,gemm-p,gemm-p,lv2:__PARA__L0-1.__PARA__L1-2.__PARA__L2-5.__PARA__L3-70.__PIPE__L0-off.__PIPE__L2-NA.__TILE__L0-1.__TILE__L2-1,target,support,support,finetune_dataset,data_261.pt,17009.0,sgformer_rgcn_qor,3,50,kmeans,4.599742889404297,2.891249895095825,1.7084929943084717,0.10000000149011612,0.6803390979766846,0.5803390741348267,0.07000000029802322,-0.26435551047325134,0.33435550332069397,0.10999999940395355,0.3110501170158386,0.20105011761188507,0.009999999776482582,0.6561715602874756,0.6461715698242188
2040c35f05b537b6,gemm-p,gemm-p,lv2:__PARA__L0-1.__PARA__L1-1.__PARA__L2-4.__PARA__L3-5.__PIPE__L0-off.__PIPE__L2-off.__TILE__L0-1.__TILE__L2-2,target,support,support,finetune_dataset,data_186.pt,592860.0,sgformer_rgcn_qor,3,50,kmeans,2.0380823612213135,2.0485265254974365,0.010444164276123047,0.009999999776482582,0.41674545407295227,0.40674546360969543,0.0,-0.7409316301345825,0.7409316301345825,0.0,0.0984920784831047,0.0984920784831047,0.029999999329447746,0.182450532913208,0.1524505317211151
a041a0b04cb7eb40,gemm-p,gemm-p,lv2:__PARA__L0-1.__PARA__L1-4.__PARA__L2-1.__PARA__L3-1.__PIPE__L0-off.__PIPE__L2-flatten.__TILE__L0-1.__TILE__L2-1,target,support,support,finetune_dataset,data_287.pt,32587.0,sgformer_rgcn_qor,3,50,kmeans,4.130743980407715,2.7527871131896973,1.3779568672180176,0.029999999329447746,0.6784253120422363,0.6484253406524658,0.009999999776482582,-0.7641497850418091,0.7741497755050659,0.019999999552965164,0.9155852198600769,0.8955852389335632,0.05000000074505806,0.970667839050293,0.920667827129364
64393da3a136d7fa,gemm-p,gemm-p,lv2:__PARA__L0-5.__PARA__L1-32.__PARA__L2-1.__PARA__L3-1.__PIPE__L0-off.__PIPE__L2-flatten.__TILE__L0-1.__TILE__L2-80,target,support,support,finetune_dataset,data_413.pt,33900.0,sgformer_rgcn_qor,3,50,kmeans,4.102249622344971,2.7030203342437744,1.3992292881011963,0.05999999865889549,0.46207526326179504,0.40207526087760925,0.019999999552965164,-0.019111495465040207,0.03911149501800537,0.03999999910593033,1.4153472185134888,1.3753472566604614,0.05000000074505806,1.0593113899230957,1.0093114376068115
f779ac08d7725162,gemm-p,gemm-p,lv2:__PARA__L0-30.__PARA__L1-32.__PARA__L2-1.__PARA__L3-1.__PIPE__L0-NA.__PIPE__L2-flatten.__TILE__L0-2.__TILE__L2-1,target,support,support,finetune_dataset,data_388.pt,55939.0,sgformer_rgcn_qor,3,50,kmeans,3.740964889526367,3.3967671394348145,0.34419775009155273,0.05999999865889549,0.545443058013916,0.4854430556297302,0.019999999552965164,-0.21520112454891205,0.23520112037658691,0.03999999910593033,1.035664677619934,0.995664656162262,0.05000000074505806,1.0368804931640625,0.9868804812431335
ee665070b18c5d32,gemm-p,gemm-p,lv2:__PARA__L0-1.__PARA__L1-2.__PARA__L2-16.__PARA__L3-70.__PIPE__L0-off.__PIPE__L2-NA.__TILE__L0-1.__TILE__L2-1,target,support,support,finetune_dataset,data_252.pt,12487.0,sgformer_rgcn_qor,3,50,kmeans,4.822678565979004,2.9758262634277344,1.8468523025512695,0.3199999928474426,0.6108541488647461,0.29085415601730347,0.23999999463558197,-0.18476997315883636,0.42476996779441833,0.36000001430511475,0.34602993726730347,0.01397007703781128,0.009999999776482582,0.712921142578125,0.7029211521148682
ea3874af8c10f66f,gemm-p,gemm-p,lv2:__PARA__L0-1.__PARA__L1-4.__PARA__L2-10.__PARA__L3-1.__PIPE__L0-off.__PIPE__L2-flatten.__TILE__L0-1.__TILE__L2-1,target,support,support,finetune_dataset,data_292.pt,12187.0,sgformer_rgcn_qor,3,50,kmeans,4.8402204513549805,2.839122772216797,2.0010976791381836,0.20999999344348907,0.7364659309387207,0.5264659523963928,0.15000000596046448,-0.7517081499099731,0.9017081260681152,0.2199999988079071,1.005066990852356,0.7850669622421265,0.009999999776482582,0.8879654407501221,0.8779654502868652
00f04d9d71c381ce,gemm-p,gemm-p,lv2:__PARA__L0-1.__PARA__L1-1.__PARA__L2-5.__PARA__L3-2.__PIPE__L0-off.__PIPE__L2-off.__TILE__L0-1.__TILE__L2-1,target,support,support,finetune_dataset,data_202.pt,45152.0,sgformer_rgcn_qor,3,50,kmeans,3.8954970836639404,2.03236722946167,1.8631298542022705,0.019999999552965164,0.4375481903553009,0.41754817962646484,0.009999999776482582,-0.7677801847457886,0.7777801752090454,0.019999999552965164,0.08196418732404709,0.061964187771081924,0.019999999552965164,0.2035832405090332,0.18358324468135834
3fb37e8bcd254b40,gemm-p,gemm-p,lv2:__PARA__L0-1.__PARA__L1-32.__PARA__L2-1.__PARA__L3-1.__PIPE__L0-off.__PIPE__L2-flatten.__TILE__L0-4.__TILE__L2-1,target,support,support,finetune_dataset,data_270.pt,33034.0,sgformer_rgcn_qor,3,50,kmeans,4.120916366577148,3.158623218536377,0.9622931480407715,0.05999999865889549,0.9828202724456787,0.9228202700614929,0.019999999552965164,-0.8527532815933228,0.8727532625198364,0.03999999910593033,0.8866428732872009,0.8466428518295288,0.05000000074505806,1.2291178703308105,1.1791179180145264
d29de04a627b59bc,gemm-p,gemm-p,lv2:__PARA__L0-1.__PARA__L1-1.__PARA__L2-20.__PARA__L3-14.__PIPE__L0-off.__PIPE__L2-NA.__TILE__L0-1.__TILE__L2-1,target,support,support,finetune_dataset,data_159.pt,27370.0,sgformer_rgcn_qor,3,50,kmeans,4.256594657897949,2.502305030822754,1.7542896270751953,0.4300000071525574,0.6031608581542969,0.1731608510017395,0.20999999344348907,-0.59770667552948,0.8077066540718079,0.47999998927116394,0.39024776220321655,0.08975222706794739,0.009999999776482582,0.7355444431304932,0.7255444526672363
82851c00f5b54fd9,gemm-p,gemm-p,lv2:__PARA__L0-1.__PARA__L1-4.__PARA__L2-5.__PARA__L3-1.__PIPE__L0-off.__PIPE__L2-flatten.__TILE__L0-1.__TILE__L2-1,target,support,support,finetune_dataset,data_297.pt,16349.0,sgformer_rgcn_qor,3,50,kmeans,4.628291130065918,2.7931227684020996,1.8351683616638184,0.10000000149011612,0.7118053436279297,0.6118053197860718,0.07000000029802322,-0.7645364999771118,0.8345364928245544,0.10999999940395355,0.9701337218284607,0.860133707523346,0.009999999776482582,0.9190082550048828,0.909008264541626
ad87ec7f414fbe82,gemm-p,gemm-p,lv2:__PARA__L0-2.__PARA__L1-32.__PARA__L2-10.__PARA__L3-1.__PIPE__L0-NA.__PIPE__L2-flatten.__TILE__L0-1.__TILE__L2-8,target,support,support,finetune_dataset,data_367.pt,9563.0,sgformer_rgcn_qor,3,50,kmeans,5.015124320983887,3.3780829906463623,1.6370413303375244,0.23000000417232513,0.7247657775878906,0.4947657585144043,0.1599999964237213,-0.4283979833126068,0.5883979797363281,0.2199999988079071,1.078023076057434,0.8580230474472046,0.009999999776482582,0.7793641090393066,0.7693641185760498
0bfe1684da131d58,gemm-p,gemm-p,lv2:__PARA__L0-15.__PARA__L1-16.__PARA__L2-16.__PARA__L3-1.__PIPE__L0-off.__PIPE__L2-flatten.__TILE__L0-1.__TILE__L2-1,target,support,support,finetune_dataset,data_346.pt,11732.0,sgformer_rgcn_qor,3,50,kmeans,4.8676676750183105,3.0503671169281006,1.81730055809021,0.3499999940395355,0.6644668579101562,0.3144668638706207,0.23999999463558197,-0.5866522789001465,0.8266522884368896,0.36000001430511475,1.1494790315628052,0.7894790172576904,0.009999999776482582,1.1761422157287598,1.166142225265503
64699350cabf9f9b,gemm-p,gemm-p,lv2:__PARA__L0-5.__PARA__L1-32.__PARA__L2-10.__PARA__L3-1.__PIPE__L0-NA.__PIPE__L2-flatten.__TILE__L0-1.__TILE__L2-8,target,support,support,finetune_dataset,data_414.pt,10100.0,sgformer_rgcn_qor,3,50,kmeans,4.975714683532715,3.38515567779541,1.5905590057373047,0.23000000417232513,0.6807682514190674,0.45076823234558105,0.1599999964237213,-0.3772418200969696,0.5372418165206909,0.2199999988079071,1.1190687417984009,0.8990687131881714,0.009999999776482582,0.7908484935760498,0.780848503112793
8d8618b306919b23,gemm-p,gemm-p,lv2:__PARA__L0-4.__PARA__L1-32.__PARA__L2-16.__PARA__L3-1.__PIPE__L0-NA.__PIPE__L2-flatten.__TILE__L0-1.__TILE__L2-1,target,support,support,finetune_dataset,data_409.pt,9506.0,sgformer_rgcn_qor,3,50,kmeans,5.019436836242676,3.4534196853637695,1.5660171508789062,0.3499999940395355,0.6438055038452148,0.2938055098056793,0.23999999463558197,-0.3798547685146332,0.619854748249054,0.36000001430511475,0.9365407824516296,0.5765407681465149,0.009999999776482582,0.8362884521484375,0.8262884616851807
b4f843d9b6dad29f,gemm-p,gemm-p,lv2:__PARA__L0-1.__PARA__L1-70.__PARA__L2-1.__PARA__L3-32.__PIPE__L0-off.__PIPE__L2-off.__TILE__L0-60.__TILE__L2-1,target,support,support,finetune_dataset,data_327.pt,251089.0,sgformer_rgcn_qor,3,50,kmeans,2.6578285694122314,3.0997509956359863,0.4419224262237549,0.029999999329447746,0.26879313588142395,0.23879313468933105,0.019999999552965164,0.06513358652591705,0.04513358697295189,0.07999999821186066,0.21205037832260132,0.13205038011074066,0.03999999910593033,0.6798081398010254,0.6398081183433533
e38805de48eb664e,gemm-p,gemm-p,lv2:__PARA__L0-1.__PARA__L1-16.__PARA__L2-16.__PARA__L3-1.__PIPE__L0-off.__PIPE__L2-flatten.__TILE__L0-60.__TILE__L2-1,target,support,support,finetune_dataset,data_239.pt,10927.0,sgformer_rgcn_qor,3,50,kmeans,4.918943405151367,2.9491498470306396,1.9697935581207275,0.3199999928474426,0.9393754005432129,0.6193754076957703,0.23999999463558197,-0.35653063654899597,0.5965306162834167,0.36000001430511475,1.0996798276901245,0.7396798133850098,0.009999999776482582,0.4100968837738037,0.4000968933105469
dbb2984793e35e88,gemm-p,gemm-p,lv2:__PARA__L0-1.__PARA__L1-4.__PARA__L2-2.__PARA__L3-1.__PIPE__L0-off.__PIPE__L2-flatten.__TILE__L0-1.__TILE__L2-1,target,support,support,finetune_dataset,data_295.pt,32887.0,sgformer_rgcn_qor,3,50,kmeans,4.124133586883545,2.765986680984497,1.3581469058990479,0.03999999910593033,0.688586950302124,0.6485869288444519,0.019999999552965164,-0.7665888071060181,0.7865887880325317,0.019999999552965164,0.931536853313446,0.9115368723869324,0.009999999776482582,0.9607412815093994,0.9507412910461426
460c2d93e3d2665f,gemm-p,gemm-p,lv2:__PARA__L0-1.__PARA__L1-1.__PARA__L2-8.__PARA__L3-7.__PIPE__L0-off.__PIPE__L2-NA.__TILE__L0-1.__TILE__L2-1,target,support,support,finetune_dataset,data_226.pt,43863.0,sgformer_rgcn_qor,3,50,kmeans,3.9163899421691895,2.3883440494537354,1.528045892715454,0.10999999940395355,0.6603851318359375,0.5503851175308228,0.05000000074505806,-0.6400026082992554,0.6900026202201843,0.10000000149011612,0.5077468752861023,0.4077468812465668,0.03999999910593033,0.6402113437652588,0.6002113223075867
bc4f55d84a8bf133,gemm-p,gemm-p,lv2:__PARA__L0-1.__PARA__L1-1.__PARA__L2-5.__PARA__L3-7.__PIPE__L0-off.__PIPE__L2-off.__TILE__L0-1.__TILE__L2-2,target,support,support,finetune_dataset,data_210.pt,382309.0,sgformer_rgcn_qor,3,50,kmeans,2.3545584678649902,2.0778119564056396,0.2767465114593506,0.009999999776482582,0.413085013628006,0.40308502316474915,0.009999999776482582,-0.714361310005188,0.7243613004684448,0.009999999776482582,0.08514826744794846,0.07514826953411102,0.029999999329447746,0.14073872566223145,0.11073872447013855
eb5fb655dff9860c,gemm-p,gemm-p,lv2:__PARA__L0-1.__PARA__L1-10.__PARA__L2-1.__PARA__L3-32.__PIPE__L0-off.__PIPE__L2-off.__TILE__L0-1.__TILE__L2-1,target,support,support,finetune_dataset,data_231.pt,285289.0,sgformer_rgcn_qor,3,50,kmeans,2.565716028213501,2.387887954711914,0.17782807350158691,0.019999999552965164,0.4435177147388458,0.42351770401000977,0.009999999776482582,-0.41064462065696716,0.420644611120224,0.009999999776482582,-0.16091448068618774,0.17091448605060577,0.05000000074505806,-0.075592041015625,0.12559203803539276
dba1b07283a53f11,gemm-p,gemm-p,lv2:__PARA__L0-1.__PARA__L1-1.__PARA__L2-1.__PARA__L3-2.__PIPE__L0-off.__PIPE__L2-off.__TILE__L0-1.__TILE__L2-4,target,support,support,finetune_dataset,data_89.pt,1354136.0,sgformer_rgcn_qor,3,50,kmeans,1.4422776699066162,2.009579658508301,0.5673019886016846,0.009999999776482582,0.42871788144111633,0.4187178909778595,0.0,-0.7466384172439575,0.7466384172439575,0.0,0.1317850947380066,0.1317850947380066,0.009999999776482582,0.24602508544921875,0.23602508008480072
4cb8540298f01fe7,gemm-p,gemm-p,lv2:__PARA__L0-1.__PARA__L1-1.__PARA__L2-8.__PARA__L3-2.__PIPE__L0-off.__PIPE__L2-off.__TILE__L0-1.__TILE__L2-1,target,support,support,finetune_dataset,data_221.pt,30911.0,sgformer_rgcn_qor,3,50,kmeans,4.168831825256348,2.058091878890991,2.1107399463653564,0.03999999910593033,0.43435385823249817,0.39435386657714844,0.019999999552965164,-0.7553495168685913,0.775349497795105,0.03999999910593033,0.06609862297773361,0.026098623871803284,0.019999999552965164,0.18204641342163086,0.162046417593956
2124445063c91060,gemm-p,gemm-p,lv2:__PARA__L0-2.__PARA__L1-16.__PARA__L2-1.__PARA__L3-1.__PIPE__L0-off.__PIPE__L2-flatten.__TILE__L0-1.__TILE__L2-80,target,support,support,finetune_dataset,data_360.pt,31451.0,sgformer_rgcn_qor,3,50,kmeans,4.156339168548584,2.6964924335479736,1.4598467350006104,0.05000000074505806,0.5845489501953125,0.5345489382743835,0.019999999552965164,-0.09758459031581879,0.11758458614349365,0.019999999552965164,1.4013620615005493,1.3813620805740356,0.05000000074505806,0.5769574642181396,0.5269574522972107
15d5eb53c98795f2,gemm-p,gemm-p,lv2:__PARA__L0-1.__PARA__L1-1.__PARA__L2-4.__PARA__L3-10.__PIPE__L0-off.__PIPE__L2-off.__TILE__L0-1.__TILE__L2-2,target,support,support,finetune_dataset,data_174.pt,312005.0,sgformer_rgcn_qor,3,50,kmeans,2.501143455505371,2.100860595703125,0.4002828598022461,0.009999999776482582,0.4165990650653839,0.4065990746021271,0.009999999776482582,-0.6781183481216431,0.6881183385848999,0.009999999776482582,0.0735122486948967,0.06351225078105927,0.029999999329447746,0.11305356025695801,0.08305355906486511
d86b4bef7a938c97,gemm-p,gemm-p,lv2:__PARA__L0-12.__PARA__L1-32.__PARA__L2-16.__PARA__L3-1.__PIPE__L0-NA.__PIPE__L2-flatten.__TILE__L0-1.__TILE__L2-1,target,support,support,finetune_dataset,data_344.pt,10982.0,sgformer_rgcn_qor,3,50,kmeans,4.9153218269348145,3.473839044570923,1.4414827823638916,0.3499999940395355,0.5321464538574219,0.18214645981788635,0.23999999463558197,-0.2794967591762543,0.519496738910675,0.36000001430511475,1.02222740650177,0.6622273921966553,0.009999999776482582,0.8401913642883301,0.8301913738250732
6ab4a7f5f4fc966d,gemm-p,gemm-p,lv2:__PARA__L0-1.__PARA__L1-32.__PARA__L2-10.__PARA__L3-1.__PIPE__L0-NA.__PIPE__L2-flatten.__TILE__L0-2.__TILE__L2-1,target,support,support,finetune_dataset,data_275.pt,9563.0,sgformer_rgcn_qor,3,50,kmeans,5.015124320983887,3.4431631565093994,1.5719611644744873,0.23000000417232513,0.7546107769012451,0.5246107578277588,0.1599999964237213,-0.4988933503627777,0.658893346786499,0.2199999988079071,0.8735930323600769,0.6535930633544922,0.009999999776482582,0.8491625785827637,0.8391625881195068
983a5a4659353237,gemm-p,gemm-p,lv2:__PARA__L0-1.__PARA__L1-16.__PARA__L2-1.__PARA__L3-32.__PIPE__L0-off.__PIPE__L2-off.__TILE__L0-1.__TILE__L2-80,target,support,support,finetune_dataset,data_235.pt,285589.0,sgformer_rgcn_qor,3,50,kmeans,2.564957857131958,2.4499154090881348,0.11504244804382324,0.009999999776482582,0.033639222383499146,0.023639222607016563,0.009999999776482582,-0.15435872972011566,0.1643587350845337,0.019999999552965164,0.3197481036186218,0.29974809288978577,0.05000000074505806,0.3844642639160156,0.33446425199508667
4a3d6776bd7a2804,gemm-p,gemm-p,lv2:__PARA__L0-1.__PARA__L1-1.__PARA__L2-2.__PARA__L3-7.__PIPE__L0-off.__PIPE__L2-off.__TILE__L0-1.__TILE__L2-2,target,support,support,finetune_dataset,data_152.pt,643979.0,sgformer_rgcn_qor,3,50,kmeans,1.9784213304519653,2.0551810264587402,0.0767596960067749,0.009999999776482582,0.4289083778858185,0.41890838742256165,0.0,-0.706703782081604,0.706703782081604,0.0,0.08741109818220139,0.08741109818220139,0.019999999552965164,0.16372466087341309,0.14372466504573822
3abca6a56e6f2142,gemm-p,gemm-p,lv2:__PARA__L0-1.__PARA__L1-8.__PARA__L2-16.__PARA__L3-1.__PIPE__L0-off.__PIPE__L2-flatten.__TILE__L0-1.__TILE__L2-1,target,support,support,finetune_dataset,data_331.pt,11167.0,sgformer_rgcn_qor,3,50,kmeans,4.903271198272705,2.923971652984619,1.979299545288086,0.3199999928474426,0.7820711135864258,0.46207112073898315,0.23999999463558197,-0.7637511491775513,1.0037511587142944,0.36000001430511475,1.0384334325790405,0.6784334182739258,0.009999999776482582,0.917489767074585,0.9074897766113281
05c7235b9f5af54f,gemm-p,gemm-p,lv2:__PARA__L0-20.__PARA__L1-32.__PARA__L2-10.__PARA__L3-1.__PIPE__L0-NA.__PIPE__L2-flatten.__TILE__L0-1.__TILE__L2-8,target,support,support,finetune_dataset,data_374.pt,13106.0,sgformer_rgcn_qor,3,50,kmeans,4.787778377532959,3.4430336952209473,1.3447446823120117,0.23000000417232513,0.5022010803222656,0.2722010612487793,0.1599999964237213,-0.1607712358236313,0.3207712173461914,0.2199999988079071,1.2320553064346313,1.0120552778244019,0.009999999776482582,0.864825963973999,0.8548259735107422
04cce8feb32cd125,jacobi-2d,jacobi-2d,lv2:__PARA__L0-1.__PARA__L1-1.__PARA__L2-11.__PARA__L3-1.__PARA__L4-4.__PIPE__L0-off.__PIPE__L1-flatten.__PIPE__L2-NA.__TILE__L0-1.__TILE__L1-8.__TILE__L2-8,target,support,support,finetune_dataset,data_729.pt,4258361.0,sgformer_rgcn_qor,3,50,kmeans,0.6158149242401123,3.217224597930908,2.601409673690796,0.2800000011920929,1.0196051597595215,0.739605188369751,0.11999999731779099,1.7397297620773315,1.61972975730896,0.27000001072883606,1.6460210084915161,1.3760210275650024,0.20999999344348907,0.24860906600952148,0.03860907256603241
e3c1d5bfb522a40c,jacobi-2d,jacobi-2d,lv2:__PARA__L0-1.__PARA__L1-2.__PARA__L2-1.__PARA__L3-8.__PARA__L4-8.__PIPE__L0-off.__PIPE__L1-off.__PIPE__L2-NA.__TILE__L0-1.__TILE__L1-1.__TILE__L2-8,target,support,support,finetune_dataset,data_817.pt,4206441.0,sgformer_rgcn_qor,3,50,kmeans,0.6246640086174011,2.5029120445251465,1.8782479763031006,0.05000000074505806,0.6974015235900879,0.6474015116691589,0.019999999552965164,1.6242378950119019,1.6042379140853882,0.05000000074505806,1.22710382938385,1.177103877067566,0.0,-0.1802196502685547,0.1802196502685547
8749dd1796e693db,jacobi-2d,jacobi-2d,lv2:__PARA__L0-1.__PARA__L1-11.__PARA__L2-2.__PARA__L3-32.__PARA__L4-1.__PIPE__L0-off.__PIPE__L1-off.__PIPE__L2-flatten.__TILE__L0-1.__TILE__L1-8.__TILE__L2-8,target,support,support,finetune_dataset,data_799.pt,5897321.0,sgformer_rgcn_qor,3,50,kmeans,0.3809341788291931,2.5366172790527344,2.1556830406188965,0.949999988079071,0.250654011964798,0.6993459463119507,0.41999998688697815,1.6682809591293335,1.2482810020446777,0.8600000143051147,1.879120945930481,1.0191209316253662,0.10000000149011612,0.14699792861938477,0.046997927129268646
ebe57cf1663b92bf,jacobi-2d,jacobi-2d,lv2:__PARA__L0-1.__PARA__L1-4.__PARA__L2-2.__PARA__L3-8.__PARA__L4-8.__PIPE__L0-off.__PIPE__L1-NA.__PIPE__L2-NA.__TILE__L0-40.__TILE__L1-1.__TILE__L2-1,target,support,support,finetune_dataset,data_896.pt,4390681.0,sgformer_rgcn_qor,3,50,kmeans,0.5937417149543762,2.969148635864258,2.3754069805145264,0.05000000074505806,0.8451547622680664,0.7951547503471375,0.019999999552965164,1.5652073621749878,1.5452073812484741,0.05000000074505806,1.1668177843093872,1.116817831993103,0.0,-0.13069534301757812,0.13069534301757812
e05942ec253636bc,jacobi-2d,jacobi-2d,lv2:__PARA__L0-1.__PARA__L1-2.__PARA__L2-22.__PARA__L3-8.__PARA__L4-8.__PIPE__L0-off.__PIPE__L1-off.__PIPE__L2-NA.__TILE__L0-1.__TILE__L1-1.__TILE__L2-4,target,support,support,finetune_dataset,data_853.pt,4504601.0,sgformer_rgcn_qor,3,50,kmeans,0.5752643942832947,2.349813461303711,1.7745490074157715,0.05000000074505806,0.7157387733459473,0.6657387614250183,0.019999999552965164,1.4901450872421265,1.4701451063156128,0.05000000074505806,1.2511602640151978,1.2011603116989136,0.009999999776482582,-0.34546613693237305,0.3554661273956299
18fe812f93b4d9a9,jacobi-2d,jacobi-2d,lv2:__PARA__L0-1.__PARA__L1-2.__PARA__L2-1.__PARA__L3-1.__PARA__L4-4.__PIPE__L0-off.__PIPE__L1-flatten.__PIPE__L2-NA.__TILE__L0-1.__TILE__L1-8.__TILE__L2-8,target,support,support,finetune_dataset,data_805.pt,4087801.0,sgformer_rgcn_qor,3,50,kmeans,0.6453015804290771,3.249514579772949,2.604212999343872,0.8700000047683716,1.0092549324035645,0.13925492763519287,0.38999998569488525,1.7423261404037476,1.3523261547088623,0.7799999713897705,1.5733901262283325,0.793390154838562,0.0,0.37750911712646484,0.37750911712646484
f728e9e6039d3dc4,jacobi-2d,jacobi-2d,lv2:__PARA__L0-1.__PARA__L1-1.__PARA__L2-1.__PARA__L3-4.__PARA__L4-16.__PIPE__L0-off.__PIPE__L1-off.__PIPE__L2-off.__TILE__L0-1.__TILE__L1-1.__TILE__L2-1,target,support,support,finetune_dataset,data_703.pt,564244.0,sgformer_rgcn_qor,3,50,kmeans,2.0737686157226562,2.395038604736328,0.3212699890136719,0.03999999910593033,0.8655233383178711,0.825523316860199,0.009999999776482582,1.3668240308761597,1.3568240404129028,0.009999999776482582,0.5450355410575867,0.5350355505943298,0.029999999329447746,-0.6613001823425293,0.6913001537322998
d817f4e2fb14ad81,jacobi-2d,jacobi-2d,lv2:__PARA__L0-1.__PARA__L1-22.__PARA__L2-2.__PARA__L3-1.__PARA__L4-1.__PIPE__L0-off.__PIPE__L1-NA.__PIPE__L2-flatten.__TILE__L0-1.__TILE__L1-4.__TILE__L2-8,target,support,support,finetune_dataset,data_876.pt,4385641.0,sgformer_rgcn_qor,3,50,kmeans,0.5945701599121094,2.8277668952941895,2.23319673538208,0.6499999761581421,0.5940546989440918,0.05594527721405029,0.30000001192092896,1.8414500951766968,1.541450023651123,0.6200000047683716,2.0567915439605713,1.4367915391921997,0.03999999910593033,0.47281980514526367,0.43281981348991394
143101b6acaf1644,jacobi-2d,jacobi-2d,lv2:__PARA__L0-1.__PARA__L1-2.__PARA__L2-11.__PARA__L3-8.__PARA__L4-8.__PIPE__L0-off.__PIPE__L1-off.__PIPE__L2-NA.__TILE__L0-1.__TILE__L1-1.__TILE__L2-8,target,support,support,finetune_dataset,data_832.pt,4434121.0,sgformer_rgcn_qor,3,50,kmeans,0.5866400003433228,2.466357707977295,1.8797177076339722,0.05000000074505806,0.716850757598877,0.666850745677948,0.019999999552965164,1.5162781476974487,1.496278166770935,0.05000000074505806,1.315384030342102,1.2653840780258179,0.009999999776482582,-0.25044822692871094,0.2604482173919678
1f853d36d66395d1,jacobi-2d,jacobi-2d,lv2:__PARA__L0-1.__PARA__L1-11.__PARA__L2-1.__PARA__L3-1.__PARA__L4-4.__PIPE__L0-off.__PIPE__L1-flatten.__PIPE__L2-NA.__TILE__L0-1.__TILE__L1-8.__TILE__L2-8,target,support,support,finetune_dataset,data_786.pt,3935841.0,sgformer_rgcn_qor,3,50,kmeans,0.6726281046867371,3.3926830291748047,2.720054864883423,2.990000009536743,1.0432815551757812,1.946718454360962,1.3799999952316284,1.7194865942001343,0.33948659896850586,2.8399999141693115,1.7541433572769165,1.085856556892395,0.0,0.45336341857910156,0.45336341857910156
f6397effcdab9349,jacobi-2d,jacobi-2d,lv2:__PARA__L0-1.__PARA__L1-1.__PARA__L2-2.__PARA__L3-11.__PARA__L4-1.__PIPE__L0-off.__PIPE__L1-NA.__PIPE__L2-flatten.__TILE__L0-1.__TILE__L1-8.__TILE__L2-8,target,support,support,finetune_dataset,data_742.pt,4088281.0,sgformer_rgcn_qor,3,50,kmeans,0.6452168822288513,2.8618078231811523,2.2165908813476562,0.8999999761581421,0.4733429253101349,0.4266570508480072,0.4000000059604645,1.9269994497299194,1.5269994735717773,0.800000011920929,2.024742841720581,1.2247428894042969,0.03999999910593033,0.4203357696533203,0.3803357779979706
51c770f1917009bf,jacobi-2d,jacobi-2d,lv2:__PARA__L0-1.__PARA__L1-2.__PARA__L2-4.__PARA__L3-8.__PARA__L4-8.__PIPE__L0-off.__PIPE__L1-off.__PIPE__L2-NA.__TILE__L0-1.__TILE__L1-1.__TILE__L2-1,target,support,support,finetune_dataset,data_862.pt,4390681.0,sgformer_rgcn_qor,3,50,kmeans,0.5937417149543762,2.53695011138916,1.9432084560394287,0.05000000074505806,0.6848464012145996,0.6348463892936707,0.019999999552965164,1.6304713487625122,1.6104713678359985,0.05000000074505806,1.2255946397781372,1.175594687461853,0.0,-0.27465152740478516,0.27465152740478516
edff4791f18c4a83,jacobi-2d,jacobi-2d,lv2:__PARA__L0-1.__PARA__L1-8.__PARA__L2-1.__PARA__L3-1.__PARA__L4-4.__PIPE__L0-off.__PIPE__L1-flatten.__PIPE__L2-NA.__TILE__L0-1.__TILE__L1-1.__TILE__L2-8,target,support,support,finetune_dataset,data_909.pt,3935321.0,sgformer_rgcn_qor,3,50,kmeans,0.6727234125137329,3.321634292602539,2.6489109992980957,2.180000066757202,1.0071220397949219,1.1728780269622803,1.0,1.667362093925476,0.6673620939254761,2.069999933242798,1.5956960916519165,0.47430384159088135,0.0,0.49373340606689453,0.49373340606689453
70b23e1418b25f9a,jacobi-2d,jacobi-2d,lv2:__PARA__L0-1.__PARA__L1-1.__PARA__L2-8.__PARA__L3-8.__PARA__L4-8.__PIPE__L0-off.__PIPE__L1-off.__PIPE__L2-off.__TILE__L0-40.__TILE__L1-1.__TILE__L2-1,target,support,support,finetune_dataset,data_784.pt,2266604.0,sgformer_rgcn_qor,3,50,kmeans,1.0706979036331177,2.692805290222168,1.6221073865890503,0.03999999910593033,0.9297208786010742,0.8897208571434021,0.009999999776482582,1.2931545972824097,1.2831546068191528,0.029999999329447746,0.30553072690963745,0.27553072571754456,0.019999999552965164,-0.8251733779907227,0.8451733589172363
322b26639a483f11,jacobi-2d,jacobi-2d,lv2:__PARA__L0-1.__PARA__L1-2.__PARA__L2-11.__PARA__L3-1.__PARA__L4-4.__PIPE__L0-off.__PIPE__L1-flatten.__PIPE__L2-NA.__TILE__L0-1.__TILE__L1-8.__TILE__L2-8,target,support,support,finetune_dataset,data_824.pt,4315481.0,sgformer_rgcn_qor,3,50,kmeans,0.6062033772468567,3.236593723297119,2.6303904056549072,0.8700000047683716,1.0251226425170898,0.15512263774871826,0.38999998569488525,1.738768458366394,1.3487684726715088,0.7799999713897705,1.667195439338684,0.8871954679489136,0.0,0.2541623115539551,0.2541623115539551
325879767ea9ec0f,jacobi-2d,jacobi-2d,lv2:__PARA__L0-1.__PARA__L1-1.__PARA__L2-2.__PARA__L3-32.__PARA__L4-1.__PIPE__L0-off.__PIPE__L1-NA.__PIPE__L2-flatten.__TILE__L0-1.__TILE__L1-8.__TILE__L2-8,target,support,support,finetune_dataset,data_754.pt,5668321.0,sgformer_rgcn_qor,3,50,kmeans,0.409503310918808,2.837357521057129,2.427854299545288,0.949999988079071,0.33170679211616516,0.6182931661605835,0.4300000071525574,1.8116453886032104,1.3816454410552979,0.8500000238418579,1.9623075723648071,1.1123075485229492,0.11999999731779099,0.2661294937133789,0.14612948894500732
32f1f774163feb41,jacobi-2d,jacobi-2d,lv2:__PARA__L0-1.__PARA__L1-1.__PARA__L2-2.__PARA__L3-1.__PARA__L4-1.__PIPE__L0-off.__PIPE__L1-off.__PIPE__L2-flatten.__TILE__L0-1.__TILE__L1-1.__TILE__L2-8,target,support,support,finetune_dataset,data_737.pt,4301521.0,sgformer_rgcn_qor,3,50,kmeans,0.6085405945777893,2.4924745559692383,1.8839340209960938,0.6499999761581421,0.5399074554443359,0.11009252071380615,0.28999999165534973,1.81137216091156,1.5213721990585327,0.6100000143051147,1.7006913423538208,1.090691328048706,0.03999999910593033,0.3545994758605957,0.31459948420524597
03c941ad860eca80,jacobi-2d,jacobi-2d,lv2:__PARA__L0-1.__PARA__L1-1.__PARA__L2-1.__PARA__L3-4.__PARA__L4-8.__PIPE__L0-off.__PIPE__L1-off.__PIPE__L2-off.__TILE__L0-1.__TILE__L1-1.__TILE__L2-1,target,support,support,finetune_dataset,data_709.pt,354204.0,sgformer_rgcn_qor,3,50,kmeans,2.409637928009033,2.4353742599487305,0.025736331939697266,0.019999999552965164,0.892207145690918,0.8722071647644043,0.009999999776482582,1.3156663179397583,1.3056663274765015,0.0,0.5903007388114929,0.5903007388114929,0.019999999552965164,-0.6410322189331055,0.6610321998596191
4d5b93abc2d35ad2,jacobi-2d,jacobi-2d,lv2:__PARA__L0-1.__PARA__L1-2.__PARA__L2-1.__PARA__L3-8.__PARA__L4-8.__PIPE__L0-off.__PIPE__L1-off.__PIPE__L2-NA.__TILE__L0-1.__TILE__L1-1.__TILE__L2-4,target,support,support,finetune_dataset,data_816.pt,4213281.0,sgformer_rgcn_qor,3,50,kmeans,0.6234920024871826,2.523477554321289,1.8999855518341064,0.05000000074505806,0.6921052932739258,0.6421052813529968,0.019999999552965164,1.6292179822921753,1.6092180013656616,0.05000000074505806,1.2140475511550903,1.1640475988388062,0.0,-0.21810007095336914,0.21810007095336914
4146bdc142fce714,jacobi-2d,jacobi-2d,lv2:__PARA__L0-1.__PARA__L1-2.__PARA__L2-8.__PARA__L3-8.__PARA__L4-8.__PIPE__L0-off.__PIPE__L1-NA.__PIPE__L2-off.__TILE__L0-40.__TILE__L1-1.__TILE__L2-1,target,support,support,finetune_dataset,data_869.pt,4414401.0,sgformer_rgcn_qor,3,50,kmeans,0.5898551940917969,3.1723899841308594,2.5825347900390625,0.05000000074505806,1.0798330307006836,1.0298330783843994,0.019999999552965164,1.4917699098587036,1.47176992893219,0.05000000074505806,0.6101214289665222,0.5601214170455933,0.009999999776482582,-0.6036434173583984,0.6136434078216553
80192a32a4ed746c,jacobi-2d,jacobi-2d,lv2:__PARA__L0-1.__PARA__L1-1.__PARA__L2-1.__PARA__L3-32.__PARA__L4-1.__PIPE__L0-off.__PIPE__L1-off.__PIPE__L2-off.__TILE__L0-1.__TILE__L1-1.__TILE__L2-1,target,support,support,finetune_dataset,data_699.pt,3161924.0,sgformer_rgcn_qor,3,50,kmeans,0.8305627107620239,2.555800437927246,1.7252377271652222,0.1599999964237213,0.9127197265625,0.7527197599411011,0.05000000074505806,1.4777735471725464,1.4277735948562622,0.09000000357627869,0.448621928691864,0.3586219251155853,0.05000000074505806,-0.8458988666534424,0.8958988785743713
292906e368d78e22,jacobi-2d,jacobi-2d,lv2:__PARA__L0-1.__PARA__L1-2.__PARA__L2-2.__PARA__L3-8.__PARA__L4-8.__PIPE__L0-off.__PIPE__L1-off.__PIPE__L2-off.__TILE__L0-1.__TILE__L1-1.__TILE__L2-1,target,support,support,finetune_dataset,data_844.pt,4382121.0,sgformer_rgcn_qor,3,50,kmeans,0.5951493978500366,2.4438185691833496,1.848669171333313,0.05000000074505806,0.8795328140258789,0.82953280210495,0.019999999552965164,1.364761233329773,1.3447612524032593,0.05000000074505806,0.6095039248466492,0.5595039129257202,0.0,-0.7108969688415527,0.7108969688415527
91db491a7d7940c7,jacobi-2d,jacobi-2d,lv2:__PARA__L0-1.__PARA__L1-1.__PARA__L2-2.__PARA__L3-32.__PARA__L4-1.__PIPE__L0-off.__PIPE__L1-off.__PIPE__L2-flatten.__TILE__L0-1.__TILE__L1-1.__TILE__L2-8,target,support,support,finetune_dataset,data_755.pt,5748921.0,sgformer_rgcn_qor,3,50,kmeans,0.3993184566497803,2.4476351737976074,2.048316717147827,0.8799999952316284,0.30259159207344055,0.5774084329605103,0.4000000059604645,1.7629755735397339,1.3629755973815918,0.7699999809265137,1.6445857286453247,0.874585747718811,0.12999999523162842,0.07536983489990234,0.054630160331726074
471502d68fa5fd23,jacobi-2d,jacobi-2d,lv2:__PARA__L0-1.__PARA__L1-1.__PARA__L2-1.__PARA__L3-2.__PARA__L4-32.__PIPE__L0-off.__PIPE__L1-off.__PIPE__L2-NA.__TILE__L0-1.__TILE__L1-1.__TILE__L2-1,target,support,support,finetune_dataset,data_695.pt,2466404.0,sgformer_rgcn_qor,3,50,kmeans,1.0097594261169434,2.4063358306884766,1.3965764045715332,0.1599999964237213,0.6496720314025879,0.4896720349788666,0.019999999552965164,1.7083200216293335,1.6883200407028198,0.009999999776482582,0.9820758700370789,0.972075879573822,0.10000000149011612,-0.26148509979248047,0.361485093832016
e09ba6a56162015e,jacobi-2d,jacobi-2d,lv2:__PARA__L0-1.__PARA__L1-1.__PARA__L2-1.__PARA__L3-1.__PARA__L4-1.__PIPE__L0-off.__PIPE__L1-flatten.__PIPE__L2-off.__TILE__L0-1.__TILE__L1-1.__TILE__L2-4,target,support,support,finetune_dataset,data_658.pt,3944281.0,sgformer_rgcn_qor,3,50,kmeans,0.6710828542709351,3.386061906814575,2.7149791717529297,0.25,0.9905486106872559,0.7405486106872559,0.10999999940395355,1.5587042570114136,1.4487042427062988,0.25999999046325684,0.9443504214286804,0.6843504309654236,0.28999999165534973,-0.3240365982055664,0.6140365600585938
3f5754af4892a908,jacobi-2d,jacobi-2d,lv2:__PARA__L0-1.__PARA__L1-1.__PARA__L2-1.__PARA__L3-1.__PARA__L4-32.__PIPE__L0-off.__PIPE__L1-flatten.__PIPE__L2-NA.__TILE__L0-1.__TILE__L1-1.__TILE__L2-8,target,support,support,finetune_dataset,data_671.pt,5518961.0,sgformer_rgcn_qor,3,50,kmeans,0.4287657141685486,3.0866026878356934,2.6578369140625,0.33000001311302185,0.8647747039794922,0.534774661064148,0.15000000596046448,1.9495929479599,1.7995929718017578,0.33000001311302185,1.3624378442764282,1.032437801361084,0.3700000047683716,0.30925846099853516,0.060741543769836426
ca89cb920af95063,jacobi-2d,jacobi-2d,lv2:__PARA__L0-1.__PARA__L1-1.__PARA__L2-2.__PARA__L3-2.__PARA__L4-1.__PIPE__L0-off.__PIPE__L1-NA.__PIPE__L2-flatten.__TILE__L0-1.__TILE__L1-8.__TILE__L2-8,target,support,support,finetune_dataset,data_748.pt,4088281.0,sgformer_rgcn_qor,3,50,kmeans,0.6452168822288513,2.9230527877807617,2.2778358459472656,0.8700000047683716,0.551018238067627,0.31898176670074463,0.3799999952316284,1.95785653591156,1.5778565406799316,0.7799999713897705,2.0192654132843018,1.2392654418945312,0.0,0.5217704772949219,0.5217704772949219
0bff14392f5463ba,jacobi-2d,jacobi-2d,lv2:__PARA__L0-1.__PARA__L1-11.__PARA__L2-2.__PARA__L3-11.__PARA__L4-1.__PIPE__L0-off.__PIPE__L1-off.__PIPE__L2-flatten.__TILE__L0-1.__TILE__L1-8.__TILE__L2-8,target,support,support,finetune_dataset,data_791.pt,4315441.0,sgformer_rgcn_qor,3,50,kmeans,0.6062100529670715,2.546182155609131,1.939972162246704,0.8999999761581421,0.37061455845832825,0.5293854475021362,0.4000000059604645,1.7458864450454712,1.345886468887329,0.800000011920929,1.9041997194290161,1.1041996479034424,0.03999999910593033,0.16307401657104492,0.1230740174651146
cc7165117e2f0399,jacobi-2d,jacobi-2d,lv2:__PARA__L0-1.__PARA__L1-2.__PARA__L2-1.__PARA__L3-8.__PARA__L4-8.__PIPE__L0-off.__PIPE__L1-off.__PIPE__L2-off.__TILE__L0-40.__TILE__L1-1.__TILE__L2-1,target,support,support,finetune_dataset,data_823.pt,2234324.0,sgformer_rgcn_qor,3,50,kmeans,1.0810447931289673,2.6811537742614746,1.6001089811325073,0.03999999910593033,0.9253101348876953,0.8853101134300232,0.019999999552965164,1.2690657377243042,1.2490657567977905,0.029999999329447746,0.2933160662651062,0.2633160650730133,0.009999999776482582,-0.7997140884399414,0.8097140789031982
d3b71341beff420b,jacobi-2d,jacobi-2d,lv2:__PARA__L0-1.__PARA__L1-1.__PARA__L2-1.__PARA__L3-2.__PARA__L4-32.__PIPE__L0-off.__PIPE__L1-off.__PIPE__L2-off.__TILE__L0-1.__TILE__L1-1.__TILE__L2-1,target,support,support,finetune_dataset,data_696.pt,2707884.0,sgformer_rgcn_qor,3,50,kmeans,0.9423810839653015,2.471160888671875,1.5287797451019287,0.10999999940395355,0.8558354377746582,0.7458354234695435,0.029999999329447746,1.3907731771469116,1.3607732057571411,0.029999999329447746,0.4146224856376648,0.3846224844455719,0.05000000074505806,-0.7033829689025879,0.7533829808235168
4e45152dc9ab5382,jacobi-2d,jacobi-2d,lv2:__PARA__L0-1.__PARA__L1-1.__PARA__L2-2.__PARA__L3-88.__PARA__L4-1.__PIPE__L0-off.__PIPE__L1-off.__PIPE__L2-flatten.__TILE__L0-1.__TILE__L1-8.__TILE__L2-8,target,support,support,finetune_dataset,data_769.pt,4087681.0,sgformer_rgcn_qor,3,50,kmeans,0.6453227400779724,2.9425415992736816,2.2972187995910645,1.1299999952316284,0.19115546345710754,0.9388445615768433,0.49000000953674316,1.7148627042770386,1.2248626947402954,1.0199999809265137,2.005275011062622,0.9852750301361084,0.20999999344348907,-0.3574366569519043,0.5674366354942322
b373e8c571dbb7cb,jacobi-2d,jacobi-2d,lv2:__PARA__L0-1.__PARA__L1-1.__PARA__L2-1.__PARA__L3-1.__PARA__L4-11.__PIPE__L0-off.__PIPE__L1-off.__PIPE__L2-off.__TILE__L0-1.__TILE__L1-1.__TILE__L2-1,target,support,support,finetune_dataset,data_664.pt,963004.0,sgformer_rgcn_qor,3,50,kmeans,1.6881572008132935,2.4169750213623047,0.7288178205490112,0.05000000074505806,0.8926663398742676,0.8426663279533386,0.019999999552965164,1.3381606340408325,1.3181606531143188,0.029999999329447746,0.5559036135673523,0.5259036421775818,0.029999999329447746,-0.6133990287780762,0.6433990001678467
75c9416af2e62f0b,jacobi-2d,jacobi-2d,lv2:__PARA__L0-1.__PARA__L1-4.__PARA__L2-1.__PARA__L3-1.__PARA__L4-4.__PIPE__L0-off.__PIPE__L1-flatten.__PIPE__L2-NA.__TILE__L0-1.__TILE__L1-1.__TILE__L2-8,target,support,support,finetune_dataset,data_886.pt,3935761.0,sgformer_rgcn_qor,3,50,kmeans,0.6726427674293518,3.276215076446533,2.603572368621826,1.100000023841858,1.017016887664795,0.08298313617706299,0.5,1.679348349571228,1.179348349571228,1.0399999618530273,1.5148049592971802,0.47480499744415283,0.0,0.4866476058959961,0.4866476058959961
7b9b53845cd3a724,jacobi-2d,jacobi-2d,lv2:__PARA__L0-1.__PARA__L1-1.__PARA__L2-1.__PARA__L3-1.__PARA__L4-2.__PIPE__L0-off.__PIPE__L1-off.__PIPE__L2-off.__TILE__L0-1.__TILE__L1-1.__TILE__L2-1,target,support,support,finetune_dataset,data_669.pt,1089684.0,sgformer_rgcn_qor,3,50,kmeans,1.5990091562271118,2.473824977874756,0.874815821647644,0.009999999776482582,0.9351906776428223,0.9251906871795654,0.0,1.2863596677780151,1.2863596677780151,0.0,0.6055504679679871,0.6055504679679871,0.019999999552965164,-0.5616140365600586,0.5816140174865723
e863a4aaa1262d76,jacobi-2d,jacobi-2d,lv2:__PARA__L0-1.__PARA__L1-2.__PARA__L2-1.__PARA__L3-8.__PARA__L4-8.__PIPE__L0-off.__PIPE__L1-off.__PIPE__L2-off.__TILE__L0-1.__TILE__L1-1.__TILE__L2-4,target,support,support,finetune_dataset,data_820.pt,4213281.0,sgformer_rgcn_qor,3,50,kmeans,0.6234920024871826,2.4317235946655273,1.8082315921783447,0.05000000074505806,0.8655576705932617,0.8155576586723328,0.019999999552965164,1.3604487180709839,1.3404487371444702,0.05000000074505806,0.6379749178886414,0.5879749059677124,0.0,-0.6726913452148438,0.6726913452148438
53d53bf79f94009c,jacobi-2d,jacobi-2d,lv2:__PARA__L0-1.__PARA__L1-1.__PARA__L2-4.__PARA__L3-1.__PARA__L4-1.__PIPE__L0-off.__PIPE__L1-off.__PIPE__L2-flatten.__TILE__L0-1.__TILE__L1-1.__TILE__L2-8,target,support,support,finetune_dataset,data_776.pt,4407761.0,sgformer_rgcn_qor,3,50,kmeans,0.5909410715103149,2.508392333984375,1.91745126247406,1.0299999713897705,0.5572168827056885,0.47278308868408203,0.4699999988079071,1.7977222204208374,1.327722191810608,0.9700000286102295,1.716004490852356,0.7460044622421265,0.03999999910593033,0.35691070556640625,0.3169107139110565
b07abd212d31a627,jacobi-2d,jacobi-2d,lv2:__PARA__L0-1.__PARA__L1-11.__PARA__L2-2.__PARA__L3-22.__PARA__L4-1.__PIPE__L0-off.__PIPE__L1-off.__PIPE__L2-flatten.__TILE__L0-1.__TILE__L1-8.__TILE__L2-8,target,support,support,finetune_dataset,data_797.pt,4311241.0,sgformer_rgcn_qor,3,50,kmeans,0.6069124341011047,2.532320976257324,1.9254086017608643,0.9399999976158142,0.2971635162830353,0.6428364515304565,0.41999998688697815,1.6996456384658813,1.2796456813812256,0.8299999833106995,1.8853574991226196,1.0553574562072754,0.05999999865889549,0.1344289779663086,0.0744289755821228
7461e21be625ee2b,jacobi-2d,jacobi-2d,lv2:__PARA__L0-1.__PARA__L1-1.__PARA__L2-1.__PARA__L3-1.__PARA__L4-4.__PIPE__L0-off.__PIPE__L1-flatten.__PIPE__L2-NA.__TILE__L0-1.__TILE__L1-1.__TILE__L2-8,target,support,support,finetune_dataset,data_674.pt,3938401.0,sgformer_rgcn_qor,3,50,kmeans,0.6721590161323547,3.2238564491271973,2.5516974925994873,0.25,1.008112907409668,0.758112907409668,0.10999999940395355,1.6857107877731323,1.5757107734680176,0.27000001072883606,1.413718342781067,1.1437183618545532,0.25,0.4306182861328125,0.1806182861328125
5d54a86aa7149b19,jacobi-2d,jacobi-2d,lv2:__PARA__L0-1.__PARA__L1-2.__PARA__L2-4.__PARA__L3-8.__PARA__L4-8.__PIPE__L0-off.__PIPE__L1-off.__PIPE__L2-off.__TILE__L0-40.__TILE__L1-1.__TILE__L2-1,target,support,support,finetune_dataset,data_865.pt,4390681.0,sgformer_rgcn_qor,3,50,kmeans,0.5937417149543762,2.7091317176818848,2.1153900623321533,0.05000000074505806,0.9205574989318848,0.8705574870109558,0.019999999552965164,1.2711209058761597,1.251120924949646,0.05000000074505806,0.31396740674972534,0.2639673948287964,0.0,-0.8232879638671875,0.8232879638671875
53235e166f38cfc1,jacobi-2d,jacobi-2d,lv2:__PARA__L0-1.__PARA__L1-2.__PARA__L2-22.__PARA__L3-8.__PARA__L4-8.__PIPE__L0-off.__PIPE__L1-off.__PIPE__L2-NA.__TILE__L0-40.__TILE__L1-1.__TILE__L2-1,target,support,support,finetune_dataset,data_854.pt,4504601.0,sgformer_rgcn_qor,3,50,kmeans,0.5752643942832947,2.6655478477478027,2.0902833938598633,0.05000000074505806,0.6543755531311035,0.6043755412101746,0.019999999552965164,1.3211852312088013,1.3011852502822876,0.05000000074505806,0.9163348078727722,0.8663347959518433,0.009999999776482582,-0.4214787483215332,0.43147873878479004
119c011acb799ec3,jacobi-2d,jacobi-2d,lv2:__PARA__L0-1.__PARA__L1-2.__PARA__L2-1.__PARA__L3-8.__PARA__L4-8.__PIPE__L0-off.__PIPE__L1-NA.__PIPE__L2-NA.__TILE__L0-1.__TILE__L1-1.__TILE__L2-2,target,support,support,finetune_dataset,data_806.pt,4268321.0,sgformer_rgcn_qor,3,50,kmeans,0.6141297221183777,2.8551063537597656,2.240976572036743,0.05000000074505806,0.733126163482666,0.6831261515617371,0.019999999552965164,1.6946595907211304,1.6746596097946167,0.05000000074505806,1.4207626581192017,1.3707627058029175,0.0,0.020880702883005142,0.020880702883005142
58a41c3a8454ad42,jacobi-2d,jacobi-2d,lv2:__PARA__L0-1.__PARA__L1-1.__PARA__L2-1.__PARA__L3-4.__PARA__L4-32.__PIPE__L0-off.__PIPE__L1-off.__PIPE__L2-NA.__TILE__L0-1.__TILE__L1-1.__TILE__L2-1,target,support,support,finetune_dataset,data_706.pt,2388964.0,sgformer_rgcn_qor,3,50,kmeans,1.0327714681625366,2.4020214080810547,1.369249939918518,0.17000000178813934,0.6396141052246094,0.46961408853530884,0.029999999329447746,1.7044695615768433,1.6744695901870728,0.009999999776482582,0.9929859042167664,0.9829859137535095,0.10000000149011612,-0.2877650260925293,0.3877650201320648
4ef9c3115d1df67f,jacobi-2d,jacobi-2d,lv2:__PARA__L0-1.__PARA__L1-1.__PARA__L2-1.__PARA__L3-1.__PARA__L4-4.__PIPE__L0-off.__PIPE__L1-flatten.__PIPE__L2-NA.__TILE__L0-1.__TILE__L1-8.__TILE__L2-8,target,support,support,finetune_dataset,data_675.pt,4030681.0,sgformer_rgcn_qor,3,50,kmeans,0.6554522514343262,3.230238437652588,2.5747861862182617,0.2800000011920929,1.003777027130127,0.7237770557403564,0.11999999731779099,1.7445486783981323,1.6245486736297607,0.27000001072883606,1.5504399538040161,1.2804399728775024,0.20999999344348907,0.3536949157714844,0.1436949223279953
c2c93fa5894090c5,jacobi-2d,jacobi-2d,lv2:__PARA__L0-1.__PARA__L1-1.__PARA__L2-1.__PARA__L3-1.__PARA__L4-1.__PIPE__L0-off.__PIPE__L1-off.__PIPE__L2-flatten.__TILE__L0-1.__TILE__L1-1.__TILE__L2-2,target,support,support,finetune_dataset,data_660.pt,4306601.0,sgformer_rgcn_qor,3,50,kmeans,0.6076892018318176,2.508080005645752,1.900390863418579,0.20000000298023224,0.5740799903869629,0.37408000230789185,0.14000000059604645,1.7801498174667358,1.6401498317718506,0.18000000715255737,1.683792233467102,1.5037922859191895,0.25,0.3127617835998535,0.06276178359985352
2530921ded218957,jacobi-2d,jacobi-2d,lv2:__PARA__L0-1.__PARA__L1-1.__PARA__L2-1.__PARA__L3-11.__PARA__L4-2.__PIPE__L0-off.__PIPE__L1-off.__PIPE__L2-off.__TILE__L0-1.__TILE__L1-1.__TILE__L2-1,target,support,support,finetune_dataset,data_684.pt,554684.0,sgformer_rgcn_qor,3,50,kmeans,2.086095094680786,2.4445972442626953,0.3585021495819092,0.03999999910593033,0.8980679512023926,0.8580679297447205,0.009999999776482582,1.353941559791565,1.343941569328308,0.009999999776482582,0.5901619791984558,0.580161988735199,0.029999999329447746,-0.6839344501495361,0.7139344215393066
e0f176d01fa896b9,jacobi-2d,jacobi-2d,lv2:__PARA__L0-1.__PARA__L1-1.__PARA__L2-1.__PARA__L3-1.__PARA__L4-1.__PIPE__L0-off.__PIPE__L1-off.__PIPE__L2-flatten.__TILE__L0-1.__TILE__L1-1.__TILE__L2-8,target,support,support,finetune_dataset,data_662.pt,4244201.0,sgformer_rgcn_qor,3,50,kmeans,0.6182175278663635,2.484558582305908,1.8663411140441895,0.17000000178813934,0.5313966274261475,0.3613966107368469,0.07000000029802322,1.8101762533187866,1.7401762008666992,0.18000000715255737,1.6905261278152466,1.510526180267334,0.25,0.3527050018310547,0.10270500183105469
1509afa979317be1,jacobi-2d,jacobi-2d,lv2:__PARA__L0-1.__PARA__L1-2.__PARA__L2-88.__PARA__L3-8.__PARA__L4-8.__PIPE__L0-off.__PIPE__L1-off.__PIPE__L2-off.__TILE__L0-1.__TILE__L1-1.__TILE__L2-1,target,support,support,finetune_dataset,data_875.pt,4361601.0,sgformer_rgcn_qor,3,50,kmeans,0.5985351204872131,2.8770484924316406,2.2785134315490723,2.0,1.1142172813415527,0.8857827186584473,0.9300000071525574,1.3672255277633667,0.4372255206108093,2.0799999237060547,0.7101675868034363,1.3698322772979736,0.0,-1.3023114204406738,1.3023114204406738
aa2dbe6374806a88,jacobi-2d,jacobi-2d,lv2:__PARA__L0-1.__PARA__L1-1.__PARA__L2-1.__PARA__L3-4.__PARA__L4-1.__PIPE__L0-off.__PIPE__L1-off.__PIPE__L2-off.__TILE__L0-1.__TILE__L1-1.__TILE__L2-1,target,support,support,finetune_dataset,data_700.pt,1012244.0,sgformer_rgcn_qor,3,50,kmeans,1.6521855592727661,2.448418140411377,0.7962325811386108,0.019999999552965164,0.9211564064025879,0.9011564254760742,0.009999999776482582,1.300974726676941,1.290974736213684,0.009999999776482582,0.6138588786125183,0.6038588881492615,0.019999999552965164,-0.5916457176208496,0.6116456985473633
6671db5a69291d3f,jacobi-2d,jacobi-2d,lv2:__PARA__L0-1.__PARA__L1-1.__PARA__L2-2.__PARA__L3-1.__PARA__L4-1.__PIPE__L0-off.__PIPE__L1-off.__PIPE__L2-flatten.__TILE__L0-1.__TILE__L1-4.__TILE__L2-8,target,support,support,finetune_dataset,data_739.pt,4093361.0,sgformer_rgcn_qor,3,50,kmeans,0.644321084022522,2.5312743186950684,1.8869532346725464,0.6499999761581421,0.5067582130432129,0.1432417631149292,0.30000001192092896,1.8397544622421265,1.5397543907165527,0.6200000047683716,1.7317711114883423,1.1117711067199707,0.03999999910593033,0.3320803642272949,0.2920803725719452
725cf4d13035c879,jacobi-2d,jacobi-2d,lv2:__PARA__L0-1.__PARA__L1-1.__PARA__L2-2.__PARA__L3-88.__PARA__L4-1.__PIPE__L0-off.__PIPE__L1-off.__PIPE__L2-flatten.__TILE__L0-1.__TILE__L1-1.__TILE__L2-8,target,support,support,finetune_dataset,data_768.pt,3995401.0,sgformer_rgcn_qor,3,50,kmeans,0.6617938876152039,2.9871840476989746,2.325390100479126,0.8999999761581421,0.23662951588630676,0.6633704900741577,0.4000000059604645,1.7143181562423706,1.3143181800842285,0.7699999809265137,1.901973843574524,1.1319738626480103,0.25,-0.33792972564697266,0.5879297256469727
09b442110eaabb3e,gemver-medium,gemver-medium,lv2:__PARA__L0-1.__PARA__L1-1.__PARA__L2-1.__PARA__L3-1.__PARA__L4-1.__PARA__L5-8.__PARA__L6-1.__PIPE__L0-off.__PIPE__L1-off.__PIPE__L3-flatten.__TILE__L0-1.__TILE__L1-1.__TILE__L3-1,target,support,support,finetune_dataset,data_614.pt,328863.0,sgformer_rgcn_qor,3,50,kmeans,2.4631848335266113,4.547138690948486,2.083953857421875,0.6299999952316284,1.1827054023742676,0.5527054071426392,0.33000001311302185,0.032071489840745926,0.29792851209640503,1.1100000143051147,2.0857203006744385,0.9757202863693237,0.800000011920929,-0.4889707565307617,1.288970708847046
eeca14754570c01b,gemver-medium,gemver-medium,lv2:__PARA__L0-1.__PARA__L1-1.__PARA__L2-1.__PARA__L3-1.__PARA__L4-1.__PARA__L5-2.__PARA__L6-400.__PIPE__L0-flatten.__PIPE__L1-off.__PIPE__L3-off.__TILE__L0-1.__TILE__L1-1.__TILE__L3-1,target,support,support,finetune_dataset,data_537.pt,472821.0,sgformer_rgcn_qor,3,50,kmeans,2.2012810707092285,2.7723851203918457,0.5711040496826172,0.699999988079071,1.823835849761963,1.123835802078247,0.46000000834465027,5.120132923126221,4.660132884979248,1.2799999713897705,2.036733865737915,0.7567338943481445,0.23999999463558197,-0.999727725982666,1.2397277355194092
8df81f2d5dd78bc5,gemver-medium,gemver-medium,lv2:__PARA__L0-1.__PARA__L1-1.__PARA__L2-1.__PARA__L3-1.__PARA__L4-1.__PARA__L5-5.__PARA__L6-64.__PIPE__L0-off.__PIPE__L1-off.__PIPE__L3-off.__TILE__L0-1.__TILE__L1-1.__TILE__L3-1,target,support,support,finetune_dataset,data_609.pt,462363.0,sgformer_rgcn_qor,3,50,kmeans,2.2174150943756104,3.3186802864074707,1.1012651920318604,0.07999999821186066,0.6058773994445801,0.5258774161338806,0.03999999910593033,1.1183007955551147,1.0783008337020874,0.03999999910593033,1.2898751497268677,1.2498751878738403,0.05999999865889549,0.06319046020507812,0.0031904615461826324
97f4543bc45808b5,gemver-medium,gemver-medium,lv2:__PARA__L0-1.__PARA__L1-1.__PARA__L2-1.__PARA__L3-16.__PARA__L4-1.__PARA__L5-1.__PARA__L6-1.__PIPE__L0-flatten.__PIPE__L1-off.__PIPE__L3-off.__TILE__L0-1.__TILE__L1-1.__TILE__L3-1,target,support,support,finetune_dataset,data_649.pt,1721873.0,sgformer_rgcn_qor,3,50,kmeans,1.2689746618270874,3.7737698554992676,2.5047950744628906,0.6499999761581421,0.16581490635871887,0.4841850697994232,0.4300000071525574,0.38813677430152893,0.04186323285102844,1.2799999713897705,1.3828755617141724,0.10287559032440186,0.23999999463558197,-0.08428287506103516,0.3242828845977783
5c6ffb0bd9e5a3fc,gemver-medium,gemver-medium,lv2:__PARA__L0-1.__PARA__L1-1.__PARA__L2-1.__PARA__L3-1.__PARA__L4-1.__PARA__L5-2.__PARA__L6-1.__PIPE__L0-off.__PIPE__L1-off.__PIPE__L3-flatten.__TILE__L0-1.__TILE__L1-1.__TILE__L3-1,target,support,support,finetune_dataset,data_509.pt,624865.0,sgformer_rgcn_qor,3,50,kmeans,2.0001559257507324,4.554932117462158,2.554776191711426,0.41999998688697815,1.2278342247009277,0.807834267616272,0.30000001192092896,-0.010570626705884933,0.310570627450943,0.6399999856948853,2.036602258682251,1.3966022729873657,0.23999999463558197,-0.5006709098815918,0.740670919418335
88ccfe6d05a9e4b8,gemver-medium,gemver-medium,lv2:__PARA__L0-1.__PARA__L1-1.__PARA__L2-1.__PARA__L3-1.__PARA__L4-2.__PARA__L5-1.__PARA__L6-4.__PIPE__L0-off.__PIPE__L1-flatten.__PIPE__L3-off.__TILE__L0-1.__TILE__L1-1.__TILE__L3-8,target,support,support,finetune_dataset,data_644.pt,437535.0,sgformer_rgcn_qor,3,50,kmeans,2.2572288513183594,4.298607349395752,2.0413784980773926,0.6100000143051147,0.2383904755115509,0.37160953879356384,0.3100000023841858,0.8006376028060913,0.4906376004219055,0.6399999856948853,1.706274151802063,1.0662741661071777,0.15000000596046448,-0.47963571548461914,0.6296356916427612
9bf011dc49995303,gemver-medium,gemver-medium,lv2:__PARA__L0-1.__PARA__L1-1.__PARA__L2-1.__PARA__L3-1.__PARA__L4-1.__PARA__L5-4.__PARA__L6-8.__PIPE__L0-flatten.__PIPE__L1-off.__PIPE__L3-NA.__TILE__L0-1.__TILE__L1-1.__TILE__L3-1,target,support,support,finetune_dataset,data_588.pt,367727.0,sgformer_rgcn_qor,3,50,kmeans,2.382610559463501,4.105621814727783,1.7230112552642822,0.7400000095367432,0.5461831092834473,0.1938169002532959,0.44999998807907104,0.28006020188331604,0.169939786195755,1.2899999618530273,1.8392926454544067,0.5492926836013794,0.4300000071525574,-0.0009131394326686859,0.43091315031051636
ad4900e68c105b97,gemver-medium,gemver-medium,lv2:__PARA__L0-1.__PARA__L1-1.__PARA__L2-1.__PARA__L3-1.__PARA__L4-1.__PARA__L5-4.__PARA__L6-1.__PIPE__L0-off.__PIPE__L1-off.__PIPE__L3-off.__TILE__L0-1.__TILE__L1-1.__TILE__L3-1,target,support,support,finetune_dataset,data_553.pt,1233213.0,sgformer_rgcn_qor,3,50,kmeans,1.5097529888153076,3.4592480659484863,1.9494950771331787,0.029999999329447746,0.7931265830993652,0.7631266117095947,0.009999999776482582,0.3410438597202301,0.33104386925697327,0.0,1.1781750917434692,1.1781750917434692,0.18000000715255737,-0.3250398635864258,0.5050398707389832
9437db7693f1d995,gemver-medium,gemver-medium,lv2:__PARA__L0-1.__PARA__L1-1.__PARA__L2-1.__PARA__L3-1.__PARA__L4-2.__PARA__L5-1.__PARA__L6-10.__PIPE__L0-off.__PIPE__L1-flatten.__PIPE__L3-off.__TILE__L0-1.__TILE__L1-1.__TILE__L3-8,target,support,support,finetune_dataset,data_637.pt,281535.0,sgformer_rgcn_qor,3,50,kmeans,2.575270891189575,4.280603885650635,1.7053329944610596,0.6100000143051147,0.18589738011360168,0.42410263419151306,0.3100000023841858,0.8669918775558472,0.5569918751716614,0.6399999856948853,1.7161427736282349,1.0761427879333496,0.1899999976158142,-0.45409345626831055,0.6440934538841248
35f6be44b8a2daa1,gemver-medium,gemver-medium,lv2:__PARA__L0-1.__PARA__L1-1.__PARA__L2-1.__PARA__L3-1.__PARA__L4-2.__PARA__L5-1.__PARA__L6-25.__PIPE__L0-off.__PIPE__L1-flatten.__PIPE__L3-off.__TILE__L0-1.__TILE__L1-1.__TILE__L3-8,target,support,support,finetune_dataset,data_641.pt,210335.0,sgformer_rgcn_qor,3,50,kmeans,2.785583734512329,4.228790760040283,1.443207025527954,0.6200000047683716,0.024805575609207153,0.5951944589614868,0.3199999928474426,1.0502146482467651,0.7302146553993225,0.6399999856948853,1.684097409248352,1.0440974235534668,0.30000001192092896,-0.4351811408996582,0.7351811528205872
a7dc296477f89e14,gemver-medium,gemver-medium,lv2:__PARA__L0-1.__PARA__L1-1.__PARA__L2-1.__PARA__L3-1.__PARA__L4-1.__PARA__L5-1.__PARA__L6-64.__PIPE__L0-off.__PIPE__L1-flatten.__PIPE__L3-NA.__TILE__L0-1.__TILE__L1-1.__TILE__L3-8,target,support,support,finetune_dataset,data_479.pt,327769.0,sgformer_rgcn_qor,3,50,kmeans,2.465588331222534,4.557142734527588,2.0915544033050537,0.6499999761581421,0.3357901871204376,0.31420978903770447,0.33000001311302185,1.4710811376571655,1.1410810947418213,0.6800000071525574,2.0923330783843994,1.4123330116271973,0.36000001430511475,-0.1829972267150879,0.5429972410202026
abd02553eb488b26,gemver-medium,gemver-medium,lv2:__PARA__L0-1.__PARA__L1-8.__PARA__L2-1.__PARA__L3-1.__PARA__L4-1.__PARA__L5-1.__PARA__L6-1.__PIPE__L0-flatten.__PIPE__L1-off.__PIPE__L3-off.__TILE__L0-1.__TILE__L1-1.__TILE__L3-1,target,support,support,finetune_dataset,data_653.pt,1689165.0,sgformer_rgcn_qor,3,50,kmeans,1.2828088998794556,3.7155117988586426,2.4327030181884766,0.6499999761581421,0.36951497197151184,0.28048500418663025,0.41999998688697815,0.4735244810581207,0.05352449417114258,1.2799999713897705,1.4031811952590942,0.12318122386932373,0.23999999463558197,0.03736496344208717,0.2026350349187851
986b89097b75cf16,gemver-medium,gemver-medium,lv2:__PARA__L0-1.__PARA__L1-1.__PARA__L2-1.__PARA__L3-1.__PARA__L4-1.__PARA__L5-4.__PARA__L6-64.__PIPE__L0-flatten.__PIPE__L1-off.__PIPE__L3-off.__TILE__L0-1.__TILE__L1-1.__TILE__L3-1,target,support,support,finetune_dataset,data_586.pt,331973.0,sgformer_rgcn_qor,3,50,kmeans,2.456395149230957,3.5496392250061035,1.0932440757751465,0.7400000095367432,0.2059502899646759,0.5340497493743896,0.44999998807907104,1.1872690916061401,0.7372691035270691,1.2799999713897705,1.5973302125930786,0.3173302412033081,0.4300000071525574,0.3466615676879883,0.08333843946456909
c37f85f367c6ecf3,gemver-medium,gemver-medium,lv2:__PARA__L0-1.__PARA__L1-1.__PARA__L2-1.__PARA__L3-1.__PARA__L4-1.__PARA__L5-4.__PARA__L6-400.__PIPE__L0-off.__PIPE__L1-off.__PIPE__L3-off.__TILE__L0-1.__TILE__L1-1.__TILE__L3-1,target,support,support,finetune_dataset,data_581.pt,440058.0,sgformer_rgcn_qor,3,50,kmeans,2.2530813217163086,2.4655442237854004,0.2124629020690918,0.27000001072883606,2.356314182281494,2.0863142013549805,0.20000000298023224,5.097585678100586,4.897585868835449,0.4699999988079071,1.8737603425979614,1.403760313987732,0.4300000071525574,-1.6519136428833008,2.081913709640503
88047e3dd9b1cdae,gemver-medium,gemver-medium,lv2:__PARA__L0-1.__PARA__L1-1.__PARA__L2-1.__PARA__L3-1.__PARA__L4-1.__PARA__L5-2.__PARA__L6-16.__PIPE__L0-flatten.__PIPE__L1-off.__PIPE__L3-NA.__TILE__L0-1.__TILE__L1-1.__TILE__L3-1,target,support,support,finetune_dataset,data_515.pt,515481.0,sgformer_rgcn_qor,3,50,kmeans,2.1389684677124023,4.1082234382629395,1.969254970550537,0.6800000071525574,0.4975476562976837,0.18245235085487366,0.4300000071525574,0.3744601309299469,0.055539876222610474,1.2899999618530273,1.822179913520813,0.5321799516677856,0.23999999463558197,0.03634405508637428,0.20365594327449799
d76b59724307206f,gemver-medium,gemver-medium,lv2:__PARA__L0-1.__PARA__L1-1.__PARA__L2-1.__PARA__L3-1.__PARA__L4-1.__PARA__L5-4.__PARA__L6-16.__PIPE__L0-off.__PIPE__L1-off.__PIPE__L3-off.__TILE__L0-1.__TILE__L1-1.__TILE__L3-1,target,support,support,finetune_dataset,data_561.pt,494813.0,sgformer_rgcn_qor,3,50,kmeans,2.1684863567352295,3.4475655555725098,1.2790791988372803,0.029999999329447746,0.6910624504089355,0.661062479019165,0.009999999776482582,0.5201104879379272,0.5101104974746704,0.009999999776482582,1.1898633241653442,1.1798633337020874,0.18000000715255737,-0.24194717407226562,0.421947181224823
89d7ff444c80ab8f,gemver-medium,gemver-medium,lv2:__PARA__L0-1.__PARA__L1-1.__PARA__L2-1.__PARA__L3-1.__PARA__L4-1.__PARA__L5-1.__PARA__L6-20.__PIPE__L0-off.__PIPE__L1-off.__PIPE__L3-off.__TILE__L0-1.__TILE__L1-1.__TILE__L3-1,target,support,support,finetune_dataset,data_455.pt,1078412.0,sgformer_rgcn_qor,3,50,kmeans,1.606509804725647,3.4384713172912598,1.8319615125656128,0.029999999329447746,0.6843705177307129,0.6543705463409424,0.019999999552965164,0.5499433279037476,0.5299433469772339,0.009999999776482582,1.1405564546585083,1.1305564641952515,0.18000000715255737,-0.22679853439331055,0.4067985415458679
d01425f50d6673bc,gemver-medium,gemver-medium,lv2:__PARA__L0-1.__PARA__L1-1.__PARA__L2-1.__PARA__L3-1.__PARA__L4-1.__PARA__L5-4.__PARA__L6-4.__PIPE__L0-off.__PIPE__L1-off.__PIPE__L3-off.__TILE__L0-1.__TILE__L1-1.__TILE__L3-1,target,support,support,finetune_dataset,data_579.pt,640413.0,sgformer_rgcn_qor,3,50,kmeans,1.9824267625808716,3.456320285797119,1.4738935232162476,0.029999999329447746,0.7748970985412598,0.7448971271514893,0.009999999776482582,0.3750595152378082,0.3650595247745514,0.0,1.1915227174758911,1.1915227174758911,0.18000000715255737,-0.3020925521850586,0.48209255933761597
a8247c256499520b,gemver-medium,gemver-medium,lv2:__PARA__L0-1.__PARA__L1-1.__PARA__L2-1.__PARA__L3-1.__PARA__L4-1.__PARA__L5-4.__PARA__L6-5.__PIPE__L0-off.__PIPE__L1-off.__PIPE__L3-NA.__TILE__L0-1.__TILE__L1-1.__TILE__L3-1,target,support,support,finetune_dataset,data_584.pt,597269.0,sgformer_rgcn_qor,3,50,kmeans,2.0327377319335938,3.9621129035949707,1.929375171661377,0.029999999329447746,0.9793515205383301,0.9493515491485596,0.009999999776482582,0.2021550089120865,0.19215500354766846,0.0,1.6400090456008911,1.6400090456008911,0.18000000715255737,-0.39340639114379883,0.5734063982963562
cd2cbe2bb0e6451c,gemver-medium,gemver-medium,lv2:__PARA__L0-1.__PARA__L1-1.__PARA__L2-1.__PARA__L3-1.__PARA__L4-1.__PARA__L5-1.__PARA__L6-8.__PIPE__L0-off.__PIPE__L1-flatten.__PIPE__L3-off.__TILE__L0-1.__TILE__L1-1.__TILE__L3-8,target,support,support,finetune_dataset,data_484.pt,389965.0,sgformer_rgcn_qor,3,50,kmeans,2.3402557373046875,4.283533573150635,1.9432778358459473,0.6100000143051147,0.21674969792366028,0.39325031638145447,0.3100000023841858,0.8330687284469604,0.5230687260627747,0.6399999856948853,1.7096444368362427,1.0696444511413574,0.18000000715255737,-0.45957040786743164,0.639570415019989
83417ac8d1dc1106,gemver-medium,gemver-medium,lv2:__PARA__L0-1.__PARA__L1-1.__PARA__L2-1.__PARA__L3-1.__PARA__L4-1.__PARA__L5-1.__PARA__L6-10.__PIPE__L0-off.__PIPE__L1-off.__PIPE__L3-off.__TILE__L0-1.__TILE__L1-1.__TILE__L3-1,target,support,support,finetune_dataset,data_440.pt,1116412.0,sgformer_rgcn_qor,3,50,kmeans,1.5815292596817017,3.4391026496887207,1.857573390007019,0.029999999329447746,0.7662453651428223,0.7362453937530518,0.009999999776482582,0.4247573912143707,0.4147574007511139,0.0,1.1654168367385864,1.1654168367385864,0.11999999731779099,-0.2683906555175781,0.3883906602859497
9bd5be897febc88c,gemver-medium,gemver-medium,lv2:__PARA__L0-1.__PARA__L1-1.__PARA__L2-1.__PARA__L3-1.__PARA__L4-1.__PARA__L5-4.__PARA__L6-2.__PIPE__L0-off.__PIPE__L1-off.__PIPE__L3-off.__TILE__L0-1.__TILE__L1-1.__TILE__L3-1,target,support,support,finetune_dataset,data_565.pt,837213.0,sgformer_rgcn_qor,3,50,kmeans,1.789130687713623,3.458397388458252,1.669266700744629,0.029999999329447746,0.7869019508361816,0.7569019794464111,0.009999999776482582,0.3525976240634918,0.342597633600235,0.0,1.1832772493362427,1.1832772493362427,0.18000000715255737,-0.3166823387145996,0.496682345867157
858ff888300b806f,gemver-medium,gemver-medium,lv2:__PARA__L0-1.__PARA__L1-1.__PARA__L2-1.__PARA__L3-1.__PARA__L4-1.__PARA__L5-1.__PARA__L6-2.__PIPE__L0-off.__PIPE__L1-flatten.__PIPE__L3-off.__TILE__L0-1.__TILE__L1-1.__TILE__L3-8,target,support,support,finetune_dataset,data_448.pt,747465.0,sgformer_rgcn_qor,3,50,kmeans,1.8709250688552856,4.302282810211182,2.4313578605651855,0.6100000143051147,0.26652005314826965,0.3434799611568451,0.30000001192092896,0.7716792821884155,0.4716792702674866,0.6399999856948853,1.6914807558059692,1.051480770111084,0.12999999523162842,-0.4906134605407715,0.6206134557723999
32dfa05f97e3183b,gemver-medium,gemver-medium,lv2:__PARA__L0-1.__PARA__L1-1.__PARA__L2-1.__PARA__L3-1.__PARA__L4-1.__PARA__L5-5.__PARA__L6-32.__PIPE__L0-off.__PIPE__L1-off.__PIPE__L3-off.__TILE__L0-1.__TILE__L1-1.__TILE__L3-1,target,support,support,finetune_dataset,data_604.pt,471563.0,sgformer_rgcn_qor,3,50,kmeans,2.203202724456787,3.4344372749328613,1.2312345504760742,0.05000000074505806,0.597435474395752,0.547435462474823,0.019999999552965164,0.728350043296814,0.7083500623703003,0.019999999552965164,1.2112675905227661,1.1912676095962524,0.05999999865889549,-0.17903470993041992,0.2390347123146057
2932f44c3f2bc533,gemver-medium,gemver-medium,lv2:__PARA__L0-1.__PARA__L1-1.__PARA__L2-1.__PARA__L3-1.__PARA__L4-1.__PARA__L5-1.__PARA__L6-1.__PIPE__L0-flatten.__PIPE__L1-off.__PIPE__L3-off.__TILE__L0-1.__TILE__L1-1.__TILE__L3-1,target,support,support,finetune_dataset,data_430.pt,1657103.0,sgformer_rgcn_qor,3,50,kmeans,1.2966324090957642,3.6684937477111816,2.371861457824707,0.6399999856948853,0.41797879338264465,0.2220211923122406,0.41999998688697815,0.4220089018344879,0.0020089149475097656,1.2799999713897705,1.3604012727737427,0.08040130138397217,0.23999999463558197,-0.07886981964111328,0.31886982917785645
32d58a29b225edc8,gemver-medium,gemver-medium,lv2:__PARA__L0-1.__PARA__L1-1.__PARA__L2-1.__PARA__L3-1.__PARA__L4-1.__PARA__L5-4.__PARA__L6-1.__PIPE__L0-flatten.__PIPE__L1-off.__PIPE__L3-flatten.__TILE__L0-1.__TILE__L1-1.__TILE__L3-1,target,support,support,finetune_dataset,data_549.pt,258829.0,sgformer_rgcn_qor,3,50,kmeans,2.6359283924102783,4.563129901885986,1.927201509475708,0.8299999833106995,0.7949776649475098,0.0350223183631897,0.5400000214576721,-0.03313599154353142,0.573136031627655,1.2799999713897705,2.1072561740875244,0.8272562026977539,0.4300000071525574,-0.1799464225769043,0.6099464297294617
46fff6b5ab3176c1,gemver-medium,gemver-medium,lv2:__PARA__L0-1.__PARA__L1-1.__PARA__L2-1.__PARA__L3-1.__PARA__L4-1.__PARA__L5-1.__PARA__L6-20.__PIPE__L0-flatten.__PIPE__L1-off.__PIPE__L3-off.__TILE__L0-1.__TILE__L1-1.__TILE__L3-1,target,support,support,finetune_dataset,data_452.pt,909503.0,sgformer_rgcn_qor,3,50,kmeans,1.729388952255249,3.6672024726867676,1.9378135204315186,0.6700000166893005,0.2744489014148712,0.3955511152744293,0.41999998688697815,0.640792727470398,0.2207927405834198,1.2799999713897705,1.4457131624221802,0.16571319103240967,0.23999999463558197,-0.00808238610625267,0.24808238446712494
546ba9672e1bec4e,gemver-medium,gemver-medium,lv2:__PARA__L0-1.__PARA__L1-1.__PARA__L2-1.__PARA__L3-1.__PARA__L4-1.__PARA__L5-4.__PARA__L6-1.__PIPE__L0-off.__PIPE__L1-off.__PIPE__L3-flatten.__TILE__L0-1.__TILE__L1-1.__TILE__L3-1,target,support,support,finetune_dataset,data_552.pt,427265.0,sgformer_rgcn_qor,3,50,kmeans,2.274362564086914,4.555078983306885,2.2807164192199707,0.5,1.2106480598449707,0.7106480598449707,0.30000001192092896,-0.0019255690276622772,0.30192556977272034,0.6399999856948853,2.0550081729888916,1.4150081872940063,0.4300000071525574,-0.4958071708679199,0.9258071780204773
07cb38f49129dd42,gemver-medium,gemver-medium,lv2:__PARA__L0-1.__PARA__L1-1.__PARA__L2-1.__PARA__L3-1.__PARA__L4-1.__PARA__L5-1.__PARA__L6-1.__PIPE__L0-flatten.__PIPE__L1-flatten.__PIPE__L3-off.__TILE__L0-1.__TILE__L1-1.__TILE__L3-8,target,support,support,finetune_dataset,data_425.pt,923083.0,sgformer_rgcn_qor,3,50,kmeans,1.7186979055404663,4.390282154083252,2.671584129333496,1.0,-0.1354345977306366,1.135434627532959,0.6299999952316284,0.854643702507019,0.22464370727539062,1.75,1.741003155708313,0.008996844291687012,0.30000001192092896,-0.399594783782959,0.6995947957038879
ccf784e28e8d62ee,gemver-medium,gemver-medium,lv2:__PARA__L0-1.__PARA__L1-400.__PARA__L2-1.__PARA__L3-1.__PARA__L4-1.__PARA__L5-1.__PARA__L6-1.__PIPE__L0-flatten.__PIPE__L1-off.__PIPE__L3-off.__TILE__L0-1.__TILE__L1-1.__TILE__L3-1,target,support,support,finetune_dataset,data_652.pt,1657473.0,sgformer_rgcn_qor,3,50,kmeans,1.296471357345581,3.5119004249572754,2.2154290676116943,0.6499999761581421,1.3539280891418457,0.7039281129837036,0.41999998688697815,1.717922329902649,1.2979223728179932,1.2799999713897705,0.6807214617729187,0.5992785096168518,0.23999999463558197,-2.204770565032959,2.444770574569702
db822cddca8579a4,gemver-medium,gemver-medium,lv2:__PARA__L0-1.__PARA__L1-1.__PARA__L2-1.__PARA__L3-1.__PARA__L4-1.__PARA__L5-4.__PARA__L6-32.__PIPE__L0-flatten.__PIPE__L1-off.__PIPE__L3-off.__TILE__L0-1.__TILE__L1-1.__TILE__L3-1,target,support,support,finetune_dataset,data_574.pt,341573.0,sgformer_rgcn_qor,3,50,kmeans,2.435831069946289,3.665897846221924,1.2300667762756348,0.7400000095367432,0.1932072937488556,0.54679274559021,0.44999998807907104,0.807731032371521,0.35773104429244995,1.2799999713897705,1.5307618379592896,0.25076186656951904,0.4300000071525574,0.045522693544626236,0.38447731733322144
c21ced4ec6c175ca,gemver-medium,gemver-medium,lv2:__PARA__L0-1.__PARA__L1-1.__PARA__L2-1.__PARA__L3-1.__PARA__L4-1.__PARA__L5-5.__PARA__L6-20.__PIPE__L0-off.__PIPE__L1-off.__PIPE__L3-off.__TILE__L0-1.__TILE__L1-1.__TILE__L3-1,target,support,support,finetune_dataset,data_601.pt,445963.0,sgformer_rgcn_qor,3,50,kmeans,2.2434661388397217,3.447643756866455,1.2041776180267334,0.05000000074505806,0.6515564918518066,0.6015564799308777,0.019999999552965164,0.5725406408309937,0.55254065990448,0.009999999776482582,1.1861478090286255,1.1761478185653687,0.05999999865889549,-0.23207902908325195,0.29207903146743774
7991ac02ef164882,gemver-medium,gemver-medium,lv2:__PARA__L0-1.__PARA__L1-1.__PARA__L2-1.__PARA__L3-1.__PARA__L4-1.__PARA__L5-5.__PARA__L6-20.__PIPE__L0-off.__PIPE__L1-off.__PIPE__L3-NA.__TILE__L0-1.__TILE__L1-1.__TILE__L3-1,target,support,support,finetune_dataset,data_600.pt,437419.0,sgformer_rgcn_qor,3,50,kmeans,2.257420063018799,3.9150185585021973,1.6575984954833984,0.05999999865889549,0.8560338020324707,0.7960337996482849,0.019999999552965164,0.3881811201572418,0.36818110942840576,0.009999999776482582,1.6305257081985474,1.6205257177352905,0.05999999865889549,-0.3221158981323242,0.38211590051651
42bcdb5ed3fa6924,gemver-medium,gemver-medium,lv2:__PARA__L0-1.__PARA__L1-1.__PARA__L2-1.__PARA__L3-1.__PARA__L4-1.__PARA__L5-10.__PARA__L6-10.__PIPE__L0-off.__PIPE__L1-off.__PIPE__L3-NA.__TILE__L0-1.__TILE__L1-1.__TILE__L3-1,target,support,support,finetune_dataset,data_488.pt,399417.0,sgformer_rgcn_qor,3,50,kmeans,2.3229801654815674,3.9373021125793457,1.6143219470977783,0.05000000074505806,0.9059710502624512,0.8559710383415222,0.019999999552965164,0.3118704855442047,0.29187047481536865,0.009999999776482582,1.6939393281936646,1.6839393377304077,0.05000000074505806,-0.3787498474121094,0.42874985933303833
b447e908d3ee5320,gemver-medium,gemver-medium,lv2:__PARA__L0-1.__PARA__L1-1.__PARA__L2-1.__PARA__L3-1.__PARA__L4-1.__PARA__L5-2.__PARA__L6-8.__PIPE__L0-flatten.__PIPE__L1-off.__PIPE__L3-NA.__TILE__L0-1.__TILE__L1-1.__TILE__L3-1,target,support,support,finetune_dataset,data_545.pt,566535.0,sgformer_rgcn_qor,3,50,kmeans,2.070845603942871,4.1006646156311035,2.0298190116882324,0.6800000071525574,0.5633721351623535,0.11662787199020386,0.41999998688697815,0.27078762650489807,0.14921236038208008,1.2899999618530273,1.8083573579788208,0.5183573961257935,0.23999999463558197,-0.0038027726113796234,0.2438027709722519
db963af74fdef9e2,gemver-medium,gemver-medium,lv2:__PARA__L0-5.__PARA__L1-1.__PARA__L2-1.__PARA__L3-1.__PARA__L4-1.__PARA__L5-1.__PARA__L6-1.__PIPE__L0-flatten.__PIPE__L1-off.__PIPE__L3-off.__TILE__L0-1.__TILE__L1-1.__TILE__L3-1,target,support,support,finetune_dataset,data_655.pt,2317684.0,sgformer_rgcn_qor,3,50,kmeans,1.0546220541000366,3.687471866607666,2.63284969329834,3.2100000381469727,0.41587117314338684,2.794128894805908,2.059999942779541,0.4686068594455719,1.5913931131362915,6.429999828338623,1.3810826539993286,5.048917293548584,0.9900000095367432,-0.022534366697072983,1.0125343799591064
bd2704a0251c8884,gemver-medium,gemver-medium,lv2:__PARA__L0-1.__PARA__L1-1.__PARA__L2-1.__PARA__L3-1.__PARA__L4-1.__PARA__L5-1.__PARA__L6-400.__PIPE__L0-off.__PIPE__L1-off.__PIPE__L3-off.__TILE__L0-1.__TILE__L1-1.__TILE__L3-1,target,support,support,finetune_dataset,data_472.pt,1036856.0,sgformer_rgcn_qor,3,50,kmeans,1.6348562240600586,2.458042621612549,0.8231863975524902,0.17000000178813934,2.3724770545959473,2.202476978302002,0.20000000298023224,5.103636741638184,4.903636932373047,0.4699999988079071,1.8194485902786255,1.349448561668396,0.23999999463558197,-1.6194334030151367,1.8594334125518799
4275cd2136d7ac8c,gemver-medium,gemver-medium,lv2:__PARA__L0-1.__PARA__L1-1.__PARA__L2-1.__PARA__L3-1.__PARA__L4-1.__PARA__L5-2.__PARA__L6-25.__PIPE__L0-off.__PIPE__L1-off.__PIPE__L3-off.__TILE__L0-1.__TILE__L1-1.__TILE__L3-1,target,support,support,finetune_dataset,data_530.pt,674013.0,sgformer_rgcn_qor,3,50,kmeans,1.9455398321151733,3.4398961067199707,1.4943562746047974,0.03999999910593033,0.6406903266906738,0.6006903052330017,0.019999999552965164,0.6161874532699585,0.5961874723434448,0.009999999776482582,1.1457406282424927,1.1357406377792358,0.18000000715255737,-0.21338891983032227,0.39338892698287964
237b0c1afc129a58,gemver-medium,gemver-medium,lv2:__PARA__L0-1.__PARA__L1-1.__PARA__L2-1.__PARA__L3-1.__PARA__L4-1.__PARA__L5-5.__PARA__L6-10.__PIPE__L0-off.__PIPE__L1-off.__PIPE__L3-NA.__TILE__L0-1.__TILE__L1-1.__TILE__L3-1,target,support,support,finetune_dataset,data_594.pt,478022.0,sgformer_rgcn_qor,3,50,kmeans,2.193389654159546,3.9441380500793457,1.7507483959197998,0.03999999910593033,0.9401593208312988,0.9001592993736267,0.019999999552965164,0.26311245560646057,0.2431124597787857,0.009999999776482582,1.6555310487747192,1.6455310583114624,0.30000001192092896,-0.36739253997802734,0.6673925518989563
9f3221336f822498,gemver-medium,gemver-medium,lv2:__PARA__L0-1.__PARA__L1-1.__PARA__L2-1.__PARA__L3-1.__PARA__L4-1.__PARA__L5-1.__PARA__L6-1.__PIPE__L0-flatten.__PIPE__L1-flatten.__PIPE__L3-off.__TILE__L0-2.__TILE__L1-1.__TILE__L3-1,target,support,support,finetune_dataset,data_427.pt,885648.0,sgformer_rgcn_qor,3,50,kmeans,1.7485613822937012,4.2953362464904785,2.5467748641967773,1.2300000190734863,-0.0358252227306366,1.2658252716064453,0.9399999976158142,0.8341044187545776,0.10589557886123657,1.75,1.6360818147659302,0.11391818523406982,0.11999999731779099,-0.35108137130737305,0.47108137607574463
46f20070f755128c,gemver-medium,gemver-medium,lv2:__PARA__L0-1.__PARA__L1-1.__PARA__L2-1.__PARA__L3-1.__PARA__L4-1.__PARA__L5-1.__PARA__L6-1.__PIPE__L0-off.__PIPE__L1-flatten.__PIPE__L3-NA.__TILE__L0-1.__TILE__L1-1.__TILE__L3-8,target,support,support,finetune_dataset,data_431.pt,1091472.0,sgformer_rgcn_qor,3,50,kmeans,1.5978264808654785,4.871593952178955,3.2737674713134766,0.6200000047683716,0.5579476356506348,0.062052369117736816,0.3100000023841858,0.6088494062423706,0.2988494038581848,0.6399999856948853,2.1368277072906494,1.4968277215957642,0.18000000715255737,-0.6111669540405273,0.7911669611930847
658a43b6874223a8,gemver-medium,gemver-medium,lv2:__PARA__L0-1.__PARA__L1-1.__PARA__L2-1.__PARA__L3-1.__PARA__L4-2.__PARA__L5-1.__PARA__L6-400.__PIPE__L0-off.__PIPE__L1-flatten.__PIPE__L3-off.__TILE__L0-1.__TILE__L1-1.__TILE__L3-8,target,support,support,finetune_dataset,data_645.pt,174135.0,sgformer_rgcn_qor,3,50,kmeans,2.9218249320983887,2.76633882522583,0.1554861068725586,1.340000033378601,1.8841099739074707,0.5441099405288696,0.9599999785423279,5.635961532592773,4.675961494445801,2.0399999618530273,1.9235631227493286,0.11643683910369873,0.30000001192092896,-0.645930290222168,0.9459303021430969
09d1e6e62ac85248,gemver-medium,gemver-medium,lv2:__PARA__L0-1.__PARA__L1-1.__PARA__L2-1.__PARA__L3-1.__PARA__L4-1.__PARA__L5-8.__PARA__L6-2.__PIPE__L0-off.__PIPE__L1-off.__PIPE__L3-NA.__TILE__L0-1.__TILE__L1-1.__TILE__L3-1,target,support,support,finetune_dataset,data_620.pt,740462.0,sgformer_rgcn_qor,3,50,kmeans,1.8777152299880981,3.96427583694458,2.0865607261657715,0.029999999329447746,0.9696450233459473,0.9396450519561768,0.009999999776482582,0.2040170580148697,0.19401705265045166,0.0,1.6658841371536255,1.6658841371536255,0.28999999165534973,-0.4223332405090332,0.7123332023620605
78748ad5835958f4,gemver-medium,gemver-medium,lv2:__PARA__L0-1.__PARA__L1-1.__PARA__L2-1.__PARA__L3-1.__PARA__L4-1.__PARA__L5-1.__PARA__L6-32.__PIPE__L0-off.__PIPE__L1-flatten.__PIPE__L3-NA.__TILE__L0-1.__TILE__L1-1.__TILE__L3-8,target,support,support,finetune_dataset,data_462.pt,339417.0,sgformer_rgcn_qor,3,50,kmeans,2.440398693084717,4.765554904937744,2.3251562118530273,0.6299999952316284,0.32940343022346497,0.30059656500816345,0.3199999928474426,1.032236933708191,0.7122369408607483,0.6600000262260437,2.1231062412261963,1.4631061553955078,0.25,-0.4593791961669922,0.7093791961669922
38b5571df4d34783,gemver-medium,gemver-medium,lv2:__PARA__L0-1.__PARA__L1-1.__PARA__L2-1.__PARA__L3-1.__PARA__L4-1.__PARA__L5-2.__PARA__L6-4.__PIPE__L0-flatten.__PIPE__L1-off.__PIPE__L3-off.__TILE__L0-1.__TILE__L1-1.__TILE__L3-1,target,support,support,finetune_dataset,data_534.pt,669973.0,sgformer_rgcn_qor,3,50,kmeans,1.9498766660690308,3.6709389686584473,1.7210623025894165,0.6700000166893005,0.3902936279773712,0.2797063887119293,0.41999998688697815,0.46004000306129456,0.040040016174316406,1.2799999713897705,1.4061185121536255,0.12611854076385498,0.23999999463558197,-0.04668759927153587,0.28668758273124695
ea1c49f64583b28b,gemver-medium,gemver-medium,lv2:__PARA__L0-1.__PARA__L1-1.__PARA__L2-1.__PARA__L3-1.__PARA__L4-2.__PARA__L5-1.__PARA__L6-1.__PIPE__L0-off.__PIPE__L1-flatten.__PIPE__L3-off.__TILE__L0-1.__TILE__L1-1.__TILE__L3-8,target,support,support,finetune_dataset,data_636.pt,1011542.0,sgformer_rgcn_qor,3,50,kmeans,1.6526858806610107,4.30582857131958,2.6531426906585693,0.6200000047683716,0.26302388310432434,0.35697612166404724,0.3100000023841858,0.7690094709396362,0.45900946855545044,0.6399999856948853,1.6940175294876099,1.0540175437927246,0.18000000715255737,-0.49953269958496094,0.6795327067375183
fbfb7dd04c50fd12,gemver-medium,gemver-medium,lv2:__PARA__L0-1.__PARA__L1-1.__PARA__L2-1.__PARA__L3-1.__PARA__L4-1.__PARA__L5-4.__PARA__L6-4.__PIPE__L0-flatten.__PIPE__L1-off.__PIPE__L3-off.__TILE__L0-1.__TILE__L1-1.__TILE__L3-1,target,support,support,finetune_dataset,data_577.pt,471973.0,sgformer_rgcn_qor,3,50,kmeans,2.202575922012329,3.675907611846924,1.4733316898345947,0.7300000190734863,0.3753342926502228,0.35466572642326355,0.4399999976158142,0.46931686997413635,0.029316872358322144,1.2799999713897705,1.4411717653274536,0.1611717939376831,0.4300000071525574,-0.041814323514699936,0.4718143343925476
101fa2327321d834,gemver-medium,gemver-medium,lv2:__PARA__L0-1.__PARA__L1-16.__PARA__L2-1.__PARA__L3-1.__PARA__L4-1.__PARA__L5-1.__PARA__L6-1.__PIPE__L0-flatten.__PIPE__L1-off.__PIPE__L3-off.__TILE__L0-1.__TILE__L1-1.__TILE__L3-1,target,support,support,finetune_dataset,data_651.pt,1721319.0,sgformer_rgcn_qor,3,50,kmeans,1.2692067623138428,3.771996021270752,2.502789258956909,0.6499999761581421,0.2911267578601837,0.3588732182979584,0.4300000071525574,0.5501621961593628,0.12016218900680542,1.2799999713897705,1.3831101655960083,0.10311019420623779,0.23999999463558197,0.13210487365722656,0.10789512097835541
9c8bd01095d1e0ca,gemver-medium,gemver-medium,lv2:__PARA__L0-1.__PARA__L1-1.__PARA__L2-1.__PARA__L3-1.__PARA__L4-1.__PARA__L5-5.__PARA__L6-8.__PIPE__L0-off.__PIPE__L1-off.__PIPE__L3-off.__TILE__L0-1.__TILE__L1-1.__TILE__L3-1,target,support,support,finetune_dataset,data_611.pt,504364.0,sgformer_rgcn_qor,3,50,kmeans,2.154695510864258,3.4486985206604004,1.2940030097961426,0.029999999329447746,0.7461342811584473,0.7161343097686768,0.009999999776482582,0.4218834936618805,0.41188350319862366,0.0,1.2119561433792114,1.2119561433792114,0.30000001192092896,-0.28180408477783203,0.581804096698761
5bbc7c58da47afbc,gemver-medium,gemver-medium,lv2:__PARA__L0-1.__PARA__L1-1.__PARA__L2-1.__PARA__L3-1.__PARA__L4-1.__PARA__L5-1.__PARA__L6-64.__PIPE__L0-off.__PIPE__L1-off.__PIPE__L3-off.__TILE__L0-1.__TILE__L1-1.__TILE__L3-1,target,support,support,finetune_dataset,data_481.pt,1093212.0,sgformer_rgcn_qor,3,50,kmeans,1.5966774225234985,3.3095860481262207,1.7129086256027222,0.05999999865889549,0.6456494331359863,0.5856494307518005,0.029999999329447746,1.0955008268356323,1.0655008554458618,0.03999999910593033,1.2190419435501099,1.1790419816970825,0.28999999165534973,0.07091450691223145,0.2190854847431183
ec64060c6b189307,trmm-opt,trmm-opt,lv2:__PARA__L0-1.__PARA__L1-10.__PARA__L2-60.__PIPE__L0-off.__PIPE__L1-NA.__TILE__L0-1.__TILE__L1-1,target,support,support,finetune_dataset,data_1081.pt,27747.0,sgformer_rgcn_qor,3,50,kmeans,4.246726036071777,1.9502053260803223,2.296520709991455,0.5899999737739563,0.40612104535102844,0.18387892842292786,0.3400000035762787,0.15609903633594513,0.18390096724033356,0.9599999785423279,0.02212851494550705,0.9378714561462402,0.0,0.07549476623535156,0.07549476623535156
f9f2f71ec25fe3fb,trmm-opt,trmm-opt,lv2:__PARA__L0-6.__PARA__L1-8.__PARA__L2-1.__PIPE__L0-off.__PIPE__L1-flatten.__TILE__L0-1.__TILE__L1-1,target,support,support,finetune_dataset,data_1136.pt,4592.0,sgformer_rgcn_qor,3,50,kmeans,5.544294834136963,2.4500606060028076,3.0942342281341553,2.2699999809265137,-0.005891770124435425,2.2758917808532715,11.029999732971191,0.043976444751024246,10.98602294921875,4.409999847412109,0.36760324239730835,4.042396545410156,0.0,0.23717379570007324,0.23717379570007324
6b6146a4aac73f5f,trmm-opt,trmm-opt,lv2:__PARA__L0-1.__PARA__L1-20.__PARA__L2-1.__PIPE__L0-off.__PIPE__L1-flatten.__TILE__L0-1.__TILE__L1-4,target,support,support,finetune_dataset,data_1096.pt,25107.0,sgformer_rgcn_qor,3,50,kmeans,4.318847179412842,2.408388376235962,1.9104588031768799,1.159999966621399,0.1292908489704132,1.030709147453308,0.6800000071525574,0.05217589810490608,0.6278241276741028,1.9199999570846558,0.4764677882194519,1.4435322284698486,0.0,0.2343308925628662,0.2343308925628662
264c7a4271e56457,trmm-opt,trmm-opt,lv2:__PARA__L0-1.__PARA__L1-1.__PARA__L2-12.__PIPE__L0-off.__PIPE__L1-off.__TILE__L0-1.__TILE__L1-80,target,support,support,finetune_dataset,data_1043.pt,337647.0,sgformer_rgcn_qor,3,50,kmeans,2.4441702365875244,1.7230937480926514,0.721076488494873,0.009999999776482582,0.6777212619781494,0.6677212715148926,0.0,0.0453961081802845,0.0453961081802845,0.0,0.0071346089243888855,0.0071346089243888855,0.05999999865889549,-0.07724261283874512,0.1372426152229309
56fb027c5c12b299,trmm-opt,trmm-opt,lv2:__PARA__L0-1.__PARA__L1-1.__PARA__L2-3.__PIPE__L0-off.__PIPE__L1-off.__TILE__L0-1.__TILE__L1-80,target,support,support,finetune_dataset,data_1055.pt,644847.0,sgformer_rgcn_qor,3,50,kmeans,1.977449655532837,1.7242188453674316,0.2532308101654053,0.0,0.748643159866333,0.748643159866333,0.0,-0.04869256541132927,0.04869256541132927,0.0,-0.0029044821858406067,0.0029044821858406067,0.019999999552965164,-0.06701135635375977,0.08701135218143463
37e8eb0b00f39883,trmm-opt,trmm-opt,lv2:__PARA__L0-1.__PARA__L1-1.__PARA__L2-1.__PIPE__L0-off.__PIPE__L1-off.__TILE__L0-1.__TILE__L1-1,target,support,support,finetune_dataset,data_1037.pt,1547247.0,sgformer_rgcn_qor,3,50,kmeans,1.3461122512817383,1.7162928581237793,0.370180606842041,0.0,0.4044819176197052,0.4044819176197052,0.0,-0.08899484574794769,0.08899484574794769,0.0,0.3440482020378113,0.3440482020378113,0.019999999552965164,0.02116108313202858,0.0011610835790634155
768ea1e341a9dfd2,trmm-opt,trmm-opt,lv2:__PARA__L0-1.__PARA__L1-4.__PARA__L2-1.__PIPE__L0-off.__PIPE__L1-flatten.__TILE__L0-60.__TILE__L1-1,target,support,support,finetune_dataset,data_1103.pt,26069.0,sgformer_rgcn_qor,3,50,kmeans,4.291724681854248,2.4255170822143555,1.8662075996398926,0.30000001192092896,0.5135540962219238,0.21355408430099487,0.15000000596046448,0.11466802656650543,0.035331979393959045,0.3799999952316284,0.18762987852096558,0.19237011671066284,0.009999999776482582,-0.03133725747466087,0.041337259113788605
bb209d7362f59f03,trmm-opt,trmm-opt,lv2:__PARA__L0-1.__PARA__L1-1.__PARA__L2-1.__PIPE__L0-off.__PIPE__L1-flatten.__TILE__L0-1.__TILE__L1-80,target,support,support,finetune_dataset,data_1035.pt,28767.0,sgformer_rgcn_qor,3,50,kmeans,4.22068452835083,2.005126476287842,2.2155580520629883,0.1599999964237213,0.5090463161468506,0.3490463197231293,0.05999999865889549,0.5569225549697876,0.4969225525856018,0.09000000357627869,0.2781314253807068,0.1881314218044281,0.009999999776482582,-0.6130053997039795,0.6230053901672363
9f7b7b5cedfda7ff,trmm-opt,trmm-opt,lv2:__PARA__L0-1.__PARA__L1-1.__PARA__L2-32.__PIPE__L0-off.__PIPE__L1-off.__TILE__L0-60.__TILE__L1-1,target,support,support,finetune_dataset,data_1061.pt,1029341.0,sgformer_rgcn_qor,3,50,kmeans,1.6401035785675049,1.8918328285217285,0.25172924995422363,0.10999999940395355,0.8415274620056152,0.7315274477005005,0.029999999329447746,-0.1870032399892807,0.2170032411813736,0.019999999552965164,0.35417431592941284,0.3341743052005768,0.009999999776482582,0.008963111788034439,0.001036887988448143
75e9f653022501f1,trmm-opt,trmm-opt,lv2:__PARA__L0-4.__PARA__L1-16.__PARA__L2-1.__PIPE__L0-off.__PIPE__L1-flatten.__TILE__L0-1.__TILE__L1-1,target,support,support,finetune_dataset,data_1130.pt,3105.0,sgformer_rgcn_qor,3,50,kmeans,5.826559543609619,2.453700065612793,3.372859477996826,3.130000114440918,0.046354323625564575,3.083645820617676,14.84000015258789,0.03727557137608528,14.802724838256836,5.989999771118164,0.4265522360801697,5.56344747543335,0.009999999776482582,0.25564050674438477,0.24564050137996674
79e57f3206588e67,trmm-opt,trmm-opt,lv2:__PARA__L0-1.__PARA__L1-10.__PARA__L2-60.__PIPE__L0-off.__PIPE__L1-NA.__TILE__L0-1.__TILE__L1-8,target,support,support,finetune_dataset,data_1082.pt,27747.0,sgformer_rgcn_qor,3,50,kmeans,4.246726036071777,1.9458990097045898,2.3008270263671875,0.5899999737739563,0.35246971249580383,0.23753026127815247,0.3400000035762787,0.20818699896335602,0.13181300461292267,0.9599999785423279,0.23143142461776733,0.7285685539245605,0.0,0.17393255233764648,0.17393255233764648
9c2cf59629e7f453,trmm-opt,trmm-opt,lv2:__PARA__L0-1.__PARA__L1-4.__PARA__L2-60.__PIPE__L0-off.__PIPE__L1-NA.__TILE__L0-1.__TILE__L1-1,target,support,support,finetune_dataset,data_1104.pt,26069.0,sgformer_rgcn_qor,3,50,kmeans,4.291724681854248,1.9883313179016113,2.3033933639526367,0.30000001192092896,0.4211771786212921,0.12117716670036316,0.15000000596046448,0.1557157188653946,0.005715712904930115,0.3799999952316284,-0.042673416435718536,0.42267340421676636,0.009999999776482582,0.08551740646362305,0.07551740854978561
598c17562c1a5283,trmm-opt,trmm-opt,lv2:__PARA__L0-1.__PARA__L1-8.__PARA__L2-60.__PIPE__L0-off.__PIPE__L1-off.__TILE__L0-1.__TILE__L1-1,target,support,support,finetune_dataset,data_1114.pt,24567.0,sgformer_rgcn_qor,3,50,kmeans,4.334531307220459,1.8888235092163086,2.4457077980041504,0.4699999988079071,0.5490002632141113,0.07900026440620422,0.2800000011920929,0.09991277754306793,0.18008722364902496,0.7599999904632568,-0.007140941917896271,0.7671409249305725,0.009999999776482582,0.0005414523184299469,0.009458547458052635
7bd4fa45a98f9195,trmm-opt,trmm-opt,lv2:__PARA__L0-1.__PARA__L1-10.__PARA__L2-1.__PIPE__L0-off.__PIPE__L1-flatten.__TILE__L0-1.__TILE__L1-8,target,support,support,finetune_dataset,data_1079.pt,27747.0,sgformer_rgcn_qor,3,50,kmeans,4.246726036071777,2.377894639968872,1.8688313961029053,0.5899999737739563,0.052531272172927856,0.537468671798706,0.3400000035762787,0.14172162115573883,0.19827838242053986,0.9599999785423279,0.49006766080856323,0.46993231773376465,0.0,0.30991625785827637,0.30991625785827637
e0526172df1e7cf7,trmm-opt,trmm-opt,lv2:__PARA__L0-1.__PARA__L1-1.__PARA__L2-60.__PIPE__L0-off.__PIPE__L1-NA.__TILE__L0-60.__TILE__L1-1,target,support,support,finetune_dataset,data_1071.pt,9387.0,sgformer_rgcn_qor,3,50,kmeans,5.028523921966553,2.1107702255249023,2.9177536964416504,0.1599999964237213,0.5349819660186768,0.37498196959495544,0.05999999865889549,0.13949789106845856,0.07949788868427277,0.09000000357627869,0.30733293294906616,0.21733292937278748,0.009999999776482582,0.02303505316376686,0.013035053387284279
03a12bc30dd2e935,trmm-opt,trmm-opt,lv2:__PARA__L0-1.__PARA__L1-16.__PARA__L2-60.__PIPE__L0-off.__PIPE__L1-off.__TILE__L0-1.__TILE__L1-1,target,support,support,finetune_dataset,data_1088.pt,24267.0,sgformer_rgcn_qor,3,50,kmeans,4.3433942794799805,1.9704535007476807,2.3729407787323,0.9399999976158142,0.5271964073181152,0.412803590297699,0.550000011920929,0.16882003843784332,0.3811799883842468,1.5299999713897705,0.03966587036848068,1.490334153175354,0.009999999776482582,0.054601673036813736,0.044601671397686005
bad25a4a5fdb07e0,trmm-opt,trmm-opt,lv2:__PARA__L0-1.__PARA__L1-5.__PARA__L2-1.__PIPE__L0-off.__PIPE__L1-flatten.__TILE__L0-60.__TILE__L1-1,target,support,support,finetune_dataset,data_1108.pt,33032.0,sgformer_rgcn_qor,3,50,kmeans,4.120959758758545,2.419435739517212,1.701524019241333,0.30000001192092896,0.5121011734008789,0.21210116147994995,0.17000000178813934,0.11350454390048981,0.056495457887649536,0.47999998927116394,0.19938582181930542,0.2806141674518585,0.009999999776482582,-0.016916032880544662,0.026916032657027245
084c86c4ad3639ac,trmm-opt,trmm-opt,lv2:__PARA__L0-4.__PARA__L1-8.__PARA__L2-1.__PIPE__L0-off.__PIPE__L1-flatten.__TILE__L0-1.__TILE__L1-1,target,support,support,finetune_dataset,data_1134.pt,3180.0,sgformer_rgcn_qor,3,50,kmeans,5.809342861175537,2.458573579788208,3.350769281387329,1.5700000524520874,0.007686644792556763,1.562313437461853,7.429999828338623,0.04009260609745979,7.389907360076904,2.990000009536743,0.3720046877861023,2.617995262145996,0.009999999776482582,0.24396753311157227,0.23396752774715424
79c90b254f6a81cb,trmm-opt,trmm-opt,lv2:__PARA__L0-1.__PARA__L1-2.__PARA__L2-60.__PIPE__L0-off.__PIPE__L1-NA.__TILE__L0-60.__TILE__L1-1,target,support,support,finetune_dataset,data_1092.pt,29669.0,sgformer_rgcn_qor,3,50,kmeans,4.198413848876953,2.111311912536621,2.087101936340332,0.20999999344348907,0.526494026184082,0.31649404764175415,0.09000000357627869,0.15556062757968903,0.06556062400341034,0.1899999976158142,0.3283209204673767,0.1383209228515625,0.009999999776482582,0.0413970984518528,0.03139709681272507
a34e73c0529a9001,trmm-opt,trmm-opt,lv2:__PARA__L0-1.__PARA__L1-1.__PARA__L2-1.__PIPE__L0-off.__PIPE__L1-flatten.__TILE__L0-1.__TILE__L1-1,target,support,support,finetune_dataset,data_1034.pt,28767.0,sgformer_rgcn_qor,3,50,kmeans,4.22068452835083,2.478949785232544,1.7417347431182861,0.1599999964237213,0.061756640672683716,0.0982433557510376,0.05999999865889549,0.011521119624376297,0.048478879034519196,0.09000000357627869,0.23605221509933472,0.14605221152305603,0.009999999776482582,0.24440526962280273,0.2344052642583847
c5a641a415702654,trmm-opt,trmm-opt,lv2:__PARA__L0-1.__PARA__L1-1.__PARA__L2-60.__PIPE__L0-off.__PIPE__L1-NA.__TILE__L0-1.__TILE__L1-80,target,support,support,finetune_dataset,data_1070.pt,9387.0,sgformer_rgcn_qor,3,50,kmeans,5.028523921966553,1.8001468181610107,3.228377103805542,0.1599999964237213,0.17150190472602844,0.011501908302307129,0.05999999865889549,0.6534016132354736,0.5934016108512878,0.09000000357627869,0.2865397334098816,0.1965397298336029,0.009999999776482582,-0.2169637680053711,0.22696377336978912
4fed56ed046aca2f,trmm-opt,trmm-opt,lv2:__PARA__L0-1.__PARA__L1-20.__PARA__L2-60.__PIPE__L0-off.__PIPE__L1-NA.__TILE__L0-1.__TILE__L1-1,target,support,support,finetune_dataset,data_1098.pt,25107.0,sgformer_rgcn_qor,3,50,kmeans,4.318847179412842,2.017089366912842,2.3017578125,1.159999966621399,0.3754723370075226,0.7845276594161987,0.6800000071525574,0.19840462505817413,0.48159539699554443,1.9199999570846558,0.08563678711652756,1.8343632221221924,0.0,0.1194601058959961,0.1194601058959961
074212ad079c0aac,trmm-opt,trmm-opt,lv2:__PARA__L0-1.__PARA__L1-1.__PARA__L2-1.__PIPE__L0-off.__PIPE__L1-off.__TILE__L0-1.__TILE__L1-80,target,support,support,finetune_dataset,data_1038.pt,1547247.0,sgformer_rgcn_qor,3,50,kmeans,1.3461122512817383,1.719057321548462,0.37294507026672363,0.0,0.757474422454834,0.757474422454834,0.0,-0.03634880110621452,0.03634880110621452,0.0,-0.0045514777302742004,0.0045514777302742004,0.019999999552965164,-0.07648921012878418,0.09648920595645905
08d05a519d53e0dc,trmm-opt,trmm-opt,lv2:__PARA__L0-1.__PARA__L1-1.__PARA__L2-8.__PIPE__L0-off.__PIPE__L1-off.__TILE__L0-1.__TILE__L1-80,target,support,support,finetune_dataset,data_1076.pt,496301.0,sgformer_rgcn_qor,3,50,kmeans,2.166320323944092,1.7176973819732666,0.4486229419708252,0.009999999776482582,0.7145326137542725,0.7045326232910156,0.0,0.01065017655491829,0.01065017655491829,0.0,0.004886321723461151,0.004886321723461151,0.03999999910593033,-0.09226107597351074,0.13226106762886047
2e61c83e12f5164c,trmm-opt,trmm-opt,lv2:__PARA__L0-2.__PARA__L1-20.__PARA__L2-1.__PIPE__L0-off.__PIPE__L1-flatten.__TILE__L0-1.__TILE__L1-1,target,support,support,finetune_dataset,data_1120.pt,3998.0,sgformer_rgcn_qor,3,50,kmeans,5.644217014312744,2.443596601486206,3.200620412826538,2.119999885559082,0.10593679547309875,2.0140631198883057,7.260000228881836,0.033598680049180984,7.226401329040527,3.799999952316284,0.4136490225791931,3.3863508701324463,0.0,0.22075271606445312,0.22075271606445312
7d8b6b4e1afa7428,trmm-opt,trmm-opt,lv2:__PARA__L0-1.__PARA__L1-16.__PARA__L2-60.__PIPE__L0-off.__PIPE__L1-NA.__TILE__L0-1.__TILE__L1-1,target,support,support,finetune_dataset,data_1087.pt,24267.0,sgformer_rgcn_qor,3,50,kmeans,4.3433942794799805,1.9693779945373535,2.374016284942627,0.9399999976158142,0.38529589772224426,0.5547040700912476,0.550000011920929,0.18203021585941315,0.367969810962677,1.5299999713897705,0.07156341522932053,1.4584366083145142,0.009999999776482582,0.09728670120239258,0.08728670328855515
f7a465d16bffa9ba,trmm-opt,trmm-opt,lv2:__PARA__L0-3.__PARA__L1-2.__PARA__L2-1.__PIPE__L0-off.__PIPE__L1-flatten.__TILE__L0-1.__TILE__L1-1,target,support,support,finetune_dataset,data_1126.pt,8028.0,sgformer_rgcn_qor,3,50,kmeans,5.141335964202881,2.468318462371826,2.6730175018310547,0.41999998688697815,0.03461936116218567,0.3853806257247925,4.699999809265137,0.0381556935608387,4.661844253540039,0.5600000023841858,0.2867884039878845,0.27321159839630127,0.009999999776482582,0.24143314361572266,0.23143313825130463
74b6c3372f68e5ed,trmm-opt,trmm-opt,lv2:__PARA__L0-4.__PARA__L1-4.__PARA__L2-1.__PIPE__L0-off.__PIPE__L1-flatten.__TILE__L0-1.__TILE__L1-1,target,support,support,finetune_dataset,data_1132.pt,4234.0,sgformer_rgcn_qor,3,50,kmeans,5.602845668792725,2.4672539234161377,3.135591745376587,0.8899999856948853,0.017380982637405396,0.8726190328598022,7.050000190734863,0.036152858287096024,7.013847351074219,1.4900000095367432,0.3242132067680359,1.1657867431640625,0.009999999776482582,0.2408607006072998,0.23086069524288177
8376225e029a3a76,trmm-opt,trmm-opt,lv2:__PARA__L0-1.__PARA__L1-2.__PARA__L2-1.__PIPE__L0-off.__PIPE__L1-flatten.__TILE__L0-1.__TILE__L1-1,target,support,support,finetune_dataset,data_1089.pt,29669.0,sgformer_rgcn_qor,3,50,kmeans,4.198413848876953,2.477701425552368,1.720712423324585,0.20999999344348907,0.057600051164627075,0.152399942278862,0.09000000357627869,0.02357472851872444,0.06642527878284454,0.1899999976158142,0.2580499053001404,0.06804990768432617,0.009999999776482582,0.2429792881011963,0.23297928273677826
1747dfcaa081a2a5,trmm-opt,trmm-opt,lv2:__PARA__L0-1.__PARA__L1-1.__PARA__L2-4.__PIPE__L0-off.__PIPE__L1-off.__TILE__L0-1.__TILE__L1-1,target,support,support,finetune_dataset,data_1062.pt,553647.0,sgformer_rgcn_qor,3,50,kmeans,2.08744478225708,1.7055284976959229,0.3819162845611572,0.0,0.4261637032032013,0.4261637032032013,0.0,-0.08726619184017181,0.08726619184017181,0.0,0.3240765929222107,0.3240765929222107,0.019999999552965164,0.013488773256540298,0.006511226296424866
9554926e4c2b5677,trmm-opt,trmm-opt,lv2:__PARA__L0-1.__PARA__L1-1.__PARA__L2-60.__PIPE__L0-off.__PIPE__L1-off.__TILE__L0-1.__TILE__L1-80,target,support,support,finetune_dataset,data_1073.pt,246747.0,sgformer_rgcn_qor,3,50,kmeans,2.6704118251800537,1.844416618347168,0.8259952068328857,0.10999999940395355,0.34162214398384094,0.2316221445798874,0.029999999329447746,0.40146782994270325,0.37146782875061035,0.009999999776482582,0.2253682017326355,0.21536819636821747,0.009999999776482582,0.0529019869863987,0.042901985347270966
012450940dcf011f,trmm-opt,trmm-opt,lv2:__PARA__L0-10.__PARA__L1-8.__PARA__L2-1.__PIPE__L0-off.__PIPE__L1-flatten.__TILE__L0-1.__TILE__L1-1,target,support,support,finetune_dataset,data_1115.pt,5403.0,sgformer_rgcn_qor,3,50,kmeans,5.426975727081299,2.4383630752563477,2.988612651824951,3.549999952316284,-0.035342663526535034,3.5853426456451416,16.1299991607666,0.04535140469670296,16.08464813232422,7.099999904632568,0.3730916380882263,6.726908206939697,0.0,0.22892403602600098,0.22892403602600098
6c63a264071adcb0,trmm-opt,trmm-opt,lv2:__PARA__L0-1.__PARA__L1-10.__PARA__L2-1.__PIPE__L0-off.__PIPE__L1-flatten.__TILE__L0-1.__TILE__L1-1,target,support,support,finetune_dataset,data_1078.pt,27747.0,sgformer_rgcn_qor,3,50,kmeans,4.246726036071777,2.4517998695373535,1.7949261665344238,0.5899999737739563,0.046283990144729614,0.5437159538269043,0.3400000035762787,0.04492809250950813,0.29507189989089966,0.9599999785423279,0.35825079679489136,0.6017491817474365,0.0,0.2584817409515381,0.2584817409515381
f40ab226ef938ff6,trmm-opt,trmm-opt,lv2:__PARA__L0-1.__PARA__L1-20.__PARA__L2-60.__PIPE__L0-off.__PIPE__L1-off.__TILE__L0-1.__TILE__L1-1,target,support,support,finetune_dataset,data_1100.pt,25107.0,sgformer_rgcn_qor,3,50,kmeans,4.318847179412842,2.0226552486419678,2.296191930770874,1.159999966621399,0.5140995979309082,0.6459003686904907,0.6800000071525574,0.1879735141992569,0.49202650785446167,1.9199999570846558,0.040537528693675995,1.879462480545044,0.0,0.07862377166748047,0.07862377166748047
db2407ae49482c94,trmm-opt,trmm-opt,lv2:__PARA__L0-1.__PARA__L1-10.__PARA__L2-60.__PIPE__L0-off.__PIPE__L1-off.__TILE__L0-1.__TILE__L1-8,target,support,support,finetune_dataset,data_1084.pt,27747.0,sgformer_rgcn_qor,3,50,kmeans,4.246726036071777,1.8373451232910156,2.4093809127807617,0.5899999737739563,0.46032097935676575,0.12967899441719055,0.3400000035762787,0.12676967680454254,0.21323032677173615,0.9599999785423279,0.23133105039596558,0.7286689281463623,0.0,0.09949207305908203,0.09949207305908203
1e2e7e6145e4a706,trmm-opt,trmm-opt,lv2:__PARA__L0-1.__PARA__L1-20.__PARA__L2-1.__PIPE__L0-off.__PIPE__L1-flatten.__TILE__L0-60.__TILE__L1-1,target,support,support,finetune_dataset,data_1097.pt,25107.0,sgformer_rgcn_qor,3,50,kmeans,4.318847179412842,2.397002696990967,1.921844482421875,1.159999966621399,0.690406322479248,0.4695936441421509,0.6800000071525574,0.09715355932712555,0.582846462726593,1.9199999570846558,0.38403433561325073,1.5359656810760498,0.0,0.11402130126953125,0.11402130126953125
236b6e7ccd6fd621,trmm-opt,trmm-opt,lv2:__PARA__L0-1.__PARA__L1-20.__PARA__L2-60.__PIPE__L0-off.__PIPE__L1-off.__TILE__L0-1.__TILE__L1-4,target,support,support,finetune_dataset,data_1101.pt,25107.0,sgformer_rgcn_qor,3,50,kmeans,4.318847179412842,1.992447853088379,2.326399326324463,1.159999966621399,0.4736523926258087,0.6863476037979126,0.6800000071525574,0.1987832933664322,0.4812167286872864,1.9199999570846558,0.13733142614364624,1.7826685905456543,0.0,0.10382437705993652,0.10382437705993652
b0a03dc635568a28,trmm-opt,trmm-opt,lv2:__PARA__L0-1.__PARA__L1-2.__PARA__L2-60.__PIPE__L0-off.__PIPE__L1-off.__TILE__L0-1.__TILE__L1-1,target,support,support,finetune_dataset,data_1093.pt,29669.0,sgformer_rgcn_qor,3,50,kmeans,4.198413848876953,1.8408493995666504,2.3575644493103027,0.20999999344348907,0.5936369895935059,0.383637011051178,0.09000000357627869,0.09490503370761871,0.004905030131340027,0.1899999976158142,-0.0753210261464119,0.2653210163116455,0.009999999776482582,-0.009542938321828842,0.019542938098311424
861efb7dcdb6536c,trmm-opt,trmm-opt,lv2:__PARA__L0-1.__PARA__L1-16.__PARA__L2-1.__PIPE__L0-off.__PIPE__L1-flatten.__TILE__L0-60.__TILE__L1-1,target,support,support,finetune_dataset,data_1086.pt,24267.0,sgformer_rgcn_qor,3,50,kmeans,4.3433942794799805,2.3954482078552246,1.9479460716247559,0.9399999976158142,0.6329083442687988,0.3070916533470154,0.550000011920929,0.10228170454502106,0.4477183222770691,1.5299999713897705,0.3304581046104431,1.1995418071746826,0.009999999776482582,0.06338906288146973,0.053389064967632294
4e627ce0f3961f96,trmm-opt,trmm-opt,lv2:__PARA__L0-3.__PARA__L1-10.__PARA__L2-1.__PIPE__L0-off.__PIPE__L1-flatten.__TILE__L0-1.__TILE__L1-1,target,support,support,finetune_dataset,data_1124.pt,7387.0,sgformer_rgcn_qor,3,50,kmeans,5.201362133026123,2.457986354827881,2.743375778198242,1.5199999809265137,0.021781474351882935,1.4982185363769531,6.570000171661377,0.04796280339360237,6.522037506103516,2.8299999237060547,0.386335551738739,2.443664312362671,0.0,0.2616763114929199,0.2616763114929199
f8679f7ce3046dcc,trmm-opt,trmm-opt,lv2:__PARA__L0-1.__PARA__L1-20.__PARA__L2-1.__PIPE__L0-off.__PIPE__L1-flatten.__TILE__L0-1.__TILE__L1-1,target,support,support,finetune_dataset,data_1095.pt,25107.0,sgformer_rgcn_qor,3,50,kmeans,4.318847179412842,2.4374325275421143,1.8814146518707275,1.159999966621399,0.11951234936714172,1.0404876470565796,0.6800000071525574,0.028683561831712723,0.6513164639472961,1.9199999570846558,0.3942691683769226,1.525730848312378,0.0,0.21942710876464844,0.21942710876464844
7316fec737d23540,trmm-opt,trmm-opt,lv2:__PARA__L0-1.__PARA__L1-20.__PARA__L2-60.__PIPE__L0-off.__PIPE__L1-NA.__TILE__L0-1.__TILE__L1-4,target,support,support,finetune_dataset,data_1099.pt,25107.0,sgformer_rgcn_qor,3,50,kmeans,4.318847179412842,2.0167102813720703,2.3021368980407715,1.159999966621399,0.34445980191230774,0.8155401945114136,0.6800000071525574,0.21836616098880768,0.4616338610649109,1.9199999570846558,0.17913788557052612,1.7408621311187744,0.0,0.14438414573669434,0.14438414573669434
32c04c480aaeaca8,trmm-opt,trmm-opt,lv2:__PARA__L0-1.__PARA__L1-8.__PARA__L2-1.__PIPE__L0-off.__PIPE__L1-flatten.__TILE__L0-60.__TILE__L1-1,target,support,support,finetune_dataset,data_1112.pt,24567.0,sgformer_rgcn_qor,3,50,kmeans,4.334531307220459,2.4067223072052,1.9278090000152588,0.4699999988079071,0.5226149559020996,0.052614957094192505,0.2800000011920929,0.09607495367527008,0.18392504751682281,0.7599999904632568,0.23901671171188354,0.5209832787513733,0.009999999776482582,0.014688495546579361,0.004688495770096779
0d84e7faa73503ba,trmm-opt,trmm-opt,lv2:__PARA__L0-1.__PARA__L1-1.__PARA__L2-60.__PIPE__L0-off.__PIPE__L1-off.__TILE__L0-60.__TILE__L1-1,target,support,support,finetune_dataset,data_1074.pt,246747.0,sgformer_rgcn_qor,3,50,kmeans,2.6704118251800537,1.9459924697875977,0.724419355392456,0.10999999940395355,0.6482748985290527,0.538274884223938,0.029999999329447746,-0.07727240025997162,0.10727240145206451,0.009999999776482582,0.40274113416671753,0.3927411437034607,0.009999999776482582,0.20268702507019043,0.1926870197057724
c7e892bf04674ff8,trmm-opt,trmm-opt,lv2:__PARA__L0-1.__PARA__L1-1.__PARA__L2-15.__PIPE__L0-off.__PIPE__L1-off.__TILE__L0-1.__TILE__L1-1,target,support,support,finetune_dataset,data_1045.pt,337647.0,sgformer_rgcn_qor,3,50,kmeans,2.4441702365875244,1.6886277198791504,0.755542516708374,0.029999999329447746,0.5170137882232666,0.4870137870311737,0.009999999776482582,-0.025546174496412277,0.03554617613554001,0.0,0.21103757619857788,0.21103757619857788,0.03999999910593033,-0.06609058380126953,0.10609058290719986
92991a91512690d7,trmm-opt,trmm-opt,lv2:__PARA__L0-2.__PARA__L1-2.__PARA__L2-1.__PIPE__L0-off.__PIPE__L1-flatten.__TILE__L0-1.__TILE__L1-1,target,support,support,finetune_dataset,data_1119.pt,6878.0,sgformer_rgcn_qor,3,50,kmeans,5.252861499786377,2.473888635635376,2.778972864151001,0.3499999940395355,0.0459461510181427,0.3040538430213928,2.509999990463257,0.03534771874547005,2.4746522903442383,0.3799999952316284,0.2766708731651306,0.1033291220664978,0.009999999776482582,0.24765753746032715,0.23765753209590912
491e9d6fa5be4ef8,trmm-opt,trmm-opt,lv2:__PARA__L0-4.__PARA__L1-5.__PARA__L2-1.__PIPE__L0-off.__PIPE__L1-flatten.__TILE__L0-1.__TILE__L1-1,target,support,support,finetune_dataset,data_1133.pt,11375.0,sgformer_rgcn_qor,3,50,kmeans,4.88995885848999,2.4678447246551514,2.422114133834839,1.0,0.013476639986038208,0.9865233898162842,4.650000095367432,0.038794416934251785,4.611205577850342,1.8700000047683716,0.3379186987876892,1.5320813655853271,0.009999999776482582,0.2444620132446289,0.23446200788021088
fea06b686af69e52,trmm-opt,trmm-opt,lv2:__PARA__L0-1.__PARA__L1-2.__PARA__L2-1.__PIPE__L0-off.__PIPE__L1-flatten.__TILE__L0-60.__TILE__L1-1,target,support,support,finetune_dataset,data_1090.pt,29669.0,sgformer_rgcn_qor,3,50,kmeans,4.198413848876953,2.434736728668213,1.7636771202087402,0.20999999344348907,0.5219056606292725,0.3119056820869446,0.09000000357627869,0.10756565630435944,0.01756565272808075,0.1899999976158142,0.16048187017440796,0.02951812744140625,0.009999999776482582,-0.053865667432546616,0.06386566907167435
0a794b6a50ac753a,trmm-opt,trmm-opt,lv2:__PARA__L0-2.__PARA__L1-5.__PARA__L2-1.__PIPE__L0-off.__PIPE__L1-flatten.__TILE__L0-1.__TILE__L1-1,target,support,support,finetune_dataset,data_1122.pt,10962.0,sgformer_rgcn_qor,3,50,kmeans,4.9166364669799805,2.466715097427368,2.4499213695526123,0.5699999928474426,0.03342178463935852,0.5365781784057617,1.8200000524520874,0.04101361706852913,1.7789864540100098,0.949999988079071,0.3267011046409607,0.6232988834381104,0.009999999776482582,0.2514653205871582,0.24146531522274017
5e35bac667763033,trmm-opt,trmm-opt,lv2:__PARA__L0-1.__PARA__L1-4.__PARA__L2-60.__PIPE__L0-off.__PIPE__L1-off.__TILE__L0-60.__TILE__L1-1,target,support,support,finetune_dataset,data_1106.pt,26069.0,sgformer_rgcn_qor,3,50,kmeans,4.291724681854248,1.9556148052215576,2.3361098766326904,0.30000001192092896,0.6207230091094971,0.3207229971885681,0.15000000596046448,-0.04375980421900749,0.19375981390476227,0.3799999952316284,0.44566744565963745,0.06566745042800903,0.009999999776482582,0.28476738929748535,0.2747673988342285
bbb1ef8016aae2eb,fdtd-2d-large,fdtd-2d-large,lv2:__PARA__L0-1.__PARA__L1-1.__PARA__L2-1.__PARA__L3-1.__PARA__L4-1.__PARA__L5-1.__PARA__L6-1.__PARA__L7-1.__PIPE__L0-off.__PIPE__L2-flatten.__PIPE__L3-flatten.__PIPE__L4-off.__TILE__L0-1.__TILE__L2-1.__TILE__L3-1.__TILE__L4-1,target,support,support,finetune_dataset,data_1.pt,4847946.0,sgformer_rgcn_qor,3,50,kmeans,0.5222772359848022,2.2654786109924316,1.7432013750076294,0.6499999761581421,0.22263863682746887,0.4273613393306732,0.3799999952316284,0.4041220247745514,0.024122029542922974,0.49000000953674316,0.25238722562789917,0.237612783908844,0.4699999988079071,-0.6925647258758545,1.162564754486084
d26ee52b22ad5721,fdtd-2d-large,fdtd-2d-large,lv2:__PARA__L0-1.__PARA__L1-32.__PARA__L2-1.__PARA__L3-2.__PARA__L4-1.__PARA__L5-1.__PARA__L6-1.__PARA__L7-4.__PIPE__L0-off.__PIPE__L2-flatten.__PIPE__L3-flatten.__PIPE__L4-off.__TILE__L0-1.__TILE__L2-1.__TILE__L3-1.__TILE__L4-1,target,support,support,finetune_dataset,data_68.pt,3476933.0,sgformer_rgcn_qor,3,50,kmeans,0.7620564103126526,2.4242796897888184,1.6622233390808105,1.0499999523162842,0.07401660084724426,0.9759833812713623,0.6800000071525574,0.8273767232894897,0.14737671613693237,0.9700000286102295,0.4162389636039734,0.5537610650062561,0.6899999976158142,-0.6483316421508789,1.338331699371338
10e42364ec89ca1c,fdtd-2d-large,fdtd-2d-large,lv2:__PARA__L0-1.__PARA__L1-2.__PARA__L2-1.__PARA__L3-1.__PARA__L4-199.__PARA__L5-8.__PARA__L6-32.__PARA__L7-32.__PIPE__L0-off.__PIPE__L2-off.__PIPE__L3-off.__PIPE__L4-off.__TILE__L0-1.__TILE__L2-1.__TILE__L3-1.__TILE__L4-1,target,support,support,finetune_dataset,data_60.pt,96495104.0,sgformer_rgcn_qor,3,50,kmeans,-1.635227918624878,1.4779553413391113,3.1131832599639893,0.10999999940395355,-0.7366690635681152,0.84666907787323,0.05000000074505806,1.4587634801864624,1.4087635278701782,0.05000000074505806,3.396613359451294,3.3466134071350098,0.3199999928474426,-3.2454867362976074,3.5654866695404053
83bbe692e3ff9ba5,fdtd-2d-large,fdtd-2d-large,lv2:__PARA__L0-1.__PARA__L1-16.__PARA__L2-199.__PARA__L3-1.__PARA__L4-1.__PARA__L5-8.__PARA__L6-32.__PARA__L7-1.__PIPE__L0-off.__PIPE__L2-off.__PIPE__L3-off.__PIPE__L4-flatten.__TILE__L0-100.__TILE__L2-1.__TILE__L3-1.__TILE__L4-1,target,support,support,finetune_dataset,data_55.pt,2471843.0,sgformer_rgcn_qor,3,50,kmeans,1.008170485496521,0.7944016456604004,0.2137688398361206,0.8600000143051147,-2.038029193878174,2.898029327392578,0.4300000071525574,1.5091335773468018,1.0791335105895996,0.699999988079071,0.4529401659965515,0.24705982208251953,0.6399999856948853,-2.136408805847168,2.7764086723327637
be03f71def4c9e25,fdtd-2d-large,fdtd-2d-large,lv2:__PARA__L0-1.__PARA__L1-16.__PARA__L2-199.__PARA__L3-1.__PARA__L4-1.__PARA__L5-8.__PARA__L6-32.__PARA__L7-1.__PIPE__L0-off.__PIPE__L2-off.__PIPE__L3-off.__PIPE__L4-flatten.__TILE__L0-1.__TILE__L2-1.__TILE__L3-1.__TILE__L4-199,target,support,support,finetune_dataset,data_54.pt,2471843.0,sgformer_rgcn_qor,3,50,kmeans,1.008170485496521,-0.9422640800476074,1.9504345655441284,0.8600000143051147,-0.2864384353160858,1.146438479423523,0.4300000071525574,4.449557304382324,4.019557476043701,0.699999988079071,0.44928187131881714,0.2507181167602539,0.6399999856948853,-1.0045180320739746,1.6445180177688599
4fcdf621f3a5c105,fdtd-2d-large,fdtd-2d-large,lv2:__PARA__L0-1.__PARA__L1-32.__PARA__L2-1.__PARA__L3-1.__PARA__L4-1.__PARA__L5-1.__PARA__L6-1.__PARA__L7-1.__PIPE__L0-off.__PIPE__L2-flatten.__PIPE__L3-flatten.__PIPE__L4-flatten.__TILE__L0-1.__TILE__L2-1.__TILE__L3-1.__TILE__L4-1,target,support,support,finetune_dataset,data_61.pt,87033.0,sgformer_rgcn_qor,3,50,kmeans,3.4221107959747314,2.265598773956299,1.1565120220184326,0.9900000095367432,-0.11183592677116394,1.1018359661102295,0.5299999713897705,1.6636284589767456,1.133628487586975,0.699999988079071,0.5194198489189148,0.18058013916015625,0.5799999833106995,-1.5907375812530518,2.1707375049591064
bc4602e977af8b26,fdtd-2d-large,fdtd-2d-large,lv2:__PARA__L0-1.__PARA__L1-1.__PARA__L2-1.__PARA__L3-1.__PARA__L4-1.__PARA__L5-1.__PARA__L6-1.__PARA__L7-32.__PIPE__L0-off.__PIPE__L2-flatten.__PIPE__L3-flatten.__PIPE__L4-off.__TILE__L0-1.__TILE__L2-1.__TILE__L3-1.__TILE__L4-1,target,support,support,finetune_dataset,data_10.pt,9161446.0,sgformer_rgcn_qor,3,50,kmeans,0.06317638605833054,2.297729969024658,2.234553575515747,0.6600000262260437,0.10215047001838684,0.5578495264053345,0.41999998688697815,0.5130308866500854,0.0930308997631073,0.49000000953674316,0.36062735319137573,0.12937265634536743,0.5799999833106995,-0.8761067390441895,1.4561066627502441
e4bb24edea4453bc,fdtd-2d-large,fdtd-2d-large,lv2:__PARA__L0-1.__PARA__L1-16.__PARA__L2-1.__PARA__L3-1.__PARA__L4-1.__PARA__L5-8.__PARA__L6-32.__PARA__L7-32.__PIPE__L0-off.__PIPE__L2-off.__PIPE__L3-off.__PIPE__L4-off.__TILE__L0-1.__TILE__L2-199.__TILE__L3-1.__TILE__L4-199,target,support,support,finetune_dataset,data_46.pt,10068645.0,sgformer_rgcn_qor,3,50,kmeans,-0.004934771917760372,1.0409340858459473,1.0458688735961914,0.15000000596046448,1.0387368202209473,0.8887368440628052,0.05999999865889549,1.1542845964431763,1.0942846536636353,0.09000000357627869,0.45271986722946167,0.362719863653183,0.14000000059604645,-0.08825540542602539,0.22825540602207184
579c589ac96baf74,fdtd-2d-large,fdtd-2d-large,lv2:__PARA__L0-1.__PARA__L1-32.__PARA__L2-1.__PARA__L3-1.__PARA__L4-199.__PARA__L5-8.__PARA__L6-32.__PARA__L7-32.__PIPE__L0-off.__PIPE__L2-off.__PIPE__L3-off.__PIPE__L4-off.__TILE__L0-1.__TILE__L2-1.__TILE__L3-1.__TILE__L4-1,target,support,support,finetune_dataset,data_67.pt,96496392.0,sgformer_rgcn_qor,3,50,kmeans,-1.635237455368042,1.7824797630310059,3.417717218399048,0.10999999940395355,-0.8758177757263184,0.9858177900314331,0.05000000074505806,1.7147794961929321,1.664779543876648,0.05000000074505806,3.625131845474243,3.575131893157959,0.3199999928474426,-3.0898327827453613,3.409832715988159
9a6aced3fd7b1448,fdtd-2d-large,fdtd-2d-large,lv2:__PARA__L0-1.__PARA__L1-1.__PARA__L2-1.__PARA__L3-1.__PARA__L4-1.__PARA__L5-1.__PARA__L6-1.__PARA__L7-1.__PIPE__L0-off.__PIPE__L2-flatten.__PIPE__L3-flatten.__PIPE__L4-flatten.__TILE__L0-1.__TILE__L2-1.__TILE__L3-1.__TILE__L4-1,target,support,support,finetune_dataset,data_0.pt,110046.0,sgformer_rgcn_qor,3,50,kmeans,3.2528748512268066,2.234790325164795,1.0180845260620117,0.9900000095367432,0.008618384599685669,0.9813816547393799,0.5299999713897705,1.191024899482727,0.6610249280929565,0.699999988079071,0.45282667875289917,0.24717330932617188,0.5799999833106995,-1.3172450065612793,1.897244930267334
8f5ccf53930158b0,fdtd-2d-large,fdtd-2d-large,lv2:__PARA__L0-1.__PARA__L1-16.__PARA__L2-1.__PARA__L3-1.__PARA__L4-1.__PARA__L5-8.__PARA__L6-32.__PARA__L7-1.__PIPE__L0-off.__PIPE__L2-off.__PIPE__L3-off.__PIPE__L4-flatten.__TILE__L0-1.__TILE__L2-199.__TILE__L3-1.__TILE__L4-199,target,support,support,finetune_dataset,data_43.pt,943474.0,sgformer_rgcn_qor,3,50,kmeans,1.7029367685317993,1.305962085723877,0.39697468280792236,0.9200000166893005,0.659975528717041,0.2600244879722595,0.4300000071525574,1.5303977727890015,1.1003978252410889,0.699999988079071,0.1338321566581726,0.5661678314208984,0.5799999833106995,-1.0618386268615723,1.641838550567627
c616551aea0c126b,fdtd-2d-large,fdtd-2d-large,lv2:__PARA__L0-1.__PARA__L1-1.__PARA__L2-1.__PARA__L3-1.__PARA__L4-1.__PARA__L5-8.__PARA__L6-32.__PARA__L7-8.__PIPE__L0-off.__PIPE__L2-off.__PIPE__L3-off.__PIPE__L4-off.__TILE__L0-1.__TILE__L2-1.__TILE__L3-1.__TILE__L4-1,target,support,support,finetune_dataset,data_37.pt,4130276.0,sgformer_rgcn_qor,3,50,kmeans,0.637844979763031,1.7678046226501465,1.1299595832824707,0.07999999821186066,0.2773313820362091,0.19733138382434845,0.029999999329447746,0.9247649908065796,0.8947650194168091,0.029999999329447746,0.11223047226667404,0.08223047107458115,0.07999999821186066,-0.9361624717712402,1.0161625146865845
e14679c4f0fbd6e1,fdtd-2d-large,fdtd-2d-large,lv2:__PARA__L0-1.__PARA__L1-1.__PARA__L2-1.__PARA__L3-1.__PARA__L4-1.__PARA__L5-1.__PARA__L6-1.__PARA__L7-1.__PIPE__L0-off.__PIPE__L2-flatten.__PIPE__L3-off.__PIPE__L4-flatten.__TILE__L0-1.__TILE__L2-1.__TILE__L3-1.__TILE__L4-1,target,support,support,finetune_dataset,data_2.pt,4870046.0,sgformer_rgcn_qor,3,50,kmeans,0.5189963579177856,2.833836078643799,2.3148398399353027,0.9599999785423279,0.3514995872974396,0.6085003614425659,0.47999998927116394,1.0409330129623413,0.560932993888855,0.699999988079071,0.386635959148407,0.31336402893066406,0.5799999833106995,-1.874803066253662,2.454802989959717
ee17c82068784e7b,fdtd-2d-large,fdtd-2d-large,lv2:__PARA__L0-1.__PARA__L1-16.__PARA__L2-1.__PARA__L3-2.__PARA__L4-199.__PARA__L5-8.__PARA__L6-1.__PARA__L7-32.__PIPE__L0-off.__PIPE__L2-off.__PIPE__L3-flatten.__PIPE__L4-off.__TILE__L0-1.__TILE__L2-1.__TILE__L3-1.__TILE__L4-1,target,support,support,finetune_dataset,data_52.pt,91008808.0,sgformer_rgcn_qor,3,50,kmeans,-1.5930030345916748,1.1763243675231934,2.769327402114868,0.9399999976158142,-0.8299803733825684,1.7699804306030273,0.6200000047683716,0.5716229677200317,0.048377037048339844,0.9800000190734863,3.2901203632354736,2.3101203441619873,0.8700000047683716,-2.977080821990967,3.847080707550049
db36652a9e4edb30,fdtd-2d-large,fdtd-2d-large,lv2:__PARA__L0-1.__PARA__L1-1.__PARA__L2-1.__PARA__L3-1.__PARA__L4-1.__PARA__L5-32.__PARA__L6-32.__PARA__L7-1.__PIPE__L0-off.__PIPE__L2-off.__PIPE__L3-off.__PIPE__L4-off.__TILE__L0-1.__TILE__L2-1.__TILE__L3-1.__TILE__L4-1,target,support,support,finetune_dataset,data_23.pt,7772846.0,sgformer_rgcn_qor,3,50,kmeans,0.1817425787448883,1.7167658805847168,1.5350233316421509,0.07000000029802322,0.3373880684375763,0.26738807559013367,0.029999999329447746,0.9893473386764526,0.9593473672866821,0.029999999329447746,0.48709791898727417,0.4570979177951813,0.07999999821186066,-0.8131680488586426,0.893168032169342
f24e208669d5e7a1,fdtd-2d-large,fdtd-2d-large,lv2:__PARA__L0-1.__PARA__L1-32.__PARA__L2-1.__PARA__L3-1.__PARA__L4-1.__PARA__L5-1.__PARA__L6-1.__PARA__L7-4.__PIPE__L0-off.__PIPE__L2-flatten.__PIPE__L3-flatten.__PIPE__L4-off.__TILE__L0-1.__TILE__L2-1.__TILE__L3-1.__TILE__L4-199,target,support,support,finetune_dataset,data_64.pt,3566533.0,sgformer_rgcn_qor,3,50,kmeans,0.7437028884887695,1.3845276832580566,0.6408247947692871,0.6600000262260437,1.3588519096374512,0.6988518834114075,0.38999998569488525,1.7184776067733765,1.3284776210784912,0.49000000953674316,1.4314604997634888,0.9414604902267456,0.5799999833106995,-0.8957552909851074,1.475755214691162
f3c08aa40f851184,fdtd-2d-large,fdtd-2d-large,lv2:__PARA__L0-1.__PARA__L1-1.__PARA__L2-1.__PARA__L3-1.__PARA__L4-1.__PARA__L5-8.__PARA__L6-1.__PARA__L7-32.__PIPE__L0-off.__PIPE__L2-off.__PIPE__L3-flatten.__PIPE__L4-off.__TILE__L0-1.__TILE__L2-1.__TILE__L3-1.__TILE__L4-1,target,support,support,finetune_dataset,data_29.pt,2355778.0,sgformer_rgcn_qor,3,50,kmeans,1.0428622961044312,1.720064640045166,0.6772023439407349,0.5799999833106995,-0.01563689112663269,0.5956368446350098,0.3199999928474426,1.0692213773727417,0.7492213845252991,0.49000000953674316,-0.01013929396867752,0.5001392960548401,0.41999998688697815,-0.25226521492004395,0.6722651720046997
7af177530cb396e0,fdtd-2d-large,fdtd-2d-large,lv2:__PARA__L0-1.__PARA__L1-1.__PARA__L2-1.__PARA__L3-1.__PARA__L4-1.__PARA__L5-2.__PARA__L6-32.__PARA__L7-1.__PIPE__L0-off.__PIPE__L2-off.__PIPE__L3-off.__PIPE__L4-off.__TILE__L0-1.__TILE__L2-1.__TILE__L3-1.__TILE__L4-1,target,support,support,finetune_dataset,data_21.pt,8670477.0,sgformer_rgcn_qor,3,50,kmeans,0.10290836542844772,1.7620940208435059,1.6591856479644775,0.05999999865889549,0.3959985077381134,0.3359985053539276,0.019999999552965164,0.9663976430892944,0.9463976621627808,0.029999999329447746,-0.0757187083363533,0.1057187095284462,0.14000000059604645,-0.8827691078186035,1.0227690935134888
95fed5f4e0e880e6,fdtd-2d-large,fdtd-2d-large,lv2:__PARA__L0-1.__PARA__L1-1.__PARA__L2-1.__PARA__L3-1.__PARA__L4-1.__PARA__L5-8.__PARA__L6-32.__PARA__L7-32.__PIPE__L0-off.__PIPE__L2-off.__PIPE__L3-off.__PIPE__L4-off.__TILE__L0-1.__TILE__L2-1.__TILE__L3-1.__TILE__L4-1,target,support,support,finetune_dataset,data_35.pt,3671777.0,sgformer_rgcn_qor,3,50,kmeans,0.7227248549461365,1.8332390785217285,1.1105141639709473,0.15000000596046448,0.3155207931995392,0.1655207872390747,0.05999999865889549,0.9168237447738647,0.856823742389679,0.09000000357627869,0.18215197324752808,0.09215196967124939,0.14000000059604645,-0.9941549301147461,1.1341549158096313
02af129af3b47dd9,fdtd-2d-large,fdtd-2d-large,lv2:__PARA__L0-1.__PARA__L1-16.__PARA__L2-1.__PARA__L3-2.__PARA__L4-199.__PARA__L5-8.__PARA__L6-1.__PARA__L7-32.__PIPE__L0-off.__PIPE__L2-off.__PIPE__L3-flatten.__PIPE__L4-off.__TILE__L0-100.__TILE__L2-1.__TILE__L3-1.__TILE__L4-1,target,support,support,finetune_dataset,data_53.pt,91008808.0,sgformer_rgcn_qor,3,50,kmeans,-1.5930030345916748,0.8722672462463379,2.4652702808380127,0.9399999976158142,-0.3826908767223358,1.3226908445358276,0.6200000047683716,0.4083830416202545,0.21161696314811707,0.9800000190734863,3.6462347507476807,2.6662347316741943,0.8700000047683716,-2.968419075012207,3.838418960571289
2579e364929f0376,fdtd-2d-large,fdtd-2d-large,lv2:__PARA__L0-1.__PARA__L1-16.__PARA__L2-1.__PARA__L3-1.__PARA__L4-1.__PARA__L5-8.__PARA__L6-32.__PARA__L7-32.__PIPE__L0-off.__PIPE__L2-off.__PIPE__L3-off.__PIPE__L4-off.__TILE__L0-100.__TILE__L2-1.__TILE__L3-1.__TILE__L4-1,target,support,support,finetune_dataset,data_47.pt,10068645.0,sgformer_rgcn_qor,3,50,kmeans,-0.004934771917760372,0.9989428520202637,1.0038776397705078,0.15000000596046448,-0.258602112531662,0.40860211849212646,0.05999999865889549,0.42097464203834534,0.36097463965415955,0.09000000357627869,1.2515040636062622,1.1615040302276611,0.14000000059604645,-1.7319865226745605,1.8719865083694458
d23892fd2b55d3ef,fdtd-2d-large,fdtd-2d-large,lv2:__PARA__L0-1.__PARA__L1-4.__PARA__L2-1.__PARA__L3-1.__PARA__L4-1.__PARA__L5-1.__PARA__L6-1.__PARA__L7-4.__PIPE__L0-off.__PIPE__L2-flatten.__PIPE__L3-flatten.__PIPE__L4-off.__TILE__L0-1.__TILE__L2-1.__TILE__L3-1.__TILE__L4-1,target,support,support,finetune_dataset,data_71.pt,3571546.0,sgformer_rgcn_qor,3,50,kmeans,0.7426896691322327,2.2631802558898926,1.5204906463623047,0.6600000262260437,0.18276503682136536,0.47723498940467834,0.38999998569488525,0.4329136908054352,0.04291370511054993,0.49000000953674316,0.323499858379364,0.16650015115737915,0.5799999833106995,-0.7154068946838379,1.2954068183898926
06a8d921a1e4ef67,fdtd-2d-large,fdtd-2d-large,lv2:__PARA__L0-1.__PARA__L1-1.__PARA__L2-1.__PARA__L3-1.__PARA__L4-1.__PARA__L5-8.__PARA__L6-1.__PARA__L7-16.__PIPE__L0-off.__PIPE__L2-off.__PIPE__L3-flatten.__PIPE__L4-off.__TILE__L0-1.__TILE__L2-1.__TILE__L3-1.__TILE__L4-1,target,support,support,finetune_dataset,data_27.pt,2514977.0,sgformer_rgcn_qor,3,50,kmeans,0.9956914186477661,1.6749873161315918,0.6792958974838257,0.5699999928474426,-0.0467972457408905,0.6167972087860107,0.3199999928474426,1.0053576231002808,0.6853576302528381,0.49000000953674316,-0.05180437117815018,0.5418043732643127,0.36000001430511475,-0.20839262008666992,0.5683926343917847
a3d96d210251a1eb,fdtd-2d-large,fdtd-2d-large,lv2:__PARA__L0-1.__PARA__L1-1.__PARA__L2-1.__PARA__L3-1.__PARA__L4-1.__PARA__L5-4.__PARA__L6-1.__PARA__L7-1.__PIPE__L0-off.__PIPE__L2-off.__PIPE__L3-flatten.__PIPE__L4-off.__TILE__L0-1.__TILE__L2-1.__TILE__L3-1.__TILE__L4-1,target,support,support,finetune_dataset,data_24.pt,6022078.0,sgformer_rgcn_qor,3,50,kmeans,0.3658333420753479,1.654594898223877,1.2887616157531738,0.5600000023841858,0.09082797169685364,0.46917203068733215,0.30000001192092896,0.9518991708755493,0.6518991589546204,0.49000000953674316,-0.192827045917511,0.6828270554542542,0.41999998688697815,-0.07137870788574219,0.49137869477272034
49d3b2ff7557b80f,fdtd-2d-large,fdtd-2d-large,lv2:__PARA__L0-1.__PARA__L1-16.__PARA__L2-1.__PARA__L3-1.__PARA__L4-1.__PARA__L5-1.__PARA__L6-1.__PARA__L7-4.__PIPE__L0-off.__PIPE__L2-flatten.__PIPE__L3-flatten.__PIPE__L4-off.__TILE__L0-1.__TILE__L2-1.__TILE__L3-1.__TILE__L4-1,target,support,support,finetune_dataset,data_41.pt,3567046.0,sgformer_rgcn_qor,3,50,kmeans,0.7435991168022156,2.325957775115967,1.5823585987091064,0.6600000262260437,0.086793452501297,0.5732065439224243,0.38999998569488525,0.5930780172348022,0.203078031539917,0.49000000953674316,0.36708658933639526,0.1229134202003479,0.5799999833106995,-0.7236285209655762,1.3036284446716309
0e9358c8b4f372d2,fdtd-2d-large,fdtd-2d-large,lv2:__PARA__L0-1.__PARA__L1-1.__PARA__L2-1.__PARA__L3-1.__PARA__L4-1.__PARA__L5-8.__PARA__L6-32.__PARA__L7-16.__PIPE__L0-off.__PIPE__L2-off.__PIPE__L3-off.__PIPE__L4-off.__TILE__L0-1.__TILE__L2-1.__TILE__L3-1.__TILE__L4-1,target,support,support,finetune_dataset,data_33.pt,3990976.0,sgformer_rgcn_qor,3,50,kmeans,0.6625932455062866,1.789818286895752,1.1272250413894653,0.10000000149011612,0.23296454548835754,0.13296455144882202,0.03999999910593033,0.9150353670120239,0.8750353455543518,0.03999999910593033,0.12581270933151245,0.08581271022558212,0.07999999821186066,-0.9684686660766602,1.0484687089920044
b0762bcf12adbd4f,fdtd-2d-large,fdtd-2d-large,lv2:__PARA__L0-1.__PARA__L1-16.__PARA__L2-199.__PARA__L3-1.__PARA__L4-1.__PARA__L5-8.__PARA__L6-32.__PARA__L7-32.__PIPE__L0-off.__PIPE__L2-off.__PIPE__L3-off.__PIPE__L4-off.__TILE__L0-1.__TILE__L2-1.__TILE__L3-1.__TILE__L4-199,target,support,support,finetune_dataset,data_56.pt,12799945.0,sgformer_rgcn_qor,3,50,kmeans,-0.17806880176067352,-1.1685004234313965,0.9904316067695618,0.14000000059604645,-0.011800259351730347,0.1518002599477768,0.05999999865889549,3.482429027557373,3.422429084777832,0.09000000357627869,0.29860132932662964,0.20860132575035095,0.25999999046325684,-0.2298283576965332,0.48982834815979004
7432155d2bb5f2e8,fdtd-2d-large,fdtd-2d-large,lv2:__PARA__L0-1.__PARA__L1-32.__PARA__L2-1.__PARA__L3-1.__PARA__L4-1.__PARA__L5-1.__PARA__L6-1.__PARA__L7-1.__PIPE__L0-off.__PIPE__L2-flatten.__PIPE__L3-flatten.__PIPE__L4-flatten.__TILE__L0-1.__TILE__L2-1.__TILE__L3-1.__TILE__L4-199,target,support,support,finetune_dataset,data_62.pt,87033.0,sgformer_rgcn_qor,3,50,kmeans,3.4221107959747314,1.2994122505187988,2.1226985454559326,0.9900000095367432,0.8255295753479004,0.16447043418884277,0.5299999713897705,2.70023512840271,2.1702351570129395,0.699999988079071,1.330318570137024,0.6303185820579529,0.5799999833106995,-1.4457306861877441,2.025730609893799
dbad873225c851dd,fdtd-2d-large,fdtd-2d-large,lv2:__PARA__L0-1.__PARA__L1-1.__PARA__L2-1.__PARA__L3-1.__PARA__L4-199.__PARA__L5-8.__PARA__L6-1.__PARA__L7-32.__PIPE__L0-off.__PIPE__L2-off.__PIPE__L3-flatten.__PIPE__L4-off.__TILE__L0-1.__TILE__L2-1.__TILE__L3-1.__TILE__L4-1,target,support,support,finetune_dataset,data_39.pt,91028704.0,sgformer_rgcn_qor,3,50,kmeans,-1.5931607484817505,1.1047062873840332,2.697866916656494,0.5099999904632568,-0.7249283790588379,1.2349283695220947,0.3199999928474426,0.49198117852211,0.17198118567466736,0.49000000953674316,3.14604115486145,2.656041145324707,0.5299999713897705,-3.006762981414795,3.5367629528045654
18b5cb1e7e04b5d5,fdtd-2d-large,fdtd-2d-large,lv2:__PARA__L0-1.__PARA__L1-1.__PARA__L2-1.__PARA__L3-1.__PARA__L4-1.__PARA__L5-8.__PARA__L6-1.__PARA__L7-4.__PIPE__L0-off.__PIPE__L2-off.__PIPE__L3-flatten.__PIPE__L4-off.__TILE__L0-1.__TILE__L2-1.__TILE__L3-1.__TILE__L4-1,target,support,support,finetune_dataset,data_30.pt,3211477.0,sgformer_rgcn_qor,3,50,kmeans,0.8193455934524536,1.648759365081787,0.8294137716293335,0.5600000023841858,0.046984702348709106,0.5130152702331543,0.3100000023841858,0.9625989198684692,0.6525989174842834,0.49000000953674316,-0.08698350936174393,0.5769835114479065,0.36000001430511475,-0.1144719123840332,0.47447192668914795
c8db8810a46a8e19,fdtd-2d-large,fdtd-2d-large,lv2:__PARA__L0-1.__PARA__L1-1.__PARA__L2-1.__PARA__L3-1.__PARA__L4-1.__PARA__L5-16.__PARA__L6-1.__PARA__L7-1.__PIPE__L0-off.__PIPE__L2-off.__PIPE__L3-flatten.__PIPE__L4-off.__TILE__L0-1.__TILE__L2-1.__TILE__L3-1.__TILE__L4-1,target,support,support,finetune_dataset,data_18.pt,5425378.0,sgformer_rgcn_qor,3,50,kmeans,0.44110220670700073,1.637183666229248,1.1960813999176025,0.5699999928474426,0.030241042375564575,0.5397589206695557,0.3100000023841858,0.9998143911361694,0.6898143887519836,0.49000000953674316,-0.002480335533618927,0.4924803376197815,0.41999998688697815,-0.15585589408874512,0.5758558511734009
3f5ea7e68e67e5cd,fdtd-2d-large,fdtd-2d-large,lv2:__PARA__L0-1.__PARA__L1-1.__PARA__L2-1.__PARA__L3-1.__PARA__L4-1.__PARA__L5-1.__PARA__L6-1.__PARA__L7-1.__PIPE__L0-off.__PIPE__L2-off.__PIPE__L3-flatten.__PIPE__L4-off.__TILE__L0-1.__TILE__L2-1.__TILE__L3-1.__TILE__L4-1,target,support,support,finetune_dataset,data_5.pt,9604046.0,sgformer_rgcn_qor,3,50,kmeans,0.029142890125513077,1.6688590049743652,1.6397161483764648,0.49000000953674316,0.11130097508430481,0.37869903445243835,0.30000001192092896,0.9569796323776245,0.6569796204566956,0.49000000953674316,-0.2779863476753235,0.7679863572120667,0.30000001192092896,-0.0645744800567627,0.36457449197769165
3fa8d53f1cfce133,fdtd-2d-large,fdtd-2d-large,lv2:__PARA__L0-1.__PARA__L1-1.__PARA__L2-1.__PARA__L3-1.__PARA__L4-1.__PARA__L5-1.__PARA__L6-1.__PARA__L7-8.__PIPE__L0-off.__PIPE__L2-flatten.__PIPE__L3-flatten.__PIPE__L4-off.__TILE__L0-1.__TILE__L2-1.__TILE__L3-1.__TILE__L4-1,target,support,support,finetune_dataset,data_12.pt,5181446.0,sgformer_rgcn_qor,3,50,kmeans,0.47428667545318604,2.2619681358337402,1.7876814603805542,0.6600000262260437,0.17089560627937317,0.48910441994667053,0.4000000059604645,0.43249741196632385,0.032497406005859375,0.49000000953674316,0.2967063784599304,0.19329363107681274,0.5799999833106995,-0.7564687728881836,1.3364686965942383
d947fcdddd5d3105,fdtd-2d-large,fdtd-2d-large,lv2:__PARA__L0-1.__PARA__L1-1.__PARA__L2-1.__PARA__L3-1.__PARA__L4-1.__PARA__L5-1.__PARA__L6-16.__PARA__L7-1.__PIPE__L0-off.__PIPE__L2-off.__PIPE__L3-off.__PIPE__L4-off.__TILE__L0-1.__TILE__L2-1.__TILE__L3-1.__TILE__L4-1,target,support,support,finetune_dataset,data_13.pt,11378546.0,sgformer_rgcn_qor,3,50,kmeans,-0.09315811097621918,1.8688759803771973,1.9620341062545776,0.029999999329447746,0.3652839958667755,0.3352839946746826,0.009999999776482582,0.9091848134994507,0.8991848230361938,0.009999999776482582,-0.2303054928779602,0.24030549824237823,0.14000000059604645,-0.8346638679504395,0.9746638536453247
f62329b9b17e53a9,fdtd-2d-large,fdtd-2d-large,lv2:__PARA__L0-1.__PARA__L1-8.__PARA__L2-1.__PARA__L3-1.__PARA__L4-199.__PARA__L5-8.__PARA__L6-1.__PARA__L7-32.__PIPE__L0-off.__PIPE__L2-off.__PIPE__L3-flatten.__PIPE__L4-off.__TILE__L0-1.__TILE__L2-1.__TILE__L3-1.__TILE__L4-1,target,support,support,finetune_dataset,data_75.pt,91028704.0,sgformer_rgcn_qor,3,50,kmeans,-1.5931607484817505,1.1435322761535645,2.7366929054260254,0.5099999904632568,-0.7685303688049316,1.2785303592681885,0.3199999928474426,0.5136641263961792,0.19366413354873657,0.49000000953674316,3.236497163772583,2.74649715423584,0.5299999713897705,-2.988621234893799,3.5186212062835693
3c53a61a8a2f38ac,fdtd-2d-large,fdtd-2d-large,lv2:__PARA__L0-1.__PARA__L1-1.__PARA__L2-1.__PARA__L3-1.__PARA__L4-1.__PARA__L5-1.__PARA__L6-1.__PARA__L7-2.__PIPE__L0-off.__PIPE__L2-flatten.__PIPE__L3-flatten.__PIPE__L4-off.__TILE__L0-1.__TILE__L2-1.__TILE__L3-1.__TILE__L4-1,target,support,support,finetune_dataset,data_9.pt,3748746.0,sgformer_rgcn_qor,3,50,kmeans,0.7077600359916687,2.2605767250061035,1.55281662940979,0.6600000262260437,0.2158356010913849,0.4441644251346588,0.38999998569488525,0.40037861466407776,0.010378628969192505,0.49000000953674316,0.26218146085739136,0.2278185486793518,0.5799999833106995,-0.6960551738739014,1.276055097579956
21ddeacbed4ecd3e,fdtd-2d-large,fdtd-2d-large,lv2:__PARA__L0-1.__PARA__L1-1.__PARA__L2-1.__PARA__L3-1.__PARA__L4-1.__PARA__L5-1.__PARA__L6-1.__PARA__L7-1.__PIPE__L0-off.__PIPE__L2-off.__PIPE__L3-flatten.__PIPE__L4-flatten.__TILE__L0-1.__TILE__L2-1.__TILE__L3-1.__TILE__L4-1,target,support,support,finetune_dataset,data_4.pt,4866146.0,sgformer_rgcn_qor,3,50,kmeans,0.5195742249488831,1.5089268684387207,0.9893526434898376,0.8799999952316284,0.018177062273025513,0.8618229627609253,0.47999998927116394,1.5409079790115356,1.0609079599380493,0.699999988079071,-0.20478802919387817,0.9047880172729492,0.4699999988079071,-0.5020523071289062,0.9720523357391357
8728243f8d7bee49,fdtd-2d-large,fdtd-2d-large,lv2:__PARA__L0-1.__PARA__L1-1.__PARA__L2-1.__PARA__L3-1.__PARA__L4-1.__PARA__L5-32.__PARA__L6-1.__PARA__L7-1.__PIPE__L0-off.__PIPE__L2-off.__PIPE__L3-flatten.__PIPE__L4-off.__TILE__L0-1.__TILE__L2-1.__TILE__L3-1.__TILE__L4-1,target,support,support,finetune_dataset,data_22.pt,6258746.0,sgformer_rgcn_qor,3,50,kmeans,0.3380272388458252,1.6205239295959473,1.282496690750122,0.5400000214576721,0.08847048878669739,0.45152953267097473,0.33000001311302185,1.108977198600769,0.7789771556854248,0.49000000953674316,0.2340518832206726,0.25594812631607056,0.36000001430511475,-0.1741037368774414,0.5341037511825562
a2c74860cca36a85,fdtd-2d-large,fdtd-2d-large,lv2:__PARA__L0-1.__PARA__L1-32.__PARA__L2-2.__PARA__L3-1.__PARA__L4-1.__PARA__L5-1.__PARA__L6-1.__PARA__L7-4.__PIPE__L0-off.__PIPE__L2-flatten.__PIPE__L3-flatten.__PIPE__L4-off.__TILE__L0-1.__TILE__L2-1.__TILE__L3-1.__TILE__L4-1,target,support,support,finetune_dataset,data_70.pt,4033976.0,sgformer_rgcn_qor,3,50,kmeans,0.6548628211021423,2.4224953651428223,1.7676324844360352,1.0299999713897705,0.0755491554737091,0.9544508457183838,0.9399999976158142,0.824370265007019,0.11562973260879517,0.9800000190734863,0.4132539629936218,0.5667460560798645,0.6899999976158142,-0.6428472995758057,1.3328473567962646
10620be89d6dbdf5,fdtd-2d-large,fdtd-2d-large,lv2:__PARA__L0-1.__PARA__L1-1.__PARA__L2-1.__PARA__L3-1.__PARA__L4-1.__PARA__L5-8.__PARA__L6-32.__PARA__L7-1.__PIPE__L0-off.__PIPE__L2-off.__PIPE__L3-off.__PIPE__L4-off.__TILE__L0-1.__TILE__L2-1.__TILE__L3-1.__TILE__L4-1,target,support,support,finetune_dataset,data_32.pt,6879477.0,sgformer_rgcn_qor,3,50,kmeans,0.2698146104812622,1.7561516761779785,1.4863370656967163,0.07000000029802322,0.34778693318367004,0.2777869403362274,0.019999999552965164,0.9500900506973267,0.930090069770813,0.029999999329447746,0.06983964890241623,0.039839647710323334,0.14000000059604645,-0.9118037223815918,1.051803708076477
941a2a1cc8b8d547,fdtd-2d-large,fdtd-2d-large,lv2:__PARA__L0-1.__PARA__L1-16.__PARA__L2-1.__PARA__L3-1.__PARA__L4-1.__PARA__L5-8.__PARA__L6-32.__PARA__L7-32.__PIPE__L0-off.__PIPE__L2-off.__PIPE__L3-off.__PIPE__L4-off.__TILE__L0-1.__TILE__L2-1.__TILE__L3-1.__TILE__L4-199,target,support,support,finetune_dataset,data_45.pt,10068645.0,sgformer_rgcn_qor,3,50,kmeans,-0.004934771917760372,0.7381539344787598,0.7430887222290039,0.15000000596046448,0.920311450958252,0.7703114748001099,0.05999999865889549,2.9695725440979004,2.9095726013183594,0.09000000357627869,1.4299184083938599,1.3399183750152588,0.14000000059604645,-1.2510743141174316,1.391074299812317
9cbc317e3da96a87,fdtd-2d-large,fdtd-2d-large,lv2:__PARA__L0-1.__PARA__L1-16.__PARA__L2-1.__PARA__L3-1.__PARA__L4-1.__PARA__L5-8.__PARA__L6-32.__PARA__L7-1.__PIPE__L0-off.__PIPE__L2-off.__PIPE__L3-off.__PIPE__L4-flatten.__TILE__L0-100.__TILE__L2-1.__TILE__L3-1.__TILE__L4-1,target,support,support,finetune_dataset,data_44.pt,943474.0,sgformer_rgcn_qor,3,50,kmeans,1.7029367685317993,0.6959691047668457,1.0069676637649536,0.9200000166893005,-0.46299120783805847,1.3829911947250366,0.4300000071525574,1.1628254652023315,0.7328254580497742,0.699999988079071,1.0138827562332153,0.3138827681541443,0.5799999833106995,-1.725390911102295,2.3053908348083496
3ed41a68d0ef9bf1,fdtd-2d-large,fdtd-2d-large,lv2:__PARA__L0-1.__PARA__L1-1.__PARA__L2-1.__PARA__L3-1.__PARA__L4-1.__PARA__L5-16.__PARA__L6-32.__PARA__L7-1.__PIPE__L0-off.__PIPE__L2-off.__PIPE__L3-off.__PIPE__L4-off.__TILE__L0-1.__TILE__L2-1.__TILE__L3-1.__TILE__L4-1,target,support,support,finetune_dataset,data_19.pt,6879677.0,sgformer_rgcn_qor,3,50,kmeans,0.26979362964630127,1.7405648231506348,1.4707711935043335,0.07000000029802322,0.3015017807483673,0.23150178790092468,0.029999999329447746,0.9477924108505249,0.9177924394607544,0.029999999329447746,0.19179648160934448,0.1617964804172516,0.14000000059604645,-0.898949146270752,1.0389491319656372
9bb098fbfbdf133e,fdtd-2d-large,fdtd-2d-large,lv2:__PARA__L0-1.__PARA__L1-1.__PARA__L2-1.__PARA__L3-1.__PARA__L4-1.__PARA__L5-1.__PARA__L6-2.__PARA__L7-1.__PIPE__L0-off.__PIPE__L2-off.__PIPE__L3-off.__PIPE__L4-off.__TILE__L0-1.__TILE__L2-1.__TILE__L3-1.__TILE__L4-1,target,support,support,finetune_dataset,data_14.pt,14361746.0,sgformer_rgcn_qor,3,50,kmeans,-0.26111558079719543,1.9486794471740723,2.2097949981689453,0.019999999552965164,0.4432359039783478,0.4232358932495117,0.009999999776482582,0.8622170686721802,0.8522170782089233,0.0,-0.323965847492218,0.323965847492218,0.20000000298023224,-0.7002964019775391,0.9002963900566101
7c61cac1838ff10f,fdtd-2d-large,fdtd-2d-large,lv2:__PARA__L0-1.__PARA__L1-8.__PARA__L2-1.__PARA__L3-1.__PARA__L4-199.__PARA__L5-8.__PARA__L6-32.__PARA__L7-32.__PIPE__L0-off.__PIPE__L2-off.__PIPE__L3-off.__PIPE__L4-off.__TILE__L0-1.__TILE__L2-1.__TILE__L3-1.__TILE__L4-1,target,support,support,finetune_dataset,data_76.pt,96495104.0,sgformer_rgcn_qor,3,50,kmeans,-1.635227918624878,1.5544037818908691,3.189631700515747,0.10999999940395355,-0.788210391998291,0.8982104063034058,0.05000000074505806,1.4795111417770386,1.4295111894607544,0.05000000074505806,3.4662392139434814,3.4162392616271973,0.3199999928474426,-3.2263388633728027,3.5463387966156006
8a8b760d8ccd8d93,fdtd-2d-large,fdtd-2d-large,lv2:__PARA__L0-1.__PARA__L1-1.__PARA__L2-1.__PARA__L3-1.__PARA__L4-1.__PARA__L5-1.__PARA__L6-1.__PARA__L7-1.__PIPE__L0-off.__PIPE__L2-off.__PIPE__L3-off.__PIPE__L4-flatten.__TILE__L0-1.__TILE__L2-1.__TILE__L3-1.__TILE__L4-1,target,support,support,finetune_dataset,data_6.pt,9627846.0,sgformer_rgcn_qor,3,50,kmeans,0.027357514947652817,2.036238193511963,2.008880615234375,0.8799999952316284,0.200929194688797,0.6790708303451538,0.4399999976158142,1.4474681615829468,1.0074682235717773,0.699999988079071,-0.2742488980293274,0.9742488861083984,0.4699999988079071,-1.0122060775756836,1.482206106185913
218cd76217be5500,fdtd-2d-large,fdtd-2d-large,lv2:__PARA__L0-1.__PARA__L1-1.__PARA__L2-1.__PARA__L3-1.__PARA__L4-1.__PARA__L5-8.__PARA__L6-32.__PARA__L7-2.__PIPE__L0-off.__PIPE__L2-off.__PIPE__L3-off.__PIPE__L4-off.__TILE__L0-1.__TILE__L2-1.__TILE__L3-1.__TILE__L4-1,target,support,support,finetune_dataset,data_34.pt,5722276.0,sgformer_rgcn_qor,3,50,kmeans,0.4026695191860199,1.753410816192627,1.3507412672042847,0.07000000029802322,0.33823540806770325,0.2682354152202606,0.019999999552965164,0.9374181032180786,0.9174181222915649,0.029999999329447746,0.0813400074839592,0.0513400062918663,0.07999999821186066,-0.9087386131286621,0.9887385964393616
dc323f103342f114,fdtd-2d-large,fdtd-2d-large,lv2:__PARA__L0-1.__PARA__L1-1.__PARA__L2-1.__PARA__L3-1.__PARA__L4-1.__PARA__L5-8.__PARA__L6-1.__PARA__L7-2.__PIPE__L0-off.__PIPE__L2-off.__PIPE__L3-flatten.__PIPE__L4-off.__TILE__L0-1.__TILE__L2-1.__TILE__L3-1.__TILE__L4-1,target,support,support,finetune_dataset,data_28.pt,4325877.0,sgformer_rgcn_qor,3,50,kmeans,0.6044677495956421,1.6480927467346191,1.043624997138977,0.5699999928474426,0.06031087040901184,0.5096890926361084,0.3100000023841858,0.9570103883743286,0.6470103859901428,0.49000000953674316,-0.1022070124745369,0.5922070145606995,0.36000001430511475,-0.10230231285095215,0.4623023271560669
ff30947700fe15ed,fdtd-2d-large,fdtd-2d-large,lv2:__PARA__L0-1.__PARA__L1-32.__PARA__L2-1.__PARA__L3-1.__PARA__L4-199.__PARA__L5-1.__PARA__L6-1.__PARA__L7-4.__PIPE__L0-off.__PIPE__L2-flatten.__PIPE__L3-flatten.__PIPE__L4-off.__TILE__L0-1.__TILE__L2-1.__TILE__L3-1.__TILE__L4-1,target,support,support,finetune_dataset,data_65.pt,91746688.0,sgformer_rgcn_qor,3,50,kmeans,-1.5988280773162842,1.9447579383850098,3.543586015701294,0.6100000143051147,-0.8296856880187988,1.4396857023239136,0.38999998569488525,-0.2643035352230072,0.6543035507202148,0.49000000953674316,3.6660358905792236,3.1760358810424805,0.8600000143051147,-4.1027140617370605,4.962714195251465
0c8d6a2e9cb99585,fdtd-2d-large,fdtd-2d-large,lv2:__PARA__L0-1.__PARA__L1-16.__PARA__L2-1.__PARA__L3-1.__PARA__L4-1.__PARA__L5-8.__PARA__L6-32.__PARA__L7-1.__PIPE__L0-off.__PIPE__L2-off.__PIPE__L3-off.__PIPE__L4-flatten.__TILE__L0-1.__TILE__L2-1.__TILE__L3-1.__TILE__L4-199,target,support,support,finetune_dataset,data_42.pt,943474.0,sgformer_rgcn_qor,3,50,kmeans,1.7029367685317993,0.8880791664123535,0.8148576021194458,0.9200000166893005,0.46669629216194153,0.453303724527359,0.4300000071525574,3.582474946975708,3.152474880218506,0.699999988079071,1.013198971748352,0.313198983669281,0.5799999833106995,-1.7370572090148926,2.3170571327209473
