sample_id,kernel,gname,key,dataset_role,split,support_query,cache_split,file_name,actual_perf,model,seed,k,selection,y_true_perf,y_pred_perf,abs_err_perf,y_true_util_LUT,y_pred_util_LUT,abs_err_util_LUT,y_true_util_FF,y_pred_util_FF,abs_err_util_FF,y_true_util_DSP,y_pred_util_DSP,abs_err_util_DSP,y_true_util_BRAM,y_pred_util_BRAM,abs_err_util_BRAM
de76b51eb645d686,syr2k,syr2k,lv2:__PARA__L0-1.__PARA__L1-8.__PARA__L2-5.__PARA__L3-80.__PIPE__L0-off.__PIPE__L2-NA.__TILE__L0-1.__TILE__L2-1,target,support,support,finetune_dataset,data_1030.pt,53287.0,exphormer_lite,2,50,paper_exact_seed2,3.7760002613067627,3.767932891845703,0.00806736946105957,0.10999999940395355,0.11341112852096558,0.003411129117012024,0.07000000029802322,0.06429575383663177,0.005704246461391449,0.029999999329447746,0.042158305644989014,0.012158306315541267,0.05999999865889549,0.0468808189034462,0.013119179755449295
c64f6f43879e6cb6,syr2k,syr2k,lv2:__PARA__L0-1.__PARA__L1-1.__PARA__L2-1.__PARA__L3-2.__PIPE__L0-off.__PIPE__L2-off.__TILE__L0-1.__TILE__L2-1,target,support,support,finetune_dataset,data_921.pt,341981.0,exphormer_lite,2,50,paper_exact_seed2,2.434969902038574,2.5467629432678223,0.11179304122924805,0.009999999776482582,0.015352800488471985,0.005352800711989403,0.0,0.004563167691230774,0.004563167691230774,0.0,-0.02701583504676819,0.02701583504676819,0.029999999329447746,0.03736887872219086,0.007368879392743111
3e62e93928fad10e,syr2k,syr2k,lv2:__PARA__L0-1.__PARA__L1-4.__PARA__L2-2.__PARA__L3-80.__PIPE__L0-off.__PIPE__L2-off.__TILE__L0-1.__TILE__L2-1,target,support,support,finetune_dataset,data_1012.pt,49183.0,exphormer_lite,2,50,paper_exact_seed2,3.8338122367858887,3.6813666820526123,0.15244555473327637,0.10999999940395355,0.10226476192474365,0.0077352374792099,0.05000000074505806,0.0339590460062027,0.016040954738855362,0.029999999329447746,0.008887231349945068,0.021112767979502678,0.05000000074505806,0.045696258544921875,0.004303742200136185
836ae386a69d9da6,syr2k,syr2k,lv2:__PARA__L0-1.__PARA__L1-1.__PARA__L2-4.__PARA__L3-1.__PIPE__L0-off.__PIPE__L2-flatten.__TILE__L0-1.__TILE__L2-4,target,support,support,finetune_dataset,data_953.pt,137307.0,exphormer_lite,2,50,paper_exact_seed2,3.0932254791259766,3.045931100845337,0.04729437828063965,0.17000000178813934,0.1457006186246872,0.02429938316345215,0.10000000149011612,0.08545109629631042,0.014548905193805695,0.019999999552965164,-0.007496893405914307,0.02749689295887947,0.009999999776482582,0.012483179569244385,0.0024831797927618027
b2583f4d8e1d72d3,syr2k,syr2k,lv2:__PARA__L0-1.__PARA__L1-1.__PARA__L2-2.__PARA__L3-1.__PIPE__L0-off.__PIPE__L2-flatten.__TILE__L0-1.__TILE__L2-2,target,support,support,finetune_dataset,data_939.pt,299271.0,exphormer_lite,2,50,paper_exact_seed2,2.5312018394470215,2.434032917022705,0.0971689224243164,0.10999999940395355,0.11162588000297546,0.0016258805990219116,0.07000000029802322,0.062430545687675476,0.007569454610347748,0.019999999552965164,-0.003529876470565796,0.02352987602353096,0.019999999552965164,0.021604113280773163,0.0016041137278079987
c6bb6863b81bcca5,syr2k,syr2k,lv2:__PARA__L0-1.__PARA__L1-1.__PARA__L2-3.__PARA__L3-1.__PIPE__L0-off.__PIPE__L2-flatten.__TILE__L0-1.__TILE__L2-1,target,support,support,finetune_dataset,data_945.pt,58811.0,exphormer_lite,2,50,paper_exact_seed2,3.7048492431640625,3.7036144733428955,0.0012347698211669922,0.07999999821186066,0.09428967535495758,0.014289677143096924,0.05000000074505806,0.056818559765815735,0.006818559020757675,0.029999999329447746,0.002883344888687134,0.027116654440760612,0.05000000074505806,0.044540368020534515,0.005459632724523544
0e54b1930d7346eb,syr2k,syr2k,lv2:__PARA__L0-1.__PARA__L1-32.__PARA__L2-1.__PARA__L3-16.__PIPE__L0-off.__PIPE__L2-off.__TILE__L0-1.__TILE__L2-1,target,support,support,finetune_dataset,data_1006.pt,169901.0,exphormer_lite,2,50,paper_exact_seed2,2.9395809173583984,2.957402467727661,0.017821550369262695,0.03999999910593033,0.05588124692440033,0.01588124781847,0.019999999552965164,0.03740851581096649,0.017408516258001328,0.05000000074505806,0.053148359060287476,0.003148358315229416,0.07999999821186066,0.06139982491731644,0.01860017329454422
e566095625c0d782,syr2k,syr2k,lv2:__PARA__L0-1.__PARA__L1-1.__PARA__L2-4.__PARA__L3-80.__PIPE__L0-off.__PIPE__L2-off.__TILE__L0-1.__TILE__L2-1,target,support,support,finetune_dataset,data_956.pt,51581.0,exphormer_lite,2,50,paper_exact_seed2,3.7994723320007324,3.6741859912872314,0.12528634071350098,0.09000000357627869,0.10661011934280396,0.01661011576652527,0.05000000074505806,0.04710070788860321,0.0028992928564548492,0.029999999329447746,0.01576143503189087,0.014238564297556877,0.05000000074505806,0.048620883375406265,0.0013791173696517944
10184b53b46431f3,syr2k,syr2k,lv2:__PARA__L0-1.__PARA__L1-1.__PARA__L2-1.__PARA__L3-1.__PIPE__L0-off.__PIPE__L2-flatten.__TILE__L0-1.__TILE__L2-8,target,support,support,finetune_dataset,data_917.pt,195227.0,exphormer_lite,2,50,paper_exact_seed2,2.8393518924713135,2.8054518699645996,0.03390002250671387,0.1599999964237213,0.12189225852489471,0.0381077378988266,0.09000000357627869,0.06392553448677063,0.026074469089508057,0.019999999552965164,-0.014856934547424316,0.03485693410038948,0.009999999776482582,0.014355696737766266,0.004355696961283684
0bb1acf1c6bdd6ca,syr2k,syr2k,lv2:__PARA__L0-1.__PARA__L1-1.__PARA__L2-1.__PARA__L3-16.__PIPE__L0-off.__PIPE__L2-off.__TILE__L0-1.__TILE__L2-1,target,support,support,finetune_dataset,data_920.pt,173981.0,exphormer_lite,2,50,paper_exact_seed2,2.9224631786346436,2.912707805633545,0.009755373001098633,0.029999999329447746,0.044447287917137146,0.0144472885876894,0.009999999776482582,0.031076297163963318,0.021076297387480736,0.05000000074505806,0.042512863874435425,0.007487136870622635,0.07999999821186066,0.05909053608775139,0.020909462124109268
275dbf1f298d56dc,syr2k,syr2k,lv2:__PARA__L0-1.__PARA__L1-4.__PARA__L2-5.__PARA__L3-80.__PIPE__L0-off.__PIPE__L2-NA.__TILE__L0-1.__TILE__L2-1,target,support,support,finetune_dataset,data_1016.pt,54007.0,exphormer_lite,2,50,paper_exact_seed2,3.7663190364837646,3.7458062171936035,0.020512819290161133,0.10999999940395355,0.10842417925596237,0.0015758201479911804,0.07000000029802322,0.06055058538913727,0.009449414908885956,0.029999999329447746,0.036194950342178345,0.0061949510127305984,0.05999999865889549,0.046556178480386734,0.013443820178508759
9c5fe47a7f3371ca,syr2k,syr2k,lv2:__PARA__L0-1.__PARA__L1-1.__PARA__L2-1.__PARA__L3-1.__PIPE__L0-off.__PIPE__L2-flatten.__TILE__L0-1.__TILE__L2-1,target,support,support,finetune_dataset,data_913.pt,75021.0,exphormer_lite,2,50,paper_exact_seed2,3.529244899749756,3.5920753479003906,0.06283044815063477,0.09000000357627869,0.05820874869823456,0.03179125487804413,0.03999999910593033,0.00584043562412262,0.03415956348180771,0.03999999910593033,-0.028899461030960083,0.06889946013689041,0.05000000074505806,0.05312231555581093,0.0031223148107528687
0bc9dfce5103edff,syr2k,syr2k,lv2:__PARA__L0-1.__PARA__L1-2.__PARA__L2-4.__PARA__L3-1.__PIPE__L0-off.__PIPE__L2-flatten.__TILE__L0-1.__TILE__L2-1,target,support,support,finetune_dataset,data_996.pt,48381.0,exphormer_lite,2,50,paper_exact_seed2,3.8456718921661377,3.769106149673462,0.07656574249267578,0.09000000357627869,0.10535883903503418,0.015358835458755493,0.05000000074505806,0.06770366430282593,0.017703663557767868,0.029999999329447746,0.011650294065475464,0.018349705263972282,0.05000000074505806,0.0408577024936676,0.009142298251390457
555a887ab9d454ef,syr2k,syr2k,lv2:__PARA__L0-1.__PARA__L1-8.__PARA__L2-1.__PARA__L3-16.__PIPE__L0-off.__PIPE__L2-off.__TILE__L0-1.__TILE__L2-1,target,support,support,finetune_dataset,data_1019.pt,168381.0,exphormer_lite,2,50,paper_exact_seed2,2.94606351852417,2.969351291656494,0.02328777313232422,0.03999999910593033,0.05080689489841461,0.010806895792484283,0.009999999776482582,0.02646632492542267,0.016466325148940086,0.05000000074505806,0.067037433385849,0.01703743264079094,0.07999999821186066,0.058674998581409454,0.021324999630451202
bae8fa957b07dc0f,syr2k,syr2k,lv2:__PARA__L0-1.__PARA__L1-1.__PARA__L2-10.__PARA__L3-1.__PIPE__L0-off.__PIPE__L2-flatten.__TILE__L0-1.__TILE__L2-2,target,support,support,finetune_dataset,data_930.pt,123349.0,exphormer_lite,2,50,paper_exact_seed2,3.1705551147460938,3.1720845699310303,0.0015294551849365234,0.18000000715255737,0.14232145249843597,0.0376785546541214,0.10999999940395355,0.11214382946491241,0.0021438300609588623,0.019999999552965164,-0.0269680917263031,0.046968091279268265,0.009999999776482582,0.023304879665374756,0.013304879888892174
7547cdfc13259299,syr2k,syr2k,lv2:__PARA__L0-1.__PARA__L1-2.__PARA__L2-1.__PARA__L3-32.__PIPE__L0-off.__PIPE__L2-off.__TILE__L0-1.__TILE__L2-1,target,support,support,finetune_dataset,data_986.pt,2002129.0,exphormer_lite,2,50,paper_exact_seed2,1.1601965427398682,1.122541904449463,0.03765463829040527,0.10000000149011612,0.08194158971309662,0.0180584117770195,0.03999999910593033,0.012028500437736511,0.027971498668193817,0.10000000149011612,0.03311452269554138,0.06688547879457474,0.019999999552965164,0.041760578751564026,0.02176057919859886
504cc116f687b53b,syr2k,syr2k,lv2:__PARA__L0-1.__PARA__L1-1.__PARA__L2-2.__PARA__L3-1.__PIPE__L0-off.__PIPE__L2-flatten.__TILE__L0-1.__TILE__L2-8,target,support,support,finetune_dataset,data_941.pt,136347.0,exphormer_lite,2,50,paper_exact_seed2,3.0982866287231445,3.1017651557922363,0.003478527069091797,0.18000000715255737,0.160166397690773,0.019833609461784363,0.09000000357627869,0.1021282747387886,0.012128271162509918,0.019999999552965164,0.03067663311958313,0.010676633566617966,0.009999999776482582,0.016152679920196533,0.006152680143713951
7f598e1a5b204938,syr2k,syr2k,lv2:__PARA__L0-1.__PARA__L1-1.__PARA__L2-1.__PARA__L3-8.__PIPE__L0-off.__PIPE__L2-off.__TILE__L0-1.__TILE__L2-1,target,support,support,finetune_dataset,data_926.pt,197981.0,exphormer_lite,2,50,paper_exact_seed2,2.829246997833252,2.8840670585632324,0.05482006072998047,0.019999999552965164,0.029130101203918457,0.009130101650953293,0.009999999776482582,0.019804105162620544,0.009804105386137962,0.019999999552965164,0.02218186855316162,0.002181869000196457,0.05000000074505806,0.053613413125276566,0.003613412380218506
5be48de24ad76cd8,syr2k,syr2k,lv2:__PARA__L0-1.__PARA__L1-8.__PARA__L2-1.__PARA__L3-80.__PIPE__L0-off.__PIPE__L2-NA.__TILE__L0-1.__TILE__L2-1,target,support,support,finetune_dataset,data_1022.pt,69501.0,exphormer_lite,2,50,paper_exact_seed2,3.5843753814697266,3.5420544147491455,0.042320966720581055,0.10000000149011612,0.09571199119091034,0.00428801029920578,0.03999999910593033,0.02572987973690033,0.014270119369029999,0.03999999910593033,0.014262557029724121,0.025737442076206207,0.05000000074505806,0.050164803862571716,0.00016480311751365662
4187821acffb4d42,syr2k,syr2k,lv2:__PARA__L0-1.__PARA__L1-2.__PARA__L2-3.__PARA__L3-80.__PIPE__L0-off.__PIPE__L2-off.__TILE__L0-1.__TILE__L2-1,target,support,support,finetune_dataset,data_995.pt,55611.0,exphormer_lite,2,50,paper_exact_seed2,3.7452070713043213,3.715797185897827,0.02940988540649414,0.07999999821186066,0.10111178457736969,0.021111786365509033,0.05000000074505806,0.04084399342536926,0.009156007319688797,0.029999999329447746,0.013826370239257812,0.016173629090189934,0.05000000074505806,0.04556094855070114,0.004439052194356918
5cf7d8cc09de0429,syr2k,syr2k,lv2:__PARA__L0-1.__PARA__L1-4.__PARA__L2-1.__PARA__L3-80.__PIPE__L0-off.__PIPE__L2-NA.__TILE__L0-1.__TILE__L2-1,target,support,support,finetune_dataset,data_1009.pt,70221.0,exphormer_lite,2,50,paper_exact_seed2,3.5769407749176025,3.52738618850708,0.04955458641052246,0.10000000149011612,0.09034273028373718,0.009657271206378937,0.03999999910593033,0.02081911265850067,0.019180886447429657,0.03999999910593033,0.005411654710769653,0.034588344395160675,0.05000000074505806,0.04975997284054756,0.00024002790451049805
8f674109f29f697d,syr2k,syr2k,lv2:__PARA__L0-1.__PARA__L1-2.__PARA__L2-2.__PARA__L3-1.__PIPE__L0-off.__PIPE__L2-flatten.__TILE__L0-1.__TILE__L2-1,target,support,support,finetune_dataset,data_990.pt,50783.0,exphormer_lite,2,50,paper_exact_seed2,3.8107192516326904,3.682971239089966,0.1277480125427246,0.10999999940395355,0.0806846171617508,0.02931538224220276,0.05000000074505806,0.03716437518596649,0.012835625559091568,0.029999999329447746,-0.007888644933700562,0.03788864612579346,0.05000000074505806,0.046279165893793106,0.0037208348512649536
09322ccf332b047c,syr2k,syr2k,lv2:__PARA__L0-1.__PARA__L1-1.__PARA__L2-8.__PARA__L3-80.__PIPE__L0-off.__PIPE__L2-NA.__TILE__L0-1.__TILE__L2-1,target,support,support,finetune_dataset,data_972.pt,57779.0,exphormer_lite,2,50,paper_exact_seed2,3.7176194190979004,3.686880350112915,0.03073906898498535,0.2199999988079071,0.12522071599960327,0.09477928280830383,0.11999999731779099,0.08189704269170761,0.038102954626083374,0.029999999329447746,0.039542317390441895,0.009542318060994148,0.05000000074505806,0.049630727618932724,0.0003692731261253357
cae64cd969998749,syr2k,syr2k,lv2:__PARA__L0-1.__PARA__L1-16.__PARA__L2-3.__PARA__L3-80.__PIPE__L0-off.__PIPE__L2-NA.__TILE__L0-1.__TILE__L2-1,target,support,support,finetune_dataset,data_981.pt,52811.0,exphormer_lite,2,50,paper_exact_seed2,3.782472848892212,3.7650978565216064,0.01737499237060547,0.07999999821186066,0.11318004131317139,0.03318004310131073,0.05000000074505806,0.05870117247104645,0.008701171725988388,0.029999999329447746,0.04040268063545227,0.010402681306004524,0.05000000074505806,0.04833419620990753,0.001665804535150528
386d0232d7b527fa,syr2k,syr2k,lv2:__PARA__L0-1.__PARA__L1-1.__PARA__L2-2.__PARA__L3-80.__PIPE__L0-off.__PIPE__L2-NA.__TILE__L0-1.__TILE__L2-1,target,support,support,finetune_dataset,data_942.pt,53983.0,exphormer_lite,2,50,paper_exact_seed2,3.766639471054077,3.6269338130950928,0.13970565795898438,0.10999999940395355,0.09732021391391754,0.01267978549003601,0.05000000074505806,0.03384295105934143,0.01615704968571663,0.029999999329447746,-0.0006408989429473877,0.030640898272395134,0.05000000074505806,0.04924633726477623,0.0007536634802818298
76568d6ea0ffdca1,syr2k,syr2k,lv2:__PARA__L0-1.__PARA__L1-4.__PARA__L2-2.__PARA__L3-80.__PIPE__L0-off.__PIPE__L2-NA.__TILE__L0-1.__TILE__L2-1,target,support,support,finetune_dataset,data_1011.pt,49183.0,exphormer_lite,2,50,paper_exact_seed2,3.8338122367858887,3.694546937942505,0.1392652988433838,0.10999999940395355,0.09574127197265625,0.014258727431297302,0.05000000074505806,0.03409789502620697,0.01590210571885109,0.029999999329447746,0.012388646602630615,0.01761135272681713,0.05000000074505806,0.04553057625889778,0.004469424486160278
6e7dc87d3b844561,syr2k,syr2k,lv2:__PARA__L0-1.__PARA__L1-1.__PARA__L2-3.__PARA__L3-1.__PIPE__L0-off.__PIPE__L2-flatten.__TILE__L0-1.__TILE__L2-8,target,support,support,finetune_dataset,data_948.pt,136186.0,exphormer_lite,2,50,paper_exact_seed2,3.0991389751434326,3.123429536819458,0.02429056167602539,0.11999999731779099,0.16741473972797394,0.04741474241018295,0.10000000149011612,0.11373031884431839,0.01373031735420227,0.019999999552965164,0.03392955660820007,0.013929557055234909,0.029999999329447746,0.016380980610847473,0.013619018718600273
d56de68b5818f2c0,syr2k,syr2k,lv2:__PARA__L0-1.__PARA__L1-2.__PARA__L2-2.__PARA__L3-80.__PIPE__L0-off.__PIPE__L2-off.__TILE__L0-1.__TILE__L2-1,target,support,support,finetune_dataset,data_992.pt,50783.0,exphormer_lite,2,50,paper_exact_seed2,3.8107192516326904,3.649752378463745,0.1609668731689453,0.10999999940395355,0.1011524498462677,0.008847549557685852,0.05000000074505806,0.03230540454387665,0.017694596201181412,0.029999999329447746,-0.000316619873046875,0.03031661920249462,0.05000000074505806,0.04680979251861572,0.003190208226442337
6b4151c6c70b25a0,syr2k,syr2k,lv2:__PARA__L0-1.__PARA__L1-8.__PARA__L2-1.__PARA__L3-80.__PIPE__L0-off.__PIPE__L2-off.__TILE__L0-1.__TILE__L2-1,target,support,support,finetune_dataset,data_1023.pt,69501.0,exphormer_lite,2,50,paper_exact_seed2,3.5843753814697266,3.5224554538726807,0.0619199275970459,0.10000000149011612,0.1011856347322464,0.0011856332421302795,0.03999999910593033,0.026697829365730286,0.013302169740200043,0.03999999910593033,0.020320117473602295,0.019679881632328033,0.05000000074505806,0.04850814491510391,0.0014918558299541473
4774b62b72a175a9,syr2k,syr2k,lv2:__PARA__L0-1.__PARA__L1-2.__PARA__L2-6.__PARA__L3-80.__PIPE__L0-off.__PIPE__L2-NA.__TILE__L0-1.__TILE__L2-1,target,support,support,finetune_dataset,data_1003.pt,50701.0,exphormer_lite,2,50,paper_exact_seed2,3.811885118484497,3.722773790359497,0.089111328125,0.11999999731779099,0.11248422414064407,0.007515773177146912,0.07000000029802322,0.06645162403583527,0.0035483762621879578,0.029999999329447746,0.0364798903465271,0.006479891017079353,0.05000000074505806,0.04779990762472153,0.0022000931203365326
a38d96984259f519,syr2k,syr2k,lv2:__PARA__L0-1.__PARA__L1-8.__PARA__L2-2.__PARA__L3-80.__PIPE__L0-off.__PIPE__L2-off.__TILE__L0-1.__TILE__L2-1,target,support,support,finetune_dataset,data_1025.pt,48463.0,exphormer_lite,2,50,paper_exact_seed2,3.8444502353668213,3.7048544883728027,0.13959574699401855,0.10999999940395355,0.10849131643772125,0.0015086829662322998,0.05000000074505806,0.038810327649116516,0.011189673095941544,0.029999999329447746,0.021176844835281372,0.008823154494166374,0.05000000074505806,0.046096526086330414,0.003903474658727646
5499c8364cd4ba73,syr2k,syr2k,lv2:__PARA__L0-1.__PARA__L1-2.__PARA__L2-1.__PARA__L3-80.__PIPE__L0-off.__PIPE__L2-NA.__TILE__L0-1.__TILE__L2-1,target,support,support,finetune_dataset,data_987.pt,71821.0,exphormer_lite,2,50,paper_exact_seed2,3.5606892108917236,3.5172007083892822,0.043488502502441406,0.09000000357627869,0.08764249086380005,0.0023575127124786377,0.03999999910593033,0.019075721502304077,0.02092427760362625,0.03999999910593033,-0.004091709852218628,0.044091708958148956,0.05000000074505806,0.04996509104967117,3.49096953868866e-05
3caf27e8d55488b0,syr2k,syr2k,lv2:__PARA__L0-1.__PARA__L1-8.__PARA__L2-2.__PARA__L3-80.__PIPE__L0-off.__PIPE__L2-NA.__TILE__L0-1.__TILE__L2-1,target,support,support,finetune_dataset,data_1024.pt,48463.0,exphormer_lite,2,50,paper_exact_seed2,3.8444502353668213,3.711718797683716,0.13273143768310547,0.10999999940395355,0.1009337455034256,0.009066253900527954,0.05000000074505806,0.0379854291677475,0.012014571577310562,0.029999999329447746,0.01884782314300537,0.011152176186442375,0.05000000074505806,0.04585365951061249,0.004146341234445572
5ae5480f40dee700,syr2k,syr2k,lv2:__PARA__L0-1.__PARA__L1-1.__PARA__L2-20.__PARA__L3-1.__PIPE__L0-off.__PIPE__L2-flatten.__TILE__L0-1.__TILE__L2-2,target,support,support,finetune_dataset,data_944.pt,106747.0,exphormer_lite,2,50,paper_exact_seed2,3.2748303413391113,3.2444159984588623,0.030414342880249023,0.3199999928474426,0.15616653859615326,0.16383345425128937,0.5099999904632568,0.16409218311309814,0.3459078073501587,0.03999999910593033,0.0018066167831420898,0.03819338232278824,0.029999999329447746,0.03884418308734894,0.008844183757901192
3c68f4e92bb140ff,syr2k,syr2k,lv2:__PARA__L0-1.__PARA__L1-1.__PARA__L2-3.__PARA__L3-1.__PIPE__L0-off.__PIPE__L2-flatten.__TILE__L0-1.__TILE__L2-2,target,support,support,finetune_dataset,data_946.pt,232897.0,exphormer_lite,2,50,paper_exact_seed2,2.7120821475982666,2.637991189956665,0.07409095764160156,0.07999999821186066,0.12617456912994385,0.04617457091808319,0.05000000074505806,0.06897962093353271,0.018979620188474655,0.019999999552965164,-0.0010539889335632324,0.021053988486528397,0.019999999552965164,0.01810091733932495,0.001899082213640213
473a8504bbc3f8c3,syr2k,syr2k,lv2:__PARA__L0-1.__PARA__L1-4.__PARA__L2-1.__PARA__L3-20.__PIPE__L0-off.__PIPE__L2-off.__TILE__L0-1.__TILE__L2-1,target,support,support,finetune_dataset,data_1008.pt,165169.0,exphormer_lite,2,50,paper_exact_seed2,2.959956645965576,2.93408203125,0.025874614715576172,0.07000000029802322,0.05306215584278107,0.016937844455242157,0.029999999329447746,0.029484733939170837,0.0005152653902769089,0.07999999821186066,0.059053510427474976,0.02094648778438568,0.019999999552965164,0.05833280831575394,0.03833280876278877
fe97f1c7f7557306,syr2k,syr2k,lv2:__PARA__L0-1.__PARA__L1-1.__PARA__L2-1.__PARA__L3-1.__PIPE__L0-off.__PIPE__L2-flatten.__TILE__L0-1.__TILE__L2-4,target,support,support,finetune_dataset,data_915.pt,296869.0,exphormer_lite,2,50,paper_exact_seed2,2.537014961242676,2.4815688133239746,0.05544614791870117,0.09000000357627869,0.11063741892576218,0.02063741534948349,0.05999999865889549,0.05442632734775543,0.00557367131114006,0.019999999552965164,-0.013784736394882202,0.033784735947847366,0.009999999776482582,0.011144131422042847,0.0011441316455602646
eba61534fab39817,syr2k,syr2k,lv2:__PARA__L0-1.__PARA__L1-1.__PARA__L2-2.__PARA__L3-1.__PIPE__L0-off.__PIPE__L2-flatten.__TILE__L0-1.__TILE__L2-1,target,support,support,finetune_dataset,data_938.pt,53983.0,exphormer_lite,2,50,paper_exact_seed2,3.766639471054077,3.6639740467071533,0.10266542434692383,0.10999999940395355,0.08130598068237305,0.028694018721580505,0.05000000074505806,0.03890037536621094,0.011099625378847122,0.029999999329447746,-0.008110970258712769,0.038110971450805664,0.05000000074505806,0.048078231513500214,0.001921769231557846
f40fd44b5e21918b,syr2k,syr2k,lv2:__PARA__L0-1.__PARA__L1-1.__PARA__L2-1.__PARA__L3-80.__PIPE__L0-off.__PIPE__L2-off.__TILE__L0-1.__TILE__L2-1,target,support,support,finetune_dataset,data_928.pt,75021.0,exphormer_lite,2,50,paper_exact_seed2,3.529244899749756,3.4920859336853027,0.037158966064453125,0.09000000357627869,0.0803702175617218,0.009629786014556885,0.03999999910593033,0.01968713104724884,0.020312868058681488,0.03999999910593033,-0.0101393461227417,0.05013934522867203,0.05000000074505806,0.049657560884952545,0.0003424398601055145
1584d7550bc70b91,syr2k,syr2k,lv2:__PARA__L0-1.__PARA__L1-2.__PARA__L2-6.__PARA__L3-1.__PIPE__L0-off.__PIPE__L2-flatten.__TILE__L0-1.__TILE__L2-1,target,support,support,finetune_dataset,data_1002.pt,50701.0,exphormer_lite,2,50,paper_exact_seed2,3.811885118484497,3.7408854961395264,0.0709996223449707,0.11999999731779099,0.13198265433311462,0.011982657015323639,0.07000000029802322,0.09214594215154648,0.022145941853523254,0.029999999329447746,0.03794744610786438,0.007947446778416634,0.05000000074505806,0.03839567303657532,0.011604327708482742
b23d5c1afc604565,syr2k,syr2k,lv2:__PARA__L0-1.__PARA__L1-1.__PARA__L2-6.__PARA__L3-1.__PIPE__L0-off.__PIPE__L2-flatten.__TILE__L0-1.__TILE__L2-2,target,support,support,finetune_dataset,data_964.pt,153269.0,exphormer_lite,2,50,paper_exact_seed2,3.013895034790039,3.0078649520874023,0.006030082702636719,0.11999999731779099,0.14182505011558533,0.021825052797794342,0.07999999821186066,0.08638565242290497,0.0063856542110443115,0.019999999552965164,-0.007570177316665649,0.027570176869630814,0.019999999552965164,0.018374882638454437,0.001625116914510727
8983256af8020ec5,syr2k,syr2k,lv2:__PARA__L0-1.__PARA__L1-2.__PARA__L2-1.__PARA__L3-16.__PIPE__L0-off.__PIPE__L2-off.__TILE__L0-1.__TILE__L2-1,target,support,support,finetune_dataset,data_984.pt,170781.0,exphormer_lite,2,50,paper_exact_seed2,2.935854434967041,2.935729742050171,0.0001246929168701172,0.03999999910593033,0.045688360929489136,0.005688361823558807,0.009999999776482582,0.02789396047592163,0.01789396069943905,0.05000000074505806,0.050032854080200195,3.285333514213562e-05,0.07999999821186066,0.05798599496483803,0.02201400324702263
396f10a14a6777c8,syr2k,syr2k,lv2:__PARA__L0-1.__PARA__L1-1.__PARA__L2-6.__PARA__L3-1.__PIPE__L0-off.__PIPE__L2-flatten.__TILE__L0-1.__TILE__L2-4,target,support,support,finetune_dataset,data_965.pt,127037.0,exphormer_lite,2,50,paper_exact_seed2,3.149303674697876,3.0807816982269287,0.06852197647094727,0.18000000715255737,0.14653120934963226,0.03346879780292511,0.10999999940395355,0.09618517756462097,0.01381482183933258,0.019999999552965164,-0.014406323432922363,0.03440632298588753,0.019999999552965164,0.01551024615764618,0.004489753395318985
de480fa449fa3d49,syr2k,syr2k,lv2:__PARA__L0-1.__PARA__L1-2.__PARA__L2-8.__PARA__L3-1.__PIPE__L0-off.__PIPE__L2-flatten.__TILE__L0-1.__TILE__L2-1,target,support,support,finetune_dataset,data_1005.pt,54579.0,exphormer_lite,2,50,paper_exact_seed2,3.7587192058563232,3.695218086242676,0.06350111961364746,0.2199999988079071,0.15300260484218597,0.06699739396572113,0.11999999731779099,0.11304615437984467,0.00695384293794632,0.029999999329447746,0.05714792013168335,0.027147920802235603,0.05000000074505806,0.03849330544471741,0.011506695300340652
47f6594af7e229e8,syr2k,syr2k,lv2:__PARA__L0-1.__PARA__L1-8.__PARA__L2-4.__PARA__L3-80.__PIPE__L0-off.__PIPE__L2-NA.__TILE__L0-1.__TILE__L2-1,target,support,support,finetune_dataset,data_1028.pt,46061.0,exphormer_lite,2,50,paper_exact_seed2,3.8811192512512207,3.7690353393554688,0.11208391189575195,0.10000000149011612,0.10918553918600082,0.009185537695884705,0.05999999865889549,0.05779676139354706,0.0022032372653484344,0.029999999329447746,0.03867635130882263,0.008676351979374886,0.05000000074505806,0.046401433646678925,0.003598567098379135
1c06b9a5b5fe70d6,syr2k,syr2k,lv2:__PARA__L0-1.__PARA__L1-1.__PARA__L2-4.__PARA__L3-1.__PIPE__L0-off.__PIPE__L2-flatten.__TILE__L0-1.__TILE__L2-2,target,support,support,finetune_dataset,data_952.pt,198587.0,exphormer_lite,2,50,paper_exact_seed2,2.827042579650879,2.803950786590576,0.023091793060302734,0.17000000178813934,0.13086017966270447,0.039139822125434875,0.10000000149011612,0.07285666465759277,0.027143336832523346,0.019999999552965164,-0.007012397050857544,0.027012396603822708,0.009999999776482582,0.017897918820381165,0.007897919043898582
a3af9f64623a88cb,syr2k,syr2k,lv2:__PARA__L0-1.__PARA__L1-1.__PARA__L2-1.__PARA__L3-1.__PIPE__L0-off.__PIPE__L2-flatten.__TILE__L0-1.__TILE__L2-2,target,support,support,finetune_dataset,data_914.pt,524871.0,exphormer_lite,2,50,paper_exact_seed2,2.1259467601776123,2.097996234893799,0.027950525283813477,0.10999999940395355,0.08146360516548157,0.028536394238471985,0.05999999865889549,0.032142266631126404,0.02785773202776909,0.019999999552965164,-0.020905792713165283,0.04090579226613045,0.009999999776482582,0.02634432166814804,0.01634432189166546
26e4e575e0a5581e,syr2k,syr2k,lv2:__PARA__L0-1.__PARA__L1-1.__PARA__L2-6.__PARA__L3-1.__PIPE__L0-off.__PIPE__L2-flatten.__TILE__L0-1.__TILE__L2-1,target,support,support,finetune_dataset,data_963.pt,53901.0,exphormer_lite,2,50,paper_exact_seed2,3.7677361965179443,3.7007734775543213,0.06696271896362305,0.11999999731779099,0.1317141354084015,0.011714138090610504,0.07000000029802322,0.09292156994342804,0.022921569645404816,0.029999999329447746,0.03633469343185425,0.006334694102406502,0.05000000074505806,0.04019669443368912,0.009803306311368942
6b31bb7a69b02d12,syr2k,syr2k,lv2:__PARA__L0-1.__PARA__L1-1.__PARA__L2-1.__PARA__L3-1.__PIPE__L0-off.__PIPE__L2-flatten.__TILE__L0-1.__TILE__L2-60,target,support,support,finetune_dataset,data_916.pt,75021.0,exphormer_lite,2,50,paper_exact_seed2,3.529244899749756,3.4554357528686523,0.07380914688110352,0.09000000357627869,0.08398482203483582,0.006015181541442871,0.03999999910593033,0.00249674916267395,0.03750324994325638,0.03999999910593033,-0.039577335119247437,0.07957733422517776,0.05000000074505806,0.03858095407485962,0.01141904667019844
e3330d21e0bf25d1,syr2k,syr2k,lv2:__PARA__L0-1.__PARA__L1-1.__PARA__L2-6.__PARA__L3-80.__PIPE__L0-off.__PIPE__L2-off.__TILE__L0-1.__TILE__L2-1,target,support,support,finetune_dataset,data_968.pt,53901.0,exphormer_lite,2,50,paper_exact_seed2,3.7677361965179443,3.6840856075286865,0.08365058898925781,0.11999999731779099,0.11522658169269562,0.004773415625095367,0.07000000029802322,0.05888666212558746,0.01111333817243576,0.029999999329447746,0.030392497777938843,0.0003924984484910965,0.05000000074505806,0.04878207668662071,0.0012179240584373474
0b9da6616fcec98b,gemm-p,gemm-p,lv2:__PARA__L0-6.__PARA__L1-16.__PARA__L2-16.__PARA__L3-1.__PIPE__L0-off.__PIPE__L2-flatten.__TILE__L0-1.__TILE__L2-1,target,support,support,finetune_dataset,data_418.pt,10004.0,exphormer_lite,2,50,paper_exact_seed2,4.982603549957275,5.121110916137695,0.13850736618041992,0.3499999940395355,0.29596513509750366,0.05403485894203186,0.23999999463558197,0.19385328888893127,0.046146705746650696,0.36000001430511475,0.26929911971092224,0.0907008945941925,0.009999999776482582,-0.006190121173858643,0.016190120950341225
ac3cd52a03c5e995,gemm-p,gemm-p,lv2:__PARA__L0-4.__PARA__L1-32.__PARA__L2-1.__PARA__L3-1.__PIPE__L0-NA.__PIPE__L2-flatten.__TILE__L0-1.__TILE__L2-80,target,support,support,finetune_dataset,data_405.pt,33034.0,exphormer_lite,2,50,paper_exact_seed2,4.120916366577148,4.075400352478027,0.045516014099121094,0.05999999865889549,0.06861117482185364,0.008611176162958145,0.019999999552965164,0.03653423488140106,0.016534235328435898,0.03999999910593033,0.06003056466579437,0.020030565559864044,0.05000000074505806,0.04360868036746979,0.006391320377588272
9d9b7c90d1bd716b,gemm-p,gemm-p,lv2:__PARA__L0-12.__PARA__L1-32.__PARA__L2-10.__PARA__L3-1.__PIPE__L0-NA.__PIPE__L2-flatten.__TILE__L0-1.__TILE__L2-8,target,support,support,finetune_dataset,data_342.pt,11486.0,exphormer_lite,2,50,paper_exact_seed2,4.882954120635986,4.906382083892822,0.023427963256835938,0.23000000417232513,0.24637946486473083,0.0163794606924057,0.1599999964237213,0.17764468491077423,0.017644688487052917,0.2199999988079071,0.24125802516937256,0.021258026361465454,0.009999999776482582,0.009999416768550873,5.830079317092896e-07
8d04f549a37ccd8a,gemm-p,gemm-p,lv2:__PARA__L0-1.__PARA__L1-1.__PARA__L2-1.__PARA__L3-2.__PIPE__L0-off.__PIPE__L2-off.__TILE__L0-1.__TILE__L2-1,target,support,support,finetune_dataset,data_87.pt,293231.0,exphormer_lite,2,50,paper_exact_seed2,2.5459091663360596,2.554753541946411,0.008844375610351562,0.0,-0.025068506598472595,0.025068506598472595,0.0,-0.008920595049858093,0.008920595049858093,0.0,-0.025743961334228516,0.025743961334228516,0.009999999776482582,0.01934172213077545,0.00934172235429287
af9650a8856f962e,gemm-p,gemm-p,lv2:__PARA__L0-10.__PARA__L1-32.__PARA__L2-16.__PARA__L3-1.__PIPE__L0-NA.__PIPE__L2-flatten.__TILE__L0-1.__TILE__L2-1,target,support,support,finetune_dataset,data_337.pt,10603.0,exphormer_lite,2,50,paper_exact_seed2,4.940655708312988,4.9360809326171875,0.004574775695800781,0.3499999940395355,0.308584988117218,0.041415005922317505,0.23999999463558197,0.20740960538387299,0.032590389251708984,0.36000001430511475,0.27662211656570435,0.0833778977394104,0.009999999776482582,0.00670827180147171,0.003291727975010872
213cd979bba3abbb,gemm-p,gemm-p,lv2:__PARA__L0-1.__PARA__L1-1.__PARA__L2-1.__PARA__L3-10.__PIPE__L0-off.__PIPE__L2-off.__TILE__L0-1.__TILE__L2-4,target,support,support,finetune_dataset,data_82.pt,436495.0,exphormer_lite,2,50,paper_exact_seed2,2.2589454650878906,2.267343044281006,0.008397579193115234,0.009999999776482582,0.028345465660095215,0.018345465883612633,0.0,0.023127034306526184,0.023127034306526184,0.0,0.013267755508422852,0.013267755508422852,0.019999999552965164,0.026089996099472046,0.006089996546506882
8951b788629b4d4d,gemm-p,gemm-p,lv2:__PARA__L0-1.__PARA__L1-1.__PARA__L2-4.__PARA__L3-7.__PIPE__L0-off.__PIPE__L2-off.__TILE__L0-1.__TILE__L2-2,target,support,support,finetune_dataset,data_190.pt,433979.0,exphormer_lite,2,50,paper_exact_seed2,2.263115406036377,2.3423149585723877,0.07919955253601074,0.009999999776482582,0.020491063594818115,0.010491063818335533,0.0,0.0022285431623458862,0.0022285431623458862,0.009999999776482582,0.04435896873474121,0.03435897082090378,0.029999999329447746,0.017902135848999023,0.012097863480448723
ff6397e9e2d76d85,gemm-p,gemm-p,lv2:__PARA__L0-15.__PARA__L1-32.__PARA__L2-1.__PARA__L3-1.__PIPE__L0-off.__PIPE__L2-flatten.__TILE__L0-4.__TILE__L2-1,target,support,support,finetune_dataset,data_350.pt,42692.0,exphormer_lite,2,50,paper_exact_seed2,3.9359092712402344,3.8467118740081787,0.08919739723205566,0.05999999865889549,0.041704460978507996,0.018295537680387497,0.019999999552965164,0.02971060574054718,0.009710606187582016,0.03999999910593033,0.051237523555755615,0.011237524449825287,0.05000000074505806,0.032295092940330505,0.017704907804727554
690088eff0fba4fd,gemm-p,gemm-p,lv2:__PARA__L0-1.__PARA__L1-1.__PARA__L2-16.__PARA__L3-70.__PIPE__L0-off.__PIPE__L2-NA.__TILE__L0-1.__TILE__L2-1,target,support,support,finetune_dataset,data_131.pt,14587.0,exphormer_lite,2,50,paper_exact_seed2,4.710550308227539,4.742518901824951,0.03196859359741211,0.3199999928474426,0.2185273915529251,0.10147260129451752,0.23999999463558197,0.16483494639396667,0.0751650482416153,0.36000001430511475,0.2070232331752777,0.15297678112983704,0.009999999776482582,0.00272957980632782,0.007270419970154762
e385af510d412fde,gemm-p,gemm-p,lv2:__PARA__L0-1.__PARA__L1-5.__PARA__L2-1.__PARA__L3-1.__PIPE__L0-off.__PIPE__L2-flatten.__TILE__L0-1.__TILE__L2-4,target,support,support,finetune_dataset,data_301.pt,420016.0,exphormer_lite,2,50,paper_exact_seed2,2.28670597076416,2.255791664123535,0.030914306640625,0.1899999976158142,0.12868645787239075,0.06131353974342346,0.019999999552965164,-0.0020444244146347046,0.02204442396759987,0.019999999552965164,-0.0011962354183197021,0.021196234971284866,0.03999999910593033,0.027141809463500977,0.012858189642429352
d3c00616b2de9217,gemm-p,gemm-p,lv2:__PARA__L0-1.__PARA__L1-2.__PARA__L2-1.__PARA__L3-1.__PIPE__L0-off.__PIPE__L2-flatten.__TILE__L0-1.__TILE__L2-80,target,support,support,finetune_dataset,data_241.pt,33247.0,exphormer_lite,2,50,paper_exact_seed2,4.1162800788879395,4.141076564788818,0.024796485900878906,0.029999999329447746,0.01625332236289978,0.013746676966547966,0.009999999776482582,-0.017276987433433533,0.027276987209916115,0.019999999552965164,-0.019205212593078613,0.03920521214604378,0.05000000074505806,0.04717648774385452,0.002823513001203537
258ea66de43bc217,gemm-p,gemm-p,lv2:__PARA__L0-1.__PARA__L1-1.__PARA__L2-1.__PARA__L3-7.__PIPE__L0-off.__PIPE__L2-off.__TILE__L0-1.__TILE__L2-1,target,support,support,finetune_dataset,data_95.pt,176046.0,exphormer_lite,2,50,paper_exact_seed2,2.913951873779297,2.8175179958343506,0.09643387794494629,0.019999999552965164,0.007700398564338684,0.01229960098862648,0.009999999776482582,0.00034780800342559814,0.009652191773056984,0.009999999776482582,-0.005854606628417969,0.01585460640490055,0.029999999329447746,0.026860028505325317,0.003139970824122429
d7a4be32a684722c,gemm-p,gemm-p,lv2:__PARA__L0-15.__PARA__L1-32.__PARA__L2-1.__PARA__L3-1.__PIPE__L0-NA.__PIPE__L2-flatten.__TILE__L0-1.__TILE__L2-80,target,support,support,finetune_dataset,data_347.pt,42692.0,exphormer_lite,2,50,paper_exact_seed2,3.9359092712402344,3.853259325027466,0.08264994621276855,0.05999999865889549,0.038684144616127014,0.02131585404276848,0.019999999552965164,0.03598712384700775,0.015987124294042587,0.03999999910593033,0.0733845978975296,0.033384598791599274,0.05000000074505806,0.03799639642238617,0.01200360432267189
44435f443523b172,gemm-p,gemm-p,lv2:__PARA__L0-1.__PARA__L1-5.__PARA__L2-4.__PARA__L3-1.__PIPE__L0-off.__PIPE__L2-flatten.__TILE__L0-1.__TILE__L2-4,target,support,support,finetune_dataset,data_317.pt,129016.0,exphormer_lite,2,50,paper_exact_seed2,3.138153076171875,3.023759365081787,0.11439371109008789,0.23000000417232513,0.18963360786437988,0.04036639630794525,0.05000000074505806,0.05595600605010986,0.005956005305051804,0.05000000074505806,0.13759997487068176,0.087599977850914,0.009999999776482582,0.004220582544803619,0.005779417231678963
2094e4f1edf458d2,gemm-p,gemm-p,lv2:__PARA__L0-1.__PARA__L1-5.__PARA__L2-10.__PARA__L3-1.__PIPE__L0-off.__PIPE__L2-flatten.__TILE__L0-1.__TILE__L2-2,target,support,support,finetune_dataset,data_305.pt,111135.0,exphormer_lite,2,50,paper_exact_seed2,3.2457714080810547,3.1648666858673096,0.08090472221374512,0.4399999976158142,0.19144363701343536,0.24855636060237885,0.18000000715255737,0.08556488156318665,0.09443512558937073,0.6100000143051147,0.17774982750415802,0.4322502017021179,0.0,-0.002307794988155365,0.002307794988155365
56e56d42fe8949bd,gemm-p,gemm-p,lv2:__PARA__L0-1.__PARA__L1-1.__PARA__L2-10.__PARA__L3-7.__PIPE__L0-off.__PIPE__L2-off.__TILE__L0-1.__TILE__L2-2,target,support,support,finetune_dataset,data_117.pt,267108.0,exphormer_lite,2,50,paper_exact_seed2,2.6132164001464844,2.577268600463867,0.03594779968261719,0.019999999552965164,0.04201848804950714,0.022018488496541977,0.009999999776482582,0.01523137092590332,0.005231371149420738,0.019999999552965164,0.05747920274734497,0.037479203194379807,0.03999999910593033,0.02303752303123474,0.016962476074695587
2410d6d0636ec1ab,gemm-p,gemm-p,lv2:__PARA__L0-1.__PARA__L1-1.__PARA__L2-16.__PARA__L3-2.__PIPE__L0-off.__PIPE__L2-NA.__TILE__L0-1.__TILE__L2-1,target,support,support,finetune_dataset,data_125.pt,36131.0,exphormer_lite,2,50,paper_exact_seed2,4.056273460388184,3.9426937103271484,0.11357975006103516,0.10000000149011612,0.09678852558135986,0.003211475908756256,0.05000000074505806,0.05744381248950958,0.007443811744451523,0.07000000029802322,0.09477786719799042,0.024777866899967194,0.029999999329447746,0.015036508440971375,0.014963490888476372
b7fd70dbbc81db59,gemm-p,gemm-p,lv2:__PARA__L0-1.__PARA__L1-1.__PARA__L2-4.__PARA__L3-10.__PIPE__L0-off.__PIPE__L2-off.__TILE__L0-1.__TILE__L2-1,target,support,support,finetune_dataset,data_173.pt,17110.0,exphormer_lite,2,50,paper_exact_seed2,4.59547233581543,4.2274065017700195,0.36806583404541016,0.05000000074505806,0.08356785774230957,0.03356785699725151,0.029999999329447746,0.05194896459579468,0.02194896526634693,0.07000000029802322,0.11305075883865356,0.04305075854063034,0.029999999329447746,0.013264015316963196,0.01673598401248455
3435f90a3a91803f,gemm-p,gemm-p,lv2:__PARA__L0-1.__PARA__L1-1.__PARA__L2-20.__PARA__L3-2.__PIPE__L0-off.__PIPE__L2-off.__TILE__L0-1.__TILE__L2-2,target,support,support,finetune_dataset,data_164.pt,632396.0,exphormer_lite,2,50,paper_exact_seed2,1.991513967514038,2.025848865509033,0.03433489799499512,0.009999999776482582,0.03072848916053772,0.020728489384055138,0.009999999776482582,-0.014975935220718384,0.024975934997200966,0.009999999776482582,0.027461975812911987,0.017461976036429405,0.029999999329447746,0.028973951935768127,0.0010260473936796188
6bfb9e054cecee78,gemm-p,gemm-p,lv2:__PARA__L0-1.__PARA__L1-2.__PARA__L2-10.__PARA__L3-1.__PIPE__L0-off.__PIPE__L2-flatten.__TILE__L0-1.__TILE__L2-1,target,support,support,finetune_dataset,data_247.pt,12847.0,exphormer_lite,2,50,paper_exact_seed2,4.802176475524902,4.75037145614624,0.05180501937866211,0.20999999344348907,0.177692711353302,0.03230728209018707,0.15000000596046448,0.12140195071697235,0.028598055243492126,0.2199999988079071,0.22009532153606415,9.532272815704346e-05,0.009999999776482582,-0.0030956044793128967,0.013095604255795479
ec749d53357fb316,gemm-p,gemm-p,lv2:__PARA__L0-1.__PARA__L1-8.__PARA__L2-1.__PARA__L3-32.__PIPE__L0-off.__PIPE__L2-off.__TILE__L0-1.__TILE__L2-1,target,support,support,finetune_dataset,data_328.pt,285829.0,exphormer_lite,2,50,paper_exact_seed2,2.564352035522461,2.647491693496704,0.08313965797424316,0.009999999776482582,0.022941485047340393,0.012941485270857811,0.0,0.008154436945915222,0.008154436945915222,0.009999999776482582,0.03388836979866028,0.023888370022177696,0.05000000074505806,0.037743449211120605,0.012256551533937454
d4240070e73cc342,gemm-p,gemm-p,lv2:__PARA__L0-1.__PARA__L1-1.__PARA__L2-20.__PARA__L3-7.__PIPE__L0-off.__PIPE__L2-off.__TILE__L0-1.__TILE__L2-2,target,support,support,finetune_dataset,data_170.pt,203508.0,exphormer_lite,2,50,paper_exact_seed2,2.809385299682617,2.6468758583068848,0.16250944137573242,0.03999999910593033,0.0644877701997757,0.024487771093845367,0.029999999329447746,0.01342327892780304,0.016576720401644707,0.03999999910593033,0.07687002420425415,0.03687002509832382,0.019999999552965164,0.023350544273853302,0.003350544720888138
f3d5aea3a08304a4,gemm-p,gemm-p,lv2:__PARA__L0-1.__PARA__L1-5.__PARA__L2-20.__PARA__L3-1.__PIPE__L0-off.__PIPE__L2-flatten.__TILE__L0-1.__TILE__L2-2,target,support,support,finetune_dataset,data_313.pt,64939.0,exphormer_lite,2,50,paper_exact_seed2,3.633349657058716,3.4158504009246826,0.2174992561340332,0.2199999988079071,0.2127804160118103,0.007219582796096802,0.019999999552965164,0.11345037817955017,0.0934503823518753,0.03999999910593033,0.1929948627948761,0.15299487113952637,0.009999999776482582,0.0032788068056106567,0.006721192970871925
2d6b4dc1bf7b484f,gemm-p,gemm-p,lv2:__PARA__L0-20.__PARA__L1-32.__PARA__L2-10.__PARA__L3-1.__PIPE__L0-off.__PIPE__L2-flatten.__TILE__L0-1.__TILE__L2-8,target,support,support,finetune_dataset,data_375.pt,13106.0,exphormer_lite,2,50,paper_exact_seed2,4.787778377532959,4.815621376037598,0.027842998504638672,0.23000000417232513,0.22635120153427124,0.003648802638053894,0.1599999964237213,0.16762390732765198,0.007623910903930664,0.2199999988079071,0.2310439497232437,0.011043950915336609,0.009999999776482582,0.002475917339324951,0.007524082437157631
cd69b23a624a35b1,gemm-p,gemm-p,lv2:__PARA__L0-2.__PARA__L1-16.__PARA__L2-10.__PARA__L3-1.__PIPE__L0-NA.__PIPE__L2-flatten.__TILE__L0-1.__TILE__L2-8,target,support,support,finetune_dataset,data_361.pt,9691.0,exphormer_lite,2,50,paper_exact_seed2,5.005533218383789,4.993505477905273,0.012027740478515625,0.23000000417232513,0.24430495500564575,0.014304950833320618,0.1599999964237213,0.1446196734905243,0.015380322933197021,0.2199999988079071,0.23668016493320465,0.016680166125297546,0.009999999776482582,-0.011153899133205414,0.021153898909687996
42e8b67f759345f2,gemm-p,gemm-p,lv2:__PARA__L0-1.__PARA__L1-1.__PARA__L2-20.__PARA__L3-10.__PIPE__L0-off.__PIPE__L2-off.__TILE__L0-1.__TILE__L2-1,target,support,support,finetune_dataset,data_157.pt,12850.0,exphormer_lite,2,50,paper_exact_seed2,4.802008152008057,4.75543212890625,0.04657602310180664,0.20999999344348907,0.17086072266101837,0.0391392707824707,0.12999999523162842,0.11252525448799133,0.017474740743637085,0.3400000035762787,0.21891941130161285,0.12108059227466583,0.009999999776482582,0.009481951594352722,0.0005180481821298599
a041a0b04cb7eb40,gemm-p,gemm-p,lv2:__PARA__L0-1.__PARA__L1-4.__PARA__L2-1.__PARA__L3-1.__PIPE__L0-off.__PIPE__L2-flatten.__TILE__L0-1.__TILE__L2-1,target,support,support,finetune_dataset,data_287.pt,32587.0,exphormer_lite,2,50,paper_exact_seed2,4.130743980407715,4.11082124710083,0.019922733306884766,0.029999999329447746,0.021172061562538147,0.0088279377669096,0.009999999776482582,-0.01729162037372589,0.027291620150208473,0.019999999552965164,-0.006968379020690918,0.026968378573656082,0.05000000074505806,0.0262669175863266,0.02373308315873146
f779ac08d7725162,gemm-p,gemm-p,lv2:__PARA__L0-30.__PARA__L1-32.__PARA__L2-1.__PARA__L3-1.__PIPE__L0-NA.__PIPE__L2-flatten.__TILE__L0-2.__TILE__L2-1,target,support,support,finetune_dataset,data_388.pt,55939.0,exphormer_lite,2,50,paper_exact_seed2,3.740964889526367,3.847163677215576,0.10619878768920898,0.05999999865889549,0.024494245648384094,0.0355057530105114,0.019999999552965164,0.029171139001846313,0.00917113944888115,0.03999999910593033,0.06148010492324829,0.021480105817317963,0.05000000074505806,0.033938661217689514,0.016061339527368546
ea3874af8c10f66f,gemm-p,gemm-p,lv2:__PARA__L0-1.__PARA__L1-4.__PARA__L2-10.__PARA__L3-1.__PIPE__L0-off.__PIPE__L2-flatten.__TILE__L0-1.__TILE__L2-1,target,support,support,finetune_dataset,data_292.pt,12187.0,exphormer_lite,2,50,paper_exact_seed2,4.8402204513549805,4.801303863525391,0.038916587829589844,0.20999999344348907,0.18069545924663544,0.029304534196853638,0.15000000596046448,0.12110033631324768,0.028899669647216797,0.2199999988079071,0.2227591723203659,0.0027591735124588013,0.009999999776482582,-0.004597164690494537,0.01459716446697712
c6e49ec4b4435aed,gemm-p,gemm-p,lv2:__PARA__L0-15.__PARA__L1-32.__PARA__L2-16.__PARA__L3-1.__PIPE__L0-NA.__PIPE__L2-flatten.__TILE__L0-4.__TILE__L2-1,target,support,support,finetune_dataset,data_356.pt,11552.0,exphormer_lite,2,50,paper_exact_seed2,4.878820896148682,4.874629974365234,0.004190921783447266,0.3499999940395355,0.3023490011692047,0.04765099287033081,0.23999999463558197,0.20620714128017426,0.033792853355407715,0.36000001430511475,0.28000855445861816,0.07999145984649658,0.009999999776482582,1.1548399925231934e-05,0.00998845137655735
2a2487306f73b128,gemm-p,gemm-p,lv2:__PARA__L0-1.__PARA__L1-2.__PARA__L2-1.__PARA__L3-70.__PIPE__L0-off.__PIPE__L2-NA.__TILE__L0-1.__TILE__L2-1,target,support,support,finetune_dataset,data_245.pt,32530.0,exphormer_lite,2,50,paper_exact_seed2,4.132006645202637,4.173242092132568,0.04123544692993164,0.019999999552965164,0.0322183221578598,0.012218322604894638,0.009999999776482582,0.03792746365070343,0.027927463874220848,0.019999999552965164,0.05415087938308716,0.034150879830121994,0.05000000074505806,0.03706158697605133,0.012938413769006729
3fb37e8bcd254b40,gemm-p,gemm-p,lv2:__PARA__L0-1.__PARA__L1-32.__PARA__L2-1.__PARA__L3-1.__PIPE__L0-off.__PIPE__L2-flatten.__TILE__L0-4.__TILE__L2-1,target,support,support,finetune_dataset,data_270.pt,33034.0,exphormer_lite,2,50,paper_exact_seed2,4.120916366577148,4.164111614227295,0.043195247650146484,0.05999999865889549,0.050760552287101746,0.009239446371793747,0.019999999552965164,-0.0019879788160324097,0.021987978368997574,0.03999999910593033,0.00884997844696045,0.03115002065896988,0.05000000074505806,0.050722844898700714,0.0007228441536426544
62c57d9c0f74d8e7,gemm-p,gemm-p,lv2:__PARA__L0-1.__PARA__L1-1.__PARA__L2-5.__PARA__L3-2.__PIPE__L0-off.__PIPE__L2-NA.__TILE__L0-1.__TILE__L2-1,target,support,support,finetune_dataset,data_201.pt,79052.0,exphormer_lite,2,50,paper_exact_seed2,3.4914910793304443,3.5475432872772217,0.056052207946777344,0.029999999329447746,0.0566800981760025,0.026680098846554756,0.009999999776482582,0.025470629334449768,0.015470629557967186,0.019999999552965164,0.06663712859153748,0.04663712903857231,0.019999999552965164,0.013644762337207794,0.00635523721575737
cdd16cdf46ebaa63,gemm-p,gemm-p,lv2:__PARA__L0-1.__PARA__L1-1.__PARA__L2-2.__PARA__L3-5.__PIPE__L0-off.__PIPE__L2-NA.__TILE__L0-1.__TILE__L2-1,target,support,support,finetune_dataset,data_146.pt,116225.0,exphormer_lite,2,50,paper_exact_seed2,3.213467836380005,3.4284677505493164,0.21499991416931152,0.029999999329447746,0.045771852135658264,0.015771852806210518,0.009999999776482582,0.004485800862312317,0.005514198914170265,0.019999999552965164,0.03458181023597717,0.014581810683012009,0.029999999329447746,0.02279554307460785,0.007204456254839897
a2e2a27a1e612c66,gemm-p,gemm-p,lv2:__PARA__L0-1.__PARA__L1-1.__PARA__L2-4.__PARA__L3-70.__PIPE__L0-off.__PIPE__L2-off.__TILE__L0-1.__TILE__L2-1,target,support,support,finetune_dataset,data_193.pt,23947.0,exphormer_lite,2,50,paper_exact_seed2,4.352969646453857,4.511362552642822,0.15839290618896484,0.07999999821186066,0.1271226406097412,0.047122642397880554,0.05000000074505806,0.09279671311378479,0.04279671236872673,0.05000000074505806,0.12540142238140106,0.0754014253616333,0.009999999776482582,0.010104164481163025,0.00010416470468044281
a500ff984dfff670,gemm-p,gemm-p,lv2:__PARA__L0-1.__PARA__L1-2.__PARA__L2-8.__PARA__L3-70.__PIPE__L0-off.__PIPE__L2-NA.__TILE__L0-1.__TILE__L2-1,target,support,support,finetune_dataset,data_264.pt,13387.0,exphormer_lite,2,50,paper_exact_seed2,4.772475719451904,4.683979511260986,0.08849620819091797,0.17000000178813934,0.18245704472064972,0.012457042932510376,0.11999999731779099,0.12475814670324326,0.0047581493854522705,0.18000000715255737,0.16510963439941406,0.01489037275314331,0.009999999776482582,0.004326216876506805,0.005673782899975777
0df3b686b357956a,gemm-p,gemm-p,lv2:__PARA__L0-1.__PARA__L1-1.__PARA__L2-4.__PARA__L3-2.__PIPE__L0-off.__PIPE__L2-off.__TILE__L0-1.__TILE__L2-4,target,support,support,finetune_dataset,data_183.pt,955866.0,exphormer_lite,2,50,paper_exact_seed2,1.69352388381958,1.7128021717071533,0.019278287887573242,0.009999999776482582,0.027389615774154663,0.01738961599767208,0.0,-0.03163774311542511,0.03163774311542511,0.0,0.0008265376091003418,0.0008265376091003418,0.019999999552965164,0.011665686964988708,0.008334312587976456
e3dc96a4e2faf104,gemm-p,gemm-p,lv2:__PARA__L0-2.__PARA__L1-16.__PARA__L2-16.__PARA__L3-1.__PIPE__L0-NA.__PIPE__L2-flatten.__TILE__L0-1.__TILE__L2-1,target,support,support,finetune_dataset,data_363.pt,9307.0,exphormer_lite,2,50,paper_exact_seed2,5.034698009490967,5.132974147796631,0.09827613830566406,0.3499999940395355,0.28382599353790283,0.06617400050163269,0.23999999463558197,0.18954166769981384,0.05045832693576813,0.36000001430511475,0.2600201368331909,0.09997987747192383,0.009999999776482582,-0.007470466196537018,0.0174704659730196
f58d119853628e07,gemm-p,gemm-p,lv2:__PARA__L0-1.__PARA__L1-2.__PARA__L2-2.__PARA__L3-1.__PIPE__L0-off.__PIPE__L2-flatten.__TILE__L0-1.__TILE__L2-1,target,support,support,finetune_dataset,data_254.pt,33547.0,exphormer_lite,2,50,paper_exact_seed2,4.109800338745117,4.0763468742370605,0.03345346450805664,0.03999999910593033,0.07966607809066772,0.039666078984737396,0.019999999552965164,0.023862436413764954,0.0038624368607997894,0.019999999552965164,0.04583367705345154,0.025833677500486374,0.009999999776482582,0.015409491956233978,0.005409492179751396
42bdc08a061d094f,gemm-p,gemm-p,lv2:__PARA__L0-1.__PARA__L1-2.__PARA__L2-4.__PARA__L3-1.__PIPE__L0-off.__PIPE__L2-flatten.__TILE__L0-1.__TILE__L2-1,target,support,support,finetune_dataset,data_257.pt,21847.0,exphormer_lite,2,50,paper_exact_seed2,4.419174671173096,4.325440883636475,0.0937337875366211,0.07999999821186066,0.11690450459718704,0.036904506385326385,0.05000000074505806,0.07464075088500977,0.024640750139951706,0.05000000074505806,0.12822185456752777,0.07822185754776001,0.009999999776482582,0.0013867467641830444,0.008613253012299538
b4f843d9b6dad29f,gemm-p,gemm-p,lv2:__PARA__L0-1.__PARA__L1-70.__PARA__L2-1.__PARA__L3-32.__PIPE__L0-off.__PIPE__L2-off.__TILE__L0-60.__TILE__L2-1,target,support,support,finetune_dataset,data_327.pt,251089.0,exphormer_lite,2,50,paper_exact_seed2,2.6578285694122314,2.6852619647979736,0.027433395385742188,0.029999999329447746,0.04494623839855194,0.014946239069104195,0.019999999552965164,0.021874472498893738,0.0018744729459285736,0.07999999821186066,0.04776489734649658,0.032235100865364075,0.03999999910593033,0.045945167541503906,0.005945168435573578
e38805de48eb664e,gemm-p,gemm-p,lv2:__PARA__L0-1.__PARA__L1-16.__PARA__L2-16.__PARA__L3-1.__PIPE__L0-off.__PIPE__L2-flatten.__TILE__L0-60.__TILE__L2-1,target,support,support,finetune_dataset,data_239.pt,10927.0,exphormer_lite,2,50,paper_exact_seed2,4.918943405151367,4.868926525115967,0.05001688003540039,0.3199999928474426,0.25290846824645996,0.06709152460098267,0.23999999463558197,0.15204909443855286,0.08795090019702911,0.36000001430511475,0.258527547121048,0.10147246718406677,0.009999999776482582,0.004139803349971771,0.005860196426510811
460c2d93e3d2665f,gemm-p,gemm-p,lv2:__PARA__L0-1.__PARA__L1-1.__PARA__L2-8.__PARA__L3-7.__PIPE__L0-off.__PIPE__L2-NA.__TILE__L0-1.__TILE__L2-1,target,support,support,finetune_dataset,data_226.pt,43863.0,exphormer_lite,2,50,paper_exact_seed2,3.9163899421691895,4.145829677581787,0.22943973541259766,0.10999999940395355,0.08239464461803436,0.02760535478591919,0.05000000074505806,0.04495152831077576,0.005048472434282303,0.10000000149011612,0.08770591020584106,0.012294091284275055,0.03999999910593033,0.013408064842224121,0.026591934263706207
82da06d1f16f28a6,gemm-p,gemm-p,lv2:__PARA__L0-20.__PARA__L1-16.__PARA__L2-16.__PARA__L3-1.__PIPE__L0-off.__PIPE__L2-flatten.__TILE__L0-1.__TILE__L2-1,target,support,support,finetune_dataset,data_371.pt,12706.0,exphormer_lite,2,50,paper_exact_seed2,4.8101372718811035,4.8471879959106445,0.037050724029541016,0.3499999940395355,0.2673787474632263,0.0826212465763092,0.23999999463558197,0.18960660696029663,0.05039338767528534,0.36000001430511475,0.27111759781837463,0.08888241648674011,0.009999999776482582,0.004872769117355347,0.005127230659127235
43df7890892e68db,gemm-p,gemm-p,lv2:__PARA__L0-1.__PARA__L1-1.__PARA__L2-8.__PARA__L3-2.__PIPE__L0-off.__PIPE__L2-NA.__TILE__L0-1.__TILE__L2-1,target,support,support,finetune_dataset,data_220.pt,54731.0,exphormer_lite,2,50,paper_exact_seed2,3.7567131519317627,3.7333996295928955,0.023313522338867188,0.05000000074505806,0.06931117177009583,0.019311171025037766,0.019999999552965164,0.03918975591659546,0.019189756363630295,0.03999999910593033,0.07809577882289886,0.038095779716968536,0.019999999552965164,0.013475872576236725,0.006524126976728439
f3c64444640a0076,gemm-p,gemm-p,lv2:__PARA__L0-4.__PARA__L1-32.__PARA__L2-16.__PARA__L3-1.__PIPE__L0-off.__PIPE__L2-flatten.__TILE__L0-1.__TILE__L2-1,target,support,support,finetune_dataset,data_410.pt,9506.0,exphormer_lite,2,50,paper_exact_seed2,5.019436836242676,5.081023216247559,0.06158638000488281,0.3499999940395355,0.2859736680984497,0.06402632594108582,0.23999999463558197,0.1976405680179596,0.042359426617622375,0.36000001430511475,0.26431259512901306,0.09568741917610168,0.009999999776482582,-0.003967300057411194,0.013967299833893776
0b03d5f530abb853,gemm-p,gemm-p,lv2:__PARA__L0-1.__PARA__L1-1.__PARA__L2-16.__PARA__L3-7.__PIPE__L0-off.__PIPE__L2-NA.__TILE__L0-1.__TILE__L2-1,target,support,support,finetune_dataset,data_129.pt,33063.0,exphormer_lite,2,50,paper_exact_seed2,4.120283126831055,4.352110385894775,0.2318272590637207,0.20000000298023224,0.13007637858390808,0.06992362439632416,0.10000000149011612,0.08786162734031677,0.012138374149799347,0.20000000298023224,0.16005471348762512,0.03994528949260712,0.019999999552965164,0.0082787424325943,0.011721257120370865
6ab4a7f5f4fc966d,gemm-p,gemm-p,lv2:__PARA__L0-1.__PARA__L1-32.__PARA__L2-10.__PARA__L3-1.__PIPE__L0-NA.__PIPE__L2-flatten.__TILE__L0-2.__TILE__L2-1,target,support,support,finetune_dataset,data_275.pt,9563.0,exphormer_lite,2,50,paper_exact_seed2,5.015124320983887,4.95278263092041,0.06234169006347656,0.23000000417232513,0.24225319921970367,0.01225319504737854,0.1599999964237213,0.14272651076316833,0.01727348566055298,0.2199999988079071,0.23041921854019165,0.010419219732284546,0.009999999776482582,-0.0014931708574295044,0.011493170633912086
8f2590bc737e2222,gemm-p,gemm-p,lv2:__PARA__L0-1.__PARA__L1-1.__PARA__L2-2.__PARA__L3-10.__PIPE__L0-off.__PIPE__L2-off.__TILE__L0-1.__TILE__L2-2,target,support,support,finetune_dataset,data_136.pt,467405.0,exphormer_lite,2,50,paper_exact_seed2,2.2095916271209717,2.233739137649536,0.024147510528564453,0.009999999776482582,0.009152144193649292,0.0008478555828332901,0.0,-0.015521228313446045,0.015521228313446045,0.0,-0.017665952444076538,0.017665952444076538,0.019999999552965164,0.029058173298835754,0.00905817374587059
80c803cb5809d836,gemm-p,gemm-p,lv2:__PARA__L0-4.__PARA__L1-32.__PARA__L2-10.__PARA__L3-1.__PIPE__L0-NA.__PIPE__L2-flatten.__TILE__L0-1.__TILE__L2-8,target,support,support,finetune_dataset,data_407.pt,9914.0,exphormer_lite,2,50,paper_exact_seed2,4.98912239074707,5.0610198974609375,0.07189750671386719,0.23000000417232513,0.25277528166770935,0.022775277495384216,0.1599999964237213,0.15346220135688782,0.006537795066833496,0.2199999988079071,0.24232111871242523,0.022321119904518127,0.009999999776482582,-0.007441923022270203,0.017441922798752785
396826bce948f164,jacobi-2d,jacobi-2d,lv2:__PARA__L0-1.__PARA__L1-11.__PARA__L2-2.__PARA__L3-22.__PARA__L4-1.__PIPE__L0-off.__PIPE__L1-NA.__PIPE__L2-flatten.__TILE__L0-1.__TILE__L1-8.__TILE__L2-8,target,support,support,finetune_dataset,data_796.pt,4311241.0,exphormer_lite,2,50,paper_exact_seed2,0.6069124341011047,0.531784176826477,0.07512825727462769,0.9399999976158142,0.9510615468025208,0.011061549186706543,0.41999998688697815,0.38249480724334717,0.03750517964363098,0.8299999833106995,0.816361665725708,0.013638317584991455,0.05999999865889549,0.037285901606082916,0.022714097052812576
8cbc0be880d00682,jacobi-2d,jacobi-2d,lv2:__PARA__L0-1.__PARA__L1-11.__PARA__L2-2.__PARA__L3-8.__PARA__L4-1.__PIPE__L0-off.__PIPE__L1-off.__PIPE__L2-flatten.__TILE__L0-1.__TILE__L1-8.__TILE__L2-8,target,support,support,finetune_dataset,data_803.pt,4315441.0,exphormer_lite,2,50,paper_exact_seed2,0.6062100529670715,0.5358060598373413,0.07040399312973022,0.8799999952316284,0.9316211342811584,0.05162113904953003,0.38999998569488525,0.3868042230606079,0.0031957626342773438,0.7900000214576721,0.8080320954322815,0.018032073974609375,0.009999999776482582,0.03713931888341904,0.027139319106936455
04cce8feb32cd125,jacobi-2d,jacobi-2d,lv2:__PARA__L0-1.__PARA__L1-1.__PARA__L2-11.__PARA__L3-1.__PARA__L4-4.__PIPE__L0-off.__PIPE__L1-flatten.__PIPE__L2-NA.__TILE__L0-1.__TILE__L1-8.__TILE__L2-8,target,support,support,finetune_dataset,data_729.pt,4258361.0,exphormer_lite,2,50,paper_exact_seed2,0.6158149242401123,0.6152076721191406,0.0006072521209716797,0.2800000011920929,0.22541186213493347,0.054588139057159424,0.11999999731779099,0.1814391314983368,0.06143913418054581,0.27000001072883606,0.2990589737892151,0.02905896306037903,0.20999999344348907,0.20093446969985962,0.009065523743629456
fe2717bb9b5a622a,jacobi-2d,jacobi-2d,lv2:__PARA__L0-1.__PARA__L1-2.__PARA__L2-11.__PARA__L3-8.__PARA__L4-8.__PIPE__L0-off.__PIPE__L1-off.__PIPE__L2-off.__TILE__L0-1.__TILE__L1-1.__TILE__L2-1,target,support,support,finetune_dataset,data_834.pt,4434121.0,exphormer_lite,2,50,paper_exact_seed2,0.5866400003433228,0.5960513353347778,0.009411334991455078,0.05000000074505806,-0.008402928709983826,0.058402929455041885,0.019999999552965164,-0.007398709654808044,0.02739870920777321,0.05000000074505806,-0.02263772487640381,0.07263772189617157,0.009999999776482582,0.004084646701812744,0.005915353074669838
5d9c601f37ae80a4,jacobi-2d,jacobi-2d,lv2:__PARA__L0-1.__PARA__L1-11.__PARA__L2-2.__PARA__L3-1.__PARA__L4-1.__PIPE__L0-off.__PIPE__L1-off.__PIPE__L2-flatten.__TILE__L0-1.__TILE__L1-8.__TILE__L2-8,target,support,support,finetune_dataset,data_789.pt,4315161.0,exphormer_lite,2,50,paper_exact_seed2,0.6062568426132202,0.542285680770874,0.06397116184234619,0.6499999761581421,0.8990973830223083,0.24909740686416626,0.30000001192092896,0.37022697925567627,0.07022696733474731,0.6200000047683716,0.7984554171562195,0.1784554123878479,0.03999999910593033,0.04280219227075577,0.0028021931648254395
7364bf009fc7cbb7,jacobi-2d,jacobi-2d,lv2:__PARA__L0-1.__PARA__L1-11.__PARA__L2-2.__PARA__L3-2.__PARA__L4-1.__PIPE__L0-off.__PIPE__L1-NA.__PIPE__L2-flatten.__TILE__L0-1.__TILE__L1-8.__TILE__L2-8,target,support,support,finetune_dataset,data_794.pt,4315681.0,exphormer_lite,2,50,paper_exact_seed2,0.6061699390411377,0.5370699167251587,0.069100022315979,0.8700000047683716,0.9315506815910339,0.061550676822662354,0.3799999952316284,0.378437876701355,0.0015621185302734375,0.7799999713897705,0.8107783794403076,0.03077840805053711,0.0,0.03652489185333252,0.03652489185333252
56c9d9d6a71bf7c1,jacobi-2d,jacobi-2d,lv2:__PARA__L0-1.__PARA__L1-8.__PARA__L2-2.__PARA__L3-1.__PARA__L4-1.__PIPE__L0-off.__PIPE__L1-off.__PIPE__L2-flatten.__TILE__L0-1.__TILE__L1-1.__TILE__L2-8,target,support,support,finetune_dataset,data_911.pt,4295721.0,exphormer_lite,2,50,paper_exact_seed2,0.6095138788223267,0.5626513957977295,0.04686248302459717,0.8700000047683716,0.8980792164802551,0.028079211711883545,0.3799999952316284,0.3929797410964966,0.012979745864868164,0.7699999809265137,0.8048743605613708,0.03487437963485718,0.03999999910593033,0.039398193359375,0.0006018057465553284
1cb62280cb163648,jacobi-2d,jacobi-2d,lv2:__PARA__L0-1.__PARA__L1-1.__PARA__L2-2.__PARA__L3-32.__PARA__L4-1.__PIPE__L0-off.__PIPE__L1-off.__PIPE__L2-flatten.__TILE__L0-1.__TILE__L1-8.__TILE__L2-8,target,support,support,finetune_dataset,data_756.pt,5668321.0,exphormer_lite,2,50,paper_exact_seed2,0.409503310918808,0.5393223762512207,0.12981906533241272,0.949999988079071,0.9935476183891296,0.043547630310058594,0.4300000071525574,0.38883644342422485,0.04116356372833252,0.8500000238418579,0.8611742854118347,0.011174261569976807,0.11999999731779099,0.09390094131231308,0.026099056005477905
7c1dc00b3bf4a5f3,jacobi-2d,jacobi-2d,lv2:__PARA__L0-1.__PARA__L1-2.__PARA__L2-22.__PARA__L3-8.__PARA__L4-8.__PIPE__L0-off.__PIPE__L1-off.__PIPE__L2-off.__TILE__L0-1.__TILE__L1-1.__TILE__L2-4,target,support,support,finetune_dataset,data_856.pt,4504601.0,exphormer_lite,2,50,paper_exact_seed2,0.5752643942832947,0.6064794063568115,0.031215012073516846,0.05000000074505806,0.021390274167060852,0.028609726577997208,0.019999999552965164,-0.000681072473526001,0.020681072026491165,0.05000000074505806,-0.012102723121643066,0.062102723866701126,0.009999999776482582,0.0012867599725723267,0.008713239803910255
8749dd1796e693db,jacobi-2d,jacobi-2d,lv2:__PARA__L0-1.__PARA__L1-11.__PARA__L2-2.__PARA__L3-32.__PARA__L4-1.__PIPE__L0-off.__PIPE__L1-off.__PIPE__L2-flatten.__TILE__L0-1.__TILE__L1-8.__TILE__L2-8,target,support,support,finetune_dataset,data_799.pt,5897321.0,exphormer_lite,2,50,paper_exact_seed2,0.3809341788291931,0.5169597268104553,0.1360255479812622,0.949999988079071,0.9816945195198059,0.03169453144073486,0.41999998688697815,0.37967151403427124,0.04032847285270691,0.8600000143051147,0.827691376209259,0.03230863809585571,0.10000000149011612,0.04105620086193085,0.05894380062818527
e05942ec253636bc,jacobi-2d,jacobi-2d,lv2:__PARA__L0-1.__PARA__L1-2.__PARA__L2-22.__PARA__L3-8.__PARA__L4-8.__PIPE__L0-off.__PIPE__L1-off.__PIPE__L2-NA.__TILE__L0-1.__TILE__L1-1.__TILE__L2-4,target,support,support,finetune_dataset,data_853.pt,4504601.0,exphormer_lite,2,50,paper_exact_seed2,0.5752643942832947,0.610059380531311,0.03479498624801636,0.05000000074505806,0.06318336725234985,0.013183366507291794,0.019999999552965164,0.02019670605659485,0.00019670650362968445,0.05000000074505806,0.05278068780899048,0.002780687063932419,0.009999999776482582,-0.0009386837482452393,0.010938683524727821
9539e01f3eb0f18e,jacobi-2d,jacobi-2d,lv2:__PARA__L0-1.__PARA__L1-11.__PARA__L2-1.__PARA__L3-1.__PARA__L4-4.__PIPE__L0-off.__PIPE__L1-flatten.__PIPE__L2-NA.__TILE__L0-1.__TILE__L1-1.__TILE__L2-8,target,support,support,finetune_dataset,data_785.pt,3935841.0,exphormer_lite,2,50,paper_exact_seed2,0.6726281046867371,0.6917173862457275,0.01908928155899048,2.990000009536743,3.0836760997772217,0.09367609024047852,1.3799999952316284,1.482118010520935,0.10211801528930664,2.8399999141693115,2.9640955924987793,0.12409567832946777,0.0,-0.007200129330158234,0.007200129330158234
18fe812f93b4d9a9,jacobi-2d,jacobi-2d,lv2:__PARA__L0-1.__PARA__L1-2.__PARA__L2-1.__PARA__L3-1.__PARA__L4-4.__PIPE__L0-off.__PIPE__L1-flatten.__PIPE__L2-NA.__TILE__L0-1.__TILE__L1-8.__TILE__L2-8,target,support,support,finetune_dataset,data_805.pt,4087801.0,exphormer_lite,2,50,paper_exact_seed2,0.6453015804290771,0.6024237871170044,0.042877793312072754,0.8700000047683716,0.8534774780273438,0.016522526741027832,0.38999998569488525,0.38867610692977905,0.0013238787651062012,0.7799999713897705,0.6865299344062805,0.09347003698348999,0.0,0.011555925011634827,0.011555925011634827
3290e28a81169206,jacobi-2d,jacobi-2d,lv2:__PARA__L0-1.__PARA__L1-2.__PARA__L2-1.__PARA__L3-8.__PARA__L4-8.__PIPE__L0-off.__PIPE__L1-NA.__PIPE__L2-off.__TILE__L0-1.__TILE__L1-1.__TILE__L2-88,target,support,support,finetune_dataset,data_813.pt,2234324.0,exphormer_lite,2,50,paper_exact_seed2,1.0810447931289673,0.8772732019424438,0.20377159118652344,0.03999999910593033,0.0026644915342330933,0.037335507571697235,0.019999999552965164,-0.013624504208564758,0.03362450376152992,0.029999999329447746,-0.0022264719009399414,0.03222647309303284,0.009999999776482582,-0.009210139513015747,0.01921013928949833
d817f4e2fb14ad81,jacobi-2d,jacobi-2d,lv2:__PARA__L0-1.__PARA__L1-22.__PARA__L2-2.__PARA__L3-1.__PARA__L4-1.__PIPE__L0-off.__PIPE__L1-NA.__PIPE__L2-flatten.__TILE__L0-1.__TILE__L1-4.__TILE__L2-8,target,support,support,finetune_dataset,data_876.pt,4385641.0,exphormer_lite,2,50,paper_exact_seed2,0.5945701599121094,0.560006856918335,0.034563302993774414,0.6499999761581421,0.8775818347930908,0.22758185863494873,0.30000001192092896,0.34901756048202515,0.04901754856109619,0.6200000047683716,0.754487931728363,0.13448792695999146,0.03999999910593033,0.04571523144841194,0.005715232342481613
04a4db8dea85f394,jacobi-2d,jacobi-2d,lv2:__PARA__L0-1.__PARA__L1-1.__PARA__L2-2.__PARA__L3-11.__PARA__L4-1.__PIPE__L0-off.__PIPE__L1-off.__PIPE__L2-flatten.__TILE__L0-1.__TILE__L1-1.__TILE__L2-8,target,support,support,finetune_dataset,data_743.pt,4020281.0,exphormer_lite,2,50,paper_exact_seed2,0.6573158502578735,0.6034184694290161,0.05389738082885742,0.8799999952316284,0.816715657711029,0.06328433752059937,0.38999998569488525,0.32156771421432495,0.0684322714805603,0.7699999809265137,0.6961445808410645,0.07385540008544922,0.029999999329447746,0.04848918318748474,0.018489183858036995
1f853d36d66395d1,jacobi-2d,jacobi-2d,lv2:__PARA__L0-1.__PARA__L1-11.__PARA__L2-1.__PARA__L3-1.__PARA__L4-4.__PIPE__L0-off.__PIPE__L1-flatten.__PIPE__L2-NA.__TILE__L0-1.__TILE__L1-8.__TILE__L2-8,target,support,support,finetune_dataset,data_786.pt,3935841.0,exphormer_lite,2,50,paper_exact_seed2,0.6726281046867371,0.6753821969032288,0.0027540922164916992,2.990000009536743,3.133282423019409,0.14328241348266602,1.3799999952316284,1.4200211763381958,0.04002118110656738,2.8399999141693115,2.884369373321533,0.04436945915222168,0.0,0.0028198882937431335,0.0028198882937431335
5e5bb0d488f57c02,jacobi-2d,jacobi-2d,lv2:__PARA__L0-1.__PARA__L1-1.__PARA__L2-1.__PARA__L3-11.__PARA__L4-32.__PIPE__L0-off.__PIPE__L1-off.__PIPE__L2-NA.__TILE__L0-1.__TILE__L1-1.__TILE__L2-1,target,support,support,finetune_dataset,data_685.pt,2339724.0,exphormer_lite,2,50,paper_exact_seed2,1.0477948188781738,0.8945932388305664,0.15320158004760742,0.20999999344348907,0.14201152324676514,0.06798847019672394,0.03999999910593033,0.01990249752998352,0.020097501575946808,0.03999999910593033,0.024625778198242188,0.015374220907688141,0.10999999940395355,0.06364358216524124,0.04635641723871231
11b2257107686917,jacobi-2d,jacobi-2d,lv2:__PARA__L0-1.__PARA__L1-2.__PARA__L2-4.__PARA__L3-8.__PARA__L4-8.__PIPE__L0-off.__PIPE__L1-off.__PIPE__L2-NA.__TILE__L0-40.__TILE__L1-1.__TILE__L2-1,target,support,support,finetune_dataset,data_863.pt,4390681.0,exphormer_lite,2,50,paper_exact_seed2,0.5937417149543762,0.5778028964996338,0.01593881845474243,0.05000000074505806,0.04340183734893799,0.006598163396120071,0.019999999552965164,0.0038744956254959106,0.016125503927469254,0.05000000074505806,0.04346024990081787,0.006539750844240189,0.0,-0.0013203471899032593,0.0013203471899032593
ee77ecc8d3d341ab,jacobi-2d,jacobi-2d,lv2:__PARA__L0-1.__PARA__L1-1.__PARA__L2-2.__PARA__L3-16.__PARA__L4-1.__PIPE__L0-off.__PIPE__L1-NA.__PIPE__L2-flatten.__TILE__L0-1.__TILE__L1-8.__TILE__L2-8,target,support,support,finetune_dataset,data_745.pt,5669521.0,exphormer_lite,2,50,paper_exact_seed2,0.4093506336212158,0.5583661794662476,0.14901554584503174,0.8999999761581421,0.9135438799858093,0.013543903827667236,0.4000000059604645,0.3715008795261383,0.028499126434326172,0.8100000023841858,0.8086799383163452,0.0013200640678405762,0.03999999910593033,0.06883349269628525,0.02883349359035492
d8f1f816319d76f6,jacobi-2d,jacobi-2d,lv2:__PARA__L0-1.__PARA__L1-1.__PARA__L2-1.__PARA__L3-1.__PARA__L4-1.__PIPE__L0-off.__PIPE__L1-off.__PIPE__L2-off.__TILE__L0-1.__TILE__L1-1.__TILE__L2-1,target,support,support,finetune_dataset,data_663.pt,625124.0,exphormer_lite,2,50,paper_exact_seed2,1.999856948852539,1.84002685546875,0.15983009338378906,0.009999999776482582,0.023008480668067932,0.01300848089158535,0.0,0.006949141621589661,0.006949141621589661,0.0,0.0021237432956695557,0.0021237432956695557,0.019999999552965164,0.030897051095962524,0.01089705154299736
4e0f6fce3df978a0,jacobi-2d,jacobi-2d,lv2:__PARA__L0-1.__PARA__L1-1.__PARA__L2-2.__PARA__L3-1.__PARA__L4-1.__PIPE__L0-off.__PIPE__L1-off.__PIPE__L2-flatten.__TILE__L0-1.__TILE__L1-88.__TILE__L2-8,target,support,support,finetune_dataset,data_741.pt,4301521.0,exphormer_lite,2,50,paper_exact_seed2,0.6085405945777893,0.6179211139678955,0.009380519390106201,0.6499999761581421,0.7299575209617615,0.07995754480361938,0.28999999165534973,0.29125505685806274,0.0012550652027130127,0.6100000143051147,0.6386939883232117,0.028693974018096924,0.03999999910593033,0.053114861249923706,0.013114862143993378
3fcc998748c8d376,jacobi-2d,jacobi-2d,lv2:__PARA__L0-1.__PARA__L1-1.__PARA__L2-22.__PARA__L3-8.__PARA__L4-8.__PIPE__L0-off.__PIPE__L1-off.__PIPE__L2-NA.__TILE__L0-40.__TILE__L1-1.__TILE__L2-1,target,support,support,finetune_dataset,data_772.pt,2355924.0,exphormer_lite,2,50,paper_exact_seed2,1.0428175926208496,0.9079018831253052,0.13491570949554443,0.03999999910593033,0.043998926877975464,0.0039989277720451355,0.009999999776482582,0.037775591015815735,0.027775591239333153,0.029999999329447746,0.04838302731513977,0.018383027985692024,0.019999999552965164,0.015211246907711029,0.004788752645254135
4dc43ab556929ebc,jacobi-2d,jacobi-2d,lv2:__PARA__L0-1.__PARA__L1-1.__PARA__L2-1.__PARA__L3-8.__PARA__L4-8.__PIPE__L0-off.__PIPE__L1-off.__PIPE__L2-NA.__TILE__L0-1.__TILE__L1-88.__TILE__L2-8,target,support,support,finetune_dataset,data_721.pt,3973841.0,exphormer_lite,2,50,paper_exact_seed2,0.6656969785690308,0.7202017307281494,0.05450475215911865,0.05000000074505806,-0.003645658493041992,0.05364565923810005,0.019999999552965164,0.003718927502632141,0.016281072050333023,0.05000000074505806,0.008445560932159424,0.041554439812898636,0.0,-0.006740584969520569,0.006740584969520569
97d9abfd402b29db,jacobi-2d,jacobi-2d,lv2:__PARA__L0-1.__PARA__L1-1.__PARA__L2-1.__PARA__L3-8.__PARA__L4-1.__PIPE__L0-off.__PIPE__L1-off.__PIPE__L2-off.__TILE__L0-1.__TILE__L1-1.__TILE__L2-1,target,support,support,finetune_dataset,data_710.pt,973524.0,exphormer_lite,2,50,paper_exact_seed2,1.6803197860717773,1.9679076671600342,0.28758788108825684,0.029999999329447746,0.029680714011192322,0.0003192853182554245,0.009999999776482582,-0.0010526180267333984,0.01105261780321598,0.019999999552965164,-0.0045667290687561035,0.024566728621721268,0.019999999552965164,0.03198695182800293,0.011986952275037766
7fb3c20dbed2153a,jacobi-2d,jacobi-2d,lv2:__PARA__L0-1.__PARA__L1-2.__PARA__L2-11.__PARA__L3-8.__PARA__L4-8.__PIPE__L0-off.__PIPE__L1-off.__PIPE__L2-off.__TILE__L0-1.__TILE__L1-1.__TILE__L2-8,target,support,support,finetune_dataset,data_835.pt,4434121.0,exphormer_lite,2,50,paper_exact_seed2,0.5866400003433228,0.6086000800132751,0.021960079669952393,0.05000000074505806,0.01954023540019989,0.03045976534485817,0.019999999552965164,-0.009872868657112122,0.029872868210077286,0.05000000074505806,-0.029977858066558838,0.0799778550863266,0.009999999776482582,-0.0032786279916763306,0.013278627768158913
e09ba6a56162015e,jacobi-2d,jacobi-2d,lv2:__PARA__L0-1.__PARA__L1-1.__PARA__L2-1.__PARA__L3-1.__PARA__L4-1.__PIPE__L0-off.__PIPE__L1-flatten.__PIPE__L2-off.__TILE__L0-1.__TILE__L1-1.__TILE__L2-4,target,support,support,finetune_dataset,data_658.pt,3944281.0,exphormer_lite,2,50,paper_exact_seed2,0.6710828542709351,0.7246094346046448,0.05352658033370972,0.25,0.24768467247486115,0.002315327525138855,0.10999999940395355,0.09722943603992462,0.01277056336402893,0.25999999046325684,0.2507284879684448,0.009271502494812012,0.28999999165534973,0.25085383653640747,0.03914615511894226
764f63a42355b187,jacobi-2d,jacobi-2d,lv2:__PARA__L0-1.__PARA__L1-2.__PARA__L2-2.__PARA__L3-8.__PARA__L4-8.__PIPE__L0-off.__PIPE__L1-NA.__PIPE__L2-NA.__TILE__L0-40.__TILE__L1-1.__TILE__L2-1,target,support,support,finetune_dataset,data_839.pt,4382121.0,exphormer_lite,2,50,paper_exact_seed2,0.5951493978500366,0.7350938320159912,0.1399444341659546,0.05000000074505806,0.03206723928451538,0.01793276146054268,0.019999999552965164,-0.0005541592836380005,0.020554158836603165,0.05000000074505806,0.040156543254852295,0.009843457490205765,0.0,-0.010782435536384583,0.010782435536384583
ca89cb920af95063,jacobi-2d,jacobi-2d,lv2:__PARA__L0-1.__PARA__L1-1.__PARA__L2-2.__PARA__L3-2.__PARA__L4-1.__PIPE__L0-off.__PIPE__L1-NA.__PIPE__L2-flatten.__TILE__L0-1.__TILE__L1-8.__TILE__L2-8,target,support,support,finetune_dataset,data_748.pt,4088281.0,exphormer_lite,2,50,paper_exact_seed2,0.6452168822288513,0.5633225440979004,0.08189433813095093,0.8700000047683716,0.9059396386146545,0.03593963384628296,0.3799999952316284,0.363208532333374,0.016791462898254395,0.7799999713897705,0.7981294393539429,0.018129467964172363,0.0,0.06907559931278229,0.06907559931278229
a814f824596df827,jacobi-2d,jacobi-2d,lv2:__PARA__L0-1.__PARA__L1-2.__PARA__L2-1.__PARA__L3-8.__PARA__L4-8.__PIPE__L0-off.__PIPE__L1-NA.__PIPE__L2-NA.__TILE__L0-1.__TILE__L1-1.__TILE__L2-4,target,support,support,finetune_dataset,data_807.pt,4213281.0,exphormer_lite,2,50,paper_exact_seed2,0.6234920024871826,0.6484442949295044,0.024952292442321777,0.05000000074505806,0.03180895745754242,0.01819104328751564,0.019999999552965164,0.0021524131298065186,0.017847586423158646,0.05000000074505806,0.035812199115753174,0.014187801629304886,0.0,-0.015513487160205841,0.015513487160205841
053991bbd59f5501,jacobi-2d,jacobi-2d,lv2:__PARA__L0-1.__PARA__L1-1.__PARA__L2-1.__PARA__L3-8.__PARA__L4-11.__PIPE__L0-off.__PIPE__L1-off.__PIPE__L2-off.__TILE__L0-1.__TILE__L1-1.__TILE__L2-1,target,support,support,finetune_dataset,data_711.pt,206364.0,exphormer_lite,2,50,paper_exact_seed2,2.7993323802948,2.328601121902466,0.470731258392334,0.03999999910593033,0.053156375885009766,0.013156376779079437,0.009999999776482582,0.02169962227344513,0.011699622496962547,0.009999999776482582,0.012542545795440674,0.0025425460189580917,0.029999999329447746,0.019038483500480652,0.010961515828967094
4e45152dc9ab5382,jacobi-2d,jacobi-2d,lv2:__PARA__L0-1.__PARA__L1-1.__PARA__L2-2.__PARA__L3-88.__PARA__L4-1.__PIPE__L0-off.__PIPE__L1-off.__PIPE__L2-flatten.__TILE__L0-1.__TILE__L1-8.__TILE__L2-8,target,support,support,finetune_dataset,data_769.pt,4087681.0,exphormer_lite,2,50,paper_exact_seed2,0.6453227400779724,0.5502805113792419,0.09504222869873047,1.1299999952316284,1.0720165967941284,0.0579833984375,0.49000000953674316,0.42289721965789795,0.06710278987884521,1.0199999809265137,0.925132691860199,0.0948672890663147,0.20999999344348907,0.13337022066116333,0.07662977278232574
b373e8c571dbb7cb,jacobi-2d,jacobi-2d,lv2:__PARA__L0-1.__PARA__L1-1.__PARA__L2-1.__PARA__L3-1.__PARA__L4-11.__PIPE__L0-off.__PIPE__L1-off.__PIPE__L2-off.__TILE__L0-1.__TILE__L1-1.__TILE__L2-1,target,support,support,finetune_dataset,data_664.pt,963004.0,exphormer_lite,2,50,paper_exact_seed2,1.6881572008132935,1.939344882965088,0.25118768215179443,0.05000000074505806,0.04847249388694763,0.0015275068581104279,0.019999999552965164,0.03207316994667053,0.012073170393705368,0.029999999329447746,0.022788316011428833,0.007211683318018913,0.029999999329447746,0.01729142665863037,0.012708572670817375
53d53bf79f94009c,jacobi-2d,jacobi-2d,lv2:__PARA__L0-1.__PARA__L1-1.__PARA__L2-4.__PARA__L3-1.__PARA__L4-1.__PIPE__L0-off.__PIPE__L1-off.__PIPE__L2-flatten.__TILE__L0-1.__TILE__L1-1.__TILE__L2-8,target,support,support,finetune_dataset,data_776.pt,4407761.0,exphormer_lite,2,50,paper_exact_seed2,0.5909410715103149,0.605652928352356,0.014711856842041016,1.0299999713897705,0.8805628418922424,0.14943712949752808,0.4699999988079071,0.3270052671432495,0.1429947316646576,0.9700000286102295,0.7340773940086365,0.23592263460159302,0.03999999910593033,0.045877743512392044,0.005877744406461716
ed1e0b205d363f5e,jacobi-2d,jacobi-2d,lv2:__PARA__L0-1.__PARA__L1-11.__PARA__L2-2.__PARA__L3-1.__PARA__L4-1.__PIPE__L0-off.__PIPE__L1-off.__PIPE__L2-flatten.__TILE__L0-1.__TILE__L1-1.__TILE__L2-8,target,support,support,finetune_dataset,data_788.pt,4315441.0,exphormer_lite,2,50,paper_exact_seed2,0.6062100529670715,0.5556607842445374,0.05054926872253418,0.8700000047683716,0.903038740158081,0.03303873538970947,0.3799999952316284,0.39782267808914185,0.017822682857513428,0.7699999809265137,0.8242402076721191,0.05424022674560547,0.03999999910593033,0.04097026586532593,0.0009702667593955994
47bf8aa757fbacb3,jacobi-2d,jacobi-2d,lv2:__PARA__L0-1.__PARA__L1-4.__PARA__L2-1.__PARA__L3-8.__PARA__L4-8.__PIPE__L0-off.__PIPE__L1-NA.__PIPE__L2-off.__TILE__L0-40.__TILE__L1-1.__TILE__L2-1,target,support,support,finetune_dataset,data_890.pt,2242884.0,exphormer_lite,2,50,paper_exact_seed2,1.0782865285873413,0.8842039704322815,0.19408255815505981,0.03999999910593033,0.07374441623687744,0.03374441713094711,0.019999999552965164,0.029520496726036072,0.009520497173070908,0.029999999329447746,0.03544658422470093,0.0054465848952531815,0.009999999776482582,0.003253631293773651,0.006746368482708931
37ef2a19bd4f9c1e,jacobi-2d,jacobi-2d,lv2:__PARA__L0-1.__PARA__L1-22.__PARA__L2-2.__PARA__L3-16.__PARA__L4-1.__PIPE__L0-off.__PIPE__L1-NA.__PIPE__L2-flatten.__TILE__L0-1.__TILE__L1-4.__TILE__L2-8,target,support,support,finetune_dataset,data_880.pt,5968041.0,exphormer_lite,2,50,paper_exact_seed2,0.3723353147506714,0.543452799320221,0.17111748456954956,0.8999999761581421,0.9281491637229919,0.028149187564849854,0.4000000059604645,0.38688576221466064,0.013114243745803833,0.8100000023841858,0.8134744167327881,0.003474414348602295,0.029999999329447746,0.03741303086280823,0.007413031533360481
86c3f25e74bb0602,jacobi-2d,jacobi-2d,lv2:__PARA__L0-1.__PARA__L1-1.__PARA__L2-1.__PARA__L3-4.__PARA__L4-32.__PIPE__L0-off.__PIPE__L1-off.__PIPE__L2-off.__TILE__L0-1.__TILE__L1-1.__TILE__L2-1,target,support,support,finetune_dataset,data_707.pt,2486164.0,exphormer_lite,2,50,paper_exact_seed2,1.0040032863616943,0.9027670621871948,0.10123622417449951,0.10999999940395355,0.11028437316417694,0.00028437376022338867,0.029999999329447746,0.01649726927280426,0.013502730056643486,0.029999999329447746,0.002978503704071045,0.0270214956253767,0.05000000074505806,0.07395119965076447,0.023951198905706406
8cb79764b6680f04,jacobi-2d,jacobi-2d,lv2:__PARA__L0-1.__PARA__L1-22.__PARA__L2-2.__PARA__L3-32.__PARA__L4-1.__PIPE__L0-off.__PIPE__L1-NA.__PIPE__L2-flatten.__TILE__L0-1.__TILE__L1-4.__TILE__L2-8,target,support,support,finetune_dataset,data_883.pt,5967801.0,exphormer_lite,2,50,paper_exact_seed2,0.372364342212677,0.5304946899414062,0.15813034772872925,0.949999988079071,0.9603259563446045,0.010325968265533447,0.41999998688697815,0.37429550290107727,0.04570448398590088,0.8600000143051147,0.822809100151062,0.037190914154052734,0.10999999940395355,0.03594544529914856,0.07405455410480499
2246a55d9e439b9b,jacobi-2d,jacobi-2d,lv2:__PARA__L0-1.__PARA__L1-2.__PARA__L2-1.__PARA__L3-8.__PARA__L4-8.__PIPE__L0-off.__PIPE__L1-NA.__PIPE__L2-off.__TILE__L0-1.__TILE__L1-1.__TILE__L2-4,target,support,support,finetune_dataset,data_811.pt,4213281.0,exphormer_lite,2,50,paper_exact_seed2,0.6234920024871826,0.6879937052726746,0.06450170278549194,0.05000000074505806,-0.022083327174186707,0.07208332419395447,0.019999999552965164,-0.008242443203926086,0.02824244275689125,0.05000000074505806,-0.011563777923583984,0.061563778668642044,0.0,0.011303327977657318,0.011303327977657318
1e0930d3a442aea0,jacobi-2d,jacobi-2d,lv2:__PARA__L0-1.__PARA__L1-1.__PARA__L2-1.__PARA__L3-2.__PARA__L4-11.__PIPE__L0-off.__PIPE__L1-off.__PIPE__L2-off.__TILE__L0-1.__TILE__L1-1.__TILE__L2-1,target,support,support,finetune_dataset,data_690.pt,554684.0,exphormer_lite,2,50,paper_exact_seed2,2.086095094680786,1.987910270690918,0.09818482398986816,0.03999999910593033,0.0508904904127121,0.010890491306781769,0.009999999776482582,0.029433295130729675,0.019433295354247093,0.009999999776482582,0.020739763975143433,0.01073976419866085,0.029999999329447746,0.014464780688285828,0.015535218641161919
536c145b4b592f58,jacobi-2d,jacobi-2d,lv2:__PARA__L0-1.__PARA__L1-1.__PARA__L2-8.__PARA__L3-8.__PARA__L4-8.__PIPE__L0-off.__PIPE__L1-off.__PIPE__L2-NA.__TILE__L0-1.__TILE__L1-88.__TILE__L2-1,target,support,support,finetune_dataset,data_781.pt,2266604.0,exphormer_lite,2,50,paper_exact_seed2,1.0706979036331177,0.8156964182853699,0.2550014853477478,0.03999999910593033,0.014127105474472046,0.025872893631458282,0.009999999776482582,-0.015554651618003845,0.025554651394486427,0.029999999329447746,0.02089536190032959,0.009104637429118156,0.019999999552965164,0.004157416522502899,0.015842583030462265
444859d6f64b30f7,jacobi-2d,jacobi-2d,lv2:__PARA__L0-1.__PARA__L1-1.__PARA__L2-2.__PARA__L3-8.__PARA__L4-8.__PIPE__L0-off.__PIPE__L1-off.__PIPE__L2-off.__TILE__L0-1.__TILE__L1-88.__TILE__L2-1,target,support,support,finetune_dataset,data_765.pt,2234324.0,exphormer_lite,2,50,paper_exact_seed2,1.0810447931289673,1.0306007862091064,0.05044400691986084,0.03999999910593033,0.02536250650882721,0.014637492597103119,0.019999999552965164,-0.003964334726333618,0.023964334279298782,0.029999999329447746,-0.008355915546417236,0.03835591673851013,0.009999999776482582,0.00789913535118103,0.002100864425301552
96c3a9e64d5e25ff,jacobi-2d,jacobi-2d,lv2:__PARA__L0-1.__PARA__L1-22.__PARA__L2-2.__PARA__L3-11.__PARA__L4-1.__PIPE__L0-off.__PIPE__L1-NA.__PIPE__L2-flatten.__TILE__L0-1.__TILE__L1-4.__TILE__L2-8,target,support,support,finetune_dataset,data_879.pt,4385921.0,exphormer_lite,2,50,paper_exact_seed2,0.5945241451263428,0.5464539527893066,0.04807019233703613,0.8999999761581421,0.9278090000152588,0.0278090238571167,0.4000000059604645,0.3800128102302551,0.01998719573020935,0.800000011920929,0.799728512763977,0.0002714991569519043,0.03999999910593033,0.035903722047805786,0.004096277058124542
b9937ac9cd905954,jacobi-2d,jacobi-2d,lv2:__PARA__L0-1.__PARA__L1-2.__PARA__L2-1.__PARA__L3-1.__PARA__L4-4.__PIPE__L0-off.__PIPE__L1-flatten.__PIPE__L2-NA.__TILE__L0-1.__TILE__L1-1.__TILE__L2-8,target,support,support,finetune_dataset,data_804.pt,3936601.0,exphormer_lite,2,50,paper_exact_seed2,0.672488808631897,0.6287443041801453,0.04374450445175171,0.5600000023841858,0.45737510919570923,0.10262489318847656,0.25,0.23124390840530396,0.018756091594696045,0.5199999809265137,0.4330323040485382,0.08696767687797546,0.0,0.04924120754003525,0.04924120754003525
c2c93fa5894090c5,jacobi-2d,jacobi-2d,lv2:__PARA__L0-1.__PARA__L1-1.__PARA__L2-1.__PARA__L3-1.__PARA__L4-1.__PIPE__L0-off.__PIPE__L1-off.__PIPE__L2-flatten.__TILE__L0-1.__TILE__L1-1.__TILE__L2-2,target,support,support,finetune_dataset,data_660.pt,4306601.0,exphormer_lite,2,50,paper_exact_seed2,0.6076892018318176,0.6660547256469727,0.05836552381515503,0.20000000298023224,0.3285366892814636,0.12853668630123138,0.14000000059604645,0.1673191338777542,0.027319133281707764,0.18000000715255737,0.2708425521850586,0.09084254503250122,0.25,0.20865416526794434,0.041345834732055664
3216d5e44ff4a411,jacobi-2d,jacobi-2d,lv2:__PARA__L0-1.__PARA__L1-2.__PARA__L2-22.__PARA__L3-8.__PARA__L4-8.__PIPE__L0-off.__PIPE__L1-off.__PIPE__L2-off.__TILE__L0-1.__TILE__L1-1.__TILE__L2-1,target,support,support,finetune_dataset,data_855.pt,4504601.0,exphormer_lite,2,50,paper_exact_seed2,0.5752643942832947,0.5950663089752197,0.01980191469192505,0.05000000074505806,0.011566162109375,0.03843383863568306,0.019999999552965164,0.0005518198013305664,0.019448179751634598,0.05000000074505806,-0.018564820289611816,0.06856481730937958,0.009999999776482582,0.006409496068954468,0.0035905037075281143
3e14a2713d1d763e,jacobi-2d,jacobi-2d,lv2:__PARA__L0-1.__PARA__L1-22.__PARA__L2-2.__PARA__L3-4.__PARA__L4-1.__PIPE__L0-off.__PIPE__L1-NA.__PIPE__L2-flatten.__TILE__L0-1.__TILE__L1-4.__TILE__L2-8,target,support,support,finetune_dataset,data_884.pt,4385921.0,exphormer_lite,2,50,paper_exact_seed2,0.5945241451263428,0.5448472499847412,0.04967689514160156,0.8700000047683716,0.9176863431930542,0.04768633842468262,0.38999998569488525,0.3654400110244751,0.024559974670410156,0.7799999713897705,0.7787947654724121,0.0012052059173583984,0.0,0.038971126079559326,0.038971126079559326
1509afa979317be1,jacobi-2d,jacobi-2d,lv2:__PARA__L0-1.__PARA__L1-2.__PARA__L2-88.__PARA__L3-8.__PARA__L4-8.__PIPE__L0-off.__PIPE__L1-off.__PIPE__L2-off.__TILE__L0-1.__TILE__L1-1.__TILE__L2-1,target,support,support,finetune_dataset,data_875.pt,4361601.0,exphormer_lite,2,50,paper_exact_seed2,0.5985351204872131,0.6007012724876404,0.002166152000427246,2.0,2.130398750305176,0.13039875030517578,0.9300000071525574,0.9226529598236084,0.007347047328948975,2.0799999237060547,2.1588516235351562,0.07885169982910156,0.0,-0.003876030445098877,0.003876030445098877
5fcf77dcebfbbb45,jacobi-2d,jacobi-2d,lv2:__PARA__L0-1.__PARA__L1-2.__PARA__L2-11.__PARA__L3-8.__PARA__L4-8.__PIPE__L0-off.__PIPE__L1-off.__PIPE__L2-NA.__TILE__L0-40.__TILE__L1-1.__TILE__L2-1,target,support,support,finetune_dataset,data_833.pt,4434121.0,exphormer_lite,2,50,paper_exact_seed2,0.5866400003433228,0.5961155891418457,0.00947558879852295,0.05000000074505806,0.0055155158042907715,0.04448448494076729,0.019999999552965164,0.009462743997573853,0.010537255555391312,0.05000000074505806,0.01606619358062744,0.03393380716443062,0.009999999776482582,-0.00017216801643371582,0.010172167792916298
74a01752d111f879,gemver-medium,gemver-medium,lv2:__PARA__L0-1.__PARA__L1-1.__PARA__L2-1.__PARA__L3-1.__PARA__L4-1.__PARA__L5-1.__PARA__L6-64.__PIPE__L0-flatten.__PIPE__L1-off.__PIPE__L3-off.__TILE__L0-1.__TILE__L1-1.__TILE__L3-1,target,support,support,finetune_dataset,data_478.pt,924703.0,exphormer_lite,2,50,paper_exact_seed2,1.7174330949783325,1.6286849975585938,0.08874809741973877,0.6700000166893005,0.6319701075553894,0.03802990913391113,0.4300000071525574,0.4123689830303192,0.01763102412223816,1.2799999713897705,1.2870519161224365,0.007051944732666016,0.23999999463558197,0.20512494444847107,0.0348750501871109
97f4543bc45808b5,gemver-medium,gemver-medium,lv2:__PARA__L0-1.__PARA__L1-1.__PARA__L2-1.__PARA__L3-16.__PARA__L4-1.__PARA__L5-1.__PARA__L6-1.__PIPE__L0-flatten.__PIPE__L1-off.__PIPE__L3-off.__TILE__L0-1.__TILE__L1-1.__TILE__L3-1,target,support,support,finetune_dataset,data_649.pt,1721873.0,exphormer_lite,2,50,paper_exact_seed2,1.2689746618270874,1.27057945728302,0.0016047954559326172,0.6499999761581421,0.6496042013168335,0.00039577484130859375,0.4300000071525574,0.42105162143707275,0.00894838571548462,1.2799999713897705,1.3765209913253784,0.09652101993560791,0.23999999463558197,0.22656871378421783,0.013431280851364136
88ccfe6d05a9e4b8,gemver-medium,gemver-medium,lv2:__PARA__L0-1.__PARA__L1-1.__PARA__L2-1.__PARA__L3-1.__PARA__L4-2.__PARA__L5-1.__PARA__L6-4.__PIPE__L0-off.__PIPE__L1-flatten.__PIPE__L3-off.__TILE__L0-1.__TILE__L1-1.__TILE__L3-8,target,support,support,finetune_dataset,data_644.pt,437535.0,exphormer_lite,2,50,paper_exact_seed2,2.2572288513183594,2.2978432178497314,0.04061436653137207,0.6100000143051147,0.5958157777786255,0.014184236526489258,0.3100000023841858,0.3061407804489136,0.003859221935272217,0.6399999856948853,0.7091071605682373,0.06910717487335205,0.15000000596046448,0.177982896566391,0.027982890605926514
1cc6286de82d0589,gemver-medium,gemver-medium,lv2:__PARA__L0-1.__PARA__L1-1.__PARA__L2-1.__PARA__L3-1.__PARA__L4-1.__PARA__L5-1.__PARA__L6-16.__PIPE__L0-flatten.__PIPE__L1-off.__PIPE__L3-NA.__TILE__L0-1.__TILE__L1-1.__TILE__L3-1,target,support,support,finetune_dataset,data_441.pt,911411.0,exphormer_lite,2,50,paper_exact_seed2,1.7278772592544556,1.656187891960144,0.07168936729431152,0.6800000071525574,0.7034648656845093,0.023464858531951904,0.4300000071525574,0.45304590463638306,0.023045897483825684,1.2899999618530273,1.3892287015914917,0.09922873973846436,0.23999999463558197,0.269758939743042,0.029758945107460022
8f4ab36456ee280a,gemver-medium,gemver-medium,lv2:__PARA__L0-1.__PARA__L1-1.__PARA__L2-1.__PARA__L3-1.__PARA__L4-1.__PARA__L5-1.__PARA__L6-32.__PIPE__L0-off.__PIPE__L1-off.__PIPE__L3-off.__TILE__L0-1.__TILE__L1-1.__TILE__L3-1,target,support,support,finetune_dataset,data_464.pt,1102812.0,exphormer_lite,2,50,paper_exact_seed2,1.5903706550598145,1.549079179763794,0.04129147529602051,0.03999999910593033,-0.010795891284942627,0.050795890390872955,0.019999999552965164,0.018032222986221313,0.0019677765667438507,0.019999999552965164,-0.017401009798049927,0.03740100935101509,0.18000000715255737,0.14409255981445312,0.03590744733810425
abd02553eb488b26,gemver-medium,gemver-medium,lv2:__PARA__L0-1.__PARA__L1-8.__PARA__L2-1.__PARA__L3-1.__PARA__L4-1.__PARA__L5-1.__PARA__L6-1.__PIPE__L0-flatten.__PIPE__L1-off.__PIPE__L3-off.__TILE__L0-1.__TILE__L1-1.__TILE__L3-1,target,support,support,finetune_dataset,data_653.pt,1689165.0,exphormer_lite,2,50,paper_exact_seed2,1.2828088998794556,1.2000679969787598,0.0827409029006958,0.6499999761581421,0.6551510691642761,0.005151093006134033,0.41999998688697815,0.45624011754989624,0.03624013066291809,1.2799999713897705,1.357907772064209,0.07790780067443848,0.23999999463558197,0.22457686066627502,0.015423133969306946
a7dc296477f89e14,gemver-medium,gemver-medium,lv2:__PARA__L0-1.__PARA__L1-1.__PARA__L2-1.__PARA__L3-1.__PARA__L4-1.__PARA__L5-1.__PARA__L6-64.__PIPE__L0-off.__PIPE__L1-flatten.__PIPE__L3-NA.__TILE__L0-1.__TILE__L1-1.__TILE__L3-8,target,support,support,finetune_dataset,data_479.pt,327769.0,exphormer_lite,2,50,paper_exact_seed2,2.465588331222534,2.4437878131866455,0.021800518035888672,0.6499999761581421,0.6097097992897034,0.04029017686843872,0.33000001311302185,0.33505094051361084,0.005050927400588989,0.6800000071525574,0.7035462856292725,0.023546278476715088,0.36000001430511475,0.3053585886955261,0.05464142560958862
a4af5301460b9d00,gemver-medium,gemver-medium,lv2:__PARA__L0-1.__PARA__L1-1.__PARA__L2-1.__PARA__L3-1.__PARA__L4-2.__PARA__L5-1.__PARA__L6-16.__PIPE__L0-off.__PIPE__L1-flatten.__PIPE__L3-off.__TILE__L0-1.__TILE__L1-1.__TILE__L3-8,target,support,support,finetune_dataset,data_638.pt,240035.0,exphormer_lite,2,50,paper_exact_seed2,2.690305709838867,2.467190980911255,0.2231147289276123,0.6200000047683716,0.6343240737915039,0.014324069023132324,0.3100000023841858,0.32507428526878357,0.015074282884597778,0.6399999856948853,0.7300055623054504,0.09000557661056519,0.23999999463558197,0.18458405137062073,0.05541594326496124
fd885963701ec907,gemver-medium,gemver-medium,lv2:__PARA__L0-1.__PARA__L1-1.__PARA__L2-1.__PARA__L3-1.__PARA__L4-1.__PARA__L5-1.__PARA__L6-2.__PIPE__L0-flatten.__PIPE__L1-off.__PIPE__L3-NA.__TILE__L0-1.__TILE__L1-1.__TILE__L3-1,target,support,support,finetune_dataset,data_446.pt,1264769.0,exphormer_lite,2,50,paper_exact_seed2,1.4915270805358887,1.3458362817764282,0.14569079875946045,0.6700000166893005,0.63057941198349,0.03942060470581055,0.41999998688697815,0.4098659157752991,0.010134071111679077,1.2799999713897705,1.339189052581787,0.0591890811920166,0.23999999463558197,0.21882376074790955,0.021176233887672424
cf40d0255f3c7df7,gemver-medium,gemver-medium,lv2:__PARA__L0-1.__PARA__L1-1.__PARA__L2-1.__PARA__L3-1.__PARA__L4-1.__PARA__L5-2.__PARA__L6-400.__PIPE__L0-off.__PIPE__L1-off.__PIPE__L3-off.__TILE__L0-1.__TILE__L1-1.__TILE__L3-1,target,support,support,finetune_dataset,data_538.pt,641657.0,exphormer_lite,2,50,paper_exact_seed2,1.9810268878936768,1.9602925777435303,0.020734310150146484,0.18000000715255737,0.20491525530815125,0.024915248155593872,0.20999999344348907,0.1622554361820221,0.04774455726146698,0.4699999988079071,0.5751069188117981,0.10510692000389099,0.23999999463558197,0.29993200302124023,0.059932008385658264
ad06f729bd5db51b,gemver-medium,gemver-medium,lv2:__PARA__L0-1.__PARA__L1-1.__PARA__L2-1.__PARA__L3-1.__PARA__L4-1.__PARA__L5-1.__PARA__L6-25.__PIPE__L0-flatten.__PIPE__L1-off.__PIPE__L3-off.__TILE__L0-1.__TILE__L1-1.__TILE__L3-1,target,support,support,finetune_dataset,data_457.pt,901503.0,exphormer_lite,2,50,paper_exact_seed2,1.7357620000839233,1.5821356773376465,0.15362632274627686,0.6700000166893005,0.6820603013038635,0.012060284614562988,0.41999998688697815,0.4291251301765442,0.00912514328956604,1.2799999713897705,1.3481167554855347,0.06811678409576416,0.23999999463558197,0.23454156517982483,0.005458429455757141
c37f85f367c6ecf3,gemver-medium,gemver-medium,lv2:__PARA__L0-1.__PARA__L1-1.__PARA__L2-1.__PARA__L3-1.__PARA__L4-1.__PARA__L5-4.__PARA__L6-400.__PIPE__L0-off.__PIPE__L1-off.__PIPE__L3-off.__TILE__L0-1.__TILE__L1-1.__TILE__L3-1,target,support,support,finetune_dataset,data_581.pt,440058.0,exphormer_lite,2,50,paper_exact_seed2,2.2530813217163086,2.233358383178711,0.019722938537597656,0.27000001072883606,0.2800905406475067,0.010090529918670654,0.20000000298023224,0.1903877556324005,0.009612247347831726,0.4699999988079071,0.6276153326034546,0.15761533379554749,0.4300000071525574,0.4004761874675751,0.0295238196849823
d76b59724307206f,gemver-medium,gemver-medium,lv2:__PARA__L0-1.__PARA__L1-1.__PARA__L2-1.__PARA__L3-1.__PARA__L4-1.__PARA__L5-4.__PARA__L6-16.__PIPE__L0-off.__PIPE__L1-off.__PIPE__L3-off.__TILE__L0-1.__TILE__L1-1.__TILE__L3-1,target,support,support,finetune_dataset,data_561.pt,494813.0,exphormer_lite,2,50,paper_exact_seed2,2.1684863567352295,2.12599515914917,0.04249119758605957,0.029999999329447746,0.009299680590629578,0.02070031873881817,0.009999999776482582,0.006090983748435974,0.003909016028046608,0.009999999776482582,0.007768452167510986,0.0022315476089715958,0.18000000715255737,0.17754995822906494,0.0024500489234924316
39d92e60a19b8911,gemver-medium,gemver-medium,lv2:__PARA__L0-1.__PARA__L1-1.__PARA__L2-1.__PARA__L3-1.__PARA__L4-1.__PARA__L5-5.__PARA__L6-2.__PIPE__L0-off.__PIPE__L1-off.__PIPE__L3-NA.__TILE__L0-1.__TILE__L1-1.__TILE__L3-1,target,support,support,finetune_dataset,data_598.pt,798416.0,exphormer_lite,2,50,paper_exact_seed2,1.8233578205108643,1.7854275703430176,0.03793025016784668,0.029999999329447746,0.011986032128334045,0.0180139672011137,0.009999999776482582,0.02935861051082611,0.01935861073434353,0.0,0.04147753119468689,0.04147753119468689,0.30000001192092896,0.24000562727451324,0.05999438464641571
f8611baa3d34baec,gemver-medium,gemver-medium,lv2:__PARA__L0-1.__PARA__L1-1.__PARA__L2-1.__PARA__L3-1.__PARA__L4-1.__PARA__L5-8.__PARA__L6-16.__PIPE__L0-off.__PIPE__L1-off.__PIPE__L3-NA.__TILE__L0-1.__TILE__L1-1.__TILE__L3-1,target,support,support,finetune_dataset,data_618.pt,389918.0,exphormer_lite,2,50,paper_exact_seed2,2.3403427600860596,2.2927942276000977,0.047548532485961914,0.03999999910593033,0.04379768669605255,0.003797687590122223,0.019999999552965164,0.021402105689048767,0.001402106136083603,0.019999999552965164,0.08066709339618683,0.060667093843221664,0.28999999165534973,0.23613958060741425,0.053860411047935486
a8247c256499520b,gemver-medium,gemver-medium,lv2:__PARA__L0-1.__PARA__L1-1.__PARA__L2-1.__PARA__L3-1.__PARA__L4-1.__PARA__L5-4.__PARA__L6-5.__PIPE__L0-off.__PIPE__L1-off.__PIPE__L3-NA.__TILE__L0-1.__TILE__L1-1.__TILE__L3-1,target,support,support,finetune_dataset,data_584.pt,597269.0,exphormer_lite,2,50,paper_exact_seed2,2.0327377319335938,2.017216205596924,0.015521526336669922,0.029999999329447746,0.02329571545124054,0.006704283878207207,0.009999999776482582,0.019244328141212463,0.009244328364729881,0.0,0.057871878147125244,0.057871878147125244,0.18000000715255737,0.27604854106903076,0.09604853391647339
387c4d6118e8c989,gemver-medium,gemver-medium,lv2:__PARA__L0-1.__PARA__L1-1.__PARA__L2-1.__PARA__L3-1.__PARA__L4-1.__PARA__L5-4.__PARA__L6-400.__PIPE__L0-flatten.__PIPE__L1-off.__PIPE__L3-off.__TILE__L0-1.__TILE__L1-1.__TILE__L3-1,target,support,support,finetune_dataset,data_580.pt,271622.0,exphormer_lite,2,50,paper_exact_seed2,2.601127862930298,2.5180702209472656,0.08305764198303223,0.8199999928474426,0.816896915435791,0.0031030774116516113,0.5199999809265137,0.49617135524749756,0.023828625679016113,1.2799999713897705,1.3964747190475464,0.11647474765777588,0.4300000071525574,0.41797375679016113,0.01202625036239624
2f626245e21cc056,gemver-medium,gemver-medium,lv2:__PARA__L0-1.__PARA__L1-1.__PARA__L2-1.__PARA__L3-1.__PARA__L4-1.__PARA__L5-2.__PARA__L6-10.__PIPE__L0-off.__PIPE__L1-off.__PIPE__L3-NA.__TILE__L0-1.__TILE__L1-1.__TILE__L3-1,target,support,support,finetune_dataset,data_513.pt,714471.0,exphormer_lite,2,50,paper_exact_seed2,1.903490424156189,1.8178701400756836,0.08562028408050537,0.029999999329447746,0.006560817360877991,0.023439181968569756,0.009999999776482582,0.014685586094856262,0.00468558631837368,0.009999999776482582,0.04062184691429138,0.0306218471378088,0.11999999731779099,0.1882420778274536,0.06824208050966263
ccedb74009e7acda,gemver-medium,gemver-medium,lv2:__PARA__L0-1.__PARA__L1-1.__PARA__L2-1.__PARA__L3-1.__PARA__L4-1.__PARA__L5-1.__PARA__L6-16.__PIPE__L0-off.__PIPE__L1-off.__PIPE__L3-NA.__TILE__L0-1.__TILE__L1-1.__TILE__L3-1,target,support,support,finetune_dataset,data_444.pt,1079116.0,exphormer_lite,2,50,paper_exact_seed2,1.606039047241211,1.6006510257720947,0.005388021469116211,0.03999999910593033,-0.0012806802988052368,0.041280679404735565,0.019999999552965164,0.01615041494369507,0.003849584609270096,0.009999999776482582,0.028317570686340332,0.01831757090985775,0.11999999731779099,0.13140814006328583,0.011408142745494843
40fa45ba8d75fea6,gemver-medium,gemver-medium,lv2:__PARA__L0-1.__PARA__L1-1.__PARA__L2-1.__PARA__L3-1.__PARA__L4-1.__PARA__L5-10.__PARA__L6-32.__PIPE__L0-off.__PIPE__L1-off.__PIPE__L3-off.__TILE__L0-1.__TILE__L1-1.__TILE__L3-1,target,support,support,finetune_dataset,data_498.pt,393361.0,exphormer_lite,2,50,paper_exact_seed2,2.334001064300537,2.2585511207580566,0.07544994354248047,0.07000000029802322,0.05219782888889313,0.017802171409130096,0.029999999329447746,0.020286008715629578,0.009713990613818169,0.019999999552965164,0.031701356172561646,0.011701356619596481,0.05000000074505806,0.15465274453163147,0.10465274751186371
6bfa1888245ac30f,gemver-medium,gemver-medium,lv2:__PARA__L0-1.__PARA__L1-1.__PARA__L2-1.__PARA__L3-1.__PARA__L4-1.__PARA__L5-4.__PARA__L6-5.__PIPE__L0-flatten.__PIPE__L1-off.__PIPE__L3-off.__TILE__L0-1.__TILE__L1-1.__TILE__L3-1,target,support,support,finetune_dataset,data_583.pt,432373.0,exphormer_lite,2,50,paper_exact_seed2,2.2657899856567383,2.266835927963257,0.0010459423065185547,0.7300000190734863,0.6709806323051453,0.059019386768341064,0.4399999976158142,0.4055105447769165,0.034489452838897705,1.2799999713897705,1.3044800758361816,0.024480104446411133,0.4300000071525574,0.41188859939575195,0.01811140775680542
1d98f34eaa29cec7,gemver-medium,gemver-medium,lv2:__PARA__L0-1.__PARA__L1-1.__PARA__L2-1.__PARA__L3-1.__PARA__L4-1.__PARA__L5-1.__PARA__L6-1.__PIPE__L0-off.__PIPE__L1-flatten.__PIPE__L3-flatten.__TILE__L0-1.__TILE__L1-1.__TILE__L3-8,target,support,support,finetune_dataset,data_432.pt,254065.0,exphormer_lite,2,50,paper_exact_seed2,2.64932918548584,2.6507809162139893,0.001451730728149414,1.340000033378601,1.4242279529571533,0.08422791957855225,0.9599999785423279,1.020843267440796,0.06084328889846802,2.0399999618530273,2.1803784370422363,0.14037847518920898,0.30000001192092896,0.3149697184562683,0.014969706535339355
ebd95f41307d86ed,gemver-medium,gemver-medium,lv2:__PARA__L0-1.__PARA__L1-1.__PARA__L2-1.__PARA__L3-1.__PARA__L4-1.__PARA__L5-2.__PARA__L6-1.__PIPE__L0-flatten.__PIPE__L1-off.__PIPE__L3-off.__TILE__L0-1.__TILE__L1-1.__TILE__L3-1,target,support,support,finetune_dataset,data_507.pt,1261573.0,exphormer_lite,2,50,paper_exact_seed2,1.4933521747589111,1.399454116821289,0.09389805793762207,0.6499999761581421,0.6298233866691589,0.020176589488983154,0.41999998688697815,0.3676542043685913,0.05234578251838684,1.2799999713897705,1.2856545448303223,0.005654573440551758,0.23999999463558197,0.2351199835538864,0.004880011081695557
546ba9672e1bec4e,gemver-medium,gemver-medium,lv2:__PARA__L0-1.__PARA__L1-1.__PARA__L2-1.__PARA__L3-1.__PARA__L4-1.__PARA__L5-4.__PARA__L6-1.__PIPE__L0-off.__PIPE__L1-off.__PIPE__L3-flatten.__TILE__L0-1.__TILE__L1-1.__TILE__L3-1,target,support,support,finetune_dataset,data_552.pt,427265.0,exphormer_lite,2,50,paper_exact_seed2,2.274362564086914,2.2309231758117676,0.043439388275146484,0.5,0.6015897989273071,0.10158979892730713,0.30000001192092896,0.36743563413619995,0.067435622215271,0.6399999856948853,1.0032354593276978,0.3632354736328125,0.4300000071525574,0.544124186038971,0.11412417888641357
afabf0cf6a7b8365,gemver-medium,gemver-medium,lv2:__PARA__L0-1.__PARA__L1-1.__PARA__L2-1.__PARA__L3-1.__PARA__L4-1.__PARA__L5-5.__PARA__L6-4.__PIPE__L0-off.__PIPE__L1-off.__PIPE__L3-off.__TILE__L0-1.__TILE__L1-1.__TILE__L3-1,target,support,support,finetune_dataset,data_606.pt,601964.0,exphormer_lite,2,50,paper_exact_seed2,2.0270895957946777,2.000962495803833,0.026127099990844727,0.029999999329447746,0.006313294172286987,0.02368670515716076,0.009999999776482582,0.009853944182395935,0.00014605559408664703,0.0,0.000702202320098877,0.000702202320098877,0.30000001192092896,0.22963812947273254,0.07036188244819641
b34fe29ee40cbfd8,gemver-medium,gemver-medium,lv2:__PARA__L0-1.__PARA__L1-1.__PARA__L2-1.__PARA__L3-1.__PARA__L4-1.__PARA__L5-2.__PARA__L6-64.__PIPE__L0-flatten.__PIPE__L1-off.__PIPE__L3-off.__TILE__L0-1.__TILE__L1-1.__TILE__L3-1,target,support,support,finetune_dataset,data_543.pt,529573.0,exphormer_lite,2,50,paper_exact_seed2,2.1195132732391357,1.99760103225708,0.12191224098205566,0.6800000071525574,0.669726550579071,0.010273456573486328,0.4300000071525574,0.40621453523635864,0.02378547191619873,1.2799999713897705,1.2862516641616821,0.006251692771911621,0.23999999463558197,0.2646876573562622,0.024687662720680237
4b02cffad381ef74,gemver-medium,gemver-medium,lv2:__PARA__L0-1.__PARA__L1-1.__PARA__L2-1.__PARA__L3-1.__PARA__L4-1.__PARA__L5-1.__PARA__L6-1.__PIPE__L0-flatten.__PIPE__L1-flatten.__PIPE__L3-off.__TILE__L0-8.__TILE__L1-1.__TILE__L3-1,target,support,support,finetune_dataset,data_428.pt,873826.0,exphormer_lite,2,50,paper_exact_seed2,1.758255124092102,1.7119677066802979,0.0462874174118042,1.090000033378601,1.1475752592086792,0.057575225830078125,0.6299999952316284,0.7033323645591736,0.07333236932754517,1.75,1.8678628206253052,0.11786282062530518,0.11999999731779099,0.11017651855945587,0.009823478758335114
073ea443eaa72b1a,gemver-medium,gemver-medium,lv2:__PARA__L0-1.__PARA__L1-1.__PARA__L2-1.__PARA__L3-1.__PARA__L4-1.__PARA__L5-1.__PARA__L6-5.__PIPE__L0-off.__PIPE__L1-flatten.__PIPE__L3-off.__TILE__L0-1.__TILE__L1-1.__TILE__L3-8,target,support,support,finetune_dataset,data_475.pt,465465.0,exphormer_lite,2,50,paper_exact_seed2,2.2125916481018066,2.2430036067962646,0.030411958694458008,0.6100000143051147,0.611150860786438,0.0011508464813232422,0.3100000023841858,0.31910932064056396,0.009109318256378174,0.6399999856948853,0.7238889336585999,0.0838889479637146,0.1599999964237213,0.1806526482105255,0.0206526517868042
3b3eea8d09d234c1,gemver-medium,gemver-medium,lv2:__PARA__L0-1.__PARA__L1-1.__PARA__L2-1.__PARA__L3-1.__PARA__L4-1.__PARA__L5-4.__PARA__L6-25.__PIPE__L0-off.__PIPE__L1-off.__PIPE__L3-NA.__TILE__L0-1.__TILE__L1-1.__TILE__L3-1,target,support,support,finetune_dataset,data_572.pt,468629.0,exphormer_lite,2,50,paper_exact_seed2,2.207705020904541,2.163316488265991,0.044388532638549805,0.05999999865889549,0.038934722542762756,0.021065276116132736,0.029999999329447746,0.025797590613365173,0.004202408716082573,0.019999999552965164,0.05321323871612549,0.033213239163160324,0.28999999165534973,0.20624741911888123,0.0837525725364685
8267c1b9533029a4,gemver-medium,gemver-medium,lv2:__PARA__L0-1.__PARA__L1-1.__PARA__L2-1.__PARA__L3-1.__PARA__L4-1.__PARA__L5-8.__PARA__L6-25.__PIPE__L0-off.__PIPE__L1-off.__PIPE__L3-NA.__TILE__L0-1.__TILE__L1-1.__TILE__L3-1,target,support,support,finetune_dataset,data_624.pt,371827.0,exphormer_lite,2,50,paper_exact_seed2,2.374612331390381,2.308788299560547,0.06582403182983398,0.07999999821186066,0.05126155912876129,0.028738439083099365,0.029999999329447746,0.027993425726890564,0.0020065736025571823,0.019999999552965164,0.06686696410179138,0.04686696454882622,0.05999999865889549,0.21385571360588074,0.15385571122169495
ccf784e28e8d62ee,gemver-medium,gemver-medium,lv2:__PARA__L0-1.__PARA__L1-400.__PARA__L2-1.__PARA__L3-1.__PARA__L4-1.__PARA__L5-1.__PARA__L6-1.__PIPE__L0-flatten.__PIPE__L1-off.__PIPE__L3-off.__TILE__L0-1.__TILE__L1-1.__TILE__L3-1,target,support,support,finetune_dataset,data_652.pt,1657473.0,exphormer_lite,2,50,paper_exact_seed2,1.296471357345581,1.290021300315857,0.006450057029724121,0.6499999761581421,0.6788547039031982,0.028854727745056152,0.41999998688697815,0.4764983057975769,0.056498318910598755,1.2799999713897705,1.3224138021469116,0.04241383075714111,0.23999999463558197,0.2502105236053467,0.01021052896976471
1e06e029d012209f,gemver-medium,gemver-medium,lv2:__PARA__L0-1.__PARA__L1-1.__PARA__L2-1.__PARA__L3-1.__PARA__L4-1.__PARA__L5-1.__PARA__L6-32.__PIPE__L0-flatten.__PIPE__L1-off.__PIPE__L3-off.__TILE__L0-1.__TILE__L1-1.__TILE__L3-1,target,support,support,finetune_dataset,data_461.pt,935103.0,exphormer_lite,2,50,paper_exact_seed2,1.7093654870986938,1.5614838600158691,0.1478816270828247,0.6700000166893005,0.6452255845069885,0.02477443218231201,0.4300000071525574,0.4181744456291199,0.0118255615234375,1.2799999713897705,1.3350211381912231,0.05502116680145264,0.23999999463558197,0.22544801235198975,0.014551982283592224
a1da14fefe06f567,gemver-medium,gemver-medium,lv2:__PARA__L0-1.__PARA__L1-1.__PARA__L2-1.__PARA__L3-1.__PARA__L4-1.__PARA__L5-10.__PARA__L6-64.__PIPE__L0-off.__PIPE__L1-off.__PIPE__L3-off.__TILE__L0-1.__TILE__L1-1.__TILE__L3-1,target,support,support,finetune_dataset,data_503.pt,384161.0,exphormer_lite,2,50,paper_exact_seed2,2.3510725498199463,2.321110486984253,0.02996206283569336,0.10999999940395355,0.08896392583847046,0.021036073565483093,0.05000000074505806,0.056822434067726135,0.0068224333226680756,0.03999999910593033,0.1040266752243042,0.06402667611837387,0.28999999165534973,0.2455991804599762,0.044400811195373535
137df9385324e331,gemver-medium,gemver-medium,lv2:__PARA__L0-1.__PARA__L1-1.__PARA__L2-1.__PARA__L3-1.__PARA__L4-1.__PARA__L5-2.__PARA__L6-1.__PIPE__L0-flatten.__PIPE__L1-off.__PIPE__L3-flatten.__TILE__L0-1.__TILE__L1-1.__TILE__L3-1,target,support,support,finetune_dataset,data_506.pt,456029.0,exphormer_lite,2,50,paper_exact_seed2,2.227365255355835,2.2031214237213135,0.024243831634521484,0.7099999785423279,0.8661366701126099,0.15613669157028198,0.4699999988079071,0.5964967608451843,0.12649676203727722,1.2799999713897705,1.4584810733795166,0.1784811019897461,0.23999999463558197,0.3107835054397583,0.07078351080417633
b191ebbac7826eb3,gemver-medium,gemver-medium,lv2:__PARA__L0-1.__PARA__L1-1.__PARA__L2-1.__PARA__L3-1.__PARA__L4-1.__PARA__L5-1.__PARA__L6-5.__PIPE__L0-flatten.__PIPE__L1-off.__PIPE__L3-off.__TILE__L0-1.__TILE__L1-1.__TILE__L3-1,target,support,support,finetune_dataset,data_474.pt,1025103.0,exphormer_lite,2,50,paper_exact_seed2,1.6430796384811401,1.492066502571106,0.15101313591003418,0.6700000166893005,0.6752209663391113,0.005220949649810791,0.41999998688697815,0.40451884269714355,0.015481144189834595,1.2799999713897705,1.3475936651229858,0.06759369373321533,0.23999999463558197,0.2390558272600174,0.0009441673755645752
db963af74fdef9e2,gemver-medium,gemver-medium,lv2:__PARA__L0-5.__PARA__L1-1.__PARA__L2-1.__PARA__L3-1.__PARA__L4-1.__PARA__L5-1.__PARA__L6-1.__PIPE__L0-flatten.__PIPE__L1-off.__PIPE__L3-off.__TILE__L0-1.__TILE__L1-1.__TILE__L3-1,target,support,support,finetune_dataset,data_655.pt,2317684.0,exphormer_lite,2,50,paper_exact_seed2,1.0546220541000366,0.9806836843490601,0.07393836975097656,3.2100000381469727,3.49143385887146,0.2814338207244873,2.059999942779541,2.4135522842407227,0.35355234146118164,6.429999828338623,7.066345691680908,0.6363458633422852,0.9900000095367432,1.0749030113220215,0.08490300178527832
f04d401f04d14c1e,gemver-medium,gemver-medium,lv2:__PARA__L0-1.__PARA__L1-1.__PARA__L2-1.__PARA__L3-1.__PARA__L4-1.__PARA__L5-8.__PARA__L6-1.__PIPE__L0-off.__PIPE__L1-NA.__PIPE__L3-flatten.__TILE__L0-1.__TILE__L1-1.__TILE__L3-1,target,support,support,finetune_dataset,data_613.pt,323819.0,exphormer_lite,2,50,paper_exact_seed2,2.474334239959717,2.386636734008789,0.08769750595092773,0.6800000071525574,0.6721310019493103,0.00786900520324707,0.4000000059604645,0.43068021535873413,0.030680209398269653,1.1100000143051147,1.0673755407333374,0.042624473571777344,0.800000011920929,0.6463145017623901,0.15368551015853882
d18c3f6a099c066b,gemver-medium,gemver-medium,lv2:__PARA__L0-1.__PARA__L1-1.__PARA__L2-1.__PARA__L3-1.__PARA__L4-1.__PARA__L5-4.__PARA__L6-2.__PIPE__L0-flatten.__PIPE__L1-off.__PIPE__L3-NA.__TILE__L0-1.__TILE__L1-1.__TILE__L3-1,target,support,support,finetune_dataset,data_562.pt,668423.0,exphormer_lite,2,50,paper_exact_seed2,1.951547384262085,1.9366648197174072,0.014882564544677734,0.7400000095367432,0.6522940397262573,0.08770596981048584,0.4399999976158142,0.41467463970184326,0.025325357913970947,1.2799999713897705,1.3245548009872437,0.044554829597473145,0.4300000071525574,0.38116806745529175,0.048831939697265625
9f3221336f822498,gemver-medium,gemver-medium,lv2:__PARA__L0-1.__PARA__L1-1.__PARA__L2-1.__PARA__L3-1.__PARA__L4-1.__PARA__L5-1.__PARA__L6-1.__PIPE__L0-flatten.__PIPE__L1-flatten.__PIPE__L3-off.__TILE__L0-2.__TILE__L1-1.__TILE__L3-1,target,support,support,finetune_dataset,data_427.pt,885648.0,exphormer_lite,2,50,paper_exact_seed2,1.7485613822937012,1.6945116519927979,0.05404973030090332,1.2300000190734863,1.156734585762024,0.0732654333114624,0.9399999976158142,0.743975043296814,0.19602495431900024,1.75,1.860127329826355,0.11012732982635498,0.11999999731779099,0.08965243399143219,0.030347563326358795
658a43b6874223a8,gemver-medium,gemver-medium,lv2:__PARA__L0-1.__PARA__L1-1.__PARA__L2-1.__PARA__L3-1.__PARA__L4-2.__PARA__L5-1.__PARA__L6-400.__PIPE__L0-off.__PIPE__L1-flatten.__PIPE__L3-off.__TILE__L0-1.__TILE__L1-1.__TILE__L3-8,target,support,support,finetune_dataset,data_645.pt,174135.0,exphormer_lite,2,50,paper_exact_seed2,2.9218249320983887,2.933781385421753,0.011956453323364258,1.340000033378601,1.361541748046875,0.021541714668273926,0.9599999785423279,0.9300023317337036,0.029997646808624268,2.0399999618530273,2.0197339057922363,0.020266056060791016,0.30000001192092896,0.32076495885849,0.020764946937561035
78748ad5835958f4,gemver-medium,gemver-medium,lv2:__PARA__L0-1.__PARA__L1-1.__PARA__L2-1.__PARA__L3-1.__PARA__L4-1.__PARA__L5-1.__PARA__L6-32.__PIPE__L0-off.__PIPE__L1-flatten.__PIPE__L3-NA.__TILE__L0-1.__TILE__L1-1.__TILE__L3-8,target,support,support,finetune_dataset,data_462.pt,339417.0,exphormer_lite,2,50,paper_exact_seed2,2.440398693084717,2.4377331733703613,0.0026655197143554688,0.6299999952316284,0.6099268198013306,0.02007317543029785,0.3199999928474426,0.3342498540878296,0.014249861240386963,0.6600000262260437,0.6924299001693726,0.03242987394332886,0.25,0.2661796808242798,0.016179680824279785
38b5571df4d34783,gemver-medium,gemver-medium,lv2:__PARA__L0-1.__PARA__L1-1.__PARA__L2-1.__PARA__L3-1.__PARA__L4-1.__PARA__L5-2.__PARA__L6-4.__PIPE__L0-flatten.__PIPE__L1-off.__PIPE__L3-off.__TILE__L0-1.__TILE__L1-1.__TILE__L3-1,target,support,support,finetune_dataset,data_534.pt,669973.0,exphormer_lite,2,50,paper_exact_seed2,1.9498766660690308,1.8135275840759277,0.13634908199310303,0.6700000166893005,0.6658690571784973,0.004130959510803223,0.41999998688697815,0.39389219880104065,0.0261077880859375,1.2799999713897705,1.3244144916534424,0.044414520263671875,0.23999999463558197,0.30766555666923523,0.06766556203365326
a5d37c21d89dafa7,gemver-medium,gemver-medium,lv2:__PARA__L0-1.__PARA__L1-1.__PARA__L2-1.__PARA__L3-1.__PARA__L4-1.__PARA__L5-1.__PARA__L6-4.__PIPE__L0-off.__PIPE__L1-off.__PIPE__L3-off.__TILE__L0-1.__TILE__L1-1.__TILE__L3-1,target,support,support,finetune_dataset,data_469.pt,1233212.0,exphormer_lite,2,50,paper_exact_seed2,1.5097535848617554,1.4613240957260132,0.04842948913574219,0.019999999552965164,-0.03461505472660065,0.05461505427956581,0.009999999776482582,0.013058573007583618,0.003058573231101036,0.0,-0.04002061486244202,0.04002061486244202,0.11999999731779099,0.12773065268993378,0.007730655372142792
d9662c3dbf1efeed,gemver-medium,gemver-medium,lv2:__PARA__L0-1.__PARA__L1-1.__PARA__L2-1.__PARA__L3-1.__PARA__L4-1.__PARA__L5-2.__PARA__L6-25.__PIPE__L0-flatten.__PIPE__L1-off.__PIPE__L3-NA.__TILE__L0-1.__TILE__L1-1.__TILE__L3-1,target,support,support,finetune_dataset,data_527.pt,497391.0,exphormer_lite,2,50,paper_exact_seed2,2.1647379398345947,2.0714316368103027,0.09330630302429199,0.699999988079071,0.7057172656059265,0.005717277526855469,0.4399999976158142,0.44401276111602783,0.004012763500213623,1.2999999523162842,1.3418734073638916,0.04187345504760742,0.23999999463558197,0.3280254304409027,0.08802543580532074
ea1c49f64583b28b,gemver-medium,gemver-medium,lv2:__PARA__L0-1.__PARA__L1-1.__PARA__L2-1.__PARA__L3-1.__PARA__L4-2.__PARA__L5-1.__PARA__L6-1.__PIPE__L0-off.__PIPE__L1-flatten.__PIPE__L3-off.__TILE__L0-1.__TILE__L1-1.__TILE__L3-8,target,support,support,finetune_dataset,data_636.pt,1011542.0,exphormer_lite,2,50,paper_exact_seed2,1.6526858806610107,1.6183784008026123,0.03430747985839844,0.6200000047683716,0.5784925222396851,0.04150748252868652,0.3100000023841858,0.3160248100757599,0.006024807691574097,0.6399999856948853,0.7110955715179443,0.07109558582305908,0.18000000715255737,0.1647360622882843,0.015263944864273071
101fa2327321d834,gemver-medium,gemver-medium,lv2:__PARA__L0-1.__PARA__L1-16.__PARA__L2-1.__PARA__L3-1.__PARA__L4-1.__PARA__L5-1.__PARA__L6-1.__PIPE__L0-flatten.__PIPE__L1-off.__PIPE__L3-off.__TILE__L0-1.__TILE__L1-1.__TILE__L3-1,target,support,support,finetune_dataset,data_651.pt,1721319.0,exphormer_lite,2,50,paper_exact_seed2,1.2692067623138428,1.1822149753570557,0.08699178695678711,0.6499999761581421,0.640382707118988,0.009617269039154053,0.4300000071525574,0.42887091636657715,0.0011290907859802246,1.2799999713897705,1.3860645294189453,0.1060645580291748,0.23999999463558197,0.22753453254699707,0.0124654620885849
5b9287120925f2a0,gemver-medium,gemver-medium,lv2:__PARA__L0-1.__PARA__L1-1.__PARA__L2-1.__PARA__L3-1.__PARA__L4-1.__PARA__L5-4.__PARA__L6-8.__PIPE__L0-off.__PIPE__L1-off.__PIPE__L3-off.__TILE__L0-1.__TILE__L1-1.__TILE__L3-1,target,support,support,finetune_dataset,data_591.pt,543213.0,exphormer_lite,2,50,paper_exact_seed2,2.1011691093444824,2.079164743423462,0.022004365921020508,0.029999999329447746,0.011123135685920715,0.01887686364352703,0.009999999776482582,0.0076581984758377075,0.0023418013006448746,0.0,0.003251194953918457,0.003251194953918457,0.18000000715255737,0.2123095989227295,0.03230959177017212
57d44026afacdea0,gemver-medium,gemver-medium,lv2:__PARA__L0-1.__PARA__L1-1.__PARA__L2-1.__PARA__L3-1.__PARA__L4-1.__PARA__L5-1.__PARA__L6-400.__PIPE__L0-flatten.__PIPE__L1-off.__PIPE__L3-off.__TILE__L0-1.__TILE__L1-1.__TILE__L3-1,target,support,support,finetune_dataset,data_470.pt,868351.0,exphormer_lite,2,50,paper_exact_seed2,1.7627888917922974,1.6009060144424438,0.16188287734985352,0.6899999976158142,0.7001435160636902,0.010143518447875977,0.46000000834465027,0.5124064683914185,0.05240646004676819,1.2799999713897705,1.3652708530426025,0.08527088165283203,0.23999999463558197,0.21326690912246704,0.02673308551311493
f30c53ed54cd07f6,gemver-medium,gemver-medium,lv2:__PARA__L0-1.__PARA__L1-1.__PARA__L2-1.__PARA__L3-1.__PARA__L4-1.__PARA__L5-4.__PARA__L6-16.__PIPE__L0-flatten.__PIPE__L1-off.__PIPE__L3-NA.__TILE__L0-1.__TILE__L1-1.__TILE__L3-1,target,support,support,finetune_dataset,data_558.pt,317477.0,exphormer_lite,2,50,paper_exact_seed2,2.4886021614074707,2.428786039352417,0.05981612205505371,0.7400000095367432,0.7051190733909607,0.03488093614578247,0.44999998807907104,0.4469289183616638,0.0030710697174072266,1.2899999618530273,1.3275766372680664,0.03757667541503906,0.4300000071525574,0.44079044461250305,0.010790437459945679
d8e3b8d9f992790d,gemver-medium,gemver-medium,lv2:__PARA__L0-1.__PARA__L1-1.__PARA__L2-1.__PARA__L3-1.__PARA__L4-1.__PARA__L5-2.__PARA__L6-10.__PIPE__L0-flatten.__PIPE__L1-off.__PIPE__L3-off.__TILE__L0-1.__TILE__L1-1.__TILE__L3-1,target,support,support,finetune_dataset,data_512.pt,551973.0,exphormer_lite,2,50,paper_exact_seed2,2.0896291732788086,1.9726691246032715,0.11696004867553711,0.6700000166893005,0.6889206171035767,0.018920600414276123,0.41999998688697815,0.4158634543418884,0.004136532545089722,1.2799999713897705,1.3411768674850464,0.06117689609527588,0.23999999463558197,0.3085789680480957,0.06857897341251373
ec64060c6b189307,trmm-opt,trmm-opt,lv2:__PARA__L0-1.__PARA__L1-10.__PARA__L2-60.__PIPE__L0-off.__PIPE__L1-NA.__TILE__L0-1.__TILE__L1-1,target,support,support,finetune_dataset,data_1081.pt,27747.0,exphormer_lite,2,50,paper_exact_seed2,4.246726036071777,4.234194755554199,0.012531280517578125,0.5899999737739563,0.5365250110626221,0.05347496271133423,0.3400000035762787,0.32449889183044434,0.01550111174583435,0.9599999785423279,0.8486874103546143,0.11131256818771362,0.0,0.0016820505261421204,0.0016820505261421204
44c346e1646bb5f3,trmm-opt,trmm-opt,lv2:__PARA__L0-1.__PARA__L1-8.__PARA__L2-60.__PIPE__L0-off.__PIPE__L1-NA.__TILE__L0-1.__TILE__L1-1,target,support,support,finetune_dataset,data_1113.pt,24567.0,exphormer_lite,2,50,paper_exact_seed2,4.334531307220459,4.252589225769043,0.08194208145141602,0.4699999988079071,0.435449481010437,0.03455051779747009,0.2800000011920929,0.2564395070075989,0.02356049418449402,0.7599999904632568,0.6535699367523193,0.1064300537109375,0.009999999776482582,0.004085622727870941,0.005914377048611641
6b6146a4aac73f5f,trmm-opt,trmm-opt,lv2:__PARA__L0-1.__PARA__L1-20.__PARA__L2-1.__PIPE__L0-off.__PIPE__L1-flatten.__TILE__L0-1.__TILE__L1-4,target,support,support,finetune_dataset,data_1096.pt,25107.0,exphormer_lite,2,50,paper_exact_seed2,4.318847179412842,4.266567707061768,0.05227947235107422,1.159999966621399,1.1495134830474854,0.010486483573913574,0.6800000071525574,0.6950875520706177,0.015087544918060303,1.9199999570846558,1.7846145629882812,0.1353853940963745,0.0,0.004333801567554474,0.004333801567554474
37e8eb0b00f39883,trmm-opt,trmm-opt,lv2:__PARA__L0-1.__PARA__L1-1.__PARA__L2-1.__PIPE__L0-off.__PIPE__L1-off.__TILE__L0-1.__TILE__L1-1,target,support,support,finetune_dataset,data_1037.pt,1547247.0,exphormer_lite,2,50,paper_exact_seed2,1.3461122512817383,1.310699224472046,0.03541302680969238,0.0,0.02319563925266266,0.02319563925266266,0.0,0.00412614643573761,0.00412614643573761,0.0,-0.00905543565750122,0.00905543565750122,0.019999999552965164,0.007605262100696564,0.0123947374522686
a84bd82b4adff191,trmm-opt,trmm-opt,lv2:__PARA__L0-1.__PARA__L1-1.__PARA__L2-60.__PIPE__L0-off.__PIPE__L1-off.__TILE__L0-1.__TILE__L1-1,target,support,support,finetune_dataset,data_1072.pt,246747.0,exphormer_lite,2,50,paper_exact_seed2,2.6704118251800537,2.704948902130127,0.03453707695007324,0.10999999940395355,0.12109039723873138,0.011090397834777832,0.029999999329447746,0.030696406960487366,0.0006964076310396194,0.009999999776482582,0.05062347650527954,0.04062347859144211,0.009999999776482582,0.005449146032333374,0.004550853744149208
214daf86a2f096e6,trmm-opt,trmm-opt,lv2:__PARA__L0-5.__PARA__L1-8.__PARA__L2-1.__PIPE__L0-off.__PIPE__L1-flatten.__TILE__L0-1.__TILE__L1-1,target,support,support,finetune_dataset,data_1135.pt,6156.0,exphormer_lite,2,50,paper_exact_seed2,5.332859516143799,5.420659065246582,0.0877995491027832,1.9299999475479126,1.744889259338379,0.1851106882095337,9.390000343322754,9.27351188659668,0.11648845672607422,3.7100000381469727,3.3439736366271973,0.3660264015197754,0.009999999776482582,-0.001214347779750824,0.011214347556233406
bb209d7362f59f03,trmm-opt,trmm-opt,lv2:__PARA__L0-1.__PARA__L1-1.__PARA__L2-1.__PIPE__L0-off.__PIPE__L1-flatten.__TILE__L0-1.__TILE__L1-80,target,support,support,finetune_dataset,data_1035.pt,28767.0,exphormer_lite,2,50,paper_exact_seed2,4.22068452835083,4.170281410217285,0.05040311813354492,0.1599999964237213,0.1203199177980423,0.039680078625679016,0.05999999865889549,0.06830208003520966,0.008302081376314163,0.09000000357627869,0.08725148439407349,0.0027485191822052,0.009999999776482582,0.008616961538791656,0.0013830382376909256
f278c9e062916ff7,trmm-opt,trmm-opt,lv2:__PARA__L0-1.__PARA__L1-2.__PARA__L2-60.__PIPE__L0-off.__PIPE__L1-off.__TILE__L0-60.__TILE__L1-1,target,support,support,finetune_dataset,data_1094.pt,29669.0,exphormer_lite,2,50,paper_exact_seed2,4.198413848876953,4.3252716064453125,0.12685775756835938,0.20999999344348907,0.21022720634937286,0.00022721290588378906,0.09000000357627869,0.10125647485256195,0.011256471276283264,0.1899999976158142,0.17453336715698242,0.015466630458831787,0.009999999776482582,0.003430008888244629,0.006569990888237953
28c14f2f1d792ef4,trmm-opt,trmm-opt,lv2:__PARA__L0-1.__PARA__L1-1.__PARA__L2-15.__PIPE__L0-off.__PIPE__L1-off.__TILE__L0-60.__TILE__L1-1,target,support,support,finetune_dataset,data_1047.pt,337647.0,exphormer_lite,2,50,paper_exact_seed2,2.4441702365875244,2.4347424507141113,0.009427785873413086,0.029999999329447746,0.035325512290000916,0.005325512960553169,0.009999999776482582,0.01975320279598236,0.009753203019499779,0.0,0.025803804397583008,0.025803804397583008,0.03999999910593033,0.026523813605308533,0.013476185500621796
e12a98cc7abed702,trmm-opt,trmm-opt,lv2:__PARA__L0-1.__PARA__L1-1.__PARA__L2-1.__PIPE__L0-off.__PIPE__L1-flatten.__TILE__L0-60.__TILE__L1-1,target,support,support,finetune_dataset,data_1036.pt,28767.0,exphormer_lite,2,50,paper_exact_seed2,4.22068452835083,4.245960712432861,0.02527618408203125,0.1599999964237213,0.15748220682144165,0.002517789602279663,0.05999999865889549,0.07614786922931671,0.01614787057042122,0.09000000357627869,0.0851515531539917,0.004848450422286987,0.009999999776482582,-0.00901205837726593,0.019012058153748512
79e57f3206588e67,trmm-opt,trmm-opt,lv2:__PARA__L0-1.__PARA__L1-10.__PARA__L2-60.__PIPE__L0-off.__PIPE__L1-NA.__TILE__L0-1.__TILE__L1-8,target,support,support,finetune_dataset,data_1082.pt,27747.0,exphormer_lite,2,50,paper_exact_seed2,4.246726036071777,4.169663429260254,0.07706260681152344,0.5899999737739563,0.5904463529586792,0.0004463791847229004,0.3400000035762787,0.34294819831848145,0.002948194742202759,0.9599999785423279,0.9386311769485474,0.021368801593780518,0.0,-0.0037422478199005127,0.0037422478199005127
9c2cf59629e7f453,trmm-opt,trmm-opt,lv2:__PARA__L0-1.__PARA__L1-4.__PARA__L2-60.__PIPE__L0-off.__PIPE__L1-NA.__TILE__L0-1.__TILE__L1-1,target,support,support,finetune_dataset,data_1104.pt,26069.0,exphormer_lite,2,50,paper_exact_seed2,4.291724681854248,4.180551528930664,0.11117315292358398,0.30000001192092896,0.27363598346710205,0.026364028453826904,0.15000000596046448,0.152560293674469,0.0025602877140045166,0.3799999952316284,0.31890106201171875,0.06109893321990967,0.009999999776482582,0.0049634575843811035,0.005036542192101479
598c17562c1a5283,trmm-opt,trmm-opt,lv2:__PARA__L0-1.__PARA__L1-8.__PARA__L2-60.__PIPE__L0-off.__PIPE__L1-off.__TILE__L0-1.__TILE__L1-1,target,support,support,finetune_dataset,data_1114.pt,24567.0,exphormer_lite,2,50,paper_exact_seed2,4.334531307220459,4.296437740325928,0.03809356689453125,0.4699999988079071,0.5082470774650574,0.03824707865715027,0.2800000011920929,0.28441956639289856,0.004419565200805664,0.7599999904632568,0.8040399551391602,0.04403996467590332,0.009999999776482582,0.005596257746219635,0.004403742030262947
5a13180d9acfa19b,trmm-opt,trmm-opt,lv2:__PARA__L0-2.__PARA__L1-4.__PARA__L2-1.__PIPE__L0-off.__PIPE__L1-flatten.__TILE__L0-1.__TILE__L1-1,target,support,support,finetune_dataset,data_1121.pt,4480.0,exphormer_lite,2,50,paper_exact_seed2,5.562106609344482,5.438732147216797,0.12337446212768555,0.5299999713897705,0.4561402201652527,0.07385975122451782,2.6500000953674316,2.399759292602539,0.2502408027648926,0.7599999904632568,0.6473430395126343,0.11265695095062256,0.009999999776482582,-0.006462380290031433,0.016462380066514015
7bd4fa45a98f9195,trmm-opt,trmm-opt,lv2:__PARA__L0-1.__PARA__L1-10.__PARA__L2-1.__PIPE__L0-off.__PIPE__L1-flatten.__TILE__L0-1.__TILE__L1-8,target,support,support,finetune_dataset,data_1079.pt,27747.0,exphormer_lite,2,50,paper_exact_seed2,4.246726036071777,4.232021808624268,0.014704227447509766,0.5899999737739563,0.5815970301628113,0.00840294361114502,0.3400000035762787,0.3420063853263855,0.0020063817501068115,0.9599999785423279,0.9625574350357056,0.0025574564933776855,0.0,0.0026472732424736023,0.0026472732424736023
e0526172df1e7cf7,trmm-opt,trmm-opt,lv2:__PARA__L0-1.__PARA__L1-1.__PARA__L2-60.__PIPE__L0-off.__PIPE__L1-NA.__TILE__L0-60.__TILE__L1-1,target,support,support,finetune_dataset,data_1071.pt,9387.0,exphormer_lite,2,50,paper_exact_seed2,5.028523921966553,5.027639865875244,0.0008840560913085938,0.1599999964237213,0.15713274478912354,0.0028672516345977783,0.05999999865889549,0.06412695348262787,0.004126954823732376,0.09000000357627869,0.0938829779624939,0.00388297438621521,0.009999999776482582,0.0018907338380813599,0.008109265938401222
03a12bc30dd2e935,trmm-opt,trmm-opt,lv2:__PARA__L0-1.__PARA__L1-16.__PARA__L2-60.__PIPE__L0-off.__PIPE__L1-off.__TILE__L0-1.__TILE__L1-1,target,support,support,finetune_dataset,data_1088.pt,24267.0,exphormer_lite,2,50,paper_exact_seed2,4.3433942794799805,4.198550701141357,0.14484357833862305,0.9399999976158142,0.9221864342689514,0.017813563346862793,0.550000011920929,0.5357361435890198,0.01426386833190918,1.5299999713897705,1.5393112897872925,0.009311318397521973,0.009999999776482582,-0.0026421397924423218,0.012642139568924904
769d7187345c5d7c,trmm-opt,trmm-opt,lv2:__PARA__L0-1.__PARA__L1-16.__PARA__L2-1.__PIPE__L0-off.__PIPE__L1-flatten.__TILE__L0-1.__TILE__L1-1,target,support,support,finetune_dataset,data_1085.pt,24267.0,exphormer_lite,2,50,paper_exact_seed2,4.3433942794799805,4.2845048904418945,0.05888938903808594,0.9399999976158142,0.966537356376648,0.02653735876083374,0.550000011920929,0.5865519046783447,0.03655189275741577,1.5299999713897705,1.605343222618103,0.07534325122833252,0.009999999776482582,0.005948230624198914,0.0040517691522836685
79c90b254f6a81cb,trmm-opt,trmm-opt,lv2:__PARA__L0-1.__PARA__L1-2.__PARA__L2-60.__PIPE__L0-off.__PIPE__L1-NA.__TILE__L0-60.__TILE__L1-1,target,support,support,finetune_dataset,data_1092.pt,29669.0,exphormer_lite,2,50,paper_exact_seed2,4.198413848876953,4.243159770965576,0.04474592208862305,0.20999999344348907,0.16045324504375458,0.0495467483997345,0.09000000357627869,0.09359687566757202,0.003596872091293335,0.1899999976158142,0.14766348898410797,0.04233650863170624,0.009999999776482582,0.00821571797132492,0.0017842818051576614
0ad3de1578edcf04,trmm-opt,trmm-opt,lv2:__PARA__L0-1.__PARA__L1-10.__PARA__L2-1.__PIPE__L0-off.__PIPE__L1-flatten.__TILE__L0-60.__TILE__L1-1,target,support,support,finetune_dataset,data_1080.pt,27747.0,exphormer_lite,2,50,paper_exact_seed2,4.246726036071777,4.1552910804748535,0.09143495559692383,0.5899999737739563,0.515591025352478,0.07440894842147827,0.3400000035762787,0.30321869254112244,0.03678131103515625,0.9599999785423279,0.8468393087387085,0.11316066980361938,0.0,0.003964066505432129,0.003964066505432129
c5a641a415702654,trmm-opt,trmm-opt,lv2:__PARA__L0-1.__PARA__L1-1.__PARA__L2-60.__PIPE__L0-off.__PIPE__L1-NA.__TILE__L0-1.__TILE__L1-80,target,support,support,finetune_dataset,data_1070.pt,9387.0,exphormer_lite,2,50,paper_exact_seed2,5.028523921966553,4.921651363372803,0.10687255859375,0.1599999964237213,0.14488321542739868,0.015116780996322632,0.05999999865889549,0.056238532066345215,0.0037614665925502777,0.09000000357627869,0.07680433988571167,0.013195663690567017,0.009999999776482582,0.01013067364692688,0.0001306738704442978
4fed56ed046aca2f,trmm-opt,trmm-opt,lv2:__PARA__L0-1.__PARA__L1-20.__PARA__L2-60.__PIPE__L0-off.__PIPE__L1-NA.__TILE__L0-1.__TILE__L1-1,target,support,support,finetune_dataset,data_1098.pt,25107.0,exphormer_lite,2,50,paper_exact_seed2,4.318847179412842,4.270821571350098,0.04802560806274414,1.159999966621399,1.1182749271392822,0.0417250394821167,0.6800000071525574,0.6346227526664734,0.045377254486083984,1.9199999570846558,1.7942012548446655,0.12579870223999023,0.0,0.003284171223640442,0.003284171223640442
cae26cbd4853f688,trmm-opt,trmm-opt,lv2:__PARA__L0-1.__PARA__L1-1.__PARA__L2-8.__PIPE__L0-off.__PIPE__L1-off.__TILE__L0-1.__TILE__L1-1,target,support,support,finetune_dataset,data_1075.pt,539321.0,exphormer_lite,2,50,paper_exact_seed2,2.106355905532837,2.0763001441955566,0.030055761337280273,0.009999999776482582,0.022547438740730286,0.012547438964247704,0.0,0.009335830807685852,0.009335830807685852,0.0,0.02194344997406006,0.02194344997406006,0.03999999910593033,0.01688086986541748,0.023119129240512848
2e61c83e12f5164c,trmm-opt,trmm-opt,lv2:__PARA__L0-2.__PARA__L1-20.__PARA__L2-1.__PIPE__L0-off.__PIPE__L1-flatten.__TILE__L0-1.__TILE__L1-1,target,support,support,finetune_dataset,data_1120.pt,3998.0,exphormer_lite,2,50,paper_exact_seed2,5.644217014312744,5.547969341278076,0.09624767303466797,2.119999885559082,2.0157155990600586,0.10428428649902344,7.260000228881836,7.358041763305664,0.09804153442382812,3.799999952316284,3.554417610168457,0.24558234214782715,0.0,0.008713528513908386,0.008713528513908386
7d8b6b4e1afa7428,trmm-opt,trmm-opt,lv2:__PARA__L0-1.__PARA__L1-16.__PARA__L2-60.__PIPE__L0-off.__PIPE__L1-NA.__TILE__L0-1.__TILE__L1-1,target,support,support,finetune_dataset,data_1087.pt,24267.0,exphormer_lite,2,50,paper_exact_seed2,4.3433942794799805,4.22362756729126,0.1197667121887207,0.9399999976158142,0.9812737107276917,0.04127371311187744,0.550000011920929,0.5685548782348633,0.018554866313934326,1.5299999713897705,1.6230767965316772,0.09307682514190674,0.009999999776482582,0.0020207613706588745,0.007979238405823708
0e6736a5102ad242,trmm-opt,trmm-opt,lv2:__PARA__L0-4.__PARA__L1-2.__PARA__L2-1.__PIPE__L0-off.__PIPE__L1-flatten.__TILE__L0-1.__TILE__L1-1,target,support,support,finetune_dataset,data_1131.pt,6932.0,exphormer_lite,2,50,paper_exact_seed2,5.247220516204834,5.281065940856934,0.03384542465209961,0.5199999809265137,0.5166553854942322,0.003344595432281494,6.71999979019165,6.503593444824219,0.21640634536743164,0.7400000095367432,0.6964372396469116,0.04356276988983154,0.009999999776482582,-0.004440106451511383,0.014440106227993965
f7a465d16bffa9ba,trmm-opt,trmm-opt,lv2:__PARA__L0-3.__PARA__L1-2.__PARA__L2-1.__PIPE__L0-off.__PIPE__L1-flatten.__TILE__L0-1.__TILE__L1-1,target,support,support,finetune_dataset,data_1126.pt,8028.0,exphormer_lite,2,50,paper_exact_seed2,5.141335964202881,5.261143684387207,0.11980772018432617,0.41999998688697815,0.3971758484840393,0.022824138402938843,4.699999809265137,4.906723976135254,0.2067241668701172,0.5600000023841858,0.5114220380783081,0.048577964305877686,0.009999999776482582,-0.0017350763082504272,0.01173507608473301
74b6c3372f68e5ed,trmm-opt,trmm-opt,lv2:__PARA__L0-4.__PARA__L1-4.__PARA__L2-1.__PIPE__L0-off.__PIPE__L1-flatten.__TILE__L0-1.__TILE__L1-1,target,support,support,finetune_dataset,data_1132.pt,4234.0,exphormer_lite,2,50,paper_exact_seed2,5.602845668792725,5.565978050231934,0.036867618560791016,0.8899999856948853,0.8329073786735535,0.05709260702133179,7.050000190734863,7.006946563720703,0.043053627014160156,1.4900000095367432,1.3973084688186646,0.09269154071807861,0.009999999776482582,-0.005617812275886536,0.015617812052369118
e8ee9d2efff88896,trmm-opt,trmm-opt,lv2:__PARA__L0-1.__PARA__L1-1.__PARA__L2-5.__PIPE__L0-off.__PIPE__L1-off.__TILE__L0-1.__TILE__L1-80,target,support,support,finetune_dataset,data_1066.pt,486447.0,exphormer_lite,2,50,paper_exact_seed2,2.1807868480682373,2.167142391204834,0.01364445686340332,0.009999999776482582,0.020611226558685303,0.01061122678220272,0.0,0.009425804018974304,0.009425804018974304,0.0,0.029533565044403076,0.029533565044403076,0.029999999329447746,0.022893868386745453,0.007106130942702293
dd30a5fa0985ba22,trmm-opt,trmm-opt,lv2:__PARA__L0-2.__PARA__L1-10.__PARA__L2-1.__PIPE__L0-off.__PIPE__L1-flatten.__TILE__L0-1.__TILE__L1-1,target,support,support,finetune_dataset,data_1117.pt,5917.0,exphormer_lite,2,50,paper_exact_seed2,5.361423015594482,5.212371349334717,0.14905166625976562,1.0800000429153442,0.9131374955177307,0.16686254739761353,3.630000114440918,3.3196215629577637,0.3103785514831543,1.899999976158142,1.5914322137832642,0.30856776237487793,0.0,-0.0007550418376922607,0.0007550418376922607
bcd63bbfbc19eef7,trmm-opt,trmm-opt,lv2:__PARA__L0-1.__PARA__L1-1.__PARA__L2-32.__PIPE__L0-off.__PIPE__L1-off.__TILE__L0-1.__TILE__L1-80,target,support,support,finetune_dataset,data_1060.pt,1029341.0,exphormer_lite,2,50,paper_exact_seed2,1.6401035785675049,1.6293164491653442,0.010787129402160645,0.10999999940395355,0.0658654272556305,0.04413457214832306,0.029999999329447746,0.015862926840782166,0.01413707248866558,0.019999999552965164,-0.00023472309112548828,0.020234722644090652,0.009999999776482582,0.020287439227104187,0.010287439450621605
9554926e4c2b5677,trmm-opt,trmm-opt,lv2:__PARA__L0-1.__PARA__L1-1.__PARA__L2-60.__PIPE__L0-off.__PIPE__L1-off.__TILE__L0-1.__TILE__L1-80,target,support,support,finetune_dataset,data_1073.pt,246747.0,exphormer_lite,2,50,paper_exact_seed2,2.6704118251800537,2.6379480361938477,0.032463788986206055,0.10999999940395355,0.11200471222400665,0.0020047128200531006,0.029999999329447746,0.0248250812292099,0.005174918100237846,0.009999999776482582,0.010183453559875488,0.0001834537833929062,0.009999999776482582,0.008309707045555115,0.0016902927309274673
012450940dcf011f,trmm-opt,trmm-opt,lv2:__PARA__L0-10.__PARA__L1-8.__PARA__L2-1.__PIPE__L0-off.__PIPE__L1-flatten.__TILE__L0-1.__TILE__L1-1,target,support,support,finetune_dataset,data_1115.pt,5403.0,exphormer_lite,2,50,paper_exact_seed2,5.426975727081299,5.461521148681641,0.0345454216003418,3.549999952316284,3.375818967819214,0.1741809844970703,16.1299991607666,15.607316017150879,0.5226831436157227,7.099999904632568,6.783223628997803,0.3167762756347656,0.0,0.0009154751896858215,0.0009154751896858215
f40ab226ef938ff6,trmm-opt,trmm-opt,lv2:__PARA__L0-1.__PARA__L1-20.__PARA__L2-60.__PIPE__L0-off.__PIPE__L1-off.__TILE__L0-1.__TILE__L1-1,target,support,support,finetune_dataset,data_1100.pt,25107.0,exphormer_lite,2,50,paper_exact_seed2,4.318847179412842,4.239489555358887,0.07935762405395508,1.159999966621399,1.0369601249694824,0.1230398416519165,0.6800000071525574,0.6086902022361755,0.07130980491638184,1.9199999570846558,1.7326260805130005,0.18737387657165527,0.0,-0.003840930759906769,0.003840930759906769
fdb7a5e88cf20db5,trmm-opt,trmm-opt,lv2:__PARA__L0-1.__PARA__L1-1.__PARA__L2-30.__PIPE__L0-off.__PIPE__L1-off.__TILE__L0-60.__TILE__L1-1,target,support,support,finetune_dataset,data_1058.pt,284847.0,exphormer_lite,2,50,paper_exact_seed2,2.5668344497680664,2.5275254249572754,0.039309024810791016,0.10000000149011612,0.0734829306602478,0.026517070829868317,0.03999999910593033,0.03675128519535065,0.0032487139105796814,0.009999999776482582,0.050094008445739746,0.04009401053190231,0.009999999776482582,0.019382059574127197,0.009382059797644615
1e2e7e6145e4a706,trmm-opt,trmm-opt,lv2:__PARA__L0-1.__PARA__L1-20.__PARA__L2-1.__PIPE__L0-off.__PIPE__L1-flatten.__TILE__L0-60.__TILE__L1-1,target,support,support,finetune_dataset,data_1097.pt,25107.0,exphormer_lite,2,50,paper_exact_seed2,4.318847179412842,4.273266315460205,0.04558086395263672,1.159999966621399,1.0414031744003296,0.11859679222106934,0.6800000071525574,0.6478028297424316,0.03219717741012573,1.9199999570846558,1.733380913734436,0.18661904335021973,0.0,0.004686824977397919,0.004686824977397919
236b6e7ccd6fd621,trmm-opt,trmm-opt,lv2:__PARA__L0-1.__PARA__L1-20.__PARA__L2-60.__PIPE__L0-off.__PIPE__L1-off.__TILE__L0-1.__TILE__L1-4,target,support,support,finetune_dataset,data_1101.pt,25107.0,exphormer_lite,2,50,paper_exact_seed2,4.318847179412842,4.218395233154297,0.10045194625854492,1.159999966621399,1.1177098751068115,0.0422900915145874,0.6800000071525574,0.6462525725364685,0.03374743461608887,1.9199999570846558,1.7964409589767456,0.12355899810791016,0.0,-0.00545443594455719,0.00545443594455719
861efb7dcdb6536c,trmm-opt,trmm-opt,lv2:__PARA__L0-1.__PARA__L1-16.__PARA__L2-1.__PIPE__L0-off.__PIPE__L1-flatten.__TILE__L0-60.__TILE__L1-1,target,support,support,finetune_dataset,data_1086.pt,24267.0,exphormer_lite,2,50,paper_exact_seed2,4.3433942794799805,4.2105817794799805,0.1328125,0.9399999976158142,0.9138503670692444,0.026149630546569824,0.550000011920929,0.5287857055664062,0.021214306354522705,1.5299999713897705,1.521530270576477,0.008469700813293457,0.009999999776482582,0.004024341702461243,0.005975658074021339
dc2e457eccce1550,trmm-opt,trmm-opt,lv2:__PARA__L0-1.__PARA__L1-4.__PARA__L2-1.__PIPE__L0-off.__PIPE__L1-flatten.__TILE__L0-1.__TILE__L1-1,target,support,support,finetune_dataset,data_1102.pt,26069.0,exphormer_lite,2,50,paper_exact_seed2,4.291724681854248,4.18098783493042,0.11073684692382812,0.30000001192092896,0.2415325939655304,0.05846741795539856,0.15000000596046448,0.16175836324691772,0.011758357286453247,0.3799999952316284,0.3661220669746399,0.013877928256988525,0.009999999776482582,0.0021347776055336,0.007865222170948982
4e627ce0f3961f96,trmm-opt,trmm-opt,lv2:__PARA__L0-3.__PARA__L1-10.__PARA__L2-1.__PIPE__L0-off.__PIPE__L1-flatten.__TILE__L0-1.__TILE__L1-1,target,support,support,finetune_dataset,data_1124.pt,7387.0,exphormer_lite,2,50,paper_exact_seed2,5.201362133026123,5.326272010803223,0.12490987777709961,1.5199999809265137,1.3472872972488403,0.17271268367767334,6.570000171661377,6.5158233642578125,0.05417680740356445,2.8299999237060547,2.493227481842041,0.33677244186401367,0.0,-0.0005639046430587769,0.0005639046430587769
f8679f7ce3046dcc,trmm-opt,trmm-opt,lv2:__PARA__L0-1.__PARA__L1-20.__PARA__L2-1.__PIPE__L0-off.__PIPE__L1-flatten.__TILE__L0-1.__TILE__L1-1,target,support,support,finetune_dataset,data_1095.pt,25107.0,exphormer_lite,2,50,paper_exact_seed2,4.318847179412842,4.300349235534668,0.018497943878173828,1.159999966621399,1.121912956237793,0.03808701038360596,0.6800000071525574,0.6959094405174255,0.015909433364868164,1.9199999570846558,1.8001195192337036,0.11988043785095215,0.0,0.007923081517219543,0.007923081517219543
1a7e0a8e6ee306d4,trmm-opt,trmm-opt,lv2:__PARA__L0-1.__PARA__L1-5.__PARA__L2-1.__PIPE__L0-off.__PIPE__L1-flatten.__TILE__L0-1.__TILE__L1-1,target,support,support,finetune_dataset,data_1107.pt,33032.0,exphormer_lite,2,50,paper_exact_seed2,4.120959758758545,4.19957971572876,0.07861995697021484,0.30000001192092896,0.27432510256767273,0.025674909353256226,0.17000000178813934,0.16875842213630676,0.0012415796518325806,0.47999998927116394,0.4595099091529846,0.02049008011817932,0.009999999776482582,-0.001664087176322937,0.011664086952805519
9ce65a5cfd0f914c,trmm-opt,trmm-opt,lv2:__PARA__L0-1.__PARA__L1-1.__PARA__L2-10.__PIPE__L0-off.__PIPE__L1-off.__TILE__L0-60.__TILE__L1-1,target,support,support,finetune_dataset,data_1041.pt,366447.0,exphormer_lite,2,50,paper_exact_seed2,2.3851258754730225,2.3858449459075928,0.0007190704345703125,0.009999999776482582,0.02927197515964508,0.0192719753831625,0.0,0.015319809317588806,0.015319809317588806,0.0,0.0117625892162323,0.0117625892162323,0.05000000074505806,0.02635721117258072,0.02364278957247734
7316fec737d23540,trmm-opt,trmm-opt,lv2:__PARA__L0-1.__PARA__L1-20.__PARA__L2-60.__PIPE__L0-off.__PIPE__L1-NA.__TILE__L0-1.__TILE__L1-4,target,support,support,finetune_dataset,data_1099.pt,25107.0,exphormer_lite,2,50,paper_exact_seed2,4.318847179412842,4.20151424407959,0.11733293533325195,1.159999966621399,1.095202088356018,0.06479787826538086,0.6800000071525574,0.6366519331932068,0.043348073959350586,1.9199999570846558,1.7620638608932495,0.15793609619140625,0.0,-0.0013881474733352661,0.0013881474733352661
32c04c480aaeaca8,trmm-opt,trmm-opt,lv2:__PARA__L0-1.__PARA__L1-8.__PARA__L2-1.__PIPE__L0-off.__PIPE__L1-flatten.__TILE__L0-60.__TILE__L1-1,target,support,support,finetune_dataset,data_1112.pt,24567.0,exphormer_lite,2,50,paper_exact_seed2,4.334531307220459,4.2268967628479,0.1076345443725586,0.4699999988079071,0.4336465299129486,0.036353468894958496,0.2800000011920929,0.2563696801662445,0.02363032102584839,0.7599999904632568,0.6957905292510986,0.0642094612121582,0.009999999776482582,0.0005708038806915283,0.009429195895791054
e58b26e6ce22b5cf,trmm-opt,trmm-opt,lv2:__PARA__L0-1.__PARA__L1-1.__PARA__L2-4.__PIPE__L0-off.__PIPE__L1-off.__TILE__L0-60.__TILE__L1-1,target,support,support,finetune_dataset,data_1064.pt,553647.0,exphormer_lite,2,50,paper_exact_seed2,2.08744478225708,2.146355628967285,0.05891084671020508,0.0,0.028155073523521423,0.028155073523521423,0.0,0.015796631574630737,0.015796631574630737,0.0,0.0018274486064910889,0.0018274486064910889,0.019999999552965164,0.026031211018562317,0.006031211465597153
f87f7a6baeedb672,trmm-opt,trmm-opt,lv2:__PARA__L0-1.__PARA__L1-1.__PARA__L2-20.__PIPE__L0-off.__PIPE__L1-off.__TILE__L0-1.__TILE__L1-1,target,support,support,finetune_dataset,data_1051.pt,313647.0,exphormer_lite,2,50,paper_exact_seed2,2.497357130050659,2.5019702911376953,0.004613161087036133,0.03999999910593033,0.04344819486141205,0.00344819575548172,0.009999999776482582,0.017838582396507263,0.007838582620024681,0.0,0.05592411756515503,0.05592411756515503,0.009999999776482582,0.026179194450378418,0.016179194673895836
fea06b686af69e52,trmm-opt,trmm-opt,lv2:__PARA__L0-1.__PARA__L1-2.__PARA__L2-1.__PIPE__L0-off.__PIPE__L1-flatten.__TILE__L0-60.__TILE__L1-1,target,support,support,finetune_dataset,data_1090.pt,29669.0,exphormer_lite,2,50,paper_exact_seed2,4.198413848876953,4.140623092651367,0.05779075622558594,0.20999999344348907,0.19739869236946106,0.012601301074028015,0.09000000357627869,0.11530819535255432,0.025308191776275635,0.1899999976158142,0.1816309690475464,0.008369028568267822,0.009999999776482582,-0.014653921127319336,0.024653920903801918
f847f55ce7ee3ca4,trmm-opt,trmm-opt,lv2:__PARA__L0-3.__PARA__L1-16.__PARA__L2-1.__PIPE__L0-off.__PIPE__L1-flatten.__TILE__L0-1.__TILE__L1-1,target,support,support,finetune_dataset,data_1125.pt,5527.0,exphormer_lite,2,50,paper_exact_seed2,5.410607814788818,5.463816165924072,0.053208351135253906,2.4200000762939453,2.3446691036224365,0.07533097267150879,10.489999771118164,10.245800018310547,0.2441997528076172,4.53000020980835,4.293954372406006,0.23604583740234375,0.009999999776482582,0.010901540517807007,0.0009015407413244247
5e35bac667763033,trmm-opt,trmm-opt,lv2:__PARA__L0-1.__PARA__L1-4.__PARA__L2-60.__PIPE__L0-off.__PIPE__L1-off.__TILE__L0-60.__TILE__L1-1,target,support,support,finetune_dataset,data_1106.pt,26069.0,exphormer_lite,2,50,paper_exact_seed2,4.291724681854248,4.278506755828857,0.013217926025390625,0.30000001192092896,0.2875944674015045,0.012405544519424438,0.15000000596046448,0.15069814026355743,0.0006981343030929565,0.3799999952316284,0.3348253071308136,0.04517468810081482,0.009999999776482582,0.006013497710227966,0.003986502066254616
b5bf249116119d74,fdtd-2d-large,fdtd-2d-large,lv2:__PARA__L0-1.__PARA__L1-1.__PARA__L2-1.__PARA__L3-1.__PARA__L4-199.__PARA__L5-1.__PARA__L6-1.__PARA__L7-4.__PIPE__L0-off.__PIPE__L2-flatten.__PIPE__L3-flatten.__PIPE__L4-off.__TILE__L0-1.__TILE__L2-1.__TILE__L3-1.__TILE__L4-1,target,support,support,finetune_dataset,data_38.pt,91745408.0,exphormer_lite,2,50,paper_exact_seed2,-1.5988179445266724,-1.5728981494903564,0.025919795036315918,0.6100000143051147,0.6056387424468994,0.004361271858215332,0.38999998569488525,0.3686201870441437,0.021379798650741577,0.49000000953674316,0.5036140084266663,0.013613998889923096,0.8600000143051147,0.8767807483673096,0.016780734062194824
83bbe692e3ff9ba5,fdtd-2d-large,fdtd-2d-large,lv2:__PARA__L0-1.__PARA__L1-16.__PARA__L2-199.__PARA__L3-1.__PARA__L4-1.__PARA__L5-8.__PARA__L6-32.__PARA__L7-1.__PIPE__L0-off.__PIPE__L2-off.__PIPE__L3-off.__PIPE__L4-flatten.__TILE__L0-100.__TILE__L2-1.__TILE__L3-1.__TILE__L4-1,target,support,support,finetune_dataset,data_55.pt,2471843.0,exphormer_lite,2,50,paper_exact_seed2,1.008170485496521,0.956154465675354,0.05201601982116699,0.8600000143051147,0.8730179071426392,0.013017892837524414,0.4300000071525574,0.3782771825790405,0.051722824573516846,0.699999988079071,0.6534423828125,0.046557605266571045,0.6399999856948853,0.6686847805976868,0.028684794902801514
be03f71def4c9e25,fdtd-2d-large,fdtd-2d-large,lv2:__PARA__L0-1.__PARA__L1-16.__PARA__L2-199.__PARA__L3-1.__PARA__L4-1.__PARA__L5-8.__PARA__L6-32.__PARA__L7-1.__PIPE__L0-off.__PIPE__L2-off.__PIPE__L3-off.__PIPE__L4-flatten.__TILE__L0-1.__TILE__L2-1.__TILE__L3-1.__TILE__L4-199,target,support,support,finetune_dataset,data_54.pt,2471843.0,exphormer_lite,2,50,paper_exact_seed2,1.008170485496521,0.9705386757850647,0.0376318097114563,0.8600000143051147,0.8568877577781677,0.0031122565269470215,0.4300000071525574,0.41210606694221497,0.017893940210342407,0.699999988079071,0.6588860750198364,0.04111391305923462,0.6399999856948853,0.6753661036491394,0.03536611795425415
4fcdf621f3a5c105,fdtd-2d-large,fdtd-2d-large,lv2:__PARA__L0-1.__PARA__L1-32.__PARA__L2-1.__PARA__L3-1.__PARA__L4-1.__PARA__L5-1.__PARA__L6-1.__PARA__L7-1.__PIPE__L0-off.__PIPE__L2-flatten.__PIPE__L3-flatten.__PIPE__L4-flatten.__TILE__L0-1.__TILE__L2-1.__TILE__L3-1.__TILE__L4-1,target,support,support,finetune_dataset,data_61.pt,87033.0,exphormer_lite,2,50,paper_exact_seed2,3.4221107959747314,3.352290391921997,0.06982040405273438,0.9900000095367432,1.0467181205749512,0.05671811103820801,0.5299999713897705,0.5778939127922058,0.0478939414024353,0.699999988079071,0.7282729744911194,0.02827298641204834,0.5799999833106995,0.6499981880187988,0.06999820470809937
bc4602e977af8b26,fdtd-2d-large,fdtd-2d-large,lv2:__PARA__L0-1.__PARA__L1-1.__PARA__L2-1.__PARA__L3-1.__PARA__L4-1.__PARA__L5-1.__PARA__L6-1.__PARA__L7-32.__PIPE__L0-off.__PIPE__L2-flatten.__PIPE__L3-flatten.__PIPE__L4-off.__TILE__L0-1.__TILE__L2-1.__TILE__L3-1.__TILE__L4-1,target,support,support,finetune_dataset,data_10.pt,9161446.0,exphormer_lite,2,50,paper_exact_seed2,0.06317638605833054,0.21386200189590454,0.1506856083869934,0.6600000262260437,0.690355658531189,0.030355632305145264,0.41999998688697815,0.42413759231567383,0.004137605428695679,0.49000000953674316,0.520932137966156,0.030932128429412842,0.5799999833106995,0.6794764995574951,0.09947651624679565
7342717a39f30c3d,fdtd-2d-large,fdtd-2d-large,lv2:__PARA__L0-1.__PARA__L1-1.__PARA__L2-1.__PARA__L3-1.__PARA__L4-1.__PARA__L5-2.__PARA__L6-1.__PARA__L7-1.__PIPE__L0-off.__PIPE__L2-off.__PIPE__L3-flatten.__PIPE__L4-off.__TILE__L0-1.__TILE__L2-1.__TILE__L3-1.__TILE__L4-1,target,support,support,finetune_dataset,data_20.pt,7216078.0,exphormer_lite,2,50,paper_exact_seed2,0.23535658419132233,0.10157674551010132,0.133779838681221,0.5600000023841858,0.5220521688461304,0.03794783353805542,0.30000001192092896,0.2743985652923584,0.025601446628570557,0.49000000953674316,0.4885222613811493,0.001477748155593872,0.41999998688697815,0.39570438861846924,0.02429559826850891
07ce34eb13641c98,fdtd-2d-large,fdtd-2d-large,lv2:__PARA__L0-1.__PARA__L1-4.__PARA__L2-1.__PARA__L3-1.__PARA__L4-199.__PARA__L5-8.__PARA__L6-32.__PARA__L7-32.__PIPE__L0-off.__PIPE__L2-off.__PIPE__L3-off.__PIPE__L4-off.__TILE__L0-1.__TILE__L2-1.__TILE__L3-1.__TILE__L4-1,target,support,support,finetune_dataset,data_73.pt,96495104.0,exphormer_lite,2,50,paper_exact_seed2,-1.635227918624878,-1.6104307174682617,0.02479720115661621,0.10999999940395355,0.1025652140378952,0.00743478536605835,0.05000000074505806,0.05693237483501434,0.006932374089956284,0.05000000074505806,0.022654324769973755,0.027345675975084305,0.3199999928474426,0.35029566287994385,0.03029567003250122
579c589ac96baf74,fdtd-2d-large,fdtd-2d-large,lv2:__PARA__L0-1.__PARA__L1-32.__PARA__L2-1.__PARA__L3-1.__PARA__L4-199.__PARA__L5-8.__PARA__L6-32.__PARA__L7-32.__PIPE__L0-off.__PIPE__L2-off.__PIPE__L3-off.__PIPE__L4-off.__TILE__L0-1.__TILE__L2-1.__TILE__L3-1.__TILE__L4-1,target,support,support,finetune_dataset,data_67.pt,96496392.0,exphormer_lite,2,50,paper_exact_seed2,-1.635237455368042,-1.6383984088897705,0.0031609535217285156,0.10999999940395355,0.08929386734962463,0.02070613205432892,0.05000000074505806,0.044099077582359314,0.005900923162698746,0.05000000074505806,0.02208271622657776,0.0279172845184803,0.3199999928474426,0.3593330979347229,0.03933310508728027
9a6aced3fd7b1448,fdtd-2d-large,fdtd-2d-large,lv2:__PARA__L0-1.__PARA__L1-1.__PARA__L2-1.__PARA__L3-1.__PARA__L4-1.__PARA__L5-1.__PARA__L6-1.__PARA__L7-1.__PIPE__L0-off.__PIPE__L2-flatten.__PIPE__L3-flatten.__PIPE__L4-flatten.__TILE__L0-1.__TILE__L2-1.__TILE__L3-1.__TILE__L4-1,target,support,support,finetune_dataset,data_0.pt,110046.0,exphormer_lite,2,50,paper_exact_seed2,3.2528748512268066,3.1480984687805176,0.10477638244628906,0.9900000095367432,1.017420768737793,0.027420759201049805,0.5299999713897705,0.5658010840415955,0.03580111265182495,0.699999988079071,0.7107517719268799,0.010751783847808838,0.5799999833106995,0.6174314022064209,0.037431418895721436
e14679c4f0fbd6e1,fdtd-2d-large,fdtd-2d-large,lv2:__PARA__L0-1.__PARA__L1-1.__PARA__L2-1.__PARA__L3-1.__PARA__L4-1.__PARA__L5-1.__PARA__L6-1.__PARA__L7-1.__PIPE__L0-off.__PIPE__L2-flatten.__PIPE__L3-off.__PIPE__L4-flatten.__TILE__L0-1.__TILE__L2-1.__TILE__L3-1.__TILE__L4-1,target,support,support,finetune_dataset,data_2.pt,4870046.0,exphormer_lite,2,50,paper_exact_seed2,0.5189963579177856,0.5021557807922363,0.016840577125549316,0.9599999785423279,0.9298257827758789,0.030174195766448975,0.47999998927116394,0.44118016958236694,0.038819819688797,0.699999988079071,0.6794556379318237,0.020544350147247314,0.5799999833106995,0.5905193090438843,0.010519325733184814
db36652a9e4edb30,fdtd-2d-large,fdtd-2d-large,lv2:__PARA__L0-1.__PARA__L1-1.__PARA__L2-1.__PARA__L3-1.__PARA__L4-1.__PARA__L5-32.__PARA__L6-32.__PARA__L7-1.__PIPE__L0-off.__PIPE__L2-off.__PIPE__L3-off.__PIPE__L4-off.__TILE__L0-1.__TILE__L2-1.__TILE__L3-1.__TILE__L4-1,target,support,support,finetune_dataset,data_23.pt,7772846.0,exphormer_lite,2,50,paper_exact_seed2,0.1817425787448883,0.18657922744750977,0.00483664870262146,0.07000000029802322,0.05858461558818817,0.011415384709835052,0.029999999329447746,0.027127504348754883,0.0028724949806928635,0.029999999329447746,0.030476033687591553,0.00047603435814380646,0.07999999821186066,0.11567644774913788,0.03567644953727722
f24e208669d5e7a1,fdtd-2d-large,fdtd-2d-large,lv2:__PARA__L0-1.__PARA__L1-32.__PARA__L2-1.__PARA__L3-1.__PARA__L4-1.__PARA__L5-1.__PARA__L6-1.__PARA__L7-4.__PIPE__L0-off.__PIPE__L2-flatten.__PIPE__L3-flatten.__PIPE__L4-off.__TILE__L0-1.__TILE__L2-1.__TILE__L3-1.__TILE__L4-199,target,support,support,finetune_dataset,data_64.pt,3566533.0,exphormer_lite,2,50,paper_exact_seed2,0.7437028884887695,0.7833560109138489,0.039653122425079346,0.6600000262260437,0.6557027697563171,0.0042972564697265625,0.38999998569488525,0.38140663504600525,0.008593350648880005,0.49000000953674316,0.49380117654800415,0.0038011670112609863,0.5799999833106995,0.6413065195083618,0.061306536197662354
3f2d6549036402e4,fdtd-2d-large,fdtd-2d-large,lv2:__PARA__L0-1.__PARA__L1-2.__PARA__L2-1.__PARA__L3-1.__PARA__L4-199.__PARA__L5-8.__PARA__L6-1.__PARA__L7-32.__PIPE__L0-off.__PIPE__L2-off.__PIPE__L3-flatten.__PIPE__L4-off.__TILE__L0-1.__TILE__L2-1.__TILE__L3-1.__TILE__L4-1,target,support,support,finetune_dataset,data_59.pt,91028704.0,exphormer_lite,2,50,paper_exact_seed2,-1.5931607484817505,-1.5761528015136719,0.017007946968078613,0.5099999904632568,0.4698779582977295,0.040122032165527344,0.3199999928474426,0.28695887327194214,0.03304111957550049,0.49000000953674316,0.4315301775932312,0.05846983194351196,0.5299999713897705,0.5498358607292175,0.01983588933944702
f3c08aa40f851184,fdtd-2d-large,fdtd-2d-large,lv2:__PARA__L0-1.__PARA__L1-1.__PARA__L2-1.__PARA__L3-1.__PARA__L4-1.__PARA__L5-8.__PARA__L6-1.__PARA__L7-32.__PIPE__L0-off.__PIPE__L2-off.__PIPE__L3-flatten.__PIPE__L4-off.__TILE__L0-1.__TILE__L2-1.__TILE__L3-1.__TILE__L4-1,target,support,support,finetune_dataset,data_29.pt,2355778.0,exphormer_lite,2,50,paper_exact_seed2,1.0428622961044312,0.8763102889060974,0.16655200719833374,0.5799999833106995,0.5883010625839233,0.008301079273223877,0.3199999928474426,0.3235602378845215,0.0035602450370788574,0.49000000953674316,0.4384545087814331,0.05154550075531006,0.41999998688697815,0.40917447209358215,0.010825514793395996
83d44c1a40c535cb,fdtd-2d-large,fdtd-2d-large,lv2:__PARA__L0-1.__PARA__L1-1.__PARA__L2-1.__PARA__L3-1.__PARA__L4-1.__PARA__L5-8.__PARA__L6-32.__PARA__L7-4.__PIPE__L0-off.__PIPE__L2-off.__PIPE__L3-off.__PIPE__L4-off.__TILE__L0-1.__TILE__L2-1.__TILE__L3-1.__TILE__L4-1,target,support,support,finetune_dataset,data_36.pt,4647676.0,exphormer_lite,2,50,paper_exact_seed2,0.5527092814445496,0.5244854688644409,0.028223812580108643,0.07000000029802322,0.05870707333087921,0.011292926967144012,0.029999999329447746,0.011929884552955627,0.01807011477649212,0.029999999329447746,0.018904685974121094,0.011095313355326653,0.07999999821186066,0.10348133742809296,0.0234813392162323
7af177530cb396e0,fdtd-2d-large,fdtd-2d-large,lv2:__PARA__L0-1.__PARA__L1-1.__PARA__L2-1.__PARA__L3-1.__PARA__L4-1.__PARA__L5-2.__PARA__L6-32.__PARA__L7-1.__PIPE__L0-off.__PIPE__L2-off.__PIPE__L3-off.__PIPE__L4-off.__TILE__L0-1.__TILE__L2-1.__TILE__L3-1.__TILE__L4-1,target,support,support,finetune_dataset,data_21.pt,8670477.0,exphormer_lite,2,50,paper_exact_seed2,0.10290836542844772,-0.03791719675064087,0.1408255696296692,0.05999999865889549,0.03420276939868927,0.025797229260206223,0.019999999552965164,0.025682523846626282,0.0056825242936611176,0.029999999329447746,0.02969422936439514,0.0003057699650526047,0.14000000059604645,0.14031842350959778,0.00031842291355133057
24b111d9a9860636,fdtd-2d-large,fdtd-2d-large,lv2:__PARA__L0-1.__PARA__L1-1.__PARA__L2-1.__PARA__L3-1.__PARA__L4-1.__PARA__L5-1.__PARA__L6-1.__PARA__L7-4.__PIPE__L0-off.__PIPE__L2-flatten.__PIPE__L3-flatten.__PIPE__L4-off.__TILE__L0-1.__TILE__L2-1.__TILE__L3-1.__TILE__L4-1,target,support,support,finetune_dataset,data_11.pt,3589546.0,exphormer_lite,2,50,paper_exact_seed2,0.7390633821487427,0.6930148601531982,0.046048521995544434,0.6600000262260437,0.7042239308357239,0.044223904609680176,0.38999998569488525,0.39429521560668945,0.004295229911804199,0.49000000953674316,0.5308953523635864,0.04089534282684326,0.5799999833106995,0.6676486730575562,0.08764868974685669
95fed5f4e0e880e6,fdtd-2d-large,fdtd-2d-large,lv2:__PARA__L0-1.__PARA__L1-1.__PARA__L2-1.__PARA__L3-1.__PARA__L4-1.__PARA__L5-8.__PARA__L6-32.__PARA__L7-32.__PIPE__L0-off.__PIPE__L2-off.__PIPE__L3-off.__PIPE__L4-off.__TILE__L0-1.__TILE__L2-1.__TILE__L3-1.__TILE__L4-1,target,support,support,finetune_dataset,data_35.pt,3671777.0,exphormer_lite,2,50,paper_exact_seed2,0.7227248549461365,0.7647796869277954,0.042054831981658936,0.15000000596046448,0.10996368527412415,0.04003632068634033,0.05999999865889549,0.02061082422733307,0.039389174431562424,0.09000000357627869,0.017208874225616455,0.07279112935066223,0.14000000059604645,0.11036919057369232,0.029630810022354126
02af129af3b47dd9,fdtd-2d-large,fdtd-2d-large,lv2:__PARA__L0-1.__PARA__L1-16.__PARA__L2-1.__PARA__L3-2.__PARA__L4-199.__PARA__L5-8.__PARA__L6-1.__PARA__L7-32.__PIPE__L0-off.__PIPE__L2-off.__PIPE__L3-flatten.__PIPE__L4-off.__TILE__L0-100.__TILE__L2-1.__TILE__L3-1.__TILE__L4-1,target,support,support,finetune_dataset,data_53.pt,91008808.0,exphormer_lite,2,50,paper_exact_seed2,-1.5930030345916748,-1.55269455909729,0.040308475494384766,0.9399999976158142,0.8157063722610474,0.12429362535476685,0.6200000047683716,0.5189069509506226,0.10109305381774902,0.9800000190734863,0.8438677787780762,0.13613224029541016,0.8700000047683716,0.8256905674934387,0.04430943727493286
9b93827e25abbb2d,fdtd-2d-large,fdtd-2d-large,lv2:__PARA__L0-1.__PARA__L1-8.__PARA__L2-1.__PARA__L3-1.__PARA__L4-1.__PARA__L5-1.__PARA__L6-1.__PARA__L7-4.__PIPE__L0-off.__PIPE__L2-flatten.__PIPE__L3-flatten.__PIPE__L4-off.__TILE__L0-1.__TILE__L2-1.__TILE__L3-1.__TILE__L4-1,target,support,support,finetune_dataset,data_74.pt,3568546.0,exphormer_lite,2,50,paper_exact_seed2,0.7432958483695984,0.7258111238479614,0.017484724521636963,0.6600000262260437,0.7521871328353882,0.09218710660934448,0.38999998569488525,0.43874701857566833,0.04874703288078308,0.49000000953674316,0.5594581365585327,0.06945812702178955,0.5799999833106995,0.6672525405883789,0.08725255727767944
f7baeb54ddf38624,fdtd-2d-large,fdtd-2d-large,lv2:__PARA__L0-1.__PARA__L1-1.__PARA__L2-1.__PARA__L3-1.__PARA__L4-199.__PARA__L5-8.__PARA__L6-32.__PARA__L7-32.__PIPE__L0-off.__PIPE__L2-off.__PIPE__L3-off.__PIPE__L4-off.__TILE__L0-1.__TILE__L2-1.__TILE__L3-1.__TILE__L4-1,target,support,support,finetune_dataset,data_40.pt,96495104.0,exphormer_lite,2,50,paper_exact_seed2,-1.635227918624878,-1.5451653003692627,0.09006261825561523,0.10999999940395355,0.11389585584402084,0.0038958564400672913,0.05000000074505806,0.049248501658439636,0.0007514990866184235,0.05000000074505806,0.013423144817352295,0.036576855927705765,0.3199999928474426,0.3428690731525421,0.022869080305099487
d23892fd2b55d3ef,fdtd-2d-large,fdtd-2d-large,lv2:__PARA__L0-1.__PARA__L1-4.__PARA__L2-1.__PARA__L3-1.__PARA__L4-1.__PARA__L5-1.__PARA__L6-1.__PARA__L7-4.__PIPE__L0-off.__PIPE__L2-flatten.__PIPE__L3-flatten.__PIPE__L4-off.__TILE__L0-1.__TILE__L2-1.__TILE__L3-1.__TILE__L4-1,target,support,support,finetune_dataset,data_71.pt,3571546.0,exphormer_lite,2,50,paper_exact_seed2,0.7426896691322327,0.7099058628082275,0.03278380632400513,0.6600000262260437,0.7432276606559753,0.08322763442993164,0.38999998569488525,0.4230497479438782,0.03304976224899292,0.49000000953674316,0.5596777200698853,0.06967771053314209,0.5799999833106995,0.6668027639389038,0.08680278062820435
06a8d921a1e4ef67,fdtd-2d-large,fdtd-2d-large,lv2:__PARA__L0-1.__PARA__L1-1.__PARA__L2-1.__PARA__L3-1.__PARA__L4-1.__PARA__L5-8.__PARA__L6-1.__PARA__L7-16.__PIPE__L0-off.__PIPE__L2-off.__PIPE__L3-flatten.__PIPE__L4-off.__TILE__L0-1.__TILE__L2-1.__TILE__L3-1.__TILE__L4-1,target,support,support,finetune_dataset,data_27.pt,2514977.0,exphormer_lite,2,50,paper_exact_seed2,0.9956914186477661,0.8322238326072693,0.16346758604049683,0.5699999928474426,0.5812088847160339,0.011208891868591309,0.3199999928474426,0.31965455412864685,0.00034543871879577637,0.49000000953674316,0.45582035183906555,0.03417965769767761,0.36000001430511475,0.4006670117378235,0.04066699743270874
a3d96d210251a1eb,fdtd-2d-large,fdtd-2d-large,lv2:__PARA__L0-1.__PARA__L1-1.__PARA__L2-1.__PARA__L3-1.__PARA__L4-1.__PARA__L5-4.__PARA__L6-1.__PARA__L7-1.__PIPE__L0-off.__PIPE__L2-off.__PIPE__L3-flatten.__PIPE__L4-off.__TILE__L0-1.__TILE__L2-1.__TILE__L3-1.__TILE__L4-1,target,support,support,finetune_dataset,data_24.pt,6022078.0,exphormer_lite,2,50,paper_exact_seed2,0.3658333420753479,0.2792190909385681,0.08661425113677979,0.5600000023841858,0.5223895907402039,0.037610411643981934,0.30000001192092896,0.280553936958313,0.019446074962615967,0.49000000953674316,0.4641788601875305,0.025821149349212646,0.41999998688697815,0.4042240083217621,0.015775978565216064
0e9358c8b4f372d2,fdtd-2d-large,fdtd-2d-large,lv2:__PARA__L0-1.__PARA__L1-1.__PARA__L2-1.__PARA__L3-1.__PARA__L4-1.__PARA__L5-8.__PARA__L6-32.__PARA__L7-16.__PIPE__L0-off.__PIPE__L2-off.__PIPE__L3-off.__PIPE__L4-off.__TILE__L0-1.__TILE__L2-1.__TILE__L3-1.__TILE__L4-1,target,support,support,finetune_dataset,data_33.pt,3990976.0,exphormer_lite,2,50,paper_exact_seed2,0.6625932455062866,0.6580865979194641,0.00450664758682251,0.10000000149011612,0.09455753862857819,0.005442462861537933,0.03999999910593033,0.01441192626953125,0.02558807283639908,0.03999999910593033,0.018834441900253296,0.021165557205677032,0.07999999821186066,0.08406764268875122,0.004067644476890564
34c89322b1f144a2,fdtd-2d-large,fdtd-2d-large,lv2:__PARA__L0-1.__PARA__L1-32.__PARA__L2-1.__PARA__L3-1.__PARA__L4-199.__PARA__L5-8.__PARA__L6-1.__PARA__L7-32.__PIPE__L0-off.__PIPE__L2-off.__PIPE__L3-flatten.__PIPE__L4-off.__TILE__L0-1.__TILE__L2-1.__TILE__L3-1.__TILE__L4-1,target,support,support,finetune_dataset,data_66.pt,91029992.0,exphormer_lite,2,50,paper_exact_seed2,-1.5931710004806519,-1.6242332458496094,0.03106224536895752,0.5099999904632568,0.46712273359298706,0.042877256870269775,0.3199999928474426,0.27725648880004883,0.0427435040473938,0.49000000953674316,0.4320791959762573,0.05792081356048584,0.5299999713897705,0.5777769684791565,0.047776997089385986
b0762bcf12adbd4f,fdtd-2d-large,fdtd-2d-large,lv2:__PARA__L0-1.__PARA__L1-16.__PARA__L2-199.__PARA__L3-1.__PARA__L4-1.__PARA__L5-8.__PARA__L6-32.__PARA__L7-32.__PIPE__L0-off.__PIPE__L2-off.__PIPE__L3-off.__PIPE__L4-off.__TILE__L0-1.__TILE__L2-1.__TILE__L3-1.__TILE__L4-199,target,support,support,finetune_dataset,data_56.pt,12799945.0,exphormer_lite,2,50,paper_exact_seed2,-0.17806880176067352,-0.08233815431594849,0.09573064744472504,0.14000000059604645,0.152997225522995,0.012997224926948547,0.05999999865889549,0.06759309768676758,0.007593099027872086,0.09000000357627869,0.08327436447143555,0.00672563910484314,0.25999999046325684,0.30207017064094543,0.0420701801776886
7432155d2bb5f2e8,fdtd-2d-large,fdtd-2d-large,lv2:__PARA__L0-1.__PARA__L1-32.__PARA__L2-1.__PARA__L3-1.__PARA__L4-1.__PARA__L5-1.__PARA__L6-1.__PARA__L7-1.__PIPE__L0-off.__PIPE__L2-flatten.__PIPE__L3-flatten.__PIPE__L4-flatten.__TILE__L0-1.__TILE__L2-1.__TILE__L3-1.__TILE__L4-199,target,support,support,finetune_dataset,data_62.pt,87033.0,exphormer_lite,2,50,paper_exact_seed2,3.4221107959747314,3.3328664302825928,0.08924436569213867,0.9900000095367432,1.0796840190887451,0.08968400955200195,0.5299999713897705,0.5767656564712524,0.046765685081481934,0.699999988079071,0.7650620341300964,0.06506204605102539,0.5799999833106995,0.637030839920044,0.05703085660934448
82d095c8462d8493,fdtd-2d-large,fdtd-2d-large,lv2:__PARA__L0-1.__PARA__L1-16.__PARA__L2-1.__PARA__L3-1.__PARA__L4-199.__PARA__L5-8.__PARA__L6-1.__PARA__L7-32.__PIPE__L0-off.__PIPE__L2-off.__PIPE__L3-flatten.__PIPE__L4-off.__TILE__L0-1.__TILE__L2-1.__TILE__L3-1.__TILE__L4-1,target,support,support,finetune_dataset,data_48.pt,91028704.0,exphormer_lite,2,50,paper_exact_seed2,-1.5931607484817505,-1.6192348003387451,0.02607405185699463,0.5099999904632568,0.4863802194595337,0.023619771003723145,0.3199999928474426,0.2882806658744812,0.031719326972961426,0.49000000953674316,0.43896085023880005,0.051039159297943115,0.5299999713897705,0.5716970562934875,0.04169708490371704
18b5cb1e7e04b5d5,fdtd-2d-large,fdtd-2d-large,lv2:__PARA__L0-1.__PARA__L1-1.__PARA__L2-1.__PARA__L3-1.__PARA__L4-1.__PARA__L5-8.__PARA__L6-1.__PARA__L7-4.__PIPE__L0-off.__PIPE__L2-off.__PIPE__L3-flatten.__PIPE__L4-off.__TILE__L0-1.__TILE__L2-1.__TILE__L3-1.__TILE__L4-1,target,support,support,finetune_dataset,data_30.pt,3211477.0,exphormer_lite,2,50,paper_exact_seed2,0.8193455934524536,0.7138899564743042,0.10545563697814941,0.5600000023841858,0.5623245239257812,0.002324521541595459,0.3100000023841858,0.3000810146331787,0.00991898775100708,0.49000000953674316,0.45479437708854675,0.03520563244819641,0.36000001430511475,0.4105481505393982,0.05054813623428345
b1afb664d479fe57,fdtd-2d-large,fdtd-2d-large,lv2:__PARA__L0-1.__PARA__L1-16.__PARA__L2-1.__PARA__L3-1.__PARA__L4-199.__PARA__L5-8.__PARA__L6-32.__PARA__L7-32.__PIPE__L0-off.__PIPE__L2-off.__PIPE__L3-off.__PIPE__L4-off.__TILE__L0-100.__TILE__L2-1.__TILE__L3-1.__TILE__L4-1,target,support,support,finetune_dataset,data_51.pt,96495104.0,exphormer_lite,2,50,paper_exact_seed2,-1.635227918624878,-1.5915734767913818,0.043654441833496094,0.10999999940395355,0.1395590901374817,0.029559090733528137,0.05000000074505806,0.08409205824136734,0.03409205749630928,0.05000000074505806,0.07792787253856659,0.02792787179350853,0.3199999928474426,0.3933543860912323,0.07335439324378967
c8db8810a46a8e19,fdtd-2d-large,fdtd-2d-large,lv2:__PARA__L0-1.__PARA__L1-1.__PARA__L2-1.__PARA__L3-1.__PARA__L4-1.__PARA__L5-16.__PARA__L6-1.__PARA__L7-1.__PIPE__L0-off.__PIPE__L2-off.__PIPE__L3-flatten.__PIPE__L4-off.__TILE__L0-1.__TILE__L2-1.__TILE__L3-1.__TILE__L4-1,target,support,support,finetune_dataset,data_18.pt,5425378.0,exphormer_lite,2,50,paper_exact_seed2,0.44110220670700073,0.42969101667404175,0.011411190032958984,0.5699999928474426,0.5692191123962402,0.0007808804512023926,0.3100000023841858,0.3162399232387543,0.0062399208545684814,0.49000000953674316,0.4567023813724518,0.03329762816429138,0.41999998688697815,0.3996179401874542,0.020382046699523926
3f5ea7e68e67e5cd,fdtd-2d-large,fdtd-2d-large,lv2:__PARA__L0-1.__PARA__L1-1.__PARA__L2-1.__PARA__L3-1.__PARA__L4-1.__PARA__L5-1.__PARA__L6-1.__PARA__L7-1.__PIPE__L0-off.__PIPE__L2-off.__PIPE__L3-flatten.__PIPE__L4-off.__TILE__L0-1.__TILE__L2-1.__TILE__L3-1.__TILE__L4-1,target,support,support,finetune_dataset,data_5.pt,9604046.0,exphormer_lite,2,50,paper_exact_seed2,0.029142890125513077,0.026695549488067627,0.00244734063744545,0.49000000953674316,0.5330616235733032,0.04306161403656006,0.30000001192092896,0.28220266103744507,0.017797350883483887,0.49000000953674316,0.5039767026901245,0.013976693153381348,0.30000001192092896,0.38892990350723267,0.08892989158630371
3fa8d53f1cfce133,fdtd-2d-large,fdtd-2d-large,lv2:__PARA__L0-1.__PARA__L1-1.__PARA__L2-1.__PARA__L3-1.__PARA__L4-1.__PARA__L5-1.__PARA__L6-1.__PARA__L7-8.__PIPE__L0-off.__PIPE__L2-flatten.__PIPE__L3-flatten.__PIPE__L4-off.__TILE__L0-1.__TILE__L2-1.__TILE__L3-1.__TILE__L4-1,target,support,support,finetune_dataset,data_12.pt,5181446.0,exphormer_lite,2,50,paper_exact_seed2,0.47428667545318604,0.6582309007644653,0.1839442253112793,0.6600000262260437,0.7229777574539185,0.06297773122787476,0.4000000059604645,0.4111136198043823,0.011113613843917847,0.49000000953674316,0.5374858379364014,0.0474858283996582,0.5799999833106995,0.6622058153152466,0.08220583200454712
d947fcdddd5d3105,fdtd-2d-large,fdtd-2d-large,lv2:__PARA__L0-1.__PARA__L1-1.__PARA__L2-1.__PARA__L3-1.__PARA__L4-1.__PARA__L5-1.__PARA__L6-16.__PARA__L7-1.__PIPE__L0-off.__PIPE__L2-off.__PIPE__L3-off.__PIPE__L4-off.__TILE__L0-1.__TILE__L2-1.__TILE__L3-1.__TILE__L4-1,target,support,support,finetune_dataset,data_13.pt,11378546.0,exphormer_lite,2,50,paper_exact_seed2,-0.09315811097621918,-0.10015624761581421,0.006998136639595032,0.029999999329447746,0.02570529282093048,0.004294706508517265,0.009999999776482582,0.019268304109573364,0.009268304333090782,0.009999999776482582,0.02401810884475708,0.014018109068274498,0.14000000059604645,0.15739428997039795,0.0173942893743515
f62329b9b17e53a9,fdtd-2d-large,fdtd-2d-large,lv2:__PARA__L0-1.__PARA__L1-8.__PARA__L2-1.__PARA__L3-1.__PARA__L4-199.__PARA__L5-8.__PARA__L6-1.__PARA__L7-32.__PIPE__L0-off.__PIPE__L2-off.__PIPE__L3-flatten.__PIPE__L4-off.__TILE__L0-1.__TILE__L2-1.__TILE__L3-1.__TILE__L4-1,target,support,support,finetune_dataset,data_75.pt,91028704.0,exphormer_lite,2,50,paper_exact_seed2,-1.5931607484817505,-1.607313871383667,0.014153122901916504,0.5099999904632568,0.47923094034194946,0.030769050121307373,0.3199999928474426,0.2985539138317108,0.02144607901573181,0.49000000953674316,0.43399322032928467,0.056006789207458496,0.5299999713897705,0.555761456489563,0.02576148509979248
3c53a61a8a2f38ac,fdtd-2d-large,fdtd-2d-large,lv2:__PARA__L0-1.__PARA__L1-1.__PARA__L2-1.__PARA__L3-1.__PARA__L4-1.__PARA__L5-1.__PARA__L6-1.__PARA__L7-2.__PIPE__L0-off.__PIPE__L2-flatten.__PIPE__L3-flatten.__PIPE__L4-off.__TILE__L0-1.__TILE__L2-1.__TILE__L3-1.__TILE__L4-1,target,support,support,finetune_dataset,data_9.pt,3748746.0,exphormer_lite,2,50,paper_exact_seed2,0.7077600359916687,0.6259163618087769,0.08184367418289185,0.6600000262260437,0.6818929314613342,0.021892905235290527,0.38999998569488525,0.38504260778427124,0.004957377910614014,0.49000000953674316,0.5287070274353027,0.03870701789855957,0.5799999833106995,0.6629019975662231,0.08290201425552368
21ddeacbed4ecd3e,fdtd-2d-large,fdtd-2d-large,lv2:__PARA__L0-1.__PARA__L1-1.__PARA__L2-1.__PARA__L3-1.__PARA__L4-1.__PARA__L5-1.__PARA__L6-1.__PARA__L7-1.__PIPE__L0-off.__PIPE__L2-off.__PIPE__L3-flatten.__PIPE__L4-flatten.__TILE__L0-1.__TILE__L2-1.__TILE__L3-1.__TILE__L4-1,target,support,support,finetune_dataset,data_4.pt,4866146.0,exphormer_lite,2,50,paper_exact_seed2,0.5195742249488831,0.511603593826294,0.007970631122589111,0.8799999952316284,0.9456151127815247,0.06561511754989624,0.47999998927116394,0.46564483642578125,0.01435515284538269,0.699999988079071,0.7256291508674622,0.025629162788391113,0.4699999988079071,0.5374761819839478,0.06747618317604065
8728243f8d7bee49,fdtd-2d-large,fdtd-2d-large,lv2:__PARA__L0-1.__PARA__L1-1.__PARA__L2-1.__PARA__L3-1.__PARA__L4-1.__PARA__L5-32.__PARA__L6-1.__PARA__L7-1.__PIPE__L0-off.__PIPE__L2-off.__PIPE__L3-flatten.__PIPE__L4-off.__TILE__L0-1.__TILE__L2-1.__TILE__L3-1.__TILE__L4-1,target,support,support,finetune_dataset,data_22.pt,6258746.0,exphormer_lite,2,50,paper_exact_seed2,0.3380272388458252,0.3350979685783386,0.0029292702674865723,0.5400000214576721,0.5782932639122009,0.03829324245452881,0.33000001311302185,0.3093331456184387,0.02066686749458313,0.49000000953674316,0.48935288190841675,0.000647127628326416,0.36000001430511475,0.4275461435317993,0.06754612922668457
a2c74860cca36a85,fdtd-2d-large,fdtd-2d-large,lv2:__PARA__L0-1.__PARA__L1-32.__PARA__L2-2.__PARA__L3-1.__PARA__L4-1.__PARA__L5-1.__PARA__L6-1.__PARA__L7-4.__PIPE__L0-off.__PIPE__L2-flatten.__PIPE__L3-flatten.__PIPE__L4-off.__TILE__L0-1.__TILE__L2-1.__TILE__L3-1.__TILE__L4-1,target,support,support,finetune_dataset,data_70.pt,4033976.0,exphormer_lite,2,50,paper_exact_seed2,0.6548628211021423,0.5643203854560852,0.09054243564605713,1.0299999713897705,0.816532552242279,0.21346741914749146,0.9399999976158142,0.49986404180526733,0.4401359558105469,0.9800000190734863,0.6251941919326782,0.3548058271408081,0.6899999976158142,0.7415521144866943,0.05155211687088013
10620be89d6dbdf5,fdtd-2d-large,fdtd-2d-large,lv2:__PARA__L0-1.__PARA__L1-1.__PARA__L2-1.__PARA__L3-1.__PARA__L4-1.__PARA__L5-8.__PARA__L6-32.__PARA__L7-1.__PIPE__L0-off.__PIPE__L2-off.__PIPE__L3-off.__PIPE__L4-off.__TILE__L0-1.__TILE__L2-1.__TILE__L3-1.__TILE__L4-1,target,support,support,finetune_dataset,data_32.pt,6879477.0,exphormer_lite,2,50,paper_exact_seed2,0.2698146104812622,0.19803965091705322,0.07177495956420898,0.07000000029802322,0.04400022327899933,0.025999777019023895,0.019999999552965164,0.023834317922592163,0.003834318369626999,0.029999999329447746,0.02955251932144165,0.0004474800080060959,0.14000000059604645,0.10827169567346573,0.03172830492258072
941a2a1cc8b8d547,fdtd-2d-large,fdtd-2d-large,lv2:__PARA__L0-1.__PARA__L1-16.__PARA__L2-1.__PARA__L3-1.__PARA__L4-1.__PARA__L5-8.__PARA__L6-32.__PARA__L7-32.__PIPE__L0-off.__PIPE__L2-off.__PIPE__L3-off.__PIPE__L4-off.__TILE__L0-1.__TILE__L2-1.__TILE__L3-1.__TILE__L4-199,target,support,support,finetune_dataset,data_45.pt,10068645.0,exphormer_lite,2,50,paper_exact_seed2,-0.004934771917760372,0.02333080768585205,0.028265580534934998,0.15000000596046448,0.15433141589164734,0.004331409931182861,0.05999999865889549,0.03494320809841156,0.025056790560483932,0.09000000357627869,0.06521300971508026,0.024786993861198425,0.14000000059604645,0.1740601658821106,0.03406016528606415
9cbc317e3da96a87,fdtd-2d-large,fdtd-2d-large,lv2:__PARA__L0-1.__PARA__L1-16.__PARA__L2-1.__PARA__L3-1.__PARA__L4-1.__PARA__L5-8.__PARA__L6-32.__PARA__L7-1.__PIPE__L0-off.__PIPE__L2-off.__PIPE__L3-off.__PIPE__L4-flatten.__TILE__L0-100.__TILE__L2-1.__TILE__L3-1.__TILE__L4-1,target,support,support,finetune_dataset,data_44.pt,943474.0,exphormer_lite,2,50,paper_exact_seed2,1.7029367685317993,1.8433685302734375,0.14043176174163818,0.9200000166893005,0.8487192392349243,0.07128077745437622,0.4300000071525574,0.40367430448532104,0.026325702667236328,0.699999988079071,0.6159006357192993,0.08409935235977173,0.5799999833106995,0.6199705004692078,0.0399705171585083
9bb098fbfbdf133e,fdtd-2d-large,fdtd-2d-large,lv2:__PARA__L0-1.__PARA__L1-1.__PARA__L2-1.__PARA__L3-1.__PARA__L4-1.__PARA__L5-1.__PARA__L6-2.__PARA__L7-1.__PIPE__L0-off.__PIPE__L2-off.__PIPE__L3-off.__PIPE__L4-off.__TILE__L0-1.__TILE__L2-1.__TILE__L3-1.__TILE__L4-1,target,support,support,finetune_dataset,data_14.pt,14361746.0,exphormer_lite,2,50,paper_exact_seed2,-0.26111558079719543,-0.16973334550857544,0.09138223528862,0.019999999552965164,0.012863948941230774,0.00713605061173439,0.009999999776482582,0.02132640779018402,0.011326408013701439,0.0,0.030763864517211914,0.030763864517211914,0.20000000298023224,0.17910876870155334,0.020891234278678894
7c61cac1838ff10f,fdtd-2d-large,fdtd-2d-large,lv2:__PARA__L0-1.__PARA__L1-8.__PARA__L2-1.__PARA__L3-1.__PARA__L4-199.__PARA__L5-8.__PARA__L6-32.__PARA__L7-32.__PIPE__L0-off.__PIPE__L2-off.__PIPE__L3-off.__PIPE__L4-off.__TILE__L0-1.__TILE__L2-1.__TILE__L3-1.__TILE__L4-1,target,support,support,finetune_dataset,data_76.pt,96495104.0,exphormer_lite,2,50,paper_exact_seed2,-1.635227918624878,-1.6182711124420166,0.016956806182861328,0.10999999940395355,0.10442502051591873,0.0055749788880348206,0.05000000074505806,0.054891034960746765,0.0048910342156887054,0.05000000074505806,0.019899457693099976,0.030100543051958084,0.3199999928474426,0.3537524938583374,0.033752501010894775
3ab94196b68919ce,fdtd-2d-large,fdtd-2d-large,lv2:__PARA__L0-1.__PARA__L1-1.__PARA__L2-1.__PARA__L3-1.__PARA__L4-1.__PARA__L5-4.__PARA__L6-32.__PARA__L7-1.__PIPE__L0-off.__PIPE__L2-off.__PIPE__L3-off.__PIPE__L4-off.__TILE__L0-1.__TILE__L2-1.__TILE__L3-1.__TILE__L4-1,target,support,support,finetune_dataset,data_25.pt,7476477.0,exphormer_lite,2,50,paper_exact_seed2,0.20978474617004395,0.12772709131240845,0.0820576548576355,0.05999999865889549,0.04147358238697052,0.018526416271924973,0.029999999329447746,0.023010000586509705,0.006989998742938042,0.029999999329447746,0.02926015853881836,0.0007398407906293869,0.14000000059604645,0.12774278223514557,0.012257218360900879
dc323f103342f114,fdtd-2d-large,fdtd-2d-large,lv2:__PARA__L0-1.__PARA__L1-1.__PARA__L2-1.__PARA__L3-1.__PARA__L4-1.__PARA__L5-8.__PARA__L6-1.__PARA__L7-2.__PIPE__L0-off.__PIPE__L2-off.__PIPE__L3-flatten.__PIPE__L4-off.__TILE__L0-1.__TILE__L2-1.__TILE__L3-1.__TILE__L4-1,target,support,support,finetune_dataset,data_28.pt,4325877.0,exphormer_lite,2,50,paper_exact_seed2,0.6044677495956421,0.550817608833313,0.0536501407623291,0.5699999928474426,0.5432168841362,0.026783108711242676,0.3100000023841858,0.2942652106285095,0.01573479175567627,0.49000000953674316,0.4501384496688843,0.03986155986785889,0.36000001430511475,0.40837132930755615,0.048371315002441406
ff30947700fe15ed,fdtd-2d-large,fdtd-2d-large,lv2:__PARA__L0-1.__PARA__L1-32.__PARA__L2-1.__PARA__L3-1.__PARA__L4-199.__PARA__L5-1.__PARA__L6-1.__PARA__L7-4.__PIPE__L0-off.__PIPE__L2-flatten.__PIPE__L3-flatten.__PIPE__L4-off.__TILE__L0-1.__TILE__L2-1.__TILE__L3-1.__TILE__L4-1,target,support,support,finetune_dataset,data_65.pt,91746688.0,exphormer_lite,2,50,paper_exact_seed2,-1.5988280773162842,-1.605271577835083,0.006443500518798828,0.6100000143051147,0.6236000657081604,0.013600051403045654,0.38999998569488525,0.37615862488746643,0.013841360807418823,0.49000000953674316,0.5248217582702637,0.03482174873352051,0.8600000143051147,0.9177752137184143,0.05777519941329956
0c8d6a2e9cb99585,fdtd-2d-large,fdtd-2d-large,lv2:__PARA__L0-1.__PARA__L1-16.__PARA__L2-1.__PARA__L3-1.__PARA__L4-1.__PARA__L5-8.__PARA__L6-32.__PARA__L7-1.__PIPE__L0-off.__PIPE__L2-off.__PIPE__L3-off.__PIPE__L4-flatten.__TILE__L0-1.__TILE__L2-1.__TILE__L3-1.__TILE__L4-199,target,support,support,finetune_dataset,data_42.pt,943474.0,exphormer_lite,2,50,paper_exact_seed2,1.7029367685317993,1.6958775520324707,0.007059216499328613,0.9200000166893005,0.935431957244873,0.01543194055557251,0.4300000071525574,0.4235602021217346,0.006439805030822754,0.699999988079071,0.6749417781829834,0.025058209896087646,0.5799999833106995,0.6270209550857544,0.04702097177505493
36990602b2941261,fdtd-2d-large,fdtd-2d-large,lv2:__PARA__L0-1.__PARA__L1-1.__PARA__L2-1.__PARA__L3-1.__PARA__L4-1.__PARA__L5-1.__PARA__L6-1.__PARA__L7-1.__PIPE__L0-off.__PIPE__L2-flatten.__PIPE__L3-off.__PIPE__L4-off.__TILE__L0-1.__TILE__L2-1.__TILE__L3-1.__TILE__L4-1,target,support,support,finetune_dataset,data_3.pt,9607448.0,exphormer_lite,2,50,paper_exact_seed2,0.028887415304780006,-0.013568222522735596,0.04245563596487045,0.49000000953674316,0.47727057337760925,0.012729436159133911,0.20999999344348907,0.23434142768383026,0.024341434240341187,0.49000000953674316,0.41969311237335205,0.07030689716339111,0.41999998688697815,0.4303506016731262,0.010350614786148071
