sample_id,kernel,gname,key,dataset_role,split,support_query,cache_split,file_name,actual_perf,model,seed,k,selection,y_true_perf,y_pred_perf,abs_err_perf,y_true_util_LUT,y_pred_util_LUT,abs_err_util_LUT,y_true_util_FF,y_pred_util_FF,abs_err_util_FF,y_true_util_DSP,y_pred_util_DSP,abs_err_util_DSP,y_true_util_BRAM,y_pred_util_BRAM,abs_err_util_BRAM
cd513ad6e06bbf90,syr2k,syr2k,lv2:__PARA__L0-1.__PARA__L1-1.__PARA__L2-1.__PARA__L3-4.__PIPE__L0-off.__PIPE__L2-off.__TILE__L0-1.__TILE__L2-1,target,query,query,finetune_dataset,data_924.pt,245981.0,exphormer_lite,2,50,paper_exact_seed2,2.672654628753662,2.7843332290649414,0.1116786003112793,0.009999999776482582,0.01772443950176239,0.007724439725279808,0.0,0.0102701336145401,0.0102701336145401,0.009999999776482582,-0.00462794303894043,0.014627942815423012,0.029999999329447746,0.046291690319776535,0.01629169099032879
6b7a3a63a513e7f4,syr2k,syr2k,lv2:__PARA__L0-1.__PARA__L1-8.__PARA__L2-3.__PARA__L3-80.__PIPE__L0-off.__PIPE__L2-NA.__TILE__L0-1.__TILE__L2-1,target,query,query,finetune_dataset,data_1026.pt,53291.0,exphormer_lite,2,50,paper_exact_seed2,3.7759461402893066,3.76346755027771,0.01247859001159668,0.07999999821186066,0.10522861033678055,0.02522861212491989,0.05000000074505806,0.05082833766937256,0.0008283369243144989,0.029999999329447746,0.03354769945144653,0.003547700121998787,0.05000000074505806,0.04576759412884712,0.0042324066162109375
4a8b2e7dc78b4696,syr2k,syr2k,lv2:__PARA__L0-1.__PARA__L1-1.__PARA__L2-5.__PARA__L3-1.__PIPE__L0-off.__PIPE__L2-flatten.__TILE__L0-1.__TILE__L2-2,target,query,query,finetune_dataset,data_958.pt,173055.0,exphormer_lite,2,50,paper_exact_seed2,2.9263126850128174,2.93129825592041,0.0049855709075927734,0.10999999940395355,0.13741454482078552,0.02741454541683197,0.07000000029802322,0.08039407432079315,0.010394074022769928,0.019999999552965164,-0.005307555198669434,0.025307554751634598,0.029999999329447746,0.01850065588951111,0.011499343439936638
1d13483073c912dd,syr2k,syr2k,lv2:__PARA__L0-1.__PARA__L1-1.__PARA__L2-12.__PARA__L3-1.__PIPE__L0-off.__PIPE__L2-flatten.__TILE__L0-1.__TILE__L2-4,target,query,query,finetune_dataset,data_935.pt,107307.0,exphormer_lite,2,50,paper_exact_seed2,3.2710559368133545,3.193384885787964,0.07767105102539062,0.28999999165534973,0.14514699578285217,0.14485299587249756,0.17000000178813934,0.12296462059020996,0.04703538119792938,0.019999999552965164,-0.0024020373821258545,0.02240203693509102,0.019999999552965164,0.025939181447029114,0.00593918189406395
f1118dea1846074b,syr2k,syr2k,lv2:__PARA__L0-1.__PARA__L1-1.__PARA__L2-5.__PARA__L3-80.__PIPE__L0-off.__PIPE__L2-off.__TILE__L0-1.__TILE__L2-1,target,query,query,finetune_dataset,data_962.pt,58807.0,exphormer_lite,2,50,paper_exact_seed2,3.7048981189727783,3.678175687789917,0.026722431182861328,0.10999999940395355,0.11072145402431488,0.0007214546203613281,0.07000000029802322,0.05403955280780792,0.0159604474902153,0.029999999329447746,0.023145616054534912,0.006854383274912834,0.05999999865889549,0.0488334484398365,0.01116655021905899
f96e059b20685c7d,syr2k,syr2k,lv2:__PARA__L0-1.__PARA__L1-2.__PARA__L2-5.__PARA__L3-80.__PIPE__L0-off.__PIPE__L2-off.__TILE__L0-1.__TILE__L2-1,target,query,query,finetune_dataset,data_1001.pt,55607.0,exphormer_lite,2,50,paper_exact_seed2,3.7452588081359863,3.7256338596343994,0.019624948501586914,0.10999999940395355,0.1079125851392746,0.002087414264678955,0.07000000029802322,0.0538143664598465,0.016185633838176727,0.029999999329447746,0.028332620859146118,0.0016673784703016281,0.05999999865889549,0.04584673047065735,0.014153268188238144
e9d3815682c668ff,syr2k,syr2k,lv2:__PARA__L0-1.__PARA__L1-16.__PARA__L2-2.__PARA__L3-80.__PIPE__L0-off.__PIPE__L2-off.__TILE__L0-1.__TILE__L2-1,target,query,query,finetune_dataset,data_980.pt,47983.0,exphormer_lite,2,50,paper_exact_seed2,3.851630449295044,3.7050352096557617,0.14659523963928223,0.10999999940395355,0.1184174120426178,0.008417412638664246,0.05000000074505806,0.04924233257770538,0.0007576681673526764,0.029999999329447746,0.03129276633262634,0.0012927670031785965,0.05000000074505806,0.048928193747997284,0.0010718069970607758
cff2f356c25a7da3,syr2k,syr2k,lv2:__PARA__L0-1.__PARA__L1-1.__PARA__L2-1.__PARA__L3-5.__PIPE__L0-off.__PIPE__L2-off.__TILE__L0-1.__TILE__L2-1,target,query,query,finetune_dataset,data_925.pt,769181.0,exphormer_lite,2,50,paper_exact_seed2,1.8502665758132935,2.8225347995758057,0.9722682237625122,0.009999999776482582,0.02075876295566559,0.010758763179183006,0.0,0.013228639960289001,0.013228639960289001,0.0,0.0035794973373413086,0.0035794973373413086,0.03999999910593033,0.048946257680654526,0.008946258574724197
073eeee3fe8f808e,syr2k,syr2k,lv2:__PARA__L0-1.__PARA__L1-1.__PARA__L2-6.__PARA__L3-1.__PIPE__L0-off.__PIPE__L2-flatten.__TILE__L0-1.__TILE__L2-8,target,query,query,finetune_dataset,data_966.pt,111757.0,exphormer_lite,2,50,paper_exact_seed2,3.2417454719543457,3.17374587059021,0.06799960136413574,0.18000000715255737,0.167817622423172,0.012182384729385376,0.10999999940395355,0.12440900504589081,0.014409005641937256,0.019999999552965164,0.023906558752059937,0.003906559199094772,0.019999999552965164,0.019016414880752563,0.0009835846722126007
415d047616978069,syr2k,syr2k,lv2:__PARA__L0-1.__PARA__L1-2.__PARA__L2-10.__PARA__L3-1.__PIPE__L0-off.__PIPE__L2-flatten.__TILE__L0-1.__TILE__L2-1,target,query,query,finetune_dataset,data_989.pt,50701.0,exphormer_lite,2,50,paper_exact_seed2,3.811885118484497,3.6549971103668213,0.15688800811767578,0.18000000715255737,0.17040178179740906,0.009598225355148315,0.10999999940395355,0.13446234166622162,0.024462342262268066,0.029999999329447746,0.061866164207458496,0.0318661630153656,0.05000000074505806,0.037484943866729736,0.012515056878328323
d852e2c5f079503a,syr2k,syr2k,lv2:__PARA__L0-1.__PARA__L1-1.__PARA__L2-5.__PARA__L3-1.__PIPE__L0-off.__PIPE__L2-flatten.__TILE__L0-1.__TILE__L2-4,target,query,query,finetune_dataset,data_959.pt,127693.0,exphormer_lite,2,50,paper_exact_seed2,3.1455883979797363,3.067058801651001,0.07852959632873535,0.10999999940395355,0.14648118615150452,0.036481186747550964,0.07000000029802322,0.092232346534729,0.02223234623670578,0.019999999552965164,-0.011586099863052368,0.03158609941601753,0.029999999329447746,0.014007039368152618,0.015992959961295128
b8566d786e85b374,syr2k,syr2k,lv2:__PARA__L0-1.__PARA__L1-1.__PARA__L2-1.__PARA__L3-20.__PIPE__L0-off.__PIPE__L2-off.__TILE__L0-1.__TILE__L2-1,target,query,query,finetune_dataset,data_922.pt,169249.0,exphormer_lite,2,50,paper_exact_seed2,2.942354440689087,2.8883426189422607,0.05401182174682617,0.07000000029802322,0.051564574241638184,0.01843542605638504,0.029999999329447746,0.03535608947277069,0.005356090143322945,0.07999999821186066,0.045343488454818726,0.03465650975704193,0.019999999552965164,0.05956434831023216,0.039564348757267
1998412237ef2c3d,syr2k,syr2k,lv2:__PARA__L0-1.__PARA__L1-1.__PARA__L2-6.__PARA__L3-80.__PIPE__L0-off.__PIPE__L2-NA.__TILE__L0-1.__TILE__L2-1,target,query,query,finetune_dataset,data_967.pt,53901.0,exphormer_lite,2,50,paper_exact_seed2,3.7677361965179443,3.680006504058838,0.08772969245910645,0.11999999731779099,0.11505898833274841,0.004941008985042572,0.07000000029802322,0.0669282078742981,0.003071792423725128,0.029999999329447746,0.03236141800880432,0.002361418679356575,0.05000000074505806,0.050630826503038406,0.0006308257579803467
c3b93c17507b24a8,syr2k,syr2k,lv2:__PARA__L0-1.__PARA__L1-4.__PARA__L2-1.__PARA__L3-16.__PIPE__L0-off.__PIPE__L2-off.__TILE__L0-1.__TILE__L2-1,target,query,query,finetune_dataset,data_1007.pt,169181.0,exphormer_lite,2,50,paper_exact_seed2,2.9426443576812744,2.948918342590332,0.006273984909057617,0.03999999910593033,0.04599733650684357,0.0059973374009132385,0.009999999776482582,0.02528853714466095,0.015288537368178368,0.05000000074505806,0.05612567067146301,0.006125669926404953,0.07999999821186066,0.057905491441488266,0.02209450677037239
cc45c47936d4a678,syr2k,syr2k,lv2:__PARA__L0-1.__PARA__L1-2.__PARA__L2-3.__PARA__L3-80.__PIPE__L0-off.__PIPE__L2-NA.__TILE__L0-1.__TILE__L2-1,target,query,query,finetune_dataset,data_994.pt,55611.0,exphormer_lite,2,50,paper_exact_seed2,3.7452070713043213,3.719808340072632,0.025398731231689453,0.07999999821186066,0.09928317368030548,0.019283175468444824,0.05000000074505806,0.04620985686779022,0.0037901438772678375,0.029999999329447746,0.020038366317749023,0.009961633011698723,0.05000000074505806,0.04641585052013397,0.0035841502249240875
9f70d0ad1d97d21d,syr2k,syr2k,lv2:__PARA__L0-1.__PARA__L1-2.__PARA__L2-5.__PARA__L3-80.__PIPE__L0-off.__PIPE__L2-NA.__TILE__L0-1.__TILE__L2-1,target,query,query,finetune_dataset,data_1000.pt,55607.0,exphormer_lite,2,50,paper_exact_seed2,3.7452588081359863,3.7210774421691895,0.024181365966796875,0.10999999940395355,0.10765333473682404,0.0023466646671295166,0.07000000029802322,0.059772953391075134,0.01022704690694809,0.029999999329447746,0.03262147307395935,0.0026214737445116043,0.05999999865889549,0.04755524545907974,0.01244475319981575
31ba9a7783da0f4c,syr2k,syr2k,lv2:__PARA__L0-1.__PARA__L1-1.__PARA__L2-4.__PARA__L3-1.__PIPE__L0-off.__PIPE__L2-flatten.__TILE__L0-1.__TILE__L2-1,target,query,query,finetune_dataset,data_951.pt,51581.0,exphormer_lite,2,50,paper_exact_seed2,3.7994723320007324,3.7308332920074463,0.06863903999328613,0.09000000357627869,0.10572832822799683,0.01572832465171814,0.05000000074505806,0.06911174952983856,0.019111748784780502,0.029999999329447746,0.011166214942932129,0.018833784386515617,0.05000000074505806,0.04270638898015022,0.007293611764907837
1d962536b4a8fa69,syr2k,syr2k,lv2:__PARA__L0-1.__PARA__L1-1.__PARA__L2-5.__PARA__L3-1.__PIPE__L0-off.__PIPE__L2-flatten.__TILE__L0-1.__TILE__L2-1,target,query,query,finetune_dataset,data_957.pt,58807.0,exphormer_lite,2,50,paper_exact_seed2,3.7048981189727783,3.7255208492279053,0.020622730255126953,0.10999999940395355,0.11918433755636215,0.0091843381524086,0.07000000029802322,0.08102499693632126,0.011024996638298035,0.029999999329447746,0.02417472004890442,0.005825279280543327,0.05999999865889549,0.04097294807434082,0.019027050584554672
c8aa534be3cfcbcb,syr2k,syr2k,lv2:__PARA__L0-1.__PARA__L1-8.__PARA__L2-6.__PARA__L3-80.__PIPE__L0-off.__PIPE__L2-off.__TILE__L0-1.__TILE__L2-1,target,query,query,finetune_dataset,data_1033.pt,48381.0,exphormer_lite,2,50,paper_exact_seed2,3.8456718921661377,3.7911064624786377,0.0545654296875,0.12999999523162842,0.1186383068561554,0.011361688375473022,0.07000000029802322,0.0707695484161377,0.0007695481181144714,0.029999999329447746,0.04370677471160889,0.01370677538216114,0.05000000074505806,0.0451422743499279,0.0048577263951301575
660ddb3a800764d7,syr2k,syr2k,lv2:__PARA__L0-1.__PARA__L1-1.__PARA__L2-1.__PARA__L3-32.__PIPE__L0-off.__PIPE__L2-off.__TILE__L0-1.__TILE__L2-1,target,query,query,finetune_dataset,data_923.pt,2005329.0,exphormer_lite,2,50,paper_exact_seed2,1.159044623374939,1.1285948753356934,0.030449748039245605,0.10000000149011612,0.07971735298633575,0.020282648503780365,0.03999999910593033,0.014383599162101746,0.025616399943828583,0.10000000149011612,0.024549633264541626,0.0754503682255745,0.019999999552965164,0.04241861775517464,0.022418618202209473
bf91275b7e47bb6e,syr2k,syr2k,lv2:__PARA__L0-1.__PARA__L1-2.__PARA__L2-5.__PARA__L3-1.__PIPE__L0-off.__PIPE__L2-flatten.__TILE__L0-1.__TILE__L2-1,target,query,query,finetune_dataset,data_999.pt,55607.0,exphormer_lite,2,50,paper_exact_seed2,3.7452588081359863,3.765324354171753,0.0200655460357666,0.10999999940395355,0.11912836879491806,0.009128369390964508,0.07000000029802322,0.07991454750299454,0.009914547204971313,0.029999999329447746,0.025234252214431763,0.004765747115015984,0.05999999865889549,0.039102353155612946,0.020897645503282547
357b49644113aa28,syr2k,syr2k,lv2:__PARA__L0-1.__PARA__L1-4.__PARA__L2-5.__PARA__L3-80.__PIPE__L0-off.__PIPE__L2-off.__TILE__L0-1.__TILE__L2-1,target,query,query,finetune_dataset,data_1017.pt,54007.0,exphormer_lite,2,50,paper_exact_seed2,3.7663190364837646,3.7568538188934326,0.009465217590332031,0.10999999940395355,0.10873094201087952,0.0012690573930740356,0.07000000029802322,0.05576173961162567,0.014238260686397552,0.029999999329447746,0.03169795870780945,0.001697959378361702,0.05999999865889549,0.04480202868580818,0.01519796997308731
9a611dbfee90fabc,syr2k,syr2k,lv2:__PARA__L0-1.__PARA__L1-1.__PARA__L2-4.__PARA__L3-1.__PIPE__L0-off.__PIPE__L2-flatten.__TILE__L0-1.__TILE__L2-8,target,query,query,finetune_dataset,data_954.pt,105707.0,exphormer_lite,2,50,paper_exact_seed2,3.2818925380706787,3.1444544792175293,0.13743805885314941,0.17000000178813934,0.1680784821510315,0.0019215196371078491,0.10000000149011612,0.11890705674886703,0.018907055258750916,0.019999999552965164,0.029598325490951538,0.009598325937986374,0.009999999776482582,0.01705510914325714,0.007055109366774559
9479d4f09dff4ff1,syr2k,syr2k,lv2:__PARA__L0-1.__PARA__L1-2.__PARA__L2-4.__PARA__L3-80.__PIPE__L0-off.__PIPE__L2-off.__TILE__L0-1.__TILE__L2-1,target,query,query,finetune_dataset,data_998.pt,48381.0,exphormer_lite,2,50,paper_exact_seed2,3.8456718921661377,3.724273681640625,0.1213982105255127,0.09000000357627869,0.10380379855632782,0.013803794980049133,0.05000000074505806,0.046266064047813416,0.003733936697244644,0.029999999329447746,0.02197366952896118,0.008026329800486565,0.05000000074505806,0.045670151710510254,0.004329849034547806
a354c85e14e3f6e4,syr2k,syr2k,lv2:__PARA__L0-1.__PARA__L1-4.__PARA__L2-1.__PARA__L3-80.__PIPE__L0-off.__PIPE__L2-off.__TILE__L0-1.__TILE__L2-1,target,query,query,finetune_dataset,data_1010.pt,70221.0,exphormer_lite,2,50,paper_exact_seed2,3.5769407749176025,3.5094845294952393,0.06745624542236328,0.10000000149011612,0.09246557950973511,0.007534421980381012,0.03999999910593033,0.020968839526176453,0.019031159579753876,0.03999999910593033,0.00876086950302124,0.031239129602909088,0.05000000074505806,0.04857640713453293,0.0014235936105251312
f7a56b547326dc31,syr2k,syr2k,lv2:__PARA__L0-1.__PARA__L1-1.__PARA__L2-1.__PARA__L3-80.__PIPE__L0-off.__PIPE__L2-NA.__TILE__L0-1.__TILE__L2-1,target,query,query,finetune_dataset,data_927.pt,75021.0,exphormer_lite,2,50,paper_exact_seed2,3.529244899749756,3.502638578414917,0.026606321334838867,0.09000000357627869,0.08288604021072388,0.00711396336555481,0.03999999910593033,0.020003512501716614,0.019996486604213715,0.03999999910593033,-0.01089504361152649,0.05089504271745682,0.05000000074505806,0.05065350979566574,0.0006535090506076813
384fc79974f7e383,syr2k,syr2k,lv2:__PARA__L0-1.__PARA__L1-16.__PARA__L2-1.__PARA__L3-80.__PIPE__L0-off.__PIPE__L2-off.__TILE__L0-1.__TILE__L2-1,target,query,query,finetune_dataset,data_978.pt,69021.0,exphormer_lite,2,50,paper_exact_seed2,3.589374542236328,3.52020263671875,0.06917190551757812,0.10000000149011612,0.11029228568077087,0.010292284190654755,0.03999999910593033,0.038906604051589966,0.0010933950543403625,0.03999999910593033,0.03221017122268677,0.007789827883243561,0.05000000074505806,0.04858631640672684,0.0014136843383312225
c6307a47e48e34a0,syr2k,syr2k,lv2:__PARA__L0-1.__PARA__L1-16.__PARA__L2-1.__PARA__L3-32.__PIPE__L0-off.__PIPE__L2-off.__TILE__L0-1.__TILE__L2-1,target,query,query,finetune_dataset,data_976.pt,1999329.0,exphormer_lite,2,50,paper_exact_seed2,1.1612061262130737,1.4394354820251465,0.27822935581207275,0.10000000149011612,0.09488038718700409,0.00511961430311203,0.03999999910593033,0.021967962384223938,0.01803203672170639,0.10000000149011612,0.06594899296760559,0.03405100852251053,0.019999999552965164,0.04554423689842224,0.025544237345457077
82a8e31501b69b34,syr2k,syr2k,lv2:__PARA__L0-1.__PARA__L1-1.__PARA__L2-12.__PARA__L3-80.__PIPE__L0-off.__PIPE__L2-NA.__TILE__L0-1.__TILE__L2-1,target,query,query,finetune_dataset,data_936.pt,51501.0,exphormer_lite,2,50,paper_exact_seed2,3.8005919456481934,3.7393078804016113,0.06128406524658203,0.20999999344348907,0.17086222767829895,0.039137765765190125,0.11999999731779099,0.12547367811203003,0.005473680794239044,0.029999999329447746,0.05493369698524475,0.024933697655797005,0.05999999865889549,0.04648031294345856,0.013519685715436935
e091829cd7eccb45,syr2k,syr2k,lv2:__PARA__L0-1.__PARA__L1-4.__PARA__L2-3.__PARA__L3-80.__PIPE__L0-off.__PIPE__L2-off.__TILE__L0-1.__TILE__L2-1,target,query,query,finetune_dataset,data_1014.pt,54011.0,exphormer_lite,2,50,paper_exact_seed2,3.766265630722046,3.7471044063568115,0.019161224365234375,0.07999999821186066,0.10208989679813385,0.022089898586273193,0.05000000074505806,0.04214370250701904,0.007856298238039017,0.029999999329447746,0.021858662366867065,0.00814133696258068,0.05000000074505806,0.0445084385573864,0.005491562187671661
328955ee375dcb09,syr2k,syr2k,lv2:__PARA__L0-1.__PARA__L1-8.__PARA__L2-3.__PARA__L3-80.__PIPE__L0-off.__PIPE__L2-off.__TILE__L0-1.__TILE__L2-1,target,query,query,finetune_dataset,data_1027.pt,53291.0,exphormer_lite,2,50,paper_exact_seed2,3.7759461402893066,3.7673983573913574,0.008547782897949219,0.07999999821186066,0.10780051350593567,0.027800515294075012,0.05000000074505806,0.046432361006736755,0.0035676397383213043,0.029999999329447746,0.029736369848251343,0.0002636294811964035,0.05000000074505806,0.04489504545927048,0.005104955285787582
dce6c42b9ce883d4,syr2k,syr2k,lv2:__PARA__L0-1.__PARA__L1-1.__PARA__L2-10.__PARA__L3-1.__PIPE__L0-off.__PIPE__L2-flatten.__TILE__L0-1.__TILE__L2-1,target,query,query,finetune_dataset,data_929.pt,53901.0,exphormer_lite,2,50,paper_exact_seed2,3.7677361965179443,3.6062605381011963,0.16147565841674805,0.18000000715255737,0.16484743356704712,0.015152573585510254,0.10999999940395355,0.13311749696731567,0.02311749756336212,0.029999999329447746,0.05877707898616791,0.02877707965672016,0.05000000074505806,0.039121873676776886,0.010878127068281174
967811736021b32d,syr2k,syr2k,lv2:__PARA__L0-1.__PARA__L1-1.__PARA__L2-10.__PARA__L3-80.__PIPE__L0-off.__PIPE__L2-off.__TILE__L0-1.__TILE__L2-1,target,query,query,finetune_dataset,data_933.pt,53901.0,exphormer_lite,2,50,paper_exact_seed2,3.7677361965179443,3.7575643062591553,0.010171890258789062,0.18000000715255737,0.15207946300506592,0.027920544147491455,0.10999999940395355,0.1072220653295517,0.0027779340744018555,0.029999999329447746,0.051520854234695435,0.02152085490524769,0.05000000074505806,0.04448103904724121,0.005518961697816849
65b53beab87fef44,syr2k,syr2k,lv2:__PARA__L0-1.__PARA__L1-1.__PARA__L2-8.__PARA__L3-80.__PIPE__L0-off.__PIPE__L2-off.__TILE__L0-1.__TILE__L2-1,target,query,query,finetune_dataset,data_973.pt,57779.0,exphormer_lite,2,50,paper_exact_seed2,3.7176194190979004,3.7119367122650146,0.005682706832885742,0.2199999988079071,0.12425748258829117,0.09574251621961594,0.11999999731779099,0.08164043724536896,0.03835956007242203,0.029999999329447746,0.04132679104804993,0.01132679171860218,0.05000000074505806,0.04719408601522446,0.002805914729833603
bf6fe22800bedaed,syr2k,syr2k,lv2:__PARA__L0-1.__PARA__L1-1.__PARA__L2-10.__PARA__L3-1.__PIPE__L0-off.__PIPE__L2-flatten.__TILE__L0-1.__TILE__L2-4,target,query,query,finetune_dataset,data_931.pt,111517.0,exphormer_lite,2,50,paper_exact_seed2,3.2432963848114014,3.1586899757385254,0.08460640907287598,0.23999999463558197,0.1429443061351776,0.09705568850040436,0.14000000059604645,0.11363916099071503,0.02636083960533142,0.019999999552965164,-0.010831594467163086,0.03083159402012825,0.009999999776482582,0.022278472781181335,0.012278473004698753
6533dd41aee879ef,syr2k,syr2k,lv2:__PARA__L0-1.__PARA__L1-2.__PARA__L2-1.__PARA__L3-80.__PIPE__L0-off.__PIPE__L2-off.__TILE__L0-1.__TILE__L2-1,target,query,query,finetune_dataset,data_988.pt,71821.0,exphormer_lite,2,50,paper_exact_seed2,3.5606892108917236,3.502154588699341,0.05853462219238281,0.09000000357627869,0.08583040535449982,0.00416959822177887,0.03999999910593033,0.01882748305797577,0.02117251604795456,0.03999999910593033,-0.0023112595081329346,0.04231125861406326,0.05000000074505806,0.0490114763379097,0.0009885244071483612
67905abe3e20c24a,syr2k,syr2k,lv2:__PARA__L0-1.__PARA__L1-8.__PARA__L2-1.__PARA__L3-20.__PIPE__L0-off.__PIPE__L2-off.__TILE__L0-1.__TILE__L2-1,target,query,query,finetune_dataset,data_1020.pt,165809.0,exphormer_lite,2,50,paper_exact_seed2,2.957166910171509,2.9566450119018555,0.0005218982696533203,0.07000000029802322,0.05771207809448242,0.012287922203540802,0.029999999329447746,0.03055340051651001,0.0005534011870622635,0.07999999821186066,0.06997089087963104,0.010029107332229614,0.019999999552965164,0.059114787727594376,0.03911478817462921
2434d5d349eb92bb,syr2k,syr2k,lv2:__PARA__L0-1.__PARA__L1-16.__PARA__L2-2.__PARA__L3-80.__PIPE__L0-off.__PIPE__L2-NA.__TILE__L0-1.__TILE__L2-1,target,query,query,finetune_dataset,data_979.pt,47983.0,exphormer_lite,2,50,paper_exact_seed2,3.851630449295044,3.7089736461639404,0.14265680313110352,0.10999999940395355,0.10921373218297958,0.0007862672209739685,0.05000000074505806,0.04639686644077301,0.0036031343042850494,0.029999999329447746,0.02653205394744873,0.003467945381999016,0.05000000074505806,0.048395395278930664,0.0016046054661273956
046d7b1dc63a8aa9,syr2k,syr2k,lv2:__PARA__L0-1.__PARA__L1-16.__PARA__L2-1.__PARA__L3-20.__PIPE__L0-off.__PIPE__L2-off.__TILE__L0-1.__TILE__L2-1,target,query,query,finetune_dataset,data_975.pt,167089.0,exphormer_lite,2,50,paper_exact_seed2,2.9516196250915527,2.965724229812622,0.014104604721069336,0.07999999821186066,0.06772167980670929,0.012278318405151367,0.029999999329447746,0.04136870801448822,0.011368708685040474,0.07999999821186066,0.0826636403799057,0.002663642168045044,0.019999999552965164,0.060994915664196014,0.04099491611123085
c9e913bf3484f2bf,syr2k,syr2k,lv2:__PARA__L0-1.__PARA__L1-1.__PARA__L2-2.__PARA__L3-80.__PIPE__L0-off.__PIPE__L2-off.__TILE__L0-1.__TILE__L2-1,target,query,query,finetune_dataset,data_943.pt,53983.0,exphormer_lite,2,50,paper_exact_seed2,3.766639471054077,3.5996713638305664,0.16696810722351074,0.10999999940395355,0.10417787730693817,0.005822122097015381,0.05000000074505806,0.03307004272937775,0.016929958015680313,0.029999999329447746,-0.007117152214050293,0.03711715340614319,0.05000000074505806,0.04972414672374725,0.0002758540213108063
b329f305a8434e8c,syr2k,syr2k,lv2:__PARA__L0-1.__PARA__L1-1.__PARA__L2-4.__PARA__L3-80.__PIPE__L0-off.__PIPE__L2-NA.__TILE__L0-1.__TILE__L2-1,target,query,query,finetune_dataset,data_955.pt,51581.0,exphormer_lite,2,50,paper_exact_seed2,3.7994723320007324,3.681199789047241,0.11827254295349121,0.09000000357627869,0.10589649528265,0.015896491706371307,0.05000000074505806,0.05424670875072479,0.004246708005666733,0.029999999329447746,0.021488219499588013,0.008511779829859734,0.05000000074505806,0.04985937476158142,0.0001406259834766388
dcf12e0495e8bad7,syr2k,syr2k,lv2:__PARA__L0-1.__PARA__L1-2.__PARA__L2-1.__PARA__L3-20.__PIPE__L0-off.__PIPE__L2-off.__TILE__L0-1.__TILE__L2-1,target,query,query,finetune_dataset,data_985.pt,166849.0,exphormer_lite,2,50,paper_exact_seed2,2.9526565074920654,2.9165709018707275,0.03608560562133789,0.07000000029802322,0.05293916165828705,0.017060838639736176,0.029999999329447746,0.03222472965717316,0.0022247303277254105,0.07999999821186066,0.05298680067062378,0.027013197541236877,0.019999999552965164,0.058424852788448334,0.03842485323548317
d73266b5cab341fd,syr2k,syr2k,lv2:__PARA__L0-1.__PARA__L1-1.__PARA__L2-2.__PARA__L3-1.__PIPE__L0-off.__PIPE__L2-flatten.__TILE__L0-1.__TILE__L2-4,target,query,query,finetune_dataset,data_940.pt,197467.0,exphormer_lite,2,50,paper_exact_seed2,2.831122398376465,2.820500612258911,0.010621786117553711,0.18000000715255737,0.14160650968551636,0.038393497467041016,0.09000000357627869,0.07396189868450165,0.01603810489177704,0.019999999552965164,0.01701304316520691,0.002986956387758255,0.009999999776482582,0.011257871985435486,0.0012578722089529037
935321614f5dddf4,syr2k,syr2k,lv2:__PARA__L0-1.__PARA__L1-1.__PARA__L2-3.__PARA__L3-80.__PIPE__L0-off.__PIPE__L2-off.__TILE__L0-1.__TILE__L2-1,target,query,query,finetune_dataset,data_950.pt,58811.0,exphormer_lite,2,50,paper_exact_seed2,3.7048492431640625,3.6672823429107666,0.0375669002532959,0.07999999821186066,0.10396473109722137,0.023964732885360718,0.05000000074505806,0.041656941175460815,0.008343059569597244,0.029999999329447746,0.007507413625717163,0.022492585703730583,0.05000000074505806,0.04848595708608627,0.0015140436589717865
8db3a7561f57850f,syr2k,syr2k,lv2:__PARA__L0-1.__PARA__L1-1.__PARA__L2-1.__PARA__L3-1.__PIPE__L0-off.__PIPE__L2-off.__TILE__L0-1.__TILE__L2-1,target,query,query,finetune_dataset,data_918.pt,533981.0,exphormer_lite,2,50,paper_exact_seed2,2.1135339736938477,2.3248255252838135,0.21129155158996582,0.009999999776482582,0.013981714844703674,0.003981715068221092,0.0,0.005465880036354065,0.005465880036354065,0.0,-0.049245983362197876,0.049245983362197876,0.019999999552965164,0.026181548833847046,0.006181549280881882
a600ded91a048da1,syr2k,syr2k,lv2:__PARA__L0-1.__PARA__L1-2.__PARA__L2-4.__PARA__L3-80.__PIPE__L0-off.__PIPE__L2-NA.__TILE__L0-1.__TILE__L2-1,target,query,query,finetune_dataset,data_997.pt,48381.0,exphormer_lite,2,50,paper_exact_seed2,3.8456718921661377,3.722010612487793,0.12366127967834473,0.09000000357627869,0.1033814400434494,0.013381436467170715,0.05000000074505806,0.05340975522994995,0.0034097544848918915,0.029999999329447746,0.027059823274612427,0.0029401760548353195,0.05000000074505806,0.04706414043903351,0.0029358603060245514
792cacac89ae136d,syr2k,syr2k,lv2:__PARA__L0-1.__PARA__L1-1.__PARA__L2-12.__PARA__L3-1.__PIPE__L0-off.__PIPE__L2-flatten.__TILE__L0-1.__TILE__L2-2,target,query,query,finetune_dataset,data_934.pt,122587.0,exphormer_lite,2,50,paper_exact_seed2,3.17502498626709,3.2225496768951416,0.04752469062805176,0.28999999165534973,0.14066973328590393,0.1493302583694458,0.17000000178813934,0.12406715750694275,0.045932844281196594,0.019999999552965164,-0.024979382753372192,0.04497938230633736,0.019999999552965164,0.02817276120185852,0.008172761648893356
006edf919afcac3e,syr2k,syr2k,lv2:__PARA__L0-1.__PARA__L1-1.__PARA__L2-8.__PARA__L3-1.__PIPE__L0-off.__PIPE__L2-flatten.__TILE__L0-1.__TILE__L2-4,target,query,query,finetune_dataset,data_971.pt,106027.0,exphormer_lite,2,50,paper_exact_seed2,3.279712200164795,3.1207597255706787,0.1589524745941162,0.23000000417232513,0.14372339844703674,0.08627660572528839,0.14000000059604645,0.10466308891773224,0.03533691167831421,0.019999999552965164,-0.016084283590316772,0.03608428314328194,0.009999999776482582,0.018484652042388916,0.008484652265906334
b94a2ad1d393f6a6,syr2k,syr2k,lv2:__PARA__L0-1.__PARA__L1-1.__PARA__L2-10.__PARA__L3-80.__PIPE__L0-off.__PIPE__L2-NA.__TILE__L0-1.__TILE__L2-1,target,query,query,finetune_dataset,data_932.pt,53901.0,exphormer_lite,2,50,paper_exact_seed2,3.7677361965179443,3.7095465660095215,0.05818963050842285,0.18000000715255737,0.13811786472797394,0.041882142424583435,0.10999999940395355,0.10253496468067169,0.00746503472328186,0.029999999329447746,0.04687094688415527,0.016870947554707527,0.05000000074505806,0.04826546460390091,0.0017345361411571503
2883fd2e756dad0a,syr2k,syr2k,lv2:__PARA__L0-1.__PARA__L1-2.__PARA__L2-3.__PARA__L3-1.__PIPE__L0-off.__PIPE__L2-flatten.__TILE__L0-1.__TILE__L2-1,target,query,query,finetune_dataset,data_993.pt,55611.0,exphormer_lite,2,50,paper_exact_seed2,3.7452070713043213,3.740802764892578,0.004404306411743164,0.07999999821186066,0.09374284744262695,0.013742849230766296,0.05000000074505806,0.055222779512405396,0.005222778767347336,0.029999999329447746,0.0031099915504455566,0.02689000777900219,0.05000000074505806,0.04235810041427612,0.007641900330781937
8c2a257a28918f1e,syr2k,syr2k,lv2:__PARA__L0-1.__PARA__L1-8.__PARA__L2-5.__PARA__L3-80.__PIPE__L0-off.__PIPE__L2-off.__TILE__L0-1.__TILE__L2-1,target,query,query,finetune_dataset,data_1031.pt,53287.0,exphormer_lite,2,50,paper_exact_seed2,3.7760002613067627,3.779869794845581,0.0038695335388183594,0.10999999940395355,0.11424119025468826,0.004241190850734711,0.07000000029802322,0.06060846149921417,0.009391538798809052,0.029999999329447746,0.03839525580406189,0.008395256474614143,0.05999999865889549,0.04519817605614662,0.01480182260274887
7424659393922e35,syr2k,syr2k,lv2:__PARA__L0-1.__PARA__L1-1.__PARA__L2-5.__PARA__L3-80.__PIPE__L0-off.__PIPE__L2-NA.__TILE__L0-1.__TILE__L2-1,target,query,query,finetune_dataset,data_961.pt,58807.0,exphormer_lite,2,50,paper_exact_seed2,3.7048981189727783,3.6790199279785156,0.025878190994262695,0.10999999940395355,0.11019381135702133,0.00019381195306777954,0.07000000029802322,0.06058156490325928,0.009418435394763947,0.029999999329447746,0.026962637901306152,0.003037361428141594,0.05999999865889549,0.05039514601230621,0.00960485264658928
8d6e4878c2992e15,syr2k,syr2k,lv2:__PARA__L0-1.__PARA__L1-16.__PARA__L2-1.__PARA__L3-16.__PIPE__L0-off.__PIPE__L2-off.__TILE__L0-1.__TILE__L2-1,target,query,query,finetune_dataset,data_974.pt,167981.0,exphormer_lite,2,50,paper_exact_seed2,2.9477791786193848,2.9789018630981445,0.031122684478759766,0.03999999910593033,0.061148181557655334,0.021148182451725006,0.019999999552965164,0.036403462290763855,0.01640346273779869,0.05000000074505806,0.07980386912822723,0.029803868383169174,0.07999999821186066,0.06074569746851921,0.019254300743341446
7553f1551527eb75,syr2k,syr2k,lv2:__PARA__L0-1.__PARA__L1-4.__PARA__L2-6.__PARA__L3-80.__PIPE__L0-off.__PIPE__L2-NA.__TILE__L0-1.__TILE__L2-1,target,query,query,finetune_dataset,data_1018.pt,49101.0,exphormer_lite,2,50,paper_exact_seed2,3.8350160121917725,3.748046398162842,0.08696961402893066,0.11999999731779099,0.11319060623645782,0.00680939108133316,0.07000000029802322,0.06819617748260498,0.0018038228154182434,0.029999999329447746,0.039379239082336426,0.00937923975288868,0.05000000074505806,0.046785201877355576,0.003214798867702484
4413408007bce9e8,syr2k,syr2k,lv2:__PARA__L0-1.__PARA__L1-16.__PARA__L2-1.__PARA__L3-80.__PIPE__L0-off.__PIPE__L2-NA.__TILE__L0-1.__TILE__L2-1,target,query,query,finetune_dataset,data_977.pt,69021.0,exphormer_lite,2,50,paper_exact_seed2,3.589374542236328,3.544484853744507,0.04488968849182129,0.10000000149011612,0.10569413006305695,0.005694128572940826,0.03999999910593033,0.03627420961856842,0.003725789487361908,0.03999999910593033,0.02452024817466736,0.01547975093126297,0.05000000074505806,0.05171985179185867,0.0017198510468006134
ac15cc16356e3d5e,syr2k,syr2k,lv2:__PARA__L0-1.__PARA__L1-1.__PARA__L2-8.__PARA__L3-1.__PIPE__L0-off.__PIPE__L2-flatten.__TILE__L0-1.__TILE__L2-2,target,query,query,finetune_dataset,data_970.pt,137547.0,exphormer_lite,2,50,paper_exact_seed2,3.091965675354004,3.0879149436950684,0.004050731658935547,0.23000000417232513,0.14430510997772217,0.08569489419460297,0.14000000059604645,0.10087046027183533,0.03912954032421112,0.019999999552965164,-0.018818557262420654,0.03881855681538582,0.009999999776482582,0.018906712532043457,0.008906712755560875
cd8a78b9897e5f03,syr2k,syr2k,lv2:__PARA__L0-1.__PARA__L1-2.__PARA__L2-6.__PARA__L3-80.__PIPE__L0-off.__PIPE__L2-off.__TILE__L0-1.__TILE__L2-1,target,query,query,finetune_dataset,data_1004.pt,50701.0,exphormer_lite,2,50,paper_exact_seed2,3.811885118484497,3.7332940101623535,0.07859110832214355,0.11999999731779099,0.11240942776203156,0.00759056955575943,0.07000000029802322,0.06085154414176941,0.009148456156253815,0.029999999329447746,0.03377428650856018,0.0037742871791124344,0.05000000074505806,0.04576770216226578,0.004232298582792282
eed285261932cba5,syr2k,syr2k,lv2:__PARA__L0-1.__PARA__L1-1.__PARA__L2-12.__PARA__L3-80.__PIPE__L0-off.__PIPE__L2-off.__TILE__L0-1.__TILE__L2-1,target,query,query,finetune_dataset,data_937.pt,51501.0,exphormer_lite,2,50,paper_exact_seed2,3.8005919456481934,3.8193750381469727,0.018783092498779297,0.20999999344348907,0.1966930329799652,0.013306960463523865,0.11999999731779099,0.13338416814804077,0.013384170830249786,0.029999999329447746,0.08224613964557648,0.05224613845348358,0.05999999865889549,0.042356304824352264,0.017643693834543228
d91bf35255f0a557,syr2k,syr2k,lv2:__PARA__L0-1.__PARA__L1-8.__PARA__L2-4.__PARA__L3-80.__PIPE__L0-off.__PIPE__L2-off.__TILE__L0-1.__TILE__L2-1,target,query,query,finetune_dataset,data_1029.pt,46061.0,exphormer_lite,2,50,paper_exact_seed2,3.8811192512512207,3.7749788761138916,0.1061403751373291,0.10000000149011612,0.11024609953165054,0.010246098041534424,0.05999999865889549,0.052266016602516174,0.007733982056379318,0.029999999329447746,0.03381609916687012,0.003816099837422371,0.05000000074505806,0.04501136392354965,0.004988636821508408
0e9c5c17a8a6820d,syr2k,syr2k,lv2:__PARA__L0-1.__PARA__L1-16.__PARA__L2-3.__PARA__L3-80.__PIPE__L0-off.__PIPE__L2-off.__TILE__L0-1.__TILE__L2-1,target,query,query,finetune_dataset,data_982.pt,52811.0,exphormer_lite,2,50,paper_exact_seed2,3.782472848892212,3.767483949661255,0.014988899230957031,0.07999999821186066,0.11680443584918976,0.0368044376373291,0.05000000074505806,0.05567343533039093,0.0056734345853328705,0.029999999329447746,0.03787904977798462,0.007879050448536873,0.05000000074505806,0.047689635306596756,0.0023103654384613037
91a8fd411290510c,syr2k,syr2k,lv2:__PARA__L0-1.__PARA__L1-8.__PARA__L2-1.__PARA__L3-32.__PIPE__L0-off.__PIPE__L2-off.__TILE__L0-1.__TILE__L2-1,target,query,query,finetune_dataset,data_1021.pt,1999729.0,exphormer_lite,2,50,paper_exact_seed2,1.1610617637634277,1.2639284133911133,0.10286664962768555,0.10000000149011612,0.08566521108150482,0.014334790408611298,0.03999999910593033,0.011305421590805054,0.028694577515125275,0.10000000149011612,0.051267027854919434,0.048732973635196686,0.019999999552965164,0.04280618950724602,0.022806189954280853
c9c69a637b68506d,syr2k,syr2k,lv2:__PARA__L0-1.__PARA__L1-2.__PARA__L2-1.__PARA__L3-1.__PIPE__L0-off.__PIPE__L2-flatten.__TILE__L0-1.__TILE__L2-1,target,query,query,finetune_dataset,data_983.pt,71821.0,exphormer_lite,2,50,paper_exact_seed2,3.5606892108917236,3.6124484539031982,0.05175924301147461,0.09000000357627869,0.05779615044593811,0.032203853130340576,0.03999999910593033,0.004092901945114136,0.03590709716081619,0.03999999910593033,-0.027110636234283447,0.06711063534021378,0.05000000074505806,0.05059061944484711,0.0005906186997890472
2641ecf0170d499d,syr2k,syr2k,lv2:__PARA__L0-1.__PARA__L1-1.__PARA__L2-5.__PARA__L3-1.__PIPE__L0-off.__PIPE__L2-flatten.__TILE__L0-1.__TILE__L2-8,target,query,query,finetune_dataset,data_960.pt,120746.0,exphormer_lite,2,50,paper_exact_seed2,3.1859405040740967,3.1595685482025146,0.02637195587158203,0.15000000596046448,0.16792140901088715,0.01792140305042267,0.11999999731779099,0.1226731538772583,0.0026731565594673157,0.019999999552965164,0.025971919298171997,0.005971919745206833,0.03999999910593033,0.017926156520843506,0.022073842585086823
b387369a0d58d4d0,syr2k,syr2k,lv2:__PARA__L0-1.__PARA__L1-1.__PARA__L2-3.__PARA__L3-1.__PIPE__L0-off.__PIPE__L2-flatten.__TILE__L0-1.__TILE__L2-4,target,query,query,finetune_dataset,data_947.pt,157295.0,exphormer_lite,2,50,paper_exact_seed2,2.9951915740966797,3.0178494453430176,0.02265787124633789,0.07999999821186066,0.1460721790790558,0.06607218086719513,0.05000000074505806,0.0790267214179039,0.02902672067284584,0.019999999552965164,0.0018990933895111084,0.018100906163454056,0.019999999552965164,0.01092652976512909,0.009073469787836075
9aa40f9b87b12852,syr2k,syr2k,lv2:__PARA__L0-1.__PARA__L1-4.__PARA__L2-4.__PARA__L3-80.__PIPE__L0-off.__PIPE__L2-NA.__TILE__L0-1.__TILE__L2-1,target,query,query,finetune_dataset,data_1015.pt,46781.0,exphormer_lite,2,50,paper_exact_seed2,3.8699307441711426,3.7470014095306396,0.12292933464050293,0.09000000357627869,0.10421435534954071,0.014214351773262024,0.05000000074505806,0.05427496135234833,0.004274960607290268,0.029999999329447746,0.032721906900405884,0.0027219075709581375,0.05000000074505806,0.04608241468667984,0.00391758605837822
887d3a42caec739c,syr2k,syr2k,lv2:__PARA__L0-1.__PARA__L1-8.__PARA__L2-6.__PARA__L3-80.__PIPE__L0-off.__PIPE__L2-NA.__TILE__L0-1.__TILE__L2-1,target,query,query,finetune_dataset,data_1032.pt,48381.0,exphormer_lite,2,50,paper_exact_seed2,3.8456718921661377,3.7707359790802,0.0749359130859375,0.12999999523162842,0.11822822690010071,0.01177176833152771,0.07000000029802322,0.07464723289012909,0.0046472325921058655,0.029999999329447746,0.045414239168167114,0.015414239838719368,0.05000000074505806,0.04712437838315964,0.0028756223618984222
50737a58f7e3c088,syr2k,syr2k,lv2:__PARA__L0-1.__PARA__L1-4.__PARA__L2-3.__PARA__L3-80.__PIPE__L0-off.__PIPE__L2-NA.__TILE__L0-1.__TILE__L2-1,target,query,query,finetune_dataset,data_1013.pt,54011.0,exphormer_lite,2,50,paper_exact_seed2,3.766265630722046,3.7440226078033447,0.022243022918701172,0.07999999821186066,0.10018591582775116,0.020185917615890503,0.05000000074505806,0.04719047248363495,0.002809528261423111,0.029999999329447746,0.0269891619682312,0.003010837361216545,0.05000000074505806,0.04544377326965332,0.004556227475404739
43cce9689f44f3f0,syr2k,syr2k,lv2:__PARA__L0-1.__PARA__L1-1.__PARA__L2-8.__PARA__L3-1.__PIPE__L0-off.__PIPE__L2-flatten.__TILE__L0-1.__TILE__L2-1,target,query,query,finetune_dataset,data_969.pt,57779.0,exphormer_lite,2,50,paper_exact_seed2,3.7176194190979004,3.65140962600708,0.06620979309082031,0.2199999988079071,0.15077835321426392,0.06922164559364319,0.11999999731779099,0.11323552578687668,0.006764471530914307,0.029999999329447746,0.05465275049209595,0.0246527511626482,0.05000000074505806,0.040166378021240234,0.009833622723817825
507f7ddbd39e4095,syr2k,syr2k,lv2:__PARA__L0-1.__PARA__L1-1.__PARA__L2-3.__PARA__L3-80.__PIPE__L0-off.__PIPE__L2-NA.__TILE__L0-1.__TILE__L2-1,target,query,query,finetune_dataset,data_949.pt,58811.0,exphormer_lite,2,50,paper_exact_seed2,3.7048492431640625,3.677941083908081,0.026908159255981445,0.07999999821186066,0.10181234776973724,0.021812349557876587,0.05000000074505806,0.04706810414791107,0.002931896597146988,0.029999999329447746,0.01444852352142334,0.015551475808024406,0.05000000074505806,0.04918083921074867,0.0008191615343093872
bc4bbd8ca4e44e5f,syr2k,syr2k,lv2:__PARA__L0-1.__PARA__L1-1.__PARA__L2-1.__PARA__L3-10.__PIPE__L0-off.__PIPE__L2-off.__TILE__L0-1.__TILE__L2-1,target,query,query,finetune_dataset,data_919.pt,188449.0,exphormer_lite,2,50,paper_exact_seed2,2.8648409843444824,2.9047293663024902,0.03988838195800781,0.03999999910593033,0.03345397114753723,0.006546027958393097,0.019999999552965164,0.023077845573425293,0.003077846020460129,0.03999999910593033,0.03024950623512268,0.009750492870807648,0.05999999865889549,0.05576130002737045,0.00423869863152504
a5062b8ba71a79db,syr2k,syr2k,lv2:__PARA__L0-1.__PARA__L1-2.__PARA__L2-2.__PARA__L3-80.__PIPE__L0-off.__PIPE__L2-NA.__TILE__L0-1.__TILE__L2-1,target,query,query,finetune_dataset,data_991.pt,50783.0,exphormer_lite,2,50,paper_exact_seed2,3.8107192516326904,3.6680853366851807,0.14263391494750977,0.10999999940395355,0.09475070238113403,0.015249297022819519,0.05000000074505806,0.0329182893037796,0.017081711441278458,0.029999999329447746,0.00499996542930603,0.025000033900141716,0.05000000074505806,0.04651157557964325,0.00348842516541481
e18fbf36085b53ef,gemm-p,gemm-p,lv2:__PARA__L0-30.__PARA__L1-32.__PARA__L2-1.__PARA__L3-1.__PIPE__L0-NA.__PIPE__L2-flatten.__TILE__L0-1.__TILE__L2-80,target,query,query,finetune_dataset,data_387.pt,55939.0,exphormer_lite,2,50,paper_exact_seed2,3.740964889526367,3.804990530014038,0.0640256404876709,0.05999999865889549,0.019976556301116943,0.04002344235777855,0.019999999552965164,0.043707311153411865,0.0237073116004467,0.03999999910593033,0.06250263750553131,0.022502638399600983,0.05000000074505806,0.041825778782367706,0.008174221962690353
478e73a6a5922a99,gemm-p,gemm-p,lv2:__PARA__L0-1.__PARA__L1-1.__PARA__L2-2.__PARA__L3-7.__PIPE__L0-off.__PIPE__L2-off.__TILE__L0-1.__TILE__L2-4,target,query,query,finetune_dataset,data_153.pt,451979.0,exphormer_lite,2,50,paper_exact_seed2,2.233800172805786,1.9992599487304688,0.23454022407531738,0.009999999776482582,0.011982530355453491,0.001982530578970909,0.0,0.005959212779998779,0.005959212779998779,0.0,0.026417851448059082,0.026417851448059082,0.019999999552965164,0.011332765221595764,0.0086672343313694
ca65b2dddf05a722,gemm-p,gemm-p,lv2:__PARA__L0-1.__PARA__L1-2.__PARA__L2-1.__PARA__L3-32.__PIPE__L0-off.__PIPE__L2-off.__TILE__L0-1.__TILE__L2-80,target,query,query,finetune_dataset,data_243.pt,286909.0,exphormer_lite,2,50,paper_exact_seed2,2.561631441116333,2.2022011280059814,0.35943031311035156,0.009999999776482582,0.011517614126205444,0.0015176143497228622,0.0,-0.02894464135169983,0.02894464135169983,0.0,-0.01234060525894165,0.01234060525894165,0.05000000074505806,0.039344094693660736,0.010655906051397324
76de7e5ea6add072,gemm-p,gemm-p,lv2:__PARA__L0-2.__PARA__L1-32.__PARA__L2-10.__PARA__L3-1.__PIPE__L0-off.__PIPE__L2-flatten.__TILE__L0-1.__TILE__L2-8,target,query,query,finetune_dataset,data_368.pt,9563.0,exphormer_lite,2,50,paper_exact_seed2,5.015124320983887,4.868590831756592,0.14653348922729492,0.23000000417232513,0.23984774947166443,0.009847745299339294,0.1599999964237213,0.12722891569137573,0.03277108073234558,0.2199999988079071,0.2168973684310913,0.003102630376815796,0.009999999776482582,-0.005037128925323486,0.015037128701806068
80c3e447e75f60fb,gemm-p,gemm-p,lv2:__PARA__L0-1.__PARA__L1-1.__PARA__L2-4.__PARA__L3-2.__PIPE__L0-off.__PIPE__L2-off.__TILE__L0-1.__TILE__L2-2,target,query,query,finetune_dataset,data_182.pt,1354866.0,exphormer_lite,2,50,paper_exact_seed2,1.4418889284133911,2.0255072116851807,0.5836182832717896,0.009999999776482582,0.0024106353521347046,0.0075893644243478775,0.0,-0.03778667747974396,0.03778667747974396,0.0,-0.005088865756988525,0.005088865756988525,0.019999999552965164,0.021580815315246582,0.0015808157622814178
ab4496d8f92da597,gemm-p,gemm-p,lv2:__PARA__L0-5.__PARA__L1-32.__PARA__L2-10.__PARA__L3-1.__PIPE__L0-off.__PIPE__L2-flatten.__TILE__L0-1.__TILE__L2-8,target,query,query,finetune_dataset,data_415.pt,10100.0,exphormer_lite,2,50,paper_exact_seed2,4.975714683532715,4.981978416442871,0.00626373291015625,0.23000000417232513,0.2517907917499542,0.02179078757762909,0.1599999964237213,0.1400478631258011,0.019952133297920227,0.2199999988079071,0.22588413953781128,0.005884140729904175,0.009999999776482582,0.000435464084148407,0.009564535692334175
dfa5e5c5212bb1b3,gemm-p,gemm-p,lv2:__PARA__L0-1.__PARA__L1-8.__PARA__L2-1.__PARA__L3-32.__PIPE__L0-off.__PIPE__L2-off.__TILE__L0-1.__TILE__L2-80,target,query,query,finetune_dataset,data_329.pt,285829.0,exphormer_lite,2,50,paper_exact_seed2,2.564352035522461,2.279775381088257,0.2845766544342041,0.009999999776482582,0.022090494632720947,0.012090494856238365,0.0,-0.039259254932403564,0.039259254932403564,0.009999999776482582,-0.0025964975357055664,0.012596497312188148,0.05000000074505806,0.03423387557268143,0.015766125172376633
6eb5dbce3faf0b52,gemm-p,gemm-p,lv2:__PARA__L0-1.__PARA__L1-1.__PARA__L2-16.__PARA__L3-70.__PIPE__L0-off.__PIPE__L2-off.__TILE__L0-1.__TILE__L2-1,target,query,query,finetune_dataset,data_132.pt,14587.0,exphormer_lite,2,50,paper_exact_seed2,4.710550308227539,4.738492012023926,0.02794170379638672,0.3199999928474426,0.24080567061901093,0.0791943222284317,0.23999999463558197,0.16850100457668304,0.07149899005889893,0.36000001430511475,0.25601086020469666,0.10398915410041809,0.009999999776482582,0.002748623490333557,0.007251376286149025
15d5eb53c98795f2,gemm-p,gemm-p,lv2:__PARA__L0-1.__PARA__L1-1.__PARA__L2-4.__PARA__L3-10.__PIPE__L0-off.__PIPE__L2-off.__TILE__L0-1.__TILE__L2-2,target,query,query,finetune_dataset,data_174.pt,312005.0,exphormer_lite,2,50,paper_exact_seed2,2.501143455505371,2.537834405899048,0.03669095039367676,0.009999999776482582,0.04236462712287903,0.032364629209041595,0.009999999776482582,0.02118457853794098,0.011184578761458397,0.009999999776482582,0.0683232843875885,0.05832328647375107,0.029999999329447746,0.016068853437900543,0.013931145891547203
a6dc35a49236c7ab,gemm-p,gemm-p,lv2:__PARA__L0-1.__PARA__L1-1.__PARA__L2-4.__PARA__L3-14.__PIPE__L0-off.__PIPE__L2-NA.__TILE__L0-1.__TILE__L2-1,target,query,query,finetune_dataset,data_176.pt,61570.0,exphormer_lite,2,50,paper_exact_seed2,3.671778440475464,3.97340989112854,0.30163145065307617,0.09000000357627869,0.07820484042167664,0.01179516315460205,0.03999999910593033,0.03691236674785614,0.0030876323580741882,0.09000000357627869,0.07449515163898468,0.015504851937294006,0.03999999910593033,0.022967346012592316,0.017032653093338013
73c8706bbbfe9935,gemm-p,gemm-p,lv2:__PARA__L0-1.__PARA__L1-1.__PARA__L2-2.__PARA__L3-70.__PIPE__L0-off.__PIPE__L2-off.__TILE__L0-1.__TILE__L2-1,target,query,query,finetune_dataset,data_155.pt,35647.0,exphormer_lite,2,50,paper_exact_seed2,4.066001892089844,4.075652599334717,0.009650707244873047,0.03999999910593033,0.05611501634120941,0.016115017235279083,0.019999999552965164,0.052900925278663635,0.03290092572569847,0.019999999552965164,0.05954635143280029,0.03954635187983513,0.009999999776482582,0.022317685186862946,0.012317685410380363
4f0e57501f9fad75,gemm-p,gemm-p,lv2:__PARA__L0-3.__PARA__L1-32.__PARA__L2-10.__PARA__L3-1.__PIPE__L0-off.__PIPE__L2-flatten.__TILE__L0-1.__TILE__L2-8,target,query,query,finetune_dataset,data_383.pt,9717.0,exphormer_lite,2,50,paper_exact_seed2,5.003600597381592,4.994385242462158,0.009215354919433594,0.23000000417232513,0.24795982241630554,0.017959818243980408,0.1599999964237213,0.13601426780223846,0.02398572862148285,0.2199999988079071,0.22276267409324646,0.0027626752853393555,0.009999999776482582,-0.006735101342201233,0.016735101118683815
0cc2af7e268e2d52,gemm-p,gemm-p,lv2:__PARA__L0-1.__PARA__L1-1.__PARA__L2-4.__PARA__L3-10.__PIPE__L0-off.__PIPE__L2-NA.__TILE__L0-1.__TILE__L2-1,target,query,query,finetune_dataset,data_172.pt,61570.0,exphormer_lite,2,50,paper_exact_seed2,3.671778440475464,3.916980504989624,0.24520206451416016,0.07000000029802322,0.07192476093769073,0.001924760639667511,0.029999999329447746,0.029804065823554993,0.0001959335058927536,0.07000000029802322,0.06952320039272308,0.0004767999053001404,0.029999999329447746,0.019582971930503845,0.010417027398943901
fbc52266ca9a83a7,gemm-p,gemm-p,lv2:__PARA__L0-1.__PARA__L1-1.__PARA__L2-10.__PARA__L3-5.__PIPE__L0-off.__PIPE__L2-off.__TILE__L0-1.__TILE__L2-2,target,query,query,finetune_dataset,data_114.pt,359269.0,exphormer_lite,2,50,paper_exact_seed2,2.3993959426879883,2.4627580642700195,0.06336212158203125,0.009999999776482582,0.029577776789665222,0.01957777701318264,0.009999999776482582,0.007074803113937378,0.002925196662545204,0.009999999776482582,0.04303020238876343,0.033030204474925995,0.029999999329447746,0.025970354676246643,0.004029644653201103
ee52790391382ef9,gemm-p,gemm-p,lv2:__PARA__L0-1.__PARA__L1-1.__PARA__L2-4.__PARA__L3-5.__PIPE__L0-off.__PIPE__L2-off.__TILE__L0-1.__TILE__L2-1,target,query,query,finetune_dataset,data_185.pt,28505.0,exphormer_lite,2,50,paper_exact_seed2,4.2272844314575195,4.029245376586914,0.19803905487060547,0.029999999329447746,0.05529019236564636,0.025290193036198616,0.019999999552965164,0.026669606566429138,0.006669607013463974,0.029999999329447746,0.07386493682861328,0.043864935636520386,0.029999999329447746,0.01065613329410553,0.019343866035342216
1932fcf0a6ce1ae3,gemm-p,gemm-p,lv2:__PARA__L0-1.__PARA__L1-5.__PARA__L2-10.__PARA__L3-1.__PIPE__L0-off.__PIPE__L2-flatten.__TILE__L0-1.__TILE__L2-1,target,query,query,finetune_dataset,data_304.pt,11587.0,exphormer_lite,2,50,paper_exact_seed2,4.876638412475586,4.816681861877441,0.05995655059814453,0.20999999344348907,0.18219837546348572,0.027801617980003357,0.15000000596046448,0.12159699946641922,0.028403006494045258,0.2199999988079071,0.2236148715019226,0.003614872694015503,0.009999999776482582,-0.004934079945087433,0.014934079721570015
6906df091d6d080c,gemm-p,gemm-p,lv2:__PARA__L0-1.__PARA__L1-1.__PARA__L2-20.__PARA__L3-2.__PIPE__L0-off.__PIPE__L2-NA.__TILE__L0-1.__TILE__L2-1,target,query,query,finetune_dataset,data_162.pt,32411.0,exphormer_lite,2,50,paper_exact_seed2,4.134650230407715,3.9967050552368164,0.13794517517089844,0.11999999731779099,0.09551428258419037,0.024485714733600616,0.05999999865889549,0.057501330971717834,0.002498667687177658,0.09000000357627869,0.09100170433521271,0.001001700758934021,0.029999999329447746,0.01603742688894272,0.013962572440505028
e566ce1ddeb8d42a,gemm-p,gemm-p,lv2:__PARA__L0-30.__PARA__L1-32.__PARA__L2-10.__PARA__L3-1.__PIPE__L0-off.__PIPE__L2-flatten.__TILE__L0-1.__TILE__L2-8,target,query,query,finetune_dataset,data_393.pt,15139.0,exphormer_lite,2,50,paper_exact_seed2,4.683757305145264,4.787957668304443,0.10420036315917969,0.23000000417232513,0.2419956773519516,0.011995673179626465,0.1599999964237213,0.1820075809955597,0.02200758457183838,0.2199999988079071,0.255960077047348,0.03596007823944092,0.009999999776482582,0.00019638240337371826,0.009803617373108864
2ccc724e5fad3084,gemm-p,gemm-p,lv2:__PARA__L0-1.__PARA__L1-1.__PARA__L2-16.__PARA__L3-14.__PIPE__L0-off.__PIPE__L2-NA.__TILE__L0-1.__TILE__L2-1,target,query,query,finetune_dataset,data_123.pt,30250.0,exphormer_lite,2,50,paper_exact_seed2,4.18442440032959,4.691646575927734,0.5072221755981445,0.3400000035762787,0.19711187481880188,0.1428881287574768,0.1599999964237213,0.13695845007896423,0.02304154634475708,0.3799999952316284,0.20217420160770416,0.17782579362392426,0.009999999776482582,0.008469238877296448,0.0015307608991861343
52cc73074533db20,gemm-p,gemm-p,lv2:__PARA__L0-1.__PARA__L1-1.__PARA__L2-1.__PARA__L3-14.__PIPE__L0-off.__PIPE__L2-off.__TILE__L0-1.__TILE__L2-4,target,query,query,finetune_dataset,data_85.pt,417715.0,exphormer_lite,2,50,paper_exact_seed2,2.2906687259674072,2.2835423946380615,0.007126331329345703,0.009999999776482582,0.037694260478019714,0.027694260701537132,0.0,0.027380943298339844,0.027380943298339844,0.0,0.014594465494155884,0.014594465494155884,0.019999999552965164,0.027967005968093872,0.007967006415128708
0c1a4d5cf2e95213,gemm-p,gemm-p,lv2:__PARA__L0-1.__PARA__L1-1.__PARA__L2-2.__PARA__L3-14.__PIPE__L0-off.__PIPE__L2-off.__TILE__L0-1.__TILE__L2-4,target,query,query,finetune_dataset,data_141.pt,244565.0,exphormer_lite,2,50,paper_exact_seed2,2.676819086074829,2.0263776779174805,0.6504414081573486,0.009999999776482582,0.030944958329200745,0.020944958552718163,0.0,-0.00330372154712677,0.00330372154712677,0.0,0.018860846757888794,0.018860846757888794,0.029999999329447746,0.01846972107887268,0.011530278250575066
e25bd84c9a0fa396,gemm-p,gemm-p,lv2:__PARA__L0-1.__PARA__L1-32.__PARA__L2-10.__PARA__L3-1.__PIPE__L0-off.__PIPE__L2-flatten.__TILE__L0-4.__TILE__L2-1,target,query,query,finetune_dataset,data_279.pt,9914.0,exphormer_lite,2,50,paper_exact_seed2,4.98912239074707,4.918076515197754,0.0710458755493164,0.23000000417232513,0.26238229870796204,0.0323822945356369,0.1599999964237213,0.15682430565357208,0.003175690770149231,0.2199999988079071,0.24579578638076782,0.025795787572860718,0.009999999776482582,-0.002948448061943054,0.012948447838425636
648a53c110f97b95,gemm-p,gemm-p,lv2:__PARA__L0-1.__PARA__L1-32.__PARA__L2-16.__PARA__L3-1.__PIPE__L0-off.__PIPE__L2-flatten.__TILE__L0-4.__TILE__L2-1,target,query,query,finetune_dataset,data_285.pt,9506.0,exphormer_lite,2,50,paper_exact_seed2,5.019436836242676,4.921823978424072,0.09761285781860352,0.3499999940395355,0.2866637706756592,0.06333622336387634,0.23999999463558197,0.17825883626937866,0.06174115836620331,0.36000001430511475,0.267204612493515,0.09279540181159973,0.009999999776482582,0.0022667422890663147,0.007733257487416267
82851c00f5b54fd9,gemm-p,gemm-p,lv2:__PARA__L0-1.__PARA__L1-4.__PARA__L2-5.__PARA__L3-1.__PIPE__L0-off.__PIPE__L2-flatten.__TILE__L0-1.__TILE__L2-1,target,query,query,finetune_dataset,data_297.pt,16349.0,exphormer_lite,2,50,paper_exact_seed2,4.628291130065918,4.522677898406982,0.10561323165893555,0.10000000149011612,0.1307794600725174,0.030779458582401276,0.07000000029802322,0.08815758675336838,0.018157586455345154,0.10999999940395355,0.16178598999977112,0.051785990595817566,0.009999999776482582,-0.0033626481890678406,0.013362647965550423
4d458343fcb07dcf,gemm-p,gemm-p,lv2:__PARA__L0-1.__PARA__L1-2.__PARA__L2-16.__PARA__L3-70.__PIPE__L0-off.__PIPE__L2-off.__TILE__L0-1.__TILE__L2-1,target,query,query,finetune_dataset,data_253.pt,12487.0,exphormer_lite,2,50,paper_exact_seed2,4.822678565979004,4.797476291656494,0.025202274322509766,0.3199999928474426,0.24774745106697083,0.0722525417804718,0.23999999463558197,0.1678045243024826,0.07219547033309937,0.36000001430511475,0.2644817531108856,0.09551826119422913,0.009999999776482582,0.001209460198879242,0.00879053957760334
aedc82d84c86e989,gemm-p,gemm-p,lv2:__PARA__L0-6.__PARA__L1-32.__PARA__L2-1.__PARA__L3-1.__PIPE__L0-NA.__PIPE__L2-flatten.__TILE__L0-1.__TILE__L2-80,target,query,query,finetune_dataset,data_419.pt,34772.0,exphormer_lite,2,50,paper_exact_seed2,4.083929061889648,4.031002044677734,0.05292701721191406,0.05999999865889549,0.06734459102153778,0.007344592362642288,0.019999999552965164,0.036048486828804016,0.016048487275838852,0.03999999910593033,0.061940595507621765,0.021940596401691437,0.05000000074505806,0.04006180167198181,0.009938199073076248
7e01946735babf1e,gemm-p,gemm-p,lv2:__PARA__L0-1.__PARA__L1-1.__PARA__L2-2.__PARA__L3-2.__PIPE__L0-off.__PIPE__L2-NA.__TILE__L0-1.__TILE__L2-1,target,query,query,finetune_dataset,data_142.pt,166331.0,exphormer_lite,2,50,paper_exact_seed2,2.954899549484253,3.3388383388519287,0.3839387893676758,0.019999999552965164,0.030428335070610046,0.010428335517644882,0.009999999776482582,-0.0056931376457214355,0.015693137422204018,0.009999999776482582,0.018888145685195923,0.00888814590871334,0.009999999776482582,0.023688457906246185,0.013688458129763603
6a48c75fc069f0a2,gemm-p,gemm-p,lv2:__PARA__L0-1.__PARA__L1-4.__PARA__L2-1.__PARA__L3-32.__PIPE__L0-off.__PIPE__L2-off.__TILE__L0-1.__TILE__L2-80,target,query,query,finetune_dataset,data_290.pt,286369.0,exphormer_lite,2,50,paper_exact_seed2,2.562990427017212,2.2026307582855225,0.36035966873168945,0.009999999776482582,0.017744049429893494,0.0077440496534109116,0.0,-0.03344026207923889,0.03344026207923889,0.0,-0.0073389410972595215,0.0073389410972595215,0.05000000074505806,0.035158708691596985,0.014841292053461075
1e3f23d111e1c4c2,gemm-p,gemm-p,lv2:__PARA__L0-1.__PARA__L1-1.__PARA__L2-5.__PARA__L3-10.__PIPE__L0-off.__PIPE__L2-off.__TILE__L0-1.__TILE__L2-2,target,query,query,finetune_dataset,data_197.pt,281177.0,exphormer_lite,2,50,paper_exact_seed2,2.576188802719116,2.652641534805298,0.07645273208618164,0.009999999776482582,0.04781578481197357,0.03781578689813614,0.009999999776482582,0.026627227663993835,0.016627227887511253,0.009999999776482582,0.07860207557678223,0.0686020776629448,0.029999999329447746,0.01650257408618927,0.013497425243258476
b3b01272ccc963fe,gemm-p,gemm-p,lv2:__PARA__L0-1.__PARA__L1-1.__PARA__L2-20.__PARA__L3-5.__PIPE__L0-off.__PIPE__L2-off.__TILE__L0-1.__TILE__L2-1,target,query,query,finetune_dataset,data_166.pt,15844.0,exphormer_lite,2,50,paper_exact_seed2,4.650923728942871,4.303196907043457,0.34772682189941406,0.11999999731779099,0.12752395868301392,0.007523961365222931,0.07999999821186066,0.07906164228916168,0.0009383559226989746,0.18000000715255737,0.1769917607307434,0.003008246421813965,0.019999999552965164,0.010379493236541748,0.009620506316423416
0742731e2639c567,gemm-p,gemm-p,lv2:__PARA__L0-1.__PARA__L1-5.__PARA__L2-8.__PARA__L3-1.__PIPE__L0-off.__PIPE__L2-flatten.__TILE__L0-1.__TILE__L2-2,target,query,query,finetune_dataset,data_322.pt,122715.0,exphormer_lite,2,50,paper_exact_seed2,3.174272298812866,3.130112409591675,0.044159889221191406,0.3199999928474426,0.1834239810705185,0.13657601177692413,0.11999999731779099,0.07980915158987045,0.04019084572792053,0.18000000715255737,0.17063242197036743,0.009367585182189941,0.009999999776482582,-0.0016696751117706299,0.011669674888253212
6a4d5dd88f9cbbc8,gemm-p,gemm-p,lv2:__PARA__L0-1.__PARA__L1-1.__PARA__L2-4.__PARA__L3-14.__PIPE__L0-off.__PIPE__L2-off.__TILE__L0-1.__TILE__L2-1,target,query,query,finetune_dataset,data_177.pt,14650.0,exphormer_lite,2,50,paper_exact_seed2,4.707441806793213,4.300556659698486,0.40688514709472656,0.05999999865889549,0.10573399811983109,0.04573399946093559,0.03999999910593033,0.06676754355430603,0.026767544448375702,0.09000000357627869,0.13866868615150452,0.04866868257522583,0.03999999910593033,0.014333553612232208,0.02566644549369812
32cf6e43afec35ad,gemm-p,gemm-p,lv2:__PARA__L0-1.__PARA__L1-4.__PARA__L2-1.__PARA__L3-1.__PIPE__L0-off.__PIPE__L2-flatten.__TILE__L0-1.__TILE__L2-80,target,query,query,finetune_dataset,data_288.pt,32587.0,exphormer_lite,2,50,paper_exact_seed2,4.130743980407715,4.128626346588135,0.002117633819580078,0.029999999329447746,0.021686509251594543,0.008313490077853203,0.009999999776482582,-0.015276134014129639,0.02527613379061222,0.019999999552965164,-0.008750677108764648,0.028750676661729813,0.05000000074505806,0.04200916737318039,0.00799083337187767
396e05dbe851e2f4,gemm-p,gemm-p,lv2:__PARA__L0-1.__PARA__L1-1.__PARA__L2-2.__PARA__L3-14.__PIPE__L0-off.__PIPE__L2-NA.__TILE__L0-1.__TILE__L2-1,target,query,query,finetune_dataset,data_138.pt,108370.0,exphormer_lite,2,50,paper_exact_seed2,3.2639453411102295,3.572631597518921,0.3086862564086914,0.05000000074505806,0.04959601163864136,0.00040398910641670227,0.019999999552965164,0.013204485177993774,0.00679551437497139,0.05000000074505806,0.036917686462402344,0.013082314282655716,0.029999999329447746,0.031113632023334503,0.001113632693886757
2f9f4901901789d3,gemm-p,gemm-p,lv2:__PARA__L0-1.__PARA__L1-1.__PARA__L2-1.__PARA__L3-10.__PIPE__L0-off.__PIPE__L2-off.__TILE__L0-1.__TILE__L2-1,target,query,query,finetune_dataset,data_80.pt,158833.0,exphormer_lite,2,50,paper_exact_seed2,2.988172769546509,2.841017484664917,0.1471552848815918,0.019999999552965164,0.009845778346061707,0.010154221206903458,0.009999999776482582,0.0040546804666519165,0.005945319309830666,0.019999999552965164,-0.005102694034576416,0.02510269358754158,0.029999999329447746,0.029230959713459015,0.0007690396159887314
0316df0ba1e1469b,gemm-p,gemm-p,lv2:__PARA__L0-1.__PARA__L1-1.__PARA__L2-4.__PARA__L3-2.__PIPE__L0-off.__PIPE__L2-off.__TILE__L0-1.__TILE__L2-1,target,query,query,finetune_dataset,data_181.pt,51551.0,exphormer_lite,2,50,paper_exact_seed2,3.799891948699951,3.711336374282837,0.08855557441711426,0.019999999552965164,0.04583173990249634,0.025831740349531174,0.009999999776482582,0.01806636154651642,0.008066361770033836,0.019999999552965164,0.05668753385543823,0.03668753430247307,0.019999999552965164,0.017515674233436584,0.0024843253195285797
80bca34061fd0f83,gemm-p,gemm-p,lv2:__PARA__L0-10.__PARA__L1-32.__PARA__L2-10.__PARA__L3-1.__PIPE__L0-NA.__PIPE__L2-flatten.__TILE__L0-1.__TILE__L2-8,target,query,query,finetune_dataset,data_335.pt,11083.0,exphormer_lite,2,50,paper_exact_seed2,4.908718109130859,4.9673309326171875,0.058612823486328125,0.23000000417232513,0.2524055540561676,0.022405549883842468,0.1599999964237213,0.17993921041488647,0.01993921399116516,0.2199999988079071,0.24592185020446777,0.02592185139656067,0.009999999776482582,0.009983912110328674,1.6087666153907776e-05
cf80b0e06ab7b3da,gemm-p,gemm-p,lv2:__PARA__L0-1.__PARA__L1-5.__PARA__L2-16.__PARA__L3-1.__PIPE__L0-off.__PIPE__L2-flatten.__TILE__L0-1.__TILE__L2-1,target,query,query,finetune_dataset,data_307.pt,11227.0,exphormer_lite,2,50,paper_exact_seed2,4.8994059562683105,4.799209117889404,0.10019683837890625,0.3199999928474426,0.22083249688148499,0.09916749596595764,0.23999999463558197,0.13875874876976013,0.10124124586582184,0.36000001430511475,0.2383650839328766,0.12163493037223816,0.009999999776482582,7.742643356323242e-05,0.00992257334291935
2040c35f05b537b6,gemm-p,gemm-p,lv2:__PARA__L0-1.__PARA__L1-1.__PARA__L2-4.__PARA__L3-5.__PIPE__L0-off.__PIPE__L2-off.__TILE__L0-1.__TILE__L2-2,target,query,query,finetune_dataset,data_186.pt,592860.0,exphormer_lite,2,50,paper_exact_seed2,2.0380823612213135,2.2089574337005615,0.17087507247924805,0.009999999776482582,0.0060599446296691895,0.003940055146813393,0.0,-0.01165926456451416,0.01165926456451416,0.0,0.022523164749145508,0.022523164749145508,0.029999999329447746,0.018637344241142273,0.011362655088305473
c5791db1d59b0697,gemm-p,gemm-p,lv2:__PARA__L0-1.__PARA__L1-2.__PARA__L2-2.__PARA__L3-70.__PIPE__L0-off.__PIPE__L2-off.__TILE__L0-1.__TILE__L2-1,target,query,query,finetune_dataset,data_256.pt,33547.0,exphormer_lite,2,50,paper_exact_seed2,4.109800338745117,4.127596378326416,0.017796039581298828,0.03999999910593033,0.06340275704860687,0.023402757942676544,0.019999999552965164,0.05129173398017883,0.03129173442721367,0.019999999552965164,0.06311482191085815,0.04311482235789299,0.009999999776482582,0.020562760531902313,0.010562760755419731
2b251a0cc9266ecf,gemm-p,gemm-p,lv2:__PARA__L0-1.__PARA__L1-1.__PARA__L2-16.__PARA__L3-7.__PIPE__L0-off.__PIPE__L2-off.__TILE__L0-1.__TILE__L2-1,target,query,query,finetune_dataset,data_130.pt,15723.0,exphormer_lite,2,50,paper_exact_seed2,4.656454086303711,4.496696949005127,0.15975713729858398,0.12999999523162842,0.13851772248744965,0.008517727255821228,0.07999999821186066,0.08983974903821945,0.009839750826358795,0.20000000298023224,0.19695082306861877,0.0030491799116134644,0.019999999552965164,0.009491324424743652,0.010508675128221512
4b09448f98193400,gemm-p,gemm-p,lv2:__PARA__L0-1.__PARA__L1-1.__PARA__L2-1.__PARA__L3-14.__PIPE__L0-off.__PIPE__L2-off.__TILE__L0-1.__TILE__L2-2,target,query,query,finetune_dataset,data_84.pt,417715.0,exphormer_lite,2,50,paper_exact_seed2,2.2906687259674072,2.4915695190429688,0.20090079307556152,0.009999999776482582,0.03513108193874359,0.02513108216226101,0.0,0.006374582648277283,0.006374582648277283,0.0,-0.014320522546768188,0.014320522546768188,0.019999999552965164,0.028730787336826324,0.00873078778386116
6974af566d331d1d,gemm-p,gemm-p,lv2:__PARA__L0-1.__PARA__L1-1.__PARA__L2-16.__PARA__L3-10.__PIPE__L0-off.__PIPE__L2-off.__TILE__L0-1.__TILE__L2-1,target,query,query,finetune_dataset,data_122.pt,12850.0,exphormer_lite,2,50,paper_exact_seed2,4.802008152008057,4.750273704528809,0.05173444747924805,0.17000000178813934,0.16538824141025543,0.004611760377883911,0.10999999940395355,0.10713638365268707,0.0028636157512664795,0.27000001072883606,0.21384407579898834,0.05615593492984772,0.009999999776482582,0.008989572525024414,0.001010427251458168
298a63f3c60efac6,gemm-p,gemm-p,lv2:__PARA__L0-10.__PARA__L1-32.__PARA__L2-1.__PARA__L3-1.__PIPE__L0-off.__PIPE__L2-flatten.__TILE__L0-1.__TILE__L2-80,target,query,query,finetune_dataset,data_334.pt,38283.0,exphormer_lite,2,50,paper_exact_seed2,4.014540195465088,4.025569915771484,0.011029720306396484,0.05999999865889549,0.07210038602352142,0.01210038736462593,0.019999999552965164,0.055774345993995667,0.0357743464410305,0.03999999910593033,0.0840238630771637,0.04402386397123337,0.05000000074505806,0.03686733543872833,0.013132665306329727
23145cd5e1131852,gemm-p,gemm-p,lv2:__PARA__L0-1.__PARA__L1-2.__PARA__L2-1.__PARA__L3-1.__PIPE__L0-off.__PIPE__L2-flatten.__TILE__L0-1.__TILE__L2-1,target,query,query,finetune_dataset,data_240.pt,33247.0,exphormer_lite,2,50,paper_exact_seed2,4.1162800788879395,4.115072727203369,0.0012073516845703125,0.029999999329447746,0.014921069145202637,0.01507893018424511,0.009999999776482582,-0.01926863193511963,0.02926863171160221,0.019999999552965164,-0.017069995403289795,0.03706999495625496,0.05000000074505806,0.030594423413276672,0.019405577331781387
2d2deba5a323b304,gemm-p,gemm-p,lv2:__PARA__L0-5.__PARA__L1-32.__PARA__L2-16.__PARA__L3-1.__PIPE__L0-NA.__PIPE__L2-flatten.__TILE__L0-1.__TILE__L2-1,target,query,query,finetune_dataset,data_416.pt,9680.0,exphormer_lite,2,50,paper_exact_seed2,5.00635290145874,5.095003128051758,0.08865022659301758,0.3499999940395355,0.3104555010795593,0.039544492959976196,0.23999999463558197,0.19854064285755157,0.041459351778030396,0.36000001430511475,0.26914384961128235,0.0908561646938324,0.009999999776482582,-0.00530097633600235,0.015300976112484932
6e5c2cdd9eaec4b2,gemm-p,gemm-p,lv2:__PARA__L0-1.__PARA__L1-2.__PARA__L2-1.__PARA__L3-70.__PIPE__L0-off.__PIPE__L2-off.__TILE__L0-1.__TILE__L2-1,target,query,query,finetune_dataset,data_246.pt,33247.0,exphormer_lite,2,50,paper_exact_seed2,4.1162800788879395,3.535971164703369,0.5803089141845703,0.029999999329447746,0.014425382018089294,0.015574617311358452,0.009999999776482582,0.017930760979652405,0.007930761203169823,0.019999999552965164,0.019937753677368164,6.224587559700012e-05,0.05000000074505806,0.041028931736946106,0.008971069008111954
a8d1f1840483035f,gemm-p,gemm-p,lv2:__PARA__L0-1.__PARA__L1-5.__PARA__L2-2.__PARA__L3-1.__PIPE__L0-off.__PIPE__L2-flatten.__TILE__L0-1.__TILE__L2-2,target,query,query,finetune_dataset,data_311.pt,425416.0,exphormer_lite,2,50,paper_exact_seed2,2.2774908542633057,3.1211910247802734,0.8437001705169678,0.20000000298023224,0.10525201261043549,0.09474799036979675,0.029999999329447746,0.010337233543395996,0.01966276578605175,0.019999999552965164,0.043597400188446045,0.02359740063548088,0.009999999776482582,0.02547532320022583,0.015475323423743248
2bd3a5f7e7748f97,gemm-p,gemm-p,lv2:__PARA__L0-4.__PARA__L1-32.__PARA__L2-10.__PARA__L3-1.__PIPE__L0-off.__PIPE__L2-flatten.__TILE__L0-1.__TILE__L2-8,target,query,query,finetune_dataset,data_408.pt,9914.0,exphormer_lite,2,50,paper_exact_seed2,4.98912239074707,4.991342067718506,0.002219676971435547,0.23000000417232513,0.250216007232666,0.02021600306034088,0.1599999964237213,0.13838833570480347,0.021611660718917847,0.2199999988079071,0.22445431351661682,0.004454314708709717,0.009999999776482582,-0.0034163594245910645,0.013416359201073647
2d76745aabbd6108,gemm-p,gemm-p,lv2:__PARA__L0-1.__PARA__L1-2.__PARA__L2-5.__PARA__L3-70.__PIPE__L0-off.__PIPE__L2-off.__TILE__L0-1.__TILE__L2-1,target,query,query,finetune_dataset,data_262.pt,17009.0,exphormer_lite,2,50,paper_exact_seed2,4.599742889404297,4.642543315887451,0.0428004264831543,0.10000000149011612,0.15569724142551422,0.0556972399353981,0.07000000029802322,0.10281485319137573,0.03281485289335251,0.10999999940395355,0.14243492484092712,0.03243492543697357,0.009999999776482582,0.00649154931306839,0.003508450463414192
43d18c5165979f67,gemm-p,gemm-p,lv2:__PARA__L0-1.__PARA__L1-1.__PARA__L2-1.__PARA__L3-1.__PIPE__L0-off.__PIPE__L2-off.__TILE__L0-1.__TILE__L2-1,target,query,query,finetune_dataset,data_79.pt,461231.0,exphormer_lite,2,50,paper_exact_seed2,2.2191834449768066,2.435986280441284,0.21680283546447754,0.0,-0.04121895134449005,0.04121895134449005,0.0,-0.018815964460372925,0.018815964460372925,0.0,-0.030537128448486328,0.030537128448486328,0.009999999776482582,0.015105649828910828,0.0051056500524282455
ee521b66d72488d4,gemm-p,gemm-p,lv2:__PARA__L0-1.__PARA__L1-1.__PARA__L2-8.__PARA__L3-2.__PIPE__L0-off.__PIPE__L2-off.__TILE__L0-1.__TILE__L2-2,target,query,query,finetune_dataset,data_222.pt,913796.0,exphormer_lite,2,50,paper_exact_seed2,1.7259920835494995,2.0702245235443115,0.344232439994812,0.009999999776482582,0.010203912854194641,0.00020391307771205902,0.0,-0.02567051351070404,0.02567051351070404,0.0,-0.009604573249816895,0.009604573249816895,0.019999999552965164,0.024774424731731415,0.004774425178766251
5e8aba50d737ff09,gemm-p,gemm-p,lv2:__PARA__L0-1.__PARA__L1-1.__PARA__L2-16.__PARA__L3-5.__PIPE__L0-off.__PIPE__L2-NA.__TILE__L0-1.__TILE__L2-1,target,query,query,finetune_dataset,data_127.pt,33064.0,exphormer_lite,2,50,paper_exact_seed2,4.1202616691589355,4.246086120605469,0.1258244514465332,0.1599999964237213,0.11222191900014877,0.04777807742357254,0.07000000029802322,0.0688716322183609,0.001128368079662323,0.15000000596046448,0.12711387872695923,0.02288612723350525,0.05999999865889549,0.007435262203216553,0.05256473645567894
4675658dc113ab33,gemm-p,gemm-p,lv2:__PARA__L0-4.__PARA__L1-16.__PARA__L2-16.__PARA__L3-1.__PIPE__L0-NA.__PIPE__L2-flatten.__TILE__L0-1.__TILE__L2-1,target,query,query,finetune_dataset,data_403.pt,9642.0,exphormer_lite,2,50,paper_exact_seed2,5.009190082550049,5.161921501159668,0.15273141860961914,0.3499999940395355,0.3072529435157776,0.042747050523757935,0.23999999463558197,0.19653798639774323,0.043462008237838745,0.36000001430511475,0.265353262424469,0.09464675188064575,0.009999999776482582,-0.011886440217494965,0.021886439993977547
3c323e9746495040,gemm-p,gemm-p,lv2:__PARA__L0-1.__PARA__L1-32.__PARA__L2-1.__PARA__L3-1.__PIPE__L0-off.__PIPE__L2-flatten.__TILE__L0-1.__TILE__L2-80,target,query,query,finetune_dataset,data_268.pt,31567.0,exphormer_lite,2,50,paper_exact_seed2,4.153683662414551,4.241311073303223,0.08762741088867188,0.029999999329447746,0.020006418228149414,0.009993581101298332,0.019999999552965164,-0.006544247269630432,0.026544246822595596,0.03999999910593033,-0.00570639967918396,0.04570639878511429,0.05000000074505806,0.04752618074417114,0.002473820000886917
f155813f1414fb40,gemm-p,gemm-p,lv2:__PARA__L0-1.__PARA__L1-70.__PARA__L2-1.__PARA__L3-32.__PIPE__L0-off.__PIPE__L2-off.__TILE__L0-1.__TILE__L2-80,target,query,query,finetune_dataset,data_326.pt,251089.0,exphormer_lite,2,50,paper_exact_seed2,2.6578285694122314,2.544525146484375,0.11330342292785645,0.029999999329447746,0.017809495329856873,0.012190503999590874,0.019999999552965164,-0.01869383454322815,0.038693834096193314,0.07999999821186066,-0.010067373514175415,0.09006737172603607,0.03999999910593033,0.026627108454704285,0.013372890651226044
3abca6a56e6f2142,gemm-p,gemm-p,lv2:__PARA__L0-1.__PARA__L1-8.__PARA__L2-16.__PARA__L3-1.__PIPE__L0-off.__PIPE__L2-flatten.__TILE__L0-1.__TILE__L2-1,target,query,query,finetune_dataset,data_331.pt,11167.0,exphormer_lite,2,50,paper_exact_seed2,4.903271198272705,4.836572647094727,0.06669855117797852,0.3199999928474426,0.22855323553085327,0.09144675731658936,0.23999999463558197,0.14325875043869019,0.09674124419689178,0.36000001430511475,0.24163979291915894,0.11836022138595581,0.009999999776482582,-0.0005900636315345764,0.010590063408017159
12af4cbbb23a055b,gemm-p,gemm-p,lv2:__PARA__L0-1.__PARA__L1-1.__PARA__L2-2.__PARA__L3-1.__PIPE__L0-off.__PIPE__L2-flatten.__TILE__L0-1.__TILE__L2-1,target,query,query,finetune_dataset,data_133.pt,35647.0,exphormer_lite,2,50,paper_exact_seed2,4.066001892089844,4.074297904968262,0.008296012878417969,0.03999999910593033,0.07577486336231232,0.03577486425638199,0.019999999552965164,0.022314950823783875,0.0023149512708187103,0.019999999552965164,0.04086235165596008,0.02086235210299492,0.009999999776482582,0.016418784856796265,0.0064187850803136826
0603f124845f13e3,gemm-p,gemm-p,lv2:__PARA__L0-30.__PARA__L1-32.__PARA__L2-10.__PARA__L3-1.__PIPE__L0-NA.__PIPE__L2-flatten.__TILE__L0-2.__TILE__L2-1,target,query,query,finetune_dataset,data_392.pt,15139.0,exphormer_lite,2,50,paper_exact_seed2,4.683757305145264,4.802677631378174,0.11892032623291016,0.23000000417232513,0.28283992409706116,0.05283991992473602,0.1599999964237213,0.19842782616615295,0.03842782974243164,0.2199999988079071,0.27967414259910583,0.05967414379119873,0.009999999776482582,-0.0008741170167922974,0.01087411679327488
eebad30dd85f618c,gemm-p,gemm-p,lv2:__PARA__L0-1.__PARA__L1-1.__PARA__L2-5.__PARA__L3-14.__PIPE__L0-off.__PIPE__L2-off.__TILE__L0-1.__TILE__L2-1,target,query,query,finetune_dataset,data_199.pt,15452.0,exphormer_lite,2,50,paper_exact_seed2,4.668995380401611,4.509787559509277,0.15920782089233398,0.07000000029802322,0.1415131837129593,0.07151318341493607,0.05000000074505806,0.09160661697387695,0.04160661622881889,0.10999999940395355,0.17912432551383972,0.06912432610988617,0.03999999910593033,0.00970795750617981,0.03029204159975052
91bd08a09160f90f,gemm-p,gemm-p,lv2:__PARA__L0-2.__PARA__L1-32.__PARA__L2-1.__PARA__L3-1.__PIPE__L0-off.__PIPE__L2-flatten.__TILE__L0-1.__TILE__L2-80,target,query,query,finetune_dataset,data_366.pt,31323.0,exphormer_lite,2,50,paper_exact_seed2,4.159280776977539,4.183704376220703,0.024423599243164062,0.05999999865889549,0.061757251620292664,0.001757252961397171,0.019999999552965164,0.028812333941459656,0.008812334388494492,0.03999999910593033,0.03736567497253418,0.0026343241333961487,0.05000000074505806,0.04601548984646797,0.003984510898590088
0672e73f8bfbb77c,gemm-p,gemm-p,lv2:__PARA__L0-1.__PARA__L1-14.__PARA__L2-1.__PARA__L3-32.__PIPE__L0-off.__PIPE__L2-off.__TILE__L0-1.__TILE__L2-1,target,query,query,finetune_dataset,data_232.pt,285169.0,exphormer_lite,2,50,paper_exact_seed2,2.5660195350646973,2.6769943237304688,0.11097478866577148,0.019999999552965164,0.0289982408285141,0.008998241275548935,0.009999999776482582,0.012205749750137329,0.002205749973654747,0.009999999776482582,0.04822331666946411,0.03822331875562668,0.05000000074505806,0.041189663112163544,0.008810337632894516
1df20d1da09ff72e,gemm-p,gemm-p,lv2:__PARA__L0-1.__PARA__L1-32.__PARA__L2-10.__PARA__L3-1.__PIPE__L0-off.__PIPE__L2-flatten.__TILE__L0-1.__TILE__L2-8,target,query,query,finetune_dataset,data_277.pt,11167.0,exphormer_lite,2,50,paper_exact_seed2,4.903271198272705,4.110871315002441,0.7923998832702637,0.20999999344348907,0.2278253734111786,0.017825379967689514,0.15000000596046448,0.11904451251029968,0.030955493450164795,0.2199999988079071,0.18217378854751587,0.037826210260391235,0.009999999776482582,0.0022930651903152466,0.0077069345861673355
46580acbb8d130f0,gemm-p,gemm-p,lv2:__PARA__L0-1.__PARA__L1-32.__PARA__L2-10.__PARA__L3-1.__PIPE__L0-off.__PIPE__L2-flatten.__TILE__L0-60.__TILE__L2-1,target,query,query,finetune_dataset,data_280.pt,11167.0,exphormer_lite,2,50,paper_exact_seed2,4.903271198272705,4.879199504852295,0.024071693420410156,0.20999999344348907,0.222995325922966,0.012995332479476929,0.15000000596046448,0.1320158690214157,0.017984136939048767,0.2199999988079071,0.23601534962654114,0.016015350818634033,0.009999999776482582,-0.0011592432856559753,0.011159243062138557
4dad3dd4a98d07e4,gemm-p,gemm-p,lv2:__PARA__L0-1.__PARA__L1-1.__PARA__L2-5.__PARA__L3-5.__PIPE__L0-off.__PIPE__L2-NA.__TILE__L0-1.__TILE__L2-1,target,query,query,finetune_dataset,data_205.pt,57185.0,exphormer_lite,2,50,paper_exact_seed2,3.72507381439209,3.8215696811676025,0.0964958667755127,0.05000000074505806,0.06688368320465088,0.01688368245959282,0.019999999552965164,0.03163707256317139,0.011637073010206223,0.05000000074505806,0.07625165581703186,0.0262516550719738,0.029999999329447746,0.012580305337905884,0.017419693991541862
5256d90470dcb20f,gemm-p,gemm-p,lv2:__PARA__L0-1.__PARA__L1-1.__PARA__L2-4.__PARA__L3-70.__PIPE__L0-off.__PIPE__L2-NA.__TILE__L0-1.__TILE__L2-1,target,query,query,finetune_dataset,data_192.pt,23947.0,exphormer_lite,2,50,paper_exact_seed2,4.352969646453857,4.42393159866333,0.07096195220947266,0.07999999821186066,0.12868618965148926,0.0486861914396286,0.05000000074505806,0.09316754341125488,0.04316754266619682,0.05000000074505806,0.1242130696773529,0.07421307265758514,0.009999999776482582,0.01161050796508789,0.0016105081886053085
c2ee75a2842c4990,gemm-p,gemm-p,lv2:__PARA__L0-1.__PARA__L1-1.__PARA__L2-8.__PARA__L3-1.__PIPE__L0-off.__PIPE__L2-flatten.__TILE__L0-1.__TILE__L2-1,target,query,query,finetune_dataset,data_213.pt,15487.0,exphormer_lite,2,50,paper_exact_seed2,4.667363166809082,4.667538642883301,0.00017547607421875,0.17000000178813934,0.1588742434978485,0.011125758290290833,0.11999999731779099,0.11273779720067978,0.007262200117111206,0.18000000715255737,0.20560021698474884,0.025600209832191467,0.009999999776482582,-0.001971118152141571,0.011971117928624153
c03aaad6566026ef,gemm-p,gemm-p,lv2:__PARA__L0-1.__PARA__L1-1.__PARA__L2-16.__PARA__L3-1.__PIPE__L0-off.__PIPE__L2-flatten.__TILE__L0-1.__TILE__L2-1,target,query,query,finetune_dataset,data_120.pt,14587.0,exphormer_lite,2,50,paper_exact_seed2,4.710550308227539,4.675222873687744,0.03532743453979492,0.3199999928474426,0.21376840770244598,0.10623158514499664,0.23999999463558197,0.1376703977584839,0.10232959687709808,0.36000001430511475,0.2332444190979004,0.12675559520721436,0.009999999776482582,0.0051269084215164185,0.004873091354966164
b5eb6d88728a2b5b,gemm-p,gemm-p,lv2:__PARA__L0-15.__PARA__L1-32.__PARA__L2-16.__PARA__L3-1.__PIPE__L0-off.__PIPE__L2-flatten.__TILE__L0-1.__TILE__L2-1,target,query,query,finetune_dataset,data_357.pt,11552.0,exphormer_lite,2,50,paper_exact_seed2,4.878820896148682,4.784792900085449,0.09402799606323242,0.3499999940395355,0.27562251687049866,0.07437747716903687,0.23999999463558197,0.20895794034004211,0.031042054295539856,0.36000001430511475,0.28435981273651123,0.07564020156860352,0.009999999776482582,0.009991765022277832,8.234754204750061e-06
75d6d53935daab05,gemm-p,gemm-p,lv2:__PARA__L0-1.__PARA__L1-1.__PARA__L2-20.__PARA__L3-2.__PIPE__L0-off.__PIPE__L2-off.__TILE__L0-1.__TILE__L2-1,target,query,query,finetune_dataset,data_163.pt,18551.0,exphormer_lite,2,50,paper_exact_seed2,4.537143707275391,3.456979990005493,1.0801637172698975,0.07999999821186066,0.08527162671089172,0.005271628499031067,0.05000000074505806,0.04593004286289215,0.004069957882165909,0.10000000149011612,0.09258365631103516,0.007416345179080963,0.029999999329447746,0.016986817121505737,0.013013182207942009
8fe44ff51cb16406,gemm-p,gemm-p,lv2:__PARA__L0-1.__PARA__L1-32.__PARA__L2-16.__PARA__L3-1.__PIPE__L0-off.__PIPE__L2-flatten.__TILE__L0-60.__TILE__L2-1,target,query,query,finetune_dataset,data_286.pt,10807.0,exphormer_lite,2,50,paper_exact_seed2,4.92690896987915,4.883875846862793,0.04303312301635742,0.33000001311302185,0.25247806310653687,0.07752195000648499,0.23999999463558197,0.15208715200424194,0.08791284263134003,0.36000001430511475,0.25561755895614624,0.1043824553489685,0.009999999776482582,0.003610074520111084,0.006389925256371498
1a4493c05bc1e5d5,gemm-p,gemm-p,lv2:__PARA__L0-1.__PARA__L1-1.__PARA__L2-10.__PARA__L3-1.__PIPE__L0-off.__PIPE__L2-flatten.__TILE__L0-1.__TILE__L2-1,target,query,query,finetune_dataset,data_101.pt,14947.0,exphormer_lite,2,50,paper_exact_seed2,4.69296407699585,4.710292339324951,0.017328262329101562,0.20999999344348907,0.17613288760185242,0.03386710584163666,0.15000000596046448,0.12166090309619904,0.028339102864265442,0.2199999988079071,0.218752920627594,0.0012470781803131104,0.009999999776482582,-0.0011608153581619263,0.011160815134644508
6542924bdc2c5f94,gemm-p,gemm-p,lv2:__PARA__L0-1.__PARA__L1-1.__PARA__L2-1.__PARA__L3-5.__PIPE__L0-off.__PIPE__L2-off.__TILE__L0-1.__TILE__L2-4,target,query,query,finetune_dataset,data_94.pt,570770.0,exphormer_lite,2,50,paper_exact_seed2,2.0654733180999756,2.1882717609405518,0.12279844284057617,0.009999999776482582,0.016015663743019104,0.006015663966536522,0.0,0.026823237538337708,0.026823237538337708,0.0,0.011950910091400146,0.011950910091400146,0.019999999552965164,0.020547837018966675,0.0005478374660015106
c9538e7fb963f114,gemm-p,gemm-p,lv2:__PARA__L0-1.__PARA__L1-4.__PARA__L2-1.__PARA__L3-32.__PIPE__L0-off.__PIPE__L2-off.__TILE__L0-1.__TILE__L2-1,target,query,query,finetune_dataset,data_289.pt,286369.0,exphormer_lite,2,50,paper_exact_seed2,2.562990427017212,2.602531909942627,0.03954148292541504,0.009999999776482582,0.018380001187324524,0.008380001410841942,0.0,0.010043278336524963,0.010043278336524963,0.0,0.024857670068740845,0.024857670068740845,0.05000000074505806,0.03572271764278412,0.014277283102273941
4906c8bd40b87d68,gemm-p,gemm-p,lv2:__PARA__L0-1.__PARA__L1-1.__PARA__L2-4.__PARA__L3-2.__PIPE__L0-off.__PIPE__L2-NA.__TILE__L0-1.__TILE__L2-1,target,query,query,finetune_dataset,data_180.pt,91931.0,exphormer_lite,2,50,paper_exact_seed2,3.3826165199279785,3.5016982555389404,0.11908173561096191,0.029999999329447746,0.05485053360462189,0.02485053427517414,0.009999999776482582,0.020372644066810608,0.010372644290328026,0.019999999552965164,0.06506115198135376,0.045061152428388596,0.019999999552965164,0.014492705464363098,0.005507294088602066
d29de04a627b59bc,gemm-p,gemm-p,lv2:__PARA__L0-1.__PARA__L1-1.__PARA__L2-20.__PARA__L3-14.__PIPE__L0-off.__PIPE__L2-NA.__TILE__L0-1.__TILE__L2-1,target,query,query,finetune_dataset,data_159.pt,27370.0,exphormer_lite,2,50,paper_exact_seed2,4.256594657897949,4.81397819519043,0.5573835372924805,0.4300000071525574,0.2236146181821823,0.20638538897037506,0.20999999344348907,0.1515883356332779,0.05841165781021118,0.47999998927116394,0.22059795260429382,0.2594020366668701,0.009999999776482582,0.007855944335460663,0.0021440554410219193
3d0ea503979644e9,gemm-p,gemm-p,lv2:__PARA__L0-1.__PARA__L1-2.__PARA__L2-4.__PARA__L3-70.__PIPE__L0-off.__PIPE__L2-off.__TILE__L0-1.__TILE__L2-1,target,query,query,finetune_dataset,data_259.pt,21847.0,exphormer_lite,2,50,paper_exact_seed2,4.419174671173096,4.568145275115967,0.1489706039428711,0.07999999821186066,0.13476449251174927,0.05476449429988861,0.05000000074505806,0.09111038595438004,0.041110385209321976,0.05000000074505806,0.12736475467681885,0.07736475765705109,0.009999999776482582,0.008566513657569885,0.0014334861189126968
a63bb764dd0bd35e,gemm-p,gemm-p,lv2:__PARA__L0-1.__PARA__L1-2.__PARA__L2-2.__PARA__L3-70.__PIPE__L0-off.__PIPE__L2-NA.__TILE__L0-1.__TILE__L2-1,target,query,query,finetune_dataset,data_255.pt,33547.0,exphormer_lite,2,50,paper_exact_seed2,4.109800338745117,4.171733856201172,0.06193351745605469,0.03999999910593033,0.08260425925254822,0.04260426014661789,0.019999999552965164,0.06290806829929352,0.042908068746328354,0.019999999552965164,0.07606352865695953,0.05606352910399437,0.009999999776482582,0.02078673243522644,0.010786732658743858
062cf9172432596b,gemm-p,gemm-p,lv2:__PARA__L0-1.__PARA__L1-1.__PARA__L2-5.__PARA__L3-2.__PIPE__L0-off.__PIPE__L2-off.__TILE__L0-1.__TILE__L2-4,target,query,query,finetune_dataset,data_204.pt,886397.0,exphormer_lite,2,50,paper_exact_seed2,1.747951626777649,1.7458988428115845,0.002052783966064453,0.009999999776482582,0.032239317893981934,0.02223931811749935,0.0,-0.03267213702201843,0.03267213702201843,0.0,-0.0015705227851867676,0.0015705227851867676,0.019999999552965164,0.01377706229686737,0.006222937256097794
bf75c65558b7a94c,gemm-p,gemm-p,lv2:__PARA__L0-4.__PARA__L1-32.__PARA__L2-1.__PARA__L3-1.__PIPE__L0-off.__PIPE__L2-flatten.__TILE__L0-1.__TILE__L2-80,target,query,query,finetune_dataset,data_406.pt,33034.0,exphormer_lite,2,50,paper_exact_seed2,4.120916366577148,4.045365810394287,0.07555055618286133,0.05999999865889549,0.05967503786087036,0.0003249607980251312,0.019999999552965164,0.0330655574798584,0.013065557926893234,0.03999999910593033,0.047680675983428955,0.007680676877498627,0.05000000074505806,0.04765694588422775,0.002343054860830307
230bcf10aafe80b9,gemm-p,gemm-p,lv2:__PARA__L0-1.__PARA__L1-1.__PARA__L2-16.__PARA__L3-5.__PIPE__L0-off.__PIPE__L2-off.__TILE__L0-1.__TILE__L2-1,target,query,query,finetune_dataset,data_128.pt,16504.0,exphormer_lite,2,50,paper_exact_seed2,4.621484279632568,4.2712931632995605,0.3501911163330078,0.09000000357627869,0.12062693387269974,0.03062693029642105,0.05999999865889549,0.07271115481853485,0.012711156159639359,0.14000000059604645,0.1698586642742157,0.02985866367816925,0.05999999865889549,0.009687170386314392,0.0503128282725811
1e2950aa36b473a1,gemm-p,gemm-p,lv2:__PARA__L0-1.__PARA__L1-1.__PARA__L2-16.__PARA__L3-2.__PIPE__L0-off.__PIPE__L2-off.__TILE__L0-1.__TILE__L2-1,target,query,query,finetune_dataset,data_126.pt,20651.0,exphormer_lite,2,50,paper_exact_seed2,4.459786415100098,3.4902594089508057,0.969527006149292,0.07000000029802322,0.07866239547729492,0.008662395179271698,0.03999999910593033,0.04430820047855377,0.004308201372623444,0.07999999821186066,0.08851242065429688,0.008512422442436218,0.029999999329447746,0.01639336347579956,0.013606635853648186
35ed257ed45696a8,gemm-p,gemm-p,lv2:__PARA__L0-1.__PARA__L1-1.__PARA__L2-10.__PARA__L3-5.__PIPE__L0-off.__PIPE__L2-NA.__TILE__L0-1.__TILE__L2-1,target,query,query,finetune_dataset,data_112.pt,38704.0,exphormer_lite,2,50,paper_exact_seed2,4.006650924682617,4.146175384521484,0.1395244598388672,0.10999999940395355,0.08689156174659729,0.023108437657356262,0.05000000074505806,0.05016788840293884,0.00016788765788078308,0.10000000149011612,0.09633862972259521,0.0036613717675209045,0.029999999329447746,0.010893478989601135,0.01910652033984661
fd12076d9b88cbf5,gemm-p,gemm-p,lv2:__PARA__L0-1.__PARA__L1-1.__PARA__L2-2.__PARA__L3-7.__PIPE__L0-off.__PIPE__L2-NA.__TILE__L0-1.__TILE__L2-1,target,query,query,finetune_dataset,data_150.pt,111184.0,exphormer_lite,2,50,paper_exact_seed2,3.2454535961151123,3.4819703102111816,0.23651671409606934,0.029999999329447746,0.04795689880847931,0.017956899479031563,0.009999999776482582,0.005364969372749329,0.0046350304037332535,0.019999999552965164,0.032974570989608765,0.0129745714366436,0.019999999552965164,0.024635136127471924,0.00463513657450676
1e44fed449c41549,gemm-p,gemm-p,lv2:__PARA__L0-1.__PARA__L1-1.__PARA__L2-20.__PARA__L3-10.__PIPE__L0-off.__PIPE__L2-off.__TILE__L0-1.__TILE__L2-2,target,query,query,finetune_dataset,data_158.pt,150655.0,exphormer_lite,2,50,paper_exact_seed2,3.026303768157959,2.967031717300415,0.059272050857543945,0.05000000074505806,0.09738940000534058,0.047389399260282516,0.03999999910593033,0.02527680993080139,0.014723189175128937,0.05999999865889549,0.09476114809513092,0.03476114943623543,0.009999999776482582,0.017691731452941895,0.0076917316764593124
8182068f572e5954,gemm-p,gemm-p,lv2:__PARA__L0-1.__PARA__L1-1.__PARA__L2-8.__PARA__L3-5.__PIPE__L0-off.__PIPE__L2-off.__TILE__L0-1.__TILE__L2-1,target,query,query,finetune_dataset,data_224.pt,20465.0,exphormer_lite,2,50,paper_exact_seed2,4.466312885284424,4.1372528076171875,0.32906007766723633,0.05000000074505806,0.0970870852470398,0.047087084501981735,0.029999999329447746,0.05567021667957306,0.025670217350125313,0.07000000029802322,0.14056620001792908,0.07056619971990585,0.03999999910593033,0.008030891418457031,0.0319691076874733
a1f84ba90c06f0c0,gemm-p,gemm-p,lv2:__PARA__L0-1.__PARA__L1-1.__PARA__L2-20.__PARA__L3-5.__PIPE__L0-off.__PIPE__L2-off.__TILE__L0-1.__TILE__L2-2,target,query,query,finetune_dataset,data_167.pt,270229.0,exphormer_lite,2,50,paper_exact_seed2,2.604836940765381,2.505979299545288,0.09885764122009277,0.029999999329447746,0.057795777916908264,0.027795778587460518,0.019999999552965164,0.007768779993057251,0.012231219559907913,0.029999999329447746,0.07036931812763214,0.040369316935539246,0.019999999552965164,0.02863900363445282,0.008639004081487656
d346d5b7f78331b0,gemm-p,gemm-p,lv2:__PARA__L0-1.__PARA__L1-1.__PARA__L2-20.__PARA__L3-5.__PIPE__L0-off.__PIPE__L2-NA.__TILE__L0-1.__TILE__L2-1,target,query,query,finetune_dataset,data_165.pt,30184.0,exphormer_lite,2,50,paper_exact_seed2,4.186000347137451,4.270005226135254,0.08400487899780273,0.20000000298023224,0.1314334273338318,0.06856657564640045,0.10000000149011612,0.08471314609050751,0.015286855399608612,0.1899999976158142,0.16660670936107635,0.023393288254737854,0.019999999552965164,0.010345309972763062,0.009654689580202103
64699350cabf9f9b,gemm-p,gemm-p,lv2:__PARA__L0-5.__PARA__L1-32.__PARA__L2-10.__PARA__L3-1.__PIPE__L0-NA.__PIPE__L2-flatten.__TILE__L0-1.__TILE__L2-8,target,query,query,finetune_dataset,data_414.pt,10100.0,exphormer_lite,2,50,paper_exact_seed2,4.975714683532715,5.047637939453125,0.07192325592041016,0.23000000417232513,0.2545930743217468,0.024593070149421692,0.1599999964237213,0.15605080127716064,0.003949195146560669,0.2199999988079071,0.241665318608284,0.021665319800376892,0.009999999776482582,-0.0047387853264808655,0.014738785102963448
4a3d6776bd7a2804,gemm-p,gemm-p,lv2:__PARA__L0-1.__PARA__L1-1.__PARA__L2-2.__PARA__L3-7.__PIPE__L0-off.__PIPE__L2-off.__TILE__L0-1.__TILE__L2-2,target,query,query,finetune_dataset,data_152.pt,643979.0,exphormer_lite,2,50,paper_exact_seed2,1.9784213304519653,2.2060017585754395,0.22758042812347412,0.009999999776482582,0.0013991445302963257,0.008600855246186256,0.0,-0.013137951493263245,0.013137951493263245,0.0,-0.016095072031021118,0.016095072031021118,0.019999999552965164,0.026527926325798035,0.0065279267728328705
5c03e66d33359257,gemm-p,gemm-p,lv2:__PARA__L0-10.__PARA__L1-32.__PARA__L2-16.__PARA__L3-1.__PIPE__L0-off.__PIPE__L2-flatten.__TILE__L0-1.__TILE__L2-1,target,query,query,finetune_dataset,data_338.pt,10603.0,exphormer_lite,2,50,paper_exact_seed2,4.940655708312988,4.940528869628906,0.00012683868408203125,0.3499999940395355,0.3037789463996887,0.0462210476398468,0.23999999463558197,0.21168816089630127,0.0283118337392807,0.36000001430511475,0.27448365092277527,0.08551636338233948,0.009999999776482582,0.010673470795154572,0.0006734710186719894
0a84efe097d11970,gemm-p,gemm-p,lv2:__PARA__L0-1.__PARA__L1-1.__PARA__L2-5.__PARA__L3-10.__PIPE__L0-off.__PIPE__L2-off.__TILE__L0-1.__TILE__L2-1,target,query,query,finetune_dataset,data_196.pt,17432.0,exphormer_lite,2,50,paper_exact_seed2,4.5820231437683105,4.400408744812012,0.18161439895629883,0.05000000074505806,0.11828590929508209,0.06828591227531433,0.029999999329447746,0.07404115796089172,0.04404115676879883,0.07999999821186066,0.15875671803951263,0.07875671982765198,0.029999999329447746,0.009863540530204773,0.020136458799242973
4c42e6320195dd32,gemm-p,gemm-p,lv2:__PARA__L0-15.__PARA__L1-32.__PARA__L2-10.__PARA__L3-1.__PIPE__L0-off.__PIPE__L2-flatten.__TILE__L0-4.__TILE__L2-1,target,query,query,finetune_dataset,data_354.pt,12092.0,exphormer_lite,2,50,paper_exact_seed2,4.845865726470947,4.792801380157471,0.05306434631347656,0.23000000417232513,0.2767016589641571,0.04670165479183197,0.1599999964237213,0.18799248337745667,0.02799248695373535,0.2199999988079071,0.2614805996417999,0.04148060083389282,0.009999999776482582,0.0015309229493141174,0.008469076827168465
49a327056510f08f,gemm-p,gemm-p,lv2:__PARA__L0-1.__PARA__L1-2.__PARA__L2-4.__PARA__L3-70.__PIPE__L0-off.__PIPE__L2-NA.__TILE__L0-1.__TILE__L2-1,target,query,query,finetune_dataset,data_258.pt,21847.0,exphormer_lite,2,50,paper_exact_seed2,4.419174671173096,4.473318099975586,0.054143428802490234,0.07999999821186066,0.13552147150039673,0.05552147328853607,0.05000000074505806,0.09127411246299744,0.04127411171793938,0.05000000074505806,0.1261337399482727,0.07613374292850494,0.009999999776482582,0.010083615779876709,8.361600339412689e-05
4c09ca4e23088fa0,gemm-p,gemm-p,lv2:__PARA__L0-1.__PARA__L1-5.__PARA__L2-32.__PARA__L3-1.__PIPE__L0-off.__PIPE__L2-flatten.__TILE__L0-1.__TILE__L2-2,target,query,query,finetune_dataset,data_314.pt,65241.0,exphormer_lite,2,50,paper_exact_seed2,3.630002737045288,3.9104418754577637,0.2804391384124756,0.38999998569488525,0.12352389097213745,0.2664760947227478,0.029999999329447746,0.13795292377471924,0.10795292258262634,0.019999999552965164,0.1914542317390442,0.17145423591136932,0.019999999552965164,0.029947035014629364,0.0099470354616642
ab19489e81b4ba29,gemm-p,gemm-p,lv2:__PARA__L0-30.__PARA__L1-16.__PARA__L2-16.__PARA__L3-1.__PIPE__L0-off.__PIPE__L2-flatten.__TILE__L0-1.__TILE__L2-1,target,query,query,finetune_dataset,data_386.pt,14659.0,exphormer_lite,2,50,paper_exact_seed2,4.706998825073242,4.811779499053955,0.10478067398071289,0.3499999940395355,0.25452950596809387,0.09547048807144165,0.23999999463558197,0.18499481678009033,0.05500517785549164,0.36000001430511475,0.2722288966178894,0.08777111768722534,0.009999999776482582,0.001647070050239563,0.008352929726243019
f65d3ed34dd10709,gemm-p,gemm-p,lv2:__PARA__L0-1.__PARA__L1-4.__PARA__L2-1.__PARA__L3-32.__PIPE__L0-off.__PIPE__L2-off.__TILE__L0-60.__TILE__L2-1,target,query,query,finetune_dataset,data_291.pt,286369.0,exphormer_lite,2,50,paper_exact_seed2,2.562990427017212,2.5423007011413574,0.020689725875854492,0.009999999776482582,0.017291292548179626,0.007291292771697044,0.0,0.009912535548210144,0.009912535548210144,0.0,0.031011998653411865,0.031011998653411865,0.05000000074505806,0.03925681114196777,0.010743189603090286
959efd0cce53df30,gemm-p,gemm-p,lv2:__PARA__L0-30.__PARA__L1-32.__PARA__L2-16.__PARA__L3-1.__PIPE__L0-off.__PIPE__L2-flatten.__TILE__L0-1.__TILE__L2-1,target,query,query,finetune_dataset,data_397.pt,14419.0,exphormer_lite,2,50,paper_exact_seed2,4.718906402587891,4.74187707901001,0.02297067642211914,0.3499999940395355,0.27463480830192566,0.07536518573760986,0.23999999463558197,0.2100778967142105,0.02992209792137146,0.36000001430511475,0.3062525689601898,0.05374744534492493,0.009999999776482582,0.004542551934719086,0.005457447841763496
c6eed7436c233fa4,gemm-p,gemm-p,lv2:__PARA__L0-1.__PARA__L1-1.__PARA__L2-5.__PARA__L3-10.__PIPE__L0-off.__PIPE__L2-NA.__TILE__L0-1.__TILE__L2-1,target,query,query,finetune_dataset,data_195.pt,54212.0,exphormer_lite,2,50,paper_exact_seed2,3.7635860443115234,4.00361967086792,0.24003362655639648,0.07999999821186066,0.0749206691980362,0.005079329013824463,0.03999999910593033,0.035005003213882446,0.004994995892047882,0.09000000357627869,0.0738205760717392,0.01617942750453949,0.029999999329447746,0.018368974328041077,0.01163102500140667
0bfe1684da131d58,gemm-p,gemm-p,lv2:__PARA__L0-15.__PARA__L1-16.__PARA__L2-16.__PARA__L3-1.__PIPE__L0-off.__PIPE__L2-flatten.__TILE__L0-1.__TILE__L2-1,target,query,query,finetune_dataset,data_346.pt,11732.0,exphormer_lite,2,50,paper_exact_seed2,4.8676676750183105,4.933387279510498,0.0657196044921875,0.3499999940395355,0.29761767387390137,0.052382320165634155,0.23999999463558197,0.2016642689704895,0.03833572566509247,0.36000001430511475,0.27767685055732727,0.08232316374778748,0.009999999776482582,0.004066780209541321,0.005933219566941261
3f9968a3c39898d5,gemm-p,gemm-p,lv2:__PARA__L0-1.__PARA__L1-16.__PARA__L2-16.__PARA__L3-1.__PIPE__L0-off.__PIPE__L2-flatten.__TILE__L0-1.__TILE__L2-1,target,query,query,finetune_dataset,data_238.pt,10927.0,exphormer_lite,2,50,paper_exact_seed2,4.918943405151367,4.853336811065674,0.06560659408569336,0.3199999928474426,0.24562734365463257,0.07437264919281006,0.23999999463558197,0.15036651492118835,0.08963347971439362,0.36000001430511475,0.24861696362495422,0.11138305068016052,0.009999999776482582,0.0024710893630981445,0.0075289104133844376
c8a42aba9d1cfc2f,gemm-p,gemm-p,lv2:__PARA__L0-1.__PARA__L1-1.__PARA__L2-20.__PARA__L3-14.__PIPE__L0-off.__PIPE__L2-off.__TILE__L0-1.__TILE__L2-2,target,query,query,finetune_dataset,data_161.pt,117295.0,exphormer_lite,2,50,paper_exact_seed2,3.206857442855835,3.260500907897949,0.05364346504211426,0.07999999821186066,0.1379261463880539,0.05792614817619324,0.05000000074505806,0.04400230944156647,0.005997691303491592,0.09000000357627869,0.17847998440265656,0.08847998082637787,0.009999999776482582,0.014400601387023926,0.004400601610541344
eb5b77491060db4d,gemm-p,gemm-p,lv2:__PARA__L0-15.__PARA__L1-32.__PARA__L2-10.__PARA__L3-1.__PIPE__L0-NA.__PIPE__L2-flatten.__TILE__L0-4.__TILE__L2-1,target,query,query,finetune_dataset,data_352.pt,12092.0,exphormer_lite,2,50,paper_exact_seed2,4.845865726470947,4.822075366973877,0.023790359497070312,0.23000000417232513,0.2855130732059479,0.05551306903362274,0.1599999964237213,0.18724805116653442,0.02724805474281311,0.2199999988079071,0.2742132544517517,0.054213255643844604,0.009999999776482582,-0.003475472331047058,0.01347547210752964
283880c8c447ea1d,gemm-p,gemm-p,lv2:__PARA__L0-6.__PARA__L1-32.__PARA__L2-1.__PARA__L3-1.__PIPE__L0-off.__PIPE__L2-flatten.__TILE__L0-1.__TILE__L2-80,target,query,query,finetune_dataset,data_420.pt,34772.0,exphormer_lite,2,50,paper_exact_seed2,4.083929061889648,4.031373023986816,0.05255603790283203,0.05999999865889549,0.06284238398075104,0.002842385321855545,0.019999999552965164,0.03484378755092621,0.014843787997961044,0.03999999910593033,0.06119006872177124,0.021190069615840912,0.05000000074505806,0.03838248550891876,0.011617515236139297
586d7c94f444b430,gemm-p,gemm-p,lv2:__PARA__L0-1.__PARA__L1-16.__PARA__L2-1.__PARA__L3-32.__PIPE__L0-off.__PIPE__L2-off.__TILE__L0-60.__TILE__L2-1,target,query,query,finetune_dataset,data_236.pt,285589.0,exphormer_lite,2,50,paper_exact_seed2,2.564957857131958,2.5915420055389404,0.026584148406982422,0.009999999776482582,0.02691669762134552,0.016916697844862938,0.009999999776482582,0.013253971934318542,0.0032539721578359604,0.019999999552965164,0.05524131655693054,0.03524131700396538,0.05000000074505806,0.044326022267341614,0.005673978477716446
4e891536858769de,gemm-p,gemm-p,lv2:__PARA__L0-4.__PARA__L1-16.__PARA__L2-1.__PARA__L3-1.__PIPE__L0-NA.__PIPE__L2-flatten.__TILE__L0-1.__TILE__L2-80,target,query,query,finetune_dataset,data_399.pt,33170.0,exphormer_lite,2,50,paper_exact_seed2,4.117952823638916,4.060597896575928,0.05735492706298828,0.05000000074505806,0.05247122049331665,0.0024712197482585907,0.019999999552965164,0.021760091185569763,0.001760091632604599,0.019999999552965164,0.03940218687057495,0.019402187317609787,0.05000000074505806,0.041366562247276306,0.008633438497781754
d86b4bef7a938c97,gemm-p,gemm-p,lv2:__PARA__L0-12.__PARA__L1-32.__PARA__L2-16.__PARA__L3-1.__PIPE__L0-NA.__PIPE__L2-flatten.__TILE__L0-1.__TILE__L2-1,target,query,query,finetune_dataset,data_344.pt,10982.0,exphormer_lite,2,50,paper_exact_seed2,4.9153218269348145,4.871835231781006,0.043486595153808594,0.3499999940395355,0.2872476577758789,0.06275233626365662,0.23999999463558197,0.2017051726579666,0.038294821977615356,0.36000001430511475,0.2752326726913452,0.08476734161376953,0.009999999776482582,0.008035644888877869,0.0019643548876047134
8d8618b306919b23,gemm-p,gemm-p,lv2:__PARA__L0-4.__PARA__L1-32.__PARA__L2-16.__PARA__L3-1.__PIPE__L0-NA.__PIPE__L2-flatten.__TILE__L0-1.__TILE__L2-1,target,query,query,finetune_dataset,data_409.pt,9506.0,exphormer_lite,2,50,paper_exact_seed2,5.019436836242676,5.106938362121582,0.08750152587890625,0.3499999940395355,0.30305278301239014,0.046947211027145386,0.23999999463558197,0.19654202461242676,0.04345797002315521,0.36000001430511475,0.26526591181755066,0.09473410248756409,0.009999999776482582,-0.007087484002113342,0.017087483778595924
5cad34425ee55f5b,gemm-p,gemm-p,lv2:__PARA__L0-1.__PARA__L1-1.__PARA__L2-20.__PARA__L3-10.__PIPE__L0-off.__PIPE__L2-NA.__TILE__L0-1.__TILE__L2-1,target,query,query,finetune_dataset,data_156.pt,27370.0,exphormer_lite,2,50,paper_exact_seed2,4.256594657897949,4.650084495544434,0.3934898376464844,0.33000001311302185,0.18021391332149506,0.1497860997915268,0.15000000596046448,0.12243635207414627,0.027563653886318207,0.3499999940395355,0.20226457715034485,0.14773541688919067,0.009999999776482582,0.010149762034416199,0.00014976225793361664
dfe2011b7ad3bc7c,gemm-p,gemm-p,lv2:__PARA__L0-20.__PARA__L1-32.__PARA__L2-16.__PARA__L3-1.__PIPE__L0-off.__PIPE__L2-flatten.__TILE__L0-1.__TILE__L2-1,target,query,query,finetune_dataset,data_377.pt,12506.0,exphormer_lite,2,50,paper_exact_seed2,4.821581840515137,4.75665283203125,0.06492900848388672,0.3499999940395355,0.26525431871414185,0.08474567532539368,0.23999999463558197,0.20349177718162537,0.036508217453956604,0.36000001430511475,0.2837556302547455,0.07624438405036926,0.009999999776482582,0.007181346416473389,0.0028186533600091934
21dd70c1b9ddc11f,gemm-p,gemm-p,lv2:__PARA__L0-15.__PARA__L1-32.__PARA__L2-16.__PARA__L3-1.__PIPE__L0-NA.__PIPE__L2-flatten.__TILE__L0-1.__TILE__L2-1,target,query,query,finetune_dataset,data_355.pt,11552.0,exphormer_lite,2,50,paper_exact_seed2,4.878820896148682,4.799164772033691,0.07965612411499023,0.3499999940395355,0.2726094722747803,0.07739052176475525,0.23999999463558197,0.20027697086334229,0.039723023772239685,0.36000001430511475,0.27994048595428467,0.08005952835083008,0.009999999776482582,0.007143653929233551,0.002856345847249031
8ef4d5ca9c78eaf3,gemm-p,gemm-p,lv2:__PARA__L0-1.__PARA__L1-32.__PARA__L2-1.__PARA__L3-1.__PIPE__L0-NA.__PIPE__L2-flatten.__TILE__L0-2.__TILE__L2-1,target,query,query,finetune_dataset,data_266.pt,31323.0,exphormer_lite,2,50,paper_exact_seed2,4.159280776977539,4.2439751625061035,0.08469438552856445,0.05999999865889549,0.07165534794330597,0.011655349284410477,0.019999999552965164,0.017329677939414978,0.002670321613550186,0.03999999910593033,0.023723483085632324,0.016276516020298004,0.05000000074505806,0.02456878125667572,0.02543121948838234
b9490cabcadb25e8,gemm-p,gemm-p,lv2:__PARA__L0-1.__PARA__L1-1.__PARA__L2-1.__PARA__L3-70.__PIPE__L0-off.__PIPE__L2-off.__TILE__L0-1.__TILE__L2-1,target,query,query,finetune_dataset,data_99.pt,35347.0,exphormer_lite,2,50,paper_exact_seed2,4.072098255157471,3.465261459350586,0.6068367958068848,0.029999999329447746,0.007888779044151306,0.02211122028529644,0.009999999776482582,0.01684930920600891,0.006849309429526329,0.019999999552965164,-0.015337496995925903,0.03533749654889107,0.05000000074505806,0.04038222134113312,0.009617779403924942
7fa62088f5c322db,gemm-p,gemm-p,lv2:__PARA__L0-5.__PARA__L1-32.__PARA__L2-16.__PARA__L3-1.__PIPE__L0-off.__PIPE__L2-flatten.__TILE__L0-1.__TILE__L2-1,target,query,query,finetune_dataset,data_417.pt,9680.0,exphormer_lite,2,50,paper_exact_seed2,5.00635290145874,5.0694193840026855,0.06306648254394531,0.3499999940395355,0.2910711467266083,0.058928847312927246,0.23999999463558197,0.1965276300907135,0.04347236454486847,0.36000001430511475,0.2672567367553711,0.09274327754974365,0.009999999776482582,-0.0016277879476547241,0.011627787724137306
062dbc9eb2b08f44,gemm-p,gemm-p,lv2:__PARA__L0-1.__PARA__L1-32.__PARA__L2-1.__PARA__L3-1.__PIPE__L0-NA.__PIPE__L2-flatten.__TILE__L0-4.__TILE__L2-1,target,query,query,finetune_dataset,data_267.pt,33034.0,exphormer_lite,2,50,paper_exact_seed2,4.120916366577148,4.179670810699463,0.05875444412231445,0.05999999865889549,0.08497220277786255,0.024972204118967056,0.019999999552965164,0.020577415823936462,0.0005774162709712982,0.03999999910593033,0.030129671096801758,0.00987032800912857,0.05000000074505806,0.03417159616947174,0.01582840457558632
280ae587561178ad,gemm-p,gemm-p,lv2:__PARA__L0-1.__PARA__L1-1.__PARA__L2-1.__PARA__L3-14.__PIPE__L0-off.__PIPE__L2-off.__TILE__L0-1.__TILE__L2-1,target,query,query,finetune_dataset,data_83.pt,149233.0,exphormer_lite,2,50,paper_exact_seed2,3.03314471244812,2.8276593685150146,0.20548534393310547,0.029999999329447746,0.011293992400169373,0.018706006929278374,0.009999999776482582,0.011121615767478943,0.0011216159909963608,0.019999999552965164,0.0009104311466217041,0.01908956840634346,0.029999999329447746,0.031653180718421936,0.0016531813889741898
4cb8540298f01fe7,gemm-p,gemm-p,lv2:__PARA__L0-1.__PARA__L1-1.__PARA__L2-8.__PARA__L3-2.__PIPE__L0-off.__PIPE__L2-off.__TILE__L0-1.__TILE__L2-1,target,query,query,finetune_dataset,data_221.pt,30911.0,exphormer_lite,2,50,paper_exact_seed2,4.168831825256348,3.914353132247925,0.25447869300842285,0.03999999910593033,0.06253807246685028,0.022538073360919952,0.019999999552965164,0.03255628049373627,0.012556280940771103,0.03999999910593033,0.07514220476150513,0.0351422056555748,0.019999999552965164,0.017032556235790253,0.0029674433171749115
acf1639642ef82bf,gemm-p,gemm-p,lv2:__PARA__L0-3.__PARA__L1-16.__PARA__L2-16.__PARA__L3-1.__PIPE__L0-NA.__PIPE__L2-flatten.__TILE__L0-1.__TILE__L2-1,target,query,query,finetune_dataset,data_378.pt,9453.0,exphormer_lite,2,50,paper_exact_seed2,5.023469924926758,5.151371002197266,0.1279010772705078,0.3499999940395355,0.2986238896846771,0.0513761043548584,0.23999999463558197,0.19322632253170013,0.046773672103881836,0.36000001430511475,0.2630368173122406,0.09696319699287415,0.009999999776482582,-0.010962598025798798,0.02096259780228138
c61aaebe669746f1,gemm-p,gemm-p,lv2:__PARA__L0-2.__PARA__L1-32.__PARA__L2-16.__PARA__L3-1.__PIPE__L0-NA.__PIPE__L2-flatten.__TILE__L0-1.__TILE__L2-1,target,query,query,finetune_dataset,data_369.pt,9179.0,exphormer_lite,2,50,paper_exact_seed2,5.044687747955322,5.123719692230225,0.07903194427490234,0.3499999940395355,0.28125470876693726,0.06874528527259827,0.23999999463558197,0.18788805603981018,0.05211193859577179,0.36000001430511475,0.2572409510612488,0.10275906324386597,0.009999999776482582,-0.005271151661872864,0.015271151438355446
348e20daf4443275,gemm-p,gemm-p,lv2:__PARA__L0-1.__PARA__L1-1.__PARA__L2-10.__PARA__L3-70.__PIPE__L0-off.__PIPE__L2-NA.__TILE__L0-1.__TILE__L2-1,target,query,query,finetune_dataset,data_118.pt,14947.0,exphormer_lite,2,50,paper_exact_seed2,4.69296407699585,4.679256439208984,0.013707637786865234,0.20999999344348907,0.18974611163139343,0.020253881812095642,0.15000000596046448,0.1366763859987259,0.013323619961738586,0.2199999988079071,0.17751343548297882,0.042486563324928284,0.009999999776482582,0.00430433452129364,0.005695665255188942
3f18368258c4b3db,gemm-p,gemm-p,lv2:__PARA__L0-6.__PARA__L1-32.__PARA__L2-10.__PARA__L3-1.__PIPE__L0-NA.__PIPE__L2-flatten.__TILE__L0-1.__TILE__L2-8,target,query,query,finetune_dataset,data_421.pt,10292.0,exphormer_lite,2,50,paper_exact_seed2,4.962130546569824,5.035375595092773,0.07324504852294922,0.23000000417232513,0.25690993666648865,0.026909932494163513,0.1599999964237213,0.1605066955089569,0.0005066990852355957,0.2199999988079071,0.24287734925746918,0.022877350449562073,0.009999999776482582,-0.0017841681838035583,0.01178416796028614
eadd78260c36578d,gemm-p,gemm-p,lv2:__PARA__L0-1.__PARA__L1-1.__PARA__L2-8.__PARA__L3-14.__PIPE__L0-off.__PIPE__L2-NA.__TILE__L0-1.__TILE__L2-1,target,query,query,finetune_dataset,data_217.pt,41050.0,exphormer_lite,2,50,paper_exact_seed2,3.964200973510742,4.203376293182373,0.23917531967163086,0.18000000715255737,0.10248734056949615,0.07751266658306122,0.07999999821186066,0.06233443319797516,0.017665565013885498,0.1899999976158142,0.09321491420269012,0.09678508341312408,0.009999999776482582,0.02080196887254715,0.010801969096064568
41b9a64b48aff69a,gemm-p,gemm-p,lv2:__PARA__L0-2.__PARA__L1-32.__PARA__L2-1.__PARA__L3-1.__PIPE__L0-NA.__PIPE__L2-flatten.__TILE__L0-1.__TILE__L2-80,target,query,query,finetune_dataset,data_365.pt,31323.0,exphormer_lite,2,50,paper_exact_seed2,4.159280776977539,4.239120960235596,0.07984018325805664,0.05999999865889549,0.07394134998321533,0.01394135132431984,0.019999999552965164,0.039333000779151917,0.019333001226186752,0.03999999910593033,0.05581223964691162,0.015812240540981293,0.05000000074505806,0.03649623692035675,0.01350376382470131
084cdd7b355296ae,gemm-p,gemm-p,lv2:__PARA__L0-1.__PARA__L1-2.__PARA__L2-8.__PARA__L3-1.__PIPE__L0-off.__PIPE__L2-flatten.__TILE__L0-1.__TILE__L2-1,target,query,query,finetune_dataset,data_263.pt,13387.0,exphormer_lite,2,50,paper_exact_seed2,4.772475719451904,4.704594135284424,0.06788158416748047,0.17000000178813934,0.15949945151805878,0.010500550270080566,0.11999999731779099,0.11256126314401627,0.007438734173774719,0.18000000715255737,0.206960991024971,0.026960983872413635,0.009999999776482582,-0.0038207024335861206,0.013820702210068703
4567c48bf3971940,gemm-p,gemm-p,lv2:__PARA__L0-1.__PARA__L1-1.__PARA__L2-4.__PARA__L3-14.__PIPE__L0-off.__PIPE__L2-off.__TILE__L0-1.__TILE__L2-2,target,query,query,finetune_dataset,data_178.pt,232565.0,exphormer_lite,2,50,paper_exact_seed2,2.713111162185669,2.6870205402374268,0.026090621948242188,0.019999999552965164,0.05216479301452637,0.0321647934615612,0.009999999776482582,0.035540416836738586,0.025540417060256004,0.009999999776482582,0.08272725343704224,0.0727272555232048,0.03999999910593033,0.014441266655921936,0.025558732450008392
86d80ae4935ea3f4,gemm-p,gemm-p,lv2:__PARA__L0-5.__PARA__L1-16.__PARA__L2-16.__PARA__L3-1.__PIPE__L0-off.__PIPE__L2-flatten.__TILE__L0-1.__TILE__L2-1,target,query,query,finetune_dataset,data_411.pt,9820.0,exphormer_lite,2,50,paper_exact_seed2,4.995994567871094,5.135835647583008,0.13984107971191406,0.3499999940395355,0.291149765253067,0.058850228786468506,0.23999999463558197,0.19327467679977417,0.0467253178358078,0.36000001430511475,0.26692408323287964,0.09307593107223511,0.009999999776482582,-0.008390255272388458,0.01839025504887104
a50488c2aafe6541,gemm-p,gemm-p,lv2:__PARA__L0-20.__PARA__L1-32.__PARA__L2-1.__PARA__L3-1.__PIPE__L0-off.__PIPE__L2-flatten.__TILE__L0-1.__TILE__L2-80,target,query,query,finetune_dataset,data_373.pt,47106.0,exphormer_lite,2,50,paper_exact_seed2,3.8649368286132812,3.8612799644470215,0.0036568641662597656,0.05999999865889549,0.043155476450920105,0.016844522207975388,0.019999999552965164,0.041579023003578186,0.021579023450613022,0.03999999910593033,0.09113913774490356,0.051139138638973236,0.05000000074505806,0.036188237369060516,0.013811763375997543
98ea5a80877f836a,gemm-p,gemm-p,lv2:__PARA__L0-1.__PARA__L1-5.__PARA__L2-8.__PARA__L3-1.__PIPE__L0-off.__PIPE__L2-flatten.__TILE__L0-1.__TILE__L2-4,target,query,query,finetune_dataset,data_323.pt,88819.0,exphormer_lite,2,50,paper_exact_seed2,3.4074580669403076,3.2033908367156982,0.20406723022460938,0.44999998807907104,0.20270508527755737,0.24729490280151367,0.10999999940395355,0.07317948341369629,0.03682051599025726,0.09000000357627869,0.15687060356140137,0.06687059998512268,0.019999999552965164,-0.002895638346672058,0.022895637899637222
bc4f55d84a8bf133,gemm-p,gemm-p,lv2:__PARA__L0-1.__PARA__L1-1.__PARA__L2-5.__PARA__L3-7.__PIPE__L0-off.__PIPE__L2-off.__TILE__L0-1.__TILE__L2-2,target,query,query,finetune_dataset,data_210.pt,382309.0,exphormer_lite,2,50,paper_exact_seed2,2.3545584678649902,2.4618377685546875,0.10727930068969727,0.009999999776482582,0.029063135385513306,0.019063135609030724,0.009999999776482582,0.009068116545677185,0.000931883230805397,0.009999999776482582,0.05506965517997742,0.045069657266139984,0.029999999329447746,0.019214436411857605,0.010785562917590141
8d6ea6f968b8250b,gemm-p,gemm-p,lv2:__PARA__L0-1.__PARA__L1-5.__PARA__L2-1.__PARA__L3-32.__PIPE__L0-off.__PIPE__L2-off.__TILE__L0-1.__TILE__L2-1,target,query,query,finetune_dataset,data_303.pt,285709.0,exphormer_lite,2,50,paper_exact_seed2,2.56465482711792,2.6170101165771484,0.052355289459228516,0.019999999552965164,0.019907638430595398,9.236112236976624e-05,0.009999999776482582,0.009284287691116333,0.0007157120853662491,0.0,0.026724934577941895,0.026724934577941895,0.05000000074505806,0.03623761236667633,0.013762388378381729
c54c0bb4e3c4346a,gemm-p,gemm-p,lv2:__PARA__L0-1.__PARA__L1-1.__PARA__L2-4.__PARA__L3-7.__PIPE__L0-off.__PIPE__L2-NA.__TILE__L0-1.__TILE__L2-1,target,query,query,finetune_dataset,data_188.pt,64384.0,exphormer_lite,2,50,paper_exact_seed2,3.6395411491394043,3.8205158710479736,0.18097472190856934,0.05999999865889549,0.06725957989692688,0.007259581238031387,0.029999999329447746,0.027005448937416077,0.0029945503920316696,0.05000000074505806,0.07013146579265594,0.020131465047597885,0.029999999329447746,0.01603606343269348,0.013963935896754265
36677464ca0ecb4d,gemm-p,gemm-p,lv2:__PARA__L0-1.__PARA__L1-16.__PARA__L2-1.__PARA__L3-32.__PIPE__L0-off.__PIPE__L2-off.__TILE__L0-1.__TILE__L2-1,target,query,query,finetune_dataset,data_234.pt,285589.0,exphormer_lite,2,50,paper_exact_seed2,2.564957857131958,2.6739718914031982,0.10901403427124023,0.009999999776482582,0.029319509863853455,0.019319510087370872,0.009999999776482582,0.013499721884727478,0.003499722108244896,0.019999999552965164,0.05068236589431763,0.030682366341352463,0.05000000074505806,0.04221928492188454,0.007780715823173523
97792d362ea2c725,gemm-p,gemm-p,lv2:__PARA__L0-1.__PARA__L1-32.__PARA__L2-1.__PARA__L3-32.__PIPE__L0-off.__PIPE__L2-off.__TILE__L0-60.__TILE__L2-1,target,query,query,finetune_dataset,data_274.pt,285469.0,exphormer_lite,2,50,paper_exact_seed2,2.565261125564575,2.511449098587036,0.05381202697753906,0.009999999776482582,0.016692250967025757,0.006692251190543175,0.009999999776482582,0.009550198912620544,0.00044980086386203766,0.029999999329447746,0.03965944051742554,0.00965944118797779,0.05000000074505806,0.044808123260736465,0.005191877484321594
64393da3a136d7fa,gemm-p,gemm-p,lv2:__PARA__L0-5.__PARA__L1-32.__PARA__L2-1.__PARA__L3-1.__PIPE__L0-off.__PIPE__L2-flatten.__TILE__L0-1.__TILE__L2-80,target,query,query,finetune_dataset,data_413.pt,33900.0,exphormer_lite,2,50,paper_exact_seed2,4.102249622344971,4.032755374908447,0.06949424743652344,0.05999999865889549,0.0607038289308548,0.0007038302719593048,0.019999999552965164,0.03403754532337189,0.014037545770406723,0.03999999910593033,0.05378150939941406,0.013781510293483734,0.05000000074505806,0.04155862331390381,0.008441377431154251
49b034b757dc6ef9,gemm-p,gemm-p,lv2:__PARA__L0-1.__PARA__L1-5.__PARA__L2-2.__PARA__L3-1.__PIPE__L0-off.__PIPE__L2-flatten.__TILE__L0-1.__TILE__L2-1,target,query,query,finetune_dataset,data_310.pt,32287.0,exphormer_lite,2,50,paper_exact_seed2,4.137415409088135,4.086380958557129,0.05103445053100586,0.03999999910593033,0.08369351923465729,0.04369352012872696,0.019999999552965164,0.0249357670545578,0.004935767501592636,0.019999999552965164,0.05521124601364136,0.03521124646067619,0.009999999776482582,0.01591441035270691,0.005914410576224327
8c261c5ac5cee4ce,gemm-p,gemm-p,lv2:__PARA__L0-30.__PARA__L1-32.__PARA__L2-1.__PARA__L3-1.__PIPE__L0-off.__PIPE__L2-flatten.__TILE__L0-1.__TILE__L2-80,target,query,query,finetune_dataset,data_389.pt,55939.0,exphormer_lite,2,50,paper_exact_seed2,3.740964889526367,3.8387506008148193,0.09778571128845215,0.05999999865889549,0.039297252893447876,0.020702745765447617,0.019999999552965164,0.055983766913414,0.03598376736044884,0.03999999910593033,0.10124053061008453,0.061240531504154205,0.05000000074505806,0.033861979842185974,0.016138020902872086
cec2e42ec306f7c8,gemm-p,gemm-p,lv2:__PARA__L0-6.__PARA__L1-32.__PARA__L2-16.__PARA__L3-1.__PIPE__L0-off.__PIPE__L2-flatten.__TILE__L0-1.__TILE__L2-1,target,query,query,finetune_dataset,data_424.pt,9860.0,exphormer_lite,2,50,paper_exact_seed2,4.993062496185303,5.044940948486328,0.05187845230102539,0.3499999940395355,0.2960808277130127,0.05391916632652283,0.23999999463558197,0.19765591621398926,0.04234407842159271,0.36000001430511475,0.26839667558670044,0.0916033387184143,0.009999999776482582,0.0013896524906158447,0.008610347285866737
26361bf4900c0d7c,gemm-p,gemm-p,lv2:__PARA__L0-1.__PARA__L1-2.__PARA__L2-10.__PARA__L3-1.__PIPE__L0-off.__PIPE__L2-flatten.__TILE__L0-1.__TILE__L2-8,target,query,query,finetune_dataset,data_248.pt,12847.0,exphormer_lite,2,50,paper_exact_seed2,4.802176475524902,3.7865936756134033,1.015582799911499,0.20999999344348907,0.22169889509677887,0.011698901653289795,0.15000000596046448,0.11098116636276245,0.039018839597702026,0.2199999988079071,0.1737573742866516,0.04624262452125549,0.009999999776482582,-0.0003495067358016968,0.010349506512284279
ff4b5bf3f5fd1c66,gemm-p,gemm-p,lv2:__PARA__L0-1.__PARA__L1-1.__PARA__L2-8.__PARA__L3-7.__PIPE__L0-off.__PIPE__L2-off.__TILE__L0-1.__TILE__L2-1,target,query,query,finetune_dataset,data_227.pt,17943.0,exphormer_lite,2,50,paper_exact_seed2,4.561181545257568,4.355104923248291,0.20607662200927734,0.05999999865889549,0.1198224127292633,0.05982241407036781,0.03999999910593033,0.07619482278823853,0.0361948236823082,0.10000000149011612,0.17358611524105072,0.0735861137509346,0.03999999910593033,0.008699290454387665,0.031300708651542664
b3a849eb5888518c,gemm-p,gemm-p,lv2:__PARA__L0-1.__PARA__L1-32.__PARA__L2-16.__PARA__L3-1.__PIPE__L0-NA.__PIPE__L2-flatten.__TILE__L0-2.__TILE__L2-1,target,query,query,finetune_dataset,data_281.pt,9179.0,exphormer_lite,2,50,paper_exact_seed2,5.044687747955322,4.954105854034424,0.09058189392089844,0.3499999940395355,0.2677696645259857,0.0822303295135498,0.23999999463558197,0.16318067908287048,0.07681931555271149,0.36000001430511475,0.2475576251745224,0.11244238913059235,0.009999999776482582,0.004288315773010254,0.005711684003472328
cea38462f341abd7,gemm-p,gemm-p,lv2:__PARA__L0-1.__PARA__L1-1.__PARA__L2-4.__PARA__L3-7.__PIPE__L0-off.__PIPE__L2-off.__TILE__L0-1.__TILE__L2-4,target,query,query,finetune_dataset,data_191.pt,310979.0,exphormer_lite,2,50,paper_exact_seed2,2.5035195350646973,2.1581082344055176,0.3454113006591797,0.009999999776482582,0.02080586552619934,0.010805865749716759,0.0,0.010203316807746887,0.010203316807746887,0.009999999776482582,0.05054271221160889,0.040542714297771454,0.029999999329447746,0.014298729598522186,0.01570126973092556
983a5a4659353237,gemm-p,gemm-p,lv2:__PARA__L0-1.__PARA__L1-16.__PARA__L2-1.__PARA__L3-32.__PIPE__L0-off.__PIPE__L2-off.__TILE__L0-1.__TILE__L2-80,target,query,query,finetune_dataset,data_235.pt,285589.0,exphormer_lite,2,50,paper_exact_seed2,2.564957857131958,2.351123571395874,0.21383428573608398,0.009999999776482582,0.027862131595611572,0.01786213181912899,0.009999999776482582,-0.037860020995140076,0.04786001890897751,0.019999999552965164,0.010237634181976318,0.009762365370988846,0.05000000074505806,0.036229208111763,0.01377079263329506
f6b5d9061a2b899c,gemm-p,gemm-p,lv2:__PARA__L0-1.__PARA__L1-70.__PARA__L2-1.__PARA__L3-32.__PIPE__L0-off.__PIPE__L2-off.__TILE__L0-1.__TILE__L2-1,target,query,query,finetune_dataset,data_325.pt,251089.0,exphormer_lite,2,50,paper_exact_seed2,2.6578285694122314,3.0416738986968994,0.38384532928466797,0.029999999329447746,0.030077621340751648,7.762201130390167e-05,0.019999999552965164,0.010998830199241638,0.009001169353723526,0.07999999821186066,0.025302082300186157,0.0546979159116745,0.03999999910593033,0.042599331587553024,0.002599332481622696
0d68a0f6765ebd93,gemm-p,gemm-p,lv2:__PARA__L0-1.__PARA__L1-4.__PARA__L2-4.__PARA__L3-1.__PIPE__L0-off.__PIPE__L2-flatten.__TILE__L0-1.__TILE__L2-1,target,query,query,finetune_dataset,data_296.pt,21187.0,exphormer_lite,2,50,paper_exact_seed2,4.441302299499512,4.377182483673096,0.06411981582641602,0.07999999821186066,0.1201452687382698,0.04014527052640915,0.05000000074505806,0.0741606056690216,0.024160604923963547,0.05000000074505806,0.1336032599210739,0.08360326290130615,0.009999999776482582,-0.00018750131130218506,0.010187501087784767
42a6116f70ad755b,gemm-p,gemm-p,lv2:__PARA__L0-1.__PARA__L1-32.__PARA__L2-16.__PARA__L3-1.__PIPE__L0-off.__PIPE__L2-flatten.__TILE__L0-2.__TILE__L2-1,target,query,query,finetune_dataset,data_284.pt,9179.0,exphormer_lite,2,50,paper_exact_seed2,5.044687747955322,4.876089096069336,0.16859865188598633,0.3499999940395355,0.265712708234787,0.08428728580474854,0.23999999463558197,0.16426463425159454,0.07573536038398743,0.36000001430511475,0.254280149936676,0.10571986436843872,0.009999999776482582,0.0038174092769622803,0.006182590499520302
be42e71723eea70a,gemm-p,gemm-p,lv2:__PARA__L0-1.__PARA__L1-5.__PARA__L2-5.__PARA__L3-1.__PIPE__L0-off.__PIPE__L2-flatten.__TILE__L0-1.__TILE__L2-4,target,query,query,finetune_dataset,data_320.pt,108017.0,exphormer_lite,2,50,paper_exact_seed2,3.26629900932312,3.0635297298431396,0.20276927947998047,0.25999999046325684,0.19293533265590668,0.06706465780735016,0.07000000029802322,0.05935858190059662,0.010641418397426605,0.10999999940395355,0.1432870775461197,0.03328707814216614,0.009999999776482582,0.0012351647019386292,0.008764835074543953
d6ceeb99601c9668,gemm-p,gemm-p,lv2:__PARA__L0-20.__PARA__L1-32.__PARA__L2-16.__PARA__L3-1.__PIPE__L0-NA.__PIPE__L2-flatten.__TILE__L0-1.__TILE__L2-1,target,query,query,finetune_dataset,data_376.pt,12506.0,exphormer_lite,2,50,paper_exact_seed2,4.821581840515137,4.782410621643066,0.03917121887207031,0.3499999940395355,0.26939451694488525,0.08060547709465027,0.23999999463558197,0.19930779933929443,0.04069219529628754,0.36000001430511475,0.28063902258872986,0.07936099171638489,0.009999999776482582,0.006158128380775452,0.0038418713957071304
8d89ea0af5f78527,gemm-p,gemm-p,lv2:__PARA__L0-10.__PARA__L1-32.__PARA__L2-1.__PARA__L3-1.__PIPE__L0-NA.__PIPE__L2-flatten.__TILE__L0-1.__TILE__L2-80,target,query,query,finetune_dataset,data_333.pt,38283.0,exphormer_lite,2,50,paper_exact_seed2,4.014540195465088,3.951007127761841,0.06353306770324707,0.05999999865889549,0.06357172131538391,0.0035717226564884186,0.019999999552965164,0.03814403712749481,0.018144037574529648,0.03999999910593033,0.07062992453575134,0.030629925429821014,0.05000000074505806,0.03973342478275299,0.010266575962305069
4730d0e52ba378ec,gemm-p,gemm-p,lv2:__PARA__L0-1.__PARA__L1-1.__PARA__L2-10.__PARA__L3-1.__PIPE__L0-off.__PIPE__L2-flatten.__TILE__L0-1.__TILE__L2-8,target,query,query,finetune_dataset,data_102.pt,14947.0,exphormer_lite,2,50,paper_exact_seed2,4.69296407699585,3.7287821769714355,0.9641819000244141,0.20999999344348907,0.21955351531505585,0.009553521871566772,0.15000000596046448,0.11012056469917297,0.039879441261291504,0.2199999988079071,0.16956162452697754,0.050438374280929565,0.009999999776482582,0.0005693584680557251,0.009430641308426857
b338a37394a51052,gemm-p,gemm-p,lv2:__PARA__L0-12.__PARA__L1-32.__PARA__L2-1.__PARA__L3-1.__PIPE__L0-NA.__PIPE__L2-flatten.__TILE__L0-1.__TILE__L2-80,target,query,query,finetune_dataset,data_340.pt,40046.0,exphormer_lite,2,50,paper_exact_seed2,3.982063055038452,3.9031150341033936,0.0789480209350586,0.05999999865889549,0.05551569163799286,0.004484307020902634,0.019999999552965164,0.037128135561943054,0.01712813600897789,0.03999999910593033,0.07367333769798279,0.03367333859205246,0.05000000074505806,0.03895663470029831,0.01104336604475975
bad7ae6c318a94cc,gemm-p,gemm-p,lv2:__PARA__L0-4.__PARA__L1-16.__PARA__L2-16.__PARA__L3-1.__PIPE__L0-off.__PIPE__L2-flatten.__TILE__L0-1.__TILE__L2-1,target,query,query,finetune_dataset,data_404.pt,9642.0,exphormer_lite,2,50,paper_exact_seed2,5.009190082550049,5.140350818634033,0.13116073608398438,0.3499999940395355,0.28980594873428345,0.060194045305252075,0.23999999463558197,0.1968681514263153,0.04313184320926666,0.36000001430511475,0.2650796175003052,0.09492039680480957,0.009999999776482582,-0.00949203222990036,0.019492032006382942
88b1344200c5f7da,gemm-p,gemm-p,lv2:__PARA__L0-15.__PARA__L1-32.__PARA__L2-10.__PARA__L3-1.__PIPE__L0-off.__PIPE__L2-flatten.__TILE__L0-1.__TILE__L2-8,target,query,query,finetune_dataset,data_353.pt,12092.0,exphormer_lite,2,50,paper_exact_seed2,4.845865726470947,4.839483261108398,0.006382465362548828,0.23000000417232513,0.2337425947189331,0.003742590546607971,0.1599999964237213,0.16896933317184448,0.008969336748123169,0.2199999988079071,0.22233617305755615,0.002336174249649048,0.009999999776482582,0.004749983549118042,0.00525001622736454
0ba8ad78eb2466e5,gemm-p,gemm-p,lv2:__PARA__L0-1.__PARA__L1-1.__PARA__L2-16.__PARA__L3-14.__PIPE__L0-off.__PIPE__L2-off.__TILE__L0-1.__TILE__L2-1,target,query,query,finetune_dataset,data_124.pt,12790.0,exphormer_lite,2,50,paper_exact_seed2,4.805384159088135,4.924420356750488,0.11903619766235352,0.23000000417232513,0.1974719762802124,0.03252802789211273,0.14000000059604645,0.12646347284317017,0.013536527752876282,0.3799999952316284,0.227497398853302,0.15250259637832642,0.009999999776482582,0.00647522509098053,0.0035247746855020523
c4635dea60b4abc3,gemm-p,gemm-p,lv2:__PARA__L0-1.__PARA__L1-1.__PARA__L2-2.__PARA__L3-10.__PIPE__L0-off.__PIPE__L2-off.__TILE__L0-1.__TILE__L2-1,target,query,query,finetune_dataset,data_135.pt,86530.0,exphormer_lite,2,50,paper_exact_seed2,3.4262919425964355,3.5308635234832764,0.10457158088684082,0.029999999329447746,0.03146842122077942,0.0014684218913316727,0.019999999552965164,0.006222561001777649,0.013777438551187515,0.029999999329447746,0.016894757747650146,0.0131052415817976,0.019999999552965164,0.027988389134407043,0.00798838958144188
7985b77fcba3595d,gemm-p,gemm-p,lv2:__PARA__L0-4.__PARA__L1-16.__PARA__L2-10.__PARA__L3-1.__PIPE__L0-off.__PIPE__L2-flatten.__TILE__L0-1.__TILE__L2-8,target,query,query,finetune_dataset,data_402.pt,10050.0,exphormer_lite,2,50,paper_exact_seed2,4.979294300079346,5.039691925048828,0.06039762496948242,0.23000000417232513,0.2495291382074356,0.019529134035110474,0.1599999964237213,0.13330763578414917,0.026692360639572144,0.2199999988079071,0.22195011377334595,0.0019501149654388428,0.009999999776482582,-0.010980047285556793,0.020980047062039375
aa11770c6019ddae,gemm-p,gemm-p,lv2:__PARA__L0-15.__PARA__L1-32.__PARA__L2-1.__PARA__L3-1.__PIPE__L0-off.__PIPE__L2-flatten.__TILE__L0-1.__TILE__L2-80,target,query,query,finetune_dataset,data_349.pt,42692.0,exphormer_lite,2,50,paper_exact_seed2,3.9359092712402344,3.918597936630249,0.01731133460998535,0.05999999865889549,0.05882076919078827,0.0011792294681072235,0.019999999552965164,0.043368175625801086,0.023368176072835922,0.03999999910593033,0.09275619685649872,0.05275619775056839,0.05000000074505806,0.03714364767074585,0.01285635307431221
1ef39353a69dfec5,gemm-p,gemm-p,lv2:__PARA__L0-1.__PARA__L1-1.__PARA__L2-8.__PARA__L3-14.__PIPE__L0-off.__PIPE__L2-off.__TILE__L0-1.__TILE__L2-2,target,query,query,finetune_dataset,data_219.pt,164995.0,exphormer_lite,2,50,paper_exact_seed2,2.960716962814331,2.9877145290374756,0.02699756622314453,0.029999999329447746,0.07276065647602081,0.04276065528392792,0.019999999552965164,0.04079823195934296,0.020798232406377792,0.029999999329447746,0.0753510594367981,0.0453510582447052,0.009999999776482582,0.016091540455818176,0.006091540679335594
62f84aa14a8a3b41,gemm-p,gemm-p,lv2:__PARA__L0-1.__PARA__L1-2.__PARA__L2-10.__PARA__L3-70.__PIPE__L0-off.__PIPE__L2-off.__TILE__L0-1.__TILE__L2-1,target,query,query,finetune_dataset,data_250.pt,12847.0,exphormer_lite,2,50,paper_exact_seed2,4.802176475524902,4.752459526062012,0.049716949462890625,0.20999999344348907,0.20947524905204773,0.0005247443914413452,0.15000000596046448,0.13962405920028687,0.010375946760177612,0.2199999988079071,0.1892523169517517,0.030747681856155396,0.009999999776482582,0.0029088780283927917,0.00709112174808979
5d52c78053e9c970,gemm-p,gemm-p,lv2:__PARA__L0-1.__PARA__L1-1.__PARA__L2-16.__PARA__L3-10.__PIPE__L0-off.__PIPE__L2-NA.__TILE__L0-1.__TILE__L2-1,target,query,query,finetune_dataset,data_121.pt,30250.0,exphormer_lite,2,50,paper_exact_seed2,4.18442440032959,4.561934947967529,0.37751054763793945,0.25999999046325684,0.1602126806974411,0.09978730976581573,0.11999999731779099,0.10740453004837036,0.012595467269420624,0.2800000011920929,0.18493661284446716,0.09506338834762573,0.009999999776482582,0.008919812738895416,0.0010801870375871658
4c75129b129c3688,gemm-p,gemm-p,lv2:__PARA__L0-30.__PARA__L1-32.__PARA__L2-10.__PARA__L3-1.__PIPE__L0-off.__PIPE__L2-flatten.__TILE__L0-2.__TILE__L2-1,target,query,query,finetune_dataset,data_394.pt,15139.0,exphormer_lite,2,50,paper_exact_seed2,4.683757305145264,4.696220397949219,0.012463092803955078,0.23000000417232513,0.27813735604286194,0.048137351870536804,0.1599999964237213,0.2039189487695694,0.043918952345848083,0.2199999988079071,0.288580983877182,0.0685809850692749,0.009999999776482582,0.005239352583885193,0.004760647192597389
8549252cb5d872bf,gemm-p,gemm-p,lv2:__PARA__L0-1.__PARA__L1-1.__PARA__L2-20.__PARA__L3-14.__PIPE__L0-off.__PIPE__L2-off.__TILE__L0-1.__TILE__L2-1,target,query,query,finetune_dataset,data_160.pt,12790.0,exphormer_lite,2,50,paper_exact_seed2,4.805384159088135,4.948824405670166,0.14344024658203125,0.30000001192092896,0.20975175499916077,0.09024825692176819,0.1899999976158142,0.13347099721431732,0.05652900040149689,0.4699999988079071,0.23056679964065552,0.2394331991672516,0.009999999776482582,0.005598194897174835,0.004401804879307747
b20d2bda20f4a7a3,gemm-p,gemm-p,lv2:__PARA__L0-15.__PARA__L1-32.__PARA__L2-10.__PARA__L3-1.__PIPE__L0-NA.__PIPE__L2-flatten.__TILE__L0-1.__TILE__L2-8,target,query,query,finetune_dataset,data_351.pt,12092.0,exphormer_lite,2,50,paper_exact_seed2,4.845865726470947,4.812849521636963,0.033016204833984375,0.23000000417232513,0.23138321936130524,0.0013832151889801025,0.1599999964237213,0.16943882405757904,0.009438827633857727,0.2199999988079071,0.22414250671863556,0.004142507910728455,0.009999999776482582,0.0030477046966552734,0.006952295079827309
11afce2ecc6de15c,gemm-p,gemm-p,lv2:__PARA__L0-1.__PARA__L1-1.__PARA__L2-10.__PARA__L3-10.__PIPE__L0-off.__PIPE__L2-off.__TILE__L0-1.__TILE__L2-1,target,query,query,finetune_dataset,data_104.pt,12550.0,exphormer_lite,2,50,paper_exact_seed2,4.8190484046936035,4.664657115936279,0.15439128875732422,0.10999999940395355,0.15349887311458588,0.043498873710632324,0.07000000029802322,0.09748426824808121,0.027484267950057983,0.17000000178813934,0.20282337069511414,0.03282336890697479,0.009999999776482582,0.00841832160949707,0.0015816781669855118
cd440d67465780f9,gemm-p,gemm-p,lv2:__PARA__L0-1.__PARA__L1-2.__PARA__L2-5.__PARA__L3-1.__PIPE__L0-off.__PIPE__L2-flatten.__TILE__L0-1.__TILE__L2-1,target,query,query,finetune_dataset,data_260.pt,17009.0,exphormer_lite,2,50,paper_exact_seed2,4.599742889404297,4.471342086791992,0.1284008026123047,0.10000000149011612,0.12799300253391266,0.02799300104379654,0.07000000029802322,0.0877676010131836,0.01776760071516037,0.10999999940395355,0.15724535286426544,0.04724535346031189,0.009999999776482582,-0.0018784105777740479,0.01187841035425663
04ec9beb6b3bb0c6,gemm-p,gemm-p,lv2:__PARA__L0-5.__PARA__L1-32.__PARA__L2-1.__PARA__L3-1.__PIPE__L0-NA.__PIPE__L2-flatten.__TILE__L0-1.__TILE__L2-80,target,query,query,finetune_dataset,data_412.pt,33900.0,exphormer_lite,2,50,paper_exact_seed2,4.102249622344971,4.048242092132568,0.054007530212402344,0.05999999865889549,0.06751681864261627,0.007516819983720779,0.019999999552965164,0.035735681653022766,0.015735682100057602,0.03999999910593033,0.05970211327075958,0.019702114164829254,0.05000000074505806,0.04144817590713501,0.00855182483792305
cd3cdb259f07b3fb,gemm-p,gemm-p,lv2:__PARA__L0-1.__PARA__L1-32.__PARA__L2-1.__PARA__L3-32.__PIPE__L0-off.__PIPE__L2-off.__TILE__L0-1.__TILE__L2-80,target,query,query,finetune_dataset,data_273.pt,285469.0,exphormer_lite,2,50,paper_exact_seed2,2.565261125564575,2.0156443119049072,0.549616813659668,0.009999999776482582,0.017845839262008667,0.007845839485526085,0.009999999776482582,-0.04053203761577606,0.050532035529613495,0.029999999329447746,-0.006164282560348511,0.036164283752441406,0.05000000074505806,0.036980435252189636,0.013019565492868423
539dbea26e2d76bb,gemm-p,gemm-p,lv2:__PARA__L0-15.__PARA__L1-32.__PARA__L2-16.__PARA__L3-1.__PIPE__L0-off.__PIPE__L2-flatten.__TILE__L0-4.__TILE__L2-1,target,query,query,finetune_dataset,data_358.pt,11552.0,exphormer_lite,2,50,paper_exact_seed2,4.878820896148682,4.806178569793701,0.07264232635498047,0.3499999940395355,0.2901984453201294,0.05980154871940613,0.23999999463558197,0.21225625276565552,0.027743741869926453,0.36000001430511475,0.2758505642414093,0.08414945006370544,0.009999999776482582,0.005434989929199219,0.004565009847283363
0b193c22526f7267,gemm-p,gemm-p,lv2:__PARA__L0-1.__PARA__L1-32.__PARA__L2-16.__PARA__L3-1.__PIPE__L0-NA.__PIPE__L2-flatten.__TILE__L0-4.__TILE__L2-1,target,query,query,finetune_dataset,data_282.pt,9506.0,exphormer_lite,2,50,paper_exact_seed2,5.019436836242676,4.890454292297363,0.1289825439453125,0.3499999940395355,0.27587413787841797,0.07412585616111755,0.23999999463558197,0.16915318369865417,0.0708468109369278,0.36000001430511475,0.25057128071784973,0.10942873358726501,0.009999999776482582,0.0038783401250839233,0.006121659651398659
63c35478c8f59ccd,gemm-p,gemm-p,lv2:__PARA__L0-1.__PARA__L1-1.__PARA__L2-2.__PARA__L3-10.__PIPE__L0-off.__PIPE__L2-off.__TILE__L0-1.__TILE__L2-4,target,query,query,finetune_dataset,data_137.pt,328805.0,exphormer_lite,2,50,paper_exact_seed2,2.4633119106292725,2.036402940750122,0.4269089698791504,0.009999999776482582,0.01930759847164154,0.009307598695158958,0.0,-0.0009525865316390991,0.0009525865316390991,0.0,0.02124813199043274,0.02124813199043274,0.019999999552965164,0.01319846510887146,0.006801534444093704
7c87dea76316e9b0,gemm-p,gemm-p,lv2:__PARA__L0-1.__PARA__L1-1.__PARA__L2-2.__PARA__L3-14.__PIPE__L0-off.__PIPE__L2-off.__TILE__L0-1.__TILE__L2-2,target,query,query,finetune_dataset,data_140.pt,343565.0,exphormer_lite,2,50,paper_exact_seed2,2.4316365718841553,2.229172706604004,0.20246386528015137,0.009999999776482582,0.018476814031600952,0.00847681425511837,0.0,-0.012922510504722595,0.012922510504722595,0.0,-0.015029370784759521,0.015029370784759521,0.029999999329447746,0.03167712688446045,0.001677127555012703
611cf3a0b00df0dd,gemm-p,gemm-p,lv2:__PARA__L0-1.__PARA__L1-1.__PARA__L2-8.__PARA__L3-70.__PIPE__L0-off.__PIPE__L2-off.__TILE__L0-1.__TILE__L2-1,target,query,query,finetune_dataset,data_230.pt,15487.0,exphormer_lite,2,50,paper_exact_seed2,4.667363166809082,4.660421371459961,0.006941795349121094,0.17000000178813934,0.1852271407842636,0.015227138996124268,0.11999999731779099,0.12668254971504211,0.006682552397251129,0.18000000715255737,0.16985507309436798,0.010144934058189392,0.009999999776482582,0.005425214767456055,0.004574785009026527
fe18dfcc30bb1c89,gemm-p,gemm-p,lv2:__PARA__L0-1.__PARA__L1-1.__PARA__L2-5.__PARA__L3-2.__PIPE__L0-off.__PIPE__L2-off.__TILE__L0-1.__TILE__L2-2,target,query,query,finetune_dataset,data_203.pt,1255997.0,exphormer_lite,2,50,paper_exact_seed2,1.4965475797653198,2.0405004024505615,0.5439528226852417,0.009999999776482582,0.005258992314338684,0.004741007462143898,0.0,-0.03262384235858917,0.03262384235858917,0.0,-0.005309969186782837,0.005309969186782837,0.019999999552965164,0.02205662429332733,0.0020566247403621674
016fd66966844ecf,gemm-p,gemm-p,lv2:__PARA__L0-1.__PARA__L1-5.__PARA__L2-16.__PARA__L3-1.__PIPE__L0-off.__PIPE__L2-flatten.__TILE__L0-1.__TILE__L2-2,target,query,query,finetune_dataset,data_308.pt,87381.0,exphormer_lite,2,50,paper_exact_seed2,3.4192323684692383,3.3086373805999756,0.1105949878692627,0.4099999964237213,0.2089463323354721,0.2010536640882492,0.03999999910593033,0.10297489911317825,0.06297490000724792,0.03999999910593033,0.1907602846622467,0.15076029300689697,0.019999999552965164,-0.0005540251731872559,0.02055402472615242
aac0800511161706,gemm-p,gemm-p,lv2:__PARA__L0-1.__PARA__L1-1.__PARA__L2-5.__PARA__L3-14.__PIPE__L0-off.__PIPE__L2-NA.__TILE__L0-1.__TILE__L2-1,target,query,query,finetune_dataset,data_198.pt,54212.0,exphormer_lite,2,50,paper_exact_seed2,3.7635860443115234,4.038671016693115,0.2750849723815918,0.10999999940395355,0.08349299430847168,0.026507005095481873,0.05000000074505806,0.04378049075603485,0.006219509989023209,0.11999999731779099,0.07904769480228424,0.040952302515506744,0.03999999910593033,0.021827280521392822,0.018172718584537506
076e9cc6b7221822,gemm-p,gemm-p,lv2:__PARA__L0-1.__PARA__L1-4.__PARA__L2-10.__PARA__L3-1.__PIPE__L0-off.__PIPE__L2-flatten.__TILE__L0-1.__TILE__L2-8,target,query,query,finetune_dataset,data_293.pt,12187.0,exphormer_lite,2,50,paper_exact_seed2,4.8402204513549805,3.894073724746704,0.9461467266082764,0.20999999344348907,0.2237859070301056,0.013785913586616516,0.15000000596046448,0.11097392439842224,0.039026081562042236,0.2199999988079071,0.1787315160036087,0.0412684828042984,0.009999999776482582,-0.0017156898975372314,0.011715689674019814
2124445063c91060,gemm-p,gemm-p,lv2:__PARA__L0-2.__PARA__L1-16.__PARA__L2-1.__PARA__L3-1.__PIPE__L0-off.__PIPE__L2-flatten.__TILE__L0-1.__TILE__L2-80,target,query,query,finetune_dataset,data_360.pt,31451.0,exphormer_lite,2,50,paper_exact_seed2,4.156339168548584,4.138930320739746,0.01740884780883789,0.05000000074505806,0.050217583775520325,0.00021758303046226501,0.019999999552965164,0.017703726887702942,0.0022962726652622223,0.019999999552965164,0.02699875831604004,0.006998758763074875,0.05000000074505806,0.0400024950504303,0.009997505694627762
c23087f4ada53651,gemm-p,gemm-p,lv2:__PARA__L0-1.__PARA__L1-7.__PARA__L2-1.__PARA__L3-32.__PIPE__L0-off.__PIPE__L2-off.__TILE__L0-1.__TILE__L2-1,target,query,query,finetune_dataset,data_324.pt,285469.0,exphormer_lite,2,50,paper_exact_seed2,2.565261125564575,2.637641429901123,0.07238030433654785,0.019999999552965164,0.021925538778305054,0.0019255392253398895,0.009999999776482582,0.008235439658164978,0.001764560118317604,0.0,0.03097131848335266,0.03097131848335266,0.05000000074505806,0.037216559052467346,0.012783441692590714
af6cac7f028324ae,gemm-p,gemm-p,lv2:__PARA__L0-1.__PARA__L1-1.__PARA__L2-10.__PARA__L3-5.__PIPE__L0-off.__PIPE__L2-off.__TILE__L0-1.__TILE__L2-1,target,query,query,finetune_dataset,data_113.pt,18784.0,exphormer_lite,2,50,paper_exact_seed2,4.528140068054199,4.178852558135986,0.3492875099182129,0.05999999865889549,0.10692763328552246,0.04692763462662697,0.03999999910593033,0.06115087866783142,0.021150879561901093,0.09000000357627869,0.15512026846408844,0.06512026488780975,0.029999999329447746,0.008404701948165894,0.021595297381281853
ea241d324c00c8ce,gemm-p,gemm-p,lv2:__PARA__L0-2.__PARA__L1-16.__PARA__L2-1.__PARA__L3-1.__PIPE__L0-NA.__PIPE__L2-flatten.__TILE__L0-1.__TILE__L2-80,target,query,query,finetune_dataset,data_359.pt,31451.0,exphormer_lite,2,50,paper_exact_seed2,4.156339168548584,4.1983819007873535,0.04204273223876953,0.05000000074505806,0.0613388866186142,0.011338885873556137,0.019999999552965164,0.02804747223854065,0.008047472685575485,0.019999999552965164,0.04256999492645264,0.022569995373487473,0.05000000074505806,0.031589627265930176,0.018410373479127884
bc4453f06ff6a731,gemm-p,gemm-p,lv2:__PARA__L0-3.__PARA__L1-32.__PARA__L2-16.__PARA__L3-1.__PIPE__L0-off.__PIPE__L2-flatten.__TILE__L0-1.__TILE__L2-1,target,query,query,finetune_dataset,data_385.pt,9321.0,exphormer_lite,2,50,paper_exact_seed2,5.033613681793213,5.086240768432617,0.0526270866394043,0.3499999940395355,0.2800675630569458,0.06993243098258972,0.23999999463558197,0.19845004379749298,0.04154995083808899,0.36000001430511475,0.26201242208480835,0.0979875922203064,0.009999999776482582,-0.0052740126848220825,0.015274012461304665
fbdff262c0ec71fe,gemm-p,gemm-p,lv2:__PARA__L0-1.__PARA__L1-1.__PARA__L2-1.__PARA__L3-1.__PIPE__L0-off.__PIPE__L2-flatten.__TILE__L0-1.__TILE__L2-1,target,query,query,finetune_dataset,data_77.pt,35347.0,exphormer_lite,2,50,paper_exact_seed2,4.072098255157471,4.125627517700195,0.05352926254272461,0.029999999329447746,0.01046520471572876,0.019534794613718987,0.009999999776482582,-0.021604403853416443,0.031604401767253876,0.019999999552965164,-0.023479878902435303,0.04347987845540047,0.05000000074505806,0.03312826156616211,0.01687173917889595
eb5fb655dff9860c,gemm-p,gemm-p,lv2:__PARA__L0-1.__PARA__L1-10.__PARA__L2-1.__PARA__L3-32.__PIPE__L0-off.__PIPE__L2-off.__TILE__L0-1.__TILE__L2-1,target,query,query,finetune_dataset,data_231.pt,285289.0,exphormer_lite,2,50,paper_exact_seed2,2.565716028213501,2.663949489593506,0.09823346138000488,0.019999999552965164,0.025349289178848267,0.005349289625883102,0.009999999776482582,0.008902028203010559,0.001097971573472023,0.009999999776482582,0.039548665285110474,0.02954866550862789,0.05000000074505806,0.03892751783132553,0.011072482913732529
236797b508fe964e,gemm-p,gemm-p,lv2:__PARA__L0-10.__PARA__L1-32.__PARA__L2-10.__PARA__L3-1.__PIPE__L0-off.__PIPE__L2-flatten.__TILE__L0-1.__TILE__L2-8,target,query,query,finetune_dataset,data_336.pt,11083.0,exphormer_lite,2,50,paper_exact_seed2,4.908718109130859,4.958505153656006,0.049787044525146484,0.23000000417232513,0.2454330027103424,0.015432998538017273,0.1599999964237213,0.16813839972019196,0.008138403296470642,0.2199999988079071,0.22854530811309814,0.00854530930519104,0.009999999776482582,0.008162140846252441,0.0018378589302301407
1fa67e426a30f0d1,gemm-p,gemm-p,lv2:__PARA__L0-1.__PARA__L1-1.__PARA__L2-10.__PARA__L3-2.__PIPE__L0-off.__PIPE__L2-off.__TILE__L0-1.__TILE__L2-1,target,query,query,finetune_dataset,data_110.pt,26711.0,exphormer_lite,2,50,paper_exact_seed2,4.27417516708374,3.9291279315948486,0.3450472354888916,0.03999999910593033,0.06779901683330536,0.02779901772737503,0.029999999329447746,0.03739370405673981,0.007393704727292061,0.05000000074505806,0.07830947637557983,0.028309475630521774,0.009999999776482582,0.016526028513908386,0.006526028737425804
a99f3ca11b317ea1,gemm-p,gemm-p,lv2:__PARA__L0-2.__PARA__L1-16.__PARA__L2-16.__PARA__L3-1.__PIPE__L0-off.__PIPE__L2-flatten.__TILE__L0-1.__TILE__L2-1,target,query,query,finetune_dataset,data_364.pt,9307.0,exphormer_lite,2,50,paper_exact_seed2,5.034698009490967,5.078138828277588,0.043440818786621094,0.3499999940395355,0.27381575107574463,0.0761842429637909,0.23999999463558197,0.18856939673423767,0.0514305979013443,0.36000001430511475,0.2578296661376953,0.10217034816741943,0.009999999776482582,-0.004819110035896301,0.014819109812378883
2290deff8cb38c64,gemm-p,gemm-p,lv2:__PARA__L0-1.__PARA__L1-5.__PARA__L2-16.__PARA__L3-1.__PIPE__L0-off.__PIPE__L2-flatten.__TILE__L0-1.__TILE__L2-4,target,query,query,finetune_dataset,data_309.pt,65899.0,exphormer_lite,2,50,paper_exact_seed2,3.6227638721466064,3.492680788040161,0.1300830841064453,0.3799999952316284,0.21647526323795319,0.16352473199367523,0.029999999329447746,0.10237292945384979,0.0723729282617569,0.019999999552965164,0.17567503452301025,0.1556750386953354,0.019999999552965164,-0.0006540566682815552,0.02065405622124672
62890e23a27ff562,gemm-p,gemm-p,lv2:__PARA__L0-1.__PARA__L1-1.__PARA__L2-2.__PARA__L3-10.__PIPE__L0-off.__PIPE__L2-NA.__TILE__L0-1.__TILE__L2-1,target,query,query,finetune_dataset,data_134.pt,108370.0,exphormer_lite,2,50,paper_exact_seed2,3.2639453411102295,3.5404529571533203,0.2765076160430908,0.03999999910593033,0.04878973960876465,0.00878974050283432,0.019999999552965164,0.008004754781723022,0.011995244771242142,0.029999999329447746,0.03239548206329346,0.0023954827338457108,0.019999999552965164,0.027834489941596985,0.00783449038863182
a627781fe1dd51f7,gemm-p,gemm-p,lv2:__PARA__L0-1.__PARA__L1-1.__PARA__L2-10.__PARA__L3-7.__PIPE__L0-off.__PIPE__L2-NA.__TILE__L0-1.__TILE__L2-1,target,query,query,finetune_dataset,data_115.pt,38703.0,exphormer_lite,2,50,paper_exact_seed2,4.006669521331787,4.210958480834961,0.20428895950317383,0.12999999523162842,0.0924416184425354,0.03755837678909302,0.05999999865889549,0.05068688094615936,0.00931311771273613,0.12999999523162842,0.09444224834442139,0.03555774688720703,0.03999999910593033,0.013200722634792328,0.026799276471138
f61c333ba135e89b,gemm-p,gemm-p,lv2:__PARA__L0-1.__PARA__L1-1.__PARA__L2-20.__PARA__L3-7.__PIPE__L0-off.__PIPE__L2-NA.__TILE__L0-1.__TILE__L2-1,target,query,query,finetune_dataset,data_168.pt,30183.0,exphormer_lite,2,50,paper_exact_seed2,4.186024188995361,4.437034606933594,0.2510104179382324,0.25,0.15227094292640686,0.09772905707359314,0.11999999731779099,0.104730986058712,0.01526901125907898,0.25,0.1875702440738678,0.0624297559261322,0.019999999552965164,0.010547742247581482,0.009452257305383682
f90613c81f2f84b3,gemm-p,gemm-p,lv2:__PARA__L0-1.__PARA__L1-1.__PARA__L2-8.__PARA__L3-7.__PIPE__L0-off.__PIPE__L2-off.__TILE__L0-1.__TILE__L2-2,target,query,query,finetune_dataset,data_228.pt,292908.0,exphormer_lite,2,50,paper_exact_seed2,2.5467042922973633,2.551162004470825,0.004457712173461914,0.019999999552965164,0.03848922252655029,0.01848922297358513,0.009999999776482582,0.014006197452545166,0.004006197676062584,0.019999999552965164,0.05639791488647461,0.036397915333509445,0.03999999910593033,0.021635204553604126,0.018364794552326202
15ff7e63dbf2b0f2,gemm-p,gemm-p,lv2:__PARA__L0-1.__PARA__L1-1.__PARA__L2-8.__PARA__L3-10.__PIPE__L0-off.__PIPE__L2-off.__TILE__L0-1.__TILE__L2-1,target,query,query,finetune_dataset,data_215.pt,13270.0,exphormer_lite,2,50,paper_exact_seed2,4.778808116912842,4.602558135986328,0.17624998092651367,0.07999999821186066,0.14750561118125916,0.0675056129693985,0.05000000074505806,0.09309207648038864,0.04309207573533058,0.12999999523162842,0.19552603363990784,0.06552603840827942,0.05000000074505806,0.008247509598731995,0.041752491146326065
eefe93faaef42f92,gemm-p,gemm-p,lv2:__PARA__L0-15.__PARA__L1-32.__PARA__L2-1.__PARA__L3-1.__PIPE__L0-NA.__PIPE__L2-flatten.__TILE__L0-4.__TILE__L2-1,target,query,query,finetune_dataset,data_348.pt,42692.0,exphormer_lite,2,50,paper_exact_seed2,3.9359092712402344,3.8535876274108887,0.0823216438293457,0.05999999865889549,0.03698797523975372,0.02301202341914177,0.019999999552965164,0.02373473346233368,0.003734733909368515,0.03999999910593033,0.04792749881744385,0.00792749971151352,0.05000000074505806,0.03387542814016342,0.016124572604894638
7da5b26798a7f840,gemm-p,gemm-p,lv2:__PARA__L0-1.__PARA__L1-1.__PARA__L2-8.__PARA__L3-14.__PIPE__L0-off.__PIPE__L2-off.__TILE__L0-1.__TILE__L2-1,target,query,query,finetune_dataset,data_218.pt,12490.0,exphormer_lite,2,50,paper_exact_seed2,4.822505474090576,4.746551513671875,0.07595396041870117,0.11999999731779099,0.16768690943717957,0.04768691211938858,0.07000000029802322,0.11031346023082733,0.04031345993280411,0.1899999976158142,0.21285194158554077,0.022851943969726562,0.009999999776482582,0.007399991154670715,0.0026000086218118668
e6fc07ef29cf871c,gemm-p,gemm-p,lv2:__PARA__L0-1.__PARA__L1-32.__PARA__L2-10.__PARA__L3-1.__PIPE__L0-off.__PIPE__L2-flatten.__TILE__L0-2.__TILE__L2-1,target,query,query,finetune_dataset,data_278.pt,9563.0,exphormer_lite,2,50,paper_exact_seed2,5.015124320983887,4.880520343780518,0.13460397720336914,0.23000000417232513,0.2224723994731903,0.007527604699134827,0.1599999964237213,0.14360731840133667,0.016392678022384644,0.2199999988079071,0.23606130480766296,0.01606130599975586,0.009999999776482582,-0.001917615532875061,0.011917615309357643
5f38764ae95b8318,gemm-p,gemm-p,lv2:__PARA__L0-3.__PARA__L1-32.__PARA__L2-16.__PARA__L3-1.__PIPE__L0-NA.__PIPE__L2-flatten.__TILE__L0-1.__TILE__L2-1,target,query,query,finetune_dataset,data_384.pt,9321.0,exphormer_lite,2,50,paper_exact_seed2,5.033613681793213,5.114224433898926,0.08061075210571289,0.3499999940395355,0.2939271330833435,0.05607286095619202,0.23999999463558197,0.19204673171043396,0.04795326292514801,0.36000001430511475,0.26283571124076843,0.09716430306434631,0.009999999776482582,-0.008059903979301453,0.018059903755784035
685dc85ed3de4aaf,gemm-p,gemm-p,lv2:__PARA__L0-12.__PARA__L1-32.__PARA__L2-10.__PARA__L3-1.__PIPE__L0-off.__PIPE__L2-flatten.__TILE__L0-1.__TILE__L2-8,target,query,query,finetune_dataset,data_343.pt,11486.0,exphormer_lite,2,50,paper_exact_seed2,4.882954120635986,4.926486492156982,0.043532371520996094,0.23000000417232513,0.24136121571063995,0.01136121153831482,0.1599999964237213,0.1713576763868332,0.011357679963111877,0.2199999988079071,0.22048163414001465,0.00048163533210754395,0.009999999776482582,0.005451783537864685,0.004548216238617897
743b937051155488,gemm-p,gemm-p,lv2:__PARA__L0-1.__PARA__L1-1.__PARA__L2-10.__PARA__L3-14.__PIPE__L0-off.__PIPE__L2-off.__TILE__L0-1.__TILE__L2-1,target,query,query,finetune_dataset,data_107.pt,12490.0,exphormer_lite,2,50,paper_exact_seed2,4.822505474090576,4.819721221923828,0.002784252166748047,0.14000000059604645,0.17635510861873627,0.03635510802268982,0.09000000357627869,0.11556291580200195,0.025562912225723267,0.23000000417232513,0.21933332085609436,0.010666683316230774,0.009999999776482582,0.0071136802434921265,0.0028863195329904556
f65b37928b1e91ab,gemm-p,gemm-p,lv2:__PARA__L0-1.__PARA__L1-1.__PARA__L2-20.__PARA__L3-7.__PIPE__L0-off.__PIPE__L2-off.__TILE__L0-1.__TILE__L2-1,target,query,query,finetune_dataset,data_169.pt,15723.0,exphormer_lite,2,50,paper_exact_seed2,4.656454086303711,4.502139091491699,0.15431499481201172,0.1599999964237213,0.14333407580852509,0.016665920615196228,0.10000000149011612,0.09485156834125519,0.005148433148860931,0.25,0.20145025849342346,0.04854974150657654,0.019999999552965164,0.01021614670753479,0.009783852845430374
ef36d8bab41db1c1,gemm-p,gemm-p,lv2:__PARA__L0-1.__PARA__L1-1.__PARA__L2-10.__PARA__L3-7.__PIPE__L0-off.__PIPE__L2-off.__TILE__L0-1.__TILE__L2-1,target,query,query,finetune_dataset,data_116.pt,16743.0,exphormer_lite,2,50,paper_exact_seed2,4.61111307144165,4.418973445892334,0.1921396255493164,0.07999999821186066,0.12637028098106384,0.046370282769203186,0.05000000074505806,0.08059701323509216,0.030597012490034103,0.11999999731779099,0.182694211602211,0.06269421428442001,0.03999999910593033,0.008817970752716064,0.031182028353214264
47d9ab0044cefe1e,gemm-p,gemm-p,lv2:__PARA__L0-20.__PARA__L1-32.__PARA__L2-1.__PARA__L3-1.__PIPE__L0-NA.__PIPE__L2-flatten.__TILE__L0-1.__TILE__L2-80,target,query,query,finetune_dataset,data_372.pt,47106.0,exphormer_lite,2,50,paper_exact_seed2,3.8649368286132812,3.8249008655548096,0.04003596305847168,0.05999999865889549,0.02260485291481018,0.03739514574408531,0.019999999552965164,0.028659000992774963,0.0086590014398098,0.03999999910593033,0.05625104904174805,0.01625104993581772,0.05000000074505806,0.040181733667850494,0.009818267077207565
4e1d0fbfc97b1b44,gemm-p,gemm-p,lv2:__PARA__L0-1.__PARA__L1-1.__PARA__L2-4.__PARA__L3-1.__PIPE__L0-off.__PIPE__L2-flatten.__TILE__L0-1.__TILE__L2-1,target,query,query,finetune_dataset,data_171.pt,23947.0,exphormer_lite,2,50,paper_exact_seed2,4.352969646453857,4.284188747406006,0.06878089904785156,0.07999999821186066,0.11603426188230515,0.03603426367044449,0.05000000074505806,0.0741170346736908,0.024117033928632736,0.05000000074505806,0.12487299740314484,0.07487300038337708,0.009999999776482582,0.003365159034729004,0.006634840741753578
98d13b347efbf055,gemm-p,gemm-p,lv2:__PARA__L0-1.__PARA__L1-5.__PARA__L2-1.__PARA__L3-1.__PIPE__L0-off.__PIPE__L2-flatten.__TILE__L0-1.__TILE__L2-1,target,query,query,finetune_dataset,data_299.pt,31987.0,exphormer_lite,2,50,paper_exact_seed2,4.144149303436279,4.114732265472412,0.029417037963867188,0.029999999329447746,0.022375643253326416,0.00762435607612133,0.009999999776482582,-0.01687556505203247,0.026875564828515053,0.019999999552965164,-0.005156815052032471,0.025156814604997635,0.05000000074505806,0.025665506720542908,0.024334494024515152
3aae16898050d862,gemm-p,gemm-p,lv2:__PARA__L0-1.__PARA__L1-1.__PARA__L2-5.__PARA__L3-7.__PIPE__L0-off.__PIPE__L2-NA.__TILE__L0-1.__TILE__L2-1,target,query,query,finetune_dataset,data_208.pt,55024.0,exphormer_lite,2,50,paper_exact_seed2,3.752861738204956,3.8935070037841797,0.14064526557922363,0.07000000029802322,0.0700865238904953,8.652359247207642e-05,0.029999999329447746,0.03209550678730011,0.0020955074578523636,0.05999999865889549,0.07438904047012329,0.014389041811227798,0.029999999329447746,0.014733284711837769,0.015266714617609978
e618f61f3a37ff20,gemm-p,gemm-p,lv2:__PARA__L0-30.__PARA__L1-32.__PARA__L2-16.__PARA__L3-1.__PIPE__L0-NA.__PIPE__L2-flatten.__TILE__L0-2.__TILE__L2-1,target,query,query,finetune_dataset,data_396.pt,14419.0,exphormer_lite,2,50,paper_exact_seed2,4.718906402587891,4.78150749206543,0.06260108947753906,0.3499999940395355,0.2945931553840637,0.0554068386554718,0.23999999463558197,0.21259638667106628,0.027403607964515686,0.36000001430511475,0.29152095317840576,0.06847906112670898,0.009999999776482582,0.005826778709888458,0.004173221066594124
9929154d2a2ca07e,gemm-p,gemm-p,lv2:__PARA__L0-1.__PARA__L1-1.__PARA__L2-8.__PARA__L3-5.__PIPE__L0-off.__PIPE__L2-off.__TILE__L0-1.__TILE__L2-2,target,query,query,finetune_dataset,data_225.pt,391190.0,exphormer_lite,2,50,paper_exact_seed2,2.3379933834075928,2.443150520324707,0.10515713691711426,0.009999999776482582,0.022769197821617126,0.012769198045134544,0.009999999776482582,0.004080131649971008,0.005919868126511574,0.009999999776482582,0.04163053631782532,0.031630538403987885,0.03999999910593033,0.02413150668144226,0.015868492424488068
e20f67ba45667e5b,gemm-p,gemm-p,lv2:__PARA__L0-1.__PARA__L1-1.__PARA__L2-5.__PARA__L3-7.__PIPE__L0-off.__PIPE__L2-off.__TILE__L0-1.__TILE__L2-1,target,query,query,finetune_dataset,data_209.pt,21184.0,exphormer_lite,2,50,paper_exact_seed2,4.441404819488525,4.209458827972412,0.23194599151611328,0.03999999910593033,0.08266335725784302,0.04266335815191269,0.029999999329447746,0.05124552547931671,0.021245526149868965,0.05999999865889549,0.11822137236595154,0.058221373707056046,0.029999999329447746,0.009825795888900757,0.02017420344054699
ee665070b18c5d32,gemm-p,gemm-p,lv2:__PARA__L0-1.__PARA__L1-2.__PARA__L2-16.__PARA__L3-70.__PIPE__L0-off.__PIPE__L2-NA.__TILE__L0-1.__TILE__L2-1,target,query,query,finetune_dataset,data_252.pt,12487.0,exphormer_lite,2,50,paper_exact_seed2,4.822678565979004,4.799906253814697,0.02277231216430664,0.3199999928474426,0.22636902332305908,0.09363096952438354,0.23999999463558197,0.16423073410987854,0.07576926052570343,0.36000001430511475,0.21006450057029724,0.1499355137348175,0.009999999776482582,0.0011903494596481323,0.00880965031683445
8bd570148980646e,gemm-p,gemm-p,lv2:__PARA__L0-1.__PARA__L1-1.__PARA__L2-4.__PARA__L3-10.__PIPE__L0-off.__PIPE__L2-off.__TILE__L0-1.__TILE__L2-4,target,query,query,finetune_dataset,data_175.pt,225905.0,exphormer_lite,2,50,paper_exact_seed2,2.734070062637329,2.2728912830352783,0.4611787796020508,0.009999999776482582,0.025089621543884277,0.015089621767401695,0.0,0.02410629391670227,0.02410629391670227,0.009999999776482582,0.057384192943573,0.047384195029735565,0.029999999329447746,0.012535959482192993,0.017464039847254753
2a002c11e47adc72,gemm-p,gemm-p,lv2:__PARA__L0-1.__PARA__L1-1.__PARA__L2-1.__PARA__L3-1.__PIPE__L0-off.__PIPE__L2-flatten.__TILE__L0-1.__TILE__L2-80,target,query,query,finetune_dataset,data_78.pt,35347.0,exphormer_lite,2,50,paper_exact_seed2,4.072098255157471,4.155963897705078,0.08386564254760742,0.029999999329447746,0.010997578501701355,0.01900242082774639,0.009999999776482582,-0.019674152135849,0.02967415191233158,0.019999999552965164,-0.025908738374710083,0.04590873792767525,0.05000000074505806,0.05061037838459015,0.0006103776395320892
a1a4d0cbb87cf338,gemm-p,gemm-p,lv2:__PARA__L0-3.__PARA__L1-32.__PARA__L2-1.__PARA__L3-1.__PIPE__L0-off.__PIPE__L2-flatten.__TILE__L0-1.__TILE__L2-80,target,query,query,finetune_dataset,data_381.pt,32157.0,exphormer_lite,2,50,paper_exact_seed2,4.140325546264648,4.095466613769531,0.04485893249511719,0.05999999865889549,0.062309518456459045,0.002309519797563553,0.019999999552965164,0.033689096570014954,0.01368909701704979,0.03999999910593033,0.04518610239028931,0.005186103284358978,0.05000000074505806,0.04748242720961571,0.0025175735354423523
6949ac99510f8963,gemm-p,gemm-p,lv2:__PARA__L0-1.__PARA__L1-32.__PARA__L2-1.__PARA__L3-32.__PIPE__L0-off.__PIPE__L2-off.__TILE__L0-1.__TILE__L2-1,target,query,query,finetune_dataset,data_272.pt,285469.0,exphormer_lite,2,50,paper_exact_seed2,2.565261125564575,2.504800796508789,0.06046032905578613,0.009999999776482582,0.018651142716407776,0.008651142939925194,0.009999999776482582,0.003804311156272888,0.006195688620209694,0.029999999329447746,0.028140217065811157,0.001859782263636589,0.05000000074505806,0.04070688784122467,0.00929311290383339
9ef04f98e2e62988,gemm-p,gemm-p,lv2:__PARA__L0-1.__PARA__L1-5.__PARA__L2-4.__PARA__L3-1.__PIPE__L0-off.__PIPE__L2-flatten.__TILE__L0-1.__TILE__L2-2,target,query,query,finetune_dataset,data_316.pt,225616.0,exphormer_lite,2,50,paper_exact_seed2,2.7349934577941895,3.0640366077423096,0.3290431499481201,0.23000000417232513,0.15288501977920532,0.07711498439311981,0.05000000074505806,0.05902591347694397,0.00902591273188591,0.05000000074505806,0.1312561184167862,0.08125612139701843,0.009999999776482582,0.004281692206859589,0.0057183075696229935
998f552ce8cd3b0b,gemm-p,gemm-p,lv2:__PARA__L0-1.__PARA__L1-1.__PARA__L2-4.__PARA__L3-14.__PIPE__L0-off.__PIPE__L2-off.__TILE__L0-1.__TILE__L2-4,target,query,query,finetune_dataset,data_179.pt,171065.0,exphormer_lite,2,50,paper_exact_seed2,2.9346559047698975,2.365516185760498,0.5691397190093994,0.019999999552965164,0.027772322297096252,0.007772322744131088,0.009999999776482582,0.037706539034843445,0.027706539258360863,0.009999999776482582,0.05582737922668457,0.04582738131284714,0.03999999910593033,0.01254880428314209,0.02745119482278824
383353e3b882b145,gemm-p,gemm-p,lv2:__PARA__L0-1.__PARA__L1-2.__PARA__L2-1.__PARA__L3-32.__PIPE__L0-off.__PIPE__L2-off.__TILE__L0-1.__TILE__L2-1,target,query,query,finetune_dataset,data_242.pt,286909.0,exphormer_lite,2,50,paper_exact_seed2,2.561631441116333,2.5624592304229736,0.000827789306640625,0.009999999776482582,0.011201515793800354,0.001201516017317772,0.0,0.010326847434043884,0.010326847434043884,0.0,0.015848517417907715,0.015848517417907715,0.05000000074505806,0.03502265363931656,0.0149773471057415
17306fd64712dda9,gemm-p,gemm-p,lv2:__PARA__L0-1.__PARA__L1-1.__PARA__L2-10.__PARA__L3-2.__PIPE__L0-off.__PIPE__L2-NA.__TILE__L0-1.__TILE__L2-1,target,query,query,finetune_dataset,data_109.pt,47291.0,exphormer_lite,2,50,paper_exact_seed2,3.862109422683716,3.814924478530884,0.04718494415283203,0.05999999865889549,0.07813279330730438,0.01813279464840889,0.029999999329447746,0.04545547068119049,0.015455471351742744,0.05000000074505806,0.08498680591583252,0.03498680517077446,0.009999999776482582,0.013585194945335388,0.003585195168852806
fb1114b6b71fa02e,gemm-p,gemm-p,lv2:__PARA__L0-1.__PARA__L1-1.__PARA__L2-4.__PARA__L3-7.__PIPE__L0-off.__PIPE__L2-off.__TILE__L0-1.__TILE__L2-1,target,query,query,finetune_dataset,data_189.pt,23584.0,exphormer_lite,2,50,paper_exact_seed2,4.363987922668457,4.1439738273620605,0.22001409530639648,0.03999999910593033,0.06397691369056702,0.023976914584636688,0.019999999552965164,0.03476408123970032,0.014764081686735153,0.05000000074505806,0.0868815928697586,0.036881592124700546,0.029999999329447746,0.011709168553352356,0.01829083077609539
0eeabdcdff47386b,gemm-p,gemm-p,lv2:__PARA__L0-1.__PARA__L1-16.__PARA__L2-1.__PARA__L3-1.__PIPE__L0-off.__PIPE__L2-flatten.__TILE__L0-60.__TILE__L2-1,target,query,query,finetune_dataset,data_233.pt,31687.0,exphormer_lite,2,50,paper_exact_seed2,4.150946617126465,4.150924205780029,2.2411346435546875e-05,0.029999999329447746,0.04108472168445587,0.011084722355008125,0.019999999552965164,-0.004727408289909363,0.024727407842874527,0.019999999552965164,0.01877117156982422,0.0012288279831409454,0.05000000074505806,0.02210003137588501,0.02789996936917305
f8eced5bda6750eb,gemm-p,gemm-p,lv2:__PARA__L0-1.__PARA__L1-1.__PARA__L2-8.__PARA__L3-10.__PIPE__L0-off.__PIPE__L2-NA.__TILE__L0-1.__TILE__L2-1,target,query,query,finetune_dataset,data_214.pt,41050.0,exphormer_lite,2,50,paper_exact_seed2,3.964200973510742,4.193920612335205,0.2297196388244629,0.12999999523162842,0.09176750481128693,0.03823249042034149,0.05999999865889549,0.048140376806259155,0.011859621852636337,0.14000000059604645,0.08725963532924652,0.05274036526679993,0.05000000074505806,0.01724434643983841,0.03275565430521965
c72435dad60775dc,gemm-p,gemm-p,lv2:__PARA__L0-1.__PARA__L1-1.__PARA__L2-2.__PARA__L3-5.__PIPE__L0-off.__PIPE__L2-off.__TILE__L0-1.__TILE__L2-1,target,query,query,finetune_dataset,data_147.pt,106325.0,exphormer_lite,2,50,paper_exact_seed2,3.2776875495910645,3.3505842685699463,0.07289671897888184,0.019999999552965164,0.02710588276386261,0.007105883210897446,0.009999999776482582,0.0022615045309066772,0.007738495245575905,0.009999999776482582,0.017871975898742676,0.007871976122260094,0.029999999329447746,0.022439874708652496,0.00756012462079525
c0d84603c29fbddb,gemm-p,gemm-p,lv2:__PARA__L0-1.__PARA__L1-1.__PARA__L2-8.__PARA__L3-5.__PIPE__L0-off.__PIPE__L2-NA.__TILE__L0-1.__TILE__L2-1,target,query,query,finetune_dataset,data_223.pt,43865.0,exphormer_lite,2,50,paper_exact_seed2,3.9163570404052734,4.04890251159668,0.13254547119140625,0.07999999821186066,0.07890729606151581,0.0010927021503448486,0.03999999910593033,0.04444681107997894,0.0044468119740486145,0.07999999821186066,0.08962373435497284,0.009623736143112183,0.03999999910593033,0.011121422052383423,0.028878577053546906
7d58e379a85d0088,gemm-p,gemm-p,lv2:__PARA__L0-1.__PARA__L1-5.__PARA__L2-1.__PARA__L3-1.__PIPE__L0-off.__PIPE__L2-flatten.__TILE__L0-1.__TILE__L2-8,target,query,query,finetune_dataset,data_302.pt,231615.0,exphormer_lite,2,50,paper_exact_seed2,2.7160637378692627,2.393829822540283,0.3222339153289795,0.1899999976158142,0.14031407237052917,0.049685925245285034,0.019999999552965164,0.005080878734588623,0.014919120818376541,0.019999999552965164,0.004798948764801025,0.015201050788164139,0.03999999910593033,0.01490814983844757,0.025091849267482758
65905651ddefa93d,gemm-p,gemm-p,lv2:__PARA__L0-1.__PARA__L1-1.__PARA__L2-5.__PARA__L3-1.__PIPE__L0-off.__PIPE__L2-flatten.__TILE__L0-1.__TILE__L2-1,target,query,query,finetune_dataset,data_194.pt,19109.0,exphormer_lite,2,50,paper_exact_seed2,4.515766143798828,4.433553695678711,0.08221244812011719,0.10000000149011612,0.12740111351013184,0.027401112020015717,0.07000000029802322,0.08764179050922394,0.017641790211200714,0.10999999940395355,0.15445514023303986,0.044455140829086304,0.009999999776482582,-1.6391277313232422e-06,0.010001638904213905
16a64917ea3821a4,gemm-p,gemm-p,lv2:__PARA__L0-1.__PARA__L1-1.__PARA__L2-2.__PARA__L3-14.__PIPE__L0-off.__PIPE__L2-off.__TILE__L0-1.__TILE__L2-1,target,query,query,finetune_dataset,data_139.pt,81670.0,exphormer_lite,2,50,paper_exact_seed2,3.467988967895508,3.5210413932800293,0.053052425384521484,0.03999999910593033,0.03251631557941437,0.007483683526515961,0.019999999552965164,0.012280136346817017,0.007719863206148148,0.03999999910593033,0.022068560123443604,0.017931438982486725,0.029999999329447746,0.031585440039634705,0.0015854407101869583
ad87ec7f414fbe82,gemm-p,gemm-p,lv2:__PARA__L0-2.__PARA__L1-32.__PARA__L2-10.__PARA__L3-1.__PIPE__L0-NA.__PIPE__L2-flatten.__TILE__L0-1.__TILE__L2-8,target,query,query,finetune_dataset,data_367.pt,9563.0,exphormer_lite,2,50,paper_exact_seed2,5.015124320983887,5.000814914703369,0.014309406280517578,0.23000000417232513,0.24405983090400696,0.014059826731681824,0.1599999964237213,0.14419123530387878,0.01580876111984253,0.2199999988079071,0.23653489351272583,0.016534894704818726,0.009999999776482582,-0.008279174566268921,0.018279174342751503
1e61a91755bde15a,gemm-p,gemm-p,lv2:__PARA__L0-1.__PARA__L1-1.__PARA__L2-2.__PARA__L3-5.__PIPE__L0-off.__PIPE__L2-off.__TILE__L0-1.__TILE__L2-2,target,query,query,finetune_dataset,data_148.pt,886860.0,exphormer_lite,2,50,paper_exact_seed2,1.7475749254226685,2.162943124771118,0.4153681993484497,0.009999999776482582,-0.003551483154296875,0.013551482930779457,0.0,-0.009735435247421265,0.009735435247421265,0.0,-0.016059458255767822,0.016059458255767822,0.029999999329447746,0.025425657629966736,0.0045743416994810104
fd951650d67b98bc,gemm-p,gemm-p,lv2:__PARA__L0-1.__PARA__L1-2.__PARA__L2-10.__PARA__L3-70.__PIPE__L0-off.__PIPE__L2-NA.__TILE__L0-1.__TILE__L2-1,target,query,query,finetune_dataset,data_249.pt,12847.0,exphormer_lite,2,50,paper_exact_seed2,4.802176475524902,4.737241268157959,0.06493520736694336,0.20999999344348907,0.19813254475593567,0.011867448687553406,0.15000000596046448,0.13658376038074493,0.013416245579719543,0.2199999988079071,0.17880402505397797,0.04119597375392914,0.009999999776482582,0.0027545690536499023,0.00724543072283268
f8bdf0220b8efd35,gemm-p,gemm-p,lv2:__PARA__L0-1.__PARA__L1-1.__PARA__L2-2.__PARA__L3-2.__PIPE__L0-off.__PIPE__L2-off.__TILE__L0-1.__TILE__L2-4,target,query,query,finetune_dataset,data_145.pt,1459866.0,exphormer_lite,2,50,paper_exact_seed2,1.3880460262298584,1.8032047748565674,0.415158748626709,0.0,0.0012941211462020874,0.0012941211462020874,0.0,-0.009527340531349182,0.009527340531349182,0.0,-0.008493542671203613,0.008493542671203613,0.009999999776482582,0.014691933989524841,0.004691934213042259
ce912d6165eea1f8,gemm-p,gemm-p,lv2:__PARA__L0-1.__PARA__L1-5.__PARA__L2-4.__PARA__L3-1.__PIPE__L0-off.__PIPE__L2-flatten.__TILE__L0-1.__TILE__L2-1,target,query,query,finetune_dataset,data_315.pt,20587.0,exphormer_lite,2,50,paper_exact_seed2,4.462025165557861,4.390660285949707,0.0713648796081543,0.07999999821186066,0.1213187426328659,0.04131874442100525,0.05000000074505806,0.07424984872341156,0.0242498479783535,0.05000000074505806,0.13471867144107819,0.08471867442131042,0.009999999776482582,-0.0005348175764083862,0.010534817352890968
707056a975a8db31,gemm-p,gemm-p,lv2:__PARA__L0-30.__PARA__L1-32.__PARA__L2-16.__PARA__L3-1.__PIPE__L0-NA.__PIPE__L2-flatten.__TILE__L0-1.__TILE__L2-1,target,query,query,finetune_dataset,data_395.pt,14419.0,exphormer_lite,2,50,paper_exact_seed2,4.718906402587891,4.770687103271484,0.05178070068359375,0.3499999940395355,0.29188886284828186,0.05811113119125366,0.23999999463558197,0.2139715701341629,0.026028424501419067,0.36000001430511475,0.2947782278060913,0.06522178649902344,0.009999999776482582,0.007172420620918274,0.002827579155564308
ef1ceb40a4d651b2,gemm-p,gemm-p,lv2:__PARA__L0-1.__PARA__L1-1.__PARA__L2-5.__PARA__L3-5.__PIPE__L0-off.__PIPE__L2-off.__TILE__L0-1.__TILE__L2-1,target,query,query,finetune_dataset,data_206.pt,25145.0,exphormer_lite,2,50,paper_exact_seed2,4.317756175994873,4.133759498596191,0.18399667739868164,0.029999999329447746,0.0659460723400116,0.0359460711479187,0.019999999552965164,0.03756949305534363,0.017569493502378464,0.03999999910593033,0.09174710512161255,0.05174710601568222,0.029999999329447746,0.009398959577083588,0.02060103975236416
f20696703ce2bad2,gemm-p,gemm-p,lv2:__PARA__L0-1.__PARA__L1-5.__PARA__L2-2.__PARA__L3-1.__PIPE__L0-off.__PIPE__L2-flatten.__TILE__L0-1.__TILE__L2-4,target,query,query,finetune_dataset,data_312.pt,234616.0,exphormer_lite,2,50,paper_exact_seed2,2.706777334213257,2.566122055053711,0.1406552791595459,0.20000000298023224,0.1712377667427063,0.02876223623752594,0.029999999329447746,0.004578948020935059,0.025421051308512688,0.019999999552965164,0.07218052446842194,0.05218052491545677,0.009999999776482582,0.02389657497406006,0.013896575197577477
638eade1c299f75a,gemm-p,gemm-p,lv2:__PARA__L0-1.__PARA__L1-1.__PARA__L2-1.__PARA__L3-7.__PIPE__L0-off.__PIPE__L2-off.__TILE__L0-1.__TILE__L2-4,target,query,query,finetune_dataset,data_97.pt,466908.0,exphormer_lite,2,50,paper_exact_seed2,2.2103588581085205,2.232243299484253,0.021884441375732422,0.009999999776482582,0.021625280380249023,0.011625280603766441,0.0,0.025085225701332092,0.025085225701332092,0.0,0.011694878339767456,0.011694878339767456,0.019999999552965164,0.023463398218154907,0.003463398665189743
aaec899982f42ed1,gemm-p,gemm-p,lv2:__PARA__L0-1.__PARA__L1-5.__PARA__L2-1.__PARA__L3-1.__PIPE__L0-off.__PIPE__L2-flatten.__TILE__L0-1.__TILE__L2-2,target,query,query,finetune_dataset,data_300.pt,796815.0,exphormer_lite,2,50,paper_exact_seed2,1.824805736541748,2.308600902557373,0.483795166015625,0.20000000298023224,0.09240706264972687,0.10759294033050537,0.019999999552965164,-0.025140434503555298,0.04514043405652046,0.019999999552965164,-0.04927176237106323,0.0692717581987381,0.03999999910593033,0.038389191031455994,0.0016108080744743347
f2cfc23e7d96a21a,gemm-p,gemm-p,lv2:__PARA__L0-1.__PARA__L1-1.__PARA__L2-5.__PARA__L3-70.__PIPE__L0-off.__PIPE__L2-NA.__TILE__L0-1.__TILE__L2-1,target,query,query,finetune_dataset,data_211.pt,19109.0,exphormer_lite,2,50,paper_exact_seed2,4.515766143798828,4.484143257141113,0.031622886657714844,0.10000000149011612,0.14151543378829956,0.04151543229818344,0.07000000029802322,0.10112550854682922,0.031125508248806,0.10999999940395355,0.13546812534332275,0.0254681259393692,0.009999999776482582,0.009617418050765991,0.0003825817257165909
c4f908e25d12ee3a,gemm-p,gemm-p,lv2:__PARA__L0-1.__PARA__L1-1.__PARA__L2-2.__PARA__L3-70.__PIPE__L0-off.__PIPE__L2-NA.__TILE__L0-1.__TILE__L2-1,target,query,query,finetune_dataset,data_154.pt,35647.0,exphormer_lite,2,50,paper_exact_seed2,4.066001892089844,4.134210109710693,0.06820821762084961,0.03999999910593033,0.07644429802894592,0.036444298923015594,0.019999999552965164,0.06277677416801453,0.04277677461504936,0.019999999552965164,0.07324393093585968,0.053243931382894516,0.009999999776482582,0.022443145513534546,0.012443145737051964
53e5acb3022b9736,gemm-p,gemm-p,lv2:__PARA__L0-1.__PARA__L1-1.__PARA__L2-1.__PARA__L3-32.__PIPE__L0-off.__PIPE__L2-off.__TILE__L0-1.__TILE__L2-1,target,query,query,finetune_dataset,data_90.pt,289009.0,exphormer_lite,2,50,paper_exact_seed2,2.556370973587036,2.5276365280151367,0.028734445571899414,0.009999999776482582,0.0046046823263168335,0.005395317450165749,0.0,0.007463112473487854,0.007463112473487854,0.0,0.010336816310882568,0.010336816310882568,0.05000000074505806,0.03431335836648941,0.01568664237856865
4f7c1c7a0159ad36,gemm-p,gemm-p,lv2:__PARA__L0-1.__PARA__L1-1.__PARA__L2-1.__PARA__L3-10.__PIPE__L0-off.__PIPE__L2-off.__TILE__L0-1.__TILE__L2-2,target,query,query,finetune_dataset,data_81.pt,436495.0,exphormer_lite,2,50,paper_exact_seed2,2.2589454650878906,2.4835784435272217,0.22463297843933105,0.009999999776482582,0.026821717619895935,0.016821717843413353,0.0,0.00049610435962677,0.00049610435962677,0.0,-0.020889312028884888,0.020889312028884888,0.019999999552965164,0.027537278831005096,0.007537279278039932
dba1b07283a53f11,gemm-p,gemm-p,lv2:__PARA__L0-1.__PARA__L1-1.__PARA__L2-1.__PARA__L3-2.__PIPE__L0-off.__PIPE__L2-off.__TILE__L0-1.__TILE__L2-4,target,query,query,finetune_dataset,data_89.pt,1354136.0,exphormer_lite,2,50,paper_exact_seed2,1.4422776699066162,1.9850404262542725,0.5427627563476562,0.009999999776482582,-0.0011273026466369629,0.011127302423119545,0.0,0.016511693596839905,0.016511693596839905,0.0,-0.021534860134124756,0.021534860134124756,0.009999999776482582,0.02243863046169281,0.012438630685210228
07bad97c4d4ae0a5,gemm-p,gemm-p,lv2:__PARA__L0-1.__PARA__L1-2.__PARA__L2-1.__PARA__L3-32.__PIPE__L0-off.__PIPE__L2-off.__TILE__L0-60.__TILE__L2-1,target,query,query,finetune_dataset,data_244.pt,286909.0,exphormer_lite,2,50,paper_exact_seed2,2.561631441116333,2.5110673904418945,0.05056405067443848,0.009999999776482582,0.00943426787853241,0.0005657318979501724,0.0,0.008343487977981567,0.008343487977981567,0.0,0.01804715394973755,0.01804715394973755,0.05000000074505806,0.03879809379577637,0.011201906949281693
8ba7f8ad18fb5a3e,gemm-p,gemm-p,lv2:__PARA__L0-4.__PARA__L1-16.__PARA__L2-10.__PARA__L3-1.__PIPE__L0-NA.__PIPE__L2-flatten.__TILE__L0-1.__TILE__L2-8,target,query,query,finetune_dataset,data_401.pt,10050.0,exphormer_lite,2,50,paper_exact_seed2,4.979294300079346,5.096725940704346,0.117431640625,0.23000000417232513,0.2535494267940521,0.02354942262172699,0.1599999964237213,0.15462560951709747,0.00537438690662384,0.2199999988079071,0.24117544293403625,0.02117544412612915,0.009999999776482582,-0.013826236128807068,0.02382623590528965
865271fa8abdf68a,gemm-p,gemm-p,lv2:__PARA__L0-4.__PARA__L1-16.__PARA__L2-1.__PARA__L3-1.__PIPE__L0-off.__PIPE__L2-flatten.__TILE__L0-1.__TILE__L2-80,target,query,query,finetune_dataset,data_400.pt,33170.0,exphormer_lite,2,50,paper_exact_seed2,4.117952823638916,4.018137454986572,0.09981536865234375,0.05000000074505806,0.043188199400901794,0.006811801344156265,0.019999999552965164,0.013167247176170349,0.006832752376794815,0.019999999552965164,0.024351924657821655,0.004351925104856491,0.05000000074505806,0.04490523040294647,0.0050947703421115875
f2a8c232c2c3f39a,gemm-p,gemm-p,lv2:__PARA__L0-1.__PARA__L1-1.__PARA__L2-1.__PARA__L3-8.__PIPE__L0-off.__PIPE__L2-off.__TILE__L0-1.__TILE__L2-1,target,query,query,finetune_dataset,data_100.pt,759409.0,exphormer_lite,2,50,paper_exact_seed2,1.8594895601272583,2.8329832553863525,0.9734936952590942,0.0,0.009010404348373413,0.009010404348373413,0.0,0.0014915019273757935,0.0014915019273757935,0.0,-0.005753576755523682,0.005753576755523682,0.029999999329447746,0.027706243097782135,0.0022937562316656113
4afcb8c7b0112a4d,gemm-p,gemm-p,lv2:__PARA__L0-30.__PARA__L1-32.__PARA__L2-16.__PARA__L3-1.__PIPE__L0-off.__PIPE__L2-flatten.__TILE__L0-2.__TILE__L2-1,target,query,query,finetune_dataset,data_398.pt,14419.0,exphormer_lite,2,50,paper_exact_seed2,4.718906402587891,4.725551605224609,0.00664520263671875,0.3499999940395355,0.2884996235370636,0.061500370502471924,0.23999999463558197,0.2146582156419754,0.025341778993606567,0.36000001430511475,0.3043849766254425,0.05561503767967224,0.009999999776482582,0.006491929292678833,0.003508070483803749
5277a20e45320929,gemm-p,gemm-p,lv2:__PARA__L0-12.__PARA__L1-16.__PARA__L2-16.__PARA__L3-1.__PIPE__L0-off.__PIPE__L2-flatten.__TILE__L0-1.__TILE__L2-1,target,query,query,finetune_dataset,data_339.pt,11150.0,exphormer_lite,2,50,paper_exact_seed2,4.904370307922363,4.989678859710693,0.08530855178833008,0.3499999940395355,0.3138270974159241,0.03617289662361145,0.23999999463558197,0.20960204303264618,0.03039795160293579,0.36000001430511475,0.27984538674354553,0.08015462756156921,0.009999999776482582,0.004040777683258057,0.0059592220932245255
cb44bd110671dfb6,gemm-p,gemm-p,lv2:__PARA__L0-1.__PARA__L1-1.__PARA__L2-1.__PARA__L3-5.__PIPE__L0-off.__PIPE__L2-off.__TILE__L0-1.__TILE__L2-2,target,query,query,finetune_dataset,data_93.pt,570770.0,exphormer_lite,2,50,paper_exact_seed2,2.0654733180999756,2.3838448524475098,0.3183715343475342,0.009999999776482582,0.016337469220161438,0.006337469443678856,0.0,0.0028211623430252075,0.0028211623430252075,0.0,-0.023320317268371582,0.023320317268371582,0.019999999552965164,0.02524714171886444,0.005247142165899277
91f52fdd15496b79,gemm-p,gemm-p,lv2:__PARA__L0-1.__PARA__L1-1.__PARA__L2-10.__PARA__L3-14.__PIPE__L0-off.__PIPE__L2-NA.__TILE__L0-1.__TILE__L2-1,target,query,query,finetune_dataset,data_106.pt,35890.0,exphormer_lite,2,50,paper_exact_seed2,4.061100959777832,4.2707014083862305,0.20960044860839844,0.2199999988079071,0.11314491182565689,0.10685508698225021,0.10000000149011612,0.0707893967628479,0.02921060472726822,0.23999999463558197,0.10056111216545105,0.13943888247013092,0.009999999776482582,0.02053588628768921,0.010535886511206627
2e5b78aa62dc3423,gemm-p,gemm-p,lv2:__PARA__L0-12.__PARA__L1-32.__PARA__L2-16.__PARA__L3-1.__PIPE__L0-off.__PIPE__L2-flatten.__TILE__L0-1.__TILE__L2-1,target,query,query,finetune_dataset,data_345.pt,10982.0,exphormer_lite,2,50,paper_exact_seed2,4.9153218269348145,4.896974563598633,0.01834726333618164,0.3499999940395355,0.29389095306396484,0.05610904097557068,0.23999999463558197,0.21108557283878326,0.028914421796798706,0.36000001430511475,0.276903361082077,0.08309665322303772,0.009999999776482582,0.01034054160118103,0.0003405418246984482
5da4f0b9ddf1dc15,gemm-p,gemm-p,lv2:__PARA__L0-1.__PARA__L1-1.__PARA__L2-1.__PARA__L3-70.__PIPE__L0-off.__PIPE__L2-NA.__TILE__L0-1.__TILE__L2-1,target,query,query,finetune_dataset,data_98.pt,32530.0,exphormer_lite,2,50,paper_exact_seed2,4.132006645202637,4.149807929992676,0.017801284790039062,0.019999999552965164,0.025198325514793396,0.005198325961828232,0.009999999776482582,0.03527623414993286,0.02527623437345028,0.019999999552965164,0.033443570137023926,0.013443570584058762,0.05000000074505806,0.03861887753009796,0.011381123214960098
0ba4ea1b6ce7461f,gemm-p,gemm-p,lv2:__PARA__L0-1.__PARA__L1-2.__PARA__L2-16.__PARA__L3-1.__PIPE__L0-off.__PIPE__L2-flatten.__TILE__L0-1.__TILE__L2-1,target,query,query,finetune_dataset,data_251.pt,12487.0,exphormer_lite,2,50,paper_exact_seed2,4.822678565979004,4.721272945404053,0.10140562057495117,0.3199999928474426,0.21621182560920715,0.10378816723823547,0.23999999463558197,0.13788488507270813,0.10211510956287384,0.36000001430511475,0.23485377430915833,0.12514623999595642,0.009999999776482582,0.002638116478919983,0.007361883297562599
d89ed08ba5c4e9d0,gemm-p,gemm-p,lv2:__PARA__L0-1.__PARA__L1-1.__PARA__L2-2.__PARA__L3-7.__PIPE__L0-off.__PIPE__L2-off.__TILE__L0-1.__TILE__L2-1,target,query,query,finetune_dataset,data_151.pt,96604.0,exphormer_lite,2,50,paper_exact_seed2,3.346850633621216,3.44712233543396,0.10027170181274414,0.029999999329447746,0.03008846938610077,8.847005665302277e-05,0.009999999776482582,0.0030702203512191772,0.006929779425263405,0.019999999552965164,0.016884714365005493,0.003115285187959671,0.019999999552965164,0.024472564458847046,0.004472564905881882
43a1fc399c607d82,gemm-p,gemm-p,lv2:__PARA__L0-1.__PARA__L1-5.__PARA__L2-10.__PARA__L3-1.__PIPE__L0-off.__PIPE__L2-flatten.__TILE__L0-1.__TILE__L2-4,target,query,query,finetune_dataset,data_306.pt,75975.0,exphormer_lite,2,50,paper_exact_seed2,3.520129680633545,3.3241593837738037,0.1959702968597412,0.4399999976158142,0.20894072949886322,0.231059268116951,0.18000000715255737,0.08394172042608261,0.09605828672647476,0.6100000143051147,0.16556598246097565,0.4444340467453003,0.0,-0.0030298978090286255,0.0030298978090286255
a7da740e9473f8d8,gemm-p,gemm-p,lv2:__PARA__L0-1.__PARA__L1-5.__PARA__L2-8.__PARA__L3-1.__PIPE__L0-off.__PIPE__L2-flatten.__TILE__L0-1.__TILE__L2-1,target,query,query,finetune_dataset,data_321.pt,12127.0,exphormer_lite,2,50,paper_exact_seed2,4.843780994415283,4.767890453338623,0.07589054107666016,0.17000000178813934,0.16381709277629852,0.00618290901184082,0.11999999731779099,0.11294491589069366,0.0070550814270973206,0.18000000715255737,0.21112585067749023,0.03112584352493286,0.009999999776482582,-0.005596809089183807,0.01559680886566639
b7785b488b1d90e8,gemm-p,gemm-p,lv2:__PARA__L0-1.__PARA__L1-1.__PARA__L2-8.__PARA__L3-10.__PIPE__L0-off.__PIPE__L2-off.__TILE__L0-1.__TILE__L2-2,target,query,query,finetune_dataset,data_216.pt,215335.0,exphormer_lite,2,50,paper_exact_seed2,2.768636703491211,2.7707159519195557,0.0020792484283447266,0.019999999552965164,0.05007271468639374,0.030072715133428574,0.009999999776482582,0.02601015567779541,0.016010155901312828,0.019999999552965164,0.0712069422006607,0.05120694264769554,0.05000000074505806,0.018062934279441833,0.031937066465616226
6aa4b8ebca535257,gemm-p,gemm-p,lv2:__PARA__L0-1.__PARA__L1-5.__PARA__L2-5.__PARA__L3-1.__PIPE__L0-off.__PIPE__L2-flatten.__TILE__L0-1.__TILE__L2-1,target,query,query,finetune_dataset,data_318.pt,15749.0,exphormer_lite,2,50,paper_exact_seed2,4.655261993408203,4.5365471839904785,0.11871480941772461,0.10000000149011612,0.1318558007478714,0.03185579925775528,0.07000000029802322,0.0887359008193016,0.01873590052127838,0.10999999940395355,0.1627742052078247,0.052774205803871155,0.009999999776482582,-0.003691956400871277,0.013691956177353859
4f074dc2b0bf150a,gemm-p,gemm-p,lv2:__PARA__L0-1.__PARA__L1-4.__PARA__L2-8.__PARA__L3-1.__PIPE__L0-off.__PIPE__L2-flatten.__TILE__L0-1.__TILE__L2-1,target,query,query,finetune_dataset,data_298.pt,12727.0,exphormer_lite,2,50,paper_exact_seed2,4.808946132659912,4.753490924835205,0.05545520782470703,0.17000000178813934,0.16235408186912537,0.007645919919013977,0.11999999731779099,0.11243835091590881,0.007561646401882172,0.18000000715255737,0.21024596691131592,0.030245959758758545,0.009999999776482582,-0.005272917449474335,0.015272917225956917
a3d4be369c427331,gemm-p,gemm-p,lv2:__PARA__L0-1.__PARA__L1-1.__PARA__L2-10.__PARA__L3-70.__PIPE__L0-off.__PIPE__L2-off.__TILE__L0-1.__TILE__L2-1,target,query,query,finetune_dataset,data_119.pt,14947.0,exphormer_lite,2,50,paper_exact_seed2,4.69296407699585,4.690811634063721,0.0021524429321289062,0.20999999344348907,0.2015266865491867,0.008473306894302368,0.15000000596046448,0.13981172442436218,0.010188281536102295,0.2199999988079071,0.18593356013298035,0.03406643867492676,0.009999999776482582,0.004446469247341156,0.005553530529141426
3bbf8f2298a825c7,gemm-p,gemm-p,lv2:__PARA__L0-10.__PARA__L1-16.__PARA__L2-16.__PARA__L3-1.__PIPE__L0-off.__PIPE__L2-flatten.__TILE__L0-1.__TILE__L2-1,target,query,query,finetune_dataset,data_332.pt,10763.0,exphormer_lite,2,50,paper_exact_seed2,4.92985200881958,5.036632537841797,0.1067805290222168,0.3499999940395355,0.3162512481212616,0.033748745918273926,0.23999999463558197,0.21052469313144684,0.029475301504135132,0.36000001430511475,0.27902042865753174,0.08097958564758301,0.009999999776482582,0.002697676420211792,0.00730232335627079
ad665098768e16a0,gemm-p,gemm-p,lv2:__PARA__L0-30.__PARA__L1-32.__PARA__L2-10.__PARA__L3-1.__PIPE__L0-NA.__PIPE__L2-flatten.__TILE__L0-1.__TILE__L2-8,target,query,query,finetune_dataset,data_391.pt,15139.0,exphormer_lite,2,50,paper_exact_seed2,4.683757305145264,4.712762832641602,0.02900552749633789,0.23000000417232513,0.236296147108078,0.006296142935752869,0.1599999964237213,0.18767870962619781,0.0276787132024765,0.2199999988079071,0.23517653346061707,0.015176534652709961,0.009999999776482582,0.002175167202949524,0.007824832573533058
152f0fa02f6e91e4,gemm-p,gemm-p,lv2:__PARA__L0-1.__PARA__L1-32.__PARA__L2-10.__PARA__L3-1.__PIPE__L0-NA.__PIPE__L2-flatten.__TILE__L0-4.__TILE__L2-1,target,query,query,finetune_dataset,data_276.pt,9914.0,exphormer_lite,2,50,paper_exact_seed2,4.98912239074707,4.91342830657959,0.07569408416748047,0.23000000417232513,0.257087379693985,0.02708737552165985,0.1599999964237213,0.1535624861717224,0.006437510251998901,0.2199999988079071,0.23202091455459595,0.012020915746688843,0.009999999776482582,-0.001107439398765564,0.011107439175248146
08c0db4b86809ca1,gemm-p,gemm-p,lv2:__PARA__L0-2.__PARA__L1-32.__PARA__L2-16.__PARA__L3-1.__PIPE__L0-off.__PIPE__L2-flatten.__TILE__L0-1.__TILE__L2-1,target,query,query,finetune_dataset,data_370.pt,9179.0,exphormer_lite,2,50,paper_exact_seed2,5.044687747955322,5.0626420974731445,0.017954349517822266,0.3499999940395355,0.26244693994522095,0.08755305409431458,0.23999999463558197,0.18693949282169342,0.05306050181388855,0.36000001430511475,0.2533819079399109,0.10661810636520386,0.009999999776482582,-0.002781912684440613,0.012781912460923195
05c7235b9f5af54f,gemm-p,gemm-p,lv2:__PARA__L0-20.__PARA__L1-32.__PARA__L2-10.__PARA__L3-1.__PIPE__L0-NA.__PIPE__L2-flatten.__TILE__L0-1.__TILE__L2-8,target,query,query,finetune_dataset,data_374.pt,13106.0,exphormer_lite,2,50,paper_exact_seed2,4.787778377532959,4.763387203216553,0.02439117431640625,0.23000000417232513,0.22959721088409424,0.000402793288230896,0.1599999964237213,0.15247902274131775,0.0075209736824035645,0.2199999988079071,0.21990033984184265,9.965896606445312e-05,0.009999999776482582,0.0009950995445251465,0.009004900231957436
9388d9bcc8c3974d,gemm-p,gemm-p,lv2:__PARA__L0-1.__PARA__L1-1.__PARA__L2-5.__PARA__L3-5.__PIPE__L0-off.__PIPE__L2-off.__TILE__L0-1.__TILE__L2-2,target,query,query,finetune_dataset,data_207.pt,520550.0,exphormer_lite,2,50,paper_exact_seed2,2.1319096088409424,2.293337821960449,0.16142821311950684,0.009999999776482582,0.012879028916358948,0.0028790291398763657,0.0,-0.0041611939668655396,0.0041611939668655396,0.0,0.03413093090057373,0.03413093090057373,0.029999999329447746,0.020293109118938446,0.0097068902105093
2ec4102f44654268,gemm-p,gemm-p,lv2:__PARA__L0-30.__PARA__L1-32.__PARA__L2-1.__PARA__L3-1.__PIPE__L0-off.__PIPE__L2-flatten.__TILE__L0-2.__TILE__L2-1,target,query,query,finetune_dataset,data_390.pt,55939.0,exphormer_lite,2,50,paper_exact_seed2,3.740964889526367,3.8480517864227295,0.1070868968963623,0.05999999865889549,0.04309408366680145,0.01690591499209404,0.019999999552965164,0.046411022543907166,0.026411022990942,0.03999999910593033,0.09273277223110199,0.05273277312517166,0.05000000074505806,0.03044065833091736,0.0195593424141407
5b1cbec8490c4471,gemm-p,gemm-p,lv2:__PARA__L0-1.__PARA__L1-1.__PARA__L2-10.__PARA__L3-10.__PIPE__L0-off.__PIPE__L2-off.__TILE__L0-1.__TILE__L2-2,target,query,query,finetune_dataset,data_105.pt,195175.0,exphormer_lite,2,50,paper_exact_seed2,2.8395440578460693,2.8253071308135986,0.014236927032470703,0.029999999329447746,0.055612713098526,0.025612713769078255,0.019999999552965164,0.028145939111709595,0.00814593955874443,0.029999999329447746,0.06867656111717224,0.038676559925079346,0.0,0.01930752396583557,0.01930752396583557
bd8a558d1e7455ea,gemm-p,gemm-p,lv2:__PARA__L0-1.__PARA__L1-1.__PARA__L2-10.__PARA__L3-10.__PIPE__L0-off.__PIPE__L2-NA.__TILE__L0-1.__TILE__L2-1,target,query,query,finetune_dataset,data_103.pt,35890.0,exphormer_lite,2,50,paper_exact_seed2,4.061100959777832,4.260675430297852,0.19957447052001953,0.17000000178813934,0.10214687883853912,0.06785312294960022,0.07999999821186066,0.053972676396369934,0.026027321815490723,0.18000000715255737,0.09411585330963135,0.08588415384292603,0.009999999776482582,0.017069965600967407,0.007069965824484825
280681d79bcd3457,gemm-p,gemm-p,lv2:__PARA__L0-1.__PARA__L1-1.__PARA__L2-4.__PARA__L3-5.__PIPE__L0-off.__PIPE__L2-NA.__TILE__L0-1.__TILE__L2-1,target,query,query,finetune_dataset,data_184.pt,67025.0,exphormer_lite,2,50,paper_exact_seed2,3.6105425357818604,3.7519094944000244,0.14136695861816406,0.05000000074505806,0.06418634951114655,0.014186348766088486,0.019999999552965164,0.02655854821205139,0.006558548659086227,0.03999999910593033,0.07197444140911102,0.031974442303180695,0.029999999329447746,0.013941764831542969,0.016058234497904778
4a373a54a47fffb5,gemm-p,gemm-p,lv2:__PARA__L0-1.__PARA__L1-1.__PARA__L2-1.__PARA__L3-7.__PIPE__L0-off.__PIPE__L2-off.__TILE__L0-1.__TILE__L2-2,target,query,query,finetune_dataset,data_96.pt,466908.0,exphormer_lite,2,50,paper_exact_seed2,2.2103588581085205,2.432581901550293,0.22222304344177246,0.009999999776482582,0.021050557494163513,0.011050557717680931,0.0,0.00035381317138671875,0.00035381317138671875,0.0,-0.022912204265594482,0.022912204265594482,0.019999999552965164,0.026655621826648712,0.006655622273683548
392ecd77c14e7fb5,gemm-p,gemm-p,lv2:__PARA__L0-3.__PARA__L1-32.__PARA__L2-1.__PARA__L3-1.__PIPE__L0-NA.__PIPE__L2-flatten.__TILE__L0-1.__TILE__L2-80,target,query,query,finetune_dataset,data_380.pt,32157.0,exphormer_lite,2,50,paper_exact_seed2,4.140325546264648,4.138637065887451,0.0016884803771972656,0.05999999865889549,0.07328476011753082,0.01328476145863533,0.019999999552965164,0.04056231677532196,0.020562317222356796,0.03999999910593033,0.06450304388999939,0.02450304478406906,0.05000000074505806,0.04073166847229004,0.00926833227276802
872b368f13acc874,gemm-p,gemm-p,lv2:__PARA__L0-1.__PARA__L1-1.__PARA__L2-2.__PARA__L3-2.__PIPE__L0-off.__PIPE__L2-off.__TILE__L0-1.__TILE__L2-2,target,query,query,finetune_dataset,data_144.pt,2110866.0,exphormer_lite,2,50,paper_exact_seed2,1.1220465898513794,1.9943161010742188,0.8722695112228394,0.0,-0.0027368664741516113,0.0027368664741516113,0.0,-0.016420528292655945,0.016420528292655945,0.0,-0.038339078426361084,0.038339078426361084,0.009999999776482582,0.026671379804611206,0.016671380028128624
6c54beba2b4ed543,gemm-p,gemm-p,lv2:__PARA__L0-6.__PARA__L1-32.__PARA__L2-16.__PARA__L3-1.__PIPE__L0-NA.__PIPE__L2-flatten.__TILE__L0-1.__TILE__L2-1,target,query,query,finetune_dataset,data_423.pt,9860.0,exphormer_lite,2,50,paper_exact_seed2,4.993062496185303,5.075984001159668,0.08292150497436523,0.3499999940395355,0.3154352605342865,0.03456473350524902,0.23999999463558197,0.2005649209022522,0.03943507373332977,0.36000001430511475,0.2731035053730011,0.08689650893211365,0.009999999776482582,-0.0030320286750793457,0.013032028451561928
7b5fc2286f9afd37,gemm-p,gemm-p,lv2:__PARA__L0-12.__PARA__L1-32.__PARA__L2-1.__PARA__L3-1.__PIPE__L0-off.__PIPE__L2-flatten.__TILE__L0-1.__TILE__L2-80,target,query,query,finetune_dataset,data_341.pt,40046.0,exphormer_lite,2,50,paper_exact_seed2,3.982063055038452,3.9778780937194824,0.0041849613189697266,0.05999999865889549,0.0687655657529831,0.0087655670940876,0.019999999552965164,0.053168103098869324,0.03316810354590416,0.03999999910593033,0.0898783951997757,0.04987839609384537,0.05000000074505806,0.037200525403022766,0.012799475342035294
66b001d5a20855dc,gemm-p,gemm-p,lv2:__PARA__L0-1.__PARA__L1-1.__PARA__L2-5.__PARA__L3-70.__PIPE__L0-off.__PIPE__L2-off.__TILE__L0-1.__TILE__L2-1,target,query,query,finetune_dataset,data_212.pt,19109.0,exphormer_lite,2,50,paper_exact_seed2,4.515766143798828,4.584691047668457,0.0689249038696289,0.10000000149011612,0.14681768417358398,0.046817682683467865,0.07000000029802322,0.10296645015478134,0.03296644985675812,0.10999999940395355,0.14067342877388,0.030673429369926453,0.009999999776482582,0.008028127253055573,0.0019718725234270096
e5ad409c498d9dac,gemm-p,gemm-p,lv2:__PARA__L0-3.__PARA__L1-16.__PARA__L2-16.__PARA__L3-1.__PIPE__L0-off.__PIPE__L2-flatten.__TILE__L0-1.__TILE__L2-1,target,query,query,finetune_dataset,data_379.pt,9453.0,exphormer_lite,2,50,paper_exact_seed2,5.023469924926758,5.131045341491699,0.1075754165649414,0.3499999940395355,0.2902185022830963,0.05978149175643921,0.23999999463558197,0.19780628383159637,0.042193710803985596,0.36000001430511475,0.2623794674873352,0.09762054681777954,0.009999999776482582,-0.008714333176612854,0.018714332953095436
2f852363af8edda9,gemm-p,gemm-p,lv2:__PARA__L0-1.__PARA__L1-1.__PARA__L2-1.__PARA__L3-2.__PIPE__L0-off.__PIPE__L2-off.__TILE__L0-1.__TILE__L2-2,target,query,query,finetune_dataset,data_88.pt,1354136.0,exphormer_lite,2,50,paper_exact_seed2,1.4422776699066162,2.2057180404663086,0.7634403705596924,0.009999999776482582,0.0008698850870132446,0.009130114689469337,0.0,-0.002382516860961914,0.002382516860961914,0.0,-0.05090191960334778,0.05090191960334778,0.009999999776482582,0.021151363849639893,0.01115136407315731
9dac01514ca28d78,gemm-p,gemm-p,lv2:__PARA__L0-1.__PARA__L1-32.__PARA__L2-1.__PARA__L3-1.__PIPE__L0-off.__PIPE__L2-flatten.__TILE__L0-60.__TILE__L2-1,target,query,query,finetune_dataset,data_271.pt,31567.0,exphormer_lite,2,50,paper_exact_seed2,4.153683662414551,4.220098495483398,0.06641483306884766,0.029999999329447746,0.034146860241889954,0.004146860912442207,0.019999999552965164,-0.008550122380256653,0.028550121933221817,0.03999999910593033,0.001800537109375,0.03819946199655533,0.05000000074505806,0.029405534267425537,0.020594466477632523
dbb2984793e35e88,gemm-p,gemm-p,lv2:__PARA__L0-1.__PARA__L1-4.__PARA__L2-2.__PARA__L3-1.__PIPE__L0-off.__PIPE__L2-flatten.__TILE__L0-1.__TILE__L2-1,target,query,query,finetune_dataset,data_295.pt,32887.0,exphormer_lite,2,50,paper_exact_seed2,4.124133586883545,4.081751346588135,0.042382240295410156,0.03999999910593033,0.0830373615026474,0.04303736239671707,0.019999999552965164,0.02468039095401764,0.004680391401052475,0.019999999552965164,0.05372416973114014,0.03372417017817497,0.009999999776482582,0.015762515366077423,0.005762515589594841
af015ab4f15ef7af,gemm-p,gemm-p,lv2:__PARA__L0-1.__PARA__L1-8.__PARA__L2-1.__PARA__L3-32.__PIPE__L0-off.__PIPE__L2-off.__TILE__L0-60.__TILE__L2-1,target,query,query,finetune_dataset,data_330.pt,285829.0,exphormer_lite,2,50,paper_exact_seed2,2.564352035522461,2.5694267749786377,0.005074739456176758,0.009999999776482582,0.021786481142044067,0.011786481365561485,0.0,0.009781032800674438,0.009781032800674438,0.009999999776482582,0.04161164164543152,0.031611643731594086,0.05000000074505806,0.04099956154823303,0.009000439196825027
4ffdfc36bd864ed0,gemm-p,gemm-p,lv2:__PARA__L0-2.__PARA__L1-16.__PARA__L2-10.__PARA__L3-1.__PIPE__L0-off.__PIPE__L2-flatten.__TILE__L0-1.__TILE__L2-8,target,query,query,finetune_dataset,data_362.pt,9691.0,exphormer_lite,2,50,paper_exact_seed2,5.005533218383789,4.889038562774658,0.11649465560913086,0.23000000417232513,0.23928794264793396,0.009287938475608826,0.1599999964237213,0.13084980845451355,0.029150187969207764,0.2199999988079071,0.21913474798202515,0.000865250825881958,0.009999999776482582,-0.007559612393379211,0.017559612169861794
aed5122bfc869490,gemm-p,gemm-p,lv2:__PARA__L0-1.__PARA__L1-16.__PARA__L2-10.__PARA__L3-1.__PIPE__L0-off.__PIPE__L2-flatten.__TILE__L0-60.__TILE__L2-1,target,query,query,finetune_dataset,data_237.pt,11287.0,exphormer_lite,2,50,paper_exact_seed2,4.895561218261719,4.873989105224609,0.021572113037109375,0.20999999344348907,0.22620713710784912,0.016207143664360046,0.15000000596046448,0.13323301076889038,0.016766995191574097,0.2199999988079071,0.23926787078380585,0.019267871975898743,0.009999999776482582,-2.3990869522094727e-05,0.010023990646004677
f89c7dc4eb22e0f6,gemm-p,gemm-p,lv2:__PARA__L0-1.__PARA__L1-1.__PARA__L2-4.__PARA__L3-5.__PIPE__L0-off.__PIPE__L2-off.__TILE__L0-1.__TILE__L2-4,target,query,query,finetune_dataset,data_187.pt,420660.0,exphormer_lite,2,50,paper_exact_seed2,2.2856006622314453,2.006345748901367,0.2792549133300781,0.009999999776482582,0.019779562950134277,0.009779563173651695,0.0,-0.002250954508781433,0.002250954508781433,0.0,0.03643122315406799,0.03643122315406799,0.029999999329447746,0.01499474048614502,0.015005258843302727
3e229f230250c38c,gemm-p,gemm-p,lv2:__PARA__L0-1.__PARA__L1-2.__PARA__L2-8.__PARA__L3-70.__PIPE__L0-off.__PIPE__L2-off.__TILE__L0-1.__TILE__L2-1,target,query,query,finetune_dataset,data_265.pt,13387.0,exphormer_lite,2,50,paper_exact_seed2,4.772475719451904,4.721629619598389,0.050846099853515625,0.17000000178813934,0.1937541365623474,0.02375413477420807,0.11999999731779099,0.12672412395477295,0.006724126636981964,0.18000000715255737,0.17208990454673767,0.007910102605819702,0.009999999776482582,0.0038809850811958313,0.006119014695286751
25479773fe5d3dd0,gemm-p,gemm-p,lv2:__PARA__L0-1.__PARA__L1-32.__PARA__L2-16.__PARA__L3-1.__PIPE__L0-off.__PIPE__L2-flatten.__TILE__L0-1.__TILE__L2-1,target,query,query,finetune_dataset,data_283.pt,10807.0,exphormer_lite,2,50,paper_exact_seed2,4.92690896987915,4.862771987915039,0.06413698196411133,0.33000001311302185,0.23129604756832123,0.09870396554470062,0.23999999463558197,0.14702677726745605,0.09297321736812592,0.36000001430511475,0.2437012791633606,0.11629873514175415,0.009999999776482582,0.003047764301300049,0.006952235475182533
a7caa4bbaf5392a3,gemm-p,gemm-p,lv2:__PARA__L0-1.__PARA__L1-1.__PARA__L2-2.__PARA__L3-2.__PIPE__L0-off.__PIPE__L2-off.__TILE__L0-1.__TILE__L2-1,target,query,query,finetune_dataset,data_143.pt,154571.0,exphormer_lite,2,50,paper_exact_seed2,3.0077931880950928,2.9649624824523926,0.042830705642700195,0.019999999552965164,0.005275130271911621,0.014724869281053543,0.0,-0.004571110010147095,0.004571110010147095,0.0,0.0027565956115722656,0.0027565956115722656,0.009999999776482582,0.025282174348831177,0.015282174572348595
0a16eeda82a64909,gemm-p,gemm-p,lv2:__PARA__L0-1.__PARA__L1-5.__PARA__L2-5.__PARA__L3-1.__PIPE__L0-off.__PIPE__L2-flatten.__TILE__L0-1.__TILE__L2-2,target,query,query,finetune_dataset,data_319.pt,187217.0,exphormer_lite,2,50,paper_exact_seed2,2.869572401046753,3.0823872089385986,0.2128148078918457,0.25999999046325684,0.16385123133659363,0.09614875912666321,0.07000000029802322,0.06673337519168854,0.0032666251063346863,0.10999999940395355,0.14691728353500366,0.03691728413105011,0.009999999776482582,0.0016224756836891174,0.008377524092793465
92aa6f350cc3d58e,gemm-p,gemm-p,lv2:__PARA__L0-3.__PARA__L1-32.__PARA__L2-10.__PARA__L3-1.__PIPE__L0-NA.__PIPE__L2-flatten.__TILE__L0-1.__TILE__L2-8,target,query,query,finetune_dataset,data_382.pt,9717.0,exphormer_lite,2,50,paper_exact_seed2,5.003600597381592,5.070043563842773,0.06644296646118164,0.23000000417232513,0.2506785988807678,0.020678594708442688,0.1599999964237213,0.15187570452690125,0.008124291896820068,0.2199999988079071,0.24352888762950897,0.023528888821601868,0.009999999776482582,-0.009879663586616516,0.019879663363099098
db7da4b4c353bdb1,gemm-p,gemm-p,lv2:__PARA__L0-1.__PARA__L1-4.__PARA__L2-16.__PARA__L3-1.__PIPE__L0-off.__PIPE__L2-flatten.__TILE__L0-1.__TILE__L2-1,target,query,query,finetune_dataset,data_294.pt,11827.0,exphormer_lite,2,50,paper_exact_seed2,4.861850261688232,4.780097961425781,0.08175230026245117,0.3199999928474426,0.21914221346378326,0.10085777938365936,0.23999999463558197,0.13754130899906158,0.10245868563652039,0.36000001430511475,0.23741929233074188,0.12258072197437286,0.009999999776482582,0.00045684725046157837,0.009543152526021004
4a8b56c2f22188e4,gemm-p,gemm-p,lv2:__PARA__L0-1.__PARA__L1-1.__PARA__L2-1.__PARA__L3-16.__PIPE__L0-off.__PIPE__L2-off.__TILE__L0-1.__TILE__L2-1,target,query,query,finetune_dataset,data_86.pt,442609.0,exphormer_lite,2,50,paper_exact_seed2,2.2489116191864014,2.820026397705078,0.5711147785186768,0.009999999776482582,0.012034371495246887,0.002034371718764305,0.0,0.014204636216163635,0.014204636216163635,0.0,0.004106044769287109,0.004106044769287109,0.03999999910593033,0.03266289085149765,0.007337108254432678
dfccf34a168c3e6b,gemm-p,gemm-p,lv2:__PARA__L0-1.__PARA__L1-1.__PARA__L2-5.__PARA__L3-14.__PIPE__L0-off.__PIPE__L2-off.__TILE__L0-1.__TILE__L2-2,target,query,query,finetune_dataset,data_200.pt,211097.0,exphormer_lite,2,50,paper_exact_seed2,2.7829749584198,2.8236372470855713,0.040662288665771484,0.019999999552965164,0.054590657353401184,0.03459065780043602,0.009999999776482582,0.037544772028923035,0.027544772252440453,0.019999999552965164,0.0859912782907486,0.06599128246307373,0.03999999910593033,0.01446688175201416,0.025533117353916168
332dfe5c4fbd6b6a,gemm-p,gemm-p,lv2:__PARA__L0-1.__PARA__L1-1.__PARA__L2-8.__PARA__L3-70.__PIPE__L0-off.__PIPE__L2-NA.__TILE__L0-1.__TILE__L2-1,target,query,query,finetune_dataset,data_229.pt,15487.0,exphormer_lite,2,50,paper_exact_seed2,4.667363166809082,4.626626014709473,0.040737152099609375,0.17000000178813934,0.1738288700580597,0.003828868269920349,0.11999999731779099,0.12550748884677887,0.0055074915289878845,0.18000000715255737,0.16358548402786255,0.016414523124694824,0.009999999776482582,0.0058858394622802734,0.004114160314202309
1ae875ed2f961dca,gemm-p,gemm-p,lv2:__PARA__L0-1.__PARA__L1-1.__PARA__L2-10.__PARA__L3-14.__PIPE__L0-off.__PIPE__L2-off.__TILE__L0-1.__TILE__L2-2,target,query,query,finetune_dataset,data_108.pt,149095.0,exphormer_lite,2,50,paper_exact_seed2,3.0338120460510254,3.058534860610962,0.024722814559936523,0.03999999910593033,0.0889546126127243,0.048954613506793976,0.019999999552965164,0.04362805187702179,0.023628052324056625,0.03999999910593033,0.07794737815856934,0.03794737905263901,0.0,0.017194002866744995,0.017194002866744995
dbd0e21f76a2b7bd,gemm-p,gemm-p,lv2:__PARA__L0-1.__PARA__L1-1.__PARA__L2-1.__PARA__L3-5.__PIPE__L0-off.__PIPE__L2-off.__TILE__L0-1.__TILE__L2-1,target,query,query,finetune_dataset,data_92.pt,195248.0,exphormer_lite,2,50,paper_exact_seed2,2.8392741680145264,2.7789299488067627,0.06034421920776367,0.019999999552965164,0.004104584455490112,0.015895415097475052,0.009999999776482582,-0.0009028017520904541,0.010902801528573036,0.009999999776482582,-0.005286097526550293,0.015286097303032875,0.019999999552965164,0.02477036416530609,0.004770364612340927
bc0b4a3eb203b33e,gemm-p,gemm-p,lv2:__PARA__L0-1.__PARA__L1-1.__PARA__L2-2.__PARA__L3-5.__PIPE__L0-off.__PIPE__L2-off.__TILE__L0-1.__TILE__L2-4,target,query,query,finetune_dataset,data_149.pt,618060.0,exphormer_lite,2,50,paper_exact_seed2,2.008054733276367,1.9461548328399658,0.06189990043640137,0.009999999776482582,0.005728289484977722,0.00427171029150486,0.0,0.007101684808731079,0.007101684808731079,0.0,0.02688392996788025,0.02688392996788025,0.029999999329447746,0.011032186448574066,0.01896781288087368
08802dfda2f24c58,gemm-p,gemm-p,lv2:__PARA__L0-1.__PARA__L1-2.__PARA__L2-5.__PARA__L3-70.__PIPE__L0-off.__PIPE__L2-NA.__TILE__L0-1.__TILE__L2-1,target,query,query,finetune_dataset,data_261.pt,17009.0,exphormer_lite,2,50,paper_exact_seed2,4.599742889404297,4.5344648361206055,0.0652780532836914,0.10000000149011612,0.1483553647994995,0.04835536330938339,0.07000000029802322,0.09905555099248886,0.029055550694465637,0.10999999940395355,0.1373017132282257,0.027301713824272156,0.009999999776482582,0.008082270622253418,0.0019177291542291641
a3f47dd603d44fac,gemm-p,gemm-p,lv2:__PARA__L0-1.__PARA__L1-1.__PARA__L2-1.__PARA__L3-4.__PIPE__L0-off.__PIPE__L2-off.__TILE__L0-1.__TILE__L2-1,target,query,query,finetune_dataset,data_91.pt,322669.0,exphormer_lite,2,50,paper_exact_seed2,2.476900577545166,2.750398874282837,0.2734982967376709,0.009999999776482582,0.0006550699472427368,0.009344929829239845,0.0,-0.0014511644840240479,0.0014511644840240479,0.0,-0.0060873329639434814,0.0060873329639434814,0.019999999552965164,0.02369038760662079,0.0036903880536556244
6608e886ce7e9d0a,gemm-p,gemm-p,lv2:__PARA__L0-6.__PARA__L1-32.__PARA__L2-10.__PARA__L3-1.__PIPE__L0-off.__PIPE__L2-flatten.__TILE__L0-1.__TILE__L2-8,target,query,query,finetune_dataset,data_422.pt,10292.0,exphormer_lite,2,50,paper_exact_seed2,4.962130546569824,4.976541519165039,0.014410972595214844,0.23000000417232513,0.24945330619812012,0.019453302025794983,0.1599999964237213,0.14388407766819,0.01611591875553131,0.2199999988079071,0.22574983537197113,0.005749836564064026,0.009999999776482582,0.0044610947370529175,0.005538905039429665
d15bc24f13c0bb1d,gemm-p,gemm-p,lv2:__PARA__L0-1.__PARA__L1-1.__PARA__L2-10.__PARA__L3-2.__PIPE__L0-off.__PIPE__L2-off.__TILE__L0-1.__TILE__L2-2,target,query,query,finetune_dataset,data_111.pt,842396.0,exphormer_lite,2,50,paper_exact_seed2,1.7846788167953491,2.0641846656799316,0.2795058488845825,0.009999999776482582,0.014208406209945679,0.004208406433463097,0.0,-0.022064968943595886,0.022064968943595886,0.0,-0.0068746209144592285,0.0068746209144592285,0.009999999776482582,0.026348352432250977,0.016348352655768394
cc25fb09996cf912,gemm-p,gemm-p,lv2:__PARA__L0-1.__PARA__L1-32.__PARA__L2-1.__PARA__L3-1.__PIPE__L0-off.__PIPE__L2-flatten.__TILE__L0-2.__TILE__L2-1,target,query,query,finetune_dataset,data_269.pt,31323.0,exphormer_lite,2,50,paper_exact_seed2,4.159280776977539,4.175220966339111,0.015940189361572266,0.05999999865889549,0.0469043105840683,0.013095688074827194,0.019999999552965164,-0.0023161321878433228,0.022316131740808487,0.03999999910593033,0.0040978193283081055,0.03590217977762222,0.05000000074505806,0.04096166044473648,0.009038340300321579
00f04d9d71c381ce,gemm-p,gemm-p,lv2:__PARA__L0-1.__PARA__L1-1.__PARA__L2-5.__PARA__L3-2.__PIPE__L0-off.__PIPE__L2-off.__TILE__L0-1.__TILE__L2-1,target,query,query,finetune_dataset,data_202.pt,45152.0,exphormer_lite,2,50,paper_exact_seed2,3.8954970836639404,3.798862934112549,0.0966341495513916,0.019999999552965164,0.051437437534332275,0.03143743798136711,0.009999999776482582,0.023252055048942566,0.013252055272459984,0.019999999552965164,0.06430742144584656,0.04430742189288139,0.019999999552965164,0.016826368868350983,0.0031736306846141815
f034469d455bb20c,jacobi-2d,jacobi-2d,lv2:__PARA__L0-1.__PARA__L1-1.__PARA__L2-1.__PARA__L3-1.__PARA__L4-1.__PIPE__L0-off.__PIPE__L1-flatten.__PIPE__L2-off.__TILE__L0-1.__TILE__L1-1.__TILE__L2-2,target,query,query,finetune_dataset,data_657.pt,4000281.0,exphormer_lite,2,50,paper_exact_seed2,0.660913348197937,0.76884526014328,0.10793191194534302,0.25,0.20399276912212372,0.04600723087787628,0.10999999940395355,0.09331586211919785,0.016684137284755707,0.25999999046325684,0.2134547382593155,0.046545252203941345,0.28999999165534973,0.2448691576719284,0.045130833983421326
32f1f774163feb41,jacobi-2d,jacobi-2d,lv2:__PARA__L0-1.__PARA__L1-1.__PARA__L2-2.__PARA__L3-1.__PARA__L4-1.__PIPE__L0-off.__PIPE__L1-off.__PIPE__L2-flatten.__TILE__L0-1.__TILE__L1-1.__TILE__L2-8,target,query,query,finetune_dataset,data_737.pt,4301521.0,exphormer_lite,2,50,paper_exact_seed2,0.6085405945777893,0.6021522283554077,0.006388366222381592,0.6499999761581421,0.7984229922294617,0.14842301607131958,0.28999999165534973,0.3009774088859558,0.010977417230606079,0.6100000143051147,0.6803644299507141,0.07036441564559937,0.03999999910593033,0.05127338320016861,0.011273384094238281
942f78d1937a87f4,jacobi-2d,jacobi-2d,lv2:__PARA__L0-1.__PARA__L1-2.__PARA__L2-1.__PARA__L3-8.__PARA__L4-8.__PIPE__L0-off.__PIPE__L1-NA.__PIPE__L2-off.__TILE__L0-1.__TILE__L1-1.__TILE__L2-2,target,query,query,finetune_dataset,data_810.pt,4268321.0,exphormer_lite,2,50,paper_exact_seed2,0.6141297221183777,0.8475165367126465,0.2333868145942688,0.05000000074505806,0.018666908144950867,0.03133309260010719,0.019999999552965164,0.006890088319778442,0.013109911233186722,0.05000000074505806,0.007749021053314209,0.04225097969174385,0.0,0.016259416937828064,0.016259416937828064
c87827784f91dd49,jacobi-2d,jacobi-2d,lv2:__PARA__L0-1.__PARA__L1-1.__PARA__L2-1.__PARA__L3-1.__PARA__L4-16.__PIPE__L0-off.__PIPE__L1-flatten.__PIPE__L2-NA.__TILE__L0-1.__TILE__L1-1.__TILE__L2-8,target,query,query,finetune_dataset,data_665.pt,5520201.0,exphormer_lite,2,50,paper_exact_seed2,0.4286036491394043,0.6513863801956177,0.22278273105621338,0.2800000011920929,0.3214995563030243,0.041499555110931396,0.11999999731779099,0.1587846279144287,0.038784630596637726,0.28999999165534973,0.28916046023368835,0.000839531421661377,0.28999999165534973,0.1547374129295349,0.13526257872581482
b7a063af2d7c0f24,jacobi-2d,jacobi-2d,lv2:__PARA__L0-1.__PARA__L1-2.__PARA__L2-2.__PARA__L3-8.__PARA__L4-8.__PIPE__L0-off.__PIPE__L1-NA.__PIPE__L2-off.__TILE__L0-40.__TILE__L1-1.__TILE__L2-1,target,query,query,finetune_dataset,data_841.pt,4382121.0,exphormer_lite,2,50,paper_exact_seed2,0.5951493978500366,0.836854875087738,0.24170547723770142,0.05000000074505806,0.02554360032081604,0.02445640042424202,0.019999999552965164,0.0012047439813613892,0.018795255571603775,0.05000000074505806,0.006241261959075928,0.04375873878598213,0.0,0.004626058042049408,0.004626058042049408
05b2ea2b4f0d2085,jacobi-2d,jacobi-2d,lv2:__PARA__L0-1.__PARA__L1-1.__PARA__L2-4.__PARA__L3-8.__PARA__L4-8.__PIPE__L0-off.__PIPE__L1-off.__PIPE__L2-off.__TILE__L0-40.__TILE__L1-1.__TILE__L2-1,target,query,query,finetune_dataset,data_780.pt,2242884.0,exphormer_lite,2,50,paper_exact_seed2,1.0782865285873413,0.8331539630889893,0.24513256549835205,0.03999999910593033,-0.009960830211639404,0.04996082931756973,0.019999999552965164,-0.02152709662914276,0.041527096182107925,0.029999999329447746,-0.01771700382232666,0.047717005014419556,0.009999999776482582,0.003375336527824402,0.00662466324865818
d42802d96e26dbb9,jacobi-2d,jacobi-2d,lv2:__PARA__L0-1.__PARA__L1-1.__PARA__L2-2.__PARA__L3-16.__PARA__L4-1.__PIPE__L0-off.__PIPE__L1-off.__PIPE__L2-flatten.__TILE__L0-1.__TILE__L1-1.__TILE__L2-8,target,query,query,finetune_dataset,data_746.pt,5766161.0,exphormer_lite,2,50,paper_exact_seed2,0.3971584737300873,0.6004560589790344,0.20329758524894714,0.8799999952316284,0.828258216381073,0.05174177885055542,0.38999998569488525,0.3247087597846985,0.06529122591018677,0.7699999809265137,0.7043026685714722,0.0656973123550415,0.029999999329447746,0.04816555976867676,0.01816556043922901
23c169e25e719702,jacobi-2d,jacobi-2d,lv2:__PARA__L0-1.__PARA__L1-1.__PARA__L2-1.__PARA__L3-2.__PARA__L4-2.__PIPE__L0-off.__PIPE__L1-off.__PIPE__L2-off.__TILE__L0-1.__TILE__L1-1.__TILE__L2-1,target,query,query,finetune_dataset,data_693.pt,934804.0,exphormer_lite,2,50,paper_exact_seed2,1.7095961570739746,1.9210693836212158,0.2114732265472412,0.009999999776482582,0.022910043597221375,0.012910043820738792,0.0,-0.0037236809730529785,0.0037236809730529785,0.0,-0.0324302613735199,0.0324302613735199,0.019999999552965164,0.019004881381988525,0.0009951181709766388
6c039b964f03d1ec,jacobi-2d,jacobi-2d,lv2:__PARA__L0-1.__PARA__L1-1.__PARA__L2-1.__PARA__L3-1.__PARA__L4-16.__PIPE__L0-off.__PIPE__L1-off.__PIPE__L2-NA.__TILE__L0-1.__TILE__L1-1.__TILE__L2-1,target,query,query,finetune_dataset,data_666.pt,887604.0,exphormer_lite,2,50,paper_exact_seed2,1.7469700574874878,2.1911230087280273,0.44415295124053955,0.03999999910593033,0.07632926106452942,0.03632926195859909,0.009999999776482582,0.047647640109062195,0.03764764219522476,0.009999999776482582,0.08092239499092102,0.07092239707708359,0.07000000029802322,0.026623249053955078,0.043376751244068146
9989bcc5a4c88281,jacobi-2d,jacobi-2d,lv2:__PARA__L0-1.__PARA__L1-1.__PARA__L2-1.__PARA__L3-11.__PARA__L4-1.__PIPE__L0-off.__PIPE__L1-off.__PIPE__L2-off.__TILE__L0-1.__TILE__L1-1.__TILE__L2-1,target,query,query,finetune_dataset,data_680.pt,963004.0,exphormer_lite,2,50,paper_exact_seed2,1.6881572008132935,2.032069683074951,0.3439124822616577,0.05000000074505806,0.032859236001968384,0.017140764743089676,0.019999999552965164,-0.00103701651096344,0.021037016063928604,0.029999999329447746,-0.006690800189971924,0.03669080138206482,0.029999999329447746,0.03440059721469879,0.004400597885251045
c096811fe975a754,jacobi-2d,jacobi-2d,lv2:__PARA__L0-1.__PARA__L1-1.__PARA__L2-2.__PARA__L3-8.__PARA__L4-1.__PIPE__L0-off.__PIPE__L1-off.__PIPE__L2-flatten.__TILE__L0-1.__TILE__L1-8.__TILE__L2-8,target,query,query,finetune_dataset,data_762.pt,4087761.0,exphormer_lite,2,50,paper_exact_seed2,0.6453086137771606,0.5436810255050659,0.10162758827209473,0.8899999856948853,0.971655547618866,0.08165556192398071,0.38999998569488525,0.3810775578022003,0.008922427892684937,0.7900000214576721,0.8434286117553711,0.053428590297698975,0.0,0.08185645192861557,0.08185645192861557
70a1bf473541b04a,jacobi-2d,jacobi-2d,lv2:__PARA__L0-1.__PARA__L1-88.__PARA__L2-2.__PARA__L3-1.__PARA__L4-1.__PIPE__L0-off.__PIPE__L1-off.__PIPE__L2-flatten.__TILE__L0-1.__TILE__L1-1.__TILE__L2-8,target,query,query,finetune_dataset,data_912.pt,4246001.0,exphormer_lite,2,50,paper_exact_seed2,0.617911696434021,0.5416568517684937,0.07625484466552734,1.100000023841858,0.91037917137146,0.18962085247039795,0.49000000953674316,0.3445960581302643,0.14540395140647888,1.0199999809265137,0.7489950060844421,0.27100497484207153,0.23999999463558197,0.04877353459596634,0.19122645258903503
5214d99fdeb11110,jacobi-2d,jacobi-2d,lv2:__PARA__L0-1.__PARA__L1-4.__PARA__L2-4.__PARA__L3-8.__PARA__L4-8.__PIPE__L0-off.__PIPE__L1-NA.__PIPE__L2-off.__TILE__L0-1.__TILE__L1-1.__TILE__L2-1,target,query,query,finetune_dataset,data_902.pt,4399241.0,exphormer_lite,2,50,paper_exact_seed2,0.5923367142677307,0.5468795299530029,0.04545718431472778,0.05000000074505806,0.12227295339107513,0.07227295637130737,0.019999999552965164,-0.007044985890388489,0.027044985443353653,0.05000000074505806,0.084705650806427,0.03470565006136894,0.0,-0.007022038102149963,0.007022038102149963
d3b71341beff420b,jacobi-2d,jacobi-2d,lv2:__PARA__L0-1.__PARA__L1-1.__PARA__L2-1.__PARA__L3-2.__PARA__L4-32.__PIPE__L0-off.__PIPE__L1-off.__PIPE__L2-off.__TILE__L0-1.__TILE__L1-1.__TILE__L2-1,target,query,query,finetune_dataset,data_696.pt,2707884.0,exphormer_lite,2,50,paper_exact_seed2,0.9423810839653015,0.8809906244277954,0.061390459537506104,0.10999999940395355,0.1139945313334465,0.0039945319294929504,0.029999999329447746,0.023546084761619568,0.006453914567828178,0.029999999329447746,0.008310973644256592,0.021689025685191154,0.05000000074505806,0.07792709767818451,0.02792709693312645
29f20a46aed046a9,jacobi-2d,jacobi-2d,lv2:__PARA__L0-1.__PARA__L1-4.__PARA__L2-2.__PARA__L3-8.__PARA__L4-8.__PIPE__L0-off.__PIPE__L1-NA.__PIPE__L2-off.__TILE__L0-40.__TILE__L1-1.__TILE__L2-1,target,query,query,finetune_dataset,data_898.pt,4390681.0,exphormer_lite,2,50,paper_exact_seed2,0.5937417149543762,0.7648135423660278,0.1710718274116516,0.05000000074505806,0.05373573303222656,0.003735732287168503,0.019999999552965164,0.010089442133903503,0.00991055741906166,0.05000000074505806,0.02162325382232666,0.0283767469227314,0.0,-0.003273896872997284,0.003273896872997284
7b9b53845cd3a724,jacobi-2d,jacobi-2d,lv2:__PARA__L0-1.__PARA__L1-1.__PARA__L2-1.__PARA__L3-1.__PARA__L4-2.__PIPE__L0-off.__PIPE__L1-off.__PIPE__L2-off.__TILE__L0-1.__TILE__L1-1.__TILE__L2-1,target,query,query,finetune_dataset,data_669.pt,1089684.0,exphormer_lite,2,50,paper_exact_seed2,1.5990091562271118,1.876086950302124,0.2770777940750122,0.009999999776482582,0.02238285541534424,0.012382855638861656,0.0,-0.00012661516666412354,0.00012661516666412354,0.0,-0.026932954788208008,0.026932954788208008,0.019999999552965164,0.021694853901863098,0.001694854348897934
4e8434819940f4ab,jacobi-2d,jacobi-2d,lv2:__PARA__L0-1.__PARA__L1-2.__PARA__L2-8.__PARA__L3-8.__PARA__L4-8.__PIPE__L0-off.__PIPE__L1-off.__PIPE__L2-NA.__TILE__L0-40.__TILE__L1-1.__TILE__L2-1,target,query,query,finetune_dataset,data_871.pt,4414401.0,exphormer_lite,2,50,paper_exact_seed2,0.5898551940917969,0.5626716613769531,0.02718353271484375,0.05000000074505806,0.007073923945426941,0.04292607679963112,0.019999999552965164,0.004560604691505432,0.015439394861459732,0.05000000074505806,0.014173746109008789,0.03582625463604927,0.009999999776482582,-0.0013565942645072937,0.011356594040989876
2ada84ceecd6d2ea,jacobi-2d,jacobi-2d,lv2:__PARA__L0-1.__PARA__L1-4.__PARA__L2-4.__PARA__L3-8.__PARA__L4-8.__PIPE__L0-off.__PIPE__L1-NA.__PIPE__L2-NA.__TILE__L0-1.__TILE__L1-1.__TILE__L2-1,target,query,query,finetune_dataset,data_900.pt,4399241.0,exphormer_lite,2,50,paper_exact_seed2,0.5923367142677307,0.5198311805725098,0.07250553369522095,0.05000000074505806,0.23256026208400726,0.1825602650642395,0.019999999552965164,0.04419165849685669,0.024191658943891525,0.05000000074505806,0.22681717574596405,0.1768171787261963,0.0,-0.014678820967674255,0.014678820967674255
620a3218c1a7f9c8,jacobi-2d,jacobi-2d,lv2:__PARA__L0-1.__PARA__L1-11.__PARA__L2-2.__PARA__L3-4.__PARA__L4-1.__PIPE__L0-off.__PIPE__L1-NA.__PIPE__L2-flatten.__TILE__L0-1.__TILE__L1-8.__TILE__L2-8,target,query,query,finetune_dataset,data_800.pt,4315441.0,exphormer_lite,2,50,paper_exact_seed2,0.6062100529670715,0.5359787940979004,0.07023125886917114,0.8700000047683716,0.9353806376457214,0.06538063287734985,0.38999998569488525,0.3818839192390442,0.008116066455841064,0.7799999713897705,0.8090805411338806,0.029080569744110107,0.0,0.03563431650400162,0.03563431650400162
f6397effcdab9349,jacobi-2d,jacobi-2d,lv2:__PARA__L0-1.__PARA__L1-1.__PARA__L2-2.__PARA__L3-11.__PARA__L4-1.__PIPE__L0-off.__PIPE__L1-NA.__PIPE__L2-flatten.__TILE__L0-1.__TILE__L1-8.__TILE__L2-8,target,query,query,finetune_dataset,data_742.pt,4088281.0,exphormer_lite,2,50,paper_exact_seed2,0.6452168822288513,0.5601992011070251,0.08501768112182617,0.8999999761581421,0.9088423252105713,0.0088423490524292,0.4000000059604645,0.37016862630844116,0.029831379652023315,0.800000011920929,0.8038820028305054,0.003881990909576416,0.03999999910593033,0.06754366308450699,0.02754366397857666
4d5b93abc2d35ad2,jacobi-2d,jacobi-2d,lv2:__PARA__L0-1.__PARA__L1-2.__PARA__L2-1.__PARA__L3-8.__PARA__L4-8.__PIPE__L0-off.__PIPE__L1-off.__PIPE__L2-NA.__TILE__L0-1.__TILE__L1-1.__TILE__L2-4,target,query,query,finetune_dataset,data_816.pt,4213281.0,exphormer_lite,2,50,paper_exact_seed2,0.6234920024871826,0.733112633228302,0.10962063074111938,0.05000000074505806,0.01767025887966156,0.0323297418653965,0.019999999552965164,0.003168240189552307,0.016831759363412857,0.05000000074505806,0.027946054935455322,0.022053945809602737,0.0,-0.013412430882453918,0.013412430882453918
4ef9c3115d1df67f,jacobi-2d,jacobi-2d,lv2:__PARA__L0-1.__PARA__L1-1.__PARA__L2-1.__PARA__L3-1.__PARA__L4-4.__PIPE__L0-off.__PIPE__L1-flatten.__PIPE__L2-NA.__TILE__L0-1.__TILE__L1-8.__TILE__L2-8,target,query,query,finetune_dataset,data_675.pt,4030681.0,exphormer_lite,2,50,paper_exact_seed2,0.6554522514343262,0.6242721080780029,0.031180143356323242,0.2800000011920929,0.34520667791366577,0.06520667672157288,0.11999999731779099,0.14006900787353516,0.02006901055574417,0.27000001072883606,0.29202136397361755,0.022021353244781494,0.20999999344348907,0.15914085507392883,0.05085913836956024
325879767ea9ec0f,jacobi-2d,jacobi-2d,lv2:__PARA__L0-1.__PARA__L1-1.__PARA__L2-2.__PARA__L3-32.__PARA__L4-1.__PIPE__L0-off.__PIPE__L1-NA.__PIPE__L2-flatten.__TILE__L0-1.__TILE__L1-8.__TILE__L2-8,target,query,query,finetune_dataset,data_754.pt,5668321.0,exphormer_lite,2,50,paper_exact_seed2,0.409503310918808,0.555472731590271,0.145969420671463,0.949999988079071,0.9287036061286926,0.021296381950378418,0.4300000071525574,0.3766426146030426,0.05335739254951477,0.8500000238418579,0.8198270797729492,0.03017294406890869,0.11999999731779099,0.08183187991380692,0.03816811740398407
fc427f6bfe799bc1,jacobi-2d,jacobi-2d,lv2:__PARA__L0-1.__PARA__L1-1.__PARA__L2-1.__PARA__L3-8.__PARA__L4-4.__PIPE__L0-off.__PIPE__L1-off.__PIPE__L2-off.__TILE__L0-1.__TILE__L1-1.__TILE__L2-1,target,query,query,finetune_dataset,data_718.pt,354204.0,exphormer_lite,2,50,paper_exact_seed2,2.409637928009033,2.2442266941070557,0.16541123390197754,0.019999999552965164,0.04081118106842041,0.020811181515455246,0.009999999776482582,0.002534210681915283,0.007465789094567299,0.0,-0.012740671634674072,0.012740671634674072,0.019999999552965164,0.020434491336345673,0.0004344917833805084
bbffb137352025e1,jacobi-2d,jacobi-2d,lv2:__PARA__L0-1.__PARA__L1-1.__PARA__L2-1.__PARA__L3-1.__PARA__L4-4.__PIPE__L0-off.__PIPE__L1-flatten.__PIPE__L2-NA.__TILE__L0-1.__TILE__L1-88.__TILE__L2-8,target,query,query,finetune_dataset,data_676.pt,3938401.0,exphormer_lite,2,50,paper_exact_seed2,0.6721590161323547,0.7336498498916626,0.06149083375930786,0.25,0.30273503065109253,0.05273503065109253,0.10999999940395355,0.12368282675743103,0.013682827353477478,0.27000001072883606,0.24254469573497772,0.027455314993858337,0.25,0.15427222847938538,0.09572777152061462
d991d616a09c54a1,jacobi-2d,jacobi-2d,lv2:__PARA__L0-1.__PARA__L1-2.__PARA__L2-2.__PARA__L3-8.__PARA__L4-8.__PIPE__L0-off.__PIPE__L1-NA.__PIPE__L2-NA.__TILE__L0-1.__TILE__L1-1.__TILE__L2-1,target,query,query,finetune_dataset,data_838.pt,4382121.0,exphormer_lite,2,50,paper_exact_seed2,0.5951493978500366,0.6943708062171936,0.09922140836715698,0.05000000074505806,0.04990227520465851,9.772554039955139e-05,0.019999999552965164,0.007327035069465637,0.012672964483499527,0.05000000074505806,0.04374861717224121,0.006251383572816849,0.0,-0.014733560383319855,0.014733560383319855
b4ef68a5d9f63dc4,jacobi-2d,jacobi-2d,lv2:__PARA__L0-1.__PARA__L1-1.__PARA__L2-2.__PARA__L3-16.__PARA__L4-1.__PIPE__L0-off.__PIPE__L1-off.__PIPE__L2-flatten.__TILE__L0-1.__TILE__L1-8.__TILE__L2-8,target,query,query,finetune_dataset,data_747.pt,5669521.0,exphormer_lite,2,50,paper_exact_seed2,0.4093506336212158,0.5403168201446533,0.1309661865234375,0.8999999761581421,0.9819954633712769,0.08199548721313477,0.4000000059604645,0.38682663440704346,0.01317337155342102,0.8100000023841858,0.8547401428222656,0.044740140438079834,0.03999999910593033,0.08436241745948792,0.04436241835355759
3c4307f2e6ff5a6c,jacobi-2d,jacobi-2d,lv2:__PARA__L0-1.__PARA__L1-1.__PARA__L2-4.__PARA__L3-8.__PARA__L4-8.__PIPE__L0-off.__PIPE__L1-off.__PIPE__L2-NA.__TILE__L0-40.__TILE__L1-1.__TILE__L2-1,target,query,query,finetune_dataset,data_778.pt,2242884.0,exphormer_lite,2,50,paper_exact_seed2,1.0782865285873413,0.7135956287384033,0.364690899848938,0.03999999910593033,0.02449338138103485,0.015506617724895477,0.019999999552965164,0.00458170473575592,0.015418294817209244,0.029999999329447746,0.04173657298088074,0.011736573651432991,0.009999999776482582,0.004500105977058411,0.0054998937994241714
526c3a4bdacfa2d3,jacobi-2d,jacobi-2d,lv2:__PARA__L0-1.__PARA__L1-2.__PARA__L2-11.__PARA__L3-8.__PARA__L4-8.__PIPE__L0-off.__PIPE__L1-off.__PIPE__L2-NA.__TILE__L0-1.__TILE__L1-1.__TILE__L2-1,target,query,query,finetune_dataset,data_831.pt,4434121.0,exphormer_lite,2,50,paper_exact_seed2,0.5866400003433228,0.5675573348999023,0.01908266544342041,0.05000000074505806,0.011991336941719055,0.038008663803339005,0.019999999552965164,0.013426259160041809,0.006573740392923355,0.05000000074505806,0.017275184392929077,0.03272481635212898,0.009999999776482582,0.0008986741304397583,0.009101325646042824
fd3206ad1fd9a338,jacobi-2d,jacobi-2d,lv2:__PARA__L0-1.__PARA__L1-1.__PARA__L2-1.__PARA__L3-1.__PARA__L4-32.__PIPE__L0-off.__PIPE__L1-off.__PIPE__L2-NA.__TILE__L0-1.__TILE__L1-1.__TILE__L2-1,target,query,query,finetune_dataset,data_672.pt,2621284.0,exphormer_lite,2,50,paper_exact_seed2,0.965827226638794,0.8670915365219116,0.09873569011688232,0.1599999964237213,0.11396122723817825,0.04603876918554306,0.019999999552965164,0.02869488298892975,0.008694883435964584,0.009999999776482582,0.0359308123588562,0.02593081258237362,0.10000000149011612,0.10686838626861572,0.006868384778499603
5e2597b5863e7267,jacobi-2d,jacobi-2d,lv2:__PARA__L0-1.__PARA__L1-4.__PARA__L2-8.__PARA__L3-8.__PARA__L4-8.__PIPE__L0-off.__PIPE__L1-NA.__PIPE__L2-off.__TILE__L0-40.__TILE__L1-1.__TILE__L2-1,target,query,query,finetune_dataset,data_907.pt,4422961.0,exphormer_lite,2,50,paper_exact_seed2,0.5884577631950378,0.5624926090240479,0.02596515417098999,0.05000000074505806,0.10046692192554474,0.05046692118048668,0.019999999552965164,0.008815139532089233,0.01118486002087593,0.05000000074505806,0.05582159757614136,0.005821596831083298,0.009999999776482582,-0.001879662275314331,0.011879662051796913
6671db5a69291d3f,jacobi-2d,jacobi-2d,lv2:__PARA__L0-1.__PARA__L1-1.__PARA__L2-2.__PARA__L3-1.__PARA__L4-1.__PIPE__L0-off.__PIPE__L1-off.__PIPE__L2-flatten.__TILE__L0-1.__TILE__L1-4.__TILE__L2-8,target,query,query,finetune_dataset,data_739.pt,4093361.0,exphormer_lite,2,50,paper_exact_seed2,0.644321084022522,0.5605483055114746,0.08377277851104736,0.6499999761581421,0.9406711459159851,0.290671169757843,0.30000001192092896,0.3633955121040344,0.06339550018310547,0.6200000047683716,0.8065729737281799,0.18657296895980835,0.03999999910593033,0.0797913670539856,0.03979136794805527
6b1a97d31ff54f58,jacobi-2d,jacobi-2d,lv2:__PARA__L0-1.__PARA__L1-1.__PARA__L2-1.__PARA__L3-11.__PARA__L4-16.__PIPE__L0-off.__PIPE__L1-off.__PIPE__L2-NA.__TILE__L0-1.__TILE__L1-1.__TILE__L2-1,target,query,query,finetune_dataset,data_682.pt,606044.0,exphormer_lite,2,50,paper_exact_seed2,2.022216796875,2.0805246829986572,0.05830788612365723,0.09000000357627869,0.06556172668933868,0.024438276886940002,0.029999999329447746,0.02759760618209839,0.0024023931473493576,0.03999999910593033,0.06086578965187073,0.0208657905459404,0.07999999821186066,0.025950975716114044,0.05404902249574661
e3c1d5bfb522a40c,jacobi-2d,jacobi-2d,lv2:__PARA__L0-1.__PARA__L1-2.__PARA__L2-1.__PARA__L3-8.__PARA__L4-8.__PIPE__L0-off.__PIPE__L1-off.__PIPE__L2-NA.__TILE__L0-1.__TILE__L1-1.__TILE__L2-8,target,query,query,finetune_dataset,data_817.pt,4206441.0,exphormer_lite,2,50,paper_exact_seed2,0.6246640086174011,0.6973237991333008,0.07265979051589966,0.05000000074505806,0.036996811628341675,0.013003189116716385,0.019999999552965164,0.01546342670917511,0.004536572843790054,0.05000000074505806,0.020501703023910522,0.029498297721147537,0.0,-0.019909054040908813,0.019909054040908813
e863a4aaa1262d76,jacobi-2d,jacobi-2d,lv2:__PARA__L0-1.__PARA__L1-2.__PARA__L2-1.__PARA__L3-8.__PARA__L4-8.__PIPE__L0-off.__PIPE__L1-off.__PIPE__L2-off.__TILE__L0-1.__TILE__L1-1.__TILE__L2-4,target,query,query,finetune_dataset,data_820.pt,4213281.0,exphormer_lite,2,50,paper_exact_seed2,0.6234920024871826,0.8442140817642212,0.22072207927703857,0.05000000074505806,-0.032243117690086365,0.08224311470985413,0.019999999552965164,-0.02764733135700226,0.04764733090996742,0.05000000074505806,-0.04680275917053223,0.09680275619029999,0.0,-0.013302631676197052,0.013302631676197052
142874636a43cf48,jacobi-2d,jacobi-2d,lv2:__PARA__L0-1.__PARA__L1-2.__PARA__L2-22.__PARA__L3-8.__PARA__L4-8.__PIPE__L0-off.__PIPE__L1-NA.__PIPE__L2-off.__TILE__L0-1.__TILE__L1-1.__TILE__L2-4,target,query,query,finetune_dataset,data_850.pt,4504601.0,exphormer_lite,2,50,paper_exact_seed2,0.5752643942832947,0.5432794094085693,0.03198498487472534,0.05000000074505806,0.08505763113498688,0.03505763038992882,0.019999999552965164,0.038669437170028687,0.018669437617063522,0.05000000074505806,0.10989698767662048,0.059896986931562424,0.009999999776482582,0.020320959389209747,0.010320959612727165
b0b6944b2668f3e4,jacobi-2d,jacobi-2d,lv2:__PARA__L0-1.__PARA__L1-4.__PARA__L2-22.__PARA__L3-8.__PARA__L4-8.__PIPE__L0-off.__PIPE__L1-NA.__PIPE__L2-off.__TILE__L0-1.__TILE__L1-1.__TILE__L2-1,target,query,query,finetune_dataset,data_899.pt,4513161.0,exphormer_lite,2,50,paper_exact_seed2,0.5738949179649353,0.48677632212638855,0.08711859583854675,0.05000000074505806,0.32890766859054565,0.2789076566696167,0.019999999552965164,0.06451494991779327,0.04451495036482811,0.05000000074505806,0.3494532108306885,0.2994531989097595,0.009999999776482582,0.0034896433353424072,0.006510356441140175
3c2f528b154993a7,jacobi-2d,jacobi-2d,lv2:__PARA__L0-1.__PARA__L1-11.__PARA__L2-2.__PARA__L3-1.__PARA__L4-1.__PIPE__L0-off.__PIPE__L1-NA.__PIPE__L2-flatten.__TILE__L0-1.__TILE__L1-8.__TILE__L2-8,target,query,query,finetune_dataset,data_787.pt,4315161.0,exphormer_lite,2,50,paper_exact_seed2,0.6062568426132202,0.5428913831710815,0.06336545944213867,0.6499999761581421,0.9136651158332825,0.2636651396751404,0.30000001192092896,0.3662208318710327,0.06622081995010376,0.6200000047683716,0.7947666645050049,0.1747666597366333,0.03999999910593033,0.03702041506767273,0.002979584038257599
1d7d326acbf5d1ae,jacobi-2d,jacobi-2d,lv2:__PARA__L0-1.__PARA__L1-2.__PARA__L2-11.__PARA__L3-8.__PARA__L4-8.__PIPE__L0-off.__PIPE__L1-NA.__PIPE__L2-NA.__TILE__L0-1.__TILE__L1-1.__TILE__L2-1,target,query,query,finetune_dataset,data_825.pt,4434121.0,exphormer_lite,2,50,paper_exact_seed2,0.5866400003433228,0.6235595345497131,0.03691953420639038,0.05000000074505806,0.06373804807662964,0.013738047331571579,0.019999999552965164,0.030492976307868958,0.010492976754903793,0.05000000074505806,0.07603076100349426,0.026030760258436203,0.009999999776482582,0.003766767680644989,0.006233232095837593
e6572b9f45380988,jacobi-2d,jacobi-2d,lv2:__PARA__L0-1.__PARA__L1-2.__PARA__L2-2.__PARA__L3-1.__PARA__L4-1.__PIPE__L0-off.__PIPE__L1-off.__PIPE__L2-flatten.__TILE__L0-1.__TILE__L1-1.__TILE__L2-8,target,query,query,finetune_dataset,data_837.pt,4263441.0,exphormer_lite,2,50,paper_exact_seed2,0.6149548888206482,0.5921993851661682,0.02275550365447998,0.8700000047683716,0.8635110259056091,0.006488978862762451,0.3799999952316284,0.3569948077201843,0.023005187511444092,0.7699999809265137,0.7186921834945679,0.0513077974319458,0.03999999910593033,0.047023989260196686,0.007023990154266357
dda030bf114264b6,jacobi-2d,jacobi-2d,lv2:__PARA__L0-1.__PARA__L1-1.__PARA__L2-8.__PARA__L3-8.__PARA__L4-8.__PIPE__L0-off.__PIPE__L1-off.__PIPE__L2-off.__TILE__L0-1.__TILE__L1-88.__TILE__L2-1,target,query,query,finetune_dataset,data_783.pt,2266604.0,exphormer_lite,2,50,paper_exact_seed2,1.0706979036331177,0.8831692934036255,0.1875286102294922,0.03999999910593033,0.007613778114318848,0.03238622099161148,0.009999999776482582,-0.033595696091651917,0.04359569400548935,0.029999999329447746,-0.011525750160217285,0.04152575135231018,0.019999999552965164,0.007351905107498169,0.012648094445466995
6f4f3264bdb17fcf,jacobi-2d,jacobi-2d,lv2:__PARA__L0-1.__PARA__L1-2.__PARA__L2-8.__PARA__L3-8.__PARA__L4-8.__PIPE__L0-off.__PIPE__L1-off.__PIPE__L2-off.__TILE__L0-1.__TILE__L1-1.__TILE__L2-1,target,query,query,finetune_dataset,data_872.pt,4414401.0,exphormer_lite,2,50,paper_exact_seed2,0.5898551940917969,0.5891311168670654,0.0007240772247314453,0.05000000074505806,-0.015318870544433594,0.06531886756420135,0.019999999552965164,-0.01168087124824524,0.0316808708012104,0.05000000074505806,-0.021698474884033203,0.07169847190380096,0.009999999776482582,0.001502886414527893,0.008497113361954689
47b0fea63d24ba64,jacobi-2d,jacobi-2d,lv2:__PARA__L0-1.__PARA__L1-1.__PARA__L2-1.__PARA__L3-8.__PARA__L4-8.__PIPE__L0-off.__PIPE__L1-off.__PIPE__L2-off.__TILE__L0-1.__TILE__L1-88.__TILE__L2-8,target,query,query,finetune_dataset,data_726.pt,3973841.0,exphormer_lite,2,50,paper_exact_seed2,0.6656969785690308,0.7793399691581726,0.11364299058914185,0.05000000074505806,-0.04473806917667389,0.09473806619644165,0.019999999552965164,-0.015623733401298523,0.03562373295426369,0.05000000074505806,-0.05675464868545532,0.10675464570522308,0.0,0.006103388965129852,0.006103388965129852
0d657aedc09afe78,jacobi-2d,jacobi-2d,lv2:__PARA__L0-1.__PARA__L1-1.__PARA__L2-2.__PARA__L3-4.__PARA__L4-1.__PIPE__L0-off.__PIPE__L1-NA.__PIPE__L2-flatten.__TILE__L0-1.__TILE__L1-8.__TILE__L2-8,target,query,query,finetune_dataset,data_757.pt,4087761.0,exphormer_lite,2,50,paper_exact_seed2,0.6453086137771606,0.56251060962677,0.08279800415039062,0.8700000047683716,0.9031402468681335,0.03314024209976196,0.38999998569488525,0.3639710545539856,0.026028931140899658,0.7799999713897705,0.7953119277954102,0.015311956405639648,0.0,0.06768164038658142,0.06768164038658142
6c17c4d0414be5a1,jacobi-2d,jacobi-2d,lv2:__PARA__L0-1.__PARA__L1-2.__PARA__L2-8.__PARA__L3-8.__PARA__L4-8.__PIPE__L0-off.__PIPE__L1-NA.__PIPE__L2-NA.__TILE__L0-40.__TILE__L1-1.__TILE__L2-1,target,query,query,finetune_dataset,data_867.pt,4414401.0,exphormer_lite,2,50,paper_exact_seed2,0.5898551940917969,0.6276352405548096,0.037780046463012695,0.05000000074505806,0.052672818303108215,0.0026728175580501556,0.019999999552965164,0.009546831250190735,0.01045316830277443,0.05000000074505806,0.038791775703430176,0.011208225041627884,0.009999999776482582,0.0018409788608551025,0.00815902091562748
9d768830a4945d1e,jacobi-2d,jacobi-2d,lv2:__PARA__L0-1.__PARA__L1-1.__PARA__L2-2.__PARA__L3-8.__PARA__L4-8.__PIPE__L0-off.__PIPE__L1-off.__PIPE__L2-off.__TILE__L0-40.__TILE__L1-1.__TILE__L2-1,target,query,query,finetune_dataset,data_766.pt,2234324.0,exphormer_lite,2,50,paper_exact_seed2,1.0810447931289673,2.2711246013641357,1.1900798082351685,0.03999999910593033,0.043716445565223694,0.0037164464592933655,0.019999999552965164,0.013617172837257385,0.006382826715707779,0.029999999329447746,0.0004761815071105957,0.02952381782233715,0.009999999776482582,0.010884404182434082,0.0008844044059514999
aa4bc6cfd0d2f2c0,jacobi-2d,jacobi-2d,lv2:__PARA__L0-1.__PARA__L1-1.__PARA__L2-1.__PARA__L3-1.__PARA__L4-1.__PIPE__L0-off.__PIPE__L1-flatten.__PIPE__L2-NA.__TILE__L0-1.__TILE__L1-1.__TILE__L2-8,target,query,query,finetune_dataset,data_656.pt,3937881.0,exphormer_lite,2,50,paper_exact_seed2,0.6722542643547058,0.6983734369277954,0.0261191725730896,0.25,0.26685211062431335,0.016852110624313354,0.10999999940395355,0.1213827133178711,0.011382713913917542,0.25999999046325684,0.2570209801197052,0.0029790103435516357,0.28999999165534973,0.17716394364833832,0.11283604800701141
cadd78a889c58ad2,jacobi-2d,jacobi-2d,lv2:__PARA__L0-1.__PARA__L1-2.__PARA__L2-2.__PARA__L3-8.__PARA__L4-8.__PIPE__L0-off.__PIPE__L1-off.__PIPE__L2-NA.__TILE__L0-40.__TILE__L1-1.__TILE__L2-1,target,query,query,finetune_dataset,data_843.pt,4382121.0,exphormer_lite,2,50,paper_exact_seed2,0.5951493978500366,0.7189919948577881,0.12384259700775146,0.05000000074505806,0.02179752290248871,0.02820247784256935,0.019999999552965164,0.0023929327726364136,0.01760706678032875,0.05000000074505806,0.04183948040008545,0.00816052034497261,0.0,-0.0005937963724136353,0.0005937963724136353
13c4afce99887c0b,jacobi-2d,jacobi-2d,lv2:__PARA__L0-1.__PARA__L1-1.__PARA__L2-1.__PARA__L3-2.__PARA__L4-8.__PIPE__L0-off.__PIPE__L1-off.__PIPE__L2-off.__TILE__L0-1.__TILE__L1-1.__TILE__L2-1,target,query,query,finetune_dataset,data_698.pt,586364.0,exphormer_lite,2,50,paper_exact_seed2,2.046029806137085,1.972454309463501,0.07357549667358398,0.019999999552965164,0.04679924249649048,0.026799242943525314,0.009999999776482582,0.02012653648853302,0.010126536712050438,0.0,0.009451895952224731,0.009451895952224731,0.019999999552965164,0.014171764254570007,0.005828235298395157
bf1098b07df0d975,jacobi-2d,jacobi-2d,lv2:__PARA__L0-1.__PARA__L1-1.__PARA__L2-22.__PARA__L3-8.__PARA__L4-8.__PIPE__L0-off.__PIPE__L1-off.__PIPE__L2-NA.__TILE__L0-1.__TILE__L1-88.__TILE__L2-4,target,query,query,finetune_dataset,data_771.pt,2355924.0,exphormer_lite,2,50,paper_exact_seed2,1.0428175926208496,0.8937891721725464,0.14902842044830322,0.03999999910593033,0.05446182191371918,0.014461822807788849,0.009999999776482582,0.0076806992292404175,0.0023193005472421646,0.029999999329447746,0.02734929323196411,0.002650706097483635,0.019999999552965164,0.007576882839202881,0.012423116713762283
346b59020b3c9f7f,jacobi-2d,jacobi-2d,lv2:__PARA__L0-1.__PARA__L1-1.__PARA__L2-2.__PARA__L3-8.__PARA__L4-8.__PIPE__L0-off.__PIPE__L1-off.__PIPE__L2-NA.__TILE__L0-40.__TILE__L1-1.__TILE__L2-1,target,query,query,finetune_dataset,data_764.pt,2234324.0,exphormer_lite,2,50,paper_exact_seed2,1.0810447931289673,0.8670870065689087,0.2139577865600586,0.03999999910593033,0.03264819085597992,0.007351808249950409,0.019999999552965164,0.009897813200950623,0.010102186352014542,0.029999999329447746,0.05062177777290344,0.020621778443455696,0.009999999776482582,0.006229951977729797,0.0037700477987527847
0e833b40618b10c5,jacobi-2d,jacobi-2d,lv2:__PARA__L0-1.__PARA__L1-1.__PARA__L2-2.__PARA__L3-22.__PARA__L4-1.__PIPE__L0-off.__PIPE__L1-NA.__PIPE__L2-flatten.__TILE__L0-1.__TILE__L1-8.__TILE__L2-8,target,query,query,finetune_dataset,data_751.pt,4087161.0,exphormer_lite,2,50,paper_exact_seed2,0.6454145312309265,0.5579156875610352,0.08749884366989136,0.9399999976158142,0.9143296480178833,0.025670349597930908,0.41999998688697815,0.36793822050094604,0.052061766386032104,0.8299999833106995,0.8072293996810913,0.022770583629608154,0.05999999865889549,0.07075352966785431,0.010753531008958817
cc7165117e2f0399,jacobi-2d,jacobi-2d,lv2:__PARA__L0-1.__PARA__L1-2.__PARA__L2-1.__PARA__L3-8.__PARA__L4-8.__PIPE__L0-off.__PIPE__L1-off.__PIPE__L2-off.__TILE__L0-40.__TILE__L1-1.__TILE__L2-1,target,query,query,finetune_dataset,data_823.pt,2234324.0,exphormer_lite,2,50,paper_exact_seed2,1.0810447931289673,1.8700635433197021,0.7890187501907349,0.03999999910593033,0.04549889266490936,0.005498893558979034,0.019999999552965164,0.009728863835334778,0.010271135717630386,0.029999999329447746,2.327561378479004e-05,0.029976723715662956,0.009999999776482582,0.006499186158180237,0.0035008136183023453
e0f176d01fa896b9,jacobi-2d,jacobi-2d,lv2:__PARA__L0-1.__PARA__L1-1.__PARA__L2-1.__PARA__L3-1.__PARA__L4-1.__PIPE__L0-off.__PIPE__L1-off.__PIPE__L2-flatten.__TILE__L0-1.__TILE__L1-1.__TILE__L2-8,target,query,query,finetune_dataset,data_662.pt,4244201.0,exphormer_lite,2,50,paper_exact_seed2,0.6182175278663635,0.6110019683837891,0.007215559482574463,0.17000000178813934,0.7461254000663757,0.5761253833770752,0.07000000029802322,0.2816323935985565,0.2116324007511139,0.18000000715255737,0.6164138317108154,0.43641382455825806,0.25,0.0879679024219513,0.1620320975780487
855ffe67644e95d0,jacobi-2d,jacobi-2d,lv2:__PARA__L0-1.__PARA__L1-1.__PARA__L2-11.__PARA__L3-8.__PARA__L4-8.__PIPE__L0-off.__PIPE__L1-off.__PIPE__L2-NA.__TILE__L0-40.__TILE__L1-1.__TILE__L2-1,target,query,query,finetune_dataset,data_732.pt,2285444.0,exphormer_lite,2,50,paper_exact_seed2,1.0647268295288086,0.8208394050598145,0.24388742446899414,0.03999999910593033,0.022013694047927856,0.017986305058002472,0.009999999776482582,0.012203320860862732,0.00220332108438015,0.029999999329447746,0.025278300046920776,0.00472169928252697,0.019999999552965164,0.009177878499031067,0.010822121053934097
3bce4c37c877cb19,jacobi-2d,jacobi-2d,lv2:__PARA__L0-1.__PARA__L1-2.__PARA__L2-22.__PARA__L3-8.__PARA__L4-8.__PIPE__L0-off.__PIPE__L1-NA.__PIPE__L2-NA.__TILE__L0-1.__TILE__L1-1.__TILE__L2-1,target,query,query,finetune_dataset,data_846.pt,4504601.0,exphormer_lite,2,50,paper_exact_seed2,0.5752643942832947,0.6958054304122925,0.1205410361289978,0.05000000074505806,0.06313572824001312,0.013135727494955063,0.019999999552965164,0.04955241084098816,0.029552411288022995,0.05000000074505806,0.09518846869468689,0.04518846794962883,0.009999999776482582,0.007138900458812714,0.0028610993176698685
53235e166f38cfc1,jacobi-2d,jacobi-2d,lv2:__PARA__L0-1.__PARA__L1-2.__PARA__L2-22.__PARA__L3-8.__PARA__L4-8.__PIPE__L0-off.__PIPE__L1-off.__PIPE__L2-NA.__TILE__L0-40.__TILE__L1-1.__TILE__L2-1,target,query,query,finetune_dataset,data_854.pt,4504601.0,exphormer_lite,2,50,paper_exact_seed2,0.5752643942832947,0.6885639429092407,0.11329954862594604,0.05000000074505806,0.04066579043865204,0.009334210306406021,0.019999999552965164,0.029544398188591003,0.00954439863562584,0.05000000074505806,0.03739553689956665,0.01260446384549141,0.009999999776482582,0.004708684980869293,0.005291314795613289
d978b50fb6a3650e,jacobi-2d,jacobi-2d,lv2:__PARA__L0-1.__PARA__L1-1.__PARA__L2-11.__PARA__L3-8.__PARA__L4-8.__PIPE__L0-off.__PIPE__L1-off.__PIPE__L2-off.__TILE__L0-1.__TILE__L1-88.__TILE__L2-1,target,query,query,finetune_dataset,data_733.pt,2285444.0,exphormer_lite,2,50,paper_exact_seed2,1.0647268295288086,0.8983995914459229,0.16632723808288574,0.03999999910593033,0.01809448003768921,0.02190551906824112,0.009999999776482582,-0.03299875557422638,0.04299875348806381,0.029999999329447746,-0.011522948741912842,0.04152294993400574,0.019999999552965164,0.01057364046573639,0.009426359087228775
73b7ca2c1d248dd6,jacobi-2d,jacobi-2d,lv2:__PARA__L0-1.__PARA__L1-1.__PARA__L2-1.__PARA__L3-8.__PARA__L4-8.__PIPE__L0-off.__PIPE__L1-off.__PIPE__L2-off.__TILE__L0-1.__TILE__L1-88.__TILE__L2-4,target,query,query,finetune_dataset,data_725.pt,3980681.0,exphormer_lite,2,50,paper_exact_seed2,0.6644564270973206,0.8975200057029724,0.23306357860565186,0.05000000074505806,-0.011340230703353882,0.06134023144841194,0.019999999552965164,-0.007379129528999329,0.027379129081964493,0.05000000074505806,-0.04040026664733887,0.09040026366710663,0.0,0.007733389735221863,0.007733389735221863
09dffd75dd6a8699,jacobi-2d,jacobi-2d,lv2:__PARA__L0-1.__PARA__L1-1.__PARA__L2-1.__PARA__L3-11.__PARA__L4-8.__PIPE__L0-off.__PIPE__L1-off.__PIPE__L2-off.__TILE__L0-1.__TILE__L1-1.__TILE__L2-1,target,query,query,finetune_dataset,data_687.pt,206364.0,exphormer_lite,2,50,paper_exact_seed2,2.7993323802948,2.38727068901062,0.4120616912841797,0.03999999910593033,0.05265204608440399,0.012652046978473663,0.009999999776482582,0.013310462236404419,0.003310462459921837,0.009999999776482582,-0.00012320280075073242,0.010123202577233315,0.029999999329447746,0.021965965628623962,0.008034033700823784
11d231817135b986,jacobi-2d,jacobi-2d,lv2:__PARA__L0-1.__PARA__L1-1.__PARA__L2-1.__PARA__L3-11.__PARA__L4-11.__PIPE__L0-off.__PIPE__L1-off.__PIPE__L2-off.__TILE__L0-1.__TILE__L1-1.__TILE__L2-1,target,query,query,finetune_dataset,data_681.pt,174564.0,exphormer_lite,2,50,paper_exact_seed2,2.9200501441955566,2.3914828300476074,0.5285673141479492,0.05999999865889549,0.05617798864841461,0.0038220100104808807,0.009999999776482582,0.02030085027217865,0.010300850495696068,0.009999999776482582,0.00968015193939209,0.00031984783709049225,0.03999999910593033,0.021947592496871948,0.01805240660905838
c3d4e0296ac15d18,jacobi-2d,jacobi-2d,lv2:__PARA__L0-1.__PARA__L1-2.__PARA__L2-4.__PARA__L3-8.__PARA__L4-8.__PIPE__L0-off.__PIPE__L1-NA.__PIPE__L2-off.__TILE__L0-40.__TILE__L1-1.__TILE__L2-1,target,query,query,finetune_dataset,data_861.pt,4390681.0,exphormer_lite,2,50,paper_exact_seed2,0.5937417149543762,0.6643805503845215,0.07063883543014526,0.05000000074505806,0.006074115633964539,0.04392588511109352,0.019999999552965164,-0.011852964758872986,0.03185296431183815,0.05000000074505806,-0.0028026700019836426,0.0528026707470417,0.0,-0.0003266334533691406,0.0003266334533691406
fcc032dc00948d72,jacobi-2d,jacobi-2d,lv2:__PARA__L0-1.__PARA__L1-2.__PARA__L2-11.__PARA__L3-8.__PARA__L4-8.__PIPE__L0-off.__PIPE__L1-NA.__PIPE__L2-off.__TILE__L0-1.__TILE__L1-1.__TILE__L2-8,target,query,query,finetune_dataset,data_829.pt,4434121.0,exphormer_lite,2,50,paper_exact_seed2,0.5866400003433228,0.538220226764679,0.0484197735786438,0.05000000074505806,0.07376517355442047,0.02376517280936241,0.019999999552965164,0.03135606646537781,0.011356066912412643,0.05000000074505806,0.07451304793357849,0.02451304718852043,0.009999999776482582,0.014140240848064423,0.0041402410715818405
5f0886c92e87a8b7,jacobi-2d,jacobi-2d,lv2:__PARA__L0-1.__PARA__L1-1.__PARA__L2-2.__PARA__L3-4.__PARA__L4-1.__PIPE__L0-off.__PIPE__L1-off.__PIPE__L2-flatten.__TILE__L0-1.__TILE__L1-8.__TILE__L2-8,target,query,query,finetune_dataset,data_759.pt,4087761.0,exphormer_lite,2,50,paper_exact_seed2,0.6453086137771606,0.5445485711097717,0.10076004266738892,0.8700000047683716,0.9696150422096252,0.09961503744125366,0.38999998569488525,0.3771846890449524,0.012815296649932861,0.7799999713897705,0.8391460180282593,0.05914604663848877,0.0,0.08243148028850555,0.08243148028850555
f8abd11bf5771ea3,jacobi-2d,jacobi-2d,lv2:__PARA__L0-1.__PARA__L1-1.__PARA__L2-1.__PARA__L3-1.__PARA__L4-8.__PIPE__L0-off.__PIPE__L1-off.__PIPE__L2-off.__TILE__L0-1.__TILE__L1-1.__TILE__L2-1,target,query,query,finetune_dataset,data_679.pt,973524.0,exphormer_lite,2,50,paper_exact_seed2,1.6803197860717773,1.9213981628417969,0.24107837677001953,0.029999999329447746,0.04443530738353729,0.014435308054089546,0.009999999776482582,0.023159056901931763,0.01315905712544918,0.019999999552965164,0.011919617652893066,0.008080381900072098,0.019999999552965164,0.017094507813453674,0.00290549173951149
9b892d6f7350a914,jacobi-2d,jacobi-2d,lv2:__PARA__L0-1.__PARA__L1-4.__PARA__L2-4.__PARA__L3-8.__PARA__L4-8.__PIPE__L0-off.__PIPE__L1-NA.__PIPE__L2-off.__TILE__L0-40.__TILE__L1-1.__TILE__L2-1,target,query,query,finetune_dataset,data_903.pt,4399241.0,exphormer_lite,2,50,paper_exact_seed2,0.5923367142677307,0.5889818668365479,0.0033548474311828613,0.05000000074505806,0.07499000430107117,0.024990003556013107,0.019999999552965164,-0.01071716845035553,0.030717168003320694,0.05000000074505806,0.020102500915527344,0.029897499829530716,0.0,-0.007549211382865906,0.007549211382865906
ff47117027ddb9c3,jacobi-2d,jacobi-2d,lv2:__PARA__L0-1.__PARA__L1-2.__PARA__L2-4.__PARA__L3-8.__PARA__L4-8.__PIPE__L0-off.__PIPE__L1-NA.__PIPE__L2-off.__TILE__L0-1.__TILE__L1-1.__TILE__L2-1,target,query,query,finetune_dataset,data_860.pt,4390681.0,exphormer_lite,2,50,paper_exact_seed2,0.5937417149543762,0.612729549407959,0.018987834453582764,0.05000000074505806,0.014305099844932556,0.035694900900125504,0.019999999552965164,-0.00668509304523468,0.026685092598199844,0.05000000074505806,0.002678513526916504,0.047321487218141556,0.0,-0.0005040168762207031,0.0005040168762207031
e0672c2d77aa4712,jacobi-2d,jacobi-2d,lv2:__PARA__L0-1.__PARA__L1-4.__PARA__L2-2.__PARA__L3-8.__PARA__L4-8.__PIPE__L0-off.__PIPE__L1-NA.__PIPE__L2-off.__TILE__L0-1.__TILE__L1-1.__TILE__L2-1,target,query,query,finetune_dataset,data_897.pt,4390681.0,exphormer_lite,2,50,paper_exact_seed2,0.5937417149543762,0.6945967078208923,0.10085499286651611,0.05000000074505806,0.08451499044895172,0.03451498970389366,0.019999999552965164,0.018358811736106873,0.0016411878168582916,0.05000000074505806,0.02693125605583191,0.02306874468922615,0.0,-0.0029207468032836914,0.0029207468032836914
b24dcc61770a9579,jacobi-2d,jacobi-2d,lv2:__PARA__L0-1.__PARA__L1-1.__PARA__L2-2.__PARA__L3-4.__PARA__L4-1.__PIPE__L0-off.__PIPE__L1-off.__PIPE__L2-flatten.__TILE__L0-1.__TILE__L1-1.__TILE__L2-8,target,query,query,finetune_dataset,data_758.pt,4069521.0,exphormer_lite,2,50,paper_exact_seed2,0.6485345363616943,0.6017438173294067,0.0467907190322876,0.8700000047683716,0.8044774532318115,0.06552255153656006,0.3799999952316284,0.309341162443161,0.07065883278846741,0.7699999809265137,0.6829496622085571,0.08705031871795654,0.0,0.04911179840564728,0.04911179840564728
783249bd6839d5eb,jacobi-2d,jacobi-2d,lv2:__PARA__L0-1.__PARA__L1-1.__PARA__L2-22.__PARA__L3-8.__PARA__L4-8.__PIPE__L0-off.__PIPE__L1-off.__PIPE__L2-NA.__TILE__L0-1.__TILE__L1-88.__TILE__L2-1,target,query,query,finetune_dataset,data_770.pt,2355924.0,exphormer_lite,2,50,paper_exact_seed2,1.0428175926208496,0.8951992988586426,0.14761829376220703,0.03999999910593033,0.05023759603500366,0.010237596929073334,0.009999999776482582,0.018538817763328552,0.00853881798684597,0.029999999329447746,0.04147601127624512,0.011476011946797371,0.019999999552965164,0.011363230645656586,0.008636768907308578
4146bdc142fce714,jacobi-2d,jacobi-2d,lv2:__PARA__L0-1.__PARA__L1-2.__PARA__L2-8.__PARA__L3-8.__PARA__L4-8.__PIPE__L0-off.__PIPE__L1-NA.__PIPE__L2-off.__TILE__L0-40.__TILE__L1-1.__TILE__L2-1,target,query,query,finetune_dataset,data_869.pt,4414401.0,exphormer_lite,2,50,paper_exact_seed2,0.5898551940917969,0.6541874408721924,0.06433224678039551,0.05000000074505806,0.0316893607378006,0.01831064000725746,0.019999999552965164,0.0019896477460861206,0.018010351806879044,0.05000000074505806,0.0054714977741241455,0.044528502970933914,0.009999999776482582,0.0060669779777526855,0.0039330217987298965
8a2ebf18dd65c202,jacobi-2d,jacobi-2d,lv2:__PARA__L0-1.__PARA__L1-2.__PARA__L2-22.__PARA__L3-8.__PARA__L4-8.__PIPE__L0-off.__PIPE__L1-NA.__PIPE__L2-NA.__TILE__L0-1.__TILE__L1-1.__TILE__L2-4,target,query,query,finetune_dataset,data_847.pt,4504601.0,exphormer_lite,2,50,paper_exact_seed2,0.5752643942832947,0.6281426548957825,0.05287826061248779,0.05000000074505806,0.07177695631980896,0.0217769555747509,0.019999999552965164,0.04030710458755493,0.020307105034589767,0.05000000074505806,0.10775874555110931,0.057758744806051254,0.009999999776482582,0.0032729506492614746,0.0067270491272211075
6d2b07676ed78ee0,jacobi-2d,jacobi-2d,lv2:__PARA__L0-1.__PARA__L1-2.__PARA__L2-1.__PARA__L3-8.__PARA__L4-8.__PIPE__L0-off.__PIPE__L1-NA.__PIPE__L2-off.__TILE__L0-1.__TILE__L1-1.__TILE__L2-1,target,query,query,finetune_dataset,data_809.pt,2234324.0,exphormer_lite,2,50,paper_exact_seed2,1.0810447931289673,0.9132913947105408,0.1677533984184265,0.03999999910593033,0.05672040581703186,0.016720406711101532,0.019999999552965164,0.014533057808876038,0.005466941744089127,0.029999999329447746,0.015579670667648315,0.01442032866179943,0.009999999776482582,0.012269556522369385,0.0022695567458868027
a81f2c933c1c2aee,jacobi-2d,jacobi-2d,lv2:__PARA__L0-1.__PARA__L1-2.__PARA__L2-1.__PARA__L3-8.__PARA__L4-8.__PIPE__L0-off.__PIPE__L1-NA.__PIPE__L2-off.__TILE__L0-1.__TILE__L1-1.__TILE__L2-8,target,query,query,finetune_dataset,data_812.pt,4206441.0,exphormer_lite,2,50,paper_exact_seed2,0.6246640086174011,0.6266987323760986,0.0020347237586975098,0.05000000074505806,-0.02357049286365509,0.07357048988342285,0.019999999552965164,0.003507673740386963,0.0164923258125782,0.05000000074505806,-0.02220916748046875,0.07220916450023651,0.0,0.004666678607463837,0.004666678607463837
4380ae31aa9f6517,jacobi-2d,jacobi-2d,lv2:__PARA__L0-1.__PARA__L1-4.__PARA__L2-4.__PARA__L3-8.__PARA__L4-8.__PIPE__L0-off.__PIPE__L1-NA.__PIPE__L2-NA.__TILE__L0-40.__TILE__L1-1.__TILE__L2-1,target,query,query,finetune_dataset,data_901.pt,4399241.0,exphormer_lite,2,50,paper_exact_seed2,0.5923367142677307,0.5583829283714294,0.03395378589630127,0.05000000074505806,0.1603873074054718,0.11038731038570404,0.019999999552965164,0.006919682025909424,0.01308031752705574,0.05000000074505806,0.10893508791923523,0.05893508717417717,0.0,-0.011565908789634705,0.011565908789634705
1cf8cde643f1c8a7,jacobi-2d,jacobi-2d,lv2:__PARA__L0-1.__PARA__L1-2.__PARA__L2-1.__PARA__L3-8.__PARA__L4-8.__PIPE__L0-off.__PIPE__L1-NA.__PIPE__L2-NA.__TILE__L0-1.__TILE__L1-1.__TILE__L2-8,target,query,query,finetune_dataset,data_808.pt,4206441.0,exphormer_lite,2,50,paper_exact_seed2,0.6246640086174011,0.6129459142684937,0.01171809434890747,0.05000000074505806,0.05193883180618286,0.0019388310611248016,0.019999999552965164,0.005195334553718567,0.014804664999246597,0.05000000074505806,0.03222006559371948,0.017779935151338577,0.0,-0.021511182188987732,0.021511182188987732
c094d3f4aa35b172,jacobi-2d,jacobi-2d,lv2:__PARA__L0-1.__PARA__L1-2.__PARA__L2-22.__PARA__L3-8.__PARA__L4-8.__PIPE__L0-off.__PIPE__L1-off.__PIPE__L2-NA.__TILE__L0-1.__TILE__L1-1.__TILE__L2-1,target,query,query,finetune_dataset,data_852.pt,4504601.0,exphormer_lite,2,50,paper_exact_seed2,0.5752643942832947,0.637855589389801,0.06259119510650635,0.05000000074505806,0.04933878779411316,0.0006612129509449005,0.019999999552965164,0.035108909010887146,0.015108909457921982,0.05000000074505806,0.04001864790916443,0.009981352835893631,0.009999999776482582,0.006068751215934753,0.003931248560547829
e33b54c82cefb5a8,jacobi-2d,jacobi-2d,lv2:__PARA__L0-1.__PARA__L1-2.__PARA__L2-2.__PARA__L3-8.__PARA__L4-8.__PIPE__L0-off.__PIPE__L1-off.__PIPE__L2-off.__TILE__L0-40.__TILE__L1-1.__TILE__L2-1,target,query,query,finetune_dataset,data_845.pt,4382121.0,exphormer_lite,2,50,paper_exact_seed2,0.5951493978500366,0.8534431457519531,0.2582937479019165,0.05000000074505806,0.01519070565700531,0.03480929508805275,0.019999999552965164,-0.007408633828163147,0.02740863338112831,0.05000000074505806,-0.008708029985427856,0.058708030730485916,0.0,-0.0004961416125297546,0.0004961416125297546
119c011acb799ec3,jacobi-2d,jacobi-2d,lv2:__PARA__L0-1.__PARA__L1-2.__PARA__L2-1.__PARA__L3-8.__PARA__L4-8.__PIPE__L0-off.__PIPE__L1-NA.__PIPE__L2-NA.__TILE__L0-1.__TILE__L1-1.__TILE__L2-2,target,query,query,finetune_dataset,data_806.pt,4268321.0,exphormer_lite,2,50,paper_exact_seed2,0.6141297221183777,0.763751745223999,0.14962202310562134,0.05000000074505806,0.028981760144233704,0.021018240600824356,0.019999999552965164,0.009101763367652893,0.010898236185312271,0.05000000074505806,0.032502561807632446,0.017497438937425613,0.0,-0.0030344724655151367,0.0030344724655151367
7d9b2377f873fd86,jacobi-2d,jacobi-2d,lv2:__PARA__L0-1.__PARA__L1-2.__PARA__L2-8.__PARA__L3-8.__PARA__L4-8.__PIPE__L0-off.__PIPE__L1-NA.__PIPE__L2-off.__TILE__L0-1.__TILE__L1-1.__TILE__L2-1,target,query,query,finetune_dataset,data_868.pt,4414401.0,exphormer_lite,2,50,paper_exact_seed2,0.5898551940917969,0.5850814580917358,0.004773736000061035,0.05000000074505806,0.0410466343164444,0.008953366428613663,0.019999999552965164,0.01535998284816742,0.004640016704797745,0.05000000074505806,0.017587780952453613,0.032412219792604446,0.009999999776482582,0.006903760135173798,0.0030962396413087845
4637e626d89ad040,jacobi-2d,jacobi-2d,lv2:__PARA__L0-1.__PARA__L1-1.__PARA__L2-1.__PARA__L3-1.__PARA__L4-1.__PIPE__L0-off.__PIPE__L1-off.__PIPE__L2-flatten.__TILE__L0-1.__TILE__L1-1.__TILE__L2-4,target,query,query,finetune_dataset,data_661.pt,4250601.0,exphormer_lite,2,50,paper_exact_seed2,0.6171306371688843,0.5979487895965576,0.01918184757232666,0.2800000011920929,0.6351557374000549,0.35515573620796204,0.2199999988079071,0.25065702199935913,0.030657023191452026,0.18000000715255737,0.5251134634017944,0.34511345624923706,0.25,0.12336686253547668,0.12663313746452332
2530921ded218957,jacobi-2d,jacobi-2d,lv2:__PARA__L0-1.__PARA__L1-1.__PARA__L2-1.__PARA__L3-11.__PARA__L4-2.__PIPE__L0-off.__PIPE__L1-off.__PIPE__L2-off.__TILE__L0-1.__TILE__L1-1.__TILE__L2-1,target,query,query,finetune_dataset,data_684.pt,554684.0,exphormer_lite,2,50,paper_exact_seed2,2.086095094680786,2.207035541534424,0.1209404468536377,0.03999999910593033,0.032535672187805176,0.007464326918125153,0.009999999776482582,-0.009013265371322632,0.019013265147805214,0.009999999776482582,-0.03378516435623169,0.04378516227006912,0.029999999329447746,0.02613973617553711,0.003860263153910637
1f77c91f5f9ac5f6,jacobi-2d,jacobi-2d,lv2:__PARA__L0-1.__PARA__L1-1.__PARA__L2-2.__PARA__L3-22.__PARA__L4-1.__PIPE__L0-off.__PIPE__L1-off.__PIPE__L2-flatten.__TILE__L0-1.__TILE__L1-8.__TILE__L2-8,target,query,query,finetune_dataset,data_753.pt,4087161.0,exphormer_lite,2,50,paper_exact_seed2,0.6454145312309265,0.5396218299865723,0.10579270124435425,0.9399999976158142,0.99526047706604,0.05526047945022583,0.41999998688697815,0.3920232951641083,0.027976691722869873,0.8299999833106995,0.863883376121521,0.03388339281082153,0.05999999865889549,0.09074756503105164,0.030747566372156143
f3de769de7350479,jacobi-2d,jacobi-2d,lv2:__PARA__L0-1.__PARA__L1-1.__PARA__L2-1.__PARA__L3-1.__PARA__L4-4.__PIPE__L0-off.__PIPE__L1-off.__PIPE__L2-off.__TILE__L0-1.__TILE__L1-1.__TILE__L2-1,target,query,query,finetune_dataset,data_677.pt,1012244.0,exphormer_lite,2,50,paper_exact_seed2,1.6521855592727661,1.891286849975586,0.23910129070281982,0.019999999552965164,0.03479410707950592,0.014794107526540756,0.009999999776482582,0.009362176060676575,0.0006378237158060074,0.009999999776482582,-0.004833698272705078,0.01483369804918766,0.019999999552965164,0.018461957573890686,0.0015380419790744781
c92cf4366dcc9a12,jacobi-2d,jacobi-2d,lv2:__PARA__L0-1.__PARA__L1-8.__PARA__L2-1.__PARA__L3-8.__PARA__L4-8.__PIPE__L0-off.__PIPE__L1-off.__PIPE__L2-off.__TILE__L0-1.__TILE__L1-1.__TILE__L2-1,target,query,query,finetune_dataset,data_910.pt,2266604.0,exphormer_lite,2,50,paper_exact_seed2,1.0706979036331177,0.7853159308433533,0.2853819727897644,0.03999999910593033,-0.020504459738731384,0.06050445884466171,0.009999999776482582,-0.00489024817943573,0.014890247955918312,0.029999999329447746,-0.0013062357902526855,0.03130623698234558,0.019999999552965164,0.005975469946861267,0.014024529606103897
5d54a86aa7149b19,jacobi-2d,jacobi-2d,lv2:__PARA__L0-1.__PARA__L1-2.__PARA__L2-4.__PARA__L3-8.__PARA__L4-8.__PIPE__L0-off.__PIPE__L1-off.__PIPE__L2-off.__TILE__L0-40.__TILE__L1-1.__TILE__L2-1,target,query,query,finetune_dataset,data_865.pt,4390681.0,exphormer_lite,2,50,paper_exact_seed2,0.5937417149543762,0.6511036157608032,0.057361900806427,0.05000000074505806,-0.02528493106365204,0.0752849280834198,0.019999999552965164,-0.023880496621131897,0.04388049617409706,0.05000000074505806,-0.02498936653137207,0.07498936355113983,0.0,-0.005205512046813965,0.005205512046813965
3824367869de27e7,jacobi-2d,jacobi-2d,lv2:__PARA__L0-1.__PARA__L1-1.__PARA__L2-2.__PARA__L3-1.__PARA__L4-1.__PIPE__L0-off.__PIPE__L1-NA.__PIPE__L2-flatten.__TILE__L0-1.__TILE__L1-8.__TILE__L2-8,target,query,query,finetune_dataset,data_736.pt,4086961.0,exphormer_lite,2,50,paper_exact_seed2,0.6454498171806335,0.5646449327468872,0.08080488443374634,0.6499999761581421,0.8977175354957581,0.24771755933761597,0.30000001192092896,0.35694849491119385,0.05694848299026489,0.6200000047683716,0.7906017303466797,0.1706017255783081,0.03999999910593033,0.06991496682167053,0.029914967715740204
b7291231ff5e94b8,jacobi-2d,jacobi-2d,lv2:__PARA__L0-1.__PARA__L1-1.__PARA__L2-1.__PARA__L3-4.__PARA__L4-4.__PIPE__L0-off.__PIPE__L1-off.__PIPE__L2-off.__TILE__L0-1.__TILE__L1-1.__TILE__L2-1,target,query,query,finetune_dataset,data_708.pt,470244.0,exphormer_lite,2,50,paper_exact_seed2,2.205223321914673,2.0734364986419678,0.13178682327270508,0.009999999776482582,0.03688432276248932,0.026884322986006737,0.0,0.0041377246379852295,0.0041377246379852295,0.0,-0.010176807641983032,0.010176807641983032,0.019999999552965164,0.016353212296962738,0.003646787256002426
a6b64c8bb182d31b,jacobi-2d,jacobi-2d,lv2:__PARA__L0-1.__PARA__L1-1.__PARA__L2-2.__PARA__L3-88.__PARA__L4-1.__PIPE__L0-off.__PIPE__L1-NA.__PIPE__L2-flatten.__TILE__L0-1.__TILE__L1-8.__TILE__L2-8,target,query,query,finetune_dataset,data_767.pt,4087681.0,exphormer_lite,2,50,paper_exact_seed2,0.6453227400779724,0.5783290863037109,0.06699365377426147,1.1299999952316284,0.9899006485939026,0.14009934663772583,0.49000000953674316,0.4050282835960388,0.08497172594070435,1.0199999809265137,0.8623640537261963,0.15763592720031738,0.20999999344348907,0.11206375807523727,0.0979362353682518
e87a7efab4cd65b4,jacobi-2d,jacobi-2d,lv2:__PARA__L0-1.__PARA__L1-2.__PARA__L2-1.__PARA__L3-8.__PARA__L4-8.__PIPE__L0-off.__PIPE__L1-off.__PIPE__L2-NA.__TILE__L0-1.__TILE__L1-1.__TILE__L2-2,target,query,query,finetune_dataset,data_815.pt,4268321.0,exphormer_lite,2,50,paper_exact_seed2,0.6141297221183777,0.840193510055542,0.2260637879371643,0.05000000074505806,0.014416888356208801,0.03558311238884926,0.019999999552965164,0.004587426781654358,0.015412572771310806,0.05000000074505806,0.03086245059967041,0.01913755014538765,0.0,0.0016970187425613403,0.0016970187425613403
0bff14392f5463ba,jacobi-2d,jacobi-2d,lv2:__PARA__L0-1.__PARA__L1-11.__PARA__L2-2.__PARA__L3-11.__PARA__L4-1.__PIPE__L0-off.__PIPE__L1-off.__PIPE__L2-flatten.__TILE__L0-1.__TILE__L1-8.__TILE__L2-8,target,query,query,finetune_dataset,data_791.pt,4315441.0,exphormer_lite,2,50,paper_exact_seed2,0.6062100529670715,0.5341677665710449,0.07204228639602661,0.8999999761581421,0.9383912682533264,0.038391292095184326,0.4000000059604645,0.38917309045791626,0.010826915502548218,0.800000011920929,0.8126657605171204,0.012665748596191406,0.03999999910593033,0.03679754585027695,0.0032024532556533813
00f38308256f3bcc,jacobi-2d,jacobi-2d,lv2:__PARA__L0-1.__PARA__L1-1.__PARA__L2-2.__PARA__L3-1.__PARA__L4-1.__PIPE__L0-off.__PIPE__L1-off.__PIPE__L2-flatten.__TILE__L0-1.__TILE__L1-2.__TILE__L2-8,target,query,query,finetune_dataset,data_738.pt,4149361.0,exphormer_lite,2,50,paper_exact_seed2,0.6345194578170776,0.5950648188591003,0.039454638957977295,0.6499999761581421,0.8509830236434937,0.20098304748535156,0.30000001192092896,0.3313186466693878,0.03131863474845886,0.6200000047683716,0.7276051044464111,0.10760509967803955,0.03999999910593033,0.06518575549125671,0.025185756385326385
edff4791f18c4a83,jacobi-2d,jacobi-2d,lv2:__PARA__L0-1.__PARA__L1-8.__PARA__L2-1.__PARA__L3-1.__PARA__L4-4.__PIPE__L0-off.__PIPE__L1-flatten.__PIPE__L2-NA.__TILE__L0-1.__TILE__L1-1.__TILE__L2-8,target,query,query,finetune_dataset,data_909.pt,3935321.0,exphormer_lite,2,50,paper_exact_seed2,0.6727234125137329,0.6895052790641785,0.016781866550445557,2.180000066757202,2.72733473777771,0.5473346710205078,1.0,1.1995680332183838,0.1995680332183838,2.069999933242798,2.446101665496826,0.3761017322540283,0.0,-0.03372713923454285,0.03372713923454285
418f7638dcb91743,jacobi-2d,jacobi-2d,lv2:__PARA__L0-1.__PARA__L1-1.__PARA__L2-2.__PARA__L3-2.__PARA__L4-1.__PIPE__L0-off.__PIPE__L1-off.__PIPE__L2-flatten.__TILE__L0-1.__TILE__L1-8.__TILE__L2-8,target,query,query,finetune_dataset,data_750.pt,4088281.0,exphormer_lite,2,50,paper_exact_seed2,0.6452168822288513,0.5452167987823486,0.10000008344650269,0.8700000047683716,0.9731259942054749,0.10312598943710327,0.3799999952316284,0.3765720725059509,0.0034279227256774902,0.7799999713897705,0.842076301574707,0.06207633018493652,0.0,0.08388760685920715,0.08388760685920715
08840fca35aa1062,jacobi-2d,jacobi-2d,lv2:__PARA__L0-1.__PARA__L1-1.__PARA__L2-11.__PARA__L3-8.__PARA__L4-8.__PIPE__L0-off.__PIPE__L1-off.__PIPE__L2-off.__TILE__L0-1.__TILE__L1-88.__TILE__L2-8,target,query,query,finetune_dataset,data_734.pt,2285444.0,exphormer_lite,2,50,paper_exact_seed2,1.0647268295288086,0.8358793258666992,0.22884750366210938,0.03999999910593033,0.027254760265350342,0.012745238840579987,0.009999999776482582,-0.027747049927711487,0.03774704784154892,0.029999999329447746,-0.02879774570465088,0.058797746896743774,0.019999999552965164,0.006287582218647003,0.013712417334318161
f374d26c04ba2cab,jacobi-2d,jacobi-2d,lv2:__PARA__L0-1.__PARA__L1-1.__PARA__L2-4.__PARA__L3-8.__PARA__L4-8.__PIPE__L0-off.__PIPE__L1-off.__PIPE__L2-NA.__TILE__L0-1.__TILE__L1-88.__TILE__L2-1,target,query,query,finetune_dataset,data_777.pt,2242884.0,exphormer_lite,2,50,paper_exact_seed2,1.0782865285873413,0.7673745155334473,0.31091201305389404,0.03999999910593033,0.018273591995239258,0.02172640711069107,0.019999999552965164,-0.012277305126190186,0.03227730467915535,0.029999999329447746,0.029481351375579834,0.0005186479538679123,0.009999999776482582,0.0016783997416496277,0.008321600034832954
ebe57cf1663b92bf,jacobi-2d,jacobi-2d,lv2:__PARA__L0-1.__PARA__L1-4.__PARA__L2-2.__PARA__L3-8.__PARA__L4-8.__PIPE__L0-off.__PIPE__L1-NA.__PIPE__L2-NA.__TILE__L0-40.__TILE__L1-1.__TILE__L2-1,target,query,query,finetune_dataset,data_896.pt,4390681.0,exphormer_lite,2,50,paper_exact_seed2,0.5937417149543762,0.6789411306381226,0.08519941568374634,0.05000000074505806,0.11436119675636292,0.06436119973659515,0.019999999552965164,0.0012743473052978516,0.018725652247667313,0.05000000074505806,0.06182321906089783,0.011823218315839767,0.0,-0.019140571355819702,0.019140571355819702
e9a1e8e3e53c8cad,jacobi-2d,jacobi-2d,lv2:__PARA__L0-1.__PARA__L1-22.__PARA__L2-2.__PARA__L3-1.__PARA__L4-1.__PIPE__L0-off.__PIPE__L1-off.__PIPE__L2-flatten.__TILE__L0-1.__TILE__L1-4.__TILE__L2-8,target,query,query,finetune_dataset,data_878.pt,4385641.0,exphormer_lite,2,50,paper_exact_seed2,0.5945701599121094,0.5618362426757812,0.032733917236328125,0.6499999761581421,0.876197099685669,0.22619712352752686,0.30000001192092896,0.35298997163772583,0.052989959716796875,0.6200000047683716,0.7654264569282532,0.1454264521598816,0.03999999910593033,0.0462985560297966,0.006298556923866272
53885ac3842ab290,jacobi-2d,jacobi-2d,lv2:__PARA__L0-1.__PARA__L1-1.__PARA__L2-1.__PARA__L3-8.__PARA__L4-8.__PIPE__L0-off.__PIPE__L1-off.__PIPE__L2-NA.__TILE__L0-1.__TILE__L1-88.__TILE__L2-2,target,query,query,finetune_dataset,data_719.pt,4035721.0,exphormer_lite,2,50,paper_exact_seed2,0.6545508503913879,0.9655354022979736,0.3109845519065857,0.05000000074505806,0.031968384981155396,0.018031615763902664,0.019999999552965164,0.01122690737247467,0.008773092180490494,0.05000000074505806,0.020160913467407227,0.029839087277650833,0.0,0.010231100022792816,0.010231100022792816
33a477d84c262dc2,jacobi-2d,jacobi-2d,lv2:__PARA__L0-1.__PARA__L1-2.__PARA__L2-8.__PARA__L3-8.__PARA__L4-8.__PIPE__L0-off.__PIPE__L1-NA.__PIPE__L2-NA.__TILE__L0-1.__TILE__L1-1.__TILE__L2-1,target,query,query,finetune_dataset,data_866.pt,4414401.0,exphormer_lite,2,50,paper_exact_seed2,0.5898551940917969,0.5661894083023071,0.023665785789489746,0.05000000074505806,0.08485327661037445,0.03485327586531639,0.019999999552965164,0.02020864188671112,0.00020864233374595642,0.05000000074505806,0.07122781872749329,0.021227817982435226,0.009999999776482582,0.002242445945739746,0.007757553830742836
c125a83a28d530ad,jacobi-2d,jacobi-2d,lv2:__PARA__L0-1.__PARA__L1-11.__PARA__L2-2.__PARA__L3-16.__PARA__L4-1.__PIPE__L0-off.__PIPE__L1-NA.__PIPE__L2-flatten.__TILE__L0-1.__TILE__L1-8.__TILE__L2-8,target,query,query,finetune_dataset,data_792.pt,5897561.0,exphormer_lite,2,50,paper_exact_seed2,0.38090482354164124,0.5346631407737732,0.15375831723213196,0.8999999761581421,0.9482855200767517,0.04828554391860962,0.4000000059604645,0.3894767463207245,0.01052325963973999,0.8100000023841858,0.8181629776954651,0.008162975311279297,0.029999999329447746,0.03591783344745636,0.005917834118008614
c47c75864cb27766,jacobi-2d,jacobi-2d,lv2:__PARA__L0-1.__PARA__L1-1.__PARA__L2-2.__PARA__L3-8.__PARA__L4-1.__PIPE__L0-off.__PIPE__L1-NA.__PIPE__L2-flatten.__TILE__L0-1.__TILE__L1-8.__TILE__L2-8,target,query,query,finetune_dataset,data_760.pt,4087761.0,exphormer_lite,2,50,paper_exact_seed2,0.6453086137771606,0.5613383650779724,0.08397024869918823,0.8899999856948853,0.9050806164741516,0.015080630779266357,0.38999998569488525,0.3675866723060608,0.022413313388824463,0.7900000214576721,0.7992165088653564,0.009216487407684326,0.0,0.06708742678165436,0.06708742678165436
87c44a4a605ec900,jacobi-2d,jacobi-2d,lv2:__PARA__L0-1.__PARA__L1-2.__PARA__L2-11.__PARA__L3-8.__PARA__L4-8.__PIPE__L0-off.__PIPE__L1-NA.__PIPE__L2-off.__TILE__L0-40.__TILE__L1-1.__TILE__L2-1,target,query,query,finetune_dataset,data_830.pt,4434121.0,exphormer_lite,2,50,paper_exact_seed2,0.5866400003433228,0.6639686822891235,0.07732868194580078,0.05000000074505806,0.04366415739059448,0.006335843354463577,0.019999999552965164,0.007995277643203735,0.012004721909761429,0.05000000074505806,0.0066184401512146,0.04338156059384346,0.009999999776482582,0.00898638367652893,0.0010136160999536514
fab04bee7d771311,jacobi-2d,jacobi-2d,lv2:__PARA__L0-1.__PARA__L1-2.__PARA__L2-22.__PARA__L3-8.__PARA__L4-8.__PIPE__L0-off.__PIPE__L1-NA.__PIPE__L2-off.__TILE__L0-1.__TILE__L1-1.__TILE__L2-1,target,query,query,finetune_dataset,data_849.pt,4504601.0,exphormer_lite,2,50,paper_exact_seed2,0.5752643942832947,0.5637784004211426,0.0114859938621521,0.05000000074505806,0.09154123067855835,0.04154122993350029,0.019999999552965164,0.039862409234046936,0.019862409681081772,0.05000000074505806,0.09407220780849457,0.04407220706343651,0.009999999776482582,0.012680426239967346,0.002680426463484764
76cdc1b4a2ae88da,jacobi-2d,jacobi-2d,lv2:__PARA__L0-1.__PARA__L1-4.__PARA__L2-1.__PARA__L3-8.__PARA__L4-8.__PIPE__L0-off.__PIPE__L1-NA.__PIPE__L2-off.__TILE__L0-1.__TILE__L1-1.__TILE__L2-88,target,query,query,finetune_dataset,data_889.pt,2242884.0,exphormer_lite,2,50,paper_exact_seed2,1.0782865285873413,0.8381652235984802,0.24012130498886108,0.03999999910593033,0.05455538630485535,0.014555387198925018,0.019999999552965164,0.006889998912811279,0.013110000640153885,0.029999999329447746,0.0035026073455810547,0.02649739198386669,0.009999999776482582,-0.019576698541641235,0.029576698318123817
a2f55586e23c4af2,jacobi-2d,jacobi-2d,lv2:__PARA__L0-1.__PARA__L1-1.__PARA__L2-2.__PARA__L3-8.__PARA__L4-8.__PIPE__L0-off.__PIPE__L1-off.__PIPE__L2-NA.__TILE__L0-1.__TILE__L1-88.__TILE__L2-1,target,query,query,finetune_dataset,data_763.pt,2234324.0,exphormer_lite,2,50,paper_exact_seed2,1.0810447931289673,0.8875637054443359,0.19348108768463135,0.03999999910593033,0.023774653673171997,0.01622534543275833,0.019999999552965164,-0.0041897594928741455,0.02418975904583931,0.029999999329447746,0.03375244140625,0.0037524420768022537,0.009999999776482582,0.0035085082054138184,0.006491491571068764
c395ab2e435aff0d,jacobi-2d,jacobi-2d,lv2:__PARA__L0-1.__PARA__L1-1.__PARA__L2-1.__PARA__L3-1.__PARA__L4-2.__PIPE__L0-off.__PIPE__L1-flatten.__PIPE__L2-NA.__TILE__L0-1.__TILE__L1-1.__TILE__L2-8,target,query,query,finetune_dataset,data_668.pt,3938921.0,exphormer_lite,2,50,paper_exact_seed2,0.6720638275146484,0.6640828847885132,0.007980942726135254,0.25,0.2903566360473633,0.04035663604736328,0.10999999940395355,0.14568762481212616,0.03568762540817261,0.25999999046325684,0.2734624147415161,0.013462424278259277,0.25,0.1609661877155304,0.0890338122844696
58a41c3a8454ad42,jacobi-2d,jacobi-2d,lv2:__PARA__L0-1.__PARA__L1-1.__PARA__L2-1.__PARA__L3-4.__PARA__L4-32.__PIPE__L0-off.__PIPE__L1-off.__PIPE__L2-NA.__TILE__L0-1.__TILE__L1-1.__TILE__L2-1,target,query,query,finetune_dataset,data_706.pt,2388964.0,exphormer_lite,2,50,paper_exact_seed2,1.0327714681625366,0.8838805556297302,0.1488909125328064,0.17000000178813934,0.1286942958831787,0.04130570590496063,0.029999999329447746,0.024823293089866638,0.005176706239581108,0.009999999776482582,0.030334413051605225,0.020334413275122643,0.10000000149011612,0.07842837274074554,0.021571628749370575
22ec0ba283f993c7,jacobi-2d,jacobi-2d,lv2:__PARA__L0-1.__PARA__L1-1.__PARA__L2-1.__PARA__L3-4.__PARA__L4-22.__PIPE__L0-off.__PIPE__L1-off.__PIPE__L2-off.__TILE__L0-1.__TILE__L1-1.__TILE__L2-1,target,query,query,finetune_dataset,data_705.pt,280324.0,exphormer_lite,2,50,paper_exact_seed2,2.5783803462982178,2.213789224624634,0.364591121673584,0.07000000029802322,0.06151033937931061,0.008489660918712616,0.019999999552965164,0.035131826996803284,0.01513182744383812,0.019999999552965164,0.016217470169067383,0.0037825293838977814,0.05000000074505806,0.028890907764434814,0.021109092980623245
c5fee3c012b75f16,jacobi-2d,jacobi-2d,lv2:__PARA__L0-1.__PARA__L1-2.__PARA__L2-2.__PARA__L3-8.__PARA__L4-8.__PIPE__L0-off.__PIPE__L1-NA.__PIPE__L2-off.__TILE__L0-1.__TILE__L1-1.__TILE__L2-1,target,query,query,finetune_dataset,data_840.pt,4382121.0,exphormer_lite,2,50,paper_exact_seed2,0.5951493978500366,0.7957620620727539,0.20061266422271729,0.05000000074505806,0.023173585534095764,0.026826415210962296,0.019999999552965164,0.0010463148355484009,0.018953684717416763,0.05000000074505806,0.01184999942779541,0.03815000131726265,0.0,0.004308909177780151,0.004308909177780151
34b992a5a7a00114,jacobi-2d,jacobi-2d,lv2:__PARA__L0-1.__PARA__L1-1.__PARA__L2-1.__PARA__L3-11.__PARA__L4-4.__PIPE__L0-off.__PIPE__L1-off.__PIPE__L2-off.__TILE__L0-1.__TILE__L1-1.__TILE__L2-1,target,query,query,finetune_dataset,data_686.pt,322404.0,exphormer_lite,2,50,paper_exact_seed2,2.4774932861328125,2.3254432678222656,0.15205001831054688,0.029999999329447746,0.04414363205432892,0.014143632724881172,0.009999999776482582,0.0014973282814025879,0.008502671495079994,0.009999999776482582,-0.014980733394622803,0.024980733171105385,0.029999999329447746,0.023484282195568085,0.0065157171338796616
0b98e4b7ddc0e9e1,jacobi-2d,jacobi-2d,lv2:__PARA__L0-1.__PARA__L1-11.__PARA__L2-2.__PARA__L3-16.__PARA__L4-1.__PIPE__L0-off.__PIPE__L1-off.__PIPE__L2-flatten.__TILE__L0-1.__TILE__L1-8.__TILE__L2-8,target,query,query,finetune_dataset,data_793.pt,5897561.0,exphormer_lite,2,50,paper_exact_seed2,0.38090482354164124,0.5300910472869873,0.14918622374534607,0.8999999761581421,0.9454212784767151,0.045421302318573,0.4000000059604645,0.39413803815841675,0.0058619678020477295,0.8100000023841858,0.8247908353805542,0.014790832996368408,0.029999999329447746,0.03856363892555237,0.008563639596104622
1b37bbe43cd2bb4d,jacobi-2d,jacobi-2d,lv2:__PARA__L0-1.__PARA__L1-11.__PARA__L2-2.__PARA__L3-4.__PARA__L4-1.__PIPE__L0-off.__PIPE__L1-off.__PIPE__L2-flatten.__TILE__L0-1.__TILE__L1-8.__TILE__L2-8,target,query,query,finetune_dataset,data_801.pt,4315441.0,exphormer_lite,2,50,paper_exact_seed2,0.6062100529670715,0.5367050170898438,0.06950503587722778,0.8700000047683716,0.9218154549598694,0.0518154501914978,0.38999998569488525,0.3845321536064148,0.005467832088470459,0.7799999713897705,0.8062983155250549,0.026298344135284424,0.0,0.040941908955574036,0.040941908955574036
fa9d05c112689cf8,jacobi-2d,jacobi-2d,lv2:__PARA__L0-1.__PARA__L1-2.__PARA__L2-11.__PARA__L3-8.__PARA__L4-8.__PIPE__L0-off.__PIPE__L1-NA.__PIPE__L2-off.__TILE__L0-1.__TILE__L1-1.__TILE__L2-1,target,query,query,finetune_dataset,data_828.pt,4434121.0,exphormer_lite,2,50,paper_exact_seed2,0.5866400003433228,0.5870126485824585,0.0003726482391357422,0.05000000074505806,0.053009167313575745,0.003009166568517685,0.019999999552965164,0.028668418526649475,0.008668418973684311,0.05000000074505806,0.030379921197891235,0.019620079547166824,0.009999999776482582,0.010042019188404083,4.201941192150116e-05
6698cf09c23d6af0,jacobi-2d,jacobi-2d,lv2:__PARA__L0-1.__PARA__L1-2.__PARA__L2-4.__PARA__L3-8.__PARA__L4-8.__PIPE__L0-off.__PIPE__L1-NA.__PIPE__L2-NA.__TILE__L0-1.__TILE__L1-1.__TILE__L2-1,target,query,query,finetune_dataset,data_858.pt,4390681.0,exphormer_lite,2,50,paper_exact_seed2,0.5937417149543762,0.5743022561073303,0.0194394588470459,0.05000000074505806,0.10485357791185379,0.05485357716679573,0.019999999552965164,0.0182696133852005,0.0017303861677646637,0.05000000074505806,0.08438317477703094,0.034383174031972885,0.0,-0.00743730366230011,0.00743730366230011
27b6de971e060e79,jacobi-2d,jacobi-2d,lv2:__PARA__L0-1.__PARA__L1-4.__PARA__L2-11.__PARA__L3-1.__PARA__L4-4.__PIPE__L0-off.__PIPE__L1-flatten.__PIPE__L2-NA.__TILE__L0-1.__TILE__L1-8.__TILE__L2-8,target,query,query,finetune_dataset,data_892.pt,4421441.0,exphormer_lite,2,50,paper_exact_seed2,0.5887057185173035,0.576125979423523,0.012579739093780518,1.4600000381469727,1.3098145723342896,0.1501854658126831,0.6499999761581421,0.8510688543319702,0.20106887817382812,1.2899999618530273,1.5052919387817383,0.21529197692871094,0.0,0.04718425124883652,0.04718425124883652
784d806af7785d1f,jacobi-2d,jacobi-2d,lv2:__PARA__L0-1.__PARA__L1-1.__PARA__L2-1.__PARA__L3-1.__PARA__L4-22.__PIPE__L0-off.__PIPE__L1-off.__PIPE__L2-off.__TILE__L0-1.__TILE__L1-1.__TILE__L2-1,target,query,query,finetune_dataset,data_670.pt,948924.0,exphormer_lite,2,50,paper_exact_seed2,1.6987818479537964,1.9691026210784912,0.2703207731246948,0.10000000149011612,0.0638098418712616,0.03619015961885452,0.029999999329447746,0.04099932312965393,0.010999323800206184,0.05999999865889549,0.024897873401641846,0.03510212525725365,0.05000000074505806,0.03127920627593994,0.01872079446911812
ecca3737fdfbc6d8,jacobi-2d,jacobi-2d,lv2:__PARA__L0-1.__PARA__L1-4.__PARA__L2-2.__PARA__L3-1.__PARA__L4-1.__PIPE__L0-off.__PIPE__L1-off.__PIPE__L2-flatten.__TILE__L0-1.__TILE__L1-1.__TILE__L2-8,target,query,query,finetune_dataset,data_894.pt,4272001.0,exphormer_lite,2,50,paper_exact_seed2,0.6135080456733704,0.5778304934501648,0.035677552223205566,0.8700000047683716,0.8816069960594177,0.011606991291046143,0.3799999952316284,0.37279558181762695,0.007204413414001465,0.7699999809265137,0.7550657987594604,0.014934182167053223,0.03999999910593033,0.039987415075302124,1.2584030628204346e-05
b07abd212d31a627,jacobi-2d,jacobi-2d,lv2:__PARA__L0-1.__PARA__L1-11.__PARA__L2-2.__PARA__L3-22.__PARA__L4-1.__PIPE__L0-off.__PIPE__L1-off.__PIPE__L2-flatten.__TILE__L0-1.__TILE__L1-8.__TILE__L2-8,target,query,query,finetune_dataset,data_797.pt,4311241.0,exphormer_lite,2,50,paper_exact_seed2,0.6069124341011047,0.5254219770431519,0.08149045705795288,0.9399999976158142,0.9508684873580933,0.010868489742279053,0.41999998688697815,0.38701027631759644,0.032989710569381714,0.8299999833106995,0.8241685628890991,0.005831420421600342,0.05999999865889549,0.039793506264686584,0.020206492394208908
fd3c61ae7f95e064,jacobi-2d,jacobi-2d,lv2:__PARA__L0-1.__PARA__L1-1.__PARA__L2-1.__PARA__L3-4.__PARA__L4-11.__PIPE__L0-off.__PIPE__L1-off.__PIPE__L2-off.__TILE__L0-1.__TILE__L1-1.__TILE__L2-1,target,query,query,finetune_dataset,data_701.pt,322404.0,exphormer_lite,2,50,paper_exact_seed2,2.4774932861328125,2.165867805480957,0.31162548065185547,0.029999999329447746,0.049969688057899475,0.01996968872845173,0.009999999776482582,0.02593231201171875,0.015932312235236168,0.009999999776482582,0.01739785075187683,0.007397850975394249,0.029999999329447746,0.015181444585323334,0.014818554744124413
d269ecdf325e801d,jacobi-2d,jacobi-2d,lv2:__PARA__L0-1.__PARA__L1-1.__PARA__L2-22.__PARA__L3-8.__PARA__L4-8.__PIPE__L0-off.__PIPE__L1-off.__PIPE__L2-off.__TILE__L0-1.__TILE__L1-88.__TILE__L2-1,target,query,query,finetune_dataset,data_773.pt,2355924.0,exphormer_lite,2,50,paper_exact_seed2,1.0428175926208496,0.8920444846153259,0.15077310800552368,0.03999999910593033,0.022007912397384644,0.017992086708545685,0.009999999776482582,-0.028535768389701843,0.038535766303539276,0.029999999329447746,-0.00875556468963623,0.038755565881729126,0.019999999552965164,0.010857932269573212,0.009142067283391953
322b26639a483f11,jacobi-2d,jacobi-2d,lv2:__PARA__L0-1.__PARA__L1-2.__PARA__L2-11.__PARA__L3-1.__PARA__L4-4.__PIPE__L0-off.__PIPE__L1-flatten.__PIPE__L2-NA.__TILE__L0-1.__TILE__L1-8.__TILE__L2-8,target,query,query,finetune_dataset,data_824.pt,4315481.0,exphormer_lite,2,50,paper_exact_seed2,0.6062033772468567,0.5695305466651917,0.03667283058166504,0.8700000047683716,0.7264649868011475,0.14353501796722412,0.38999998569488525,0.5029469728469849,0.11294698715209961,0.7799999713897705,0.777620255947113,0.0023797154426574707,0.0,0.096357561647892,0.096357561647892
06b4e10354d508a4,jacobi-2d,jacobi-2d,lv2:__PARA__L0-1.__PARA__L1-2.__PARA__L2-1.__PARA__L3-8.__PARA__L4-8.__PIPE__L0-off.__PIPE__L1-off.__PIPE__L2-off.__TILE__L0-1.__TILE__L1-1.__TILE__L2-88,target,query,query,finetune_dataset,data_822.pt,2234324.0,exphormer_lite,2,50,paper_exact_seed2,1.0810447931289673,1.0645098686218262,0.016534924507141113,0.03999999910593033,-0.006572052836418152,0.04657205194234848,0.019999999552965164,-0.02196575701236725,0.04196575656533241,0.029999999329447746,-0.01584675908088684,0.045846760272979736,0.009999999776482582,-0.01313541829586029,0.023135418072342873
b4fb7d26cdf40a85,jacobi-2d,jacobi-2d,lv2:__PARA__L0-1.__PARA__L1-1.__PARA__L2-22.__PARA__L3-8.__PARA__L4-8.__PIPE__L0-off.__PIPE__L1-off.__PIPE__L2-off.__TILE__L0-1.__TILE__L1-88.__TILE__L2-4,target,query,query,finetune_dataset,data_774.pt,2355924.0,exphormer_lite,2,50,paper_exact_seed2,1.0428175926208496,0.8626307249069214,0.18018686771392822,0.03999999910593033,0.028868481516838074,0.011131517589092255,0.009999999776482582,-0.02963198721408844,0.03963198512792587,0.029999999329447746,-0.017414182424545288,0.047414183616638184,0.019999999552965164,0.007200159132480621,0.012799840420484543
4160f17848553677,jacobi-2d,jacobi-2d,lv2:__PARA__L0-1.__PARA__L1-22.__PARA__L2-2.__PARA__L3-2.__PARA__L4-1.__PIPE__L0-off.__PIPE__L1-NA.__PIPE__L2-flatten.__TILE__L0-1.__TILE__L1-4.__TILE__L2-8,target,query,query,finetune_dataset,data_881.pt,4386161.0,exphormer_lite,2,50,paper_exact_seed2,0.5944846868515015,0.5466830730438232,0.04780161380767822,0.8700000047683716,0.9086970090866089,0.038697004318237305,0.3799999952316284,0.3618628978729248,0.018137097358703613,0.7799999713897705,0.7742933630943298,0.005706608295440674,0.0,0.04102257639169693,0.04102257639169693
856cc9f2c17a159a,jacobi-2d,jacobi-2d,lv2:__PARA__L0-1.__PARA__L1-2.__PARA__L2-2.__PARA__L3-8.__PARA__L4-8.__PIPE__L0-off.__PIPE__L1-off.__PIPE__L2-NA.__TILE__L0-1.__TILE__L1-1.__TILE__L2-1,target,query,query,finetune_dataset,data_842.pt,4382121.0,exphormer_lite,2,50,paper_exact_seed2,0.5951493978500366,0.6970310807228088,0.10188168287277222,0.05000000074505806,0.037749484181404114,0.012250516563653946,0.019999999552965164,0.0027733296155929565,0.017226669937372208,0.05000000074505806,0.039909541606903076,0.010090459138154984,0.0,-0.004853561520576477,0.004853561520576477
73275156de8b6442,jacobi-2d,jacobi-2d,lv2:__PARA__L0-1.__PARA__L1-4.__PARA__L2-8.__PARA__L3-8.__PARA__L4-8.__PIPE__L0-off.__PIPE__L1-NA.__PIPE__L2-NA.__TILE__L0-40.__TILE__L1-1.__TILE__L2-1,target,query,query,finetune_dataset,data_905.pt,4422961.0,exphormer_lite,2,50,paper_exact_seed2,0.5884577631950378,0.5637487769126892,0.024708986282348633,0.05000000074505806,0.1495835781097412,0.09958358108997345,0.019999999552965164,0.015667960047721863,0.004332039505243301,0.05000000074505806,0.07918758690357208,0.029187586158514023,0.009999999776482582,-0.004903174936771393,0.014903174713253975
bb70c3f8edfae14e,jacobi-2d,jacobi-2d,lv2:__PARA__L0-1.__PARA__L1-22.__PARA__L2-2.__PARA__L3-1.__PARA__L4-1.__PIPE__L0-off.__PIPE__L1-off.__PIPE__L2-flatten.__TILE__L0-1.__TILE__L1-1.__TILE__L2-8,target,query,query,finetune_dataset,data_877.pt,4385921.0,exphormer_lite,2,50,paper_exact_seed2,0.5945241451263428,0.5653078556060791,0.029216289520263672,0.8700000047683716,0.8730811476707458,0.0030811429023742676,0.3799999952316284,0.3383450508117676,0.04165494441986084,0.7699999809265137,0.7430420517921448,0.026957929134368896,0.03999999910593033,0.041696079075336456,0.001696079969406128
8b485ae83504393c,jacobi-2d,jacobi-2d,lv2:__PARA__L0-1.__PARA__L1-1.__PARA__L2-1.__PARA__L3-2.__PARA__L4-22.__PIPE__L0-off.__PIPE__L1-off.__PIPE__L2-off.__TILE__L0-1.__TILE__L1-1.__TILE__L2-1,target,query,query,finetune_dataset,data_694.pt,512484.0,exphormer_lite,2,50,paper_exact_seed2,2.143174648284912,2.0838308334350586,0.059343814849853516,0.07000000029802322,0.06392093002796173,0.006079070270061493,0.019999999552965164,0.0390789657831192,0.019078966230154037,0.019999999552965164,0.021771490573883057,0.0017714910209178925,0.05000000074505806,0.02938321977853775,0.02061678096652031
0b048cbe2d8c5471,jacobi-2d,jacobi-2d,lv2:__PARA__L0-1.__PARA__L1-4.__PARA__L2-1.__PARA__L3-8.__PARA__L4-8.__PIPE__L0-off.__PIPE__L1-off.__PIPE__L2-off.__TILE__L0-1.__TILE__L1-1.__TILE__L2-1,target,query,query,finetune_dataset,data_891.pt,2242884.0,exphormer_lite,2,50,paper_exact_seed2,1.0782865285873413,0.7966560125350952,0.2816305160522461,0.03999999910593033,0.023771747946739197,0.01622825115919113,0.019999999552965164,-0.010982498526573181,0.030982498079538345,0.029999999329447746,-0.001475691795349121,0.03147569298744202,0.009999999776482582,-0.002371944487094879,0.012371944263577461
3e1936144535fbc1,jacobi-2d,jacobi-2d,lv2:__PARA__L0-1.__PARA__L1-1.__PARA__L2-1.__PARA__L3-8.__PARA__L4-8.__PIPE__L0-off.__PIPE__L1-off.__PIPE__L2-off.__TILE__L0-1.__TILE__L1-88.__TILE__L2-2,target,query,query,finetune_dataset,data_724.pt,4035721.0,exphormer_lite,2,50,paper_exact_seed2,0.6545508503913879,1.1421293020248413,0.48757845163345337,0.05000000074505806,0.02805541455745697,0.02194458618760109,0.019999999552965164,0.0020540058612823486,0.017945993691682816,0.05000000074505806,-0.02098262310028076,0.07098262012004852,0.0,0.012124814093112946,0.012124814093112946
ac131c488d448b82,jacobi-2d,jacobi-2d,lv2:__PARA__L0-1.__PARA__L1-2.__PARA__L2-1.__PARA__L3-8.__PARA__L4-8.__PIPE__L0-off.__PIPE__L1-off.__PIPE__L2-off.__TILE__L0-1.__TILE__L1-1.__TILE__L2-2,target,query,query,finetune_dataset,data_819.pt,4268321.0,exphormer_lite,2,50,paper_exact_seed2,0.6141297221183777,1.657715082168579,1.0435853004455566,0.05000000074505806,0.01962508261203766,0.0303749181330204,0.019999999552965164,-0.009776473045349121,0.029776472598314285,0.05000000074505806,-0.022044003009796143,0.0720440000295639,0.0,-0.0001081228256225586,0.0001081228256225586
31777265ef1d2415,jacobi-2d,jacobi-2d,lv2:__PARA__L0-1.__PARA__L1-2.__PARA__L2-8.__PARA__L3-8.__PARA__L4-8.__PIPE__L0-off.__PIPE__L1-off.__PIPE__L2-off.__TILE__L0-40.__TILE__L1-1.__TILE__L2-1,target,query,query,finetune_dataset,data_873.pt,4414401.0,exphormer_lite,2,50,paper_exact_seed2,0.5898551940917969,0.61968594789505,0.029830753803253174,0.05000000074505806,-0.009884729981422424,0.059884730726480484,0.019999999552965164,-0.012938275933265686,0.03293827548623085,0.05000000074505806,-0.02236807346343994,0.0723680704832077,0.009999999776482582,8.763372898101807e-05,0.009912366047501564
9ad340ebffd8ac94,jacobi-2d,jacobi-2d,lv2:__PARA__L0-1.__PARA__L1-2.__PARA__L2-11.__PARA__L3-8.__PARA__L4-8.__PIPE__L0-off.__PIPE__L1-NA.__PIPE__L2-NA.__TILE__L0-1.__TILE__L1-1.__TILE__L2-8,target,query,query,finetune_dataset,data_826.pt,4434121.0,exphormer_lite,2,50,paper_exact_seed2,0.5866400003433228,0.5391287207603455,0.047511279582977295,0.05000000074505806,0.10649235546588898,0.05649235472083092,0.019999999552965164,0.04362970590591431,0.023629706352949142,0.05000000074505806,0.1152409017086029,0.06524090468883514,0.009999999776482582,0.0027718394994735718,0.00722816027700901
5a0b2bc64691d41e,jacobi-2d,jacobi-2d,lv2:__PARA__L0-1.__PARA__L1-11.__PARA__L2-2.__PARA__L3-11.__PARA__L4-1.__PIPE__L0-off.__PIPE__L1-NA.__PIPE__L2-flatten.__TILE__L0-1.__TILE__L1-8.__TILE__L2-8,target,query,query,finetune_dataset,data_790.pt,4315441.0,exphormer_lite,2,50,paper_exact_seed2,0.6062100529670715,0.5350361466407776,0.07117390632629395,0.8999999761581421,0.9423964619636536,0.042396485805511475,0.4000000059604645,0.38979727029800415,0.010202735662460327,0.800000011920929,0.8166913390159607,0.01669132709503174,0.03999999910593033,0.034806475043296814,0.005193524062633514
935aa4b826c821b2,jacobi-2d,jacobi-2d,lv2:__PARA__L0-1.__PARA__L1-2.__PARA__L2-11.__PARA__L3-8.__PARA__L4-8.__PIPE__L0-off.__PIPE__L1-off.__PIPE__L2-off.__TILE__L0-40.__TILE__L1-1.__TILE__L2-1,target,query,query,finetune_dataset,data_836.pt,4434121.0,exphormer_lite,2,50,paper_exact_seed2,0.5866400003433228,0.6356986165046692,0.049058616161346436,0.05000000074505806,-0.0008411258459091187,0.05084112659096718,0.019999999552965164,-0.009204477071762085,0.02920447662472725,0.05000000074505806,-0.021126985549926758,0.07112698256969452,0.009999999776482582,0.002698838710784912,0.00730116106569767
944f6867f11d504d,jacobi-2d,jacobi-2d,lv2:__PARA__L0-1.__PARA__L1-1.__PARA__L2-1.__PARA__L3-4.__PARA__L4-2.__PIPE__L0-off.__PIPE__L1-off.__PIPE__L2-off.__TILE__L0-1.__TILE__L1-1.__TILE__L2-1,target,query,query,finetune_dataset,data_704.pt,702484.0,exphormer_lite,2,50,paper_exact_seed2,1.9156954288482666,1.9958326816558838,0.08013725280761719,0.009999999776482582,0.02455461025238037,0.014554610475897789,0.0,-0.006232157349586487,0.006232157349586487,0.0,-0.03232899308204651,0.03232899308204651,0.019999999552965164,0.01979677379131317,0.0002032257616519928
4e773eb3b1e972f0,jacobi-2d,jacobi-2d,lv2:__PARA__L0-1.__PARA__L1-1.__PARA__L2-1.__PARA__L3-8.__PARA__L4-8.__PIPE__L0-off.__PIPE__L1-off.__PIPE__L2-off.__TILE__L0-1.__TILE__L1-88.__TILE__L2-88,target,query,query,finetune_dataset,data_727.pt,238164.0,exphormer_lite,2,50,paper_exact_seed2,2.695950508117676,1.0171093940734863,1.6788411140441895,0.029999999329447746,0.009993031620979309,0.020006967708468437,0.009999999776482582,-0.0253613144159317,0.035361312329769135,0.0,-0.013694912195205688,0.013694912195205688,0.019999999552965164,-0.0022181570529937744,0.02221815660595894
da6efcc3e335e1ca,jacobi-2d,jacobi-2d,lv2:__PARA__L0-1.__PARA__L1-2.__PARA__L2-4.__PARA__L3-8.__PARA__L4-8.__PIPE__L0-off.__PIPE__L1-off.__PIPE__L2-off.__TILE__L0-1.__TILE__L1-1.__TILE__L2-1,target,query,query,finetune_dataset,data_864.pt,4390681.0,exphormer_lite,2,50,paper_exact_seed2,0.5937417149543762,0.6244925856590271,0.03075087070465088,0.05000000074505806,-0.019466400146484375,0.06946639716625214,0.019999999552965164,-0.025359168648719788,0.04535916820168495,0.05000000074505806,-0.025957077741622925,0.07595707476139069,0.0,-0.0043563395738601685,0.0043563395738601685
7c2772b2177fc2a6,jacobi-2d,jacobi-2d,lv2:__PARA__L0-1.__PARA__L1-1.__PARA__L2-1.__PARA__L3-16.__PARA__L4-1.__PIPE__L0-off.__PIPE__L1-off.__PIPE__L2-off.__TILE__L0-1.__TILE__L1-1.__TILE__L2-1,target,query,query,finetune_dataset,data_688.pt,1169604.0,exphormer_lite,2,50,paper_exact_seed2,1.5479539632797241,2.1237905025482178,0.5758365392684937,0.07000000029802322,0.03962729871273041,0.030372701585292816,0.019999999552965164,0.0013197064399719238,0.01868029311299324,0.03999999910593033,-0.006062924861907959,0.04606292396783829,0.029999999329447746,0.03918518126010895,0.009185181930661201
abaaf405e8d7c365,jacobi-2d,jacobi-2d,lv2:__PARA__L0-1.__PARA__L1-1.__PARA__L2-1.__PARA__L3-8.__PARA__L4-8.__PIPE__L0-off.__PIPE__L1-off.__PIPE__L2-off.__TILE__L0-40.__TILE__L1-1.__TILE__L2-1,target,query,query,finetune_dataset,data_728.pt,238164.0,exphormer_lite,2,50,paper_exact_seed2,2.695950508117676,2.2669756412506104,0.42897486686706543,0.029999999329447746,0.04906965792179108,0.01906965859234333,0.009999999776482582,0.02433568239212036,0.01433568261563778,0.0,0.005289435386657715,0.005289435386657715,0.019999999552965164,0.019064754247665405,0.0009352453052997589
3fa48ecb90f45d31,jacobi-2d,jacobi-2d,lv2:__PARA__L0-1.__PARA__L1-1.__PARA__L2-2.__PARA__L3-8.__PARA__L4-1.__PIPE__L0-off.__PIPE__L1-off.__PIPE__L2-flatten.__TILE__L0-1.__TILE__L1-1.__TILE__L2-8,target,query,query,finetune_dataset,data_761.pt,4030841.0,exphormer_lite,2,50,paper_exact_seed2,0.6554235816001892,0.6034180521965027,0.05200552940368652,0.8700000047683716,0.8090001940727234,0.06099981069564819,0.3799999952316284,0.31640625,0.06359374523162842,0.7699999809265137,0.689113974571228,0.08088600635528564,0.0,0.048714201897382736,0.048714201897382736
bcd3eb3c77a3cb42,jacobi-2d,jacobi-2d,lv2:__PARA__L0-1.__PARA__L1-1.__PARA__L2-1.__PARA__L3-8.__PARA__L4-8.__PIPE__L0-off.__PIPE__L1-off.__PIPE__L2-NA.__TILE__L0-1.__TILE__L1-88.__TILE__L2-4,target,query,query,finetune_dataset,data_720.pt,3980681.0,exphormer_lite,2,50,paper_exact_seed2,0.6644564270973206,0.7965812683105469,0.13212484121322632,0.05000000074505806,0.0036743581295013428,0.04632564261555672,0.019999999552965164,0.009129524230957031,0.010870475322008133,0.05000000074505806,0.018664300441741943,0.031335700303316116,0.0,0.0006115734577178955,0.0006115734577178955
82f432bd118264ba,jacobi-2d,jacobi-2d,lv2:__PARA__L0-1.__PARA__L1-1.__PARA__L2-1.__PARA__L3-4.__PARA__L4-16.__PIPE__L0-off.__PIPE__L1-off.__PIPE__L2-NA.__TILE__L0-1.__TILE__L1-1.__TILE__L2-1,target,query,query,finetune_dataset,data_702.pt,655284.0,exphormer_lite,2,50,paper_exact_seed2,1.9658679962158203,2.2219700813293457,0.2561020851135254,0.05000000074505806,0.06635735929012299,0.016357358545064926,0.019999999552965164,0.040624991059303284,0.02062499150633812,0.019999999552965164,0.07254762947559357,0.0525476299226284,0.07000000029802322,0.023360498249530792,0.04663950204849243
10d212e2c1a97c6f,jacobi-2d,jacobi-2d,lv2:__PARA__L0-1.__PARA__L1-2.__PARA__L2-22.__PARA__L3-8.__PARA__L4-8.__PIPE__L0-off.__PIPE__L1-NA.__PIPE__L2-off.__TILE__L0-40.__TILE__L1-1.__TILE__L2-1,target,query,query,finetune_dataset,data_851.pt,4504601.0,exphormer_lite,2,50,paper_exact_seed2,0.5752643942832947,0.6350650787353516,0.059800684452056885,0.05000000074505806,0.05002148449420929,2.148374915122986e-05,0.019999999552965164,0.0130930095911026,0.006906989961862564,0.05000000074505806,0.034519731998443604,0.015480268746614456,0.009999999776482582,0.009964540600776672,3.545917570590973e-05
c60e27770f3ce92d,jacobi-2d,jacobi-2d,lv2:__PARA__L0-1.__PARA__L1-1.__PARA__L2-2.__PARA__L3-2.__PARA__L4-1.__PIPE__L0-off.__PIPE__L1-off.__PIPE__L2-flatten.__TILE__L0-1.__TILE__L1-1.__TILE__L2-8,target,query,query,finetune_dataset,data_749.pt,4146841.0,exphormer_lite,2,50,paper_exact_seed2,0.6349576711654663,0.6007907390594482,0.034166932106018066,0.8700000047683716,0.8079407811164856,0.062059223651885986,0.3799999952316284,0.3073924481868744,0.07260754704475403,0.7699999809265137,0.6862213611602783,0.08377861976623535,0.0,0.04976663738489151,0.04976663738489151
ee25e4e2ed66fc53,jacobi-2d,jacobi-2d,lv2:__PARA__L0-1.__PARA__L1-1.__PARA__L2-1.__PARA__L3-8.__PARA__L4-32.__PIPE__L0-off.__PIPE__L1-off.__PIPE__L2-off.__TILE__L0-1.__TILE__L1-1.__TILE__L2-1,target,query,query,finetune_dataset,data_717.pt,2370124.0,exphormer_lite,2,50,paper_exact_seed2,1.0384827852249146,0.9212327599525452,0.11725002527236938,0.11999999731779099,0.11433666944503784,0.005663327872753143,0.029999999329447746,0.011313781142234802,0.018686218187212944,0.029999999329447746,-0.0027192234992980957,0.03271922469139099,0.05000000074505806,0.07121700793504715,0.02121700718998909
292906e368d78e22,jacobi-2d,jacobi-2d,lv2:__PARA__L0-1.__PARA__L1-2.__PARA__L2-2.__PARA__L3-8.__PARA__L4-8.__PIPE__L0-off.__PIPE__L1-off.__PIPE__L2-off.__TILE__L0-1.__TILE__L1-1.__TILE__L2-1,target,query,query,finetune_dataset,data_844.pt,4382121.0,exphormer_lite,2,50,paper_exact_seed2,0.5951493978500366,0.834499180316925,0.23934978246688843,0.05000000074505806,0.009869620203971863,0.0401303805410862,0.019999999552965164,-0.016896173357963562,0.036896172910928726,0.05000000074505806,-0.00957345962524414,0.0595734603703022,0.0,-3.921240568161011e-05,3.921240568161011e-05
3f5754af4892a908,jacobi-2d,jacobi-2d,lv2:__PARA__L0-1.__PARA__L1-1.__PARA__L2-1.__PARA__L3-1.__PARA__L4-32.__PIPE__L0-off.__PIPE__L1-flatten.__PIPE__L2-NA.__TILE__L0-1.__TILE__L1-1.__TILE__L2-8,target,query,query,finetune_dataset,data_671.pt,5518961.0,exphormer_lite,2,50,paper_exact_seed2,0.4287657141685486,0.61814284324646,0.18937712907791138,0.33000001311302185,0.4879888892173767,0.15798887610435486,0.15000000596046448,0.2155710607767105,0.06557105481624603,0.33000001311302185,0.3910200297832489,0.06102001667022705,0.3700000047683716,0.17759555578231812,0.19240444898605347
dbbf61ec790c5658,jacobi-2d,jacobi-2d,lv2:__PARA__L0-1.__PARA__L1-1.__PARA__L2-11.__PARA__L3-8.__PARA__L4-8.__PIPE__L0-off.__PIPE__L1-off.__PIPE__L2-off.__TILE__L0-40.__TILE__L1-1.__TILE__L2-1,target,query,query,finetune_dataset,data_735.pt,2285444.0,exphormer_lite,2,50,paper_exact_seed2,1.0647268295288086,0.8648635149002075,0.19986331462860107,0.03999999910593033,0.01943017542362213,0.020569823682308197,0.009999999776482582,-0.01641876995563507,0.026418769732117653,0.029999999329447746,-0.01194000244140625,0.041940003633499146,0.019999999552965164,0.014472387731075287,0.005527611821889877
44dccef1d06d09e7,jacobi-2d,jacobi-2d,lv2:__PARA__L0-1.__PARA__L1-1.__PARA__L2-1.__PARA__L3-1.__PARA__L4-1.__PIPE__L0-off.__PIPE__L1-flatten.__PIPE__L2-off.__TILE__L0-1.__TILE__L1-1.__TILE__L2-8,target,query,query,finetune_dataset,data_659.pt,3937881.0,exphormer_lite,2,50,paper_exact_seed2,0.6722542643547058,0.7004005908966064,0.028146326541900635,0.25,0.2556096911430359,0.005609691143035889,0.10999999940395355,0.09951448440551758,0.010485514998435974,0.25999999046325684,0.2778830826282501,0.017883092164993286,0.28999999165534973,0.2325909584760666,0.05740903317928314
f728e9e6039d3dc4,jacobi-2d,jacobi-2d,lv2:__PARA__L0-1.__PARA__L1-1.__PARA__L2-1.__PARA__L3-4.__PARA__L4-16.__PIPE__L0-off.__PIPE__L1-off.__PIPE__L2-off.__TILE__L0-1.__TILE__L1-1.__TILE__L2-1,target,query,query,finetune_dataset,data_703.pt,564244.0,exphormer_lite,2,50,paper_exact_seed2,2.0737686157226562,2.2120344638824463,0.13826584815979004,0.03999999910593033,0.05516749620437622,0.015167497098445892,0.009999999776482582,0.03754037618637085,0.027540376409888268,0.009999999776482582,0.0310860276222229,0.02108602784574032,0.029999999329447746,0.017997585237026215,0.012002414092421532
eb12b029d36072ae,jacobi-2d,jacobi-2d,lv2:__PARA__L0-1.__PARA__L1-1.__PARA__L2-1.__PARA__L3-8.__PARA__L4-2.__PIPE__L0-off.__PIPE__L1-off.__PIPE__L2-off.__TILE__L0-1.__TILE__L1-1.__TILE__L2-1,target,query,query,finetune_dataset,data_714.pt,586364.0,exphormer_lite,2,50,paper_exact_seed2,2.046029806137085,2.1375789642333984,0.09154915809631348,0.019999999552965164,0.029215142130851746,0.009215142577886581,0.009999999776482582,-0.007644221186637878,0.01764422096312046,0.0,-0.03366589546203613,0.03366589546203613,0.019999999552965164,0.02342630922794342,0.0034263096749782562
6c1db49cabf996b6,jacobi-2d,jacobi-2d,lv2:__PARA__L0-1.__PARA__L1-1.__PARA__L2-1.__PARA__L3-8.__PARA__L4-8.__PIPE__L0-off.__PIPE__L1-off.__PIPE__L2-off.__TILE__L0-1.__TILE__L1-1.__TILE__L2-1,target,query,query,finetune_dataset,data_722.pt,238164.0,exphormer_lite,2,50,paper_exact_seed2,2.695950508117676,2.3186192512512207,0.3773312568664551,0.029999999329447746,0.04951895773410797,0.019518958404660225,0.009999999776482582,0.014575496315956116,0.004575496539473534,0.0,0.0025869011878967285,0.0025869011878967285,0.019999999552965164,0.01897180825471878,0.0010281912982463837
91db491a7d7940c7,jacobi-2d,jacobi-2d,lv2:__PARA__L0-1.__PARA__L1-1.__PARA__L2-2.__PARA__L3-32.__PARA__L4-1.__PIPE__L0-off.__PIPE__L1-off.__PIPE__L2-flatten.__TILE__L0-1.__TILE__L1-1.__TILE__L2-8,target,query,query,finetune_dataset,data_755.pt,5748921.0,exphormer_lite,2,50,paper_exact_seed2,0.3993184566497803,0.5932538509368896,0.19393539428710938,0.8799999952316284,0.8123062252998352,0.06769376993179321,0.4000000059604645,0.31559309363365173,0.08440691232681274,0.7699999809265137,0.6895495653152466,0.08045041561126709,0.12999999523162842,0.05582551658153534,0.07417447865009308
50dfb163d619aeb1,jacobi-2d,jacobi-2d,lv2:__PARA__L0-1.__PARA__L1-1.__PARA__L2-1.__PARA__L3-1.__PARA__L4-32.__PIPE__L0-off.__PIPE__L1-off.__PIPE__L2-off.__TILE__L0-1.__TILE__L1-1.__TILE__L2-1,target,query,query,finetune_dataset,data_673.pt,3161924.0,exphormer_lite,2,50,paper_exact_seed2,0.8305627107620239,0.8838468790054321,0.0532841682434082,0.1599999964237213,0.10077928006649017,0.05922071635723114,0.05000000074505806,0.017126277089118958,0.0328737236559391,0.09000000357627869,0.011980623006820679,0.07801938056945801,0.05000000074505806,0.08018285781145096,0.0301828570663929
cbafe5a4e8823ead,jacobi-2d,jacobi-2d,lv2:__PARA__L0-1.__PARA__L1-4.__PARA__L2-2.__PARA__L3-8.__PARA__L4-8.__PIPE__L0-off.__PIPE__L1-NA.__PIPE__L2-NA.__TILE__L0-1.__TILE__L1-1.__TILE__L2-1,target,query,query,finetune_dataset,data_895.pt,4390681.0,exphormer_lite,2,50,paper_exact_seed2,0.5937417149543762,0.6367114782333374,0.04296976327896118,0.05000000074505806,0.16859671473503113,0.11859671771526337,0.019999999552965164,0.008554890751838684,0.01144510880112648,0.05000000074505806,0.08230137825012207,0.03230137750506401,0.0,-0.02221032977104187,0.02221032977104187
51c770f1917009bf,jacobi-2d,jacobi-2d,lv2:__PARA__L0-1.__PARA__L1-2.__PARA__L2-4.__PARA__L3-8.__PARA__L4-8.__PIPE__L0-off.__PIPE__L1-off.__PIPE__L2-NA.__TILE__L0-1.__TILE__L1-1.__TILE__L2-1,target,query,query,finetune_dataset,data_862.pt,4390681.0,exphormer_lite,2,50,paper_exact_seed2,0.5937417149543762,0.5515708327293396,0.04217088222503662,0.05000000074505806,0.08640587329864502,0.03640587255358696,0.019999999552965164,0.0038471072912216187,0.016152892261743546,0.05000000074505806,0.05913066864013672,0.009130667895078659,0.0,-0.00039987266063690186,0.00039987266063690186
7461e21be625ee2b,jacobi-2d,jacobi-2d,lv2:__PARA__L0-1.__PARA__L1-1.__PARA__L2-1.__PARA__L3-1.__PARA__L4-4.__PIPE__L0-off.__PIPE__L1-flatten.__PIPE__L2-NA.__TILE__L0-1.__TILE__L1-1.__TILE__L2-8,target,query,query,finetune_dataset,data_674.pt,3938401.0,exphormer_lite,2,50,paper_exact_seed2,0.6721590161323547,0.6581645607948303,0.013994455337524414,0.25,0.28932034969329834,0.03932034969329834,0.10999999940395355,0.1472715437412262,0.037271544337272644,0.27000001072883606,0.27351975440979004,0.0035197436809539795,0.25,0.1538204699754715,0.0961795300245285
47ef55f70d990b84,jacobi-2d,jacobi-2d,lv2:__PARA__L0-1.__PARA__L1-1.__PARA__L2-1.__PARA__L3-8.__PARA__L4-8.__PIPE__L0-off.__PIPE__L1-off.__PIPE__L2-off.__TILE__L0-1.__TILE__L1-88.__TILE__L2-1,target,query,query,finetune_dataset,data_723.pt,238164.0,exphormer_lite,2,50,paper_exact_seed2,2.695950508117676,1.207373023033142,1.4885774850845337,0.029999999329447746,0.04466046392917633,0.014660464599728584,0.009999999776482582,0.002634778618812561,0.007365221157670021,0.0,-0.009319007396697998,0.009319007396697998,0.019999999552965164,0.015307925641536713,0.0046920739114284515
7358a0642d396c29,jacobi-2d,jacobi-2d,lv2:__PARA__L0-1.__PARA__L1-1.__PARA__L2-1.__PARA__L3-2.__PARA__L4-16.__PIPE__L0-off.__PIPE__L1-off.__PIPE__L2-off.__TILE__L0-1.__TILE__L1-1.__TILE__L2-1,target,query,query,finetune_dataset,data_692.pt,785964.0,exphormer_lite,2,50,paper_exact_seed2,1.8346965312957764,2.040031909942627,0.20533537864685059,0.03999999910593033,0.05638524889945984,0.01638524979352951,0.009999999776482582,0.041981473565101624,0.03198147565126419,0.009999999776482582,0.03536155819892883,0.02536155842244625,0.029999999329447746,0.017623335123062134,0.012376664206385612
bbbfb2590c70a1f0,jacobi-2d,jacobi-2d,lv2:__PARA__L0-1.__PARA__L1-1.__PARA__L2-1.__PARA__L3-2.__PARA__L4-4.__PIPE__L0-off.__PIPE__L1-off.__PIPE__L2-off.__TILE__L0-1.__TILE__L1-1.__TILE__L2-1,target,query,query,finetune_dataset,data_697.pt,702484.0,exphormer_lite,2,50,paper_exact_seed2,1.9156954288482666,1.945183515548706,0.029488086700439453,0.009999999776482582,0.03625032305717468,0.0262503232806921,0.0,0.005798250436782837,0.005798250436782837,0.0,-0.008332520723342896,0.008332520723342896,0.019999999552965164,0.015468575060367584,0.00453142449259758
2940580a380ffafd,jacobi-2d,jacobi-2d,lv2:__PARA__L0-1.__PARA__L1-22.__PARA__L2-2.__PARA__L3-22.__PARA__L4-1.__PIPE__L0-off.__PIPE__L1-NA.__PIPE__L2-flatten.__TILE__L0-1.__TILE__L1-4.__TILE__L2-8,target,query,query,finetune_dataset,data_882.pt,4390081.0,exphormer_lite,2,50,paper_exact_seed2,0.5938402414321899,0.5388748645782471,0.05496537685394287,0.9300000071525574,0.9287654757499695,0.0012345314025878906,0.41999998688697815,0.37844645977020264,0.04155352711677551,0.8299999833106995,0.8116355538368225,0.018364429473876953,0.07999999821186066,0.0377926379442215,0.04220736026763916
e05069fa34c4ab8a,jacobi-2d,jacobi-2d,lv2:__PARA__L0-1.__PARA__L1-1.__PARA__L2-1.__PARA__L3-8.__PARA__L4-22.__PIPE__L0-off.__PIPE__L1-off.__PIPE__L2-off.__TILE__L0-1.__TILE__L1-1.__TILE__L2-1,target,query,query,finetune_dataset,data_715.pt,164284.0,exphormer_lite,2,50,paper_exact_seed2,2.963832139968872,2.306398868560791,0.657433271408081,0.07000000029802322,0.06039208173751831,0.009607918560504913,0.019999999552965164,0.031821757555007935,0.01182175800204277,0.019999999552965164,0.009259283542633057,0.010740716010332108,0.05000000074505806,0.03138743340969086,0.018612567335367203
68b312dcdb9d70a2,jacobi-2d,jacobi-2d,lv2:__PARA__L0-1.__PARA__L1-1.__PARA__L2-1.__PARA__L3-1.__PARA__L4-8.__PIPE__L0-off.__PIPE__L1-flatten.__PIPE__L2-NA.__TILE__L0-1.__TILE__L1-1.__TILE__L2-8,target,query,query,finetune_dataset,data_678.pt,3938401.0,exphormer_lite,2,50,paper_exact_seed2,0.6721590161323547,0.6561871767044067,0.015971839427947998,0.27000001072883606,0.2969362437725067,0.026936233043670654,0.10999999940395355,0.14853253960609436,0.03853254020214081,0.2800000011920929,0.274783730506897,0.005216270685195923,0.25,0.1523079127073288,0.0976920872926712
636bf2d9ed70951a,jacobi-2d,jacobi-2d,lv2:__PARA__L0-1.__PARA__L1-4.__PARA__L2-88.__PARA__L3-8.__PARA__L4-8.__PIPE__L0-off.__PIPE__L1-NA.__PIPE__L2-off.__TILE__L0-1.__TILE__L1-1.__TILE__L2-1,target,query,query,finetune_dataset,data_908.pt,4370161.0,exphormer_lite,2,50,paper_exact_seed2,0.5971208214759827,0.5678152441978455,0.029305577278137207,2.0,2.1044363975524902,0.10443639755249023,0.9300000071525574,0.9064192771911621,0.023580729961395264,2.0799999237060547,2.170271158218384,0.0902712345123291,0.0,-0.011466585099697113,0.011466585099697113
aa2dbe6374806a88,jacobi-2d,jacobi-2d,lv2:__PARA__L0-1.__PARA__L1-1.__PARA__L2-1.__PARA__L3-4.__PARA__L4-1.__PIPE__L0-off.__PIPE__L1-off.__PIPE__L2-off.__TILE__L0-1.__TILE__L1-1.__TILE__L2-1,target,query,query,finetune_dataset,data_700.pt,1012244.0,exphormer_lite,2,50,paper_exact_seed2,1.6521855592727661,1.9184355735778809,0.26625001430511475,0.019999999552965164,0.025563329458236694,0.00556332990527153,0.009999999776482582,0.0006488561630249023,0.00935114361345768,0.009999999776482582,-0.001440882682800293,0.011440882459282875,0.019999999552965164,0.02888963371515274,0.008889634162187576
70b23e1418b25f9a,jacobi-2d,jacobi-2d,lv2:__PARA__L0-1.__PARA__L1-1.__PARA__L2-8.__PARA__L3-8.__PARA__L4-8.__PIPE__L0-off.__PIPE__L1-off.__PIPE__L2-off.__TILE__L0-40.__TILE__L1-1.__TILE__L2-1,target,query,query,finetune_dataset,data_784.pt,2266604.0,exphormer_lite,2,50,paper_exact_seed2,1.0706979036331177,0.8320194482803345,0.2386784553527832,0.03999999910593033,0.008956551551818848,0.03104344755411148,0.009999999776482582,-0.017416253685951233,0.027416253462433815,0.029999999329447746,-0.013828516006469727,0.04382851719856262,0.019999999552965164,0.010433293879032135,0.00956670567393303
80192a32a4ed746c,jacobi-2d,jacobi-2d,lv2:__PARA__L0-1.__PARA__L1-1.__PARA__L2-1.__PARA__L3-32.__PARA__L4-1.__PIPE__L0-off.__PIPE__L1-off.__PIPE__L2-off.__TILE__L0-1.__TILE__L1-1.__TILE__L2-1,target,query,query,finetune_dataset,data_699.pt,3161924.0,exphormer_lite,2,50,paper_exact_seed2,0.8305627107620239,1.7508807182312012,0.9203180074691772,0.1599999964237213,0.07152242958545685,0.08847756683826447,0.05000000074505806,0.008766457438468933,0.04123354330658913,0.09000000357627869,0.0029894113540649414,0.08701059222221375,0.05000000074505806,0.05326748639345169,0.003267485648393631
725cf4d13035c879,jacobi-2d,jacobi-2d,lv2:__PARA__L0-1.__PARA__L1-1.__PARA__L2-2.__PARA__L3-88.__PARA__L4-1.__PIPE__L0-off.__PIPE__L1-off.__PIPE__L2-flatten.__TILE__L0-1.__TILE__L1-1.__TILE__L2-8,target,query,query,finetune_dataset,data_768.pt,3995401.0,exphormer_lite,2,50,paper_exact_seed2,0.6617938876152039,0.5701292753219604,0.09166461229324341,0.8999999761581421,0.8173975348472595,0.08260244131088257,0.4000000059604645,0.31597697734832764,0.08402302861213684,0.7699999809265137,0.683334231376648,0.08666574954986572,0.25,0.0687045231461525,0.1812954843044281
ac5cf5acda484bde,jacobi-2d,jacobi-2d,lv2:__PARA__L0-1.__PARA__L1-11.__PARA__L2-2.__PARA__L3-32.__PARA__L4-1.__PIPE__L0-off.__PIPE__L1-NA.__PIPE__L2-flatten.__TILE__L0-1.__TILE__L1-8.__TILE__L2-8,target,query,query,finetune_dataset,data_798.pt,5897321.0,exphormer_lite,2,50,paper_exact_seed2,0.3809341788291931,0.5239450931549072,0.1430109143257141,0.949999988079071,0.9769037365913391,0.026903748512268066,0.41999998688697815,0.3762427568435669,0.043757230043411255,0.8600000143051147,0.821645975112915,0.03835403919219971,0.10000000149011612,0.03969825804233551,0.06030174344778061
08b823e9400351eb,jacobi-2d,jacobi-2d,lv2:__PARA__L0-1.__PARA__L1-22.__PARA__L2-2.__PARA__L3-8.__PARA__L4-1.__PIPE__L0-off.__PIPE__L1-NA.__PIPE__L2-flatten.__TILE__L0-1.__TILE__L1-4.__TILE__L2-8,target,query,query,finetune_dataset,data_885.pt,4385921.0,exphormer_lite,2,50,paper_exact_seed2,0.5945241451263428,0.5464941263198853,0.04803001880645752,0.8799999952316284,0.9249568581581116,0.044956862926483154,0.38999998569488525,0.37330710887908936,0.0166928768157959,0.7900000214576721,0.7894414067268372,0.0005586147308349609,0.009999999776482582,0.036201417446136475,0.026201417669653893
951f39a82264c2b7,jacobi-2d,jacobi-2d,lv2:__PARA__L0-1.__PARA__L1-2.__PARA__L2-4.__PARA__L3-8.__PARA__L4-8.__PIPE__L0-off.__PIPE__L1-NA.__PIPE__L2-NA.__TILE__L0-40.__TILE__L1-1.__TILE__L2-1,target,query,query,finetune_dataset,data_859.pt,4390681.0,exphormer_lite,2,50,paper_exact_seed2,0.5937417149543762,0.6173274517059326,0.023585736751556396,0.05000000074505806,0.06194166839122772,0.011941667646169662,0.019999999552965164,0.0025786757469177246,0.01742132380604744,0.05000000074505806,0.04508453607559204,0.004915464669466019,0.0,-0.003545612096786499,0.003545612096786499
7a4fecb14c6c0c25,jacobi-2d,jacobi-2d,lv2:__PARA__L0-1.__PARA__L1-1.__PARA__L2-2.__PARA__L3-1.__PARA__L4-1.__PIPE__L0-off.__PIPE__L1-off.__PIPE__L2-flatten.__TILE__L0-1.__TILE__L1-8.__TILE__L2-8,target,query,query,finetune_dataset,data_740.pt,4086961.0,exphormer_lite,2,50,paper_exact_seed2,0.6454498171806335,0.547868549823761,0.09758126735687256,0.6499999761581421,0.9632282853126526,0.3132283091545105,0.30000001192092896,0.36979812383651733,0.06979811191558838,0.6200000047683716,0.8349603414535522,0.21496033668518066,0.03999999910593033,0.08474817872047424,0.044748179614543915
143101b6acaf1644,jacobi-2d,jacobi-2d,lv2:__PARA__L0-1.__PARA__L1-2.__PARA__L2-11.__PARA__L3-8.__PARA__L4-8.__PIPE__L0-off.__PIPE__L1-off.__PIPE__L2-NA.__TILE__L0-1.__TILE__L1-1.__TILE__L2-8,target,query,query,finetune_dataset,data_832.pt,4434121.0,exphormer_lite,2,50,paper_exact_seed2,0.5866400003433228,0.5789286494255066,0.007711350917816162,0.05000000074505806,0.04863850772380829,0.0013614930212497711,0.019999999552965164,0.0183553546667099,0.0016446448862552643,0.05000000074505806,0.03396087884902954,0.01603912189602852,0.009999999776482582,-0.0038956105709075928,0.013895610347390175
4e1de51300b2f8c9,jacobi-2d,jacobi-2d,lv2:__PARA__L0-1.__PARA__L1-1.__PARA__L2-11.__PARA__L3-8.__PARA__L4-8.__PIPE__L0-off.__PIPE__L1-off.__PIPE__L2-NA.__TILE__L0-1.__TILE__L1-88.__TILE__L2-1,target,query,query,finetune_dataset,data_730.pt,2285444.0,exphormer_lite,2,50,paper_exact_seed2,1.0647268295288086,0.8788504004478455,0.18587642908096313,0.03999999910593033,0.019384220242500305,0.020615778863430023,0.009999999776482582,-0.004463687539100647,0.014463687315583229,0.029999999329447746,0.024082154035568237,0.005917845293879509,0.019999999552965164,0.006520546972751617,0.013479452580213547
ddd8e3ebba80a73e,jacobi-2d,jacobi-2d,lv2:__PARA__L0-1.__PARA__L1-1.__PARA__L2-1.__PARA__L3-2.__PARA__L4-1.__PIPE__L0-off.__PIPE__L1-off.__PIPE__L2-off.__TILE__L0-1.__TILE__L1-1.__TILE__L2-1,target,query,query,finetune_dataset,data_689.pt,1089684.0,exphormer_lite,2,50,paper_exact_seed2,1.5990091562271118,1.8764997720718384,0.27749061584472656,0.009999999776482582,0.024213820695877075,0.014213820919394493,0.0,0.0036578625440597534,0.0036578625440597534,0.0,-0.0006698369979858398,0.0006698369979858398,0.019999999552965164,0.02856801450252533,0.008568014949560165
45897464edb110d6,jacobi-2d,jacobi-2d,lv2:__PARA__L0-1.__PARA__L1-1.__PARA__L2-22.__PARA__L3-8.__PARA__L4-8.__PIPE__L0-off.__PIPE__L1-off.__PIPE__L2-off.__TILE__L0-40.__TILE__L1-1.__TILE__L2-1,target,query,query,finetune_dataset,data_775.pt,2355924.0,exphormer_lite,2,50,paper_exact_seed2,1.0428175926208496,0.8588037490844727,0.18401384353637695,0.03999999910593033,0.024387404322624207,0.015612594783306122,0.009999999776482582,-0.010298952460289001,0.020298952236771584,0.029999999329447746,-0.008860766887664795,0.03886076807975769,0.019999999552965164,0.01695062220096588,0.003049377351999283
bc50b6c7e737f423,jacobi-2d,jacobi-2d,lv2:__PARA__L0-1.__PARA__L1-11.__PARA__L2-2.__PARA__L3-2.__PARA__L4-1.__PIPE__L0-off.__PIPE__L1-off.__PIPE__L2-flatten.__TILE__L0-1.__TILE__L1-8.__TILE__L2-8,target,query,query,finetune_dataset,data_795.pt,4315681.0,exphormer_lite,2,50,paper_exact_seed2,0.6061699390411377,0.5361385941505432,0.07003134489059448,0.8700000047683716,0.9161551594734192,0.04615515470504761,0.3799999952316284,0.38597893714904785,0.005978941917419434,0.7799999713897705,0.8176840543746948,0.037684082984924316,0.0,0.04397168010473251,0.04397168010473251
3258eff57f70b64a,jacobi-2d,jacobi-2d,lv2:__PARA__L0-1.__PARA__L1-4.__PARA__L2-8.__PARA__L3-8.__PARA__L4-8.__PIPE__L0-off.__PIPE__L1-NA.__PIPE__L2-NA.__TILE__L0-1.__TILE__L1-1.__TILE__L2-1,target,query,query,finetune_dataset,data_904.pt,4422961.0,exphormer_lite,2,50,paper_exact_seed2,0.5884577631950378,0.5080536603927612,0.08040410280227661,0.05000000074505806,0.22273457050323486,0.1727345734834671,0.019999999552965164,0.02593664824962616,0.0059366486966609955,0.05000000074505806,0.18749800324440002,0.13749800622463226,0.009999999776482582,-0.0037147700786590576,0.01371476985514164
de5d80202c10824d,jacobi-2d,jacobi-2d,lv2:__PARA__L0-1.__PARA__L1-2.__PARA__L2-1.__PARA__L3-8.__PARA__L4-8.__PIPE__L0-off.__PIPE__L1-off.__PIPE__L2-off.__TILE__L0-1.__TILE__L1-1.__TILE__L2-1,target,query,query,finetune_dataset,data_818.pt,2234324.0,exphormer_lite,2,50,paper_exact_seed2,1.0810447931289673,2.036224603652954,0.9551798105239868,0.03999999910593033,0.038096874952316284,0.0019031241536140442,0.019999999552965164,0.0013885051012039185,0.018611494451761246,0.029999999329447746,-0.0008906722068786621,0.03089067153632641,0.009999999776482582,0.007386617362499237,0.002613382413983345
477c4e2e38b59d20,jacobi-2d,jacobi-2d,lv2:__PARA__L0-1.__PARA__L1-2.__PARA__L2-8.__PARA__L3-8.__PARA__L4-8.__PIPE__L0-off.__PIPE__L1-off.__PIPE__L2-NA.__TILE__L0-1.__TILE__L1-1.__TILE__L2-1,target,query,query,finetune_dataset,data_870.pt,4414401.0,exphormer_lite,2,50,paper_exact_seed2,0.5898551940917969,0.5357868075370789,0.05406838655471802,0.05000000074505806,0.023179352283477783,0.026820648461580276,0.019999999552965164,0.00709398090839386,0.012906018644571304,0.05000000074505806,0.017868459224700928,0.03213154152035713,0.009999999776482582,0.00014366954565048218,0.0098563302308321
75c9416af2e62f0b,jacobi-2d,jacobi-2d,lv2:__PARA__L0-1.__PARA__L1-4.__PARA__L2-1.__PARA__L3-1.__PARA__L4-4.__PIPE__L0-off.__PIPE__L1-flatten.__PIPE__L2-NA.__TILE__L0-1.__TILE__L1-1.__TILE__L2-8,target,query,query,finetune_dataset,data_886.pt,3935761.0,exphormer_lite,2,50,paper_exact_seed2,0.6726427674293518,0.6396484971046448,0.03299427032470703,1.100000023841858,1.3194634914398193,0.21946346759796143,0.5,0.528058648109436,0.028058648109436035,1.0399999618530273,0.9828176498413086,0.05718231201171875,0.0,-0.056520670652389526,0.056520670652389526
d3b2cff71cb6b3f4,jacobi-2d,jacobi-2d,lv2:__PARA__L0-1.__PARA__L1-2.__PARA__L2-22.__PARA__L3-8.__PARA__L4-8.__PIPE__L0-off.__PIPE__L1-NA.__PIPE__L2-NA.__TILE__L0-40.__TILE__L1-1.__TILE__L2-1,target,query,query,finetune_dataset,data_848.pt,4504601.0,exphormer_lite,2,50,paper_exact_seed2,0.5752643942832947,0.7508771419525146,0.17561274766921997,0.05000000074505806,0.05374628305435181,0.003746282309293747,0.019999999552965164,0.035421594977378845,0.015421595424413681,0.05000000074505806,0.05924379825592041,0.00924379751086235,0.009999999776482582,0.007399708032608032,0.00260029174387455
e283536839fed99c,jacobi-2d,jacobi-2d,lv2:__PARA__L0-1.__PARA__L1-4.__PARA__L2-8.__PARA__L3-8.__PARA__L4-8.__PIPE__L0-off.__PIPE__L1-NA.__PIPE__L2-off.__TILE__L0-1.__TILE__L1-1.__TILE__L2-1,target,query,query,finetune_dataset,data_906.pt,4422961.0,exphormer_lite,2,50,paper_exact_seed2,0.5884577631950378,0.5078923106193542,0.0805654525756836,0.05000000074505806,0.1850743591785431,0.13507436215877533,0.019999999552965164,0.027885913848876953,0.007885914295911789,0.05000000074505806,0.18032997846603394,0.13032998144626617,0.009999999776482582,-0.0003125220537185669,0.010312521830201149
03c941ad860eca80,jacobi-2d,jacobi-2d,lv2:__PARA__L0-1.__PARA__L1-1.__PARA__L2-1.__PARA__L3-4.__PARA__L4-8.__PIPE__L0-off.__PIPE__L1-off.__PIPE__L2-off.__TILE__L0-1.__TILE__L1-1.__TILE__L2-1,target,query,query,finetune_dataset,data_709.pt,354204.0,exphormer_lite,2,50,paper_exact_seed2,2.409637928009033,2.1430516242980957,0.2665863037109375,0.019999999552965164,0.04611369967460632,0.02611370012164116,0.009999999776482582,0.017353996634483337,0.007353996858000755,0.0,0.006969451904296875,0.006969451904296875,0.019999999552965164,0.014980524778366089,0.005019474774599075
c3442a8001fa4417,jacobi-2d,jacobi-2d,lv2:__PARA__L0-1.__PARA__L1-2.__PARA__L2-22.__PARA__L3-8.__PARA__L4-8.__PIPE__L0-off.__PIPE__L1-off.__PIPE__L2-off.__TILE__L0-40.__TILE__L1-1.__TILE__L2-1,target,query,query,finetune_dataset,data_857.pt,4504601.0,exphormer_lite,2,50,paper_exact_seed2,0.5752643942832947,0.6358323097229004,0.06056791543960571,0.05000000074505806,0.004005447030067444,0.045994553714990616,0.019999999552965164,-0.0030688494443893433,0.023068848997354507,0.05000000074505806,-0.018699288368225098,0.06869928538799286,0.009999999776482582,0.004869922995567322,0.00513007678091526
c45c956a22ace27c,jacobi-2d,jacobi-2d,lv2:__PARA__L0-1.__PARA__L1-1.__PARA__L2-2.__PARA__L3-22.__PARA__L4-1.__PIPE__L0-off.__PIPE__L1-off.__PIPE__L2-flatten.__TILE__L0-1.__TILE__L1-1.__TILE__L2-8,target,query,query,finetune_dataset,data_752.pt,4006001.0,exphormer_lite,2,50,paper_exact_seed2,0.659882664680481,0.5989301800727844,0.06095248460769653,0.8899999856948853,0.8248830437660217,0.06511694192886353,0.4000000059604645,0.32126978039741516,0.07873022556304932,0.7699999809265137,0.7007984519004822,0.0692015290260315,0.07000000029802322,0.05145539343357086,0.018544606864452362
df1b09724bac7aa0,jacobi-2d,jacobi-2d,lv2:__PARA__L0-1.__PARA__L1-2.__PARA__L2-1.__PARA__L3-8.__PARA__L4-8.__PIPE__L0-off.__PIPE__L1-NA.__PIPE__L2-off.__TILE__L0-40.__TILE__L1-1.__TILE__L2-1,target,query,query,finetune_dataset,data_814.pt,2234324.0,exphormer_lite,2,50,paper_exact_seed2,1.0810447931289673,0.9196454286575317,0.16139936447143555,0.03999999910593033,0.05501243472099304,0.015012435615062714,0.019999999552965164,0.01317305862903595,0.0068269409239292145,0.029999999329447746,0.008962690830230713,0.021037308499217033,0.009999999776482582,0.012157775461673737,0.0021577756851911545
78d8962b6846ccf5,jacobi-2d,jacobi-2d,lv2:__PARA__L0-1.__PARA__L1-2.__PARA__L2-11.__PARA__L3-8.__PARA__L4-8.__PIPE__L0-off.__PIPE__L1-NA.__PIPE__L2-NA.__TILE__L0-40.__TILE__L1-1.__TILE__L2-1,target,query,query,finetune_dataset,data_827.pt,4434121.0,exphormer_lite,2,50,paper_exact_seed2,0.5866400003433228,0.6845815181732178,0.09794151782989502,0.05000000074505806,0.04888911545276642,0.0011108852922916412,0.019999999552965164,0.018493250012397766,0.001506749540567398,0.05000000074505806,0.04347789287567139,0.006522107869386673,0.009999999776482582,0.0037277638912200928,0.006272235885262489
4fbac33f3dde480f,jacobi-2d,jacobi-2d,lv2:__PARA__L0-1.__PARA__L1-1.__PARA__L2-1.__PARA__L3-1.__PARA__L4-16.__PIPE__L0-off.__PIPE__L1-off.__PIPE__L2-off.__TILE__L0-1.__TILE__L1-1.__TILE__L2-1,target,query,query,finetune_dataset,data_667.pt,1169604.0,exphormer_lite,2,50,paper_exact_seed2,1.5479539632797241,1.954925775527954,0.40697181224823,0.07000000029802322,0.053928449749946594,0.01607155054807663,0.019999999552965164,0.044110313057899475,0.02411031350493431,0.03999999910593033,0.03691333532333374,0.003086663782596588,0.029999999329447746,0.020197905600070953,0.009802093729376793
76c2b8937705e036,jacobi-2d,jacobi-2d,lv2:__PARA__L0-1.__PARA__L1-4.__PARA__L2-1.__PARA__L3-8.__PARA__L4-8.__PIPE__L0-off.__PIPE__L1-NA.__PIPE__L2-off.__TILE__L0-1.__TILE__L1-1.__TILE__L2-1,target,query,query,finetune_dataset,data_888.pt,2242884.0,exphormer_lite,2,50,paper_exact_seed2,1.0782865285873413,0.8410385251045227,0.2372480034828186,0.03999999910593033,0.09516853094100952,0.05516853183507919,0.019999999552965164,0.03581027686595917,0.015810277312994003,0.029999999329447746,0.03835001587867737,0.008350016549229622,0.009999999776482582,0.004615753889083862,0.00538424588739872
e6344a3116b3c498,jacobi-2d,jacobi-2d,lv2:__PARA__L0-1.__PARA__L1-11.__PARA__L2-2.__PARA__L3-8.__PARA__L4-1.__PIPE__L0-off.__PIPE__L1-NA.__PIPE__L2-flatten.__TILE__L0-1.__TILE__L1-8.__TILE__L2-8,target,query,query,finetune_dataset,data_802.pt,4315441.0,exphormer_lite,2,50,paper_exact_seed2,0.6062100529670715,0.5351742506027222,0.07103580236434937,0.8799999952316284,0.9412181973457336,0.061218202114105225,0.38999998569488525,0.3867669701576233,0.003233015537261963,0.7900000214576721,0.8127971887588501,0.02279716730117798,0.009999999776482582,0.033766187727451324,0.023766187950968742
ef0195bb1522a6e1,jacobi-2d,jacobi-2d,lv2:__PARA__L0-1.__PARA__L1-1.__PARA__L2-1.__PARA__L3-2.__PARA__L4-16.__PIPE__L0-off.__PIPE__L1-off.__PIPE__L2-NA.__TILE__L0-1.__TILE__L1-1.__TILE__L2-1,target,query,query,finetune_dataset,data_691.pt,732724.0,exphormer_lite,2,50,paper_exact_seed2,1.8852931261062622,2.2127034664154053,0.32741034030914307,0.05000000074505806,0.07369257509708405,0.023692574352025986,0.019999999552965164,0.044793739914894104,0.02479374036192894,0.009999999776482582,0.08056376874446869,0.07056377083063126,0.07000000029802322,0.024988457560539246,0.04501154273748398
167d65bad6feeeff,jacobi-2d,jacobi-2d,lv2:__PARA__L0-1.__PARA__L1-1.__PARA__L2-1.__PARA__L3-8.__PARA__L4-16.__PIPE__L0-off.__PIPE__L1-off.__PIPE__L2-off.__TILE__L0-1.__TILE__L1-1.__TILE__L2-1,target,query,query,finetune_dataset,data_713.pt,448204.0,exphormer_lite,2,50,paper_exact_seed2,2.2398502826690674,2.344132661819458,0.10428237915039062,0.05000000074505806,0.05803178250789642,0.008031781762838364,0.009999999776482582,0.031730592250823975,0.021730592474341393,0.009999999776482582,0.024419665336608887,0.014419665560126305,0.029999999329447746,0.021496310830116272,0.008503688499331474
ce3f95c322d7a06b,jacobi-2d,jacobi-2d,lv2:__PARA__L0-1.__PARA__L1-1.__PARA__L2-11.__PARA__L3-8.__PARA__L4-8.__PIPE__L0-off.__PIPE__L1-off.__PIPE__L2-NA.__TILE__L0-1.__TILE__L1-88.__TILE__L2-8,target,query,query,finetune_dataset,data_731.pt,2285444.0,exphormer_lite,2,50,paper_exact_seed2,1.0647268295288086,0.8172146677970886,0.24751216173171997,0.03999999910593033,0.03590209782123566,0.004097901284694672,0.009999999776482582,-0.013435348868370056,0.023435348644852638,0.029999999329447746,0.011008918285369873,0.018991081044077873,0.019999999552965164,0.004738405346870422,0.015261594206094742
005086396bfb0fbc,jacobi-2d,jacobi-2d,lv2:__PARA__L0-1.__PARA__L1-1.__PARA__L2-1.__PARA__L3-8.__PARA__L4-32.__PIPE__L0-off.__PIPE__L1-off.__PIPE__L2-NA.__TILE__L0-1.__TILE__L1-1.__TILE__L2-1,target,query,query,finetune_dataset,data_716.pt,2350244.0,exphormer_lite,2,50,paper_exact_seed2,1.0445587635040283,0.8918274641036987,0.1527312994003296,0.1899999976158142,0.13453996181488037,0.05546003580093384,0.029999999329447746,0.02177731692790985,0.008222682401537895,0.029999999329447746,0.026134729385375977,0.0038652699440717697,0.10000000149011612,0.06646754592657089,0.03353245556354523
ef94c8dd19f71d10,jacobi-2d,jacobi-2d,lv2:__PARA__L0-1.__PARA__L1-4.__PARA__L2-11.__PARA__L3-8.__PARA__L4-8.__PIPE__L0-off.__PIPE__L1-NA.__PIPE__L2-off.__TILE__L0-1.__TILE__L1-1.__TILE__L2-1,target,query,query,finetune_dataset,data_893.pt,4442681.0,exphormer_lite,2,50,paper_exact_seed2,0.5852487683296204,0.5037422776222229,0.08150649070739746,0.05000000074505806,0.2195887565612793,0.16958875954151154,0.019999999552965164,0.04667264223098755,0.026672642678022385,0.05000000074505806,0.2260148972272873,0.17601490020751953,0.009999999776482582,0.002480417490005493,0.007519582286477089
0b27ce5d3d4a3882,jacobi-2d,jacobi-2d,lv2:__PARA__L0-1.__PARA__L1-1.__PARA__L2-1.__PARA__L3-11.__PARA__L4-16.__PIPE__L0-off.__PIPE__L1-off.__PIPE__L2-off.__TILE__L0-1.__TILE__L1-1.__TILE__L2-1,target,query,query,finetune_dataset,data_683.pt,416404.0,exphormer_lite,2,50,paper_exact_seed2,2.292936086654663,2.396435022354126,0.10349893569946289,0.05999999865889549,0.0608493834733963,0.0008493848145008087,0.009999999776482582,0.030177250504493713,0.02017725072801113,0.009999999776482582,0.018544912338256836,0.008544912561774254,0.03999999910593033,0.024204611778259277,0.01579538732767105
21399e160a46d421,jacobi-2d,jacobi-2d,lv2:__PARA__L0-1.__PARA__L1-1.__PARA__L2-2.__PARA__L3-11.__PARA__L4-1.__PIPE__L0-off.__PIPE__L1-off.__PIPE__L2-flatten.__TILE__L0-1.__TILE__L1-8.__TILE__L2-8,target,query,query,finetune_dataset,data_744.pt,4088281.0,exphormer_lite,2,50,paper_exact_seed2,0.6452168822288513,0.5425763130187988,0.10264056921005249,0.8999999761581421,0.9756656289100647,0.07566565275192261,0.4000000059604645,0.38388699293136597,0.01611301302909851,0.800000011920929,0.8482563495635986,0.04825633764266968,0.03999999910593033,0.08233973383903503,0.042339734733104706
c9ac54eac1913a6b,jacobi-2d,jacobi-2d,lv2:__PARA__L0-1.__PARA__L1-2.__PARA__L2-1.__PARA__L3-8.__PARA__L4-8.__PIPE__L0-off.__PIPE__L1-off.__PIPE__L2-off.__TILE__L0-1.__TILE__L1-1.__TILE__L2-8,target,query,query,finetune_dataset,data_821.pt,4206441.0,exphormer_lite,2,50,paper_exact_seed2,0.6246640086174011,0.7479512691497803,0.12328726053237915,0.05000000074505806,-0.06590865552425385,0.1159086525440216,0.019999999552965164,-0.013805985450744629,0.03380598500370979,0.05000000074505806,-0.06142351031303406,0.11142350733280182,0.0,-0.021703004837036133,0.021703004837036133
8f57bbdd423a8183,jacobi-2d,jacobi-2d,lv2:__PARA__L0-1.__PARA__L1-1.__PARA__L2-1.__PARA__L3-8.__PARA__L4-16.__PIPE__L0-off.__PIPE__L1-off.__PIPE__L2-NA.__TILE__L0-1.__TILE__L1-1.__TILE__L2-1,target,query,query,finetune_dataset,data_712.pt,616564.0,exphormer_lite,2,50,paper_exact_seed2,2.00980281829834,2.1801698207855225,0.17036700248718262,0.07000000029802322,0.0647222101688385,0.005277790129184723,0.029999999329447746,0.03228767216205597,0.002287672832608223,0.029999999329447746,0.06535376608371735,0.03535376489162445,0.07000000029802322,0.02448689192533493,0.04551310837268829
471502d68fa5fd23,jacobi-2d,jacobi-2d,lv2:__PARA__L0-1.__PARA__L1-1.__PARA__L2-1.__PARA__L3-2.__PARA__L4-32.__PIPE__L0-off.__PIPE__L1-off.__PIPE__L2-NA.__TILE__L0-1.__TILE__L1-1.__TILE__L2-1,target,query,query,finetune_dataset,data_695.pt,2466404.0,exphormer_lite,2,50,paper_exact_seed2,1.0097594261169434,0.8698186278343201,0.1399407982826233,0.1599999964237213,0.1350557655096054,0.024944230914115906,0.019999999552965164,0.02862013876438141,0.008620139211416245,0.009999999776482582,0.03673997521400452,0.026739975437521935,0.10000000149011612,0.09879802912473679,0.0012019723653793335
53465b974b67d248,jacobi-2d,jacobi-2d,lv2:__PARA__L0-1.__PARA__L1-2.__PARA__L2-88.__PARA__L3-8.__PARA__L4-8.__PIPE__L0-off.__PIPE__L1-NA.__PIPE__L2-off.__TILE__L0-1.__TILE__L1-1.__TILE__L2-1,target,query,query,finetune_dataset,data_874.pt,4361601.0,exphormer_lite,2,50,paper_exact_seed2,0.5985351204872131,0.5759809613227844,0.02255415916442871,2.0,2.036921501159668,0.03692150115966797,0.9300000071525574,0.8800703287124634,0.049929678440093994,2.0799999237060547,2.085115909576416,0.005115985870361328,0.0,-0.005532369017601013,0.005532369017601013
ad7cd3eac43c0a10,jacobi-2d,jacobi-2d,lv2:__PARA__L0-1.__PARA__L1-4.__PARA__L2-1.__PARA__L3-1.__PARA__L4-4.__PIPE__L0-off.__PIPE__L1-flatten.__PIPE__L2-NA.__TILE__L0-1.__TILE__L1-8.__TILE__L2-8,target,query,query,finetune_dataset,data_887.pt,4193761.0,exphormer_lite,2,50,paper_exact_seed2,0.6268417239189148,0.5997620820999146,0.027079641819000244,1.4600000381469727,1.576920509338379,0.11692047119140625,0.6499999761581421,0.6649823188781738,0.014982342720031738,1.2999999523162842,1.2192883491516113,0.08071160316467285,0.0,-0.042409732937812805,0.042409732937812805
f849a18ab6a5f95b,jacobi-2d,jacobi-2d,lv2:__PARA__L0-1.__PARA__L1-1.__PARA__L2-4.__PARA__L3-8.__PARA__L4-8.__PIPE__L0-off.__PIPE__L1-off.__PIPE__L2-off.__TILE__L0-1.__TILE__L1-88.__TILE__L2-1,target,query,query,finetune_dataset,data_779.pt,2242884.0,exphormer_lite,2,50,paper_exact_seed2,1.0782865285873413,0.8743788599967957,0.20390766859054565,0.03999999910593033,-0.009233936667442322,0.04923393577337265,0.019999999552965164,-0.03229193389415741,0.052291933447122574,0.029999999329447746,-0.014849841594696045,0.04484984278678894,0.009999999776482582,0.001675620675086975,0.008324379101395607
95c506e82fde4a62,jacobi-2d,jacobi-2d,lv2:__PARA__L0-1.__PARA__L1-1.__PARA__L2-8.__PARA__L3-8.__PARA__L4-8.__PIPE__L0-off.__PIPE__L1-off.__PIPE__L2-NA.__TILE__L0-40.__TILE__L1-1.__TILE__L2-1,target,query,query,finetune_dataset,data_782.pt,2266604.0,exphormer_lite,2,50,paper_exact_seed2,1.0706979036331177,0.7417681217193604,0.3289297819137573,0.03999999910593033,0.0158749520778656,0.024125047028064728,0.009999999776482582,0.0016733258962631226,0.00832667388021946,0.029999999329447746,0.020617306232452393,0.009382693096995354,0.019999999552965164,0.006503582000732422,0.013496417552232742
1532672d0a5db819,gemver-medium,gemver-medium,lv2:__PARA__L0-1.__PARA__L1-1.__PARA__L2-1.__PARA__L3-1.__PARA__L4-1.__PARA__L5-2.__PARA__L6-4.__PIPE__L0-off.__PIPE__L1-off.__PIPE__L3-off.__TILE__L0-1.__TILE__L1-1.__TILE__L3-1,target,query,query,finetune_dataset,data_536.pt,837613.0,exphormer_lite,2,50,paper_exact_seed2,1.7887861728668213,1.6579551696777344,0.13083100318908691,0.019999999552965164,-0.02011387050151825,0.040113870054483414,0.009999999776482582,0.011391893029212952,0.0013918932527303696,0.0,-0.024252474308013916,0.024252474308013916,0.11999999731779099,0.17627239227294922,0.056272394955158234
ffd817ca2f130960,gemver-medium,gemver-medium,lv2:__PARA__L0-1.__PARA__L1-1.__PARA__L2-1.__PARA__L3-1.__PARA__L4-1.__PARA__L5-1.__PARA__L6-64.__PIPE__L0-off.__PIPE__L1-flatten.__PIPE__L3-off.__TILE__L0-1.__TILE__L1-1.__TILE__L3-8,target,query,query,finetune_dataset,data_480.pt,327769.0,exphormer_lite,2,50,paper_exact_seed2,2.465588331222534,2.444540023803711,0.021048307418823242,0.6499999761581421,0.7469797730445862,0.09697979688644409,0.33000001311302185,0.42103028297424316,0.09103026986122131,0.6800000071525574,0.9091210961341858,0.22912108898162842,0.36000001430511475,0.261123389005661,0.09887662529945374
9eefe9932bd3de70,gemver-medium,gemver-medium,lv2:__PARA__L0-1.__PARA__L1-1.__PARA__L2-1.__PARA__L3-1.__PARA__L4-1.__PARA__L5-10.__PARA__L6-5.__PIPE__L0-off.__PIPE__L1-off.__PIPE__L3-off.__TILE__L0-1.__TILE__L1-1.__TILE__L3-1,target,query,query,finetune_dataset,data_502.pt,482961.0,exphormer_lite,2,50,paper_exact_seed2,2.1859748363494873,2.1609866619110107,0.024988174438476562,0.03999999910593033,0.010777264833450317,0.02922273427248001,0.009999999776482582,0.009756311774253845,0.00024368800222873688,0.0,0.018203824758529663,0.018203824758529663,0.05000000074505806,0.22339369356632233,0.17339369654655457
5f6a5ea1f48bc17a,gemver-medium,gemver-medium,lv2:__PARA__L0-1.__PARA__L1-1.__PARA__L2-1.__PARA__L3-1.__PARA__L4-1.__PARA__L5-1.__PARA__L6-8.__PIPE__L0-off.__PIPE__L1-off.__PIPE__L3-NA.__TILE__L0-1.__TILE__L1-1.__TILE__L3-1,target,query,query,finetune_dataset,data_485.pt,1129366.0,exphormer_lite,2,50,paper_exact_seed2,1.5732074975967407,1.5692894458770752,0.003918051719665527,0.029999999329447746,-0.007072031497955322,0.03707203269004822,0.009999999776482582,0.015943989157676697,0.005943989381194115,0.009999999776482582,0.03579339385032654,0.025793394073843956,0.11999999731779099,0.14357954263687134,0.023579545319080353
210c2d0f18751123,gemver-medium,gemver-medium,lv2:__PARA__L0-1.__PARA__L1-1.__PARA__L2-1.__PARA__L3-1.__PARA__L4-1.__PARA__L5-8.__PARA__L6-64.__PIPE__L0-off.__PIPE__L1-off.__PIPE__L3-off.__TILE__L0-1.__TILE__L1-1.__TILE__L3-1,target,query,query,finetune_dataset,data_632.pt,404811.0,exphormer_lite,2,50,paper_exact_seed2,2.3133039474487305,2.303302526473999,0.010001420974731445,0.07999999821186066,0.08781050145626068,0.007810503244400024,0.03999999910593033,0.05626000463962555,0.01626000553369522,0.03999999910593033,0.10246901214122772,0.062469013035297394,0.05999999865889549,0.24807800352573395,0.18807800114154816
de0ebad02754366d,gemver-medium,gemver-medium,lv2:__PARA__L0-1.__PARA__L1-1.__PARA__L2-1.__PARA__L3-1.__PARA__L4-1.__PARA__L5-1.__PARA__L6-20.__PIPE__L0-flatten.__PIPE__L1-off.__PIPE__L3-NA.__TILE__L0-1.__TILE__L1-1.__TILE__L3-1,target,query,query,finetune_dataset,data_451.pt,901361.0,exphormer_lite,2,50,paper_exact_seed2,1.7358756065368652,1.654128074645996,0.08174753189086914,0.6800000071525574,0.7007937431335449,0.02079373598098755,0.4300000071525574,0.45372235774993896,0.023722350597381592,1.2999999523162842,1.3822252750396729,0.08222532272338867,0.23999999463558197,0.2662982940673828,0.026298299431800842
f43b6a1af215f841,gemver-medium,gemver-medium,lv2:__PARA__L0-2.__PARA__L1-1.__PARA__L2-1.__PARA__L3-1.__PARA__L4-1.__PARA__L5-1.__PARA__L6-1.__PIPE__L0-flatten.__PIPE__L1-off.__PIPE__L3-off.__TILE__L0-1.__TILE__L1-1.__TILE__L3-1,target,query,query,finetune_dataset,data_654.pt,1657373.0,exphormer_lite,2,50,paper_exact_seed2,1.296514868736267,1.2773998975753784,0.019114971160888672,1.2699999809265137,0.8625402450561523,0.40745973587036133,0.7900000214576721,0.5225945115089417,0.26740550994873047,2.569999933242798,1.7335559129714966,0.8364440202713013,0.4300000071525574,0.2535378336906433,0.17646217346191406
89ce2637f250dbdc,gemver-medium,gemver-medium,lv2:__PARA__L0-1.__PARA__L1-1.__PARA__L2-1.__PARA__L3-1.__PARA__L4-1.__PARA__L5-2.__PARA__L6-16.__PIPE__L0-off.__PIPE__L1-off.__PIPE__L3-NA.__TILE__L0-1.__TILE__L1-1.__TILE__L3-1,target,query,query,finetune_dataset,data_517.pt,683117.0,exphormer_lite,2,50,paper_exact_seed2,1.9358617067337036,1.8444592952728271,0.09140241146087646,0.03999999910593033,0.006795153021812439,0.03320484608411789,0.019999999552965164,0.014996752142906189,0.005003247410058975,0.009999999776482582,0.040379852056503296,0.030379852280020714,0.11999999731779099,0.16572540998458862,0.04572541266679764
f5222419a61dc3ae,gemver-medium,gemver-medium,lv2:__PARA__L0-1.__PARA__L1-1.__PARA__L2-1.__PARA__L3-1.__PARA__L4-1.__PARA__L5-1.__PARA__L6-1.__PIPE__L0-off.__PIPE__L1-off.__PIPE__L3-off.__TILE__L0-1.__TILE__L1-1.__TILE__L3-1,target,query,query,finetune_dataset,data_435.pt,1826012.0,exphormer_lite,2,50,paper_exact_seed2,1.2266159057617188,1.1107172966003418,0.11589860916137695,0.019999999552965164,-0.053911879658699036,0.0739118754863739,0.009999999776482582,0.015130996704101562,0.00513099692761898,0.0,-0.02574792504310608,0.02574792504310608,0.11999999731779099,0.12392477691173553,0.0039247795939445496
1c52d579ac75be4f,gemver-medium,gemver-medium,lv2:__PARA__L0-1.__PARA__L1-1.__PARA__L2-1.__PARA__L3-1.__PARA__L4-1.__PARA__L5-2.__PARA__L6-2.__PIPE__L0-flatten.__PIPE__L1-off.__PIPE__L3-off.__TILE__L0-1.__TILE__L1-1.__TILE__L3-1,target,query,query,finetune_dataset,data_520.pt,869573.0,exphormer_lite,2,50,paper_exact_seed2,1.7617745399475098,1.5572240352630615,0.20455050468444824,0.6700000166893005,0.6339136362075806,0.03608638048171997,0.41999998688697815,0.37738239765167236,0.042617589235305786,1.2799999713897705,1.3004565238952637,0.020456552505493164,0.23999999463558197,0.2518191337585449,0.011819139122962952
09d1e6e62ac85248,gemver-medium,gemver-medium,lv2:__PARA__L0-1.__PARA__L1-1.__PARA__L2-1.__PARA__L3-1.__PARA__L4-1.__PARA__L5-8.__PARA__L6-2.__PIPE__L0-off.__PIPE__L1-off.__PIPE__L3-NA.__TILE__L0-1.__TILE__L1-1.__TILE__L3-1,target,query,query,finetune_dataset,data_620.pt,740462.0,exphormer_lite,2,50,paper_exact_seed2,1.8777152299880981,1.851489782333374,0.02622544765472412,0.029999999329447746,0.014963477849960327,0.015036521479487419,0.009999999776482582,0.028185412287712097,0.018185412511229515,0.0,0.04663160443305969,0.04663160443305969,0.28999999165534973,0.24193914234638214,0.04806084930896759
c4c3345a7057f3e3,gemver-medium,gemver-medium,lv2:__PARA__L0-1.__PARA__L1-1.__PARA__L2-1.__PARA__L3-1.__PARA__L4-1.__PARA__L5-4.__PARA__L6-5.__PIPE__L0-off.__PIPE__L1-off.__PIPE__L3-off.__TILE__L0-1.__TILE__L1-1.__TILE__L3-1,target,query,query,finetune_dataset,data_585.pt,601213.0,exphormer_lite,2,50,paper_exact_seed2,2.0279901027679443,1.9895968437194824,0.038393259048461914,0.029999999329447746,0.0070632994174957275,0.02293669991195202,0.009999999776482582,0.009015783667564392,0.00098421610891819,0.0,-0.0011636316776275635,0.0011636316776275635,0.18000000715255737,0.2245221883058548,0.044522181153297424
31c578a0b82fae90,gemver-medium,gemver-medium,lv2:__PARA__L0-1.__PARA__L1-1.__PARA__L2-1.__PARA__L3-1.__PARA__L4-1.__PARA__L5-5.__PARA__L6-1.__PIPE__L0-off.__PIPE__L1-off.__PIPE__L3-off.__TILE__L0-1.__TILE__L1-1.__TILE__L3-1,target,query,query,finetune_dataset,data_593.pt,1194764.0,exphormer_lite,2,50,paper_exact_seed2,1.532601237297058,1.6291251182556152,0.09652388095855713,0.029999999329447746,-0.006332844495773315,0.03633284568786621,0.009999999776482582,0.02458852529525757,0.014588525518774986,0.0,-0.022526323795318604,0.022526323795318604,0.30000001192092896,0.18448252975940704,0.11551748216152191
243cd02cdb26e76f,gemver-medium,gemver-medium,lv2:__PARA__L0-1.__PARA__L1-1.__PARA__L2-1.__PARA__L3-1.__PARA__L4-1.__PARA__L5-8.__PARA__L6-400.__PIPE__L0-off.__PIPE__L1-off.__PIPE__L3-off.__TILE__L0-1.__TILE__L1-1.__TILE__L3-1,target,query,query,finetune_dataset,data_629.pt,345652.0,exphormer_lite,2,50,paper_exact_seed2,2.4272680282592773,2.3027901649475098,0.12447786331176758,0.3199999928474426,0.3041960895061493,0.015803903341293335,0.10999999940395355,0.19980791211128235,0.0898079127073288,0.019999999552965164,0.6458231210708618,0.6258231401443481,0.800000011920929,0.4153830111026764,0.38461700081825256
9b76b16299db4740,gemver-medium,gemver-medium,lv2:__PARA__L0-1.__PARA__L1-1.__PARA__L2-1.__PARA__L3-1.__PARA__L4-1.__PARA__L5-1.__PARA__L6-1.__PIPE__L0-flatten.__PIPE__L1-flatten.__PIPE__L3-off.__TILE__L0-1.__TILE__L1-8.__TILE__L3-1,target,query,query,finetune_dataset,data_426.pt,889619.0,exphormer_lite,2,50,paper_exact_seed2,1.745334267616272,1.9416284561157227,0.19629418849945068,3.299999952316284,1.2774219512939453,2.022578001022339,2.0999999046325684,0.787802517414093,1.3121974468231201,6.900000095367432,1.9204623699188232,4.9795379638671875,0.30000001192092896,0.1314832866191864,0.16851672530174255
4ad5995a833d2439,gemver-medium,gemver-medium,lv2:__PARA__L0-1.__PARA__L1-1.__PARA__L2-1.__PARA__L3-1.__PARA__L4-1.__PARA__L5-1.__PARA__L6-25.__PIPE__L0-off.__PIPE__L1-off.__PIPE__L3-off.__TILE__L0-1.__TILE__L1-1.__TILE__L3-1,target,query,query,finetune_dataset,data_460.pt,1070012.0,exphormer_lite,2,50,paper_exact_seed2,1.6121505498886108,1.5647637844085693,0.047386765480041504,0.03999999910593033,-0.0273236483335495,0.06732364743947983,0.019999999552965164,0.007264167070388794,0.01273583248257637,0.009999999776482582,-0.047796785831451416,0.05779678374528885,0.18000000715255737,0.12167870998382568,0.05832129716873169
1e9c97bfbccfa9fa,gemver-medium,gemver-medium,lv2:__PARA__L0-1.__PARA__L1-1.__PARA__L2-1.__PARA__L3-1.__PARA__L4-1.__PARA__L5-10.__PARA__L6-8.__PIPE__L0-off.__PIPE__L1-off.__PIPE__L3-NA.__TILE__L0-1.__TILE__L1-1.__TILE__L3-1,target,query,query,finetune_dataset,data_504.pt,419517.0,exphormer_lite,2,50,paper_exact_seed2,2.2875635623931885,2.2669661045074463,0.020597457885742188,0.03999999910593033,0.03888954222202301,0.0011104568839073181,0.019999999552965164,0.01950506865978241,0.0004949308931827545,0.009999999776482582,0.0810394287109375,0.07103943079710007,0.05000000074505806,0.2692647874355316,0.21926479041576385
9223f67909b2b538,gemver-medium,gemver-medium,lv2:__PARA__L0-1.__PARA__L1-1.__PARA__L2-1.__PARA__L3-1.__PARA__L4-1.__PARA__L5-10.__PARA__L6-20.__PIPE__L0-off.__PIPE__L1-off.__PIPE__L3-NA.__TILE__L0-1.__TILE__L1-1.__TILE__L3-1,target,query,query,finetune_dataset,data_494.pt,359217.0,exphormer_lite,2,50,paper_exact_seed2,2.3995003700256348,2.326296329498291,0.07320404052734375,0.07999999821186066,0.047262951731681824,0.03273704648017883,0.029999999329447746,0.024637743830680847,0.005362255498766899,0.019999999552965164,0.07613122463226318,0.05613122507929802,0.05000000074505806,0.21892735362052917,0.1689273566007614
c6b077cf4b447681,gemver-medium,gemver-medium,lv2:__PARA__L0-1.__PARA__L1-1.__PARA__L2-1.__PARA__L3-1.__PARA__L4-1.__PARA__L5-1.__PARA__L6-10.__PIPE__L0-off.__PIPE__L1-off.__PIPE__L3-NA.__TILE__L0-1.__TILE__L1-1.__TILE__L3-1,target,query,query,finetune_dataset,data_439.pt,1110870.0,exphormer_lite,2,50,paper_exact_seed2,1.5851190090179443,1.5813238620758057,0.003795146942138672,0.029999999329447746,-0.004932776093482971,0.03493277728557587,0.009999999776482582,0.015061244368553162,0.0050612445920705795,0.009999999776482582,0.03316318988800049,0.023163190111517906,0.11999999731779099,0.1356692612171173,0.015669263899326324
088c49f7f49c80eb,gemver-medium,gemver-medium,lv2:__PARA__L0-1.__PARA__L1-1.__PARA__L2-1.__PARA__L3-1.__PARA__L4-1.__PARA__L5-1.__PARA__L6-10.__PIPE__L0-flatten.__PIPE__L1-off.__PIPE__L3-NA.__TILE__L0-1.__TILE__L1-1.__TILE__L3-1,target,query,query,finetune_dataset,data_436.pt,941561.0,exphormer_lite,2,50,paper_exact_seed2,1.7044007778167725,1.6314178705215454,0.07298290729522705,0.6700000166893005,0.7038379907608032,0.033837974071502686,0.4300000071525574,0.4453967213630676,0.015396714210510254,1.2899999618530273,1.3848074674606323,0.09480750560760498,0.23999999463558197,0.285409539937973,0.04540954530239105
53ac0caa0da746c6,gemver-medium,gemver-medium,lv2:__PARA__L0-1.__PARA__L1-1.__PARA__L2-1.__PARA__L3-1.__PARA__L4-1.__PARA__L5-4.__PARA__L6-25.__PIPE__L0-flatten.__PIPE__L1-off.__PIPE__L3-NA.__TILE__L0-1.__TILE__L1-1.__TILE__L3-1,target,query,query,finetune_dataset,data_570.pt,299789.0,exphormer_lite,2,50,paper_exact_seed2,2.529954433441162,2.4365293979644775,0.09342503547668457,0.7599999904632568,0.704704225063324,0.05529576539993286,0.46000000834465027,0.44537341594696045,0.01462659239768982,1.2999999523162842,1.30499267578125,0.00499272346496582,0.4300000071525574,0.4328637421131134,0.0028637349605560303
4275cd2136d7ac8c,gemver-medium,gemver-medium,lv2:__PARA__L0-1.__PARA__L1-1.__PARA__L2-1.__PARA__L3-1.__PARA__L4-1.__PARA__L5-2.__PARA__L6-25.__PIPE__L0-off.__PIPE__L1-off.__PIPE__L3-off.__TILE__L0-1.__TILE__L1-1.__TILE__L3-1,target,query,query,finetune_dataset,data_530.pt,674013.0,exphormer_lite,2,50,paper_exact_seed2,1.9455398321151733,1.796864628791809,0.14867520332336426,0.03999999910593033,-0.00522729754447937,0.0452272966504097,0.019999999552965164,0.007453903555870056,0.012546095997095108,0.009999999776482582,-0.034555137157440186,0.04455513507127762,0.18000000715255737,0.11661344766616821,0.06338655948638916
db1518b5e0f5c412,gemver-medium,gemver-medium,lv2:__PARA__L0-1.__PARA__L1-1.__PARA__L2-1.__PARA__L3-1.__PARA__L4-1.__PARA__L5-4.__PARA__L6-8.__PIPE__L0-off.__PIPE__L1-off.__PIPE__L3-NA.__TILE__L0-1.__TILE__L1-1.__TILE__L3-1,target,query,query,finetune_dataset,data_590.pt,536971.0,exphormer_lite,2,50,paper_exact_seed2,2.1095058917999268,2.107494831085205,0.0020110607147216797,0.029999999329447746,0.030131295323371887,0.00013129599392414093,0.009999999776482582,0.017825737595558167,0.007825737819075584,0.009999999776482582,0.06339862942695618,0.053398631513118744,0.18000000715255737,0.2660127878189087,0.08601278066635132
f0f3855c9b8ec11c,gemver-medium,gemver-medium,lv2:__PARA__L0-1.__PARA__L1-1.__PARA__L2-1.__PARA__L3-1.__PARA__L4-1.__PARA__L5-1.__PARA__L6-25.__PIPE__L0-off.__PIPE__L1-flatten.__PIPE__L3-off.__TILE__L0-1.__TILE__L1-1.__TILE__L3-8,target,query,query,finetune_dataset,data_458.pt,290265.0,exphormer_lite,2,50,paper_exact_seed2,2.5532426834106445,2.415030002593994,0.1382126808166504,0.6200000047683716,0.6494954824447632,0.0294954776763916,0.3199999928474426,0.34279701113700867,0.02279701828956604,0.6399999856948853,0.7405652403831482,0.10056525468826294,0.30000001192092896,0.19406957924365997,0.10593043267726898
9c8bd01095d1e0ca,gemver-medium,gemver-medium,lv2:__PARA__L0-1.__PARA__L1-1.__PARA__L2-1.__PARA__L3-1.__PARA__L4-1.__PARA__L5-5.__PARA__L6-8.__PIPE__L0-off.__PIPE__L1-off.__PIPE__L3-off.__TILE__L0-1.__TILE__L1-1.__TILE__L3-1,target,query,query,finetune_dataset,data_611.pt,504364.0,exphormer_lite,2,50,paper_exact_seed2,2.154695510864258,2.129154682159424,0.025540828704833984,0.029999999329447746,0.013596072793006897,0.01640392653644085,0.009999999776482582,0.00795195996761322,0.002048039808869362,0.0,0.010090857744216919,0.010090857744216919,0.30000001192092896,0.21915583312511444,0.08084417879581451
0a7815b4a5090fb0,gemver-medium,gemver-medium,lv2:__PARA__L0-1.__PARA__L1-1.__PARA__L2-1.__PARA__L3-1.__PARA__L4-1.__PARA__L5-5.__PARA__L6-4.__PIPE__L0-off.__PIPE__L1-off.__PIPE__L3-NA.__TILE__L0-1.__TILE__L1-1.__TILE__L3-1,target,query,query,finetune_dataset,data_605.pt,598220.0,exphormer_lite,2,50,paper_exact_seed2,2.031589984893799,2.026881694793701,0.004708290100097656,0.029999999329447746,0.022583872079849243,0.007416127249598503,0.009999999776482582,0.019982367753982544,0.009982367977499962,0.0,0.058842480182647705,0.058842480182647705,0.30000001192092896,0.28137901425361633,0.018620997667312622
16b1f6d7e45fe22d,gemver-medium,gemver-medium,lv2:__PARA__L0-1.__PARA__L1-1.__PARA__L2-1.__PARA__L3-1.__PARA__L4-1.__PARA__L5-2.__PARA__L6-10.__PIPE__L0-off.__PIPE__L1-off.__PIPE__L3-off.__TILE__L0-1.__TILE__L1-1.__TILE__L3-1,target,query,query,finetune_dataset,data_514.pt,720413.0,exphormer_lite,2,50,paper_exact_seed2,1.8975160121917725,1.7771782875061035,0.12033772468566895,0.029999999329447746,-0.0085773766040802,0.038577377796173096,0.009999999776482582,0.0038564056158065796,0.0061435941606760025,0.0,-0.022666722536087036,0.022666722536087036,0.11999999731779099,0.15137329697608948,0.03137329965829849
fe1f6d87f4424e94,gemver-medium,gemver-medium,lv2:__PARA__L0-1.__PARA__L1-1.__PARA__L2-1.__PARA__L3-1.__PARA__L4-1.__PARA__L5-1.__PARA__L6-10.__PIPE__L0-flatten.__PIPE__L1-off.__PIPE__L3-off.__TILE__L0-1.__TILE__L1-1.__TILE__L3-1,target,query,query,finetune_dataset,data_437.pt,947503.0,exphormer_lite,2,50,paper_exact_seed2,1.6998628377914429,1.5640745162963867,0.13578832149505615,0.6700000166893005,0.6898972988128662,0.019897282123565674,0.41999998688697815,0.4216269850730896,0.0016269981861114502,1.2799999713897705,1.3708957433700562,0.09089577198028564,0.23999999463558197,0.23957207798957825,0.00042791664600372314
ad424b0bb7b2b1ff,gemver-medium,gemver-medium,lv2:__PARA__L0-1.__PARA__L1-1.__PARA__L2-1.__PARA__L3-1.__PARA__L4-1.__PARA__L5-1.__PARA__L6-25.__PIPE__L0-flatten.__PIPE__L1-off.__PIPE__L3-NA.__TILE__L0-1.__TILE__L1-1.__TILE__L3-1,target,query,query,finetune_dataset,data_456.pt,893321.0,exphormer_lite,2,50,paper_exact_seed2,1.74233877658844,1.651024580001831,0.09131419658660889,0.6899999976158142,0.6962174773216248,0.006217479705810547,0.4399999976158142,0.45144081115722656,0.011440813541412354,1.2999999523162842,1.3710395097732544,0.07103955745697021,0.23999999463558197,0.2649393081665039,0.024939313530921936
09b442110eaabb3e,gemver-medium,gemver-medium,lv2:__PARA__L0-1.__PARA__L1-1.__PARA__L2-1.__PARA__L3-1.__PARA__L4-1.__PARA__L5-8.__PARA__L6-1.__PIPE__L0-off.__PIPE__L1-off.__PIPE__L3-flatten.__TILE__L0-1.__TILE__L1-1.__TILE__L3-1,target,query,query,finetune_dataset,data_614.pt,328863.0,exphormer_lite,2,50,paper_exact_seed2,2.4631848335266113,2.3406426906585693,0.12254214286804199,0.6299999952316284,0.6137552261352539,0.01624476909637451,0.33000001311302185,0.3739248812198639,0.04392486810684204,1.1100000143051147,1.0184195041656494,0.09158051013946533,0.800000011920929,0.5729231834411621,0.22707682847976685
f29f2562f3c80240,gemver-medium,gemver-medium,lv2:__PARA__L0-1.__PARA__L1-1.__PARA__L2-1.__PARA__L3-1.__PARA__L4-1.__PARA__L5-4.__PARA__L6-16.__PIPE__L0-off.__PIPE__L1-off.__PIPE__L3-NA.__TILE__L0-1.__TILE__L1-1.__TILE__L3-1,target,query,query,finetune_dataset,data_560.pt,486319.0,exphormer_lite,2,50,paper_exact_seed2,2.180976629257202,2.167426109313965,0.013550519943237305,0.03999999910593033,0.03298662602901459,0.007013373076915741,0.019999999552965164,0.018999963998794556,0.0010000355541706085,0.009999999776482582,0.06623739004135132,0.056237392127513885,0.18000000715255737,0.2297668606042862,0.04976685345172882
ac49c902d4aef2ec,gemver-medium,gemver-medium,lv2:__PARA__L0-1.__PARA__L1-1.__PARA__L2-1.__PARA__L3-1.__PARA__L4-1.__PARA__L5-2.__PARA__L6-8.__PIPE__L0-off.__PIPE__L1-off.__PIPE__L3-off.__TILE__L0-1.__TILE__L1-1.__TILE__L3-1,target,query,query,finetune_dataset,data_548.pt,739613.0,exphormer_lite,2,50,paper_exact_seed2,1.8785427808761597,1.7636197805404663,0.11492300033569336,0.029999999329447746,-0.009812310338020325,0.03981231153011322,0.009999999776482582,0.00561957061290741,0.004380429163575172,0.0,-0.021008938550949097,0.021008938550949097,0.11999999731779099,0.16193750500679016,0.041937507688999176
130704a61a6e6fbf,gemver-medium,gemver-medium,lv2:__PARA__L0-1.__PARA__L1-1.__PARA__L2-1.__PARA__L3-1.__PARA__L4-1.__PARA__L5-5.__PARA__L6-16.__PIPE__L0-off.__PIPE__L1-off.__PIPE__L3-off.__TILE__L0-1.__TILE__L1-1.__TILE__L3-1,target,query,query,finetune_dataset,data_597.pt,455964.0,exphormer_lite,2,50,paper_exact_seed2,2.227468252182007,2.1807243824005127,0.04674386978149414,0.029999999329447746,0.01176847517490387,0.018231524154543877,0.009999999776482582,0.006395429372787476,0.0036045704036951065,0.009999999776482582,0.015850722789764404,0.005850723013281822,0.30000001192092896,0.18110311031341553,0.11889690160751343
cdcda04bf68ce8ac,gemver-medium,gemver-medium,lv2:__PARA__L0-1.__PARA__L1-1.__PARA__L2-1.__PARA__L3-1.__PARA__L4-1.__PARA__L5-5.__PARA__L6-8.__PIPE__L0-off.__PIPE__L1-off.__PIPE__L3-NA.__TILE__L0-1.__TILE__L1-1.__TILE__L3-1,target,query,query,finetune_dataset,data_610.pt,498122.0,exphormer_lite,2,50,paper_exact_seed2,2.1636786460876465,2.1665260791778564,0.002847433090209961,0.029999999329447746,0.03477628529071808,0.004776285961270332,0.009999999776482582,0.017954379320144653,0.007954379543662071,0.009999999776482582,0.06960034370422363,0.0596003457903862,0.30000001192092896,0.2728419303894043,0.027158081531524658
500bee300eb14559,gemver-medium,gemver-medium,lv2:__PARA__L0-1.__PARA__L1-1.__PARA__L2-1.__PARA__L3-1.__PARA__L4-1.__PARA__L5-5.__PARA__L6-2.__PIPE__L0-off.__PIPE__L1-off.__PIPE__L3-off.__TILE__L0-1.__TILE__L1-1.__TILE__L3-1,target,query,query,finetune_dataset,data_599.pt,799164.0,exphormer_lite,2,50,paper_exact_seed2,1.82268226146698,1.7544233798980713,0.06825888156890869,0.029999999329447746,-0.004608973860740662,0.03460897505283356,0.009999999776482582,0.020174190402030945,0.010174190625548363,0.0,-0.015420317649841309,0.015420317649841309,0.30000001192092896,0.20785298943519592,0.09214702248573303
959902609e6a4167,gemver-medium,gemver-medium,lv2:__PARA__L0-1.__PARA__L1-1.__PARA__L2-1.__PARA__L3-1.__PARA__L4-1.__PARA__L5-10.__PARA__L6-8.__PIPE__L0-off.__PIPE__L1-off.__PIPE__L3-off.__TILE__L0-1.__TILE__L1-1.__TILE__L3-1,target,query,query,finetune_dataset,data_505.pt,425761.0,exphormer_lite,2,50,paper_exact_seed2,2.2769062519073486,2.2329678535461426,0.043938398361206055,0.03999999910593033,0.014713943004608154,0.025286056101322174,0.009999999776482582,0.008401945233345032,0.0015980545431375504,0.0,0.02737101912498474,0.02737101912498474,0.05000000074505806,0.21204125881195068,0.16204126179218292
f351dcbd8a9583d8,gemver-medium,gemver-medium,lv2:__PARA__L0-1.__PARA__L1-1.__PARA__L2-1.__PARA__L3-1.__PARA__L4-1.__PARA__L5-8.__PARA__L6-5.__PIPE__L0-off.__PIPE__L1-off.__PIPE__L3-off.__TILE__L0-1.__TILE__L1-1.__TILE__L3-1,target,query,query,finetune_dataset,data_631.pt,504812.0,exphormer_lite,2,50,paper_exact_seed2,2.154054880142212,2.136174440383911,0.01788043975830078,0.029999999329447746,0.011376455426216125,0.01862354390323162,0.009999999776482582,0.00964905321598053,0.0003509465605020523,0.0,0.014573335647583008,0.014573335647583008,0.28999999165534973,0.22812652587890625,0.06187346577644348
d01425f50d6673bc,gemver-medium,gemver-medium,lv2:__PARA__L0-1.__PARA__L1-1.__PARA__L2-1.__PARA__L3-1.__PARA__L4-1.__PARA__L5-4.__PARA__L6-4.__PIPE__L0-off.__PIPE__L1-off.__PIPE__L3-off.__TILE__L0-1.__TILE__L1-1.__TILE__L3-1,target,query,query,finetune_dataset,data_579.pt,640413.0,exphormer_lite,2,50,paper_exact_seed2,1.9824267625808716,1.9366466999053955,0.045780062675476074,0.029999999329447746,0.0037089884281158447,0.0262910109013319,0.009999999776482582,0.010417908430099487,0.0004179086536169052,0.0,-0.004753381013870239,0.004753381013870239,0.18000000715255737,0.22764810919761658,0.047648102045059204
83ed0b793841b275,gemver-medium,gemver-medium,lv2:__PARA__L0-1.__PARA__L1-1.__PARA__L2-1.__PARA__L3-1.__PARA__L4-1.__PARA__L5-2.__PARA__L6-2.__PIPE__L0-off.__PIPE__L1-off.__PIPE__L3-off.__TILE__L0-1.__TILE__L1-1.__TILE__L3-1,target,query,query,finetune_dataset,data_522.pt,1034813.0,exphormer_lite,2,50,paper_exact_seed2,1.6362789869308472,1.4795591831207275,0.15671980381011963,0.019999999552965164,-0.02368120849132538,0.04368120804429054,0.009999999776482582,0.019353225827217102,0.00935322605073452,0.0,-0.04104727506637573,0.04104727506637573,0.11999999731779099,0.13957461714744568,0.019574619829654694
ea9580005e96c617,gemver-medium,gemver-medium,lv2:__PARA__L0-1.__PARA__L1-1.__PARA__L2-1.__PARA__L3-1.__PARA__L4-1.__PARA__L5-10.__PARA__L6-1.__PIPE__L0-off.__PIPE__L1-off.__PIPE__L3-off.__TILE__L0-1.__TILE__L1-1.__TILE__L3-1,target,query,query,finetune_dataset,data_487.pt,1116561.0,exphormer_lite,2,50,paper_exact_seed2,1.5814330577850342,1.7058534622192383,0.1244204044342041,0.03999999910593033,-0.006638839840888977,0.046638838946819305,0.009999999776482582,0.025924161076545715,0.015924161300063133,0.0,-0.012548595666885376,0.012548595666885376,0.05000000074505806,0.17088225483894348,0.12088225781917572
986b89097b75cf16,gemver-medium,gemver-medium,lv2:__PARA__L0-1.__PARA__L1-1.__PARA__L2-1.__PARA__L3-1.__PARA__L4-1.__PARA__L5-4.__PARA__L6-64.__PIPE__L0-flatten.__PIPE__L1-off.__PIPE__L3-off.__TILE__L0-1.__TILE__L1-1.__TILE__L3-1,target,query,query,finetune_dataset,data_586.pt,331973.0,exphormer_lite,2,50,paper_exact_seed2,2.456395149230957,2.3779752254486084,0.07841992378234863,0.7400000095367432,0.6893333196640015,0.0506666898727417,0.44999998807907104,0.4114859700202942,0.038514018058776855,1.2799999713897705,1.285530686378479,0.005530714988708496,0.4300000071525574,0.39613398909568787,0.03386601805686951
34cdca838c32d328,gemver-medium,gemver-medium,lv2:__PARA__L0-1.__PARA__L1-1.__PARA__L2-1.__PARA__L3-1.__PARA__L4-1.__PARA__L5-10.__PARA__L6-4.__PIPE__L0-off.__PIPE__L1-off.__PIPE__L3-off.__TILE__L0-1.__TILE__L1-1.__TILE__L3-1,target,query,query,finetune_dataset,data_500.pt,523761.0,exphormer_lite,2,50,paper_exact_seed2,2.127473831176758,2.1115787029266357,0.01589512825012207,0.03999999910593033,0.007530242204666138,0.03246975690126419,0.009999999776482582,0.010316744446754456,0.0003167446702718735,0.0,0.013654559850692749,0.013654559850692749,0.05000000074505806,0.22304797172546387,0.1730479747056961
fb29053e523e2801,gemver-medium,gemver-medium,lv2:__PARA__L0-1.__PARA__L1-1.__PARA__L2-1.__PARA__L3-1.__PARA__L4-2.__PARA__L5-1.__PARA__L6-20.__PIPE__L0-off.__PIPE__L1-flatten.__PIPE__L3-off.__TILE__L0-1.__TILE__L1-1.__TILE__L3-8,target,query,query,finetune_dataset,data_640.pt,224535.0,exphormer_lite,2,50,paper_exact_seed2,2.7384579181671143,2.4725232124328613,0.26593470573425293,0.6200000047683716,0.6380695700645447,0.018069565296173096,0.3100000023841858,0.3288363218307495,0.01883631944656372,0.6399999856948853,0.7310540676116943,0.09105408191680908,0.25999999046325684,0.18672329187393188,0.07327669858932495
fbfb7dd04c50fd12,gemver-medium,gemver-medium,lv2:__PARA__L0-1.__PARA__L1-1.__PARA__L2-1.__PARA__L3-1.__PARA__L4-1.__PARA__L5-4.__PARA__L6-4.__PIPE__L0-flatten.__PIPE__L1-off.__PIPE__L3-off.__TILE__L0-1.__TILE__L1-1.__TILE__L3-1,target,query,query,finetune_dataset,data_577.pt,471973.0,exphormer_lite,2,50,paper_exact_seed2,2.202575922012329,2.2153642177581787,0.01278829574584961,0.7300000190734863,0.6635072231292725,0.06649279594421387,0.4399999976158142,0.40018802881240845,0.03981196880340576,1.2799999713897705,1.3042242527008057,0.024224281311035156,0.4300000071525574,0.40483254194259644,0.025167465209960938
c21ced4ec6c175ca,gemver-medium,gemver-medium,lv2:__PARA__L0-1.__PARA__L1-1.__PARA__L2-1.__PARA__L3-1.__PARA__L4-1.__PARA__L5-5.__PARA__L6-20.__PIPE__L0-off.__PIPE__L1-off.__PIPE__L3-off.__TILE__L0-1.__TILE__L1-1.__TILE__L3-1,target,query,query,finetune_dataset,data_601.pt,445963.0,exphormer_lite,2,50,paper_exact_seed2,2.2434661388397217,2.1837754249572754,0.05969071388244629,0.05000000074505806,0.012621894478797913,0.03737810626626015,0.019999999552965164,0.007703512907028198,0.012296486645936966,0.009999999776482582,0.013428270816802979,0.0034282710403203964,0.05999999865889549,0.16874456405639648,0.1087445616722107
2594dd922d740fe9,gemver-medium,gemver-medium,lv2:__PARA__L0-1.__PARA__L1-1.__PARA__L2-1.__PARA__L3-1.__PARA__L4-1.__PARA__L5-2.__PARA__L6-2.__PIPE__L0-off.__PIPE__L1-off.__PIPE__L3-NA.__TILE__L0-1.__TILE__L1-1.__TILE__L3-1,target,query,query,finetune_dataset,data_521.pt,1034063.0,exphormer_lite,2,50,paper_exact_seed2,1.6368019580841064,1.5046801567077637,0.13212180137634277,0.029999999329447746,-0.011380046606063843,0.04138004779815674,0.009999999776482582,0.027236565947532654,0.01723656617105007,0.0,0.024777889251708984,0.024777889251708984,0.11999999731779099,0.17446646094322205,0.05446646362543106
32dfa05f97e3183b,gemver-medium,gemver-medium,lv2:__PARA__L0-1.__PARA__L1-1.__PARA__L2-1.__PARA__L3-1.__PARA__L4-1.__PARA__L5-5.__PARA__L6-32.__PIPE__L0-off.__PIPE__L1-off.__PIPE__L3-off.__TILE__L0-1.__TILE__L1-1.__TILE__L3-1,target,query,query,finetune_dataset,data_604.pt,471563.0,exphormer_lite,2,50,paper_exact_seed2,2.203202724456787,2.1656405925750732,0.03756213188171387,0.05000000074505806,0.04660962522029877,0.0033903755247592926,0.019999999552965164,0.019970297813415527,2.970173954963684e-05,0.019999999552965164,0.015894770622253418,0.004105228930711746,0.05999999865889549,0.16709566116333008,0.10709565877914429
4ea6ce68b66ec41f,gemver-medium,gemver-medium,lv2:__PARA__L0-1.__PARA__L1-1.__PARA__L2-1.__PARA__L3-1.__PARA__L4-1.__PARA__L5-4.__PARA__L6-1.__PIPE__L0-off.__PIPE__L1-NA.__PIPE__L3-flatten.__TILE__L0-1.__TILE__L1-1.__TILE__L3-1,target,query,query,finetune_dataset,data_551.pt,424321.0,exphormer_lite,2,50,paper_exact_seed2,2.2793500423431396,2.263105630874634,0.01624441146850586,0.5699999928474426,0.6657889485359192,0.09578895568847656,0.4000000059604645,0.4226534962654114,0.0226534903049469,1.1100000143051147,1.0539875030517578,0.056012511253356934,0.4300000071525574,0.6184647083282471,0.1884647011756897
dba56bf59fef0447,gemver-medium,gemver-medium,lv2:__PARA__L0-1.__PARA__L1-1.__PARA__L2-1.__PARA__L3-1.__PARA__L4-1.__PARA__L5-5.__PARA__L6-5.__PIPE__L0-off.__PIPE__L1-off.__PIPE__L3-NA.__TILE__L0-1.__TILE__L1-1.__TILE__L3-1,target,query,query,finetune_dataset,data_607.pt,558020.0,exphormer_lite,2,50,paper_exact_seed2,2.0817697048187256,2.080768585205078,0.001001119613647461,0.029999999329447746,0.026413068175315857,0.0035869311541318893,0.009999999776482582,0.019367188215255737,0.009367188438773155,0.0,0.06333741545677185,0.06333741545677185,0.30000001192092896,0.28179931640625,0.018200695514678955
5ece08fb01c7b911,gemver-medium,gemver-medium,lv2:__PARA__L0-1.__PARA__L1-1.__PARA__L2-1.__PARA__L3-1.__PARA__L4-1.__PARA__L5-4.__PARA__L6-25.__PIPE__L0-off.__PIPE__L1-off.__PIPE__L3-off.__TILE__L0-1.__TILE__L1-1.__TILE__L3-1,target,query,query,finetune_dataset,data_573.pt,477213.0,exphormer_lite,2,50,paper_exact_seed2,2.1946113109588623,2.1223700046539307,0.07224130630493164,0.05000000074505806,0.017011582851409912,0.03298841789364815,0.019999999552965164,0.010430261492729187,0.009569738060235977,0.009999999776482582,0.00024390220642089844,0.009756097570061684,0.28999999165534973,0.16239219903945923,0.1276077926158905
7fd996d84f497a6b,gemver-medium,gemver-medium,lv2:__PARA__L0-1.__PARA__L1-1.__PARA__L2-1.__PARA__L3-1.__PARA__L4-1.__PARA__L5-4.__PARA__L6-5.__PIPE__L0-flatten.__PIPE__L1-off.__PIPE__L3-NA.__TILE__L0-1.__TILE__L1-1.__TILE__L3-1,target,query,query,finetune_dataset,data_582.pt,428429.0,exphormer_lite,2,50,paper_exact_seed2,2.272400140762329,2.317365884780884,0.04496574401855469,0.7400000095367432,0.6874083876609802,0.05259162187576294,0.44999998807907104,0.42647498846054077,0.023524999618530273,1.2799999713897705,1.3289425373077393,0.04894256591796875,0.4300000071525574,0.4627808928489685,0.03278088569641113
b93670f05cc551b5,gemver-medium,gemver-medium,lv2:__PARA__L0-1.__PARA__L1-1.__PARA__L2-1.__PARA__L3-1.__PARA__L4-1.__PARA__L5-4.__PARA__L6-32.__PIPE__L0-off.__PIPE__L1-off.__PIPE__L3-off.__TILE__L0-1.__TILE__L1-1.__TILE__L3-1,target,query,query,finetune_dataset,data_575.pt,510413.0,exphormer_lite,2,50,paper_exact_seed2,2.1460955142974854,2.110661506652832,0.03543400764465332,0.05000000074505806,0.04430101811885834,0.005698982626199722,0.019999999552965164,0.019866809248924255,0.0001331903040409088,0.019999999552965164,0.007715731859207153,0.01228426769375801,0.28999999165534973,0.16481363773345947,0.12518635392189026
cec947423f44b08f,gemver-medium,gemver-medium,lv2:__PARA__L0-1.__PARA__L1-1.__PARA__L2-1.__PARA__L3-1.__PARA__L4-1.__PARA__L5-2.__PARA__L6-16.__PIPE__L0-off.__PIPE__L1-off.__PIPE__L3-off.__TILE__L0-1.__TILE__L1-1.__TILE__L3-1,target,query,query,finetune_dataset,data_518.pt,691613.0,exphormer_lite,2,50,paper_exact_seed2,1.9269455671310425,1.798964262008667,0.1279813051223755,0.029999999329447746,-0.008256927132606506,0.0382569283246994,0.009999999776482582,0.0026770979166030884,0.007322901859879494,0.009999999776482582,-0.025846540927886963,0.035846538841724396,0.11999999731779099,0.12756991386413574,0.007569916546344757
f01dce4946b7b7b7,gemver-medium,gemver-medium,lv2:__PARA__L0-1.__PARA__L1-1.__PARA__L2-1.__PARA__L3-1.__PARA__L4-1.__PARA__L5-2.__PARA__L6-5.__PIPE__L0-off.__PIPE__L1-off.__PIPE__L3-off.__TILE__L0-1.__TILE__L1-1.__TILE__L3-1,target,query,query,finetune_dataset,data_542.pt,798013.0,exphormer_lite,2,50,paper_exact_seed2,1.823722004890442,1.6993796825408936,0.12434232234954834,0.029999999329447746,-0.01642926037311554,0.046429261565208435,0.009999999776482582,0.00947558879852295,0.0005244109779596329,0.0,-0.021526217460632324,0.021526217460632324,0.11999999731779099,0.1764591783285141,0.056459181010723114
1173dc7929c37fc6,gemver-medium,gemver-medium,lv2:__PARA__L0-1.__PARA__L1-1.__PARA__L2-1.__PARA__L3-1.__PARA__L4-1.__PARA__L5-2.__PARA__L6-4.__PIPE__L0-flatten.__PIPE__L1-off.__PIPE__L3-NA.__TILE__L0-1.__TILE__L1-1.__TILE__L3-1,target,query,query,finetune_dataset,data_533.pt,666231.0,exphormer_lite,2,50,paper_exact_seed2,1.9539169073104858,1.8902978897094727,0.06361901760101318,0.6800000071525574,0.6840994358062744,0.004099428653717041,0.41999998688697815,0.41835927963256836,0.00164070725440979,1.2799999713897705,1.3388210535049438,0.05882108211517334,0.23999999463558197,0.3620310425758362,0.12203104794025421
7f3a6a68a52a7805,gemver-medium,gemver-medium,lv2:__PARA__L0-1.__PARA__L1-1.__PARA__L2-1.__PARA__L3-1.__PARA__L4-1.__PARA__L5-10.__PARA__L6-16.__PIPE__L0-off.__PIPE__L1-off.__PIPE__L3-off.__TILE__L0-1.__TILE__L1-1.__TILE__L3-1,target,query,query,finetune_dataset,data_491.pt,377761.0,exphormer_lite,2,50,paper_exact_seed2,2.3631911277770996,2.2874135971069336,0.07577753067016602,0.03999999910593033,0.014359399676322937,0.02564059942960739,0.019999999552965164,0.006842061877250671,0.013157937675714493,0.009999999776482582,0.0323604941368103,0.02236049436032772,0.05000000074505806,0.17393985390663147,0.12393985688686371
3fe4d0313cca2a9b,gemver-medium,gemver-medium,lv2:__PARA__L0-1.__PARA__L1-1.__PARA__L2-1.__PARA__L3-1.__PARA__L4-2.__PARA__L5-1.__PARA__L6-8.__PIPE__L0-off.__PIPE__L1-flatten.__PIPE__L3-off.__TILE__L0-1.__TILE__L1-1.__TILE__L3-8,target,query,query,finetune_dataset,data_648.pt,310035.0,exphormer_lite,2,50,paper_exact_seed2,2.5057125091552734,2.4151430130004883,0.09056949615478516,0.6100000143051147,0.6174466609954834,0.007446646690368652,0.3100000023841858,0.31398797035217285,0.0039879679679870605,0.6399999856948853,0.7195794582366943,0.07957947254180908,0.18000000715255737,0.18455296754837036,0.004552960395812988
47393fa60a317c60,gemver-medium,gemver-medium,lv2:__PARA__L0-1.__PARA__L1-1.__PARA__L2-1.__PARA__L3-1.__PARA__L4-1.__PARA__L5-1.__PARA__L6-5.__PIPE__L0-off.__PIPE__L1-off.__PIPE__L3-NA.__TILE__L0-1.__TILE__L1-1.__TILE__L3-1,target,query,query,finetune_dataset,data_476.pt,1190868.0,exphormer_lite,2,50,paper_exact_seed2,1.5349572896957397,1.5192562341690063,0.0157010555267334,0.029999999329447746,-0.01663331687450409,0.046633318066596985,0.009999999776482582,0.0199175626039505,0.009917562827467918,0.0,0.03492358326911926,0.03492358326911926,0.11999999731779099,0.15399402379989624,0.033994026482105255
aaa173e09b080b95,gemver-medium,gemver-medium,lv2:__PARA__L0-1.__PARA__L1-1.__PARA__L2-1.__PARA__L3-1.__PARA__L4-1.__PARA__L5-4.__PARA__L6-20.__PIPE__L0-off.__PIPE__L1-off.__PIPE__L3-NA.__TILE__L0-1.__TILE__L1-1.__TILE__L3-1,target,query,query,finetune_dataset,data_568.pt,476669.0,exphormer_lite,2,50,paper_exact_seed2,2.195434093475342,2.168975353240967,0.026458740234375,0.05999999865889549,0.033809125423431396,0.026190873235464096,0.019999999552965164,0.021723240613937378,0.0017232410609722137,0.009999999776482582,0.06148138642311096,0.05148138850927353,0.28999999165534973,0.215948686003685,0.07405130565166473
42bcdb5ed3fa6924,gemver-medium,gemver-medium,lv2:__PARA__L0-1.__PARA__L1-1.__PARA__L2-1.__PARA__L3-1.__PARA__L4-1.__PARA__L5-10.__PARA__L6-10.__PIPE__L0-off.__PIPE__L1-off.__PIPE__L3-NA.__TILE__L0-1.__TILE__L1-1.__TILE__L3-1,target,query,query,finetune_dataset,data_488.pt,399417.0,exphormer_lite,2,50,paper_exact_seed2,2.3229801654815674,2.28713321685791,0.03584694862365723,0.05000000074505806,0.03996710479259491,0.01003289595246315,0.019999999552965164,0.019665345549583435,0.0003346540033817291,0.009999999776482582,0.08187635242938995,0.07187635451555252,0.05000000074505806,0.25969889760017395,0.2096989005804062
47bc00fe4ed487e8,gemver-medium,gemver-medium,lv2:__PARA__L0-1.__PARA__L1-1.__PARA__L2-1.__PARA__L3-1.__PARA__L4-1.__PARA__L5-1.__PARA__L6-32.__PIPE__L0-off.__PIPE__L1-flatten.__PIPE__L3-off.__TILE__L0-1.__TILE__L1-1.__TILE__L3-8,target,query,query,finetune_dataset,data_463.pt,339417.0,exphormer_lite,2,50,paper_exact_seed2,2.440398693084717,2.418858051300049,0.02154064178466797,0.6299999952316284,0.651456356048584,0.021456360816955566,0.3199999928474426,0.34842175245285034,0.028421759605407715,0.6600000262260437,0.7475283741950989,0.08752834796905518,0.25,0.21147514879703522,0.03852485120296478
fa1f42ea1d8a699a,gemver-medium,gemver-medium,lv2:__PARA__L0-1.__PARA__L1-1.__PARA__L2-1.__PARA__L3-1.__PARA__L4-1.__PARA__L5-10.__PARA__L6-4.__PIPE__L0-off.__PIPE__L1-off.__PIPE__L3-NA.__TILE__L0-1.__TILE__L1-1.__TILE__L3-1,target,query,query,finetune_dataset,data_499.pt,520017.0,exphormer_lite,2,50,paper_exact_seed2,2.1326487064361572,2.1491024494171143,0.01645374298095703,0.03999999910593033,0.025711938738822937,0.014288060367107391,0.009999999776482582,0.020283326506614685,0.010283326730132103,0.009999999776482582,0.06918644905090332,0.05918645113706589,0.05000000074505806,0.27488699555397034,0.22488699853420258
b34bb2d60481a58b,gemver-medium,gemver-medium,lv2:__PARA__L0-1.__PARA__L1-1.__PARA__L2-1.__PARA__L3-1.__PARA__L4-1.__PARA__L5-2.__PARA__L6-1.__PIPE__L0-off.__PIPE__L1-NA.__PIPE__L3-flatten.__TILE__L0-1.__TILE__L1-1.__TILE__L3-1,target,query,query,finetune_dataset,data_508.pt,624517.0,exphormer_lite,2,50,paper_exact_seed2,2.0005576610565186,1.741239070892334,0.25931859016418457,0.46000000834465027,0.6523993015289307,0.1923992931842804,0.3400000035762787,0.44109907746315,0.10109907388687134,0.6399999856948853,1.0965100526809692,0.456510066986084,0.23999999463558197,0.4485827088356018,0.20858271420001984
5c6ffb0bd9e5a3fc,gemver-medium,gemver-medium,lv2:__PARA__L0-1.__PARA__L1-1.__PARA__L2-1.__PARA__L3-1.__PARA__L4-1.__PARA__L5-2.__PARA__L6-1.__PIPE__L0-off.__PIPE__L1-off.__PIPE__L3-flatten.__TILE__L0-1.__TILE__L1-1.__TILE__L3-1,target,query,query,finetune_dataset,data_509.pt,624865.0,exphormer_lite,2,50,paper_exact_seed2,2.0001559257507324,1.8132343292236328,0.1869215965270996,0.41999998688697815,0.5935263633728027,0.17352637648582458,0.30000001192092896,0.3740224242210388,0.07402241230010986,0.6399999856948853,0.9950140714645386,0.3550140857696533,0.23999999463558197,0.42760011553764343,0.18760012090206146
3ffa8cb8596be391,gemver-medium,gemver-medium,lv2:__PARA__L0-1.__PARA__L1-1.__PARA__L2-1.__PARA__L3-1.__PARA__L4-1.__PARA__L5-2.__PARA__L6-20.__PIPE__L0-off.__PIPE__L1-off.__PIPE__L3-NA.__TILE__L0-1.__TILE__L1-1.__TILE__L3-1,target,query,query,finetune_dataset,data_525.pt,674271.0,exphormer_lite,2,50,paper_exact_seed2,1.9452638626098633,1.8458809852600098,0.09938287734985352,0.03999999910593033,0.007424697279930115,0.032575301826000214,0.019999999552965164,0.017976179718971252,0.0020238198339939117,0.009999999776482582,0.03514295816421509,0.025142958387732506,0.18000000715255737,0.15648962557315826,0.02351038157939911
23cb5d94ca303749,gemver-medium,gemver-medium,lv2:__PARA__L0-1.__PARA__L1-1.__PARA__L2-1.__PARA__L3-1.__PARA__L4-1.__PARA__L5-10.__PARA__L6-25.__PIPE__L0-off.__PIPE__L1-off.__PIPE__L3-off.__TILE__L0-1.__TILE__L1-1.__TILE__L3-1,target,query,query,finetune_dataset,data_497.pt,359761.0,exphormer_lite,2,50,paper_exact_seed2,2.3984086513519287,2.296518325805664,0.10189032554626465,0.10000000149011612,0.026467740535736084,0.07353226095438004,0.019999999552965164,0.012668788433074951,0.007331211119890213,0.009999999776482582,0.023466825485229492,0.01346682570874691,0.05000000074505806,0.15008273720741272,0.10008274018764496
32d58a29b225edc8,gemver-medium,gemver-medium,lv2:__PARA__L0-1.__PARA__L1-1.__PARA__L2-1.__PARA__L3-1.__PARA__L4-1.__PARA__L5-4.__PARA__L6-1.__PIPE__L0-flatten.__PIPE__L1-off.__PIPE__L3-flatten.__TILE__L0-1.__TILE__L1-1.__TILE__L3-1,target,query,query,finetune_dataset,data_549.pt,258829.0,exphormer_lite,2,50,paper_exact_seed2,2.6359283924102783,2.5092175006866455,0.1267108917236328,0.8299999833106995,0.8785538077354431,0.04855382442474365,0.5400000214576721,0.5884556770324707,0.048455655574798584,1.2799999713897705,1.4341166019439697,0.15411663055419922,0.4300000071525574,0.44843024015426636,0.018430233001708984
07338f58fab2b5d0,gemver-medium,gemver-medium,lv2:__PARA__L0-1.__PARA__L1-1.__PARA__L2-1.__PARA__L3-1.__PARA__L4-1.__PARA__L5-2.__PARA__L6-10.__PIPE__L0-flatten.__PIPE__L1-off.__PIPE__L3-NA.__TILE__L0-1.__TILE__L1-1.__TILE__L3-1,target,query,query,finetune_dataset,data_511.pt,545631.0,exphormer_lite,2,50,paper_exact_seed2,2.0979652404785156,2.0594255924224854,0.03853964805603027,0.6800000071525574,0.7070668935775757,0.02706688642501831,0.4300000071525574,0.438262403011322,0.008262395858764648,1.2899999618530273,1.3643665313720703,0.07436656951904297,0.23999999463558197,0.3628706932067871,0.12287069857120514
e791599a06b64fdd,gemver-medium,gemver-medium,lv2:__PARA__L0-1.__PARA__L1-1.__PARA__L2-1.__PARA__L3-1.__PARA__L4-1.__PARA__L5-5.__PARA__L6-1.__PIPE__L0-off.__PIPE__L1-off.__PIPE__L3-flatten.__TILE__L0-1.__TILE__L1-1.__TILE__L3-1,target,query,query,finetune_dataset,data_592.pt,387615.0,exphormer_lite,2,50,paper_exact_seed2,2.344615936279297,2.276658535003662,0.06795740127563477,0.6399999856948853,0.6044232249259949,0.03557676076889038,0.4099999964237213,0.367703378200531,0.04229661822319031,1.1100000143051147,1.0087405443191528,0.10125946998596191,0.800000011920929,0.5586707592010498,0.24132925271987915
842ba928da8028f1,gemver-medium,gemver-medium,lv2:__PARA__L0-1.__PARA__L1-1.__PARA__L2-1.__PARA__L3-1.__PARA__L4-1.__PARA__L5-4.__PARA__L6-10.__PIPE__L0-flatten.__PIPE__L1-off.__PIPE__L3-NA.__TILE__L0-1.__TILE__L1-1.__TILE__L3-1,target,query,query,finetune_dataset,data_554.pt,348029.0,exphormer_lite,2,50,paper_exact_seed2,2.4223244190216064,2.4012467861175537,0.021077632904052734,0.7400000095367432,0.7032710909843445,0.03672891855239868,0.44999998807907104,0.4400619864463806,0.00993800163269043,1.2899999618530273,1.3297357559204102,0.03973579406738281,0.4300000071525574,0.45934590697288513,0.02934589982032776
6ddd06201de501e3,gemver-medium,gemver-medium,lv2:__PARA__L0-1.__PARA__L1-1.__PARA__L2-1.__PARA__L3-1.__PARA__L4-1.__PARA__L5-1.__PARA__L6-4.__PIPE__L0-off.__PIPE__L1-flatten.__PIPE__L3-off.__TILE__L0-1.__TILE__L1-1.__TILE__L3-8,target,query,query,finetune_dataset,data_467.pt,517465.0,exphormer_lite,2,50,paper_exact_seed2,2.136197566986084,2.1452693939208984,0.009071826934814453,0.6100000143051147,0.6035371422767639,0.00646287202835083,0.3100000023841858,0.31685084104537964,0.006850838661193848,0.6399999856948853,0.7195394039154053,0.07953941822052002,0.15000000596046448,0.17960967123508453,0.029609665274620056
8b2f6bcb3ee50e1e,gemver-medium,gemver-medium,lv2:__PARA__L0-1.__PARA__L1-1.__PARA__L2-1.__PARA__L3-1.__PARA__L4-1.__PARA__L5-2.__PARA__L6-8.__PIPE__L0-off.__PIPE__L1-off.__PIPE__L3-NA.__TILE__L0-1.__TILE__L1-1.__TILE__L3-1,target,query,query,finetune_dataset,data_547.pt,733367.0,exphormer_lite,2,50,paper_exact_seed2,1.8846603631973267,1.8043380975723267,0.080322265625,0.029999999329447746,0.005682840943336487,0.02431715838611126,0.009999999776482582,0.015507981181144714,0.005507981404662132,0.009999999776482582,0.04173031449317932,0.03173031657934189,0.11999999731779099,0.1979442834854126,0.07794428616762161
c095eb4c2009d900,gemver-medium,gemver-medium,lv2:__PARA__L0-1.__PARA__L1-1.__PARA__L2-1.__PARA__L3-1.__PARA__L4-1.__PARA__L5-8.__PARA__L6-8.__PIPE__L0-off.__PIPE__L1-off.__PIPE__L3-NA.__TILE__L0-1.__TILE__L1-1.__TILE__L3-1,target,query,query,finetune_dataset,data_633.pt,440570.0,exphormer_lite,2,50,paper_exact_seed2,2.2522425651550293,2.2417283058166504,0.010514259338378906,0.03999999910593033,0.03843279182910919,0.0015672072768211365,0.019999999552965164,0.018893226981163025,0.0011067725718021393,0.009999999776482582,0.0790320485830307,0.06903205066919327,0.28999999165534973,0.27330175042152405,0.016698241233825684
7802cd1a71e2ebb3,gemver-medium,gemver-medium,lv2:__PARA__L0-1.__PARA__L1-1.__PARA__L2-1.__PARA__L3-1.__PARA__L4-1.__PARA__L5-1.__PARA__L6-5.__PIPE__L0-flatten.__PIPE__L1-off.__PIPE__L3-NA.__TILE__L0-1.__TILE__L1-1.__TILE__L3-1,target,query,query,finetune_dataset,data_473.pt,1021559.0,exphormer_lite,2,50,paper_exact_seed2,1.6455777883529663,1.5592734813690186,0.08630430698394775,0.6700000166893005,0.6899833083152771,0.019983291625976562,0.41999998688697815,0.42985737323760986,0.009857386350631714,1.2799999713897705,1.3632162809371948,0.08321630954742432,0.23999999463558197,0.29134753346443176,0.05134753882884979
5e03ee828b3a552d,gemver-medium,gemver-medium,lv2:__PARA__L0-1.__PARA__L1-1.__PARA__L2-1.__PARA__L3-1.__PARA__L4-1.__PARA__L5-4.__PARA__L6-2.__PIPE__L0-off.__PIPE__L1-off.__PIPE__L3-NA.__TILE__L0-1.__TILE__L1-1.__TILE__L3-1,target,query,query,finetune_dataset,data_564.pt,836863.0,exphormer_lite,2,50,paper_exact_seed2,1.789432406425476,1.745086669921875,0.044345736503601074,0.029999999329447746,0.008404091000556946,0.0215959083288908,0.009999999776482582,0.029247775673866272,0.01924777589738369,0.0,0.0384213924407959,0.0384213924407959,0.18000000715255737,0.23430860042572021,0.05430859327316284
41ded80c7ec4056e,gemver-medium,gemver-medium,lv2:__PARA__L0-1.__PARA__L1-1.__PARA__L2-1.__PARA__L3-1.__PARA__L4-1.__PARA__L5-1.__PARA__L6-2.__PIPE__L0-off.__PIPE__L1-off.__PIPE__L3-off.__TILE__L0-1.__TILE__L1-1.__TILE__L3-1,target,query,query,finetune_dataset,data_450.pt,1430412.0,exphormer_lite,2,50,paper_exact_seed2,1.402748703956604,1.2460854053497314,0.15666329860687256,0.019999999552965164,-0.039835259318351746,0.05983525887131691,0.009999999776482582,0.01912476122379303,0.009124761447310448,0.0,-0.04207637906074524,0.04207637906074524,0.11999999731779099,0.11896036565303802,0.0010396316647529602
000f3624d587129c,gemver-medium,gemver-medium,lv2:__PARA__L0-1.__PARA__L1-1.__PARA__L2-1.__PARA__L3-1.__PARA__L4-1.__PARA__L5-2.__PARA__L6-5.__PIPE__L0-flatten.__PIPE__L1-off.__PIPE__L3-NA.__TILE__L0-1.__TILE__L1-1.__TILE__L3-1,target,query,query,finetune_dataset,data_539.pt,625629.0,exphormer_lite,2,50,paper_exact_seed2,1.9992743730545044,1.943192958831787,0.056081414222717285,0.6800000071525574,0.6918209791183472,0.011820971965789795,0.41999998688697815,0.42365753650665283,0.0036575496196746826,1.2799999713897705,1.3472660779953003,0.06726610660552979,0.23999999463558197,0.3686691224575043,0.1286691278219223
4d7a6effd7b27dcd,gemver-medium,gemver-medium,lv2:__PARA__L0-1.__PARA__L1-1.__PARA__L2-1.__PARA__L3-1.__PARA__L4-1.__PARA__L5-10.__PARA__L6-10.__PIPE__L0-off.__PIPE__L1-off.__PIPE__L3-off.__TILE__L0-1.__TILE__L1-1.__TILE__L3-1,target,query,query,finetune_dataset,data_489.pt,405761.0,exphormer_lite,2,50,paper_exact_seed2,2.311613082885742,2.253887891769409,0.05772519111633301,0.03999999910593033,0.014380857348442078,0.02561914175748825,0.009999999776482582,0.007605984807014465,0.0023940149694681168,0.0,0.02983042597770691,0.02983042597770691,0.05000000074505806,0.20175053179264069,0.15175053477287292
3460f95e508f6efc,gemver-medium,gemver-medium,lv2:__PARA__L0-1.__PARA__L1-1.__PARA__L2-1.__PARA__L3-1.__PARA__L4-1.__PARA__L5-10.__PARA__L6-16.__PIPE__L0-off.__PIPE__L1-off.__PIPE__L3-NA.__TILE__L0-1.__TILE__L1-1.__TILE__L3-1,target,query,query,finetune_dataset,data_490.pt,369267.0,exphormer_lite,2,50,paper_exact_seed2,2.379595994949341,2.3182106018066406,0.061385393142700195,0.05000000074505806,0.04388444125652313,0.006115559488534927,0.019999999552965164,0.022005006670951843,0.002005007117986679,0.019999999552965164,0.08207966387271881,0.06207966431975365,0.05000000074505806,0.23223987221717834,0.18223987519741058
b447e908d3ee5320,gemver-medium,gemver-medium,lv2:__PARA__L0-1.__PARA__L1-1.__PARA__L2-1.__PARA__L3-1.__PARA__L4-1.__PARA__L5-2.__PARA__L6-8.__PIPE__L0-flatten.__PIPE__L1-off.__PIPE__L3-NA.__TILE__L0-1.__TILE__L1-1.__TILE__L3-1,target,query,query,finetune_dataset,data_545.pt,566535.0,exphormer_lite,2,50,paper_exact_seed2,2.070845603942871,2.036644697189331,0.03420090675354004,0.6800000071525574,0.7037108540534973,0.02371084690093994,0.41999998688697815,0.43408554792404175,0.014085561037063599,1.2899999618530273,1.362460732460022,0.07246077060699463,0.23999999463558197,0.36895889043807983,0.12895889580249786
07cb38f49129dd42,gemver-medium,gemver-medium,lv2:__PARA__L0-1.__PARA__L1-1.__PARA__L2-1.__PARA__L3-1.__PARA__L4-1.__PARA__L5-1.__PARA__L6-1.__PIPE__L0-flatten.__PIPE__L1-flatten.__PIPE__L3-off.__TILE__L0-1.__TILE__L1-1.__TILE__L3-8,target,query,query,finetune_dataset,data_425.pt,923083.0,exphormer_lite,2,50,paper_exact_seed2,1.7186979055404663,1.9378623962402344,0.21916449069976807,1.0,0.8730503916740417,0.12694960832595825,0.6299999952316284,0.5988669395446777,0.031133055686950684,1.75,1.2483294010162354,0.5016705989837646,0.30000001192092896,0.1385958194732666,0.16140419244766235
3f814bf3cb2014e1,gemver-medium,gemver-medium,lv2:__PARA__L0-1.__PARA__L1-1.__PARA__L2-1.__PARA__L3-1.__PARA__L4-1.__PARA__L5-1.__PARA__L6-8.__PIPE__L0-off.__PIPE__L1-off.__PIPE__L3-off.__TILE__L0-1.__TILE__L1-1.__TILE__L3-1,target,query,query,finetune_dataset,data_486.pt,1135212.0,exphormer_lite,2,50,paper_exact_seed2,1.5694831609725952,1.5430512428283691,0.026431918144226074,0.029999999329447746,-0.027613654732704163,0.05761365592479706,0.009999999776482582,0.006991878151893616,0.0030081216245889664,0.0,-0.037176430225372314,0.037176430225372314,0.11999999731779099,0.12511608004570007,0.005116082727909088
46f20070f755128c,gemver-medium,gemver-medium,lv2:__PARA__L0-1.__PARA__L1-1.__PARA__L2-1.__PARA__L3-1.__PARA__L4-1.__PARA__L5-1.__PARA__L6-1.__PIPE__L0-off.__PIPE__L1-flatten.__PIPE__L3-NA.__TILE__L0-1.__TILE__L1-1.__TILE__L3-8,target,query,query,finetune_dataset,data_431.pt,1091472.0,exphormer_lite,2,50,paper_exact_seed2,1.5978264808654785,1.7407796382904053,0.14295315742492676,0.6200000047683716,0.5655210018157959,0.054479002952575684,0.3100000023841858,0.3146020770072937,0.00460207462310791,0.6399999856948853,0.7061866521835327,0.06618666648864746,0.18000000715255737,0.21130935847759247,0.031309351325035095
06642eb004feff89,gemver-medium,gemver-medium,lv2:__PARA__L0-1.__PARA__L1-1.__PARA__L2-1.__PARA__L3-1.__PARA__L4-1.__PARA__L5-1.__PARA__L6-25.__PIPE__L0-off.__PIPE__L1-off.__PIPE__L3-NA.__TILE__L0-1.__TILE__L1-1.__TILE__L3-1,target,query,query,finetune_dataset,data_459.pt,1062228.0,exphormer_lite,2,50,paper_exact_seed2,1.617417335510254,1.5990843772888184,0.018332958221435547,0.05000000074505806,0.0015983432531356812,0.04840165749192238,0.019999999552965164,0.024112239480018616,0.0041122399270534515,0.019999999552965164,0.014203637838363647,0.005796361714601517,0.18000000715255737,0.1356739103794098,0.04432609677314758
1a4bb6b034bde6c2,gemver-medium,gemver-medium,lv2:__PARA__L0-1.__PARA__L1-1.__PARA__L2-1.__PARA__L3-1.__PARA__L4-1.__PARA__L5-8.__PARA__L6-2.__PIPE__L0-off.__PIPE__L1-off.__PIPE__L3-off.__TILE__L0-1.__TILE__L1-1.__TILE__L3-1,target,query,query,finetune_dataset,data_621.pt,741212.0,exphormer_lite,2,50,paper_exact_seed2,1.87698495388031,1.8102695941925049,0.06671535968780518,0.029999999329447746,-0.0029976963996887207,0.032997697591781616,0.009999999776482582,0.01862575113773346,0.008625751361250877,0.0,-0.009615510702133179,0.009615510702133179,0.28999999165534973,0.20053932070732117,0.08946067094802856
00a64747fe7f3e59,gemver-medium,gemver-medium,lv2:__PARA__L0-1.__PARA__L1-1.__PARA__L2-1.__PARA__L3-1.__PARA__L4-1.__PARA__L5-4.__PARA__L6-1.__PIPE__L0-flatten.__PIPE__L1-off.__PIPE__L3-off.__TILE__L0-1.__TILE__L1-1.__TILE__L3-1,target,query,query,finetune_dataset,data_550.pt,1064773.0,exphormer_lite,2,50,paper_exact_seed2,1.615691065788269,1.6707944869995117,0.055103421211242676,0.7300000190734863,0.6402015089988708,0.08979851007461548,0.4399999976158142,0.379209041595459,0.060790956020355225,1.2799999713897705,1.287448525428772,0.007448554039001465,0.4300000071525574,0.30545663833618164,0.12454336881637573
b16f47effa78ecb0,gemver-medium,gemver-medium,lv2:__PARA__L0-1.__PARA__L1-1.__PARA__L2-1.__PARA__L3-1.__PARA__L4-1.__PARA__L5-8.__PARA__L6-32.__PIPE__L0-off.__PIPE__L1-off.__PIPE__L3-off.__TILE__L0-1.__TILE__L1-1.__TILE__L3-1,target,query,query,finetune_dataset,data_626.pt,413611.0,exphormer_lite,2,50,paper_exact_seed2,2.297790765762329,2.2346434593200684,0.06314730644226074,0.05000000074505806,0.05060572922229767,0.0006057284772396088,0.019999999552965164,0.02018924057483673,0.00018924102187156677,0.019999999552965164,0.028271406888961792,0.008271407335996628,0.05999999865889549,0.15967349708080292,0.09967349469661713
768cf60a93610532,gemver-medium,gemver-medium,lv2:__PARA__L0-1.__PARA__L1-1.__PARA__L2-1.__PARA__L3-1.__PARA__L4-1.__PARA__L5-1.__PARA__L6-8.__PIPE__L0-flatten.__PIPE__L1-off.__PIPE__L3-NA.__TILE__L0-1.__TILE__L1-1.__TILE__L3-1,target,query,query,finetune_dataset,data_482.pt,962465.0,exphormer_lite,2,50,paper_exact_seed2,1.6885610818862915,1.6187691688537598,0.06979191303253174,0.6700000166893005,0.7013375163078308,0.03133749961853027,0.41999998688697815,0.44098278880119324,0.020982801914215088,1.2899999618530273,1.379048466682434,0.08904850482940674,0.23999999463558197,0.29162585735321045,0.05162586271762848
5a6308e7c3261948,gemver-medium,gemver-medium,lv2:__PARA__L0-1.__PARA__L1-1.__PARA__L2-1.__PARA__L3-1.__PARA__L4-2.__PARA__L5-1.__PARA__L6-32.__PIPE__L0-off.__PIPE__L1-flatten.__PIPE__L3-off.__TILE__L0-1.__TILE__L1-1.__TILE__L3-8,target,query,query,finetune_dataset,data_643.pt,220748.0,exphormer_lite,2,50,paper_exact_seed2,2.750727891921997,2.482120990753174,0.26860690116882324,0.6399999856948853,0.6420773863792419,0.0020774006843566895,0.3199999928474426,0.33830344676971436,0.01830345392227173,0.6800000071525574,0.7360599040985107,0.05605989694595337,0.25,0.21099500358104706,0.03900499641895294
090572995cc52263,gemver-medium,gemver-medium,lv2:__PARA__L0-1.__PARA__L1-1.__PARA__L2-1.__PARA__L3-1.__PARA__L4-1.__PARA__L5-2.__PARA__L6-20.__PIPE__L0-flatten.__PIPE__L1-off.__PIPE__L3-NA.__TILE__L0-1.__TILE__L1-1.__TILE__L3-1,target,query,query,finetune_dataset,data_523.pt,505431.0,exphormer_lite,2,50,paper_exact_seed2,2.1531710624694824,2.0845751762390137,0.06859588623046875,0.6899999976158142,0.7083829045295715,0.018382906913757324,0.4300000071525574,0.44621947407722473,0.01621946692466736,1.2999999523162842,1.3525563478469849,0.052556395530700684,0.23999999463558197,0.3336145281791687,0.09361453354358673
9bf011dc49995303,gemver-medium,gemver-medium,lv2:__PARA__L0-1.__PARA__L1-1.__PARA__L2-1.__PARA__L3-1.__PARA__L4-1.__PARA__L5-4.__PARA__L6-8.__PIPE__L0-flatten.__PIPE__L1-off.__PIPE__L3-NA.__TILE__L0-1.__TILE__L1-1.__TILE__L3-1,target,query,query,finetune_dataset,data_588.pt,367727.0,exphormer_lite,2,50,paper_exact_seed2,2.382610559463501,2.3848304748535156,0.0022199153900146484,0.7400000095367432,0.6991544961929321,0.040845513343811035,0.44999998807907104,0.43613767623901367,0.013862311840057373,1.2899999618530273,1.328306794166565,0.0383068323135376,0.4300000071525574,0.4644646942615509,0.03446468710899353
826e3156c7f5ca8b,gemver-medium,gemver-medium,lv2:__PARA__L0-1.__PARA__L1-1.__PARA__L2-1.__PARA__L3-1.__PARA__L4-1.__PARA__L5-5.__PARA__L6-16.__PIPE__L0-off.__PIPE__L1-off.__PIPE__L3-NA.__TILE__L0-1.__TILE__L1-1.__TILE__L3-1,target,query,query,finetune_dataset,data_596.pt,447470.0,exphormer_lite,2,50,paper_exact_seed2,2.241032600402832,2.218672275543213,0.02236032485961914,0.03999999910593033,0.03804631531238556,0.0019536837935447693,0.019999999552965164,0.01978406310081482,0.00021593645215034485,0.009999999776482582,0.07177630066871643,0.061776302754879,0.30000001192092896,0.23639215528964996,0.06360785663127899
ea83d34ff54ddfc6,gemver-medium,gemver-medium,lv2:__PARA__L0-1.__PARA__L1-1.__PARA__L2-1.__PARA__L3-1.__PARA__L4-1.__PARA__L5-8.__PARA__L6-5.__PIPE__L0-off.__PIPE__L1-off.__PIPE__L3-NA.__TILE__L0-1.__TILE__L1-1.__TILE__L3-1,target,query,query,finetune_dataset,data_630.pt,500868.0,exphormer_lite,2,50,paper_exact_seed2,2.159712791442871,2.1724557876586914,0.012742996215820312,0.029999999329447746,0.03015628457069397,0.00015628524124622345,0.009999999776482582,0.019572198390960693,0.009572198614478111,0.009999999776482582,0.07264341413974762,0.06264341622591019,0.28999999165534973,0.2807145118713379,0.00928547978401184
50ce49b321c5fefd,gemver-medium,gemver-medium,lv2:__PARA__L0-1.__PARA__L1-1.__PARA__L2-1.__PARA__L3-1.__PARA__L4-1.__PARA__L5-1.__PARA__L6-20.__PIPE__L0-off.__PIPE__L1-flatten.__PIPE__L3-off.__TILE__L0-1.__TILE__L1-1.__TILE__L3-8,target,query,query,finetune_dataset,data_453.pt,304465.0,exphormer_lite,2,50,paper_exact_seed2,2.5187900066375732,2.4087581634521484,0.1100318431854248,0.6200000047683716,0.6472945809364319,0.027294576168060303,0.3100000023841858,0.340289831161499,0.030289828777313232,0.6399999856948853,0.7424834370613098,0.10248345136642456,0.25999999046325684,0.18709544837474823,0.0729045420885086
2534d0e759e5071a,gemver-medium,gemver-medium,lv2:__PARA__L0-1.__PARA__L1-1.__PARA__L2-1.__PARA__L3-1.__PARA__L4-1.__PARA__L5-10.__PARA__L6-5.__PIPE__L0-off.__PIPE__L1-off.__PIPE__L3-NA.__TILE__L0-1.__TILE__L1-1.__TILE__L3-1,target,query,query,finetune_dataset,data_501.pt,479415.0,exphormer_lite,2,50,paper_exact_seed2,2.1912906169891357,2.19734787940979,0.006057262420654297,0.03999999910593033,0.030598118901252747,0.009401880204677582,0.019999999552965164,0.019658133387565613,0.0003418661653995514,0.009999999776482582,0.0746476948261261,0.06464769691228867,0.05000000074505806,0.2768073081970215,0.22680731117725372
d85aa464ab05cd12,gemver-medium,gemver-medium,lv2:__PARA__L0-1.__PARA__L1-1.__PARA__L2-1.__PARA__L3-1.__PARA__L4-1.__PARA__L5-2.__PARA__L6-1.__PIPE__L0-off.__PIPE__L1-off.__PIPE__L3-off.__TILE__L0-1.__TILE__L1-1.__TILE__L3-1,target,query,query,finetune_dataset,data_510.pt,1430413.0,exphormer_lite,2,50,paper_exact_seed2,1.4027482271194458,1.326399564743042,0.07634866237640381,0.019999999552965164,-0.02161325514316559,0.04161325469613075,0.009999999776482582,0.021963179111480713,0.01196317933499813,0.0,-0.04105234146118164,0.04105234146118164,0.11999999731779099,0.12973931431770325,0.009739316999912262
eeca14754570c01b,gemver-medium,gemver-medium,lv2:__PARA__L0-1.__PARA__L1-1.__PARA__L2-1.__PARA__L3-1.__PARA__L4-1.__PARA__L5-2.__PARA__L6-400.__PIPE__L0-flatten.__PIPE__L1-off.__PIPE__L3-off.__TILE__L0-1.__TILE__L1-1.__TILE__L3-1,target,query,query,finetune_dataset,data_537.pt,472821.0,exphormer_lite,2,50,paper_exact_seed2,2.2012810707092285,2.055448293685913,0.14583277702331543,0.699999988079071,0.7501835823059082,0.05018359422683716,0.46000000834465027,0.49888914823532104,0.038889139890670776,1.2799999713897705,1.3848963975906372,0.1048964262008667,0.23999999463558197,0.29290080070495605,0.052900806069374084
843ee3ee3066436a,gemver-medium,gemver-medium,lv2:__PARA__L0-1.__PARA__L1-1.__PARA__L2-1.__PARA__L3-1.__PARA__L4-1.__PARA__L5-4.__PARA__L6-25.__PIPE__L0-flatten.__PIPE__L1-off.__PIPE__L3-off.__TILE__L0-1.__TILE__L1-1.__TILE__L3-1,target,query,query,finetune_dataset,data_571.pt,308373.0,exphormer_lite,2,50,paper_exact_seed2,2.509589910507202,2.3838398456573486,0.12575006484985352,0.7400000095367432,0.6892408132553101,0.050759196281433105,0.44999998807907104,0.4265289306640625,0.023471057415008545,1.2799999713897705,1.2914339303970337,0.011433959007263184,0.4300000071525574,0.3752000033855438,0.05480000376701355
858ff888300b806f,gemver-medium,gemver-medium,lv2:__PARA__L0-1.__PARA__L1-1.__PARA__L2-1.__PARA__L3-1.__PARA__L4-1.__PARA__L5-1.__PARA__L6-2.__PIPE__L0-off.__PIPE__L1-flatten.__PIPE__L3-off.__TILE__L0-1.__TILE__L1-1.__TILE__L3-8,target,query,query,finetune_dataset,data_448.pt,747465.0,exphormer_lite,2,50,paper_exact_seed2,1.8709250688552856,1.6582534313201904,0.21267163753509521,0.6100000143051147,0.5759428143501282,0.03405719995498657,0.30000001192092896,0.32118457555770874,0.021184563636779785,0.6399999856948853,0.718590497970581,0.0785905122756958,0.12999999523162842,0.16934818029403687,0.03934818506240845
c29f58aa87f88211,gemver-medium,gemver-medium,lv2:__PARA__L0-1.__PARA__L1-1.__PARA__L2-1.__PARA__L3-1.__PARA__L4-1.__PARA__L5-1.__PARA__L6-16.__PIPE__L0-off.__PIPE__L1-off.__PIPE__L3-off.__TILE__L0-1.__TILE__L1-1.__TILE__L3-1,target,query,query,finetune_dataset,data_445.pt,1087212.0,exphormer_lite,2,50,paper_exact_seed2,1.6006474494934082,1.572596549987793,0.028050899505615234,0.029999999329447746,-0.025358334183692932,0.05535833537578583,0.009999999776482582,0.0021020472049713135,0.007897952571511269,0.009999999776482582,-0.039773017168045044,0.04977301508188248,0.11999999731779099,0.12030532956123352,0.0003053322434425354
7991ac02ef164882,gemver-medium,gemver-medium,lv2:__PARA__L0-1.__PARA__L1-1.__PARA__L2-1.__PARA__L3-1.__PARA__L4-1.__PARA__L5-5.__PARA__L6-20.__PIPE__L0-off.__PIPE__L1-off.__PIPE__L3-NA.__TILE__L0-1.__TILE__L1-1.__TILE__L3-1,target,query,query,finetune_dataset,data_600.pt,437419.0,exphormer_lite,2,50,paper_exact_seed2,2.257420063018799,2.224541187286377,0.032878875732421875,0.05999999865889549,0.04008089005947113,0.019919108599424362,0.019999999552965164,0.02246253192424774,0.0024625323712825775,0.009999999776482582,0.06710192561149597,0.05710192769765854,0.05999999865889549,0.22289544343948364,0.16289544105529785
cd2cbe2bb0e6451c,gemver-medium,gemver-medium,lv2:__PARA__L0-1.__PARA__L1-1.__PARA__L2-1.__PARA__L3-1.__PARA__L4-1.__PARA__L5-1.__PARA__L6-8.__PIPE__L0-off.__PIPE__L1-flatten.__PIPE__L3-off.__TILE__L0-1.__TILE__L1-1.__TILE__L3-8,target,query,query,finetune_dataset,data_484.pt,389965.0,exphormer_lite,2,50,paper_exact_seed2,2.3402557373046875,2.3596558570861816,0.01940011978149414,0.6100000143051147,0.6259660124778748,0.01596599817276001,0.3100000023841858,0.3250470757484436,0.015047073364257812,0.6399999856948853,0.7306336164474487,0.09063363075256348,0.18000000715255737,0.18453657627105713,0.004536569118499756
4e9c06a02e6815a1,gemver-medium,gemver-medium,lv2:__PARA__L0-1.__PARA__L1-1.__PARA__L2-1.__PARA__L3-1.__PARA__L4-1.__PARA__L5-1.__PARA__L6-400.__PIPE__L0-off.__PIPE__L1-flatten.__PIPE__L3-off.__TILE__L0-1.__TILE__L1-1.__TILE__L3-8,target,query,query,finetune_dataset,data_471.pt,254065.0,exphormer_lite,2,50,paper_exact_seed2,2.64932918548584,2.9274325370788574,0.2781033515930176,1.340000033378601,1.3822829723358154,0.042282938957214355,0.9599999785423279,0.9476141929626465,0.012385785579681396,2.0399999618530273,2.047428607940674,0.007428646087646484,0.30000001192092896,0.3190504014492035,0.019050389528274536
0dd2aa628d6fce9a,gemver-medium,gemver-medium,lv2:__PARA__L0-1.__PARA__L1-1.__PARA__L2-1.__PARA__L3-1.__PARA__L4-1.__PARA__L5-8.__PARA__L6-4.__PIPE__L0-off.__PIPE__L1-off.__PIPE__L3-NA.__TILE__L0-1.__TILE__L1-1.__TILE__L3-1,target,query,query,finetune_dataset,data_627.pt,540266.0,exphormer_lite,2,50,paper_exact_seed2,2.105093240737915,2.116665840148926,0.011572599411010742,0.029999999329447746,0.025265604257583618,0.004734395071864128,0.009999999776482582,0.02019377052783966,0.010193770751357079,0.009999999776482582,0.06717826426029205,0.05717826634645462,0.28999999165534973,0.279288113117218,0.010711878538131714
6d6bafe460da6a50,gemver-medium,gemver-medium,lv2:__PARA__L0-1.__PARA__L1-1.__PARA__L2-1.__PARA__L3-1.__PARA__L4-1.__PARA__L5-8.__PARA__L6-8.__PIPE__L0-off.__PIPE__L1-off.__PIPE__L3-off.__TILE__L0-1.__TILE__L1-1.__TILE__L3-1,target,query,query,finetune_dataset,data_634.pt,446812.0,exphormer_lite,2,50,paper_exact_seed2,2.242094039916992,2.206268548965454,0.035825490951538086,0.029999999329447746,0.015319183468818665,0.014680815860629082,0.009999999776482582,0.008298099040985107,0.0017019007354974747,0.0,0.022572427988052368,0.022572427988052368,0.28999999165534973,0.21707981824874878,0.07292017340660095
57db2cdf99ad2535,gemver-medium,gemver-medium,lv2:__PARA__L0-1.__PARA__L1-1.__PARA__L2-1.__PARA__L3-1.__PARA__L4-1.__PARA__L5-1.__PARA__L6-4.__PIPE__L0-flatten.__PIPE__L1-off.__PIPE__L3-NA.__TILE__L0-1.__TILE__L1-1.__TILE__L3-1,target,query,query,finetune_dataset,data_465.pt,1062161.0,exphormer_lite,2,50,paper_exact_seed2,1.6174628734588623,1.519982099533081,0.09748077392578125,0.6700000166893005,0.6822755932807922,0.0122755765914917,0.41999998688697815,0.42407530546188354,0.0040753185749053955,1.2799999713897705,1.3546921014785767,0.07469213008880615,0.23999999463558197,0.28444188833236694,0.04444189369678497
83417ac8d1dc1106,gemver-medium,gemver-medium,lv2:__PARA__L0-1.__PARA__L1-1.__PARA__L2-1.__PARA__L3-1.__PARA__L4-1.__PARA__L5-1.__PARA__L6-10.__PIPE__L0-off.__PIPE__L1-off.__PIPE__L3-off.__TILE__L0-1.__TILE__L1-1.__TILE__L3-1,target,query,query,finetune_dataset,data_440.pt,1116412.0,exphormer_lite,2,50,paper_exact_seed2,1.5815292596817017,1.5541267395019531,0.027402520179748535,0.029999999329447746,-0.026346996426582336,0.05634699761867523,0.009999999776482582,0.005126342177391052,0.00487365759909153,0.0,-0.03918957710266113,0.03918957710266113,0.11999999731779099,0.12314202636480331,0.003142029047012329
6498f25beb6ad580,gemver-medium,gemver-medium,lv2:__PARA__L0-1.__PARA__L1-1.__PARA__L2-1.__PARA__L3-1.__PARA__L4-1.__PARA__L5-5.__PARA__L6-25.__PIPE__L0-off.__PIPE__L1-off.__PIPE__L3-NA.__TILE__L0-1.__TILE__L1-1.__TILE__L3-1,target,query,query,finetune_dataset,data_602.pt,429379.0,exphormer_lite,2,50,paper_exact_seed2,2.2708022594451904,2.2277164459228516,0.04308581352233887,0.07999999821186066,0.04493625462055206,0.035063743591308594,0.029999999329447746,0.026470988988876343,0.0035290103405714035,0.019999999552965164,0.05888986587524414,0.038889866322278976,0.05999999865889549,0.21385180950164795,0.15385180711746216
5bbc7c58da47afbc,gemver-medium,gemver-medium,lv2:__PARA__L0-1.__PARA__L1-1.__PARA__L2-1.__PARA__L3-1.__PARA__L4-1.__PARA__L5-1.__PARA__L6-64.__PIPE__L0-off.__PIPE__L1-off.__PIPE__L3-off.__TILE__L0-1.__TILE__L1-1.__TILE__L3-1,target,query,query,finetune_dataset,data_481.pt,1093212.0,exphormer_lite,2,50,paper_exact_seed2,1.5966774225234985,1.6753292083740234,0.0786517858505249,0.05999999865889549,-0.017708197236061096,0.07770819962024689,0.029999999329447746,0.05674837529659271,0.026748375967144966,0.03999999910593033,0.05037727952003479,0.010377280414104462,0.28999999165534973,0.19169765710830688,0.09830233454704285
7204e0306d235f1d,gemver-medium,gemver-medium,lv2:__PARA__L0-1.__PARA__L1-1.__PARA__L2-1.__PARA__L3-1.__PARA__L4-1.__PARA__L5-5.__PARA__L6-25.__PIPE__L0-off.__PIPE__L1-off.__PIPE__L3-off.__TILE__L0-1.__TILE__L1-1.__TILE__L3-1,target,query,query,finetune_dataset,data_603.pt,437963.0,exphormer_lite,2,50,paper_exact_seed2,2.256523609161377,2.1874325275421143,0.0690910816192627,0.07000000029802322,0.020057424902915955,0.04994257539510727,0.019999999552965164,0.010663926601409912,0.009336072951555252,0.009999999776482582,0.007928729057312012,0.0020712707191705704,0.05999999865889549,0.1634908765554428,0.10349087417125702
15a680d728ab4220,gemver-medium,gemver-medium,lv2:__PARA__L0-1.__PARA__L1-1.__PARA__L2-1.__PARA__L3-1.__PARA__L4-1.__PARA__L5-2.__PARA__L6-20.__PIPE__L0-flatten.__PIPE__L1-off.__PIPE__L3-off.__TILE__L0-1.__TILE__L1-1.__TILE__L3-1,target,query,query,finetune_dataset,data_524.pt,513973.0,exphormer_lite,2,50,paper_exact_seed2,2.1410818099975586,1.9997138977050781,0.14136791229248047,0.6800000071525574,0.6905021667480469,0.010502159595489502,0.41999998688697815,0.42448747158050537,0.004487484693527222,1.2799999713897705,1.3292639255523682,0.049263954162597656,0.23999999463558197,0.27992990612983704,0.039929911494255066
2e8b186c17d162d3,gemver-medium,gemver-medium,lv2:__PARA__L0-1.__PARA__L1-1.__PARA__L2-1.__PARA__L3-1.__PARA__L4-1.__PARA__L5-2.__PARA__L6-32.__PIPE__L0-off.__PIPE__L1-off.__PIPE__L3-off.__TILE__L0-1.__TILE__L1-1.__TILE__L3-1,target,query,query,finetune_dataset,data_532.pt,707213.0,exphormer_lite,2,50,paper_exact_seed2,1.9108556509017944,1.756367564201355,0.15448808670043945,0.03999999910593033,0.021489933133125305,0.018510065972805023,0.019999999552965164,0.017608314752578735,0.002391684800386429,0.019999999552965164,-0.022554904222488403,0.04255490377545357,0.18000000715255737,0.13461989164352417,0.0453801155090332
d47a24b4ad9d0e97,gemver-medium,gemver-medium,lv2:__PARA__L0-1.__PARA__L1-1.__PARA__L2-1.__PARA__L3-1.__PARA__L4-2.__PARA__L5-1.__PARA__L6-2.__PIPE__L0-off.__PIPE__L1-flatten.__PIPE__L3-off.__TILE__L0-1.__TILE__L1-1.__TILE__L3-8,target,query,query,finetune_dataset,data_639.pt,667535.0,exphormer_lite,2,50,paper_exact_seed2,1.9525063037872314,1.7689955234527588,0.18351078033447266,0.6100000143051147,0.5693312287330627,0.040668785572052,0.30000001192092896,0.31010401248931885,0.010104000568389893,0.6399999856948853,0.7087264060974121,0.06872642040252686,0.12999999523162842,0.16736701130867004,0.037367016077041626
ad4900e68c105b97,gemver-medium,gemver-medium,lv2:__PARA__L0-1.__PARA__L1-1.__PARA__L2-1.__PARA__L3-1.__PARA__L4-1.__PARA__L5-4.__PARA__L6-1.__PIPE__L0-off.__PIPE__L1-off.__PIPE__L3-off.__TILE__L0-1.__TILE__L1-1.__TILE__L3-1,target,query,query,finetune_dataset,data_553.pt,1233213.0,exphormer_lite,2,50,paper_exact_seed2,1.5097529888153076,1.587920904159546,0.07816791534423828,0.029999999329447746,-0.007214054465293884,0.03721405565738678,0.009999999776482582,0.024422645568847656,0.014422645792365074,0.0,-0.027404814958572388,0.027404814958572388,0.18000000715255737,0.17779001593589783,0.002209991216659546
82152443b2a642c2,gemver-medium,gemver-medium,lv2:__PARA__L0-1.__PARA__L1-1.__PARA__L2-1.__PARA__L3-1.__PARA__L4-2.__PARA__L5-1.__PARA__L6-64.__PIPE__L0-off.__PIPE__L1-flatten.__PIPE__L3-NA.__TILE__L0-1.__TILE__L1-1.__TILE__L3-8,target,query,query,finetune_dataset,data_646.pt,210348.0,exphormer_lite,2,50,paper_exact_seed2,2.785539150238037,2.475119113922119,0.31042003631591797,0.6499999761581421,0.601427435874939,0.048572540283203125,0.33000001311302185,0.3271762728691101,0.002823740243911743,0.6800000071525574,0.6957061290740967,0.015706121921539307,0.36000001430511475,0.3020820617675781,0.05791795253753662
9a08c89cf92ce513,gemver-medium,gemver-medium,lv2:__PARA__L0-1.__PARA__L1-1.__PARA__L2-1.__PARA__L3-1.__PARA__L4-1.__PARA__L5-2.__PARA__L6-16.__PIPE__L0-flatten.__PIPE__L1-off.__PIPE__L3-off.__TILE__L0-1.__TILE__L1-1.__TILE__L3-1,target,query,query,finetune_dataset,data_516.pt,523973.0,exphormer_lite,2,50,paper_exact_seed2,2.1271817684173584,2.006544828414917,0.1206369400024414,0.6700000166893005,0.6915975213050842,0.02159750461578369,0.41999998688697815,0.4236624240875244,0.0036624372005462646,1.2799999713897705,1.3360658884048462,0.056065917015075684,0.23999999463558197,0.2889702320098877,0.048970237374305725
6ad7d75582a01bd8,gemver-medium,gemver-medium,lv2:__PARA__L0-1.__PARA__L1-1.__PARA__L2-1.__PARA__L3-1.__PARA__L4-1.__PARA__L5-4.__PARA__L6-16.__PIPE__L0-flatten.__PIPE__L1-off.__PIPE__L3-off.__TILE__L0-1.__TILE__L1-1.__TILE__L3-1,target,query,query,finetune_dataset,data_559.pt,325973.0,exphormer_lite,2,50,paper_exact_seed2,2.4695518016815186,2.378948926925659,0.09060287475585938,0.7300000190734863,0.6901249885559082,0.039875030517578125,0.4399999976158142,0.4267546534538269,0.013245344161987305,1.2799999713897705,1.3070772886276245,0.027077317237854004,0.4300000071525574,0.3872317969799042,0.0427682101726532
f2382c4833c27b31,gemver-medium,gemver-medium,lv2:__PARA__L0-1.__PARA__L1-1.__PARA__L2-1.__PARA__L3-1.__PARA__L4-1.__PARA__L5-10.__PARA__L6-25.__PIPE__L0-off.__PIPE__L1-off.__PIPE__L3-NA.__TILE__L0-1.__TILE__L1-1.__TILE__L3-1,target,query,query,finetune_dataset,data_496.pt,351177.0,exphormer_lite,2,50,paper_exact_seed2,2.4158289432525635,2.3352389335632324,0.08059000968933105,0.10999999940395355,0.052135124802589417,0.057864874601364136,0.029999999329447746,0.028580978512763977,0.0014190208166837692,0.019999999552965164,0.06822378933429718,0.048223789781332016,0.05000000074505806,0.21004128456115723,0.16004128754138947
f0b85143c160e227,gemver-medium,gemver-medium,lv2:__PARA__L0-1.__PARA__L1-1.__PARA__L2-1.__PARA__L3-1.__PARA__L4-1.__PARA__L5-2.__PARA__L6-64.__PIPE__L0-off.__PIPE__L1-off.__PIPE__L3-off.__TILE__L0-1.__TILE__L1-1.__TILE__L3-1,target,query,query,finetune_dataset,data_544.pt,698013.0,exphormer_lite,2,50,paper_exact_seed2,1.9203011989593506,1.853898525238037,0.06640267372131348,0.05999999865889549,0.02736714482307434,0.03263285383582115,0.029999999329447746,0.05393823981285095,0.023938240483403206,0.03999999910593033,0.06589747965335846,0.02589748054742813,0.28999999165534973,0.19496816396713257,0.09503182768821716
86c9a90f08622c5e,gemver-medium,gemver-medium,lv2:__PARA__L0-1.__PARA__L1-1.__PARA__L2-1.__PARA__L3-1.__PARA__L4-1.__PARA__L5-4.__PARA__L6-64.__PIPE__L0-off.__PIPE__L1-off.__PIPE__L3-off.__TILE__L0-1.__TILE__L1-1.__TILE__L3-1,target,query,query,finetune_dataset,data_587.pt,501213.0,exphormer_lite,2,50,paper_exact_seed2,2.1592161655426025,2.2210488319396973,0.06183266639709473,0.07000000029802322,0.0757928341627121,0.005792833864688873,0.029999999329447746,0.054840490221977234,0.024840490892529488,0.03999999910593033,0.08909688889980316,0.04909688979387283,0.05999999865889549,0.2426454722881317,0.18264546990394592
af43dc6e8bb3ccc6,gemver-medium,gemver-medium,lv2:__PARA__L0-1.__PARA__L1-1.__PARA__L2-1.__PARA__L3-1.__PARA__L4-1.__PARA__L5-4.__PARA__L6-10.__PIPE__L0-flatten.__PIPE__L1-off.__PIPE__L3-off.__TILE__L0-1.__TILE__L1-1.__TILE__L3-1,target,query,query,finetune_dataset,data_555.pt,354373.0,exphormer_lite,2,50,paper_exact_seed2,2.4092936515808105,2.3534607887268066,0.055832862854003906,0.7300000190734863,0.6875450611114502,0.04245495796203613,0.4399999976158142,0.41945987939834595,0.02054011821746826,1.2799999713897705,1.3043162822723389,0.02431631088256836,0.4300000071525574,0.4071381688117981,0.022861838340759277
cdcc51c6c395351b,gemver-medium,gemver-medium,lv2:__PARA__L0-1.__PARA__L1-1.__PARA__L2-1.__PARA__L3-1.__PARA__L4-1.__PARA__L5-2.__PARA__L6-32.__PIPE__L0-flatten.__PIPE__L1-off.__PIPE__L3-off.__TILE__L0-1.__TILE__L1-1.__TILE__L3-1,target,query,query,finetune_dataset,data_531.pt,539573.0,exphormer_lite,2,50,paper_exact_seed2,2.1060190200805664,1.9261903762817383,0.17982864379882812,0.6800000071525574,0.6693982481956482,0.01060175895690918,0.4300000071525574,0.412250816822052,0.01774919033050537,1.2799999713897705,1.3231568336486816,0.04315686225891113,0.23999999463558197,0.2531086206436157,0.013108626008033752
b25403802978da1b,gemver-medium,gemver-medium,lv2:__PARA__L0-1.__PARA__L1-1.__PARA__L2-1.__PARA__L3-1.__PARA__L4-1.__PARA__L5-2.__PARA__L6-20.__PIPE__L0-off.__PIPE__L1-off.__PIPE__L3-off.__TILE__L0-1.__TILE__L1-1.__TILE__L3-1,target,query,query,finetune_dataset,data_526.pt,682413.0,exphormer_lite,2,50,paper_exact_seed2,1.9366055727005005,1.7989742755889893,0.13763129711151123,0.03999999910593033,-0.00782245397567749,0.04782245308160782,0.019999999552965164,0.00415608286857605,0.015843916684389114,0.009999999776482582,-0.02992531657218933,0.039925314486026764,0.18000000715255737,0.11794593930244446,0.062054067850112915
5866cbdc49313267,gemver-medium,gemver-medium,lv2:__PARA__L0-1.__PARA__L1-1.__PARA__L2-1.__PARA__L3-1.__PARA__L4-1.__PARA__L5-5.__PARA__L6-5.__PIPE__L0-off.__PIPE__L1-off.__PIPE__L3-off.__TILE__L0-1.__TILE__L1-1.__TILE__L3-1,target,query,query,finetune_dataset,data_608.pt,561964.0,exphormer_lite,2,50,paper_exact_seed2,2.0766892433166504,2.0544912815093994,0.022197961807250977,0.029999999329447746,0.009605571627616882,0.020394427701830864,0.009999999776482582,0.00930313766002655,0.0006968621164560318,0.0,0.005212217569351196,0.005212217569351196,0.30000001192092896,0.23007437586784363,0.06992563605308533
050828280a5cdd83,gemver-medium,gemver-medium,lv2:__PARA__L0-1.__PARA__L1-1.__PARA__L2-1.__PARA__L3-1.__PARA__L4-1.__PARA__L5-2.__PARA__L6-4.__PIPE__L0-off.__PIPE__L1-off.__PIPE__L3-NA.__TILE__L0-1.__TILE__L1-1.__TILE__L3-1,target,query,query,finetune_dataset,data_535.pt,833867.0,exphormer_lite,2,50,paper_exact_seed2,1.7920194864273071,1.7014508247375488,0.0905686616897583,0.029999999329447746,-0.005555316805839539,0.035555317997932434,0.009999999776482582,0.01982344686985016,0.009823447093367577,0.0,0.038297951221466064,0.038297951221466064,0.11999999731779099,0.20775344967842102,0.08775345236063004
f4eea9d04231cbfb,gemver-medium,gemver-medium,lv2:__PARA__L0-1.__PARA__L1-1.__PARA__L2-1.__PARA__L3-1.__PARA__L4-1.__PARA__L5-4.__PARA__L6-2.__PIPE__L0-flatten.__PIPE__L1-off.__PIPE__L3-off.__TILE__L0-1.__TILE__L1-1.__TILE__L3-1,target,query,query,finetune_dataset,data_563.pt,669173.0,exphormer_lite,2,50,paper_exact_seed2,1.9507384300231934,1.8873286247253418,0.06340980529785156,0.7300000190734863,0.6362580060958862,0.0937420129776001,0.4399999976158142,0.3882657289505005,0.05173426866531372,1.2799999713897705,1.3014849424362183,0.021484971046447754,0.4300000071525574,0.3364848494529724,0.09351515769958496
f1c328c827d09e9c,gemver-medium,gemver-medium,lv2:__PARA__L0-1.__PARA__L1-1.__PARA__L2-1.__PARA__L3-1.__PARA__L4-1.__PARA__L5-1.__PARA__L6-4.__PIPE__L0-flatten.__PIPE__L1-off.__PIPE__L3-off.__TILE__L0-1.__TILE__L1-1.__TILE__L3-1,target,query,query,finetune_dataset,data_466.pt,1065503.0,exphormer_lite,2,50,paper_exact_seed2,1.615196704864502,1.4579914808273315,0.1572052240371704,0.6700000166893005,0.666969895362854,0.003030121326446533,0.41999998688697815,0.39757150411605835,0.0224284827709198,1.2799999713897705,1.3380664587020874,0.058066487312316895,0.23999999463558197,0.23661868274211884,0.0033813118934631348
41643b6d806087fa,gemver-medium,gemver-medium,lv2:__PARA__L0-1.__PARA__L1-1.__PARA__L2-1.__PARA__L3-1.__PARA__L4-1.__PARA__L5-2.__PARA__L6-25.__PIPE__L0-off.__PIPE__L1-off.__PIPE__L3-NA.__TILE__L0-1.__TILE__L1-1.__TILE__L3-1,target,query,query,finetune_dataset,data_529.pt,665829.0,exphormer_lite,2,50,paper_exact_seed2,1.9543522596359253,1.841965675354004,0.11238658428192139,0.05000000074505806,0.010873332619667053,0.039126668125391006,0.019999999552965164,0.022427141666412354,0.0024271421134471893,0.019999999552965164,0.026610255241394043,0.006610255688428879,0.18000000715255737,0.15125469863414764,0.02874530851840973
c453bfa6fbe16f91,gemver-medium,gemver-medium,lv2:__PARA__L0-1.__PARA__L1-1.__PARA__L2-1.__PARA__L3-1.__PARA__L4-1.__PARA__L5-1.__PARA__L6-1.__PIPE__L0-off.__PIPE__L1-off.__PIPE__L3-flatten.__TILE__L0-1.__TILE__L1-1.__TILE__L3-1,target,query,query,finetune_dataset,data_434.pt,1020064.0,exphormer_lite,2,50,paper_exact_seed2,1.6466342210769653,1.4638762474060059,0.18275797367095947,0.4099999964237213,0.5913196802139282,0.1813196837902069,0.28999999165534973,0.3782692551612854,0.08826926350593567,0.6399999856948853,1.0148489475250244,0.37484896183013916,0.23999999463558197,0.332502543926239,0.09250254929065704
ecfb96f63a221e62,gemver-medium,gemver-medium,lv2:__PARA__L0-1.__PARA__L1-1.__PARA__L2-1.__PARA__L3-1.__PARA__L4-1.__PARA__L5-4.__PARA__L6-8.__PIPE__L0-flatten.__PIPE__L1-off.__PIPE__L3-off.__TILE__L0-1.__TILE__L1-1.__TILE__L3-1,target,query,query,finetune_dataset,data_589.pt,373973.0,exphormer_lite,2,50,paper_exact_seed2,2.3704609870910645,2.3378705978393555,0.032590389251708984,0.7300000190734863,0.6833012104034424,0.046698808670043945,0.4399999976158142,0.4154781103134155,0.02452188730239868,1.2799999713897705,1.3033000230789185,0.02330005168914795,0.4300000071525574,0.41293227672576904,0.01706773042678833
9fdaad6156127ccf,gemver-medium,gemver-medium,lv2:__PARA__L0-1.__PARA__L1-1.__PARA__L2-1.__PARA__L3-1.__PARA__L4-1.__PARA__L5-2.__PARA__L6-25.__PIPE__L0-flatten.__PIPE__L1-off.__PIPE__L3-off.__TILE__L0-1.__TILE__L1-1.__TILE__L3-1,target,query,query,finetune_dataset,data_528.pt,505973.0,exphormer_lite,2,50,paper_exact_seed2,2.152397871017456,1.9864709377288818,0.16592693328857422,0.6800000071525574,0.6875988245010376,0.007598817348480225,0.41999998688697815,0.42343831062316895,0.003438323736190796,1.2799999713897705,1.3192306756973267,0.03923070430755615,0.23999999463558197,0.27428489923477173,0.03428490459918976
ad996a6ca183f670,gemver-medium,gemver-medium,lv2:__PARA__L0-1.__PARA__L1-1.__PARA__L2-1.__PARA__L3-1.__PARA__L4-1.__PARA__L5-1.__PARA__L6-2.__PIPE__L0-flatten.__PIPE__L1-off.__PIPE__L3-off.__TILE__L0-1.__TILE__L1-1.__TILE__L3-1,target,query,query,finetune_dataset,data_447.pt,1265103.0,exphormer_lite,2,50,paper_exact_seed2,1.4913365840911865,1.3207430839538574,0.1705935001373291,0.6700000166893005,0.6075789928436279,0.06242102384567261,0.41999998688697815,0.37887120246887207,0.04112878441810608,1.2799999713897705,1.3074619770050049,0.027462005615234375,0.23999999463558197,0.21686667203903198,0.023133322596549988
9437db7693f1d995,gemver-medium,gemver-medium,lv2:__PARA__L0-1.__PARA__L1-1.__PARA__L2-1.__PARA__L3-1.__PARA__L4-2.__PARA__L5-1.__PARA__L6-10.__PIPE__L0-off.__PIPE__L1-flatten.__PIPE__L3-off.__TILE__L0-1.__TILE__L1-1.__TILE__L3-8,target,query,query,finetune_dataset,data_637.pt,281535.0,exphormer_lite,2,50,paper_exact_seed2,2.575270891189575,2.43375563621521,0.14151525497436523,0.6100000143051147,0.6232314705848694,0.013231456279754639,0.3100000023841858,0.31731873750686646,0.007318735122680664,0.6399999856948853,0.7227374315261841,0.08273744583129883,0.1899999976158142,0.18514248728752136,0.004857510328292847
2932f44c3f2bc533,gemver-medium,gemver-medium,lv2:__PARA__L0-1.__PARA__L1-1.__PARA__L2-1.__PARA__L3-1.__PARA__L4-1.__PARA__L5-1.__PARA__L6-1.__PIPE__L0-flatten.__PIPE__L1-off.__PIPE__L3-off.__TILE__L0-1.__TILE__L1-1.__TILE__L3-1,target,query,query,finetune_dataset,data_430.pt,1657103.0,exphormer_lite,2,50,paper_exact_seed2,1.2966324090957642,1.2228342294692993,0.07379817962646484,0.6399999856948853,0.5812512040138245,0.05874878168106079,0.41999998688697815,0.36821120977401733,0.051788777112960815,1.2799999713897705,1.2860302925109863,0.00603032112121582,0.23999999463558197,0.2133345901966095,0.026665404438972473
4bb451a569de3df5,gemver-medium,gemver-medium,lv2:__PARA__L0-1.__PARA__L1-1.__PARA__L2-1.__PARA__L3-1.__PARA__L4-1.__PARA__L5-8.__PARA__L6-20.__PIPE__L0-off.__PIPE__L1-off.__PIPE__L3-off.__TILE__L0-1.__TILE__L1-1.__TILE__L3-1,target,query,query,finetune_dataset,data_623.pt,388411.0,exphormer_lite,2,50,paper_exact_seed2,2.3431360721588135,2.2671260833740234,0.07600998878479004,0.05000000074505806,0.01648099720478058,0.03351900354027748,0.019999999552965164,0.008267313241958618,0.011732686311006546,0.009999999776482582,0.025452762842178345,0.015452763065695763,0.05999999865889549,0.16485607624053955,0.10485607385635376
aa2e9802151958d2,gemver-medium,gemver-medium,lv2:__PARA__L0-1.__PARA__L1-1.__PARA__L2-1.__PARA__L3-1.__PARA__L4-1.__PARA__L5-10.__PARA__L6-2.__PIPE__L0-off.__PIPE__L1-off.__PIPE__L3-NA.__TILE__L0-1.__TILE__L1-1.__TILE__L3-1,target,query,query,finetune_dataset,data_492.pt,720213.0,exphormer_lite,2,50,paper_exact_seed2,1.8977162837982178,1.8716044425964355,0.026111841201782227,0.03999999910593033,0.015026703476905823,0.024973295629024506,0.009999999776482582,0.027658537030220032,0.01765853725373745,0.009999999776482582,0.04750591516494751,0.03750591725111008,0.05000000074505806,0.23754018545150757,0.1875401884317398
6f8fa15b227a2a9b,gemver-medium,gemver-medium,lv2:__PARA__L0-1.__PARA__L1-1.__PARA__L2-1.__PARA__L3-1.__PARA__L4-1.__PARA__L5-10.__PARA__L6-2.__PIPE__L0-off.__PIPE__L1-off.__PIPE__L3-off.__TILE__L0-1.__TILE__L1-1.__TILE__L3-1,target,query,query,finetune_dataset,data_493.pt,720961.0,exphormer_lite,2,50,paper_exact_seed2,1.8969675302505493,1.8314303159713745,0.0655372142791748,0.03999999910593033,-0.0036378949880599976,0.043637894093990326,0.009999999776482582,0.018066957592964172,0.00806695781648159,0.0,-0.007233709096908569,0.007233709096908569,0.05000000074505806,0.19487696886062622,0.14487697184085846
e479489c10e97e63,gemver-medium,gemver-medium,lv2:__PARA__L0-1.__PARA__L1-1.__PARA__L2-1.__PARA__L3-1.__PARA__L4-1.__PARA__L5-8.__PARA__L6-20.__PIPE__L0-off.__PIPE__L1-off.__PIPE__L3-NA.__TILE__L0-1.__TILE__L1-1.__TILE__L3-1,target,query,query,finetune_dataset,data_622.pt,379867.0,exphormer_lite,2,50,paper_exact_seed2,2.3591809272766113,2.3000688552856445,0.0591120719909668,0.05999999865889549,0.04655426740646362,0.01344573125243187,0.029999999329447746,0.02404123544692993,0.005958763882517815,0.019999999552965164,0.07508058845996857,0.0550805889070034,0.05999999865889549,0.22278892993927002,0.16278892755508423
8df81f2d5dd78bc5,gemver-medium,gemver-medium,lv2:__PARA__L0-1.__PARA__L1-1.__PARA__L2-1.__PARA__L3-1.__PARA__L4-1.__PARA__L5-5.__PARA__L6-64.__PIPE__L0-off.__PIPE__L1-off.__PIPE__L3-off.__TILE__L0-1.__TILE__L1-1.__TILE__L3-1,target,query,query,finetune_dataset,data_609.pt,462363.0,exphormer_lite,2,50,paper_exact_seed2,2.2174150943756104,2.2574002742767334,0.03998517990112305,0.07999999821186066,0.08108821511268616,0.0010882169008255005,0.03999999910593033,0.055052146315574646,0.015052147209644318,0.03999999910593033,0.09426082670688629,0.05426082760095596,0.05999999865889549,0.2479707896709442,0.18797078728675842
13d51c60d3db7723,gemver-medium,gemver-medium,lv2:__PARA__L0-1.__PARA__L1-1.__PARA__L2-1.__PARA__L3-1.__PARA__L4-1.__PARA__L5-4.__PARA__L6-10.__PIPE__L0-off.__PIPE__L1-off.__PIPE__L3-off.__TILE__L0-1.__TILE__L1-1.__TILE__L3-1,target,query,query,finetune_dataset,data_557.pt,523213.0,exphormer_lite,2,50,paper_exact_seed2,2.1282289028167725,2.0995726585388184,0.0286562442779541,0.029999999329447746,0.010717377066612244,0.019282622262835503,0.009999999776482582,0.006845757365226746,0.0031542424112558365,0.0,0.004011332988739014,0.004011332988739014,0.18000000715255737,0.201997309923172,0.021997302770614624
979644bcd6761137,gemver-medium,gemver-medium,lv2:__PARA__L0-1.__PARA__L1-1.__PARA__L2-1.__PARA__L3-1.__PARA__L4-1.__PARA__L5-1.__PARA__L6-10.__PIPE__L0-off.__PIPE__L1-flatten.__PIPE__L3-off.__TILE__L0-1.__TILE__L1-1.__TILE__L3-8,target,query,query,finetune_dataset,data_438.pt,361465.0,exphormer_lite,2,50,paper_exact_seed2,2.3950002193450928,2.376481533050537,0.018518686294555664,0.6100000143051147,0.6319649815559387,0.021964967250823975,0.3100000023841858,0.32853788137435913,0.01853787899017334,0.6399999856948853,0.7339754700660706,0.0939754843711853,0.1899999976158142,0.1854633390903473,0.004536658525466919
7431bdb2627f50c0,gemver-medium,gemver-medium,lv2:__PARA__L0-1.__PARA__L1-1.__PARA__L2-1.__PARA__L3-1.__PARA__L4-2.__PARA__L5-1.__PARA__L6-1.__PIPE__L0-off.__PIPE__L1-flatten.__PIPE__L3-NA.__TILE__L0-1.__TILE__L1-1.__TILE__L3-8,target,query,query,finetune_dataset,data_635.pt,1011542.0,exphormer_lite,2,50,paper_exact_seed2,1.6526858806610107,1.8131128549575806,0.16042697429656982,0.6200000047683716,0.5583491921424866,0.06165081262588501,0.3100000023841858,0.3065946102142334,0.0034053921699523926,0.6399999856948853,0.697368860244751,0.05736887454986572,0.18000000715255737,0.20904169976711273,0.02904169261455536
46beeb5ba9e62c65,gemver-medium,gemver-medium,lv2:__PARA__L0-1.__PARA__L1-1.__PARA__L2-1.__PARA__L3-1.__PARA__L4-1.__PARA__L5-4.__PARA__L6-20.__PIPE__L0-flatten.__PIPE__L1-off.__PIPE__L3-off.__TILE__L0-1.__TILE__L1-1.__TILE__L3-1,target,query,query,finetune_dataset,data_567.pt,316373.0,exphormer_lite,2,50,paper_exact_seed2,2.491114854812622,2.3838624954223633,0.10725235939025879,0.7400000095367432,0.6900455951690674,0.04995441436767578,0.44999998807907104,0.4275035858154297,0.022496402263641357,1.2799999713897705,1.300926685333252,0.020926713943481445,0.4300000071525574,0.37858617305755615,0.05141383409500122
9bd5be897febc88c,gemver-medium,gemver-medium,lv2:__PARA__L0-1.__PARA__L1-1.__PARA__L2-1.__PARA__L3-1.__PARA__L4-1.__PARA__L5-4.__PARA__L6-2.__PIPE__L0-off.__PIPE__L1-off.__PIPE__L3-off.__TILE__L0-1.__TILE__L1-1.__TILE__L3-1,target,query,query,finetune_dataset,data_565.pt,837213.0,exphormer_lite,2,50,paper_exact_seed2,1.789130687713623,1.7107133865356445,0.07841730117797852,0.029999999329447746,-0.00757347047328949,0.037573471665382385,0.009999999776482582,0.02111828327178955,0.011118283495306969,0.0,-0.019683629274368286,0.019683629274368286,0.18000000715255737,0.2052319049835205,0.025231897830963135
92b03a2db6f6bb51,gemver-medium,gemver-medium,lv2:__PARA__L0-1.__PARA__L1-1.__PARA__L2-1.__PARA__L3-1.__PARA__L4-1.__PARA__L5-1.__PARA__L6-1.__PIPE__L0-flatten.__PIPE__L1-off.__PIPE__L3-flatten.__TILE__L0-1.__TILE__L1-1.__TILE__L3-1,target,query,query,finetune_dataset,data_429.pt,851559.0,exphormer_lite,2,50,paper_exact_seed2,1.7768748998641968,1.6799184083938599,0.09695649147033691,0.699999988079071,0.8754576444625854,0.1754576563835144,0.4699999988079071,0.6119642853736877,0.14196428656578064,1.2799999713897705,1.503319263458252,0.22331929206848145,0.23999999463558197,0.21168161928653717,0.0283183753490448
01e5f16a1216bb57,gemver-medium,gemver-medium,lv2:__PARA__L0-1.__PARA__L1-1.__PARA__L2-1.__PARA__L3-8.__PARA__L4-1.__PARA__L5-1.__PARA__L6-1.__PIPE__L0-flatten.__PIPE__L1-off.__PIPE__L3-off.__TILE__L0-1.__TILE__L1-1.__TILE__L3-1,target,query,query,finetune_dataset,data_650.pt,1689719.0,exphormer_lite,2,50,paper_exact_seed2,1.2825723886489868,1.2698867321014404,0.012685656547546387,0.6499999761581421,0.6666723489761353,0.016672372817993164,0.41999998688697815,0.43713587522506714,0.01713588833808899,1.2799999713897705,1.3623732328414917,0.08237326145172119,0.23999999463558197,0.22817596793174744,0.011824026703834534
89d7ff444c80ab8f,gemver-medium,gemver-medium,lv2:__PARA__L0-1.__PARA__L1-1.__PARA__L2-1.__PARA__L3-1.__PARA__L4-1.__PARA__L5-1.__PARA__L6-20.__PIPE__L0-off.__PIPE__L1-off.__PIPE__L3-off.__TILE__L0-1.__TILE__L1-1.__TILE__L3-1,target,query,query,finetune_dataset,data_455.pt,1078412.0,exphormer_lite,2,50,paper_exact_seed2,1.606509804725647,1.5686445236206055,0.037865281105041504,0.029999999329447746,-0.027472689747810364,0.05747269093990326,0.019999999552965164,0.0037119239568710327,0.01628807559609413,0.009999999776482582,-0.0435185432434082,0.053518541157245636,0.18000000715255737,0.11983033269643784,0.06016967445611954
eb9d1af35d4c996c,gemver-medium,gemver-medium,lv2:__PARA__L0-1.__PARA__L1-1.__PARA__L2-1.__PARA__L3-1.__PARA__L4-1.__PARA__L5-1.__PARA__L6-4.__PIPE__L0-off.__PIPE__L1-off.__PIPE__L3-NA.__TILE__L0-1.__TILE__L1-1.__TILE__L3-1,target,query,query,finetune_dataset,data_468.pt,1229866.0,exphormer_lite,2,50,paper_exact_seed2,1.5117135047912598,1.4880576133728027,0.02365589141845703,0.029999999329447746,-0.02148328721523285,0.051483288407325745,0.009999999776482582,0.021905839443206787,0.011905839666724205,0.0,0.03204193711280823,0.03204193711280823,0.11999999731779099,0.15445148944854736,0.03445149213075638
a7c68a7cb4043184,gemver-medium,gemver-medium,lv2:__PARA__L0-1.__PARA__L1-1.__PARA__L2-1.__PARA__L3-1.__PARA__L4-1.__PARA__L5-2.__PARA__L6-5.__PIPE__L0-off.__PIPE__L1-off.__PIPE__L3-NA.__TILE__L0-1.__TILE__L1-1.__TILE__L3-1,target,query,query,finetune_dataset,data_541.pt,794469.0,exphormer_lite,2,50,paper_exact_seed2,1.826932668685913,1.7420742511749268,0.08485841751098633,0.029999999329447746,-0.0012383460998535156,0.031238345429301262,0.009999999776482582,0.017916977405548096,0.007916977629065514,0.0,0.04093793034553528,0.04093793034553528,0.11999999731779099,0.2081325650215149,0.08813256770372391
06c62edb9698a94a,gemver-medium,gemver-medium,lv2:__PARA__L0-1.__PARA__L1-1.__PARA__L2-1.__PARA__L3-1.__PARA__L4-1.__PARA__L5-2.__PARA__L6-5.__PIPE__L0-flatten.__PIPE__L1-off.__PIPE__L3-off.__TILE__L0-1.__TILE__L1-1.__TILE__L3-1,target,query,query,finetune_dataset,data_540.pt,629573.0,exphormer_lite,2,50,paper_exact_seed2,1.9947412014007568,1.8658332824707031,0.1289079189300537,0.6700000166893005,0.6732853055000305,0.0032852888107299805,0.41999998688697815,0.4003738760948181,0.019626110792160034,1.2799999713897705,1.3333563804626465,0.05335640907287598,0.23999999463558197,0.3141354024410248,0.07413540780544281
f210541613fb8795,gemver-medium,gemver-medium,lv2:__PARA__L0-1.__PARA__L1-1.__PARA__L2-1.__PARA__L3-1.__PARA__L4-2.__PARA__L5-1.__PARA__L6-32.__PIPE__L0-off.__PIPE__L1-flatten.__PIPE__L3-NA.__TILE__L0-1.__TILE__L1-1.__TILE__L3-8,target,query,query,finetune_dataset,data_642.pt,220748.0,exphormer_lite,2,50,paper_exact_seed2,2.750727891921997,2.466580629348755,0.2841472625732422,0.6399999856948853,0.6015480160713196,0.038451969623565674,0.3199999928474426,0.32635530829429626,0.006355315446853638,0.6800000071525574,0.6848469972610474,0.00484699010848999,0.25,0.26406168937683105,0.014061689376831055
1a6b958163ec4176,gemver-medium,gemver-medium,lv2:__PARA__L0-1.__PARA__L1-1.__PARA__L2-1.__PARA__L3-1.__PARA__L4-1.__PARA__L5-4.__PARA__L6-4.__PIPE__L0-flatten.__PIPE__L1-off.__PIPE__L3-NA.__TILE__L0-1.__TILE__L1-1.__TILE__L3-1,target,query,query,finetune_dataset,data_576.pt,468227.0,exphormer_lite,2,50,paper_exact_seed2,2.2083239555358887,2.276533842086792,0.06820988655090332,0.7400000095367432,0.6804266571998596,0.059573352336883545,0.4399999976158142,0.42161428928375244,0.018385708332061768,1.2799999713897705,1.329095721244812,0.049095749855041504,0.4300000071525574,0.4556193947792053,0.02561938762664795
f220802a696f04d5,gemver-medium,gemver-medium,lv2:__PARA__L0-1.__PARA__L1-1.__PARA__L2-1.__PARA__L3-1.__PARA__L4-1.__PARA__L5-8.__PARA__L6-25.__PIPE__L0-off.__PIPE__L1-off.__PIPE__L3-off.__TILE__L0-1.__TILE__L1-1.__TILE__L3-1,target,query,query,finetune_dataset,data_625.pt,380411.0,exphormer_lite,2,50,paper_exact_seed2,2.3581485748291016,2.268341302871704,0.08980727195739746,0.07000000029802322,0.025502070784568787,0.04449792951345444,0.019999999552965164,0.012017771601676941,0.007982227951288223,0.009999999776482582,0.019874900579452515,0.009874900802969933,0.05999999865889549,0.1551874577999115,0.09518745541572571
629fe26036eb69ab,gemver-medium,gemver-medium,lv2:__PARA__L0-1.__PARA__L1-1.__PARA__L2-1.__PARA__L3-1.__PARA__L4-1.__PARA__L5-2.__PARA__L6-2.__PIPE__L0-flatten.__PIPE__L1-off.__PIPE__L3-NA.__TILE__L0-1.__TILE__L1-1.__TILE__L3-1,target,query,query,finetune_dataset,data_519.pt,868839.0,exphormer_lite,2,50,paper_exact_seed2,1.7623836994171143,1.6083250045776367,0.15405869483947754,0.6800000071525574,0.6504109501838684,0.029589056968688965,0.41999998688697815,0.4066471457481384,0.013352841138839722,1.2799999713897705,1.3240392208099365,0.044039249420166016,0.23999999463558197,0.294460654258728,0.05446065962314606
db822cddca8579a4,gemver-medium,gemver-medium,lv2:__PARA__L0-1.__PARA__L1-1.__PARA__L2-1.__PARA__L3-1.__PARA__L4-1.__PARA__L5-4.__PARA__L6-32.__PIPE__L0-flatten.__PIPE__L1-off.__PIPE__L3-off.__TILE__L0-1.__TILE__L1-1.__TILE__L3-1,target,query,query,finetune_dataset,data_574.pt,341573.0,exphormer_lite,2,50,paper_exact_seed2,2.435831069946289,2.337773323059082,0.09805774688720703,0.7400000095367432,0.677741527557373,0.06225848197937012,0.44999998807907104,0.41806119680404663,0.031938791275024414,1.2799999713897705,1.2911465167999268,0.01114654541015625,0.4300000071525574,0.36397406458854675,0.06602594256401062
13a09a66c1972ec3,gemver-medium,gemver-medium,lv2:__PARA__L0-1.__PARA__L1-1.__PARA__L2-1.__PARA__L3-1.__PARA__L4-1.__PARA__L5-1.__PARA__L6-20.__PIPE__L0-off.__PIPE__L1-off.__PIPE__L3-NA.__TILE__L0-1.__TILE__L1-1.__TILE__L3-1,target,query,query,finetune_dataset,data_454.pt,1070670.0,exphormer_lite,2,50,paper_exact_seed2,1.611707091331482,1.6008291244506836,0.01087796688079834,0.03999999910593033,6.787478923797607e-05,0.03993212431669235,0.019999999552965164,0.019344672560691833,0.0006553269922733307,0.009999999776482582,0.022965461015701294,0.012965461239218712,0.18000000715255737,0.1327546387910843,0.047245368361473083
35f6be44b8a2daa1,gemver-medium,gemver-medium,lv2:__PARA__L0-1.__PARA__L1-1.__PARA__L2-1.__PARA__L3-1.__PARA__L4-2.__PARA__L5-1.__PARA__L6-25.__PIPE__L0-off.__PIPE__L1-flatten.__PIPE__L3-off.__TILE__L0-1.__TILE__L1-1.__TILE__L3-8,target,query,query,finetune_dataset,data_641.pt,210335.0,exphormer_lite,2,50,paper_exact_seed2,2.785583734512329,2.47839093208313,0.3071928024291992,0.6200000047683716,0.6402062773704529,0.0202062726020813,0.3199999928474426,0.3313465118408203,0.011346518993377686,0.6399999856948853,0.7300612330436707,0.0900612473487854,0.30000001192092896,0.19414182007312775,0.10585819184780121
9b6ded63e303dd42,gemver-medium,gemver-medium,lv2:__PARA__L0-1.__PARA__L1-1.__PARA__L2-1.__PARA__L3-1.__PARA__L4-1.__PARA__L5-4.__PARA__L6-10.__PIPE__L0-off.__PIPE__L1-off.__PIPE__L3-NA.__TILE__L0-1.__TILE__L1-1.__TILE__L3-1,target,query,query,finetune_dataset,data_556.pt,516869.0,exphormer_lite,2,50,paper_exact_seed2,2.137028694152832,2.1329081058502197,0.004120588302612305,0.03999999910593033,0.031742289662361145,0.008257709443569183,0.019999999552965164,0.01705057919025421,0.0029494203627109528,0.009999999776482582,0.06419962644577026,0.05419962853193283,0.18000000715255737,0.25659364461898804,0.07659363746643066
2b4f099ae74f84d5,gemver-medium,gemver-medium,lv2:__PARA__L0-1.__PARA__L1-1.__PARA__L2-1.__PARA__L3-1.__PARA__L4-1.__PARA__L5-8.__PARA__L6-10.__PIPE__L0-off.__PIPE__L1-off.__PIPE__L3-NA.__TILE__L0-1.__TILE__L1-1.__TILE__L3-1,target,query,query,finetune_dataset,data_616.pt,420870.0,exphormer_lite,2,50,paper_exact_seed2,2.285240650177002,2.2615997791290283,0.023640871047973633,0.03999999910593033,0.04020817577838898,0.00020817667245864868,0.019999999552965164,0.01905219256877899,0.0009478069841861725,0.009999999776482582,0.07986313104629517,0.06986313313245773,0.28999999165534973,0.26374438405036926,0.02625560760498047
d840d88097461383,gemver-medium,gemver-medium,lv2:__PARA__L0-1.__PARA__L1-1.__PARA__L2-1.__PARA__L3-1.__PARA__L4-1.__PARA__L5-4.__PARA__L6-4.__PIPE__L0-off.__PIPE__L1-off.__PIPE__L3-NA.__TILE__L0-1.__TILE__L1-1.__TILE__L3-1,target,query,query,finetune_dataset,data_578.pt,636667.0,exphormer_lite,2,50,paper_exact_seed2,1.9866585731506348,1.9667706489562988,0.019887924194335938,0.029999999329447746,0.019395455718040466,0.01060454361140728,0.009999999776482582,0.019857197999954224,0.009857198223471642,0.0,0.053296416997909546,0.053296416997909546,0.18000000715255737,0.2756185531616211,0.09561854600906372
d9117322aab4f7c2,gemver-medium,gemver-medium,lv2:__PARA__L0-1.__PARA__L1-1.__PARA__L2-1.__PARA__L3-1.__PARA__L4-1.__PARA__L5-1.__PARA__L6-16.__PIPE__L0-off.__PIPE__L1-flatten.__PIPE__L3-off.__TILE__L0-1.__TILE__L1-1.__TILE__L3-8,target,query,query,finetune_dataset,data_443.pt,319965.0,exphormer_lite,2,50,paper_exact_seed2,2.482970952987671,2.4027888774871826,0.08018207550048828,0.6200000047683716,0.6434304118156433,0.02343040704727173,0.3100000023841858,0.33646929264068604,0.026469290256500244,0.6399999856948853,0.7414537668228149,0.10145378112792969,0.23999999463558197,0.18479079008102417,0.0552092045545578
7b44bab8e9ce85c5,gemver-medium,gemver-medium,lv2:__PARA__L0-1.__PARA__L1-1.__PARA__L2-1.__PARA__L3-1.__PARA__L4-2.__PARA__L5-1.__PARA__L6-64.__PIPE__L0-off.__PIPE__L1-flatten.__PIPE__L3-off.__TILE__L0-1.__TILE__L1-1.__TILE__L3-8,target,query,query,finetune_dataset,data_647.pt,210348.0,exphormer_lite,2,50,paper_exact_seed2,2.785539150238037,2.5020792484283447,0.2834599018096924,0.6499999761581421,0.7347218990325928,0.08472192287445068,0.33000001311302185,0.40882912278175354,0.07882910966873169,0.6800000071525574,0.8955390453338623,0.21553903818130493,0.36000001430511475,0.25949281454086304,0.10050719976425171
237b0c1afc129a58,gemver-medium,gemver-medium,lv2:__PARA__L0-1.__PARA__L1-1.__PARA__L2-1.__PARA__L3-1.__PARA__L4-1.__PARA__L5-5.__PARA__L6-10.__PIPE__L0-off.__PIPE__L1-off.__PIPE__L3-NA.__TILE__L0-1.__TILE__L1-1.__TILE__L3-1,target,query,query,finetune_dataset,data_594.pt,478022.0,exphormer_lite,2,50,paper_exact_seed2,2.193389654159546,2.186319351196289,0.007070302963256836,0.03999999910593033,0.03669141232967377,0.0033085867762565613,0.019999999552965164,0.01738719642162323,0.002612803131341934,0.009999999776482582,0.0704096108675003,0.06040961295366287,0.30000001192092896,0.26345521211624146,0.0365447998046875
148e404c636609d4,gemver-medium,gemver-medium,lv2:__PARA__L0-1.__PARA__L1-1.__PARA__L2-1.__PARA__L3-1.__PARA__L4-1.__PARA__L5-10.__PARA__L6-20.__PIPE__L0-off.__PIPE__L1-off.__PIPE__L3-off.__TILE__L0-1.__TILE__L1-1.__TILE__L3-1,target,query,query,finetune_dataset,data_495.pt,367761.0,exphormer_lite,2,50,paper_exact_seed2,2.3825438022613525,2.2945444583892822,0.08799934387207031,0.07000000029802322,0.017103135585784912,0.05289686471223831,0.019999999552965164,0.008928194642066956,0.011071804910898209,0.009999999776482582,0.02908027172088623,0.01908027194440365,0.05000000074505806,0.1599138081073761,0.10991381108760834
2c080e6dbf4e1894,gemver-medium,gemver-medium,lv2:__PARA__L0-1.__PARA__L1-1.__PARA__L2-1.__PARA__L3-1.__PARA__L4-1.__PARA__L5-8.__PARA__L6-4.__PIPE__L0-off.__PIPE__L1-off.__PIPE__L3-off.__TILE__L0-1.__TILE__L1-1.__TILE__L3-1,target,query,query,finetune_dataset,data_628.pt,543612.0,exphormer_lite,2,50,paper_exact_seed2,2.1006393432617188,2.087498664855957,0.013140678405761719,0.029999999329447746,0.00812751054763794,0.021872488781809807,0.009999999776482582,0.01020611822605133,0.00020611844956874847,0.0,0.010019421577453613,0.010019421577453613,0.28999999165534973,0.22779755294322968,0.062202438712120056
2cbb07715c8233d5,gemver-medium,gemver-medium,lv2:__PARA__L0-1.__PARA__L1-1.__PARA__L2-1.__PARA__L3-1.__PARA__L4-1.__PARA__L5-5.__PARA__L6-10.__PIPE__L0-off.__PIPE__L1-off.__PIPE__L3-off.__TILE__L0-1.__TILE__L1-1.__TILE__L3-1,target,query,query,finetune_dataset,data_595.pt,484364.0,exphormer_lite,2,50,paper_exact_seed2,2.183882236480713,2.1473138332366943,0.036568403244018555,0.029999999329447746,0.013199478387832642,0.016800520941615105,0.009999999776482582,0.007149204611778259,0.002850795164704323,0.0,0.011234283447265625,0.011234283447265625,0.30000001192092896,0.2090887427330017,0.09091126918792725
9dd2b4e7f5d15681,gemver-medium,gemver-medium,lv2:__PARA__L0-1.__PARA__L1-1.__PARA__L2-1.__PARA__L3-1.__PARA__L4-1.__PARA__L5-2.__PARA__L6-8.__PIPE__L0-flatten.__PIPE__L1-off.__PIPE__L3-off.__TILE__L0-1.__TILE__L1-1.__TILE__L3-1,target,query,query,finetune_dataset,data_546.pt,572773.0,exphormer_lite,2,50,paper_exact_seed2,2.062946319580078,1.9521934986114502,0.11075282096862793,0.6700000166893005,0.685490071773529,0.015490055084228516,0.41999998688697815,0.4116056561470032,0.008394330739974976,1.2799999713897705,1.3404914140701294,0.06049144268035889,0.23999999463558197,0.314794659614563,0.07479466497898102
004efb321e4bf36a,gemver-medium,gemver-medium,lv2:__PARA__L0-1.__PARA__L1-1.__PARA__L2-1.__PARA__L3-1.__PARA__L4-1.__PARA__L5-8.__PARA__L6-1.__PIPE__L0-off.__PIPE__L1-off.__PIPE__L3-off.__TILE__L0-1.__TILE__L1-1.__TILE__L3-1,target,query,query,finetune_dataset,data_615.pt,1136812.0,exphormer_lite,2,50,paper_exact_seed2,1.5684672594070435,1.6893473863601685,0.120880126953125,0.029999999329447746,-0.005964234471321106,0.035964235663414,0.009999999776482582,0.025408819317817688,0.015408819541335106,0.0,-0.015005230903625488,0.015005230903625488,0.28999999165534973,0.17691241204738617,0.11308757960796356
1e2ebb43fa259075,gemver-medium,gemver-medium,lv2:__PARA__L0-1.__PARA__L1-1.__PARA__L2-1.__PARA__L3-1.__PARA__L4-1.__PARA__L5-1.__PARA__L6-1.__PIPE__L0-off.__PIPE__L1-flatten.__PIPE__L3-off.__TILE__L0-1.__TILE__L1-1.__TILE__L3-8,target,query,query,finetune_dataset,data_433.pt,1091472.0,exphormer_lite,2,50,paper_exact_seed2,1.5978264808654785,1.5757057666778564,0.02212071418762207,0.6200000047683716,0.5849236845970154,0.0350763201713562,0.3100000023841858,0.327900767326355,0.01790076494216919,0.6399999856948853,0.7211257815361023,0.08112579584121704,0.18000000715255737,0.16724681854248047,0.012753188610076904
e9a82eaf33fbe0e6,gemver-medium,gemver-medium,lv2:__PARA__L0-1.__PARA__L1-1.__PARA__L2-1.__PARA__L3-1.__PARA__L4-1.__PARA__L5-1.__PARA__L6-2.__PIPE__L0-off.__PIPE__L1-off.__PIPE__L3-NA.__TILE__L0-1.__TILE__L1-1.__TILE__L3-1,target,query,query,finetune_dataset,data_449.pt,1430062.0,exphormer_lite,2,50,paper_exact_seed2,1.4029252529144287,1.2972784042358398,0.10564684867858887,0.029999999329447746,-0.02378009259700775,0.05378009378910065,0.009999999776482582,0.027343392372131348,0.017343392595648766,0.0,0.021837949752807617,0.021837949752807617,0.11999999731779099,0.13405132293701172,0.014051325619220734
5e2cc981135680a0,gemver-medium,gemver-medium,lv2:__PARA__L0-1.__PARA__L1-1.__PARA__L2-1.__PARA__L3-1.__PARA__L4-1.__PARA__L5-8.__PARA__L6-1.__PIPE__L0-flatten.__PIPE__L1-off.__PIPE__L3-off.__TILE__L0-1.__TILE__L1-1.__TILE__L3-1,target,query,query,finetune_dataset,data_612.pt,967103.0,exphormer_lite,2,50,paper_exact_seed2,1.6850932836532593,1.816723108291626,0.1316298246383667,0.8399999737739563,0.6475561261177063,0.19244384765625,0.49000000953674316,0.3894863724708557,0.10051363706588745,1.2799999713897705,1.3019157648086548,0.021915793418884277,0.800000011920929,0.3268655836582184,0.47313442826271057
88047e3dd9b1cdae,gemver-medium,gemver-medium,lv2:__PARA__L0-1.__PARA__L1-1.__PARA__L2-1.__PARA__L3-1.__PARA__L4-1.__PARA__L5-2.__PARA__L6-16.__PIPE__L0-flatten.__PIPE__L1-off.__PIPE__L3-NA.__TILE__L0-1.__TILE__L1-1.__TILE__L3-1,target,query,query,finetune_dataset,data_515.pt,515481.0,exphormer_lite,2,50,paper_exact_seed2,2.1389684677124023,2.0902957916259766,0.04867267608642578,0.6800000071525574,0.7095147371292114,0.029514729976654053,0.4300000071525574,0.4455631971359253,0.01556318998336792,1.2899999618530273,1.3592379093170166,0.06923794746398926,0.23999999463558197,0.343281626701355,0.10328163206577301
a6d12815f059afc2,gemver-medium,gemver-medium,lv2:__PARA__L0-1.__PARA__L1-1.__PARA__L2-1.__PARA__L3-1.__PARA__L4-1.__PARA__L5-1.__PARA__L6-8.__PIPE__L0-flatten.__PIPE__L1-off.__PIPE__L3-off.__TILE__L0-1.__TILE__L1-1.__TILE__L3-1,target,query,query,finetune_dataset,data_483.pt,968303.0,exphormer_lite,2,50,paper_exact_seed2,1.6841988563537598,1.5510364770889282,0.13316237926483154,0.6600000262260437,0.6872893571853638,0.02728933095932007,0.41999998688697815,0.417110800743103,0.002889186143875122,1.2799999713897705,1.3647464513778687,0.08474647998809814,0.23999999463558197,0.24200797080993652,0.0020079761743545532
46fff6b5ab3176c1,gemver-medium,gemver-medium,lv2:__PARA__L0-1.__PARA__L1-1.__PARA__L2-1.__PARA__L3-1.__PARA__L4-1.__PARA__L5-1.__PARA__L6-20.__PIPE__L0-flatten.__PIPE__L1-off.__PIPE__L3-off.__TILE__L0-1.__TILE__L1-1.__TILE__L3-1,target,query,query,finetune_dataset,data_452.pt,909503.0,exphormer_lite,2,50,paper_exact_seed2,1.729388952255249,1.587663173675537,0.14172577857971191,0.6700000166893005,0.6868976354598999,0.016897618770599365,0.41999998688697815,0.43069741129875183,0.010697424411773682,1.2799999713897705,1.3586400747299194,0.07864010334014893,0.23999999463558197,0.23189200460910797,0.008107990026473999
7877de10140917c9,gemver-medium,gemver-medium,lv2:__PARA__L0-1.__PARA__L1-1.__PARA__L2-1.__PARA__L3-1.__PARA__L4-1.__PARA__L5-4.__PARA__L6-20.__PIPE__L0-flatten.__PIPE__L1-off.__PIPE__L3-NA.__TILE__L0-1.__TILE__L1-1.__TILE__L3-1,target,query,query,finetune_dataset,data_566.pt,307829.0,exphormer_lite,2,50,paper_exact_seed2,2.5108635425567627,2.4343178272247314,0.07654571533203125,0.75,0.7049256563186646,0.04507434368133545,0.46000000834465027,0.4475312829017639,0.012468725442886353,1.2999999523162842,1.3183507919311523,0.018350839614868164,0.4300000071525574,0.4340718984603882,0.0040718913078308105
0526577840035d0e,gemver-medium,gemver-medium,lv2:__PARA__L0-1.__PARA__L1-1.__PARA__L2-1.__PARA__L3-1.__PARA__L4-1.__PARA__L5-8.__PARA__L6-16.__PIPE__L0-off.__PIPE__L1-off.__PIPE__L3-off.__TILE__L0-1.__TILE__L1-1.__TILE__L3-1,target,query,query,finetune_dataset,data_619.pt,398412.0,exphormer_lite,2,50,paper_exact_seed2,2.3247976303100586,2.2610177993774414,0.06377983093261719,0.029999999329447746,0.014518126845359802,0.015481872484087944,0.009999999776482582,0.006742149591445923,0.0032578501850366592,0.009999999776482582,0.028380483388900757,0.018380483612418175,0.28999999165534973,0.17892742156982422,0.11107257008552551
a55d7e185e11adb8,gemver-medium,gemver-medium,lv2:__PARA__L0-1.__PARA__L1-1.__PARA__L2-1.__PARA__L3-1.__PARA__L4-1.__PARA__L5-1.__PARA__L6-16.__PIPE__L0-flatten.__PIPE__L1-off.__PIPE__L3-off.__TILE__L0-1.__TILE__L1-1.__TILE__L3-1,target,query,query,finetune_dataset,data_442.pt,919503.0,exphormer_lite,2,50,paper_exact_seed2,1.7215009927749634,1.5881474018096924,0.133353590965271,0.6600000262260437,0.6896286606788635,0.029628634452819824,0.41999998688697815,0.42983418703079224,0.009834200143814087,1.2799999713897705,1.365788221359253,0.08578824996948242,0.23999999463558197,0.23164884746074677,0.008351147174835205
2b2203c683bb6dad,gemver-medium,gemver-medium,lv2:__PARA__L0-1.__PARA__L1-1.__PARA__L2-1.__PARA__L3-1.__PARA__L4-1.__PARA__L5-4.__PARA__L6-20.__PIPE__L0-off.__PIPE__L1-off.__PIPE__L3-off.__TILE__L0-1.__TILE__L1-1.__TILE__L3-1,target,query,query,finetune_dataset,data_569.pt,485213.0,exphormer_lite,2,50,paper_exact_seed2,2.182619094848633,2.124401569366455,0.058217525482177734,0.05000000074505806,0.010650083422660828,0.03934991732239723,0.019999999552965164,0.007422104477882385,0.012577895075082779,0.009999999776482582,0.005375415086746216,0.004624584689736366,0.28999999165534973,0.16772738099098206,0.12227261066436768
0f367971ed04498a,gemver-medium,gemver-medium,lv2:__PARA__L0-1.__PARA__L1-1.__PARA__L2-1.__PARA__L3-1.__PARA__L4-1.__PARA__L5-8.__PARA__L6-10.__PIPE__L0-off.__PIPE__L1-off.__PIPE__L3-off.__TILE__L0-1.__TILE__L1-1.__TILE__L3-1,target,query,query,finetune_dataset,data_617.pt,427212.0,exphormer_lite,2,50,paper_exact_seed2,2.274451971054077,2.2272119522094727,0.04724001884460449,0.029999999329447746,0.014928668737411499,0.015071330592036247,0.009999999776482582,0.0075019896030426025,0.0024980101734399796,0.0,0.025185972452163696,0.025185972452163696,0.28999999165534973,0.20680338144302368,0.08319661021232605
bd2704a0251c8884,gemver-medium,gemver-medium,lv2:__PARA__L0-1.__PARA__L1-1.__PARA__L2-1.__PARA__L3-1.__PARA__L4-1.__PARA__L5-1.__PARA__L6-400.__PIPE__L0-off.__PIPE__L1-off.__PIPE__L3-off.__TILE__L0-1.__TILE__L1-1.__TILE__L3-1,target,query,query,finetune_dataset,data_472.pt,1036856.0,exphormer_lite,2,50,paper_exact_seed2,1.6348562240600586,1.7201576232910156,0.08530139923095703,0.17000000178813934,0.10844889283180237,0.061551108956336975,0.20000000298023224,0.14626754820346832,0.053732454776763916,0.4699999988079071,0.5307794213294983,0.060779422521591187,0.23999999463558197,0.2434983253479004,0.0034983307123184204
8a3e5c2f14c9d9e7,gemver-medium,gemver-medium,lv2:__PARA__L0-1.__PARA__L1-1.__PARA__L2-1.__PARA__L3-1.__PARA__L4-1.__PARA__L5-1.__PARA__L6-5.__PIPE__L0-off.__PIPE__L1-off.__PIPE__L3-off.__TILE__L0-1.__TILE__L1-1.__TILE__L3-1,target,query,query,finetune_dataset,data_477.pt,1194012.0,exphormer_lite,2,50,paper_exact_seed2,1.5330554246902466,1.4934964179992676,0.039559006690979004,0.019999999552965164,-0.03321544826030731,0.053215447813272476,0.009999999776482582,0.01105092465877533,0.0010509248822927475,0.0,-0.0370805561542511,0.0370805561542511,0.11999999731779099,0.12778058648109436,0.007780589163303375
db2407ae49482c94,trmm-opt,trmm-opt,lv2:__PARA__L0-1.__PARA__L1-10.__PARA__L2-60.__PIPE__L0-off.__PIPE__L1-off.__TILE__L0-1.__TILE__L1-8,target,query,query,finetune_dataset,data_1084.pt,27747.0,exphormer_lite,2,50,paper_exact_seed2,4.246726036071777,4.192548751831055,0.054177284240722656,0.5899999737739563,0.7419546246528625,0.15195465087890625,0.3400000035762787,0.39374735951423645,0.053747355937957764,0.9599999785423279,1.152268648147583,0.19226866960525513,0.0,-0.00690276175737381,0.00690276175737381
6bc065582b0ca9d2,trmm-opt,trmm-opt,lv2:__PARA__L0-1.__PARA__L1-1.__PARA__L2-6.__PIPE__L0-off.__PIPE__L1-off.__TILE__L0-1.__TILE__L1-80,target,query,query,finetune_dataset,data_1068.pt,428847.0,exphormer_lite,2,50,paper_exact_seed2,2.2716965675354004,2.193922281265259,0.0777742862701416,0.009999999776482582,0.02289654314517975,0.012896543368697166,0.0,0.010322555899620056,0.010322555899620056,0.0,0.03396683931350708,0.03396683931350708,0.029999999329447746,0.021223172545433044,0.008776826784014702
08d05a519d53e0dc,trmm-opt,trmm-opt,lv2:__PARA__L0-1.__PARA__L1-1.__PARA__L2-8.__PIPE__L0-off.__PIPE__L1-off.__TILE__L0-1.__TILE__L1-80,target,query,query,finetune_dataset,data_1076.pt,496301.0,exphormer_lite,2,50,paper_exact_seed2,2.166320323944092,2.2253873348236084,0.0590670108795166,0.009999999776482582,0.023867830634117126,0.013867830857634544,0.0,0.010235637426376343,0.010235637426376343,0.0,0.032906532287597656,0.032906532287597656,0.03999999910593033,0.01770603656768799,0.02229396253824234
6bc3aa7c10c618da,trmm-opt,trmm-opt,lv2:__PARA__L0-1.__PARA__L1-10.__PARA__L2-60.__PIPE__L0-off.__PIPE__L1-off.__TILE__L0-1.__TILE__L1-1,target,query,query,finetune_dataset,data_1083.pt,27747.0,exphormer_lite,2,50,paper_exact_seed2,4.246726036071777,4.266713619232178,0.01998758316040039,0.5899999737739563,0.6790643334388733,0.08906435966491699,0.3400000035762787,0.4014512896537781,0.06145128607749939,0.9599999785423279,1.115026831626892,0.1550268530845642,0.0,0.0019320696592330933,0.0019320696592330933
c7e892bf04674ff8,trmm-opt,trmm-opt,lv2:__PARA__L0-1.__PARA__L1-1.__PARA__L2-15.__PIPE__L0-off.__PIPE__L1-off.__TILE__L0-1.__TILE__L1-1,target,query,query,finetune_dataset,data_1045.pt,337647.0,exphormer_lite,2,50,paper_exact_seed2,2.4441702365875244,2.36543345451355,0.07873678207397461,0.029999999329447746,0.03205518424510956,0.002055184915661812,0.009999999776482582,0.013166263699531555,0.003166263923048973,0.0,0.040618062019348145,0.040618062019348145,0.03999999910593033,0.02322271466255188,0.01677728444337845
6c63a264071adcb0,trmm-opt,trmm-opt,lv2:__PARA__L0-1.__PARA__L1-10.__PARA__L2-1.__PIPE__L0-off.__PIPE__L1-flatten.__TILE__L0-1.__TILE__L1-1,target,query,query,finetune_dataset,data_1078.pt,27747.0,exphormer_lite,2,50,paper_exact_seed2,4.246726036071777,4.149145603179932,0.0975804328918457,0.5899999737739563,0.5328220725059509,0.05717790126800537,0.3400000035762787,0.252391517162323,0.08760848641395569,0.9599999785423279,0.9449769258499146,0.01502305269241333,0.0,0.0016734302043914795,0.0016734302043914795
96d5a336f660ed0e,trmm-opt,trmm-opt,lv2:__PARA__L0-1.__PARA__L1-1.__PARA__L2-3.__PIPE__L0-off.__PIPE__L1-off.__TILE__L0-1.__TILE__L1-1,target,query,query,finetune_dataset,data_1054.pt,644847.0,exphormer_lite,2,50,paper_exact_seed2,1.977449655532837,1.4198944568634033,0.5575551986694336,0.0,0.023548215627670288,0.023548215627670288,0.0,0.009313896298408508,0.009313896298408508,0.0,0.008951157331466675,0.008951157331466675,0.019999999552965164,0.010572224855422974,0.00942777469754219
b0a03dc635568a28,trmm-opt,trmm-opt,lv2:__PARA__L0-1.__PARA__L1-2.__PARA__L2-60.__PIPE__L0-off.__PIPE__L1-off.__TILE__L0-1.__TILE__L1-1,target,query,query,finetune_dataset,data_1093.pt,29669.0,exphormer_lite,2,50,paper_exact_seed2,4.198413848876953,3.9390006065368652,0.2594132423400879,0.20999999344348907,0.24473880231380463,0.03473880887031555,0.09000000357627869,0.08636904507875443,0.0036309584975242615,0.1899999976158142,0.2454892098903656,0.05548921227455139,0.009999999776482582,0.007570825517177582,0.0024291742593050003
56fb027c5c12b299,trmm-opt,trmm-opt,lv2:__PARA__L0-1.__PARA__L1-1.__PARA__L2-3.__PIPE__L0-off.__PIPE__L1-off.__TILE__L0-1.__TILE__L1-80,target,query,query,finetune_dataset,data_1055.pt,644847.0,exphormer_lite,2,50,paper_exact_seed2,1.977449655532837,2.050001382827759,0.07255172729492188,0.0,0.019466593861579895,0.019466593861579895,0.0,0.0026839375495910645,0.0026839375495910645,0.0,0.01513051986694336,0.01513051986694336,0.019999999552965164,0.024214990437030792,0.004214990884065628
92991a91512690d7,trmm-opt,trmm-opt,lv2:__PARA__L0-2.__PARA__L1-2.__PARA__L2-1.__PIPE__L0-off.__PIPE__L1-flatten.__TILE__L0-1.__TILE__L1-1,target,query,query,finetune_dataset,data_1119.pt,6878.0,exphormer_lite,2,50,paper_exact_seed2,5.252861499786377,5.093080520629883,0.15978097915649414,0.3499999940395355,0.20183171331882477,0.14816828072071075,2.509999990463257,1.957659125328064,0.5523408651351929,0.3799999952316284,0.23948311805725098,0.14051687717437744,0.009999999776482582,0.004776552319526672,0.00522344745695591
9f7b7b5cedfda7ff,trmm-opt,trmm-opt,lv2:__PARA__L0-1.__PARA__L1-1.__PARA__L2-32.__PIPE__L0-off.__PIPE__L1-off.__TILE__L0-60.__TILE__L1-1,target,query,query,finetune_dataset,data_1061.pt,1029341.0,exphormer_lite,2,50,paper_exact_seed2,1.6401035785675049,2.5037848949432373,0.8636813163757324,0.10999999940395355,0.07918065786361694,0.03081934154033661,0.029999999329447746,0.03158889710903168,0.001588897779583931,0.019999999552965164,0.038650572299957275,0.01865057274699211,0.009999999776482582,0.016455382108688354,0.006455382332205772
0d84e7faa73503ba,trmm-opt,trmm-opt,lv2:__PARA__L0-1.__PARA__L1-1.__PARA__L2-60.__PIPE__L0-off.__PIPE__L1-off.__TILE__L0-60.__TILE__L1-1,target,query,query,finetune_dataset,data_1074.pt,246747.0,exphormer_lite,2,50,paper_exact_seed2,2.6704118251800537,3.2906205654144287,0.620208740234375,0.10999999940395355,0.11181778460741043,0.0018177852034568787,0.029999999329447746,0.056357815861701965,0.02635781653225422,0.009999999776482582,0.04126155376434326,0.03126155585050583,0.009999999776482582,0.0008845552802085876,0.009115444496273994
a34e73c0529a9001,trmm-opt,trmm-opt,lv2:__PARA__L0-1.__PARA__L1-1.__PARA__L2-1.__PIPE__L0-off.__PIPE__L1-flatten.__TILE__L0-1.__TILE__L1-1,target,query,query,finetune_dataset,data_1034.pt,28767.0,exphormer_lite,2,50,paper_exact_seed2,4.22068452835083,4.061492443084717,0.15919208526611328,0.1599999964237213,0.09897138178348541,0.0610286146402359,0.05999999865889549,0.07299020886421204,0.012990210205316544,0.09000000357627869,0.06335029006004333,0.02664971351623535,0.009999999776482582,0.005853176116943359,0.004146823659539223
75e9f653022501f1,trmm-opt,trmm-opt,lv2:__PARA__L0-4.__PARA__L1-16.__PARA__L2-1.__PIPE__L0-off.__PIPE__L1-flatten.__TILE__L0-1.__TILE__L1-1,target,query,query,finetune_dataset,data_1130.pt,3105.0,exphormer_lite,2,50,paper_exact_seed2,5.826559543609619,5.368867874145508,0.45769166946411133,3.130000114440918,2.6147964000701904,0.5152037143707275,14.84000015258789,11.805696487426758,3.034303665161133,5.989999771118164,4.829586029052734,1.1604137420654297,0.009999999776482582,0.009389743208885193,0.0006102565675973892
084c86c4ad3639ac,trmm-opt,trmm-opt,lv2:__PARA__L0-4.__PARA__L1-8.__PARA__L2-1.__PIPE__L0-off.__PIPE__L1-flatten.__TILE__L0-1.__TILE__L1-1,target,query,query,finetune_dataset,data_1134.pt,3180.0,exphormer_lite,2,50,paper_exact_seed2,5.809342861175537,5.446785926818848,0.36255693435668945,1.5700000524520874,1.4530136585235596,0.11698639392852783,7.429999828338623,7.757423400878906,0.3274235725402832,2.990000009536743,2.651732921600342,0.33826708793640137,0.009999999776482582,-0.00651976466178894,0.016519764438271523
1fa87e3b25c0be4a,trmm-opt,trmm-opt,lv2:__PARA__L0-1.__PARA__L1-1.__PARA__L2-5.__PIPE__L0-off.__PIPE__L1-off.__TILE__L0-1.__TILE__L1-1,target,query,query,finetune_dataset,data_1065.pt,486447.0,exphormer_lite,2,50,paper_exact_seed2,2.1807868480682373,1.6803059577941895,0.5004808902740479,0.009999999776482582,0.022058308124542236,0.012058308348059654,0.0,0.010722175240516663,0.010722175240516663,0.0,0.017553091049194336,0.017553091049194336,0.029999999329447746,0.01396959275007248,0.016030406579375267
a4c8a2990a734281,trmm-opt,trmm-opt,lv2:__PARA__L0-1.__PARA__L1-1.__PARA__L2-20.__PIPE__L0-off.__PIPE__L1-off.__TILE__L0-60.__TILE__L1-1,target,query,query,finetune_dataset,data_1053.pt,313647.0,exphormer_lite,2,50,paper_exact_seed2,2.497357130050659,2.4819023609161377,0.015454769134521484,0.03999999910593033,0.044833600521087646,0.004833601415157318,0.009999999776482582,0.03020612895488739,0.020206129178404808,0.0,0.04084092378616333,0.04084092378616333,0.009999999776482582,0.02560107409954071,0.015601074323058128
053e48fb97e31f59,trmm-opt,trmm-opt,lv2:__PARA__L0-1.__PARA__L1-1.__PARA__L2-16.__PIPE__L0-off.__PIPE__L1-off.__TILE__L0-1.__TILE__L1-1,target,query,query,finetune_dataset,data_1048.pt,654701.0,exphormer_lite,2,50,paper_exact_seed2,1.9665100574493408,2.4081084728240967,0.44159841537475586,0.029999999329447746,0.03416511416435242,0.004165114834904671,0.009999999776482582,0.013879314064979553,0.003879314288496971,0.009999999776482582,0.044066667556762695,0.03406666964292526,0.03999999910593033,0.024527624249458313,0.015472374856472015
8376225e029a3a76,trmm-opt,trmm-opt,lv2:__PARA__L0-1.__PARA__L1-2.__PARA__L2-1.__PIPE__L0-off.__PIPE__L1-flatten.__TILE__L0-1.__TILE__L1-1,target,query,query,finetune_dataset,data_1089.pt,29669.0,exphormer_lite,2,50,paper_exact_seed2,4.198413848876953,4.025883197784424,0.1725306510925293,0.20999999344348907,0.14818985760211945,0.06181013584136963,0.09000000357627869,0.11499428004026413,0.024994276463985443,0.1899999976158142,0.1813325434923172,0.00866745412349701,0.009999999776482582,-0.002776205539703369,0.012776205316185951
768ea1e341a9dfd2,trmm-opt,trmm-opt,lv2:__PARA__L0-1.__PARA__L1-4.__PARA__L2-1.__PIPE__L0-off.__PIPE__L1-flatten.__TILE__L0-60.__TILE__L1-1,target,query,query,finetune_dataset,data_1103.pt,26069.0,exphormer_lite,2,50,paper_exact_seed2,4.291724681854248,4.225615978240967,0.06610870361328125,0.30000001192092896,0.2916700541973114,0.008329957723617554,0.15000000596046448,0.16175422072410583,0.011754214763641357,0.3799999952316284,0.3606563210487366,0.019343674182891846,0.009999999776482582,-0.004949934780597687,0.014949934557080269
0a794b6a50ac753a,trmm-opt,trmm-opt,lv2:__PARA__L0-2.__PARA__L1-5.__PARA__L2-1.__PIPE__L0-off.__PIPE__L1-flatten.__TILE__L0-1.__TILE__L1-1,target,query,query,finetune_dataset,data_1122.pt,10962.0,exphormer_lite,2,50,paper_exact_seed2,4.9166364669799805,5.4847612380981445,0.5681247711181641,0.5699999928474426,0.5587198138237,0.011280179023742676,1.8200000524520874,2.5275959968566895,0.707595944404602,0.949999988079071,0.8312653303146362,0.11873465776443481,0.009999999776482582,-0.011463388800621033,0.021463388577103615
a77626f013493590,trmm-opt,trmm-opt,lv2:__PARA__L0-1.__PARA__L1-1.__PARA__L2-30.__PIPE__L0-off.__PIPE__L1-off.__TILE__L0-1.__TILE__L1-1,target,query,query,finetune_dataset,data_1056.pt,284847.0,exphormer_lite,2,50,paper_exact_seed2,2.5668344497680664,2.400306463241577,0.16652798652648926,0.10000000149011612,0.07679395377635956,0.02320604771375656,0.03999999910593033,0.02284744381904602,0.017152555286884308,0.009999999776482582,0.06203213334083557,0.05203213542699814,0.009999999776482582,0.023887544870376587,0.013887545093894005
8ff1de1909c0e79a,trmm-opt,trmm-opt,lv2:__PARA__L0-1.__PARA__L1-8.__PARA__L2-1.__PIPE__L0-off.__PIPE__L1-flatten.__TILE__L0-1.__TILE__L1-1,target,query,query,finetune_dataset,data_1111.pt,24567.0,exphormer_lite,2,50,paper_exact_seed2,4.334531307220459,4.195397853851318,0.13913345336914062,0.4699999988079071,0.4175640344619751,0.05243596434593201,0.2800000011920929,0.20793205499649048,0.07206794619560242,0.7599999904632568,0.7532349228858948,0.0067650675773620605,0.009999999776482582,-0.0015918686985969543,0.011591868475079536
bfcc70d035a7bf13,trmm-opt,trmm-opt,lv2:__PARA__L0-1.__PARA__L1-1.__PARA__L2-12.__PIPE__L0-off.__PIPE__L1-off.__TILE__L0-60.__TILE__L1-1,target,query,query,finetune_dataset,data_1044.pt,337647.0,exphormer_lite,2,50,paper_exact_seed2,2.4441702365875244,2.405670166015625,0.038500070571899414,0.009999999776482582,0.03125651180744171,0.02125651203095913,0.0,0.016558945178985596,0.016558945178985596,0.0,0.016518712043762207,0.016518712043762207,0.05999999865889549,0.0262717604637146,0.03372823819518089
8a67174d1f09ea2c,trmm-opt,trmm-opt,lv2:__PARA__L0-1.__PARA__L1-1.__PARA__L2-10.__PIPE__L0-off.__PIPE__L1-off.__TILE__L0-1.__TILE__L1-1,target,query,query,finetune_dataset,data_1039.pt,366447.0,exphormer_lite,2,50,paper_exact_seed2,2.3851258754730225,2.1548924446105957,0.23023343086242676,0.009999999776482582,0.024506941437721252,0.01450694166123867,0.0,0.010005936026573181,0.010005936026573181,0.0,0.02541106939315796,0.02541106939315796,0.05000000074505806,0.018138937652111053,0.031861063092947006
bad25a4a5fdb07e0,trmm-opt,trmm-opt,lv2:__PARA__L0-1.__PARA__L1-5.__PARA__L2-1.__PIPE__L0-off.__PIPE__L1-flatten.__TILE__L0-60.__TILE__L1-1,target,query,query,finetune_dataset,data_1108.pt,33032.0,exphormer_lite,2,50,paper_exact_seed2,4.120959758758545,4.257317066192627,0.13635730743408203,0.30000001192092896,0.33250439167022705,0.032504379749298096,0.17000000178813934,0.18069548904895782,0.010695487260818481,0.47999998927116394,0.4461391866207123,0.03386080265045166,0.009999999776482582,2.779066562652588e-05,0.009972209110856056
035bd1a25fd49371,trmm-opt,trmm-opt,lv2:__PARA__L0-1.__PARA__L1-1.__PARA__L2-30.__PIPE__L0-off.__PIPE__L1-off.__TILE__L0-1.__TILE__L1-80,target,query,query,finetune_dataset,data_1057.pt,284847.0,exphormer_lite,2,50,paper_exact_seed2,2.5668344497680664,1.630547046661377,0.9362874031066895,0.10000000149011612,0.06118254363536835,0.03881745785474777,0.03999999910593033,0.012937799096107483,0.027062200009822845,0.009999999776482582,-0.0020260214805603027,0.012026021257042885,0.009999999776482582,0.02131432294845581,0.011314323171973228
68c6712bdb4fd321,trmm-opt,trmm-opt,lv2:__PARA__L0-12.__PARA__L1-8.__PARA__L2-1.__PIPE__L0-off.__PIPE__L1-flatten.__TILE__L0-1.__TILE__L1-1,target,query,query,finetune_dataset,data_1116.pt,4777.0,exphormer_lite,2,50,paper_exact_seed2,5.515803813934326,5.431905746459961,0.08389806747436523,4.159999847412109,3.7215263843536377,0.4384734630584717,17.610000610351562,16.90520477294922,0.7047958374023438,8.369999885559082,7.492069721221924,0.8779301643371582,0.009999999776482582,-0.0005906149744987488,0.010590614750981331
d1a0df99d715871c,trmm-opt,trmm-opt,lv2:__PARA__L0-1.__PARA__L1-1.__PARA__L2-4.__PIPE__L0-off.__PIPE__L1-off.__TILE__L0-1.__TILE__L1-80,target,query,query,finetune_dataset,data_1063.pt,553647.0,exphormer_lite,2,50,paper_exact_seed2,2.08744478225708,2.123318910598755,0.035874128341674805,0.0,0.018800169229507446,0.018800169229507446,0.0,0.007891744375228882,0.007891744375228882,0.0,0.023740291595458984,0.023740291595458984,0.019999999552965164,0.023332208395004272,0.0033322088420391083
b2b5817237c5da37,trmm-opt,trmm-opt,lv2:__PARA__L0-1.__PARA__L1-1.__PARA__L2-16.__PIPE__L0-off.__PIPE__L1-off.__TILE__L0-1.__TILE__L1-80,target,query,query,finetune_dataset,data_1049.pt,654701.0,exphormer_lite,2,50,paper_exact_seed2,1.9665100574493408,1.9422004222869873,0.024309635162353516,0.029999999329447746,0.03880438208580017,0.008804382756352425,0.009999999776482582,0.006673544645309448,0.003326455131173134,0.009999999776482582,-0.002427995204925537,0.01242799498140812,0.03999999910593033,0.02864667773246765,0.011353321373462677
491e9d6fa5be4ef8,trmm-opt,trmm-opt,lv2:__PARA__L0-4.__PARA__L1-5.__PARA__L2-1.__PIPE__L0-off.__PIPE__L1-flatten.__TILE__L0-1.__TILE__L1-1,target,query,query,finetune_dataset,data_1133.pt,11375.0,exphormer_lite,2,50,paper_exact_seed2,4.88995885848999,5.59491491317749,0.7049560546875,1.0,1.018916130065918,0.01891613006591797,4.650000095367432,7.172206878662109,2.5222067832946777,1.8700000047683716,1.7467924356460571,0.12320756912231445,0.009999999776482582,-0.0045366063714027405,0.014536606147885323
d3f2f466ee008af5,trmm-opt,trmm-opt,lv2:__PARA__L0-1.__PARA__L1-2.__PARA__L2-60.__PIPE__L0-off.__PIPE__L1-NA.__TILE__L0-1.__TILE__L1-1,target,query,query,finetune_dataset,data_1091.pt,29669.0,exphormer_lite,2,50,paper_exact_seed2,4.198413848876953,4.108135223388672,0.09027862548828125,0.20999999344348907,0.19104337692260742,0.018956616520881653,0.09000000357627869,0.0901346504688263,0.00013464689254760742,0.1899999976158142,0.19143043458461761,0.0014304369688034058,0.009999999776482582,0.01130230724811554,0.0013023074716329575
af60c08335618b2a,trmm-opt,trmm-opt,lv2:__PARA__L0-2.__PARA__L1-8.__PARA__L2-1.__PIPE__L0-off.__PIPE__L1-flatten.__TILE__L0-1.__TILE__L1-1,target,query,query,finetune_dataset,data_1123.pt,3578.0,exphormer_lite,2,50,paper_exact_seed2,5.724279403686523,5.389895439147949,0.3343839645385742,0.8799999952316284,0.7794742584228516,0.10052573680877686,2.9100000858306885,2.991424083709717,0.08142399787902832,1.5199999809265137,1.29144287109375,0.22855710983276367,0.009999999776482582,-0.01114538311958313,0.021145382896065712
8566ffa0d50d6e7f,trmm-opt,trmm-opt,lv2:__PARA__L0-3.__PARA__L1-4.__PARA__L2-1.__PIPE__L0-off.__PIPE__L1-flatten.__TILE__L0-1.__TILE__L1-1,target,query,query,finetune_dataset,data_1127.pt,6430.0,exphormer_lite,2,50,paper_exact_seed2,5.301446914672852,5.587701797485352,0.2862548828125,0.699999988079071,0.681267261505127,0.018732726573944092,4.949999809265137,5.390301704406738,0.44030189514160156,1.1299999952316284,1.0071873664855957,0.12281262874603271,0.009999999776482582,-0.013325579464435577,0.02332557924091816
264c7a4271e56457,trmm-opt,trmm-opt,lv2:__PARA__L0-1.__PARA__L1-1.__PARA__L2-12.__PIPE__L0-off.__PIPE__L1-off.__TILE__L0-1.__TILE__L1-80,target,query,query,finetune_dataset,data_1043.pt,337647.0,exphormer_lite,2,50,paper_exact_seed2,2.4441702365875244,1.981581449508667,0.4625887870788574,0.009999999776482582,0.02779434621334076,0.017794346436858177,0.0,0.0015143603086471558,0.0015143603086471558,0.0,-0.006841480731964111,0.006841480731964111,0.05999999865889549,0.023672088980674744,0.03632790967822075
44e2027c87eee2df,trmm-opt,trmm-opt,lv2:__PARA__L0-1.__PARA__L1-1.__PARA__L2-32.__PIPE__L0-off.__PIPE__L1-off.__TILE__L0-1.__TILE__L1-1,target,query,query,finetune_dataset,data_1059.pt,1029341.0,exphormer_lite,2,50,paper_exact_seed2,1.6401035785675049,2.188669443130493,0.5485658645629883,0.10999999940395355,0.08397451043128967,0.02602548897266388,0.029999999329447746,0.021207645535469055,0.008792353793978691,0.019999999552965164,0.0518280565738678,0.031828057020902634,0.009999999776482582,0.017504937946796417,0.007504938170313835
e8704854c86a857c,trmm-opt,trmm-opt,lv2:__PARA__L0-1.__PARA__L1-4.__PARA__L2-60.__PIPE__L0-off.__PIPE__L1-off.__TILE__L0-1.__TILE__L1-1,target,query,query,finetune_dataset,data_1105.pt,26069.0,exphormer_lite,2,50,paper_exact_seed2,4.291724681854248,4.193241119384766,0.09848356246948242,0.30000001192092896,0.3372199535369873,0.03721994161605835,0.15000000596046448,0.1673240065574646,0.017324000597000122,0.3799999952316284,0.45524144172668457,0.07524144649505615,0.009999999776482582,0.009915158152580261,8.484162390232086e-05
d0042c5f7d60422e,trmm-opt,trmm-opt,lv2:__PARA__L0-3.__PARA__L1-8.__PARA__L2-1.__PIPE__L0-off.__PIPE__L1-flatten.__TILE__L0-1.__TILE__L1-1,target,query,query,finetune_dataset,data_1128.pt,5627.0,exphormer_lite,2,50,paper_exact_seed2,5.3976731300354,5.494638442993164,0.09696531295776367,1.2200000286102295,1.1930843591690063,0.026915669441223145,5.260000228881836,6.121391773223877,0.861391544342041,2.259999990463257,2.110287666320801,0.14971232414245605,0.009999999776482582,-0.01115986704826355,0.021159866824746132
074212ad079c0aac,trmm-opt,trmm-opt,lv2:__PARA__L0-1.__PARA__L1-1.__PARA__L2-1.__PIPE__L0-off.__PIPE__L1-off.__TILE__L0-1.__TILE__L1-80,target,query,query,finetune_dataset,data_1038.pt,1547247.0,exphormer_lite,2,50,paper_exact_seed2,1.3461122512817383,1.9179620742797852,0.5718498229980469,0.0,0.02616618573665619,0.02616618573665619,0.0,-0.011824890971183777,0.011824890971183777,0.0,-0.027639687061309814,0.027639687061309814,0.019999999552965164,0.027855589985847473,0.007855590432882309
b504309409dda6ca,trmm-opt,trmm-opt,lv2:__PARA__L0-1.__PARA__L1-5.__PARA__L2-60.__PIPE__L0-off.__PIPE__L1-off.__TILE__L0-1.__TILE__L1-1,target,query,query,finetune_dataset,data_1110.pt,33032.0,exphormer_lite,2,50,paper_exact_seed2,4.120959758758545,4.234552383422852,0.11359262466430664,0.30000001192092896,0.36782631278038025,0.0678263008594513,0.17000000178813934,0.1968330293893814,0.026833027601242065,0.47999998927116394,0.5314813852310181,0.051481395959854126,0.009999999776482582,0.009184509515762329,0.000815490260720253
56b873dc6e449cf7,trmm-opt,trmm-opt,lv2:__PARA__L0-1.__PARA__L1-1.__PARA__L2-16.__PIPE__L0-off.__PIPE__L1-off.__TILE__L0-60.__TILE__L1-1,target,query,query,finetune_dataset,data_1050.pt,654701.0,exphormer_lite,2,50,paper_exact_seed2,1.9665100574493408,2.4457404613494873,0.4792304039001465,0.029999999329447746,0.03705774247646332,0.007057743147015572,0.009999999776482582,0.02114291489124298,0.011142915114760399,0.009999999776482582,0.02914983034133911,0.01914983056485653,0.03999999910593033,0.026708319783210754,0.013291679322719574
266d2385aa651e25,trmm-opt,trmm-opt,lv2:__PARA__L0-1.__PARA__L1-1.__PARA__L2-15.__PIPE__L0-off.__PIPE__L1-off.__TILE__L0-1.__TILE__L1-80,target,query,query,finetune_dataset,data_1046.pt,337647.0,exphormer_lite,2,50,paper_exact_seed2,2.4441702365875244,1.944026231765747,0.5001440048217773,0.029999999329447746,0.03728766739368439,0.007287668064236641,0.009999999776482582,0.006156489253044128,0.0038435105234384537,0.0,-0.00413861870765686,0.00413861870765686,0.03999999910593033,0.02883259952068329,0.01116739958524704
13f4049ec8c5900c,trmm-opt,trmm-opt,lv2:__PARA__L0-1.__PARA__L1-1.__PARA__L2-20.__PIPE__L0-off.__PIPE__L1-off.__TILE__L0-1.__TILE__L1-80,target,query,query,finetune_dataset,data_1052.pt,313647.0,exphormer_lite,2,50,paper_exact_seed2,2.497357130050659,1.9232243299484253,0.5741328001022339,0.03999999910593033,0.04420524835586548,0.00420524924993515,0.009999999776482582,0.008667126297950745,0.0013328734785318375,0.0,0.004094928503036499,0.004094928503036499,0.009999999776482582,0.027196243405342102,0.01719624362885952
1747dfcaa081a2a5,trmm-opt,trmm-opt,lv2:__PARA__L0-1.__PARA__L1-1.__PARA__L2-4.__PIPE__L0-off.__PIPE__L1-off.__TILE__L0-1.__TILE__L1-1,target,query,query,finetune_dataset,data_1062.pt,553647.0,exphormer_lite,2,50,paper_exact_seed2,2.08744478225708,1.5307056903839111,0.556739091873169,0.0,0.022869423031806946,0.022869423031806946,0.0,0.011526763439178467,0.011526763439178467,0.0,0.015285670757293701,0.015285670757293701,0.019999999552965164,0.012434795498847961,0.007565204054117203
98a61e0d484cdec1,trmm-opt,trmm-opt,lv2:__PARA__L0-1.__PARA__L1-1.__PARA__L2-10.__PIPE__L0-off.__PIPE__L1-off.__TILE__L0-1.__TILE__L1-80,target,query,query,finetune_dataset,data_1040.pt,366447.0,exphormer_lite,2,50,paper_exact_seed2,2.3851258754730225,2.1118054389953613,0.27332043647766113,0.009999999776482582,0.022455275058746338,0.012455275282263756,0.0,0.004185393452644348,0.004185393452644348,0.0,0.00905466079711914,0.00905466079711914,0.05000000074505806,0.016288861632347107,0.03371113911271095
2daee5e30c354acd,trmm-opt,trmm-opt,lv2:__PARA__L0-1.__PARA__L1-1.__PARA__L2-12.__PIPE__L0-off.__PIPE__L1-off.__TILE__L0-1.__TILE__L1-1,target,query,query,finetune_dataset,data_1042.pt,337647.0,exphormer_lite,2,50,paper_exact_seed2,2.4441702365875244,2.2280163764953613,0.21615386009216309,0.009999999776482582,0.027009233832359314,0.017009234055876732,0.0,0.011531546711921692,0.011531546711921692,0.0,0.03076726198196411,0.03076726198196411,0.05999999865889549,0.019807778298854828,0.040192220360040665
1bb5841ebfe22d73,trmm-opt,trmm-opt,lv2:__PARA__L0-1.__PARA__L1-1.__PARA__L2-8.__PIPE__L0-off.__PIPE__L1-off.__TILE__L0-60.__TILE__L1-1,target,query,query,finetune_dataset,data_1077.pt,496301.0,exphormer_lite,2,50,paper_exact_seed2,2.166320323944092,2.3632400035858154,0.19691967964172363,0.009999999776482582,0.027712121605873108,0.017712121829390526,0.0,0.014780119061470032,0.014780119061470032,0.0,0.008870542049407959,0.008870542049407959,0.03999999910593033,0.026570282876491547,0.013429716229438782
fc3ebd766d4cb70f,trmm-opt,trmm-opt,lv2:__PARA__L0-1.__PARA__L1-5.__PARA__L2-60.__PIPE__L0-off.__PIPE__L1-NA.__TILE__L0-1.__TILE__L1-1,target,query,query,finetune_dataset,data_1109.pt,33032.0,exphormer_lite,2,50,paper_exact_seed2,4.120959758758545,4.183426380157471,0.06246662139892578,0.30000001192092896,0.30329951643943787,0.003299504518508911,0.17000000178813934,0.17088449001312256,0.0008844882249832153,0.47999998927116394,0.36153513193130493,0.11846485733985901,0.009999999776482582,0.004267409443855286,0.0057325903326272964
935f051a2bb8fa64,trmm-opt,trmm-opt,lv2:__PARA__L0-1.__PARA__L1-1.__PARA__L2-6.__PIPE__L0-off.__PIPE__L1-off.__TILE__L0-1.__TILE__L1-1,target,query,query,finetune_dataset,data_1067.pt,428847.0,exphormer_lite,2,50,paper_exact_seed2,2.2716965675354004,1.872671365737915,0.39902520179748535,0.009999999776482582,0.021783635020256042,0.01178363524377346,0.0,0.009971991181373596,0.009971991181373596,0.0,0.019354283809661865,0.019354283809661865,0.029999999329447746,0.015333279967308044,0.014666719362139702
797d243708fe4540,trmm-opt,trmm-opt,lv2:__PARA__L0-2.__PARA__L1-16.__PARA__L2-1.__PIPE__L0-off.__PIPE__L1-flatten.__TILE__L0-1.__TILE__L1-1,target,query,query,finetune_dataset,data_1118.pt,3428.0,exphormer_lite,2,50,paper_exact_seed2,5.7551727294921875,5.428638935089111,0.32653379440307617,1.7200000286102295,1.7931604385375977,0.07316040992736816,5.809999942779541,6.678844451904297,0.8688445091247559,3.0399999618530273,3.19527006149292,0.15527009963989258,0.009999999776482582,0.00840972363948822,0.0015902761369943619
6e0a0a1e679ea7de,trmm-opt,trmm-opt,lv2:__PARA__L0-1.__PARA__L1-1.__PARA__L2-60.__PIPE__L0-off.__PIPE__L1-NA.__TILE__L0-1.__TILE__L1-1,target,query,query,finetune_dataset,data_1069.pt,9387.0,exphormer_lite,2,50,paper_exact_seed2,5.028523921966553,4.242943286895752,0.7855806350708008,0.1599999964237213,0.13680191338062286,0.02319808304309845,0.05999999865889549,0.050510063767433167,0.009489934891462326,0.09000000357627869,0.09823320806026459,0.008233204483985901,0.009999999776482582,0.012503787875175476,0.002503788098692894
f9f2f71ec25fe3fb,trmm-opt,trmm-opt,lv2:__PARA__L0-6.__PARA__L1-8.__PARA__L2-1.__PIPE__L0-off.__PIPE__L1-flatten.__TILE__L0-1.__TILE__L1-1,target,query,query,finetune_dataset,data_1136.pt,4592.0,exphormer_lite,2,50,paper_exact_seed2,5.544294834136963,5.415117263793945,0.12917757034301758,2.2699999809265137,2.1428229808807373,0.12717700004577637,11.029999732971191,10.906031608581543,0.12396812438964844,4.409999847412109,4.221478462219238,0.1885213851928711,0.0,0.003190562129020691,0.003190562129020691
6de8d03a4e24deea,trmm-opt,trmm-opt,lv2:__PARA__L0-4.__PARA__L1-10.__PARA__L2-1.__PIPE__L0-off.__PIPE__L1-flatten.__TILE__L0-1.__TILE__L1-1,target,query,query,finetune_dataset,data_1129.pt,6450.0,exphormer_lite,2,50,paper_exact_seed2,5.299206733703613,5.290475845336914,0.008730888366699219,1.9600000381469727,1.6264699697494507,0.333530068397522,9.279999732971191,8.133411407470703,1.1465883255004883,3.740000009536743,3.0735979080200195,0.6664021015167236,0.0,0.004286482930183411,0.004286482930183411
c616551aea0c126b,fdtd-2d-large,fdtd-2d-large,lv2:__PARA__L0-1.__PARA__L1-1.__PARA__L2-1.__PARA__L3-1.__PARA__L4-1.__PARA__L5-8.__PARA__L6-32.__PARA__L7-8.__PIPE__L0-off.__PIPE__L2-off.__PIPE__L3-off.__PIPE__L4-off.__TILE__L0-1.__TILE__L2-1.__TILE__L3-1.__TILE__L4-1,target,query,query,finetune_dataset,data_37.pt,4130276.0,exphormer_lite,2,50,paper_exact_seed2,0.637844979763031,0.5722339153289795,0.06561106443405151,0.07999999821186066,0.07001616060733795,0.009983837604522705,0.029999999329447746,0.011835768818855286,0.01816423051059246,0.029999999329447746,0.019695580005645752,0.010304419323801994,0.07999999821186066,0.08835573494434357,0.00835573673248291
ee17c82068784e7b,fdtd-2d-large,fdtd-2d-large,lv2:__PARA__L0-1.__PARA__L1-16.__PARA__L2-1.__PARA__L3-2.__PARA__L4-199.__PARA__L5-8.__PARA__L6-1.__PARA__L7-32.__PIPE__L0-off.__PIPE__L2-off.__PIPE__L3-flatten.__PIPE__L4-off.__TILE__L0-1.__TILE__L2-1.__TILE__L3-1.__TILE__L4-1,target,query,query,finetune_dataset,data_52.pt,91008808.0,exphormer_lite,2,50,paper_exact_seed2,-1.5930030345916748,-1.6330995559692383,0.04009652137756348,0.9399999976158142,0.599177360534668,0.34082263708114624,0.6200000047683716,0.3859806954860687,0.23401930928230286,0.9800000190734863,0.5888621807098389,0.39113783836364746,0.8700000047683716,0.6355239748954773,0.2344760298728943
af4e468b828ee9a8,fdtd-2d-large,fdtd-2d-large,lv2:__PARA__L0-1.__PARA__L1-16.__PARA__L2-1.__PARA__L3-1.__PARA__L4-199.__PARA__L5-8.__PARA__L6-32.__PARA__L7-32.__PIPE__L0-off.__PIPE__L2-off.__PIPE__L3-off.__PIPE__L4-off.__TILE__L0-1.__TILE__L2-1.__TILE__L3-1.__TILE__L4-1,target,query,query,finetune_dataset,data_50.pt,96495104.0,exphormer_lite,2,50,paper_exact_seed2,-1.635227918624878,-1.632195234298706,0.003032684326171875,0.10999999940395355,0.10967138409614563,0.00032861530780792236,0.05000000074505806,0.05349147319793701,0.003491472452878952,0.05000000074505806,0.02333831787109375,0.02666168287396431,0.3199999928474426,0.36137503385543823,0.041375041007995605
10e42364ec89ca1c,fdtd-2d-large,fdtd-2d-large,lv2:__PARA__L0-1.__PARA__L1-2.__PARA__L2-1.__PARA__L3-1.__PARA__L4-199.__PARA__L5-8.__PARA__L6-32.__PARA__L7-32.__PIPE__L0-off.__PIPE__L2-off.__PIPE__L3-off.__PIPE__L4-off.__TILE__L0-1.__TILE__L2-1.__TILE__L3-1.__TILE__L4-1,target,query,query,finetune_dataset,data_60.pt,96495104.0,exphormer_lite,2,50,paper_exact_seed2,-1.635227918624878,-1.590801477432251,0.04442644119262695,0.10999999940395355,0.10144193470478058,0.008558064699172974,0.05000000074505806,0.054745838046073914,0.004745837301015854,0.05000000074505806,0.015321284532546997,0.03467871621251106,0.3199999928474426,0.34599316120147705,0.025993168354034424
bbb1ef8016aae2eb,fdtd-2d-large,fdtd-2d-large,lv2:__PARA__L0-1.__PARA__L1-1.__PARA__L2-1.__PARA__L3-1.__PARA__L4-1.__PARA__L5-1.__PARA__L6-1.__PARA__L7-1.__PIPE__L0-off.__PIPE__L2-flatten.__PIPE__L3-flatten.__PIPE__L4-off.__TILE__L0-1.__TILE__L2-1.__TILE__L3-1.__TILE__L4-1,target,query,query,finetune_dataset,data_1.pt,4847946.0,exphormer_lite,2,50,paper_exact_seed2,0.5222772359848022,0.5224737524986267,0.0001965165138244629,0.6499999761581421,0.6563441157341003,0.006344139575958252,0.3799999952316284,0.3890548050403595,0.009054809808731079,0.49000000953674316,0.5152106881141663,0.025210678577423096,0.4699999988079071,0.6445376873016357,0.17453768849372864
bdbae9041b29082c,fdtd-2d-large,fdtd-2d-large,lv2:__PARA__L0-1.__PARA__L1-1.__PARA__L2-1.__PARA__L3-1.__PARA__L4-1.__PARA__L5-1.__PARA__L6-32.__PARA__L7-1.__PIPE__L0-off.__PIPE__L2-off.__PIPE__L3-off.__PIPE__L4-off.__TILE__L0-1.__TILE__L2-1.__TILE__L3-1.__TILE__L4-1,target,query,query,finetune_dataset,data_15.pt,11098446.0,exphormer_lite,2,50,paper_exact_seed2,-0.0751788392663002,-0.10059612989425659,0.02541729062795639,0.05000000074505806,0.0305987149477005,0.01940128579735756,0.019999999552965164,0.026092320680618286,0.006092321127653122,0.029999999329447746,0.029272139072418213,0.0007278602570295334,0.07999999821186066,0.15460290014743805,0.07460290193557739
6588cb1dc715e087,fdtd-2d-large,fdtd-2d-large,lv2:__PARA__L0-1.__PARA__L1-32.__PARA__L2-1.__PARA__L3-2.__PARA__L4-1.__PARA__L5-1.__PARA__L6-1.__PARA__L7-4.__PIPE__L0-off.__PIPE__L2-flatten.__PIPE__L3-flatten.__PIPE__L4-off.__TILE__L0-1.__TILE__L2-1.__TILE__L3-1.__TILE__L4-199,target,query,query,finetune_dataset,data_69.pt,3476933.0,exphormer_lite,2,50,paper_exact_seed2,0.7620564103126526,0.7546607255935669,0.007395684719085693,1.0499999523162842,0.7753596305847168,0.2746403217315674,0.6800000071525574,0.4869651794433594,0.193034827709198,0.9700000286102295,0.6154717803001404,0.3545282483100891,0.6899999976158142,0.7224501371383667,0.03245013952255249
7687b65c9eafd3b7,fdtd-2d-large,fdtd-2d-large,lv2:__PARA__L0-1.__PARA__L1-1.__PARA__L2-1.__PARA__L3-1.__PARA__L4-1.__PARA__L5-1.__PARA__L6-1.__PARA__L7-1.__PIPE__L0-off.__PIPE__L2-off.__PIPE__L3-off.__PIPE__L4-off.__TILE__L0-1.__TILE__L2-1.__TILE__L3-1.__TILE__L4-1,target,query,query,finetune_dataset,data_7.pt,14362849.0,exphormer_lite,2,50,paper_exact_seed2,-0.26117098331451416,-0.2213159203529358,0.03985506296157837,0.019999999552965164,-0.001080527901649475,0.02108052745461464,0.009999999776482582,0.019075199961662292,0.00907520018517971,0.0,0.030375242233276367,0.030375242233276367,0.20000000298023224,0.1953202188014984,0.004679784178733826
cf7c067d0fbb4854,fdtd-2d-large,fdtd-2d-large,lv2:__PARA__L0-1.__PARA__L1-1.__PARA__L2-1.__PARA__L3-1.__PARA__L4-1.__PARA__L5-8.__PARA__L6-1.__PARA__L7-1.__PIPE__L0-off.__PIPE__L2-off.__PIPE__L3-flatten.__PIPE__L4-off.__TILE__L0-1.__TILE__L2-1.__TILE__L3-1.__TILE__L4-1,target,query,query,finetune_dataset,data_26.pt,5425078.0,exphormer_lite,2,50,paper_exact_seed2,0.44114211201667786,0.3928799033164978,0.048262208700180054,0.5600000023841858,0.5371559262275696,0.02284407615661621,0.30000001192092896,0.2976101040840149,0.0023899078369140625,0.49000000953674316,0.45256394147872925,0.037436068058013916,0.41999998688697815,0.401471883058548,0.018528103828430176
8a8b760d8ccd8d93,fdtd-2d-large,fdtd-2d-large,lv2:__PARA__L0-1.__PARA__L1-1.__PARA__L2-1.__PARA__L3-1.__PARA__L4-1.__PARA__L5-1.__PARA__L6-1.__PARA__L7-1.__PIPE__L0-off.__PIPE__L2-off.__PIPE__L3-off.__PIPE__L4-flatten.__TILE__L0-1.__TILE__L2-1.__TILE__L3-1.__TILE__L4-1,target,query,query,finetune_dataset,data_6.pt,9627846.0,exphormer_lite,2,50,paper_exact_seed2,0.027357514947652817,0.5013794898986816,0.4740219712257385,0.8799999952316284,0.8209248185157776,0.05907517671585083,0.4399999976158142,0.35786551237106323,0.08213448524475098,0.699999988079071,0.6508908867835999,0.04910910129547119,0.4699999988079071,0.4975321590900421,0.02753216028213501
c0ce78ce07436a19,fdtd-2d-large,fdtd-2d-large,lv2:__PARA__L0-1.__PARA__L1-16.__PARA__L2-1.__PARA__L3-1.__PARA__L4-199.__PARA__L5-8.__PARA__L6-1.__PARA__L7-32.__PIPE__L0-off.__PIPE__L2-off.__PIPE__L3-flatten.__PIPE__L4-off.__TILE__L0-100.__TILE__L2-1.__TILE__L3-1.__TILE__L4-1,target,query,query,finetune_dataset,data_49.pt,91028704.0,exphormer_lite,2,50,paper_exact_seed2,-1.5931607484817505,-1.5863792896270752,0.006781458854675293,0.5099999904632568,0.618635356426239,0.10863536596298218,0.3199999928474426,0.3797835111618042,0.05978351831436157,0.49000000953674316,0.6316080689430237,0.14160805940628052,0.5299999713897705,0.7123754620552063,0.1823754906654358
2cd3b2c7af7b80ef,fdtd-2d-large,fdtd-2d-large,lv2:__PARA__L0-1.__PARA__L1-1.__PARA__L2-1.__PARA__L3-1.__PARA__L4-1.__PARA__L5-1.__PARA__L6-4.__PARA__L7-1.__PIPE__L0-off.__PIPE__L2-off.__PIPE__L3-off.__PIPE__L4-off.__TILE__L0-1.__TILE__L2-1.__TILE__L3-1.__TILE__L4-1,target,query,query,finetune_dataset,data_16.pt,11700549.0,exphormer_lite,2,50,paper_exact_seed2,-0.11328811198472977,-0.12042993307113647,0.007141821086406708,0.019999999552965164,0.01789991557598114,0.002100083976984024,0.009999999776482582,0.02005399763584137,0.010053997859358788,0.009999999776482582,0.02637326717376709,0.016373267397284508,0.20000000298023224,0.16478917002677917,0.035210832953453064
224f94460b242ec7,fdtd-2d-large,fdtd-2d-large,lv2:__PARA__L0-1.__PARA__L1-16.__PARA__L2-199.__PARA__L3-1.__PARA__L4-1.__PARA__L5-8.__PARA__L6-32.__PARA__L7-32.__PIPE__L0-off.__PIPE__L2-off.__PIPE__L3-off.__PIPE__L4-off.__TILE__L0-100.__TILE__L2-1.__TILE__L3-1.__TILE__L4-1,target,query,query,finetune_dataset,data_57.pt,12799945.0,exphormer_lite,2,50,paper_exact_seed2,-0.17806880176067352,-0.06664043664932251,0.11142836511135101,0.14000000059604645,0.23615248501300812,0.09615248441696167,0.05999999865889549,0.07318452000617981,0.013184521347284317,0.09000000357627869,0.13919928669929504,0.04919928312301636,0.25999999046325684,0.3096206486225128,0.04962065815925598
e4bb24edea4453bc,fdtd-2d-large,fdtd-2d-large,lv2:__PARA__L0-1.__PARA__L1-16.__PARA__L2-1.__PARA__L3-1.__PARA__L4-1.__PARA__L5-8.__PARA__L6-32.__PARA__L7-32.__PIPE__L0-off.__PIPE__L2-off.__PIPE__L3-off.__PIPE__L4-off.__TILE__L0-1.__TILE__L2-199.__TILE__L3-1.__TILE__L4-199,target,query,query,finetune_dataset,data_46.pt,10068645.0,exphormer_lite,2,50,paper_exact_seed2,-0.004934771917760372,-0.030015408992767334,0.025080636143684387,0.15000000596046448,0.11724136769771576,0.03275863826274872,0.05999999865889549,-0.002586081624031067,0.06258608400821686,0.09000000357627869,0.06913615763187408,0.020863845944404602,0.14000000059604645,0.1852845400571823,0.045284539461135864
0df2afff91484b47,fdtd-2d-large,fdtd-2d-large,lv2:__PARA__L0-1.__PARA__L1-1.__PARA__L2-1.__PARA__L3-1.__PARA__L4-1.__PARA__L5-1.__PARA__L6-1.__PARA__L7-16.__PIPE__L0-off.__PIPE__L2-flatten.__PIPE__L3-flatten.__PIPE__L4-off.__TILE__L0-1.__TILE__L2-1.__TILE__L3-1.__TILE__L4-1,target,query,query,finetune_dataset,data_8.pt,9280846.0,exphormer_lite,2,50,paper_exact_seed2,0.05383588746190071,0.5879424810409546,0.5341066122055054,0.6600000262260437,0.7082462906837463,0.04824626445770264,0.4000000059604645,0.4178811311721802,0.017881125211715698,0.49000000953674316,0.5337519645690918,0.04375195503234863,0.5799999833106995,0.6613101959228516,0.0813102126121521
2579e364929f0376,fdtd-2d-large,fdtd-2d-large,lv2:__PARA__L0-1.__PARA__L1-16.__PARA__L2-1.__PARA__L3-1.__PARA__L4-1.__PARA__L5-8.__PARA__L6-32.__PARA__L7-32.__PIPE__L0-off.__PIPE__L2-off.__PIPE__L3-off.__PIPE__L4-off.__TILE__L0-100.__TILE__L2-1.__TILE__L3-1.__TILE__L4-1,target,query,query,finetune_dataset,data_47.pt,10068645.0,exphormer_lite,2,50,paper_exact_seed2,-0.004934771917760372,0.7267216444015503,0.7316564321517944,0.15000000596046448,0.08201281726360321,0.06798718869686127,0.05999999865889549,0.0011660456657409668,0.058833952993154526,0.09000000357627869,0.015545576810836792,0.0744544267654419,0.14000000059604645,0.11098551750183105,0.029014483094215393
d26ee52b22ad5721,fdtd-2d-large,fdtd-2d-large,lv2:__PARA__L0-1.__PARA__L1-32.__PARA__L2-1.__PARA__L3-2.__PARA__L4-1.__PARA__L5-1.__PARA__L6-1.__PARA__L7-4.__PIPE__L0-off.__PIPE__L2-flatten.__PIPE__L3-flatten.__PIPE__L4-off.__TILE__L0-1.__TILE__L2-1.__TILE__L3-1.__TILE__L4-1,target,query,query,finetune_dataset,data_68.pt,3476933.0,exphormer_lite,2,50,paper_exact_seed2,0.7620564103126526,0.5319081544876099,0.23014825582504272,1.0499999523162842,0.8950394988059998,0.15496045351028442,0.6800000071525574,0.5301092863082886,0.1498907208442688,0.9700000286102295,0.6994487643241882,0.27055126428604126,0.6899999976158142,0.7983773946762085,0.10837739706039429
5149f70100e19a16,fdtd-2d-large,fdtd-2d-large,lv2:__PARA__L0-1.__PARA__L1-32.__PARA__L2-1.__PARA__L3-1.__PARA__L4-1.__PARA__L5-1.__PARA__L6-1.__PARA__L7-4.__PIPE__L0-off.__PIPE__L2-flatten.__PIPE__L3-flatten.__PIPE__L4-off.__TILE__L0-1.__TILE__L2-1.__TILE__L3-1.__TILE__L4-1,target,query,query,finetune_dataset,data_63.pt,3566533.0,exphormer_lite,2,50,paper_exact_seed2,0.7437028884887695,0.4801042079925537,0.2635986804962158,0.6600000262260437,0.7571545839309692,0.09715455770492554,0.38999998569488525,0.4278533160686493,0.03785333037376404,0.49000000953674316,0.5575832724571228,0.06758326292037964,0.5799999833106995,0.7130511999130249,0.13305121660232544
49d3b2ff7557b80f,fdtd-2d-large,fdtd-2d-large,lv2:__PARA__L0-1.__PARA__L1-16.__PARA__L2-1.__PARA__L3-1.__PARA__L4-1.__PARA__L5-1.__PARA__L6-1.__PARA__L7-4.__PIPE__L0-off.__PIPE__L2-flatten.__PIPE__L3-flatten.__PIPE__L4-off.__TILE__L0-1.__TILE__L2-1.__TILE__L3-1.__TILE__L4-1,target,query,query,finetune_dataset,data_41.pt,3567046.0,exphormer_lite,2,50,paper_exact_seed2,0.7435991168022156,0.6620587110519409,0.08154040575027466,0.6600000262260437,0.7537711262702942,0.09377110004425049,0.38999998569488525,0.41940754652023315,0.0294075608253479,0.49000000953674316,0.5625284910202026,0.07252848148345947,0.5799999833106995,0.6840969324111938,0.10409694910049438
3ed41a68d0ef9bf1,fdtd-2d-large,fdtd-2d-large,lv2:__PARA__L0-1.__PARA__L1-1.__PARA__L2-1.__PARA__L3-1.__PARA__L4-1.__PARA__L5-16.__PARA__L6-32.__PARA__L7-1.__PIPE__L0-off.__PIPE__L2-off.__PIPE__L3-off.__PIPE__L4-off.__TILE__L0-1.__TILE__L2-1.__TILE__L3-1.__TILE__L4-1,target,query,query,finetune_dataset,data_19.pt,6879677.0,exphormer_lite,2,50,paper_exact_seed2,0.26979362964630127,0.2358485460281372,0.03394508361816406,0.07000000029802322,0.04977986216545105,0.020220138132572174,0.029999999329447746,0.031157031655311584,0.0011570323258638382,0.029999999329447746,0.03599706292152405,0.005997063592076302,0.14000000059604645,0.09792585670948029,0.04207414388656616
6e8e3db885d78bd2,fdtd-2d-large,fdtd-2d-large,lv2:__PARA__L0-1.__PARA__L1-1.__PARA__L2-1.__PARA__L3-1.__PARA__L4-1.__PARA__L5-1.__PARA__L6-8.__PARA__L7-1.__PIPE__L0-off.__PIPE__L2-off.__PIPE__L3-off.__PIPE__L4-off.__TILE__L0-1.__TILE__L2-1.__TILE__L3-1.__TILE__L4-1,target,query,query,finetune_dataset,data_17.pt,11180549.0,exphormer_lite,2,50,paper_exact_seed2,-0.08049551397562027,-0.10473448038101196,0.024238966405391693,0.029999999329447746,0.021002724766731262,0.008997274562716484,0.009999999776482582,0.01822926104068756,0.008229261264204979,0.019999999552965164,0.022946953773498535,0.002946954220533371,0.20000000298023224,0.15878081321716309,0.04121918976306915
36342450c0a28278,fdtd-2d-large,fdtd-2d-large,lv2:__PARA__L0-1.__PARA__L1-1.__PARA__L2-1.__PARA__L3-1.__PARA__L4-1.__PARA__L5-8.__PARA__L6-1.__PARA__L7-8.__PIPE__L0-off.__PIPE__L2-off.__PIPE__L3-flatten.__PIPE__L4-off.__TILE__L0-1.__TILE__L2-1.__TILE__L3-1.__TILE__L4-1,target,query,query,finetune_dataset,data_31.pt,2654277.0,exphormer_lite,2,50,paper_exact_seed2,0.9568045735359192,0.784821629524231,0.17198294401168823,0.5600000023841858,0.5841526389122009,0.024152636528015137,0.3100000023841858,0.3116745352745056,0.0016745328903198242,0.49000000953674316,0.46107804775238037,0.028921961784362793,0.36000001430511475,0.4035491943359375,0.043549180030822754
218cd76217be5500,fdtd-2d-large,fdtd-2d-large,lv2:__PARA__L0-1.__PARA__L1-1.__PARA__L2-1.__PARA__L3-1.__PARA__L4-1.__PARA__L5-8.__PARA__L6-32.__PARA__L7-2.__PIPE__L0-off.__PIPE__L2-off.__PIPE__L3-off.__PIPE__L4-off.__TILE__L0-1.__TILE__L2-1.__TILE__L3-1.__TILE__L4-1,target,query,query,finetune_dataset,data_34.pt,5722276.0,exphormer_lite,2,50,paper_exact_seed2,0.4026695191860199,0.3540189862251282,0.048650532960891724,0.07000000029802322,0.04721100628376007,0.022788994014263153,0.019999999552965164,0.01632697880268097,0.003673020750284195,0.029999999329447746,0.020629435777664185,0.009370563551783562,0.07999999821186066,0.10954943299293518,0.029549434781074524
dbad873225c851dd,fdtd-2d-large,fdtd-2d-large,lv2:__PARA__L0-1.__PARA__L1-1.__PARA__L2-1.__PARA__L3-1.__PARA__L4-199.__PARA__L5-8.__PARA__L6-1.__PARA__L7-32.__PIPE__L0-off.__PIPE__L2-off.__PIPE__L3-flatten.__PIPE__L4-off.__TILE__L0-1.__TILE__L2-1.__TILE__L3-1.__TILE__L4-1,target,query,query,finetune_dataset,data_39.pt,91028704.0,exphormer_lite,2,50,paper_exact_seed2,-1.5931607484817505,-1.5492990016937256,0.0438617467880249,0.5099999904632568,0.466009259223938,0.04399073123931885,0.3199999928474426,0.2765493392944336,0.04345065355300903,0.49000000953674316,0.4142237603664398,0.07577624917030334,0.5299999713897705,0.5472879409790039,0.0172879695892334
8f5ccf53930158b0,fdtd-2d-large,fdtd-2d-large,lv2:__PARA__L0-1.__PARA__L1-16.__PARA__L2-1.__PARA__L3-1.__PARA__L4-1.__PARA__L5-8.__PARA__L6-32.__PARA__L7-1.__PIPE__L0-off.__PIPE__L2-off.__PIPE__L3-off.__PIPE__L4-flatten.__TILE__L0-1.__TILE__L2-199.__TILE__L3-1.__TILE__L4-199,target,query,query,finetune_dataset,data_43.pt,943474.0,exphormer_lite,2,50,paper_exact_seed2,1.7029367685317993,1.5180342197418213,0.18490254878997803,0.9200000166893005,0.866661012172699,0.05333900451660156,0.4300000071525574,0.3579646348953247,0.07203537225723267,0.699999988079071,0.6414283514022827,0.05857163667678833,0.5799999833106995,0.6263680458068848,0.0463680624961853
c4db0bc785b1f9c0,fdtd-2d-large,fdtd-2d-large,lv2:__PARA__L0-1.__PARA__L1-2.__PARA__L2-1.__PARA__L3-1.__PARA__L4-1.__PARA__L5-1.__PARA__L6-1.__PARA__L7-4.__PIPE__L0-off.__PIPE__L2-flatten.__PIPE__L3-flatten.__PIPE__L4-off.__TILE__L0-1.__TILE__L2-1.__TILE__L3-1.__TILE__L4-1,target,query,query,finetune_dataset,data_58.pt,3577546.0,exphormer_lite,2,50,paper_exact_seed2,0.7414788603782654,0.7064729928970337,0.03500586748123169,0.6600000262260437,0.7275817394256592,0.06758171319961548,0.38999998569488525,0.4058862328529358,0.015886247158050537,0.49000000953674316,0.5500894784927368,0.06008946895599365,0.5799999833106995,0.6728626489639282,0.09286266565322876
a8c72ca5d925d23c,fdtd-2d-large,fdtd-2d-large,lv2:__PARA__L0-1.__PARA__L1-4.__PARA__L2-1.__PARA__L3-1.__PARA__L4-199.__PARA__L5-8.__PARA__L6-1.__PARA__L7-32.__PIPE__L0-off.__PIPE__L2-off.__PIPE__L3-flatten.__PIPE__L4-off.__TILE__L0-1.__TILE__L2-1.__TILE__L3-1.__TILE__L4-1,target,query,query,finetune_dataset,data_72.pt,91028704.0,exphormer_lite,2,50,paper_exact_seed2,-1.5931607484817505,-1.594111680984497,0.000950932502746582,0.5099999904632568,0.4756286144256592,0.034371376037597656,0.3199999928474426,0.29375284910202026,0.026247143745422363,0.49000000953674316,0.4438773989677429,0.046122610569000244,0.5299999713897705,0.55330491065979,0.02330493927001953
