sample_id,kernel,gname,key,dataset_role,split,support_query,cache_split,file_name,actual_perf,model,seed,k,selection,y_true_perf,y_pred_perf,abs_err_perf,y_true_util_LUT,y_pred_util_LUT,abs_err_util_LUT,y_true_util_FF,y_pred_util_FF,abs_err_util_FF,y_true_util_DSP,y_pred_util_DSP,abs_err_util_DSP,y_true_util_BRAM,y_pred_util_BRAM,abs_err_util_BRAM
eed285261932cba5,syr2k,syr2k,lv2:__PARA__L0-1.__PARA__L1-1.__PARA__L2-12.__PARA__L3-80.__PIPE__L0-off.__PIPE__L2-off.__TILE__L0-1.__TILE__L2-1,target,support,support,finetune_dataset,data_937.pt,51501.0,gatedgcn_vn,5,50,paper_exact_seed5,3.8005919456481934,3.6850314140319824,0.11556053161621094,0.20999999344348907,0.11896367371082306,0.09103631973266602,0.11999999731779099,0.06642380356788635,0.05357619374990463,0.029999999329447746,0.03336745500564575,0.0033674556761980057,0.05999999865889549,0.05901941657066345,0.0009805820882320404
b2583f4d8e1d72d3,syr2k,syr2k,lv2:__PARA__L0-1.__PARA__L1-1.__PARA__L2-2.__PARA__L3-1.__PIPE__L0-off.__PIPE__L2-flatten.__TILE__L0-1.__TILE__L2-2,target,support,support,finetune_dataset,data_939.pt,299271.0,gatedgcn_vn,5,50,paper_exact_seed5,2.5312018394470215,3.007009267807007,0.47580742835998535,0.10999999940395355,0.13264639675617218,0.022646397352218628,0.07000000029802322,0.056699082255363464,0.01330091804265976,0.019999999552965164,0.036966778337955475,0.01696677878499031,0.019999999552965164,0.03352426737546921,0.013524267822504044
6533dd41aee879ef,syr2k,syr2k,lv2:__PARA__L0-1.__PARA__L1-2.__PARA__L2-1.__PARA__L3-80.__PIPE__L0-off.__PIPE__L2-off.__TILE__L0-1.__TILE__L2-1,target,support,support,finetune_dataset,data_988.pt,71821.0,gatedgcn_vn,5,50,paper_exact_seed5,3.5606892108917236,3.538437843322754,0.022251367568969727,0.09000000357627869,0.11091950535774231,0.020919501781463623,0.03999999910593033,0.049068450927734375,0.009068451821804047,0.03999999910593033,0.02902940660715103,0.010970592498779297,0.05000000074505806,0.05464828759431839,0.00464828684926033
0e54b1930d7346eb,syr2k,syr2k,lv2:__PARA__L0-1.__PARA__L1-32.__PARA__L2-1.__PARA__L3-16.__PIPE__L0-off.__PIPE__L2-off.__TILE__L0-1.__TILE__L2-1,target,support,support,finetune_dataset,data_1006.pt,169901.0,gatedgcn_vn,5,50,paper_exact_seed5,2.9395809173583984,2.548361301422119,0.3912196159362793,0.03999999910593033,0.07895445078611374,0.03895445168018341,0.019999999552965164,0.0601169690489769,0.040116969496011734,0.05000000074505806,0.07827594876289368,0.028275948017835617,0.07999999821186066,0.052542805671691895,0.027457192540168762
10184b53b46431f3,syr2k,syr2k,lv2:__PARA__L0-1.__PARA__L1-1.__PARA__L2-1.__PARA__L3-1.__PIPE__L0-off.__PIPE__L2-flatten.__TILE__L0-1.__TILE__L2-8,target,support,support,finetune_dataset,data_917.pt,195227.0,gatedgcn_vn,5,50,paper_exact_seed5,2.8393518924713135,2.717747211456299,0.12160468101501465,0.1599999964237213,0.13210028409957886,0.027899712324142456,0.09000000357627869,0.060105592012405396,0.02989441156387329,0.019999999552965164,0.031485579907894135,0.01148558035492897,0.009999999776482582,0.0367843434214592,0.026784343644976616
c6307a47e48e34a0,syr2k,syr2k,lv2:__PARA__L0-1.__PARA__L1-16.__PARA__L2-1.__PARA__L3-32.__PIPE__L0-off.__PIPE__L2-off.__TILE__L0-1.__TILE__L2-1,target,support,support,finetune_dataset,data_976.pt,1999329.0,gatedgcn_vn,5,50,paper_exact_seed5,1.1612061262130737,1.9501090049743652,0.7889028787612915,0.10000000149011612,0.046804457902908325,0.053195543587207794,0.03999999910593033,0.02835667133331299,0.01164332777261734,0.10000000149011612,0.06056732311844826,0.03943267837166786,0.019999999552965164,0.05072728544473648,0.030727285891771317
275dbf1f298d56dc,syr2k,syr2k,lv2:__PARA__L0-1.__PARA__L1-4.__PARA__L2-5.__PARA__L3-80.__PIPE__L0-off.__PIPE__L2-NA.__TILE__L0-1.__TILE__L2-1,target,support,support,finetune_dataset,data_1016.pt,54007.0,gatedgcn_vn,5,50,paper_exact_seed5,3.7663190364837646,3.701786994934082,0.06453204154968262,0.10999999940395355,0.123162642121315,0.01316264271736145,0.07000000029802322,0.07092557102441788,0.0009255707263946533,0.029999999329447746,0.028085216879844666,0.0019147824496030807,0.05999999865889549,0.05749770998954773,0.002502288669347763
415d047616978069,syr2k,syr2k,lv2:__PARA__L0-1.__PARA__L1-2.__PARA__L2-10.__PARA__L3-1.__PIPE__L0-off.__PIPE__L2-flatten.__TILE__L0-1.__TILE__L2-1,target,support,support,finetune_dataset,data_989.pt,50701.0,gatedgcn_vn,5,50,paper_exact_seed5,3.811885118484497,3.4178922176361084,0.39399290084838867,0.18000000715255737,0.19226616621017456,0.012266159057617188,0.10999999940395355,0.15145622193813324,0.04145622253417969,0.029999999329447746,0.05647563561797142,0.026475636288523674,0.05000000074505806,0.037487827241420746,0.012512173503637314
555a887ab9d454ef,syr2k,syr2k,lv2:__PARA__L0-1.__PARA__L1-8.__PARA__L2-1.__PARA__L3-16.__PIPE__L0-off.__PIPE__L2-off.__TILE__L0-1.__TILE__L2-1,target,support,support,finetune_dataset,data_1019.pt,168381.0,gatedgcn_vn,5,50,paper_exact_seed5,2.94606351852417,2.4425582885742188,0.5035052299499512,0.03999999910593033,0.028806611895561218,0.01119338721036911,0.009999999776482582,0.020091861486434937,0.010091861709952354,0.05000000074505806,0.055144552141427994,0.005144551396369934,0.07999999821186066,0.049095652997493744,0.030904345214366913
d91bf35255f0a557,syr2k,syr2k,lv2:__PARA__L0-1.__PARA__L1-8.__PARA__L2-4.__PARA__L3-80.__PIPE__L0-off.__PIPE__L2-off.__TILE__L0-1.__TILE__L2-1,target,support,support,finetune_dataset,data_1029.pt,46061.0,gatedgcn_vn,5,50,paper_exact_seed5,3.8811192512512207,3.757795810699463,0.12332344055175781,0.10000000149011612,0.11751692742109299,0.017516925930976868,0.05999999865889549,0.060143277049064636,0.00014327839016914368,0.029999999329447746,0.029755257070064545,0.0002447422593832016,0.05000000074505806,0.06017405539751053,0.010174054652452469
bae8fa957b07dc0f,syr2k,syr2k,lv2:__PARA__L0-1.__PARA__L1-1.__PARA__L2-10.__PARA__L3-1.__PIPE__L0-off.__PIPE__L2-flatten.__TILE__L0-1.__TILE__L2-2,target,support,support,finetune_dataset,data_930.pt,123349.0,gatedgcn_vn,5,50,paper_exact_seed5,3.1705551147460938,3.33294415473938,0.16238903999328613,0.18000000715255737,0.18253396451473236,0.002533957362174988,0.10999999940395355,0.1621873825788498,0.05218738317489624,0.019999999552965164,0.061126019805669785,0.04112602025270462,0.009999999776482582,0.036713458597660065,0.026713458821177483
7547cdfc13259299,syr2k,syr2k,lv2:__PARA__L0-1.__PARA__L1-2.__PARA__L2-1.__PARA__L3-32.__PIPE__L0-off.__PIPE__L2-off.__TILE__L0-1.__TILE__L2-1,target,support,support,finetune_dataset,data_986.pt,2002129.0,gatedgcn_vn,5,50,paper_exact_seed5,1.1601965427398682,1.7893235683441162,0.629127025604248,0.10000000149011612,0.0641421228647232,0.035857878625392914,0.03999999910593033,0.03651462495326996,0.00348537415266037,0.10000000149011612,0.05719173327088356,0.04280826821923256,0.019999999552965164,0.04423349350690842,0.024233493953943253
504cc116f687b53b,syr2k,syr2k,lv2:__PARA__L0-1.__PARA__L1-1.__PARA__L2-2.__PARA__L3-1.__PIPE__L0-off.__PIPE__L2-flatten.__TILE__L0-1.__TILE__L2-8,target,support,support,finetune_dataset,data_941.pt,136347.0,gatedgcn_vn,5,50,paper_exact_seed5,3.0982866287231445,2.8930516242980957,0.20523500442504883,0.18000000715255737,0.12093168497085571,0.05906832218170166,0.09000000357627869,0.06404639780521393,0.02595360577106476,0.019999999552965164,0.03749046474695206,0.017490465193986893,0.009999999776482582,0.028918646275997162,0.01891864649951458
6b7a3a63a513e7f4,syr2k,syr2k,lv2:__PARA__L0-1.__PARA__L1-8.__PARA__L2-3.__PARA__L3-80.__PIPE__L0-off.__PIPE__L2-NA.__TILE__L0-1.__TILE__L2-1,target,support,support,finetune_dataset,data_1026.pt,53291.0,gatedgcn_vn,5,50,paper_exact_seed5,3.7759461402893066,3.717205286026001,0.058740854263305664,0.07999999821186066,0.11644691228866577,0.036446914076805115,0.05000000074505806,0.05992632359266281,0.009926322847604752,0.029999999329447746,0.03328510373830795,0.0032851044088602066,0.05000000074505806,0.058238618075847626,0.008238617330789566
660ddb3a800764d7,syr2k,syr2k,lv2:__PARA__L0-1.__PARA__L1-1.__PARA__L2-1.__PARA__L3-32.__PIPE__L0-off.__PIPE__L2-off.__TILE__L0-1.__TILE__L2-1,target,support,support,finetune_dataset,data_923.pt,2005329.0,gatedgcn_vn,5,50,paper_exact_seed5,1.159044623374939,1.8080133199691772,0.6489686965942383,0.10000000149011612,0.06583026051521301,0.03416974097490311,0.03999999910593033,0.036367252469062805,0.003632746636867523,0.10000000149011612,0.05723169073462486,0.04276831075549126,0.019999999552965164,0.042962051928043365,0.0229620523750782
4187821acffb4d42,syr2k,syr2k,lv2:__PARA__L0-1.__PARA__L1-2.__PARA__L2-3.__PARA__L3-80.__PIPE__L0-off.__PIPE__L2-off.__TILE__L0-1.__TILE__L2-1,target,support,support,finetune_dataset,data_995.pt,55611.0,gatedgcn_vn,5,50,paper_exact_seed5,3.7452070713043213,3.6828882694244385,0.06231880187988281,0.07999999821186066,0.11731888353824615,0.0373188853263855,0.05000000074505806,0.061067596077919006,0.011067595332860947,0.029999999329447746,0.026899509131908417,0.0031004901975393295,0.05000000074505806,0.057372383773326874,0.007372383028268814
b94a2ad1d393f6a6,syr2k,syr2k,lv2:__PARA__L0-1.__PARA__L1-1.__PARA__L2-10.__PARA__L3-80.__PIPE__L0-off.__PIPE__L2-NA.__TILE__L0-1.__TILE__L2-1,target,support,support,finetune_dataset,data_932.pt,53901.0,gatedgcn_vn,5,50,paper_exact_seed5,3.7677361965179443,3.6500344276428223,0.11770176887512207,0.18000000715255737,0.12388172000646591,0.05611828714609146,0.10999999940395355,0.07317426055669785,0.03682573884725571,0.029999999329447746,0.035942189395427704,0.005942190065979958,0.05000000074505806,0.054827556014060974,0.004827555269002914
f7a56b547326dc31,syr2k,syr2k,lv2:__PARA__L0-1.__PARA__L1-1.__PARA__L2-1.__PARA__L3-80.__PIPE__L0-off.__PIPE__L2-NA.__TILE__L0-1.__TILE__L2-1,target,support,support,finetune_dataset,data_927.pt,75021.0,gatedgcn_vn,5,50,paper_exact_seed5,3.529244899749756,3.5193562507629395,0.009888648986816406,0.09000000357627869,0.11235212534666061,0.022352121770381927,0.03999999910593033,0.0458318293094635,0.005831830203533173,0.03999999910593033,0.015208959579467773,0.024791039526462555,0.05000000074505806,0.05211811512708664,0.0021181143820285797
5cf7d8cc09de0429,syr2k,syr2k,lv2:__PARA__L0-1.__PARA__L1-4.__PARA__L2-1.__PARA__L3-80.__PIPE__L0-off.__PIPE__L2-NA.__TILE__L0-1.__TILE__L2-1,target,support,support,finetune_dataset,data_1009.pt,70221.0,gatedgcn_vn,5,50,paper_exact_seed5,3.5769407749176025,3.5252091884613037,0.05173158645629883,0.10000000149011612,0.11134402453899384,0.011344023048877716,0.03999999910593033,0.04666593670845032,0.006665937602519989,0.03999999910593033,0.014812536537647247,0.02518746256828308,0.05000000074505806,0.05695148557424545,0.006951484829187393
8f674109f29f697d,syr2k,syr2k,lv2:__PARA__L0-1.__PARA__L1-2.__PARA__L2-2.__PARA__L3-1.__PIPE__L0-off.__PIPE__L2-flatten.__TILE__L0-1.__TILE__L2-1,target,support,support,finetune_dataset,data_990.pt,50783.0,gatedgcn_vn,5,50,paper_exact_seed5,3.8107192516326904,3.1483449935913086,0.6623742580413818,0.10999999940395355,0.1345374584197998,0.024537459015846252,0.05000000074505806,0.057031914591789246,0.007031913846731186,0.029999999329447746,0.0387706533074379,0.00877065397799015,0.05000000074505806,0.0364290252327919,0.013570975512266159
cd513ad6e06bbf90,syr2k,syr2k,lv2:__PARA__L0-1.__PARA__L1-1.__PARA__L2-1.__PARA__L3-4.__PIPE__L0-off.__PIPE__L2-off.__TILE__L0-1.__TILE__L2-1,target,support,support,finetune_dataset,data_924.pt,245981.0,gatedgcn_vn,5,50,paper_exact_seed5,2.672654628753662,2.3060741424560547,0.3665804862976074,0.009999999776482582,0.05252254009246826,0.04252254217863083,0.0,0.006089389324188232,0.006089389324188232,0.009999999776482582,0.03657662123441696,0.02657662145793438,0.029999999329447746,0.025795571506023407,0.004204427823424339
9f70d0ad1d97d21d,syr2k,syr2k,lv2:__PARA__L0-1.__PARA__L1-2.__PARA__L2-5.__PARA__L3-80.__PIPE__L0-off.__PIPE__L2-NA.__TILE__L0-1.__TILE__L2-1,target,support,support,finetune_dataset,data_1000.pt,55607.0,gatedgcn_vn,5,50,paper_exact_seed5,3.7452588081359863,3.693331241607666,0.05192756652832031,0.10999999940395355,0.12262527644634247,0.012625277042388916,0.07000000029802322,0.07083512842655182,0.000835128128528595,0.029999999329447746,0.02772650122642517,0.0022734981030225754,0.05999999865889549,0.055060505867004395,0.004939492791891098
2883fd2e756dad0a,syr2k,syr2k,lv2:__PARA__L0-1.__PARA__L1-2.__PARA__L2-3.__PARA__L3-1.__PIPE__L0-off.__PIPE__L2-flatten.__TILE__L0-1.__TILE__L2-1,target,support,support,finetune_dataset,data_993.pt,55611.0,gatedgcn_vn,5,50,paper_exact_seed5,3.7452070713043213,3.2458763122558594,0.4993307590484619,0.07999999821186066,0.12361836433410645,0.04361836612224579,0.05000000074505806,0.0649004727602005,0.01490047201514244,0.029999999329447746,0.027573823928833008,0.0024261754006147385,0.05000000074505806,0.032126180827617645,0.017873819917440414
4774b62b72a175a9,syr2k,syr2k,lv2:__PARA__L0-1.__PARA__L1-2.__PARA__L2-6.__PARA__L3-80.__PIPE__L0-off.__PIPE__L2-NA.__TILE__L0-1.__TILE__L2-1,target,support,support,finetune_dataset,data_1003.pt,50701.0,gatedgcn_vn,5,50,paper_exact_seed5,3.811885118484497,3.6978349685668945,0.11405014991760254,0.11999999731779099,0.12153724581003189,0.0015372484922409058,0.07000000029802322,0.0692468136548996,0.0007531866431236267,0.029999999329447746,0.027473069727420807,0.0025269296020269394,0.05000000074505806,0.05542293190956116,0.0054229311645030975
a38d96984259f519,syr2k,syr2k,lv2:__PARA__L0-1.__PARA__L1-8.__PARA__L2-2.__PARA__L3-80.__PIPE__L0-off.__PIPE__L2-off.__TILE__L0-1.__TILE__L2-1,target,support,support,finetune_dataset,data_1025.pt,48463.0,gatedgcn_vn,5,50,paper_exact_seed5,3.8444502353668213,3.6501193046569824,0.19433093070983887,0.10999999940395355,0.11202917993068695,0.0020291805267333984,0.05000000074505806,0.05455586314201355,0.00455586239695549,0.029999999329447746,0.03731797635555267,0.007317977026104927,0.05000000074505806,0.06068642437458038,0.010686423629522324
dcf12e0495e8bad7,syr2k,syr2k,lv2:__PARA__L0-1.__PARA__L1-2.__PARA__L2-1.__PARA__L3-20.__PIPE__L0-off.__PIPE__L2-off.__TILE__L0-1.__TILE__L2-1,target,support,support,finetune_dataset,data_985.pt,166849.0,gatedgcn_vn,5,50,paper_exact_seed5,2.9526565074920654,2.105361223220825,0.8472952842712402,0.07000000029802322,0.05403260886669159,0.015967391431331635,0.029999999329447746,0.035743698477745056,0.00574369914829731,0.07999999821186066,0.058841247111558914,0.021158751100301743,0.019999999552965164,0.045859090983867645,0.02585909143090248
5ae5480f40dee700,syr2k,syr2k,lv2:__PARA__L0-1.__PARA__L1-1.__PARA__L2-20.__PARA__L3-1.__PIPE__L0-off.__PIPE__L2-flatten.__TILE__L0-1.__TILE__L2-2,target,support,support,finetune_dataset,data_944.pt,106747.0,gatedgcn_vn,5,50,paper_exact_seed5,3.2748303413391113,3.314040422439575,0.03921008110046387,0.3199999928474426,0.21932652592658997,0.10067346692085266,0.5099999904632568,0.21632668375968933,0.2936733067035675,0.03999999910593033,0.07060594856739044,0.030605949461460114,0.029999999329447746,0.04682014882564545,0.0168201494961977
2434d5d349eb92bb,syr2k,syr2k,lv2:__PARA__L0-1.__PARA__L1-16.__PARA__L2-2.__PARA__L3-80.__PIPE__L0-off.__PIPE__L2-NA.__TILE__L0-1.__TILE__L2-1,target,support,support,finetune_dataset,data_979.pt,47983.0,gatedgcn_vn,5,50,paper_exact_seed5,3.851630449295044,3.7184946537017822,0.13313579559326172,0.10999999940395355,0.11437756568193436,0.0043775662779808044,0.05000000074505806,0.05799347162246704,0.007993470877408981,0.029999999329447746,0.0334898978471756,0.003489898517727852,0.05000000074505806,0.0567280650138855,0.006728064268827438
3c68f4e92bb140ff,syr2k,syr2k,lv2:__PARA__L0-1.__PARA__L1-1.__PARA__L2-3.__PARA__L3-1.__PIPE__L0-off.__PIPE__L2-flatten.__TILE__L0-1.__TILE__L2-2,target,support,support,finetune_dataset,data_946.pt,232897.0,gatedgcn_vn,5,50,paper_exact_seed5,2.7120821475982666,3.1578550338745117,0.4457728862762451,0.07999999821186066,0.12144681066274643,0.04144681245088577,0.05000000074505806,0.06487460434436798,0.014874603599309921,0.019999999552965164,0.02264857292175293,0.0026485733687877655,0.019999999552965164,0.030095703899860382,0.010095704346895218
4413408007bce9e8,syr2k,syr2k,lv2:__PARA__L0-1.__PARA__L1-16.__PARA__L2-1.__PARA__L3-80.__PIPE__L0-off.__PIPE__L2-NA.__TILE__L0-1.__TILE__L2-1,target,support,support,finetune_dataset,data_977.pt,69021.0,gatedgcn_vn,5,50,paper_exact_seed5,3.589374542236328,3.5317625999450684,0.057611942291259766,0.10000000149011612,0.11321423947811127,0.013214237987995148,0.03999999910593033,0.053485482931137085,0.013485483825206757,0.03999999910593033,0.02605587989091873,0.013944119215011597,0.05000000074505806,0.05897090584039688,0.008970905095338821
9479d4f09dff4ff1,syr2k,syr2k,lv2:__PARA__L0-1.__PARA__L1-2.__PARA__L2-4.__PARA__L3-80.__PIPE__L0-off.__PIPE__L2-off.__TILE__L0-1.__TILE__L2-1,target,support,support,finetune_dataset,data_998.pt,48381.0,gatedgcn_vn,5,50,paper_exact_seed5,3.8456718921661377,3.7039055824279785,0.14176630973815918,0.09000000357627869,0.11463375389575958,0.024633750319480896,0.05000000074505806,0.055958062410354614,0.0059580616652965546,0.029999999329447746,0.0227213054895401,0.007278693839907646,0.05000000074505806,0.056819409132003784,0.0068194083869457245
792cacac89ae136d,syr2k,syr2k,lv2:__PARA__L0-1.__PARA__L1-1.__PARA__L2-12.__PARA__L3-1.__PIPE__L0-off.__PIPE__L2-flatten.__TILE__L0-1.__TILE__L2-2,target,support,support,finetune_dataset,data_934.pt,122587.0,gatedgcn_vn,5,50,paper_exact_seed5,3.17502498626709,3.3627066612243652,0.1876816749572754,0.28999999165534973,0.1979370415210724,0.09206295013427734,0.17000000178813934,0.18693187832832336,0.01693187654018402,0.019999999552965164,0.06825126707553864,0.04825126752257347,0.019999999552965164,0.04103410989046097,0.021034110337495804
7553f1551527eb75,syr2k,syr2k,lv2:__PARA__L0-1.__PARA__L1-4.__PARA__L2-6.__PARA__L3-80.__PIPE__L0-off.__PIPE__L2-NA.__TILE__L0-1.__TILE__L2-1,target,support,support,finetune_dataset,data_1018.pt,49101.0,gatedgcn_vn,5,50,paper_exact_seed5,3.8350160121917725,3.708953380584717,0.12606263160705566,0.11999999731779099,0.12327036261558533,0.003270365297794342,0.07000000029802322,0.07133875787258148,0.001338757574558258,0.029999999329447746,0.02848837524652481,0.0015116240829229355,0.05000000074505806,0.05803000181913376,0.008030001074075699
006edf919afcac3e,syr2k,syr2k,lv2:__PARA__L0-1.__PARA__L1-1.__PARA__L2-8.__PARA__L3-1.__PIPE__L0-off.__PIPE__L2-flatten.__TILE__L0-1.__TILE__L2-4,target,support,support,finetune_dataset,data_971.pt,106027.0,gatedgcn_vn,5,50,paper_exact_seed5,3.279712200164795,3.253390073776245,0.026322126388549805,0.23000000417232513,0.16188111901283264,0.06811888515949249,0.14000000059604645,0.15614193677902222,0.01614193618297577,0.019999999552965164,0.03182055056095123,0.011820551007986069,0.009999999776482582,0.03284434229135513,0.02284434251487255
82a8e31501b69b34,syr2k,syr2k,lv2:__PARA__L0-1.__PARA__L1-1.__PARA__L2-12.__PARA__L3-80.__PIPE__L0-off.__PIPE__L2-NA.__TILE__L0-1.__TILE__L2-1,target,support,support,finetune_dataset,data_936.pt,51501.0,gatedgcn_vn,5,50,paper_exact_seed5,3.8005919456481934,3.6559929847717285,0.14459896087646484,0.20999999344348907,0.12722481787204742,0.08277517557144165,0.11999999731779099,0.07940694689750671,0.04059305042028427,0.029999999329447746,0.041666679084300995,0.011666679754853249,0.05999999865889549,0.055170752108097076,0.004829246550798416
c9c69a637b68506d,syr2k,syr2k,lv2:__PARA__L0-1.__PARA__L1-2.__PARA__L2-1.__PARA__L3-1.__PIPE__L0-off.__PIPE__L2-flatten.__TILE__L0-1.__TILE__L2-1,target,support,support,finetune_dataset,data_983.pt,71821.0,gatedgcn_vn,5,50,paper_exact_seed5,3.5606892108917236,3.0500993728637695,0.5105898380279541,0.09000000357627869,0.1260823756456375,0.036082372069358826,0.03999999910593033,0.059085726737976074,0.019085727632045746,0.03999999910593033,0.032992422580718994,0.007007576525211334,0.05000000074505806,0.0483320876955986,0.0016679130494594574
b23d5c1afc604565,syr2k,syr2k,lv2:__PARA__L0-1.__PARA__L1-1.__PARA__L2-6.__PARA__L3-1.__PIPE__L0-off.__PIPE__L2-flatten.__TILE__L0-1.__TILE__L2-2,target,support,support,finetune_dataset,data_964.pt,153269.0,gatedgcn_vn,5,50,paper_exact_seed5,3.013895034790039,3.2856862545013428,0.2717912197113037,0.11999999731779099,0.13103348016738892,0.011033482849597931,0.07999999821186066,0.09874165058135986,0.018741652369499207,0.019999999552965164,-0.004694879055023193,0.024694878607988358,0.019999999552965164,0.02963893860578537,0.009638939052820206
65b53beab87fef44,syr2k,syr2k,lv2:__PARA__L0-1.__PARA__L1-1.__PARA__L2-8.__PARA__L3-80.__PIPE__L0-off.__PIPE__L2-off.__TILE__L0-1.__TILE__L2-1,target,support,support,finetune_dataset,data_973.pt,57779.0,gatedgcn_vn,5,50,paper_exact_seed5,3.7176194190979004,3.6600449085235596,0.05757451057434082,0.2199999988079071,0.11668074131011963,0.10331925749778748,0.11999999731779099,0.06248483806848526,0.057515159249305725,0.029999999329447746,0.029189184308052063,0.0008108150213956833,0.05000000074505806,0.05834849923849106,0.008348498493432999
c8aa534be3cfcbcb,syr2k,syr2k,lv2:__PARA__L0-1.__PARA__L1-8.__PARA__L2-6.__PARA__L3-80.__PIPE__L0-off.__PIPE__L2-off.__TILE__L0-1.__TILE__L2-1,target,support,support,finetune_dataset,data_1033.pt,48381.0,gatedgcn_vn,5,50,paper_exact_seed5,3.8456718921661377,3.747180700302124,0.09849119186401367,0.12999999523162842,0.12533701956272125,0.0046629756689071655,0.07000000029802322,0.06767071783542633,0.0023292824625968933,0.029999999329447746,0.03316503018140793,0.003165030851960182,0.05000000074505806,0.06004825234413147,0.01004825159907341
bf91275b7e47bb6e,syr2k,syr2k,lv2:__PARA__L0-1.__PARA__L1-2.__PARA__L2-5.__PARA__L3-1.__PIPE__L0-off.__PIPE__L2-flatten.__TILE__L0-1.__TILE__L2-1,target,support,support,finetune_dataset,data_999.pt,55607.0,gatedgcn_vn,5,50,paper_exact_seed5,3.7452588081359863,3.3369617462158203,0.408297061920166,0.10999999940395355,0.12049373984336853,0.010493740439414978,0.07000000029802322,0.08398300409317017,0.013983003795146942,0.029999999329447746,-0.002900436520576477,0.03290043771266937,0.05999999865889549,0.03058571368455887,0.029414284974336624
de480fa449fa3d49,syr2k,syr2k,lv2:__PARA__L0-1.__PARA__L1-2.__PARA__L2-8.__PARA__L3-1.__PIPE__L0-off.__PIPE__L2-flatten.__TILE__L0-1.__TILE__L2-1,target,support,support,finetune_dataset,data_1005.pt,54579.0,gatedgcn_vn,5,50,paper_exact_seed5,3.7587192058563232,3.41005539894104,0.3486638069152832,0.2199999988079071,0.1604776531457901,0.059522345662117004,0.11999999731779099,0.11596409976482391,0.0040358975529670715,0.029999999329447746,0.018516406416893005,0.011483592912554741,0.05000000074505806,0.032855115830898285,0.017144884914159775
1c06b9a5b5fe70d6,syr2k,syr2k,lv2:__PARA__L0-1.__PARA__L1-1.__PARA__L2-4.__PARA__L3-1.__PIPE__L0-off.__PIPE__L2-flatten.__TILE__L0-1.__TILE__L2-2,target,support,support,finetune_dataset,data_952.pt,198587.0,gatedgcn_vn,5,50,paper_exact_seed5,2.827042579650879,3.2280290126800537,0.4009864330291748,0.17000000178813934,0.11324955523014069,0.05675044655799866,0.10000000149011612,0.0755218118429184,0.024478189647197723,0.019999999552965164,0.0032096505165100098,0.016790349036455154,0.009999999776482582,0.030202768743038177,0.020202768966555595
073eeee3fe8f808e,syr2k,syr2k,lv2:__PARA__L0-1.__PARA__L1-1.__PARA__L2-6.__PARA__L3-1.__PIPE__L0-off.__PIPE__L2-flatten.__TILE__L0-1.__TILE__L2-8,target,support,support,finetune_dataset,data_966.pt,111757.0,gatedgcn_vn,5,50,paper_exact_seed5,3.2417454719543457,3.1174228191375732,0.12432265281677246,0.18000000715255737,0.1470252275466919,0.03297477960586548,0.10999999940395355,0.13633473217487335,0.0263347327709198,0.019999999552965164,0.01636241376399994,0.0036375857889652252,0.019999999552965164,0.03008740395307541,0.010087404400110245
c9e913bf3484f2bf,syr2k,syr2k,lv2:__PARA__L0-1.__PARA__L1-1.__PARA__L2-2.__PARA__L3-80.__PIPE__L0-off.__PIPE__L2-off.__TILE__L0-1.__TILE__L2-1,target,support,support,finetune_dataset,data_943.pt,53983.0,gatedgcn_vn,5,50,paper_exact_seed5,3.766639471054077,3.5768399238586426,0.18979954719543457,0.10999999940395355,0.1143592894077301,0.00435929000377655,0.05000000074505806,0.05552661418914795,0.0055266134440898895,0.029999999329447746,0.033080533146858215,0.003080533817410469,0.05000000074505806,0.055651403963565826,0.005651403218507767
a3af9f64623a88cb,syr2k,syr2k,lv2:__PARA__L0-1.__PARA__L1-1.__PARA__L2-1.__PARA__L3-1.__PIPE__L0-off.__PIPE__L2-flatten.__TILE__L0-1.__TILE__L2-2,target,support,support,finetune_dataset,data_914.pt,524871.0,gatedgcn_vn,5,50,paper_exact_seed5,2.1259467601776123,2.826171875,0.7002251148223877,0.10999999940395355,0.12769849598407745,0.0176984965801239,0.05999999865889549,0.05780975520610809,0.0021902434527873993,0.019999999552965164,0.03147856891155243,0.011478569358587265,0.009999999776482582,0.04434961825609207,0.03434962034225464
9a611dbfee90fabc,syr2k,syr2k,lv2:__PARA__L0-1.__PARA__L1-1.__PARA__L2-4.__PARA__L3-1.__PIPE__L0-off.__PIPE__L2-flatten.__TILE__L0-1.__TILE__L2-8,target,support,support,finetune_dataset,data_954.pt,105707.0,gatedgcn_vn,5,50,paper_exact_seed5,3.2818925380706787,3.0826363563537598,0.19925618171691895,0.17000000178813934,0.12384559214115143,0.046154409646987915,0.10000000149011612,0.08974577486515045,0.010254226624965668,0.019999999552965164,0.009226948022842407,0.010773051530122757,0.009999999776482582,0.028986133635044098,0.018986133858561516
6b31bb7a69b02d12,syr2k,syr2k,lv2:__PARA__L0-1.__PARA__L1-1.__PARA__L2-1.__PARA__L3-1.__PIPE__L0-off.__PIPE__L2-flatten.__TILE__L0-1.__TILE__L2-60,target,support,support,finetune_dataset,data_916.pt,75021.0,gatedgcn_vn,5,50,paper_exact_seed5,3.529244899749756,3.3394999504089355,0.1897449493408203,0.09000000357627869,0.08951419591903687,0.0004858076572418213,0.03999999910593033,0.017409726977348328,0.022590272128582,0.03999999910593033,0.0251433327794075,0.014856666326522827,0.05000000074505806,0.04060119390487671,0.00939880684018135
328955ee375dcb09,syr2k,syr2k,lv2:__PARA__L0-1.__PARA__L1-8.__PARA__L2-3.__PARA__L3-80.__PIPE__L0-off.__PIPE__L2-off.__TILE__L0-1.__TILE__L2-1,target,support,support,finetune_dataset,data_1027.pt,53291.0,gatedgcn_vn,5,50,paper_exact_seed5,3.7759461402893066,3.7420709133148193,0.033875226974487305,0.07999999821186066,0.11643514037132263,0.036435142159461975,0.05000000074505806,0.05873691290616989,0.008736912161111832,0.029999999329447746,0.032417260110378265,0.002417260780930519,0.05000000074505806,0.06016425043344498,0.010164249688386917
b387369a0d58d4d0,syr2k,syr2k,lv2:__PARA__L0-1.__PARA__L1-1.__PARA__L2-3.__PARA__L3-1.__PIPE__L0-off.__PIPE__L2-flatten.__TILE__L0-1.__TILE__L2-4,target,support,support,finetune_dataset,data_947.pt,157295.0,gatedgcn_vn,5,50,paper_exact_seed5,2.9951915740966797,3.0949900150299072,0.09979844093322754,0.07999999821186066,0.11423099786043167,0.034230999648571014,0.05000000074505806,0.06897056102752686,0.018970560282468796,0.019999999552965164,0.013138055801391602,0.006861943751573563,0.019999999552965164,0.02926931530237198,0.009269315749406815
31ba9a7783da0f4c,syr2k,syr2k,lv2:__PARA__L0-1.__PARA__L1-1.__PARA__L2-4.__PARA__L3-1.__PIPE__L0-off.__PIPE__L2-flatten.__TILE__L0-1.__TILE__L2-1,target,support,support,finetune_dataset,data_951.pt,51581.0,gatedgcn_vn,5,50,paper_exact_seed5,3.7994723320007324,3.271160125732422,0.5283122062683105,0.09000000357627869,0.11889398097991943,0.028893977403640747,0.05000000074505806,0.07270079106092453,0.02270079031586647,0.029999999329447746,0.010976925492286682,0.019023073837161064,0.05000000074505806,0.030454955995082855,0.019545044749975204
ac3cd52a03c5e995,gemm-p,gemm-p,lv2:__PARA__L0-4.__PARA__L1-32.__PARA__L2-1.__PARA__L3-1.__PIPE__L0-NA.__PIPE__L2-flatten.__TILE__L0-1.__TILE__L2-80,target,support,support,finetune_dataset,data_405.pt,33034.0,gatedgcn_vn,5,50,paper_exact_seed5,4.120916366577148,4.1617865562438965,0.04087018966674805,0.05999999865889549,0.04857528209686279,0.0114247165620327,0.019999999552965164,0.0110587477684021,0.008941251784563065,0.03999999910593033,0.035575225949287415,0.004424773156642914,0.05000000074505806,0.048239223659038544,0.001760777086019516
c6eed7436c233fa4,gemm-p,gemm-p,lv2:__PARA__L0-1.__PARA__L1-1.__PARA__L2-5.__PARA__L3-10.__PIPE__L0-off.__PIPE__L2-NA.__TILE__L0-1.__TILE__L2-1,target,support,support,finetune_dataset,data_195.pt,54212.0,gatedgcn_vn,5,50,paper_exact_seed5,3.7635860443115234,3.676152229309082,0.0874338150024414,0.07999999821186066,0.05940479040145874,0.020595207810401917,0.03999999910593033,0.03784361481666565,0.002156384289264679,0.09000000357627869,0.06681736558675766,0.023182637989521027,0.029999999329447746,0.020183466374874115,0.009816532954573631
8d04f549a37ccd8a,gemm-p,gemm-p,lv2:__PARA__L0-1.__PARA__L1-1.__PARA__L2-1.__PARA__L3-2.__PIPE__L0-off.__PIPE__L2-off.__TILE__L0-1.__TILE__L2-1,target,support,support,finetune_dataset,data_87.pt,293231.0,gatedgcn_vn,5,50,paper_exact_seed5,2.5459091663360596,2.0294651985168457,0.5164439678192139,0.0,0.0013106614351272583,0.0013106614351272583,0.0,-0.016629278659820557,0.016629278659820557,0.0,-0.0039015263319015503,0.0039015263319015503,0.009999999776482582,0.02034880220890045,0.01034880243241787
213cd979bba3abbb,gemm-p,gemm-p,lv2:__PARA__L0-1.__PARA__L1-1.__PARA__L2-1.__PARA__L3-10.__PIPE__L0-off.__PIPE__L2-off.__TILE__L0-1.__TILE__L2-4,target,support,support,finetune_dataset,data_82.pt,436495.0,gatedgcn_vn,5,50,paper_exact_seed5,2.2589454650878906,2.2256157398223877,0.03332972526550293,0.009999999776482582,0.011184528470039368,0.0011845286935567856,0.0,-0.007715374231338501,0.007715374231338501,0.0,-0.003501981496810913,0.003501981496810913,0.019999999552965164,0.030189938843250275,0.01018993929028511
b9490cabcadb25e8,gemm-p,gemm-p,lv2:__PARA__L0-1.__PARA__L1-1.__PARA__L2-1.__PARA__L3-70.__PIPE__L0-off.__PIPE__L2-off.__TILE__L0-1.__TILE__L2-1,target,support,support,finetune_dataset,data_99.pt,35347.0,gatedgcn_vn,5,50,paper_exact_seed5,4.072098255157471,4.061835765838623,0.010262489318847656,0.029999999329447746,0.06021840125322342,0.030218401923775673,0.009999999776482582,0.029227495193481445,0.019227495416998863,0.019999999552965164,0.020507588982582092,0.0005075894296169281,0.05000000074505806,0.04133208841085434,0.00866791233420372
f65b37928b1e91ab,gemm-p,gemm-p,lv2:__PARA__L0-1.__PARA__L1-1.__PARA__L2-20.__PARA__L3-7.__PIPE__L0-off.__PIPE__L2-off.__TILE__L0-1.__TILE__L2-1,target,support,support,finetune_dataset,data_169.pt,15723.0,gatedgcn_vn,5,50,paper_exact_seed5,4.656454086303711,4.161624431610107,0.4948296546936035,0.1599999964237213,0.13398900628089905,0.026010990142822266,0.10000000149011612,0.0766829401254654,0.023317061364650726,0.25,0.17561781406402588,0.07438218593597412,0.019999999552965164,0.02465055137872696,0.004650551825761795
8951b788629b4d4d,gemm-p,gemm-p,lv2:__PARA__L0-1.__PARA__L1-1.__PARA__L2-4.__PARA__L3-7.__PIPE__L0-off.__PIPE__L2-off.__TILE__L0-1.__TILE__L2-2,target,support,support,finetune_dataset,data_190.pt,433979.0,gatedgcn_vn,5,50,paper_exact_seed5,2.263115406036377,2.5843000411987305,0.3211846351623535,0.009999999776482582,0.016653209924697876,0.006653210148215294,0.0,0.008468031883239746,0.008468031883239746,0.009999999776482582,0.01869048923254013,0.008690489456057549,0.029999999329447746,0.03012528270483017,0.0001252833753824234
dbd0e21f76a2b7bd,gemm-p,gemm-p,lv2:__PARA__L0-1.__PARA__L1-1.__PARA__L2-1.__PARA__L3-5.__PIPE__L0-off.__PIPE__L2-off.__TILE__L0-1.__TILE__L2-1,target,support,support,finetune_dataset,data_92.pt,195248.0,gatedgcn_vn,5,50,paper_exact_seed5,2.8392741680145264,2.473308801651001,0.3659653663635254,0.019999999552965164,0.013070762157440186,0.006929237395524979,0.009999999776482582,0.0012447386980056763,0.008755261078476906,0.009999999776482582,0.013560391962528229,0.0035603921860456467,0.019999999552965164,0.030877716839313507,0.010877717286348343
6e5c2cdd9eaec4b2,gemm-p,gemm-p,lv2:__PARA__L0-1.__PARA__L1-2.__PARA__L2-1.__PARA__L3-70.__PIPE__L0-off.__PIPE__L2-off.__TILE__L0-1.__TILE__L2-1,target,support,support,finetune_dataset,data_246.pt,33247.0,gatedgcn_vn,5,50,paper_exact_seed5,4.1162800788879395,4.061259746551514,0.05502033233642578,0.029999999329447746,0.060214534401893616,0.03021453507244587,0.009999999776482582,0.029542744159698486,0.019542744383215904,0.019999999552965164,0.020795300602912903,0.0007953010499477386,0.05000000074505806,0.04152678698301315,0.008473213762044907
152f0fa02f6e91e4,gemm-p,gemm-p,lv2:__PARA__L0-1.__PARA__L1-32.__PARA__L2-10.__PARA__L3-1.__PIPE__L0-NA.__PIPE__L2-flatten.__TILE__L0-4.__TILE__L2-1,target,support,support,finetune_dataset,data_276.pt,9914.0,gatedgcn_vn,5,50,paper_exact_seed5,4.98912239074707,4.8589043617248535,0.1302180290222168,0.23000000417232513,0.24957387149333954,0.019573867321014404,0.1599999964237213,0.14726726710796356,0.012732729315757751,0.2199999988079071,0.1830199956893921,0.036980003118515015,0.009999999776482582,0.014877021312713623,0.004877021536231041
638eade1c299f75a,gemm-p,gemm-p,lv2:__PARA__L0-1.__PARA__L1-1.__PARA__L2-1.__PARA__L3-7.__PIPE__L0-off.__PIPE__L2-off.__TILE__L0-1.__TILE__L2-4,target,support,support,finetune_dataset,data_97.pt,466908.0,gatedgcn_vn,5,50,paper_exact_seed5,2.2103588581085205,2.345662832260132,0.13530397415161133,0.009999999776482582,0.004038766026496887,0.005961233749985695,0.0,-0.013682812452316284,0.013682812452316284,0.0,-0.005995340645313263,0.005995340645313263,0.019999999552965164,0.027137838304042816,0.007137838751077652
f155813f1414fb40,gemm-p,gemm-p,lv2:__PARA__L0-1.__PARA__L1-70.__PARA__L2-1.__PARA__L3-32.__PIPE__L0-off.__PIPE__L2-off.__TILE__L0-1.__TILE__L2-80,target,support,support,finetune_dataset,data_326.pt,251089.0,gatedgcn_vn,5,50,paper_exact_seed5,2.6578285694122314,2.5043156147003174,0.15351295471191406,0.029999999329447746,0.01736946403980255,0.012630535289645195,0.019999999552965164,0.021374985575675964,0.0013749860227108002,0.07999999821186066,0.0361376628279686,0.04386233538389206,0.03999999910593033,0.0335480272769928,0.0064519718289375305
d15bc24f13c0bb1d,gemm-p,gemm-p,lv2:__PARA__L0-1.__PARA__L1-1.__PARA__L2-10.__PARA__L3-2.__PIPE__L0-off.__PIPE__L2-off.__TILE__L0-1.__TILE__L2-2,target,support,support,finetune_dataset,data_111.pt,842396.0,gatedgcn_vn,5,50,paper_exact_seed5,1.7846788167953491,2.881270408630371,1.096591591835022,0.009999999776482582,0.03728500008583069,0.027285000309348106,0.0,0.016420304775238037,0.016420304775238037,0.0,0.03949838876724243,0.03949838876724243,0.009999999776482582,0.025811366736888885,0.015811366960406303
e385af510d412fde,gemm-p,gemm-p,lv2:__PARA__L0-1.__PARA__L1-5.__PARA__L2-1.__PARA__L3-1.__PIPE__L0-off.__PIPE__L2-flatten.__TILE__L0-1.__TILE__L2-4,target,support,support,finetune_dataset,data_301.pt,420016.0,gatedgcn_vn,5,50,paper_exact_seed5,2.28670597076416,2.722677230834961,0.4359712600708008,0.1899999976158142,0.08202134072780609,0.10797865688800812,0.019999999552965164,0.026732921600341797,0.006732922047376633,0.019999999552965164,0.027569890022277832,0.007569890469312668,0.03999999910593033,0.05217640846967697,0.012176409363746643
6974af566d331d1d,gemm-p,gemm-p,lv2:__PARA__L0-1.__PARA__L1-1.__PARA__L2-16.__PARA__L3-10.__PIPE__L0-off.__PIPE__L2-off.__TILE__L0-1.__TILE__L2-1,target,support,support,finetune_dataset,data_122.pt,12850.0,gatedgcn_vn,5,50,paper_exact_seed5,4.802008152008057,4.189538955688477,0.6124691963195801,0.17000000178813934,0.11748524755239487,0.052514754235744476,0.10999999940395355,0.07240857183933258,0.03759142756462097,0.27000001072883606,0.1717277467250824,0.09827226400375366,0.009999999776482582,0.024592362344264984,0.014592362567782402
fd951650d67b98bc,gemm-p,gemm-p,lv2:__PARA__L0-1.__PARA__L1-2.__PARA__L2-10.__PARA__L3-70.__PIPE__L0-off.__PIPE__L2-NA.__TILE__L0-1.__TILE__L2-1,target,support,support,finetune_dataset,data_249.pt,12847.0,gatedgcn_vn,5,50,paper_exact_seed5,4.802176475524902,4.631605625152588,0.17057085037231445,0.20999999344348907,0.20443812012672424,0.0055618733167648315,0.15000000596046448,0.13465620577335358,0.015343800187110901,0.2199999988079071,0.20341721177101135,0.016582787036895752,0.009999999776482582,0.012743137776851654,0.002743138000369072
4c09ca4e23088fa0,gemm-p,gemm-p,lv2:__PARA__L0-1.__PARA__L1-5.__PARA__L2-32.__PARA__L3-1.__PIPE__L0-off.__PIPE__L2-flatten.__TILE__L0-1.__TILE__L2-2,target,support,support,finetune_dataset,data_314.pt,65241.0,gatedgcn_vn,5,50,paper_exact_seed5,3.630002737045288,3.5488686561584473,0.08113408088684082,0.38999998569488525,0.2927509546279907,0.09724903106689453,0.029999999329447746,0.13816235959529877,0.10816235840320587,0.019999999552965164,0.17633850872516632,0.15633851289749146,0.019999999552965164,0.033657148480415344,0.01365714892745018
7b5fc2286f9afd37,gemm-p,gemm-p,lv2:__PARA__L0-12.__PARA__L1-32.__PARA__L2-1.__PARA__L3-1.__PIPE__L0-off.__PIPE__L2-flatten.__TILE__L0-1.__TILE__L2-80,target,support,support,finetune_dataset,data_341.pt,40046.0,gatedgcn_vn,5,50,paper_exact_seed5,3.982063055038452,3.9753193855285645,0.006743669509887695,0.05999999865889549,0.03968636691570282,0.020313631743192673,0.019999999552965164,0.010882258415222168,0.009117741137742996,0.03999999910593033,0.03932300955057144,0.0006769895553588867,0.05000000074505806,0.06305937469005585,0.013059373944997787
16a64917ea3821a4,gemm-p,gemm-p,lv2:__PARA__L0-1.__PARA__L1-1.__PARA__L2-2.__PARA__L3-14.__PIPE__L0-off.__PIPE__L2-off.__TILE__L0-1.__TILE__L2-1,target,support,support,finetune_dataset,data_139.pt,81670.0,gatedgcn_vn,5,50,paper_exact_seed5,3.467988967895508,3.136610507965088,0.3313784599304199,0.03999999910593033,0.04251277446746826,0.0025127753615379333,0.019999999552965164,0.015762493014335632,0.004237506538629532,0.03999999910593033,0.020705215632915497,0.01929478347301483,0.029999999329447746,0.03620968759059906,0.006209688261151314
75d6d53935daab05,gemm-p,gemm-p,lv2:__PARA__L0-1.__PARA__L1-1.__PARA__L2-20.__PARA__L3-2.__PIPE__L0-off.__PIPE__L2-off.__TILE__L0-1.__TILE__L2-1,target,support,support,finetune_dataset,data_163.pt,18551.0,gatedgcn_vn,5,50,paper_exact_seed5,4.537143707275391,4.010069847106934,0.527073860168457,0.07999999821186066,0.07971542328596115,0.0002845749258995056,0.05000000074505806,0.04430341720581055,0.005696583539247513,0.10000000149011612,0.10287649929523468,0.002876497805118561,0.029999999329447746,0.028380446135997772,0.001619553193449974
08c0db4b86809ca1,gemm-p,gemm-p,lv2:__PARA__L0-2.__PARA__L1-32.__PARA__L2-16.__PARA__L3-1.__PIPE__L0-off.__PIPE__L2-flatten.__TILE__L0-1.__TILE__L2-1,target,support,support,finetune_dataset,data_370.pt,9179.0,gatedgcn_vn,5,50,paper_exact_seed5,5.044687747955322,4.652333736419678,0.39235401153564453,0.3499999940395355,0.3125928044319153,0.03740718960762024,0.23999999463558197,0.16027796268463135,0.07972203195095062,0.36000001430511475,0.2438410371541977,0.11615897715091705,0.009999999776482582,0.012788631021976471,0.002788631245493889
3d0ea503979644e9,gemm-p,gemm-p,lv2:__PARA__L0-1.__PARA__L1-2.__PARA__L2-4.__PARA__L3-70.__PIPE__L0-off.__PIPE__L2-off.__TILE__L0-1.__TILE__L2-1,target,support,support,finetune_dataset,data_259.pt,21847.0,gatedgcn_vn,5,50,paper_exact_seed5,4.419174671173096,4.383098125457764,0.03607654571533203,0.07999999821186066,0.10822855681180954,0.028228558599948883,0.05000000074505806,0.07625870406627655,0.02625870332121849,0.05000000074505806,0.09475557506084442,0.04475557431578636,0.009999999776482582,0.027736730873584747,0.017736731097102165
ec749d53357fb316,gemm-p,gemm-p,lv2:__PARA__L0-1.__PARA__L1-8.__PARA__L2-1.__PARA__L3-32.__PIPE__L0-off.__PIPE__L2-off.__TILE__L0-1.__TILE__L2-1,target,support,support,finetune_dataset,data_328.pt,285829.0,gatedgcn_vn,5,50,paper_exact_seed5,2.564352035522461,2.346693515777588,0.21765851974487305,0.009999999776482582,0.03891831636428833,0.028918316587805748,0.0,0.024764269590377808,0.024764269590377808,0.009999999776482582,0.039084866642951965,0.029084866866469383,0.05000000074505806,0.04664141684770584,0.0033585838973522186
d4240070e73cc342,gemm-p,gemm-p,lv2:__PARA__L0-1.__PARA__L1-1.__PARA__L2-20.__PARA__L3-7.__PIPE__L0-off.__PIPE__L2-off.__TILE__L0-1.__TILE__L2-2,target,support,support,finetune_dataset,data_170.pt,203508.0,gatedgcn_vn,5,50,paper_exact_seed5,2.809385299682617,4.140750408172607,1.3313651084899902,0.03999999910593033,0.1329885721206665,0.09298857301473618,0.029999999329447746,0.07783809304237366,0.04783809185028076,0.03999999910593033,0.17405244708061218,0.13405245542526245,0.019999999552965164,0.02539271116256714,0.0053927116096019745
cd69b23a624a35b1,gemm-p,gemm-p,lv2:__PARA__L0-2.__PARA__L1-16.__PARA__L2-10.__PARA__L3-1.__PIPE__L0-NA.__PIPE__L2-flatten.__TILE__L0-1.__TILE__L2-8,target,support,support,finetune_dataset,data_361.pt,9691.0,gatedgcn_vn,5,50,paper_exact_seed5,5.005533218383789,4.759308338165283,0.24622488021850586,0.23000000417232513,0.23916636407375336,0.009166359901428223,0.1599999964237213,0.14967994391918182,0.01032005250453949,0.2199999988079071,0.18773816525936127,0.03226183354854584,0.009999999776482582,0.015971511602401733,0.005971511825919151
07bad97c4d4ae0a5,gemm-p,gemm-p,lv2:__PARA__L0-1.__PARA__L1-2.__PARA__L2-1.__PARA__L3-32.__PIPE__L0-off.__PIPE__L2-off.__TILE__L0-60.__TILE__L2-1,target,support,support,finetune_dataset,data_244.pt,286909.0,gatedgcn_vn,5,50,paper_exact_seed5,2.561631441116333,2.3289270401000977,0.23270440101623535,0.009999999776482582,0.02842763066291809,0.01842763088643551,0.0,0.008211195468902588,0.008211195468902588,0.0,0.005436137318611145,0.005436137318611145,0.05000000074505806,0.03939354419708252,0.01060645654797554
cd440d67465780f9,gemm-p,gemm-p,lv2:__PARA__L0-1.__PARA__L1-2.__PARA__L2-5.__PARA__L3-1.__PIPE__L0-off.__PIPE__L2-flatten.__TILE__L0-1.__TILE__L2-1,target,support,support,finetune_dataset,data_260.pt,17009.0,gatedgcn_vn,5,50,paper_exact_seed5,4.599742889404297,3.990264892578125,0.6094779968261719,0.10000000149011612,0.14391648769378662,0.0439164862036705,0.07000000029802322,0.0906793400645256,0.02067933976650238,0.10999999940395355,0.10277032852172852,0.007229670882225037,0.009999999776482582,0.01899772137403488,0.0089977215975523
a99f3ca11b317ea1,gemm-p,gemm-p,lv2:__PARA__L0-2.__PARA__L1-16.__PARA__L2-16.__PARA__L3-1.__PIPE__L0-off.__PIPE__L2-flatten.__TILE__L0-1.__TILE__L2-1,target,support,support,finetune_dataset,data_364.pt,9307.0,gatedgcn_vn,5,50,paper_exact_seed5,5.034698009490967,4.56988525390625,0.4648127555847168,0.3499999940395355,0.3076150119304657,0.042384982109069824,0.23999999463558197,0.16336539387702942,0.07663460075855255,0.36000001430511475,0.24157534539699554,0.1184246689081192,0.009999999776482582,0.014984920620918274,0.004984920844435692
ff4b5bf3f5fd1c66,gemm-p,gemm-p,lv2:__PARA__L0-1.__PARA__L1-1.__PARA__L2-8.__PARA__L3-7.__PIPE__L0-off.__PIPE__L2-off.__TILE__L0-1.__TILE__L2-1,target,support,support,finetune_dataset,data_227.pt,17943.0,gatedgcn_vn,5,50,paper_exact_seed5,4.561181545257568,3.2363340854644775,1.3248474597930908,0.05999999865889549,0.04860043525695801,0.011399563401937485,0.03999999910593033,0.02900981903076172,0.01099018007516861,0.10000000149011612,0.07576274126768112,0.024237260222434998,0.03999999910593033,0.027722172439098358,0.01227782666683197
ee665070b18c5d32,gemm-p,gemm-p,lv2:__PARA__L0-1.__PARA__L1-2.__PARA__L2-16.__PARA__L3-70.__PIPE__L0-off.__PIPE__L2-NA.__TILE__L0-1.__TILE__L2-1,target,support,support,finetune_dataset,data_252.pt,12487.0,gatedgcn_vn,5,50,paper_exact_seed5,4.822678565979004,4.529679775238037,0.2929987907409668,0.3199999928474426,0.2513507008552551,0.0686492919921875,0.23999999463558197,0.1684536337852478,0.07154636085033417,0.36000001430511475,0.22896629571914673,0.13103371858596802,0.009999999776482582,0.013300128281116486,0.0033001285046339035
ea3874af8c10f66f,gemm-p,gemm-p,lv2:__PARA__L0-1.__PARA__L1-4.__PARA__L2-10.__PARA__L3-1.__PIPE__L0-off.__PIPE__L2-flatten.__TILE__L0-1.__TILE__L2-1,target,support,support,finetune_dataset,data_292.pt,12187.0,gatedgcn_vn,5,50,paper_exact_seed5,4.8402204513549805,4.482911109924316,0.35730934143066406,0.20999999344348907,0.247675359249115,0.037675365805625916,0.15000000596046448,0.1485331952571869,0.0014668107032775879,0.2199999988079071,0.17763975262641907,0.04236024618148804,0.009999999776482582,0.020483732223510742,0.01048373244702816
62890e23a27ff562,gemm-p,gemm-p,lv2:__PARA__L0-1.__PARA__L1-1.__PARA__L2-2.__PARA__L3-10.__PIPE__L0-off.__PIPE__L2-NA.__TILE__L0-1.__TILE__L2-1,target,support,support,finetune_dataset,data_134.pt,108370.0,gatedgcn_vn,5,50,paper_exact_seed5,3.2639453411102295,3.2719554901123047,0.008010149002075195,0.03999999910593033,0.04962970316410065,0.009629704058170319,0.019999999552965164,0.014856666326522827,0.005143333226442337,0.029999999329447746,0.025610201060771942,0.004389798268675804,0.019999999552965164,0.03220213204622269,0.012202132493257523
0316df0ba1e1469b,gemm-p,gemm-p,lv2:__PARA__L0-1.__PARA__L1-1.__PARA__L2-4.__PARA__L3-2.__PIPE__L0-off.__PIPE__L2-off.__TILE__L0-1.__TILE__L2-1,target,support,support,finetune_dataset,data_181.pt,51551.0,gatedgcn_vn,5,50,paper_exact_seed5,3.799891948699951,2.450610876083374,1.3492810726165771,0.019999999552965164,0.0018189400434494019,0.018181059509515762,0.009999999776482582,-0.01145884394645691,0.02145884372293949,0.019999999552965164,-0.002194933593273163,0.022194933146238327,0.019999999552965164,0.02850385755300522,0.008503858000040054
b7785b488b1d90e8,gemm-p,gemm-p,lv2:__PARA__L0-1.__PARA__L1-1.__PARA__L2-8.__PARA__L3-10.__PIPE__L0-off.__PIPE__L2-off.__TILE__L0-1.__TILE__L2-2,target,support,support,finetune_dataset,data_216.pt,215335.0,gatedgcn_vn,5,50,paper_exact_seed5,2.768636703491211,3.107112169265747,0.33847546577453613,0.019999999552965164,0.047068506479263306,0.02706850692629814,0.009999999776482582,0.030119910836219788,0.020119911059737206,0.019999999552965164,0.07105876505374908,0.05105876550078392,0.05000000074505806,0.029088646173477173,0.020911354571580887
47d9ab0044cefe1e,gemm-p,gemm-p,lv2:__PARA__L0-20.__PARA__L1-32.__PARA__L2-1.__PARA__L3-1.__PIPE__L0-NA.__PIPE__L2-flatten.__TILE__L0-1.__TILE__L2-80,target,support,support,finetune_dataset,data_372.pt,47106.0,gatedgcn_vn,5,50,paper_exact_seed5,3.8649368286132812,4.029122829437256,0.1641860008239746,0.05999999865889549,0.05118933320045471,0.00881066545844078,0.019999999552965164,0.02188238501548767,0.0018823854625225067,0.03999999910593033,0.03552047908306122,0.00447952002286911,0.05000000074505806,0.060969278216362,0.01096927747130394
17306fd64712dda9,gemm-p,gemm-p,lv2:__PARA__L0-1.__PARA__L1-1.__PARA__L2-10.__PARA__L3-2.__PIPE__L0-off.__PIPE__L2-NA.__TILE__L0-1.__TILE__L2-1,target,support,support,finetune_dataset,data_109.pt,47291.0,gatedgcn_vn,5,50,paper_exact_seed5,3.862109422683716,3.987657308578491,0.1255478858947754,0.05999999865889549,0.08725689351558685,0.02725689485669136,0.029999999329447746,0.054699212312698364,0.024699212983250618,0.05000000074505806,0.10993295907974243,0.05993295833468437,0.009999999776482582,0.020879052579402924,0.010879052802920341
a63bb764dd0bd35e,gemm-p,gemm-p,lv2:__PARA__L0-1.__PARA__L1-2.__PARA__L2-2.__PARA__L3-70.__PIPE__L0-off.__PIPE__L2-NA.__TILE__L0-1.__TILE__L2-1,target,support,support,finetune_dataset,data_255.pt,33547.0,gatedgcn_vn,5,50,paper_exact_seed5,4.109800338745117,4.372304439544678,0.26250410079956055,0.03999999910593033,0.07811934500932693,0.038119345903396606,0.019999999552965164,0.032950133085250854,0.01295013353228569,0.019999999552965164,0.05471096560359001,0.03471096605062485,0.009999999776482582,0.02801508456468582,0.01801508478820324
3fb37e8bcd254b40,gemm-p,gemm-p,lv2:__PARA__L0-1.__PARA__L1-32.__PARA__L2-1.__PARA__L3-1.__PIPE__L0-off.__PIPE__L2-flatten.__TILE__L0-4.__TILE__L2-1,target,support,support,finetune_dataset,data_270.pt,33034.0,gatedgcn_vn,5,50,paper_exact_seed5,4.120916366577148,3.850220203399658,0.27069616317749023,0.05999999865889549,0.09302473813295364,0.03302473947405815,0.019999999552965164,0.04207080602645874,0.022070806473493576,0.03999999910593033,0.03850153833627701,0.0014984607696533203,0.05000000074505806,0.05364670604467392,0.00364670529961586
0a16eeda82a64909,gemm-p,gemm-p,lv2:__PARA__L0-1.__PARA__L1-5.__PARA__L2-5.__PARA__L3-1.__PIPE__L0-off.__PIPE__L2-flatten.__TILE__L0-1.__TILE__L2-2,target,support,support,finetune_dataset,data_319.pt,187217.0,gatedgcn_vn,5,50,paper_exact_seed5,2.869572401046753,3.4776558876037598,0.6080834865570068,0.25999999046325684,0.1280122995376587,0.13198769092559814,0.07000000029802322,0.09310728311538696,0.02310728281736374,0.10999999940395355,0.09447348862886429,0.015526510775089264,0.009999999776482582,0.027941636741161346,0.017941636964678764
80c3e447e75f60fb,gemm-p,gemm-p,lv2:__PARA__L0-1.__PARA__L1-1.__PARA__L2-4.__PARA__L3-2.__PIPE__L0-off.__PIPE__L2-off.__TILE__L0-1.__TILE__L2-2,target,support,support,finetune_dataset,data_182.pt,1354866.0,gatedgcn_vn,5,50,paper_exact_seed5,1.4418889284133911,2.4432480335235596,1.0013591051101685,0.009999999776482582,0.0010668784379959106,0.008933121338486671,0.0,-0.01194065809249878,0.01194065809249878,0.0,-0.0031180977821350098,0.0031180977821350098,0.019999999552965164,0.028530098497867584,0.00853009894490242
23145cd5e1131852,gemm-p,gemm-p,lv2:__PARA__L0-1.__PARA__L1-2.__PARA__L2-1.__PARA__L3-1.__PIPE__L0-off.__PIPE__L2-flatten.__TILE__L0-1.__TILE__L2-1,target,support,support,finetune_dataset,data_240.pt,33247.0,gatedgcn_vn,5,50,paper_exact_seed5,4.1162800788879395,3.721297025680542,0.39498305320739746,0.029999999329447746,0.08244919776916504,0.052449196577072144,0.009999999776482582,0.02721843123435974,0.01721843145787716,0.019999999552965164,0.026969939470291138,0.0069699399173259735,0.05000000074505806,0.04996294528245926,3.705546259880066e-05
64699350cabf9f9b,gemm-p,gemm-p,lv2:__PARA__L0-5.__PARA__L1-32.__PARA__L2-10.__PARA__L3-1.__PIPE__L0-NA.__PIPE__L2-flatten.__TILE__L0-1.__TILE__L2-8,target,support,support,finetune_dataset,data_414.pt,10100.0,gatedgcn_vn,5,50,paper_exact_seed5,4.975714683532715,4.891450881958008,0.08426380157470703,0.23000000417232513,0.26570194959640503,0.035701945424079895,0.1599999964237213,0.1496150940656662,0.010384902358055115,0.2199999988079071,0.20799273252487183,0.012007266283035278,0.009999999776482582,0.00945330411195755,0.000546695664525032
88b1344200c5f7da,gemm-p,gemm-p,lv2:__PARA__L0-15.__PARA__L1-32.__PARA__L2-10.__PARA__L3-1.__PIPE__L0-off.__PIPE__L2-flatten.__TILE__L0-1.__TILE__L2-8,target,support,support,finetune_dataset,data_353.pt,12092.0,gatedgcn_vn,5,50,paper_exact_seed5,4.845865726470947,4.945873260498047,0.10000753402709961,0.23000000417232513,0.2909141778945923,0.06091417372226715,0.1599999964237213,0.15803644061088562,0.0019635558128356934,0.2199999988079071,0.2156352996826172,0.004364699125289917,0.009999999776482582,0.007936052978038788,0.0020639467984437943
b4f843d9b6dad29f,gemm-p,gemm-p,lv2:__PARA__L0-1.__PARA__L1-70.__PARA__L2-1.__PARA__L3-32.__PIPE__L0-off.__PIPE__L2-off.__TILE__L0-60.__TILE__L2-1,target,support,support,finetune_dataset,data_327.pt,251089.0,gatedgcn_vn,5,50,paper_exact_seed5,2.6578285694122314,2.5116004943847656,0.14622807502746582,0.029999999329447746,0.020880699157714844,0.009119300171732903,0.019999999552965164,0.015778526663780212,0.004221472889184952,0.07999999821186066,0.03441697359085083,0.04558302462100983,0.03999999910593033,0.03342454880475998,0.006575450301170349
6949ac99510f8963,gemm-p,gemm-p,lv2:__PARA__L0-1.__PARA__L1-32.__PARA__L2-1.__PARA__L3-32.__PIPE__L0-off.__PIPE__L2-off.__TILE__L0-1.__TILE__L2-1,target,support,support,finetune_dataset,data_272.pt,285469.0,gatedgcn_vn,5,50,paper_exact_seed5,2.565261125564575,2.5687949657440186,0.0035338401794433594,0.009999999776482582,0.03582966327667236,0.02582966350018978,0.009999999776482582,0.022120192646980286,0.012120192870497704,0.029999999329447746,0.037677615880966187,0.00767761655151844,0.05000000074505806,0.04419732838869095,0.005802672356367111
ab19489e81b4ba29,gemm-p,gemm-p,lv2:__PARA__L0-30.__PARA__L1-16.__PARA__L2-16.__PARA__L3-1.__PIPE__L0-off.__PIPE__L2-flatten.__TILE__L0-1.__TILE__L2-1,target,support,support,finetune_dataset,data_386.pt,14659.0,gatedgcn_vn,5,50,paper_exact_seed5,4.706998825073242,4.627692699432373,0.07930612564086914,0.3499999940395355,0.3936445116996765,0.04364451766014099,0.23999999463558197,0.2047612965106964,0.03523869812488556,0.36000001430511475,0.31965506076812744,0.040344953536987305,0.009999999776482582,0.007655791938304901,0.002344207838177681
dba1b07283a53f11,gemm-p,gemm-p,lv2:__PARA__L0-1.__PARA__L1-1.__PARA__L2-1.__PARA__L3-2.__PIPE__L0-off.__PIPE__L2-off.__TILE__L0-1.__TILE__L2-4,target,support,support,finetune_dataset,data_89.pt,1354136.0,gatedgcn_vn,5,50,paper_exact_seed5,1.4422776699066162,1.993332862854004,0.5510551929473877,0.009999999776482582,-0.0009919553995132446,0.010991955175995827,0.0,-0.01750829815864563,0.01750829815864563,0.0,-0.007220014929771423,0.007220014929771423,0.009999999776482582,0.020346812903881073,0.010346813127398491
016fd66966844ecf,gemm-p,gemm-p,lv2:__PARA__L0-1.__PARA__L1-5.__PARA__L2-16.__PARA__L3-1.__PIPE__L0-off.__PIPE__L2-flatten.__TILE__L0-1.__TILE__L2-2,target,support,support,finetune_dataset,data_308.pt,87381.0,gatedgcn_vn,5,50,paper_exact_seed5,3.4192323684692383,4.072826862335205,0.6535944938659668,0.4099999964237213,0.2781493663787842,0.13185063004493713,0.03999999910593033,0.1566551774740219,0.11665517836809158,0.03999999910593033,0.19369709491729736,0.15369710326194763,0.019999999552965164,0.02228035032749176,0.002280350774526596
2124445063c91060,gemm-p,gemm-p,lv2:__PARA__L0-2.__PARA__L1-16.__PARA__L2-1.__PARA__L3-1.__PIPE__L0-off.__PIPE__L2-flatten.__TILE__L0-1.__TILE__L2-80,target,support,support,finetune_dataset,data_360.pt,31451.0,gatedgcn_vn,5,50,paper_exact_seed5,4.156339168548584,3.941988229751587,0.21435093879699707,0.05000000074505806,0.04679129272699356,0.003208708018064499,0.019999999552965164,0.01864805817604065,0.0013519413769245148,0.019999999552965164,0.034453533589839935,0.014453534036874771,0.05000000074505806,0.05975619703531265,0.009756196290254593
1e3f23d111e1c4c2,gemm-p,gemm-p,lv2:__PARA__L0-1.__PARA__L1-1.__PARA__L2-5.__PARA__L3-10.__PIPE__L0-off.__PIPE__L2-off.__TILE__L0-1.__TILE__L2-2,target,support,support,finetune_dataset,data_197.pt,281177.0,gatedgcn_vn,5,50,paper_exact_seed5,2.576188802719116,2.6766390800476074,0.10045027732849121,0.009999999776482582,0.02420152723789215,0.014201527461409569,0.009999999776482582,0.014117687940597534,0.004117688164114952,0.009999999776482582,0.029605641961097717,0.019605642184615135,0.029999999329447746,0.03213492035865784,0.0021349210292100906
c45c956a22ace27c,jacobi-2d,jacobi-2d,lv2:__PARA__L0-1.__PARA__L1-1.__PARA__L2-2.__PARA__L3-22.__PARA__L4-1.__PIPE__L0-off.__PIPE__L1-off.__PIPE__L2-flatten.__TILE__L0-1.__TILE__L1-1.__TILE__L2-8,target,support,support,finetune_dataset,data_752.pt,4006001.0,gatedgcn_vn,5,50,paper_exact_seed5,0.659882664680481,0.5820806622505188,0.07780200242996216,0.8899999856948853,0.822361171245575,0.0676388144493103,0.4000000059604645,0.39410799741744995,0.005892008543014526,0.7699999809265137,0.7137525677680969,0.05624741315841675,0.07000000029802322,0.06780651211738586,0.0021934881806373596
04cce8feb32cd125,jacobi-2d,jacobi-2d,lv2:__PARA__L0-1.__PARA__L1-1.__PARA__L2-11.__PARA__L3-1.__PARA__L4-4.__PIPE__L0-off.__PIPE__L1-flatten.__PIPE__L2-NA.__TILE__L0-1.__TILE__L1-8.__TILE__L2-8,target,support,support,finetune_dataset,data_729.pt,4258361.0,gatedgcn_vn,5,50,paper_exact_seed5,0.6158149242401123,0.5887469053268433,0.027068018913269043,0.2800000011920929,0.4340381622314453,0.15403816103935242,0.11999999731779099,0.20748530328273773,0.08748530596494675,0.27000001072883606,0.4148094058036804,0.14480939507484436,0.20999999344348907,0.1743488311767578,0.03565116226673126
ddd8e3ebba80a73e,jacobi-2d,jacobi-2d,lv2:__PARA__L0-1.__PARA__L1-1.__PARA__L2-1.__PARA__L3-2.__PARA__L4-1.__PIPE__L0-off.__PIPE__L1-off.__PIPE__L2-off.__TILE__L0-1.__TILE__L1-1.__TILE__L2-1,target,support,support,finetune_dataset,data_689.pt,1089684.0,gatedgcn_vn,5,50,paper_exact_seed5,1.5990091562271118,1.66567063331604,0.06666147708892822,0.009999999776482582,0.030074506998062134,0.02007450722157955,0.0,-0.005730718374252319,0.005730718374252319,0.0,0.02175825834274292,0.02175825834274292,0.019999999552965164,0.04212908446788788,0.022129084914922714
c395ab2e435aff0d,jacobi-2d,jacobi-2d,lv2:__PARA__L0-1.__PARA__L1-1.__PARA__L2-1.__PARA__L3-1.__PARA__L4-2.__PIPE__L0-off.__PIPE__L1-flatten.__PIPE__L2-NA.__TILE__L0-1.__TILE__L1-1.__TILE__L2-8,target,support,support,finetune_dataset,data_668.pt,3938921.0,gatedgcn_vn,5,50,paper_exact_seed5,0.6720638275146484,0.6053668856620789,0.06669694185256958,0.25,0.24313755333423615,0.006862446665763855,0.10999999940395355,0.1132948249578476,0.003294825553894043,0.25999999046325684,0.24317331612110138,0.016826674342155457,0.25,0.2646740972995758,0.014674097299575806
3c4307f2e6ff5a6c,jacobi-2d,jacobi-2d,lv2:__PARA__L0-1.__PARA__L1-1.__PARA__L2-4.__PARA__L3-8.__PARA__L4-8.__PIPE__L0-off.__PIPE__L1-off.__PIPE__L2-NA.__TILE__L0-40.__TILE__L1-1.__TILE__L2-1,target,support,support,finetune_dataset,data_778.pt,2242884.0,gatedgcn_vn,5,50,paper_exact_seed5,1.0782865285873413,0.6561276912689209,0.4221588373184204,0.03999999910593033,0.015325576066970825,0.024674423038959503,0.019999999552965164,0.01827162504196167,0.0017283745110034943,0.029999999329447746,-0.0012536942958831787,0.031253695487976074,0.009999999776482582,0.019459344446659088,0.009459344670176506
e3c1d5bfb522a40c,jacobi-2d,jacobi-2d,lv2:__PARA__L0-1.__PARA__L1-2.__PARA__L2-1.__PARA__L3-8.__PARA__L4-8.__PIPE__L0-off.__PIPE__L1-off.__PIPE__L2-NA.__TILE__L0-1.__TILE__L1-1.__TILE__L2-8,target,support,support,finetune_dataset,data_817.pt,4206441.0,gatedgcn_vn,5,50,paper_exact_seed5,0.6246640086174011,0.6417646408081055,0.017100632190704346,0.05000000074505806,0.04524926841259003,0.004750732332468033,0.019999999552965164,0.017254188656806946,0.0027458108961582184,0.05000000074505806,0.032112814486026764,0.017887186259031296,0.0,0.01825706660747528,0.01825706660747528
ecca3737fdfbc6d8,jacobi-2d,jacobi-2d,lv2:__PARA__L0-1.__PARA__L1-4.__PARA__L2-2.__PARA__L3-1.__PARA__L4-1.__PIPE__L0-off.__PIPE__L1-off.__PIPE__L2-flatten.__TILE__L0-1.__TILE__L1-1.__TILE__L2-8,target,support,support,finetune_dataset,data_894.pt,4272001.0,gatedgcn_vn,5,50,paper_exact_seed5,0.6135080456733704,0.5830501317977905,0.030457913875579834,0.8700000047683716,0.850036084651947,0.01996392011642456,0.3799999952316284,0.39909735321998596,0.019097357988357544,0.7699999809265137,0.7628086805343628,0.007191300392150879,0.03999999910593033,0.027237966656684875,0.012762032449245453
9989bcc5a4c88281,jacobi-2d,jacobi-2d,lv2:__PARA__L0-1.__PARA__L1-1.__PARA__L2-1.__PARA__L3-11.__PARA__L4-1.__PIPE__L0-off.__PIPE__L1-off.__PIPE__L2-off.__TILE__L0-1.__TILE__L1-1.__TILE__L2-1,target,support,support,finetune_dataset,data_680.pt,963004.0,gatedgcn_vn,5,50,paper_exact_seed5,1.6881572008132935,1.5609411001205444,0.12721610069274902,0.05000000074505806,0.06260551512241364,0.012605514377355576,0.019999999552965164,0.010314971208572388,0.009685028344392776,0.029999999329447746,0.03753909468650818,0.0075390953570604324,0.029999999329447746,0.022540755569934845,0.007459243759512901
1f853d36d66395d1,jacobi-2d,jacobi-2d,lv2:__PARA__L0-1.__PARA__L1-11.__PARA__L2-1.__PARA__L3-1.__PARA__L4-4.__PIPE__L0-off.__PIPE__L1-flatten.__PIPE__L2-NA.__TILE__L0-1.__TILE__L1-8.__TILE__L2-8,target,support,support,finetune_dataset,data_786.pt,3935841.0,gatedgcn_vn,5,50,paper_exact_seed5,0.6726281046867371,0.6259397268295288,0.04668837785720825,2.990000009536743,2.9814672470092773,0.00853276252746582,1.3799999952316284,1.270860195159912,0.10913980007171631,2.8399999141693115,2.6608145236968994,0.1791853904724121,0.0,-0.006197549402713776,0.006197549402713776
2940580a380ffafd,jacobi-2d,jacobi-2d,lv2:__PARA__L0-1.__PARA__L1-22.__PARA__L2-2.__PARA__L3-22.__PARA__L4-1.__PIPE__L0-off.__PIPE__L1-NA.__PIPE__L2-flatten.__TILE__L0-1.__TILE__L1-4.__TILE__L2-8,target,support,support,finetune_dataset,data_882.pt,4390081.0,gatedgcn_vn,5,50,paper_exact_seed5,0.5938402414321899,0.5800015330314636,0.013838708400726318,0.9300000071525574,0.9273328185081482,0.0026671886444091797,0.41999998688697815,0.4180455207824707,0.0019544661045074463,0.8299999833106995,0.7442455291748047,0.08575445413589478,0.07999999821186066,0.0634167343378067,0.016583263874053955
ee77ecc8d3d341ab,jacobi-2d,jacobi-2d,lv2:__PARA__L0-1.__PARA__L1-1.__PARA__L2-2.__PARA__L3-16.__PARA__L4-1.__PIPE__L0-off.__PIPE__L1-NA.__PIPE__L2-flatten.__TILE__L0-1.__TILE__L1-8.__TILE__L2-8,target,support,support,finetune_dataset,data_745.pt,5669521.0,gatedgcn_vn,5,50,paper_exact_seed5,0.4093506336212158,0.5769728422164917,0.16762220859527588,0.8999999761581421,0.7868600487709045,0.11313992738723755,0.4000000059604645,0.3646554946899414,0.03534451127052307,0.8100000023841858,0.6832525134086609,0.1267474889755249,0.03999999910593033,0.05526498705148697,0.01526498794555664
53885ac3842ab290,jacobi-2d,jacobi-2d,lv2:__PARA__L0-1.__PARA__L1-1.__PARA__L2-1.__PARA__L3-8.__PARA__L4-8.__PIPE__L0-off.__PIPE__L1-off.__PIPE__L2-NA.__TILE__L0-1.__TILE__L1-88.__TILE__L2-2,target,support,support,finetune_dataset,data_719.pt,4035721.0,gatedgcn_vn,5,50,paper_exact_seed5,0.6545508503913879,0.8267881870269775,0.1722373366355896,0.05000000074505806,0.048101164400577545,0.0018988363444805145,0.019999999552965164,0.00953395664691925,0.010466042906045914,0.05000000074505806,0.04337076097726822,0.006629239767789841,0.0,0.02344350516796112,0.02344350516796112
edff4791f18c4a83,jacobi-2d,jacobi-2d,lv2:__PARA__L0-1.__PARA__L1-8.__PARA__L2-1.__PARA__L3-1.__PARA__L4-4.__PIPE__L0-off.__PIPE__L1-flatten.__PIPE__L2-NA.__TILE__L0-1.__TILE__L1-1.__TILE__L2-8,target,support,support,finetune_dataset,data_909.pt,3935321.0,gatedgcn_vn,5,50,paper_exact_seed5,0.6727234125137329,0.614364504814148,0.05835890769958496,2.180000066757202,2.2373459339141846,0.05734586715698242,1.0,1.0815359354019165,0.0815359354019165,2.069999933242798,2.0439212322235107,0.02607870101928711,0.0,-0.0012018010020256042,0.0012018010020256042
08b823e9400351eb,jacobi-2d,jacobi-2d,lv2:__PARA__L0-1.__PARA__L1-22.__PARA__L2-2.__PARA__L3-8.__PARA__L4-1.__PIPE__L0-off.__PIPE__L1-NA.__PIPE__L2-flatten.__TILE__L0-1.__TILE__L1-4.__TILE__L2-8,target,support,support,finetune_dataset,data_885.pt,4385921.0,gatedgcn_vn,5,50,paper_exact_seed5,0.5945241451263428,0.5796803832054138,0.014843761920928955,0.8799999952316284,0.9509429335594177,0.0709429383277893,0.38999998569488525,0.43087702989578247,0.04087704420089722,0.7900000214576721,0.7716354727745056,0.018364548683166504,0.009999999776482582,0.02853860706090927,0.01853860728442669
ce3f95c322d7a06b,jacobi-2d,jacobi-2d,lv2:__PARA__L0-1.__PARA__L1-1.__PARA__L2-11.__PARA__L3-8.__PARA__L4-8.__PIPE__L0-off.__PIPE__L1-off.__PIPE__L2-NA.__TILE__L0-1.__TILE__L1-88.__TILE__L2-8,target,support,support,finetune_dataset,data_731.pt,2285444.0,gatedgcn_vn,5,50,paper_exact_seed5,1.0647268295288086,0.9694349765777588,0.0952918529510498,0.03999999910593033,0.05047968029975891,0.010479681193828583,0.009999999776482582,0.03316603600978851,0.02316603623330593,0.029999999329447746,0.0047390758991241455,0.0252609234303236,0.019999999552965164,0.018077604472637177,0.0019223950803279877
4e0f6fce3df978a0,jacobi-2d,jacobi-2d,lv2:__PARA__L0-1.__PARA__L1-1.__PARA__L2-2.__PARA__L3-1.__PARA__L4-1.__PIPE__L0-off.__PIPE__L1-off.__PIPE__L2-flatten.__TILE__L0-1.__TILE__L1-88.__TILE__L2-8,target,support,support,finetune_dataset,data_741.pt,4301521.0,gatedgcn_vn,5,50,paper_exact_seed5,0.6085405945777893,0.5880398750305176,0.02050071954727173,0.6499999761581421,0.7305809855461121,0.08058100938796997,0.28999999165534973,0.3247894048690796,0.03478941321372986,0.6100000143051147,0.6466856598854065,0.03668564558029175,0.03999999910593033,0.06316418945789337,0.023164190351963043
b7291231ff5e94b8,jacobi-2d,jacobi-2d,lv2:__PARA__L0-1.__PARA__L1-1.__PARA__L2-1.__PARA__L3-4.__PARA__L4-4.__PIPE__L0-off.__PIPE__L1-off.__PIPE__L2-off.__TILE__L0-1.__TILE__L1-1.__TILE__L2-1,target,support,support,finetune_dataset,data_708.pt,470244.0,gatedgcn_vn,5,50,paper_exact_seed5,2.205223321914673,2.026808500289917,0.17841482162475586,0.009999999776482582,0.019054844975471497,0.009054845198988914,0.0,-0.006017044186592102,0.006017044186592102,0.0,0.007964178919792175,0.007964178919792175,0.019999999552965164,0.01796077936887741,0.0020392201840877533
29f20a46aed046a9,jacobi-2d,jacobi-2d,lv2:__PARA__L0-1.__PARA__L1-4.__PARA__L2-2.__PARA__L3-8.__PARA__L4-8.__PIPE__L0-off.__PIPE__L1-NA.__PIPE__L2-off.__TILE__L0-40.__TILE__L1-1.__TILE__L2-1,target,support,support,finetune_dataset,data_898.pt,4390681.0,gatedgcn_vn,5,50,paper_exact_seed5,0.5937417149543762,0.6170557141304016,0.02331399917602539,0.05000000074505806,0.017131999135017395,0.032868001610040665,0.019999999552965164,0.02166597545146942,0.0016659758985042572,0.05000000074505806,0.02406909316778183,0.02593090757727623,0.0,0.005785197019577026,0.005785197019577026
47ef55f70d990b84,jacobi-2d,jacobi-2d,lv2:__PARA__L0-1.__PARA__L1-1.__PARA__L2-1.__PARA__L3-8.__PARA__L4-8.__PIPE__L0-off.__PIPE__L1-off.__PIPE__L2-off.__TILE__L0-1.__TILE__L1-88.__TILE__L2-1,target,support,support,finetune_dataset,data_723.pt,238164.0,gatedgcn_vn,5,50,paper_exact_seed5,2.695950508117676,1.9949826002120972,0.7009679079055786,0.029999999329447746,0.005170270800590515,0.02482972852885723,0.009999999776482582,-0.004082590341567993,0.014082590118050575,0.0,0.001797802746295929,0.001797802746295929,0.019999999552965164,0.004735209047794342,0.015264790505170822
005086396bfb0fbc,jacobi-2d,jacobi-2d,lv2:__PARA__L0-1.__PARA__L1-1.__PARA__L2-1.__PARA__L3-8.__PARA__L4-32.__PIPE__L0-off.__PIPE__L1-off.__PIPE__L2-NA.__TILE__L0-1.__TILE__L1-1.__TILE__L2-1,target,support,support,finetune_dataset,data_716.pt,2350244.0,gatedgcn_vn,5,50,paper_exact_seed5,1.0445587635040283,0.6650322079658508,0.3795265555381775,0.1899999976158142,0.13182201981544495,0.05817797780036926,0.029999999329447746,0.0451568067073822,0.015156807377934456,0.029999999329447746,0.06486447155475616,0.03486447036266327,0.10000000149011612,0.11681097745895386,0.016810975968837738
80192a32a4ed746c,jacobi-2d,jacobi-2d,lv2:__PARA__L0-1.__PARA__L1-1.__PARA__L2-1.__PARA__L3-32.__PARA__L4-1.__PIPE__L0-off.__PIPE__L1-off.__PIPE__L2-off.__TILE__L0-1.__TILE__L1-1.__TILE__L2-1,target,support,support,finetune_dataset,data_699.pt,3161924.0,gatedgcn_vn,5,50,paper_exact_seed5,0.8305627107620239,0.7050926089286804,0.1254701018333435,0.1599999964237213,0.15844468772411346,0.0015553086996078491,0.05000000074505806,0.07120481878519058,0.021204818040132523,0.09000000357627869,0.05396667867898941,0.036033324897289276,0.05000000074505806,0.0950755923986435,0.045075591653585434
292906e368d78e22,jacobi-2d,jacobi-2d,lv2:__PARA__L0-1.__PARA__L1-2.__PARA__L2-2.__PARA__L3-8.__PARA__L4-8.__PIPE__L0-off.__PIPE__L1-off.__PIPE__L2-off.__TILE__L0-1.__TILE__L1-1.__TILE__L2-1,target,support,support,finetune_dataset,data_844.pt,4382121.0,gatedgcn_vn,5,50,paper_exact_seed5,0.5951493978500366,0.6714865565299988,0.07633715867996216,0.05000000074505806,0.007111892104148865,0.042888108640909195,0.019999999552965164,0.008797034621238708,0.011202964931726456,0.05000000074505806,0.03607076406478882,0.013929236680269241,0.0,0.005693070590496063,0.005693070590496063
e09ba6a56162015e,jacobi-2d,jacobi-2d,lv2:__PARA__L0-1.__PARA__L1-1.__PARA__L2-1.__PARA__L3-1.__PARA__L4-1.__PIPE__L0-off.__PIPE__L1-flatten.__PIPE__L2-off.__TILE__L0-1.__TILE__L1-1.__TILE__L2-4,target,support,support,finetune_dataset,data_658.pt,3944281.0,gatedgcn_vn,5,50,paper_exact_seed5,0.6710828542709351,0.624243974685669,0.04683887958526611,0.25,0.21915215253829956,0.03084784746170044,0.10999999940395355,0.11998812854290009,0.009988129138946533,0.25999999046325684,0.19287094473838806,0.06712904572486877,0.28999999165534973,0.26745858788490295,0.022541403770446777
3f5754af4892a908,jacobi-2d,jacobi-2d,lv2:__PARA__L0-1.__PARA__L1-1.__PARA__L2-1.__PARA__L3-1.__PARA__L4-32.__PIPE__L0-off.__PIPE__L1-flatten.__PIPE__L2-NA.__TILE__L0-1.__TILE__L1-1.__TILE__L2-8,target,support,support,finetune_dataset,data_671.pt,5518961.0,gatedgcn_vn,5,50,paper_exact_seed5,0.4287657141685486,0.5956223011016846,0.166856586933136,0.33000001311302185,0.3197479248046875,0.01025208830833435,0.15000000596046448,0.1316465139389038,0.01835349202156067,0.33000001311302185,0.24456723034381866,0.08543278276920319,0.3700000047683716,0.26054054498672485,0.10945945978164673
b7a063af2d7c0f24,jacobi-2d,jacobi-2d,lv2:__PARA__L0-1.__PARA__L1-2.__PARA__L2-2.__PARA__L3-8.__PARA__L4-8.__PIPE__L0-off.__PIPE__L1-NA.__PIPE__L2-off.__TILE__L0-40.__TILE__L1-1.__TILE__L2-1,target,support,support,finetune_dataset,data_841.pt,4382121.0,gatedgcn_vn,5,50,paper_exact_seed5,0.5951493978500366,0.6193192601203918,0.024169862270355225,0.05000000074505806,0.020045846700668335,0.029954154044389725,0.019999999552965164,0.009175613522529602,0.010824386030435562,0.05000000074505806,0.02240034192800522,0.02759965881705284,0.0,-0.01111256331205368,0.01111256331205368
10d212e2c1a97c6f,jacobi-2d,jacobi-2d,lv2:__PARA__L0-1.__PARA__L1-2.__PARA__L2-22.__PARA__L3-8.__PARA__L4-8.__PIPE__L0-off.__PIPE__L1-NA.__PIPE__L2-off.__TILE__L0-40.__TILE__L1-1.__TILE__L2-1,target,support,support,finetune_dataset,data_851.pt,4504601.0,gatedgcn_vn,5,50,paper_exact_seed5,0.5752643942832947,0.593782365322113,0.01851797103881836,0.05000000074505806,0.03324151039123535,0.016758490353822708,0.019999999552965164,0.004742711782455444,0.01525728777050972,0.05000000074505806,0.03701355308294296,0.012986447662115097,0.009999999776482582,-0.007160194218158722,0.017160193994641304
4e8434819940f4ab,jacobi-2d,jacobi-2d,lv2:__PARA__L0-1.__PARA__L1-2.__PARA__L2-8.__PARA__L3-8.__PARA__L4-8.__PIPE__L0-off.__PIPE__L1-off.__PIPE__L2-NA.__TILE__L0-40.__TILE__L1-1.__TILE__L2-1,target,support,support,finetune_dataset,data_871.pt,4414401.0,gatedgcn_vn,5,50,paper_exact_seed5,0.5898551940917969,0.614396333694458,0.024541139602661133,0.05000000074505806,0.020413726568222046,0.029586274176836014,0.019999999552965164,0.004998922348022461,0.015001077204942703,0.05000000074505806,0.01594429463148117,0.03405570611357689,0.009999999776482582,0.012173503637313843,0.0021735038608312607
c125a83a28d530ad,jacobi-2d,jacobi-2d,lv2:__PARA__L0-1.__PARA__L1-11.__PARA__L2-2.__PARA__L3-16.__PARA__L4-1.__PIPE__L0-off.__PIPE__L1-NA.__PIPE__L2-flatten.__TILE__L0-1.__TILE__L1-8.__TILE__L2-8,target,support,support,finetune_dataset,data_792.pt,5897561.0,gatedgcn_vn,5,50,paper_exact_seed5,0.38090482354164124,0.5778133273124695,0.19690850377082825,0.8999999761581421,0.920604944229126,0.020604968070983887,0.4000000059604645,0.4156798720359802,0.015679866075515747,0.8100000023841858,0.7797460556030273,0.030253946781158447,0.029999999329447746,0.033251114189624786,0.00325111486017704
75c9416af2e62f0b,jacobi-2d,jacobi-2d,lv2:__PARA__L0-1.__PARA__L1-4.__PARA__L2-1.__PARA__L3-1.__PARA__L4-4.__PIPE__L0-off.__PIPE__L1-flatten.__PIPE__L2-NA.__TILE__L0-1.__TILE__L1-1.__TILE__L2-8,target,support,support,finetune_dataset,data_886.pt,3935761.0,gatedgcn_vn,5,50,paper_exact_seed5,0.6726427674293518,0.5770392417907715,0.09560352563858032,1.100000023841858,1.1838126182556152,0.08381259441375732,0.5,0.5047817230224609,0.0047817230224609375,1.0399999618530273,1.0832993984222412,0.04329943656921387,0.0,0.025669798254966736,0.025669798254966736
b373e8c571dbb7cb,jacobi-2d,jacobi-2d,lv2:__PARA__L0-1.__PARA__L1-1.__PARA__L2-1.__PARA__L3-1.__PARA__L4-11.__PIPE__L0-off.__PIPE__L1-off.__PIPE__L2-off.__TILE__L0-1.__TILE__L1-1.__TILE__L2-1,target,support,support,finetune_dataset,data_664.pt,963004.0,gatedgcn_vn,5,50,paper_exact_seed5,1.6881572008132935,1.8937917947769165,0.20563459396362305,0.05000000074505806,0.05697186291217804,0.00697186216711998,0.019999999552965164,0.02066364884376526,0.0006636492908000946,0.029999999329447746,0.035597898066043854,0.0055978987365961075,0.029999999329447746,0.01736188679933548,0.012638112530112267
27b6de971e060e79,jacobi-2d,jacobi-2d,lv2:__PARA__L0-1.__PARA__L1-4.__PARA__L2-11.__PARA__L3-1.__PARA__L4-4.__PIPE__L0-off.__PIPE__L1-flatten.__PIPE__L2-NA.__TILE__L0-1.__TILE__L1-8.__TILE__L2-8,target,support,support,finetune_dataset,data_892.pt,4421441.0,gatedgcn_vn,5,50,paper_exact_seed5,0.5887057185173035,0.5845457911491394,0.0041599273681640625,1.4600000381469727,1.2974611520767212,0.16253888607025146,0.6499999761581421,0.5581216812133789,0.09187829494476318,1.2899999618530273,1.148167371749878,0.14183259010314941,0.0,-0.0201372429728508,0.0201372429728508
636bf2d9ed70951a,jacobi-2d,jacobi-2d,lv2:__PARA__L0-1.__PARA__L1-4.__PARA__L2-88.__PARA__L3-8.__PARA__L4-8.__PIPE__L0-off.__PIPE__L1-NA.__PIPE__L2-off.__TILE__L0-1.__TILE__L1-1.__TILE__L2-1,target,support,support,finetune_dataset,data_908.pt,4370161.0,gatedgcn_vn,5,50,paper_exact_seed5,0.5971208214759827,0.6102867126464844,0.013165891170501709,2.0,2.156216621398926,0.15621662139892578,0.9300000071525574,0.9780821800231934,0.048082172870635986,2.0799999237060547,2.2957801818847656,0.21578025817871094,0.0,-0.0009225159883499146,0.0009225159883499146
ad7cd3eac43c0a10,jacobi-2d,jacobi-2d,lv2:__PARA__L0-1.__PARA__L1-4.__PARA__L2-1.__PARA__L3-1.__PARA__L4-4.__PIPE__L0-off.__PIPE__L1-flatten.__PIPE__L2-NA.__TILE__L0-1.__TILE__L1-8.__TILE__L2-8,target,support,support,finetune_dataset,data_887.pt,4193761.0,gatedgcn_vn,5,50,paper_exact_seed5,0.6268417239189148,0.5828768610954285,0.04396486282348633,1.4600000381469727,1.1959967613220215,0.26400327682495117,0.6499999761581421,0.4862852692604065,0.1637147068977356,1.2999999523162842,1.059254765510559,0.2407451868057251,0.0,-0.007195718586444855,0.007195718586444855
53d53bf79f94009c,jacobi-2d,jacobi-2d,lv2:__PARA__L0-1.__PARA__L1-1.__PARA__L2-4.__PARA__L3-1.__PARA__L4-1.__PIPE__L0-off.__PIPE__L1-off.__PIPE__L2-flatten.__TILE__L0-1.__TILE__L1-1.__TILE__L2-8,target,support,support,finetune_dataset,data_776.pt,4407761.0,gatedgcn_vn,5,50,paper_exact_seed5,0.5909410715103149,0.585715115070343,0.005225956439971924,1.0299999713897705,1.244887113571167,0.21488714218139648,0.4699999988079071,0.5030207633972168,0.03302076458930969,0.9700000286102295,1.1208782196044922,0.1508781909942627,0.03999999910593033,-0.006219126284122467,0.046219125390052795
86c3f25e74bb0602,jacobi-2d,jacobi-2d,lv2:__PARA__L0-1.__PARA__L1-1.__PARA__L2-1.__PARA__L3-4.__PARA__L4-32.__PIPE__L0-off.__PIPE__L1-off.__PIPE__L2-off.__TILE__L0-1.__TILE__L1-1.__TILE__L2-1,target,support,support,finetune_dataset,data_707.pt,2486164.0,gatedgcn_vn,5,50,paper_exact_seed5,1.0040032863616943,0.8790173530578613,0.12498593330383301,0.10999999940395355,0.06461606919765472,0.04538393020629883,0.029999999329447746,0.01804758608341217,0.011952413246035576,0.029999999329447746,0.03650423884391785,0.0065042395144701,0.05000000074505806,0.019064217805862427,0.030935782939195633
fd3206ad1fd9a338,jacobi-2d,jacobi-2d,lv2:__PARA__L0-1.__PARA__L1-1.__PARA__L2-1.__PARA__L3-1.__PARA__L4-32.__PIPE__L0-off.__PIPE__L1-off.__PIPE__L2-NA.__TILE__L0-1.__TILE__L1-1.__TILE__L2-1,target,support,support,finetune_dataset,data_672.pt,2621284.0,gatedgcn_vn,5,50,paper_exact_seed5,0.965827226638794,0.704902172088623,0.2609250545501709,0.1599999964237213,0.13050279021263123,0.029497206211090088,0.019999999552965164,0.03442847728729248,0.014428477734327316,0.009999999776482582,0.06767956912517548,0.05767957121133804,0.10000000149011612,0.12076140195131302,0.0207614004611969
2246a55d9e439b9b,jacobi-2d,jacobi-2d,lv2:__PARA__L0-1.__PARA__L1-2.__PARA__L2-1.__PARA__L3-8.__PARA__L4-8.__PIPE__L0-off.__PIPE__L1-NA.__PIPE__L2-off.__TILE__L0-1.__TILE__L1-1.__TILE__L2-4,target,support,support,finetune_dataset,data_811.pt,4213281.0,gatedgcn_vn,5,50,paper_exact_seed5,0.6234920024871826,0.6534898281097412,0.029997825622558594,0.05000000074505806,0.054712072014808655,0.004712071269750595,0.019999999552965164,0.020353570580482483,0.0003535710275173187,0.05000000074505806,0.05704353749752045,0.007043536752462387,0.0,-0.00915885716676712,0.00915885716676712
6c17c4d0414be5a1,jacobi-2d,jacobi-2d,lv2:__PARA__L0-1.__PARA__L1-2.__PARA__L2-8.__PARA__L3-8.__PARA__L4-8.__PIPE__L0-off.__PIPE__L1-NA.__PIPE__L2-NA.__TILE__L0-40.__TILE__L1-1.__TILE__L2-1,target,support,support,finetune_dataset,data_867.pt,4414401.0,gatedgcn_vn,5,50,paper_exact_seed5,0.5898551940917969,0.6033366918563843,0.013481497764587402,0.05000000074505806,0.08305583894252777,0.03305583819746971,0.019999999552965164,0.02009931206703186,9.931251406669617e-05,0.05000000074505806,0.055990591645240784,0.005990590900182724,0.009999999776482582,-0.004327155649662018,0.0143271554261446
3824367869de27e7,jacobi-2d,jacobi-2d,lv2:__PARA__L0-1.__PARA__L1-1.__PARA__L2-2.__PARA__L3-1.__PARA__L4-1.__PIPE__L0-off.__PIPE__L1-NA.__PIPE__L2-flatten.__TILE__L0-1.__TILE__L1-8.__TILE__L2-8,target,support,support,finetune_dataset,data_736.pt,4086961.0,gatedgcn_vn,5,50,paper_exact_seed5,0.6454498171806335,0.5834277272224426,0.06202208995819092,0.6499999761581421,0.7255823016166687,0.07558232545852661,0.30000001192092896,0.32775044441223145,0.02775043249130249,0.6200000047683716,0.6455724835395813,0.025572478771209717,0.03999999910593033,0.05631985515356064,0.01631985604763031
1e0930d3a442aea0,jacobi-2d,jacobi-2d,lv2:__PARA__L0-1.__PARA__L1-1.__PARA__L2-1.__PARA__L3-2.__PARA__L4-11.__PIPE__L0-off.__PIPE__L1-off.__PIPE__L2-off.__TILE__L0-1.__TILE__L1-1.__TILE__L2-1,target,support,support,finetune_dataset,data_690.pt,554684.0,gatedgcn_vn,5,50,paper_exact_seed5,2.086095094680786,1.877892017364502,0.20820307731628418,0.03999999910593033,0.026794180274009705,0.013205818831920624,0.009999999776482582,0.004757940769195557,0.0052420590072870255,0.009999999776482582,0.00752510130405426,0.002474898472428322,0.029999999329447746,0.017844155430793762,0.012155843898653984
4ef9c3115d1df67f,jacobi-2d,jacobi-2d,lv2:__PARA__L0-1.__PARA__L1-1.__PARA__L2-1.__PARA__L3-1.__PARA__L4-4.__PIPE__L0-off.__PIPE__L1-flatten.__PIPE__L2-NA.__TILE__L0-1.__TILE__L1-8.__TILE__L2-8,target,support,support,finetune_dataset,data_675.pt,4030681.0,gatedgcn_vn,5,50,paper_exact_seed5,0.6554522514343262,0.5977944135665894,0.057657837867736816,0.2800000011920929,0.31584128737449646,0.035841286182403564,0.11999999731779099,0.12964273989200592,0.009642742574214935,0.27000001072883606,0.31673136353492737,0.04673135280609131,0.20999999344348907,0.1840963363647461,0.02590365707874298
c2c93fa5894090c5,jacobi-2d,jacobi-2d,lv2:__PARA__L0-1.__PARA__L1-1.__PARA__L2-1.__PARA__L3-1.__PARA__L4-1.__PIPE__L0-off.__PIPE__L1-off.__PIPE__L2-flatten.__TILE__L0-1.__TILE__L1-1.__TILE__L2-2,target,support,support,finetune_dataset,data_660.pt,4306601.0,gatedgcn_vn,5,50,paper_exact_seed5,0.6076892018318176,0.6225993037223816,0.014910101890563965,0.20000000298023224,0.23117104172706604,0.0311710387468338,0.14000000059604645,0.13295486569404602,0.007045134902000427,0.18000000715255737,0.23123331367969513,0.051233306527137756,0.25,0.2734103500843048,0.02341035008430481
bc50b6c7e737f423,jacobi-2d,jacobi-2d,lv2:__PARA__L0-1.__PARA__L1-11.__PARA__L2-2.__PARA__L3-2.__PARA__L4-1.__PIPE__L0-off.__PIPE__L1-off.__PIPE__L2-flatten.__TILE__L0-1.__TILE__L1-8.__TILE__L2-8,target,support,support,finetune_dataset,data_795.pt,4315681.0,gatedgcn_vn,5,50,paper_exact_seed5,0.6061699390411377,0.578169047832489,0.02800089120864868,0.8700000047683716,0.8153954148292542,0.05460458993911743,0.3799999952316284,0.3869592249393463,0.0069592297077178955,0.7799999713897705,0.7404299378395081,0.03957003355026245,0.0,0.005415596067905426,0.005415596067905426
167d65bad6feeeff,jacobi-2d,jacobi-2d,lv2:__PARA__L0-1.__PARA__L1-1.__PARA__L2-1.__PARA__L3-8.__PARA__L4-16.__PIPE__L0-off.__PIPE__L1-off.__PIPE__L2-off.__TILE__L0-1.__TILE__L1-1.__TILE__L2-1,target,support,support,finetune_dataset,data_713.pt,448204.0,gatedgcn_vn,5,50,paper_exact_seed5,2.2398502826690674,1.8378485441207886,0.4020017385482788,0.05000000074505806,0.05854153633117676,0.008541535586118698,0.009999999776482582,-0.0045326948165893555,0.014532694593071938,0.009999999776482582,0.016334563493728638,0.006334563717246056,0.029999999329447746,0.00391002744436264,0.026089971885085106
942f78d1937a87f4,jacobi-2d,jacobi-2d,lv2:__PARA__L0-1.__PARA__L1-2.__PARA__L2-1.__PARA__L3-8.__PARA__L4-8.__PIPE__L0-off.__PIPE__L1-NA.__PIPE__L2-off.__TILE__L0-1.__TILE__L1-1.__TILE__L2-2,target,support,support,finetune_dataset,data_810.pt,4268321.0,gatedgcn_vn,5,50,paper_exact_seed5,0.6141297221183777,0.656856119632721,0.04272639751434326,0.05000000074505806,0.057534851133823395,0.007534850388765335,0.019999999552965164,0.020573318004608154,0.0005733184516429901,0.05000000074505806,0.06021376699209213,0.010213766247034073,0.0,-0.00703950971364975,0.00703950971364975
e0f176d01fa896b9,jacobi-2d,jacobi-2d,lv2:__PARA__L0-1.__PARA__L1-1.__PARA__L2-1.__PARA__L3-1.__PARA__L4-1.__PIPE__L0-off.__PIPE__L1-off.__PIPE__L2-flatten.__TILE__L0-1.__TILE__L1-1.__TILE__L2-8,target,support,support,finetune_dataset,data_662.pt,4244201.0,gatedgcn_vn,5,50,paper_exact_seed5,0.6182175278663635,0.6068258285522461,0.011391699314117432,0.17000000178813934,0.2844540774822235,0.11445407569408417,0.07000000029802322,0.1460721641778946,0.07607216387987137,0.18000000715255737,0.31681519746780396,0.13681519031524658,0.25,0.22087037563323975,0.029129624366760254
1509afa979317be1,jacobi-2d,jacobi-2d,lv2:__PARA__L0-1.__PARA__L1-2.__PARA__L2-88.__PARA__L3-8.__PARA__L4-8.__PIPE__L0-off.__PIPE__L1-off.__PIPE__L2-off.__TILE__L0-1.__TILE__L1-1.__TILE__L2-1,target,support,support,finetune_dataset,data_875.pt,4361601.0,gatedgcn_vn,5,50,paper_exact_seed5,0.5985351204872131,0.6157142519950867,0.017179131507873535,2.0,1.9758466482162476,0.02415335178375244,0.9300000071525574,0.8566646575927734,0.07333534955978394,2.0799999237060547,2.1062779426574707,0.026278018951416016,0.0,-0.005660586059093475,0.005660586059093475
6671db5a69291d3f,jacobi-2d,jacobi-2d,lv2:__PARA__L0-1.__PARA__L1-1.__PARA__L2-2.__PARA__L3-1.__PARA__L4-1.__PIPE__L0-off.__PIPE__L1-off.__PIPE__L2-flatten.__TILE__L0-1.__TILE__L1-4.__TILE__L2-8,target,support,support,finetune_dataset,data_739.pt,4093361.0,gatedgcn_vn,5,50,paper_exact_seed5,0.644321084022522,0.5872319936752319,0.05708909034729004,0.6499999761581421,0.7501620650291443,0.1001620888710022,0.30000001192092896,0.34141987562179565,0.0414198637008667,0.6200000047683716,0.6529555320739746,0.03295552730560303,0.03999999910593033,0.058587126433849335,0.018587127327919006
725cf4d13035c879,jacobi-2d,jacobi-2d,lv2:__PARA__L0-1.__PARA__L1-1.__PARA__L2-2.__PARA__L3-88.__PARA__L4-1.__PIPE__L0-off.__PIPE__L1-off.__PIPE__L2-flatten.__TILE__L0-1.__TILE__L1-1.__TILE__L2-8,target,support,support,finetune_dataset,data_768.pt,3995401.0,gatedgcn_vn,5,50,paper_exact_seed5,0.6617938876152039,0.586543083190918,0.07525080442428589,0.8999999761581421,0.906859815120697,0.006859838962554932,0.4000000059604645,0.4057524800300598,0.005752474069595337,0.7699999809265137,0.7743785381317139,0.004378557205200195,0.25,0.20235545933246613,0.047644540667533875
c3442a8001fa4417,jacobi-2d,jacobi-2d,lv2:__PARA__L0-1.__PARA__L1-2.__PARA__L2-22.__PARA__L3-8.__PARA__L4-8.__PIPE__L0-off.__PIPE__L1-off.__PIPE__L2-off.__TILE__L0-40.__TILE__L1-1.__TILE__L2-1,target,support,support,finetune_dataset,data_857.pt,4504601.0,gatedgcn_vn,5,50,paper_exact_seed5,0.5752643942832947,0.5976825952529907,0.022418200969696045,0.05000000074505806,-0.019507110118865967,0.06950710713863373,0.019999999552965164,-0.019355252385139465,0.03935525193810463,0.05000000074505806,0.027927488088607788,0.02207251265645027,0.009999999776482582,0.005846381187438965,0.004153618589043617
74a01752d111f879,gemver-medium,gemver-medium,lv2:__PARA__L0-1.__PARA__L1-1.__PARA__L2-1.__PARA__L3-1.__PARA__L4-1.__PARA__L5-1.__PARA__L6-64.__PIPE__L0-flatten.__PIPE__L1-off.__PIPE__L3-off.__TILE__L0-1.__TILE__L1-1.__TILE__L3-1,target,support,support,finetune_dataset,data_478.pt,924703.0,gatedgcn_vn,5,50,paper_exact_seed5,1.7174330949783325,1.9388244152069092,0.22139132022857666,0.6700000166893005,0.7043145298957825,0.034314513206481934,0.4300000071525574,0.39075297117233276,0.03924703598022461,1.2799999713897705,1.0187464952468872,0.2612534761428833,0.23999999463558197,0.2901650369167328,0.05016504228115082
f5222419a61dc3ae,gemver-medium,gemver-medium,lv2:__PARA__L0-1.__PARA__L1-1.__PARA__L2-1.__PARA__L3-1.__PARA__L4-1.__PARA__L5-1.__PARA__L6-1.__PIPE__L0-off.__PIPE__L1-off.__PIPE__L3-off.__TILE__L0-1.__TILE__L1-1.__TILE__L3-1,target,support,support,finetune_dataset,data_435.pt,1826012.0,gatedgcn_vn,5,50,paper_exact_seed5,1.2266159057617188,1.301792860031128,0.07517695426940918,0.019999999552965164,0.013328701257705688,0.006671298295259476,0.009999999776482582,0.024678781628608704,0.014678781852126122,0.0,0.011040642857551575,0.011040642857551575,0.11999999731779099,0.12485509365797043,0.004855096340179443
06c62edb9698a94a,gemver-medium,gemver-medium,lv2:__PARA__L0-1.__PARA__L1-1.__PARA__L2-1.__PARA__L3-1.__PARA__L4-1.__PARA__L5-2.__PARA__L6-5.__PIPE__L0-flatten.__PIPE__L1-off.__PIPE__L3-off.__TILE__L0-1.__TILE__L1-1.__TILE__L3-1,target,support,support,finetune_dataset,data_540.pt,629573.0,gatedgcn_vn,5,50,paper_exact_seed5,1.9947412014007568,1.8392664194107056,0.15547478199005127,0.6700000166893005,0.6495595574378967,0.02044045925140381,0.41999998688697815,0.3960752785205841,0.023924708366394043,1.2799999713897705,1.1915287971496582,0.0884711742401123,0.23999999463558197,0.3037396967411041,0.06373970210552216
5c6ffb0bd9e5a3fc,gemver-medium,gemver-medium,lv2:__PARA__L0-1.__PARA__L1-1.__PARA__L2-1.__PARA__L3-1.__PARA__L4-1.__PARA__L5-2.__PARA__L6-1.__PIPE__L0-off.__PIPE__L1-off.__PIPE__L3-flatten.__TILE__L0-1.__TILE__L1-1.__TILE__L3-1,target,support,support,finetune_dataset,data_509.pt,624865.0,gatedgcn_vn,5,50,paper_exact_seed5,2.0001559257507324,1.7193195819854736,0.2808363437652588,0.41999998688697815,0.5733192563056946,0.15331926941871643,0.30000001192092896,0.3579290509223938,0.057929039001464844,0.6399999856948853,0.9233921766281128,0.28339219093322754,0.23999999463558197,0.2238330841064453,0.016166910529136658
f210541613fb8795,gemver-medium,gemver-medium,lv2:__PARA__L0-1.__PARA__L1-1.__PARA__L2-1.__PARA__L3-1.__PARA__L4-2.__PARA__L5-1.__PARA__L6-32.__PIPE__L0-off.__PIPE__L1-flatten.__PIPE__L3-NA.__TILE__L0-1.__TILE__L1-1.__TILE__L3-8,target,support,support,finetune_dataset,data_642.pt,220748.0,gatedgcn_vn,5,50,paper_exact_seed5,2.750727891921997,2.525531768798828,0.22519612312316895,0.6399999856948853,0.5879600048065186,0.0520399808883667,0.3199999928474426,0.31725412607192993,0.0027458667755126953,0.6800000071525574,0.6969746351242065,0.01697462797164917,0.25,0.23978692293167114,0.010213077068328857
1173dc7929c37fc6,gemver-medium,gemver-medium,lv2:__PARA__L0-1.__PARA__L1-1.__PARA__L2-1.__PARA__L3-1.__PARA__L4-1.__PARA__L5-2.__PARA__L6-4.__PIPE__L0-flatten.__PIPE__L1-off.__PIPE__L3-NA.__TILE__L0-1.__TILE__L1-1.__TILE__L3-1,target,support,support,finetune_dataset,data_533.pt,666231.0,gatedgcn_vn,5,50,paper_exact_seed5,1.9539169073104858,1.9644142389297485,0.010497331619262695,0.6800000071525574,0.6552202105522156,0.024779796600341797,0.41999998688697815,0.39572614431381226,0.024273842573165894,1.2799999713897705,1.0937693119049072,0.18623065948486328,0.23999999463558197,0.3055867552757263,0.06558676064014435
8f4ab36456ee280a,gemver-medium,gemver-medium,lv2:__PARA__L0-1.__PARA__L1-1.__PARA__L2-1.__PARA__L3-1.__PARA__L4-1.__PARA__L5-1.__PARA__L6-32.__PIPE__L0-off.__PIPE__L1-off.__PIPE__L3-off.__TILE__L0-1.__TILE__L1-1.__TILE__L3-1,target,support,support,finetune_dataset,data_464.pt,1102812.0,gatedgcn_vn,5,50,paper_exact_seed5,1.5903706550598145,1.7513680458068848,0.1609973907470703,0.03999999910593033,0.047771066427230835,0.007771067321300507,0.019999999552965164,0.022388309240341187,0.0023883096873760223,0.019999999552965164,-0.04759354889392853,0.0675935447216034,0.18000000715255737,0.18027952313423157,0.00027951598167419434
abd02553eb488b26,gemver-medium,gemver-medium,lv2:__PARA__L0-1.__PARA__L1-8.__PARA__L2-1.__PARA__L3-1.__PARA__L4-1.__PARA__L5-1.__PARA__L6-1.__PIPE__L0-flatten.__PIPE__L1-off.__PIPE__L3-off.__TILE__L0-1.__TILE__L1-1.__TILE__L3-1,target,support,support,finetune_dataset,data_653.pt,1689165.0,gatedgcn_vn,5,50,paper_exact_seed5,1.2828088998794556,1.294024109840393,0.0112152099609375,0.6499999761581421,0.6812549829483032,0.03125500679016113,0.41999998688697815,0.43293437361717224,0.012934386730194092,1.2799999713897705,1.313960313796997,0.03396034240722656,0.23999999463558197,0.26833876967430115,0.028338775038719177
a7dc296477f89e14,gemver-medium,gemver-medium,lv2:__PARA__L0-1.__PARA__L1-1.__PARA__L2-1.__PARA__L3-1.__PARA__L4-1.__PARA__L5-1.__PARA__L6-64.__PIPE__L0-off.__PIPE__L1-flatten.__PIPE__L3-NA.__TILE__L0-1.__TILE__L1-1.__TILE__L3-8,target,support,support,finetune_dataset,data_479.pt,327769.0,gatedgcn_vn,5,50,paper_exact_seed5,2.465588331222534,2.4149818420410156,0.050606489181518555,0.6499999761581421,0.6519150733947754,0.0019150972366333008,0.33000001311302185,0.36283886432647705,0.0328388512134552,0.6800000071525574,0.7807561159133911,0.10075610876083374,0.36000001430511475,0.26274430751800537,0.09725570678710938
16b1f6d7e45fe22d,gemver-medium,gemver-medium,lv2:__PARA__L0-1.__PARA__L1-1.__PARA__L2-1.__PARA__L3-1.__PARA__L4-1.__PARA__L5-2.__PARA__L6-10.__PIPE__L0-off.__PIPE__L1-off.__PIPE__L3-off.__TILE__L0-1.__TILE__L1-1.__TILE__L3-1,target,support,support,finetune_dataset,data_514.pt,720413.0,gatedgcn_vn,5,50,paper_exact_seed5,1.8975160121917725,1.7603423595428467,0.13717365264892578,0.029999999329447746,0.015312716364860535,0.014687282964587212,0.009999999776482582,-0.010087072849273682,0.020087072625756264,0.0,-0.09551124274730682,0.09551124274730682,0.11999999731779099,0.17118379473686218,0.0511837974190712
9a08c89cf92ce513,gemver-medium,gemver-medium,lv2:__PARA__L0-1.__PARA__L1-1.__PARA__L2-1.__PARA__L3-1.__PARA__L4-1.__PARA__L5-2.__PARA__L6-16.__PIPE__L0-flatten.__PIPE__L1-off.__PIPE__L3-off.__TILE__L0-1.__TILE__L1-1.__TILE__L3-1,target,support,support,finetune_dataset,data_516.pt,523973.0,gatedgcn_vn,5,50,paper_exact_seed5,2.1271817684173584,2.048948287963867,0.07823348045349121,0.6700000166893005,0.6680511832237244,0.0019488334655761719,0.41999998688697815,0.3878127932548523,0.032187193632125854,1.2799999713897705,1.1224210262298584,0.1575789451599121,0.23999999463558197,0.29602792859077454,0.056027933955192566
aa2e9802151958d2,gemver-medium,gemver-medium,lv2:__PARA__L0-1.__PARA__L1-1.__PARA__L2-1.__PARA__L3-1.__PARA__L4-1.__PARA__L5-10.__PARA__L6-2.__PIPE__L0-off.__PIPE__L1-off.__PIPE__L3-NA.__TILE__L0-1.__TILE__L1-1.__TILE__L3-1,target,support,support,finetune_dataset,data_492.pt,720213.0,gatedgcn_vn,5,50,paper_exact_seed5,1.8977162837982178,2.0541799068450928,0.156463623046875,0.03999999910593033,0.050406962633132935,0.010406963527202606,0.009999999776482582,0.010414287447929382,0.00041428767144680023,0.009999999776482582,-0.07602337002754211,0.08602336794137955,0.05000000074505806,0.19354914128780365,0.1435491442680359
0526577840035d0e,gemver-medium,gemver-medium,lv2:__PARA__L0-1.__PARA__L1-1.__PARA__L2-1.__PARA__L3-1.__PARA__L4-1.__PARA__L5-8.__PARA__L6-16.__PIPE__L0-off.__PIPE__L1-off.__PIPE__L3-off.__TILE__L0-1.__TILE__L1-1.__TILE__L3-1,target,support,support,finetune_dataset,data_619.pt,398412.0,gatedgcn_vn,5,50,paper_exact_seed5,2.3247976303100586,2.14382004737854,0.18097758293151855,0.029999999329447746,0.028204381465911865,0.001795617863535881,0.009999999776482582,-0.027093246579170227,0.03709324449300766,0.009999999776482582,-0.03449191153049469,0.04449190944433212,0.28999999165534973,0.23479023575782776,0.05520975589752197
cf40d0255f3c7df7,gemver-medium,gemver-medium,lv2:__PARA__L0-1.__PARA__L1-1.__PARA__L2-1.__PARA__L3-1.__PARA__L4-1.__PARA__L5-2.__PARA__L6-400.__PIPE__L0-off.__PIPE__L1-off.__PIPE__L3-off.__TILE__L0-1.__TILE__L1-1.__TILE__L3-1,target,support,support,finetune_dataset,data_538.pt,641657.0,gatedgcn_vn,5,50,paper_exact_seed5,1.9810268878936768,2.0335633754730225,0.0525364875793457,0.18000000715255737,0.19249790906906128,0.012497901916503906,0.20999999344348907,0.19792123138904572,0.01207876205444336,0.4699999988079071,0.41046589612960815,0.05953410267829895,0.23999999463558197,0.23943166434764862,0.0005683302879333496
d47a24b4ad9d0e97,gemver-medium,gemver-medium,lv2:__PARA__L0-1.__PARA__L1-1.__PARA__L2-1.__PARA__L3-1.__PARA__L4-2.__PARA__L5-1.__PARA__L6-2.__PIPE__L0-off.__PIPE__L1-flatten.__PIPE__L3-off.__TILE__L0-1.__TILE__L1-1.__TILE__L3-8,target,support,support,finetune_dataset,data_639.pt,667535.0,gatedgcn_vn,5,50,paper_exact_seed5,1.9525063037872314,1.807434320449829,0.14507198333740234,0.6100000143051147,0.5208454728126526,0.08915454149246216,0.30000001192092896,0.2957146167755127,0.00428539514541626,0.6399999856948853,0.7375901937484741,0.09759020805358887,0.12999999523162842,0.19532990455627441,0.065329909324646
088c49f7f49c80eb,gemver-medium,gemver-medium,lv2:__PARA__L0-1.__PARA__L1-1.__PARA__L2-1.__PARA__L3-1.__PARA__L4-1.__PARA__L5-1.__PARA__L6-10.__PIPE__L0-flatten.__PIPE__L1-off.__PIPE__L3-NA.__TILE__L0-1.__TILE__L1-1.__TILE__L3-1,target,support,support,finetune_dataset,data_436.pt,941561.0,gatedgcn_vn,5,50,paper_exact_seed5,1.7044007778167725,2.0605170726776123,0.35611629486083984,0.6700000166893005,0.6690909266471863,0.0009090900421142578,0.4300000071525574,0.3924582898616791,0.037541717290878296,1.2899999618530273,1.1139075756072998,0.17609238624572754,0.23999999463558197,0.2898702919483185,0.04987029731273651
01e5f16a1216bb57,gemver-medium,gemver-medium,lv2:__PARA__L0-1.__PARA__L1-1.__PARA__L2-1.__PARA__L3-8.__PARA__L4-1.__PARA__L5-1.__PARA__L6-1.__PIPE__L0-flatten.__PIPE__L1-off.__PIPE__L3-off.__TILE__L0-1.__TILE__L1-1.__TILE__L3-1,target,support,support,finetune_dataset,data_650.pt,1689719.0,gatedgcn_vn,5,50,paper_exact_seed5,1.2825723886489868,1.3100435733795166,0.027471184730529785,0.6499999761581421,0.678432285785675,0.02843230962753296,0.41999998688697815,0.4412171542644501,0.021217167377471924,1.2799999713897705,1.329869031906128,0.04986906051635742,0.23999999463558197,0.2663823664188385,0.02638237178325653
a7c68a7cb4043184,gemver-medium,gemver-medium,lv2:__PARA__L0-1.__PARA__L1-1.__PARA__L2-1.__PARA__L3-1.__PARA__L4-1.__PARA__L5-2.__PARA__L6-5.__PIPE__L0-off.__PIPE__L1-off.__PIPE__L3-NA.__TILE__L0-1.__TILE__L1-1.__TILE__L3-1,target,support,support,finetune_dataset,data_541.pt,794469.0,gatedgcn_vn,5,50,paper_exact_seed5,1.826932668685913,1.7176458835601807,0.10928678512573242,0.029999999329447746,0.015519246459007263,0.014480752870440483,0.009999999776482582,0.0077765583992004395,0.0022234413772821426,0.0,-0.028611525893211365,0.028611525893211365,0.11999999731779099,0.17194145917892456,0.051941461861133575
387c4d6118e8c989,gemver-medium,gemver-medium,lv2:__PARA__L0-1.__PARA__L1-1.__PARA__L2-1.__PARA__L3-1.__PARA__L4-1.__PARA__L5-4.__PARA__L6-400.__PIPE__L0-flatten.__PIPE__L1-off.__PIPE__L3-off.__TILE__L0-1.__TILE__L1-1.__TILE__L3-1,target,support,support,finetune_dataset,data_580.pt,271622.0,gatedgcn_vn,5,50,paper_exact_seed5,2.601127862930298,2.478464126586914,0.12266373634338379,0.8199999928474426,0.9930622577667236,0.173062264919281,0.5199999809265137,0.6118767261505127,0.09187674522399902,1.2799999713897705,1.5566902160644531,0.2766902446746826,0.4300000071525574,0.4130474627017975,0.016952544450759888
2594dd922d740fe9,gemver-medium,gemver-medium,lv2:__PARA__L0-1.__PARA__L1-1.__PARA__L2-1.__PARA__L3-1.__PARA__L4-1.__PARA__L5-2.__PARA__L6-2.__PIPE__L0-off.__PIPE__L1-off.__PIPE__L3-NA.__TILE__L0-1.__TILE__L1-1.__TILE__L3-1,target,support,support,finetune_dataset,data_521.pt,1034063.0,gatedgcn_vn,5,50,paper_exact_seed5,1.6368019580841064,1.6309576034545898,0.0058443546295166016,0.029999999329447746,0.015128999948501587,0.01487099938094616,0.009999999776482582,0.013166680932044983,0.003166681155562401,0.0,-0.09214867651462555,0.09214867651462555,0.11999999731779099,0.12443375587463379,0.004433758556842804
b16f47effa78ecb0,gemver-medium,gemver-medium,lv2:__PARA__L0-1.__PARA__L1-1.__PARA__L2-1.__PARA__L3-1.__PARA__L4-1.__PARA__L5-8.__PARA__L6-32.__PIPE__L0-off.__PIPE__L1-off.__PIPE__L3-off.__TILE__L0-1.__TILE__L1-1.__TILE__L3-1,target,support,support,finetune_dataset,data_626.pt,413611.0,gatedgcn_vn,5,50,paper_exact_seed5,2.297790765762329,2.1667380332946777,0.13105273246765137,0.05000000074505806,0.05477137863636017,0.004771377891302109,0.019999999552965164,-0.011492758989334106,0.03149275854229927,0.019999999552965164,-0.03688797354698181,0.056887973099946976,0.05999999865889549,0.22791948914527893,0.16791948676109314
1d98f34eaa29cec7,gemver-medium,gemver-medium,lv2:__PARA__L0-1.__PARA__L1-1.__PARA__L2-1.__PARA__L3-1.__PARA__L4-1.__PARA__L5-1.__PARA__L6-1.__PIPE__L0-off.__PIPE__L1-flatten.__PIPE__L3-flatten.__TILE__L0-1.__TILE__L1-1.__TILE__L3-8,target,support,support,finetune_dataset,data_432.pt,254065.0,gatedgcn_vn,5,50,paper_exact_seed5,2.64932918548584,2.0396080017089844,0.6097211837768555,1.340000033378601,1.0841776132583618,0.25582242012023926,0.9599999785423279,0.747122049331665,0.21287792921066284,2.0399999618530273,1.7519941329956055,0.2880058288574219,0.30000001192092896,0.23240965604782104,0.06759035587310791
f0b85143c160e227,gemver-medium,gemver-medium,lv2:__PARA__L0-1.__PARA__L1-1.__PARA__L2-1.__PARA__L3-1.__PARA__L4-1.__PARA__L5-2.__PARA__L6-64.__PIPE__L0-off.__PIPE__L1-off.__PIPE__L3-off.__TILE__L0-1.__TILE__L1-1.__TILE__L3-1,target,support,support,finetune_dataset,data_544.pt,698013.0,gatedgcn_vn,5,50,paper_exact_seed5,1.9203011989593506,1.914034128189087,0.006267070770263672,0.05999999865889549,0.07303766161203384,0.013037662953138351,0.029999999329447746,0.051704391837120056,0.02170439250767231,0.03999999910593033,-0.025859102606773376,0.0658591017127037,0.28999999165534973,0.20144209265708923,0.0885578989982605
afabf0cf6a7b8365,gemver-medium,gemver-medium,lv2:__PARA__L0-1.__PARA__L1-1.__PARA__L2-1.__PARA__L3-1.__PARA__L4-1.__PARA__L5-5.__PARA__L6-4.__PIPE__L0-off.__PIPE__L1-off.__PIPE__L3-off.__TILE__L0-1.__TILE__L1-1.__TILE__L3-1,target,support,support,finetune_dataset,data_606.pt,601964.0,gatedgcn_vn,5,50,paper_exact_seed5,2.0270895957946777,2.0662903785705566,0.039200782775878906,0.029999999329447746,-0.0070750415325164795,0.037075042724609375,0.009999999776482582,-0.0246925950050354,0.03469259291887283,0.0,-0.06268395483493805,0.06268395483493805,0.30000001192092896,0.26738664507865906,0.0326133668422699
4ea6ce68b66ec41f,gemver-medium,gemver-medium,lv2:__PARA__L0-1.__PARA__L1-1.__PARA__L2-1.__PARA__L3-1.__PARA__L4-1.__PARA__L5-4.__PARA__L6-1.__PIPE__L0-off.__PIPE__L1-NA.__PIPE__L3-flatten.__TILE__L0-1.__TILE__L1-1.__TILE__L3-1,target,support,support,finetune_dataset,data_551.pt,424321.0,gatedgcn_vn,5,50,paper_exact_seed5,2.2793500423431396,2.0884571075439453,0.19089293479919434,0.5699999928474426,0.6218603253364563,0.05186033248901367,0.4000000059604645,0.39188170433044434,0.008118301630020142,1.1100000143051147,0.9985184073448181,0.11148160696029663,0.4300000071525574,0.33249327540397644,0.09750673174858093
00a64747fe7f3e59,gemver-medium,gemver-medium,lv2:__PARA__L0-1.__PARA__L1-1.__PARA__L2-1.__PARA__L3-1.__PARA__L4-1.__PARA__L5-4.__PARA__L6-1.__PIPE__L0-flatten.__PIPE__L1-off.__PIPE__L3-off.__TILE__L0-1.__TILE__L1-1.__TILE__L3-1,target,support,support,finetune_dataset,data_550.pt,1064773.0,gatedgcn_vn,5,50,paper_exact_seed5,1.615691065788269,1.6916582584381104,0.07596719264984131,0.7300000190734863,0.6479795575141907,0.08202046155929565,0.4399999976158142,0.39735639095306396,0.042643606662750244,1.2799999713897705,1.2276970148086548,0.05230295658111572,0.4300000071525574,0.33623847365379333,0.09376153349876404
92b03a2db6f6bb51,gemver-medium,gemver-medium,lv2:__PARA__L0-1.__PARA__L1-1.__PARA__L2-1.__PARA__L3-1.__PARA__L4-1.__PARA__L5-1.__PARA__L6-1.__PIPE__L0-flatten.__PIPE__L1-off.__PIPE__L3-flatten.__TILE__L0-1.__TILE__L1-1.__TILE__L3-1,target,support,support,finetune_dataset,data_429.pt,851559.0,gatedgcn_vn,5,50,paper_exact_seed5,1.7768748998641968,1.9200236797332764,0.1431487798690796,0.699999988079071,1.0297389030456543,0.32973891496658325,0.4699999988079071,0.7374993562698364,0.2674993574619293,1.2799999713897705,1.7357227802276611,0.4557228088378906,0.23999999463558197,0.22925108671188354,0.010748907923698425
2b2203c683bb6dad,gemver-medium,gemver-medium,lv2:__PARA__L0-1.__PARA__L1-1.__PARA__L2-1.__PARA__L3-1.__PARA__L4-1.__PARA__L5-4.__PARA__L6-20.__PIPE__L0-off.__PIPE__L1-off.__PIPE__L3-off.__TILE__L0-1.__TILE__L1-1.__TILE__L3-1,target,support,support,finetune_dataset,data_569.pt,485213.0,gatedgcn_vn,5,50,paper_exact_seed5,2.182619094848633,2.040584087371826,0.14203500747680664,0.05000000074505806,0.015610545873641968,0.03438945487141609,0.019999999552965164,-0.020425066351890564,0.04042506590485573,0.009999999776482582,-0.04947821795940399,0.059478215873241425,0.28999999165534973,0.2318536639213562,0.05814632773399353
ccf784e28e8d62ee,gemver-medium,gemver-medium,lv2:__PARA__L0-1.__PARA__L1-400.__PARA__L2-1.__PARA__L3-1.__PARA__L4-1.__PARA__L5-1.__PARA__L6-1.__PIPE__L0-flatten.__PIPE__L1-off.__PIPE__L3-off.__TILE__L0-1.__TILE__L1-1.__TILE__L3-1,target,support,support,finetune_dataset,data_652.pt,1657473.0,gatedgcn_vn,5,50,paper_exact_seed5,1.296471357345581,1.4764187335968018,0.1799473762512207,0.6499999761581421,0.8358345031738281,0.18583452701568604,0.41999998688697815,0.4878934323787689,0.06789344549179077,1.2799999713897705,1.4233345985412598,0.14333462715148926,0.23999999463558197,0.30962634086608887,0.0696263462305069
7991ac02ef164882,gemver-medium,gemver-medium,lv2:__PARA__L0-1.__PARA__L1-1.__PARA__L2-1.__PARA__L3-1.__PARA__L4-1.__PARA__L5-5.__PARA__L6-20.__PIPE__L0-off.__PIPE__L1-off.__PIPE__L3-NA.__TILE__L0-1.__TILE__L1-1.__TILE__L3-1,target,support,support,finetune_dataset,data_600.pt,437419.0,gatedgcn_vn,5,50,paper_exact_seed5,2.257420063018799,2.1002399921417236,0.1571800708770752,0.05999999865889549,0.04169774055480957,0.018302258104085922,0.019999999552965164,0.0035463571548461914,0.016453642398118973,0.009999999776482582,-0.03431755304336548,0.04431755095720291,0.05999999865889549,0.19610175490379333,0.13610175251960754
a1da14fefe06f567,gemver-medium,gemver-medium,lv2:__PARA__L0-1.__PARA__L1-1.__PARA__L2-1.__PARA__L3-1.__PARA__L4-1.__PARA__L5-10.__PARA__L6-64.__PIPE__L0-off.__PIPE__L1-off.__PIPE__L3-off.__TILE__L0-1.__TILE__L1-1.__TILE__L3-1,target,support,support,finetune_dataset,data_503.pt,384161.0,gatedgcn_vn,5,50,paper_exact_seed5,2.3510725498199463,2.25248122215271,0.09859132766723633,0.10999999940395355,0.11870718002319336,0.008707180619239807,0.05000000074505806,0.027768686413764954,0.022231314331293106,0.03999999910593033,-0.005646556615829468,0.045646555721759796,0.28999999165534973,0.22809964418411255,0.06190034747123718
c29f58aa87f88211,gemver-medium,gemver-medium,lv2:__PARA__L0-1.__PARA__L1-1.__PARA__L2-1.__PARA__L3-1.__PARA__L4-1.__PARA__L5-1.__PARA__L6-16.__PIPE__L0-off.__PIPE__L1-off.__PIPE__L3-off.__TILE__L0-1.__TILE__L1-1.__TILE__L3-1,target,support,support,finetune_dataset,data_445.pt,1087212.0,gatedgcn_vn,5,50,paper_exact_seed5,1.6006474494934082,1.6835999488830566,0.08295249938964844,0.029999999329447746,0.021230563521385193,0.008769435808062553,0.009999999776482582,0.00044545531272888184,0.0095545444637537,0.009999999776482582,-0.05051045119762421,0.06051044911146164,0.11999999731779099,0.1688452661037445,0.04884526878595352
b191ebbac7826eb3,gemver-medium,gemver-medium,lv2:__PARA__L0-1.__PARA__L1-1.__PARA__L2-1.__PARA__L3-1.__PARA__L4-1.__PARA__L5-1.__PARA__L6-5.__PIPE__L0-flatten.__PIPE__L1-off.__PIPE__L3-off.__TILE__L0-1.__TILE__L1-1.__TILE__L3-1,target,support,support,finetune_dataset,data_474.pt,1025103.0,gatedgcn_vn,5,50,paper_exact_seed5,1.6430796384811401,1.73820161819458,0.09512197971343994,0.6700000166893005,0.6639294028282166,0.006070613861083984,0.41999998688697815,0.4061509370803833,0.013849049806594849,1.2799999713897705,1.241835594177246,0.038164377212524414,0.23999999463558197,0.29985150694847107,0.0598515123128891
6d6bafe460da6a50,gemver-medium,gemver-medium,lv2:__PARA__L0-1.__PARA__L1-1.__PARA__L2-1.__PARA__L3-1.__PARA__L4-1.__PARA__L5-8.__PARA__L6-8.__PIPE__L0-off.__PIPE__L1-off.__PIPE__L3-off.__TILE__L0-1.__TILE__L1-1.__TILE__L3-1,target,support,support,finetune_dataset,data_634.pt,446812.0,gatedgcn_vn,5,50,paper_exact_seed5,2.242094039916992,2.147970676422119,0.09412336349487305,0.029999999329447746,0.012558087706565857,0.01744191162288189,0.009999999776482582,-0.030798017978668213,0.040798015892505646,0.0,-0.046706423163414,0.046706423163414,0.28999999165534973,0.2480112612247467,0.04198873043060303
0dd2aa628d6fce9a,gemver-medium,gemver-medium,lv2:__PARA__L0-1.__PARA__L1-1.__PARA__L2-1.__PARA__L3-1.__PARA__L4-1.__PARA__L5-8.__PARA__L6-4.__PIPE__L0-off.__PIPE__L1-off.__PIPE__L3-NA.__TILE__L0-1.__TILE__L1-1.__TILE__L3-1,target,support,support,finetune_dataset,data_627.pt,540266.0,gatedgcn_vn,5,50,paper_exact_seed5,2.105093240737915,2.1108481884002686,0.005754947662353516,0.029999999329447746,0.037175312638282776,0.00717531330883503,0.009999999776482582,0.0039006322622299194,0.006099367514252663,0.009999999776482582,-0.015204980969429016,0.025204980745911598,0.28999999165534973,0.24084395170211792,0.04915603995323181
db963af74fdef9e2,gemver-medium,gemver-medium,lv2:__PARA__L0-5.__PARA__L1-1.__PARA__L2-1.__PARA__L3-1.__PARA__L4-1.__PARA__L5-1.__PARA__L6-1.__PIPE__L0-flatten.__PIPE__L1-off.__PIPE__L3-off.__TILE__L0-1.__TILE__L1-1.__TILE__L3-1,target,support,support,finetune_dataset,data_655.pt,2317684.0,gatedgcn_vn,5,50,paper_exact_seed5,1.0546220541000366,0.9027975797653198,0.1518244743347168,3.2100000381469727,3.2724649906158447,0.06246495246887207,2.059999942779541,2.1359901428222656,0.07599020004272461,6.429999828338623,6.597914695739746,0.16791486740112305,0.9900000095367432,1.0286283493041992,0.038628339767456055
cdcda04bf68ce8ac,gemver-medium,gemver-medium,lv2:__PARA__L0-1.__PARA__L1-1.__PARA__L2-1.__PARA__L3-1.__PARA__L4-1.__PARA__L5-5.__PARA__L6-8.__PIPE__L0-off.__PIPE__L1-off.__PIPE__L3-NA.__TILE__L0-1.__TILE__L1-1.__TILE__L3-1,target,support,support,finetune_dataset,data_610.pt,498122.0,gatedgcn_vn,5,50,paper_exact_seed5,2.1636786460876465,2.090470790863037,0.07320785522460938,0.029999999329447746,0.03244714438915253,0.0024471450597047806,0.009999999776482582,-0.0035439729690551758,0.013543972745537758,0.009999999776482582,-0.012580126523971558,0.02258012630045414,0.30000001192092896,0.23211537301540375,0.06788463890552521
6ad7d75582a01bd8,gemver-medium,gemver-medium,lv2:__PARA__L0-1.__PARA__L1-1.__PARA__L2-1.__PARA__L3-1.__PARA__L4-1.__PARA__L5-4.__PARA__L6-16.__PIPE__L0-flatten.__PIPE__L1-off.__PIPE__L3-off.__TILE__L0-1.__TILE__L1-1.__TILE__L3-1,target,support,support,finetune_dataset,data_559.pt,325973.0,gatedgcn_vn,5,50,paper_exact_seed5,2.4695518016815186,2.165990114212036,0.3035616874694824,0.7300000190734863,0.6940138339996338,0.03598618507385254,0.4399999976158142,0.37163326144218445,0.06836673617362976,1.2799999713897705,1.1936969757080078,0.0863029956817627,0.4300000071525574,0.3858565092086792,0.044143497943878174
c6b077cf4b447681,gemver-medium,gemver-medium,lv2:__PARA__L0-1.__PARA__L1-1.__PARA__L2-1.__PARA__L3-1.__PARA__L4-1.__PARA__L5-1.__PARA__L6-10.__PIPE__L0-off.__PIPE__L1-off.__PIPE__L3-NA.__TILE__L0-1.__TILE__L1-1.__TILE__L3-1,target,support,support,finetune_dataset,data_439.pt,1110870.0,gatedgcn_vn,5,50,paper_exact_seed5,1.5851190090179443,1.7025963068008423,0.11747729778289795,0.029999999329447746,0.03958478569984436,0.009584786370396614,0.009999999776482582,0.008127033710479736,0.0018729660660028458,0.009999999776482582,-0.0013003796339035034,0.011300379410386086,0.11999999731779099,0.1495783030986786,0.029578305780887604
9f3221336f822498,gemver-medium,gemver-medium,lv2:__PARA__L0-1.__PARA__L1-1.__PARA__L2-1.__PARA__L3-1.__PARA__L4-1.__PARA__L5-1.__PARA__L6-1.__PIPE__L0-flatten.__PIPE__L1-flatten.__PIPE__L3-off.__TILE__L0-2.__TILE__L1-1.__TILE__L3-1,target,support,support,finetune_dataset,data_427.pt,885648.0,gatedgcn_vn,5,50,paper_exact_seed5,1.7485613822937012,1.8733999729156494,0.12483859062194824,1.2300000190734863,1.055234670639038,0.17476534843444824,0.9399999976158142,0.7425481081008911,0.1974518895149231,1.75,1.7813258171081543,0.0313258171081543,0.11999999731779099,0.23004457354545593,0.11004457622766495
f43b6a1af215f841,gemver-medium,gemver-medium,lv2:__PARA__L0-2.__PARA__L1-1.__PARA__L2-1.__PARA__L3-1.__PARA__L4-1.__PARA__L5-1.__PARA__L6-1.__PIPE__L0-flatten.__PIPE__L1-off.__PIPE__L3-off.__TILE__L0-1.__TILE__L1-1.__TILE__L3-1,target,support,support,finetune_dataset,data_654.pt,1657373.0,gatedgcn_vn,5,50,paper_exact_seed5,1.296514868736267,1.1394126415252686,0.15710222721099854,1.2699999809265137,1.4073396921157837,0.13733971118927002,0.7900000214576721,0.8505878448486328,0.06058782339096069,2.569999933242798,2.7790815830230713,0.20908164978027344,0.4300000071525574,0.46494999527931213,0.03494998812675476
d9117322aab4f7c2,gemver-medium,gemver-medium,lv2:__PARA__L0-1.__PARA__L1-1.__PARA__L2-1.__PARA__L3-1.__PARA__L4-1.__PARA__L5-1.__PARA__L6-16.__PIPE__L0-off.__PIPE__L1-flatten.__PIPE__L3-off.__TILE__L0-1.__TILE__L1-1.__TILE__L3-8,target,support,support,finetune_dataset,data_443.pt,319965.0,gatedgcn_vn,5,50,paper_exact_seed5,2.482970952987671,2.3195607662200928,0.16341018676757812,0.6200000047683716,0.5989567041397095,0.02104330062866211,0.3100000023841858,0.31004536151885986,4.5359134674072266e-05,0.6399999856948853,0.8307311534881592,0.19073116779327393,0.23999999463558197,0.28187325596809387,0.0418732613325119
e479489c10e97e63,gemver-medium,gemver-medium,lv2:__PARA__L0-1.__PARA__L1-1.__PARA__L2-1.__PARA__L3-1.__PARA__L4-1.__PARA__L5-8.__PARA__L6-20.__PIPE__L0-off.__PIPE__L1-off.__PIPE__L3-NA.__TILE__L0-1.__TILE__L1-1.__TILE__L3-1,target,support,support,finetune_dataset,data_622.pt,379867.0,gatedgcn_vn,5,50,paper_exact_seed5,2.3591809272766113,2.1826531887054443,0.176527738571167,0.05999999865889549,0.07035484910011292,0.010354850441217422,0.029999999329447746,0.02029818296432495,0.009701816365122795,0.019999999552965164,-0.035006895661354065,0.05500689521431923,0.05999999865889549,0.19286471605300903,0.13286471366882324
50ce49b321c5fefd,gemver-medium,gemver-medium,lv2:__PARA__L0-1.__PARA__L1-1.__PARA__L2-1.__PARA__L3-1.__PARA__L4-1.__PARA__L5-1.__PARA__L6-20.__PIPE__L0-off.__PIPE__L1-flatten.__PIPE__L3-off.__TILE__L0-1.__TILE__L1-1.__TILE__L3-8,target,support,support,finetune_dataset,data_453.pt,304465.0,gatedgcn_vn,5,50,paper_exact_seed5,2.5187900066375732,2.3662075996398926,0.15258240699768066,0.6200000047683716,0.5995329022407532,0.020467102527618408,0.3100000023841858,0.30407440662384033,0.005925595760345459,0.6399999856948853,0.7825425863265991,0.14254260063171387,0.25999999046325684,0.28029507398605347,0.02029508352279663
101fa2327321d834,gemver-medium,gemver-medium,lv2:__PARA__L0-1.__PARA__L1-16.__PARA__L2-1.__PARA__L3-1.__PARA__L4-1.__PARA__L5-1.__PARA__L6-1.__PIPE__L0-flatten.__PIPE__L1-off.__PIPE__L3-off.__TILE__L0-1.__TILE__L1-1.__TILE__L3-1,target,support,support,finetune_dataset,data_651.pt,1721319.0,gatedgcn_vn,5,50,paper_exact_seed5,1.2692067623138428,1.3846732378005981,0.11546647548675537,0.6499999761581421,0.7288368344306946,0.07883685827255249,0.4300000071525574,0.47630736231803894,0.04630735516548157,1.2799999713897705,1.2601436376571655,0.01985633373260498,0.23999999463558197,0.2553849220275879,0.01538492739200592
47393fa60a317c60,gemver-medium,gemver-medium,lv2:__PARA__L0-1.__PARA__L1-1.__PARA__L2-1.__PARA__L3-1.__PARA__L4-1.__PARA__L5-1.__PARA__L6-5.__PIPE__L0-off.__PIPE__L1-off.__PIPE__L3-NA.__TILE__L0-1.__TILE__L1-1.__TILE__L3-1,target,support,support,finetune_dataset,data_476.pt,1190868.0,gatedgcn_vn,5,50,paper_exact_seed5,1.5349572896957397,1.614324927330017,0.07936763763427734,0.029999999329447746,0.03497682511806488,0.004976825788617134,0.009999999776482582,0.018848121166229248,0.008848121389746666,0.0,0.010667994618415833,0.010667994618415833,0.11999999731779099,0.16475248336791992,0.04475248605012894
f30c53ed54cd07f6,gemver-medium,gemver-medium,lv2:__PARA__L0-1.__PARA__L1-1.__PARA__L2-1.__PARA__L3-1.__PARA__L4-1.__PARA__L5-4.__PARA__L6-16.__PIPE__L0-flatten.__PIPE__L1-off.__PIPE__L3-NA.__TILE__L0-1.__TILE__L1-1.__TILE__L3-1,target,support,support,finetune_dataset,data_558.pt,317477.0,gatedgcn_vn,5,50,paper_exact_seed5,2.4886021614074707,2.3334336280822754,0.1551685333251953,0.7400000095367432,0.6951321959495544,0.04486781358718872,0.44999998807907104,0.3891463577747345,0.06085363030433655,1.2899999618530273,1.1333069801330566,0.1566929817199707,0.4300000071525574,0.36782217025756836,0.062177836894989014
ffd817ca2f130960,gemver-medium,gemver-medium,lv2:__PARA__L0-1.__PARA__L1-1.__PARA__L2-1.__PARA__L3-1.__PARA__L4-1.__PARA__L5-1.__PARA__L6-64.__PIPE__L0-off.__PIPE__L1-flatten.__PIPE__L3-off.__TILE__L0-1.__TILE__L1-1.__TILE__L3-8,target,support,support,finetune_dataset,data_480.pt,327769.0,gatedgcn_vn,5,50,paper_exact_seed5,2.465588331222534,2.2567617893218994,0.20882654190063477,0.6499999761581421,0.6352418065071106,0.014758169651031494,0.33000001311302185,0.3343309760093689,0.004330962896347046,0.6800000071525574,0.7558678388595581,0.07586783170700073,0.36000001430511475,0.2858998477458954,0.07410016655921936
4e9c06a02e6815a1,gemver-medium,gemver-medium,lv2:__PARA__L0-1.__PARA__L1-1.__PARA__L2-1.__PARA__L3-1.__PARA__L4-1.__PARA__L5-1.__PARA__L6-400.__PIPE__L0-off.__PIPE__L1-flatten.__PIPE__L3-off.__TILE__L0-1.__TILE__L1-1.__TILE__L3-8,target,support,support,finetune_dataset,data_471.pt,254065.0,gatedgcn_vn,5,50,paper_exact_seed5,2.64932918548584,2.618673801422119,0.030655384063720703,1.340000033378601,1.0206654071807861,0.31933462619781494,0.9599999785423279,0.6886169910430908,0.27138298749923706,2.0399999618530273,1.6190428733825684,0.420957088470459,0.30000001192092896,0.34578460454940796,0.045784592628479004
500bee300eb14559,gemver-medium,gemver-medium,lv2:__PARA__L0-1.__PARA__L1-1.__PARA__L2-1.__PARA__L3-1.__PARA__L4-1.__PARA__L5-5.__PARA__L6-2.__PIPE__L0-off.__PIPE__L1-off.__PIPE__L3-off.__TILE__L0-1.__TILE__L1-1.__TILE__L3-1,target,support,support,finetune_dataset,data_599.pt,799164.0,gatedgcn_vn,5,50,paper_exact_seed5,1.82268226146698,1.8246605396270752,0.001978278160095215,0.029999999329447746,-0.004326358437538147,0.03432635962963104,0.009999999776482582,-0.018398016691207886,0.028398016467690468,0.0,-0.105776846408844,0.105776846408844,0.30000001192092896,0.20816642045974731,0.09183359146118164
ec64060c6b189307,trmm-opt,trmm-opt,lv2:__PARA__L0-1.__PARA__L1-10.__PARA__L2-60.__PIPE__L0-off.__PIPE__L1-NA.__TILE__L0-1.__TILE__L1-1,target,support,support,finetune_dataset,data_1081.pt,27747.0,gatedgcn_vn,5,50,paper_exact_seed5,4.246726036071777,4.192258834838867,0.054467201232910156,0.5899999737739563,0.5629462003707886,0.027053773403167725,0.3400000035762787,0.2690165042877197,0.07098349928855896,0.9599999785423279,0.9123324155807495,0.04766756296157837,0.0,0.003820352256298065,0.003820352256298065
44e2027c87eee2df,trmm-opt,trmm-opt,lv2:__PARA__L0-1.__PARA__L1-1.__PARA__L2-32.__PIPE__L0-off.__PIPE__L1-off.__TILE__L0-1.__TILE__L1-1,target,support,support,finetune_dataset,data_1059.pt,1029341.0,gatedgcn_vn,5,50,paper_exact_seed5,1.6401035785675049,2.005305767059326,0.3652021884918213,0.10999999940395355,0.08797748386859894,0.022022515535354614,0.029999999329447746,0.03726032376289368,0.0072603244334459305,0.019999999552965164,0.019268006086349487,0.0007319934666156769,0.009999999776482582,0.012251555919647217,0.0022515561431646347
6b6146a4aac73f5f,trmm-opt,trmm-opt,lv2:__PARA__L0-1.__PARA__L1-20.__PARA__L2-1.__PIPE__L0-off.__PIPE__L1-flatten.__TILE__L0-1.__TILE__L1-4,target,support,support,finetune_dataset,data_1096.pt,25107.0,gatedgcn_vn,5,50,paper_exact_seed5,4.318847179412842,4.2503581047058105,0.06848907470703125,1.159999966621399,1.1155874729156494,0.04441249370574951,0.6800000071525574,0.6197977066040039,0.06020230054855347,1.9199999570846558,1.763797402381897,0.1562025547027588,0.0,0.007346004247665405,0.007346004247665405
d1a0df99d715871c,trmm-opt,trmm-opt,lv2:__PARA__L0-1.__PARA__L1-1.__PARA__L2-4.__PIPE__L0-off.__PIPE__L1-off.__TILE__L0-1.__TILE__L1-80,target,support,support,finetune_dataset,data_1063.pt,553647.0,gatedgcn_vn,5,50,paper_exact_seed5,2.08744478225708,2.038914442062378,0.04853034019470215,0.0,0.011628672480583191,0.011628672480583191,0.0,-0.012175962328910828,0.012175962328910828,0.0,-0.0356130450963974,0.0356130450963974,0.019999999552965164,0.023229829967021942,0.003229830414056778
37e8eb0b00f39883,trmm-opt,trmm-opt,lv2:__PARA__L0-1.__PARA__L1-1.__PARA__L2-1.__PIPE__L0-off.__PIPE__L1-off.__TILE__L0-1.__TILE__L1-1,target,support,support,finetune_dataset,data_1037.pt,1547247.0,gatedgcn_vn,5,50,paper_exact_seed5,1.3461122512817383,1.4759160280227661,0.12980377674102783,0.0,-0.00027288496494293213,0.00027288496494293213,0.0,-0.03669723868370056,0.03669723868370056,0.0,-0.0021583810448646545,0.0021583810448646545,0.019999999552965164,0.01759270578622818,0.0024072937667369843
a84bd82b4adff191,trmm-opt,trmm-opt,lv2:__PARA__L0-1.__PARA__L1-1.__PARA__L2-60.__PIPE__L0-off.__PIPE__L1-off.__TILE__L0-1.__TILE__L1-1,target,support,support,finetune_dataset,data_1072.pt,246747.0,gatedgcn_vn,5,50,paper_exact_seed5,2.6704118251800537,2.3914377689361572,0.2789740562438965,0.10999999940395355,0.14860281348228455,0.038602814078330994,0.029999999329447746,0.05824406445026398,0.02824406512081623,0.009999999776482582,0.06313174962997437,0.05313175171613693,0.009999999776482582,0.010226540267467499,0.0002265404909849167
d0042c5f7d60422e,trmm-opt,trmm-opt,lv2:__PARA__L0-3.__PARA__L1-8.__PARA__L2-1.__PIPE__L0-off.__PIPE__L1-flatten.__TILE__L0-1.__TILE__L1-1,target,support,support,finetune_dataset,data_1128.pt,5627.0,gatedgcn_vn,5,50,paper_exact_seed5,5.3976731300354,5.3393731117248535,0.058300018310546875,1.2200000286102295,1.4057780504226685,0.18577802181243896,5.260000228881836,6.506030559539795,1.246030330657959,2.259999990463257,2.58445405960083,0.32445406913757324,0.009999999776482582,0.007682599127292633,0.002317400649189949
bb209d7362f59f03,trmm-opt,trmm-opt,lv2:__PARA__L0-1.__PARA__L1-1.__PARA__L2-1.__PIPE__L0-off.__PIPE__L1-flatten.__TILE__L0-1.__TILE__L1-80,target,support,support,finetune_dataset,data_1035.pt,28767.0,gatedgcn_vn,5,50,paper_exact_seed5,4.22068452835083,4.187515735626221,0.033168792724609375,0.1599999964237213,0.13503210246562958,0.024967893958091736,0.05999999865889549,0.08035141229629517,0.020351413637399673,0.09000000357627869,0.10091724991798401,0.010917246341705322,0.009999999776482582,0.015358008444309235,0.0053580086678266525
9f7b7b5cedfda7ff,trmm-opt,trmm-opt,lv2:__PARA__L0-1.__PARA__L1-1.__PARA__L2-32.__PIPE__L0-off.__PIPE__L1-off.__TILE__L0-60.__TILE__L1-1,target,support,support,finetune_dataset,data_1061.pt,1029341.0,gatedgcn_vn,5,50,paper_exact_seed5,1.6401035785675049,2.090318441390991,0.45021486282348633,0.10999999940395355,0.07855328917503357,0.03144671022891998,0.029999999329447746,0.05413806438446045,0.024138065055012703,0.019999999552965164,-0.009645909070968628,0.029645908623933792,0.009999999776482582,0.003343045711517334,0.006656954064965248
75e9f653022501f1,trmm-opt,trmm-opt,lv2:__PARA__L0-4.__PARA__L1-16.__PARA__L2-1.__PIPE__L0-off.__PIPE__L1-flatten.__TILE__L0-1.__TILE__L1-1,target,support,support,finetune_dataset,data_1130.pt,3105.0,gatedgcn_vn,5,50,paper_exact_seed5,5.826559543609619,5.791982173919678,0.034577369689941406,3.130000114440918,3.2826409339904785,0.15264081954956055,14.84000015258789,14.867105484008789,0.027105331420898438,5.989999771118164,6.173361778259277,0.18336200714111328,0.009999999776482582,0.014870651066303253,0.004870651289820671
f278c9e062916ff7,trmm-opt,trmm-opt,lv2:__PARA__L0-1.__PARA__L1-2.__PARA__L2-60.__PIPE__L0-off.__PIPE__L1-off.__TILE__L0-60.__TILE__L1-1,target,support,support,finetune_dataset,data_1094.pt,29669.0,gatedgcn_vn,5,50,paper_exact_seed5,4.198413848876953,4.209769248962402,0.011355400085449219,0.20999999344348907,0.1714288294315338,0.03857116401195526,0.09000000357627869,0.06159833073616028,0.028401672840118408,0.1899999976158142,0.10612565279006958,0.08387434482574463,0.009999999776482582,0.0042560771107673645,0.005743922665715218
e12a98cc7abed702,trmm-opt,trmm-opt,lv2:__PARA__L0-1.__PARA__L1-1.__PARA__L2-1.__PIPE__L0-off.__PIPE__L1-flatten.__TILE__L0-60.__TILE__L1-1,target,support,support,finetune_dataset,data_1036.pt,28767.0,gatedgcn_vn,5,50,paper_exact_seed5,4.22068452835083,4.368009567260742,0.1473250389099121,0.1599999964237213,0.141790971159935,0.018209025263786316,0.05999999865889549,0.084408238530159,0.024408239871263504,0.09000000357627869,0.10312971472740173,0.013129711151123047,0.009999999776482582,0.008812405169010162,0.0011875946074724197
b2b5817237c5da37,trmm-opt,trmm-opt,lv2:__PARA__L0-1.__PARA__L1-1.__PARA__L2-16.__PIPE__L0-off.__PIPE__L1-off.__TILE__L0-1.__TILE__L1-80,target,support,support,finetune_dataset,data_1049.pt,654701.0,gatedgcn_vn,5,50,paper_exact_seed5,1.9665100574493408,2.109433650970459,0.14292359352111816,0.029999999329447746,0.02888372540473938,0.0011162739247083664,0.009999999776482582,-0.013105601072311401,0.023105600848793983,0.009999999776482582,-0.01453641802072525,0.024536417797207832,0.03999999910593033,0.02423401176929474,0.01576598733663559
79e57f3206588e67,trmm-opt,trmm-opt,lv2:__PARA__L0-1.__PARA__L1-10.__PARA__L2-60.__PIPE__L0-off.__PIPE__L1-NA.__TILE__L0-1.__TILE__L1-8,target,support,support,finetune_dataset,data_1082.pt,27747.0,gatedgcn_vn,5,50,paper_exact_seed5,4.246726036071777,4.072907447814941,0.17381858825683594,0.5899999737739563,0.5437211394309998,0.04627883434295654,0.3400000035762787,0.2712770998477936,0.06872290372848511,0.9599999785423279,0.8713492155075073,0.08865076303482056,0.0,0.009566254913806915,0.009566254913806915
598c17562c1a5283,trmm-opt,trmm-opt,lv2:__PARA__L0-1.__PARA__L1-8.__PARA__L2-60.__PIPE__L0-off.__PIPE__L1-off.__TILE__L0-1.__TILE__L1-1,target,support,support,finetune_dataset,data_1114.pt,24567.0,gatedgcn_vn,5,50,paper_exact_seed5,4.334531307220459,4.215561389923096,0.11896991729736328,0.4699999988079071,0.5055122375488281,0.03551223874092102,0.2800000011920929,0.24237903952598572,0.03762096166610718,0.7599999904632568,0.7911592721939087,0.031159281730651855,0.009999999776482582,0.0017928555607795715,0.00820714421570301
5a13180d9acfa19b,trmm-opt,trmm-opt,lv2:__PARA__L0-2.__PARA__L1-4.__PARA__L2-1.__PIPE__L0-off.__PIPE__L1-flatten.__TILE__L0-1.__TILE__L1-1,target,support,support,finetune_dataset,data_1121.pt,4480.0,gatedgcn_vn,5,50,paper_exact_seed5,5.562106609344482,5.380391597747803,0.1817150115966797,0.5299999713897705,0.4984261989593506,0.03157377243041992,2.6500000953674316,2.4640464782714844,0.18595361709594727,0.7599999904632568,0.7747454643249512,0.014745473861694336,0.009999999776482582,0.011172465980052948,0.001172466203570366
a4c8a2990a734281,trmm-opt,trmm-opt,lv2:__PARA__L0-1.__PARA__L1-1.__PARA__L2-20.__PIPE__L0-off.__PIPE__L1-off.__TILE__L0-60.__TILE__L1-1,target,support,support,finetune_dataset,data_1053.pt,313647.0,gatedgcn_vn,5,50,paper_exact_seed5,2.497357130050659,2.0192439556121826,0.47811317443847656,0.03999999910593033,0.03628958761692047,0.003710411489009857,0.009999999776482582,0.018867671489715576,0.008867671713232994,0.0,-0.02064572274684906,0.02064572274684906,0.009999999776482582,0.011072888970375061,0.001072889193892479
7bd4fa45a98f9195,trmm-opt,trmm-opt,lv2:__PARA__L0-1.__PARA__L1-10.__PARA__L2-1.__PIPE__L0-off.__PIPE__L1-flatten.__TILE__L0-1.__TILE__L1-8,target,support,support,finetune_dataset,data_1079.pt,27747.0,gatedgcn_vn,5,50,paper_exact_seed5,4.246726036071777,4.126444339752197,0.12028169631958008,0.5899999737739563,0.5296381711959839,0.06036180257797241,0.3400000035762787,0.15148359537124634,0.18851640820503235,0.9599999785423279,0.8438898324966431,0.11611014604568481,0.0,0.02308400720357895,0.02308400720357895
e0526172df1e7cf7,trmm-opt,trmm-opt,lv2:__PARA__L0-1.__PARA__L1-1.__PARA__L2-60.__PIPE__L0-off.__PIPE__L1-NA.__TILE__L0-60.__TILE__L1-1,target,support,support,finetune_dataset,data_1071.pt,9387.0,gatedgcn_vn,5,50,paper_exact_seed5,5.028523921966553,5.139662742614746,0.11113882064819336,0.1599999964237213,0.1641855388879776,0.004185542464256287,0.05999999865889549,0.06924926489591599,0.009249266237020493,0.09000000357627869,0.09655070304870605,0.006550699472427368,0.009999999776482582,-0.003870151937007904,0.013870151713490486
03a12bc30dd2e935,trmm-opt,trmm-opt,lv2:__PARA__L0-1.__PARA__L1-16.__PARA__L2-60.__PIPE__L0-off.__PIPE__L1-off.__TILE__L0-1.__TILE__L1-1,target,support,support,finetune_dataset,data_1088.pt,24267.0,gatedgcn_vn,5,50,paper_exact_seed5,4.3433942794799805,4.38491678237915,0.04152250289916992,0.9399999976158142,1.0107263326644897,0.07072633504867554,0.550000011920929,0.5749691724777222,0.024969160556793213,1.5299999713897705,1.6473610401153564,0.11736106872558594,0.009999999776482582,-0.009627364575862885,0.019627364352345467
935f051a2bb8fa64,trmm-opt,trmm-opt,lv2:__PARA__L0-1.__PARA__L1-1.__PARA__L2-6.__PIPE__L0-off.__PIPE__L1-off.__TILE__L0-1.__TILE__L1-1,target,support,support,finetune_dataset,data_1067.pt,428847.0,gatedgcn_vn,5,50,paper_exact_seed5,2.2716965675354004,2.329127788543701,0.05743122100830078,0.009999999776482582,0.043734222650527954,0.03373422473669052,0.0,0.025364503264427185,0.025364503264427185,0.0,0.028948873281478882,0.028948873281478882,0.029999999329447746,0.03381221741437912,0.0038122180849313736
769d7187345c5d7c,trmm-opt,trmm-opt,lv2:__PARA__L0-1.__PARA__L1-16.__PARA__L2-1.__PIPE__L0-off.__PIPE__L1-flatten.__TILE__L0-1.__TILE__L1-1,target,support,support,finetune_dataset,data_1085.pt,24267.0,gatedgcn_vn,5,50,paper_exact_seed5,4.3433942794799805,4.311366558074951,0.0320277214050293,0.9399999976158142,0.8669255375862122,0.07307446002960205,0.550000011920929,0.40254926681518555,0.1474507451057434,1.5299999713897705,1.4547398090362549,0.07526016235351562,0.009999999776482582,0.0032333657145500183,0.006766634061932564
e8704854c86a857c,trmm-opt,trmm-opt,lv2:__PARA__L0-1.__PARA__L1-4.__PARA__L2-60.__PIPE__L0-off.__PIPE__L1-off.__TILE__L0-1.__TILE__L1-1,target,support,support,finetune_dataset,data_1105.pt,26069.0,gatedgcn_vn,5,50,paper_exact_seed5,4.291724681854248,4.385265350341797,0.09354066848754883,0.30000001192092896,0.27058079838752747,0.02941921353340149,0.15000000596046448,0.16517174243927002,0.015171736478805542,0.3799999952316284,0.4104155898094177,0.030415594577789307,0.009999999776482582,0.00242692232131958,0.007573077455163002
0ad3de1578edcf04,trmm-opt,trmm-opt,lv2:__PARA__L0-1.__PARA__L1-10.__PARA__L2-1.__PIPE__L0-off.__PIPE__L1-flatten.__TILE__L0-60.__TILE__L1-1,target,support,support,finetune_dataset,data_1080.pt,27747.0,gatedgcn_vn,5,50,paper_exact_seed5,4.246726036071777,4.342706203460693,0.09598016738891602,0.5899999737739563,0.5811423659324646,0.0088576078414917,0.3400000035762787,0.21463283896446228,0.1253671646118164,0.9599999785423279,0.891522228717804,0.06847774982452393,0.0,0.011855177581310272,0.011855177581310272
c5a641a415702654,trmm-opt,trmm-opt,lv2:__PARA__L0-1.__PARA__L1-1.__PARA__L2-60.__PIPE__L0-off.__PIPE__L1-NA.__TILE__L0-1.__TILE__L1-80,target,support,support,finetune_dataset,data_1070.pt,9387.0,gatedgcn_vn,5,50,paper_exact_seed5,5.028523921966553,4.9659104347229,0.06261348724365234,0.1599999964237213,0.18000182509422302,0.02000182867050171,0.05999999865889549,0.05642905831336975,0.0035709403455257416,0.09000000357627869,0.06293681263923645,0.027063190937042236,0.009999999776482582,0.020368076860904694,0.010368077084422112
4fed56ed046aca2f,trmm-opt,trmm-opt,lv2:__PARA__L0-1.__PARA__L1-20.__PARA__L2-60.__PIPE__L0-off.__PIPE__L1-NA.__TILE__L0-1.__TILE__L1-1,target,support,support,finetune_dataset,data_1098.pt,25107.0,gatedgcn_vn,5,50,paper_exact_seed5,4.318847179412842,4.236836910247803,0.08201026916503906,1.159999966621399,1.1424846649169922,0.01751530170440674,0.6800000071525574,0.6538587808609009,0.026141226291656494,1.9199999570846558,1.863616943359375,0.05638301372528076,0.0,0.005474008619785309,0.005474008619785309
074212ad079c0aac,trmm-opt,trmm-opt,lv2:__PARA__L0-1.__PARA__L1-1.__PARA__L2-1.__PIPE__L0-off.__PIPE__L1-off.__TILE__L0-1.__TILE__L1-80,target,support,support,finetune_dataset,data_1038.pt,1547247.0,gatedgcn_vn,5,50,paper_exact_seed5,1.3461122512817383,1.4583854675292969,0.1122732162475586,0.0,-0.022792309522628784,0.022792309522628784,0.0,-0.047429680824279785,0.047429680824279785,0.0,-0.030031010508537292,0.030031010508537292,0.019999999552965164,0.009594157338142395,0.01040584221482277
2e61c83e12f5164c,trmm-opt,trmm-opt,lv2:__PARA__L0-2.__PARA__L1-20.__PARA__L2-1.__PIPE__L0-off.__PIPE__L1-flatten.__TILE__L0-1.__TILE__L1-1,target,support,support,finetune_dataset,data_1120.pt,3998.0,gatedgcn_vn,5,50,paper_exact_seed5,5.644217014312744,5.660424709320068,0.01620769500732422,2.119999885559082,2.2419278621673584,0.12192797660827637,7.260000228881836,7.954780101776123,0.6947798728942871,3.799999952316284,3.953216075897217,0.15321612358093262,0.0,0.0008423030376434326,0.0008423030376434326
7d8b6b4e1afa7428,trmm-opt,trmm-opt,lv2:__PARA__L0-1.__PARA__L1-16.__PARA__L2-60.__PIPE__L0-off.__PIPE__L1-NA.__TILE__L0-1.__TILE__L1-1,target,support,support,finetune_dataset,data_1087.pt,24267.0,gatedgcn_vn,5,50,paper_exact_seed5,4.3433942794799805,4.23928165435791,0.10411262512207031,0.9399999976158142,1.001989483833313,0.06198948621749878,0.550000011920929,0.5841245651245117,0.034124553203582764,1.5299999713897705,1.6571258306503296,0.12712585926055908,0.009999999776482582,0.002483166754245758,0.007516833022236824
56b873dc6e449cf7,trmm-opt,trmm-opt,lv2:__PARA__L0-1.__PARA__L1-1.__PARA__L2-16.__PIPE__L0-off.__PIPE__L1-off.__TILE__L0-60.__TILE__L1-1,target,support,support,finetune_dataset,data_1050.pt,654701.0,gatedgcn_vn,5,50,paper_exact_seed5,1.9665100574493408,2.0618090629577637,0.09529900550842285,0.029999999329447746,0.02818414568901062,0.0018158536404371262,0.009999999776482582,0.00827944278717041,0.001720556989312172,0.009999999776482582,-0.013033360242843628,0.02303336001932621,0.03999999910593033,0.014943316578865051,0.025056682527065277
f7a465d16bffa9ba,trmm-opt,trmm-opt,lv2:__PARA__L0-3.__PARA__L1-2.__PARA__L2-1.__PIPE__L0-off.__PIPE__L1-flatten.__TILE__L0-1.__TILE__L1-1,target,support,support,finetune_dataset,data_1126.pt,8028.0,gatedgcn_vn,5,50,paper_exact_seed5,5.141335964202881,5.152315616607666,0.010979652404785156,0.41999998688697815,0.5051665902137756,0.08516660332679749,4.699999809265137,4.8651041984558105,0.16510438919067383,0.5600000023841858,0.7034443616867065,0.14344435930252075,0.009999999776482582,0.02421807497739792,0.014218075200915337
1747dfcaa081a2a5,trmm-opt,trmm-opt,lv2:__PARA__L0-1.__PARA__L1-1.__PARA__L2-4.__PIPE__L0-off.__PIPE__L1-off.__TILE__L0-1.__TILE__L1-1,target,support,support,finetune_dataset,data_1062.pt,553647.0,gatedgcn_vn,5,50,paper_exact_seed5,2.08744478225708,2.0159552097320557,0.07148957252502441,0.0,0.042392194271087646,0.042392194271087646,0.0,-0.002166241407394409,0.002166241407394409,0.0,0.00020573288202285767,0.00020573288202285767,0.019999999552965164,0.03300568461418152,0.013005685061216354
9554926e4c2b5677,trmm-opt,trmm-opt,lv2:__PARA__L0-1.__PARA__L1-1.__PARA__L2-60.__PIPE__L0-off.__PIPE__L1-off.__TILE__L0-1.__TILE__L1-80,target,support,support,finetune_dataset,data_1073.pt,246747.0,gatedgcn_vn,5,50,paper_exact_seed5,2.6704118251800537,2.309333562850952,0.36107826232910156,0.10999999940395355,0.11043041944503784,0.00043042004108428955,0.029999999329447746,0.04300545156002045,0.0130054522305727,0.009999999776482582,-0.030913978815078735,0.04091397672891617,0.009999999776482582,0.013393215835094452,0.00339321605861187
012450940dcf011f,trmm-opt,trmm-opt,lv2:__PARA__L0-10.__PARA__L1-8.__PARA__L2-1.__PIPE__L0-off.__PIPE__L1-flatten.__TILE__L0-1.__TILE__L1-1,target,support,support,finetune_dataset,data_1115.pt,5403.0,gatedgcn_vn,5,50,paper_exact_seed5,5.426975727081299,5.38358211517334,0.043393611907958984,3.549999952316284,3.6160690784454346,0.06606912612915039,16.1299991607666,16.319849014282227,0.189849853515625,7.099999904632568,7.007177829742432,0.09282207489013672,0.0,0.002836264669895172,0.002836264669895172
f40ab226ef938ff6,trmm-opt,trmm-opt,lv2:__PARA__L0-1.__PARA__L1-20.__PARA__L2-60.__PIPE__L0-off.__PIPE__L1-off.__TILE__L0-1.__TILE__L1-1,target,support,support,finetune_dataset,data_1100.pt,25107.0,gatedgcn_vn,5,50,paper_exact_seed5,4.318847179412842,4.40079927444458,0.08195209503173828,1.159999966621399,1.1145687103271484,0.04543125629425049,0.6800000071525574,0.5997599363327026,0.08024007081985474,1.9199999570846558,1.8287222385406494,0.09127771854400635,0.0,-0.015442661941051483,0.015442661941051483
d3f2f466ee008af5,trmm-opt,trmm-opt,lv2:__PARA__L0-1.__PARA__L1-2.__PARA__L2-60.__PIPE__L0-off.__PIPE__L1-NA.__TILE__L0-1.__TILE__L1-1,target,support,support,finetune_dataset,data_1091.pt,29669.0,gatedgcn_vn,5,50,paper_exact_seed5,4.198413848876953,4.478776454925537,0.280362606048584,0.20999999344348907,0.16997210681438446,0.040027886629104614,0.09000000357627869,0.10288206487894058,0.012882061302661896,0.1899999976158142,0.15654827654361725,0.03345172107219696,0.009999999776482582,-0.004167772829532623,0.014167772606015205
6bc065582b0ca9d2,trmm-opt,trmm-opt,lv2:__PARA__L0-1.__PARA__L1-1.__PARA__L2-6.__PIPE__L0-off.__PIPE__L1-off.__TILE__L0-1.__TILE__L1-80,target,support,support,finetune_dataset,data_1068.pt,428847.0,gatedgcn_vn,5,50,paper_exact_seed5,2.2716965675354004,2.3407881259918213,0.0690915584564209,0.009999999776482582,0.022360369563102722,0.01236036978662014,0.0,0.021315857768058777,0.021315857768058777,0.0,0.01960933953523636,0.01960933953523636,0.029999999329447746,0.040655188262462616,0.01065518893301487
98a61e0d484cdec1,trmm-opt,trmm-opt,lv2:__PARA__L0-1.__PARA__L1-1.__PARA__L2-10.__PIPE__L0-off.__PIPE__L1-off.__TILE__L0-1.__TILE__L1-80,target,support,support,finetune_dataset,data_1040.pt,366447.0,gatedgcn_vn,5,50,paper_exact_seed5,2.3851258754730225,2.297663688659668,0.08746218681335449,0.009999999776482582,0.03103719651699066,0.02103719674050808,0.0,0.016788572072982788,0.016788572072982788,0.0,0.009928412735462189,0.009928412735462189,0.05000000074505806,0.03336886316537857,0.01663113757967949
db2407ae49482c94,trmm-opt,trmm-opt,lv2:__PARA__L0-1.__PARA__L1-10.__PARA__L2-60.__PIPE__L0-off.__PIPE__L1-off.__TILE__L0-1.__TILE__L1-8,target,support,support,finetune_dataset,data_1084.pt,27747.0,gatedgcn_vn,5,50,paper_exact_seed5,4.246726036071777,4.19202995300293,0.054696083068847656,0.5899999737739563,0.6104692220687866,0.020469248294830322,0.3400000035762787,0.3330511152744293,0.006948888301849365,0.9599999785423279,0.9900480508804321,0.030048072338104248,0.0,0.000954359769821167,0.000954359769821167
236b6e7ccd6fd621,trmm-opt,trmm-opt,lv2:__PARA__L0-1.__PARA__L1-20.__PARA__L2-60.__PIPE__L0-off.__PIPE__L1-off.__TILE__L0-1.__TILE__L1-4,target,support,support,finetune_dataset,data_1101.pt,25107.0,gatedgcn_vn,5,50,paper_exact_seed5,4.318847179412842,4.374669551849365,0.05582237243652344,1.159999966621399,1.1155797243118286,0.04442024230957031,0.6800000071525574,0.617405116558075,0.06259489059448242,1.9199999570846558,1.818669319152832,0.10133063793182373,0.0,-0.014943800866603851,0.014943800866603851
4e627ce0f3961f96,trmm-opt,trmm-opt,lv2:__PARA__L0-3.__PARA__L1-10.__PARA__L2-1.__PIPE__L0-off.__PIPE__L1-flatten.__TILE__L0-1.__TILE__L1-1,target,support,support,finetune_dataset,data_1124.pt,7387.0,gatedgcn_vn,5,50,paper_exact_seed5,5.201362133026123,5.317205905914307,0.1158437728881836,1.5199999809265137,1.6564373970031738,0.13643741607666016,6.570000171661377,7.422247409820557,0.8522472381591797,2.8299999237060547,3.1774489879608154,0.34744906425476074,0.0,0.009813182055950165,0.009813182055950165
f8679f7ce3046dcc,trmm-opt,trmm-opt,lv2:__PARA__L0-1.__PARA__L1-20.__PARA__L2-1.__PIPE__L0-off.__PIPE__L1-flatten.__TILE__L0-1.__TILE__L1-1,target,support,support,finetune_dataset,data_1095.pt,25107.0,gatedgcn_vn,5,50,paper_exact_seed5,4.318847179412842,4.301334381103516,0.017512798309326172,1.159999966621399,1.0788601636886597,0.08113980293273926,0.6800000071525574,0.605852484703064,0.07414752244949341,1.9199999570846558,1.7655435800552368,0.15445637702941895,0.0,0.002263695001602173,0.002263695001602173
a77626f013493590,trmm-opt,trmm-opt,lv2:__PARA__L0-1.__PARA__L1-1.__PARA__L2-30.__PIPE__L0-off.__PIPE__L1-off.__TILE__L0-1.__TILE__L1-1,target,support,support,finetune_dataset,data_1056.pt,284847.0,gatedgcn_vn,5,50,paper_exact_seed5,2.5668344497680664,2.0206220149993896,0.5462124347686768,0.10000000149011612,0.08522024750709534,0.014779753983020782,0.03999999910593033,0.028944194316864014,0.011055804789066315,0.009999999776482582,0.015343621373176575,0.005343621596693993,0.009999999776482582,0.01344781368970871,0.0034478139132261276
7316fec737d23540,trmm-opt,trmm-opt,lv2:__PARA__L0-1.__PARA__L1-20.__PARA__L2-60.__PIPE__L0-off.__PIPE__L1-NA.__TILE__L0-1.__TILE__L1-4,target,support,support,finetune_dataset,data_1099.pt,25107.0,gatedgcn_vn,5,50,paper_exact_seed5,4.318847179412842,4.225427150726318,0.09342002868652344,1.159999966621399,1.1473199129104614,0.0126800537109375,0.6800000071525574,0.6322193145751953,0.04778069257736206,1.9199999570846558,1.8752552270889282,0.04474472999572754,0.0,0.004566915333271027,0.004566915333271027
1bb5841ebfe22d73,trmm-opt,trmm-opt,lv2:__PARA__L0-1.__PARA__L1-1.__PARA__L2-8.__PIPE__L0-off.__PIPE__L1-off.__TILE__L0-60.__TILE__L1-1,target,support,support,finetune_dataset,data_1077.pt,496301.0,gatedgcn_vn,5,50,paper_exact_seed5,2.166320323944092,2.188755512237549,0.02243518829345703,0.009999999776482582,0.02091747522354126,0.010917475447058678,0.0,0.01347699761390686,0.01347699761390686,0.0,0.010213993489742279,0.010213993489742279,0.03999999910593033,0.026721708476543427,0.013278290629386902
fc3ebd766d4cb70f,trmm-opt,trmm-opt,lv2:__PARA__L0-1.__PARA__L1-5.__PARA__L2-60.__PIPE__L0-off.__PIPE__L1-NA.__TILE__L0-1.__TILE__L1-1,target,support,support,finetune_dataset,data_1109.pt,33032.0,gatedgcn_vn,5,50,paper_exact_seed5,4.120959758758545,4.0395684242248535,0.0813913345336914,0.30000001192092896,0.2511752247810364,0.04882478713989258,0.17000000178813934,0.13204450905323029,0.03795549273490906,0.47999998927116394,0.32591551542282104,0.1540844738483429,0.009999999776482582,0.011380106210708618,0.001380106434226036
af60c08335618b2a,trmm-opt,trmm-opt,lv2:__PARA__L0-2.__PARA__L1-8.__PARA__L2-1.__PIPE__L0-off.__PIPE__L1-flatten.__TILE__L0-1.__TILE__L1-1,target,support,support,finetune_dataset,data_1123.pt,3578.0,gatedgcn_vn,5,50,paper_exact_seed5,5.724279403686523,5.437359809875488,0.28691959381103516,0.8799999952316284,0.8357660174369812,0.04423397779464722,2.9100000858306885,2.8515267372131348,0.05847334861755371,1.5199999809265137,1.3983489274978638,0.1216510534286499,0.009999999776482582,0.005294047296047211,0.004705952480435371
fea06b686af69e52,trmm-opt,trmm-opt,lv2:__PARA__L0-1.__PARA__L1-2.__PARA__L2-1.__PIPE__L0-off.__PIPE__L1-flatten.__TILE__L0-60.__TILE__L1-1,target,support,support,finetune_dataset,data_1090.pt,29669.0,gatedgcn_vn,5,50,paper_exact_seed5,4.198413848876953,4.298410892486572,0.09999704360961914,0.20999999344348907,0.23348021507263184,0.02348022162914276,0.09000000357627869,0.11435601860284805,0.024356015026569366,0.1899999976158142,0.1898794174194336,0.00012058019638061523,0.009999999776482582,0.017995744943618774,0.007995745167136192
0a794b6a50ac753a,trmm-opt,trmm-opt,lv2:__PARA__L0-2.__PARA__L1-5.__PARA__L2-1.__PIPE__L0-off.__PIPE__L1-flatten.__TILE__L0-1.__TILE__L1-1,target,support,support,finetune_dataset,data_1122.pt,10962.0,gatedgcn_vn,5,50,paper_exact_seed5,4.9166364669799805,5.394161701202393,0.4775252342224121,0.5699999928474426,0.6084524393081665,0.03845244646072388,1.8200000524520874,2.5467851161956787,0.7267850637435913,0.949999988079071,0.9399794936180115,0.01002049446105957,0.009999999776482582,0.015765801072120667,0.005765801295638084
6e0a0a1e679ea7de,trmm-opt,trmm-opt,lv2:__PARA__L0-1.__PARA__L1-1.__PARA__L2-60.__PIPE__L0-off.__PIPE__L1-NA.__TILE__L0-1.__TILE__L1-1,target,support,support,finetune_dataset,data_1069.pt,9387.0,gatedgcn_vn,5,50,paper_exact_seed5,5.028523921966553,4.801819801330566,0.22670412063598633,0.1599999964237213,0.15279227495193481,0.007207721471786499,0.05999999865889549,0.07649210095405579,0.016492102295160294,0.09000000357627869,0.08282661437988281,0.007173389196395874,0.009999999776482582,-0.009853638708591461,0.019853638485074043
bbb1ef8016aae2eb,fdtd-2d-large,fdtd-2d-large,lv2:__PARA__L0-1.__PARA__L1-1.__PARA__L2-1.__PARA__L3-1.__PARA__L4-1.__PARA__L5-1.__PARA__L6-1.__PARA__L7-1.__PIPE__L0-off.__PIPE__L2-flatten.__PIPE__L3-flatten.__PIPE__L4-off.__TILE__L0-1.__TILE__L2-1.__TILE__L3-1.__TILE__L4-1,target,support,support,finetune_dataset,data_1.pt,4847946.0,gatedgcn_vn,5,50,paper_exact_seed5,0.5222772359848022,0.5012384653091431,0.02103877067565918,0.6499999761581421,0.8156140446662903,0.1656140685081482,0.3799999952316284,0.4756661355495453,0.09566614031791687,0.49000000953674316,0.6291258931159973,0.13912588357925415,0.4699999988079071,0.5517489314079285,0.08174893260002136
d26ee52b22ad5721,fdtd-2d-large,fdtd-2d-large,lv2:__PARA__L0-1.__PARA__L1-32.__PARA__L2-1.__PARA__L3-2.__PARA__L4-1.__PARA__L5-1.__PARA__L6-1.__PARA__L7-4.__PIPE__L0-off.__PIPE__L2-flatten.__PIPE__L3-flatten.__PIPE__L4-off.__TILE__L0-1.__TILE__L2-1.__TILE__L3-1.__TILE__L4-1,target,support,support,finetune_dataset,data_68.pt,3476933.0,gatedgcn_vn,5,50,paper_exact_seed5,0.7620564103126526,0.6810992360115051,0.08095717430114746,1.0499999523162842,0.9410403370857239,0.1089596152305603,0.6800000071525574,0.4825889766216278,0.19741103053092957,0.9700000286102295,0.7394938468933105,0.23050618171691895,0.6899999976158142,0.6191039681434631,0.07089602947235107
10e42364ec89ca1c,fdtd-2d-large,fdtd-2d-large,lv2:__PARA__L0-1.__PARA__L1-2.__PARA__L2-1.__PARA__L3-1.__PARA__L4-199.__PARA__L5-8.__PARA__L6-32.__PARA__L7-32.__PIPE__L0-off.__PIPE__L2-off.__PIPE__L3-off.__PIPE__L4-off.__TILE__L0-1.__TILE__L2-1.__TILE__L3-1.__TILE__L4-1,target,support,support,finetune_dataset,data_60.pt,96495104.0,gatedgcn_vn,5,50,paper_exact_seed5,-1.635227918624878,-1.6082000732421875,0.02702784538269043,0.10999999940395355,0.07923609018325806,0.030763909220695496,0.05000000074505806,0.043500617146492004,0.006499383598566055,0.05000000074505806,0.014756649732589722,0.03524335101246834,0.3199999928474426,0.2925345301628113,0.027465462684631348
b5bf249116119d74,fdtd-2d-large,fdtd-2d-large,lv2:__PARA__L0-1.__PARA__L1-1.__PARA__L2-1.__PARA__L3-1.__PARA__L4-199.__PARA__L5-1.__PARA__L6-1.__PARA__L7-4.__PIPE__L0-off.__PIPE__L2-flatten.__PIPE__L3-flatten.__PIPE__L4-off.__TILE__L0-1.__TILE__L2-1.__TILE__L3-1.__TILE__L4-1,target,support,support,finetune_dataset,data_38.pt,91745408.0,gatedgcn_vn,5,50,paper_exact_seed5,-1.5988179445266724,-1.5495266914367676,0.049291253089904785,0.6100000143051147,0.6925158500671387,0.08251583576202393,0.38999998569488525,0.449672132730484,0.059672147035598755,0.49000000953674316,0.6221266984939575,0.13212668895721436,0.8600000143051147,0.7873176336288452,0.07268238067626953
83bbe692e3ff9ba5,fdtd-2d-large,fdtd-2d-large,lv2:__PARA__L0-1.__PARA__L1-16.__PARA__L2-199.__PARA__L3-1.__PARA__L4-1.__PARA__L5-8.__PARA__L6-32.__PARA__L7-1.__PIPE__L0-off.__PIPE__L2-off.__PIPE__L3-off.__PIPE__L4-flatten.__TILE__L0-100.__TILE__L2-1.__TILE__L3-1.__TILE__L4-1,target,support,support,finetune_dataset,data_55.pt,2471843.0,gatedgcn_vn,5,50,paper_exact_seed5,1.008170485496521,0.8847239017486572,0.12344658374786377,0.8600000143051147,0.7172899842262268,0.14271003007888794,0.4300000071525574,0.3946227431297302,0.03537726402282715,0.699999988079071,0.6444567441940308,0.05554324388504028,0.6399999856948853,0.6737995147705078,0.03379952907562256
af4e468b828ee9a8,fdtd-2d-large,fdtd-2d-large,lv2:__PARA__L0-1.__PARA__L1-16.__PARA__L2-1.__PARA__L3-1.__PARA__L4-199.__PARA__L5-8.__PARA__L6-32.__PARA__L7-32.__PIPE__L0-off.__PIPE__L2-off.__PIPE__L3-off.__PIPE__L4-off.__TILE__L0-1.__TILE__L2-1.__TILE__L3-1.__TILE__L4-1,target,support,support,finetune_dataset,data_50.pt,96495104.0,gatedgcn_vn,5,50,paper_exact_seed5,-1.635227918624878,-1.5909733772277832,0.04425454139709473,0.10999999940395355,0.06048820912837982,0.04951179027557373,0.05000000074505806,0.018797457218170166,0.031202543526887894,0.05000000074505806,-0.01871347427368164,0.0687134712934494,0.3199999928474426,0.3178713321685791,0.0021286606788635254
be03f71def4c9e25,fdtd-2d-large,fdtd-2d-large,lv2:__PARA__L0-1.__PARA__L1-16.__PARA__L2-199.__PARA__L3-1.__PARA__L4-1.__PARA__L5-8.__PARA__L6-32.__PARA__L7-1.__PIPE__L0-off.__PIPE__L2-off.__PIPE__L3-off.__PIPE__L4-flatten.__TILE__L0-1.__TILE__L2-1.__TILE__L3-1.__TILE__L4-199,target,support,support,finetune_dataset,data_54.pt,2471843.0,gatedgcn_vn,5,50,paper_exact_seed5,1.008170485496521,1.0303431749343872,0.02217268943786621,0.8600000143051147,0.8524177670478821,0.007582247257232666,0.4300000071525574,0.40254145860671997,0.027458548545837402,0.699999988079071,0.6793649792671204,0.020635008811950684,0.6399999856948853,0.6805843710899353,0.04058438539505005
4fcdf621f3a5c105,fdtd-2d-large,fdtd-2d-large,lv2:__PARA__L0-1.__PARA__L1-32.__PARA__L2-1.__PARA__L3-1.__PARA__L4-1.__PARA__L5-1.__PARA__L6-1.__PARA__L7-1.__PIPE__L0-off.__PIPE__L2-flatten.__PIPE__L3-flatten.__PIPE__L4-flatten.__TILE__L0-1.__TILE__L2-1.__TILE__L3-1.__TILE__L4-1,target,support,support,finetune_dataset,data_61.pt,87033.0,gatedgcn_vn,5,50,paper_exact_seed5,3.4221107959747314,3.5105433464050293,0.08843255043029785,0.9900000095367432,1.039618968963623,0.04961895942687988,0.5299999713897705,0.5900833010673523,0.06008332967758179,0.699999988079071,0.7602899074554443,0.06028991937637329,0.5799999833106995,0.6261866688728333,0.04618668556213379
bc4602e977af8b26,fdtd-2d-large,fdtd-2d-large,lv2:__PARA__L0-1.__PARA__L1-1.__PARA__L2-1.__PARA__L3-1.__PARA__L4-1.__PARA__L5-1.__PARA__L6-1.__PARA__L7-32.__PIPE__L0-off.__PIPE__L2-flatten.__PIPE__L3-flatten.__PIPE__L4-off.__TILE__L0-1.__TILE__L2-1.__TILE__L3-1.__TILE__L4-1,target,support,support,finetune_dataset,data_10.pt,9161446.0,gatedgcn_vn,5,50,paper_exact_seed5,0.06317638605833054,0.1600344479084015,0.09685806185007095,0.6600000262260437,0.6293543577194214,0.030645668506622314,0.41999998688697815,0.3659786283969879,0.054021358489990234,0.49000000953674316,0.5019391179084778,0.01193910837173462,0.5799999833106995,0.5660291314125061,0.01397085189819336
e4bb24edea4453bc,fdtd-2d-large,fdtd-2d-large,lv2:__PARA__L0-1.__PARA__L1-16.__PARA__L2-1.__PARA__L3-1.__PARA__L4-1.__PARA__L5-8.__PARA__L6-32.__PARA__L7-32.__PIPE__L0-off.__PIPE__L2-off.__PIPE__L3-off.__PIPE__L4-off.__TILE__L0-1.__TILE__L2-199.__TILE__L3-1.__TILE__L4-199,target,support,support,finetune_dataset,data_46.pt,10068645.0,gatedgcn_vn,5,50,paper_exact_seed5,-0.004934771917760372,-0.15368065237998962,0.14874587953090668,0.15000000596046448,0.1057363897562027,0.04426361620426178,0.05999999865889549,0.0676276907324791,0.007627692073583603,0.09000000357627869,0.13279582560062408,0.0427958220243454,0.14000000059604645,0.13960818946361542,0.0003918111324310303
7342717a39f30c3d,fdtd-2d-large,fdtd-2d-large,lv2:__PARA__L0-1.__PARA__L1-1.__PARA__L2-1.__PARA__L3-1.__PARA__L4-1.__PARA__L5-2.__PARA__L6-1.__PARA__L7-1.__PIPE__L0-off.__PIPE__L2-off.__PIPE__L3-flatten.__PIPE__L4-off.__TILE__L0-1.__TILE__L2-1.__TILE__L3-1.__TILE__L4-1,target,support,support,finetune_dataset,data_20.pt,7216078.0,gatedgcn_vn,5,50,paper_exact_seed5,0.23535658419132233,0.15176165103912354,0.08359493315219879,0.5600000023841858,0.5934022068977356,0.033402204513549805,0.30000001192092896,0.2981966733932495,0.0018033385276794434,0.49000000953674316,0.5001657605171204,0.010165750980377197,0.41999998688697815,0.4111648201942444,0.008835166692733765
07ce34eb13641c98,fdtd-2d-large,fdtd-2d-large,lv2:__PARA__L0-1.__PARA__L1-4.__PARA__L2-1.__PARA__L3-1.__PARA__L4-199.__PARA__L5-8.__PARA__L6-32.__PARA__L7-32.__PIPE__L0-off.__PIPE__L2-off.__PIPE__L3-off.__PIPE__L4-off.__TILE__L0-1.__TILE__L2-1.__TILE__L3-1.__TILE__L4-1,target,support,support,finetune_dataset,data_73.pt,96495104.0,gatedgcn_vn,5,50,paper_exact_seed5,-1.635227918624878,-1.577176570892334,0.058051347732543945,0.10999999940395355,0.05875334143638611,0.051246657967567444,0.05000000074505806,0.030908942222595215,0.019091058522462845,0.05000000074505806,-0.01080089807510376,0.06080089882016182,0.3199999928474426,0.2991636097431183,0.02083638310432434
a8c72ca5d925d23c,fdtd-2d-large,fdtd-2d-large,lv2:__PARA__L0-1.__PARA__L1-4.__PARA__L2-1.__PARA__L3-1.__PARA__L4-199.__PARA__L5-8.__PARA__L6-1.__PARA__L7-32.__PIPE__L0-off.__PIPE__L2-off.__PIPE__L3-flatten.__PIPE__L4-off.__TILE__L0-1.__TILE__L2-1.__TILE__L3-1.__TILE__L4-1,target,support,support,finetune_dataset,data_72.pt,91028704.0,gatedgcn_vn,5,50,paper_exact_seed5,-1.5931607484817505,-1.658839464187622,0.06567871570587158,0.5099999904632568,0.51311856508255,0.003118574619293213,0.3199999928474426,0.3149677515029907,0.005032241344451904,0.49000000953674316,0.43651342391967773,0.05348658561706543,0.5299999713897705,0.59571373462677,0.06571376323699951
9a6aced3fd7b1448,fdtd-2d-large,fdtd-2d-large,lv2:__PARA__L0-1.__PARA__L1-1.__PARA__L2-1.__PARA__L3-1.__PARA__L4-1.__PARA__L5-1.__PARA__L6-1.__PARA__L7-1.__PIPE__L0-off.__PIPE__L2-flatten.__PIPE__L3-flatten.__PIPE__L4-flatten.__TILE__L0-1.__TILE__L2-1.__TILE__L3-1.__TILE__L4-1,target,support,support,finetune_dataset,data_0.pt,110046.0,gatedgcn_vn,5,50,paper_exact_seed5,3.2528748512268066,3.1228384971618652,0.1300363540649414,0.9900000095367432,0.9901739954948425,0.00017398595809936523,0.5299999713897705,0.5695444345474243,0.03954446315765381,0.699999988079071,0.7151817083358765,0.01518172025680542,0.5799999833106995,0.602827250957489,0.02282726764678955
8f5ccf53930158b0,fdtd-2d-large,fdtd-2d-large,lv2:__PARA__L0-1.__PARA__L1-16.__PARA__L2-1.__PARA__L3-1.__PARA__L4-1.__PARA__L5-8.__PARA__L6-32.__PARA__L7-1.__PIPE__L0-off.__PIPE__L2-off.__PIPE__L3-off.__PIPE__L4-flatten.__TILE__L0-1.__TILE__L2-199.__TILE__L3-1.__TILE__L4-199,target,support,support,finetune_dataset,data_43.pt,943474.0,gatedgcn_vn,5,50,paper_exact_seed5,1.7029367685317993,1.7231271266937256,0.02019035816192627,0.9200000166893005,1.0391124486923218,0.11911243200302124,0.4300000071525574,0.4012420177459717,0.028757989406585693,0.699999988079071,0.7044657468795776,0.004465758800506592,0.5799999833106995,0.6196492910385132,0.03964930772781372
2cd3b2c7af7b80ef,fdtd-2d-large,fdtd-2d-large,lv2:__PARA__L0-1.__PARA__L1-1.__PARA__L2-1.__PARA__L3-1.__PARA__L4-1.__PARA__L5-1.__PARA__L6-4.__PARA__L7-1.__PIPE__L0-off.__PIPE__L2-off.__PIPE__L3-off.__PIPE__L4-off.__TILE__L0-1.__TILE__L2-1.__TILE__L3-1.__TILE__L4-1,target,support,support,finetune_dataset,data_16.pt,11700549.0,gatedgcn_vn,5,50,paper_exact_seed5,-0.11328811198472977,-0.1318419873714447,0.018553875386714935,0.019999999552965164,0.019393444061279297,0.0006065554916858673,0.009999999776482582,0.012172475457191467,0.002172475680708885,0.009999999776482582,0.03582283854484558,0.025822838768363,0.20000000298023224,0.20317602157592773,0.0031760185956954956
e14679c4f0fbd6e1,fdtd-2d-large,fdtd-2d-large,lv2:__PARA__L0-1.__PARA__L1-1.__PARA__L2-1.__PARA__L3-1.__PARA__L4-1.__PARA__L5-1.__PARA__L6-1.__PARA__L7-1.__PIPE__L0-off.__PIPE__L2-flatten.__PIPE__L3-off.__PIPE__L4-flatten.__TILE__L0-1.__TILE__L2-1.__TILE__L3-1.__TILE__L4-1,target,support,support,finetune_dataset,data_2.pt,4870046.0,gatedgcn_vn,5,50,paper_exact_seed5,0.5189963579177856,0.50278639793396,0.016209959983825684,0.9599999785423279,0.8395126461982727,0.12048733234405518,0.47999998927116394,0.4857385456562042,0.005738556385040283,0.699999988079071,0.6425316333770752,0.05746835470199585,0.5799999833106995,0.5536194443702698,0.026380538940429688
ee17c82068784e7b,fdtd-2d-large,fdtd-2d-large,lv2:__PARA__L0-1.__PARA__L1-16.__PARA__L2-1.__PARA__L3-2.__PARA__L4-199.__PARA__L5-8.__PARA__L6-1.__PARA__L7-32.__PIPE__L0-off.__PIPE__L2-off.__PIPE__L3-flatten.__PIPE__L4-off.__TILE__L0-1.__TILE__L2-1.__TILE__L3-1.__TILE__L4-1,target,support,support,finetune_dataset,data_52.pt,91008808.0,gatedgcn_vn,5,50,paper_exact_seed5,-1.5930030345916748,-1.6222929954528809,0.029289960861206055,0.9399999976158142,0.6899176239967346,0.2500823736190796,0.6200000047683716,0.3717353940010071,0.2482646107673645,0.9800000190734863,0.698570728302002,0.2814292907714844,0.8700000047683716,0.6616742014884949,0.2083258032798767
db36652a9e4edb30,fdtd-2d-large,fdtd-2d-large,lv2:__PARA__L0-1.__PARA__L1-1.__PARA__L2-1.__PARA__L3-1.__PARA__L4-1.__PARA__L5-32.__PARA__L6-32.__PARA__L7-1.__PIPE__L0-off.__PIPE__L2-off.__PIPE__L3-off.__PIPE__L4-off.__TILE__L0-1.__TILE__L2-1.__TILE__L3-1.__TILE__L4-1,target,support,support,finetune_dataset,data_23.pt,7772846.0,gatedgcn_vn,5,50,paper_exact_seed5,0.1817425787448883,0.0623917281627655,0.1193508505821228,0.07000000029802322,0.08470705896615982,0.014707058668136597,0.029999999329447746,0.05782224237918854,0.02782224304974079,0.029999999329447746,0.06626293808221817,0.036262936890125275,0.07999999821186066,0.13738521933555603,0.057385221123695374
3f2d6549036402e4,fdtd-2d-large,fdtd-2d-large,lv2:__PARA__L0-1.__PARA__L1-2.__PARA__L2-1.__PARA__L3-1.__PARA__L4-199.__PARA__L5-8.__PARA__L6-1.__PARA__L7-32.__PIPE__L0-off.__PIPE__L2-off.__PIPE__L3-flatten.__PIPE__L4-off.__TILE__L0-1.__TILE__L2-1.__TILE__L3-1.__TILE__L4-1,target,support,support,finetune_dataset,data_59.pt,91028704.0,gatedgcn_vn,5,50,paper_exact_seed5,-1.5931607484817505,-1.6818532943725586,0.0886925458908081,0.5099999904632568,0.4965120553970337,0.013487935066223145,0.3199999928474426,0.30233538150787354,0.017664611339569092,0.49000000953674316,0.4122695326805115,0.07773047685623169,0.5299999713897705,0.5712998509407043,0.04129987955093384
7af177530cb396e0,fdtd-2d-large,fdtd-2d-large,lv2:__PARA__L0-1.__PARA__L1-1.__PARA__L2-1.__PARA__L3-1.__PARA__L4-1.__PARA__L5-2.__PARA__L6-32.__PARA__L7-1.__PIPE__L0-off.__PIPE__L2-off.__PIPE__L3-off.__PIPE__L4-off.__TILE__L0-1.__TILE__L2-1.__TILE__L3-1.__TILE__L4-1,target,support,support,finetune_dataset,data_21.pt,8670477.0,gatedgcn_vn,5,50,paper_exact_seed5,0.10290836542844772,-0.006256103515625,0.10916446894407272,0.05999999865889549,0.044910505414009094,0.015089493244886398,0.019999999552965164,0.03492090106010437,0.014920901507139206,0.029999999329447746,0.03901544213294983,0.009015442803502083,0.14000000059604645,0.12509049475193024,0.014909505844116211
24b111d9a9860636,fdtd-2d-large,fdtd-2d-large,lv2:__PARA__L0-1.__PARA__L1-1.__PARA__L2-1.__PARA__L3-1.__PARA__L4-1.__PARA__L5-1.__PARA__L6-1.__PARA__L7-4.__PIPE__L0-off.__PIPE__L2-flatten.__PIPE__L3-flatten.__PIPE__L4-off.__TILE__L0-1.__TILE__L2-1.__TILE__L3-1.__TILE__L4-1,target,support,support,finetune_dataset,data_11.pt,3589546.0,gatedgcn_vn,5,50,paper_exact_seed5,0.7390633821487427,0.6074180603027344,0.1316453218460083,0.6600000262260437,0.7649148106575012,0.10491478443145752,0.38999998569488525,0.4518783390522003,0.061878353357315063,0.49000000953674316,0.6057301759719849,0.1157301664352417,0.5799999833106995,0.5677598714828491,0.012240111827850342
95fed5f4e0e880e6,fdtd-2d-large,fdtd-2d-large,lv2:__PARA__L0-1.__PARA__L1-1.__PARA__L2-1.__PARA__L3-1.__PARA__L4-1.__PARA__L5-8.__PARA__L6-32.__PARA__L7-32.__PIPE__L0-off.__PIPE__L2-off.__PIPE__L3-off.__PIPE__L4-off.__TILE__L0-1.__TILE__L2-1.__TILE__L3-1.__TILE__L4-1,target,support,support,finetune_dataset,data_35.pt,3671777.0,gatedgcn_vn,5,50,paper_exact_seed5,0.7227248549461365,0.4069249927997589,0.31579986214637756,0.15000000596046448,0.10040339827537537,0.04959660768508911,0.05999999865889549,0.039467573165893555,0.020532425493001938,0.09000000357627869,0.02443499118089676,0.06556501239538193,0.14000000059604645,0.1132156252861023,0.026784375309944153
2579e364929f0376,fdtd-2d-large,fdtd-2d-large,lv2:__PARA__L0-1.__PARA__L1-16.__PARA__L2-1.__PARA__L3-1.__PARA__L4-1.__PARA__L5-8.__PARA__L6-32.__PARA__L7-32.__PIPE__L0-off.__PIPE__L2-off.__PIPE__L3-off.__PIPE__L4-off.__TILE__L0-100.__TILE__L2-1.__TILE__L3-1.__TILE__L4-1,target,support,support,finetune_dataset,data_47.pt,10068645.0,gatedgcn_vn,5,50,paper_exact_seed5,-0.004934771917760372,0.11214905977249146,0.1170838326215744,0.15000000596046448,0.1201716959476471,0.029828310012817383,0.05999999865889549,0.038660526275634766,0.021339472383260727,0.09000000357627869,0.04515266418457031,0.044847339391708374,0.14000000059604645,0.14040043950080872,0.00040043890476226807
9b93827e25abbb2d,fdtd-2d-large,fdtd-2d-large,lv2:__PARA__L0-1.__PARA__L1-8.__PARA__L2-1.__PARA__L3-1.__PARA__L4-1.__PARA__L5-1.__PARA__L6-1.__PARA__L7-4.__PIPE__L0-off.__PIPE__L2-flatten.__PIPE__L3-flatten.__PIPE__L4-off.__TILE__L0-1.__TILE__L2-1.__TILE__L3-1.__TILE__L4-1,target,support,support,finetune_dataset,data_74.pt,3568546.0,gatedgcn_vn,5,50,paper_exact_seed5,0.7432958483695984,0.7345962524414062,0.008699595928192139,0.6600000262260437,0.7636668086051941,0.10366678237915039,0.38999998569488525,0.42884594202041626,0.038845956325531006,0.49000000953674316,0.5984563827514648,0.10845637321472168,0.5799999833106995,0.5977556109428406,0.017755627632141113
06a8d921a1e4ef67,fdtd-2d-large,fdtd-2d-large,lv2:__PARA__L0-1.__PARA__L1-1.__PARA__L2-1.__PARA__L3-1.__PARA__L4-1.__PARA__L5-8.__PARA__L6-1.__PARA__L7-16.__PIPE__L0-off.__PIPE__L2-off.__PIPE__L3-flatten.__PIPE__L4-off.__TILE__L0-1.__TILE__L2-1.__TILE__L3-1.__TILE__L4-1,target,support,support,finetune_dataset,data_27.pt,2514977.0,gatedgcn_vn,5,50,paper_exact_seed5,0.9956914186477661,0.7341592311859131,0.261532187461853,0.5699999928474426,0.5353503823280334,0.03464961051940918,0.3199999928474426,0.3145769238471985,0.005423069000244141,0.49000000953674316,0.45076435804367065,0.03923565149307251,0.36000001430511475,0.40664777159690857,0.04664775729179382
6588cb1dc715e087,fdtd-2d-large,fdtd-2d-large,lv2:__PARA__L0-1.__PARA__L1-32.__PARA__L2-1.__PARA__L3-2.__PARA__L4-1.__PARA__L5-1.__PARA__L6-1.__PARA__L7-4.__PIPE__L0-off.__PIPE__L2-flatten.__PIPE__L3-flatten.__PIPE__L4-off.__TILE__L0-1.__TILE__L2-1.__TILE__L3-1.__TILE__L4-199,target,support,support,finetune_dataset,data_69.pt,3476933.0,gatedgcn_vn,5,50,paper_exact_seed5,0.7620564103126526,0.7983647584915161,0.036308348178863525,1.0499999523162842,1.0321102142333984,0.017889738082885742,0.6800000071525574,0.49092572927474976,0.18907427787780762,0.9700000286102295,0.7981103658676147,0.17188966274261475,0.6899999976158142,0.6764943599700928,0.013505637645721436
5149f70100e19a16,fdtd-2d-large,fdtd-2d-large,lv2:__PARA__L0-1.__PARA__L1-32.__PARA__L2-1.__PARA__L3-1.__PARA__L4-1.__PARA__L5-1.__PARA__L6-1.__PARA__L7-4.__PIPE__L0-off.__PIPE__L2-flatten.__PIPE__L3-flatten.__PIPE__L4-off.__TILE__L0-1.__TILE__L2-1.__TILE__L3-1.__TILE__L4-1,target,support,support,finetune_dataset,data_63.pt,3566533.0,gatedgcn_vn,5,50,paper_exact_seed5,0.7437028884887695,0.687455952167511,0.056246936321258545,0.6600000262260437,0.8282859921455383,0.16828596591949463,0.38999998569488525,0.4731060564517975,0.08310607075691223,0.49000000953674316,0.6318032145500183,0.14180320501327515,0.5799999833106995,0.6223425269126892,0.042342543601989746
0e9358c8b4f372d2,fdtd-2d-large,fdtd-2d-large,lv2:__PARA__L0-1.__PARA__L1-1.__PARA__L2-1.__PARA__L3-1.__PARA__L4-1.__PARA__L5-8.__PARA__L6-32.__PARA__L7-16.__PIPE__L0-off.__PIPE__L2-off.__PIPE__L3-off.__PIPE__L4-off.__TILE__L0-1.__TILE__L2-1.__TILE__L3-1.__TILE__L4-1,target,support,support,finetune_dataset,data_33.pt,3990976.0,gatedgcn_vn,5,50,paper_exact_seed5,0.6625932455062866,0.4254334568977356,0.23715978860855103,0.10000000149011612,0.10412143170833588,0.004121430218219757,0.03999999910593033,0.03877425193786621,0.0012257471680641174,0.03999999910593033,0.01860225200653076,0.021397747099399567,0.07999999821186066,0.10521058738231659,0.025210589170455933
34c89322b1f144a2,fdtd-2d-large,fdtd-2d-large,lv2:__PARA__L0-1.__PARA__L1-32.__PARA__L2-1.__PARA__L3-1.__PARA__L4-199.__PARA__L5-8.__PARA__L6-1.__PARA__L7-32.__PIPE__L0-off.__PIPE__L2-off.__PIPE__L3-flatten.__PIPE__L4-off.__TILE__L0-1.__TILE__L2-1.__TILE__L3-1.__TILE__L4-1,target,support,support,finetune_dataset,data_66.pt,91029992.0,gatedgcn_vn,5,50,paper_exact_seed5,-1.5931710004806519,-1.6720166206359863,0.07884562015533447,0.5099999904632568,0.5383930206298828,0.028393030166625977,0.3199999928474426,0.31557267904281616,0.004427313804626465,0.49000000953674316,0.4601364731788635,0.02986353635787964,0.5299999713897705,0.6147312521934509,0.08473128080368042
b0762bcf12adbd4f,fdtd-2d-large,fdtd-2d-large,lv2:__PARA__L0-1.__PARA__L1-16.__PARA__L2-199.__PARA__L3-1.__PARA__L4-1.__PARA__L5-8.__PARA__L6-32.__PARA__L7-32.__PIPE__L0-off.__PIPE__L2-off.__PIPE__L3-off.__PIPE__L4-off.__TILE__L0-1.__TILE__L2-1.__TILE__L3-1.__TILE__L4-199,target,support,support,finetune_dataset,data_56.pt,12799945.0,gatedgcn_vn,5,50,paper_exact_seed5,-0.17806880176067352,-0.17437943816184998,0.0036893635988235474,0.14000000059604645,0.07077761739492416,0.06922238320112228,0.05999999865889549,0.0607270747423172,0.0007270760834217072,0.09000000357627869,0.059293244034051895,0.03070675954222679,0.25999999046325684,0.2862933874130249,0.026293396949768066
c0ce78ce07436a19,fdtd-2d-large,fdtd-2d-large,lv2:__PARA__L0-1.__PARA__L1-16.__PARA__L2-1.__PARA__L3-1.__PARA__L4-199.__PARA__L5-8.__PARA__L6-1.__PARA__L7-32.__PIPE__L0-off.__PIPE__L2-off.__PIPE__L3-flatten.__PIPE__L4-off.__TILE__L0-100.__TILE__L2-1.__TILE__L3-1.__TILE__L4-1,target,support,support,finetune_dataset,data_49.pt,91028704.0,gatedgcn_vn,5,50,paper_exact_seed5,-1.5931607484817505,-1.286003828048706,0.30715692043304443,0.5099999904632568,0.5716948509216309,0.06169486045837402,0.3199999928474426,0.3108512759208679,0.009148716926574707,0.49000000953674316,0.4747779965400696,0.015222012996673584,0.5299999713897705,0.5737734436988831,0.04377347230911255
7432155d2bb5f2e8,fdtd-2d-large,fdtd-2d-large,lv2:__PARA__L0-1.__PARA__L1-32.__PARA__L2-1.__PARA__L3-1.__PARA__L4-1.__PARA__L5-1.__PARA__L6-1.__PARA__L7-1.__PIPE__L0-off.__PIPE__L2-flatten.__PIPE__L3-flatten.__PIPE__L4-flatten.__TILE__L0-1.__TILE__L2-1.__TILE__L3-1.__TILE__L4-199,target,support,support,finetune_dataset,data_62.pt,87033.0,gatedgcn_vn,5,50,paper_exact_seed5,3.4221107959747314,3.4839062690734863,0.06179547309875488,0.9900000095367432,1.049728274345398,0.059728264808654785,0.5299999713897705,0.58608078956604,0.05608081817626953,0.699999988079071,0.7411918044090271,0.041191816329956055,0.5799999833106995,0.6319583058357239,0.051958322525024414
c8db8810a46a8e19,fdtd-2d-large,fdtd-2d-large,lv2:__PARA__L0-1.__PARA__L1-1.__PARA__L2-1.__PARA__L3-1.__PARA__L4-1.__PARA__L5-16.__PARA__L6-1.__PARA__L7-1.__PIPE__L0-off.__PIPE__L2-off.__PIPE__L3-flatten.__PIPE__L4-off.__TILE__L0-1.__TILE__L2-1.__TILE__L3-1.__TILE__L4-1,target,support,support,finetune_dataset,data_18.pt,5425378.0,gatedgcn_vn,5,50,paper_exact_seed5,0.44110220670700073,0.4084559679031372,0.032646238803863525,0.5699999928474426,0.710837185382843,0.1408371925354004,0.3100000023841858,0.3573917746543884,0.04739177227020264,0.49000000953674316,0.5485855937004089,0.05858558416366577,0.41999998688697815,0.4722127616405487,0.05221277475357056
bdbae9041b29082c,fdtd-2d-large,fdtd-2d-large,lv2:__PARA__L0-1.__PARA__L1-1.__PARA__L2-1.__PARA__L3-1.__PARA__L4-1.__PARA__L5-1.__PARA__L6-32.__PARA__L7-1.__PIPE__L0-off.__PIPE__L2-off.__PIPE__L3-off.__PIPE__L4-off.__TILE__L0-1.__TILE__L2-1.__TILE__L3-1.__TILE__L4-1,target,support,support,finetune_dataset,data_15.pt,11098446.0,gatedgcn_vn,5,50,paper_exact_seed5,-0.0751788392663002,-0.05961015820503235,0.015568681061267853,0.05000000074505806,0.061118245124816895,0.011118244379758835,0.019999999552965164,0.04419015347957611,0.024190153926610947,0.029999999329447746,0.054791584610939026,0.02479158528149128,0.07999999821186066,0.14273805916309357,0.06273806095123291
3f5ea7e68e67e5cd,fdtd-2d-large,fdtd-2d-large,lv2:__PARA__L0-1.__PARA__L1-1.__PARA__L2-1.__PARA__L3-1.__PARA__L4-1.__PARA__L5-1.__PARA__L6-1.__PARA__L7-1.__PIPE__L0-off.__PIPE__L2-off.__PIPE__L3-flatten.__PIPE__L4-off.__TILE__L0-1.__TILE__L2-1.__TILE__L3-1.__TILE__L4-1,target,support,support,finetune_dataset,data_5.pt,9604046.0,gatedgcn_vn,5,50,paper_exact_seed5,0.029142890125513077,0.09534868597984314,0.06620579957962036,0.49000000953674316,0.6091822385787964,0.11918222904205322,0.30000001192092896,0.30904799699783325,0.009047985076904297,0.49000000953674316,0.5142702460289001,0.024270236492156982,0.30000001192092896,0.41103312373161316,0.1110331118106842
f62329b9b17e53a9,fdtd-2d-large,fdtd-2d-large,lv2:__PARA__L0-1.__PARA__L1-8.__PARA__L2-1.__PARA__L3-1.__PARA__L4-199.__PARA__L5-8.__PARA__L6-1.__PARA__L7-32.__PIPE__L0-off.__PIPE__L2-off.__PIPE__L3-flatten.__PIPE__L4-off.__TILE__L0-1.__TILE__L2-1.__TILE__L3-1.__TILE__L4-1,target,support,support,finetune_dataset,data_75.pt,91028704.0,gatedgcn_vn,5,50,paper_exact_seed5,-1.5931607484817505,-1.6603195667266846,0.06715881824493408,0.5099999904632568,0.5209403038024902,0.010940313339233398,0.3199999928474426,0.29262638092041016,0.02737361192703247,0.49000000953674316,0.45227378606796265,0.03772622346878052,0.5299999713897705,0.601585328578949,0.07158535718917847
21ddeacbed4ecd3e,fdtd-2d-large,fdtd-2d-large,lv2:__PARA__L0-1.__PARA__L1-1.__PARA__L2-1.__PARA__L3-1.__PARA__L4-1.__PARA__L5-1.__PARA__L6-1.__PARA__L7-1.__PIPE__L0-off.__PIPE__L2-off.__PIPE__L3-flatten.__PIPE__L4-flatten.__TILE__L0-1.__TILE__L2-1.__TILE__L3-1.__TILE__L4-1,target,support,support,finetune_dataset,data_4.pt,4866146.0,gatedgcn_vn,5,50,paper_exact_seed5,0.5195742249488831,0.49546653032302856,0.024107694625854492,0.8799999952316284,0.8409307599067688,0.03906923532485962,0.47999998927116394,0.4842149615287781,0.004214972257614136,0.699999988079071,0.6315783858299255,0.06842160224914551,0.4699999988079071,0.5448177456855774,0.07481774687767029
6e8e3db885d78bd2,fdtd-2d-large,fdtd-2d-large,lv2:__PARA__L0-1.__PARA__L1-1.__PARA__L2-1.__PARA__L3-1.__PARA__L4-1.__PARA__L5-1.__PARA__L6-8.__PARA__L7-1.__PIPE__L0-off.__PIPE__L2-off.__PIPE__L3-off.__PIPE__L4-off.__TILE__L0-1.__TILE__L2-1.__TILE__L3-1.__TILE__L4-1,target,support,support,finetune_dataset,data_17.pt,11180549.0,gatedgcn_vn,5,50,paper_exact_seed5,-0.08049551397562027,-0.11323419213294983,0.03273867815732956,0.029999999329447746,0.023145198822021484,0.006854800507426262,0.009999999776482582,0.01985745131969452,0.009857451543211937,0.019999999552965164,0.030832476913928986,0.010832477360963821,0.20000000298023224,0.18441233038902283,0.015587672591209412
8728243f8d7bee49,fdtd-2d-large,fdtd-2d-large,lv2:__PARA__L0-1.__PARA__L1-1.__PARA__L2-1.__PARA__L3-1.__PARA__L4-1.__PARA__L5-32.__PARA__L6-1.__PARA__L7-1.__PIPE__L0-off.__PIPE__L2-off.__PIPE__L3-flatten.__PIPE__L4-off.__TILE__L0-1.__TILE__L2-1.__TILE__L3-1.__TILE__L4-1,target,support,support,finetune_dataset,data_22.pt,6258746.0,gatedgcn_vn,5,50,paper_exact_seed5,0.3380272388458252,0.346723735332489,0.008696496486663818,0.5400000214576721,0.6598891019821167,0.11988908052444458,0.33000001311302185,0.34239840507507324,0.012398391962051392,0.49000000953674316,0.5328414440155029,0.042841434478759766,0.36000001430511475,0.47249653935432434,0.1124965250492096
0df2afff91484b47,fdtd-2d-large,fdtd-2d-large,lv2:__PARA__L0-1.__PARA__L1-1.__PARA__L2-1.__PARA__L3-1.__PARA__L4-1.__PARA__L5-1.__PARA__L6-1.__PARA__L7-16.__PIPE__L0-off.__PIPE__L2-flatten.__PIPE__L3-flatten.__PIPE__L4-off.__TILE__L0-1.__TILE__L2-1.__TILE__L3-1.__TILE__L4-1,target,support,support,finetune_dataset,data_8.pt,9280846.0,gatedgcn_vn,5,50,paper_exact_seed5,0.05383588746190071,0.3952074646949768,0.3413715660572052,0.6600000262260437,0.6404670476913452,0.019532978534698486,0.4000000059604645,0.4004320204257965,0.00043201446533203125,0.49000000953674316,0.5321667194366455,0.042166709899902344,0.5799999833106995,0.5803527235984802,0.0003527402877807617
36342450c0a28278,fdtd-2d-large,fdtd-2d-large,lv2:__PARA__L0-1.__PARA__L1-1.__PARA__L2-1.__PARA__L3-1.__PARA__L4-1.__PARA__L5-8.__PARA__L6-1.__PARA__L7-8.__PIPE__L0-off.__PIPE__L2-off.__PIPE__L3-flatten.__PIPE__L4-off.__TILE__L0-1.__TILE__L2-1.__TILE__L3-1.__TILE__L4-1,target,support,support,finetune_dataset,data_31.pt,2654277.0,gatedgcn_vn,5,50,paper_exact_seed5,0.9568045735359192,0.735886812210083,0.22091776132583618,0.5600000023841858,0.5859308242797852,0.025930821895599365,0.3100000023841858,0.3274652361869812,0.01746523380279541,0.49000000953674316,0.49074965715408325,0.0007496476173400879,0.36000001430511475,0.41823694109916687,0.058236926794052124
9cbc317e3da96a87,fdtd-2d-large,fdtd-2d-large,lv2:__PARA__L0-1.__PARA__L1-16.__PARA__L2-1.__PARA__L3-1.__PARA__L4-1.__PARA__L5-8.__PARA__L6-32.__PARA__L7-1.__PIPE__L0-off.__PIPE__L2-off.__PIPE__L3-off.__PIPE__L4-flatten.__TILE__L0-100.__TILE__L2-1.__TILE__L3-1.__TILE__L4-1,target,support,support,finetune_dataset,data_44.pt,943474.0,gatedgcn_vn,5,50,paper_exact_seed5,1.7029367685317993,1.5537995100021362,0.14913725852966309,0.9200000166893005,0.8608396053314209,0.05916041135787964,0.4300000071525574,0.3804028630256653,0.04959714412689209,0.699999988079071,0.6047155261039734,0.09528446197509766,0.5799999833106995,0.5387254357337952,0.0412745475769043
9bb098fbfbdf133e,fdtd-2d-large,fdtd-2d-large,lv2:__PARA__L0-1.__PARA__L1-1.__PARA__L2-1.__PARA__L3-1.__PARA__L4-1.__PARA__L5-1.__PARA__L6-2.__PARA__L7-1.__PIPE__L0-off.__PIPE__L2-off.__PIPE__L3-off.__PIPE__L4-off.__TILE__L0-1.__TILE__L2-1.__TILE__L3-1.__TILE__L4-1,target,support,support,finetune_dataset,data_14.pt,14361746.0,gatedgcn_vn,5,50,paper_exact_seed5,-0.26111558079719543,-0.17092880606651306,0.09018677473068237,0.019999999552965164,0.007411092519760132,0.012588907033205032,0.009999999776482582,0.007495507597923279,0.0025044921785593033,0.0,0.0264228954911232,0.0264228954911232,0.20000000298023224,0.20319679379463196,0.0031967908143997192
8a8b760d8ccd8d93,fdtd-2d-large,fdtd-2d-large,lv2:__PARA__L0-1.__PARA__L1-1.__PARA__L2-1.__PARA__L3-1.__PARA__L4-1.__PARA__L5-1.__PARA__L6-1.__PARA__L7-1.__PIPE__L0-off.__PIPE__L2-off.__PIPE__L3-off.__PIPE__L4-flatten.__TILE__L0-1.__TILE__L2-1.__TILE__L3-1.__TILE__L4-1,target,support,support,finetune_dataset,data_6.pt,9627846.0,gatedgcn_vn,5,50,paper_exact_seed5,0.027357514947652817,0.10360950231552124,0.07625198364257812,0.8799999952316284,0.6261160969734192,0.25388389825820923,0.4399999976158142,0.31097856163978577,0.12902143597602844,0.699999988079071,0.524429202079773,0.1755707859992981,0.4699999988079071,0.41489842534065247,0.05510157346725464
3ab94196b68919ce,fdtd-2d-large,fdtd-2d-large,lv2:__PARA__L0-1.__PARA__L1-1.__PARA__L2-1.__PARA__L3-1.__PARA__L4-1.__PARA__L5-4.__PARA__L6-32.__PARA__L7-1.__PIPE__L0-off.__PIPE__L2-off.__PIPE__L3-off.__PIPE__L4-off.__TILE__L0-1.__TILE__L2-1.__TILE__L3-1.__TILE__L4-1,target,support,support,finetune_dataset,data_25.pt,7476477.0,gatedgcn_vn,5,50,paper_exact_seed5,0.20978474617004395,0.04102182388305664,0.1687629222869873,0.05999999865889549,0.08955554664134979,0.0295555479824543,0.029999999329447746,0.0518287718296051,0.021828772500157356,0.029999999329447746,0.07095718383789062,0.04095718264579773,0.14000000059604645,0.12261423468589783,0.01738576591014862
218cd76217be5500,fdtd-2d-large,fdtd-2d-large,lv2:__PARA__L0-1.__PARA__L1-1.__PARA__L2-1.__PARA__L3-1.__PARA__L4-1.__PARA__L5-8.__PARA__L6-32.__PARA__L7-2.__PIPE__L0-off.__PIPE__L2-off.__PIPE__L3-off.__PIPE__L4-off.__TILE__L0-1.__TILE__L2-1.__TILE__L3-1.__TILE__L4-1,target,support,support,finetune_dataset,data_34.pt,5722276.0,gatedgcn_vn,5,50,paper_exact_seed5,0.4026695191860199,0.1323370635509491,0.2703324556350708,0.07000000029802322,0.10627829283475876,0.036278292536735535,0.019999999552965164,0.04567669332027435,0.02567669376730919,0.029999999329447746,0.07266625761985779,0.04266625642776489,0.07999999821186066,0.12118277698755264,0.041182778775691986
dc323f103342f114,fdtd-2d-large,fdtd-2d-large,lv2:__PARA__L0-1.__PARA__L1-1.__PARA__L2-1.__PARA__L3-1.__PARA__L4-1.__PARA__L5-8.__PARA__L6-1.__PARA__L7-2.__PIPE__L0-off.__PIPE__L2-off.__PIPE__L3-flatten.__PIPE__L4-off.__TILE__L0-1.__TILE__L2-1.__TILE__L3-1.__TILE__L4-1,target,support,support,finetune_dataset,data_28.pt,4325877.0,gatedgcn_vn,5,50,paper_exact_seed5,0.6044677495956421,0.46789276599884033,0.13657498359680176,0.5699999928474426,0.6832745671272278,0.11327457427978516,0.3100000023841858,0.3478928208351135,0.037892818450927734,0.49000000953674316,0.5418001413345337,0.05180013179779053,0.36000001430511475,0.4523784816265106,0.09237846732139587
224f94460b242ec7,fdtd-2d-large,fdtd-2d-large,lv2:__PARA__L0-1.__PARA__L1-16.__PARA__L2-199.__PARA__L3-1.__PARA__L4-1.__PARA__L5-8.__PARA__L6-32.__PARA__L7-32.__PIPE__L0-off.__PIPE__L2-off.__PIPE__L3-off.__PIPE__L4-off.__TILE__L0-100.__TILE__L2-1.__TILE__L3-1.__TILE__L4-1,target,support,support,finetune_dataset,data_57.pt,12799945.0,gatedgcn_vn,5,50,paper_exact_seed5,-0.17806880176067352,-0.385609894990921,0.2075410932302475,0.14000000059604645,0.15455758571624756,0.01455758512020111,0.05999999865889549,0.08451616764068604,0.024516168981790543,0.09000000357627869,0.09661523997783661,0.006615236401557922,0.25999999046325684,0.3112148940563202,0.051214903593063354
36990602b2941261,fdtd-2d-large,fdtd-2d-large,lv2:__PARA__L0-1.__PARA__L1-1.__PARA__L2-1.__PARA__L3-1.__PARA__L4-1.__PARA__L5-1.__PARA__L6-1.__PARA__L7-1.__PIPE__L0-off.__PIPE__L2-flatten.__PIPE__L3-off.__PIPE__L4-off.__TILE__L0-1.__TILE__L2-1.__TILE__L3-1.__TILE__L4-1,target,support,support,finetune_dataset,data_3.pt,9607448.0,gatedgcn_vn,5,50,paper_exact_seed5,0.028887415304780006,0.09663721919059753,0.06774980574846268,0.49000000953674316,0.6049520969390869,0.11495208740234375,0.20999999344348907,0.3191507160663605,0.1091507226228714,0.49000000953674316,0.5319987535476685,0.04199874401092529,0.41999998688697815,0.4203692376613617,0.0003692507743835449
