sample_id,kernel,gname,key,dataset_role,split,support_query,cache_split,file_name,actual_perf,model,seed,k,selection,y_true_perf,y_pred_perf,abs_err_perf,y_true_util_LUT,y_pred_util_LUT,abs_err_util_LUT,y_true_util_FF,y_pred_util_FF,abs_err_util_FF,y_true_util_DSP,y_pred_util_DSP,abs_err_util_DSP,y_true_util_BRAM,y_pred_util_BRAM,abs_err_util_BRAM
a600ded91a048da1,syr2k,syr2k,lv2:__PARA__L0-1.__PARA__L1-2.__PARA__L2-4.__PARA__L3-80.__PIPE__L0-off.__PIPE__L2-NA.__TILE__L0-1.__TILE__L2-1,target,query,query,finetune_dataset,data_997.pt,48381.0,gatedgcn_vn,5,50,paper_exact_seed5,3.8456718921661377,3.6780245304107666,0.1676473617553711,0.09000000357627869,0.1237562820315361,0.033756278455257416,0.05000000074505806,0.07248682528734207,0.022486824542284012,0.029999999329447746,0.030651740729808807,0.0006517414003610611,0.05000000074505806,0.05392966419458389,0.003929663449525833
50737a58f7e3c088,syr2k,syr2k,lv2:__PARA__L0-1.__PARA__L1-4.__PARA__L2-3.__PARA__L3-80.__PIPE__L0-off.__PIPE__L2-NA.__TILE__L0-1.__TILE__L2-1,target,query,query,finetune_dataset,data_1013.pt,54011.0,gatedgcn_vn,5,50,paper_exact_seed5,3.766265630722046,3.6916048526763916,0.0746607780456543,0.07999999821186066,0.11732283979654312,0.037322841584682465,0.05000000074505806,0.06055450439453125,0.01055450364947319,0.029999999329447746,0.027556054294109344,0.002443945035338402,0.05000000074505806,0.05721196532249451,0.007211964577436447
7424659393922e35,syr2k,syr2k,lv2:__PARA__L0-1.__PARA__L1-1.__PARA__L2-5.__PARA__L3-80.__PIPE__L0-off.__PIPE__L2-NA.__TILE__L0-1.__TILE__L2-1,target,query,query,finetune_dataset,data_961.pt,58807.0,gatedgcn_vn,5,50,paper_exact_seed5,3.7048981189727783,3.654939889907837,0.049958229064941406,0.10999999940395355,0.12188945710659027,0.011889457702636719,0.07000000029802322,0.06876125931739807,0.0012387409806251526,0.029999999329447746,0.02809777855873108,0.0019022207707166672,0.05999999865889549,0.0538567453622818,0.006143253296613693
9aa40f9b87b12852,syr2k,syr2k,lv2:__PARA__L0-1.__PARA__L1-4.__PARA__L2-4.__PARA__L3-80.__PIPE__L0-off.__PIPE__L2-NA.__TILE__L0-1.__TILE__L2-1,target,query,query,finetune_dataset,data_1015.pt,46781.0,gatedgcn_vn,5,50,paper_exact_seed5,3.8699307441711426,3.678730010986328,0.19120073318481445,0.09000000357627869,0.12330175936222076,0.03330175578594208,0.05000000074505806,0.07089769840240479,0.020897697657346725,0.029999999329447746,0.03006209433078766,6.209500133991241e-05,0.05000000074505806,0.056384868919849396,0.006384868174791336
386d0232d7b527fa,syr2k,syr2k,lv2:__PARA__L0-1.__PARA__L1-1.__PARA__L2-2.__PARA__L3-80.__PIPE__L0-off.__PIPE__L2-NA.__TILE__L0-1.__TILE__L2-1,target,query,query,finetune_dataset,data_942.pt,53983.0,gatedgcn_vn,5,50,paper_exact_seed5,3.766639471054077,3.616361141204834,0.15027832984924316,0.10999999940395355,0.11458408832550049,0.004584088921546936,0.05000000074505806,0.053789764642715454,0.0037897638976573944,0.029999999329447746,0.023515529930591583,0.006484469398856163,0.05000000074505806,0.05364002287387848,0.0036400221288204193
1584d7550bc70b91,syr2k,syr2k,lv2:__PARA__L0-1.__PARA__L1-2.__PARA__L2-6.__PARA__L3-1.__PIPE__L0-off.__PIPE__L2-flatten.__TILE__L0-1.__TILE__L2-1,target,query,query,finetune_dataset,data_1002.pt,50701.0,gatedgcn_vn,5,50,paper_exact_seed5,3.811885118484497,3.362405300140381,0.4494798183441162,0.11999999731779099,0.12992997467517853,0.009929977357387543,0.07000000029802322,0.09470070898532867,0.02470070868730545,0.029999999329447746,-0.005482621490955353,0.03548262268304825,0.05000000074505806,0.030301570892333984,0.019698429852724075
47f6594af7e229e8,syr2k,syr2k,lv2:__PARA__L0-1.__PARA__L1-8.__PARA__L2-4.__PARA__L3-80.__PIPE__L0-off.__PIPE__L2-NA.__TILE__L0-1.__TILE__L2-1,target,query,query,finetune_dataset,data_1028.pt,46061.0,gatedgcn_vn,5,50,paper_exact_seed5,3.8811192512512207,3.6997122764587402,0.18140697479248047,0.10000000149011612,0.1221979632973671,0.022197961807250977,0.05999999865889549,0.07033416628837585,0.010334167629480362,0.029999999329447746,0.035702019929885864,0.005702020600438118,0.05000000074505806,0.05743081122636795,0.007430810481309891
0bc9dfce5103edff,syr2k,syr2k,lv2:__PARA__L0-1.__PARA__L1-2.__PARA__L2-4.__PARA__L3-1.__PIPE__L0-off.__PIPE__L2-flatten.__TILE__L0-1.__TILE__L2-1,target,query,query,finetune_dataset,data_996.pt,48381.0,gatedgcn_vn,5,50,paper_exact_seed5,3.8456718921661377,3.3014235496520996,0.5442483425140381,0.09000000357627869,0.11543300747871399,0.025433003902435303,0.05000000074505806,0.07434680312871933,0.02434680238366127,0.029999999329447746,0.0073555633425712585,0.022644435986876488,0.05000000074505806,0.031700797379016876,0.018299203366041183
e091829cd7eccb45,syr2k,syr2k,lv2:__PARA__L0-1.__PARA__L1-4.__PARA__L2-3.__PARA__L3-80.__PIPE__L0-off.__PIPE__L2-off.__TILE__L0-1.__TILE__L2-1,target,query,query,finetune_dataset,data_1014.pt,54011.0,gatedgcn_vn,5,50,paper_exact_seed5,3.766265630722046,3.6961669921875,0.0700986385345459,0.07999999821186066,0.11739162355661392,0.037391625344753265,0.05000000074505806,0.05941268801689148,0.00941268727183342,0.029999999329447746,0.02648068219423294,0.0035193171352148056,0.05000000074505806,0.05992485582828522,0.009924855083227158
b329f305a8434e8c,syr2k,syr2k,lv2:__PARA__L0-1.__PARA__L1-1.__PARA__L2-4.__PARA__L3-80.__PIPE__L0-off.__PIPE__L2-NA.__TILE__L0-1.__TILE__L2-1,target,query,query,finetune_dataset,data_955.pt,51581.0,gatedgcn_vn,5,50,paper_exact_seed5,3.7994723320007324,3.6404643058776855,0.15900802612304688,0.09000000357627869,0.1230127364397049,0.03301273286342621,0.05000000074505806,0.07040145248174667,0.020401451736688614,0.029999999329447746,0.030905187129974365,0.000905187800526619,0.05000000074505806,0.05276373773813248,0.002763736993074417
b8566d786e85b374,syr2k,syr2k,lv2:__PARA__L0-1.__PARA__L1-1.__PARA__L2-1.__PARA__L3-20.__PIPE__L0-off.__PIPE__L2-off.__TILE__L0-1.__TILE__L2-1,target,query,query,finetune_dataset,data_922.pt,169249.0,gatedgcn_vn,5,50,paper_exact_seed5,2.942354440689087,2.128851890563965,0.8135025501251221,0.07000000029802322,0.056152284145355225,0.013847716152668,0.029999999329447746,0.035368144512176514,0.005368145182728767,0.07999999821186066,0.05900191143155098,0.020998086780309677,0.019999999552965164,0.04489375650882721,0.024893756955862045
91a8fd411290510c,syr2k,syr2k,lv2:__PARA__L0-1.__PARA__L1-8.__PARA__L2-1.__PARA__L3-32.__PIPE__L0-off.__PIPE__L2-off.__TILE__L0-1.__TILE__L2-1,target,query,query,finetune_dataset,data_1021.pt,1999729.0,gatedgcn_vn,5,50,paper_exact_seed5,1.1610617637634277,2.0369298458099365,0.8758680820465088,0.10000000149011612,0.041587457060813904,0.058412544429302216,0.03999999910593033,0.024967491626739502,0.015032507479190826,0.10000000149011612,0.054822083562612534,0.045177917927503586,0.019999999552965164,0.0502520427107811,0.030252043157815933
4a8b2e7dc78b4696,syr2k,syr2k,lv2:__PARA__L0-1.__PARA__L1-1.__PARA__L2-5.__PARA__L3-1.__PIPE__L0-off.__PIPE__L2-flatten.__TILE__L0-1.__TILE__L2-2,target,query,query,finetune_dataset,data_958.pt,173055.0,gatedgcn_vn,5,50,paper_exact_seed5,2.9263126850128174,3.2632365226745605,0.33692383766174316,0.10999999940395355,0.12023988366127014,0.01023988425731659,0.07000000029802322,0.08689984679222107,0.016899846494197845,0.019999999552965164,-0.0047994256019592285,0.024799425154924393,0.029999999329447746,0.0296487957239151,0.0003512036055326462
e3330d21e0bf25d1,syr2k,syr2k,lv2:__PARA__L0-1.__PARA__L1-1.__PARA__L2-6.__PARA__L3-80.__PIPE__L0-off.__PIPE__L2-off.__TILE__L0-1.__TILE__L2-1,target,query,query,finetune_dataset,data_968.pt,53901.0,gatedgcn_vn,5,50,paper_exact_seed5,3.7677361965179443,3.653046131134033,0.11469006538391113,0.11999999731779099,0.11614825576543808,0.0038517415523529053,0.07000000029802322,0.06079284846782684,0.00920715183019638,0.029999999329447746,0.026959270238876343,0.0030407290905714035,0.05000000074505806,0.05841921269893646,0.008419211953878403
26e4e575e0a5581e,syr2k,syr2k,lv2:__PARA__L0-1.__PARA__L1-1.__PARA__L2-6.__PARA__L3-1.__PIPE__L0-off.__PIPE__L2-flatten.__TILE__L0-1.__TILE__L2-1,target,query,query,finetune_dataset,data_963.pt,53901.0,gatedgcn_vn,5,50,paper_exact_seed5,3.7677361965179443,3.332995891571045,0.4347403049468994,0.11999999731779099,0.13028854131698608,0.010288543999195099,0.07000000029802322,0.0928005576133728,0.02280055731534958,0.029999999329447746,-0.0021079033613204956,0.03210790455341339,0.05000000074505806,0.029524773359298706,0.020475227385759354
bf6fe22800bedaed,syr2k,syr2k,lv2:__PARA__L0-1.__PARA__L1-1.__PARA__L2-10.__PARA__L3-1.__PIPE__L0-off.__PIPE__L2-flatten.__TILE__L0-1.__TILE__L2-4,target,query,query,finetune_dataset,data_931.pt,111517.0,gatedgcn_vn,5,50,paper_exact_seed5,3.2432963848114014,3.2768402099609375,0.03354382514953613,0.23999999463558197,0.18338578939437866,0.05661420524120331,0.14000000059604645,0.18495938181877136,0.044959381222724915,0.019999999552965164,0.06493310630321503,0.04493310675024986,0.009999999776482582,0.037025995552539825,0.027025995776057243
967811736021b32d,syr2k,syr2k,lv2:__PARA__L0-1.__PARA__L1-1.__PARA__L2-10.__PARA__L3-80.__PIPE__L0-off.__PIPE__L2-off.__TILE__L0-1.__TILE__L2-1,target,query,query,finetune_dataset,data_933.pt,53901.0,gatedgcn_vn,5,50,paper_exact_seed5,3.7677361965179443,3.6746714115142822,0.09306478500366211,0.18000000715255737,0.11783421039581299,0.062165796756744385,0.10999999940395355,0.06470659375190735,0.045293405652046204,0.029999999329447746,0.031487442553043365,0.0014874432235956192,0.05000000074505806,0.05877160280942917,0.008771602064371109
cd8a78b9897e5f03,syr2k,syr2k,lv2:__PARA__L0-1.__PARA__L1-2.__PARA__L2-6.__PARA__L3-80.__PIPE__L0-off.__PIPE__L2-off.__TILE__L0-1.__TILE__L2-1,target,query,query,finetune_dataset,data_1004.pt,50701.0,gatedgcn_vn,5,50,paper_exact_seed5,3.811885118484497,3.7039356231689453,0.10794949531555176,0.11999999731779099,0.11660729348659515,0.0033927038311958313,0.07000000029802322,0.06210339814424515,0.007896602153778076,0.029999999329447746,0.0262606218457222,0.003739377483725548,0.05000000074505806,0.059540264308452606,0.009540263563394547
e566095625c0d782,syr2k,syr2k,lv2:__PARA__L0-1.__PARA__L1-1.__PARA__L2-4.__PARA__L3-80.__PIPE__L0-off.__PIPE__L2-off.__TILE__L0-1.__TILE__L2-1,target,query,query,finetune_dataset,data_956.pt,51581.0,gatedgcn_vn,5,50,paper_exact_seed5,3.7994723320007324,3.659764289855957,0.1397080421447754,0.09000000357627869,0.11411190032958984,0.024111896753311157,0.05000000074505806,0.054422006011009216,0.004422005265951157,0.029999999329447746,0.023247085511684418,0.0067529138177633286,0.05000000074505806,0.05555632710456848,0.005556326359510422
507f7ddbd39e4095,syr2k,syr2k,lv2:__PARA__L0-1.__PARA__L1-1.__PARA__L2-3.__PARA__L3-80.__PIPE__L0-off.__PIPE__L2-NA.__TILE__L0-1.__TILE__L2-1,target,query,query,finetune_dataset,data_949.pt,58811.0,gatedgcn_vn,5,50,paper_exact_seed5,3.7048492431640625,3.644832134246826,0.06001710891723633,0.07999999821186066,0.11759227514266968,0.03759227693080902,0.05000000074505806,0.060996025800704956,0.010996025055646896,0.029999999329447746,0.02892719954252243,0.0010727997869253159,0.05000000074505806,0.05357341468334198,0.0035734139382839203
f1118dea1846074b,syr2k,syr2k,lv2:__PARA__L0-1.__PARA__L1-1.__PARA__L2-5.__PARA__L3-80.__PIPE__L0-off.__PIPE__L2-off.__TILE__L0-1.__TILE__L2-1,target,query,query,finetune_dataset,data_962.pt,58807.0,gatedgcn_vn,5,50,paper_exact_seed5,3.7048981189727783,3.6605756282806396,0.04432249069213867,0.10999999940395355,0.11422523856163025,0.004225239157676697,0.07000000029802322,0.05531895160675049,0.014681048691272736,0.029999999329447746,0.02358400821685791,0.006415991112589836,0.05999999865889549,0.05618389695882797,0.00381610170006752
9c5fe47a7f3371ca,syr2k,syr2k,lv2:__PARA__L0-1.__PARA__L1-1.__PARA__L2-1.__PARA__L3-1.__PIPE__L0-off.__PIPE__L2-flatten.__TILE__L0-1.__TILE__L2-1,target,query,query,finetune_dataset,data_913.pt,75021.0,gatedgcn_vn,5,50,paper_exact_seed5,3.529244899749756,2.922292709350586,0.6069521903991699,0.09000000357627869,0.1256675273180008,0.03566752374172211,0.03999999910593033,0.05776941776275635,0.01776941865682602,0.03999999910593033,0.03207185119390488,0.007928147912025452,0.05000000074505806,0.0465049147605896,0.00349508598446846
6b4151c6c70b25a0,syr2k,syr2k,lv2:__PARA__L0-1.__PARA__L1-8.__PARA__L2-1.__PARA__L3-80.__PIPE__L0-off.__PIPE__L2-off.__TILE__L0-1.__TILE__L2-1,target,query,query,finetune_dataset,data_1023.pt,69501.0,gatedgcn_vn,5,50,paper_exact_seed5,3.5843753814697266,3.5159945487976074,0.06838083267211914,0.10000000149011612,0.10851669311523438,0.008516691625118256,0.03999999910593033,0.04771760106086731,0.007717601954936981,0.03999999910593033,0.033714182674884796,0.006285816431045532,0.05000000074505806,0.05856071412563324,0.00856071338057518
de76b51eb645d686,syr2k,syr2k,lv2:__PARA__L0-1.__PARA__L1-8.__PARA__L2-5.__PARA__L3-80.__PIPE__L0-off.__PIPE__L2-NA.__TILE__L0-1.__TILE__L2-1,target,query,query,finetune_dataset,data_1030.pt,53287.0,gatedgcn_vn,5,50,paper_exact_seed5,3.7760002613067627,3.7160325050354004,0.059967756271362305,0.10999999940395355,0.12209799885749817,0.012097999453544617,0.07000000029802322,0.07034291326999664,0.0003429129719734192,0.029999999329447746,0.03405091166496277,0.004050912335515022,0.05999999865889549,0.05846507102251053,0.001534927636384964
d56de68b5818f2c0,syr2k,syr2k,lv2:__PARA__L0-1.__PARA__L1-2.__PARA__L2-2.__PARA__L3-80.__PIPE__L0-off.__PIPE__L2-off.__TILE__L0-1.__TILE__L2-1,target,query,query,finetune_dataset,data_992.pt,50783.0,gatedgcn_vn,5,50,paper_exact_seed5,3.8107192516326904,3.6071617603302,0.20355749130249023,0.10999999940395355,0.11487869918346405,0.004878699779510498,0.05000000074505806,0.057114481925964355,0.007114481180906296,0.029999999329447746,0.03290944546461105,0.002909446135163307,0.05000000074505806,0.05692078918218613,0.006920788437128067
046d7b1dc63a8aa9,syr2k,syr2k,lv2:__PARA__L0-1.__PARA__L1-16.__PARA__L2-1.__PARA__L3-20.__PIPE__L0-off.__PIPE__L2-off.__TILE__L0-1.__TILE__L2-1,target,query,query,finetune_dataset,data_975.pt,167089.0,gatedgcn_vn,5,50,paper_exact_seed5,2.9516196250915527,2.225407361984253,0.7262122631072998,0.07999999821186066,0.03669625520706177,0.04330374300479889,0.029999999329447746,0.026172399520874023,0.003827599808573723,0.07999999821186066,0.06293974071741104,0.017060257494449615,0.019999999552965164,0.05143434554338455,0.03143434599041939
c64f6f43879e6cb6,syr2k,syr2k,lv2:__PARA__L0-1.__PARA__L1-1.__PARA__L2-1.__PARA__L3-2.__PIPE__L0-off.__PIPE__L2-off.__TILE__L0-1.__TILE__L2-1,target,query,query,finetune_dataset,data_921.pt,341981.0,gatedgcn_vn,5,50,paper_exact_seed5,2.434969902038574,2.0643553733825684,0.37061452865600586,0.009999999776482582,0.06582852452993393,0.0558285266160965,0.0,0.004240602254867554,0.004240602254867554,0.0,0.0367831289768219,0.0367831289768219,0.029999999329447746,0.02236887812614441,0.007631121203303337
357b49644113aa28,syr2k,syr2k,lv2:__PARA__L0-1.__PARA__L1-4.__PARA__L2-5.__PARA__L3-80.__PIPE__L0-off.__PIPE__L2-off.__TILE__L0-1.__TILE__L2-1,target,query,query,finetune_dataset,data_1017.pt,54007.0,gatedgcn_vn,5,50,paper_exact_seed5,3.7663190364837646,3.732794761657715,0.033524274826049805,0.10999999940395355,0.11690592765808105,0.0069059282541275024,0.07000000029802322,0.059746891260147095,0.01025310903787613,0.029999999329447746,0.02396133542060852,0.006038663908839226,0.05999999865889549,0.060180552303791046,0.0001805536448955536
1d962536b4a8fa69,syr2k,syr2k,lv2:__PARA__L0-1.__PARA__L1-1.__PARA__L2-5.__PARA__L3-1.__PIPE__L0-off.__PIPE__L2-flatten.__TILE__L0-1.__TILE__L2-1,target,query,query,finetune_dataset,data_957.pt,58807.0,gatedgcn_vn,5,50,paper_exact_seed5,3.7048981189727783,3.3085360527038574,0.3963620662689209,0.10999999940395355,0.120989590883255,0.010989591479301453,0.07000000029802322,0.0822167843580246,0.012216784060001373,0.029999999329447746,0.0005010887980461121,0.029498910531401634,0.05999999865889549,0.029804088175296783,0.03019591048359871
0e9c5c17a8a6820d,syr2k,syr2k,lv2:__PARA__L0-1.__PARA__L1-16.__PARA__L2-3.__PARA__L3-80.__PIPE__L0-off.__PIPE__L2-off.__TILE__L0-1.__TILE__L2-1,target,query,query,finetune_dataset,data_982.pt,52811.0,gatedgcn_vn,5,50,paper_exact_seed5,3.782472848892212,3.808945655822754,0.026472806930541992,0.07999999821186066,0.12488608062267303,0.04488608241081238,0.05000000074505806,0.06364209204912186,0.013642091304063797,0.029999999329447746,0.040118537843227386,0.01011853851377964,0.05000000074505806,0.05714688450098038,0.0071468837559223175
f96e059b20685c7d,syr2k,syr2k,lv2:__PARA__L0-1.__PARA__L1-2.__PARA__L2-5.__PARA__L3-80.__PIPE__L0-off.__PIPE__L2-off.__TILE__L0-1.__TILE__L2-1,target,query,query,finetune_dataset,data_1001.pt,55607.0,gatedgcn_vn,5,50,paper_exact_seed5,3.7452588081359863,3.7077560424804688,0.03750276565551758,0.10999999940395355,0.11470885574817657,0.0047088563442230225,0.07000000029802322,0.056741029024124146,0.013258971273899078,0.029999999329447746,0.022999733686447144,0.007000265643000603,0.05999999865889549,0.057394444942474365,0.0026055537164211273
5499c8364cd4ba73,syr2k,syr2k,lv2:__PARA__L0-1.__PARA__L1-2.__PARA__L2-1.__PARA__L3-80.__PIPE__L0-off.__PIPE__L2-NA.__TILE__L0-1.__TILE__L2-1,target,query,query,finetune_dataset,data_987.pt,71821.0,gatedgcn_vn,5,50,paper_exact_seed5,3.5606892108917236,3.554342269897461,0.006346940994262695,0.09000000357627869,0.11274534463882446,0.022745341062545776,0.03999999910593033,0.047264158725738525,0.007264159619808197,0.03999999910593033,0.014810413122177124,0.025189585983753204,0.05000000074505806,0.05365390330553055,0.0036539025604724884
2641ecf0170d499d,syr2k,syr2k,lv2:__PARA__L0-1.__PARA__L1-1.__PARA__L2-5.__PARA__L3-1.__PIPE__L0-off.__PIPE__L2-flatten.__TILE__L0-1.__TILE__L2-8,target,query,query,finetune_dataset,data_960.pt,120746.0,gatedgcn_vn,5,50,paper_exact_seed5,3.1859405040740967,3.099418878555298,0.08652162551879883,0.15000000596046448,0.1357828676700592,0.014217138290405273,0.11999999731779099,0.10751768201589584,0.012482315301895142,0.019999999552965164,0.009698241949081421,0.010301757603883743,0.03999999910593033,0.02910599857568741,0.01089400053024292
c6bb6863b81bcca5,syr2k,syr2k,lv2:__PARA__L0-1.__PARA__L1-1.__PARA__L2-3.__PARA__L3-1.__PIPE__L0-off.__PIPE__L2-flatten.__TILE__L0-1.__TILE__L2-1,target,query,query,finetune_dataset,data_945.pt,58811.0,gatedgcn_vn,5,50,paper_exact_seed5,3.7048492431640625,3.2091808319091797,0.4956684112548828,0.07999999821186066,0.1276177614927292,0.04761776328086853,0.05000000074505806,0.06339866667985916,0.013398665934801102,0.029999999329447746,0.031762413680553436,0.00176241435110569,0.05000000074505806,0.03083861619234085,0.01916138455271721
cae64cd969998749,syr2k,syr2k,lv2:__PARA__L0-1.__PARA__L1-16.__PARA__L2-3.__PARA__L3-80.__PIPE__L0-off.__PIPE__L2-NA.__TILE__L0-1.__TILE__L2-1,target,query,query,finetune_dataset,data_981.pt,52811.0,gatedgcn_vn,5,50,paper_exact_seed5,3.782472848892212,3.7832679748535156,0.0007951259613037109,0.07999999821186066,0.12379930913448334,0.04379931092262268,0.05000000074505806,0.06464309245347977,0.014643091708421707,0.029999999329447746,0.04073527455329895,0.010735275223851204,0.05000000074505806,0.055864766240119934,0.005864765495061874
3e62e93928fad10e,syr2k,syr2k,lv2:__PARA__L0-1.__PARA__L1-4.__PARA__L2-2.__PARA__L3-80.__PIPE__L0-off.__PIPE__L2-off.__TILE__L0-1.__TILE__L2-1,target,query,query,finetune_dataset,data_1012.pt,49183.0,gatedgcn_vn,5,50,paper_exact_seed5,3.8338122367858887,3.6181178092956543,0.21569442749023438,0.10999999940395355,0.1127927154302597,0.0027927160263061523,0.05000000074505806,0.054755717515945435,0.004755716770887375,0.029999999329447746,0.031785234808921814,0.0017852354794740677,0.05000000074505806,0.059367261826992035,0.009367261081933975
a354c85e14e3f6e4,syr2k,syr2k,lv2:__PARA__L0-1.__PARA__L1-4.__PARA__L2-1.__PARA__L3-80.__PIPE__L0-off.__PIPE__L2-off.__TILE__L0-1.__TILE__L2-1,target,query,query,finetune_dataset,data_1010.pt,70221.0,gatedgcn_vn,5,50,paper_exact_seed5,3.5769407749176025,3.5366525650024414,0.04028820991516113,0.10000000149011612,0.10902690887451172,0.0090269073843956,0.03999999910593033,0.0474051833152771,0.007405184209346771,0.03999999910593033,0.028099127113819122,0.011900871992111206,0.05000000074505806,0.05713122338056564,0.007131222635507584
384fc79974f7e383,syr2k,syr2k,lv2:__PARA__L0-1.__PARA__L1-16.__PARA__L2-1.__PARA__L3-80.__PIPE__L0-off.__PIPE__L2-off.__TILE__L0-1.__TILE__L2-1,target,query,query,finetune_dataset,data_978.pt,69021.0,gatedgcn_vn,5,50,paper_exact_seed5,3.589374542236328,3.5762288570404053,0.013145685195922852,0.10000000149011612,0.11081904917955399,0.010819047689437866,0.03999999910593033,0.05247049033641815,0.012470491230487823,0.03999999910593033,0.03941576927900314,0.0005842298269271851,0.05000000074505806,0.05833577364683151,0.008335772901773453
935321614f5dddf4,syr2k,syr2k,lv2:__PARA__L0-1.__PARA__L1-1.__PARA__L2-3.__PARA__L3-80.__PIPE__L0-off.__PIPE__L2-off.__TILE__L0-1.__TILE__L2-1,target,query,query,finetune_dataset,data_950.pt,58811.0,gatedgcn_vn,5,50,paper_exact_seed5,3.7048492431640625,3.646279811859131,0.05856943130493164,0.07999999821186066,0.11669667065143585,0.036696672439575195,0.05000000074505806,0.059307828545570374,0.009307827800512314,0.029999999329447746,0.0273020938038826,0.0026979055255651474,0.05000000074505806,0.05604676157236099,0.006046760827302933
8db3a7561f57850f,syr2k,syr2k,lv2:__PARA__L0-1.__PARA__L1-1.__PARA__L2-1.__PARA__L3-1.__PIPE__L0-off.__PIPE__L2-off.__TILE__L0-1.__TILE__L2-1,target,query,query,finetune_dataset,data_918.pt,533981.0,gatedgcn_vn,5,50,paper_exact_seed5,2.1135339736938477,2.0889015197753906,0.02463245391845703,0.009999999776482582,0.06942214071750641,0.059422142803668976,0.0,0.004893749952316284,0.004893749952316284,0.0,0.03730215132236481,0.03730215132236481,0.019999999552965164,0.021226897835731506,0.0012268982827663422
76568d6ea0ffdca1,syr2k,syr2k,lv2:__PARA__L0-1.__PARA__L1-4.__PARA__L2-2.__PARA__L3-80.__PIPE__L0-off.__PIPE__L2-NA.__TILE__L0-1.__TILE__L2-1,target,query,query,finetune_dataset,data_1011.pt,49183.0,gatedgcn_vn,5,50,paper_exact_seed5,3.8338122367858887,3.6503453254699707,0.18346691131591797,0.10999999940395355,0.11294227838516235,0.0029422789812088013,0.05000000074505806,0.05324001610279083,0.003240015357732773,0.029999999329447746,0.02207687497138977,0.007923124358057976,0.05000000074505806,0.056975893676280975,0.006975892931222916
67905abe3e20c24a,syr2k,syr2k,lv2:__PARA__L0-1.__PARA__L1-8.__PARA__L2-1.__PARA__L3-20.__PIPE__L0-off.__PIPE__L2-off.__TILE__L0-1.__TILE__L2-1,target,query,query,finetune_dataset,data_1020.pt,165809.0,gatedgcn_vn,5,50,paper_exact_seed5,2.957166910171509,2.3469884395599365,0.6101784706115723,0.07000000029802322,0.03107738494873047,0.038922615349292755,0.029999999329447746,0.022326260805130005,0.007673738524317741,0.07999999821186066,0.057042524218559265,0.02295747399330139,0.019999999552965164,0.05078957974910736,0.030789580196142197
09322ccf332b047c,syr2k,syr2k,lv2:__PARA__L0-1.__PARA__L1-1.__PARA__L2-8.__PARA__L3-80.__PIPE__L0-off.__PIPE__L2-NA.__TILE__L0-1.__TILE__L2-1,target,query,query,finetune_dataset,data_972.pt,57779.0,gatedgcn_vn,5,50,paper_exact_seed5,3.7176194190979004,3.650458574295044,0.06716084480285645,0.2199999988079071,0.1214439794421196,0.0985560193657875,0.11999999731779099,0.06856510043144226,0.051434896886348724,0.029999999329447746,0.030919916927814484,0.0009199175983667374,0.05000000074505806,0.05461285263299942,0.0046128518879413605
a5062b8ba71a79db,syr2k,syr2k,lv2:__PARA__L0-1.__PARA__L1-2.__PARA__L2-2.__PARA__L3-80.__PIPE__L0-off.__PIPE__L2-NA.__TILE__L0-1.__TILE__L2-1,target,query,query,finetune_dataset,data_991.pt,50783.0,gatedgcn_vn,5,50,paper_exact_seed5,3.8107192516326904,3.6469876766204834,0.16373157501220703,0.10999999940395355,0.11502949148416519,0.005029492080211639,0.05000000074505806,0.05527836084365845,0.005278360098600388,0.029999999329447746,0.023037046194076538,0.006962953135371208,0.05000000074505806,0.05468880385160446,0.004688803106546402
8983256af8020ec5,syr2k,syr2k,lv2:__PARA__L0-1.__PARA__L1-2.__PARA__L2-1.__PARA__L3-16.__PIPE__L0-off.__PIPE__L2-off.__TILE__L0-1.__TILE__L2-1,target,query,query,finetune_dataset,data_984.pt,170781.0,gatedgcn_vn,5,50,paper_exact_seed5,2.935854434967041,2.2083117961883545,0.7275426387786865,0.03999999910593033,0.05175923556089401,0.011759236454963684,0.009999999776482582,0.03168240189552307,0.02168240211904049,0.05000000074505806,0.05678736791014671,0.0067873671650886536,0.07999999821186066,0.04456361383199692,0.03543638437986374
43cce9689f44f3f0,syr2k,syr2k,lv2:__PARA__L0-1.__PARA__L1-1.__PARA__L2-8.__PARA__L3-1.__PIPE__L0-off.__PIPE__L2-flatten.__TILE__L0-1.__TILE__L2-1,target,query,query,finetune_dataset,data_969.pt,57779.0,gatedgcn_vn,5,50,paper_exact_seed5,3.7176194190979004,3.37064528465271,0.34697413444519043,0.2199999988079071,0.15655997395515442,0.06344002485275269,0.11999999731779099,0.11458584666252136,0.005414150655269623,0.029999999329447746,0.020621299743652344,0.009378699585795403,0.05000000074505806,0.032042019069194794,0.017957981675863266
cc45c47936d4a678,syr2k,syr2k,lv2:__PARA__L0-1.__PARA__L1-2.__PARA__L2-3.__PARA__L3-80.__PIPE__L0-off.__PIPE__L2-NA.__TILE__L0-1.__TILE__L2-1,target,query,query,finetune_dataset,data_994.pt,55611.0,gatedgcn_vn,5,50,paper_exact_seed5,3.7452070713043213,3.6799983978271484,0.06520867347717285,0.07999999821186066,0.11819438636302948,0.03819438815116882,0.05000000074505806,0.06284680962562561,0.01284680888056755,0.029999999329447746,0.028621241450309753,0.0013787578791379929,0.05000000074505806,0.05476836860179901,0.0047683678567409515
e9d3815682c668ff,syr2k,syr2k,lv2:__PARA__L0-1.__PARA__L1-16.__PARA__L2-2.__PARA__L3-80.__PIPE__L0-off.__PIPE__L2-off.__TILE__L0-1.__TILE__L2-1,target,query,query,finetune_dataset,data_980.pt,47983.0,gatedgcn_vn,5,50,paper_exact_seed5,3.851630449295044,3.718566656112671,0.13306379318237305,0.10999999940395355,0.11664178967475891,0.006641790270805359,0.05000000074505806,0.05932542681694031,0.009325426071882248,0.029999999329447746,0.04311560094356537,0.013115601614117622,0.05000000074505806,0.05835527926683426,0.0083552785217762
5be48de24ad76cd8,syr2k,syr2k,lv2:__PARA__L0-1.__PARA__L1-8.__PARA__L2-1.__PARA__L3-80.__PIPE__L0-off.__PIPE__L2-NA.__TILE__L0-1.__TILE__L2-1,target,query,query,finetune_dataset,data_1022.pt,69501.0,gatedgcn_vn,5,50,paper_exact_seed5,3.5843753814697266,3.492964267730713,0.09141111373901367,0.10000000149011612,0.11114571988582611,0.011145718395709991,0.03999999910593033,0.04874478280544281,0.008744783699512482,0.03999999910593033,0.02071959525346756,0.01928040385246277,0.05000000074505806,0.05931079387664795,0.00931079313158989
887d3a42caec739c,syr2k,syr2k,lv2:__PARA__L0-1.__PARA__L1-8.__PARA__L2-6.__PARA__L3-80.__PIPE__L0-off.__PIPE__L2-NA.__TILE__L0-1.__TILE__L2-1,target,query,query,finetune_dataset,data_1032.pt,48381.0,gatedgcn_vn,5,50,paper_exact_seed5,3.8456718921661377,3.7182066440582275,0.12746524810791016,0.12999999523162842,0.12286707758903503,0.007132917642593384,0.07000000029802322,0.07134200632572174,0.0013420060276985168,0.029999999329447746,0.03453909605741501,0.004539096727967262,0.05000000074505806,0.05823134630918503,0.008231345564126968
8d6e4878c2992e15,syr2k,syr2k,lv2:__PARA__L0-1.__PARA__L1-16.__PARA__L2-1.__PARA__L3-16.__PIPE__L0-off.__PIPE__L2-off.__TILE__L0-1.__TILE__L2-1,target,query,query,finetune_dataset,data_974.pt,167981.0,gatedgcn_vn,5,50,paper_exact_seed5,2.9477791786193848,2.3081610202789307,0.6396181583404541,0.03999999910593033,0.03451703488826752,0.005482964217662811,0.019999999552965164,0.024181604385375977,0.004181604832410812,0.05000000074505806,0.062744140625,0.01274413987994194,0.07999999821186066,0.049793362617492676,0.03020663559436798
eba61534fab39817,syr2k,syr2k,lv2:__PARA__L0-1.__PARA__L1-1.__PARA__L2-2.__PARA__L3-1.__PIPE__L0-off.__PIPE__L2-flatten.__TILE__L0-1.__TILE__L2-1,target,query,query,finetune_dataset,data_938.pt,53983.0,gatedgcn_vn,5,50,paper_exact_seed5,3.766639471054077,3.07373046875,0.6929090023040771,0.10999999940395355,0.13392844796180725,0.0239284485578537,0.05000000074505806,0.05571374297142029,0.005713742226362228,0.029999999329447746,0.03774954378604889,0.007749544456601143,0.05000000074505806,0.034986965358257294,0.015013035386800766
d852e2c5f079503a,syr2k,syr2k,lv2:__PARA__L0-1.__PARA__L1-1.__PARA__L2-5.__PARA__L3-1.__PIPE__L0-off.__PIPE__L2-flatten.__TILE__L0-1.__TILE__L2-4,target,query,query,finetune_dataset,data_959.pt,127693.0,gatedgcn_vn,5,50,paper_exact_seed5,3.1455883979797363,3.1802282333374023,0.034639835357666016,0.10999999940395355,0.12561741471290588,0.015617415308952332,0.07000000029802322,0.09504583477973938,0.025045834481716156,0.019999999552965164,-0.0023665502667427063,0.02236654981970787,0.029999999329447746,0.029428355395793915,0.0005716439336538315
7f598e1a5b204938,syr2k,syr2k,lv2:__PARA__L0-1.__PARA__L1-1.__PARA__L2-1.__PARA__L3-8.__PIPE__L0-off.__PIPE__L2-off.__TILE__L0-1.__TILE__L2-1,target,query,query,finetune_dataset,data_926.pt,197981.0,gatedgcn_vn,5,50,paper_exact_seed5,2.829246997833252,2.3388845920562744,0.49036240577697754,0.019999999552965164,0.051263973116874695,0.03126397356390953,0.009999999776482582,0.017580151557922363,0.007580151781439781,0.019999999552965164,0.0473773330450058,0.027377333492040634,0.05000000074505806,0.03154439479112625,0.01845560595393181
6e7dc87d3b844561,syr2k,syr2k,lv2:__PARA__L0-1.__PARA__L1-1.__PARA__L2-3.__PARA__L3-1.__PIPE__L0-off.__PIPE__L2-flatten.__TILE__L0-1.__TILE__L2-8,target,query,query,finetune_dataset,data_948.pt,136186.0,gatedgcn_vn,5,50,paper_exact_seed5,3.0991389751434326,3.005105495452881,0.09403347969055176,0.11999999731779099,0.1148124411702156,0.005187556147575378,0.10000000149011612,0.07582879811525345,0.02417120337486267,0.019999999552965164,0.016707181930541992,0.003292817622423172,0.029999999329447746,0.027914367616176605,0.002085631713271141
d73266b5cab341fd,syr2k,syr2k,lv2:__PARA__L0-1.__PARA__L1-1.__PARA__L2-2.__PARA__L3-1.__PIPE__L0-off.__PIPE__L2-flatten.__TILE__L0-1.__TILE__L2-4,target,query,query,finetune_dataset,data_940.pt,197467.0,gatedgcn_vn,5,50,paper_exact_seed5,2.831122398376465,2.9348695278167725,0.10374712944030762,0.18000000715255737,0.12873688340187073,0.051263123750686646,0.09000000357627869,0.05954843759536743,0.030451565980911255,0.019999999552965164,0.036354534327983856,0.016354534775018692,0.009999999776482582,0.031471095979213715,0.021471096202731133
836ae386a69d9da6,syr2k,syr2k,lv2:__PARA__L0-1.__PARA__L1-1.__PARA__L2-4.__PARA__L3-1.__PIPE__L0-off.__PIPE__L2-flatten.__TILE__L0-1.__TILE__L2-4,target,query,query,finetune_dataset,data_953.pt,137307.0,gatedgcn_vn,5,50,paper_exact_seed5,3.0932254791259766,3.156313896179199,0.06308841705322266,0.17000000178813934,0.11516999453306198,0.05483000725507736,0.10000000149011612,0.08143496513366699,0.018565036356449127,0.019999999552965164,0.0009157806634902954,0.01908421888947487,0.009999999776482582,0.02996973693370819,0.01996973715722561
3caf27e8d55488b0,syr2k,syr2k,lv2:__PARA__L0-1.__PARA__L1-8.__PARA__L2-2.__PARA__L3-80.__PIPE__L0-off.__PIPE__L2-NA.__TILE__L0-1.__TILE__L2-1,target,query,query,finetune_dataset,data_1024.pt,48463.0,gatedgcn_vn,5,50,paper_exact_seed5,3.8444502353668213,3.6590919494628906,0.18535828590393066,0.10999999940395355,0.11214825510978699,0.002148255705833435,0.05000000074505806,0.05339699983596802,0.003396999090909958,0.029999999329447746,0.027802489697933197,0.0021975096315145493,0.05000000074505806,0.05827516317367554,0.008275162428617477
473a8504bbc3f8c3,syr2k,syr2k,lv2:__PARA__L0-1.__PARA__L1-4.__PARA__L2-1.__PARA__L3-20.__PIPE__L0-off.__PIPE__L2-off.__TILE__L0-1.__TILE__L2-1,target,query,query,finetune_dataset,data_1008.pt,165169.0,gatedgcn_vn,5,50,paper_exact_seed5,2.959956645965576,2.249622344970703,0.710334300994873,0.07000000029802322,0.04106597602367401,0.028934024274349213,0.029999999329447746,0.028102725744247437,0.0018972735852003098,0.07999999821186066,0.05261325091123581,0.027386747300624847,0.019999999552965164,0.048043228685855865,0.0280432291328907
0bb1acf1c6bdd6ca,syr2k,syr2k,lv2:__PARA__L0-1.__PARA__L1-1.__PARA__L2-1.__PARA__L3-16.__PIPE__L0-off.__PIPE__L2-off.__TILE__L0-1.__TILE__L2-1,target,query,query,finetune_dataset,data_920.pt,173981.0,gatedgcn_vn,5,50,paper_exact_seed5,2.9224631786346436,2.2267069816589355,0.695756196975708,0.029999999329447746,0.0539570227265358,0.02395702339708805,0.009999999776482582,0.031335845589637756,0.021335845813155174,0.05000000074505806,0.056980863213539124,0.006980862468481064,0.07999999821186066,0.043657585978507996,0.03634241223335266
f40fd44b5e21918b,syr2k,syr2k,lv2:__PARA__L0-1.__PARA__L1-1.__PARA__L2-1.__PARA__L3-80.__PIPE__L0-off.__PIPE__L2-off.__TILE__L0-1.__TILE__L2-1,target,query,query,finetune_dataset,data_928.pt,75021.0,gatedgcn_vn,5,50,paper_exact_seed5,3.529244899749756,3.5156755447387695,0.013569355010986328,0.09000000357627869,0.11052107065916061,0.020521067082881927,0.03999999910593033,0.047607600688934326,0.007607601583003998,0.03999999910593033,0.029287345707416534,0.010712653398513794,0.05000000074505806,0.05346853286027908,0.0034685321152210236
ac15cc16356e3d5e,syr2k,syr2k,lv2:__PARA__L0-1.__PARA__L1-1.__PARA__L2-8.__PARA__L3-1.__PIPE__L0-off.__PIPE__L2-flatten.__TILE__L0-1.__TILE__L2-2,target,query,query,finetune_dataset,data_970.pt,137547.0,gatedgcn_vn,5,50,paper_exact_seed5,3.091965675354004,3.3245019912719727,0.23253631591796875,0.23000000417232513,0.15815265476703644,0.0718473494052887,0.14000000059604645,0.12935568392276764,0.010644316673278809,0.019999999552965164,0.023254022002220154,0.0032540224492549896,0.009999999776482582,0.03224076330661774,0.022240763530135155
bc4bbd8ca4e44e5f,syr2k,syr2k,lv2:__PARA__L0-1.__PARA__L1-1.__PARA__L2-1.__PARA__L3-10.__PIPE__L0-off.__PIPE__L2-off.__TILE__L0-1.__TILE__L2-1,target,query,query,finetune_dataset,data_919.pt,188449.0,gatedgcn_vn,5,50,paper_exact_seed5,2.8648409843444824,2.330806255340576,0.5340347290039062,0.03999999910593033,0.05151645839214325,0.011516459286212921,0.019999999552965164,0.021771445870399475,0.001771446317434311,0.03999999910593033,0.05110868066549301,0.011108681559562683,0.05999999865889549,0.03497075289487839,0.025029245764017105
dce6c42b9ce883d4,syr2k,syr2k,lv2:__PARA__L0-1.__PARA__L1-1.__PARA__L2-10.__PARA__L3-1.__PIPE__L0-off.__PIPE__L2-flatten.__TILE__L0-1.__TILE__L2-1,target,query,query,finetune_dataset,data_929.pt,53901.0,gatedgcn_vn,5,50,paper_exact_seed5,3.7677361965179443,3.3791370391845703,0.388599157333374,0.18000000715255737,0.18331344425678253,0.0033134371042251587,0.10999999940395355,0.14742843806743622,0.037428438663482666,0.029999999329447746,0.05850391462445259,0.028503915295004845,0.05000000074505806,0.03661986440420151,0.013380136340856552
1998412237ef2c3d,syr2k,syr2k,lv2:__PARA__L0-1.__PARA__L1-1.__PARA__L2-6.__PARA__L3-80.__PIPE__L0-off.__PIPE__L2-NA.__TILE__L0-1.__TILE__L2-1,target,query,query,finetune_dataset,data_967.pt,53901.0,gatedgcn_vn,5,50,paper_exact_seed5,3.7677361965179443,3.652135133743286,0.1156010627746582,0.11999999731779099,0.12085230648517609,0.0008523091673851013,0.07000000029802322,0.0672772079706192,0.002722792327404022,0.029999999329447746,0.027862124145030975,0.002137875184416771,0.05000000074505806,0.05423940718173981,0.0042394064366817474
fe97f1c7f7557306,syr2k,syr2k,lv2:__PARA__L0-1.__PARA__L1-1.__PARA__L2-1.__PARA__L3-1.__PIPE__L0-off.__PIPE__L2-flatten.__TILE__L0-1.__TILE__L2-4,target,query,query,finetune_dataset,data_915.pt,296869.0,gatedgcn_vn,5,50,paper_exact_seed5,2.537014961242676,2.7140860557556152,0.17707109451293945,0.09000000357627869,0.1317286193370819,0.04172861576080322,0.05999999865889549,0.05843997001647949,0.0015600286424160004,0.019999999552965164,0.030837543308734894,0.01083754375576973,0.009999999776482582,0.04091567546129227,0.030915675684809685
c3b93c17507b24a8,syr2k,syr2k,lv2:__PARA__L0-1.__PARA__L1-4.__PARA__L2-1.__PARA__L3-16.__PIPE__L0-off.__PIPE__L2-off.__TILE__L0-1.__TILE__L2-1,target,query,query,finetune_dataset,data_1007.pt,169181.0,gatedgcn_vn,5,50,paper_exact_seed5,2.9426443576812744,2.3496429920196533,0.5930013656616211,0.03999999910593033,0.03873659670352936,0.0012634024024009705,0.009999999776482582,0.0241127610206604,0.014112761244177818,0.05000000074505806,0.0505504384636879,0.000550437718629837,0.07999999821186066,0.04679890722036362,0.03320109099149704
396f10a14a6777c8,syr2k,syr2k,lv2:__PARA__L0-1.__PARA__L1-1.__PARA__L2-6.__PARA__L3-1.__PIPE__L0-off.__PIPE__L2-flatten.__TILE__L0-1.__TILE__L2-4,target,query,query,finetune_dataset,data_965.pt,127037.0,gatedgcn_vn,5,50,paper_exact_seed5,3.149303674697876,3.198068618774414,0.048764944076538086,0.18000000715255737,0.1370823085308075,0.04291769862174988,0.10999999940395355,0.11207469552755356,0.002074696123600006,0.019999999552965164,0.0016266703605651855,0.01837332919239998,0.019999999552965164,0.029834970831871033,0.009834971278905869
8c2a257a28918f1e,syr2k,syr2k,lv2:__PARA__L0-1.__PARA__L1-8.__PARA__L2-5.__PARA__L3-80.__PIPE__L0-off.__PIPE__L2-off.__TILE__L0-1.__TILE__L2-1,target,query,query,finetune_dataset,data_1031.pt,53287.0,gatedgcn_vn,5,50,paper_exact_seed5,3.7760002613067627,3.754894495010376,0.02110576629638672,0.10999999940395355,0.11908183991909027,0.009081840515136719,0.07000000029802322,0.06269216537475586,0.0073078349232673645,0.029999999329447746,0.028901658952236176,0.0010983403772115707,0.05999999865889549,0.06061813235282898,0.0006181336939334869
cff2f356c25a7da3,syr2k,syr2k,lv2:__PARA__L0-1.__PARA__L1-1.__PARA__L2-1.__PARA__L3-5.__PIPE__L0-off.__PIPE__L2-off.__TILE__L0-1.__TILE__L2-1,target,query,query,finetune_dataset,data_925.pt,769181.0,gatedgcn_vn,5,50,paper_exact_seed5,1.8502665758132935,2.338949203491211,0.4886826276779175,0.009999999776482582,0.051688052713871,0.04168805480003357,0.0,0.009682849049568176,0.009682849049568176,0.0,0.040382929146289825,0.040382929146289825,0.03999999910593033,0.02782357484102249,0.012176424264907837
1d13483073c912dd,syr2k,syr2k,lv2:__PARA__L0-1.__PARA__L1-1.__PARA__L2-12.__PARA__L3-1.__PIPE__L0-off.__PIPE__L2-flatten.__TILE__L0-1.__TILE__L2-4,target,query,query,finetune_dataset,data_935.pt,107307.0,gatedgcn_vn,5,50,paper_exact_seed5,3.2710559368133545,3.301443576812744,0.03038763999938965,0.28999999165534973,0.19618868827819824,0.09381130337715149,0.17000000178813934,0.2056245654821396,0.035624563694000244,0.019999999552965164,0.06872689723968506,0.048726897686719894,0.019999999552965164,0.04132124036550522,0.021321240812540054
cc25fb09996cf912,gemm-p,gemm-p,lv2:__PARA__L0-1.__PARA__L1-32.__PARA__L2-1.__PARA__L3-1.__PIPE__L0-off.__PIPE__L2-flatten.__TILE__L0-2.__TILE__L2-1,target,query,query,finetune_dataset,data_269.pt,31323.0,gatedgcn_vn,5,50,paper_exact_seed5,4.159280776977539,3.8099632263183594,0.3493175506591797,0.05999999865889549,0.09408892691135406,0.03408892825245857,0.019999999552965164,0.04393470287322998,0.023934703320264816,0.03999999910593033,0.03956027328968048,0.0004397258162498474,0.05000000074505806,0.05341584235429764,0.0034158416092395782
dfccf34a168c3e6b,gemm-p,gemm-p,lv2:__PARA__L0-1.__PARA__L1-1.__PARA__L2-5.__PARA__L3-14.__PIPE__L0-off.__PIPE__L2-off.__TILE__L0-1.__TILE__L2-2,target,query,query,finetune_dataset,data_200.pt,211097.0,gatedgcn_vn,5,50,paper_exact_seed5,2.7829749584198,2.7046968936920166,0.0782780647277832,0.019999999552965164,0.025601699948310852,0.005601700395345688,0.009999999776482582,0.017723143100738525,0.007723143324255943,0.019999999552965164,0.03256116062402725,0.012561161071062088,0.03999999910593033,0.03273465484380722,0.007265344262123108
c6e49ec4b4435aed,gemm-p,gemm-p,lv2:__PARA__L0-15.__PARA__L1-32.__PARA__L2-16.__PARA__L3-1.__PIPE__L0-NA.__PIPE__L2-flatten.__TILE__L0-4.__TILE__L2-1,target,query,query,finetune_dataset,data_356.pt,11552.0,gatedgcn_vn,5,50,paper_exact_seed5,4.878820896148682,4.660833835601807,0.217987060546875,0.3499999940395355,0.38883012533187866,0.03883013129234314,0.23999999463558197,0.18892435729503632,0.051075637340545654,0.36000001430511475,0.30124831199645996,0.058751702308654785,0.009999999776482582,0.005845874547958374,0.004154125228524208
9929154d2a2ca07e,gemm-p,gemm-p,lv2:__PARA__L0-1.__PARA__L1-1.__PARA__L2-8.__PARA__L3-5.__PIPE__L0-off.__PIPE__L2-off.__TILE__L0-1.__TILE__L2-2,target,query,query,finetune_dataset,data_225.pt,391190.0,gatedgcn_vn,5,50,paper_exact_seed5,2.3379933834075928,3.135875940322876,0.7978825569152832,0.009999999776482582,0.0442425012588501,0.034242503345012665,0.009999999776482582,0.03195524215698242,0.02195524238049984,0.009999999776482582,0.08033982664346695,0.07033982872962952,0.03999999910593033,0.02860546112060547,0.01139453798532486
280ae587561178ad,gemm-p,gemm-p,lv2:__PARA__L0-1.__PARA__L1-1.__PARA__L2-1.__PARA__L3-14.__PIPE__L0-off.__PIPE__L2-off.__TILE__L0-1.__TILE__L2-1,target,query,query,finetune_dataset,data_83.pt,149233.0,gatedgcn_vn,5,50,paper_exact_seed5,3.03314471244812,2.1912343502044678,0.8419103622436523,0.029999999329447746,0.027863502502441406,0.00213649682700634,0.009999999776482582,0.005884021520614624,0.004115978255867958,0.019999999552965164,0.012084200978279114,0.00791579857468605,0.029999999329447746,0.03557697683572769,0.005576977506279945
f779ac08d7725162,gemm-p,gemm-p,lv2:__PARA__L0-30.__PARA__L1-32.__PARA__L2-1.__PARA__L3-1.__PIPE__L0-NA.__PIPE__L2-flatten.__TILE__L0-2.__TILE__L2-1,target,query,query,finetune_dataset,data_388.pt,55939.0,gatedgcn_vn,5,50,paper_exact_seed5,3.740964889526367,4.237679958343506,0.49671506881713867,0.05999999865889549,0.1197846382856369,0.05978463962674141,0.019999999552965164,0.06947343796491623,0.049473438411951065,0.03999999910593033,0.06247309595346451,0.02247309684753418,0.05000000074505806,0.04672157019376755,0.003278430551290512
4f0e57501f9fad75,gemm-p,gemm-p,lv2:__PARA__L0-3.__PARA__L1-32.__PARA__L2-10.__PARA__L3-1.__PIPE__L0-off.__PIPE__L2-flatten.__TILE__L0-1.__TILE__L2-8,target,query,query,finetune_dataset,data_383.pt,9717.0,gatedgcn_vn,5,50,paper_exact_seed5,5.003600597381592,4.91028356552124,0.09331703186035156,0.23000000417232513,0.2615652084350586,0.03156520426273346,0.1599999964237213,0.15332409739494324,0.006675899028778076,0.2199999988079071,0.20766551792621613,0.012334480881690979,0.009999999776482582,0.012333184480667114,0.002333184704184532
fb1114b6b71fa02e,gemm-p,gemm-p,lv2:__PARA__L0-1.__PARA__L1-1.__PARA__L2-4.__PARA__L3-7.__PIPE__L0-off.__PIPE__L2-off.__TILE__L0-1.__TILE__L2-1,target,query,query,finetune_dataset,data_189.pt,23584.0,gatedgcn_vn,5,50,paper_exact_seed5,4.363987922668457,2.6186022758483887,1.7453856468200684,0.03999999910593033,0.01750624179840088,0.02249375730752945,0.019999999552965164,0.008844852447509766,0.011155147105455399,0.05000000074505806,0.019637711346149445,0.030362289398908615,0.029999999329447746,0.0299619659781456,3.803335130214691e-05
062dbc9eb2b08f44,gemm-p,gemm-p,lv2:__PARA__L0-1.__PARA__L1-32.__PARA__L2-1.__PARA__L3-1.__PIPE__L0-NA.__PIPE__L2-flatten.__TILE__L0-4.__TILE__L2-1,target,query,query,finetune_dataset,data_267.pt,33034.0,gatedgcn_vn,5,50,paper_exact_seed5,4.120916366577148,3.947925090789795,0.17299127578735352,0.05999999865889549,0.09625191986560822,0.03625192120671272,0.019999999552965164,0.04165831208229065,0.021658312529325485,0.03999999910593033,0.039240963757038116,0.0007590353488922119,0.05000000074505806,0.051203444600105286,0.001203443855047226
4567c48bf3971940,gemm-p,gemm-p,lv2:__PARA__L0-1.__PARA__L1-1.__PARA__L2-4.__PARA__L3-14.__PIPE__L0-off.__PIPE__L2-off.__TILE__L0-1.__TILE__L2-2,target,query,query,finetune_dataset,data_178.pt,232565.0,gatedgcn_vn,5,50,paper_exact_seed5,2.713111162185669,2.6287999153137207,0.08431124687194824,0.019999999552965164,0.019962355494499207,3.764405846595764e-05,0.009999999776482582,0.014661610126495361,0.004661610350012779,0.009999999776482582,0.02487734705209732,0.014877347275614738,0.03999999910593033,0.03155595064163208,0.008444048464298248
f89c7dc4eb22e0f6,gemm-p,gemm-p,lv2:__PARA__L0-1.__PARA__L1-1.__PARA__L2-4.__PARA__L3-5.__PIPE__L0-off.__PIPE__L2-off.__TILE__L0-1.__TILE__L2-4,target,query,query,finetune_dataset,data_187.pt,420660.0,gatedgcn_vn,5,50,paper_exact_seed5,2.2856006622314453,2.582500457763672,0.29689979553222656,0.009999999776482582,0.01655861735343933,0.006558617576956749,0.0,0.013939142227172852,0.013939142227172852,0.0,0.01937440037727356,0.01937440037727356,0.029999999329447746,0.03195171058177948,0.0019517112523317337
ef1ceb40a4d651b2,gemm-p,gemm-p,lv2:__PARA__L0-1.__PARA__L1-1.__PARA__L2-5.__PARA__L3-5.__PIPE__L0-off.__PIPE__L2-off.__TILE__L0-1.__TILE__L2-1,target,query,query,finetune_dataset,data_206.pt,25145.0,gatedgcn_vn,5,50,paper_exact_seed5,4.317756175994873,2.768789291381836,1.548966884613037,0.029999999329447746,0.024014651775360107,0.005985347554087639,0.019999999552965164,0.017474472522735596,0.0025255270302295685,0.03999999910593033,0.029362812638282776,0.010637186467647552,0.029999999329447746,0.0317201092839241,0.0017201099544763565
983a5a4659353237,gemm-p,gemm-p,lv2:__PARA__L0-1.__PARA__L1-16.__PARA__L2-1.__PARA__L3-32.__PIPE__L0-off.__PIPE__L2-off.__TILE__L0-1.__TILE__L2-80,target,query,query,finetune_dataset,data_235.pt,285589.0,gatedgcn_vn,5,50,paper_exact_seed5,2.564957857131958,2.2875609397888184,0.27739691734313965,0.009999999776482582,-0.010733082890510559,0.02073308266699314,0.009999999776482582,0.0013872981071472168,0.008612701669335365,0.019999999552965164,0.02167917788028717,0.0016791783273220062,0.05000000074505806,0.028399892151355743,0.021600108593702316
648a53c110f97b95,gemm-p,gemm-p,lv2:__PARA__L0-1.__PARA__L1-32.__PARA__L2-16.__PARA__L3-1.__PIPE__L0-off.__PIPE__L2-flatten.__TILE__L0-4.__TILE__L2-1,target,query,query,finetune_dataset,data_285.pt,9506.0,gatedgcn_vn,5,50,paper_exact_seed5,5.019436836242676,4.526127338409424,0.49330949783325195,0.3499999940395355,0.29149922728538513,0.05850076675415039,0.23999999463558197,0.15735605359077454,0.08264394104480743,0.36000001430511475,0.20983855426311493,0.15016146004199982,0.009999999776482582,0.016148246824741364,0.006148247048258781
ce912d6165eea1f8,gemm-p,gemm-p,lv2:__PARA__L0-1.__PARA__L1-5.__PARA__L2-4.__PARA__L3-1.__PIPE__L0-off.__PIPE__L2-flatten.__TILE__L0-1.__TILE__L2-1,target,query,query,finetune_dataset,data_315.pt,20587.0,gatedgcn_vn,5,50,paper_exact_seed5,4.462025165557861,3.392528533935547,1.0694966316223145,0.07999999821186066,0.12908892333507538,0.04908892512321472,0.05000000074505806,0.08793816715478897,0.03793816640973091,0.05000000074505806,0.08613304048776627,0.036133039742708206,0.009999999776482582,0.028631292283535004,0.01863129250705242
0bfe1684da131d58,gemm-p,gemm-p,lv2:__PARA__L0-15.__PARA__L1-16.__PARA__L2-16.__PARA__L3-1.__PIPE__L0-off.__PIPE__L2-flatten.__TILE__L0-1.__TILE__L2-1,target,query,query,finetune_dataset,data_346.pt,11732.0,gatedgcn_vn,5,50,paper_exact_seed5,4.8676676750183105,4.605529308319092,0.26213836669921875,0.3499999940395355,0.3912426829338074,0.04124268889427185,0.23999999463558197,0.20711788535118103,0.03288210928440094,0.36000001430511475,0.31475093960762024,0.04524907469749451,0.009999999776482582,0.0076894089579582214,0.0023105908185243607
396e05dbe851e2f4,gemm-p,gemm-p,lv2:__PARA__L0-1.__PARA__L1-1.__PARA__L2-2.__PARA__L3-14.__PIPE__L0-off.__PIPE__L2-NA.__TILE__L0-1.__TILE__L2-1,target,query,query,finetune_dataset,data_138.pt,108370.0,gatedgcn_vn,5,50,paper_exact_seed5,3.2639453411102295,3.5335323810577393,0.26958703994750977,0.05000000074505806,0.04976848512887955,0.00023151561617851257,0.019999999552965164,0.011295139789581299,0.008704859763383865,0.05000000074505806,0.022723853588104248,0.02727614715695381,0.029999999329447746,0.033197320997714996,0.00319732166826725
7fa62088f5c322db,gemm-p,gemm-p,lv2:__PARA__L0-5.__PARA__L1-32.__PARA__L2-16.__PARA__L3-1.__PIPE__L0-off.__PIPE__L2-flatten.__TILE__L0-1.__TILE__L2-1,target,query,query,finetune_dataset,data_417.pt,9680.0,gatedgcn_vn,5,50,paper_exact_seed5,5.00635290145874,4.645847797393799,0.3605051040649414,0.3499999940395355,0.38739579916000366,0.03739580512046814,0.23999999463558197,0.19963140785694122,0.04036858677864075,0.36000001430511475,0.30384618043899536,0.056153833866119385,0.009999999776482582,0.008954577147960663,0.0010454226285219193
4f7c1c7a0159ad36,gemm-p,gemm-p,lv2:__PARA__L0-1.__PARA__L1-1.__PARA__L2-1.__PARA__L3-10.__PIPE__L0-off.__PIPE__L2-off.__TILE__L0-1.__TILE__L2-2,target,query,query,finetune_dataset,data_81.pt,436495.0,gatedgcn_vn,5,50,paper_exact_seed5,2.2589454650878906,2.2805728912353516,0.021627426147460938,0.009999999776482582,0.017499521374702454,0.0074995215982198715,0.0,-0.003744363784790039,0.003744363784790039,0.0,0.0042300745844841,0.0042300745844841,0.019999999552965164,0.0312306210398674,0.011230621486902237
d7a4be32a684722c,gemm-p,gemm-p,lv2:__PARA__L0-15.__PARA__L1-32.__PARA__L2-1.__PARA__L3-1.__PIPE__L0-NA.__PIPE__L2-flatten.__TILE__L0-1.__TILE__L2-80,target,query,query,finetune_dataset,data_347.pt,42692.0,gatedgcn_vn,5,50,paper_exact_seed5,3.9359092712402344,4.002805233001709,0.06689596176147461,0.05999999865889549,0.04619179666042328,0.013808201998472214,0.019999999552965164,0.015681341290473938,0.004318658262491226,0.03999999910593033,0.033215127885341644,0.006784871220588684,0.05000000074505806,0.06126232445240021,0.011262323707342148
c03aaad6566026ef,gemm-p,gemm-p,lv2:__PARA__L0-1.__PARA__L1-1.__PARA__L2-16.__PARA__L3-1.__PIPE__L0-off.__PIPE__L2-flatten.__TILE__L0-1.__TILE__L2-1,target,query,query,finetune_dataset,data_120.pt,14587.0,gatedgcn_vn,5,50,paper_exact_seed5,4.710550308227539,4.087582588195801,0.6229677200317383,0.3199999928474426,0.2779725193977356,0.04202747344970703,0.23999999463558197,0.14874406158924103,0.09125593304634094,0.36000001430511475,0.18736529350280762,0.17263472080230713,0.009999999776482582,0.019439056515693665,0.009439056739211082
5c03e66d33359257,gemm-p,gemm-p,lv2:__PARA__L0-10.__PARA__L1-32.__PARA__L2-16.__PARA__L3-1.__PIPE__L0-off.__PIPE__L2-flatten.__TILE__L0-1.__TILE__L2-1,target,query,query,finetune_dataset,data_338.pt,10603.0,gatedgcn_vn,5,50,paper_exact_seed5,4.940655708312988,4.6550469398498535,0.28560876846313477,0.3499999940395355,0.39131057262420654,0.04131057858467102,0.23999999463558197,0.19262441992759705,0.047375574707984924,0.36000001430511475,0.30367958545684814,0.0563204288482666,0.009999999776482582,0.006251886487007141,0.003748113289475441
41b9a64b48aff69a,gemm-p,gemm-p,lv2:__PARA__L0-2.__PARA__L1-32.__PARA__L2-1.__PARA__L3-1.__PIPE__L0-NA.__PIPE__L2-flatten.__TILE__L0-1.__TILE__L2-80,target,query,query,finetune_dataset,data_365.pt,31323.0,gatedgcn_vn,5,50,paper_exact_seed5,4.159280776977539,4.082963466644287,0.07631731033325195,0.05999999865889549,0.06478288024663925,0.004782881587743759,0.019999999552965164,0.028193175792694092,0.008193176239728928,0.03999999910593033,0.04061451554298401,0.0006145164370536804,0.05000000074505806,0.05339270085096359,0.003392700105905533
cec2e42ec306f7c8,gemm-p,gemm-p,lv2:__PARA__L0-6.__PARA__L1-32.__PARA__L2-16.__PARA__L3-1.__PIPE__L0-off.__PIPE__L2-flatten.__TILE__L0-1.__TILE__L2-1,target,query,query,finetune_dataset,data_424.pt,9860.0,gatedgcn_vn,5,50,paper_exact_seed5,4.993062496185303,4.6138176918029785,0.3792448043823242,0.3499999940395355,0.38515645265579224,0.035156458616256714,0.23999999463558197,0.18798460066318512,0.05201539397239685,0.36000001430511475,0.29574185609817505,0.0642581582069397,0.009999999776482582,0.007415711879730225,0.0025842878967523575
ad87ec7f414fbe82,gemm-p,gemm-p,lv2:__PARA__L0-2.__PARA__L1-32.__PARA__L2-10.__PARA__L3-1.__PIPE__L0-NA.__PIPE__L2-flatten.__TILE__L0-1.__TILE__L2-8,target,query,query,finetune_dataset,data_367.pt,9563.0,gatedgcn_vn,5,50,paper_exact_seed5,5.015124320983887,4.873006343841553,0.14211797714233398,0.23000000417232513,0.24514923989772797,0.015149235725402832,0.1599999964237213,0.14724649488925934,0.012753501534461975,0.2199999988079071,0.18878740072250366,0.031212598085403442,0.009999999776482582,0.01376594603061676,0.003765946254134178
6aa4b8ebca535257,gemm-p,gemm-p,lv2:__PARA__L0-1.__PARA__L1-5.__PARA__L2-5.__PARA__L3-1.__PIPE__L0-off.__PIPE__L2-flatten.__TILE__L0-1.__TILE__L2-1,target,query,query,finetune_dataset,data_318.pt,15749.0,gatedgcn_vn,5,50,paper_exact_seed5,4.655261993408203,3.5598621368408203,1.0953998565673828,0.10000000149011612,0.1355605125427246,0.03556051105260849,0.07000000029802322,0.09782697260379791,0.02782697230577469,0.10999999940395355,0.09875994175672531,0.011240057647228241,0.009999999776482582,0.027735330164432526,0.017735330387949944
32cf6e43afec35ad,gemm-p,gemm-p,lv2:__PARA__L0-1.__PARA__L1-4.__PARA__L2-1.__PARA__L3-1.__PIPE__L0-off.__PIPE__L2-flatten.__TILE__L0-1.__TILE__L2-80,target,query,query,finetune_dataset,data_288.pt,32587.0,gatedgcn_vn,5,50,paper_exact_seed5,4.130743980407715,3.2516865730285645,0.8790574073791504,0.029999999329447746,0.03663487732410431,0.006634877994656563,0.009999999776482582,0.004917711019515991,0.005082288756966591,0.019999999552965164,0.02368774265050888,0.0036877430975437164,0.05000000074505806,0.059236668050289154,0.009236667305231094
d6ceeb99601c9668,gemm-p,gemm-p,lv2:__PARA__L0-20.__PARA__L1-32.__PARA__L2-16.__PARA__L3-1.__PIPE__L0-NA.__PIPE__L2-flatten.__TILE__L0-1.__TILE__L2-1,target,query,query,finetune_dataset,data_376.pt,12506.0,gatedgcn_vn,5,50,paper_exact_seed5,4.821581840515137,4.6839776039123535,0.1376042366027832,0.3499999940395355,0.39150935411453247,0.04150936007499695,0.23999999463558197,0.18917898833751678,0.050821006298065186,0.36000001430511475,0.305947482585907,0.054052531719207764,0.009999999776482582,0.00554376095533371,0.004456238821148872
05c7235b9f5af54f,gemm-p,gemm-p,lv2:__PARA__L0-20.__PARA__L1-32.__PARA__L2-10.__PARA__L3-1.__PIPE__L0-NA.__PIPE__L2-flatten.__TILE__L0-1.__TILE__L2-8,target,query,query,finetune_dataset,data_374.pt,13106.0,gatedgcn_vn,5,50,paper_exact_seed5,4.787778377532959,4.932812213897705,0.1450338363647461,0.23000000417232513,0.2887411117553711,0.05874110758304596,0.1599999964237213,0.15723508596420288,0.0027649104595184326,0.2199999988079071,0.2207595556974411,0.0007595568895339966,0.009999999776482582,0.007799021899700165,0.0022009778767824173
a8d1f1840483035f,gemm-p,gemm-p,lv2:__PARA__L0-1.__PARA__L1-5.__PARA__L2-2.__PARA__L3-1.__PIPE__L0-off.__PIPE__L2-flatten.__TILE__L0-1.__TILE__L2-2,target,query,query,finetune_dataset,data_311.pt,425416.0,gatedgcn_vn,5,50,paper_exact_seed5,2.2774908542633057,3.160456657409668,0.8829658031463623,0.20000000298023224,0.09948739409446716,0.10051260888576508,0.029999999329447746,0.05992169678211212,0.029921697452664375,0.019999999552965164,0.04680598899722099,0.02680598944425583,0.009999999776482582,0.041338495910167694,0.03133849799633026
a500ff984dfff670,gemm-p,gemm-p,lv2:__PARA__L0-1.__PARA__L1-2.__PARA__L2-8.__PARA__L3-70.__PIPE__L0-off.__PIPE__L2-NA.__TILE__L0-1.__TILE__L2-1,target,query,query,finetune_dataset,data_264.pt,13387.0,gatedgcn_vn,5,50,paper_exact_seed5,4.772475719451904,4.61023473739624,0.16224098205566406,0.17000000178813934,0.16841605305671692,0.0015839487314224243,0.11999999731779099,0.11424897611141205,0.005751021206378937,0.18000000715255737,0.17623370885849,0.003766298294067383,0.009999999776482582,0.014784581959247589,0.004784582182765007
690088eff0fba4fd,gemm-p,gemm-p,lv2:__PARA__L0-1.__PARA__L1-1.__PARA__L2-16.__PARA__L3-70.__PIPE__L0-off.__PIPE__L2-NA.__TILE__L0-1.__TILE__L2-1,target,query,query,finetune_dataset,data_131.pt,14587.0,gatedgcn_vn,5,50,paper_exact_seed5,4.710550308227539,4.529324531555176,0.18122577667236328,0.3199999928474426,0.2505471110343933,0.06945288181304932,0.23999999463558197,0.16703100502490997,0.072968989610672,0.36000001430511475,0.22882616519927979,0.13117384910583496,0.009999999776482582,0.013110309839248657,0.003110310062766075
3e229f230250c38c,gemm-p,gemm-p,lv2:__PARA__L0-1.__PARA__L1-2.__PARA__L2-8.__PARA__L3-70.__PIPE__L0-off.__PIPE__L2-off.__TILE__L0-1.__TILE__L2-1,target,query,query,finetune_dataset,data_265.pt,13387.0,gatedgcn_vn,5,50,paper_exact_seed5,4.772475719451904,4.561005592346191,0.2114701271057129,0.17000000178813934,0.14594478905200958,0.02405521273612976,0.11999999731779099,0.09881500899791718,0.02118498831987381,0.18000000715255737,0.14748308062553406,0.032516926527023315,0.009999999776482582,0.021339572966098785,0.011339573189616203
aed5122bfc869490,gemm-p,gemm-p,lv2:__PARA__L0-1.__PARA__L1-16.__PARA__L2-10.__PARA__L3-1.__PIPE__L0-off.__PIPE__L2-flatten.__TILE__L0-60.__TILE__L2-1,target,query,query,finetune_dataset,data_237.pt,11287.0,gatedgcn_vn,5,50,paper_exact_seed5,4.895561218261719,4.668364524841309,0.22719669342041016,0.20999999344348907,0.24228957295417786,0.03228957951068878,0.15000000596046448,0.14849314093589783,0.0015068650245666504,0.2199999988079071,0.16380947828292847,0.05619052052497864,0.009999999776482582,0.01807992160320282,0.008079921826720238
43d18c5165979f67,gemm-p,gemm-p,lv2:__PARA__L0-1.__PARA__L1-1.__PARA__L2-1.__PARA__L3-1.__PIPE__L0-off.__PIPE__L2-off.__TILE__L0-1.__TILE__L2-1,target,query,query,finetune_dataset,data_79.pt,461231.0,gatedgcn_vn,5,50,paper_exact_seed5,2.2191834449768066,2.0294137001037598,0.18976974487304688,0.0,0.006255015730857849,0.006255015730857849,0.0,-0.017637193202972412,0.017637193202972412,0.0,0.003921225666999817,0.003921225666999817,0.009999999776482582,0.019588105380535126,0.009588105604052544
42bdc08a061d094f,gemm-p,gemm-p,lv2:__PARA__L0-1.__PARA__L1-2.__PARA__L2-4.__PARA__L3-1.__PIPE__L0-off.__PIPE__L2-flatten.__TILE__L0-1.__TILE__L2-1,target,query,query,finetune_dataset,data_257.pt,21847.0,gatedgcn_vn,5,50,paper_exact_seed5,4.419174671173096,3.801812171936035,0.6173624992370605,0.07999999821186066,0.1302855908870697,0.050285592675209045,0.05000000074505806,0.06895662844181061,0.018956627696752548,0.05000000074505806,0.08483950793743134,0.034839507192373276,0.009999999776482582,0.01986045390367508,0.009860454127192497
4a3d6776bd7a2804,gemm-p,gemm-p,lv2:__PARA__L0-1.__PARA__L1-1.__PARA__L2-2.__PARA__L3-7.__PIPE__L0-off.__PIPE__L2-off.__TILE__L0-1.__TILE__L2-2,target,query,query,finetune_dataset,data_152.pt,643979.0,gatedgcn_vn,5,50,paper_exact_seed5,1.9784213304519653,2.6017074584960938,0.6232861280441284,0.009999999776482582,0.019623011350631714,0.009623011574149132,0.0,-0.0022470951080322266,0.0022470951080322266,0.0,0.0015761181712150574,0.0015761181712150574,0.019999999552965164,0.02826642245054245,0.008266422897577286
ab4496d8f92da597,gemm-p,gemm-p,lv2:__PARA__L0-5.__PARA__L1-32.__PARA__L2-10.__PARA__L3-1.__PIPE__L0-off.__PIPE__L2-flatten.__TILE__L0-1.__TILE__L2-8,target,query,query,finetune_dataset,data_415.pt,10100.0,gatedgcn_vn,5,50,paper_exact_seed5,4.975714683532715,4.885469436645508,0.09024524688720703,0.23000000417232513,0.28321513533592224,0.05321513116359711,0.1599999964237213,0.1555498242378235,0.004450172185897827,0.2199999988079071,0.21029552817344666,0.00970447063446045,0.009999999776482582,0.010457843542098999,0.00045784376561641693
fd12076d9b88cbf5,gemm-p,gemm-p,lv2:__PARA__L0-1.__PARA__L1-1.__PARA__L2-2.__PARA__L3-7.__PIPE__L0-off.__PIPE__L2-NA.__TILE__L0-1.__TILE__L2-1,target,query,query,finetune_dataset,data_150.pt,111184.0,gatedgcn_vn,5,50,paper_exact_seed5,3.2454535961151123,2.9884605407714844,0.25699305534362793,0.029999999329447746,0.04356709122657776,0.013567091897130013,0.009999999776482582,0.016337305307388306,0.006337305530905724,0.019999999552965164,0.025132447481155396,0.005132447928190231,0.019999999552965164,0.03073222190141678,0.010732222348451614
258ea66de43bc217,gemm-p,gemm-p,lv2:__PARA__L0-1.__PARA__L1-1.__PARA__L2-1.__PARA__L3-7.__PIPE__L0-off.__PIPE__L2-off.__TILE__L0-1.__TILE__L2-1,target,query,query,finetune_dataset,data_95.pt,176046.0,gatedgcn_vn,5,50,paper_exact_seed5,2.913951873779297,2.4310367107391357,0.48291516304016113,0.019999999552965164,0.014549463987350464,0.0054505355656147,0.009999999776482582,-0.006754875183105469,0.01675487495958805,0.009999999776482582,0.007419459521770477,0.002580540254712105,0.029999999329447746,0.027630411088466644,0.002369588240981102
e25bd84c9a0fa396,gemm-p,gemm-p,lv2:__PARA__L0-1.__PARA__L1-32.__PARA__L2-10.__PARA__L3-1.__PIPE__L0-off.__PIPE__L2-flatten.__TILE__L0-4.__TILE__L2-1,target,query,query,finetune_dataset,data_279.pt,9914.0,gatedgcn_vn,5,50,paper_exact_seed5,4.98912239074707,4.854701042175293,0.13442134857177734,0.23000000417232513,0.26157066226005554,0.03157065808773041,0.1599999964237213,0.15066534280776978,0.009334653615951538,0.2199999988079071,0.1951109617948532,0.024889037013053894,0.009999999776482582,0.013696908950805664,0.003696909174323082
1ae875ed2f961dca,gemm-p,gemm-p,lv2:__PARA__L0-1.__PARA__L1-1.__PARA__L2-10.__PARA__L3-14.__PIPE__L0-off.__PIPE__L2-off.__TILE__L0-1.__TILE__L2-2,target,query,query,finetune_dataset,data_108.pt,149095.0,gatedgcn_vn,5,50,paper_exact_seed5,3.0338120460510254,3.700883150100708,0.6670711040496826,0.03999999910593033,0.06610573083162308,0.02610573172569275,0.019999999552965164,0.04724538326263428,0.027245383709669113,0.03999999910593033,0.1100655347108841,0.07006553560495377,0.0,0.029032528400421143,0.029032528400421143
3435f90a3a91803f,gemm-p,gemm-p,lv2:__PARA__L0-1.__PARA__L1-1.__PARA__L2-20.__PARA__L3-2.__PIPE__L0-off.__PIPE__L2-off.__TILE__L0-1.__TILE__L2-2,target,query,query,finetune_dataset,data_164.pt,632396.0,gatedgcn_vn,5,50,paper_exact_seed5,1.991513967514038,3.988499879837036,1.996985912322998,0.009999999776482582,0.0791221484541893,0.06912215054035187,0.009999999776482582,0.04551765322685242,0.035517655313014984,0.009999999776482582,0.09961589425802231,0.08961589634418488,0.029999999329447746,0.02876245230436325,0.0012375470250844955
63c35478c8f59ccd,gemm-p,gemm-p,lv2:__PARA__L0-1.__PARA__L1-1.__PARA__L2-2.__PARA__L3-10.__PIPE__L0-off.__PIPE__L2-off.__TILE__L0-1.__TILE__L2-4,target,query,query,finetune_dataset,data_137.pt,328805.0,gatedgcn_vn,5,50,paper_exact_seed5,2.4633119106292725,2.8435206413269043,0.38020873069763184,0.009999999776482582,0.024411097168922424,0.014411097392439842,0.0,0.001405969262123108,0.001405969262123108,0.0,0.0019891709089279175,0.0019891709089279175,0.019999999552965164,0.029012300074100494,0.00901230052113533
3c323e9746495040,gemm-p,gemm-p,lv2:__PARA__L0-1.__PARA__L1-32.__PARA__L2-1.__PARA__L3-1.__PIPE__L0-off.__PIPE__L2-flatten.__TILE__L0-1.__TILE__L2-80,target,query,query,finetune_dataset,data_268.pt,31567.0,gatedgcn_vn,5,50,paper_exact_seed5,4.153683662414551,3.769641637802124,0.38404202461242676,0.029999999329447746,0.0426013320684433,0.012601332738995552,0.019999999552965164,0.01594299077987671,0.004057008773088455,0.03999999910593033,0.032116085290908813,0.007883913815021515,0.05000000074505806,0.058444343507289886,0.008444342762231827
b7fd70dbbc81db59,gemm-p,gemm-p,lv2:__PARA__L0-1.__PARA__L1-1.__PARA__L2-4.__PARA__L3-10.__PIPE__L0-off.__PIPE__L2-off.__TILE__L0-1.__TILE__L2-1,target,query,query,finetune_dataset,data_173.pt,17110.0,gatedgcn_vn,5,50,paper_exact_seed5,4.59547233581543,2.6327550411224365,1.9627172946929932,0.05000000074505806,0.019042834639549255,0.030957166105508804,0.029999999329447746,0.011501967906951904,0.018498031422495842,0.07000000029802322,0.022906914353370667,0.04709308594465256,0.029999999329447746,0.030735470354557037,0.0007354710251092911
c4f908e25d12ee3a,gemm-p,gemm-p,lv2:__PARA__L0-1.__PARA__L1-1.__PARA__L2-2.__PARA__L3-70.__PIPE__L0-off.__PIPE__L2-NA.__TILE__L0-1.__TILE__L2-1,target,query,query,finetune_dataset,data_154.pt,35647.0,gatedgcn_vn,5,50,paper_exact_seed5,4.066001892089844,4.372265338897705,0.30626344680786133,0.03999999910593033,0.07816649973392487,0.03816650062799454,0.019999999552965164,0.03266516327857971,0.012665163725614548,0.019999999552965164,0.05436333641409874,0.034363336861133575,0.009999999776482582,0.027825243771076202,0.01782524399459362
42a6116f70ad755b,gemm-p,gemm-p,lv2:__PARA__L0-1.__PARA__L1-32.__PARA__L2-16.__PARA__L3-1.__PIPE__L0-off.__PIPE__L2-flatten.__TILE__L0-2.__TILE__L2-1,target,query,query,finetune_dataset,data_284.pt,9179.0,gatedgcn_vn,5,50,paper_exact_seed5,5.044687747955322,4.496608734130859,0.5480790138244629,0.3499999940395355,0.29473257064819336,0.05526742339134216,0.23999999463558197,0.15770182013511658,0.0822981745004654,0.36000001430511475,0.21216866374015808,0.14783135056495667,0.009999999776482582,0.016412444412708282,0.0064124446362257
2d76745aabbd6108,gemm-p,gemm-p,lv2:__PARA__L0-1.__PARA__L1-2.__PARA__L2-5.__PARA__L3-70.__PIPE__L0-off.__PIPE__L2-off.__TILE__L0-1.__TILE__L2-1,target,query,query,finetune_dataset,data_262.pt,17009.0,gatedgcn_vn,5,50,paper_exact_seed5,4.599742889404297,4.414839267730713,0.18490362167358398,0.10000000149011612,0.11115285754203796,0.011152856051921844,0.07000000029802322,0.07970184087753296,0.009701840579509735,0.10999999940395355,0.10731584578752518,0.0026841536164283752,0.009999999776482582,0.026475243270397186,0.016475243493914604
685dc85ed3de4aaf,gemm-p,gemm-p,lv2:__PARA__L0-12.__PARA__L1-32.__PARA__L2-10.__PARA__L3-1.__PIPE__L0-off.__PIPE__L2-flatten.__TILE__L0-1.__TILE__L2-8,target,query,query,finetune_dataset,data_343.pt,11486.0,gatedgcn_vn,5,50,paper_exact_seed5,4.882954120635986,4.933633804321289,0.050679683685302734,0.23000000417232513,0.29084622859954834,0.060846224427223206,0.1599999964237213,0.15757602453231812,0.0024239718914031982,0.2199999988079071,0.2139522135257721,0.00604778528213501,0.009999999776482582,0.008230529725551605,0.0017694700509309769
92aa6f350cc3d58e,gemm-p,gemm-p,lv2:__PARA__L0-3.__PARA__L1-32.__PARA__L2-10.__PARA__L3-1.__PIPE__L0-NA.__PIPE__L2-flatten.__TILE__L0-1.__TILE__L2-8,target,query,query,finetune_dataset,data_382.pt,9717.0,gatedgcn_vn,5,50,paper_exact_seed5,5.003600597381592,4.875357627868652,0.12824296951293945,0.23000000417232513,0.24633559584617615,0.016335591673851013,0.1599999964237213,0.14268870651721954,0.01731128990650177,0.2199999988079071,0.19646687805652618,0.02353312075138092,0.009999999776482582,0.010450601577758789,0.00045060180127620697
fbdff262c0ec71fe,gemm-p,gemm-p,lv2:__PARA__L0-1.__PARA__L1-1.__PARA__L2-1.__PARA__L3-1.__PIPE__L0-off.__PIPE__L2-flatten.__TILE__L0-1.__TILE__L2-1,target,query,query,finetune_dataset,data_77.pt,35347.0,gatedgcn_vn,5,50,paper_exact_seed5,4.072098255157471,3.7220396995544434,0.35005855560302734,0.029999999329447746,0.08228380978107452,0.05228380858898163,0.009999999776482582,0.02682797610759735,0.01682797633111477,0.019999999552965164,0.026752054691314697,0.006752055138349533,0.05000000074505806,0.04953860491514206,0.00046139582991600037
aedc82d84c86e989,gemm-p,gemm-p,lv2:__PARA__L0-6.__PARA__L1-32.__PARA__L2-1.__PARA__L3-1.__PIPE__L0-NA.__PIPE__L2-flatten.__TILE__L0-1.__TILE__L2-80,target,query,query,finetune_dataset,data_419.pt,34772.0,gatedgcn_vn,5,50,paper_exact_seed5,4.083929061889648,4.009519577026367,0.07440948486328125,0.05999999865889549,0.04236982762813568,0.01763017103075981,0.019999999552965164,0.009257733821868896,0.010742265731096268,0.03999999910593033,0.030741237103939056,0.009258762001991272,0.05000000074505806,0.059663668274879456,0.009663667529821396
e18fbf36085b53ef,gemm-p,gemm-p,lv2:__PARA__L0-30.__PARA__L1-32.__PARA__L2-1.__PARA__L3-1.__PIPE__L0-NA.__PIPE__L2-flatten.__TILE__L0-1.__TILE__L2-80,target,query,query,finetune_dataset,data_387.pt,55939.0,gatedgcn_vn,5,50,paper_exact_seed5,3.740964889526367,4.063981056213379,0.3230161666870117,0.05999999865889549,0.062078528106212616,0.0020785294473171234,0.019999999552965164,0.034631431102752686,0.014631431549787521,0.03999999910593033,0.03922084718942642,0.0007791519165039062,0.05000000074505806,0.05817960947751999,0.00817960873246193
c72435dad60775dc,gemm-p,gemm-p,lv2:__PARA__L0-1.__PARA__L1-1.__PARA__L2-2.__PARA__L3-5.__PIPE__L0-off.__PIPE__L2-off.__TILE__L0-1.__TILE__L2-1,target,query,query,finetune_dataset,data_147.pt,106325.0,gatedgcn_vn,5,50,paper_exact_seed5,3.2776875495910645,2.4797909259796143,0.7978966236114502,0.019999999552965164,0.007708027958869934,0.01229197159409523,0.009999999776482582,0.0003172457218170166,0.009682754054665565,0.009999999776482582,-0.0017993003129959106,0.011799300089478493,0.029999999329447746,0.0285831019282341,0.001416897401213646
4d458343fcb07dcf,gemm-p,gemm-p,lv2:__PARA__L0-1.__PARA__L1-2.__PARA__L2-16.__PARA__L3-70.__PIPE__L0-off.__PIPE__L2-off.__TILE__L0-1.__TILE__L2-1,target,query,query,finetune_dataset,data_253.pt,12487.0,gatedgcn_vn,5,50,paper_exact_seed5,4.822678565979004,4.631374835968018,0.19130373001098633,0.3199999928474426,0.20193006098270416,0.11806993186473846,0.23999999463558197,0.14622506499290466,0.09377492964267731,0.36000001430511475,0.20181478559970856,0.1581852287054062,0.009999999776482582,0.017074845731258392,0.00707484595477581
97792d362ea2c725,gemm-p,gemm-p,lv2:__PARA__L0-1.__PARA__L1-32.__PARA__L2-1.__PARA__L3-32.__PIPE__L0-off.__PIPE__L2-off.__TILE__L0-60.__TILE__L2-1,target,query,query,finetune_dataset,data_274.pt,285469.0,gatedgcn_vn,5,50,paper_exact_seed5,2.565261125564575,2.40468168258667,0.16057944297790527,0.009999999776482582,0.0021450966596603394,0.007854903116822243,0.009999999776482582,0.0028057992458343506,0.0071942005306482315,0.029999999329447746,0.007322721183300018,0.022677278146147728,0.05000000074505806,0.03155537694692612,0.018444623798131943
2410d6d0636ec1ab,gemm-p,gemm-p,lv2:__PARA__L0-1.__PARA__L1-1.__PARA__L2-16.__PARA__L3-2.__PIPE__L0-off.__PIPE__L2-NA.__TILE__L0-1.__TILE__L2-1,target,query,query,finetune_dataset,data_125.pt,36131.0,gatedgcn_vn,5,50,paper_exact_seed5,4.056273460388184,4.067015647888184,0.0107421875,0.10000000149011612,0.12280771136283875,0.022807709872722626,0.05000000074505806,0.07241851091384888,0.022418510168790817,0.07000000029802322,0.14501331746578217,0.07501331716775894,0.029999999329447746,0.022367842495441437,0.0076321568340063095
2b251a0cc9266ecf,gemm-p,gemm-p,lv2:__PARA__L0-1.__PARA__L1-1.__PARA__L2-16.__PARA__L3-7.__PIPE__L0-off.__PIPE__L2-off.__TILE__L0-1.__TILE__L2-1,target,query,query,finetune_dataset,data_130.pt,15723.0,gatedgcn_vn,5,50,paper_exact_seed5,4.656454086303711,4.175909996032715,0.4805440902709961,0.12999999523162842,0.11641477793455124,0.013585217297077179,0.07999999821186066,0.0699903592467308,0.010009638965129852,0.20000000298023224,0.16748052835464478,0.03251947462558746,0.019999999552965164,0.023536957800388336,0.003536958247423172
cea38462f341abd7,gemm-p,gemm-p,lv2:__PARA__L0-1.__PARA__L1-1.__PARA__L2-4.__PARA__L3-7.__PIPE__L0-off.__PIPE__L2-off.__TILE__L0-1.__TILE__L2-4,target,query,query,finetune_dataset,data_191.pt,310979.0,gatedgcn_vn,5,50,paper_exact_seed5,2.5035195350646973,2.5419249534606934,0.038405418395996094,0.009999999776482582,0.015923336148262024,0.005923336371779442,0.0,0.0081033855676651,0.0081033855676651,0.009999999776482582,0.017050616443157196,0.007050616666674614,0.029999999329447746,0.03025839477777481,0.0002583954483270645
4cb8540298f01fe7,gemm-p,gemm-p,lv2:__PARA__L0-1.__PARA__L1-1.__PARA__L2-8.__PARA__L3-2.__PIPE__L0-off.__PIPE__L2-off.__TILE__L0-1.__TILE__L2-1,target,query,query,finetune_dataset,data_221.pt,30911.0,gatedgcn_vn,5,50,paper_exact_seed5,4.168831825256348,2.6787564754486084,1.4900753498077393,0.03999999910593033,0.027423903346061707,0.012576095759868622,0.019999999552965164,0.005223676562309265,0.014776322990655899,0.03999999910593033,0.018529929220676422,0.021470069885253906,0.019999999552965164,0.026379592716693878,0.006379593163728714
af015ab4f15ef7af,gemm-p,gemm-p,lv2:__PARA__L0-1.__PARA__L1-8.__PARA__L2-1.__PARA__L3-32.__PIPE__L0-off.__PIPE__L2-off.__TILE__L0-60.__TILE__L2-1,target,query,query,finetune_dataset,data_330.pt,285829.0,gatedgcn_vn,5,50,paper_exact_seed5,2.564352035522461,2.244605779647827,0.3197462558746338,0.009999999776482582,0.01836542785167694,0.008365428075194359,0.0,0.0076656341552734375,0.0076656341552734375,0.009999999776482582,0.012362644076347351,0.002362644299864769,0.05000000074505806,0.043261297047138214,0.006738703697919846
a6dc35a49236c7ab,gemm-p,gemm-p,lv2:__PARA__L0-1.__PARA__L1-1.__PARA__L2-4.__PARA__L3-14.__PIPE__L0-off.__PIPE__L2-NA.__TILE__L0-1.__TILE__L2-1,target,query,query,finetune_dataset,data_176.pt,61570.0,gatedgcn_vn,5,50,paper_exact_seed5,3.671778440475464,3.5370876789093018,0.1346907615661621,0.09000000357627869,0.04778631031513214,0.042213693261146545,0.03999999910593033,0.03040328621864319,0.00959671288728714,0.09000000357627869,0.05147462338209152,0.038525380194187164,0.03999999910593033,0.020662672817707062,0.019337326288223267
b20d2bda20f4a7a3,gemm-p,gemm-p,lv2:__PARA__L0-15.__PARA__L1-32.__PARA__L2-10.__PARA__L3-1.__PIPE__L0-NA.__PIPE__L2-flatten.__TILE__L0-1.__TILE__L2-8,target,query,query,finetune_dataset,data_351.pt,12092.0,gatedgcn_vn,5,50,paper_exact_seed5,4.845865726470947,4.923176288604736,0.07731056213378906,0.23000000417232513,0.2875801920890808,0.057580187916755676,0.1599999964237213,0.1562841832637787,0.003715813159942627,0.2199999988079071,0.21686002612113953,0.003139972686767578,0.009999999776482582,0.008101440966129303,0.0018985588103532791
56e56d42fe8949bd,gemm-p,gemm-p,lv2:__PARA__L0-1.__PARA__L1-1.__PARA__L2-10.__PARA__L3-7.__PIPE__L0-off.__PIPE__L2-off.__TILE__L0-1.__TILE__L2-2,target,query,query,finetune_dataset,data_117.pt,267108.0,gatedgcn_vn,5,50,paper_exact_seed5,2.6132164001464844,3.6430702209472656,1.0298538208007812,0.019999999552965164,0.06302779912948608,0.04302779957652092,0.009999999776482582,0.041382983326911926,0.03138298541307449,0.019999999552965164,0.10108393430709839,0.08108393847942352,0.03999999910593033,0.027414225041866302,0.012585774064064026
f2cfc23e7d96a21a,gemm-p,gemm-p,lv2:__PARA__L0-1.__PARA__L1-1.__PARA__L2-5.__PARA__L3-70.__PIPE__L0-off.__PIPE__L2-NA.__TILE__L0-1.__TILE__L2-1,target,query,query,finetune_dataset,data_211.pt,19109.0,gatedgcn_vn,5,50,paper_exact_seed5,4.515766143798828,4.531808853149414,0.016042709350585938,0.10000000149011612,0.13774850964546204,0.03774850815534592,0.07000000029802322,0.08749282360076904,0.01749282330274582,0.10999999940395355,0.12771756947040558,0.017717570066452026,0.009999999776482582,0.01890081912279129,0.008900819346308708
f65d3ed34dd10709,gemm-p,gemm-p,lv2:__PARA__L0-1.__PARA__L1-4.__PARA__L2-1.__PARA__L3-32.__PIPE__L0-off.__PIPE__L2-off.__TILE__L0-60.__TILE__L2-1,target,query,query,finetune_dataset,data_291.pt,286369.0,gatedgcn_vn,5,50,paper_exact_seed5,2.562990427017212,2.213974714279175,0.3490157127380371,0.009999999776482582,0.02089349925518036,0.010893499478697777,0.0,0.007628649473190308,0.007628649473190308,0.0,0.0075373575091362,0.0075373575091362,0.05000000074505806,0.04588022828102112,0.0041197724640369415
b3a849eb5888518c,gemm-p,gemm-p,lv2:__PARA__L0-1.__PARA__L1-32.__PARA__L2-16.__PARA__L3-1.__PIPE__L0-NA.__PIPE__L2-flatten.__TILE__L0-2.__TILE__L2-1,target,query,query,finetune_dataset,data_281.pt,9179.0,gatedgcn_vn,5,50,paper_exact_seed5,5.044687747955322,4.567821502685547,0.4768662452697754,0.3499999940395355,0.28130364418029785,0.06869634985923767,0.23999999463558197,0.15443824231624603,0.08556175231933594,0.36000001430511475,0.1947268694639206,0.16527314484119415,0.009999999776482582,0.01745007187128067,0.007450072094798088
a627781fe1dd51f7,gemm-p,gemm-p,lv2:__PARA__L0-1.__PARA__L1-1.__PARA__L2-10.__PARA__L3-7.__PIPE__L0-off.__PIPE__L2-NA.__TILE__L0-1.__TILE__L2-1,target,query,query,finetune_dataset,data_115.pt,38703.0,gatedgcn_vn,5,50,paper_exact_seed5,4.006669521331787,4.288486003875732,0.2818164825439453,0.12999999523162842,0.1463717669248581,0.016371771693229675,0.05999999865889549,0.08291332423686981,0.02291332557797432,0.12999999523162842,0.17610980570316315,0.04610981047153473,0.03999999910593033,0.015606969594955444,0.024393029510974884
4afcb8c7b0112a4d,gemm-p,gemm-p,lv2:__PARA__L0-30.__PARA__L1-32.__PARA__L2-16.__PARA__L3-1.__PIPE__L0-off.__PIPE__L2-flatten.__TILE__L0-2.__TILE__L2-1,target,query,query,finetune_dataset,data_398.pt,14419.0,gatedgcn_vn,5,50,paper_exact_seed5,4.718906402587891,4.708466053009033,0.010440349578857422,0.3499999940395355,0.3949086666107178,0.04490867257118225,0.23999999463558197,0.19355225563049316,0.046447739005088806,0.36000001430511475,0.3124820291996002,0.047517985105514526,0.009999999776482582,0.0056235045194625854,0.004376495257019997
bf75c65558b7a94c,gemm-p,gemm-p,lv2:__PARA__L0-4.__PARA__L1-32.__PARA__L2-1.__PARA__L3-1.__PIPE__L0-off.__PIPE__L2-flatten.__TILE__L0-1.__TILE__L2-80,target,query,query,finetune_dataset,data_406.pt,33034.0,gatedgcn_vn,5,50,paper_exact_seed5,4.120916366577148,4.019882678985596,0.10103368759155273,0.05999999865889549,0.040882036089897156,0.019117962568998337,0.019999999552965164,0.011403262615203857,0.008596736937761307,0.03999999910593033,0.03278234601020813,0.0072176530957221985,0.05000000074505806,0.060054682195186615,0.010054681450128555
bc0b4a3eb203b33e,gemm-p,gemm-p,lv2:__PARA__L0-1.__PARA__L1-1.__PARA__L2-2.__PARA__L3-5.__PIPE__L0-off.__PIPE__L2-off.__TILE__L0-1.__TILE__L2-4,target,query,query,finetune_dataset,data_149.pt,618060.0,gatedgcn_vn,5,50,paper_exact_seed5,2.008054733276367,2.4515161514282227,0.44346141815185547,0.009999999776482582,-0.00046309828758239746,0.01046309806406498,0.0,-0.005369812250137329,0.005369812250137329,0.0,-0.010934591293334961,0.010934591293334961,0.029999999329447746,0.02544521540403366,0.004554783925414085
d3c00616b2de9217,gemm-p,gemm-p,lv2:__PARA__L0-1.__PARA__L1-2.__PARA__L2-1.__PARA__L3-1.__PIPE__L0-off.__PIPE__L2-flatten.__TILE__L0-1.__TILE__L2-80,target,query,query,finetune_dataset,data_241.pt,33247.0,gatedgcn_vn,5,50,paper_exact_seed5,4.1162800788879395,3.6687815189361572,0.4474985599517822,0.029999999329447746,0.02719283103942871,0.0028071682900190353,0.009999999776482582,-0.00862070918083191,0.01862070895731449,0.019999999552965164,0.01688919961452484,0.003110799938440323,0.05000000074505806,0.05460163205862045,0.004601631313562393
280681d79bcd3457,gemm-p,gemm-p,lv2:__PARA__L0-1.__PARA__L1-1.__PARA__L2-4.__PARA__L3-5.__PIPE__L0-off.__PIPE__L2-NA.__TILE__L0-1.__TILE__L2-1,target,query,query,finetune_dataset,data_184.pt,67025.0,gatedgcn_vn,5,50,paper_exact_seed5,3.6105425357818604,3.4771888256073,0.13335371017456055,0.05000000074505806,0.04536692798137665,0.004633072763681412,0.019999999552965164,0.03028130531311035,0.010281305760145187,0.03999999910593033,0.04874918982386589,0.008749190717935562,0.029999999329447746,0.020058326423168182,0.009941672906279564
062cf9172432596b,gemm-p,gemm-p,lv2:__PARA__L0-1.__PARA__L1-1.__PARA__L2-5.__PARA__L3-2.__PIPE__L0-off.__PIPE__L2-off.__TILE__L0-1.__TILE__L2-4,target,query,query,finetune_dataset,data_204.pt,886397.0,gatedgcn_vn,5,50,paper_exact_seed5,1.747951626777649,2.4608263969421387,0.7128747701644897,0.009999999776482582,0.00519193708896637,0.0048080626875162125,0.0,-0.010626107454299927,0.010626107454299927,0.0,0.0010810419917106628,0.0010810419917106628,0.019999999552965164,0.029992781579494476,0.009992782026529312
49b034b757dc6ef9,gemm-p,gemm-p,lv2:__PARA__L0-1.__PARA__L1-5.__PARA__L2-2.__PARA__L3-1.__PIPE__L0-off.__PIPE__L2-flatten.__TILE__L0-1.__TILE__L2-1,target,query,query,finetune_dataset,data_310.pt,32287.0,gatedgcn_vn,5,50,paper_exact_seed5,4.137415409088135,3.3116393089294434,0.8257761001586914,0.03999999910593033,0.10404306650161743,0.0640430673956871,0.019999999552965164,0.06647977977991104,0.04647978022694588,0.019999999552965164,0.05273176357150078,0.032731764018535614,0.009999999776482582,0.04300982505083084,0.03300982713699341
2a2487306f73b128,gemm-p,gemm-p,lv2:__PARA__L0-1.__PARA__L1-2.__PARA__L2-1.__PARA__L3-70.__PIPE__L0-off.__PIPE__L2-NA.__TILE__L0-1.__TILE__L2-1,target,query,query,finetune_dataset,data_245.pt,32530.0,gatedgcn_vn,5,50,paper_exact_seed5,4.132006645202637,4.213980197906494,0.08197355270385742,0.019999999552965164,0.05878765136003494,0.03878765180706978,0.009999999776482582,0.02543163299560547,0.015431633219122887,0.019999999552965164,0.012674376368522644,0.00732562318444252,0.05000000074505806,0.04030882567167282,0.009691175073385239
2d2deba5a323b304,gemm-p,gemm-p,lv2:__PARA__L0-5.__PARA__L1-32.__PARA__L2-16.__PARA__L3-1.__PIPE__L0-NA.__PIPE__L2-flatten.__TILE__L0-1.__TILE__L2-1,target,query,query,finetune_dataset,data_416.pt,9680.0,gatedgcn_vn,5,50,paper_exact_seed5,5.00635290145874,4.6733856201171875,0.33296728134155273,0.3499999940395355,0.3384576439857483,0.011542350053787231,0.23999999463558197,0.16813316941261292,0.07186682522296906,0.36000001430511475,0.26796871423721313,0.09203130006790161,0.009999999776482582,0.007277980446815491,0.0027220193296670914
298a63f3c60efac6,gemm-p,gemm-p,lv2:__PARA__L0-10.__PARA__L1-32.__PARA__L2-1.__PARA__L3-1.__PIPE__L0-off.__PIPE__L2-flatten.__TILE__L0-1.__TILE__L2-80,target,query,query,finetune_dataset,data_334.pt,38283.0,gatedgcn_vn,5,50,paper_exact_seed5,4.014540195465088,3.9594943523406982,0.05504584312438965,0.05999999865889549,0.03846938908100128,0.02153060957789421,0.019999999552965164,0.009140759706497192,0.010859239846467972,0.03999999910593033,0.03898484259843826,0.0010151565074920654,0.05000000074505806,0.06330391764640808,0.013303916901350021
d29de04a627b59bc,gemm-p,gemm-p,lv2:__PARA__L0-1.__PARA__L1-1.__PARA__L2-20.__PARA__L3-14.__PIPE__L0-off.__PIPE__L2-NA.__TILE__L0-1.__TILE__L2-1,target,query,query,finetune_dataset,data_159.pt,27370.0,gatedgcn_vn,5,50,paper_exact_seed5,4.256594657897949,4.203344345092773,0.05325031280517578,0.4300000071525574,0.22380387783050537,0.206196129322052,0.20999999344348907,0.1261148303747177,0.08388516306877136,0.47999998927116394,0.2208910435438156,0.2591089606285095,0.009999999776482582,0.019986853003501892,0.00998685322701931
7e01946735babf1e,gemm-p,gemm-p,lv2:__PARA__L0-1.__PARA__L1-1.__PARA__L2-2.__PARA__L3-2.__PIPE__L0-off.__PIPE__L2-NA.__TILE__L0-1.__TILE__L2-1,target,query,query,finetune_dataset,data_142.pt,166331.0,gatedgcn_vn,5,50,paper_exact_seed5,2.954899549484253,2.2630972862243652,0.6918022632598877,0.019999999552965164,0.015110164880752563,0.004889834672212601,0.009999999776482582,-0.0071970075368881226,0.017197007313370705,0.009999999776482582,0.01133774220943451,0.0013377424329519272,0.009999999776482582,0.02007867395877838,0.0100786741822958
86d80ae4935ea3f4,gemm-p,gemm-p,lv2:__PARA__L0-5.__PARA__L1-16.__PARA__L2-16.__PARA__L3-1.__PIPE__L0-off.__PIPE__L2-flatten.__TILE__L0-1.__TILE__L2-1,target,query,query,finetune_dataset,data_411.pt,9820.0,gatedgcn_vn,5,50,paper_exact_seed5,4.995994567871094,4.568637371063232,0.42735719680786133,0.3499999940395355,0.38580310344696045,0.03580310940742493,0.23999999463558197,0.21787604689598083,0.022123947739601135,0.36000001430511475,0.31342601776123047,0.04657399654388428,0.009999999776482582,0.010852478444576263,0.0008524786680936813
c9538e7fb963f114,gemm-p,gemm-p,lv2:__PARA__L0-1.__PARA__L1-4.__PARA__L2-1.__PARA__L3-32.__PIPE__L0-off.__PIPE__L2-off.__TILE__L0-1.__TILE__L2-1,target,query,query,finetune_dataset,data_289.pt,286369.0,gatedgcn_vn,5,50,paper_exact_seed5,2.562990427017212,2.2918882369995117,0.2711021900177002,0.009999999776482582,0.04147019982337952,0.031470201909542084,0.0,0.0233345627784729,0.0233345627784729,0.0,0.03484530746936798,0.03484530746936798,0.05000000074505806,0.04871409386396408,0.0012859068810939789
43a1fc399c607d82,gemm-p,gemm-p,lv2:__PARA__L0-1.__PARA__L1-5.__PARA__L2-10.__PARA__L3-1.__PIPE__L0-off.__PIPE__L2-flatten.__TILE__L0-1.__TILE__L2-4,target,query,query,finetune_dataset,data_306.pt,75975.0,gatedgcn_vn,5,50,paper_exact_seed5,3.520129680633545,4.3077592849731445,0.7876296043395996,0.4399999976158142,0.23251785337924957,0.20748214423656464,0.18000000715255737,0.14967100322246552,0.030329003930091858,0.6100000143051147,0.16712355613708496,0.4428764581680298,0.0,0.023090623319149017,0.023090623319149017
348e20daf4443275,gemm-p,gemm-p,lv2:__PARA__L0-1.__PARA__L1-1.__PARA__L2-10.__PARA__L3-70.__PIPE__L0-off.__PIPE__L2-NA.__TILE__L0-1.__TILE__L2-1,target,query,query,finetune_dataset,data_118.pt,14947.0,gatedgcn_vn,5,50,paper_exact_seed5,4.69296407699585,4.63104248046875,0.06192159652709961,0.20999999344348907,0.20363055169582367,0.006369441747665405,0.15000000596046448,0.13391616940498352,0.016083836555480957,0.2199999988079071,0.2031569927930832,0.016843006014823914,0.009999999776482582,0.012557648122310638,0.0025576483458280563
36677464ca0ecb4d,gemm-p,gemm-p,lv2:__PARA__L0-1.__PARA__L1-16.__PARA__L2-1.__PARA__L3-32.__PIPE__L0-off.__PIPE__L2-off.__TILE__L0-1.__TILE__L2-1,target,query,query,finetune_dataset,data_234.pt,285589.0,gatedgcn_vn,5,50,paper_exact_seed5,2.564957857131958,2.427029609680176,0.13792824745178223,0.009999999776482582,0.03692810237407684,0.02692810259759426,0.009999999776482582,0.022437602281570435,0.012437602505087852,0.019999999552965164,0.03747861087322235,0.017478611320257187,0.05000000074505806,0.04476521164178848,0.005234789103269577
872b368f13acc874,gemm-p,gemm-p,lv2:__PARA__L0-1.__PARA__L1-1.__PARA__L2-2.__PARA__L3-2.__PIPE__L0-off.__PIPE__L2-off.__TILE__L0-1.__TILE__L2-2,target,query,query,finetune_dataset,data_144.pt,2110866.0,gatedgcn_vn,5,50,paper_exact_seed5,1.1220465898513794,2.1743581295013428,1.0523115396499634,0.0,-3.9204955101013184e-05,3.9204955101013184e-05,0.0,-0.013078689575195312,0.013078689575195312,0.0,-0.007660821080207825,0.007660821080207825,0.009999999776482582,0.02161119133234024,0.011611191555857658
f2a8c232c2c3f39a,gemm-p,gemm-p,lv2:__PARA__L0-1.__PARA__L1-1.__PARA__L2-1.__PARA__L3-8.__PIPE__L0-off.__PIPE__L2-off.__TILE__L0-1.__TILE__L2-1,target,query,query,finetune_dataset,data_100.pt,759409.0,gatedgcn_vn,5,50,paper_exact_seed5,1.8594895601272583,2.383913516998291,0.5244239568710327,0.0,0.0174378901720047,0.0174378901720047,0.0,-0.005683094263076782,0.005683094263076782,0.0,0.007380753755569458,0.007380753755569458,0.029999999329447746,0.028372786939144135,0.0016272123903036118
2bd3a5f7e7748f97,gemm-p,gemm-p,lv2:__PARA__L0-4.__PARA__L1-32.__PARA__L2-10.__PARA__L3-1.__PIPE__L0-off.__PIPE__L2-flatten.__TILE__L0-1.__TILE__L2-8,target,query,query,finetune_dataset,data_408.pt,9914.0,gatedgcn_vn,5,50,paper_exact_seed5,4.98912239074707,4.877063274383545,0.11205911636352539,0.23000000417232513,0.2746797204017639,0.04467971622943878,0.1599999964237213,0.1560741811990738,0.003925815224647522,0.2199999988079071,0.21055741608142853,0.009442582726478577,0.009999999776482582,0.0115799680352211,0.0015799682587385178
332dfe5c4fbd6b6a,gemm-p,gemm-p,lv2:__PARA__L0-1.__PARA__L1-1.__PARA__L2-8.__PARA__L3-70.__PIPE__L0-off.__PIPE__L2-NA.__TILE__L0-1.__TILE__L2-1,target,query,query,finetune_dataset,data_229.pt,15487.0,gatedgcn_vn,5,50,paper_exact_seed5,4.667363166809082,4.609151363372803,0.0582118034362793,0.17000000178813934,0.16774339973926544,0.0022566020488739014,0.11999999731779099,0.1135164350271225,0.0064835622906684875,0.18000000715255737,0.17595845460891724,0.004041552543640137,0.009999999776482582,0.01459958404302597,0.004599584266543388
64393da3a136d7fa,gemm-p,gemm-p,lv2:__PARA__L0-5.__PARA__L1-32.__PARA__L2-1.__PARA__L3-1.__PIPE__L0-off.__PIPE__L2-flatten.__TILE__L0-1.__TILE__L2-80,target,query,query,finetune_dataset,data_413.pt,33900.0,gatedgcn_vn,5,50,paper_exact_seed5,4.102249622344971,3.952603816986084,0.14964580535888672,0.05999999865889549,0.03705655038356781,0.022943448275327682,0.019999999552965164,0.008424848318099976,0.011575151234865189,0.03999999910593033,0.03445298969745636,0.0055470094084739685,0.05000000074505806,0.06318613141775131,0.013186130672693253
eebad30dd85f618c,gemm-p,gemm-p,lv2:__PARA__L0-1.__PARA__L1-1.__PARA__L2-5.__PARA__L3-14.__PIPE__L0-off.__PIPE__L2-off.__TILE__L0-1.__TILE__L2-1,target,query,query,finetune_dataset,data_199.pt,15452.0,gatedgcn_vn,5,50,paper_exact_seed5,4.668995380401611,2.76094388961792,1.9080514907836914,0.07000000029802322,0.026782050728797913,0.04321794956922531,0.05000000074505806,0.018178433179855347,0.03182156756520271,0.10999999940395355,0.03392591327428818,0.07607408612966537,0.03999999910593033,0.0324602872133255,0.007539711892604828
a2e2a27a1e612c66,gemm-p,gemm-p,lv2:__PARA__L0-1.__PARA__L1-1.__PARA__L2-4.__PARA__L3-70.__PIPE__L0-off.__PIPE__L2-off.__TILE__L0-1.__TILE__L2-1,target,query,query,finetune_dataset,data_193.pt,23947.0,gatedgcn_vn,5,50,paper_exact_seed5,4.352969646453857,4.38149356842041,0.028523921966552734,0.07999999821186066,0.10802958160638809,0.028029583394527435,0.05000000074505806,0.07554540783166885,0.025545407086610794,0.05000000074505806,0.09449710696935654,0.04449710622429848,0.009999999776482582,0.027566149830818176,0.017566150054335594
8ba7f8ad18fb5a3e,gemm-p,gemm-p,lv2:__PARA__L0-4.__PARA__L1-16.__PARA__L2-10.__PARA__L3-1.__PIPE__L0-NA.__PIPE__L2-flatten.__TILE__L0-1.__TILE__L2-8,target,query,query,finetune_dataset,data_401.pt,10050.0,gatedgcn_vn,5,50,paper_exact_seed5,4.979294300079346,4.807071208953857,0.17222309112548828,0.23000000417232513,0.25687435269355774,0.026874348521232605,0.1599999964237213,0.1484382003545761,0.011561796069145203,0.2199999988079071,0.20192930102348328,0.018070697784423828,0.009999999776482582,0.011727429926395416,0.0017274301499128342
e618f61f3a37ff20,gemm-p,gemm-p,lv2:__PARA__L0-30.__PARA__L1-32.__PARA__L2-16.__PARA__L3-1.__PIPE__L0-NA.__PIPE__L2-flatten.__TILE__L0-2.__TILE__L2-1,target,query,query,finetune_dataset,data_396.pt,14419.0,gatedgcn_vn,5,50,paper_exact_seed5,4.718906402587891,4.6896843910217285,0.02922201156616211,0.3499999940395355,0.396200954914093,0.046200960874557495,0.23999999463558197,0.19243718683719635,0.04756280779838562,0.36000001430511475,0.3137502074241638,0.04624980688095093,0.009999999776482582,0.005623392760753632,0.0043766070157289505
21dd70c1b9ddc11f,gemm-p,gemm-p,lv2:__PARA__L0-15.__PARA__L1-32.__PARA__L2-16.__PARA__L3-1.__PIPE__L0-NA.__PIPE__L2-flatten.__TILE__L0-1.__TILE__L2-1,target,query,query,finetune_dataset,data_355.pt,11552.0,gatedgcn_vn,5,50,paper_exact_seed5,4.878820896148682,4.669071674346924,0.2097492218017578,0.3499999940395355,0.3890044093132019,0.03900441527366638,0.23999999463558197,0.18780751526355743,0.052192479372024536,0.36000001430511475,0.3016968369483948,0.05830317735671997,0.009999999776482582,0.005830772221088409,0.004169227555394173
fbc52266ca9a83a7,gemm-p,gemm-p,lv2:__PARA__L0-1.__PARA__L1-1.__PARA__L2-10.__PARA__L3-5.__PIPE__L0-off.__PIPE__L2-off.__TILE__L0-1.__TILE__L2-2,target,query,query,finetune_dataset,data_114.pt,359269.0,gatedgcn_vn,5,50,paper_exact_seed5,2.3993959426879883,3.652670383453369,1.2532744407653809,0.009999999776482582,0.06141330301761627,0.05141330510377884,0.009999999776482582,0.04516783356666565,0.03516783565282822,0.009999999776482582,0.10974618792533875,0.09974619001150131,0.029999999329447746,0.028086714446544647,0.001913284882903099
82da06d1f16f28a6,gemm-p,gemm-p,lv2:__PARA__L0-20.__PARA__L1-16.__PARA__L2-16.__PARA__L3-1.__PIPE__L0-off.__PIPE__L2-flatten.__TILE__L0-1.__TILE__L2-1,target,query,query,finetune_dataset,data_371.pt,12706.0,gatedgcn_vn,5,50,paper_exact_seed5,4.8101372718811035,4.619429111480713,0.19070816040039062,0.3499999940395355,0.3917415738105774,0.04174157977104187,0.23999999463558197,0.2050837129354477,0.03491628170013428,0.36000001430511475,0.3159586787223816,0.044041335582733154,0.009999999776482582,0.007523037493228912,0.0024769622832536697
f20696703ce2bad2,gemm-p,gemm-p,lv2:__PARA__L0-1.__PARA__L1-5.__PARA__L2-2.__PARA__L3-1.__PIPE__L0-off.__PIPE__L2-flatten.__TILE__L0-1.__TILE__L2-4,target,query,query,finetune_dataset,data_312.pt,234616.0,gatedgcn_vn,5,50,paper_exact_seed5,2.706777334213257,2.8710501194000244,0.16427278518676758,0.20000000298023224,0.09281474351882935,0.1071852594614029,0.029999999329447746,0.051037147641181946,0.0210371483117342,0.019999999552965164,0.04103391617536545,0.021033916622400284,0.009999999776482582,0.039026059210300446,0.029026059433817863
743b937051155488,gemm-p,gemm-p,lv2:__PARA__L0-1.__PARA__L1-1.__PARA__L2-10.__PARA__L3-14.__PIPE__L0-off.__PIPE__L2-off.__TILE__L0-1.__TILE__L2-1,target,query,query,finetune_dataset,data_107.pt,12490.0,gatedgcn_vn,5,50,paper_exact_seed5,4.822505474090576,3.8190903663635254,1.0034151077270508,0.14000000059604645,0.06954487413167953,0.07045512646436691,0.09000000357627869,0.04866427183151245,0.041335731744766235,0.23000000417232513,0.11999991536140442,0.11000008881092072,0.009999999776482582,0.028261005878448486,0.018261006101965904
aaec899982f42ed1,gemm-p,gemm-p,lv2:__PARA__L0-1.__PARA__L1-5.__PARA__L2-1.__PARA__L3-1.__PIPE__L0-off.__PIPE__L2-flatten.__TILE__L0-1.__TILE__L2-2,target,query,query,finetune_dataset,data_300.pt,796815.0,gatedgcn_vn,5,50,paper_exact_seed5,1.824805736541748,3.0057530403137207,1.1809473037719727,0.20000000298023224,0.08319764584302902,0.11680235713720322,0.019999999552965164,0.03309774398803711,0.013097744435071945,0.019999999552965164,0.031096316874027252,0.011096317321062088,0.03999999910593033,0.055059343576431274,0.015059344470500946
6eb5dbce3faf0b52,gemm-p,gemm-p,lv2:__PARA__L0-1.__PARA__L1-1.__PARA__L2-16.__PARA__L3-70.__PIPE__L0-off.__PIPE__L2-off.__TILE__L0-1.__TILE__L2-1,target,query,query,finetune_dataset,data_132.pt,14587.0,gatedgcn_vn,5,50,paper_exact_seed5,4.710550308227539,4.630599498748779,0.07995080947875977,0.3199999928474426,0.20120105147361755,0.11879894137382507,0.23999999463558197,0.144985631108284,0.09501436352729797,0.36000001430511475,0.20159852504730225,0.1584014892578125,0.009999999776482582,0.016884207725524902,0.00688420794904232
707056a975a8db31,gemm-p,gemm-p,lv2:__PARA__L0-30.__PARA__L1-32.__PARA__L2-16.__PARA__L3-1.__PIPE__L0-NA.__PIPE__L2-flatten.__TILE__L0-1.__TILE__L2-1,target,query,query,finetune_dataset,data_395.pt,14419.0,gatedgcn_vn,5,50,paper_exact_seed5,4.718906402587891,4.6910176277160645,0.027888774871826172,0.3499999940395355,0.3966374695301056,0.04663747549057007,0.23999999463558197,0.19228145480155945,0.04771853983402252,0.36000001430511475,0.31433072686195374,0.04566928744316101,0.009999999776482582,0.005543015897274017,0.004456983879208565
6ab4a7f5f4fc966d,gemm-p,gemm-p,lv2:__PARA__L0-1.__PARA__L1-32.__PARA__L2-10.__PARA__L3-1.__PIPE__L0-NA.__PIPE__L2-flatten.__TILE__L0-2.__TILE__L2-1,target,query,query,finetune_dataset,data_275.pt,9563.0,gatedgcn_vn,5,50,paper_exact_seed5,5.015124320983887,4.847275257110596,0.16784906387329102,0.23000000417232513,0.2529885768890381,0.02298857271671295,0.1599999964237213,0.14893555641174316,0.01106444001197815,0.2199999988079071,0.18409296870231628,0.03590703010559082,0.009999999776482582,0.015190847218036652,0.0051908474415540695
4a8b56c2f22188e4,gemm-p,gemm-p,lv2:__PARA__L0-1.__PARA__L1-1.__PARA__L2-1.__PARA__L3-16.__PIPE__L0-off.__PIPE__L2-off.__TILE__L0-1.__TILE__L2-1,target,query,query,finetune_dataset,data_86.pt,442609.0,gatedgcn_vn,5,50,paper_exact_seed5,2.2489116191864014,2.147977590560913,0.10093402862548828,0.009999999776482582,0.030619904398918152,0.02061990462243557,0.0,0.008957356214523315,0.008957356214523315,0.0,0.013312011957168579,0.013312011957168579,0.03999999910593033,0.0372074618935585,0.002792537212371826
6bfb9e054cecee78,gemm-p,gemm-p,lv2:__PARA__L0-1.__PARA__L1-2.__PARA__L2-10.__PARA__L3-1.__PIPE__L0-off.__PIPE__L2-flatten.__TILE__L0-1.__TILE__L2-1,target,query,query,finetune_dataset,data_247.pt,12847.0,gatedgcn_vn,5,50,paper_exact_seed5,4.802176475524902,4.54523229598999,0.2569441795349121,0.20999999344348907,0.2565535604953766,0.04655356705188751,0.15000000596046448,0.14314955472946167,0.006850451231002808,0.2199999988079071,0.18154548108577728,0.03845451772212982,0.009999999776482582,0.015098534524440765,0.005098534747958183
0ba8ad78eb2466e5,gemm-p,gemm-p,lv2:__PARA__L0-1.__PARA__L1-1.__PARA__L2-16.__PARA__L3-14.__PIPE__L0-off.__PIPE__L2-off.__TILE__L0-1.__TILE__L2-1,target,query,query,finetune_dataset,data_124.pt,12790.0,gatedgcn_vn,5,50,paper_exact_seed5,4.805384159088135,4.2237982749938965,0.5815858840942383,0.23000000417232513,0.1197856068611145,0.11021439731121063,0.14000000059604645,0.07548090070486069,0.06451909989118576,0.3799999952316284,0.17744767665863037,0.20255231857299805,0.009999999776482582,0.02479202300310135,0.014792023226618767
b338a37394a51052,gemm-p,gemm-p,lv2:__PARA__L0-12.__PARA__L1-32.__PARA__L2-1.__PARA__L3-1.__PIPE__L0-NA.__PIPE__L2-flatten.__TILE__L0-1.__TILE__L2-80,target,query,query,finetune_dataset,data_340.pt,40046.0,gatedgcn_vn,5,50,paper_exact_seed5,3.982063055038452,3.979248523712158,0.0028145313262939453,0.05999999865889549,0.04283598065376282,0.017164018005132675,0.019999999552965164,0.011470988392829895,0.00852901116013527,0.03999999910593033,0.03287263959646225,0.007127359509468079,0.05000000074505806,0.061428096145391464,0.011428095400333405
76de7e5ea6add072,gemm-p,gemm-p,lv2:__PARA__L0-2.__PARA__L1-32.__PARA__L2-10.__PARA__L3-1.__PIPE__L0-off.__PIPE__L2-flatten.__TILE__L0-1.__TILE__L2-8,target,query,query,finetune_dataset,data_368.pt,9563.0,gatedgcn_vn,5,50,paper_exact_seed5,5.015124320983887,4.83631706237793,0.17880725860595703,0.23000000417232513,0.24802736937999725,0.01802736520767212,0.1599999964237213,0.14991509914398193,0.01008489727973938,0.2199999988079071,0.19416074454784393,0.02583925426006317,0.009999999776482582,0.014123208820819855,0.004123209044337273
c4635dea60b4abc3,gemm-p,gemm-p,lv2:__PARA__L0-1.__PARA__L1-1.__PARA__L2-2.__PARA__L3-10.__PIPE__L0-off.__PIPE__L2-off.__TILE__L0-1.__TILE__L2-1,target,query,query,finetune_dataset,data_135.pt,86530.0,gatedgcn_vn,5,50,paper_exact_seed5,3.4262919425964355,2.8094539642333984,0.6168379783630371,0.029999999329447746,0.03363601863384247,0.003636019304394722,0.019999999552965164,0.008477389812469482,0.011522609740495682,0.029999999329447746,0.01416681706905365,0.015833182260394096,0.019999999552965164,0.03317742049694061,0.013177420943975449
a7caa4bbaf5392a3,gemm-p,gemm-p,lv2:__PARA__L0-1.__PARA__L1-1.__PARA__L2-2.__PARA__L3-2.__PIPE__L0-off.__PIPE__L2-off.__TILE__L0-1.__TILE__L2-1,target,query,query,finetune_dataset,data_143.pt,154571.0,gatedgcn_vn,5,50,paper_exact_seed5,3.0077931880950928,2.1716148853302,0.8361783027648926,0.019999999552965164,0.0009336322546005249,0.01906636729836464,0.0,-0.012362182140350342,0.012362182140350342,0.0,-0.006550446152687073,0.006550446152687073,0.009999999776482582,0.021397322416305542,0.01139732263982296
0eeabdcdff47386b,gemm-p,gemm-p,lv2:__PARA__L0-1.__PARA__L1-16.__PARA__L2-1.__PARA__L3-1.__PIPE__L0-off.__PIPE__L2-flatten.__TILE__L0-60.__TILE__L2-1,target,query,query,finetune_dataset,data_233.pt,31687.0,gatedgcn_vn,5,50,paper_exact_seed5,4.150946617126465,3.4080491065979004,0.7428975105285645,0.029999999329447746,0.0803888589143753,0.05038885772228241,0.019999999552965164,0.027407974004745483,0.007407974451780319,0.019999999552965164,0.02763582020998001,0.007635820657014847,0.05000000074505806,0.05572348088026047,0.005723480135202408
c8a42aba9d1cfc2f,gemm-p,gemm-p,lv2:__PARA__L0-1.__PARA__L1-1.__PARA__L2-20.__PARA__L3-14.__PIPE__L0-off.__PIPE__L2-off.__TILE__L0-1.__TILE__L2-2,target,query,query,finetune_dataset,data_161.pt,117295.0,gatedgcn_vn,5,50,paper_exact_seed5,3.206857442855835,4.191326141357422,0.9844686985015869,0.07999999821186066,0.13639786839485168,0.05639787018299103,0.05000000074505806,0.08337437361478806,0.033374372869729996,0.09000000357627869,0.18374770879745483,0.09374770522117615,0.009999999776482582,0.026673100888729095,0.016673101112246513
5e8aba50d737ff09,gemm-p,gemm-p,lv2:__PARA__L0-1.__PARA__L1-1.__PARA__L2-16.__PARA__L3-5.__PIPE__L0-off.__PIPE__L2-NA.__TILE__L0-1.__TILE__L2-1,target,query,query,finetune_dataset,data_127.pt,33064.0,gatedgcn_vn,5,50,paper_exact_seed5,4.1202616691589355,4.445859432220459,0.32559776306152344,0.1599999964237213,0.24561910331249237,0.08561910688877106,0.07000000029802322,0.15042394399642944,0.08042394369840622,0.15000000596046448,0.22823989391326904,0.07823988795280457,0.05999999865889549,0.020595550537109375,0.03940444812178612
4a373a54a47fffb5,gemm-p,gemm-p,lv2:__PARA__L0-1.__PARA__L1-1.__PARA__L2-1.__PARA__L3-7.__PIPE__L0-off.__PIPE__L2-off.__TILE__L0-1.__TILE__L2-2,target,query,query,finetune_dataset,data_96.pt,466908.0,gatedgcn_vn,5,50,paper_exact_seed5,2.2103588581085205,2.396888256072998,0.18652939796447754,0.009999999776482582,0.010257691144943237,0.0002576913684606552,0.0,-0.009438812732696533,0.009438812732696533,0.0,0.002103090286254883,0.002103090286254883,0.019999999552965164,0.0273795947432518,0.007379595190286636
4675658dc113ab33,gemm-p,gemm-p,lv2:__PARA__L0-4.__PARA__L1-16.__PARA__L2-16.__PARA__L3-1.__PIPE__L0-NA.__PIPE__L2-flatten.__TILE__L0-1.__TILE__L2-1,target,query,query,finetune_dataset,data_403.pt,9642.0,gatedgcn_vn,5,50,paper_exact_seed5,5.009190082550049,4.58799934387207,0.4211907386779785,0.3499999940395355,0.3265320360660553,0.023467957973480225,0.23999999463558197,0.16850581765174866,0.07149417698383331,0.36000001430511475,0.25665560364723206,0.10334441065788269,0.009999999776482582,0.009731948375701904,0.0002680514007806778
8182068f572e5954,gemm-p,gemm-p,lv2:__PARA__L0-1.__PARA__L1-1.__PARA__L2-8.__PARA__L3-5.__PIPE__L0-off.__PIPE__L2-off.__TILE__L0-1.__TILE__L2-1,target,query,query,finetune_dataset,data_224.pt,20465.0,gatedgcn_vn,5,50,paper_exact_seed5,4.466312885284424,3.2740559577941895,1.1922569274902344,0.05000000074505806,0.04710420221090317,0.002895798534154892,0.029999999329447746,0.033414214849472046,0.0034142155200242996,0.07000000029802322,0.08776035904884338,0.01776035875082016,0.03999999910593033,0.028411515057086945,0.011588484048843384
6906df091d6d080c,gemm-p,gemm-p,lv2:__PARA__L0-1.__PARA__L1-1.__PARA__L2-20.__PARA__L3-2.__PIPE__L0-off.__PIPE__L2-NA.__TILE__L0-1.__TILE__L2-1,target,query,query,finetune_dataset,data_162.pt,32411.0,gatedgcn_vn,5,50,paper_exact_seed5,4.134650230407715,4.018832683563232,0.11581754684448242,0.11999999731779099,0.1367773413658142,0.016777344048023224,0.05999999865889549,0.07699522376060486,0.016995225101709366,0.09000000357627869,0.15452057123184204,0.06452056765556335,0.029999999329447746,0.02436041086912155,0.005639588460326195
bc4453f06ff6a731,gemm-p,gemm-p,lv2:__PARA__L0-3.__PARA__L1-32.__PARA__L2-16.__PARA__L3-1.__PIPE__L0-off.__PIPE__L2-flatten.__TILE__L0-1.__TILE__L2-1,target,query,query,finetune_dataset,data_385.pt,9321.0,gatedgcn_vn,5,50,paper_exact_seed5,5.033613681793213,4.718356132507324,0.31525754928588867,0.3499999940395355,0.36146700382232666,0.011467009782791138,0.23999999463558197,0.21498577296733856,0.025014221668243408,0.36000001430511475,0.29984986782073975,0.060150146484375,0.009999999776482582,0.013638518750667572,0.00363851897418499
a3f47dd603d44fac,gemm-p,gemm-p,lv2:__PARA__L0-1.__PARA__L1-1.__PARA__L2-1.__PARA__L3-4.__PIPE__L0-off.__PIPE__L2-off.__TILE__L0-1.__TILE__L2-1,target,query,query,finetune_dataset,data_91.pt,322669.0,gatedgcn_vn,5,50,paper_exact_seed5,2.476900577545166,2.4283783435821533,0.048522233963012695,0.009999999776482582,0.012359648942947388,0.0023596491664648056,0.0,0.00043660402297973633,0.00043660402297973633,0.0,0.012232057750225067,0.012232057750225067,0.019999999552965164,0.031003110110759735,0.011003110557794571
f90613c81f2f84b3,gemm-p,gemm-p,lv2:__PARA__L0-1.__PARA__L1-1.__PARA__L2-8.__PARA__L3-7.__PIPE__L0-off.__PIPE__L2-off.__TILE__L0-1.__TILE__L2-2,target,query,query,finetune_dataset,data_228.pt,292908.0,gatedgcn_vn,5,50,paper_exact_seed5,2.5467042922973633,3.0899147987365723,0.543210506439209,0.019999999552965164,0.045660413801670074,0.02566041424870491,0.009999999776482582,0.027576059103012085,0.017576059326529503,0.019999999552965164,0.06729394197463989,0.04729394242167473,0.03999999910593033,0.027982808649539948,0.01201719045639038
98ea5a80877f836a,gemm-p,gemm-p,lv2:__PARA__L0-1.__PARA__L1-5.__PARA__L2-8.__PARA__L3-1.__PIPE__L0-off.__PIPE__L2-flatten.__TILE__L0-1.__TILE__L2-4,target,query,query,finetune_dataset,data_323.pt,88819.0,gatedgcn_vn,5,50,paper_exact_seed5,3.4074580669403076,4.224308490753174,0.8168504238128662,0.44999998807907104,0.19850358366966248,0.25149640440940857,0.10999999940395355,0.1351126730442047,0.02511267364025116,0.09000000357627869,0.13133084774017334,0.04133084416389465,0.019999999552965164,0.026550211012363434,0.00655021145939827
4e891536858769de,gemm-p,gemm-p,lv2:__PARA__L0-4.__PARA__L1-16.__PARA__L2-1.__PARA__L3-1.__PIPE__L0-NA.__PIPE__L2-flatten.__TILE__L0-1.__TILE__L2-80,target,query,query,finetune_dataset,data_399.pt,33170.0,gatedgcn_vn,5,50,paper_exact_seed5,4.117952823638916,4.082633972167969,0.035318851470947266,0.05000000074505806,0.051924340426921844,0.0019243396818637848,0.019999999552965164,0.014648228883743286,0.005351770669221878,0.019999999552965164,0.03678841143846512,0.016788411885499954,0.05000000074505806,0.05175712704658508,0.0017571263015270233
7c87dea76316e9b0,gemm-p,gemm-p,lv2:__PARA__L0-1.__PARA__L1-1.__PARA__L2-2.__PARA__L3-14.__PIPE__L0-off.__PIPE__L2-off.__TILE__L0-1.__TILE__L2-2,target,query,query,finetune_dataset,data_140.pt,343565.0,gatedgcn_vn,5,50,paper_exact_seed5,2.4316365718841553,3.1423935890197754,0.7107570171356201,0.009999999776482582,0.03871376812458038,0.0287137683480978,0.0,0.01327165961265564,0.01327165961265564,0.0,0.016174405813217163,0.016174405813217163,0.029999999329447746,0.034581318497657776,0.00458131916821003
4e1d0fbfc97b1b44,gemm-p,gemm-p,lv2:__PARA__L0-1.__PARA__L1-1.__PARA__L2-4.__PARA__L3-1.__PIPE__L0-off.__PIPE__L2-flatten.__TILE__L0-1.__TILE__L2-1,target,query,query,finetune_dataset,data_171.pt,23947.0,gatedgcn_vn,5,50,paper_exact_seed5,4.352969646453857,3.8010830879211426,0.5518865585327148,0.07999999821186066,0.130019411444664,0.050019413232803345,0.05000000074505806,0.06860237568616867,0.01860237494111061,0.05000000074505806,0.08470742404460907,0.03470742329955101,0.009999999776482582,0.019570201635360718,0.009570201858878136
0742731e2639c567,gemm-p,gemm-p,lv2:__PARA__L0-1.__PARA__L1-5.__PARA__L2-8.__PARA__L3-1.__PIPE__L0-off.__PIPE__L2-flatten.__TILE__L0-1.__TILE__L2-2,target,query,query,finetune_dataset,data_322.pt,122715.0,gatedgcn_vn,5,50,paper_exact_seed5,3.174272298812866,4.279671669006348,1.1053993701934814,0.3199999928474426,0.20884346961975098,0.11115652322769165,0.11999999731779099,0.13783149421215057,0.01783149689435959,0.18000000715255737,0.137650728225708,0.042349278926849365,0.009999999776482582,0.0258791446685791,0.01587914489209652
52cc73074533db20,gemm-p,gemm-p,lv2:__PARA__L0-1.__PARA__L1-1.__PARA__L2-1.__PARA__L3-14.__PIPE__L0-off.__PIPE__L2-off.__TILE__L0-1.__TILE__L2-4,target,query,query,finetune_dataset,data_85.pt,417715.0,gatedgcn_vn,5,50,paper_exact_seed5,2.2906687259674072,2.136587619781494,0.15408110618591309,0.009999999776482582,0.017597481608390808,0.007597481831908226,0.0,0.0001379251480102539,0.0001379251480102539,0.0,3.4242868423461914e-05,3.4242868423461914e-05,0.019999999552965164,0.032385773956775665,0.012385774403810501
82851c00f5b54fd9,gemm-p,gemm-p,lv2:__PARA__L0-1.__PARA__L1-4.__PARA__L2-5.__PARA__L3-1.__PIPE__L0-off.__PIPE__L2-flatten.__TILE__L0-1.__TILE__L2-1,target,query,query,finetune_dataset,data_297.pt,16349.0,gatedgcn_vn,5,50,paper_exact_seed5,4.628291130065918,3.571258068084717,1.0570330619812012,0.10000000149011612,0.13336822390556335,0.033368222415447235,0.07000000029802322,0.09539084136486053,0.02539084106683731,0.10999999940395355,0.09645778685808182,0.013542212545871735,0.009999999776482582,0.02679351717233658,0.016793517395853996
9d9b7c90d1bd716b,gemm-p,gemm-p,lv2:__PARA__L0-12.__PARA__L1-32.__PARA__L2-10.__PARA__L3-1.__PIPE__L0-NA.__PIPE__L2-flatten.__TILE__L0-1.__TILE__L2-8,target,query,query,finetune_dataset,data_342.pt,11486.0,gatedgcn_vn,5,50,paper_exact_seed5,4.882954120635986,4.911757469177246,0.028803348541259766,0.23000000417232513,0.2861432731151581,0.05614326894283295,0.1599999964237213,0.155495285987854,0.00450471043586731,0.2199999988079071,0.21400223672389984,0.005997762084007263,0.009999999776482582,0.008472323417663574,0.0015276763588190079
0ba4ea1b6ce7461f,gemm-p,gemm-p,lv2:__PARA__L0-1.__PARA__L1-2.__PARA__L2-16.__PARA__L3-1.__PIPE__L0-off.__PIPE__L2-flatten.__TILE__L0-1.__TILE__L2-1,target,query,query,finetune_dataset,data_251.pt,12487.0,gatedgcn_vn,5,50,paper_exact_seed5,4.822678565979004,4.090214252471924,0.7324643135070801,0.3199999928474426,0.27862152457237244,0.04137846827507019,0.23999999463558197,0.1491418331861496,0.09085816144943237,0.36000001430511475,0.18791106343269348,0.17208895087242126,0.009999999776482582,0.019651144742965698,0.009651144966483116
5cad34425ee55f5b,gemm-p,gemm-p,lv2:__PARA__L0-1.__PARA__L1-1.__PARA__L2-20.__PARA__L3-10.__PIPE__L0-off.__PIPE__L2-NA.__TILE__L0-1.__TILE__L2-1,target,query,query,finetune_dataset,data_156.pt,27370.0,gatedgcn_vn,5,50,paper_exact_seed5,4.256594657897949,4.166628360748291,0.0899662971496582,0.33000001311302185,0.2206602394580841,0.10933977365493774,0.15000000596046448,0.12266992032527924,0.02733008563518524,0.3499999940395355,0.21522480249404907,0.13477519154548645,0.009999999776482582,0.019727468490600586,0.009727468714118004
d89ed08ba5c4e9d0,gemm-p,gemm-p,lv2:__PARA__L0-1.__PARA__L1-1.__PARA__L2-2.__PARA__L3-7.__PIPE__L0-off.__PIPE__L2-off.__TILE__L0-1.__TILE__L2-1,target,query,query,finetune_dataset,data_151.pt,96604.0,gatedgcn_vn,5,50,paper_exact_seed5,3.346850633621216,2.606451988220215,0.740398645401001,0.029999999329447746,0.02415996789932251,0.0058400314301252365,0.009999999776482582,0.0007442086935043335,0.009255791082978249,0.019999999552965164,0.007211841642856598,0.012788157910108566,0.019999999552965164,0.029931046068668365,0.009931046515703201
f8eced5bda6750eb,gemm-p,gemm-p,lv2:__PARA__L0-1.__PARA__L1-1.__PARA__L2-8.__PARA__L3-10.__PIPE__L0-off.__PIPE__L2-NA.__TILE__L0-1.__TILE__L2-1,target,query,query,finetune_dataset,data_214.pt,41050.0,gatedgcn_vn,5,50,paper_exact_seed5,3.964200973510742,4.1732306480407715,0.2090296745300293,0.12999999523162842,0.10644891858100891,0.023551076650619507,0.05999999865889549,0.07058512419462204,0.010585125535726547,0.14000000059604645,0.1427217721939087,0.0027217715978622437,0.05000000074505806,0.019778378307819366,0.030221622437238693
236797b508fe964e,gemm-p,gemm-p,lv2:__PARA__L0-10.__PARA__L1-32.__PARA__L2-10.__PARA__L3-1.__PIPE__L0-off.__PIPE__L2-flatten.__TILE__L0-1.__TILE__L2-8,target,query,query,finetune_dataset,data_336.pt,11083.0,gatedgcn_vn,5,50,paper_exact_seed5,4.908718109130859,4.9214301109313965,0.01271200180053711,0.23000000417232513,0.2900410294532776,0.060041025280952454,0.1599999964237213,0.1569431573152542,0.003056839108467102,0.2199999988079071,0.21226249635219574,0.007737502455711365,0.009999999776482582,0.008550599217414856,0.0014494005590677261
f8bdf0220b8efd35,gemm-p,gemm-p,lv2:__PARA__L0-1.__PARA__L1-1.__PARA__L2-2.__PARA__L3-2.__PIPE__L0-off.__PIPE__L2-off.__TILE__L0-1.__TILE__L2-4,target,query,query,finetune_dataset,data_145.pt,1459866.0,gatedgcn_vn,5,50,paper_exact_seed5,1.3880460262298584,2.1750152111053467,0.7869691848754883,0.0,-0.0012979358434677124,0.0012979358434677124,0.0,-0.014327511191368103,0.014327511191368103,0.0,-0.009271644055843353,0.009271644055843353,0.009999999776482582,0.02192513644695282,0.011925136670470238
bc4f55d84a8bf133,gemm-p,gemm-p,lv2:__PARA__L0-1.__PARA__L1-1.__PARA__L2-5.__PARA__L3-7.__PIPE__L0-off.__PIPE__L2-off.__TILE__L0-1.__TILE__L2-2,target,query,query,finetune_dataset,data_210.pt,382309.0,gatedgcn_vn,5,50,paper_exact_seed5,2.3545584678649902,2.666071891784668,0.31151342391967773,0.009999999776482582,0.022760406136512756,0.012760406360030174,0.009999999776482582,0.011507987976074219,0.0015079881995916367,0.009999999776482582,0.026377834379673004,0.016377834603190422,0.029999999329447746,0.031388670206069946,0.0013886708766222
f3c64444640a0076,gemm-p,gemm-p,lv2:__PARA__L0-4.__PARA__L1-32.__PARA__L2-16.__PARA__L3-1.__PIPE__L0-off.__PIPE__L2-flatten.__TILE__L0-1.__TILE__L2-1,target,query,query,finetune_dataset,data_410.pt,9506.0,gatedgcn_vn,5,50,paper_exact_seed5,5.019436836242676,4.718639850616455,0.3007969856262207,0.3499999940395355,0.3936111330986023,0.04361113905906677,0.23999999463558197,0.26027369499206543,0.02027370035648346,0.36000001430511475,0.3518766760826111,0.008123338222503662,0.009999999776482582,0.013569273054599762,0.00356927327811718
eadd78260c36578d,gemm-p,gemm-p,lv2:__PARA__L0-1.__PARA__L1-1.__PARA__L2-8.__PARA__L3-14.__PIPE__L0-off.__PIPE__L2-NA.__TILE__L0-1.__TILE__L2-1,target,query,query,finetune_dataset,data_217.pt,41050.0,gatedgcn_vn,5,50,paper_exact_seed5,3.964200973510742,4.199597358703613,0.2353963851928711,0.18000000715255737,0.10858872532844543,0.07141128182411194,0.07999999821186066,0.07398799806833267,0.006012000143527985,0.1899999976158142,0.1486148089170456,0.041385188698768616,0.009999999776482582,0.02000509947538376,0.010005099698901176
af9650a8856f962e,gemm-p,gemm-p,lv2:__PARA__L0-10.__PARA__L1-32.__PARA__L2-16.__PARA__L3-1.__PIPE__L0-NA.__PIPE__L2-flatten.__TILE__L0-1.__TILE__L2-1,target,query,query,finetune_dataset,data_337.pt,10603.0,gatedgcn_vn,5,50,paper_exact_seed5,4.940655708312988,4.634027004241943,0.3066287040710449,0.3499999940395355,0.38360103964805603,0.03360104560852051,0.23999999463558197,0.1839255392551422,0.05607445538043976,0.36000001430511475,0.2937127351760864,0.06628727912902832,0.009999999776482582,0.006581924855709076,0.003418074920773506
c0d84603c29fbddb,gemm-p,gemm-p,lv2:__PARA__L0-1.__PARA__L1-1.__PARA__L2-8.__PARA__L3-5.__PIPE__L0-off.__PIPE__L2-NA.__TILE__L0-1.__TILE__L2-1,target,query,query,finetune_dataset,data_223.pt,43865.0,gatedgcn_vn,5,50,paper_exact_seed5,3.9163570404052734,4.146202087402344,0.2298450469970703,0.07999999821186066,0.10723723471164703,0.027237236499786377,0.03999999910593033,0.0722631961107254,0.032263197004795074,0.07999999821186066,0.14955586194992065,0.06955586373806,0.03999999910593033,0.01866322010755539,0.02133677899837494
460c2d93e3d2665f,gemm-p,gemm-p,lv2:__PARA__L0-1.__PARA__L1-1.__PARA__L2-8.__PARA__L3-7.__PIPE__L0-off.__PIPE__L2-NA.__TILE__L0-1.__TILE__L2-1,target,query,query,finetune_dataset,data_226.pt,43863.0,gatedgcn_vn,5,50,paper_exact_seed5,3.9163899421691895,4.161546230316162,0.24515628814697266,0.10999999940395355,0.10448234528303146,0.005517654120922089,0.05000000074505806,0.06770896911621094,0.017708968371152878,0.10000000149011612,0.138544961810112,0.03854496031999588,0.03999999910593033,0.01874685287475586,0.02125314623117447
0b193c22526f7267,gemm-p,gemm-p,lv2:__PARA__L0-1.__PARA__L1-32.__PARA__L2-16.__PARA__L3-1.__PIPE__L0-NA.__PIPE__L2-flatten.__TILE__L0-4.__TILE__L2-1,target,query,query,finetune_dataset,data_282.pt,9506.0,gatedgcn_vn,5,50,paper_exact_seed5,5.019436836242676,4.594640731811523,0.42479610443115234,0.3499999940395355,0.27689555287361145,0.07310444116592407,0.23999999463558197,0.15414784848690033,0.08585214614868164,0.36000001430511475,0.19295012950897217,0.16704988479614258,0.009999999776482582,0.01715221256017685,0.007152212783694267
6608e886ce7e9d0a,gemm-p,gemm-p,lv2:__PARA__L0-6.__PARA__L1-32.__PARA__L2-10.__PARA__L3-1.__PIPE__L0-off.__PIPE__L2-flatten.__TILE__L0-1.__TILE__L2-8,target,query,query,finetune_dataset,data_422.pt,10292.0,gatedgcn_vn,5,50,paper_exact_seed5,4.962130546569824,4.891751289367676,0.07037925720214844,0.23000000417232513,0.285502552986145,0.055502548813819885,0.1599999964237213,0.155075803399086,0.004924193024635315,0.2199999988079071,0.20918816328048706,0.010811835527420044,0.009999999776482582,0.009667739272117615,0.00033226050436496735
80bca34061fd0f83,gemm-p,gemm-p,lv2:__PARA__L0-10.__PARA__L1-32.__PARA__L2-10.__PARA__L3-1.__PIPE__L0-NA.__PIPE__L2-flatten.__TILE__L0-1.__TILE__L2-8,target,query,query,finetune_dataset,data_335.pt,11083.0,gatedgcn_vn,5,50,paper_exact_seed5,4.908718109130859,4.900829792022705,0.007888317108154297,0.23000000417232513,0.28428030014038086,0.054280295968055725,0.1599999964237213,0.15466877818107605,0.005331218242645264,0.2199999988079071,0.21147042512893677,0.008529573678970337,0.009999999776482582,0.00885000079870224,0.001149998977780342
9dac01514ca28d78,gemm-p,gemm-p,lv2:__PARA__L0-1.__PARA__L1-32.__PARA__L2-1.__PARA__L3-1.__PIPE__L0-off.__PIPE__L2-flatten.__TILE__L0-60.__TILE__L2-1,target,query,query,finetune_dataset,data_271.pt,31567.0,gatedgcn_vn,5,50,paper_exact_seed5,4.153683662414551,3.5410306453704834,0.6126530170440674,0.029999999329447746,0.07701607793569565,0.04701607674360275,0.019999999552965164,0.024721503257751465,0.004721503704786301,0.03999999910593033,0.02775368094444275,0.01224631816148758,0.05000000074505806,0.05022481828927994,0.00022481754422187805
5256d90470dcb20f,gemm-p,gemm-p,lv2:__PARA__L0-1.__PARA__L1-1.__PARA__L2-4.__PARA__L3-70.__PIPE__L0-off.__PIPE__L2-NA.__TILE__L0-1.__TILE__L2-1,target,query,query,finetune_dataset,data_192.pt,23947.0,gatedgcn_vn,5,50,paper_exact_seed5,4.352969646453857,4.502439975738525,0.14947032928466797,0.07999999821186066,0.13213464617729187,0.05213464796543121,0.05000000074505806,0.07533804327249527,0.02533804252743721,0.05000000074505806,0.1105426475405693,0.060542646795511246,0.009999999776482582,0.020797401666641235,0.010797401890158653
1df20d1da09ff72e,gemm-p,gemm-p,lv2:__PARA__L0-1.__PARA__L1-32.__PARA__L2-10.__PARA__L3-1.__PIPE__L0-off.__PIPE__L2-flatten.__TILE__L0-1.__TILE__L2-8,target,query,query,finetune_dataset,data_277.pt,11167.0,gatedgcn_vn,5,50,paper_exact_seed5,4.903271198272705,4.6624884605407715,0.2407827377319336,0.20999999344348907,0.23392228782176971,0.02392229437828064,0.15000000596046448,0.14902135729789734,0.0009786486625671387,0.2199999988079071,0.17153547704219818,0.04846452176570892,0.009999999776482582,0.01738239824771881,0.007382398471236229
66b001d5a20855dc,gemm-p,gemm-p,lv2:__PARA__L0-1.__PARA__L1-1.__PARA__L2-5.__PARA__L3-70.__PIPE__L0-off.__PIPE__L2-off.__TILE__L0-1.__TILE__L2-1,target,query,query,finetune_dataset,data_212.pt,19109.0,gatedgcn_vn,5,50,paper_exact_seed5,4.515766143798828,4.413475513458252,0.10229063034057617,0.10000000149011612,0.11096438765525818,0.01096438616514206,0.07000000029802322,0.07899981737136841,0.008999817073345184,0.10999999940395355,0.10707482695579529,0.002925172448158264,0.009999999776482582,0.026305466890335083,0.0163054671138525
2ec4102f44654268,gemm-p,gemm-p,lv2:__PARA__L0-30.__PARA__L1-32.__PARA__L2-1.__PARA__L3-1.__PIPE__L0-off.__PIPE__L2-flatten.__TILE__L0-2.__TILE__L2-1,target,query,query,finetune_dataset,data_390.pt,55939.0,gatedgcn_vn,5,50,paper_exact_seed5,3.740964889526367,4.206719875335693,0.46575498580932617,0.05999999865889549,0.11347247660160065,0.053472477942705154,0.019999999552965164,0.06362827122211456,0.0436282716691494,0.03999999910593033,0.05585653334856033,0.015856534242630005,0.05000000074505806,0.04882757365703583,0.001172427088022232
7da5b26798a7f840,gemm-p,gemm-p,lv2:__PARA__L0-1.__PARA__L1-1.__PARA__L2-8.__PARA__L3-14.__PIPE__L0-off.__PIPE__L2-off.__TILE__L0-1.__TILE__L2-1,target,query,query,finetune_dataset,data_218.pt,12490.0,gatedgcn_vn,5,50,paper_exact_seed5,4.822505474090576,3.306018352508545,1.5164871215820312,0.11999999731779099,0.0512026846408844,0.06879731267690659,0.07000000029802322,0.03498643636703491,0.03501356393098831,0.1899999976158142,0.08463265001773834,0.10536734759807587,0.009999999776482582,0.029503434896469116,0.019503435119986534
a3d4be369c427331,gemm-p,gemm-p,lv2:__PARA__L0-1.__PARA__L1-1.__PARA__L2-10.__PARA__L3-70.__PIPE__L0-off.__PIPE__L2-off.__TILE__L0-1.__TILE__L2-1,target,query,query,finetune_dataset,data_119.pt,14947.0,gatedgcn_vn,5,50,paper_exact_seed5,4.69296407699585,4.63635778427124,0.056606292724609375,0.20999999344348907,0.1659356951713562,0.044064298272132874,0.15000000596046448,0.11198972910642624,0.03801027685403824,0.2199999988079071,0.1683526635169983,0.051647335290908813,0.009999999776482582,0.01888260990381241,0.008882610127329826
6c54beba2b4ed543,gemm-p,gemm-p,lv2:__PARA__L0-6.__PARA__L1-32.__PARA__L2-16.__PARA__L3-1.__PIPE__L0-NA.__PIPE__L2-flatten.__TILE__L0-1.__TILE__L2-1,target,query,query,finetune_dataset,data_423.pt,9860.0,gatedgcn_vn,5,50,paper_exact_seed5,4.993062496185303,4.634245872497559,0.35881662368774414,0.3499999940395355,0.36672231554985046,0.01672232151031494,0.23999999463558197,0.17435286939144135,0.06564712524414062,0.36000001430511475,0.279386043548584,0.08061397075653076,0.009999999776482582,0.007591128349304199,0.002408871427178383
62f84aa14a8a3b41,gemm-p,gemm-p,lv2:__PARA__L0-1.__PARA__L1-2.__PARA__L2-10.__PARA__L3-70.__PIPE__L0-off.__PIPE__L2-off.__TILE__L0-1.__TILE__L2-1,target,query,query,finetune_dataset,data_250.pt,12847.0,gatedgcn_vn,5,50,paper_exact_seed5,4.802176475524902,4.637093544006348,0.1650829315185547,0.20999999344348907,0.16648654639720917,0.04351344704627991,0.15000000596046448,0.11315052211284637,0.0368494838476181,0.2199999988079071,0.16854511201381683,0.05145488679409027,0.009999999776482582,0.019062966108322144,0.009062966331839561
e20f67ba45667e5b,gemm-p,gemm-p,lv2:__PARA__L0-1.__PARA__L1-1.__PARA__L2-5.__PARA__L3-7.__PIPE__L0-off.__PIPE__L2-off.__TILE__L0-1.__TILE__L2-1,target,query,query,finetune_dataset,data_209.pt,21184.0,gatedgcn_vn,5,50,paper_exact_seed5,4.441404819488525,2.7215733528137207,1.7198314666748047,0.03999999910593033,0.023955106735229492,0.016044892370700836,0.029999999329447746,0.011938989162445068,0.018061010167002678,0.05999999865889549,0.0277269184589386,0.032273080199956894,0.029999999329447746,0.03110998123884201,0.0011099819093942642
acf1639642ef82bf,gemm-p,gemm-p,lv2:__PARA__L0-3.__PARA__L1-16.__PARA__L2-16.__PARA__L3-1.__PIPE__L0-NA.__PIPE__L2-flatten.__TILE__L0-1.__TILE__L2-1,target,query,query,finetune_dataset,data_378.pt,9453.0,gatedgcn_vn,5,50,paper_exact_seed5,5.023469924926758,4.6090989112854,0.4143710136413574,0.3499999940395355,0.31660395860671997,0.03339603543281555,0.23999999463558197,0.1645168662071228,0.07548312842845917,0.36000001430511475,0.2498759776353836,0.11012403666973114,0.009999999776482582,0.011408112943172455,0.0014081131666898727
4c75129b129c3688,gemm-p,gemm-p,lv2:__PARA__L0-30.__PARA__L1-32.__PARA__L2-10.__PARA__L3-1.__PIPE__L0-off.__PIPE__L2-flatten.__TILE__L0-2.__TILE__L2-1,target,query,query,finetune_dataset,data_394.pt,15139.0,gatedgcn_vn,5,50,paper_exact_seed5,4.683757305145264,5.093250751495361,0.40949344635009766,0.23000000417232513,0.3324907422065735,0.10249073803424835,0.1599999964237213,0.17027106881141663,0.010271072387695312,0.2199999988079071,0.28119033575057983,0.06119033694267273,0.009999999776482582,0.0036048218607902527,0.006395177915692329
f6b5d9061a2b899c,gemm-p,gemm-p,lv2:__PARA__L0-1.__PARA__L1-70.__PARA__L2-1.__PARA__L3-32.__PIPE__L0-off.__PIPE__L2-off.__TILE__L0-1.__TILE__L2-1,target,query,query,finetune_dataset,data_325.pt,251089.0,gatedgcn_vn,5,50,paper_exact_seed5,2.6578285694122314,3.0649571418762207,0.40712857246398926,0.029999999329447746,0.053622499108314514,0.023622499778866768,0.019999999552965164,0.038715511560440063,0.0187155120074749,0.07999999821186066,0.06753291934728622,0.012467078864574432,0.03999999910593033,0.04885321110486984,0.008853211998939514
392ecd77c14e7fb5,gemm-p,gemm-p,lv2:__PARA__L0-3.__PARA__L1-32.__PARA__L2-1.__PARA__L3-1.__PIPE__L0-NA.__PIPE__L2-flatten.__TILE__L0-1.__TILE__L2-80,target,query,query,finetune_dataset,data_380.pt,32157.0,gatedgcn_vn,5,50,paper_exact_seed5,4.140325546264648,4.175168991088867,0.03484344482421875,0.05999999865889549,0.05060131847858429,0.009398680180311203,0.019999999552965164,0.010648950934410095,0.009351048618555069,0.03999999910593033,0.03454475849866867,0.005455240607261658,0.05000000074505806,0.04762731492519379,0.002372685819864273
73c8706bbbfe9935,gemm-p,gemm-p,lv2:__PARA__L0-1.__PARA__L1-1.__PARA__L2-2.__PARA__L3-70.__PIPE__L0-off.__PIPE__L2-off.__TILE__L0-1.__TILE__L2-1,target,query,query,finetune_dataset,data_155.pt,35647.0,gatedgcn_vn,5,50,paper_exact_seed5,4.066001892089844,4.171717643737793,0.10571575164794922,0.03999999910593033,0.09206396341323853,0.0520639643073082,0.019999999552965164,0.052578866481781006,0.03257886692881584,0.019999999552965164,0.08768180012702942,0.06768180429935455,0.009999999776482582,0.03406531363725662,0.02406531386077404
2040c35f05b537b6,gemm-p,gemm-p,lv2:__PARA__L0-1.__PARA__L1-1.__PARA__L2-4.__PARA__L3-5.__PIPE__L0-off.__PIPE__L2-off.__TILE__L0-1.__TILE__L2-2,target,query,query,finetune_dataset,data_186.pt,592860.0,gatedgcn_vn,5,50,paper_exact_seed5,2.0380823612213135,2.6251649856567383,0.5870826244354248,0.009999999776482582,0.017233625054359436,0.007233625277876854,0.0,0.014280706644058228,0.014280706644058228,0.0,0.020917177200317383,0.020917177200317383,0.029999999329447746,0.03256092220544815,0.0025609228760004044
8c261c5ac5cee4ce,gemm-p,gemm-p,lv2:__PARA__L0-30.__PARA__L1-32.__PARA__L2-1.__PARA__L3-1.__PIPE__L0-off.__PIPE__L2-flatten.__TILE__L0-1.__TILE__L2-80,target,query,query,finetune_dataset,data_389.pt,55939.0,gatedgcn_vn,5,50,paper_exact_seed5,3.740964889526367,4.055819034576416,0.31485414505004883,0.05999999865889549,0.052269354462623596,0.007730644196271896,0.019999999552965164,0.027039021253585815,0.007039021700620651,0.03999999910593033,0.03767925500869751,0.0023207440972328186,0.05000000074505806,0.06079491972923279,0.010794918984174728
6a48c75fc069f0a2,gemm-p,gemm-p,lv2:__PARA__L0-1.__PARA__L1-4.__PARA__L2-1.__PARA__L3-32.__PIPE__L0-off.__PIPE__L2-off.__TILE__L0-1.__TILE__L2-80,target,query,query,finetune_dataset,data_290.pt,286369.0,gatedgcn_vn,5,50,paper_exact_seed5,2.562990427017212,2.149409055709839,0.41358137130737305,0.009999999776482582,-0.006817370653152466,0.016817370429635048,0.0,0.003159835934638977,0.003159835934638977,0.0,0.018613293766975403,0.018613293766975403,0.05000000074505806,0.03382008522748947,0.016179915517568588
8fe44ff51cb16406,gemm-p,gemm-p,lv2:__PARA__L0-1.__PARA__L1-32.__PARA__L2-16.__PARA__L3-1.__PIPE__L0-off.__PIPE__L2-flatten.__TILE__L0-60.__TILE__L2-1,target,query,query,finetune_dataset,data_286.pt,10807.0,gatedgcn_vn,5,50,paper_exact_seed5,4.92690896987915,4.436098575592041,0.4908103942871094,0.33000001311302185,0.24930089712142944,0.08069911599159241,0.23999999463558197,0.1469564437866211,0.09304355084896088,0.36000001430511475,0.1535845249891281,0.20641548931598663,0.009999999776482582,0.01981557160615921,0.009815571829676628
1932fcf0a6ce1ae3,gemm-p,gemm-p,lv2:__PARA__L0-1.__PARA__L1-5.__PARA__L2-10.__PARA__L3-1.__PIPE__L0-off.__PIPE__L2-flatten.__TILE__L0-1.__TILE__L2-1,target,query,query,finetune_dataset,data_304.pt,11587.0,gatedgcn_vn,5,50,paper_exact_seed5,4.876638412475586,4.459535598754883,0.4171028137207031,0.20999999344348907,0.24598607420921326,0.03598608076572418,0.15000000596046448,0.15127697587013245,0.0012769699096679688,0.2199999988079071,0.17864684760570526,0.04135315120220184,0.009999999776482582,0.021434813737869263,0.01143481396138668
35ed257ed45696a8,gemm-p,gemm-p,lv2:__PARA__L0-1.__PARA__L1-1.__PARA__L2-10.__PARA__L3-5.__PIPE__L0-off.__PIPE__L2-NA.__TILE__L0-1.__TILE__L2-1,target,query,query,finetune_dataset,data_112.pt,38704.0,gatedgcn_vn,5,50,paper_exact_seed5,4.006650924682617,4.338111877441406,0.33146095275878906,0.10999999940395355,0.15798968076705933,0.047989681363105774,0.05000000074505806,0.08953315019607544,0.03953314945101738,0.10000000149011612,0.19033874571323395,0.09033874422311783,0.029999999329447746,0.016638167202472687,0.01336183212697506
865271fa8abdf68a,gemm-p,gemm-p,lv2:__PARA__L0-4.__PARA__L1-16.__PARA__L2-1.__PARA__L3-1.__PIPE__L0-off.__PIPE__L2-flatten.__TILE__L0-1.__TILE__L2-80,target,query,query,finetune_dataset,data_400.pt,33170.0,gatedgcn_vn,5,50,paper_exact_seed5,4.117952823638916,3.9397079944610596,0.17824482917785645,0.05000000074505806,0.04347027838230133,0.006529722362756729,0.019999999552965164,0.014325380325317383,0.005674619227647781,0.019999999552965164,0.03362163156270981,0.013621632009744644,0.05000000074505806,0.0633314996957779,0.013331498950719833
43df7890892e68db,gemm-p,gemm-p,lv2:__PARA__L0-1.__PARA__L1-1.__PARA__L2-8.__PARA__L3-2.__PIPE__L0-off.__PIPE__L2-NA.__TILE__L0-1.__TILE__L2-1,target,query,query,finetune_dataset,data_220.pt,54731.0,gatedgcn_vn,5,50,paper_exact_seed5,3.7567131519317627,3.6125497817993164,0.1441633701324463,0.05000000074505806,0.06530322134494781,0.015303220599889755,0.019999999552965164,0.04115137457847595,0.021151375025510788,0.03999999910593033,0.07809002697467804,0.03809002786874771,0.019999999552965164,0.020596839487552643,0.0005968399345874786
e5ad409c498d9dac,gemm-p,gemm-p,lv2:__PARA__L0-3.__PARA__L1-16.__PARA__L2-16.__PARA__L3-1.__PIPE__L0-off.__PIPE__L2-flatten.__TILE__L0-1.__TILE__L2-1,target,query,query,finetune_dataset,data_379.pt,9453.0,gatedgcn_vn,5,50,paper_exact_seed5,5.023469924926758,4.624542236328125,0.3989276885986328,0.3499999940395355,0.3700152039527893,0.020015209913253784,0.23999999463558197,0.24717670679092407,0.007176712155342102,0.36000001430511475,0.3192203640937805,0.04077965021133423,0.009999999776482582,0.015964731574058533,0.005964731797575951
c23087f4ada53651,gemm-p,gemm-p,lv2:__PARA__L0-1.__PARA__L1-7.__PARA__L2-1.__PARA__L3-32.__PIPE__L0-off.__PIPE__L2-off.__TILE__L0-1.__TILE__L2-1,target,query,query,finetune_dataset,data_324.pt,285469.0,gatedgcn_vn,5,50,paper_exact_seed5,2.565261125564575,2.331470251083374,0.23379087448120117,0.019999999552965164,0.038706764578819275,0.01870676502585411,0.009999999776482582,0.02412213385105133,0.014122134074568748,0.0,0.03847171366214752,0.03847171366214752,0.05000000074505806,0.0472196564078331,0.0027803443372249603
d346d5b7f78331b0,gemm-p,gemm-p,lv2:__PARA__L0-1.__PARA__L1-1.__PARA__L2-20.__PARA__L3-5.__PIPE__L0-off.__PIPE__L2-NA.__TILE__L0-1.__TILE__L2-1,target,query,query,finetune_dataset,data_165.pt,30184.0,gatedgcn_vn,5,50,paper_exact_seed5,4.186000347137451,4.421642780303955,0.2356424331665039,0.20000000298023224,0.27875828742980957,0.07875828444957733,0.10000000149011612,0.17034679651260376,0.07034679502248764,0.1899999976158142,0.24606679379940033,0.05606679618358612,0.019999999552965164,0.02326151728630066,0.003261517733335495
0a84efe097d11970,gemm-p,gemm-p,lv2:__PARA__L0-1.__PARA__L1-1.__PARA__L2-5.__PARA__L3-10.__PIPE__L0-off.__PIPE__L2-off.__TILE__L0-1.__TILE__L2-1,target,query,query,finetune_dataset,data_196.pt,17432.0,gatedgcn_vn,5,50,paper_exact_seed5,4.5820231437683105,2.732728958129883,1.8492941856384277,0.05000000074505806,0.02539639174938202,0.02460360899567604,0.029999999329447746,0.014569640159606934,0.015430359169840813,0.07999999821186066,0.030970774590969086,0.04902922362089157,0.029999999329447746,0.03186105936765671,0.0018610600382089615
2e5b78aa62dc3423,gemm-p,gemm-p,lv2:__PARA__L0-12.__PARA__L1-32.__PARA__L2-16.__PARA__L3-1.__PIPE__L0-off.__PIPE__L2-flatten.__TILE__L0-1.__TILE__L2-1,target,query,query,finetune_dataset,data_345.pt,10982.0,gatedgcn_vn,5,50,paper_exact_seed5,4.9153218269348145,4.671961784362793,0.24336004257202148,0.3499999940395355,0.39252912998199463,0.042529135942459106,0.23999999463558197,0.19361494481563568,0.04638504981994629,0.36000001430511475,0.30582863092422485,0.05417138338088989,0.009999999776482582,0.005934767425060272,0.00406523235142231
4c42e6320195dd32,gemm-p,gemm-p,lv2:__PARA__L0-15.__PARA__L1-32.__PARA__L2-10.__PARA__L3-1.__PIPE__L0-off.__PIPE__L2-flatten.__TILE__L0-4.__TILE__L2-1,target,query,query,finetune_dataset,data_354.pt,12092.0,gatedgcn_vn,5,50,paper_exact_seed5,4.845865726470947,5.087615489959717,0.24174976348876953,0.23000000417232513,0.3342322111129761,0.10423220694065094,0.1599999964237213,0.17140425741672516,0.011404260993003845,0.2199999988079071,0.2761254906654358,0.056125491857528687,0.009999999776482582,0.003462754189968109,0.006537245586514473
eb5b77491060db4d,gemm-p,gemm-p,lv2:__PARA__L0-15.__PARA__L1-32.__PARA__L2-10.__PARA__L3-1.__PIPE__L0-NA.__PIPE__L2-flatten.__TILE__L0-4.__TILE__L2-1,target,query,query,finetune_dataset,data_352.pt,12092.0,gatedgcn_vn,5,50,paper_exact_seed5,4.845865726470947,5.056897163391113,0.21103143692016602,0.23000000417232513,0.32917654514312744,0.09917654097080231,0.1599999964237213,0.16489888727664948,0.004898890852928162,0.2199999988079071,0.2699137330055237,0.04991373419761658,0.009999999776482582,0.0038136616349220276,0.0061863381415605545
1a4493c05bc1e5d5,gemm-p,gemm-p,lv2:__PARA__L0-1.__PARA__L1-1.__PARA__L2-10.__PARA__L3-1.__PIPE__L0-off.__PIPE__L2-flatten.__TILE__L0-1.__TILE__L2-1,target,query,query,finetune_dataset,data_101.pt,14947.0,gatedgcn_vn,5,50,paper_exact_seed5,4.69296407699585,4.541983604431152,0.15098047256469727,0.20999999344348907,0.2558722198009491,0.04587222635746002,0.15000000596046448,0.1429152488708496,0.007084757089614868,0.2199999988079071,0.18096068501472473,0.03903931379318237,0.009999999776482582,0.014867052435874939,0.004867052659392357
eefe93faaef42f92,gemm-p,gemm-p,lv2:__PARA__L0-15.__PARA__L1-32.__PARA__L2-1.__PARA__L3-1.__PIPE__L0-NA.__PIPE__L2-flatten.__TILE__L0-4.__TILE__L2-1,target,query,query,finetune_dataset,data_348.pt,42692.0,gatedgcn_vn,5,50,paper_exact_seed5,3.9359092712402344,4.138594150543213,0.20268487930297852,0.05999999865889549,0.10763300210237503,0.04763300344347954,0.019999999552965164,0.05445083975791931,0.03445084020495415,0.03999999910593033,0.04733748733997345,0.007337488234043121,0.05000000074505806,0.05000333487987518,3.334134817123413e-06
91bd08a09160f90f,gemm-p,gemm-p,lv2:__PARA__L0-2.__PARA__L1-32.__PARA__L2-1.__PARA__L3-1.__PIPE__L0-off.__PIPE__L2-flatten.__TILE__L0-1.__TILE__L2-80,target,query,query,finetune_dataset,data_366.pt,31323.0,gatedgcn_vn,5,50,paper_exact_seed5,4.159280776977539,4.0130767822265625,0.14620399475097656,0.05999999865889549,0.05305848270654678,0.006941515952348709,0.019999999552965164,0.02201443910598755,0.0020144395530223846,0.03999999910593033,0.03698468953371048,0.0030153095722198486,0.05000000074505806,0.05798140913248062,0.007981408387422562
5b1cbec8490c4471,gemm-p,gemm-p,lv2:__PARA__L0-1.__PARA__L1-1.__PARA__L2-10.__PARA__L3-10.__PIPE__L0-off.__PIPE__L2-off.__TILE__L0-1.__TILE__L2-2,target,query,query,finetune_dataset,data_105.pt,195175.0,gatedgcn_vn,5,50,paper_exact_seed5,2.8395440578460693,3.6600069999694824,0.8204629421234131,0.029999999329447746,0.0648970752954483,0.03489707410335541,0.019999999552965164,0.043931618332862854,0.02393161877989769,0.029999999329447746,0.10486926138401031,0.07486926019191742,0.0,0.028535306453704834,0.028535306453704834
8549252cb5d872bf,gemm-p,gemm-p,lv2:__PARA__L0-1.__PARA__L1-1.__PARA__L2-20.__PARA__L3-14.__PIPE__L0-off.__PIPE__L2-off.__TILE__L0-1.__TILE__L2-1,target,query,query,finetune_dataset,data_160.pt,12790.0,gatedgcn_vn,5,50,paper_exact_seed5,4.805384159088135,4.208925247192383,0.596458911895752,0.30000001192092896,0.13741520047187805,0.1625848114490509,0.1899999976158142,0.08225645869970322,0.10774353891611099,0.4699999988079071,0.18537172675132751,0.2846282720565796,0.009999999776482582,0.02593376487493515,0.015933765098452568
cb44bd110671dfb6,gemm-p,gemm-p,lv2:__PARA__L0-1.__PARA__L1-1.__PARA__L2-1.__PARA__L3-5.__PIPE__L0-off.__PIPE__L2-off.__TILE__L0-1.__TILE__L2-2,target,query,query,finetune_dataset,data_93.pt,570770.0,gatedgcn_vn,5,50,paper_exact_seed5,2.0654733180999756,2.4449379444122314,0.37946462631225586,0.009999999776482582,0.008831903338432312,0.00116809643805027,0.0,-0.0013782978057861328,0.0013782978057861328,0.0,0.00848456472158432,0.00848456472158432,0.019999999552965164,0.030597500503063202,0.010597500950098038
44435f443523b172,gemm-p,gemm-p,lv2:__PARA__L0-1.__PARA__L1-5.__PARA__L2-4.__PARA__L3-1.__PIPE__L0-off.__PIPE__L2-flatten.__TILE__L0-1.__TILE__L2-4,target,query,query,finetune_dataset,data_317.pt,129016.0,gatedgcn_vn,5,50,paper_exact_seed5,3.138153076171875,3.050446033477783,0.0877070426940918,0.23000000417232513,0.11116769909858704,0.1188323050737381,0.05000000074505806,0.07573316991329193,0.02573316916823387,0.05000000074505806,0.07629254460334778,0.02629254385828972,0.009999999776482582,0.027973607182502747,0.017973607406020164
4b09448f98193400,gemm-p,gemm-p,lv2:__PARA__L0-1.__PARA__L1-1.__PARA__L2-1.__PARA__L3-14.__PIPE__L0-off.__PIPE__L2-off.__TILE__L0-1.__TILE__L2-2,target,query,query,finetune_dataset,data_84.pt,417715.0,gatedgcn_vn,5,50,paper_exact_seed5,2.2906687259674072,2.162071466445923,0.12859725952148438,0.009999999776482582,0.023927763104438782,0.0139277633279562,0.0,0.0037966370582580566,0.0037966370582580566,0.0,0.007357314229011536,0.007357314229011536,0.019999999552965164,0.03553894907236099,0.015538949519395828
6a4d5dd88f9cbbc8,gemm-p,gemm-p,lv2:__PARA__L0-1.__PARA__L1-1.__PARA__L2-4.__PARA__L3-14.__PIPE__L0-off.__PIPE__L2-off.__TILE__L0-1.__TILE__L2-1,target,query,query,finetune_dataset,data_177.pt,14650.0,gatedgcn_vn,5,50,paper_exact_seed5,4.707441806793213,2.662043571472168,2.045398235321045,0.05999999865889549,0.020663797855377197,0.039336200803518295,0.03999999910593033,0.015135273337364197,0.02486472576856613,0.09000000357627869,0.02590949833393097,0.06409050524234772,0.03999999910593033,0.03137388080358505,0.008626118302345276
4ffdfc36bd864ed0,gemm-p,gemm-p,lv2:__PARA__L0-2.__PARA__L1-16.__PARA__L2-10.__PARA__L3-1.__PIPE__L0-off.__PIPE__L2-flatten.__TILE__L0-1.__TILE__L2-8,target,query,query,finetune_dataset,data_362.pt,9691.0,gatedgcn_vn,5,50,paper_exact_seed5,5.005533218383789,4.728625297546387,0.27690792083740234,0.23000000417232513,0.24280056357383728,0.012800559401512146,0.1599999964237213,0.1522076576948166,0.007792338728904724,0.2199999988079071,0.19249722361564636,0.027502775192260742,0.009999999776482582,0.016410745680332184,0.006410745903849602
cd3cdb259f07b3fb,gemm-p,gemm-p,lv2:__PARA__L0-1.__PARA__L1-32.__PARA__L2-1.__PARA__L3-32.__PIPE__L0-off.__PIPE__L2-off.__TILE__L0-1.__TILE__L2-80,target,query,query,finetune_dataset,data_273.pt,285469.0,gatedgcn_vn,5,50,paper_exact_seed5,2.565261125564575,2.3657703399658203,0.19949078559875488,0.009999999776482582,-0.008405819535255432,0.018405819311738014,0.009999999776482582,0.003980427980422974,0.0060195717960596085,0.029999999329447746,0.019969642162322998,0.010030357167124748,0.05000000074505806,0.02781183272600174,0.02218816801905632
42e8b67f759345f2,gemm-p,gemm-p,lv2:__PARA__L0-1.__PARA__L1-1.__PARA__L2-20.__PARA__L3-10.__PIPE__L0-off.__PIPE__L2-off.__TILE__L0-1.__TILE__L2-1,target,query,query,finetune_dataset,data_157.pt,12850.0,gatedgcn_vn,5,50,paper_exact_seed5,4.802008152008057,4.175122261047363,0.6268858909606934,0.20999999344348907,0.13513869047164917,0.0748613029718399,0.12999999523162842,0.07915396988391876,0.050846025347709656,0.3400000035762787,0.179610475897789,0.16038952767848969,0.009999999776482582,0.025723107159137726,0.015723107382655144
539dbea26e2d76bb,gemm-p,gemm-p,lv2:__PARA__L0-15.__PARA__L1-32.__PARA__L2-16.__PARA__L3-1.__PIPE__L0-off.__PIPE__L2-flatten.__TILE__L0-4.__TILE__L2-1,target,query,query,finetune_dataset,data_358.pt,11552.0,gatedgcn_vn,5,50,paper_exact_seed5,4.878820896148682,4.680537700653076,0.19828319549560547,0.3499999940395355,0.39338839054107666,0.04338839650154114,0.23999999463558197,0.19515255093574524,0.04484744369983673,0.36000001430511475,0.3081303834915161,0.05186963081359863,0.009999999776482582,0.0055506303906440735,0.004449369385838509
959efd0cce53df30,gemm-p,gemm-p,lv2:__PARA__L0-30.__PARA__L1-32.__PARA__L2-16.__PARA__L3-1.__PIPE__L0-off.__PIPE__L2-flatten.__TILE__L0-1.__TILE__L2-1,target,query,query,finetune_dataset,data_397.pt,14419.0,gatedgcn_vn,5,50,paper_exact_seed5,4.718906402587891,4.709961891174316,0.008944511413574219,0.3499999940395355,0.39513590931892395,0.04513591527938843,0.23999999463558197,0.19325579702854156,0.046744197607040405,0.36000001430511475,0.3126784563064575,0.04732155799865723,0.009999999776482582,0.005584828555583954,0.004415171220898628
2290deff8cb38c64,gemm-p,gemm-p,lv2:__PARA__L0-1.__PARA__L1-5.__PARA__L2-16.__PARA__L3-1.__PIPE__L0-off.__PIPE__L2-flatten.__TILE__L0-1.__TILE__L2-4,target,query,query,finetune_dataset,data_309.pt,65899.0,gatedgcn_vn,5,50,paper_exact_seed5,3.6227638721466064,4.0116376876831055,0.388873815536499,0.3799999952316284,0.26681098341941833,0.11318901181221008,0.029999999329447746,0.15688464045524597,0.12688463926315308,0.019999999552965164,0.18669231235980988,0.166692316532135,0.019999999552965164,0.02371477335691452,0.003714773803949356
e38805de48eb664e,gemm-p,gemm-p,lv2:__PARA__L0-1.__PARA__L1-16.__PARA__L2-16.__PARA__L3-1.__PIPE__L0-off.__PIPE__L2-flatten.__TILE__L0-60.__TILE__L2-1,target,query,query,finetune_dataset,data_239.pt,10927.0,gatedgcn_vn,5,50,paper_exact_seed5,4.918943405151367,4.373980522155762,0.5449628829956055,0.3199999928474426,0.2694892883300781,0.0505107045173645,0.23999999463558197,0.1572069674730301,0.08279302716255188,0.36000001430511475,0.17017218470573425,0.1898278295993805,0.009999999776482582,0.02067682147026062,0.010676821693778038
f61c333ba135e89b,gemm-p,gemm-p,lv2:__PARA__L0-1.__PARA__L1-1.__PARA__L2-20.__PARA__L3-7.__PIPE__L0-off.__PIPE__L2-NA.__TILE__L0-1.__TILE__L2-1,target,query,query,finetune_dataset,data_168.pt,30183.0,gatedgcn_vn,5,50,paper_exact_seed5,4.186024188995361,4.149190902709961,0.03683328628540039,0.25,0.2190691977739334,0.03093080222606659,0.11999999731779099,0.12017544358968735,0.0001754462718963623,0.25,0.2117215096950531,0.0382784903049469,0.019999999552965164,0.018778584897518158,0.0012214146554470062
8ef4d5ca9c78eaf3,gemm-p,gemm-p,lv2:__PARA__L0-1.__PARA__L1-32.__PARA__L2-1.__PARA__L3-1.__PIPE__L0-NA.__PIPE__L2-flatten.__TILE__L0-2.__TILE__L2-1,target,query,query,finetune_dataset,data_266.pt,31323.0,gatedgcn_vn,5,50,paper_exact_seed5,4.159280776977539,3.906118154525757,0.2531626224517822,0.05999999865889549,0.09745156764984131,0.037451568990945816,0.019999999552965164,0.04376703500747681,0.023767035454511642,0.03999999910593033,0.039946094155311584,5.3904950618743896e-05,0.05000000074505806,0.05130534619092941,0.0013053454458713531
c5791db1d59b0697,gemm-p,gemm-p,lv2:__PARA__L0-1.__PARA__L1-2.__PARA__L2-2.__PARA__L3-70.__PIPE__L0-off.__PIPE__L2-off.__TILE__L0-1.__TILE__L2-1,target,query,query,finetune_dataset,data_256.pt,33547.0,gatedgcn_vn,5,50,paper_exact_seed5,4.109800338745117,4.172764778137207,0.06296443939208984,0.03999999910593033,0.09229790419340134,0.05229790508747101,0.019999999552965164,0.052894651889801025,0.03289465233683586,0.019999999552965164,0.08805357664823532,0.06805357336997986,0.009999999776482582,0.03427088260650635,0.024270882830023766
46580acbb8d130f0,gemm-p,gemm-p,lv2:__PARA__L0-1.__PARA__L1-32.__PARA__L2-10.__PARA__L3-1.__PIPE__L0-off.__PIPE__L2-flatten.__TILE__L0-60.__TILE__L2-1,target,query,query,finetune_dataset,data_280.pt,11167.0,gatedgcn_vn,5,50,paper_exact_seed5,4.903271198272705,4.667297840118408,0.23597335815429688,0.20999999344348907,0.2254219949245453,0.015422001481056213,0.15000000596046448,0.13886688649654388,0.011133119463920593,0.2199999988079071,0.14861199259757996,0.07138800621032715,0.009999999776482582,0.01725221425294876,0.007252214476466179
9388d9bcc8c3974d,gemm-p,gemm-p,lv2:__PARA__L0-1.__PARA__L1-1.__PARA__L2-5.__PARA__L3-5.__PIPE__L0-off.__PIPE__L2-off.__TILE__L0-1.__TILE__L2-2,target,query,query,finetune_dataset,data_207.pt,520550.0,gatedgcn_vn,5,50,paper_exact_seed5,2.1319096088409424,2.71350359916687,0.5815939903259277,0.009999999776482582,0.022882625460624695,0.012882625684142113,0.0,0.017028361558914185,0.017028361558914185,0.0,0.028011031448841095,0.028011031448841095,0.029999999329447746,0.0317642018198967,0.0017642024904489517
e6fc07ef29cf871c,gemm-p,gemm-p,lv2:__PARA__L0-1.__PARA__L1-32.__PARA__L2-10.__PARA__L3-1.__PIPE__L0-off.__PIPE__L2-flatten.__TILE__L0-2.__TILE__L2-1,target,query,query,finetune_dataset,data_278.pt,9563.0,gatedgcn_vn,5,50,paper_exact_seed5,5.015124320983887,4.83643102645874,0.17869329452514648,0.23000000417232513,0.26412469148635864,0.03412468731403351,0.1599999964237213,0.15149328112602234,0.008506715297698975,0.2199999988079071,0.19604980945587158,0.023950189352035522,0.009999999776482582,0.013905122876167297,0.0039051230996847153
c2ee75a2842c4990,gemm-p,gemm-p,lv2:__PARA__L0-1.__PARA__L1-1.__PARA__L2-8.__PARA__L3-1.__PIPE__L0-off.__PIPE__L2-flatten.__TILE__L0-1.__TILE__L2-1,target,query,query,finetune_dataset,data_213.pt,15487.0,gatedgcn_vn,5,50,paper_exact_seed5,4.667363166809082,4.622605323791504,0.044757843017578125,0.17000000178813934,0.22744160890579224,0.05744160711765289,0.11999999731779099,0.13408163189888,0.01408163458108902,0.18000000715255737,0.14417408406734467,0.03582592308521271,0.009999999776482582,0.018245764076709747,0.008245764300227165
1e44fed449c41549,gemm-p,gemm-p,lv2:__PARA__L0-1.__PARA__L1-1.__PARA__L2-20.__PARA__L3-10.__PIPE__L0-off.__PIPE__L2-off.__TILE__L0-1.__TILE__L2-2,target,query,query,finetune_dataset,data_158.pt,150655.0,gatedgcn_vn,5,50,paper_exact_seed5,3.026303768157959,4.156566143035889,1.1302623748779297,0.05000000074505806,0.1341295838356018,0.08412958681583405,0.03999999910593033,0.08029396831989288,0.040293969213962555,0.05999999865889549,0.1780140995979309,0.11801409721374512,0.009999999776482582,0.026464931666851044,0.01646493189036846
2f9f4901901789d3,gemm-p,gemm-p,lv2:__PARA__L0-1.__PARA__L1-1.__PARA__L2-1.__PARA__L3-10.__PIPE__L0-off.__PIPE__L2-off.__TILE__L0-1.__TILE__L2-1,target,query,query,finetune_dataset,data_80.pt,158833.0,gatedgcn_vn,5,50,paper_exact_seed5,2.988172769546509,2.3120784759521484,0.6760942935943604,0.019999999552965164,0.021450012922286987,0.0014500133693218231,0.009999999776482582,-0.0013435781002044678,0.01134357787668705,0.019999999552965164,0.00927775353193283,0.010722246021032333,0.029999999329447746,0.031321652233600616,0.0013216529041528702
076e9cc6b7221822,gemm-p,gemm-p,lv2:__PARA__L0-1.__PARA__L1-4.__PARA__L2-10.__PARA__L3-1.__PIPE__L0-off.__PIPE__L2-flatten.__TILE__L0-1.__TILE__L2-8,target,query,query,finetune_dataset,data_293.pt,12187.0,gatedgcn_vn,5,50,paper_exact_seed5,4.8402204513549805,4.237492084503174,0.6027283668518066,0.20999999344348907,0.21993793547153473,0.009937942028045654,0.15000000596046448,0.1463361531496048,0.00366385281085968,0.2199999988079071,0.1533772051334381,0.066622793674469,0.009999999776482582,0.02411482483148575,0.014114825055003166
d86b4bef7a938c97,gemm-p,gemm-p,lv2:__PARA__L0-12.__PARA__L1-32.__PARA__L2-16.__PARA__L3-1.__PIPE__L0-NA.__PIPE__L2-flatten.__TILE__L0-1.__TILE__L2-1,target,query,query,finetune_dataset,data_344.pt,10982.0,gatedgcn_vn,5,50,paper_exact_seed5,4.9153218269348145,4.651828289031982,0.26349353790283203,0.3499999940395355,0.38664358854293823,0.03664359450340271,0.23999999463558197,0.18627284467220306,0.053727149963378906,0.36000001430511475,0.2979951500892639,0.06200486421585083,0.009999999776482582,0.006199933588504791,0.003800066187977791
9ef04f98e2e62988,gemm-p,gemm-p,lv2:__PARA__L0-1.__PARA__L1-5.__PARA__L2-4.__PARA__L3-1.__PIPE__L0-off.__PIPE__L2-flatten.__TILE__L0-1.__TILE__L2-2,target,query,query,finetune_dataset,data_316.pt,225616.0,gatedgcn_vn,5,50,paper_exact_seed5,2.7349934577941895,3.2515788078308105,0.5165853500366211,0.23000000417232513,0.12230509519577026,0.10769490897655487,0.05000000074505806,0.08077047020196915,0.030770469456911087,0.05000000074505806,0.08043908327817917,0.03043908253312111,0.009999999776482582,0.027984969317913055,0.017984969541430473
1e61a91755bde15a,gemm-p,gemm-p,lv2:__PARA__L0-1.__PARA__L1-1.__PARA__L2-2.__PARA__L3-5.__PIPE__L0-off.__PIPE__L2-off.__TILE__L0-1.__TILE__L2-2,target,query,query,finetune_dataset,data_148.pt,886860.0,gatedgcn_vn,5,50,paper_exact_seed5,1.7475749254226685,2.4684276580810547,0.7208527326583862,0.009999999776482582,0.0041139572858810425,0.00588604249060154,0.0,-0.0018827617168426514,0.0018827617168426514,0.0,-0.005721196532249451,0.005721196532249451,0.029999999329447746,0.027316875755786896,0.0026831235736608505
6542924bdc2c5f94,gemm-p,gemm-p,lv2:__PARA__L0-1.__PARA__L1-1.__PARA__L2-1.__PARA__L3-5.__PIPE__L0-off.__PIPE__L2-off.__TILE__L0-1.__TILE__L2-4,target,query,query,finetune_dataset,data_94.pt,570770.0,gatedgcn_vn,5,50,paper_exact_seed5,2.0654733180999756,2.3941876888275146,0.32871437072753906,0.009999999776482582,0.0025849342346191406,0.0074150655418634415,0.0,-0.005564168095588684,0.005564168095588684,0.0,0.0006475374102592468,0.0006475374102592468,0.019999999552965164,0.030201680958271027,0.010201681405305862
11afce2ecc6de15c,gemm-p,gemm-p,lv2:__PARA__L0-1.__PARA__L1-1.__PARA__L2-10.__PARA__L3-10.__PIPE__L0-off.__PIPE__L2-off.__TILE__L0-1.__TILE__L2-1,target,query,query,finetune_dataset,data_104.pt,12550.0,gatedgcn_vn,5,50,paper_exact_seed5,4.8190484046936035,3.7840569019317627,1.0349915027618408,0.10999999940395355,0.06843604147434235,0.041563957929611206,0.07000000029802322,0.04533940553665161,0.024660594761371613,0.17000000178813934,0.11356734484434128,0.056432656943798065,0.009999999776482582,0.02784963697195053,0.01784963719546795
383353e3b882b145,gemm-p,gemm-p,lv2:__PARA__L0-1.__PARA__L1-2.__PARA__L2-1.__PARA__L3-32.__PIPE__L0-off.__PIPE__L2-off.__TILE__L0-1.__TILE__L2-1,target,query,query,finetune_dataset,data_242.pt,286909.0,gatedgcn_vn,5,50,paper_exact_seed5,2.561631441116333,2.397578001022339,0.16405344009399414,0.009999999776482582,0.04461266100406647,0.034612663090229034,0.0,0.022830069065093994,0.022830069065093994,0.0,0.024033762514591217,0.024033762514591217,0.05000000074505806,0.04373311996459961,0.00626688078045845
af6cac7f028324ae,gemm-p,gemm-p,lv2:__PARA__L0-1.__PARA__L1-1.__PARA__L2-10.__PARA__L3-5.__PIPE__L0-off.__PIPE__L2-off.__TILE__L0-1.__TILE__L2-1,target,query,query,finetune_dataset,data_113.pt,18784.0,gatedgcn_vn,5,50,paper_exact_seed5,4.528140068054199,3.7742385864257812,0.753901481628418,0.05999999865889549,0.06487738341093063,0.004877384752035141,0.03999999910593033,0.046700090169906616,0.006700091063976288,0.09000000357627869,0.11776897311210632,0.027768969535827637,0.029999999329447746,0.026666387915611267,0.003333611413836479
0df3b686b357956a,gemm-p,gemm-p,lv2:__PARA__L0-1.__PARA__L1-1.__PARA__L2-4.__PARA__L3-2.__PIPE__L0-off.__PIPE__L2-off.__TILE__L0-1.__TILE__L2-4,target,query,query,finetune_dataset,data_183.pt,955866.0,gatedgcn_vn,5,50,paper_exact_seed5,1.69352388381958,2.426604747772217,0.7330808639526367,0.009999999776482582,0.0005693882703781128,0.00943061150610447,0.0,-0.012284994125366211,0.012284994125366211,0.0,-0.0044885724782943726,0.0044885724782943726,0.019999999552965164,0.028439022600650787,0.008439023047685623
998f552ce8cd3b0b,gemm-p,gemm-p,lv2:__PARA__L0-1.__PARA__L1-1.__PARA__L2-4.__PARA__L3-14.__PIPE__L0-off.__PIPE__L2-off.__TILE__L0-1.__TILE__L2-4,target,query,query,finetune_dataset,data_179.pt,171065.0,gatedgcn_vn,5,50,paper_exact_seed5,2.9346559047698975,2.597296953201294,0.3373589515686035,0.019999999552965164,0.019678547978401184,0.0003214515745639801,0.009999999776482582,0.01397201418876648,0.003972014412283897,0.009999999776482582,0.023023799061775208,0.013023799285292625,0.03999999910593033,0.031785279512405396,0.008214719593524933
0d68a0f6765ebd93,gemm-p,gemm-p,lv2:__PARA__L0-1.__PARA__L1-4.__PARA__L2-4.__PARA__L3-1.__PIPE__L0-off.__PIPE__L2-flatten.__TILE__L0-1.__TILE__L2-1,target,query,query,finetune_dataset,data_296.pt,21187.0,gatedgcn_vn,5,50,paper_exact_seed5,4.441302299499512,3.4055962562561035,1.0357060432434082,0.07999999821186066,0.12685593962669373,0.04685594141483307,0.05000000074505806,0.08378127217292786,0.0337812714278698,0.05000000074505806,0.08427345752716064,0.034273456782102585,0.009999999776482582,0.02768811583518982,0.017688116058707237
a041a0b04cb7eb40,gemm-p,gemm-p,lv2:__PARA__L0-1.__PARA__L1-4.__PARA__L2-1.__PARA__L3-1.__PIPE__L0-off.__PIPE__L2-flatten.__TILE__L0-1.__TILE__L2-1,target,query,query,finetune_dataset,data_287.pt,32587.0,gatedgcn_vn,5,50,paper_exact_seed5,4.130743980407715,3.2382466793060303,0.8924973011016846,0.029999999329447746,0.08283079415559769,0.05283079296350479,0.009999999776482582,0.03501254320144653,0.02501254342496395,0.019999999552965164,0.032132431864738464,0.0121324323117733,0.05000000074505806,0.0553666427731514,0.005366642028093338
5f38764ae95b8318,gemm-p,gemm-p,lv2:__PARA__L0-3.__PARA__L1-32.__PARA__L2-16.__PARA__L3-1.__PIPE__L0-NA.__PIPE__L2-flatten.__TILE__L0-1.__TILE__L2-1,target,query,query,finetune_dataset,data_384.pt,9321.0,gatedgcn_vn,5,50,paper_exact_seed5,5.033613681793213,4.682915210723877,0.35069847106933594,0.3499999940395355,0.315656840801239,0.03434315323829651,0.23999999463558197,0.16102012991905212,0.07897986471652985,0.36000001430511475,0.24935013055801392,0.11064988374710083,0.009999999776482582,0.009324930608272552,0.0006750691682100296
65905651ddefa93d,gemm-p,gemm-p,lv2:__PARA__L0-1.__PARA__L1-1.__PARA__L2-5.__PARA__L3-1.__PIPE__L0-off.__PIPE__L2-flatten.__TILE__L0-1.__TILE__L2-1,target,query,query,finetune_dataset,data_194.pt,19109.0,gatedgcn_vn,5,50,paper_exact_seed5,4.515766143798828,3.9894278049468994,0.5263383388519287,0.10000000149011612,0.14365574717521667,0.043655745685100555,0.07000000029802322,0.09041309356689453,0.020413093268871307,0.10999999940395355,0.1025967001914978,0.0074032992124557495,0.009999999776482582,0.01870855689048767,0.008708557114005089
2094e4f1edf458d2,gemm-p,gemm-p,lv2:__PARA__L0-1.__PARA__L1-5.__PARA__L2-10.__PARA__L3-1.__PIPE__L0-off.__PIPE__L2-flatten.__TILE__L0-1.__TILE__L2-2,target,query,query,finetune_dataset,data_305.pt,111135.0,gatedgcn_vn,5,50,paper_exact_seed5,3.2457714080810547,4.399670600891113,1.1538991928100586,0.4399999976158142,0.2401709109544754,0.1998290866613388,0.18000000715255737,0.15037348866462708,0.029626518487930298,0.6100000143051147,0.17420350015163422,0.43579649925231934,0.0,0.022016815841197968,0.022016815841197968
04ec9beb6b3bb0c6,gemm-p,gemm-p,lv2:__PARA__L0-5.__PARA__L1-32.__PARA__L2-1.__PARA__L3-1.__PIPE__L0-NA.__PIPE__L2-flatten.__TILE__L0-1.__TILE__L2-80,target,query,query,finetune_dataset,data_412.pt,33900.0,gatedgcn_vn,5,50,paper_exact_seed5,4.102249622344971,4.123128890991211,0.020879268646240234,0.05999999865889549,0.04890596121549606,0.01109403744339943,0.019999999552965164,0.01245047152042389,0.007549528032541275,0.03999999910593033,0.03445828706026077,0.005541712045669556,0.05000000074505806,0.05220240354537964,0.002202402800321579
ca65b2dddf05a722,gemm-p,gemm-p,lv2:__PARA__L0-1.__PARA__L1-2.__PARA__L2-1.__PARA__L3-32.__PIPE__L0-off.__PIPE__L2-off.__TILE__L0-1.__TILE__L2-80,target,query,query,finetune_dataset,data_243.pt,286909.0,gatedgcn_vn,5,50,paper_exact_seed5,2.561631441116333,2.210252523422241,0.3513789176940918,0.009999999776482582,-0.011432752013206482,0.021432751789689064,0.0,-0.0004531443119049072,0.0004531443119049072,0.0,0.00623060017824173,0.00623060017824173,0.05000000074505806,0.02639470249414444,0.02360529825091362
478e73a6a5922a99,gemm-p,gemm-p,lv2:__PARA__L0-1.__PARA__L1-1.__PARA__L2-2.__PARA__L3-7.__PIPE__L0-off.__PIPE__L2-off.__TILE__L0-1.__TILE__L2-4,target,query,query,finetune_dataset,data_153.pt,451979.0,gatedgcn_vn,5,50,paper_exact_seed5,2.233800172805786,2.5931155681610107,0.3593153953552246,0.009999999776482582,0.01364852488040924,0.0036485251039266586,0.0,-0.006791442632675171,0.006791442632675171,0.0,-0.006064474582672119,0.006064474582672119,0.019999999552965164,0.025759436190128326,0.005759436637163162
4906c8bd40b87d68,gemm-p,gemm-p,lv2:__PARA__L0-1.__PARA__L1-1.__PARA__L2-4.__PARA__L3-2.__PIPE__L0-off.__PIPE__L2-NA.__TILE__L0-1.__TILE__L2-1,target,query,query,finetune_dataset,data_180.pt,91931.0,gatedgcn_vn,5,50,paper_exact_seed5,3.3826165199279785,2.841973304748535,0.5406432151794434,0.029999999329447746,0.03020414710044861,0.00020414777100086212,0.009999999776482582,0.010656282305717468,0.0006562825292348862,0.019999999552965164,0.024315670132637024,0.00431567057967186,0.019999999552965164,0.021003358066082,0.0010033585131168365
3aae16898050d862,gemm-p,gemm-p,lv2:__PARA__L0-1.__PARA__L1-1.__PARA__L2-5.__PARA__L3-7.__PIPE__L0-off.__PIPE__L2-NA.__TILE__L0-1.__TILE__L2-1,target,query,query,finetune_dataset,data_208.pt,55024.0,gatedgcn_vn,5,50,paper_exact_seed5,3.752861738204956,3.65242075920105,0.10044097900390625,0.07000000029802322,0.057335078716278076,0.012664921581745148,0.029999999329447746,0.034717291593551636,0.0047172922641038895,0.05999999865889549,0.06252098083496094,0.002520982176065445,0.029999999329447746,0.01910487562417984,0.010895123705267906
c54c0bb4e3c4346a,gemm-p,gemm-p,lv2:__PARA__L0-1.__PARA__L1-1.__PARA__L2-4.__PARA__L3-7.__PIPE__L0-off.__PIPE__L2-NA.__TILE__L0-1.__TILE__L2-1,target,query,query,finetune_dataset,data_188.pt,64384.0,gatedgcn_vn,5,50,paper_exact_seed5,3.6395411491394043,3.4685826301574707,0.1709585189819336,0.05999999865889549,0.04451586306095123,0.01548413559794426,0.029999999329447746,0.023396283388137817,0.006603715941309929,0.05000000074505806,0.044774189591407776,0.005225811153650284,0.029999999329447746,0.01912524551153183,0.010874753817915916
084cdd7b355296ae,gemm-p,gemm-p,lv2:__PARA__L0-1.__PARA__L1-2.__PARA__L2-8.__PARA__L3-1.__PIPE__L0-off.__PIPE__L2-flatten.__TILE__L0-1.__TILE__L2-1,target,query,query,finetune_dataset,data_263.pt,13387.0,gatedgcn_vn,5,50,paper_exact_seed5,4.772475719451904,4.624675273895264,0.14780044555664062,0.17000000178813934,0.22806155681610107,0.05806155502796173,0.11999999731779099,0.13433118164539337,0.014331184327602386,0.18000000715255737,0.1447749137878418,0.035225093364715576,0.009999999776482582,0.018487751483917236,0.008487751707434654
a1f84ba90c06f0c0,gemm-p,gemm-p,lv2:__PARA__L0-1.__PARA__L1-1.__PARA__L2-20.__PARA__L3-5.__PIPE__L0-off.__PIPE__L2-off.__TILE__L0-1.__TILE__L2-2,target,query,query,finetune_dataset,data_167.pt,270229.0,gatedgcn_vn,5,50,paper_exact_seed5,2.604836940765381,4.274175643920898,1.6693387031555176,0.029999999329447746,0.14490297436714172,0.11490297317504883,0.019999999552965164,0.08548060059547424,0.06548060476779938,0.029999999329447746,0.18392489850521088,0.15392489731311798,0.019999999552965164,0.025032125413417816,0.005032125860452652
62c57d9c0f74d8e7,gemm-p,gemm-p,lv2:__PARA__L0-1.__PARA__L1-1.__PARA__L2-5.__PARA__L3-2.__PIPE__L0-off.__PIPE__L2-NA.__TILE__L0-1.__TILE__L2-1,target,query,query,finetune_dataset,data_201.pt,79052.0,gatedgcn_vn,5,50,paper_exact_seed5,3.4914910793304443,2.9534287452697754,0.538062334060669,0.029999999329447746,0.0352129191160202,0.005212919786572456,0.009999999776482582,0.020453914999961853,0.010453915223479271,0.019999999552965164,0.025347843766212463,0.005347844213247299,0.019999999552965164,0.021765142679214478,0.0017651431262493134
230bcf10aafe80b9,gemm-p,gemm-p,lv2:__PARA__L0-1.__PARA__L1-1.__PARA__L2-16.__PARA__L3-5.__PIPE__L0-off.__PIPE__L2-off.__TILE__L0-1.__TILE__L2-1,target,query,query,finetune_dataset,data_128.pt,16504.0,gatedgcn_vn,5,50,paper_exact_seed5,4.621484279632568,4.2851338386535645,0.3363504409790039,0.09000000357627869,0.12718214094638824,0.03718213737010956,0.05999999865889549,0.07424530386924744,0.014245305210351944,0.14000000059604645,0.17897455394268036,0.03897455334663391,0.05999999865889549,0.023413963615894318,0.036586035043001175
3bbf8f2298a825c7,gemm-p,gemm-p,lv2:__PARA__L0-10.__PARA__L1-16.__PARA__L2-16.__PARA__L3-1.__PIPE__L0-off.__PIPE__L2-flatten.__TILE__L0-1.__TILE__L2-1,target,query,query,finetune_dataset,data_332.pt,10763.0,gatedgcn_vn,5,50,paper_exact_seed5,4.92985200881958,4.573419570922852,0.3564324378967285,0.3499999940395355,0.38976192474365234,0.03976193070411682,0.23999999463558197,0.20726466178894043,0.03273533284664154,0.36000001430511475,0.31036633253097534,0.049633681774139404,0.009999999776482582,0.008274674415588379,0.0017253253608942032
4730d0e52ba378ec,gemm-p,gemm-p,lv2:__PARA__L0-1.__PARA__L1-1.__PARA__L2-10.__PARA__L3-1.__PIPE__L0-off.__PIPE__L2-flatten.__TILE__L0-1.__TILE__L2-8,target,query,query,finetune_dataset,data_102.pt,14947.0,gatedgcn_vn,5,50,paper_exact_seed5,4.69296407699585,4.386674404144287,0.3062896728515625,0.20999999344348907,0.22805051505565643,0.01805052161216736,0.15000000596046448,0.14045529067516327,0.009544715285301208,0.2199999988079071,0.15646997094154358,0.06353002786636353,0.009999999776482582,0.018599815666675568,0.008599815890192986
5d52c78053e9c970,gemm-p,gemm-p,lv2:__PARA__L0-1.__PARA__L1-1.__PARA__L2-16.__PARA__L3-10.__PIPE__L0-off.__PIPE__L2-NA.__TILE__L0-1.__TILE__L2-1,target,query,query,finetune_dataset,data_121.pt,30250.0,gatedgcn_vn,5,50,paper_exact_seed5,4.18442440032959,4.2610764503479,0.07665205001831055,0.25999999046325684,0.19895590841770172,0.061044082045555115,0.11999999731779099,0.1151711717247963,0.00482882559299469,0.2800000011920929,0.20985963940620422,0.07014036178588867,0.009999999776482582,0.017581015825271606,0.007581016048789024
5da4f0b9ddf1dc15,gemm-p,gemm-p,lv2:__PARA__L0-1.__PARA__L1-1.__PARA__L2-1.__PARA__L3-70.__PIPE__L0-off.__PIPE__L2-NA.__TILE__L0-1.__TILE__L2-1,target,query,query,finetune_dataset,data_98.pt,32530.0,gatedgcn_vn,5,50,paper_exact_seed5,4.132006645202637,4.214000701904297,0.08199405670166016,0.019999999552965164,0.05881301313638687,0.03881301358342171,0.009999999776482582,0.02516201138496399,0.015162011608481407,0.019999999552965164,0.012371055781841278,0.007628943771123886,0.05000000074505806,0.04022872447967529,0.009771276265382767
2a002c11e47adc72,gemm-p,gemm-p,lv2:__PARA__L0-1.__PARA__L1-1.__PARA__L2-1.__PARA__L3-1.__PIPE__L0-off.__PIPE__L2-flatten.__TILE__L0-1.__TILE__L2-80,target,query,query,finetune_dataset,data_78.pt,35347.0,gatedgcn_vn,5,50,paper_exact_seed5,4.072098255157471,3.669949531555176,0.4021487236022949,0.029999999329447746,0.02716323733329773,0.002836761996150017,0.009999999776482582,-0.009033799171447754,0.019033798947930336,0.019999999552965164,0.016664333641529083,0.003335665911436081,0.05000000074505806,0.054179176688194275,0.004179175943136215
eb5fb655dff9860c,gemm-p,gemm-p,lv2:__PARA__L0-1.__PARA__L1-10.__PARA__L2-1.__PARA__L3-32.__PIPE__L0-off.__PIPE__L2-off.__TILE__L0-1.__TILE__L2-1,target,query,query,finetune_dataset,data_231.pt,285289.0,gatedgcn_vn,5,50,paper_exact_seed5,2.565716028213501,2.373894214630127,0.19182181358337402,0.019999999552965164,0.039292603731155396,0.01929260417819023,0.009999999776482582,0.02511298656463623,0.015112986788153648,0.009999999776482582,0.03983771800994873,0.02983771823346615,0.05000000074505806,0.045866064727306366,0.004133936017751694
b3b01272ccc963fe,gemm-p,gemm-p,lv2:__PARA__L0-1.__PARA__L1-1.__PARA__L2-20.__PARA__L3-5.__PIPE__L0-off.__PIPE__L2-off.__TILE__L0-1.__TILE__L2-1,target,query,query,finetune_dataset,data_166.pt,15844.0,gatedgcn_vn,5,50,paper_exact_seed5,4.650923728942871,4.300090312957764,0.3508334159851074,0.11999999731779099,0.1485728919506073,0.028572894632816315,0.07999999821186066,0.08395227789878845,0.003952279686927795,0.18000000715255737,0.18567124009132385,0.0056712329387664795,0.019999999552965164,0.024655424058437347,0.004655424505472183
00f04d9d71c381ce,gemm-p,gemm-p,lv2:__PARA__L0-1.__PARA__L1-1.__PARA__L2-5.__PARA__L3-2.__PIPE__L0-off.__PIPE__L2-off.__TILE__L0-1.__TILE__L2-1,target,query,query,finetune_dataset,data_202.pt,45152.0,gatedgcn_vn,5,50,paper_exact_seed5,3.8954970836639404,2.492244243621826,1.4032528400421143,0.019999999552965164,0.006553813815116882,0.013446185737848282,0.009999999776482582,-0.01009097695350647,0.020090976729989052,0.019999999552965164,0.004038654267787933,0.01596134528517723,0.019999999552965164,0.02970988303422928,0.009709883481264114
ef36d8bab41db1c1,gemm-p,gemm-p,lv2:__PARA__L0-1.__PARA__L1-1.__PARA__L2-10.__PARA__L3-7.__PIPE__L0-off.__PIPE__L2-off.__TILE__L0-1.__TILE__L2-1,target,query,query,finetune_dataset,data_116.pt,16743.0,gatedgcn_vn,5,50,paper_exact_seed5,4.61111307144165,3.7689695358276367,0.8421435356140137,0.07999999821186066,0.06657254695892334,0.013427451252937317,0.05000000074505806,0.04276791214942932,0.007232088595628738,0.11999999731779099,0.10974438488483429,0.010255612432956696,0.03999999910593033,0.02683310955762863,0.013166889548301697
0603f124845f13e3,gemm-p,gemm-p,lv2:__PARA__L0-30.__PARA__L1-32.__PARA__L2-10.__PARA__L3-1.__PIPE__L0-NA.__PIPE__L2-flatten.__TILE__L0-2.__TILE__L2-1,target,query,query,finetune_dataset,data_392.pt,15139.0,gatedgcn_vn,5,50,paper_exact_seed5,4.683757305145264,5.058533191680908,0.37477588653564453,0.23000000417232513,0.33111220598220825,0.10111220180988312,0.1599999964237213,0.16817498207092285,0.008174985647201538,0.2199999988079071,0.2827954590320587,0.06279546022415161,0.009999999776482582,0.00368431955575943,0.006315680220723152
0cc2af7e268e2d52,gemm-p,gemm-p,lv2:__PARA__L0-1.__PARA__L1-1.__PARA__L2-4.__PARA__L3-10.__PIPE__L0-off.__PIPE__L2-NA.__TILE__L0-1.__TILE__L2-1,target,query,query,finetune_dataset,data_172.pt,61570.0,gatedgcn_vn,5,50,paper_exact_seed5,3.671778440475464,3.490117073059082,0.18166136741638184,0.07000000029802322,0.046113595366477966,0.023886404931545258,0.029999999329447746,0.026607245206832886,0.0033927541226148605,0.07000000029802322,0.04835245758295059,0.021647542715072632,0.029999999329447746,0.020192481577396393,0.009807517752051353
bad7ae6c318a94cc,gemm-p,gemm-p,lv2:__PARA__L0-4.__PARA__L1-16.__PARA__L2-16.__PARA__L3-1.__PIPE__L0-off.__PIPE__L2-flatten.__TILE__L0-1.__TILE__L2-1,target,query,query,finetune_dataset,data_404.pt,9642.0,gatedgcn_vn,5,50,paper_exact_seed5,5.009190082550049,4.644872665405273,0.3643174171447754,0.3499999940395355,0.3916950821876526,0.041695088148117065,0.23999999463558197,0.28429579734802246,0.04429580271244049,0.36000001430511475,0.36059778928756714,0.0005977749824523926,0.009999999776482582,0.01516154408454895,0.005161544308066368
1fa67e426a30f0d1,gemm-p,gemm-p,lv2:__PARA__L0-1.__PARA__L1-1.__PARA__L2-10.__PARA__L3-2.__PIPE__L0-off.__PIPE__L2-off.__TILE__L0-1.__TILE__L2-1,target,query,query,finetune_dataset,data_110.pt,26711.0,gatedgcn_vn,5,50,paper_exact_seed5,4.27417516708374,2.9911372661590576,1.2830379009246826,0.03999999910593033,0.04029344022274017,0.00029344111680984497,0.029999999329447746,0.017683491110801697,0.01231650821864605,0.05000000074505806,0.04788403958082199,0.0021159611642360687,0.009999999776482582,0.025696448981761932,0.01569644920527935
c61aaebe669746f1,gemm-p,gemm-p,lv2:__PARA__L0-2.__PARA__L1-32.__PARA__L2-16.__PARA__L3-1.__PIPE__L0-NA.__PIPE__L2-flatten.__TILE__L0-1.__TILE__L2-1,target,query,query,finetune_dataset,data_369.pt,9179.0,gatedgcn_vn,5,50,paper_exact_seed5,5.044687747955322,4.7035908699035645,0.3410968780517578,0.3499999940395355,0.3048262596130371,0.04517373442649841,0.23999999463558197,0.15731875598430634,0.08268123865127563,0.36000001430511475,0.23213911056518555,0.1278609037399292,0.009999999776482582,0.012559890747070312,0.0025598909705877304
80c803cb5809d836,gemm-p,gemm-p,lv2:__PARA__L0-4.__PARA__L1-32.__PARA__L2-10.__PARA__L3-1.__PIPE__L0-NA.__PIPE__L2-flatten.__TILE__L0-1.__TILE__L2-8,target,query,query,finetune_dataset,data_407.pt,9914.0,gatedgcn_vn,5,50,paper_exact_seed5,4.98912239074707,4.875940799713135,0.11318159103393555,0.23000000417232513,0.2547155022621155,0.024715498089790344,0.1599999964237213,0.14531882107257843,0.014681175351142883,0.2199999988079071,0.20006422698497772,0.019935771822929382,0.009999999776482582,0.009677156805992126,0.00032284297049045563
26361bf4900c0d7c,gemm-p,gemm-p,lv2:__PARA__L0-1.__PARA__L1-2.__PARA__L2-10.__PARA__L3-1.__PIPE__L0-off.__PIPE__L2-flatten.__TILE__L0-1.__TILE__L2-8,target,query,query,finetune_dataset,data_248.pt,12847.0,gatedgcn_vn,5,50,paper_exact_seed5,4.802176475524902,4.38943338394165,0.41274309158325195,0.20999999344348907,0.22866162657737732,0.018661633133888245,0.15000000596046448,0.14069144427776337,0.00930856168270111,0.2199999988079071,0.1570521742105484,0.0629478245973587,0.009999999776482582,0.018828213214874268,0.008828213438391685
5277a20e45320929,gemm-p,gemm-p,lv2:__PARA__L0-12.__PARA__L1-16.__PARA__L2-16.__PARA__L3-1.__PIPE__L0-off.__PIPE__L2-flatten.__TILE__L0-1.__TILE__L2-1,target,query,query,finetune_dataset,data_339.pt,11150.0,gatedgcn_vn,5,50,paper_exact_seed5,4.904370307922363,4.590165615081787,0.31420469284057617,0.3499999940395355,0.3909604549407959,0.040960460901260376,0.23999999463558197,0.20827056467533112,0.031729429960250854,0.36000001430511475,0.3135848045349121,0.04641520977020264,0.009999999776482582,0.007960870862007141,0.002039128914475441
4f074dc2b0bf150a,gemm-p,gemm-p,lv2:__PARA__L0-1.__PARA__L1-4.__PARA__L2-8.__PARA__L3-1.__PIPE__L0-off.__PIPE__L2-flatten.__TILE__L0-1.__TILE__L2-1,target,query,query,finetune_dataset,data_298.pt,12727.0,gatedgcn_vn,5,50,paper_exact_seed5,4.808946132659912,4.3384928703308105,0.47045326232910156,0.17000000178813934,0.2134099006652832,0.04340989887714386,0.11999999731779099,0.13812761008739471,0.01812761276960373,0.18000000715255737,0.13885901868343353,0.04114098846912384,0.009999999776482582,0.025213919579982758,0.015213919803500175
15d5eb53c98795f2,gemm-p,gemm-p,lv2:__PARA__L0-1.__PARA__L1-1.__PARA__L2-4.__PARA__L3-10.__PIPE__L0-off.__PIPE__L2-off.__TILE__L0-1.__TILE__L2-2,target,query,query,finetune_dataset,data_174.pt,312005.0,gatedgcn_vn,5,50,paper_exact_seed5,2.501143455505371,2.5988829135894775,0.09773945808410645,0.009999999776482582,0.018208563327789307,0.008208563551306725,0.009999999776482582,0.011081784963607788,0.001081785187125206,0.009999999776482582,0.021915271878242493,0.01191527210175991,0.029999999329447746,0.030898772180080414,0.0008987728506326675
25479773fe5d3dd0,gemm-p,gemm-p,lv2:__PARA__L0-1.__PARA__L1-32.__PARA__L2-16.__PARA__L3-1.__PIPE__L0-off.__PIPE__L2-flatten.__TILE__L0-1.__TILE__L2-1,target,query,query,finetune_dataset,data_283.pt,10807.0,gatedgcn_vn,5,50,paper_exact_seed5,4.92690896987915,4.480198860168457,0.44671010971069336,0.33000001311302185,0.2958838641643524,0.034116148948669434,0.23999999463558197,0.15777908265590668,0.08222091197967529,0.36000001430511475,0.21265269815921783,0.1473473161458969,0.009999999776482582,0.016635887324810028,0.006635887548327446
ad665098768e16a0,gemm-p,gemm-p,lv2:__PARA__L0-30.__PARA__L1-32.__PARA__L2-10.__PARA__L3-1.__PIPE__L0-NA.__PIPE__L2-flatten.__TILE__L0-1.__TILE__L2-8,target,query,query,finetune_dataset,data_391.pt,15139.0,gatedgcn_vn,5,50,paper_exact_seed5,4.683757305145264,4.935391426086426,0.2516341209411621,0.23000000417232513,0.2913411557674408,0.06134115159511566,0.1599999964237213,0.1592855602502823,0.0007144361734390259,0.2199999988079071,0.22821953892707825,0.008219540119171143,0.009999999776482582,0.007726997137069702,0.00227300263941288
15ff7e63dbf2b0f2,gemm-p,gemm-p,lv2:__PARA__L0-1.__PARA__L1-1.__PARA__L2-8.__PARA__L3-10.__PIPE__L0-off.__PIPE__L2-off.__TILE__L0-1.__TILE__L2-1,target,query,query,finetune_dataset,data_215.pt,13270.0,gatedgcn_vn,5,50,paper_exact_seed5,4.778808116912842,3.2578377723693848,1.520970344543457,0.07999999821186066,0.050009727478027344,0.029990270733833313,0.05000000074505806,0.03157506883144379,0.018424931913614273,0.12999999523162842,0.07956336438655853,0.050436630845069885,0.05000000074505806,0.028831161558628082,0.021168839186429977
aac0800511161706,gemm-p,gemm-p,lv2:__PARA__L0-1.__PARA__L1-1.__PARA__L2-5.__PARA__L3-14.__PIPE__L0-off.__PIPE__L2-NA.__TILE__L0-1.__TILE__L2-1,target,query,query,finetune_dataset,data_198.pt,54212.0,gatedgcn_vn,5,50,paper_exact_seed5,3.7635860443115234,3.7251830101013184,0.03840303421020508,0.10999999940395355,0.061803847551345825,0.04819615185260773,0.05000000074505806,0.04148739576339722,0.008512604981660843,0.11999999731779099,0.07227934151887894,0.04772065579891205,0.03999999910593033,0.020670123398303986,0.019329875707626343
ee52790391382ef9,gemm-p,gemm-p,lv2:__PARA__L0-1.__PARA__L1-1.__PARA__L2-4.__PARA__L3-5.__PIPE__L0-off.__PIPE__L2-off.__TILE__L0-1.__TILE__L2-1,target,query,query,finetune_dataset,data_185.pt,28505.0,gatedgcn_vn,5,50,paper_exact_seed5,4.2272844314575195,2.6617140769958496,1.56557035446167,0.029999999329447746,0.018025964498519897,0.011974034830927849,0.019999999552965164,0.014651477336883545,0.005348522216081619,0.029999999329447746,0.021844223141670227,0.00815577618777752,0.029999999329447746,0.03245675563812256,0.0024567563086748123
08802dfda2f24c58,gemm-p,gemm-p,lv2:__PARA__L0-1.__PARA__L1-2.__PARA__L2-5.__PARA__L3-70.__PIPE__L0-off.__PIPE__L2-NA.__TILE__L0-1.__TILE__L2-1,target,query,query,finetune_dataset,data_261.pt,17009.0,gatedgcn_vn,5,50,paper_exact_seed5,4.599742889404297,4.5320916175842285,0.06765127182006836,0.10000000149011612,0.13796579837799072,0.0379657968878746,0.07000000029802322,0.08820928633213043,0.018209286034107208,0.10999999940395355,0.1280241459608078,0.018024146556854248,0.009999999776482582,0.01909482479095459,0.009094825014472008
8d8618b306919b23,gemm-p,gemm-p,lv2:__PARA__L0-4.__PARA__L1-32.__PARA__L2-16.__PARA__L3-1.__PIPE__L0-NA.__PIPE__L2-flatten.__TILE__L0-1.__TILE__L2-1,target,query,query,finetune_dataset,data_409.pt,9506.0,gatedgcn_vn,5,50,paper_exact_seed5,5.019436836242676,4.67018461227417,0.34925222396850586,0.3499999940395355,0.3259221315383911,0.02407786250114441,0.23999999463558197,0.1633356511592865,0.07666434347629547,0.36000001430511475,0.25554054975509644,0.10445946455001831,0.009999999776482582,0.007715396583080292,0.0022846031934022903
fe18dfcc30bb1c89,gemm-p,gemm-p,lv2:__PARA__L0-1.__PARA__L1-1.__PARA__L2-5.__PARA__L3-2.__PIPE__L0-off.__PIPE__L2-off.__TILE__L0-1.__TILE__L2-2,target,query,query,finetune_dataset,data_203.pt,1255997.0,gatedgcn_vn,5,50,paper_exact_seed5,1.4965475797653198,2.475484848022461,0.9789372682571411,0.009999999776482582,0.005664929747581482,0.0043350700289011,0.0,-0.010458171367645264,0.010458171367645264,0.0,0.0027890801429748535,0.0027890801429748535,0.019999999552965164,0.029855579137802124,0.00985557958483696
4dad3dd4a98d07e4,gemm-p,gemm-p,lv2:__PARA__L0-1.__PARA__L1-1.__PARA__L2-5.__PARA__L3-5.__PIPE__L0-off.__PIPE__L2-NA.__TILE__L0-1.__TILE__L2-1,target,query,query,finetune_dataset,data_205.pt,57185.0,gatedgcn_vn,5,50,paper_exact_seed5,3.72507381439209,3.6604504585266113,0.06462335586547852,0.05000000074505806,0.05887614190578461,0.008876141160726547,0.019999999552965164,0.04099622368812561,0.020996224135160446,0.05000000074505806,0.07578961551189423,0.025789614766836166,0.029999999329447746,0.020052023231983185,0.009947976097464561
0b03d5f530abb853,gemm-p,gemm-p,lv2:__PARA__L0-1.__PARA__L1-1.__PARA__L2-16.__PARA__L3-7.__PIPE__L0-off.__PIPE__L2-NA.__TILE__L0-1.__TILE__L2-1,target,query,query,finetune_dataset,data_129.pt,33063.0,gatedgcn_vn,5,50,paper_exact_seed5,4.120283126831055,4.241199016571045,0.12091588973999023,0.20000000298023224,0.19714035093784332,0.002859652042388916,0.10000000149011612,0.11226971447467804,0.01226971298456192,0.20000000298023224,0.20612747967243195,0.006127476692199707,0.019999999552965164,0.01659339666366577,0.0034066028892993927
dbb2984793e35e88,gemm-p,gemm-p,lv2:__PARA__L0-1.__PARA__L1-4.__PARA__L2-2.__PARA__L3-1.__PIPE__L0-off.__PIPE__L2-flatten.__TILE__L0-1.__TILE__L2-1,target,query,query,finetune_dataset,data_295.pt,32887.0,gatedgcn_vn,5,50,paper_exact_seed5,4.124133586883545,3.324697494506836,0.799436092376709,0.03999999910593033,0.10164891183376312,0.061648912727832794,0.019999999552965164,0.06374329328536987,0.04374329373240471,0.019999999552965164,0.05050579831004143,0.030505798757076263,0.009999999776482582,0.0421878919005394,0.032187893986701965
dfa5e5c5212bb1b3,gemm-p,gemm-p,lv2:__PARA__L0-1.__PARA__L1-8.__PARA__L2-1.__PARA__L3-32.__PIPE__L0-off.__PIPE__L2-off.__TILE__L0-1.__TILE__L2-80,target,query,query,finetune_dataset,data_329.pt,285829.0,gatedgcn_vn,5,50,paper_exact_seed5,2.564352035522461,2.191128730773926,0.37322330474853516,0.009999999776482582,-0.008277907967567444,0.018277907744050026,0.0,0.0023024380207061768,0.0023024380207061768,0.009999999776482582,0.022914916276931763,0.01291491650044918,0.05000000074505806,0.03133883327245712,0.018661167472600937
7d58e379a85d0088,gemm-p,gemm-p,lv2:__PARA__L0-1.__PARA__L1-5.__PARA__L2-1.__PARA__L3-1.__PIPE__L0-off.__PIPE__L2-flatten.__TILE__L0-1.__TILE__L2-8,target,query,query,finetune_dataset,data_302.pt,231615.0,gatedgcn_vn,5,50,paper_exact_seed5,2.7160637378692627,2.5778212547302246,0.13824248313903809,0.1899999976158142,0.0753161832690239,0.11468381434679031,0.019999999552965164,0.022115126252174377,0.0021151266992092133,0.019999999552965164,0.02597736567258835,0.005977366119623184,0.03999999910593033,0.04888260364532471,0.008882604539394379
2f852363af8edda9,gemm-p,gemm-p,lv2:__PARA__L0-1.__PARA__L1-1.__PARA__L2-1.__PARA__L3-2.__PIPE__L0-off.__PIPE__L2-off.__TILE__L0-1.__TILE__L2-2,target,query,query,finetune_dataset,data_88.pt,1354136.0,gatedgcn_vn,5,50,paper_exact_seed5,1.4422776699066162,2.0159831047058105,0.5737054347991943,0.009999999776482582,0.0006003379821777344,0.009399661794304848,0.0,-0.016843929886817932,0.016843929886817932,0.0,-0.004960842430591583,0.004960842430591583,0.009999999776482582,0.02036523073911667,0.010365230962634087
a7da740e9473f8d8,gemm-p,gemm-p,lv2:__PARA__L0-1.__PARA__L1-5.__PARA__L2-8.__PARA__L3-1.__PIPE__L0-off.__PIPE__L2-flatten.__TILE__L0-1.__TILE__L2-1,target,query,query,finetune_dataset,data_321.pt,12127.0,gatedgcn_vn,5,50,paper_exact_seed5,4.843780994415283,4.327597618103027,0.5161833763122559,0.17000000178813934,0.21522068977355957,0.04522068798542023,0.11999999731779099,0.14007379114627838,0.020073793828487396,0.18000000715255737,0.1431737244129181,0.03682628273963928,0.009999999776482582,0.025335602462291718,0.015335602685809135
2d6b4dc1bf7b484f,gemm-p,gemm-p,lv2:__PARA__L0-20.__PARA__L1-32.__PARA__L2-10.__PARA__L3-1.__PIPE__L0-off.__PIPE__L2-flatten.__TILE__L0-1.__TILE__L2-8,target,query,query,finetune_dataset,data_375.pt,13106.0,gatedgcn_vn,5,50,paper_exact_seed5,4.787778377532959,4.95713472366333,0.1693563461303711,0.23000000417232513,0.29104673862457275,0.06104673445224762,0.1599999964237213,0.15861696004867554,0.0013830363750457764,0.2199999988079071,0.21821357309818268,0.0017864257097244263,0.009999999776482582,0.007734626531600952,0.00226537324488163
3f9968a3c39898d5,gemm-p,gemm-p,lv2:__PARA__L0-1.__PARA__L1-16.__PARA__L2-16.__PARA__L3-1.__PIPE__L0-off.__PIPE__L2-flatten.__TILE__L0-1.__TILE__L2-1,target,query,query,finetune_dataset,data_238.pt,10927.0,gatedgcn_vn,5,50,paper_exact_seed5,4.918943405151367,4.39471435546875,0.5242290496826172,0.3199999928474426,0.30056554079055786,0.019434452056884766,0.23999999463558197,0.16301792860031128,0.07698206603527069,0.36000001430511475,0.216880664229393,0.14311935007572174,0.009999999776482582,0.01794668287038803,0.007946683093905449
f3d5aea3a08304a4,gemm-p,gemm-p,lv2:__PARA__L0-1.__PARA__L1-5.__PARA__L2-20.__PARA__L3-1.__PIPE__L0-off.__PIPE__L2-flatten.__TILE__L0-1.__TILE__L2-2,target,query,query,finetune_dataset,data_313.pt,64939.0,gatedgcn_vn,5,50,paper_exact_seed5,3.633349657058716,3.897923469543457,0.2645738124847412,0.2199999988079071,0.28584587574005127,0.06584587693214417,0.019999999552965164,0.15414541959762573,0.13414542376995087,0.03999999910593033,0.1903563290834427,0.15035632252693176,0.009999999776482582,0.025119297206401825,0.015119297429919243
12af4cbbb23a055b,gemm-p,gemm-p,lv2:__PARA__L0-1.__PARA__L1-1.__PARA__L2-2.__PARA__L3-1.__PIPE__L0-off.__PIPE__L2-flatten.__TILE__L0-1.__TILE__L2-1,target,query,query,finetune_dataset,data_133.pt,35647.0,gatedgcn_vn,5,50,paper_exact_seed5,4.066001892089844,3.7292258739471436,0.3367760181427002,0.03999999910593033,0.10760384052991867,0.06760384142398834,0.019999999552965164,0.04867425560951233,0.028674256056547165,0.019999999552965164,0.046515487134456635,0.02651548758149147,0.009999999776482582,0.0352579802274704,0.025257980450987816
98d13b347efbf055,gemm-p,gemm-p,lv2:__PARA__L0-1.__PARA__L1-5.__PARA__L2-1.__PARA__L3-1.__PIPE__L0-off.__PIPE__L2-flatten.__TILE__L0-1.__TILE__L2-1,target,query,query,finetune_dataset,data_299.pt,31987.0,gatedgcn_vn,5,50,paper_exact_seed5,4.144149303436279,3.21500301361084,0.9291462898254395,0.029999999329447746,0.08469182252883911,0.054691821336746216,0.009999999776482582,0.03810380399227142,0.02810380421578884,0.019999999552965164,0.03413075953722,0.014130759984254837,0.05000000074505806,0.056768350303173065,0.0067683495581150055
3abca6a56e6f2142,gemm-p,gemm-p,lv2:__PARA__L0-1.__PARA__L1-8.__PARA__L2-16.__PARA__L3-1.__PIPE__L0-off.__PIPE__L2-flatten.__TILE__L0-1.__TILE__L2-1,target,query,query,finetune_dataset,data_331.pt,11167.0,gatedgcn_vn,5,50,paper_exact_seed5,4.903271198272705,4.1725311279296875,0.7307400703430176,0.3199999928474426,0.2878015339374542,0.0321984589099884,0.23999999463558197,0.16118468344211578,0.07881531119346619,0.36000001430511475,0.20533554255962372,0.15466447174549103,0.009999999776482582,0.021866805851459503,0.011866806074976921
db7da4b4c353bdb1,gemm-p,gemm-p,lv2:__PARA__L0-1.__PARA__L1-4.__PARA__L2-16.__PARA__L3-1.__PIPE__L0-off.__PIPE__L2-flatten.__TILE__L0-1.__TILE__L2-1,target,query,query,finetune_dataset,data_294.pt,11827.0,gatedgcn_vn,5,50,paper_exact_seed5,4.861850261688232,4.091297149658203,0.7705531120300293,0.3199999928474426,0.2842024862766266,0.03579750657081604,0.23999999463558197,0.15447674691677094,0.08552324771881104,0.36000001430511475,0.195864737033844,0.16413527727127075,0.009999999776482582,0.02156076580286026,0.011560766026377678
be42e71723eea70a,gemm-p,gemm-p,lv2:__PARA__L0-1.__PARA__L1-5.__PARA__L2-5.__PARA__L3-1.__PIPE__L0-off.__PIPE__L2-flatten.__TILE__L0-1.__TILE__L2-4,target,query,query,finetune_dataset,data_320.pt,108017.0,gatedgcn_vn,5,50,paper_exact_seed5,3.26629900932312,3.3475229740142822,0.08122396469116211,0.25999999046325684,0.11628086119890213,0.1437191367149353,0.07000000029802322,0.0898265540599823,0.019826553761959076,0.10999999940395355,0.0913497731089592,0.018650226294994354,0.009999999776482582,0.028854764997959137,0.018854765221476555
49a327056510f08f,gemm-p,gemm-p,lv2:__PARA__L0-1.__PARA__L1-2.__PARA__L2-4.__PARA__L3-70.__PIPE__L0-off.__PIPE__L2-NA.__TILE__L0-1.__TILE__L2-1,target,query,query,finetune_dataset,data_258.pt,21847.0,gatedgcn_vn,5,50,paper_exact_seed5,4.419174671173096,4.5027241706848145,0.08354949951171875,0.07999999821186066,0.1323527991771698,0.05235280096530914,0.05000000074505806,0.07555537670850754,0.025555375963449478,0.05000000074505806,0.1108577623963356,0.06085776165127754,0.009999999776482582,0.020996101200580597,0.010996101424098015
aa11770c6019ddae,gemm-p,gemm-p,lv2:__PARA__L0-15.__PARA__L1-32.__PARA__L2-1.__PARA__L3-1.__PIPE__L0-off.__PIPE__L2-flatten.__TILE__L0-1.__TILE__L2-80,target,query,query,finetune_dataset,data_349.pt,42692.0,gatedgcn_vn,5,50,paper_exact_seed5,3.9359092712402344,3.9959723949432373,0.06006312370300293,0.05999999865889549,0.041423141956329346,0.018576856702566147,0.019999999552965164,0.013401716947555542,0.006598282605409622,0.03999999910593033,0.03891659528017044,0.0010834038257598877,0.05000000074505806,0.06264480203390121,0.012644801288843155
e3dc96a4e2faf104,gemm-p,gemm-p,lv2:__PARA__L0-2.__PARA__L1-16.__PARA__L2-16.__PARA__L3-1.__PIPE__L0-NA.__PIPE__L2-flatten.__TILE__L0-1.__TILE__L2-1,target,query,query,finetune_dataset,data_363.pt,9307.0,gatedgcn_vn,5,50,paper_exact_seed5,5.034698009490967,4.627596378326416,0.4071016311645508,0.3499999940395355,0.2989336848258972,0.051066309213638306,0.23999999463558197,0.1607857346534729,0.07921425998210907,0.36000001430511475,0.23165708780288696,0.12834292650222778,0.009999999776482582,0.014669112861156464,0.0046691130846738815
2ccc724e5fad3084,gemm-p,gemm-p,lv2:__PARA__L0-1.__PARA__L1-1.__PARA__L2-16.__PARA__L3-14.__PIPE__L0-off.__PIPE__L2-NA.__TILE__L0-1.__TILE__L2-1,target,query,query,finetune_dataset,data_123.pt,30250.0,gatedgcn_vn,5,50,paper_exact_seed5,4.18442440032959,4.302556991577148,0.1181325912475586,0.3400000035762787,0.20212936401367188,0.1378706395626068,0.1599999964237213,0.11856265366077423,0.04143734276294708,0.3799999952316284,0.21551406383514404,0.16448593139648438,0.009999999776482582,0.017838872969150543,0.007838873192667961
f58d119853628e07,gemm-p,gemm-p,lv2:__PARA__L0-1.__PARA__L1-2.__PARA__L2-2.__PARA__L3-1.__PIPE__L0-off.__PIPE__L2-flatten.__TILE__L0-1.__TILE__L2-1,target,query,query,finetune_dataset,data_254.pt,33547.0,gatedgcn_vn,5,50,paper_exact_seed5,4.109800338745117,3.7283225059509277,0.38147783279418945,0.03999999910593033,0.10775873064994812,0.06775873154401779,0.019999999552965164,0.04928624629974365,0.029286246746778488,0.019999999552965164,0.04666313901543617,0.02666313946247101,0.009999999776482582,0.03569016605615616,0.025690166279673576
ff6397e9e2d76d85,gemm-p,gemm-p,lv2:__PARA__L0-15.__PARA__L1-32.__PARA__L2-1.__PARA__L3-1.__PIPE__L0-off.__PIPE__L2-flatten.__TILE__L0-4.__TILE__L2-1,target,query,query,finetune_dataset,data_350.pt,42692.0,gatedgcn_vn,5,50,paper_exact_seed5,3.9359092712402344,4.124884128570557,0.18897485733032227,0.05999999865889549,0.10649939626455307,0.04649939760565758,0.019999999552965164,0.053175389766693115,0.03317539021372795,0.03999999910593033,0.04699409008026123,0.006994090974330902,0.05000000074505806,0.05131141096353531,0.0013114102184772491
7985b77fcba3595d,gemm-p,gemm-p,lv2:__PARA__L0-4.__PARA__L1-16.__PARA__L2-10.__PARA__L3-1.__PIPE__L0-off.__PIPE__L2-flatten.__TILE__L0-1.__TILE__L2-8,target,query,query,finetune_dataset,data_402.pt,10050.0,gatedgcn_vn,5,50,paper_exact_seed5,4.979294300079346,4.794814586639404,0.1844797134399414,0.23000000417232513,0.2757050395011902,0.04570503532886505,0.1599999964237213,0.15847228467464447,0.0015277117490768433,0.2199999988079071,0.21144789457321167,0.008552104234695435,0.009999999776482582,0.013532266020774841,0.003532266244292259
3f18368258c4b3db,gemm-p,gemm-p,lv2:__PARA__L0-6.__PARA__L1-32.__PARA__L2-10.__PARA__L3-1.__PIPE__L0-NA.__PIPE__L2-flatten.__TILE__L0-1.__TILE__L2-8,target,query,query,finetune_dataset,data_421.pt,10292.0,gatedgcn_vn,5,50,paper_exact_seed5,4.962130546569824,4.889340877532959,0.07278966903686523,0.23000000417232513,0.27660542726516724,0.0466054230928421,0.1599999964237213,0.15264736115932465,0.0073526352643966675,0.2199999988079071,0.20944732427597046,0.010552674531936646,0.009999999776482582,0.009786583483219147,0.00021341629326343536
0c1a4d5cf2e95213,gemm-p,gemm-p,lv2:__PARA__L0-1.__PARA__L1-1.__PARA__L2-2.__PARA__L3-14.__PIPE__L0-off.__PIPE__L2-off.__TILE__L0-1.__TILE__L2-4,target,query,query,finetune_dataset,data_141.pt,244565.0,gatedgcn_vn,5,50,paper_exact_seed5,2.676819086074829,3.128601551055908,0.4517824649810791,0.009999999776482582,0.0335482656955719,0.023548265919089317,0.0,0.00970447063446045,0.00970447063446045,0.0,0.010380983352661133,0.010380983352661133,0.029999999329447746,0.03215695172548294,0.0021569523960351944
bd8a558d1e7455ea,gemm-p,gemm-p,lv2:__PARA__L0-1.__PARA__L1-1.__PARA__L2-10.__PARA__L3-10.__PIPE__L0-off.__PIPE__L2-NA.__TILE__L0-1.__TILE__L2-1,target,query,query,finetune_dataset,data_103.pt,35890.0,gatedgcn_vn,5,50,paper_exact_seed5,4.061100959777832,4.30655574798584,0.2454547882080078,0.17000000178813934,0.14914794266223907,0.02085205912590027,0.07999999821186066,0.08561822772026062,0.005618229508399963,0.18000000715255737,0.18006615340709686,6.614625453948975e-05,0.009999999776482582,0.016628600656986237,0.0066286008805036545
a1a4d0cbb87cf338,gemm-p,gemm-p,lv2:__PARA__L0-3.__PARA__L1-32.__PARA__L2-1.__PARA__L3-1.__PIPE__L0-off.__PIPE__L2-flatten.__TILE__L0-1.__TILE__L2-80,target,query,query,finetune_dataset,data_381.pt,32157.0,gatedgcn_vn,5,50,paper_exact_seed5,4.140325546264648,4.086939811706543,0.05338573455810547,0.05999999865889549,0.055515602231025696,0.004484396427869797,0.019999999552965164,0.023038044571876526,0.0030380450189113617,0.03999999910593033,0.03912050276994705,0.0008794963359832764,0.05000000074505806,0.056701965630054474,0.006701964884996414
0b9da6616fcec98b,gemm-p,gemm-p,lv2:__PARA__L0-6.__PARA__L1-16.__PARA__L2-16.__PARA__L3-1.__PIPE__L0-off.__PIPE__L2-flatten.__TILE__L0-1.__TILE__L2-1,target,query,query,finetune_dataset,data_418.pt,10004.0,gatedgcn_vn,5,50,paper_exact_seed5,4.982603549957275,4.532204627990723,0.45039892196655273,0.3499999940395355,0.38372886180877686,0.03372886776924133,0.23999999463558197,0.20054836571216583,0.03945162892341614,0.36000001430511475,0.2981570363044739,0.06184297800064087,0.009999999776482582,0.009442232549190521,0.0005577672272920609
ee521b66d72488d4,gemm-p,gemm-p,lv2:__PARA__L0-1.__PARA__L1-1.__PARA__L2-8.__PARA__L3-2.__PIPE__L0-off.__PIPE__L2-off.__TILE__L0-1.__TILE__L2-2,target,query,query,finetune_dataset,data_222.pt,913796.0,gatedgcn_vn,5,50,paper_exact_seed5,1.7259920835494995,2.6061182022094727,0.8801261186599731,0.009999999776482582,0.024679630994796753,0.01467963121831417,0.0,0.003980070352554321,0.003980070352554321,0.0,0.015910059213638306,0.015910059213638306,0.019999999552965164,0.026473067700862885,0.00647306814789772
91f52fdd15496b79,gemm-p,gemm-p,lv2:__PARA__L0-1.__PARA__L1-1.__PARA__L2-10.__PARA__L3-14.__PIPE__L0-off.__PIPE__L2-NA.__TILE__L0-1.__TILE__L2-1,target,query,query,finetune_dataset,data_106.pt,35890.0,gatedgcn_vn,5,50,paper_exact_seed5,4.061100959777832,4.344392776489258,0.2832918167114258,0.2199999988079071,0.15225985646247864,0.06774014234542847,0.10000000149011612,0.08895085752010345,0.011049143970012665,0.23999999463558197,0.18575839698314667,0.0542415976524353,0.009999999776482582,0.01687527447938919,0.006875274702906609
cdd16cdf46ebaa63,gemm-p,gemm-p,lv2:__PARA__L0-1.__PARA__L1-1.__PARA__L2-2.__PARA__L3-5.__PIPE__L0-off.__PIPE__L2-NA.__TILE__L0-1.__TILE__L2-1,target,query,query,finetune_dataset,data_146.pt,116225.0,gatedgcn_vn,5,50,paper_exact_seed5,3.213467836380005,2.757197141647339,0.456270694732666,0.029999999329447746,0.03265288472175598,0.002652885392308235,0.009999999776482582,0.02037280797958374,0.010372808203101158,0.019999999552965164,0.023880615830421448,0.0038806162774562836,0.029999999329447746,0.030500762164592743,0.0005007628351449966
ea241d324c00c8ce,gemm-p,gemm-p,lv2:__PARA__L0-2.__PARA__L1-16.__PARA__L2-1.__PARA__L3-1.__PIPE__L0-NA.__PIPE__L2-flatten.__TILE__L0-1.__TILE__L2-80,target,query,query,finetune_dataset,data_359.pt,31451.0,gatedgcn_vn,5,50,paper_exact_seed5,4.156339168548584,3.995296001434326,0.1610431671142578,0.05000000074505806,0.05704706162214279,0.007047060877084732,0.019999999552965164,0.023531362414360046,0.003531362861394882,0.019999999552965164,0.038046687841415405,0.01804668828845024,0.05000000074505806,0.05623342841863632,0.006233427673578262
8bd570148980646e,gemm-p,gemm-p,lv2:__PARA__L0-1.__PARA__L1-1.__PARA__L2-4.__PARA__L3-10.__PIPE__L0-off.__PIPE__L2-off.__TILE__L0-1.__TILE__L2-4,target,query,query,finetune_dataset,data_175.pt,225905.0,gatedgcn_vn,5,50,paper_exact_seed5,2.734070062637329,2.55894136428833,0.17512869834899902,0.009999999776482582,0.01751391589641571,0.007513916119933128,0.0,0.010616093873977661,0.010616093873977661,0.009999999776482582,0.02017805725336075,0.010178057476878166,0.029999999329447746,0.031042300164699554,0.0010423008352518082
8f2590bc737e2222,gemm-p,gemm-p,lv2:__PARA__L0-1.__PARA__L1-1.__PARA__L2-2.__PARA__L3-10.__PIPE__L0-off.__PIPE__L2-off.__TILE__L0-1.__TILE__L2-2,target,query,query,finetune_dataset,data_136.pt,467405.0,gatedgcn_vn,5,50,paper_exact_seed5,2.2095916271209717,2.828383684158325,0.6187920570373535,0.009999999776482582,0.02967590093612671,0.019675901159644127,0.0,0.005654484033584595,0.005654484033584595,0.0,0.008880622684955597,0.008880622684955597,0.019999999552965164,0.03151290863752365,0.011512909084558487
586d7c94f444b430,gemm-p,gemm-p,lv2:__PARA__L0-1.__PARA__L1-16.__PARA__L2-1.__PARA__L3-32.__PIPE__L0-off.__PIPE__L2-off.__TILE__L0-60.__TILE__L2-1,target,query,query,finetune_dataset,data_236.pt,285589.0,gatedgcn_vn,5,50,paper_exact_seed5,2.564957857131958,2.314955472946167,0.250002384185791,0.009999999776482582,0.010913774371147156,0.0009137745946645737,0.009999999776482582,0.004966244101524353,0.005033755674958229,0.019999999552965164,0.010733097791671753,0.009266901761293411,0.05000000074505806,0.03812076151371002,0.011879239231348038
0672e73f8bfbb77c,gemm-p,gemm-p,lv2:__PARA__L0-1.__PARA__L1-14.__PARA__L2-1.__PARA__L3-32.__PIPE__L0-off.__PIPE__L2-off.__TILE__L0-1.__TILE__L2-1,target,query,query,finetune_dataset,data_232.pt,285169.0,gatedgcn_vn,5,50,paper_exact_seed5,2.5660195350646973,2.4089205265045166,0.15709900856018066,0.019999999552965164,0.038200005888938904,0.01820000633597374,0.009999999776482582,0.023638010025024414,0.013638010248541832,0.009999999776482582,0.03869800269603729,0.02869800291955471,0.05000000074505806,0.045117251574993134,0.004882749170064926
283880c8c447ea1d,gemm-p,gemm-p,lv2:__PARA__L0-6.__PARA__L1-32.__PARA__L2-1.__PARA__L3-1.__PIPE__L0-off.__PIPE__L2-flatten.__TILE__L0-1.__TILE__L2-80,target,query,query,finetune_dataset,data_420.pt,34772.0,gatedgcn_vn,5,50,paper_exact_seed5,4.083929061889648,3.9375505447387695,0.1463785171508789,0.05999999865889549,0.03556700050830841,0.024432998150587082,0.019999999552965164,0.006334125995635986,0.013665873557329178,0.03999999910593033,0.036768972873687744,0.0032310262322425842,0.05000000074505806,0.06351372599601746,0.013513725250959396
8d6ea6f968b8250b,gemm-p,gemm-p,lv2:__PARA__L0-1.__PARA__L1-5.__PARA__L2-1.__PARA__L3-32.__PIPE__L0-off.__PIPE__L2-off.__TILE__L0-1.__TILE__L2-1,target,query,query,finetune_dataset,data_303.pt,285709.0,gatedgcn_vn,5,50,paper_exact_seed5,2.56465482711792,2.3029518127441406,0.2617030143737793,0.019999999552965164,0.03927452862262726,0.019274529069662094,0.009999999776482582,0.02303960919380188,0.013039609417319298,0.0,0.036851875483989716,0.036851875483989716,0.05000000074505806,0.048381127417087555,0.0016188733279705048
e566ce1ddeb8d42a,gemm-p,gemm-p,lv2:__PARA__L0-30.__PARA__L1-32.__PARA__L2-10.__PARA__L3-1.__PIPE__L0-off.__PIPE__L2-flatten.__TILE__L0-1.__TILE__L2-8,target,query,query,finetune_dataset,data_393.pt,15139.0,gatedgcn_vn,5,50,paper_exact_seed5,4.683757305145264,4.959428310394287,0.27567100524902344,0.23000000417232513,0.29137781262397766,0.06137780845165253,0.1599999964237213,0.1598293036222458,0.0001706928014755249,0.2199999988079071,0.22379955649375916,0.0037995576858520508,0.009999999776482582,0.007786691188812256,0.0022133085876703262
1e2950aa36b473a1,gemm-p,gemm-p,lv2:__PARA__L0-1.__PARA__L1-1.__PARA__L2-16.__PARA__L3-2.__PIPE__L0-off.__PIPE__L2-off.__TILE__L0-1.__TILE__L2-1,target,query,query,finetune_dataset,data_126.pt,20651.0,gatedgcn_vn,5,50,paper_exact_seed5,4.459786415100098,3.97971773147583,0.4800686836242676,0.07000000029802322,0.06787757575511932,0.0021224245429039,0.03999999910593033,0.039889827370643616,0.00011017173528671265,0.07999999821186066,0.09208574891090393,0.012085750699043274,0.029999999329447746,0.02770080417394638,0.0022991951555013657
8d89ea0af5f78527,gemm-p,gemm-p,lv2:__PARA__L0-10.__PARA__L1-32.__PARA__L2-1.__PARA__L3-1.__PIPE__L0-NA.__PIPE__L2-flatten.__TILE__L0-1.__TILE__L2-80,target,query,query,finetune_dataset,data_333.pt,38283.0,gatedgcn_vn,5,50,paper_exact_seed5,4.014540195465088,3.961315631866455,0.05322456359863281,0.05999999865889549,0.040027111768722534,0.01997288689017296,0.019999999552965164,0.008069813251495361,0.011930186301469803,0.03999999910593033,0.03233690559864044,0.0076630935072898865,0.05000000074505806,0.06151712313294411,0.011517122387886047
611cf3a0b00df0dd,gemm-p,gemm-p,lv2:__PARA__L0-1.__PARA__L1-1.__PARA__L2-8.__PARA__L3-70.__PIPE__L0-off.__PIPE__L2-off.__TILE__L0-1.__TILE__L2-1,target,query,query,finetune_dataset,data_230.pt,15487.0,gatedgcn_vn,5,50,paper_exact_seed5,4.667363166809082,4.559946537017822,0.10741662979125977,0.17000000178813934,0.1453607678413391,0.024639233946800232,0.11999999731779099,0.09813445061445236,0.021865546703338623,0.18000000715255737,0.14728394150733948,0.032716065645217896,0.009999999776482582,0.02116415649652481,0.011164156720042229
cf80b0e06ab7b3da,gemm-p,gemm-p,lv2:__PARA__L0-1.__PARA__L1-5.__PARA__L2-16.__PARA__L3-1.__PIPE__L0-off.__PIPE__L2-flatten.__TILE__L0-1.__TILE__L2-1,target,query,query,finetune_dataset,data_307.pt,11227.0,gatedgcn_vn,5,50,paper_exact_seed5,4.8994059562683105,4.11453104019165,0.7848749160766602,0.3199999928474426,0.2857348322868347,0.03426516056060791,0.23999999463558197,0.1568845510482788,0.08311544358730316,0.36000001430511475,0.19924819469451904,0.1607518196105957,0.009999999776482582,0.021521911025047302,0.01152191124856472
a50488c2aafe6541,gemm-p,gemm-p,lv2:__PARA__L0-20.__PARA__L1-32.__PARA__L2-1.__PARA__L3-1.__PIPE__L0-off.__PIPE__L2-flatten.__TILE__L0-1.__TILE__L2-80,target,query,query,finetune_dataset,data_373.pt,47106.0,gatedgcn_vn,5,50,paper_exact_seed5,3.8649368286132812,4.021057605743408,0.15612077713012695,0.05999999865889549,0.04438847303390503,0.015611525624990463,0.019999999552965164,0.017507001757621765,0.002492997795343399,0.03999999910593033,0.03785838186740875,0.002141617238521576,0.05000000074505806,0.06223832070827484,0.012238319963216782
53e5acb3022b9736,gemm-p,gemm-p,lv2:__PARA__L0-1.__PARA__L1-1.__PARA__L2-1.__PARA__L3-32.__PIPE__L0-off.__PIPE__L2-off.__TILE__L0-1.__TILE__L2-1,target,query,query,finetune_dataset,data_90.pt,289009.0,gatedgcn_vn,5,50,paper_exact_seed5,2.556370973587036,2.396451950073242,0.15991902351379395,0.009999999776482582,0.04462970793247223,0.034629710018634796,0.0,0.022562801837921143,0.022562801837921143,0.0,0.023816287517547607,0.023816287517547607,0.05000000074505806,0.04340264946222305,0.006597351282835007
1ef39353a69dfec5,gemm-p,gemm-p,lv2:__PARA__L0-1.__PARA__L1-1.__PARA__L2-8.__PARA__L3-14.__PIPE__L0-off.__PIPE__L2-off.__TILE__L0-1.__TILE__L2-2,target,query,query,finetune_dataset,data_219.pt,164995.0,gatedgcn_vn,5,50,paper_exact_seed5,2.960716962814331,3.1498191356658936,0.1891021728515625,0.029999999329447746,0.04827398061752319,0.018273981288075447,0.019999999552965164,0.03352870047092438,0.013528700917959213,0.029999999329447746,0.07619154453277588,0.04619154334068298,0.009999999776482582,0.029757268726825714,0.019757268950343132
b5eb6d88728a2b5b,gemm-p,gemm-p,lv2:__PARA__L0-15.__PARA__L1-32.__PARA__L2-16.__PARA__L3-1.__PIPE__L0-off.__PIPE__L2-flatten.__TILE__L0-1.__TILE__L2-1,target,query,query,finetune_dataset,data_357.pt,11552.0,gatedgcn_vn,5,50,paper_exact_seed5,4.878820896148682,4.6879143714904785,0.19090652465820312,0.3499999940395355,0.39280080795288086,0.04280081391334534,0.23999999463558197,0.19348308444023132,0.04651691019535065,0.36000001430511475,0.3069850206375122,0.05301499366760254,0.009999999776482582,0.00564972311258316,0.004350276663899422
dfe2011b7ad3bc7c,gemm-p,gemm-p,lv2:__PARA__L0-20.__PARA__L1-32.__PARA__L2-16.__PARA__L3-1.__PIPE__L0-off.__PIPE__L2-flatten.__TILE__L0-1.__TILE__L2-1,target,query,query,finetune_dataset,data_377.pt,12506.0,gatedgcn_vn,5,50,paper_exact_seed5,4.821581840515137,4.702498912811279,0.11908292770385742,0.3499999940395355,0.39327681064605713,0.043276816606521606,0.23999999463558197,0.19317308068275452,0.046826913952827454,0.36000001430511475,0.3087162375450134,0.05128377676010132,0.009999999776482582,0.005467966198921204,0.0045320335775613785
11b2257107686917,jacobi-2d,jacobi-2d,lv2:__PARA__L0-1.__PARA__L1-2.__PARA__L2-4.__PARA__L3-8.__PARA__L4-8.__PIPE__L0-off.__PIPE__L1-off.__PIPE__L2-NA.__TILE__L0-40.__TILE__L1-1.__TILE__L2-1,target,query,query,finetune_dataset,data_863.pt,4390681.0,gatedgcn_vn,5,50,paper_exact_seed5,0.5937417149543762,0.6273328065872192,0.03359109163284302,0.05000000074505806,0.012442290782928467,0.03755770996212959,0.019999999552965164,0.017863303422927856,0.0021366961300373077,0.05000000074505806,0.007113195955753326,0.04288680478930473,0.0,0.013493694365024567,0.013493694365024567
aa2dbe6374806a88,jacobi-2d,jacobi-2d,lv2:__PARA__L0-1.__PARA__L1-1.__PARA__L2-1.__PARA__L3-4.__PARA__L4-1.__PIPE__L0-off.__PIPE__L1-off.__PIPE__L2-off.__TILE__L0-1.__TILE__L1-1.__TILE__L2-1,target,query,query,finetune_dataset,data_700.pt,1012244.0,gatedgcn_vn,5,50,paper_exact_seed5,1.6521855592727661,1.7310997247695923,0.07891416549682617,0.019999999552965164,0.027726858854293823,0.007726859301328659,0.009999999776482582,0.002777591347694397,0.007222408428788185,0.009999999776482582,0.02215014398097992,0.012150144204497337,0.019999999552965164,0.025098614394664764,0.0050986148416996
7fb3c20dbed2153a,jacobi-2d,jacobi-2d,lv2:__PARA__L0-1.__PARA__L1-2.__PARA__L2-11.__PARA__L3-8.__PARA__L4-8.__PIPE__L0-off.__PIPE__L1-off.__PIPE__L2-off.__TILE__L0-1.__TILE__L1-1.__TILE__L2-8,target,query,query,finetune_dataset,data_835.pt,4434121.0,gatedgcn_vn,5,50,paper_exact_seed5,0.5866400003433228,0.9052786827087402,0.3186386823654175,0.05000000074505806,0.026859909296035767,0.023140091449022293,0.019999999552965164,0.0012887120246887207,0.018711287528276443,0.05000000074505806,0.004494577646255493,0.045505423098802567,0.009999999776482582,0.009311474859714508,0.000688524916768074
346b59020b3c9f7f,jacobi-2d,jacobi-2d,lv2:__PARA__L0-1.__PARA__L1-1.__PARA__L2-2.__PARA__L3-8.__PARA__L4-8.__PIPE__L0-off.__PIPE__L1-off.__PIPE__L2-NA.__TILE__L0-40.__TILE__L1-1.__TILE__L2-1,target,query,query,finetune_dataset,data_764.pt,2234324.0,gatedgcn_vn,5,50,paper_exact_seed5,1.0810447931289673,0.6317862272262573,0.44925856590270996,0.03999999910593033,0.03516985476016998,0.0048301443457603455,0.019999999552965164,0.006527021527290344,0.01347297802567482,0.029999999329447746,0.017999649047851562,0.012000350281596184,0.009999999776482582,-0.004569388926029205,0.014569388702511787
d991d616a09c54a1,jacobi-2d,jacobi-2d,lv2:__PARA__L0-1.__PARA__L1-2.__PARA__L2-2.__PARA__L3-8.__PARA__L4-8.__PIPE__L0-off.__PIPE__L1-NA.__PIPE__L2-NA.__TILE__L0-1.__TILE__L1-1.__TILE__L2-1,target,query,query,finetune_dataset,data_838.pt,4382121.0,gatedgcn_vn,5,50,paper_exact_seed5,0.5951493978500366,0.6053594350814819,0.010210037231445312,0.05000000074505806,0.17917606234550476,0.129176065325737,0.019999999552965164,0.03520151972770691,0.015201520174741745,0.05000000074505806,0.13358117640018463,0.08358117938041687,0.0,-0.021609701216220856,0.021609701216220856
4e1de51300b2f8c9,jacobi-2d,jacobi-2d,lv2:__PARA__L0-1.__PARA__L1-1.__PARA__L2-11.__PARA__L3-8.__PARA__L4-8.__PIPE__L0-off.__PIPE__L1-off.__PIPE__L2-NA.__TILE__L0-1.__TILE__L1-88.__TILE__L2-1,target,query,query,finetune_dataset,data_730.pt,2285444.0,gatedgcn_vn,5,50,paper_exact_seed5,1.0647268295288086,0.866024374961853,0.19870245456695557,0.03999999910593033,0.06698231399059296,0.026982314884662628,0.009999999776482582,0.04547683894634247,0.035476841032505035,0.029999999329447746,0.02026132494211197,0.009738674387335777,0.019999999552965164,0.022299259901046753,0.0022992603480815887
04a4db8dea85f394,jacobi-2d,jacobi-2d,lv2:__PARA__L0-1.__PARA__L1-1.__PARA__L2-2.__PARA__L3-11.__PARA__L4-1.__PIPE__L0-off.__PIPE__L1-off.__PIPE__L2-flatten.__TILE__L0-1.__TILE__L1-1.__TILE__L2-8,target,query,query,finetune_dataset,data_743.pt,4020281.0,gatedgcn_vn,5,50,paper_exact_seed5,0.6573158502578735,0.5818076133728027,0.0755082368850708,0.8799999952316284,0.8420637249946594,0.037936270236968994,0.38999998569488525,0.39381057024002075,0.003810584545135498,0.7699999809265137,0.7385357618331909,0.031464219093322754,0.029999999329447746,0.034572534263134,0.004572534933686256
b4ef68a5d9f63dc4,jacobi-2d,jacobi-2d,lv2:__PARA__L0-1.__PARA__L1-1.__PARA__L2-2.__PARA__L3-16.__PARA__L4-1.__PIPE__L0-off.__PIPE__L1-off.__PIPE__L2-flatten.__TILE__L0-1.__TILE__L1-8.__TILE__L2-8,target,query,query,finetune_dataset,data_747.pt,5669521.0,gatedgcn_vn,5,50,paper_exact_seed5,0.4093506336212158,0.5825988054275513,0.17324817180633545,0.8999999761581421,0.7960569262504578,0.10394304990768433,0.4000000059604645,0.3624180853366852,0.0375819206237793,0.8100000023841858,0.677989661693573,0.1320103406906128,0.03999999910593033,0.03131174296140671,0.00868825614452362
2ada84ceecd6d2ea,jacobi-2d,jacobi-2d,lv2:__PARA__L0-1.__PARA__L1-4.__PARA__L2-4.__PARA__L3-8.__PARA__L4-8.__PIPE__L0-off.__PIPE__L1-NA.__PIPE__L2-NA.__TILE__L0-1.__TILE__L1-1.__TILE__L2-1,target,query,query,finetune_dataset,data_900.pt,4399241.0,gatedgcn_vn,5,50,paper_exact_seed5,0.5923367142677307,0.6023541688919067,0.010017454624176025,0.05000000074505806,0.2950229346752167,0.2450229376554489,0.019999999552965164,0.11698959022760391,0.09698958694934845,0.05000000074505806,0.2641584873199463,0.21415849030017853,0.0,0.027214042842388153,0.027214042842388153
0b048cbe2d8c5471,jacobi-2d,jacobi-2d,lv2:__PARA__L0-1.__PARA__L1-4.__PARA__L2-1.__PARA__L3-8.__PARA__L4-8.__PIPE__L0-off.__PIPE__L1-off.__PIPE__L2-off.__TILE__L0-1.__TILE__L1-1.__TILE__L2-1,target,query,query,finetune_dataset,data_891.pt,2242884.0,gatedgcn_vn,5,50,paper_exact_seed5,1.0782865285873413,1.8223228454589844,0.7440363168716431,0.03999999910593033,0.05088340491056442,0.010883405804634094,0.019999999552965164,-0.003798365592956543,0.023798365145921707,0.029999999329447746,0.010183572769165039,0.019816426560282707,0.009999999776482582,0.005567409098148346,0.004432590678334236
d3b71341beff420b,jacobi-2d,jacobi-2d,lv2:__PARA__L0-1.__PARA__L1-1.__PARA__L2-1.__PARA__L3-2.__PARA__L4-32.__PIPE__L0-off.__PIPE__L1-off.__PIPE__L2-off.__TILE__L0-1.__TILE__L1-1.__TILE__L2-1,target,query,query,finetune_dataset,data_696.pt,2707884.0,gatedgcn_vn,5,50,paper_exact_seed5,0.9423810839653015,0.9763687252998352,0.03398764133453369,0.10999999940395355,0.062259793281555176,0.047740206122398376,0.029999999329447746,0.017332226037979126,0.01266777329146862,0.029999999329447746,0.011503070592880249,0.018496928736567497,0.05000000074505806,0.019620291888713837,0.030379708856344223
5d54a86aa7149b19,jacobi-2d,jacobi-2d,lv2:__PARA__L0-1.__PARA__L1-2.__PARA__L2-4.__PARA__L3-8.__PARA__L4-8.__PIPE__L0-off.__PIPE__L1-off.__PIPE__L2-off.__TILE__L0-40.__TILE__L1-1.__TILE__L2-1,target,query,query,finetune_dataset,data_865.pt,4390681.0,gatedgcn_vn,5,50,paper_exact_seed5,0.5937417149543762,0.6714677214622498,0.07772600650787354,0.05000000074505806,-0.04353781044483185,0.09353780746459961,0.019999999552965164,-0.016767412424087524,0.03676741197705269,0.05000000074505806,-0.036983877420425415,0.08698387444019318,0.0,0.003217734396457672,0.003217734396457672
78d8962b6846ccf5,jacobi-2d,jacobi-2d,lv2:__PARA__L0-1.__PARA__L1-2.__PARA__L2-11.__PARA__L3-8.__PARA__L4-8.__PIPE__L0-off.__PIPE__L1-NA.__PIPE__L2-NA.__TILE__L0-40.__TILE__L1-1.__TILE__L2-1,target,query,query,finetune_dataset,data_827.pt,4434121.0,gatedgcn_vn,5,50,paper_exact_seed5,0.5866400003433228,0.5972692966461182,0.01062929630279541,0.05000000074505806,0.10428506880998611,0.054285068064928055,0.019999999552965164,0.023945152759552002,0.003945153206586838,0.05000000074505806,0.07040482014417648,0.020404819399118423,0.009999999776482582,-0.0023230090737342834,0.012323008850216866
1cb62280cb163648,jacobi-2d,jacobi-2d,lv2:__PARA__L0-1.__PARA__L1-1.__PARA__L2-2.__PARA__L3-32.__PARA__L4-1.__PIPE__L0-off.__PIPE__L1-off.__PIPE__L2-flatten.__TILE__L0-1.__TILE__L1-8.__TILE__L2-8,target,query,query,finetune_dataset,data_756.pt,5668321.0,gatedgcn_vn,5,50,paper_exact_seed5,0.409503310918808,0.5841947197914124,0.17469140887260437,0.949999988079071,0.7878561615943909,0.16214382648468018,0.4300000071525574,0.3442831337451935,0.08571687340736389,0.8500000238418579,0.6648494005203247,0.1851506233215332,0.11999999731779099,0.08173356205224991,0.03826643526554108
e05069fa34c4ab8a,jacobi-2d,jacobi-2d,lv2:__PARA__L0-1.__PARA__L1-1.__PARA__L2-1.__PARA__L3-8.__PARA__L4-22.__PIPE__L0-off.__PIPE__L1-off.__PIPE__L2-off.__TILE__L0-1.__TILE__L1-1.__TILE__L2-1,target,query,query,finetune_dataset,data_715.pt,164284.0,gatedgcn_vn,5,50,paper_exact_seed5,2.963832139968872,1.677060604095459,1.286771535873413,0.07000000029802322,0.06414617598056793,0.005853824317455292,0.019999999552965164,-0.005024924874305725,0.02502492442727089,0.019999999552965164,0.010865360498428345,0.00913463905453682,0.05000000074505806,0.002127043902873993,0.04787295684218407
ff47117027ddb9c3,jacobi-2d,jacobi-2d,lv2:__PARA__L0-1.__PARA__L1-2.__PARA__L2-4.__PARA__L3-8.__PARA__L4-8.__PIPE__L0-off.__PIPE__L1-NA.__PIPE__L2-off.__TILE__L0-1.__TILE__L1-1.__TILE__L2-1,target,query,query,finetune_dataset,data_860.pt,4390681.0,gatedgcn_vn,5,50,paper_exact_seed5,0.5937417149543762,0.6204904317855835,0.026748716831207275,0.05000000074505806,0.10121316462755203,0.05121316388249397,0.019999999552965164,0.03038516640663147,0.010385166853666306,0.05000000074505806,0.09148723632097244,0.04148723557591438,0.0,-0.016679011285305023,0.016679011285305023
ebe57cf1663b92bf,jacobi-2d,jacobi-2d,lv2:__PARA__L0-1.__PARA__L1-4.__PARA__L2-2.__PARA__L3-8.__PARA__L4-8.__PIPE__L0-off.__PIPE__L1-NA.__PIPE__L2-NA.__TILE__L0-40.__TILE__L1-1.__TILE__L2-1,target,query,query,finetune_dataset,data_896.pt,4390681.0,gatedgcn_vn,5,50,paper_exact_seed5,0.5937417149543762,0.603897750377655,0.010156035423278809,0.05000000074505806,0.11090187728404999,0.06090187653899193,0.019999999552965164,0.018455371260643005,0.0015446282923221588,0.05000000074505806,0.06935011595487595,0.019350115209817886,0.0,-0.006835468113422394,0.006835468113422394
855ffe67644e95d0,jacobi-2d,jacobi-2d,lv2:__PARA__L0-1.__PARA__L1-1.__PARA__L2-11.__PARA__L3-8.__PARA__L4-8.__PIPE__L0-off.__PIPE__L1-off.__PIPE__L2-NA.__TILE__L0-40.__TILE__L1-1.__TILE__L2-1,target,query,query,finetune_dataset,data_732.pt,2285444.0,gatedgcn_vn,5,50,paper_exact_seed5,1.0647268295288086,0.6174487471580505,0.44727808237075806,0.03999999910593033,0.03262434899806976,0.007375650107860565,0.009999999776482582,0.004923403263092041,0.005076596513390541,0.029999999329447746,0.012300565838813782,0.017699433490633965,0.019999999552965164,0.012668393552303314,0.00733160600066185
53465b974b67d248,jacobi-2d,jacobi-2d,lv2:__PARA__L0-1.__PARA__L1-2.__PARA__L2-88.__PARA__L3-8.__PARA__L4-8.__PIPE__L0-off.__PIPE__L1-NA.__PIPE__L2-off.__TILE__L0-1.__TILE__L1-1.__TILE__L2-1,target,query,query,finetune_dataset,data_874.pt,4361601.0,gatedgcn_vn,5,50,paper_exact_seed5,0.5985351204872131,0.5994358062744141,0.0009006857872009277,2.0,1.5016825199127197,0.4983174800872803,0.9300000071525574,0.6370466947555542,0.2929533123970032,2.0799999237060547,1.4047273397445679,0.6752725839614868,0.0,0.05724643915891647,0.05724643915891647
396826bce948f164,jacobi-2d,jacobi-2d,lv2:__PARA__L0-1.__PARA__L1-11.__PARA__L2-2.__PARA__L3-22.__PARA__L4-1.__PIPE__L0-off.__PIPE__L1-NA.__PIPE__L2-flatten.__TILE__L0-1.__TILE__L1-8.__TILE__L2-8,target,query,query,finetune_dataset,data_796.pt,4311241.0,gatedgcn_vn,5,50,paper_exact_seed5,0.6069124341011047,0.5786377191543579,0.028274714946746826,0.9399999976158142,0.9040622115135193,0.03593778610229492,0.41999998688697815,0.4137102961540222,0.006289690732955933,0.8299999833106995,0.7666590809822083,0.06334090232849121,0.05999999865889549,0.05715353041887283,0.0028464682400226593
8cbc0be880d00682,jacobi-2d,jacobi-2d,lv2:__PARA__L0-1.__PARA__L1-11.__PARA__L2-2.__PARA__L3-8.__PARA__L4-1.__PIPE__L0-off.__PIPE__L1-off.__PIPE__L2-flatten.__TILE__L0-1.__TILE__L1-8.__TILE__L2-8,target,query,query,finetune_dataset,data_803.pt,4315441.0,gatedgcn_vn,5,50,paper_exact_seed5,0.6062100529670715,0.5762173533439636,0.02999269962310791,0.8799999952316284,0.948088526725769,0.06808853149414062,0.38999998569488525,0.441327303647995,0.05132731795310974,0.7900000214576721,0.8411769270896912,0.05117690563201904,0.009999999776482582,0.013463988900184631,0.0034639891237020493
0bff14392f5463ba,jacobi-2d,jacobi-2d,lv2:__PARA__L0-1.__PARA__L1-11.__PARA__L2-2.__PARA__L3-11.__PARA__L4-1.__PIPE__L0-off.__PIPE__L1-off.__PIPE__L2-flatten.__TILE__L0-1.__TILE__L1-8.__TILE__L2-8,target,query,query,finetune_dataset,data_791.pt,4315441.0,gatedgcn_vn,5,50,paper_exact_seed5,0.6062100529670715,0.575861930847168,0.030348122119903564,0.8999999761581421,0.9414580464363098,0.041458070278167725,0.4000000059604645,0.44005057215690613,0.04005056619644165,0.800000011920929,0.832923412322998,0.03292340040206909,0.03999999910593033,0.0193793848156929,0.020620614290237427
73b7ca2c1d248dd6,jacobi-2d,jacobi-2d,lv2:__PARA__L0-1.__PARA__L1-1.__PARA__L2-1.__PARA__L3-8.__PARA__L4-8.__PIPE__L0-off.__PIPE__L1-off.__PIPE__L2-off.__TILE__L0-1.__TILE__L1-88.__TILE__L2-4,target,query,query,finetune_dataset,data_725.pt,3980681.0,gatedgcn_vn,5,50,paper_exact_seed5,0.6644564270973206,1.7933076620101929,1.1288511753082275,0.05000000074505806,0.006731167435646057,0.043268833309412,0.019999999552965164,-0.0059080421924591064,0.02590804174542427,0.05000000074505806,0.0010034441947937012,0.04899655655026436,0.0,0.0054181888699531555,0.0054181888699531555
08840fca35aa1062,jacobi-2d,jacobi-2d,lv2:__PARA__L0-1.__PARA__L1-1.__PARA__L2-11.__PARA__L3-8.__PARA__L4-8.__PIPE__L0-off.__PIPE__L1-off.__PIPE__L2-off.__TILE__L0-1.__TILE__L1-88.__TILE__L2-8,target,query,query,finetune_dataset,data_734.pt,2285444.0,gatedgcn_vn,5,50,paper_exact_seed5,1.0647268295288086,1.8880919218063354,0.8233650922775269,0.03999999910593033,-0.01549789309501648,0.05549789220094681,0.009999999776482582,-0.0023657381534576416,0.012365737929940224,0.029999999329447746,-0.01054622232913971,0.040546223521232605,0.019999999552965164,0.00413619726896286,0.015863802284002304
45897464edb110d6,jacobi-2d,jacobi-2d,lv2:__PARA__L0-1.__PARA__L1-1.__PARA__L2-22.__PARA__L3-8.__PARA__L4-8.__PIPE__L0-off.__PIPE__L1-off.__PIPE__L2-off.__TILE__L0-40.__TILE__L1-1.__TILE__L2-1,target,query,query,finetune_dataset,data_775.pt,2355924.0,gatedgcn_vn,5,50,paper_exact_seed5,1.0428175926208496,0.6064634323120117,0.4363541603088379,0.03999999910593033,-0.01860526204109192,0.05860526114702225,0.009999999776482582,-0.020337611436843872,0.030337611213326454,0.029999999329447746,0.0022057369351387024,0.027794262394309044,0.019999999552965164,0.008848108351230621,0.011151891201734543
5e5bb0d488f57c02,jacobi-2d,jacobi-2d,lv2:__PARA__L0-1.__PARA__L1-1.__PARA__L2-1.__PARA__L3-11.__PARA__L4-32.__PIPE__L0-off.__PIPE__L1-off.__PIPE__L2-NA.__TILE__L0-1.__TILE__L1-1.__TILE__L2-1,target,query,query,finetune_dataset,data_685.pt,2339724.0,gatedgcn_vn,5,50,paper_exact_seed5,1.0477948188781738,0.6558999419212341,0.3918948769569397,0.20999999344348907,0.1344088613986969,0.07559113204479218,0.03999999910593033,0.04896968603134155,0.008969686925411224,0.03999999910593033,0.0647539272904396,0.024753928184509277,0.10999999940395355,0.11473948508501053,0.004739485681056976
c5fee3c012b75f16,jacobi-2d,jacobi-2d,lv2:__PARA__L0-1.__PARA__L1-2.__PARA__L2-2.__PARA__L3-8.__PARA__L4-8.__PIPE__L0-off.__PIPE__L1-NA.__PIPE__L2-off.__TILE__L0-1.__TILE__L1-1.__TILE__L2-1,target,query,query,finetune_dataset,data_840.pt,4382121.0,gatedgcn_vn,5,50,paper_exact_seed5,0.5951493978500366,0.6225204467773438,0.02737104892730713,0.05000000074505806,0.07627232372760773,0.026272322982549667,0.019999999552965164,0.027871757745742798,0.007871758192777634,0.05000000074505806,0.08446192741394043,0.03446192666888237,0.0,-0.014567859470844269,0.014567859470844269
4160f17848553677,jacobi-2d,jacobi-2d,lv2:__PARA__L0-1.__PARA__L1-22.__PARA__L2-2.__PARA__L3-2.__PARA__L4-1.__PIPE__L0-off.__PIPE__L1-NA.__PIPE__L2-flatten.__TILE__L0-1.__TILE__L1-4.__TILE__L2-8,target,query,query,finetune_dataset,data_881.pt,4386161.0,gatedgcn_vn,5,50,paper_exact_seed5,0.5944846868515015,0.5771912336349487,0.017293453216552734,0.8700000047683716,0.7975252866744995,0.07247471809387207,0.3799999952316284,0.3448907434940338,0.035109251737594604,0.7799999713897705,0.6621432900428772,0.11785668134689331,0.0,0.015286631882190704,0.015286631882190704
7b9b53845cd3a724,jacobi-2d,jacobi-2d,lv2:__PARA__L0-1.__PARA__L1-1.__PARA__L2-1.__PARA__L3-1.__PARA__L4-2.__PIPE__L0-off.__PIPE__L1-off.__PIPE__L2-off.__TILE__L0-1.__TILE__L1-1.__TILE__L2-1,target,query,query,finetune_dataset,data_669.pt,1089684.0,gatedgcn_vn,5,50,paper_exact_seed5,1.5990091562271118,1.7548052072525024,0.15579605102539062,0.009999999776482582,0.042296066880226135,0.0322960689663887,0.0,0.0011225491762161255,0.0011225491762161255,0.0,0.035489872097969055,0.035489872097969055,0.019999999552965164,0.045714713633060455,0.02571471408009529
3bce4c37c877cb19,jacobi-2d,jacobi-2d,lv2:__PARA__L0-1.__PARA__L1-2.__PARA__L2-22.__PARA__L3-8.__PARA__L4-8.__PIPE__L0-off.__PIPE__L1-NA.__PIPE__L2-NA.__TILE__L0-1.__TILE__L1-1.__TILE__L2-1,target,query,query,finetune_dataset,data_846.pt,4504601.0,gatedgcn_vn,5,50,paper_exact_seed5,0.5752643942832947,0.5902395248413086,0.014975130558013916,0.05000000074505806,0.6800265908241272,0.6300265789031982,0.019999999552965164,0.25565141439437866,0.2356514185667038,0.05000000074505806,0.598792314529419,0.54879230260849,0.009999999776482582,0.022587060928344727,0.012587061151862144
f849a18ab6a5f95b,jacobi-2d,jacobi-2d,lv2:__PARA__L0-1.__PARA__L1-1.__PARA__L2-4.__PARA__L3-8.__PARA__L4-8.__PIPE__L0-off.__PIPE__L1-off.__PIPE__L2-off.__TILE__L0-1.__TILE__L1-88.__TILE__L2-1,target,query,query,finetune_dataset,data_779.pt,2242884.0,gatedgcn_vn,5,50,paper_exact_seed5,1.0782865285873413,1.8085834980010986,0.7302969694137573,0.03999999910593033,-0.0046713948249816895,0.04467139393091202,0.019999999552965164,0.0015327483415603638,0.0184672512114048,0.029999999329447746,-0.012681148946285248,0.04268115013837814,0.009999999776482582,0.008422024548053741,0.0015779752284288406
c3d4e0296ac15d18,jacobi-2d,jacobi-2d,lv2:__PARA__L0-1.__PARA__L1-2.__PARA__L2-4.__PARA__L3-8.__PARA__L4-8.__PIPE__L0-off.__PIPE__L1-NA.__PIPE__L2-off.__TILE__L0-40.__TILE__L1-1.__TILE__L2-1,target,query,query,finetune_dataset,data_861.pt,4390681.0,gatedgcn_vn,5,50,paper_exact_seed5,0.5937417149543762,0.6215212941169739,0.027779579162597656,0.05000000074505806,0.006802216172218323,0.04319778457283974,0.019999999552965164,0.007210910320281982,0.012789089232683182,0.05000000074505806,0.021372340619564056,0.028627660125494003,0.0,-0.01576874405145645,0.01576874405145645
03c941ad860eca80,jacobi-2d,jacobi-2d,lv2:__PARA__L0-1.__PARA__L1-1.__PARA__L2-1.__PARA__L3-4.__PARA__L4-8.__PIPE__L0-off.__PIPE__L1-off.__PIPE__L2-off.__TILE__L0-1.__TILE__L1-1.__TILE__L2-1,target,query,query,finetune_dataset,data_709.pt,354204.0,gatedgcn_vn,5,50,paper_exact_seed5,2.409637928009033,1.9024125337600708,0.5072253942489624,0.019999999552965164,0.025336652994155884,0.00533665344119072,0.009999999776482582,0.0026158541440963745,0.007384145632386208,0.0,0.009307615458965302,0.009307615458965302,0.019999999552965164,0.017713867127895355,0.002286132425069809
6c1db49cabf996b6,jacobi-2d,jacobi-2d,lv2:__PARA__L0-1.__PARA__L1-1.__PARA__L2-1.__PARA__L3-8.__PARA__L4-8.__PIPE__L0-off.__PIPE__L1-off.__PIPE__L2-off.__TILE__L0-1.__TILE__L1-1.__TILE__L2-1,target,query,query,finetune_dataset,data_722.pt,238164.0,gatedgcn_vn,5,50,paper_exact_seed5,2.695950508117676,1.9886152744293213,0.7073352336883545,0.029999999329447746,0.05007615685462952,0.02007615752518177,0.009999999776482582,-0.00079345703125,0.010793456807732582,0.0,0.022576570510864258,0.022576570510864258,0.019999999552965164,0.005334801971912384,0.01466519758105278
32f1f774163feb41,jacobi-2d,jacobi-2d,lv2:__PARA__L0-1.__PARA__L1-1.__PARA__L2-2.__PARA__L3-1.__PARA__L4-1.__PIPE__L0-off.__PIPE__L1-off.__PIPE__L2-flatten.__TILE__L0-1.__TILE__L1-1.__TILE__L2-8,target,query,query,finetune_dataset,data_737.pt,4301521.0,gatedgcn_vn,5,50,paper_exact_seed5,0.6085405945777893,0.586529016494751,0.02201157808303833,0.6499999761581421,0.7673938274383545,0.1173938512802124,0.28999999165534973,0.3548334836959839,0.06483349204063416,0.6100000143051147,0.6758121848106384,0.06581217050552368,0.03999999910593033,0.05779532343149185,0.017795324325561523
de5d80202c10824d,jacobi-2d,jacobi-2d,lv2:__PARA__L0-1.__PARA__L1-2.__PARA__L2-1.__PARA__L3-8.__PARA__L4-8.__PIPE__L0-off.__PIPE__L1-off.__PIPE__L2-off.__TILE__L0-1.__TILE__L1-1.__TILE__L2-1,target,query,query,finetune_dataset,data_818.pt,2234324.0,gatedgcn_vn,5,50,paper_exact_seed5,1.0810447931289673,1.399705410003662,0.3186606168746948,0.03999999910593033,0.02855163812637329,0.011448360979557037,0.019999999552965164,-0.0016284734010696411,0.021628472954034805,0.029999999329447746,0.01386842131614685,0.016131578013300896,0.009999999776482582,0.0033278316259384155,0.0066721681505441666
a6b64c8bb182d31b,jacobi-2d,jacobi-2d,lv2:__PARA__L0-1.__PARA__L1-1.__PARA__L2-2.__PARA__L3-88.__PARA__L4-1.__PIPE__L0-off.__PIPE__L1-NA.__PIPE__L2-flatten.__TILE__L0-1.__TILE__L1-8.__TILE__L2-8,target,query,query,finetune_dataset,data_767.pt,4087681.0,gatedgcn_vn,5,50,paper_exact_seed5,0.6453227400779724,0.5817322134971619,0.06359052658081055,1.1299999952316284,0.8730219006538391,0.2569780945777893,0.49000000953674316,0.3912163972854614,0.09878361225128174,1.0199999809265137,0.7381409406661987,0.28185904026031494,0.20999999344348907,0.18895217776298523,0.021047815680503845
bf1098b07df0d975,jacobi-2d,jacobi-2d,lv2:__PARA__L0-1.__PARA__L1-1.__PARA__L2-22.__PARA__L3-8.__PARA__L4-8.__PIPE__L0-off.__PIPE__L1-off.__PIPE__L2-NA.__TILE__L0-1.__TILE__L1-88.__TILE__L2-4,target,query,query,finetune_dataset,data_771.pt,2355924.0,gatedgcn_vn,5,50,paper_exact_seed5,1.0428175926208496,0.6293985843658447,0.4134190082550049,0.03999999910593033,0.21056640148162842,0.1705664098262787,0.009999999776482582,0.12203390896320343,0.112033911049366,0.029999999329447746,0.1581253707408905,0.1281253695487976,0.019999999552965164,0.017226576805114746,0.002773422747850418
23c169e25e719702,jacobi-2d,jacobi-2d,lv2:__PARA__L0-1.__PARA__L1-1.__PARA__L2-1.__PARA__L3-2.__PARA__L4-2.__PIPE__L0-off.__PIPE__L1-off.__PIPE__L2-off.__TILE__L0-1.__TILE__L1-1.__TILE__L2-1,target,query,query,finetune_dataset,data_693.pt,934804.0,gatedgcn_vn,5,50,paper_exact_seed5,1.7095961570739746,1.7945363521575928,0.08494019508361816,0.009999999776482582,0.01880091428756714,0.008800914511084557,0.0,-0.01477697491645813,0.01477697491645813,0.0,0.006873287260532379,0.006873287260532379,0.019999999552965164,0.03639712929725647,0.016397129744291306
f8abd11bf5771ea3,jacobi-2d,jacobi-2d,lv2:__PARA__L0-1.__PARA__L1-1.__PARA__L2-1.__PARA__L3-1.__PARA__L4-8.__PIPE__L0-off.__PIPE__L1-off.__PIPE__L2-off.__TILE__L0-1.__TILE__L1-1.__TILE__L2-1,target,query,query,finetune_dataset,data_679.pt,973524.0,gatedgcn_vn,5,50,paper_exact_seed5,1.6803197860717773,1.9298491477966309,0.24952936172485352,0.029999999329447746,0.05333723872900009,0.023337239399552345,0.009999999776482582,0.019155457615852356,0.009155457839369774,0.019999999552965164,0.03757140785455704,0.017571408301591873,0.019999999552965164,0.018116943538188934,0.0018830560147762299
fd3c61ae7f95e064,jacobi-2d,jacobi-2d,lv2:__PARA__L0-1.__PARA__L1-1.__PARA__L2-1.__PARA__L3-4.__PARA__L4-11.__PIPE__L0-off.__PIPE__L1-off.__PIPE__L2-off.__TILE__L0-1.__TILE__L1-1.__TILE__L2-1,target,query,query,finetune_dataset,data_701.pt,322404.0,gatedgcn_vn,5,50,paper_exact_seed5,2.4774932861328125,1.8345208168029785,0.642972469329834,0.029999999329447746,0.02686460316181183,0.0031353961676359177,0.009999999776482582,0.004062220454216003,0.005937779322266579,0.009999999776482582,0.0074355751276016235,0.0025644246488809586,0.029999999329447746,0.01698676496744156,0.013013234362006187
58a41c3a8454ad42,jacobi-2d,jacobi-2d,lv2:__PARA__L0-1.__PARA__L1-1.__PARA__L2-1.__PARA__L3-4.__PARA__L4-32.__PIPE__L0-off.__PIPE__L1-off.__PIPE__L2-NA.__TILE__L0-1.__TILE__L1-1.__TILE__L2-1,target,query,query,finetune_dataset,data_706.pt,2388964.0,gatedgcn_vn,5,50,paper_exact_seed5,1.0327714681625366,0.6737762689590454,0.3589951992034912,0.17000000178813934,0.10679662972688675,0.0632033720612526,0.029999999329447746,0.038696110248565674,0.008696110919117928,0.009999999776482582,0.053160570561885834,0.0431605726480484,0.10000000149011612,0.09598799794912338,0.004012003540992737
fc427f6bfe799bc1,jacobi-2d,jacobi-2d,lv2:__PARA__L0-1.__PARA__L1-1.__PARA__L2-1.__PARA__L3-8.__PARA__L4-4.__PIPE__L0-off.__PIPE__L1-off.__PIPE__L2-off.__TILE__L0-1.__TILE__L1-1.__TILE__L2-1,target,query,query,finetune_dataset,data_718.pt,354204.0,gatedgcn_vn,5,50,paper_exact_seed5,2.409637928009033,2.106102466583252,0.30353546142578125,0.019999999552965164,0.041515469551086426,0.02151546999812126,0.009999999776482582,-0.008691608905792236,0.01869160868227482,0.0,0.020144023001194,0.020144023001194,0.019999999552965164,0.005655817687511444,0.01434418186545372
e863a4aaa1262d76,jacobi-2d,jacobi-2d,lv2:__PARA__L0-1.__PARA__L1-2.__PARA__L2-1.__PARA__L3-8.__PARA__L4-8.__PIPE__L0-off.__PIPE__L1-off.__PIPE__L2-off.__TILE__L0-1.__TILE__L1-1.__TILE__L2-4,target,query,query,finetune_dataset,data_820.pt,4213281.0,gatedgcn_vn,5,50,paper_exact_seed5,0.6234920024871826,1.0931555032730103,0.46966350078582764,0.05000000074505806,0.015863969922065735,0.034136030822992325,0.019999999552965164,-0.004279613494873047,0.02427961304783821,0.05000000074505806,0.012760989367961884,0.037239011377096176,0.0,-0.0010539963841438293,0.0010539963841438293
1d7d326acbf5d1ae,jacobi-2d,jacobi-2d,lv2:__PARA__L0-1.__PARA__L1-2.__PARA__L2-11.__PARA__L3-8.__PARA__L4-8.__PIPE__L0-off.__PIPE__L1-NA.__PIPE__L2-NA.__TILE__L0-1.__TILE__L1-1.__TILE__L2-1,target,query,query,finetune_dataset,data_825.pt,4434121.0,gatedgcn_vn,5,50,paper_exact_seed5,0.5866400003433228,0.6029930114746094,0.01635301113128662,0.05000000074505806,0.2124895453453064,0.16248954832553864,0.019999999552965164,0.06752399355173111,0.047523993998765945,0.05000000074505806,0.1415846049785614,0.09158460795879364,0.009999999776482582,0.006120607256889343,0.003879392519593239
f3de769de7350479,jacobi-2d,jacobi-2d,lv2:__PARA__L0-1.__PARA__L1-1.__PARA__L2-1.__PARA__L3-1.__PARA__L4-4.__PIPE__L0-off.__PIPE__L1-off.__PIPE__L2-off.__TILE__L0-1.__TILE__L1-1.__TILE__L2-1,target,query,query,finetune_dataset,data_677.pt,1012244.0,gatedgcn_vn,5,50,paper_exact_seed5,1.6521855592727661,1.9616832733154297,0.3094977140426636,0.019999999552965164,0.04294724762439728,0.022947248071432114,0.009999999776482582,0.009934335947036743,6.566382944583893e-05,0.009999999776482582,0.036833323538303375,0.026833323761820793,0.019999999552965164,0.019142158329486847,0.0008578412234783173
f374d26c04ba2cab,jacobi-2d,jacobi-2d,lv2:__PARA__L0-1.__PARA__L1-1.__PARA__L2-4.__PARA__L3-8.__PARA__L4-8.__PIPE__L0-off.__PIPE__L1-off.__PIPE__L2-NA.__TILE__L0-1.__TILE__L1-88.__TILE__L2-1,target,query,query,finetune_dataset,data_777.pt,2242884.0,gatedgcn_vn,5,50,paper_exact_seed5,1.0782865285873413,1.0053656101226807,0.07292091846466064,0.03999999910593033,0.036868199706077576,0.0031317993998527527,0.019999999552965164,0.04215270280838013,0.022152703255414963,0.029999999329447746,0.025546133518218994,0.004453865811228752,0.009999999776482582,0.027685627341270447,0.017685627564787865
37ef2a19bd4f9c1e,jacobi-2d,jacobi-2d,lv2:__PARA__L0-1.__PARA__L1-22.__PARA__L2-2.__PARA__L3-16.__PARA__L4-1.__PIPE__L0-off.__PIPE__L1-NA.__PIPE__L2-flatten.__TILE__L0-1.__TILE__L1-4.__TILE__L2-8,target,query,query,finetune_dataset,data_880.pt,5968041.0,gatedgcn_vn,5,50,paper_exact_seed5,0.3723353147506714,0.5795387625694275,0.2072034478187561,0.8999999761581421,0.9303417801856995,0.030341804027557373,0.4000000059604645,0.4224030673503876,0.022403061389923096,0.8100000023841858,0.7544186115264893,0.05558139085769653,0.029999999329447746,0.042926132678985596,0.01292613334953785
5d9c601f37ae80a4,jacobi-2d,jacobi-2d,lv2:__PARA__L0-1.__PARA__L1-11.__PARA__L2-2.__PARA__L3-1.__PARA__L4-1.__PIPE__L0-off.__PIPE__L1-off.__PIPE__L2-flatten.__TILE__L0-1.__TILE__L1-8.__TILE__L2-8,target,query,query,finetune_dataset,data_789.pt,4315161.0,gatedgcn_vn,5,50,paper_exact_seed5,0.6062568426132202,0.5831109285354614,0.02314591407775879,0.6499999761581421,0.8504690527915955,0.20046907663345337,0.30000001192092896,0.3941541910171509,0.09415417909622192,0.6200000047683716,0.7644434571266174,0.14444345235824585,0.03999999910593033,0.01605856418609619,0.023941434919834137
18fe812f93b4d9a9,jacobi-2d,jacobi-2d,lv2:__PARA__L0-1.__PARA__L1-2.__PARA__L2-1.__PARA__L3-1.__PARA__L4-4.__PIPE__L0-off.__PIPE__L1-flatten.__PIPE__L2-NA.__TILE__L0-1.__TILE__L1-8.__TILE__L2-8,target,query,query,finetune_dataset,data_805.pt,4087801.0,gatedgcn_vn,5,50,paper_exact_seed5,0.6453015804290771,0.5799441337585449,0.06535744667053223,0.8700000047683716,0.7314555048942566,0.138544499874115,0.38999998569488525,0.33070236444473267,0.05929762125015259,0.7799999713897705,0.6589784622192383,0.12102150917053223,0.0,0.05558297783136368,0.05558297783136368
7358a0642d396c29,jacobi-2d,jacobi-2d,lv2:__PARA__L0-1.__PARA__L1-1.__PARA__L2-1.__PARA__L3-2.__PARA__L4-16.__PIPE__L0-off.__PIPE__L1-off.__PIPE__L2-off.__TILE__L0-1.__TILE__L1-1.__TILE__L2-1,target,query,query,finetune_dataset,data_692.pt,785964.0,gatedgcn_vn,5,50,paper_exact_seed5,1.8346965312957764,1.8151217699050903,0.019574761390686035,0.03999999910593033,0.02996581792831421,0.01003418117761612,0.009999999776482582,0.0029605329036712646,0.0070394668728113174,0.009999999776482582,0.004272714257240295,0.005727285519242287,0.029999999329447746,0.015820123255252838,0.014179876074194908
09dffd75dd6a8699,jacobi-2d,jacobi-2d,lv2:__PARA__L0-1.__PARA__L1-1.__PARA__L2-1.__PARA__L3-11.__PARA__L4-8.__PIPE__L0-off.__PIPE__L1-off.__PIPE__L2-off.__TILE__L0-1.__TILE__L1-1.__TILE__L2-1,target,query,query,finetune_dataset,data_687.pt,206364.0,gatedgcn_vn,5,50,paper_exact_seed5,2.7993323802948,1.7983942031860352,1.0009381771087646,0.03999999910593033,0.055186837911605835,0.015186838805675507,0.009999999776482582,0.002208530902862549,0.007791468873620033,0.009999999776482582,0.02276386320590973,0.012763863429427147,0.029999999329447746,0.012551061809062958,0.01744893752038479
e9a1e8e3e53c8cad,jacobi-2d,jacobi-2d,lv2:__PARA__L0-1.__PARA__L1-22.__PARA__L2-2.__PARA__L3-1.__PARA__L4-1.__PIPE__L0-off.__PIPE__L1-off.__PIPE__L2-flatten.__TILE__L0-1.__TILE__L1-4.__TILE__L2-8,target,query,query,finetune_dataset,data_878.pt,4385641.0,gatedgcn_vn,5,50,paper_exact_seed5,0.5945701599121094,0.5827443599700928,0.011825799942016602,0.6499999761581421,0.8403332829475403,0.1903333067893982,0.30000001192092896,0.3897586464881897,0.08975863456726074,0.6200000047683716,0.742926836013794,0.12292683124542236,0.03999999910593033,0.0231165811419487,0.01688341796398163
8f57bbdd423a8183,jacobi-2d,jacobi-2d,lv2:__PARA__L0-1.__PARA__L1-1.__PARA__L2-1.__PARA__L3-8.__PARA__L4-16.__PIPE__L0-off.__PIPE__L1-off.__PIPE__L2-NA.__TILE__L0-1.__TILE__L1-1.__TILE__L2-1,target,query,query,finetune_dataset,data_712.pt,616564.0,gatedgcn_vn,5,50,paper_exact_seed5,2.00980281829834,0.7578500509262085,1.2519527673721313,0.07000000029802322,0.09795989096164703,0.02795989066362381,0.029999999329447746,-0.009107783436775208,0.0391077846288681,0.029999999329447746,0.06295543164014816,0.03295543044805527,0.07000000029802322,0.12192069739103317,0.05192069709300995
6b1a97d31ff54f58,jacobi-2d,jacobi-2d,lv2:__PARA__L0-1.__PARA__L1-1.__PARA__L2-1.__PARA__L3-11.__PARA__L4-16.__PIPE__L0-off.__PIPE__L1-off.__PIPE__L2-NA.__TILE__L0-1.__TILE__L1-1.__TILE__L2-1,target,query,query,finetune_dataset,data_682.pt,606044.0,gatedgcn_vn,5,50,paper_exact_seed5,2.022216796875,0.7300009727478027,1.2922158241271973,0.09000000357627869,0.100993812084198,0.010993808507919312,0.029999999329447746,0.0023826956748962402,0.027617303654551506,0.03999999910593033,0.06293212622404099,0.022932127118110657,0.07999999821186066,0.11985313892364502,0.03985314071178436
76c2b8937705e036,jacobi-2d,jacobi-2d,lv2:__PARA__L0-1.__PARA__L1-4.__PARA__L2-1.__PARA__L3-8.__PARA__L4-8.__PIPE__L0-off.__PIPE__L1-NA.__PIPE__L2-off.__TILE__L0-1.__TILE__L1-1.__TILE__L2-1,target,query,query,finetune_dataset,data_888.pt,2242884.0,gatedgcn_vn,5,50,paper_exact_seed5,1.0782865285873413,0.7102228403091431,0.36806368827819824,0.03999999910593033,0.071033775806427,0.031033776700496674,0.019999999552965164,0.04770556092262268,0.027705561369657516,0.029999999329447746,0.055506620556116104,0.025506621226668358,0.009999999776482582,0.030315615236759186,0.020315615460276604
e33b54c82cefb5a8,jacobi-2d,jacobi-2d,lv2:__PARA__L0-1.__PARA__L1-2.__PARA__L2-2.__PARA__L3-8.__PARA__L4-8.__PIPE__L0-off.__PIPE__L1-off.__PIPE__L2-off.__TILE__L0-40.__TILE__L1-1.__TILE__L2-1,target,query,query,finetune_dataset,data_845.pt,4382121.0,gatedgcn_vn,5,50,paper_exact_seed5,0.5951493978500366,0.6416264176368713,0.04647701978683472,0.05000000074505806,-0.02943331003189087,0.07943330705165863,0.019999999552965164,-0.006274297833442688,0.026274297386407852,0.05000000074505806,-0.02111928164958954,0.0711192786693573,0.0,0.0011093318462371826,0.0011093318462371826
9ad340ebffd8ac94,jacobi-2d,jacobi-2d,lv2:__PARA__L0-1.__PARA__L1-2.__PARA__L2-11.__PARA__L3-8.__PARA__L4-8.__PIPE__L0-off.__PIPE__L1-NA.__PIPE__L2-NA.__TILE__L0-1.__TILE__L1-1.__TILE__L2-8,target,query,query,finetune_dataset,data_826.pt,4434121.0,gatedgcn_vn,5,50,paper_exact_seed5,0.5866400003433228,0.6042551398277283,0.017615139484405518,0.05000000074505806,0.1963644176721573,0.14636442065238953,0.019999999552965164,0.05743244290351868,0.03743244335055351,0.05000000074505806,0.1224885806441307,0.07248857617378235,0.009999999776482582,-0.0016137361526489258,0.011613735929131508
13c4afce99887c0b,jacobi-2d,jacobi-2d,lv2:__PARA__L0-1.__PARA__L1-1.__PARA__L2-1.__PARA__L3-2.__PARA__L4-8.__PIPE__L0-off.__PIPE__L1-off.__PIPE__L2-off.__TILE__L0-1.__TILE__L1-1.__TILE__L2-1,target,query,query,finetune_dataset,data_698.pt,586364.0,gatedgcn_vn,5,50,paper_exact_seed5,2.046029806137085,1.9278008937835693,0.11822891235351562,0.019999999552965164,0.023365646600723267,0.0033656470477581024,0.009999999776482582,0.0029226690530776978,0.007077330723404884,0.0,0.009396865963935852,0.009396865963935852,0.019999999552965164,0.01851636916399002,0.0014836303889751434
764f63a42355b187,jacobi-2d,jacobi-2d,lv2:__PARA__L0-1.__PARA__L1-2.__PARA__L2-2.__PARA__L3-8.__PARA__L4-8.__PIPE__L0-off.__PIPE__L1-NA.__PIPE__L2-NA.__TILE__L0-40.__TILE__L1-1.__TILE__L2-1,target,query,query,finetune_dataset,data_839.pt,4382121.0,gatedgcn_vn,5,50,paper_exact_seed5,0.5951493978500366,0.6061211228370667,0.01097172498703003,0.05000000074505806,0.10421646386384964,0.05421646311879158,0.019999999552965164,0.00912502408027649,0.010874975472688675,0.05000000074505806,0.06876891106367111,0.018768910318613052,0.0,-0.018834777176380157,0.018834777176380157
47bf8aa757fbacb3,jacobi-2d,jacobi-2d,lv2:__PARA__L0-1.__PARA__L1-4.__PARA__L2-1.__PARA__L3-8.__PARA__L4-8.__PIPE__L0-off.__PIPE__L1-NA.__PIPE__L2-off.__TILE__L0-40.__TILE__L1-1.__TILE__L2-1,target,query,query,finetune_dataset,data_890.pt,2242884.0,gatedgcn_vn,5,50,paper_exact_seed5,1.0782865285873413,0.6522718071937561,0.4260147213935852,0.03999999910593033,0.014543965458869934,0.025456033647060394,0.019999999552965164,0.01483154296875,0.005168456584215164,0.029999999329447746,0.0018262043595314026,0.028173794969916344,0.009999999776482582,0.01576799899339676,0.005767999216914177
6d2b07676ed78ee0,jacobi-2d,jacobi-2d,lv2:__PARA__L0-1.__PARA__L1-2.__PARA__L2-1.__PARA__L3-8.__PARA__L4-8.__PIPE__L0-off.__PIPE__L1-NA.__PIPE__L2-off.__TILE__L0-1.__TILE__L1-1.__TILE__L2-1,target,query,query,finetune_dataset,data_809.pt,2234324.0,gatedgcn_vn,5,50,paper_exact_seed5,1.0810447931289673,0.6592857241630554,0.42175906896591187,0.03999999910593033,0.0585642009973526,0.01856420189142227,0.019999999552965164,0.020235642790794373,0.00023564323782920837,0.029999999329447746,0.06142276152968407,0.03142276406288147,0.009999999776482582,-0.005836166441440582,0.015836166217923164
620a3218c1a7f9c8,jacobi-2d,jacobi-2d,lv2:__PARA__L0-1.__PARA__L1-11.__PARA__L2-2.__PARA__L3-4.__PARA__L4-1.__PIPE__L0-off.__PIPE__L1-NA.__PIPE__L2-flatten.__TILE__L0-1.__TILE__L1-8.__TILE__L2-8,target,query,query,finetune_dataset,data_800.pt,4315441.0,gatedgcn_vn,5,50,paper_exact_seed5,0.6062100529670715,0.5736639499664307,0.03254610300064087,0.8700000047683716,0.859432578086853,0.010567426681518555,0.38999998569488525,0.40080225467681885,0.010802268981933594,0.7799999713897705,0.7346205711364746,0.0453794002532959,0.0,-0.002098381519317627,0.002098381519317627
5e2597b5863e7267,jacobi-2d,jacobi-2d,lv2:__PARA__L0-1.__PARA__L1-4.__PARA__L2-8.__PARA__L3-8.__PARA__L4-8.__PIPE__L0-off.__PIPE__L1-NA.__PIPE__L2-off.__TILE__L0-40.__TILE__L1-1.__TILE__L2-1,target,query,query,finetune_dataset,data_907.pt,4422961.0,gatedgcn_vn,5,50,paper_exact_seed5,0.5884577631950378,0.608346700668335,0.01988893747329712,0.05000000074505806,0.009839966893196106,0.040160033851861954,0.019999999552965164,0.01897105574607849,0.001028943806886673,0.05000000074505806,0.03978168964385986,0.010218311101198196,0.009999999776482582,0.0017252936959266663,0.008274706080555916
fab04bee7d771311,jacobi-2d,jacobi-2d,lv2:__PARA__L0-1.__PARA__L1-2.__PARA__L2-22.__PARA__L3-8.__PARA__L4-8.__PIPE__L0-off.__PIPE__L1-NA.__PIPE__L2-off.__TILE__L0-1.__TILE__L1-1.__TILE__L2-1,target,query,query,finetune_dataset,data_849.pt,4504601.0,gatedgcn_vn,5,50,paper_exact_seed5,0.5752643942832947,0.6065434217453003,0.031279027462005615,0.05000000074505806,0.15695250034332275,0.10695250332355499,0.019999999552965164,0.051576584577560425,0.03157658502459526,0.05000000074505806,0.10512241721153259,0.05512241646647453,0.009999999776482582,-0.0021755769848823547,0.012175576761364937
322b26639a483f11,jacobi-2d,jacobi-2d,lv2:__PARA__L0-1.__PARA__L1-2.__PARA__L2-11.__PARA__L3-1.__PARA__L4-4.__PIPE__L0-off.__PIPE__L1-flatten.__PIPE__L2-NA.__TILE__L0-1.__TILE__L1-8.__TILE__L2-8,target,query,query,finetune_dataset,data_824.pt,4315481.0,gatedgcn_vn,5,50,paper_exact_seed5,0.6062033772468567,0.5797752737998962,0.02642810344696045,0.8700000047683716,0.8721809983253479,0.0021809935569763184,0.38999998569488525,0.3947198987007141,0.004719913005828857,0.7799999713897705,0.7477906942367554,0.03220927715301514,0.0,0.030304528772830963,0.030304528772830963
cbafe5a4e8823ead,jacobi-2d,jacobi-2d,lv2:__PARA__L0-1.__PARA__L1-4.__PARA__L2-2.__PARA__L3-8.__PARA__L4-8.__PIPE__L0-off.__PIPE__L1-NA.__PIPE__L2-NA.__TILE__L0-1.__TILE__L1-1.__TILE__L2-1,target,query,query,finetune_dataset,data_895.pt,4390681.0,gatedgcn_vn,5,50,paper_exact_seed5,0.5937417149543762,0.6011726260185242,0.007430911064147949,0.05000000074505806,0.21166294813156128,0.16166295111179352,0.019999999552965164,0.05041888356208801,0.03041888400912285,0.05000000074505806,0.15636058151721954,0.10636058449745178,0.0,-0.010143853724002838,0.010143853724002838
eb12b029d36072ae,jacobi-2d,jacobi-2d,lv2:__PARA__L0-1.__PARA__L1-1.__PARA__L2-1.__PARA__L3-8.__PARA__L4-2.__PIPE__L0-off.__PIPE__L1-off.__PIPE__L2-off.__TILE__L0-1.__TILE__L1-1.__TILE__L2-1,target,query,query,finetune_dataset,data_714.pt,586364.0,gatedgcn_vn,5,50,paper_exact_seed5,2.046029806137085,1.8859550952911377,0.16007471084594727,0.019999999552965164,0.04411351680755615,0.024113517254590988,0.009999999776482582,-0.00805094838142395,0.018050948157906532,0.0,0.018453136086463928,0.018453136086463928,0.019999999552965164,0.012032322585582733,0.007967676967382431
a814f824596df827,jacobi-2d,jacobi-2d,lv2:__PARA__L0-1.__PARA__L1-2.__PARA__L2-1.__PARA__L3-8.__PARA__L4-8.__PIPE__L0-off.__PIPE__L1-NA.__PIPE__L2-NA.__TILE__L0-1.__TILE__L1-1.__TILE__L2-4,target,query,query,finetune_dataset,data_807.pt,4213281.0,gatedgcn_vn,5,50,paper_exact_seed5,0.6234920024871826,0.620175302028656,0.0033167004585266113,0.05000000074505806,0.0973927453160286,0.047392744570970535,0.019999999552965164,0.021488845348358154,0.0014888457953929901,0.05000000074505806,0.06774511933326721,0.017745118588209152,0.0,0.04083672910928726,0.04083672910928726
3e1936144535fbc1,jacobi-2d,jacobi-2d,lv2:__PARA__L0-1.__PARA__L1-1.__PARA__L2-1.__PARA__L3-8.__PARA__L4-8.__PIPE__L0-off.__PIPE__L1-off.__PIPE__L2-off.__TILE__L0-1.__TILE__L1-88.__TILE__L2-2,target,query,query,finetune_dataset,data_724.pt,4035721.0,gatedgcn_vn,5,50,paper_exact_seed5,0.6545508503913879,1.9410622119903564,1.2865114212036133,0.05000000074505806,0.007087439298629761,0.0429125614464283,0.019999999552965164,-0.0046774595975875854,0.02467745915055275,0.05000000074505806,0.0012309104204177856,0.048769090324640274,0.0,0.005038358271121979,0.005038358271121979
da6efcc3e335e1ca,jacobi-2d,jacobi-2d,lv2:__PARA__L0-1.__PARA__L1-2.__PARA__L2-4.__PARA__L3-8.__PARA__L4-8.__PIPE__L0-off.__PIPE__L1-off.__PIPE__L2-off.__TILE__L0-1.__TILE__L1-1.__TILE__L2-1,target,query,query,finetune_dataset,data_864.pt,4390681.0,gatedgcn_vn,5,50,paper_exact_seed5,0.5937417149543762,0.7838057279586792,0.19006401300430298,0.05000000074505806,0.02480633556842804,0.02519366517663002,0.019999999552965164,0.00830647349357605,0.011693526059389114,0.05000000074505806,0.014753676950931549,0.03524632379412651,0.0,0.01240628957748413,0.01240628957748413
76cdc1b4a2ae88da,jacobi-2d,jacobi-2d,lv2:__PARA__L0-1.__PARA__L1-4.__PARA__L2-1.__PARA__L3-8.__PARA__L4-8.__PIPE__L0-off.__PIPE__L1-NA.__PIPE__L2-off.__TILE__L0-1.__TILE__L1-1.__TILE__L2-88,target,query,query,finetune_dataset,data_889.pt,2242884.0,gatedgcn_vn,5,50,paper_exact_seed5,1.0782865285873413,0.7502394914627075,0.3280470371246338,0.03999999910593033,0.02948012948036194,0.01051986962556839,0.019999999552965164,0.021798908710479736,0.0017989091575145721,0.029999999329447746,0.027590885758399963,0.002409113571047783,0.009999999776482582,0.011812858283519745,0.0018128585070371628
3e14a2713d1d763e,jacobi-2d,jacobi-2d,lv2:__PARA__L0-1.__PARA__L1-22.__PARA__L2-2.__PARA__L3-4.__PARA__L4-1.__PIPE__L0-off.__PIPE__L1-NA.__PIPE__L2-flatten.__TILE__L0-1.__TILE__L1-4.__TILE__L2-8,target,query,query,finetune_dataset,data_884.pt,4385921.0,gatedgcn_vn,5,50,paper_exact_seed5,0.5945241451263428,0.5746605396270752,0.019863605499267578,0.8700000047683716,0.870166540145874,0.0001665353775024414,0.38999998569488525,0.41611912846565247,0.026119142770767212,0.7799999713897705,0.7016159296035767,0.07838404178619385,0.0,0.012584708631038666,0.012584708631038666
05b2ea2b4f0d2085,jacobi-2d,jacobi-2d,lv2:__PARA__L0-1.__PARA__L1-1.__PARA__L2-4.__PARA__L3-8.__PARA__L4-8.__PIPE__L0-off.__PIPE__L1-off.__PIPE__L2-off.__TILE__L0-40.__TILE__L1-1.__TILE__L2-1,target,query,query,finetune_dataset,data_780.pt,2242884.0,gatedgcn_vn,5,50,paper_exact_seed5,1.0782865285873413,0.8801881670951843,0.19809836149215698,0.03999999910593033,-0.03519566357135773,0.07519566267728806,0.019999999552965164,-0.017263606190681458,0.03726360574364662,0.029999999329447746,-0.04035542905330658,0.07035543024539948,0.009999999776482582,0.008270122110843658,0.0017298776656389236
8749dd1796e693db,jacobi-2d,jacobi-2d,lv2:__PARA__L0-1.__PARA__L1-11.__PARA__L2-2.__PARA__L3-32.__PARA__L4-1.__PIPE__L0-off.__PIPE__L1-off.__PIPE__L2-flatten.__TILE__L0-1.__TILE__L1-8.__TILE__L2-8,target,query,query,finetune_dataset,data_799.pt,5897321.0,gatedgcn_vn,5,50,paper_exact_seed5,0.3809341788291931,0.5783259868621826,0.1973918080329895,0.949999988079071,0.9099911451339722,0.04000884294509888,0.41999998688697815,0.4404941499233246,0.020494163036346436,0.8600000143051147,0.8031456470489502,0.05685436725616455,0.10000000149011612,0.10189568996429443,0.0018956884741783142
7a4fecb14c6c0c25,jacobi-2d,jacobi-2d,lv2:__PARA__L0-1.__PARA__L1-1.__PARA__L2-2.__PARA__L3-1.__PARA__L4-1.__PIPE__L0-off.__PIPE__L1-off.__PIPE__L2-flatten.__TILE__L0-1.__TILE__L1-8.__TILE__L2-8,target,query,query,finetune_dataset,data_740.pt,4086961.0,gatedgcn_vn,5,50,paper_exact_seed5,0.6454498171806335,0.5872822403907776,0.05816757678985596,0.6499999761581421,0.7403984665870667,0.09039849042892456,0.30000001192092896,0.33185309171676636,0.0318530797958374,0.6200000047683716,0.634840190410614,0.014840185642242432,0.03999999910593033,0.05761176347732544,0.01761176437139511
bbffb137352025e1,jacobi-2d,jacobi-2d,lv2:__PARA__L0-1.__PARA__L1-1.__PARA__L2-1.__PARA__L3-1.__PARA__L4-4.__PIPE__L0-off.__PIPE__L1-flatten.__PIPE__L2-NA.__TILE__L0-1.__TILE__L1-88.__TILE__L2-8,target,query,query,finetune_dataset,data_676.pt,3938401.0,gatedgcn_vn,5,50,paper_exact_seed5,0.6721590161323547,1.0686134099960327,0.396454393863678,0.25,0.1393967568874359,0.11060324311256409,0.10999999940395355,0.07649821043014526,0.03350178897380829,0.27000001072883606,0.18111367523670197,0.0888863354921341,0.25,0.09831207990646362,0.15168792009353638
bb70c3f8edfae14e,jacobi-2d,jacobi-2d,lv2:__PARA__L0-1.__PARA__L1-22.__PARA__L2-2.__PARA__L3-1.__PARA__L4-1.__PIPE__L0-off.__PIPE__L1-off.__PIPE__L2-flatten.__TILE__L0-1.__TILE__L1-1.__TILE__L2-8,target,query,query,finetune_dataset,data_877.pt,4385921.0,gatedgcn_vn,5,50,paper_exact_seed5,0.5945241451263428,0.5824460387229919,0.01207810640335083,0.8700000047683716,0.8298595547676086,0.04014045000076294,0.3799999952316284,0.3867790699005127,0.006779074668884277,0.7699999809265137,0.7297751903533936,0.04022479057312012,0.03999999910593033,0.022791855037212372,0.017208144068717957
51c770f1917009bf,jacobi-2d,jacobi-2d,lv2:__PARA__L0-1.__PARA__L1-2.__PARA__L2-4.__PARA__L3-8.__PARA__L4-8.__PIPE__L0-off.__PIPE__L1-off.__PIPE__L2-NA.__TILE__L0-1.__TILE__L1-1.__TILE__L2-1,target,query,query,finetune_dataset,data_862.pt,4390681.0,gatedgcn_vn,5,50,paper_exact_seed5,0.5937417149543762,0.6420913934707642,0.04834967851638794,0.05000000074505806,0.08539708703756332,0.035397086292505264,0.019999999552965164,0.06155356764793396,0.041553568094968796,0.05000000074505806,0.09712383151054382,0.047123830765485764,0.0,0.02607947587966919,0.02607947587966919
82f432bd118264ba,jacobi-2d,jacobi-2d,lv2:__PARA__L0-1.__PARA__L1-1.__PARA__L2-1.__PARA__L3-4.__PARA__L4-16.__PIPE__L0-off.__PIPE__L1-off.__PIPE__L2-NA.__TILE__L0-1.__TILE__L1-1.__TILE__L2-1,target,query,query,finetune_dataset,data_702.pt,655284.0,gatedgcn_vn,5,50,paper_exact_seed5,1.9658679962158203,0.7739718556404114,1.1918962001800537,0.05000000074505806,0.07426117360591888,0.024261172860860825,0.019999999552965164,0.015687942504882812,0.004312057048082352,0.019999999552965164,0.05096883699297905,0.030968837440013885,0.07000000029802322,0.09577200561761856,0.025772005319595337
477c4e2e38b59d20,jacobi-2d,jacobi-2d,lv2:__PARA__L0-1.__PARA__L1-2.__PARA__L2-8.__PARA__L3-8.__PARA__L4-8.__PIPE__L0-off.__PIPE__L1-off.__PIPE__L2-NA.__TILE__L0-1.__TILE__L1-1.__TILE__L2-1,target,query,query,finetune_dataset,data_870.pt,4414401.0,gatedgcn_vn,5,50,paper_exact_seed5,0.5898551940917969,0.6586343050003052,0.0687791109085083,0.05000000074505806,0.10981357097625732,0.059813570231199265,0.019999999552965164,0.07542815804481506,0.0554281584918499,0.05000000074505806,0.10301356017589569,0.05301355943083763,0.009999999776482582,0.031569816172122955,0.021569816395640373
4146bdc142fce714,jacobi-2d,jacobi-2d,lv2:__PARA__L0-1.__PARA__L1-2.__PARA__L2-8.__PARA__L3-8.__PARA__L4-8.__PIPE__L0-off.__PIPE__L1-NA.__PIPE__L2-off.__TILE__L0-40.__TILE__L1-1.__TILE__L2-1,target,query,query,finetune_dataset,data_869.pt,4414401.0,gatedgcn_vn,5,50,paper_exact_seed5,0.5898551940917969,0.6133623123168945,0.023507118225097656,0.05000000074505806,0.011663511395454407,0.03833648934960365,0.019999999552965164,0.011843055486679077,0.008156944066286087,0.05000000074505806,0.028777457773685455,0.021222542971372604,0.009999999776482582,-0.016251422464847565,0.026251422241330147
0b27ce5d3d4a3882,jacobi-2d,jacobi-2d,lv2:__PARA__L0-1.__PARA__L1-1.__PARA__L2-1.__PARA__L3-11.__PARA__L4-16.__PIPE__L0-off.__PIPE__L1-off.__PIPE__L2-off.__TILE__L0-1.__TILE__L1-1.__TILE__L2-1,target,query,query,finetune_dataset,data_683.pt,416404.0,gatedgcn_vn,5,50,paper_exact_seed5,2.292936086654663,1.6430106163024902,0.6499254703521729,0.05999999865889549,0.06341303884983063,0.003413040190935135,0.009999999776482582,-0.001219138503074646,0.011219138279557228,0.009999999776482582,0.016731366515159607,0.006731366738677025,0.03999999910593033,0.00952281802892685,0.03047718107700348
7d9b2377f873fd86,jacobi-2d,jacobi-2d,lv2:__PARA__L0-1.__PARA__L1-2.__PARA__L2-8.__PARA__L3-8.__PARA__L4-8.__PIPE__L0-off.__PIPE__L1-NA.__PIPE__L2-off.__TILE__L0-1.__TILE__L1-1.__TILE__L2-1,target,query,query,finetune_dataset,data_868.pt,4414401.0,gatedgcn_vn,5,50,paper_exact_seed5,0.5898551940917969,0.6292018890380859,0.03934669494628906,0.05000000074505806,0.08435946702957153,0.034359466284513474,0.019999999552965164,0.03253498673439026,0.012534987181425095,0.05000000074505806,0.09086799621582031,0.04086799547076225,0.009999999776482582,-0.013099335134029388,0.02309933491051197
53235e166f38cfc1,jacobi-2d,jacobi-2d,lv2:__PARA__L0-1.__PARA__L1-2.__PARA__L2-22.__PARA__L3-8.__PARA__L4-8.__PIPE__L0-off.__PIPE__L1-off.__PIPE__L2-NA.__TILE__L0-40.__TILE__L1-1.__TILE__L2-1,target,query,query,finetune_dataset,data_854.pt,4504601.0,gatedgcn_vn,5,50,paper_exact_seed5,0.5752643942832947,0.5918908715248108,0.016626477241516113,0.05000000074505806,0.43662017583847046,0.3866201639175415,0.019999999552965164,0.17377209663391113,0.15377210080623627,0.05000000074505806,0.5733254551887512,0.5233254432678223,0.009999999776482582,0.009695418179035187,0.0003045815974473953
143101b6acaf1644,jacobi-2d,jacobi-2d,lv2:__PARA__L0-1.__PARA__L1-2.__PARA__L2-11.__PARA__L3-8.__PARA__L4-8.__PIPE__L0-off.__PIPE__L1-off.__PIPE__L2-NA.__TILE__L0-1.__TILE__L1-1.__TILE__L2-8,target,query,query,finetune_dataset,data_832.pt,4434121.0,gatedgcn_vn,5,50,paper_exact_seed5,0.5866400003433228,0.6419382095336914,0.05529820919036865,0.05000000074505806,0.1721898764371872,0.12218987941741943,0.019999999552965164,0.10531945526599884,0.08531945943832397,0.05000000074505806,0.21734823286533356,0.1673482358455658,0.009999999776482582,0.028270259499549866,0.018270259723067284
8cb79764b6680f04,jacobi-2d,jacobi-2d,lv2:__PARA__L0-1.__PARA__L1-22.__PARA__L2-2.__PARA__L3-32.__PARA__L4-1.__PIPE__L0-off.__PIPE__L1-NA.__PIPE__L2-flatten.__TILE__L0-1.__TILE__L1-4.__TILE__L2-8,target,query,query,finetune_dataset,data_883.pt,5967801.0,gatedgcn_vn,5,50,paper_exact_seed5,0.372364342212677,0.5819551348686218,0.20959079265594482,0.949999988079071,0.9530307650566101,0.0030307769775390625,0.41999998688697815,0.41491591930389404,0.0050840675830841064,0.8600000143051147,0.7671421766281128,0.09285783767700195,0.10999999940395355,0.09461560100317001,0.015384398400783539
1cf8cde643f1c8a7,jacobi-2d,jacobi-2d,lv2:__PARA__L0-1.__PARA__L1-2.__PARA__L2-1.__PARA__L3-8.__PARA__L4-8.__PIPE__L0-off.__PIPE__L1-NA.__PIPE__L2-NA.__TILE__L0-1.__TILE__L1-1.__TILE__L2-8,target,query,query,finetune_dataset,data_808.pt,4206441.0,gatedgcn_vn,5,50,paper_exact_seed5,0.6246640086174011,0.6135371327400208,0.011126875877380371,0.05000000074505806,0.1120966300368309,0.06209662929177284,0.019999999552965164,0.018741637468338013,0.0012583620846271515,0.05000000074505806,0.06355579197406769,0.013555791229009628,0.0,0.008650816977024078,0.008650816977024078
cadd78a889c58ad2,jacobi-2d,jacobi-2d,lv2:__PARA__L0-1.__PARA__L1-2.__PARA__L2-2.__PARA__L3-8.__PARA__L4-8.__PIPE__L0-off.__PIPE__L1-off.__PIPE__L2-NA.__TILE__L0-40.__TILE__L1-1.__TILE__L2-1,target,query,query,finetune_dataset,data_843.pt,4382121.0,gatedgcn_vn,5,50,paper_exact_seed5,0.5951493978500366,0.6186806559562683,0.02353125810623169,0.05000000074505806,0.034848153591156006,0.015151847153902054,0.019999999552965164,0.004989162087440491,0.015010837465524673,0.05000000074505806,0.01860276609659195,0.03139723464846611,0.0,-0.010423369705677032,0.010423369705677032
3290e28a81169206,jacobi-2d,jacobi-2d,lv2:__PARA__L0-1.__PARA__L1-2.__PARA__L2-1.__PARA__L3-8.__PARA__L4-8.__PIPE__L0-off.__PIPE__L1-NA.__PIPE__L2-off.__TILE__L0-1.__TILE__L1-1.__TILE__L2-88,target,query,query,finetune_dataset,data_813.pt,2234324.0,gatedgcn_vn,5,50,paper_exact_seed5,1.0810447931289673,0.6623069047927856,0.41873788833618164,0.03999999910593033,0.03452181816101074,0.005478180944919586,0.019999999552965164,0.014320611953735352,0.005679387599229813,0.029999999329447746,0.04114773869514465,0.011147739365696907,0.009999999776482582,-0.009476087987422943,0.019476087763905525
dda030bf114264b6,jacobi-2d,jacobi-2d,lv2:__PARA__L0-1.__PARA__L1-1.__PARA__L2-8.__PARA__L3-8.__PARA__L4-8.__PIPE__L0-off.__PIPE__L1-off.__PIPE__L2-off.__TILE__L0-1.__TILE__L1-88.__TILE__L2-1,target,query,query,finetune_dataset,data_783.pt,2266604.0,gatedgcn_vn,5,50,paper_exact_seed5,1.0706979036331177,1.9716830253601074,0.9009851217269897,0.03999999910593033,-0.016469717025756836,0.056469716131687164,0.009999999776482582,0.00018018484115600586,0.009819814935326576,0.029999999329447746,-0.00666586309671402,0.036665864288806915,0.019999999552965164,0.004752218723297119,0.015247780829668045
fe2717bb9b5a622a,jacobi-2d,jacobi-2d,lv2:__PARA__L0-1.__PARA__L1-2.__PARA__L2-11.__PARA__L3-8.__PARA__L4-8.__PIPE__L0-off.__PIPE__L1-off.__PIPE__L2-off.__TILE__L0-1.__TILE__L1-1.__TILE__L2-1,target,query,query,finetune_dataset,data_834.pt,4434121.0,gatedgcn_vn,5,50,paper_exact_seed5,0.5866400003433228,0.9229670763015747,0.33632707595825195,0.05000000074505806,0.027343779802322388,0.022656220942735672,0.019999999552965164,0.003977864980697632,0.016022134572267532,0.05000000074505806,0.011205114424228668,0.03879488632082939,0.009999999776482582,0.010531894862651825,0.0005318950861692429
4e45152dc9ab5382,jacobi-2d,jacobi-2d,lv2:__PARA__L0-1.__PARA__L1-1.__PARA__L2-2.__PARA__L3-88.__PARA__L4-1.__PIPE__L0-off.__PIPE__L1-off.__PIPE__L2-flatten.__TILE__L0-1.__TILE__L1-8.__TILE__L2-8,target,query,query,finetune_dataset,data_769.pt,4087681.0,gatedgcn_vn,5,50,paper_exact_seed5,0.6453227400779724,0.5860063433647156,0.059316396713256836,1.1299999952316284,0.9098184108734131,0.22018158435821533,0.49000000953674316,0.3967403769493103,0.09325963258743286,1.0199999809265137,0.7701721787452698,0.2498278021812439,0.20999999344348907,0.18575893342494965,0.02424106001853943
526c3a4bdacfa2d3,jacobi-2d,jacobi-2d,lv2:__PARA__L0-1.__PARA__L1-2.__PARA__L2-11.__PARA__L3-8.__PARA__L4-8.__PIPE__L0-off.__PIPE__L1-off.__PIPE__L2-NA.__TILE__L0-1.__TILE__L1-1.__TILE__L2-1,target,query,query,finetune_dataset,data_831.pt,4434121.0,gatedgcn_vn,5,50,paper_exact_seed5,0.5866400003433228,0.6357427835464478,0.049102783203125,0.05000000074505806,0.2042841613292694,0.15428416430950165,0.019999999552965164,0.12650707364082336,0.1065070778131485,0.05000000074505806,0.2695830464363098,0.21958304941654205,0.009999999776482582,0.02947103977203369,0.01947103999555111
7461e21be625ee2b,jacobi-2d,jacobi-2d,lv2:__PARA__L0-1.__PARA__L1-1.__PARA__L2-1.__PARA__L3-1.__PARA__L4-4.__PIPE__L0-off.__PIPE__L1-flatten.__PIPE__L2-NA.__TILE__L0-1.__TILE__L1-1.__TILE__L2-8,target,query,query,finetune_dataset,data_674.pt,3938401.0,gatedgcn_vn,5,50,paper_exact_seed5,0.6721590161323547,0.6047263741493225,0.06743264198303223,0.25,0.2539411187171936,0.0039411187171936035,0.10999999940395355,0.12232212722301483,0.01232212781906128,0.27000001072883606,0.24826934933662415,0.021730661392211914,0.25,0.26342347264289856,0.01342347264289856
b4fb7d26cdf40a85,jacobi-2d,jacobi-2d,lv2:__PARA__L0-1.__PARA__L1-1.__PARA__L2-22.__PARA__L3-8.__PARA__L4-8.__PIPE__L0-off.__PIPE__L1-off.__PIPE__L2-off.__TILE__L0-1.__TILE__L1-88.__TILE__L2-4,target,query,query,finetune_dataset,data_774.pt,2355924.0,gatedgcn_vn,5,50,paper_exact_seed5,1.0428175926208496,1.3774690628051758,0.33465147018432617,0.03999999910593033,0.00816906988620758,0.03183092921972275,0.009999999776482582,0.010867923498153687,0.0008679237216711044,0.029999999329447746,-0.007583335041999817,0.03758333623409271,0.019999999552965164,0.009780988097190857,0.010219011455774307
9b892d6f7350a914,jacobi-2d,jacobi-2d,lv2:__PARA__L0-1.__PARA__L1-4.__PARA__L2-4.__PARA__L3-8.__PARA__L4-8.__PIPE__L0-off.__PIPE__L1-NA.__PIPE__L2-off.__TILE__L0-40.__TILE__L1-1.__TILE__L2-1,target,query,query,finetune_dataset,data_903.pt,4399241.0,gatedgcn_vn,5,50,paper_exact_seed5,0.5923367142677307,0.619861900806427,0.02752518653869629,0.05000000074505806,0.009420320391654968,0.04057968035340309,0.019999999552965164,0.01955871284008026,0.00044128671288490295,0.05000000074505806,0.032089799642562866,0.017910201102495193,0.0,0.006022103130817413,0.006022103130817413
aa4bc6cfd0d2f2c0,jacobi-2d,jacobi-2d,lv2:__PARA__L0-1.__PARA__L1-1.__PARA__L2-1.__PARA__L3-1.__PARA__L4-1.__PIPE__L0-off.__PIPE__L1-flatten.__PIPE__L2-NA.__TILE__L0-1.__TILE__L1-1.__TILE__L2-8,target,query,query,finetune_dataset,data_656.pt,3937881.0,gatedgcn_vn,5,50,paper_exact_seed5,0.6722542643547058,0.607424795627594,0.06482946872711182,0.25,0.24284596741199493,0.007154032588005066,0.10999999940395355,0.1064123883843422,0.0035876110196113586,0.25999999046325684,0.23062379658222198,0.02937619388103485,0.28999999165534973,0.2573093771934509,0.032690614461898804
a2f55586e23c4af2,jacobi-2d,jacobi-2d,lv2:__PARA__L0-1.__PARA__L1-1.__PARA__L2-2.__PARA__L3-8.__PARA__L4-8.__PIPE__L0-off.__PIPE__L1-off.__PIPE__L2-NA.__TILE__L0-1.__TILE__L1-88.__TILE__L2-1,target,query,query,finetune_dataset,data_763.pt,2234324.0,gatedgcn_vn,5,50,paper_exact_seed5,1.0810447931289673,0.6630157232284546,0.4180290699005127,0.03999999910593033,0.043744757771492004,0.003744758665561676,0.019999999552965164,0.02148875594139099,0.001488756388425827,0.029999999329447746,0.043811049312353134,0.013811049982905388,0.009999999776482582,0.003749437630176544,0.006250562146306038
31777265ef1d2415,jacobi-2d,jacobi-2d,lv2:__PARA__L0-1.__PARA__L1-2.__PARA__L2-8.__PARA__L3-8.__PARA__L4-8.__PIPE__L0-off.__PIPE__L1-off.__PIPE__L2-off.__TILE__L0-40.__TILE__L1-1.__TILE__L2-1,target,query,query,finetune_dataset,data_873.pt,4414401.0,gatedgcn_vn,5,50,paper_exact_seed5,0.5898551940917969,0.6266899108886719,0.036834716796875,0.05000000074505806,-0.03639674186706543,0.08639673888683319,0.019999999552965164,-0.01651245355606079,0.036512453109025955,0.05000000074505806,-0.010191202163696289,0.06019120290875435,0.009999999776482582,-0.0003722831606864929,0.010372282937169075
44dccef1d06d09e7,jacobi-2d,jacobi-2d,lv2:__PARA__L0-1.__PARA__L1-1.__PARA__L2-1.__PARA__L3-1.__PARA__L4-1.__PIPE__L0-off.__PIPE__L1-flatten.__PIPE__L2-off.__TILE__L0-1.__TILE__L1-1.__TILE__L2-8,target,query,query,finetune_dataset,data_659.pt,3937881.0,gatedgcn_vn,5,50,paper_exact_seed5,0.6722542643547058,0.621152400970459,0.051101863384246826,0.25,0.21648254990577698,0.03351745009422302,0.10999999940395355,0.11353190243244171,0.003531903028488159,0.25999999046325684,0.1879660040140152,0.07203398644924164,0.28999999165534973,0.2546658515930176,0.03533414006233215
ed1e0b205d363f5e,jacobi-2d,jacobi-2d,lv2:__PARA__L0-1.__PARA__L1-11.__PARA__L2-2.__PARA__L3-1.__PARA__L4-1.__PIPE__L0-off.__PIPE__L1-off.__PIPE__L2-flatten.__TILE__L0-1.__TILE__L1-1.__TILE__L2-8,target,query,query,finetune_dataset,data_788.pt,4315441.0,gatedgcn_vn,5,50,paper_exact_seed5,0.6062100529670715,0.5827654004096985,0.023444652557373047,0.8700000047683716,0.8403882384300232,0.02961176633834839,0.3799999952316284,0.3910844027996063,0.011084407567977905,0.7699999809265137,0.7553131580352783,0.014686822891235352,0.03999999910593033,0.01861865073442459,0.021381348371505737
ef0195bb1522a6e1,jacobi-2d,jacobi-2d,lv2:__PARA__L0-1.__PARA__L1-1.__PARA__L2-1.__PARA__L3-2.__PARA__L4-16.__PIPE__L0-off.__PIPE__L1-off.__PIPE__L2-NA.__TILE__L0-1.__TILE__L1-1.__TILE__L2-1,target,query,query,finetune_dataset,data_691.pt,732724.0,gatedgcn_vn,5,50,paper_exact_seed5,1.8852931261062622,0.8146260976791382,1.070667028427124,0.05000000074505806,0.07294288277626038,0.022942882031202316,0.019999999552965164,-0.0020948797464370728,0.022094879299402237,0.009999999776482582,0.044795770198106766,0.034795768558979034,0.07000000029802322,0.10842366516590118,0.03842366486787796
cc7165117e2f0399,jacobi-2d,jacobi-2d,lv2:__PARA__L0-1.__PARA__L1-2.__PARA__L2-1.__PARA__L3-8.__PARA__L4-8.__PIPE__L0-off.__PIPE__L1-off.__PIPE__L2-off.__TILE__L0-40.__TILE__L1-1.__TILE__L2-1,target,query,query,finetune_dataset,data_823.pt,2234324.0,gatedgcn_vn,5,50,paper_exact_seed5,1.0810447931289673,0.7524799108505249,0.3285648822784424,0.03999999910593033,-0.017523854970932007,0.057523854076862335,0.019999999552965164,-0.011908203363418579,0.03190820291638374,0.029999999329447746,-0.02310118079185486,0.053101181983947754,0.009999999776482582,0.006314955651760101,0.0036850441247224808
783249bd6839d5eb,jacobi-2d,jacobi-2d,lv2:__PARA__L0-1.__PARA__L1-1.__PARA__L2-22.__PARA__L3-8.__PARA__L4-8.__PIPE__L0-off.__PIPE__L1-off.__PIPE__L2-NA.__TILE__L0-1.__TILE__L1-88.__TILE__L2-1,target,query,query,finetune_dataset,data_770.pt,2355924.0,gatedgcn_vn,5,50,paper_exact_seed5,1.0428175926208496,0.625449001789093,0.4173685908317566,0.03999999910593033,0.2826421856880188,0.24264219403266907,0.009999999776482582,0.158848837018013,0.14884883165359497,0.029999999329447746,0.23927371203899384,0.20927371084690094,0.019999999552965164,0.0165555402636528,0.0034444592893123627
7364bf009fc7cbb7,jacobi-2d,jacobi-2d,lv2:__PARA__L0-1.__PARA__L1-11.__PARA__L2-2.__PARA__L3-2.__PARA__L4-1.__PIPE__L0-off.__PIPE__L1-NA.__PIPE__L2-flatten.__TILE__L0-1.__TILE__L1-8.__TILE__L2-8,target,query,query,finetune_dataset,data_794.pt,4315681.0,gatedgcn_vn,5,50,paper_exact_seed5,0.6061699390411377,0.5799654722213745,0.026204466819763184,0.8700000047683716,0.8033190965652466,0.066680908203125,0.3799999952316284,0.36605265736579895,0.013947337865829468,0.7799999713897705,0.6996428966522217,0.08035707473754883,0.0,0.0041599273681640625,0.0041599273681640625
fa9d05c112689cf8,jacobi-2d,jacobi-2d,lv2:__PARA__L0-1.__PARA__L1-2.__PARA__L2-11.__PARA__L3-8.__PARA__L4-8.__PIPE__L0-off.__PIPE__L1-NA.__PIPE__L2-off.__TILE__L0-1.__TILE__L1-1.__TILE__L2-1,target,query,query,finetune_dataset,data_828.pt,4434121.0,gatedgcn_vn,5,50,paper_exact_seed5,0.5866400003433228,0.6256537437438965,0.03901374340057373,0.05000000074505806,0.08714281022548676,0.037142809480428696,0.019999999552965164,0.03476627171039581,0.014766272157430649,0.05000000074505806,0.09031274169683456,0.040312740951776505,0.009999999776482582,-0.012438647449016571,0.022438647225499153
3216d5e44ff4a411,jacobi-2d,jacobi-2d,lv2:__PARA__L0-1.__PARA__L1-2.__PARA__L2-22.__PARA__L3-8.__PARA__L4-8.__PIPE__L0-off.__PIPE__L1-off.__PIPE__L2-off.__TILE__L0-1.__TILE__L1-1.__TILE__L2-1,target,query,query,finetune_dataset,data_855.pt,4504601.0,gatedgcn_vn,5,50,paper_exact_seed5,0.5752643942832947,0.6597097516059875,0.08444535732269287,0.05000000074505806,0.0993400439620018,0.04934004321694374,0.019999999552965164,0.06094016134738922,0.04094016179442406,0.05000000074505806,0.17077328264713287,0.12077328562736511,0.009999999776482582,0.021565787494182587,0.011565787717700005
4d5b93abc2d35ad2,jacobi-2d,jacobi-2d,lv2:__PARA__L0-1.__PARA__L1-2.__PARA__L2-1.__PARA__L3-8.__PARA__L4-8.__PIPE__L0-off.__PIPE__L1-off.__PIPE__L2-NA.__TILE__L0-1.__TILE__L1-1.__TILE__L2-4,target,query,query,finetune_dataset,data_816.pt,4213281.0,gatedgcn_vn,5,50,paper_exact_seed5,0.6234920024871826,0.6577796936035156,0.03428769111633301,0.05000000074505806,0.05774682015180588,0.007746819406747818,0.019999999552965164,0.020173445343971252,0.00017344579100608826,0.05000000074505806,0.04395321011543274,0.0060467906296253204,0.0,0.05789081007242203,0.05789081007242203
96c3a9e64d5e25ff,jacobi-2d,jacobi-2d,lv2:__PARA__L0-1.__PARA__L1-22.__PARA__L2-2.__PARA__L3-11.__PARA__L4-1.__PIPE__L0-off.__PIPE__L1-NA.__PIPE__L2-flatten.__TILE__L0-1.__TILE__L1-4.__TILE__L2-8,target,query,query,finetune_dataset,data_879.pt,4385921.0,gatedgcn_vn,5,50,paper_exact_seed5,0.5945241451263428,0.5794901847839355,0.015033960342407227,0.8999999761581421,0.9445330500602722,0.04453307390213013,0.4000000059604645,0.42786723375320435,0.027867227792739868,0.800000011920929,0.7659174203872681,0.03408259153366089,0.03999999910593033,0.03213275969028473,0.0078672394156456
d3b2cff71cb6b3f4,jacobi-2d,jacobi-2d,lv2:__PARA__L0-1.__PARA__L1-2.__PARA__L2-22.__PARA__L3-8.__PARA__L4-8.__PIPE__L0-off.__PIPE__L1-NA.__PIPE__L2-NA.__TILE__L0-40.__TILE__L1-1.__TILE__L2-1,target,query,query,finetune_dataset,data_848.pt,4504601.0,gatedgcn_vn,5,50,paper_exact_seed5,0.5752643942832947,0.5873486995697021,0.01208430528640747,0.05000000074505806,0.3453052043914795,0.29530519247055054,0.019999999552965164,0.10322576761245728,0.08322577178478241,0.05000000074505806,0.2818370461463928,0.23183704912662506,0.009999999776482582,0.01854066550731659,0.008540665730834007
5f0886c92e87a8b7,jacobi-2d,jacobi-2d,lv2:__PARA__L0-1.__PARA__L1-1.__PARA__L2-2.__PARA__L3-4.__PARA__L4-1.__PIPE__L0-off.__PIPE__L1-off.__PIPE__L2-flatten.__TILE__L0-1.__TILE__L1-8.__TILE__L2-8,target,query,query,finetune_dataset,data_759.pt,4087761.0,gatedgcn_vn,5,50,paper_exact_seed5,0.6453086137771606,0.5816908478736877,0.0636177659034729,0.8700000047683716,0.7492756247520447,0.1207243800163269,0.38999998569488525,0.3462849259376526,0.043715059757232666,0.7799999713897705,0.6576404571533203,0.1223595142364502,0.0,0.02753046154975891,0.02753046154975891
325879767ea9ec0f,jacobi-2d,jacobi-2d,lv2:__PARA__L0-1.__PARA__L1-1.__PARA__L2-2.__PARA__L3-32.__PARA__L4-1.__PIPE__L0-off.__PIPE__L1-NA.__PIPE__L2-flatten.__TILE__L0-1.__TILE__L1-8.__TILE__L2-8,target,query,query,finetune_dataset,data_754.pt,5668321.0,gatedgcn_vn,5,50,paper_exact_seed5,0.409503310918808,0.5787776112556458,0.16927430033683777,0.949999988079071,0.8007245659828186,0.14927542209625244,0.4300000071525574,0.37406668066978455,0.05593332648277283,0.8500000238418579,0.6818673610687256,0.16813266277313232,0.11999999731779099,0.11287685483694077,0.00712314248085022
70b23e1418b25f9a,jacobi-2d,jacobi-2d,lv2:__PARA__L0-1.__PARA__L1-1.__PARA__L2-8.__PARA__L3-8.__PARA__L4-8.__PIPE__L0-off.__PIPE__L1-off.__PIPE__L2-off.__TILE__L0-40.__TILE__L1-1.__TILE__L2-1,target,query,query,finetune_dataset,data_784.pt,2266604.0,gatedgcn_vn,5,50,paper_exact_seed5,1.0706979036331177,0.6835842132568359,0.38711369037628174,0.03999999910593033,-0.031938135623931885,0.07193813472986221,0.009999999776482582,-0.017158299684524536,0.027158299461007118,0.029999999329447746,-0.01789821684360504,0.04789821803569794,0.019999999552965164,0.0072958096861839294,0.012704189866781235
8a2ebf18dd65c202,jacobi-2d,jacobi-2d,lv2:__PARA__L0-1.__PARA__L1-2.__PARA__L2-22.__PARA__L3-8.__PARA__L4-8.__PIPE__L0-off.__PIPE__L1-NA.__PIPE__L2-NA.__TILE__L0-1.__TILE__L1-1.__TILE__L2-4,target,query,query,finetune_dataset,data_847.pt,4504601.0,gatedgcn_vn,5,50,paper_exact_seed5,0.5752643942832947,0.5920091867446899,0.016744792461395264,0.05000000074505806,0.6070366501808167,0.5570366382598877,0.019999999552965164,0.22284150123596191,0.20284150540828705,0.05000000074505806,0.5056348443031311,0.45563483238220215,0.009999999776482582,0.01917543262243271,0.009175432845950127
c9ac54eac1913a6b,jacobi-2d,jacobi-2d,lv2:__PARA__L0-1.__PARA__L1-2.__PARA__L2-1.__PARA__L3-8.__PARA__L4-8.__PIPE__L0-off.__PIPE__L1-off.__PIPE__L2-off.__TILE__L0-1.__TILE__L1-1.__TILE__L2-8,target,query,query,finetune_dataset,data_821.pt,4206441.0,gatedgcn_vn,5,50,paper_exact_seed5,0.6246640086174011,0.7848941087722778,0.1602301001548767,0.05000000074505806,-0.0013241767883300781,0.05132417753338814,0.019999999552965164,-0.00872853398323059,0.028728533536195755,0.05000000074505806,0.011625416576862335,0.038374584168195724,0.0,-0.005827330052852631,0.005827330052852631
21399e160a46d421,jacobi-2d,jacobi-2d,lv2:__PARA__L0-1.__PARA__L1-1.__PARA__L2-2.__PARA__L3-11.__PARA__L4-1.__PIPE__L0-off.__PIPE__L1-off.__PIPE__L2-flatten.__TILE__L0-1.__TILE__L1-8.__TILE__L2-8,target,query,query,finetune_dataset,data_744.pt,4088281.0,gatedgcn_vn,5,50,paper_exact_seed5,0.6452168822288513,0.5818895101547241,0.0633273720741272,0.8999999761581421,0.8203403353691101,0.07965964078903198,0.4000000059604645,0.3735545575618744,0.026445448398590088,0.800000011920929,0.7073367834091187,0.0926632285118103,0.03999999910593033,0.025172196328639984,0.014827802777290344
4637e626d89ad040,jacobi-2d,jacobi-2d,lv2:__PARA__L0-1.__PARA__L1-1.__PARA__L2-1.__PARA__L3-1.__PARA__L4-1.__PIPE__L0-off.__PIPE__L1-off.__PIPE__L2-flatten.__TILE__L0-1.__TILE__L1-1.__TILE__L2-4,target,query,query,finetune_dataset,data_661.pt,4250601.0,gatedgcn_vn,5,50,paper_exact_seed5,0.6171306371688843,0.6157914400100708,0.0013391971588134766,0.2800000011920929,0.24378754198551178,0.036212459206581116,0.2199999988079071,0.1343277096748352,0.0856722891330719,0.18000000715255737,0.26279473304748535,0.08279472589492798,0.25,0.2590050995349884,0.009005099534988403
a81f2c933c1c2aee,jacobi-2d,jacobi-2d,lv2:__PARA__L0-1.__PARA__L1-2.__PARA__L2-1.__PARA__L3-8.__PARA__L4-8.__PIPE__L0-off.__PIPE__L1-NA.__PIPE__L2-off.__TILE__L0-1.__TILE__L1-1.__TILE__L2-8,target,query,query,finetune_dataset,data_812.pt,4206441.0,gatedgcn_vn,5,50,paper_exact_seed5,0.6246640086174011,0.6436525583267212,0.01898854970932007,0.05000000074505806,0.044351011514663696,0.005648989230394363,0.019999999552965164,0.017768919467926025,0.002231080085039139,0.05000000074505806,0.05121992528438568,0.0012199245393276215,0.0,-0.014268733561038971,0.014268733561038971
1f77c91f5f9ac5f6,jacobi-2d,jacobi-2d,lv2:__PARA__L0-1.__PARA__L1-1.__PARA__L2-2.__PARA__L3-22.__PARA__L4-1.__PIPE__L0-off.__PIPE__L1-off.__PIPE__L2-flatten.__TILE__L0-1.__TILE__L1-8.__TILE__L2-8,target,query,query,finetune_dataset,data_753.pt,4087161.0,gatedgcn_vn,5,50,paper_exact_seed5,0.6454145312309265,0.5832818746566772,0.06213265657424927,0.9399999976158142,0.7791414856910706,0.16085851192474365,0.41999998688697815,0.3479706346988678,0.07202935218811035,0.8299999833106995,0.657975435256958,0.17202454805374146,0.05999999865889549,0.050890445709228516,0.009109552949666977
df1b09724bac7aa0,jacobi-2d,jacobi-2d,lv2:__PARA__L0-1.__PARA__L1-2.__PARA__L2-1.__PARA__L3-8.__PARA__L4-8.__PIPE__L0-off.__PIPE__L1-NA.__PIPE__L2-off.__TILE__L0-40.__TILE__L1-1.__TILE__L2-1,target,query,query,finetune_dataset,data_814.pt,2234324.0,gatedgcn_vn,5,50,paper_exact_seed5,1.0810447931289673,0.6389155387878418,0.4421292543411255,0.03999999910593033,0.020436078310012817,0.01956392079591751,0.019999999552965164,0.0037861615419387817,0.016213838011026382,0.029999999329447746,0.012295745313167572,0.017704254016280174,0.009999999776482582,-0.0059466734528541565,0.01594667322933674
4dc43ab556929ebc,jacobi-2d,jacobi-2d,lv2:__PARA__L0-1.__PARA__L1-1.__PARA__L2-1.__PARA__L3-8.__PARA__L4-8.__PIPE__L0-off.__PIPE__L1-off.__PIPE__L2-NA.__TILE__L0-1.__TILE__L1-88.__TILE__L2-8,target,query,query,finetune_dataset,data_721.pt,3973841.0,gatedgcn_vn,5,50,paper_exact_seed5,0.6656969785690308,0.7362891435623169,0.07059216499328613,0.05000000074505806,0.0330841988325119,0.016915801912546158,0.019999999552965164,0.012086153030395508,0.007913846522569656,0.05000000074505806,0.022267818450927734,0.027732182294130325,0.0,0.006716690957546234,0.006716690957546234
418f7638dcb91743,jacobi-2d,jacobi-2d,lv2:__PARA__L0-1.__PARA__L1-1.__PARA__L2-2.__PARA__L3-2.__PARA__L4-1.__PIPE__L0-off.__PIPE__L1-off.__PIPE__L2-flatten.__TILE__L0-1.__TILE__L1-8.__TILE__L2-8,target,query,query,finetune_dataset,data_750.pt,4088281.0,gatedgcn_vn,5,50,paper_exact_seed5,0.6452168822288513,0.5863751769065857,0.058841705322265625,0.8700000047683716,0.7192842960357666,0.15071570873260498,0.3799999952316284,0.3281923830509186,0.05180761218070984,0.7799999713897705,0.6222831606864929,0.1577168107032776,0.0,0.050537072122097015,0.050537072122097015
06b4e10354d508a4,jacobi-2d,jacobi-2d,lv2:__PARA__L0-1.__PARA__L1-2.__PARA__L2-1.__PARA__L3-8.__PARA__L4-8.__PIPE__L0-off.__PIPE__L1-off.__PIPE__L2-off.__TILE__L0-1.__TILE__L1-1.__TILE__L2-88,target,query,query,finetune_dataset,data_822.pt,2234324.0,gatedgcn_vn,5,50,paper_exact_seed5,1.0810447931289673,1.2213630676269531,0.14031827449798584,0.03999999910593033,-0.01627354323863983,0.05627354234457016,0.019999999552965164,-0.01346731185913086,0.033467311412096024,0.029999999329447746,0.0057332515716552734,0.024266747757792473,0.009999999776482582,0.0031226128339767456,0.0068773869425058365
91db491a7d7940c7,jacobi-2d,jacobi-2d,lv2:__PARA__L0-1.__PARA__L1-1.__PARA__L2-2.__PARA__L3-32.__PARA__L4-1.__PIPE__L0-off.__PIPE__L1-off.__PIPE__L2-flatten.__TILE__L0-1.__TILE__L1-1.__TILE__L2-8,target,query,query,finetune_dataset,data_755.pt,5748921.0,gatedgcn_vn,5,50,paper_exact_seed5,0.3993184566497803,0.5830882787704468,0.1837698221206665,0.8799999952316284,0.8316659331321716,0.04833406209945679,0.4000000059604645,0.39135757088661194,0.008642435073852539,0.7699999809265137,0.7207149267196655,0.049285054206848145,0.12999999523162842,0.10376615822315216,0.026233837008476257
0b98e4b7ddc0e9e1,jacobi-2d,jacobi-2d,lv2:__PARA__L0-1.__PARA__L1-11.__PARA__L2-2.__PARA__L3-16.__PARA__L4-1.__PIPE__L0-off.__PIPE__L1-off.__PIPE__L2-flatten.__TILE__L0-1.__TILE__L1-8.__TILE__L2-8,target,query,query,finetune_dataset,data_793.pt,5897561.0,gatedgcn_vn,5,50,paper_exact_seed5,0.38090482354164124,0.5756824016571045,0.19477757811546326,0.8999999761581421,0.9275924563407898,0.027592480182647705,0.4000000059604645,0.43632665276527405,0.03632664680480957,0.8100000023841858,0.8161661028862,0.00616610050201416,0.029999999329447746,0.03668462485074997,0.006684625521302223
47b0fea63d24ba64,jacobi-2d,jacobi-2d,lv2:__PARA__L0-1.__PARA__L1-1.__PARA__L2-1.__PARA__L3-8.__PARA__L4-8.__PIPE__L0-off.__PIPE__L1-off.__PIPE__L2-off.__TILE__L0-1.__TILE__L1-88.__TILE__L2-8,target,query,query,finetune_dataset,data_726.pt,3973841.0,gatedgcn_vn,5,50,paper_exact_seed5,0.6656969785690308,1.3900474309921265,0.7243504524230957,0.05000000074505806,-0.005654722452163696,0.055654723197221756,0.019999999552965164,-0.009265005588531494,0.02926500514149666,0.05000000074505806,-6.172060966491699e-05,0.05006172135472298,0.0,0.005662262439727783,0.005662262439727783
95c506e82fde4a62,jacobi-2d,jacobi-2d,lv2:__PARA__L0-1.__PARA__L1-1.__PARA__L2-8.__PARA__L3-8.__PARA__L4-8.__PIPE__L0-off.__PIPE__L1-off.__PIPE__L2-NA.__TILE__L0-40.__TILE__L1-1.__TILE__L2-1,target,query,query,finetune_dataset,data_782.pt,2266604.0,gatedgcn_vn,5,50,paper_exact_seed5,1.0706979036331177,0.6349470615386963,0.4357508420944214,0.03999999910593033,0.012918412685394287,0.02708158642053604,0.009999999776482582,0.004736840724945068,0.005263159051537514,0.029999999329447746,-0.011653125286102295,0.04165312647819519,0.019999999552965164,0.014986462891101837,0.005013536661863327
b9937ac9cd905954,jacobi-2d,jacobi-2d,lv2:__PARA__L0-1.__PARA__L1-2.__PARA__L2-1.__PARA__L3-1.__PARA__L4-4.__PIPE__L0-off.__PIPE__L1-flatten.__PIPE__L2-NA.__TILE__L0-1.__TILE__L1-1.__TILE__L2-8,target,query,query,finetune_dataset,data_804.pt,3936601.0,gatedgcn_vn,5,50,paper_exact_seed5,0.672488808631897,0.587428092956543,0.085060715675354,0.5600000023841858,0.5160574913024902,0.04394251108169556,0.25,0.23609057068824768,0.01390942931175232,0.5199999809265137,0.4755447506904602,0.04445523023605347,0.0,0.1645687371492386,0.1645687371492386
053991bbd59f5501,jacobi-2d,jacobi-2d,lv2:__PARA__L0-1.__PARA__L1-1.__PARA__L2-1.__PARA__L3-8.__PARA__L4-11.__PIPE__L0-off.__PIPE__L1-off.__PIPE__L2-off.__TILE__L0-1.__TILE__L1-1.__TILE__L2-1,target,query,query,finetune_dataset,data_711.pt,206364.0,gatedgcn_vn,5,50,paper_exact_seed5,2.7993323802948,1.915947437286377,0.8833849430084229,0.03999999910593033,0.05438409000635147,0.014384090900421143,0.009999999776482582,-0.001795738935470581,0.011795738711953163,0.009999999776482582,0.020523130893707275,0.010523131117224693,0.029999999329447746,0.00644480437040329,0.023555194959044456
ac5cf5acda484bde,jacobi-2d,jacobi-2d,lv2:__PARA__L0-1.__PARA__L1-11.__PARA__L2-2.__PARA__L3-32.__PARA__L4-1.__PIPE__L0-off.__PIPE__L1-NA.__PIPE__L2-flatten.__TILE__L0-1.__TILE__L1-8.__TILE__L2-8,target,query,query,finetune_dataset,data_798.pt,5897321.0,gatedgcn_vn,5,50,paper_exact_seed5,0.3809341788291931,0.5800219178199768,0.1990877389907837,0.949999988079071,0.9074305891990662,0.04256939888000488,0.41999998688697815,0.4094928801059723,0.01050710678100586,0.8600000143051147,0.7716456055641174,0.08835440874099731,0.10000000149011612,0.09218013286590576,0.007819868624210358
bcd3eb3c77a3cb42,jacobi-2d,jacobi-2d,lv2:__PARA__L0-1.__PARA__L1-1.__PARA__L2-1.__PARA__L3-8.__PARA__L4-8.__PIPE__L0-off.__PIPE__L1-off.__PIPE__L2-NA.__TILE__L0-1.__TILE__L1-88.__TILE__L2-4,target,query,query,finetune_dataset,data_720.pt,3980681.0,gatedgcn_vn,5,50,paper_exact_seed5,0.6644564270973206,0.797554612159729,0.13309818506240845,0.05000000074505806,0.04232992231845856,0.0076700784265995026,0.019999999552965164,0.01107877492904663,0.008921224623918533,0.05000000074505806,0.03378346562385559,0.01621653512120247,0.0,0.017617277801036835,0.017617277801036835
ee25e4e2ed66fc53,jacobi-2d,jacobi-2d,lv2:__PARA__L0-1.__PARA__L1-1.__PARA__L2-1.__PARA__L3-8.__PARA__L4-32.__PIPE__L0-off.__PIPE__L1-off.__PIPE__L2-off.__TILE__L0-1.__TILE__L1-1.__TILE__L2-1,target,query,query,finetune_dataset,data_717.pt,2370124.0,gatedgcn_vn,5,50,paper_exact_seed5,1.0384827852249146,0.8095848560333252,0.22889792919158936,0.11999999731779099,0.09464023262262344,0.02535976469516754,0.029999999329447746,0.018855392932891846,0.0111446063965559,0.029999999329447746,0.04162381589412689,0.011623816564679146,0.05000000074505806,0.013337723910808563,0.036662276834249496
c47c75864cb27766,jacobi-2d,jacobi-2d,lv2:__PARA__L0-1.__PARA__L1-1.__PARA__L2-2.__PARA__L3-8.__PARA__L4-1.__PIPE__L0-off.__PIPE__L1-NA.__PIPE__L2-flatten.__TILE__L0-1.__TILE__L1-8.__TILE__L2-8,target,query,query,finetune_dataset,data_760.pt,4087761.0,gatedgcn_vn,5,50,paper_exact_seed5,0.6453086137771606,0.5776646733283997,0.06764394044876099,0.8899999856948853,0.7931749224662781,0.09682506322860718,0.38999998569488525,0.3674424886703491,0.022557497024536133,0.7900000214576721,0.6964825391769409,0.0935174822807312,0.0,0.037667661905288696,0.037667661905288696
00f38308256f3bcc,jacobi-2d,jacobi-2d,lv2:__PARA__L0-1.__PARA__L1-1.__PARA__L2-2.__PARA__L3-1.__PARA__L4-1.__PIPE__L0-off.__PIPE__L1-off.__PIPE__L2-flatten.__TILE__L0-1.__TILE__L1-2.__TILE__L2-8,target,query,query,finetune_dataset,data_738.pt,4149361.0,gatedgcn_vn,5,50,paper_exact_seed5,0.6345194578170776,0.5868521928787231,0.04766726493835449,0.6499999761581421,0.7602522373199463,0.1102522611618042,0.30000001192092896,0.34966009855270386,0.0496600866317749,0.6200000047683716,0.6671299934387207,0.04712998867034912,0.03999999910593033,0.05832010507583618,0.018320105969905853
11d231817135b986,jacobi-2d,jacobi-2d,lv2:__PARA__L0-1.__PARA__L1-1.__PARA__L2-1.__PARA__L3-11.__PARA__L4-11.__PIPE__L0-off.__PIPE__L1-off.__PIPE__L2-off.__TILE__L0-1.__TILE__L1-1.__TILE__L2-1,target,query,query,finetune_dataset,data_681.pt,174564.0,gatedgcn_vn,5,50,paper_exact_seed5,2.9200501441955566,1.72550368309021,1.1945464611053467,0.05999999865889549,0.059328123927116394,0.0006718747317790985,0.009999999776482582,0.0013242363929748535,0.008675763383507729,0.009999999776482582,0.020740486681461334,0.010740486904978752,0.03999999910593033,0.011907652020454407,0.02809234708547592
e6344a3116b3c498,jacobi-2d,jacobi-2d,lv2:__PARA__L0-1.__PARA__L1-11.__PARA__L2-2.__PARA__L3-8.__PARA__L4-1.__PIPE__L0-off.__PIPE__L1-NA.__PIPE__L2-flatten.__TILE__L0-1.__TILE__L1-8.__TILE__L2-8,target,query,query,finetune_dataset,data_802.pt,4315441.0,gatedgcn_vn,5,50,paper_exact_seed5,0.6062100529670715,0.5780787467956543,0.028131306171417236,0.8799999952316284,0.9432245492935181,0.06322455406188965,0.38999998569488525,0.4178856909275055,0.02788570523262024,0.7900000214576721,0.8008308410644531,0.010830819606781006,0.009999999776482582,0.012009374797344208,0.0020093750208616257
ef94c8dd19f71d10,jacobi-2d,jacobi-2d,lv2:__PARA__L0-1.__PARA__L1-4.__PARA__L2-11.__PARA__L3-8.__PARA__L4-8.__PIPE__L0-off.__PIPE__L1-NA.__PIPE__L2-off.__TILE__L0-1.__TILE__L1-1.__TILE__L2-1,target,query,query,finetune_dataset,data_893.pt,4442681.0,gatedgcn_vn,5,50,paper_exact_seed5,0.5852487683296204,0.620803952217102,0.03555518388748169,0.05000000074505806,0.1609930545091629,0.11099305748939514,0.019999999552965164,0.082333043217659,0.06233304366469383,0.05000000074505806,0.17057105898857117,0.1205710619688034,0.009999999776482582,0.02975565940141678,0.019755659624934196
935aa4b826c821b2,jacobi-2d,jacobi-2d,lv2:__PARA__L0-1.__PARA__L1-2.__PARA__L2-11.__PARA__L3-8.__PARA__L4-8.__PIPE__L0-off.__PIPE__L1-off.__PIPE__L2-off.__TILE__L0-40.__TILE__L1-1.__TILE__L2-1,target,query,query,finetune_dataset,data_836.pt,4434121.0,gatedgcn_vn,5,50,paper_exact_seed5,0.5866400003433228,0.6123191118240356,0.02567911148071289,0.05000000074505806,-0.0321793407201767,0.08217933773994446,0.019999999552965164,-0.017848104238510132,0.037848103791475296,0.05000000074505806,0.0025866255164146423,0.04741337522864342,0.009999999776482582,-0.0013234838843345642,0.011323483660817146
56c9d9d6a71bf7c1,jacobi-2d,jacobi-2d,lv2:__PARA__L0-1.__PARA__L1-8.__PARA__L2-2.__PARA__L3-1.__PARA__L4-1.__PIPE__L0-off.__PIPE__L1-off.__PIPE__L2-flatten.__TILE__L0-1.__TILE__L1-1.__TILE__L2-8,target,query,query,finetune_dataset,data_911.pt,4295721.0,gatedgcn_vn,5,50,paper_exact_seed5,0.6095138788223267,0.5829300284385681,0.026583850383758545,0.8700000047683716,0.8394970297813416,0.03050297498703003,0.3799999952316284,0.3923099935054779,0.012309998273849487,0.7699999809265137,0.7570242881774902,0.012975692749023438,0.03999999910593033,0.021970830857753754,0.018029168248176575
5214d99fdeb11110,jacobi-2d,jacobi-2d,lv2:__PARA__L0-1.__PARA__L1-4.__PARA__L2-4.__PARA__L3-8.__PARA__L4-8.__PIPE__L0-off.__PIPE__L1-NA.__PIPE__L2-off.__TILE__L0-1.__TILE__L1-1.__TILE__L2-1,target,query,query,finetune_dataset,data_902.pt,4399241.0,gatedgcn_vn,5,50,paper_exact_seed5,0.5923367142677307,0.6153104901313782,0.02297377586364746,0.05000000074505806,0.2016802728176117,0.15168027579784393,0.019999999552965164,0.09713643789291382,0.07713644206523895,0.05000000074505806,0.20387722551822662,0.15387722849845886,0.0,0.025243759155273438,0.025243759155273438
c096811fe975a754,jacobi-2d,jacobi-2d,lv2:__PARA__L0-1.__PARA__L1-1.__PARA__L2-2.__PARA__L3-8.__PARA__L4-1.__PIPE__L0-off.__PIPE__L1-off.__PIPE__L2-flatten.__TILE__L0-1.__TILE__L1-8.__TILE__L2-8,target,query,query,finetune_dataset,data_762.pt,4087761.0,gatedgcn_vn,5,50,paper_exact_seed5,0.6453086137771606,0.5821381211280823,0.06317049264907837,0.8899999856948853,0.8271755576133728,0.06282442808151245,0.38999998569488525,0.3776863217353821,0.012313663959503174,0.7900000214576721,0.7205873727798462,0.06941264867782593,0.0,0.025849737226963043,0.025849737226963043
5a0b2bc64691d41e,jacobi-2d,jacobi-2d,lv2:__PARA__L0-1.__PARA__L1-11.__PARA__L2-2.__PARA__L3-11.__PARA__L4-1.__PIPE__L0-off.__PIPE__L1-NA.__PIPE__L2-flatten.__TILE__L0-1.__TILE__L1-8.__TILE__L2-8,target,query,query,finetune_dataset,data_790.pt,4315441.0,gatedgcn_vn,5,50,paper_exact_seed5,0.6062100529670715,0.5777435898780823,0.028466463088989258,0.8999999761581421,0.9365435242652893,0.03654354810714722,0.4000000059604645,0.41732868552207947,0.01732867956161499,0.800000011920929,0.7938570976257324,0.006142914295196533,0.03999999910593033,0.01756911724805832,0.02243088185787201
22ec0ba283f993c7,jacobi-2d,jacobi-2d,lv2:__PARA__L0-1.__PARA__L1-1.__PARA__L2-1.__PARA__L3-4.__PARA__L4-22.__PIPE__L0-off.__PIPE__L1-off.__PIPE__L2-off.__TILE__L0-1.__TILE__L1-1.__TILE__L2-1,target,query,query,finetune_dataset,data_705.pt,280324.0,gatedgcn_vn,5,50,paper_exact_seed5,2.5783803462982178,1.6151182651519775,0.9632620811462402,0.07000000029802322,0.03217785060405731,0.03782214969396591,0.019999999552965164,6.747245788574219e-05,0.019932527095079422,0.019999999552965164,0.00013122707605361938,0.019868772476911545,0.05000000074505806,0.013014711439609528,0.03698528930544853
e0672c2d77aa4712,jacobi-2d,jacobi-2d,lv2:__PARA__L0-1.__PARA__L1-4.__PARA__L2-2.__PARA__L3-8.__PARA__L4-8.__PIPE__L0-off.__PIPE__L1-NA.__PIPE__L2-off.__TILE__L0-1.__TILE__L1-1.__TILE__L2-1,target,query,query,finetune_dataset,data_897.pt,4390681.0,gatedgcn_vn,5,50,paper_exact_seed5,0.5937417149543762,0.6227816343307495,0.02903991937637329,0.05000000074505806,0.09365519881248474,0.04365519806742668,0.019999999552965164,0.05148151516914368,0.03148151561617851,0.05000000074505806,0.11222366988658905,0.06222366914153099,0.0,0.013507179915904999,0.013507179915904999
536c145b4b592f58,jacobi-2d,jacobi-2d,lv2:__PARA__L0-1.__PARA__L1-1.__PARA__L2-8.__PARA__L3-8.__PARA__L4-8.__PIPE__L0-off.__PIPE__L1-off.__PIPE__L2-NA.__TILE__L0-1.__TILE__L1-88.__TILE__L2-1,target,query,query,finetune_dataset,data_781.pt,2266604.0,gatedgcn_vn,5,50,paper_exact_seed5,1.0706979036331177,1.1954970359802246,0.12479913234710693,0.03999999910593033,0.04050244390964508,0.0005024448037147522,0.009999999776482582,0.03363499045372009,0.02363499067723751,0.029999999329447746,0.011861756443977356,0.01813824288547039,0.019999999552965164,0.019401438534259796,0.000598561018705368
33a477d84c262dc2,jacobi-2d,jacobi-2d,lv2:__PARA__L0-1.__PARA__L1-2.__PARA__L2-8.__PARA__L3-8.__PARA__L4-8.__PIPE__L0-off.__PIPE__L1-NA.__PIPE__L2-NA.__TILE__L0-1.__TILE__L1-1.__TILE__L2-1,target,query,query,finetune_dataset,data_866.pt,4414401.0,gatedgcn_vn,5,50,paper_exact_seed5,0.5898551940917969,0.6096946597099304,0.019839465618133545,0.05000000074505806,0.1646905243396759,0.11469052731990814,0.019999999552965164,0.05252966284751892,0.03252966329455376,0.05000000074505806,0.12245433777570724,0.07245433330535889,0.009999999776482582,-0.00035512447357177734,0.01035512425005436
3c2f528b154993a7,jacobi-2d,jacobi-2d,lv2:__PARA__L0-1.__PARA__L1-11.__PARA__L2-2.__PARA__L3-1.__PARA__L4-1.__PIPE__L0-off.__PIPE__L1-NA.__PIPE__L2-flatten.__TILE__L0-1.__TILE__L1-8.__TILE__L2-8,target,query,query,finetune_dataset,data_787.pt,4315161.0,gatedgcn_vn,5,50,paper_exact_seed5,0.6062568426132202,0.5836897492408752,0.02256709337234497,0.6499999761581421,0.8565210700035095,0.20652109384536743,0.30000001192092896,0.3875553607940674,0.08755534887313843,0.6200000047683716,0.7384569644927979,0.11845695972442627,0.03999999910593033,0.01524103432893753,0.024758964776992798
f728e9e6039d3dc4,jacobi-2d,jacobi-2d,lv2:__PARA__L0-1.__PARA__L1-1.__PARA__L2-1.__PARA__L3-4.__PARA__L4-16.__PIPE__L0-off.__PIPE__L1-off.__PIPE__L2-off.__TILE__L0-1.__TILE__L1-1.__TILE__L2-1,target,query,query,finetune_dataset,data_703.pt,564244.0,gatedgcn_vn,5,50,paper_exact_seed5,2.0737686157226562,1.7618528604507446,0.3119157552719116,0.03999999910593033,0.02774783968925476,0.012252159416675568,0.009999999776482582,0.0020655393600463867,0.007934460416436195,0.009999999776482582,0.004017196595668793,0.005982803180813789,0.029999999329447746,0.014869235455989838,0.015130763873457909
ca89cb920af95063,jacobi-2d,jacobi-2d,lv2:__PARA__L0-1.__PARA__L1-1.__PARA__L2-2.__PARA__L3-2.__PARA__L4-1.__PIPE__L0-off.__PIPE__L1-NA.__PIPE__L2-flatten.__TILE__L0-1.__TILE__L1-8.__TILE__L2-8,target,query,query,finetune_dataset,data_748.pt,4088281.0,gatedgcn_vn,5,50,paper_exact_seed5,0.6452168822288513,0.5802632570266724,0.06495362520217896,0.8700000047683716,0.7083237767219543,0.16167622804641724,0.3799999952316284,0.32130858302116394,0.05869141221046448,0.7799999713897705,0.6288802623748779,0.15111970901489258,0.0,0.048182353377342224,0.048182353377342224
3258eff57f70b64a,jacobi-2d,jacobi-2d,lv2:__PARA__L0-1.__PARA__L1-4.__PARA__L2-8.__PARA__L3-8.__PARA__L4-8.__PIPE__L0-off.__PIPE__L1-NA.__PIPE__L2-NA.__TILE__L0-1.__TILE__L1-1.__TILE__L2-1,target,query,query,finetune_dataset,data_904.pt,4422961.0,gatedgcn_vn,5,50,paper_exact_seed5,0.5884577631950378,0.6048950552940369,0.016437292098999023,0.05000000074505806,0.3483852744102478,0.29838526248931885,0.019999999552965164,0.1566617786884308,0.13666178286075592,0.05000000074505806,0.3454331159591675,0.2954331040382385,0.009999999776482582,0.03124348819255829,0.021243488416075706
abaaf405e8d7c365,jacobi-2d,jacobi-2d,lv2:__PARA__L0-1.__PARA__L1-1.__PARA__L2-1.__PARA__L3-8.__PARA__L4-8.__PIPE__L0-off.__PIPE__L1-off.__PIPE__L2-off.__TILE__L0-40.__TILE__L1-1.__TILE__L2-1,target,query,query,finetune_dataset,data_728.pt,238164.0,gatedgcn_vn,5,50,paper_exact_seed5,2.695950508117676,0.9323736429214478,1.763576865196228,0.029999999329447746,0.0038464516401290894,0.026153547689318657,0.009999999776482582,-0.008088216185569763,0.018088215962052345,0.0,-0.011012107133865356,0.011012107133865356,0.019999999552965164,0.005523189902305603,0.014476809650659561
c094d3f4aa35b172,jacobi-2d,jacobi-2d,lv2:__PARA__L0-1.__PARA__L1-2.__PARA__L2-22.__PARA__L3-8.__PARA__L4-8.__PIPE__L0-off.__PIPE__L1-off.__PIPE__L2-NA.__TILE__L0-1.__TILE__L1-1.__TILE__L2-1,target,query,query,finetune_dataset,data_852.pt,4504601.0,gatedgcn_vn,5,50,paper_exact_seed5,0.5752643942832947,0.5909817218780518,0.01571732759475708,0.05000000074505806,1.026934266090393,0.9769342541694641,0.019999999552965164,0.4334356486797333,0.4134356379508972,0.05000000074505806,1.348531723022461,1.2985317707061768,0.009999999776482582,0.01943431794643402,0.009434318169951439
c60e27770f3ce92d,jacobi-2d,jacobi-2d,lv2:__PARA__L0-1.__PARA__L1-1.__PARA__L2-2.__PARA__L3-2.__PARA__L4-1.__PIPE__L0-off.__PIPE__L1-off.__PIPE__L2-flatten.__TILE__L0-1.__TILE__L1-1.__TILE__L2-8,target,query,query,finetune_dataset,data_749.pt,4146841.0,gatedgcn_vn,5,50,paper_exact_seed5,0.6349576711654663,0.5854666233062744,0.049491047859191895,0.8700000047683716,0.7466203570365906,0.123379647731781,0.3799999952316284,0.3516077399253845,0.028392255306243896,0.7699999809265137,0.6627132892608643,0.10728669166564941,0.0,0.05102495104074478,0.05102495104074478
0d657aedc09afe78,jacobi-2d,jacobi-2d,lv2:__PARA__L0-1.__PARA__L1-1.__PARA__L2-2.__PARA__L3-4.__PARA__L4-1.__PIPE__L0-off.__PIPE__L1-NA.__PIPE__L2-flatten.__TILE__L0-1.__TILE__L1-8.__TILE__L2-8,target,query,query,finetune_dataset,data_757.pt,4087761.0,gatedgcn_vn,5,50,paper_exact_seed5,0.6453086137771606,0.5755115747451782,0.06979703903198242,0.8700000047683716,0.733487069606781,0.13651293516159058,0.38999998569488525,0.33750516176223755,0.052494823932647705,0.7799999713897705,0.6428418159484863,0.13715815544128418,0.0,0.036491140723228455,0.036491140723228455
d978b50fb6a3650e,jacobi-2d,jacobi-2d,lv2:__PARA__L0-1.__PARA__L1-1.__PARA__L2-11.__PARA__L3-8.__PARA__L4-8.__PIPE__L0-off.__PIPE__L1-off.__PIPE__L2-off.__TILE__L0-1.__TILE__L1-88.__TILE__L2-1,target,query,query,finetune_dataset,data_733.pt,2285444.0,gatedgcn_vn,5,50,paper_exact_seed5,1.0647268295288086,1.8978629112243652,0.8331360816955566,0.03999999910593033,-0.013589024543762207,0.053589023649692535,0.009999999776482582,8.487701416015625e-05,0.009915122762322426,0.029999999329447746,-0.006821349263191223,0.03682135045528412,0.019999999552965164,0.005372755229473114,0.01462724432349205
e05942ec253636bc,jacobi-2d,jacobi-2d,lv2:__PARA__L0-1.__PARA__L1-2.__PARA__L2-22.__PARA__L3-8.__PARA__L4-8.__PIPE__L0-off.__PIPE__L1-off.__PIPE__L2-NA.__TILE__L0-1.__TILE__L1-1.__TILE__L2-4,target,query,query,finetune_dataset,data_853.pt,4504601.0,gatedgcn_vn,5,50,paper_exact_seed5,0.5752643942832947,0.5938012599945068,0.018536865711212158,0.05000000074505806,0.9417431950569153,0.8917431831359863,0.019999999552965164,0.4097687304019928,0.38976871967315674,0.05000000074505806,1.2715346813201904,1.2215347290039062,0.009999999776482582,0.01928531378507614,0.00928531400859356
6f4f3264bdb17fcf,jacobi-2d,jacobi-2d,lv2:__PARA__L0-1.__PARA__L1-2.__PARA__L2-8.__PARA__L3-8.__PARA__L4-8.__PIPE__L0-off.__PIPE__L1-off.__PIPE__L2-off.__TILE__L0-1.__TILE__L1-1.__TILE__L2-1,target,query,query,finetune_dataset,data_872.pt,4414401.0,gatedgcn_vn,5,50,paper_exact_seed5,0.5898551940917969,1.0578945875167847,0.4680393934249878,0.05000000074505806,0.027528509497642517,0.022471491247415543,0.019999999552965164,0.005283579230308533,0.014716420322656631,0.05000000074505806,0.011701390147209167,0.03829861059784889,0.009999999776482582,0.009127587080001831,0.000872412696480751
fcc032dc00948d72,jacobi-2d,jacobi-2d,lv2:__PARA__L0-1.__PARA__L1-2.__PARA__L2-11.__PARA__L3-8.__PARA__L4-8.__PIPE__L0-off.__PIPE__L1-NA.__PIPE__L2-off.__TILE__L0-1.__TILE__L1-1.__TILE__L2-8,target,query,query,finetune_dataset,data_829.pt,4434121.0,gatedgcn_vn,5,50,paper_exact_seed5,0.5866400003433228,0.6243695616722107,0.03772956132888794,0.05000000074505806,0.09091279655694962,0.040912795811891556,0.019999999552965164,0.032730624079704285,0.01273062452673912,0.05000000074505806,0.08651397377252579,0.03651397302746773,0.009999999776482582,-0.014975465834140778,0.02497546561062336
e283536839fed99c,jacobi-2d,jacobi-2d,lv2:__PARA__L0-1.__PARA__L1-4.__PARA__L2-8.__PARA__L3-8.__PARA__L4-8.__PIPE__L0-off.__PIPE__L1-NA.__PIPE__L2-off.__TILE__L0-1.__TILE__L1-1.__TILE__L2-1,target,query,query,finetune_dataset,data_906.pt,4422961.0,gatedgcn_vn,5,50,paper_exact_seed5,0.5884577631950378,0.627953290939331,0.03949552774429321,0.05000000074505806,0.15117326378822327,0.1011732667684555,0.019999999552965164,0.07619716227054596,0.056197162717580795,0.05000000074505806,0.16379988193511963,0.11379988491535187,0.009999999776482582,0.030032292008399963,0.02003229223191738
50dfb163d619aeb1,jacobi-2d,jacobi-2d,lv2:__PARA__L0-1.__PARA__L1-1.__PARA__L2-1.__PARA__L3-1.__PARA__L4-32.__PIPE__L0-off.__PIPE__L1-off.__PIPE__L2-off.__TILE__L0-1.__TILE__L1-1.__TILE__L2-1,target,query,query,finetune_dataset,data_673.pt,3161924.0,gatedgcn_vn,5,50,paper_exact_seed5,0.8305627107620239,1.0248394012451172,0.19427669048309326,0.1599999964237213,0.0912136361002922,0.06878636032342911,0.05000000074505806,0.03236721456050873,0.01763278618454933,0.09000000357627869,0.027591250836849213,0.062408752739429474,0.05000000074505806,0.021584056317806244,0.028415944427251816
142874636a43cf48,jacobi-2d,jacobi-2d,lv2:__PARA__L0-1.__PARA__L1-2.__PARA__L2-22.__PARA__L3-8.__PARA__L4-8.__PIPE__L0-off.__PIPE__L1-NA.__PIPE__L2-off.__TILE__L0-1.__TILE__L1-1.__TILE__L2-4,target,query,query,finetune_dataset,data_850.pt,4504601.0,gatedgcn_vn,5,50,paper_exact_seed5,0.5752643942832947,0.6076242923736572,0.03235989809036255,0.05000000074505806,0.1498120129108429,0.09981201589107513,0.019999999552965164,0.04769739508628845,0.027697395533323288,0.05000000074505806,0.10038983821868896,0.050389837473630905,0.009999999776482582,-0.007023178040981293,0.017023177817463875
9539e01f3eb0f18e,jacobi-2d,jacobi-2d,lv2:__PARA__L0-1.__PARA__L1-11.__PARA__L2-1.__PARA__L3-1.__PARA__L4-4.__PIPE__L0-off.__PIPE__L1-flatten.__PIPE__L2-NA.__TILE__L0-1.__TILE__L1-1.__TILE__L2-8,target,query,query,finetune_dataset,data_785.pt,3935841.0,gatedgcn_vn,5,50,paper_exact_seed5,0.6726281046867371,0.6288388967514038,0.04378920793533325,2.990000009536743,2.8222427368164062,0.16775727272033691,1.3799999952316284,1.3731721639633179,0.006827831268310547,2.8399999141693115,2.6019625663757324,0.2380373477935791,0.0,-0.010367043316364288,0.010367043316364288
944f6867f11d504d,jacobi-2d,jacobi-2d,lv2:__PARA__L0-1.__PARA__L1-1.__PARA__L2-1.__PARA__L3-4.__PARA__L4-2.__PIPE__L0-off.__PIPE__L1-off.__PIPE__L2-off.__TILE__L0-1.__TILE__L1-1.__TILE__L2-1,target,query,query,finetune_dataset,data_704.pt,702484.0,gatedgcn_vn,5,50,paper_exact_seed5,1.9156954288482666,1.8556904792785645,0.06000494956970215,0.009999999776482582,0.019720003008842468,0.009720003232359886,0.0,-0.007260680198669434,0.007260680198669434,0.0,0.006408467888832092,0.006408467888832092,0.019999999552965164,0.02152448147535324,0.0015244819223880768
5fcf77dcebfbbb45,jacobi-2d,jacobi-2d,lv2:__PARA__L0-1.__PARA__L1-2.__PARA__L2-11.__PARA__L3-8.__PARA__L4-8.__PIPE__L0-off.__PIPE__L1-off.__PIPE__L2-NA.__TILE__L0-40.__TILE__L1-1.__TILE__L2-1,target,query,query,finetune_dataset,data_833.pt,4434121.0,gatedgcn_vn,5,50,paper_exact_seed5,0.5866400003433228,0.6029937267303467,0.016353726387023926,0.05000000074505806,0.046619661152362823,0.003380339592695236,0.019999999552965164,0.014866486191749573,0.005133513361215591,0.05000000074505806,0.06556988507509232,0.015569884330034256,0.009999999776482582,0.010282017290592194,0.0002820175141096115
784d806af7785d1f,jacobi-2d,jacobi-2d,lv2:__PARA__L0-1.__PARA__L1-1.__PARA__L2-1.__PARA__L3-1.__PARA__L4-22.__PIPE__L0-off.__PIPE__L1-off.__PIPE__L2-off.__TILE__L0-1.__TILE__L1-1.__TILE__L2-1,target,query,query,finetune_dataset,data_670.pt,948924.0,gatedgcn_vn,5,50,paper_exact_seed5,1.6987818479537964,1.7369492053985596,0.038167357444763184,0.10000000149011612,0.06542602181434631,0.034573979675769806,0.029999999329447746,0.01644943654537201,0.013550562784075737,0.05999999865889549,0.02800804376602173,0.031991954892873764,0.05000000074505806,0.013229750096797943,0.03677025064826012
dbbf61ec790c5658,jacobi-2d,jacobi-2d,lv2:__PARA__L0-1.__PARA__L1-1.__PARA__L2-11.__PARA__L3-8.__PARA__L4-8.__PIPE__L0-off.__PIPE__L1-off.__PIPE__L2-off.__TILE__L0-40.__TILE__L1-1.__TILE__L2-1,target,query,query,finetune_dataset,data_735.pt,2285444.0,gatedgcn_vn,5,50,paper_exact_seed5,1.0647268295288086,0.6311041116714478,0.43362271785736084,0.03999999910593033,-0.029775962233543396,0.06977596133947372,0.009999999776482582,-0.018454134464263916,0.028454134240746498,0.029999999329447746,-0.010104149580001831,0.04010415077209473,0.019999999552965164,0.005407474935054779,0.014592524617910385
d8f1f816319d76f6,jacobi-2d,jacobi-2d,lv2:__PARA__L0-1.__PARA__L1-1.__PARA__L2-1.__PARA__L3-1.__PARA__L4-1.__PIPE__L0-off.__PIPE__L1-off.__PIPE__L2-off.__TILE__L0-1.__TILE__L1-1.__TILE__L2-1,target,query,query,finetune_dataset,data_663.pt,625124.0,gatedgcn_vn,5,50,paper_exact_seed5,1.999856948852539,1.6447901725769043,0.35506677627563477,0.009999999776482582,0.05359567701816559,0.043595679104328156,0.0,0.00844709575176239,0.00844709575176239,0.0,0.050553541630506516,0.050553541630506516,0.019999999552965164,0.051604002714157104,0.03160400316119194
9d768830a4945d1e,jacobi-2d,jacobi-2d,lv2:__PARA__L0-1.__PARA__L1-1.__PARA__L2-2.__PARA__L3-8.__PARA__L4-8.__PIPE__L0-off.__PIPE__L1-off.__PIPE__L2-off.__TILE__L0-40.__TILE__L1-1.__TILE__L2-1,target,query,query,finetune_dataset,data_766.pt,2234324.0,gatedgcn_vn,5,50,paper_exact_seed5,1.0810447931289673,0.6688972115516663,0.412147581577301,0.03999999910593033,-0.016800954937934875,0.056800954043865204,0.019999999552965164,-0.00391821563243866,0.023918215185403824,0.029999999329447746,-0.01298050582408905,0.042980507016181946,0.009999999776482582,0.0077834352850914,0.002216564491391182
34b992a5a7a00114,jacobi-2d,jacobi-2d,lv2:__PARA__L0-1.__PARA__L1-1.__PARA__L2-1.__PARA__L3-11.__PARA__L4-4.__PIPE__L0-off.__PIPE__L1-off.__PIPE__L2-off.__TILE__L0-1.__TILE__L1-1.__TILE__L2-1,target,query,query,finetune_dataset,data_686.pt,322404.0,gatedgcn_vn,5,50,paper_exact_seed5,2.4774932861328125,1.9454920291900635,0.532001256942749,0.029999999329447746,0.04719419777393341,0.017194198444485664,0.009999999776482582,-0.005425989627838135,0.015425989404320717,0.009999999776482582,0.020625397562980652,0.01062539778649807,0.029999999329447746,0.010856583714485168,0.019143415614962578
b07abd212d31a627,jacobi-2d,jacobi-2d,lv2:__PARA__L0-1.__PARA__L1-11.__PARA__L2-2.__PARA__L3-22.__PARA__L4-1.__PIPE__L0-off.__PIPE__L1-off.__PIPE__L2-flatten.__TILE__L0-1.__TILE__L1-8.__TILE__L2-8,target,query,query,finetune_dataset,data_797.pt,4311241.0,gatedgcn_vn,5,50,paper_exact_seed5,0.6069124341011047,0.5766796469688416,0.030232787132263184,0.9399999976158142,0.9089831709861755,0.031016826629638672,0.41999998688697815,0.4349503219127655,0.014950335025787354,0.8299999833106995,0.8000327944755554,0.029967188835144043,0.05999999865889549,0.06460820138454437,0.00460820272564888
ac131c488d448b82,jacobi-2d,jacobi-2d,lv2:__PARA__L0-1.__PARA__L1-2.__PARA__L2-1.__PARA__L3-8.__PARA__L4-8.__PIPE__L0-off.__PIPE__L1-off.__PIPE__L2-off.__TILE__L0-1.__TILE__L1-1.__TILE__L2-2,target,query,query,finetune_dataset,data_819.pt,4268321.0,gatedgcn_vn,5,50,paper_exact_seed5,0.6141297221183777,1.2934849262237549,0.6793552041053772,0.05000000074505806,0.024291828274726868,0.025708172470331192,0.019999999552965164,-0.0025010406970977783,0.022501040250062943,0.05000000074505806,0.012988366186618805,0.037011634558439255,0.0,0.0018063932657241821,0.0018063932657241821
f034469d455bb20c,jacobi-2d,jacobi-2d,lv2:__PARA__L0-1.__PARA__L1-1.__PARA__L2-1.__PARA__L3-1.__PARA__L4-1.__PIPE__L0-off.__PIPE__L1-flatten.__PIPE__L2-off.__TILE__L0-1.__TILE__L1-1.__TILE__L2-2,target,query,query,finetune_dataset,data_657.pt,4000281.0,gatedgcn_vn,5,50,paper_exact_seed5,0.660913348197937,0.6246147155761719,0.03629863262176514,0.25,0.22528068721294403,0.02471931278705597,0.10999999940395355,0.1265488713979721,0.016548871994018555,0.25999999046325684,0.19664189219474792,0.06335809826850891,0.28999999165534973,0.273664653301239,0.016335338354110718
bbbfb2590c70a1f0,jacobi-2d,jacobi-2d,lv2:__PARA__L0-1.__PARA__L1-1.__PARA__L2-1.__PARA__L3-2.__PARA__L4-4.__PIPE__L0-off.__PIPE__L1-off.__PIPE__L2-off.__TILE__L0-1.__TILE__L1-1.__TILE__L2-1,target,query,query,finetune_dataset,data_697.pt,702484.0,gatedgcn_vn,5,50,paper_exact_seed5,1.9156954288482666,1.9971078634262085,0.0814124345779419,0.009999999776482582,0.01666906476020813,0.006669064983725548,0.0,-0.006526529788970947,0.006526529788970947,0.0,0.008420363068580627,0.008420363068580627,0.019999999552965164,0.01875084638595581,0.0012491531670093536
4fbac33f3dde480f,jacobi-2d,jacobi-2d,lv2:__PARA__L0-1.__PARA__L1-1.__PARA__L2-1.__PARA__L3-1.__PARA__L4-16.__PIPE__L0-off.__PIPE__L1-off.__PIPE__L2-off.__TILE__L0-1.__TILE__L1-1.__TILE__L2-1,target,query,query,finetune_dataset,data_667.pt,1169604.0,gatedgcn_vn,5,50,paper_exact_seed5,1.5479539632797241,1.8410701751708984,0.2931162118911743,0.07000000029802322,0.06062190234661102,0.009378097951412201,0.019999999552965164,0.018740355968475342,0.0012596435844898224,0.03999999910593033,0.03231286257505417,0.00768713653087616,0.029999999329447746,0.015166662633419037,0.01483333669602871
f6397effcdab9349,jacobi-2d,jacobi-2d,lv2:__PARA__L0-1.__PARA__L1-1.__PARA__L2-2.__PARA__L3-11.__PARA__L4-1.__PIPE__L0-off.__PIPE__L1-NA.__PIPE__L2-flatten.__TILE__L0-1.__TILE__L1-8.__TILE__L2-8,target,query,query,finetune_dataset,data_742.pt,4088281.0,gatedgcn_vn,5,50,paper_exact_seed5,0.6452168822288513,0.5772969722747803,0.06791990995407104,0.8999999761581421,0.7911602854728699,0.10883969068527222,0.4000000059604645,0.366213858127594,0.03378614783287048,0.800000011920929,0.6921451091766357,0.10785490274429321,0.03999999910593033,0.041073113679885864,0.0010731145739555359
8b485ae83504393c,jacobi-2d,jacobi-2d,lv2:__PARA__L0-1.__PARA__L1-1.__PARA__L2-1.__PARA__L3-2.__PARA__L4-22.__PIPE__L0-off.__PIPE__L1-off.__PIPE__L2-off.__TILE__L0-1.__TILE__L1-1.__TILE__L2-1,target,query,query,finetune_dataset,data_694.pt,512484.0,gatedgcn_vn,5,50,paper_exact_seed5,2.143174648284912,1.6817827224731445,0.4613919258117676,0.07000000029802322,0.0346674770116806,0.03533252328634262,0.019999999552965164,0.0008248090744018555,0.01917519047856331,0.019999999552965164,0.0006609261035919189,0.019339073449373245,0.05000000074505806,0.01400545984506607,0.03599454089999199
7c2772b2177fc2a6,jacobi-2d,jacobi-2d,lv2:__PARA__L0-1.__PARA__L1-1.__PARA__L2-1.__PARA__L3-16.__PARA__L4-1.__PIPE__L0-off.__PIPE__L1-off.__PIPE__L2-off.__TILE__L0-1.__TILE__L1-1.__TILE__L2-1,target,query,query,finetune_dataset,data_688.pt,1169604.0,gatedgcn_vn,5,50,paper_exact_seed5,1.5479539632797241,1.1942182779312134,0.35373568534851074,0.07000000029802322,0.07730323076248169,0.007303230464458466,0.019999999552965164,0.020894646644592285,0.000894647091627121,0.03999999910593033,0.034813836216926575,0.005186162889003754,0.029999999329447746,0.03919554501771927,0.009195545688271523
6c039b964f03d1ec,jacobi-2d,jacobi-2d,lv2:__PARA__L0-1.__PARA__L1-1.__PARA__L2-1.__PARA__L3-1.__PARA__L4-16.__PIPE__L0-off.__PIPE__L1-off.__PIPE__L2-NA.__TILE__L0-1.__TILE__L1-1.__TILE__L2-1,target,query,query,finetune_dataset,data_666.pt,887604.0,gatedgcn_vn,5,50,paper_exact_seed5,1.7469700574874878,0.8275478482246399,0.9194222092628479,0.03999999910593033,0.10061344504356384,0.060613445937633514,0.009999999776482582,-0.014639273285865784,0.024639273062348366,0.009999999776482582,0.06613627076148987,0.056136272847652435,0.07000000029802322,0.12684261798858643,0.0568426176905632
4380ae31aa9f6517,jacobi-2d,jacobi-2d,lv2:__PARA__L0-1.__PARA__L1-4.__PARA__L2-4.__PARA__L3-8.__PARA__L4-8.__PIPE__L0-off.__PIPE__L1-NA.__PIPE__L2-NA.__TILE__L0-40.__TILE__L1-1.__TILE__L2-1,target,query,query,finetune_dataset,data_901.pt,4399241.0,gatedgcn_vn,5,50,paper_exact_seed5,0.5923367142677307,0.6072356700897217,0.014898955821990967,0.05000000074505806,0.09261161088943481,0.042611610144376755,0.019999999552965164,0.05143648386001587,0.031436484307050705,0.05000000074505806,0.09036625176668167,0.04036625102162361,0.0,0.018140152096748352,0.018140152096748352
4e773eb3b1e972f0,jacobi-2d,jacobi-2d,lv2:__PARA__L0-1.__PARA__L1-1.__PARA__L2-1.__PARA__L3-8.__PARA__L4-8.__PIPE__L0-off.__PIPE__L1-off.__PIPE__L2-off.__TILE__L0-1.__TILE__L1-88.__TILE__L2-88,target,query,query,finetune_dataset,data_727.pt,238164.0,gatedgcn_vn,5,50,paper_exact_seed5,2.695950508117676,1.6819182634353638,1.014032244682312,0.029999999329447746,-0.030721500515937805,0.0607215017080307,0.009999999776482582,-0.013116016983985901,0.023116016760468483,0.0,0.01054440438747406,0.01054440438747406,0.019999999552965164,-0.002791069447994232,0.022791069000959396
e6572b9f45380988,jacobi-2d,jacobi-2d,lv2:__PARA__L0-1.__PARA__L1-2.__PARA__L2-2.__PARA__L3-1.__PARA__L4-1.__PIPE__L0-off.__PIPE__L1-off.__PIPE__L2-flatten.__TILE__L0-1.__TILE__L1-1.__TILE__L2-8,target,query,query,finetune_dataset,data_837.pt,4263441.0,gatedgcn_vn,5,50,paper_exact_seed5,0.6149548888206482,0.5841469764709473,0.030807912349700928,0.8700000047683716,0.7954639792442322,0.0745360255241394,0.3799999952316284,0.36644238233566284,0.013557612895965576,0.7699999809265137,0.687412440776825,0.08258754014968872,0.03999999910593033,0.04029572755098343,0.0002957284450531006
b0b6944b2668f3e4,jacobi-2d,jacobi-2d,lv2:__PARA__L0-1.__PARA__L1-4.__PARA__L2-22.__PARA__L3-8.__PARA__L4-8.__PIPE__L0-off.__PIPE__L1-NA.__PIPE__L2-off.__TILE__L0-1.__TILE__L1-1.__TILE__L2-1,target,query,query,finetune_dataset,data_899.pt,4513161.0,gatedgcn_vn,5,50,paper_exact_seed5,0.5738949179649353,0.5981624126434326,0.024267494678497314,0.05000000074505806,0.4153488874435425,0.3653488755226135,0.019999999552965164,0.18973277509212494,0.16973277926445007,0.05000000074505806,0.5416592955589294,0.4916592836380005,0.009999999776482582,0.03304865211248398,0.023048652336001396
68b312dcdb9d70a2,jacobi-2d,jacobi-2d,lv2:__PARA__L0-1.__PARA__L1-1.__PARA__L2-1.__PARA__L3-1.__PARA__L4-8.__PIPE__L0-off.__PIPE__L1-flatten.__PIPE__L2-NA.__TILE__L0-1.__TILE__L1-1.__TILE__L2-8,target,query,query,finetune_dataset,data_678.pt,3938401.0,gatedgcn_vn,5,50,paper_exact_seed5,0.6721590161323547,0.6051925420761108,0.0669664740562439,0.27000001072883606,0.2817476987838745,0.011747688055038452,0.10999999940395355,0.11455993354320526,0.004559934139251709,0.2800000011920929,0.25443339347839355,0.02556660771369934,0.25,0.26623427867889404,0.016234278678894043
119c011acb799ec3,jacobi-2d,jacobi-2d,lv2:__PARA__L0-1.__PARA__L1-2.__PARA__L2-1.__PARA__L3-8.__PARA__L4-8.__PIPE__L0-off.__PIPE__L1-NA.__PIPE__L2-NA.__TILE__L0-1.__TILE__L1-1.__TILE__L2-2,target,query,query,finetune_dataset,data_806.pt,4268321.0,gatedgcn_vn,5,50,paper_exact_seed5,0.6141297221183777,0.6227184534072876,0.008588731288909912,0.05000000074505806,0.08616478741168976,0.0361647866666317,0.019999999552965164,0.02045348286628723,0.00045348331332206726,0.05000000074505806,0.07258312404155731,0.022583123296499252,0.0,0.0600399449467659,0.0600399449467659
d817f4e2fb14ad81,jacobi-2d,jacobi-2d,lv2:__PARA__L0-1.__PARA__L1-22.__PARA__L2-2.__PARA__L3-1.__PARA__L4-1.__PIPE__L0-off.__PIPE__L1-NA.__PIPE__L2-flatten.__TILE__L0-1.__TILE__L1-4.__TILE__L2-8,target,query,query,finetune_dataset,data_876.pt,4385641.0,gatedgcn_vn,5,50,paper_exact_seed5,0.5945701599121094,0.5839109420776367,0.010659217834472656,0.6499999761581421,0.8491144180297852,0.19911444187164307,0.30000001192092896,0.3641127347946167,0.06411272287368774,0.6200000047683716,0.7010419368743896,0.08104193210601807,0.03999999910593033,0.0326157882809639,0.007384210824966431
d42802d96e26dbb9,jacobi-2d,jacobi-2d,lv2:__PARA__L0-1.__PARA__L1-1.__PARA__L2-2.__PARA__L3-16.__PARA__L4-1.__PIPE__L0-off.__PIPE__L1-off.__PIPE__L2-flatten.__TILE__L0-1.__TILE__L1-1.__TILE__L2-8,target,query,query,finetune_dataset,data_746.pt,5766161.0,gatedgcn_vn,5,50,paper_exact_seed5,0.3971584737300873,0.5817732214927673,0.18461474776268005,0.8799999952316284,0.8326565623283386,0.047343432903289795,0.38999998569488525,0.3924667537212372,0.0024667680263519287,0.7699999809265137,0.7246901392936707,0.04530984163284302,0.029999999329447746,0.04638378322124481,0.016383783891797066
951f39a82264c2b7,jacobi-2d,jacobi-2d,lv2:__PARA__L0-1.__PARA__L1-2.__PARA__L2-4.__PARA__L3-8.__PARA__L4-8.__PIPE__L0-off.__PIPE__L1-NA.__PIPE__L2-NA.__TILE__L0-40.__TILE__L1-1.__TILE__L2-1,target,query,query,finetune_dataset,data_859.pt,4390681.0,gatedgcn_vn,5,50,paper_exact_seed5,0.5937417149543762,0.6082959175109863,0.014554202556610107,0.05000000074505806,0.07851047813892365,0.028510477393865585,0.019999999552965164,0.0182076096534729,0.0017923898994922638,0.05000000074505806,0.05898471921682358,0.008984718471765518,0.0,-0.004617370665073395,0.004617370665073395
2530921ded218957,jacobi-2d,jacobi-2d,lv2:__PARA__L0-1.__PARA__L1-1.__PARA__L2-1.__PARA__L3-11.__PARA__L4-2.__PIPE__L0-off.__PIPE__L1-off.__PIPE__L2-off.__TILE__L0-1.__TILE__L1-1.__TILE__L2-1,target,query,query,finetune_dataset,data_684.pt,554684.0,gatedgcn_vn,5,50,paper_exact_seed5,2.086095094680786,1.7080461978912354,0.3780488967895508,0.03999999910593033,0.04982616752386093,0.009826168417930603,0.009999999776482582,-0.005005449056625366,0.015005448833107948,0.009999999776482582,0.01897861808538437,0.008978618308901787,0.029999999329447746,0.015948742628097534,0.014051256701350212
c87827784f91dd49,jacobi-2d,jacobi-2d,lv2:__PARA__L0-1.__PARA__L1-1.__PARA__L2-1.__PARA__L3-1.__PARA__L4-16.__PIPE__L0-off.__PIPE__L1-flatten.__PIPE__L2-NA.__TILE__L0-1.__TILE__L1-1.__TILE__L2-8,target,query,query,finetune_dataset,data_665.pt,5520201.0,gatedgcn_vn,5,50,paper_exact_seed5,0.4286036491394043,0.6053425669670105,0.1767389178276062,0.2800000011920929,0.2982742190361023,0.0182742178440094,0.11999999731779099,0.11256535351276398,0.007434643805027008,0.28999999165534973,0.2629987597465515,0.027001231908798218,0.28999999165534973,0.27738940715789795,0.012610584497451782
d269ecdf325e801d,jacobi-2d,jacobi-2d,lv2:__PARA__L0-1.__PARA__L1-1.__PARA__L2-22.__PARA__L3-8.__PARA__L4-8.__PIPE__L0-off.__PIPE__L1-off.__PIPE__L2-off.__TILE__L0-1.__TILE__L1-88.__TILE__L2-1,target,query,query,finetune_dataset,data_773.pt,2355924.0,gatedgcn_vn,5,50,paper_exact_seed5,1.0428175926208496,1.2836430072784424,0.24082541465759277,0.03999999910593033,0.01754818856716156,0.02245181053876877,0.009999999776482582,0.015464633703231812,0.005464633926749229,0.029999999329447746,-0.0014961287379264832,0.03149612993001938,0.019999999552965164,0.011830620467662811,0.008169379085302353
444859d6f64b30f7,jacobi-2d,jacobi-2d,lv2:__PARA__L0-1.__PARA__L1-1.__PARA__L2-2.__PARA__L3-8.__PARA__L4-8.__PIPE__L0-off.__PIPE__L1-off.__PIPE__L2-off.__TILE__L0-1.__TILE__L1-88.__TILE__L2-1,target,query,query,finetune_dataset,data_765.pt,2234324.0,gatedgcn_vn,5,50,paper_exact_seed5,1.0810447931289673,1.048081636428833,0.03296315670013428,0.03999999910593033,-0.00018955767154693604,0.040189556777477264,0.019999999552965164,0.004758238792419434,0.01524176076054573,0.029999999329447746,0.006082959473133087,0.02391703985631466,0.009999999776482582,0.017082102596759796,0.007082102820277214
3fa48ecb90f45d31,jacobi-2d,jacobi-2d,lv2:__PARA__L0-1.__PARA__L1-1.__PARA__L2-2.__PARA__L3-8.__PARA__L4-1.__PIPE__L0-off.__PIPE__L1-off.__PIPE__L2-flatten.__TILE__L0-1.__TILE__L1-1.__TILE__L2-8,target,query,query,finetune_dataset,data_761.pt,4030841.0,gatedgcn_vn,5,50,paper_exact_seed5,0.6554235816001892,0.5822579860687256,0.07316559553146362,0.8700000047683716,0.843868613243103,0.026131391525268555,0.3799999952316284,0.3941749334335327,0.014174938201904297,0.7699999809265137,0.7457742691040039,0.024225711822509766,0.0,0.033476874232292175,0.033476874232292175
73275156de8b6442,jacobi-2d,jacobi-2d,lv2:__PARA__L0-1.__PARA__L1-4.__PARA__L2-8.__PARA__L3-8.__PARA__L4-8.__PIPE__L0-off.__PIPE__L1-NA.__PIPE__L2-NA.__TILE__L0-40.__TILE__L1-1.__TILE__L2-1,target,query,query,finetune_dataset,data_905.pt,4422961.0,gatedgcn_vn,5,50,paper_exact_seed5,0.5884577631950378,0.6011391878128052,0.012681424617767334,0.05000000074505806,0.11124798655509949,0.06124798581004143,0.019999999552965164,0.05181555449962616,0.031815554946660995,0.05000000074505806,0.11136870831251144,0.061368707567453384,0.009999999776482582,0.01610817015171051,0.006108170375227928
c92cf4366dcc9a12,jacobi-2d,jacobi-2d,lv2:__PARA__L0-1.__PARA__L1-8.__PARA__L2-1.__PARA__L3-8.__PARA__L4-8.__PIPE__L0-off.__PIPE__L1-off.__PIPE__L2-off.__TILE__L0-1.__TILE__L1-1.__TILE__L2-1,target,query,query,finetune_dataset,data_910.pt,2266604.0,gatedgcn_vn,5,50,paper_exact_seed5,1.0706979036331177,1.7610578536987305,0.6903599500656128,0.03999999910593033,0.05487164855003357,0.014871649444103241,0.009999999776482582,0.0005334615707397461,0.009466538205742836,0.029999999329447746,0.016561008989810944,0.013438990339636803,0.019999999552965164,0.005029357969760895,0.01497064158320427
b24dcc61770a9579,jacobi-2d,jacobi-2d,lv2:__PARA__L0-1.__PARA__L1-1.__PARA__L2-2.__PARA__L3-4.__PARA__L4-1.__PIPE__L0-off.__PIPE__L1-off.__PIPE__L2-flatten.__TILE__L0-1.__TILE__L1-1.__TILE__L2-8,target,query,query,finetune_dataset,data_758.pt,4069521.0,gatedgcn_vn,5,50,paper_exact_seed5,0.6485345363616943,0.5809193849563599,0.06761515140533447,0.8700000047683716,0.7683202028274536,0.10167980194091797,0.3799999952316284,0.36473768949508667,0.015262305736541748,0.7699999809265137,0.6814675331115723,0.0885324478149414,0.0,0.03412149101495743,0.03412149101495743
97d9abfd402b29db,jacobi-2d,jacobi-2d,lv2:__PARA__L0-1.__PARA__L1-1.__PARA__L2-1.__PARA__L3-8.__PARA__L4-1.__PIPE__L0-off.__PIPE__L1-off.__PIPE__L2-off.__TILE__L0-1.__TILE__L1-1.__TILE__L2-1,target,query,query,finetune_dataset,data_710.pt,973524.0,gatedgcn_vn,5,50,paper_exact_seed5,1.6803197860717773,1.7221572399139404,0.041837453842163086,0.029999999329447746,0.05774293839931488,0.027742939069867134,0.009999999776482582,0.008130744099617004,0.0018692556768655777,0.019999999552965164,0.037888601422309875,0.01788860186934471,0.019999999552965164,0.02108200639486313,0.0010820068418979645
0e833b40618b10c5,jacobi-2d,jacobi-2d,lv2:__PARA__L0-1.__PARA__L1-1.__PARA__L2-2.__PARA__L3-22.__PARA__L4-1.__PIPE__L0-off.__PIPE__L1-NA.__PIPE__L2-flatten.__TILE__L0-1.__TILE__L1-8.__TILE__L2-8,target,query,query,finetune_dataset,data_751.pt,4087161.0,gatedgcn_vn,5,50,paper_exact_seed5,0.6454145312309265,0.5774135589599609,0.06800097227096558,0.9399999976158142,0.7868421673774719,0.15315783023834229,0.41999998688697815,0.3673447370529175,0.05265524983406067,0.8299999833106995,0.6755748987197876,0.15442508459091187,0.05999999865889549,0.07855219393968582,0.01855219528079033
7c1dc00b3bf4a5f3,jacobi-2d,jacobi-2d,lv2:__PARA__L0-1.__PARA__L1-2.__PARA__L2-22.__PARA__L3-8.__PARA__L4-8.__PIPE__L0-off.__PIPE__L1-off.__PIPE__L2-off.__TILE__L0-1.__TILE__L1-1.__TILE__L2-4,target,query,query,finetune_dataset,data_856.pt,4504601.0,gatedgcn_vn,5,50,paper_exact_seed5,0.5752643942832947,0.6668081879615784,0.09154379367828369,0.05000000074505806,0.08343455195426941,0.03343455120921135,0.019999999552965164,0.04854115843772888,0.028541158884763718,0.05000000074505806,0.12109871208667755,0.07109871506690979,0.009999999776482582,0.02057848870754242,0.010578488931059837
1b37bbe43cd2bb4d,jacobi-2d,jacobi-2d,lv2:__PARA__L0-1.__PARA__L1-11.__PARA__L2-2.__PARA__L3-4.__PARA__L4-1.__PIPE__L0-off.__PIPE__L1-off.__PIPE__L2-flatten.__TILE__L0-1.__TILE__L1-8.__TILE__L2-8,target,query,query,finetune_dataset,data_801.pt,4315441.0,gatedgcn_vn,5,50,paper_exact_seed5,0.6062100529670715,0.5719404220581055,0.034269630908966064,0.8700000047683716,0.8484780192375183,0.02152198553085327,0.38999998569488525,0.40994420647621155,0.019944220781326294,0.7799999713897705,0.7512589693069458,0.028741002082824707,0.0,-0.003052063286304474,0.003052063286304474
3fcc998748c8d376,jacobi-2d,jacobi-2d,lv2:__PARA__L0-1.__PARA__L1-1.__PARA__L2-22.__PARA__L3-8.__PARA__L4-8.__PIPE__L0-off.__PIPE__L1-off.__PIPE__L2-NA.__TILE__L0-40.__TILE__L1-1.__TILE__L2-1,target,query,query,finetune_dataset,data_772.pt,2355924.0,gatedgcn_vn,5,50,paper_exact_seed5,1.0428175926208496,0.5953173041343689,0.4475002884864807,0.03999999910593033,0.33961474895477295,0.2996147572994232,0.009999999776482582,0.13098716735839844,0.120987169444561,0.029999999329447746,0.4299737215042114,0.39997372031211853,0.019999999552965164,0.01444052904844284,0.005559470504522324
6698cf09c23d6af0,jacobi-2d,jacobi-2d,lv2:__PARA__L0-1.__PARA__L1-2.__PARA__L2-4.__PARA__L3-8.__PARA__L4-8.__PIPE__L0-off.__PIPE__L1-NA.__PIPE__L2-NA.__TILE__L0-1.__TILE__L1-1.__TILE__L2-1,target,query,query,finetune_dataset,data_858.pt,4390681.0,gatedgcn_vn,5,50,paper_exact_seed5,0.5937417149543762,0.6068322658538818,0.013090550899505615,0.05000000074505806,0.1667480766773224,0.11674807965755463,0.019999999552965164,0.05026055872440338,0.030260559171438217,0.05000000074505806,0.1423790007829666,0.09237900376319885,0.0,-0.007633022964000702,0.007633022964000702
856cc9f2c17a159a,jacobi-2d,jacobi-2d,lv2:__PARA__L0-1.__PARA__L1-2.__PARA__L2-2.__PARA__L3-8.__PARA__L4-8.__PIPE__L0-off.__PIPE__L1-off.__PIPE__L2-NA.__TILE__L0-1.__TILE__L1-1.__TILE__L2-1,target,query,query,finetune_dataset,data_842.pt,4382121.0,gatedgcn_vn,5,50,paper_exact_seed5,0.5951493978500366,0.6224218606948853,0.027272462844848633,0.05000000074505806,0.09874515235424042,0.04874515160918236,0.019999999552965164,0.023482471704483032,0.003482472151517868,0.05000000074505806,0.08507943153381348,0.03507943078875542,0.0,-0.014298699796199799,0.014298699796199799
e87a7efab4cd65b4,jacobi-2d,jacobi-2d,lv2:__PARA__L0-1.__PARA__L1-2.__PARA__L2-1.__PARA__L3-8.__PARA__L4-8.__PIPE__L0-off.__PIPE__L1-off.__PIPE__L2-NA.__TILE__L0-1.__TILE__L1-1.__TILE__L2-2,target,query,query,finetune_dataset,data_815.pt,4268321.0,gatedgcn_vn,5,50,paper_exact_seed5,0.6141297221183777,0.669526219367981,0.05539649724960327,0.05000000074505806,0.06484883278608322,0.014848832041025162,0.019999999552965164,0.016308307647705078,0.003691691905260086,0.05000000074505806,0.05399949848651886,0.0039994977414608,0.0,0.0845935046672821,0.0845935046672821
87c44a4a605ec900,jacobi-2d,jacobi-2d,lv2:__PARA__L0-1.__PARA__L1-2.__PARA__L2-11.__PARA__L3-8.__PARA__L4-8.__PIPE__L0-off.__PIPE__L1-NA.__PIPE__L2-off.__TILE__L0-40.__TILE__L1-1.__TILE__L2-1,target,query,query,finetune_dataset,data_830.pt,4434121.0,gatedgcn_vn,5,50,paper_exact_seed5,0.5866400003433228,0.606630265712738,0.019990265369415283,0.05000000074505806,0.018389463424682617,0.03161053732037544,0.019999999552965164,0.009925365447998047,0.010074634104967117,0.05000000074505806,0.028091296553611755,0.021908704191446304,0.009999999776482582,-0.015667878091335297,0.02566787786781788
471502d68fa5fd23,jacobi-2d,jacobi-2d,lv2:__PARA__L0-1.__PARA__L1-1.__PARA__L2-1.__PARA__L3-2.__PARA__L4-32.__PIPE__L0-off.__PIPE__L1-off.__PIPE__L2-NA.__TILE__L0-1.__TILE__L1-1.__TILE__L2-1,target,query,query,finetune_dataset,data_695.pt,2466404.0,gatedgcn_vn,5,50,paper_exact_seed5,1.0097594261169434,0.6996699571609497,0.31008946895599365,0.1599999964237213,0.10489901900291443,0.055100977420806885,0.019999999552965164,0.031861186027526855,0.011861186474561691,0.009999999776482582,0.04949645698070526,0.03949645906686783,0.10000000149011612,0.10690952092409134,0.00690951943397522
70a1bf473541b04a,jacobi-2d,jacobi-2d,lv2:__PARA__L0-1.__PARA__L1-88.__PARA__L2-2.__PARA__L3-1.__PARA__L4-1.__PIPE__L0-off.__PIPE__L1-off.__PIPE__L2-flatten.__TILE__L0-1.__TILE__L1-1.__TILE__L2-8,target,query,query,finetune_dataset,data_912.pt,4246001.0,gatedgcn_vn,5,50,paper_exact_seed5,0.617911696434021,0.5879340171813965,0.02997767925262451,1.100000023841858,1.049512505531311,0.050487518310546875,0.49000000953674316,0.4179072082042694,0.07209280133247375,1.0199999809265137,0.805722177028656,0.21427780389785767,0.23999999463558197,0.13511744141578674,0.10488255321979523
e9a82eaf33fbe0e6,gemver-medium,gemver-medium,lv2:__PARA__L0-1.__PARA__L1-1.__PARA__L2-1.__PARA__L3-1.__PARA__L4-1.__PARA__L5-1.__PARA__L6-2.__PIPE__L0-off.__PIPE__L1-off.__PIPE__L3-NA.__TILE__L0-1.__TILE__L1-1.__TILE__L3-1,target,query,query,finetune_dataset,data_449.pt,1430062.0,gatedgcn_vn,5,50,paper_exact_seed5,1.4029252529144287,1.5312659740447998,0.1283407211303711,0.029999999329447746,0.03164048492908478,0.0016404855996370316,0.009999999776482582,0.024156928062438965,0.014156928285956383,0.0,-0.05371658504009247,0.05371658504009247,0.11999999731779099,0.12187474966049194,0.0018747523427009583
41ded80c7ec4056e,gemver-medium,gemver-medium,lv2:__PARA__L0-1.__PARA__L1-1.__PARA__L2-1.__PARA__L3-1.__PARA__L4-1.__PARA__L5-1.__PARA__L6-2.__PIPE__L0-off.__PIPE__L1-off.__PIPE__L3-off.__TILE__L0-1.__TILE__L1-1.__TILE__L3-1,target,query,query,finetune_dataset,data_450.pt,1430412.0,gatedgcn_vn,5,50,paper_exact_seed5,1.402748703956604,1.4122741222381592,0.009525418281555176,0.019999999552965164,0.003910377621650696,0.01608962193131447,0.009999999776482582,0.01296621561050415,0.0029662158340215683,0.0,-0.06743380427360535,0.06743380427360535,0.11999999731779099,0.1257779449224472,0.0057779476046562195
9bd5be897febc88c,gemver-medium,gemver-medium,lv2:__PARA__L0-1.__PARA__L1-1.__PARA__L2-1.__PARA__L3-1.__PARA__L4-1.__PARA__L5-4.__PARA__L6-2.__PIPE__L0-off.__PIPE__L1-off.__PIPE__L3-off.__TILE__L0-1.__TILE__L1-1.__TILE__L3-1,target,query,query,finetune_dataset,data_565.pt,837213.0,gatedgcn_vn,5,50,paper_exact_seed5,1.789130687713623,1.8056764602661133,0.016545772552490234,0.029999999329447746,-0.003281012177467346,0.03328101336956024,0.009999999776482582,-0.01954624056816101,0.029546240344643593,0.0,-0.09372790157794952,0.09372790157794952,0.18000000715255737,0.20285938680171967,0.022859379649162292
d01425f50d6673bc,gemver-medium,gemver-medium,lv2:__PARA__L0-1.__PARA__L1-1.__PARA__L2-1.__PARA__L3-1.__PARA__L4-1.__PARA__L5-4.__PARA__L6-4.__PIPE__L0-off.__PIPE__L1-off.__PIPE__L3-off.__TILE__L0-1.__TILE__L1-1.__TILE__L3-1,target,query,query,finetune_dataset,data_579.pt,640413.0,gatedgcn_vn,5,50,paper_exact_seed5,1.9824267625808716,2.0495071411132812,0.06708037853240967,0.029999999329447746,-0.0061099231243133545,0.03610992431640625,0.009999999776482582,-0.028941571712493896,0.03894156962633133,0.0,-0.047944098711013794,0.047944098711013794,0.18000000715255737,0.2634044289588928,0.08340442180633545
f220802a696f04d5,gemver-medium,gemver-medium,lv2:__PARA__L0-1.__PARA__L1-1.__PARA__L2-1.__PARA__L3-1.__PARA__L4-1.__PARA__L5-8.__PARA__L6-25.__PIPE__L0-off.__PIPE__L1-off.__PIPE__L3-off.__TILE__L0-1.__TILE__L1-1.__TILE__L3-1,target,query,query,finetune_dataset,data_625.pt,380411.0,gatedgcn_vn,5,50,paper_exact_seed5,2.3581485748291016,2.151280403137207,0.20686817169189453,0.07000000029802322,0.041854873299598694,0.02814512699842453,0.019999999552965164,-0.018457472324371338,0.0384574718773365,0.009999999776482582,-0.031208857893943787,0.04120885580778122,0.05999999865889549,0.22987449169158936,0.16987448930740356
34cdca838c32d328,gemver-medium,gemver-medium,lv2:__PARA__L0-1.__PARA__L1-1.__PARA__L2-1.__PARA__L3-1.__PARA__L4-1.__PARA__L5-10.__PARA__L6-4.__PIPE__L0-off.__PIPE__L1-off.__PIPE__L3-off.__TILE__L0-1.__TILE__L1-1.__TILE__L3-1,target,query,query,finetune_dataset,data_500.pt,523761.0,gatedgcn_vn,5,50,paper_exact_seed5,2.127473831176758,2.1561315059661865,0.02865767478942871,0.03999999910593033,0.00020222365856170654,0.03979777544736862,0.009999999776482582,-0.03239816427230835,0.04239816218614578,0.0,-0.057745978236198425,0.057745978236198425,0.05000000074505806,0.2567523419857025,0.20675234496593475
db1518b5e0f5c412,gemver-medium,gemver-medium,lv2:__PARA__L0-1.__PARA__L1-1.__PARA__L2-1.__PARA__L3-1.__PARA__L4-1.__PARA__L5-4.__PARA__L6-8.__PIPE__L0-off.__PIPE__L1-off.__PIPE__L3-NA.__TILE__L0-1.__TILE__L1-1.__TILE__L3-1,target,query,query,finetune_dataset,data_590.pt,536971.0,gatedgcn_vn,5,50,paper_exact_seed5,2.1095058917999268,2.039459705352783,0.07004618644714355,0.029999999329447746,0.026499047875404358,0.0035009514540433884,0.009999999776482582,-0.009162694215774536,0.019162693992257118,0.009999999776482582,-0.005472049117088318,0.0154720488935709,0.18000000715255737,0.22838559746742249,0.04838559031486511
9fdaad6156127ccf,gemver-medium,gemver-medium,lv2:__PARA__L0-1.__PARA__L1-1.__PARA__L2-1.__PARA__L3-1.__PARA__L4-1.__PARA__L5-2.__PARA__L6-25.__PIPE__L0-flatten.__PIPE__L1-off.__PIPE__L3-off.__TILE__L0-1.__TILE__L1-1.__TILE__L3-1,target,query,query,finetune_dataset,data_528.pt,505973.0,gatedgcn_vn,5,50,paper_exact_seed5,2.152397871017456,2.086470127105713,0.06592774391174316,0.6800000071525574,0.6638058423995972,0.016194164752960205,0.41999998688697815,0.37891364097595215,0.041086345911026,1.2799999713897705,1.0521960258483887,0.22780394554138184,0.23999999463558197,0.28983935713768005,0.049839362502098083
07cb38f49129dd42,gemver-medium,gemver-medium,lv2:__PARA__L0-1.__PARA__L1-1.__PARA__L2-1.__PARA__L3-1.__PARA__L4-1.__PARA__L5-1.__PARA__L6-1.__PIPE__L0-flatten.__PIPE__L1-flatten.__PIPE__L3-off.__TILE__L0-1.__TILE__L1-1.__TILE__L3-8,target,query,query,finetune_dataset,data_425.pt,923083.0,gatedgcn_vn,5,50,paper_exact_seed5,1.7186979055404663,1.945107102394104,0.2264091968536377,1.0,1.0071990489959717,0.00719904899597168,0.6299999952316284,0.7037398815155029,0.07373988628387451,1.75,1.6590887308120728,0.09091126918792725,0.30000001192092896,0.22213521599769592,0.07786479592323303
ad06f729bd5db51b,gemver-medium,gemver-medium,lv2:__PARA__L0-1.__PARA__L1-1.__PARA__L2-1.__PARA__L3-1.__PARA__L4-1.__PARA__L5-1.__PARA__L6-25.__PIPE__L0-flatten.__PIPE__L1-off.__PIPE__L3-off.__TILE__L0-1.__TILE__L1-1.__TILE__L3-1,target,query,query,finetune_dataset,data_457.pt,901503.0,gatedgcn_vn,5,50,paper_exact_seed5,1.7357620000839233,1.9933953285217285,0.2576333284378052,0.6700000166893005,0.6801156401634216,0.010115623474121094,0.41999998688697815,0.3923532962799072,0.027646690607070923,1.2799999713897705,1.1006032228469849,0.17939674854278564,0.23999999463558197,0.2848793864250183,0.04487939178943634
d840d88097461383,gemver-medium,gemver-medium,lv2:__PARA__L0-1.__PARA__L1-1.__PARA__L2-1.__PARA__L3-1.__PARA__L4-1.__PARA__L5-4.__PARA__L6-4.__PIPE__L0-off.__PIPE__L1-off.__PIPE__L3-NA.__TILE__L0-1.__TILE__L1-1.__TILE__L3-1,target,query,query,finetune_dataset,data_578.pt,636667.0,gatedgcn_vn,5,50,paper_exact_seed5,1.9866585731506348,1.9697296619415283,0.016928911209106445,0.029999999329447746,0.01793237030506134,0.012067629024386406,0.009999999776482582,-0.0092831552028656,0.019283154979348183,0.0,0.00456257164478302,0.00456257164478302,0.18000000715255737,0.2426941990852356,0.06269419193267822
4275cd2136d7ac8c,gemver-medium,gemver-medium,lv2:__PARA__L0-1.__PARA__L1-1.__PARA__L2-1.__PARA__L3-1.__PARA__L4-1.__PARA__L5-2.__PARA__L6-25.__PIPE__L0-off.__PIPE__L1-off.__PIPE__L3-off.__TILE__L0-1.__TILE__L1-1.__TILE__L3-1,target,query,query,finetune_dataset,data_530.pt,674013.0,gatedgcn_vn,5,50,paper_exact_seed5,1.9455398321151733,1.8389434814453125,0.10659635066986084,0.03999999910593033,0.03067372739315033,0.009326271712779999,0.019999999552965164,0.008465409278869629,0.011534590274095535,0.009999999776482582,-0.08772163093090057,0.097721628844738,0.18000000715255737,0.17650958895683289,0.0034904181957244873
fa1f42ea1d8a699a,gemver-medium,gemver-medium,lv2:__PARA__L0-1.__PARA__L1-1.__PARA__L2-1.__PARA__L3-1.__PARA__L4-1.__PARA__L5-10.__PARA__L6-4.__PIPE__L0-off.__PIPE__L1-off.__PIPE__L3-NA.__TILE__L0-1.__TILE__L1-1.__TILE__L3-1,target,query,query,finetune_dataset,data_499.pt,520017.0,gatedgcn_vn,5,50,paper_exact_seed5,2.1326487064361572,2.141711950302124,0.009063243865966797,0.03999999910593033,0.051672421395778656,0.011672422289848328,0.009999999776482582,0.019522547721862793,0.009522547945380211,0.009999999776482582,-0.008760549128055573,0.018760548904538155,0.05000000074505806,0.2354811280965805,0.18548113107681274
6498f25beb6ad580,gemver-medium,gemver-medium,lv2:__PARA__L0-1.__PARA__L1-1.__PARA__L2-1.__PARA__L3-1.__PARA__L4-1.__PARA__L5-5.__PARA__L6-25.__PIPE__L0-off.__PIPE__L1-off.__PIPE__L3-NA.__TILE__L0-1.__TILE__L1-1.__TILE__L3-1,target,query,query,finetune_dataset,data_602.pt,429379.0,gatedgcn_vn,5,50,paper_exact_seed5,2.2708022594451904,2.1068079471588135,0.16399431228637695,0.07999999821186066,0.044913992285728455,0.0350860059261322,0.029999999329447746,0.0026025474071502686,0.027397451922297478,0.019999999552965164,-0.04164750874042511,0.061647508293390274,0.05999999865889549,0.18974676728248596,0.12974676489830017
ccedb74009e7acda,gemver-medium,gemver-medium,lv2:__PARA__L0-1.__PARA__L1-1.__PARA__L2-1.__PARA__L3-1.__PARA__L4-1.__PARA__L5-1.__PARA__L6-16.__PIPE__L0-off.__PIPE__L1-off.__PIPE__L3-NA.__TILE__L0-1.__TILE__L1-1.__TILE__L3-1,target,query,query,finetune_dataset,data_444.pt,1079116.0,gatedgcn_vn,5,50,paper_exact_seed5,1.606039047241211,1.74216890335083,0.13612985610961914,0.03999999910593033,0.04877445846796036,0.00877445936203003,0.019999999552965164,0.011749938130378723,0.008250061422586441,0.009999999776482582,-0.008155882358551025,0.018155882135033607,0.11999999731779099,0.13662785291671753,0.016627855598926544
57d44026afacdea0,gemver-medium,gemver-medium,lv2:__PARA__L0-1.__PARA__L1-1.__PARA__L2-1.__PARA__L3-1.__PARA__L4-1.__PARA__L5-1.__PARA__L6-400.__PIPE__L0-flatten.__PIPE__L1-off.__PIPE__L3-off.__TILE__L0-1.__TILE__L1-1.__TILE__L3-1,target,query,query,finetune_dataset,data_470.pt,868351.0,gatedgcn_vn,5,50,paper_exact_seed5,1.7627888917922974,2.336820125579834,0.5740312337875366,0.6899999976158142,1.0441465377807617,0.3541465401649475,0.46000000834465027,0.6859874725341797,0.22598746418952942,1.2799999713897705,1.690139651298523,0.41013967990875244,0.23999999463558197,0.3373255431652069,0.09732554852962494
4ad5995a833d2439,gemver-medium,gemver-medium,lv2:__PARA__L0-1.__PARA__L1-1.__PARA__L2-1.__PARA__L3-1.__PARA__L4-1.__PARA__L5-1.__PARA__L6-25.__PIPE__L0-off.__PIPE__L1-off.__PIPE__L3-off.__TILE__L0-1.__TILE__L1-1.__TILE__L3-1,target,query,query,finetune_dataset,data_460.pt,1070012.0,gatedgcn_vn,5,50,paper_exact_seed5,1.6121505498886108,1.7286627292633057,0.11651217937469482,0.03999999910593033,0.0346260666847229,0.005373932421207428,0.019999999552965164,0.012862801551818848,0.0071371980011463165,0.009999999776482582,-0.04866896569728851,0.058668963611125946,0.18000000715255737,0.1761251986026764,0.0038748085498809814
23cb5d94ca303749,gemver-medium,gemver-medium,lv2:__PARA__L0-1.__PARA__L1-1.__PARA__L2-1.__PARA__L3-1.__PARA__L4-1.__PARA__L5-10.__PARA__L6-25.__PIPE__L0-off.__PIPE__L1-off.__PIPE__L3-off.__TILE__L0-1.__TILE__L1-1.__TILE__L3-1,target,query,query,finetune_dataset,data_497.pt,359761.0,gatedgcn_vn,5,50,paper_exact_seed5,2.3984086513519287,2.1810736656188965,0.21733498573303223,0.10000000149011612,0.05279017984867096,0.04720982164144516,0.019999999552965164,-0.018376708030700684,0.03837670758366585,0.009999999776482582,-0.021176517009735107,0.03117651678621769,0.05000000074505806,0.22575289011001587,0.1757528930902481
c37f85f367c6ecf3,gemver-medium,gemver-medium,lv2:__PARA__L0-1.__PARA__L1-1.__PARA__L2-1.__PARA__L3-1.__PARA__L4-1.__PARA__L5-4.__PARA__L6-400.__PIPE__L0-off.__PIPE__L1-off.__PIPE__L3-off.__TILE__L0-1.__TILE__L1-1.__TILE__L3-1,target,query,query,finetune_dataset,data_581.pt,440058.0,gatedgcn_vn,5,50,paper_exact_seed5,2.2530813217163086,2.07211971282959,0.18096160888671875,0.27000001072883606,0.11336220055818558,0.15663781762123108,0.20000000298023224,0.14016197621822357,0.05983802676200867,0.4699999988079071,0.2984434962272644,0.1715565025806427,0.4300000071525574,0.2766417860984802,0.15335822105407715
f04d401f04d14c1e,gemver-medium,gemver-medium,lv2:__PARA__L0-1.__PARA__L1-1.__PARA__L2-1.__PARA__L3-1.__PARA__L4-1.__PARA__L5-8.__PARA__L6-1.__PIPE__L0-off.__PIPE__L1-NA.__PIPE__L3-flatten.__TILE__L0-1.__TILE__L1-1.__TILE__L3-1,target,query,query,finetune_dataset,data_613.pt,323819.0,gatedgcn_vn,5,50,paper_exact_seed5,2.474334239959717,2.2560808658599854,0.21825337409973145,0.6800000071525574,0.6430834531784058,0.03691655397415161,0.4000000059604645,0.4156642556190491,0.015664249658584595,1.1100000143051147,1.003952145576477,0.1060478687286377,0.800000011920929,0.35310670733451843,0.4468933045864105
d18c3f6a099c066b,gemver-medium,gemver-medium,lv2:__PARA__L0-1.__PARA__L1-1.__PARA__L2-1.__PARA__L3-1.__PARA__L4-1.__PARA__L5-4.__PARA__L6-2.__PIPE__L0-flatten.__PIPE__L1-off.__PIPE__L3-NA.__TILE__L0-1.__TILE__L1-1.__TILE__L3-1,target,query,query,finetune_dataset,data_562.pt,668423.0,gatedgcn_vn,5,50,paper_exact_seed5,1.951547384262085,2.0101449489593506,0.058597564697265625,0.7400000095367432,0.6119382381439209,0.12806177139282227,0.4399999976158142,0.36365988850593567,0.07634010910987854,1.2799999713897705,1.019168496131897,0.26083147525787354,0.4300000071525574,0.33114033937454224,0.09885966777801514
1532672d0a5db819,gemver-medium,gemver-medium,lv2:__PARA__L0-1.__PARA__L1-1.__PARA__L2-1.__PARA__L3-1.__PARA__L4-1.__PARA__L5-2.__PARA__L6-4.__PIPE__L0-off.__PIPE__L1-off.__PIPE__L3-off.__TILE__L0-1.__TILE__L1-1.__TILE__L3-1,target,query,query,finetune_dataset,data_536.pt,837613.0,gatedgcn_vn,5,50,paper_exact_seed5,1.7887861728668213,1.732818841934204,0.05596733093261719,0.019999999552965164,-0.004994913935661316,0.02499491348862648,0.009999999776482582,-0.009999752044677734,0.019999751821160316,0.0,-0.08742694556713104,0.08742694556713104,0.11999999731779099,0.18770508468151093,0.06770508736371994
2534d0e759e5071a,gemver-medium,gemver-medium,lv2:__PARA__L0-1.__PARA__L1-1.__PARA__L2-1.__PARA__L3-1.__PARA__L4-1.__PARA__L5-10.__PARA__L6-5.__PIPE__L0-off.__PIPE__L1-off.__PIPE__L3-NA.__TILE__L0-1.__TILE__L1-1.__TILE__L3-1,target,query,query,finetune_dataset,data_501.pt,479415.0,gatedgcn_vn,5,50,paper_exact_seed5,2.1912906169891357,2.158413887023926,0.03287672996520996,0.03999999910593033,0.05406126379966736,0.01406126469373703,0.019999999552965164,0.01909199357032776,0.0009080059826374054,0.009999999776482582,-0.0003641396760940552,0.010364139452576637,0.05000000074505806,0.23499587178230286,0.1849958747625351
842ba928da8028f1,gemver-medium,gemver-medium,lv2:__PARA__L0-1.__PARA__L1-1.__PARA__L2-1.__PARA__L3-1.__PARA__L4-1.__PARA__L5-4.__PARA__L6-10.__PIPE__L0-flatten.__PIPE__L1-off.__PIPE__L3-NA.__TILE__L0-1.__TILE__L1-1.__TILE__L3-1,target,query,query,finetune_dataset,data_554.pt,348029.0,gatedgcn_vn,5,50,paper_exact_seed5,2.4223244190216064,2.2647197246551514,0.15760469436645508,0.7400000095367432,0.686775267124176,0.05322474241256714,0.44999998807907104,0.3839672803878784,0.06603270769119263,1.2899999618530273,1.1563560962677002,0.13364386558532715,0.4300000071525574,0.3777585029602051,0.052241504192352295
32d58a29b225edc8,gemver-medium,gemver-medium,lv2:__PARA__L0-1.__PARA__L1-1.__PARA__L2-1.__PARA__L3-1.__PARA__L4-1.__PARA__L5-4.__PARA__L6-1.__PIPE__L0-flatten.__PIPE__L1-off.__PIPE__L3-flatten.__TILE__L0-1.__TILE__L1-1.__TILE__L3-1,target,query,query,finetune_dataset,data_549.pt,258829.0,gatedgcn_vn,5,50,paper_exact_seed5,2.6359283924102783,2.2668991088867188,0.36902928352355957,0.8299999833106995,1.0119575262069702,0.18195754289627075,0.5400000214576721,0.6920076608657837,0.15200763940811157,1.2799999713897705,1.7015260457992554,0.42152607440948486,0.4300000071525574,0.37251073122024536,0.05748927593231201
0a7815b4a5090fb0,gemver-medium,gemver-medium,lv2:__PARA__L0-1.__PARA__L1-1.__PARA__L2-1.__PARA__L3-1.__PARA__L4-1.__PARA__L5-5.__PARA__L6-4.__PIPE__L0-off.__PIPE__L1-off.__PIPE__L3-NA.__TILE__L0-1.__TILE__L1-1.__TILE__L3-1,target,query,query,finetune_dataset,data_605.pt,598220.0,gatedgcn_vn,5,50,paper_exact_seed5,2.031589984893799,2.0160152912139893,0.01557469367980957,0.029999999329447746,0.023992642760276794,0.006007356569170952,0.009999999776482582,-0.007227763533592224,0.017227763310074806,0.0,-0.00757366418838501,0.00757366418838501,0.30000001192092896,0.2459939569234848,0.05400605499744415
b447e908d3ee5320,gemver-medium,gemver-medium,lv2:__PARA__L0-1.__PARA__L1-1.__PARA__L2-1.__PARA__L3-1.__PARA__L4-1.__PARA__L5-2.__PARA__L6-8.__PIPE__L0-flatten.__PIPE__L1-off.__PIPE__L3-NA.__TILE__L0-1.__TILE__L1-1.__TILE__L3-1,target,query,query,finetune_dataset,data_545.pt,566535.0,gatedgcn_vn,5,50,paper_exact_seed5,2.070845603942871,2.1049301624298096,0.03408455848693848,0.6800000071525574,0.6573095917701721,0.022690415382385254,0.41999998688697815,0.3831024169921875,0.03689756989479065,1.2899999618530273,1.0894383192062378,0.20056164264678955,0.23999999463558197,0.2996923625469208,0.059692367911338806
858ff888300b806f,gemver-medium,gemver-medium,lv2:__PARA__L0-1.__PARA__L1-1.__PARA__L2-1.__PARA__L3-1.__PARA__L4-1.__PARA__L5-1.__PARA__L6-2.__PIPE__L0-off.__PIPE__L1-flatten.__PIPE__L3-off.__TILE__L0-1.__TILE__L1-1.__TILE__L3-8,target,query,query,finetune_dataset,data_448.pt,747465.0,gatedgcn_vn,5,50,paper_exact_seed5,1.8709250688552856,1.7509528398513794,0.11997222900390625,0.6100000143051147,0.5481002330780029,0.061899781227111816,0.30000001192092896,0.31943291425704956,0.019432902336120605,0.6399999856948853,0.8047223091125488,0.16472232341766357,0.12999999523162842,0.20265287160873413,0.07265287637710571
658a43b6874223a8,gemver-medium,gemver-medium,lv2:__PARA__L0-1.__PARA__L1-1.__PARA__L2-1.__PARA__L3-1.__PARA__L4-2.__PARA__L5-1.__PARA__L6-400.__PIPE__L0-off.__PIPE__L1-flatten.__PIPE__L3-off.__TILE__L0-1.__TILE__L1-1.__TILE__L3-8,target,query,query,finetune_dataset,data_645.pt,174135.0,gatedgcn_vn,5,50,paper_exact_seed5,2.9218249320983887,2.7325878143310547,0.18923711776733398,1.340000033378601,0.9731072783470154,0.3668927550315857,0.9599999785423279,0.643938422203064,0.3160615563392639,2.0399999618530273,1.5365960597991943,0.503403902053833,0.30000001192092896,0.3333287835121155,0.03332877159118652
1a4bb6b034bde6c2,gemver-medium,gemver-medium,lv2:__PARA__L0-1.__PARA__L1-1.__PARA__L2-1.__PARA__L3-1.__PARA__L4-1.__PARA__L5-8.__PARA__L6-2.__PIPE__L0-off.__PIPE__L1-off.__PIPE__L3-off.__TILE__L0-1.__TILE__L1-1.__TILE__L3-1,target,query,query,finetune_dataset,data_621.pt,741212.0,gatedgcn_vn,5,50,paper_exact_seed5,1.87698495388031,1.8994710445404053,0.022486090660095215,0.029999999329447746,0.0006241053342819214,0.029375893995165825,0.009999999776482582,-0.022576093673706055,0.03257609158754349,0.0,-0.1196800172328949,0.1196800172328949,0.28999999165534973,0.20636165142059326,0.08363834023475647
3b3eea8d09d234c1,gemver-medium,gemver-medium,lv2:__PARA__L0-1.__PARA__L1-1.__PARA__L2-1.__PARA__L3-1.__PARA__L4-1.__PARA__L5-4.__PARA__L6-25.__PIPE__L0-off.__PIPE__L1-off.__PIPE__L3-NA.__TILE__L0-1.__TILE__L1-1.__TILE__L3-1,target,query,query,finetune_dataset,data_572.pt,468629.0,gatedgcn_vn,5,50,paper_exact_seed5,2.207705020904541,2.040268659591675,0.1674363613128662,0.05999999865889549,0.03153853118419647,0.02846146747469902,0.029999999329447746,-0.0029939115047454834,0.03299391269683838,0.019999999552965164,-0.037679657340049744,0.05767965689301491,0.28999999165534973,0.18681436777114868,0.10318562388420105
fe1f6d87f4424e94,gemver-medium,gemver-medium,lv2:__PARA__L0-1.__PARA__L1-1.__PARA__L2-1.__PARA__L3-1.__PARA__L4-1.__PARA__L5-1.__PARA__L6-10.__PIPE__L0-flatten.__PIPE__L1-off.__PIPE__L3-off.__TILE__L0-1.__TILE__L1-1.__TILE__L3-1,target,query,query,finetune_dataset,data_437.pt,947503.0,gatedgcn_vn,5,50,paper_exact_seed5,1.6998628377914429,1.8638744354248047,0.16401159763336182,0.6700000166893005,0.6783983707427979,0.008398354053497314,0.41999998688697815,0.4042256772518158,0.015774309635162354,1.2799999713897705,1.2237319946289062,0.05626797676086426,0.23999999463558197,0.29601699113845825,0.05601699650287628
5ece08fb01c7b911,gemver-medium,gemver-medium,lv2:__PARA__L0-1.__PARA__L1-1.__PARA__L2-1.__PARA__L3-1.__PARA__L4-1.__PARA__L5-4.__PARA__L6-25.__PIPE__L0-off.__PIPE__L1-off.__PIPE__L3-off.__TILE__L0-1.__TILE__L1-1.__TILE__L3-1,target,query,query,finetune_dataset,data_573.pt,477213.0,gatedgcn_vn,5,50,paper_exact_seed5,2.1946113109588623,2.030029535293579,0.1645817756652832,0.05000000074505806,0.019135430455207825,0.030864570289850235,0.019999999552965164,-0.01393553614616394,0.033935535699129105,0.009999999776482582,-0.048431724309921265,0.0584317222237587,0.28999999165534973,0.22977381944656372,0.06022617220878601
42bcdb5ed3fa6924,gemver-medium,gemver-medium,lv2:__PARA__L0-1.__PARA__L1-1.__PARA__L2-1.__PARA__L3-1.__PARA__L4-1.__PARA__L5-10.__PARA__L6-10.__PIPE__L0-off.__PIPE__L1-off.__PIPE__L3-NA.__TILE__L0-1.__TILE__L1-1.__TILE__L3-1,target,query,query,finetune_dataset,data_488.pt,399417.0,gatedgcn_vn,5,50,paper_exact_seed5,2.3229801654815674,2.1842591762542725,0.13872098922729492,0.05000000074505806,0.07035744935274124,0.020357448607683182,0.019999999552965164,0.024451404809951782,0.004451405256986618,0.009999999776482582,-0.0022524669766426086,0.01225246675312519,0.05000000074505806,0.214612677693367,0.16461268067359924
c095eb4c2009d900,gemver-medium,gemver-medium,lv2:__PARA__L0-1.__PARA__L1-1.__PARA__L2-1.__PARA__L3-1.__PARA__L4-1.__PARA__L5-8.__PARA__L6-8.__PIPE__L0-off.__PIPE__L1-off.__PIPE__L3-NA.__TILE__L0-1.__TILE__L1-1.__TILE__L3-1,target,query,query,finetune_dataset,data_633.pt,440570.0,gatedgcn_vn,5,50,paper_exact_seed5,2.2522425651550293,2.1567976474761963,0.09544491767883301,0.03999999910593033,0.05103909224271774,0.011039093136787415,0.019999999552965164,0.006967306137084961,0.013032693415880203,0.009999999776482582,-0.009269818663597107,0.01926981844007969,0.28999999165534973,0.2280268669128418,0.061973124742507935
e791599a06b64fdd,gemver-medium,gemver-medium,lv2:__PARA__L0-1.__PARA__L1-1.__PARA__L2-1.__PARA__L3-1.__PARA__L4-1.__PARA__L5-5.__PARA__L6-1.__PIPE__L0-off.__PIPE__L1-off.__PIPE__L3-flatten.__TILE__L0-1.__TILE__L1-1.__TILE__L3-1,target,query,query,finetune_dataset,data_592.pt,387615.0,gatedgcn_vn,5,50,paper_exact_seed5,2.344615936279297,1.949355959892273,0.3952599763870239,0.6399999856948853,0.6174944639205933,0.022505521774291992,0.4099999964237213,0.3943580090999603,0.015641987323760986,1.1100000143051147,1.0852446556091309,0.024755358695983887,0.800000011920929,0.34578442573547363,0.4542155861854553
9b6ded63e303dd42,gemver-medium,gemver-medium,lv2:__PARA__L0-1.__PARA__L1-1.__PARA__L2-1.__PARA__L3-1.__PARA__L4-1.__PARA__L5-4.__PARA__L6-10.__PIPE__L0-off.__PIPE__L1-off.__PIPE__L3-NA.__TILE__L0-1.__TILE__L1-1.__TILE__L3-1,target,query,query,finetune_dataset,data_556.pt,516869.0,gatedgcn_vn,5,50,paper_exact_seed5,2.137028694152832,2.0470824241638184,0.08994626998901367,0.03999999910593033,0.02872413396835327,0.011275865137577057,0.019999999552965164,-0.006846725940704346,0.02684672549366951,0.009999999776482582,-0.013197466731071472,0.023197466507554054,0.18000000715255737,0.21888816356658936,0.03888815641403198
b25403802978da1b,gemver-medium,gemver-medium,lv2:__PARA__L0-1.__PARA__L1-1.__PARA__L2-1.__PARA__L3-1.__PARA__L4-1.__PARA__L5-2.__PARA__L6-20.__PIPE__L0-off.__PIPE__L1-off.__PIPE__L3-off.__TILE__L0-1.__TILE__L1-1.__TILE__L3-1,target,query,query,finetune_dataset,data_526.pt,682413.0,gatedgcn_vn,5,50,paper_exact_seed5,1.9366055727005005,1.826596975326538,0.1100085973739624,0.03999999910593033,0.025589823722839355,0.014410175383090973,0.019999999552965164,0.0014642924070358276,0.018535707145929337,0.009999999776482582,-0.09051720798015594,0.10051720589399338,0.18000000715255737,0.17304885387420654,0.00695115327835083
a8247c256499520b,gemver-medium,gemver-medium,lv2:__PARA__L0-1.__PARA__L1-1.__PARA__L2-1.__PARA__L3-1.__PARA__L4-1.__PARA__L5-4.__PARA__L6-5.__PIPE__L0-off.__PIPE__L1-off.__PIPE__L3-NA.__TILE__L0-1.__TILE__L1-1.__TILE__L3-1,target,query,query,finetune_dataset,data_584.pt,597269.0,gatedgcn_vn,5,50,paper_exact_seed5,2.0327377319335938,1.9891588687896729,0.0435788631439209,0.029999999329447746,0.021001383662223816,0.00899861566722393,0.009999999776482582,-0.00706838071346283,0.01706838048994541,0.0,0.00732799619436264,0.00732799619436264,0.18000000715255737,0.24130985140800476,0.06130984425544739
af43dc6e8bb3ccc6,gemver-medium,gemver-medium,lv2:__PARA__L0-1.__PARA__L1-1.__PARA__L2-1.__PARA__L3-1.__PARA__L4-1.__PARA__L5-4.__PARA__L6-10.__PIPE__L0-flatten.__PIPE__L1-off.__PIPE__L3-off.__TILE__L0-1.__TILE__L1-1.__TILE__L3-1,target,query,query,finetune_dataset,data_555.pt,354373.0,gatedgcn_vn,5,50,paper_exact_seed5,2.4092936515808105,2.0906715393066406,0.3186221122741699,0.7300000190734863,0.6940056681632996,0.03599435091018677,0.4399999976158142,0.37512779235839844,0.06487220525741577,1.2799999713897705,1.2287192344665527,0.05128073692321777,0.4300000071525574,0.39121055603027344,0.038789451122283936
768cf60a93610532,gemver-medium,gemver-medium,lv2:__PARA__L0-1.__PARA__L1-1.__PARA__L2-1.__PARA__L3-1.__PARA__L4-1.__PARA__L5-1.__PARA__L6-8.__PIPE__L0-flatten.__PIPE__L1-off.__PIPE__L3-NA.__TILE__L0-1.__TILE__L1-1.__TILE__L3-1,target,query,query,finetune_dataset,data_482.pt,962465.0,gatedgcn_vn,5,50,paper_exact_seed5,1.6885610818862915,2.0097243785858154,0.3211632966995239,0.6700000166893005,0.6670011281967163,0.0029988884925842285,0.41999998688697815,0.3932552933692932,0.026744693517684937,1.2899999618530273,1.1267492771148682,0.16325068473815918,0.23999999463558197,0.2944416105747223,0.05444161593914032
c4c3345a7057f3e3,gemver-medium,gemver-medium,lv2:__PARA__L0-1.__PARA__L1-1.__PARA__L2-1.__PARA__L3-1.__PARA__L4-1.__PARA__L5-4.__PARA__L6-5.__PIPE__L0-off.__PIPE__L1-off.__PIPE__L3-off.__TILE__L0-1.__TILE__L1-1.__TILE__L3-1,target,query,query,finetune_dataset,data_585.pt,601213.0,gatedgcn_vn,5,50,paper_exact_seed5,2.0279901027679443,2.046264171600342,0.01827406883239746,0.029999999329447746,-0.0022781044244766235,0.03227810561656952,0.009999999776482582,-0.027241051197052002,0.037241049110889435,0.0,-0.048249438405036926,0.048249438405036926,0.18000000715255737,0.25969716906547546,0.07969716191291809
b34fe29ee40cbfd8,gemver-medium,gemver-medium,lv2:__PARA__L0-1.__PARA__L1-1.__PARA__L2-1.__PARA__L3-1.__PARA__L4-1.__PARA__L5-2.__PARA__L6-64.__PIPE__L0-flatten.__PIPE__L1-off.__PIPE__L3-off.__TILE__L0-1.__TILE__L1-1.__TILE__L3-1,target,query,query,finetune_dataset,data_543.pt,529573.0,gatedgcn_vn,5,50,paper_exact_seed5,2.1195132732391357,2.040889024734497,0.07862424850463867,0.6800000071525574,0.6811941862106323,0.0011941790580749512,0.4300000071525574,0.3779323399066925,0.05206766724586487,1.2799999713897705,0.9706763029098511,0.30932366847991943,0.23999999463558197,0.28901034593582153,0.04901035130023956
7f3a6a68a52a7805,gemver-medium,gemver-medium,lv2:__PARA__L0-1.__PARA__L1-1.__PARA__L2-1.__PARA__L3-1.__PARA__L4-1.__PARA__L5-10.__PARA__L6-16.__PIPE__L0-off.__PIPE__L1-off.__PIPE__L3-off.__TILE__L0-1.__TILE__L1-1.__TILE__L3-1,target,query,query,finetune_dataset,data_491.pt,377761.0,gatedgcn_vn,5,50,paper_exact_seed5,2.3631911277770996,2.1650941371917725,0.19809699058532715,0.03999999910593033,0.03827384114265442,0.0017261579632759094,0.019999999552965164,-0.022634536027908325,0.04263453558087349,0.009999999776482582,-0.015426628291606903,0.025426628068089485,0.05000000074505806,0.23068252205848694,0.18068252503871918
8df81f2d5dd78bc5,gemver-medium,gemver-medium,lv2:__PARA__L0-1.__PARA__L1-1.__PARA__L2-1.__PARA__L3-1.__PARA__L4-1.__PARA__L5-5.__PARA__L6-64.__PIPE__L0-off.__PIPE__L1-off.__PIPE__L3-off.__TILE__L0-1.__TILE__L1-1.__TILE__L3-1,target,query,query,finetune_dataset,data_609.pt,462363.0,gatedgcn_vn,5,50,paper_exact_seed5,2.2174150943756104,2.132263660430908,0.08515143394470215,0.07999999821186066,0.07063993811607361,0.009360060095787048,0.03999999910593033,0.034642428159713745,0.005357570946216583,0.03999999910593033,-0.01854090392589569,0.05854090303182602,0.05999999865889549,0.23487915098667145,0.17487914860248566
eeca14754570c01b,gemver-medium,gemver-medium,lv2:__PARA__L0-1.__PARA__L1-1.__PARA__L2-1.__PARA__L3-1.__PARA__L4-1.__PARA__L5-2.__PARA__L6-400.__PIPE__L0-flatten.__PIPE__L1-off.__PIPE__L3-off.__TILE__L0-1.__TILE__L1-1.__TILE__L3-1,target,query,query,finetune_dataset,data_537.pt,472821.0,gatedgcn_vn,5,50,paper_exact_seed5,2.2012810707092285,2.47314190864563,0.27186083793640137,0.699999988079071,1.0151147842407227,0.3151147961616516,0.46000000834465027,0.6600618362426758,0.2000618278980255,1.2799999713897705,1.61065673828125,0.3306567668914795,0.23999999463558197,0.3389793634414673,0.09897936880588531
47bc00fe4ed487e8,gemver-medium,gemver-medium,lv2:__PARA__L0-1.__PARA__L1-1.__PARA__L2-1.__PARA__L3-1.__PARA__L4-1.__PARA__L5-1.__PARA__L6-32.__PIPE__L0-off.__PIPE__L1-flatten.__PIPE__L3-off.__TILE__L0-1.__TILE__L1-1.__TILE__L3-8,target,query,query,finetune_dataset,data_463.pt,339417.0,gatedgcn_vn,5,50,paper_exact_seed5,2.440398693084717,2.3483481407165527,0.09205055236816406,0.6299999952316284,0.6010352373123169,0.028964757919311523,0.3199999928474426,0.3077429234981537,0.01225706934928894,0.6600000262260437,0.7377125024795532,0.07771247625350952,0.25,0.281649649143219,0.031649649143218994
ad996a6ca183f670,gemver-medium,gemver-medium,lv2:__PARA__L0-1.__PARA__L1-1.__PARA__L2-1.__PARA__L3-1.__PARA__L4-1.__PARA__L5-1.__PARA__L6-2.__PIPE__L0-flatten.__PIPE__L1-off.__PIPE__L3-off.__TILE__L0-1.__TILE__L1-1.__TILE__L3-1,target,query,query,finetune_dataset,data_447.pt,1265103.0,gatedgcn_vn,5,50,paper_exact_seed5,1.4913365840911865,1.555229663848877,0.06389307975769043,0.6700000166893005,0.5985602736473083,0.07143974304199219,0.41999998688697815,0.36578863859176636,0.05421134829521179,1.2799999713897705,1.0202337503433228,0.25976622104644775,0.23999999463558197,0.21473264694213867,0.0252673476934433
7802cd1a71e2ebb3,gemver-medium,gemver-medium,lv2:__PARA__L0-1.__PARA__L1-1.__PARA__L2-1.__PARA__L3-1.__PARA__L4-1.__PARA__L5-1.__PARA__L6-5.__PIPE__L0-flatten.__PIPE__L1-off.__PIPE__L3-NA.__TILE__L0-1.__TILE__L1-1.__TILE__L3-1,target,query,query,finetune_dataset,data_473.pt,1021559.0,gatedgcn_vn,5,50,paper_exact_seed5,1.6455777883529663,1.911402702331543,0.26582491397857666,0.6700000166893005,0.6682251691818237,0.0017748475074768066,0.41999998688697815,0.40321382880210876,0.016786158084869385,1.2799999713897705,1.1388355493545532,0.14116442203521729,0.23999999463558197,0.2996343672275543,0.05963437259197235
13d51c60d3db7723,gemver-medium,gemver-medium,lv2:__PARA__L0-1.__PARA__L1-1.__PARA__L2-1.__PARA__L3-1.__PARA__L4-1.__PARA__L5-4.__PARA__L6-10.__PIPE__L0-off.__PIPE__L1-off.__PIPE__L3-off.__TILE__L0-1.__TILE__L1-1.__TILE__L3-1,target,query,query,finetune_dataset,data_557.pt,523213.0,gatedgcn_vn,5,50,paper_exact_seed5,2.1282289028167725,2.062410354614258,0.06581854820251465,0.029999999329447746,0.00889115035533905,0.021108848974108696,0.009999999776482582,-0.028391718864440918,0.03839171677827835,0.0,-0.052761152386665344,0.052761152386665344,0.18000000715255737,0.2420976161956787,0.06209760904312134
ebd95f41307d86ed,gemver-medium,gemver-medium,lv2:__PARA__L0-1.__PARA__L1-1.__PARA__L2-1.__PARA__L3-1.__PARA__L4-1.__PARA__L5-2.__PARA__L6-1.__PIPE__L0-flatten.__PIPE__L1-off.__PIPE__L3-off.__TILE__L0-1.__TILE__L1-1.__TILE__L3-1,target,query,query,finetune_dataset,data_507.pt,1261573.0,gatedgcn_vn,5,50,paper_exact_seed5,1.4933521747589111,1.5433428287506104,0.04999065399169922,0.6499999761581421,0.626815140247345,0.02318483591079712,0.41999998688697815,0.38697922229766846,0.03302076458930969,1.2799999713897705,1.0851954221725464,0.19480454921722412,0.23999999463558197,0.22399568557739258,0.016004309058189392
3fe4d0313cca2a9b,gemver-medium,gemver-medium,lv2:__PARA__L0-1.__PARA__L1-1.__PARA__L2-1.__PARA__L3-1.__PARA__L4-2.__PARA__L5-1.__PARA__L6-8.__PIPE__L0-off.__PIPE__L1-flatten.__PIPE__L3-off.__TILE__L0-1.__TILE__L1-1.__TILE__L3-8,target,query,query,finetune_dataset,data_648.pt,310035.0,gatedgcn_vn,5,50,paper_exact_seed5,2.5057125091552734,2.168588876724243,0.3371236324310303,0.6100000143051147,0.5652640461921692,0.04473596811294556,0.3100000023841858,0.3125951290130615,0.0025951266288757324,0.6399999856948853,0.8987506628036499,0.25875067710876465,0.18000000715255737,0.2769623398780823,0.0969623327255249
a6d12815f059afc2,gemver-medium,gemver-medium,lv2:__PARA__L0-1.__PARA__L1-1.__PARA__L2-1.__PARA__L3-1.__PARA__L4-1.__PARA__L5-1.__PARA__L6-8.__PIPE__L0-flatten.__PIPE__L1-off.__PIPE__L3-off.__TILE__L0-1.__TILE__L1-1.__TILE__L3-1,target,query,query,finetune_dataset,data_483.pt,968303.0,gatedgcn_vn,5,50,paper_exact_seed5,1.6841988563537598,1.824034333229065,0.13983547687530518,0.6600000262260437,0.6734492778778076,0.013449251651763916,0.41999998688697815,0.40411731600761414,0.015882670879364014,1.2799999713897705,1.236569881439209,0.04343008995056152,0.23999999463558197,0.29793134331703186,0.05793134868144989
ea9580005e96c617,gemver-medium,gemver-medium,lv2:__PARA__L0-1.__PARA__L1-1.__PARA__L2-1.__PARA__L3-1.__PARA__L4-1.__PARA__L5-10.__PARA__L6-1.__PIPE__L0-off.__PIPE__L1-off.__PIPE__L3-off.__TILE__L0-1.__TILE__L1-1.__TILE__L3-1,target,query,query,finetune_dataset,data_487.pt,1116561.0,gatedgcn_vn,5,50,paper_exact_seed5,1.5814330577850342,1.8311347961425781,0.24970173835754395,0.03999999910593033,-0.00816662609577179,0.04816662520170212,0.009999999776482582,-0.01588943600654602,0.025889435783028603,0.0,-0.07387024164199829,0.07387024164199829,0.05000000074505806,0.21163040399551392,0.16163040697574615
1e2ebb43fa259075,gemver-medium,gemver-medium,lv2:__PARA__L0-1.__PARA__L1-1.__PARA__L2-1.__PARA__L3-1.__PARA__L4-1.__PARA__L5-1.__PARA__L6-1.__PIPE__L0-off.__PIPE__L1-flatten.__PIPE__L3-off.__TILE__L0-1.__TILE__L1-1.__TILE__L3-8,target,query,query,finetune_dataset,data_433.pt,1091472.0,gatedgcn_vn,5,50,paper_exact_seed5,1.5978264808654785,1.6495671272277832,0.05174064636230469,0.6200000047683716,0.5864434242248535,0.033556580543518066,0.3100000023841858,0.3520634174346924,0.04206341505050659,0.6399999856948853,0.8975539207458496,0.25755393505096436,0.18000000715255737,0.20855095982551575,0.028550952672958374
32dfa05f97e3183b,gemver-medium,gemver-medium,lv2:__PARA__L0-1.__PARA__L1-1.__PARA__L2-1.__PARA__L3-1.__PARA__L4-1.__PARA__L5-5.__PARA__L6-32.__PIPE__L0-off.__PIPE__L1-off.__PIPE__L3-off.__TILE__L0-1.__TILE__L1-1.__TILE__L3-1,target,query,query,finetune_dataset,data_604.pt,471563.0,gatedgcn_vn,5,50,paper_exact_seed5,2.203202724456787,2.0851857662200928,0.11801695823669434,0.05000000074505806,0.03416252136230469,0.015837479382753372,0.019999999552965164,-0.0026763975620269775,0.02267639711499214,0.019999999552965164,-0.04769669473171234,0.06769669055938721,0.05999999865889549,0.23151303827762604,0.17151303589344025
3f814bf3cb2014e1,gemver-medium,gemver-medium,lv2:__PARA__L0-1.__PARA__L1-1.__PARA__L2-1.__PARA__L3-1.__PARA__L4-1.__PARA__L5-1.__PARA__L6-8.__PIPE__L0-off.__PIPE__L1-off.__PIPE__L3-off.__TILE__L0-1.__TILE__L1-1.__TILE__L3-1,target,query,query,finetune_dataset,data_486.pt,1135212.0,gatedgcn_vn,5,50,paper_exact_seed5,1.5694831609725952,1.6139354705810547,0.04445230960845947,0.029999999329447746,0.01229463517665863,0.017705364152789116,0.009999999776482582,-0.005619943141937256,0.015619942918419838,0.0,-0.045732125639915466,0.045732125639915466,0.11999999731779099,0.16707447171211243,0.04707447439432144
d76b59724307206f,gemver-medium,gemver-medium,lv2:__PARA__L0-1.__PARA__L1-1.__PARA__L2-1.__PARA__L3-1.__PARA__L4-1.__PARA__L5-4.__PARA__L6-16.__PIPE__L0-off.__PIPE__L1-off.__PIPE__L3-off.__TILE__L0-1.__TILE__L1-1.__TILE__L3-1,target,query,query,finetune_dataset,data_561.pt,494813.0,gatedgcn_vn,5,50,paper_exact_seed5,2.1684863567352295,2.0576698780059814,0.11081647872924805,0.029999999329447746,0.01290072500705719,0.017099274322390556,0.009999999776482582,-0.02441522479057312,0.03441522270441055,0.009999999776482582,-0.051776692271232605,0.06177669018507004,0.18000000715255737,0.23455990850925446,0.05455990135669708
97f4543bc45808b5,gemver-medium,gemver-medium,lv2:__PARA__L0-1.__PARA__L1-1.__PARA__L2-1.__PARA__L3-16.__PARA__L4-1.__PARA__L5-1.__PARA__L6-1.__PIPE__L0-flatten.__PIPE__L1-off.__PIPE__L3-off.__TILE__L0-1.__TILE__L1-1.__TILE__L3-1,target,query,query,finetune_dataset,data_649.pt,1721873.0,gatedgcn_vn,5,50,paper_exact_seed5,1.2689746618270874,1.41205632686615,0.1430816650390625,0.6499999761581421,0.7254285216331482,0.0754285454750061,0.4300000071525574,0.4872712194919586,0.057271212339401245,1.2799999713897705,1.2781894207000732,0.0018105506896972656,0.23999999463558197,0.25653278827667236,0.016532793641090393
31c578a0b82fae90,gemver-medium,gemver-medium,lv2:__PARA__L0-1.__PARA__L1-1.__PARA__L2-1.__PARA__L3-1.__PARA__L4-1.__PARA__L5-5.__PARA__L6-1.__PIPE__L0-off.__PIPE__L1-off.__PIPE__L3-off.__TILE__L0-1.__TILE__L1-1.__TILE__L3-1,target,query,query,finetune_dataset,data_593.pt,1194764.0,gatedgcn_vn,5,50,paper_exact_seed5,1.532601237297058,1.7270293235778809,0.19442808628082275,0.029999999329447746,-0.010030969977378845,0.04003097116947174,0.009999999776482582,-0.014188706874847412,0.024188706651329994,0.0,-0.05890379846096039,0.05890379846096039,0.30000001192092896,0.2128843069076538,0.08711570501327515
9eefe9932bd3de70,gemver-medium,gemver-medium,lv2:__PARA__L0-1.__PARA__L1-1.__PARA__L2-1.__PARA__L3-1.__PARA__L4-1.__PARA__L5-10.__PARA__L6-5.__PIPE__L0-off.__PIPE__L1-off.__PIPE__L3-off.__TILE__L0-1.__TILE__L1-1.__TILE__L3-1,target,query,query,finetune_dataset,data_502.pt,482961.0,gatedgcn_vn,5,50,paper_exact_seed5,2.1859748363494873,2.1573069095611572,0.028667926788330078,0.03999999910593033,0.006298854947090149,0.03370114415884018,0.009999999776482582,-0.03305003046989441,0.04305002838373184,0.0,-0.04924510419368744,0.04924510419368744,0.05000000074505806,0.2538905441761017,0.20389054715633392
5b9287120925f2a0,gemver-medium,gemver-medium,lv2:__PARA__L0-1.__PARA__L1-1.__PARA__L2-1.__PARA__L3-1.__PARA__L4-1.__PARA__L5-4.__PARA__L6-8.__PIPE__L0-off.__PIPE__L1-off.__PIPE__L3-off.__TILE__L0-1.__TILE__L1-1.__TILE__L3-1,target,query,query,finetune_dataset,data_591.pt,543213.0,gatedgcn_vn,5,50,paper_exact_seed5,2.1011691093444824,2.060163974761963,0.04100513458251953,0.029999999329447746,0.006272956728935242,0.023727042600512505,0.009999999776482582,-0.028750300407409668,0.0387502983212471,0.0,-0.05332443118095398,0.05332443118095398,0.18000000715255737,0.24795153737068176,0.06795153021812439
237b0c1afc129a58,gemver-medium,gemver-medium,lv2:__PARA__L0-1.__PARA__L1-1.__PARA__L2-1.__PARA__L3-1.__PARA__L4-1.__PARA__L5-5.__PARA__L6-10.__PIPE__L0-off.__PIPE__L1-off.__PIPE__L3-NA.__TILE__L0-1.__TILE__L1-1.__TILE__L3-1,target,query,query,finetune_dataset,data_594.pt,478022.0,gatedgcn_vn,5,50,paper_exact_seed5,2.193389654159546,2.0963149070739746,0.09707474708557129,0.03999999910593033,0.03622390329837799,0.0037760958075523376,0.019999999552965164,-0.0012523382902145386,0.021252337843179703,0.009999999776482582,-0.016991063952445984,0.026991063728928566,0.30000001192092896,0.22255197167396545,0.0774480402469635
13a09a66c1972ec3,gemver-medium,gemver-medium,lv2:__PARA__L0-1.__PARA__L1-1.__PARA__L2-1.__PARA__L3-1.__PARA__L4-1.__PARA__L5-1.__PARA__L6-20.__PIPE__L0-off.__PIPE__L1-off.__PIPE__L3-NA.__TILE__L0-1.__TILE__L1-1.__TILE__L3-1,target,query,query,finetune_dataset,data_454.pt,1070670.0,gatedgcn_vn,5,50,paper_exact_seed5,1.611707091331482,1.7490992546081543,0.13739216327667236,0.03999999910593033,0.053835026919841766,0.013835027813911438,0.019999999552965164,0.016223609447479248,0.003776390105485916,0.009999999776482582,-0.01178346574306488,0.021783465519547462,0.18000000715255737,0.13348601758480072,0.04651398956775665
7204e0306d235f1d,gemver-medium,gemver-medium,lv2:__PARA__L0-1.__PARA__L1-1.__PARA__L2-1.__PARA__L3-1.__PARA__L4-1.__PARA__L5-5.__PARA__L6-25.__PIPE__L0-off.__PIPE__L1-off.__PIPE__L3-off.__TILE__L0-1.__TILE__L1-1.__TILE__L3-1,target,query,query,finetune_dataset,data_603.pt,437963.0,gatedgcn_vn,5,50,paper_exact_seed5,2.256523609161377,2.080366849899292,0.17615675926208496,0.07000000029802322,0.023771658539772034,0.04622834175825119,0.019999999552965164,-0.011074990034103394,0.031074989587068558,0.009999999776482582,-0.047657132148742676,0.05765713006258011,0.05999999865889549,0.23329687118530273,0.17329686880111694
4bb451a569de3df5,gemver-medium,gemver-medium,lv2:__PARA__L0-1.__PARA__L1-1.__PARA__L2-1.__PARA__L3-1.__PARA__L4-1.__PARA__L5-8.__PARA__L6-20.__PIPE__L0-off.__PIPE__L1-off.__PIPE__L3-off.__TILE__L0-1.__TILE__L1-1.__TILE__L3-1,target,query,query,finetune_dataset,data_623.pt,388411.0,gatedgcn_vn,5,50,paper_exact_seed5,2.3431360721588135,2.141221761703491,0.20191431045532227,0.05000000074505806,0.03466634452342987,0.015333656221628189,0.019999999552965164,-0.023130610585212708,0.04313061013817787,0.009999999776482582,-0.031849607825279236,0.04184960573911667,0.05999999865889549,0.2320685237646103,0.1720685213804245
9dd2b4e7f5d15681,gemver-medium,gemver-medium,lv2:__PARA__L0-1.__PARA__L1-1.__PARA__L2-1.__PARA__L3-1.__PARA__L4-1.__PARA__L5-2.__PARA__L6-8.__PIPE__L0-flatten.__PIPE__L1-off.__PIPE__L3-off.__TILE__L0-1.__TILE__L1-1.__TILE__L3-1,target,query,query,finetune_dataset,data_546.pt,572773.0,gatedgcn_vn,5,50,paper_exact_seed5,2.062946319580078,1.9260549545288086,0.13689136505126953,0.6700000166893005,0.6599853038787842,0.010014712810516357,0.41999998688697815,0.3930513858795166,0.026948601007461548,1.2799999713897705,1.1839048862457275,0.09609508514404297,0.23999999463558197,0.30218008160591125,0.062180086970329285
eb9d1af35d4c996c,gemver-medium,gemver-medium,lv2:__PARA__L0-1.__PARA__L1-1.__PARA__L2-1.__PARA__L3-1.__PARA__L4-1.__PARA__L5-1.__PARA__L6-4.__PIPE__L0-off.__PIPE__L1-off.__PIPE__L3-NA.__TILE__L0-1.__TILE__L1-1.__TILE__L3-1,target,query,query,finetune_dataset,data_468.pt,1229866.0,gatedgcn_vn,5,50,paper_exact_seed5,1.5117135047912598,1.6010644435882568,0.08935093879699707,0.029999999329447746,0.03176301717758179,0.0017630178481340408,0.009999999776482582,0.020178556442260742,0.01017855666577816,0.0,0.006750762462615967,0.006750762462615967,0.11999999731779099,0.16733315587043762,0.04733315855264664
4b02cffad381ef74,gemver-medium,gemver-medium,lv2:__PARA__L0-1.__PARA__L1-1.__PARA__L2-1.__PARA__L3-1.__PARA__L4-1.__PARA__L5-1.__PARA__L6-1.__PIPE__L0-flatten.__PIPE__L1-flatten.__PIPE__L3-off.__TILE__L0-8.__TILE__L1-1.__TILE__L3-1,target,query,query,finetune_dataset,data_428.pt,873826.0,gatedgcn_vn,5,50,paper_exact_seed5,1.758255124092102,1.7900278568267822,0.031772732734680176,1.090000033378601,1.1841973066329956,0.09419727325439453,0.6299999952316284,0.7910686731338501,0.16106867790222168,1.75,2.012303352355957,0.26230335235595703,0.11999999731779099,0.2569756805896759,0.13697567582130432
a4af5301460b9d00,gemver-medium,gemver-medium,lv2:__PARA__L0-1.__PARA__L1-1.__PARA__L2-1.__PARA__L3-1.__PARA__L4-2.__PARA__L5-1.__PARA__L6-16.__PIPE__L0-off.__PIPE__L1-flatten.__PIPE__L3-off.__TILE__L0-1.__TILE__L1-1.__TILE__L3-8,target,query,query,finetune_dataset,data_638.pt,240035.0,gatedgcn_vn,5,50,paper_exact_seed5,2.690305709838867,2.3674092292785645,0.32289648056030273,0.6200000047683716,0.5669551491737366,0.05304485559463501,0.3100000023841858,0.29056501388549805,0.019434988498687744,0.6399999856948853,0.7621088624000549,0.12210887670516968,0.23999999463558197,0.26990625262260437,0.0299062579870224
d85aa464ab05cd12,gemver-medium,gemver-medium,lv2:__PARA__L0-1.__PARA__L1-1.__PARA__L2-1.__PARA__L3-1.__PARA__L4-1.__PARA__L5-2.__PARA__L6-1.__PIPE__L0-off.__PIPE__L1-off.__PIPE__L3-off.__TILE__L0-1.__TILE__L1-1.__TILE__L3-1,target,query,query,finetune_dataset,data_510.pt,1430413.0,gatedgcn_vn,5,50,paper_exact_seed5,1.4027482271194458,1.4029020071029663,0.0001537799835205078,0.019999999552965164,0.003459438681602478,0.016540560871362686,0.009999999776482582,0.011649340391159058,0.0016493406146764755,0.0,-0.05058304965496063,0.05058304965496063,0.11999999731779099,0.1279095709323883,0.00790957361459732
35f6be44b8a2daa1,gemver-medium,gemver-medium,lv2:__PARA__L0-1.__PARA__L1-1.__PARA__L2-1.__PARA__L3-1.__PARA__L4-2.__PARA__L5-1.__PARA__L6-25.__PIPE__L0-off.__PIPE__L1-flatten.__PIPE__L3-off.__TILE__L0-1.__TILE__L1-1.__TILE__L3-8,target,query,query,finetune_dataset,data_641.pt,210335.0,gatedgcn_vn,5,50,paper_exact_seed5,2.785583734512329,2.4169812202453613,0.3686025142669678,0.6200000047683716,0.5692566633224487,0.05074334144592285,0.3199999928474426,0.28595560789108276,0.03404438495635986,0.6399999856948853,0.6939771175384521,0.053977131843566895,0.30000001192092896,0.27087053656578064,0.029129475355148315
5e03ee828b3a552d,gemver-medium,gemver-medium,lv2:__PARA__L0-1.__PARA__L1-1.__PARA__L2-1.__PARA__L3-1.__PARA__L4-1.__PARA__L5-4.__PARA__L6-2.__PIPE__L0-off.__PIPE__L1-off.__PIPE__L3-NA.__TILE__L0-1.__TILE__L1-1.__TILE__L3-1,target,query,query,finetune_dataset,data_564.pt,836863.0,gatedgcn_vn,5,50,paper_exact_seed5,1.789432406425476,1.8440896272659302,0.0546572208404541,0.029999999329447746,0.005095630884170532,0.024904368445277214,0.009999999776482582,-0.009927839040756226,0.019927838817238808,0.0,-0.06379061937332153,0.06379061937332153,0.18000000715255737,0.19739548861980438,0.01739548146724701
1e06e029d012209f,gemver-medium,gemver-medium,lv2:__PARA__L0-1.__PARA__L1-1.__PARA__L2-1.__PARA__L3-1.__PARA__L4-1.__PARA__L5-1.__PARA__L6-32.__PIPE__L0-flatten.__PIPE__L1-off.__PIPE__L3-off.__TILE__L0-1.__TILE__L1-1.__TILE__L3-1,target,query,query,finetune_dataset,data_461.pt,935103.0,gatedgcn_vn,5,50,paper_exact_seed5,1.7093654870986938,1.9908788204193115,0.2815133333206177,0.6700000166893005,0.6774956583976746,0.0074956417083740234,0.4300000071525574,0.3882008194923401,0.041799187660217285,1.2799999713897705,1.0582754611968994,0.2217245101928711,0.23999999463558197,0.28458139300346375,0.044581398367881775
1c52d579ac75be4f,gemver-medium,gemver-medium,lv2:__PARA__L0-1.__PARA__L1-1.__PARA__L2-1.__PARA__L3-1.__PARA__L4-1.__PARA__L5-2.__PARA__L6-2.__PIPE__L0-flatten.__PIPE__L1-off.__PIPE__L3-off.__TILE__L0-1.__TILE__L1-1.__TILE__L3-1,target,query,query,finetune_dataset,data_520.pt,869573.0,gatedgcn_vn,5,50,paper_exact_seed5,1.7617745399475098,1.6480457782745361,0.11372876167297363,0.6700000166893005,0.5822510719299316,0.0877489447593689,0.41999998688697815,0.3525715470314026,0.06742843985557556,1.2799999713897705,0.9807039499282837,0.2992960214614868,0.23999999463558197,0.21943864226341248,0.020561352372169495
6bfa1888245ac30f,gemver-medium,gemver-medium,lv2:__PARA__L0-1.__PARA__L1-1.__PARA__L2-1.__PARA__L3-1.__PARA__L4-1.__PARA__L5-4.__PARA__L6-5.__PIPE__L0-flatten.__PIPE__L1-off.__PIPE__L3-off.__TILE__L0-1.__TILE__L1-1.__TILE__L3-1,target,query,query,finetune_dataset,data_583.pt,432373.0,gatedgcn_vn,5,50,paper_exact_seed5,2.2657899856567383,1.9810125827789307,0.2847774028778076,0.7300000190734863,0.6810099482536316,0.048990070819854736,0.4399999976158142,0.3844177722930908,0.05558222532272339,1.2799999713897705,1.2483205795288086,0.031679391860961914,0.4300000071525574,0.3954775035381317,0.03452250361442566
8b2f6bcb3ee50e1e,gemver-medium,gemver-medium,lv2:__PARA__L0-1.__PARA__L1-1.__PARA__L2-1.__PARA__L3-1.__PARA__L4-1.__PARA__L5-2.__PARA__L6-8.__PIPE__L0-off.__PIPE__L1-off.__PIPE__L3-NA.__TILE__L0-1.__TILE__L1-1.__TILE__L3-1,target,query,query,finetune_dataset,data_547.pt,733367.0,gatedgcn_vn,5,50,paper_exact_seed5,1.8846603631973267,1.7841179370880127,0.10054242610931396,0.029999999329447746,0.01763172447681427,0.012368274852633476,0.009999999776482582,0.004583686590194702,0.00541631318628788,0.009999999776482582,-0.036461010575294495,0.04646100848913193,0.11999999731779099,0.16439542174339294,0.04439542442560196
b93670f05cc551b5,gemver-medium,gemver-medium,lv2:__PARA__L0-1.__PARA__L1-1.__PARA__L2-1.__PARA__L3-1.__PARA__L4-1.__PARA__L5-4.__PARA__L6-32.__PIPE__L0-off.__PIPE__L1-off.__PIPE__L3-off.__TILE__L0-1.__TILE__L1-1.__TILE__L3-1,target,query,query,finetune_dataset,data_575.pt,510413.0,gatedgcn_vn,5,50,paper_exact_seed5,2.1460955142974854,2.0340399742126465,0.11205554008483887,0.05000000074505806,0.02626095712184906,0.023739043623209,0.019999999552965164,-0.004570022225379944,0.024570021778345108,0.019999999552965164,-0.04739119112491608,0.06739118695259094,0.28999999165534973,0.22804081439971924,0.06195917725563049
073ea443eaa72b1a,gemver-medium,gemver-medium,lv2:__PARA__L0-1.__PARA__L1-1.__PARA__L2-1.__PARA__L3-1.__PARA__L4-1.__PARA__L5-1.__PARA__L6-5.__PIPE__L0-off.__PIPE__L1-flatten.__PIPE__L3-off.__TILE__L0-1.__TILE__L1-1.__TILE__L3-8,target,query,query,finetune_dataset,data_475.pt,465465.0,gatedgcn_vn,5,50,paper_exact_seed5,2.2125916481018066,1.9918384552001953,0.22075319290161133,0.6100000143051147,0.60072922706604,0.009270787239074707,0.3100000023841858,0.35354289412498474,0.04354289174079895,0.6399999856948853,1.0089491605758667,0.36894917488098145,0.1599999964237213,0.29333755373954773,0.13333755731582642
6f8fa15b227a2a9b,gemver-medium,gemver-medium,lv2:__PARA__L0-1.__PARA__L1-1.__PARA__L2-1.__PARA__L3-1.__PARA__L4-1.__PARA__L5-10.__PARA__L6-2.__PIPE__L0-off.__PIPE__L1-off.__PIPE__L3-off.__TILE__L0-1.__TILE__L1-1.__TILE__L3-1,target,query,query,finetune_dataset,data_493.pt,720961.0,gatedgcn_vn,5,50,paper_exact_seed5,1.8969675302505493,1.9469714164733887,0.050003886222839355,0.03999999910593033,0.007844462990760803,0.032155536115169525,0.009999999776482582,-0.02251271903514862,0.03251271694898605,0.0,-0.10774235427379608,0.10774235427379608,0.05000000074505806,0.2012791931629181,0.15127919614315033
004efb321e4bf36a,gemver-medium,gemver-medium,lv2:__PARA__L0-1.__PARA__L1-1.__PARA__L2-1.__PARA__L3-1.__PARA__L4-1.__PARA__L5-8.__PARA__L6-1.__PIPE__L0-off.__PIPE__L1-off.__PIPE__L3-off.__TILE__L0-1.__TILE__L1-1.__TILE__L3-1,target,query,query,finetune_dataset,data_615.pt,1136812.0,gatedgcn_vn,5,50,paper_exact_seed5,1.5684672594070435,1.7868192195892334,0.21835196018218994,0.029999999329447746,-0.008769884705543518,0.038769885897636414,0.009999999776482582,-0.022119984030723572,0.032119981944561005,0.0,-0.07495710253715515,0.07495710253715515,0.28999999165534973,0.21695443987846375,0.07304555177688599
ea1c49f64583b28b,gemver-medium,gemver-medium,lv2:__PARA__L0-1.__PARA__L1-1.__PARA__L2-1.__PARA__L3-1.__PARA__L4-2.__PARA__L5-1.__PARA__L6-1.__PIPE__L0-off.__PIPE__L1-flatten.__PIPE__L3-off.__TILE__L0-1.__TILE__L1-1.__TILE__L3-8,target,query,query,finetune_dataset,data_636.pt,1011542.0,gatedgcn_vn,5,50,paper_exact_seed5,1.6526858806610107,1.7205283641815186,0.06784248352050781,0.6200000047683716,0.5555348992347717,0.06446510553359985,0.3100000023841858,0.32601019740104675,0.016010195016860962,0.6399999856948853,0.8170390129089355,0.1770390272140503,0.18000000715255737,0.20188139379024506,0.021881386637687683
090572995cc52263,gemver-medium,gemver-medium,lv2:__PARA__L0-1.__PARA__L1-1.__PARA__L2-1.__PARA__L3-1.__PARA__L4-1.__PARA__L5-2.__PARA__L6-20.__PIPE__L0-flatten.__PIPE__L1-off.__PIPE__L3-NA.__TILE__L0-1.__TILE__L1-1.__TILE__L3-1,target,query,query,finetune_dataset,data_523.pt,505431.0,gatedgcn_vn,5,50,paper_exact_seed5,2.1531710624694824,2.257765293121338,0.10459423065185547,0.6899999976158142,0.6720160841941833,0.01798391342163086,0.4300000071525574,0.39660122990608215,0.03339877724647522,1.2999999523162842,1.0446869134902954,0.25531303882598877,0.23999999463558197,0.281404972076416,0.041404977440834045
78748ad5835958f4,gemver-medium,gemver-medium,lv2:__PARA__L0-1.__PARA__L1-1.__PARA__L2-1.__PARA__L3-1.__PARA__L4-1.__PARA__L5-1.__PARA__L6-32.__PIPE__L0-off.__PIPE__L1-flatten.__PIPE__L3-NA.__TILE__L0-1.__TILE__L1-1.__TILE__L3-8,target,query,query,finetune_dataset,data_462.pt,339417.0,gatedgcn_vn,5,50,paper_exact_seed5,2.440398693084717,2.4709575176239014,0.03055882453918457,0.6299999952316284,0.617247998714447,0.012751996517181396,0.3199999928474426,0.33849626779556274,0.018496274948120117,0.6600000262260437,0.7548364400863647,0.09483641386032104,0.25,0.2485937476158142,0.001406252384185791
f1c328c827d09e9c,gemver-medium,gemver-medium,lv2:__PARA__L0-1.__PARA__L1-1.__PARA__L2-1.__PARA__L3-1.__PARA__L4-1.__PARA__L5-1.__PARA__L6-4.__PIPE__L0-flatten.__PIPE__L1-off.__PIPE__L3-off.__TILE__L0-1.__TILE__L1-1.__TILE__L3-1,target,query,query,finetune_dataset,data_466.pt,1065503.0,gatedgcn_vn,5,50,paper_exact_seed5,1.615196704864502,1.6997363567352295,0.08453965187072754,0.6700000166893005,0.6544056534767151,0.01559436321258545,0.41999998688697815,0.4068247973918915,0.01317518949508667,1.2799999713897705,1.2250213623046875,0.05497860908508301,0.23999999463558197,0.3016490936279297,0.06164909899234772
57db2cdf99ad2535,gemver-medium,gemver-medium,lv2:__PARA__L0-1.__PARA__L1-1.__PARA__L2-1.__PARA__L3-1.__PARA__L4-1.__PARA__L5-1.__PARA__L6-4.__PIPE__L0-flatten.__PIPE__L1-off.__PIPE__L3-NA.__TILE__L0-1.__TILE__L1-1.__TILE__L3-1,target,query,query,finetune_dataset,data_465.pt,1062161.0,gatedgcn_vn,5,50,paper_exact_seed5,1.6174628734588623,1.8748555183410645,0.25739264488220215,0.6700000166893005,0.6657328605651855,0.00426715612411499,0.41999998688697815,0.4068678915500641,0.013132095336914062,1.2799999713897705,1.1296613216400146,0.15033864974975586,0.23999999463558197,0.301724374294281,0.061724379658699036
fbfb7dd04c50fd12,gemver-medium,gemver-medium,lv2:__PARA__L0-1.__PARA__L1-1.__PARA__L2-1.__PARA__L3-1.__PARA__L4-1.__PARA__L5-4.__PARA__L6-4.__PIPE__L0-flatten.__PIPE__L1-off.__PIPE__L3-off.__TILE__L0-1.__TILE__L1-1.__TILE__L3-1,target,query,query,finetune_dataset,data_577.pt,471973.0,gatedgcn_vn,5,50,paper_exact_seed5,2.202575922012329,1.946091890335083,0.2564840316772461,0.7300000190734863,0.6703271269798279,0.05967289209365845,0.4399999976158142,0.37866342067718506,0.06133657693862915,1.2799999713897705,1.2356324195861816,0.04436755180358887,0.4300000071525574,0.3964899480342865,0.033510059118270874
ac49c902d4aef2ec,gemver-medium,gemver-medium,lv2:__PARA__L0-1.__PARA__L1-1.__PARA__L2-1.__PARA__L3-1.__PARA__L4-1.__PARA__L5-2.__PARA__L6-8.__PIPE__L0-off.__PIPE__L1-off.__PIPE__L3-off.__TILE__L0-1.__TILE__L1-1.__TILE__L3-1,target,query,query,finetune_dataset,data_548.pt,739613.0,gatedgcn_vn,5,50,paper_exact_seed5,1.8785427808761597,1.7493178844451904,0.12922489643096924,0.029999999329447746,0.01163153350353241,0.018368465825915337,0.009999999776482582,-0.011003106832504272,0.021003106608986855,0.0,-0.09304456412792206,0.09304456412792206,0.11999999731779099,0.17465467751026154,0.05465468019247055
bd2704a0251c8884,gemver-medium,gemver-medium,lv2:__PARA__L0-1.__PARA__L1-1.__PARA__L2-1.__PARA__L3-1.__PARA__L4-1.__PARA__L5-1.__PARA__L6-400.__PIPE__L0-off.__PIPE__L1-off.__PIPE__L3-off.__TILE__L0-1.__TILE__L1-1.__TILE__L3-1,target,query,query,finetune_dataset,data_472.pt,1036856.0,gatedgcn_vn,5,50,paper_exact_seed5,1.6348562240600586,1.8880999088287354,0.25324368476867676,0.17000000178813934,0.20884273946285248,0.038842737674713135,0.20000000298023224,0.21549412608146667,0.015494123101234436,0.4699999988079071,0.46580034494400024,0.00419965386390686,0.23999999463558197,0.24610596895217896,0.006105974316596985
15a680d728ab4220,gemver-medium,gemver-medium,lv2:__PARA__L0-1.__PARA__L1-1.__PARA__L2-1.__PARA__L3-1.__PARA__L4-1.__PARA__L5-2.__PARA__L6-20.__PIPE__L0-flatten.__PIPE__L1-off.__PIPE__L3-off.__TILE__L0-1.__TILE__L1-1.__TILE__L3-1,target,query,query,finetune_dataset,data_524.pt,513973.0,gatedgcn_vn,5,50,paper_exact_seed5,2.1410818099975586,2.0773346424102783,0.06374716758728027,0.6800000071525574,0.6663217544555664,0.013678252696990967,0.41999998688697815,0.38318032026290894,0.036819666624069214,1.2799999713897705,1.088101863861084,0.19189810752868652,0.23999999463558197,0.29329007863998413,0.05329008400440216
546ba9672e1bec4e,gemver-medium,gemver-medium,lv2:__PARA__L0-1.__PARA__L1-1.__PARA__L2-1.__PARA__L3-1.__PARA__L4-1.__PARA__L5-4.__PARA__L6-1.__PIPE__L0-off.__PIPE__L1-off.__PIPE__L3-flatten.__TILE__L0-1.__TILE__L1-1.__TILE__L3-1,target,query,query,finetune_dataset,data_552.pt,427265.0,gatedgcn_vn,5,50,paper_exact_seed5,2.274362564086914,1.8812485933303833,0.39311397075653076,0.5,0.5918654799461365,0.09186547994613647,0.30000001192092896,0.38284552097320557,0.08284550905227661,0.6399999856948853,1.0731194019317627,0.43311941623687744,0.4300000071525574,0.3327033221721649,0.09729668498039246
ad424b0bb7b2b1ff,gemver-medium,gemver-medium,lv2:__PARA__L0-1.__PARA__L1-1.__PARA__L2-1.__PARA__L3-1.__PARA__L4-1.__PARA__L5-1.__PARA__L6-25.__PIPE__L0-flatten.__PIPE__L1-off.__PIPE__L3-NA.__TILE__L0-1.__TILE__L1-1.__TILE__L3-1,target,query,query,finetune_dataset,data_456.pt,893321.0,gatedgcn_vn,5,50,paper_exact_seed5,1.74233877658844,2.167178153991699,0.4248393774032593,0.6899999976158142,0.6840542554855347,0.005945742130279541,0.4399999976158142,0.41133320331573486,0.028666794300079346,1.2999999523162842,1.0656845569610596,0.2343153953552246,0.23999999463558197,0.27105024456977844,0.031050249934196472
137df9385324e331,gemver-medium,gemver-medium,lv2:__PARA__L0-1.__PARA__L1-1.__PARA__L2-1.__PARA__L3-1.__PARA__L4-1.__PARA__L5-2.__PARA__L6-1.__PIPE__L0-flatten.__PIPE__L1-off.__PIPE__L3-flatten.__TILE__L0-1.__TILE__L1-1.__TILE__L3-1,target,query,query,finetune_dataset,data_506.pt,456029.0,gatedgcn_vn,5,50,paper_exact_seed5,2.227365255355835,2.029531955718994,0.19783329963684082,0.7099999785423279,1.0009212493896484,0.29092127084732056,0.4699999988079071,0.7105916738510132,0.24059167504310608,1.2799999713897705,1.6585400104522705,0.3785400390625,0.23999999463558197,0.23838508129119873,0.0016149133443832397
7877de10140917c9,gemver-medium,gemver-medium,lv2:__PARA__L0-1.__PARA__L1-1.__PARA__L2-1.__PARA__L3-1.__PARA__L4-1.__PARA__L5-4.__PARA__L6-20.__PIPE__L0-flatten.__PIPE__L1-off.__PIPE__L3-NA.__TILE__L0-1.__TILE__L1-1.__TILE__L3-1,target,query,query,finetune_dataset,data_566.pt,307829.0,gatedgcn_vn,5,50,paper_exact_seed5,2.5108635425567627,2.360647439956665,0.15021610260009766,0.75,0.6985682845115662,0.05143171548843384,0.46000000834465027,0.39501699805259705,0.06498301029205322,1.2999999523162842,1.1265990734100342,0.17340087890625,0.4300000071525574,0.36373934149742126,0.06626066565513611
843ee3ee3066436a,gemver-medium,gemver-medium,lv2:__PARA__L0-1.__PARA__L1-1.__PARA__L2-1.__PARA__L3-1.__PARA__L4-1.__PARA__L5-4.__PARA__L6-25.__PIPE__L0-flatten.__PIPE__L1-off.__PIPE__L3-off.__TILE__L0-1.__TILE__L1-1.__TILE__L3-1,target,query,query,finetune_dataset,data_571.pt,308373.0,gatedgcn_vn,5,50,paper_exact_seed5,2.509589910507202,2.2181315422058105,0.2914583683013916,0.7400000095367432,0.6899346709251404,0.05006533861160278,0.44999998807907104,0.371920645236969,0.07807934284210205,1.2799999713897705,1.1258426904678345,0.15415728092193604,0.4300000071525574,0.37818166613578796,0.05181834101676941
000f3624d587129c,gemver-medium,gemver-medium,lv2:__PARA__L0-1.__PARA__L1-1.__PARA__L2-1.__PARA__L3-1.__PARA__L4-1.__PARA__L5-2.__PARA__L6-5.__PIPE__L0-flatten.__PIPE__L1-off.__PIPE__L3-NA.__TILE__L0-1.__TILE__L1-1.__TILE__L3-1,target,query,query,finetune_dataset,data_539.pt,625629.0,gatedgcn_vn,5,50,paper_exact_seed5,1.9992743730545044,2.0009868144989014,0.0017124414443969727,0.6800000071525574,0.6578636765480042,0.022136330604553223,0.41999998688697815,0.3924025893211365,0.027597397565841675,1.2799999713897705,1.1028536558151245,0.177146315574646,0.23999999463558197,0.30356365442276,0.06356365978717804
0f367971ed04498a,gemver-medium,gemver-medium,lv2:__PARA__L0-1.__PARA__L1-1.__PARA__L2-1.__PARA__L3-1.__PARA__L4-1.__PARA__L5-8.__PARA__L6-10.__PIPE__L0-off.__PIPE__L1-off.__PIPE__L3-off.__TILE__L0-1.__TILE__L1-1.__TILE__L3-1,target,query,query,finetune_dataset,data_617.pt,427212.0,gatedgcn_vn,5,50,paper_exact_seed5,2.274451971054077,2.1541666984558105,0.1202852725982666,0.029999999329447746,0.01736089587211609,0.012639103457331657,0.009999999776482582,-0.030902624130249023,0.040902622044086456,0.0,-0.04202331602573395,0.04202331602573395,0.28999999165534973,0.24233391880989075,0.047666072845458984
a55d7e185e11adb8,gemver-medium,gemver-medium,lv2:__PARA__L0-1.__PARA__L1-1.__PARA__L2-1.__PARA__L3-1.__PARA__L4-1.__PARA__L5-1.__PARA__L6-16.__PIPE__L0-flatten.__PIPE__L1-off.__PIPE__L3-off.__TILE__L0-1.__TILE__L1-1.__TILE__L3-1,target,query,query,finetune_dataset,data_442.pt,919503.0,gatedgcn_vn,5,50,paper_exact_seed5,1.7215009927749634,1.9375921487808228,0.21609115600585938,0.6600000262260437,0.6826955676078796,0.022695541381835938,0.41999998688697815,0.4002167284488678,0.01978325843811035,1.2799999713897705,1.1701359748840332,0.1098639965057373,0.23999999463558197,0.2914004623889923,0.05140046775341034
ad4900e68c105b97,gemver-medium,gemver-medium,lv2:__PARA__L0-1.__PARA__L1-1.__PARA__L2-1.__PARA__L3-1.__PARA__L4-1.__PARA__L5-4.__PARA__L6-1.__PIPE__L0-off.__PIPE__L1-off.__PIPE__L3-off.__TILE__L0-1.__TILE__L1-1.__TILE__L3-1,target,query,query,finetune_dataset,data_553.pt,1233213.0,gatedgcn_vn,5,50,paper_exact_seed5,1.5097529888153076,1.6998300552368164,0.1900770664215088,0.029999999329447746,-0.00784386694431305,0.037843868136405945,0.009999999776482582,-0.015413612127304077,0.02541361190378666,0.0,-0.04464557766914368,0.04464557766914368,0.18000000715255737,0.2070082724094391,0.027008265256881714
2cbb07715c8233d5,gemver-medium,gemver-medium,lv2:__PARA__L0-1.__PARA__L1-1.__PARA__L2-1.__PARA__L3-1.__PARA__L4-1.__PARA__L5-5.__PARA__L6-10.__PIPE__L0-off.__PIPE__L1-off.__PIPE__L3-off.__TILE__L0-1.__TILE__L1-1.__TILE__L3-1,target,query,query,finetune_dataset,data_595.pt,484364.0,gatedgcn_vn,5,50,paper_exact_seed5,2.183882236480713,2.093163251876831,0.09071898460388184,0.029999999329447746,0.00975443422794342,0.020245565101504326,0.009999999776482582,-0.02564544975757599,0.03564544767141342,0.0,-0.05719614028930664,0.05719614028930664,0.30000001192092896,0.24607646465301514,0.05392354726791382
050828280a5cdd83,gemver-medium,gemver-medium,lv2:__PARA__L0-1.__PARA__L1-1.__PARA__L2-1.__PARA__L3-1.__PARA__L4-1.__PARA__L5-2.__PARA__L6-4.__PIPE__L0-off.__PIPE__L1-off.__PIPE__L3-NA.__TILE__L0-1.__TILE__L1-1.__TILE__L3-1,target,query,query,finetune_dataset,data_535.pt,833867.0,gatedgcn_vn,5,50,paper_exact_seed5,1.7920194864273071,1.7055304050445557,0.08648908138275146,0.029999999329447746,0.014232918620109558,0.015767080709338188,0.009999999776482582,0.009121119976043701,0.0008788798004388809,0.0,-0.0324396938085556,0.0324396938085556,0.11999999731779099,0.17418068647384644,0.05418068915605545
f29f2562f3c80240,gemver-medium,gemver-medium,lv2:__PARA__L0-1.__PARA__L1-1.__PARA__L2-1.__PARA__L3-1.__PARA__L4-1.__PARA__L5-4.__PARA__L6-16.__PIPE__L0-off.__PIPE__L1-off.__PIPE__L3-NA.__TILE__L0-1.__TILE__L1-1.__TILE__L3-1,target,query,query,finetune_dataset,data_560.pt,486319.0,gatedgcn_vn,5,50,paper_exact_seed5,2.180976629257202,2.033416271209717,0.14756035804748535,0.03999999910593033,0.029792115092277527,0.010207884013652802,0.019999999552965164,-0.0024313926696777344,0.0224313922226429,0.009999999776482582,-0.025142550468444824,0.03514254838228226,0.18000000715255737,0.20042192935943604,0.020421922206878662
89d7ff444c80ab8f,gemver-medium,gemver-medium,lv2:__PARA__L0-1.__PARA__L1-1.__PARA__L2-1.__PARA__L3-1.__PARA__L4-1.__PARA__L5-1.__PARA__L6-20.__PIPE__L0-off.__PIPE__L1-off.__PIPE__L3-off.__TILE__L0-1.__TILE__L1-1.__TILE__L3-1,target,query,query,finetune_dataset,data_455.pt,1078412.0,gatedgcn_vn,5,50,paper_exact_seed5,1.606509804725647,1.7087039947509766,0.10219419002532959,0.029999999329447746,0.026464417576789856,0.0035355817526578903,0.019999999552965164,0.0058167725801467896,0.014183226972818375,0.009999999776482582,-0.04934234917163849,0.05934234708547592,0.18000000715255737,0.17248079180717468,0.00751921534538269
83417ac8d1dc1106,gemver-medium,gemver-medium,lv2:__PARA__L0-1.__PARA__L1-1.__PARA__L2-1.__PARA__L3-1.__PARA__L4-1.__PARA__L5-1.__PARA__L6-10.__PIPE__L0-off.__PIPE__L1-off.__PIPE__L3-off.__TILE__L0-1.__TILE__L1-1.__TILE__L3-1,target,query,query,finetune_dataset,data_440.pt,1116412.0,gatedgcn_vn,5,50,paper_exact_seed5,1.5815292596817017,1.6301915645599365,0.04866230487823486,0.029999999329447746,0.015483751893043518,0.014516247436404228,0.009999999776482582,-0.005706042051315308,0.01570604182779789,0.0,-0.04930613934993744,0.04930613934993744,0.11999999731779099,0.16347645223140717,0.04347645491361618
3ffa8cb8596be391,gemver-medium,gemver-medium,lv2:__PARA__L0-1.__PARA__L1-1.__PARA__L2-1.__PARA__L3-1.__PARA__L4-1.__PARA__L5-2.__PARA__L6-20.__PIPE__L0-off.__PIPE__L1-off.__PIPE__L3-NA.__TILE__L0-1.__TILE__L1-1.__TILE__L3-1,target,query,query,finetune_dataset,data_525.pt,674271.0,gatedgcn_vn,5,50,paper_exact_seed5,1.9452638626098633,1.8674088716506958,0.07785499095916748,0.03999999910593033,0.034930989146232605,0.005069009959697723,0.019999999552965164,0.005964159965515137,0.014035839587450027,0.009999999776482582,-0.05050539970397949,0.060505397617816925,0.18000000715255737,0.1356445997953415,0.04435540735721588
9c8bd01095d1e0ca,gemver-medium,gemver-medium,lv2:__PARA__L0-1.__PARA__L1-1.__PARA__L2-1.__PARA__L3-1.__PARA__L4-1.__PARA__L5-5.__PARA__L6-8.__PIPE__L0-off.__PIPE__L1-off.__PIPE__L3-off.__TILE__L0-1.__TILE__L1-1.__TILE__L3-1,target,query,query,finetune_dataset,data_611.pt,504364.0,gatedgcn_vn,5,50,paper_exact_seed5,2.154695510864258,2.0866377353668213,0.06805777549743652,0.029999999329447746,0.006803944706916809,0.023196054622530937,0.009999999776482582,-0.025474846363067627,0.03547484427690506,0.0,-0.05865275859832764,0.05865275859832764,0.30000001192092896,0.2520817518234253,0.04791826009750366
c453bfa6fbe16f91,gemver-medium,gemver-medium,lv2:__PARA__L0-1.__PARA__L1-1.__PARA__L2-1.__PARA__L3-1.__PARA__L4-1.__PARA__L5-1.__PARA__L6-1.__PIPE__L0-off.__PIPE__L1-off.__PIPE__L3-flatten.__TILE__L0-1.__TILE__L1-1.__TILE__L3-1,target,query,query,finetune_dataset,data_434.pt,1020064.0,gatedgcn_vn,5,50,paper_exact_seed5,1.6466342210769653,1.5963245630264282,0.05030965805053711,0.4099999964237213,0.5899686217308044,0.17996862530708313,0.28999999165534973,0.37339651584625244,0.08339652419090271,0.6399999856948853,0.9629521369934082,0.32295215129852295,0.23999999463558197,0.2153838872909546,0.02461610734462738
fd885963701ec907,gemver-medium,gemver-medium,lv2:__PARA__L0-1.__PARA__L1-1.__PARA__L2-1.__PARA__L3-1.__PARA__L4-1.__PARA__L5-1.__PARA__L6-2.__PIPE__L0-flatten.__PIPE__L1-off.__PIPE__L3-NA.__TILE__L0-1.__TILE__L1-1.__TILE__L3-1,target,query,query,finetune_dataset,data_446.pt,1264769.0,gatedgcn_vn,5,50,paper_exact_seed5,1.4915270805358887,1.7659016847610474,0.2743746042251587,0.6700000166893005,0.6081804037094116,0.061819612979888916,0.41999998688697815,0.35760682821273804,0.06239315867424011,1.2799999713897705,0.9354739189147949,0.3445260524749756,0.23999999463558197,0.2223157286643982,0.017684265971183777
f0f3855c9b8ec11c,gemver-medium,gemver-medium,lv2:__PARA__L0-1.__PARA__L1-1.__PARA__L2-1.__PARA__L3-1.__PARA__L4-1.__PARA__L5-1.__PARA__L6-25.__PIPE__L0-off.__PIPE__L1-flatten.__PIPE__L3-off.__TILE__L0-1.__TILE__L1-1.__TILE__L3-8,target,query,query,finetune_dataset,data_458.pt,290265.0,gatedgcn_vn,5,50,paper_exact_seed5,2.5532426834106445,2.369513511657715,0.1837291717529297,0.6200000047683716,0.6003652811050415,0.019634723663330078,0.3199999928474426,0.3027273416519165,0.017272651195526123,0.6399999856948853,0.7525207996368408,0.11252081394195557,0.30000001192092896,0.28140780329704285,0.01859220862388611
986b89097b75cf16,gemver-medium,gemver-medium,lv2:__PARA__L0-1.__PARA__L1-1.__PARA__L2-1.__PARA__L3-1.__PARA__L4-1.__PARA__L5-4.__PARA__L6-64.__PIPE__L0-flatten.__PIPE__L1-off.__PIPE__L3-off.__TILE__L0-1.__TILE__L1-1.__TILE__L3-1,target,query,query,finetune_dataset,data_586.pt,331973.0,gatedgcn_vn,5,50,paper_exact_seed5,2.456395149230957,2.2489044666290283,0.2074906826019287,0.7400000095367432,0.6791781187057495,0.06082189083099365,0.44999998807907104,0.3732354938983917,0.07676449418067932,1.2799999713897705,1.0387623310089111,0.24123764038085938,0.4300000071525574,0.35879480838775635,0.07120519876480103
f8611baa3d34baec,gemver-medium,gemver-medium,lv2:__PARA__L0-1.__PARA__L1-1.__PARA__L2-1.__PARA__L3-1.__PARA__L4-1.__PARA__L5-8.__PARA__L6-16.__PIPE__L0-off.__PIPE__L1-off.__PIPE__L3-NA.__TILE__L0-1.__TILE__L1-1.__TILE__L3-1,target,query,query,finetune_dataset,data_618.pt,389918.0,gatedgcn_vn,5,50,paper_exact_seed5,2.3403427600860596,2.1748311519622803,0.1655116081237793,0.03999999910593033,0.06670653074979782,0.026706531643867493,0.019999999552965164,0.01836290955543518,0.0016370899975299835,0.019999999552965164,-0.025651514530181885,0.04565151408314705,0.28999999165534973,0.20046478509902954,0.08953520655632019
7b44bab8e9ce85c5,gemver-medium,gemver-medium,lv2:__PARA__L0-1.__PARA__L1-1.__PARA__L2-1.__PARA__L3-1.__PARA__L4-2.__PARA__L5-1.__PARA__L6-64.__PIPE__L0-off.__PIPE__L1-flatten.__PIPE__L3-off.__TILE__L0-1.__TILE__L1-1.__TILE__L3-8,target,query,query,finetune_dataset,data_647.pt,210348.0,gatedgcn_vn,5,50,paper_exact_seed5,2.785539150238037,2.31642484664917,0.4691143035888672,0.6499999761581421,0.6054206490516663,0.04457932710647583,0.33000001311302185,0.31663423776626587,0.013365775346755981,0.6800000071525574,0.6981027126312256,0.018102705478668213,0.36000001430511475,0.2757674753665924,0.08423253893852234
3460f95e508f6efc,gemver-medium,gemver-medium,lv2:__PARA__L0-1.__PARA__L1-1.__PARA__L2-1.__PARA__L3-1.__PARA__L4-1.__PARA__L5-10.__PARA__L6-16.__PIPE__L0-off.__PIPE__L1-off.__PIPE__L3-NA.__TILE__L0-1.__TILE__L1-1.__TILE__L3-1,target,query,query,finetune_dataset,data_490.pt,369267.0,gatedgcn_vn,5,50,paper_exact_seed5,2.379595994949341,2.197554588317871,0.18204140663146973,0.05000000074505806,0.08216959238052368,0.03216959163546562,0.019999999552965164,0.031012892723083496,0.011012893170118332,0.019999999552965164,-0.01481606811285019,0.03481606766581535,0.05000000074505806,0.1966536045074463,0.14665360748767853
cd2cbe2bb0e6451c,gemver-medium,gemver-medium,lv2:__PARA__L0-1.__PARA__L1-1.__PARA__L2-1.__PARA__L3-1.__PARA__L4-1.__PARA__L5-1.__PARA__L6-8.__PIPE__L0-off.__PIPE__L1-flatten.__PIPE__L3-off.__TILE__L0-1.__TILE__L1-1.__TILE__L3-8,target,query,query,finetune_dataset,data_484.pt,389965.0,gatedgcn_vn,5,50,paper_exact_seed5,2.3402557373046875,2.109440803527832,0.23081493377685547,0.6100000143051147,0.5996819138526917,0.010318100452423096,0.3100000023841858,0.3387898802757263,0.028789877891540527,0.6399999856948853,0.9798844456672668,0.3398844599723816,0.18000000715255737,0.2907131612300873,0.11071315407752991
210c2d0f18751123,gemver-medium,gemver-medium,lv2:__PARA__L0-1.__PARA__L1-1.__PARA__L2-1.__PARA__L3-1.__PARA__L4-1.__PARA__L5-8.__PARA__L6-64.__PIPE__L0-off.__PIPE__L1-off.__PIPE__L3-off.__TILE__L0-1.__TILE__L1-1.__TILE__L3-1,target,query,query,finetune_dataset,data_632.pt,404811.0,gatedgcn_vn,5,50,paper_exact_seed5,2.3133039474487305,2.2221336364746094,0.0911703109741211,0.07999999821186066,0.10360433161258698,0.02360433340072632,0.03999999910593033,0.02571648359298706,0.014283515512943268,0.03999999910593033,-0.015203669667243958,0.055203668773174286,0.05999999865889549,0.23267371952533722,0.17267371714115143
89ce2637f250dbdc,gemver-medium,gemver-medium,lv2:__PARA__L0-1.__PARA__L1-1.__PARA__L2-1.__PARA__L3-1.__PARA__L4-1.__PARA__L5-2.__PARA__L6-16.__PIPE__L0-off.__PIPE__L1-off.__PIPE__L3-NA.__TILE__L0-1.__TILE__L1-1.__TILE__L3-1,target,query,query,finetune_dataset,data_517.pt,683117.0,gatedgcn_vn,5,50,paper_exact_seed5,1.9358617067337036,1.8547070026397705,0.0811547040939331,0.03999999910593033,0.02993902564048767,0.010060973465442657,0.019999999552965164,0.0046069324016571045,0.01539306715130806,0.009999999776482582,-0.046563804149627686,0.05656380206346512,0.11999999731779099,0.13980582356452942,0.019805826246738434
9223f67909b2b538,gemver-medium,gemver-medium,lv2:__PARA__L0-1.__PARA__L1-1.__PARA__L2-1.__PARA__L3-1.__PARA__L4-1.__PARA__L5-10.__PARA__L6-20.__PIPE__L0-off.__PIPE__L1-off.__PIPE__L3-NA.__TILE__L0-1.__TILE__L1-1.__TILE__L3-1,target,query,query,finetune_dataset,data_494.pt,359217.0,gatedgcn_vn,5,50,paper_exact_seed5,2.3995003700256348,2.20552921295166,0.1939711570739746,0.07999999821186066,0.08569066226482391,0.005690664052963257,0.029999999329447746,0.03254413604736328,0.002544136717915535,0.019999999552965164,-0.023971572518348694,0.04397157207131386,0.05000000074505806,0.18914271891117096,0.1391427218914032
1cc6286de82d0589,gemver-medium,gemver-medium,lv2:__PARA__L0-1.__PARA__L1-1.__PARA__L2-1.__PARA__L3-1.__PARA__L4-1.__PARA__L5-1.__PARA__L6-16.__PIPE__L0-flatten.__PIPE__L1-off.__PIPE__L3-NA.__TILE__L0-1.__TILE__L1-1.__TILE__L3-1,target,query,query,finetune_dataset,data_441.pt,911411.0,gatedgcn_vn,5,50,paper_exact_seed5,1.7278772592544556,2.1361937522888184,0.4083164930343628,0.6800000071525574,0.6787201762199402,0.0012798309326171875,0.4300000071525574,0.4017808139324188,0.02821919322013855,1.2899999618530273,1.090780258178711,0.1992197036743164,0.23999999463558197,0.280072957277298,0.040072962641716
a5d37c21d89dafa7,gemver-medium,gemver-medium,lv2:__PARA__L0-1.__PARA__L1-1.__PARA__L2-1.__PARA__L3-1.__PARA__L4-1.__PARA__L5-1.__PARA__L6-4.__PIPE__L0-off.__PIPE__L1-off.__PIPE__L3-off.__TILE__L0-1.__TILE__L1-1.__TILE__L3-1,target,query,query,finetune_dataset,data_469.pt,1233212.0,gatedgcn_vn,5,50,paper_exact_seed5,1.5097535848617554,1.5974550247192383,0.08770143985748291,0.019999999552965164,-6.26593828201294e-05,0.020062658935785294,0.009999999776482582,0.002619713544845581,0.007380286231637001,0.0,-0.0444326251745224,0.0444326251745224,0.11999999731779099,0.1805667132139206,0.06056671589612961
53ac0caa0da746c6,gemver-medium,gemver-medium,lv2:__PARA__L0-1.__PARA__L1-1.__PARA__L2-1.__PARA__L3-1.__PARA__L4-1.__PARA__L5-4.__PARA__L6-25.__PIPE__L0-flatten.__PIPE__L1-off.__PIPE__L3-NA.__TILE__L0-1.__TILE__L1-1.__TILE__L3-1,target,query,query,finetune_dataset,data_570.pt,299789.0,gatedgcn_vn,5,50,paper_exact_seed5,2.529954433441162,2.385803699493408,0.1441507339477539,0.7599999904632568,0.697145938873291,0.06285405158996582,0.46000000834465027,0.4003711938858032,0.059628814458847046,1.2999999523162842,1.1117966175079346,0.1882033348083496,0.4300000071525574,0.3592371642589569,0.07076284289360046
41643b6d806087fa,gemver-medium,gemver-medium,lv2:__PARA__L0-1.__PARA__L1-1.__PARA__L2-1.__PARA__L3-1.__PARA__L4-1.__PARA__L5-2.__PARA__L6-25.__PIPE__L0-off.__PIPE__L1-off.__PIPE__L3-NA.__TILE__L0-1.__TILE__L1-1.__TILE__L3-1,target,query,query,finetune_dataset,data_529.pt,665829.0,gatedgcn_vn,5,50,paper_exact_seed5,1.9543522596359253,1.87868332862854,0.07566893100738525,0.05000000074505806,0.04104839265346527,0.008951608091592789,0.019999999552965164,0.011643365025520325,0.00835663452744484,0.019999999552965164,-0.05538569390773773,0.0753856897354126,0.18000000715255737,0.13366566598415375,0.046334341168403625
629fe26036eb69ab,gemver-medium,gemver-medium,lv2:__PARA__L0-1.__PARA__L1-1.__PARA__L2-1.__PARA__L3-1.__PARA__L4-1.__PARA__L5-2.__PARA__L6-2.__PIPE__L0-flatten.__PIPE__L1-off.__PIPE__L3-NA.__TILE__L0-1.__TILE__L1-1.__TILE__L3-1,target,query,query,finetune_dataset,data_519.pt,868839.0,gatedgcn_vn,5,50,paper_exact_seed5,1.7623836994171143,1.8535130023956299,0.09112930297851562,0.6800000071525574,0.5947882533073425,0.08521175384521484,0.41999998688697815,0.34501251578330994,0.07498747110366821,1.2799999713897705,0.900439977645874,0.3795599937438965,0.23999999463558197,0.2304110825061798,0.00958891212940216
9437db7693f1d995,gemver-medium,gemver-medium,lv2:__PARA__L0-1.__PARA__L1-1.__PARA__L2-1.__PARA__L3-1.__PARA__L4-2.__PARA__L5-1.__PARA__L6-10.__PIPE__L0-off.__PIPE__L1-flatten.__PIPE__L3-off.__TILE__L0-1.__TILE__L1-1.__TILE__L3-8,target,query,query,finetune_dataset,data_637.pt,281535.0,gatedgcn_vn,5,50,paper_exact_seed5,2.575270891189575,2.236685037612915,0.33858585357666016,0.6100000143051147,0.5644901990890503,0.04550981521606445,0.3100000023841858,0.3033031225204468,0.006696879863739014,0.6399999856948853,0.860183596611023,0.2201836109161377,0.1899999976158142,0.27495718002319336,0.08495718240737915
c21ced4ec6c175ca,gemver-medium,gemver-medium,lv2:__PARA__L0-1.__PARA__L1-1.__PARA__L2-1.__PARA__L3-1.__PARA__L4-1.__PARA__L5-5.__PARA__L6-20.__PIPE__L0-off.__PIPE__L1-off.__PIPE__L3-off.__TILE__L0-1.__TILE__L1-1.__TILE__L3-1,target,query,query,finetune_dataset,data_601.pt,445963.0,gatedgcn_vn,5,50,paper_exact_seed5,2.2434661388397217,2.0779833793640137,0.165482759475708,0.05000000074505806,0.017499849200248718,0.03250015154480934,0.019999999552965164,-0.017311811447143555,0.03731181100010872,0.009999999776482582,-0.048620954155921936,0.05862095206975937,0.05999999865889549,0.23542587459087372,0.17542587220668793
5a6308e7c3261948,gemver-medium,gemver-medium,lv2:__PARA__L0-1.__PARA__L1-1.__PARA__L2-1.__PARA__L3-1.__PARA__L4-2.__PARA__L5-1.__PARA__L6-32.__PIPE__L0-off.__PIPE__L1-flatten.__PIPE__L3-off.__TILE__L0-1.__TILE__L1-1.__TILE__L3-8,target,query,query,finetune_dataset,data_643.pt,220748.0,gatedgcn_vn,5,50,paper_exact_seed5,2.750727891921997,2.4004344940185547,0.3502933979034424,0.6399999856948853,0.5723919868469238,0.06760799884796143,0.3199999928474426,0.2902703285217285,0.02972966432571411,0.6800000071525574,0.6794089078903198,0.0005910992622375488,0.25,0.27130743861198425,0.021307438611984253
2e8b186c17d162d3,gemver-medium,gemver-medium,lv2:__PARA__L0-1.__PARA__L1-1.__PARA__L2-1.__PARA__L3-1.__PARA__L4-1.__PARA__L5-2.__PARA__L6-32.__PIPE__L0-off.__PIPE__L1-off.__PIPE__L3-off.__TILE__L0-1.__TILE__L1-1.__TILE__L3-1,target,query,query,finetune_dataset,data_532.pt,707213.0,gatedgcn_vn,5,50,paper_exact_seed5,1.9108556509017944,1.8496878147125244,0.06116783618927002,0.03999999910593033,0.03934475779533386,0.0006552413105964661,0.019999999552965164,0.01793636381626129,0.0020636357367038727,0.019999999552965164,-0.083695188164711,0.10369518399238586,0.18000000715255737,0.18128329515457153,0.0012832880020141602
dba56bf59fef0447,gemver-medium,gemver-medium,lv2:__PARA__L0-1.__PARA__L1-1.__PARA__L2-1.__PARA__L3-1.__PARA__L4-1.__PARA__L5-5.__PARA__L6-5.__PIPE__L0-off.__PIPE__L1-off.__PIPE__L3-NA.__TILE__L0-1.__TILE__L1-1.__TILE__L3-1,target,query,query,finetune_dataset,data_607.pt,558020.0,gatedgcn_vn,5,50,paper_exact_seed5,2.0817697048187256,2.036402463912964,0.04536724090576172,0.029999999329447746,0.02708934247493744,0.0029106568545103073,0.009999999776482582,-0.00537639856338501,0.015376398339867592,0.0,-0.0032652094960212708,0.0032652094960212708,0.30000001192092896,0.2449626922607422,0.05503731966018677
06642eb004feff89,gemver-medium,gemver-medium,lv2:__PARA__L0-1.__PARA__L1-1.__PARA__L2-1.__PARA__L3-1.__PARA__L4-1.__PARA__L5-1.__PARA__L6-25.__PIPE__L0-off.__PIPE__L1-off.__PIPE__L3-NA.__TILE__L0-1.__TILE__L1-1.__TILE__L3-1,target,query,query,finetune_dataset,data_459.pt,1062228.0,gatedgcn_vn,5,50,paper_exact_seed5,1.617417335510254,1.7579169273376465,0.14049959182739258,0.05000000074505806,0.059827595949172974,0.009827595204114914,0.019999999552965164,0.02254939079284668,0.0025493912398815155,0.019999999552965164,-0.01662565767765045,0.036625657230615616,0.18000000715255737,0.1315293163061142,0.048470690846443176
148e404c636609d4,gemver-medium,gemver-medium,lv2:__PARA__L0-1.__PARA__L1-1.__PARA__L2-1.__PARA__L3-1.__PARA__L4-1.__PARA__L5-10.__PARA__L6-20.__PIPE__L0-off.__PIPE__L1-off.__PIPE__L3-off.__TILE__L0-1.__TILE__L1-1.__TILE__L3-1,target,query,query,finetune_dataset,data_495.pt,367761.0,gatedgcn_vn,5,50,paper_exact_seed5,2.3825438022613525,2.1671950817108154,0.2153487205505371,0.07000000029802322,0.04464174807071686,0.025358252227306366,0.019999999552965164,-0.020379692316055298,0.04037969186902046,0.009999999776482582,-0.013504639267921448,0.02350463904440403,0.05000000074505806,0.22799305617809296,0.1779930591583252
9bf011dc49995303,gemver-medium,gemver-medium,lv2:__PARA__L0-1.__PARA__L1-1.__PARA__L2-1.__PARA__L3-1.__PARA__L4-1.__PARA__L5-4.__PARA__L6-8.__PIPE__L0-flatten.__PIPE__L1-off.__PIPE__L3-NA.__TILE__L0-1.__TILE__L1-1.__TILE__L3-1,target,query,query,finetune_dataset,data_588.pt,367727.0,gatedgcn_vn,5,50,paper_exact_seed5,2.382610559463501,2.2269132137298584,0.15569734573364258,0.7400000095367432,0.6849872469902039,0.05501276254653931,0.44999998807907104,0.385020911693573,0.06497907638549805,1.2899999618530273,1.1700997352600098,0.11990022659301758,0.4300000071525574,0.3828476369380951,0.04715237021446228
1a6b958163ec4176,gemver-medium,gemver-medium,lv2:__PARA__L0-1.__PARA__L1-1.__PARA__L2-1.__PARA__L3-1.__PARA__L4-1.__PARA__L5-4.__PARA__L6-4.__PIPE__L0-flatten.__PIPE__L1-off.__PIPE__L3-NA.__TILE__L0-1.__TILE__L1-1.__TILE__L3-1,target,query,query,finetune_dataset,data_576.pt,468227.0,gatedgcn_vn,5,50,paper_exact_seed5,2.2083239555358887,2.1188533306121826,0.08947062492370605,0.7400000095367432,0.6823343634605408,0.05766564607620239,0.4399999976158142,0.3869878649711609,0.05301213264465332,1.2799999713897705,1.184255838394165,0.09574413299560547,0.4300000071525574,0.39047446846961975,0.03952553868293762
1e9c97bfbccfa9fa,gemver-medium,gemver-medium,lv2:__PARA__L0-1.__PARA__L1-1.__PARA__L2-1.__PARA__L3-1.__PARA__L4-1.__PARA__L5-10.__PARA__L6-8.__PIPE__L0-off.__PIPE__L1-off.__PIPE__L3-NA.__TILE__L0-1.__TILE__L1-1.__TILE__L3-1,target,query,query,finetune_dataset,data_504.pt,419517.0,gatedgcn_vn,5,50,paper_exact_seed5,2.2875635623931885,2.1853010654449463,0.10226249694824219,0.03999999910593033,0.06366454064846039,0.02366454154253006,0.019999999552965164,0.02093885838985443,0.000938858836889267,0.009999999776482582,0.0008438155055046082,0.009156184270977974,0.05000000074505806,0.22350621223449707,0.1735062152147293
130704a61a6e6fbf,gemver-medium,gemver-medium,lv2:__PARA__L0-1.__PARA__L1-1.__PARA__L2-1.__PARA__L3-1.__PARA__L4-1.__PARA__L5-5.__PARA__L6-16.__PIPE__L0-off.__PIPE__L1-off.__PIPE__L3-off.__TILE__L0-1.__TILE__L1-1.__TILE__L3-1,target,query,query,finetune_dataset,data_597.pt,455964.0,gatedgcn_vn,5,50,paper_exact_seed5,2.227468252182007,2.096421718597412,0.13104653358459473,0.029999999329447746,0.013831466436386108,0.016168532893061638,0.009999999776482582,-0.02160683274269104,0.03160683065652847,0.009999999776482582,-0.05157533288002014,0.061575330793857574,0.30000001192092896,0.2381848394870758,0.06181517243385315
2b4f099ae74f84d5,gemver-medium,gemver-medium,lv2:__PARA__L0-1.__PARA__L1-1.__PARA__L2-1.__PARA__L3-1.__PARA__L4-1.__PARA__L5-8.__PARA__L6-10.__PIPE__L0-off.__PIPE__L1-off.__PIPE__L3-NA.__TILE__L0-1.__TILE__L1-1.__TILE__L3-1,target,query,query,finetune_dataset,data_616.pt,420870.0,gatedgcn_vn,5,50,paper_exact_seed5,2.285240650177002,2.162346363067627,0.122894287109375,0.03999999910593033,0.05784974992275238,0.017849750816822052,0.019999999552965164,0.010731309652328491,0.009268689900636673,0.009999999776482582,-0.012285038828849792,0.022285038605332375,0.28999999165534973,0.2188207507133484,0.07117924094200134
2c080e6dbf4e1894,gemver-medium,gemver-medium,lv2:__PARA__L0-1.__PARA__L1-1.__PARA__L2-1.__PARA__L3-1.__PARA__L4-1.__PARA__L5-8.__PARA__L6-4.__PIPE__L0-off.__PIPE__L1-off.__PIPE__L3-off.__TILE__L0-1.__TILE__L1-1.__TILE__L3-1,target,query,query,finetune_dataset,data_628.pt,543612.0,gatedgcn_vn,5,50,paper_exact_seed5,2.1006393432617188,2.124657392501831,0.024018049240112305,0.029999999329447746,-0.004960447549819946,0.03496044874191284,0.009999999776482582,-0.02775391936302185,0.03775391727685928,0.0,-0.06868213415145874,0.06868213415145874,0.28999999165534973,0.26225370168685913,0.0277462899684906
82152443b2a642c2,gemver-medium,gemver-medium,lv2:__PARA__L0-1.__PARA__L1-1.__PARA__L2-1.__PARA__L3-1.__PARA__L4-2.__PARA__L5-1.__PARA__L6-64.__PIPE__L0-off.__PIPE__L1-flatten.__PIPE__L3-NA.__TILE__L0-1.__TILE__L1-1.__TILE__L3-8,target,query,query,finetune_dataset,data_646.pt,210348.0,gatedgcn_vn,5,50,paper_exact_seed5,2.785539150238037,2.47176456451416,0.31377458572387695,0.6499999761581421,0.6244928240776062,0.02550715208053589,0.33000001311302185,0.3393195867538452,0.009319573640823364,0.6800000071525574,0.7239797115325928,0.0439797043800354,0.36000001430511475,0.2542402446269989,0.10575976967811584
959902609e6a4167,gemver-medium,gemver-medium,lv2:__PARA__L0-1.__PARA__L1-1.__PARA__L2-1.__PARA__L3-1.__PARA__L4-1.__PARA__L5-10.__PARA__L6-8.__PIPE__L0-off.__PIPE__L1-off.__PIPE__L3-off.__TILE__L0-1.__TILE__L1-1.__TILE__L3-1,target,query,query,finetune_dataset,data_505.pt,425761.0,gatedgcn_vn,5,50,paper_exact_seed5,2.2769062519073486,2.1700756549835205,0.10683059692382812,0.03999999910593033,0.01908084750175476,0.020919151604175568,0.009999999776482582,-0.030741974711418152,0.040741972625255585,0.0,-0.03186686336994171,0.03186686336994171,0.05000000074505806,0.2433607280254364,0.19336073100566864
ecfb96f63a221e62,gemver-medium,gemver-medium,lv2:__PARA__L0-1.__PARA__L1-1.__PARA__L2-1.__PARA__L3-1.__PARA__L4-1.__PARA__L5-4.__PARA__L6-8.__PIPE__L0-flatten.__PIPE__L1-off.__PIPE__L3-off.__TILE__L0-1.__TILE__L1-1.__TILE__L3-1,target,query,query,finetune_dataset,data_589.pt,373973.0,gatedgcn_vn,5,50,paper_exact_seed5,2.3704609870910645,2.0555572509765625,0.31490373611450195,0.7300000190734863,0.6905557513237,0.03944426774978638,0.4399999976158142,0.3769983649253845,0.06300163269042969,1.2799999713897705,1.2378695011138916,0.042130470275878906,0.4300000071525574,0.39324402809143066,0.03675597906112671
d8e3b8d9f992790d,gemver-medium,gemver-medium,lv2:__PARA__L0-1.__PARA__L1-1.__PARA__L2-1.__PARA__L3-1.__PARA__L4-1.__PARA__L5-2.__PARA__L6-10.__PIPE__L0-flatten.__PIPE__L1-off.__PIPE__L3-off.__TILE__L0-1.__TILE__L1-1.__TILE__L3-1,target,query,query,finetune_dataset,data_512.pt,551973.0,gatedgcn_vn,5,50,paper_exact_seed5,2.0896291732788086,1.9702458381652832,0.11938333511352539,0.6700000166893005,0.6648919582366943,0.005108058452606201,0.41999998688697815,0.39269518852233887,0.027304798364639282,1.2799999713897705,1.1725821495056152,0.10741782188415527,0.23999999463558197,0.30034977197647095,0.06034977734088898
6ddd06201de501e3,gemver-medium,gemver-medium,lv2:__PARA__L0-1.__PARA__L1-1.__PARA__L2-1.__PARA__L3-1.__PARA__L4-1.__PARA__L5-1.__PARA__L6-4.__PIPE__L0-off.__PIPE__L1-flatten.__PIPE__L3-off.__TILE__L0-1.__TILE__L1-1.__TILE__L3-8,target,query,query,finetune_dataset,data_467.pt,517465.0,gatedgcn_vn,5,50,paper_exact_seed5,2.136197566986084,1.945910930633545,0.19028663635253906,0.6100000143051147,0.5923141837120056,0.01768583059310913,0.3100000023841858,0.3533000349998474,0.04330003261566162,0.6399999856948853,0.9919723272323608,0.3519723415374756,0.15000000596046448,0.29601478576660156,0.14601477980613708
b34bb2d60481a58b,gemver-medium,gemver-medium,lv2:__PARA__L0-1.__PARA__L1-1.__PARA__L2-1.__PARA__L3-1.__PARA__L4-1.__PARA__L5-2.__PARA__L6-1.__PIPE__L0-off.__PIPE__L1-NA.__PIPE__L3-flatten.__TILE__L0-1.__TILE__L1-1.__TILE__L3-1,target,query,query,finetune_dataset,data_508.pt,624517.0,gatedgcn_vn,5,50,paper_exact_seed5,2.0005576610565186,1.9677060842514038,0.032851576805114746,0.46000000834465027,0.592746913433075,0.13274690508842468,0.3400000035762787,0.35783931612968445,0.01783931255340576,0.6399999856948853,0.8571594953536987,0.21715950965881348,0.23999999463558197,0.22583995759487152,0.01416003704071045
5e2cc981135680a0,gemver-medium,gemver-medium,lv2:__PARA__L0-1.__PARA__L1-1.__PARA__L2-1.__PARA__L3-1.__PARA__L4-1.__PARA__L5-8.__PARA__L6-1.__PIPE__L0-flatten.__PIPE__L1-off.__PIPE__L3-off.__TILE__L0-1.__TILE__L1-1.__TILE__L3-1,target,query,query,finetune_dataset,data_612.pt,967103.0,gatedgcn_vn,5,50,paper_exact_seed5,1.6850932836532593,1.8698471784591675,0.1847538948059082,0.8399999737739563,0.6865769028663635,0.15342307090759277,0.49000000953674316,0.4128643274307251,0.07713568210601807,1.2799999713897705,1.2285910844802856,0.05140888690948486,0.800000011920929,0.36545586585998535,0.4345441460609436
243cd02cdb26e76f,gemver-medium,gemver-medium,lv2:__PARA__L0-1.__PARA__L1-1.__PARA__L2-1.__PARA__L3-1.__PARA__L4-1.__PARA__L5-8.__PARA__L6-400.__PIPE__L0-off.__PIPE__L1-off.__PIPE__L3-off.__TILE__L0-1.__TILE__L1-1.__TILE__L3-1,target,query,query,finetune_dataset,data_629.pt,345652.0,gatedgcn_vn,5,50,paper_exact_seed5,2.4272680282592773,2.195406198501587,0.23186182975769043,0.3199999928474426,0.17388886213302612,0.1461111307144165,0.10999999940395355,0.15092837810516357,0.04092837870121002,0.019999999552965164,0.2599349021911621,0.23993490636348724,0.800000011920929,0.2955460548400879,0.5044539570808411
826e3156c7f5ca8b,gemver-medium,gemver-medium,lv2:__PARA__L0-1.__PARA__L1-1.__PARA__L2-1.__PARA__L3-1.__PARA__L4-1.__PARA__L5-5.__PARA__L6-16.__PIPE__L0-off.__PIPE__L1-off.__PIPE__L3-NA.__TILE__L0-1.__TILE__L1-1.__TILE__L3-1,target,query,query,finetune_dataset,data_596.pt,447470.0,gatedgcn_vn,5,50,paper_exact_seed5,2.241032600402832,2.0958755016326904,0.1451570987701416,0.03999999910593033,0.03993809223175049,6.190687417984009e-05,0.019999999552965164,0.003139317035675049,0.016860682517290115,0.009999999776482582,-0.02777804434299469,0.03777804225683212,0.30000001192092896,0.20377466082572937,0.09622535109519958
f4eea9d04231cbfb,gemver-medium,gemver-medium,lv2:__PARA__L0-1.__PARA__L1-1.__PARA__L2-1.__PARA__L3-1.__PARA__L4-1.__PARA__L5-4.__PARA__L6-2.__PIPE__L0-flatten.__PIPE__L1-off.__PIPE__L3-off.__TILE__L0-1.__TILE__L1-1.__TILE__L3-1,target,query,query,finetune_dataset,data_563.pt,669173.0,gatedgcn_vn,5,50,paper_exact_seed5,1.9507384300231934,1.7948840856552124,0.15585434436798096,0.7300000190734863,0.6032059192657471,0.12679409980773926,0.4399999976158142,0.3722817897796631,0.06771820783615112,1.2799999713897705,1.1237605810165405,0.15623939037322998,0.4300000071525574,0.3221217393875122,0.10787826776504517
f2382c4833c27b31,gemver-medium,gemver-medium,lv2:__PARA__L0-1.__PARA__L1-1.__PARA__L2-1.__PARA__L3-1.__PARA__L4-1.__PARA__L5-10.__PARA__L6-25.__PIPE__L0-off.__PIPE__L1-off.__PIPE__L3-NA.__TILE__L0-1.__TILE__L1-1.__TILE__L3-1,target,query,query,finetune_dataset,data_496.pt,351177.0,gatedgcn_vn,5,50,paper_exact_seed5,2.4158289432525635,2.219651222229004,0.19617772102355957,0.10999999940395355,0.09158876538276672,0.01841123402118683,0.029999999329447746,0.033914923667907715,0.003914924338459969,0.019999999552965164,-0.03485022485256195,0.054850224405527115,0.05000000074505806,0.18274761736392975,0.132747620344162
9b76b16299db4740,gemver-medium,gemver-medium,lv2:__PARA__L0-1.__PARA__L1-1.__PARA__L2-1.__PARA__L3-1.__PARA__L4-1.__PARA__L5-1.__PARA__L6-1.__PIPE__L0-flatten.__PIPE__L1-flatten.__PIPE__L3-off.__TILE__L0-1.__TILE__L1-8.__TILE__L3-1,target,query,query,finetune_dataset,data_426.pt,889619.0,gatedgcn_vn,5,50,paper_exact_seed5,1.745334267616272,1.8105970621109009,0.0652627944946289,3.299999952316284,1.116358995437622,2.183640956878662,2.0999999046325684,0.7498531341552734,1.350146770477295,6.900000095367432,1.880039930343628,5.019960403442383,0.30000001192092896,0.23938079178333282,0.06061922013759613
ea83d34ff54ddfc6,gemver-medium,gemver-medium,lv2:__PARA__L0-1.__PARA__L1-1.__PARA__L2-1.__PARA__L3-1.__PARA__L4-1.__PARA__L5-8.__PARA__L6-5.__PIPE__L0-off.__PIPE__L1-off.__PIPE__L3-NA.__TILE__L0-1.__TILE__L1-1.__TILE__L3-1,target,query,query,finetune_dataset,data_630.pt,500868.0,gatedgcn_vn,5,50,paper_exact_seed5,2.159712791442871,2.129849910736084,0.02986288070678711,0.029999999329447746,0.04094453155994415,0.010944532230496407,0.009999999776482582,0.005435526371002197,0.004564473405480385,0.009999999776482582,-0.008076786994934082,0.018076786771416664,0.28999999165534973,0.24013632535934448,0.04986366629600525
aaa173e09b080b95,gemver-medium,gemver-medium,lv2:__PARA__L0-1.__PARA__L1-1.__PARA__L2-1.__PARA__L3-1.__PARA__L4-1.__PARA__L5-4.__PARA__L6-20.__PIPE__L0-off.__PIPE__L1-off.__PIPE__L3-NA.__TILE__L0-1.__TILE__L1-1.__TILE__L3-1,target,query,query,finetune_dataset,data_568.pt,476669.0,gatedgcn_vn,5,50,paper_exact_seed5,2.195434093475342,2.035579204559326,0.15985488891601562,0.05999999865889549,0.03049658238887787,0.029503416270017624,0.019999999552965164,-0.0024079084396362305,0.022407907992601395,0.009999999776482582,-0.031248703598976135,0.04124870151281357,0.28999999165534973,0.192972332239151,0.09702765941619873
46fff6b5ab3176c1,gemver-medium,gemver-medium,lv2:__PARA__L0-1.__PARA__L1-1.__PARA__L2-1.__PARA__L3-1.__PARA__L4-1.__PARA__L5-1.__PARA__L6-20.__PIPE__L0-flatten.__PIPE__L1-off.__PIPE__L3-off.__TILE__L0-1.__TILE__L1-1.__TILE__L3-1,target,query,query,finetune_dataset,data_452.pt,909503.0,gatedgcn_vn,5,50,paper_exact_seed5,1.729388952255249,1.9691267013549805,0.23973774909973145,0.6700000166893005,0.6817334294319153,0.011733412742614746,0.41999998688697815,0.3961518108844757,0.02384817600250244,1.2799999713897705,1.1359646320343018,0.14403533935546875,0.23999999463558197,0.28851214051246643,0.04851214587688446
40fa45ba8d75fea6,gemver-medium,gemver-medium,lv2:__PARA__L0-1.__PARA__L1-1.__PARA__L2-1.__PARA__L3-1.__PARA__L4-1.__PARA__L5-10.__PARA__L6-32.__PIPE__L0-off.__PIPE__L1-off.__PIPE__L3-off.__TILE__L0-1.__TILE__L1-1.__TILE__L3-1,target,query,query,finetune_dataset,data_498.pt,393361.0,gatedgcn_vn,5,50,paper_exact_seed5,2.334001064300537,2.1975841522216797,0.13641691207885742,0.07000000029802322,0.06513185799121857,0.004868142306804657,0.029999999329447746,-0.01574075222015381,0.045740753412246704,0.019999999552965164,-0.027810588479042053,0.04781058803200722,0.05000000074505806,0.22367039322853088,0.17367039620876312
4d7a6effd7b27dcd,gemver-medium,gemver-medium,lv2:__PARA__L0-1.__PARA__L1-1.__PARA__L2-1.__PARA__L3-1.__PARA__L4-1.__PARA__L5-10.__PARA__L6-10.__PIPE__L0-off.__PIPE__L1-off.__PIPE__L3-off.__TILE__L0-1.__TILE__L1-1.__TILE__L3-1,target,query,query,finetune_dataset,data_489.pt,405761.0,gatedgcn_vn,5,50,paper_exact_seed5,2.311613082885742,2.1717400550842285,0.13987302780151367,0.03999999910593033,0.025595009326934814,0.014404989778995514,0.009999999776482582,-0.028065472841262817,0.03806547075510025,0.0,-0.024716392159461975,0.024716392159461975,0.05000000074505806,0.23795199394226074,0.18795199692249298
39d92e60a19b8911,gemver-medium,gemver-medium,lv2:__PARA__L0-1.__PARA__L1-1.__PARA__L2-1.__PARA__L3-1.__PARA__L4-1.__PARA__L5-5.__PARA__L6-2.__PIPE__L0-off.__PIPE__L1-off.__PIPE__L3-NA.__TILE__L0-1.__TILE__L1-1.__TILE__L3-1,target,query,query,finetune_dataset,data_598.pt,798416.0,gatedgcn_vn,5,50,paper_exact_seed5,1.8233578205108643,1.8996052742004395,0.0762474536895752,0.029999999329447746,0.008347660303115845,0.0216523390263319,0.009999999776482582,-0.00882670283317566,0.01882670260965824,0.0,-0.07235398888587952,0.07235398888587952,0.30000001192092896,0.20263685286045074,0.09736315906047821
de0ebad02754366d,gemver-medium,gemver-medium,lv2:__PARA__L0-1.__PARA__L1-1.__PARA__L2-1.__PARA__L3-1.__PARA__L4-1.__PARA__L5-1.__PARA__L6-20.__PIPE__L0-flatten.__PIPE__L1-off.__PIPE__L3-NA.__TILE__L0-1.__TILE__L1-1.__TILE__L3-1,target,query,query,finetune_dataset,data_451.pt,901361.0,gatedgcn_vn,5,50,paper_exact_seed5,1.7358756065368652,2.155871629714966,0.4199960231781006,0.6800000071525574,0.6829769015312195,0.0029768943786621094,0.4300000071525574,0.40795713663101196,0.02204287052154541,1.2999999523162842,1.0829954147338867,0.21700453758239746,0.23999999463558197,0.27573293447494507,0.0357329398393631
5bbc7c58da47afbc,gemver-medium,gemver-medium,lv2:__PARA__L0-1.__PARA__L1-1.__PARA__L2-1.__PARA__L3-1.__PARA__L4-1.__PARA__L5-1.__PARA__L6-64.__PIPE__L0-off.__PIPE__L1-off.__PIPE__L3-off.__TILE__L0-1.__TILE__L1-1.__TILE__L3-1,target,query,query,finetune_dataset,data_481.pt,1093212.0,gatedgcn_vn,5,50,paper_exact_seed5,1.5966774225234985,1.8316773176193237,0.2349998950958252,0.05999999865889549,0.08363915979862213,0.02363916113972664,0.029999999329447746,0.06342785805463791,0.03342785686254501,0.03999999910593033,0.0008503496646881104,0.03914964944124222,0.28999999165534973,0.20226725935935974,0.08773273229598999
88ccfe6d05a9e4b8,gemver-medium,gemver-medium,lv2:__PARA__L0-1.__PARA__L1-1.__PARA__L2-1.__PARA__L3-1.__PARA__L4-2.__PARA__L5-1.__PARA__L6-4.__PIPE__L0-off.__PIPE__L1-flatten.__PIPE__L3-off.__TILE__L0-1.__TILE__L1-1.__TILE__L3-8,target,query,query,finetune_dataset,data_644.pt,437535.0,gatedgcn_vn,5,50,paper_exact_seed5,2.2572288513183594,2.0008645057678223,0.2563643455505371,0.6100000143051147,0.5574029088020325,0.052597105503082275,0.3100000023841858,0.3264666199684143,0.016466617584228516,0.6399999856948853,0.9079495668411255,0.26794958114624023,0.15000000596046448,0.2823192775249481,0.13231927156448364
d9662c3dbf1efeed,gemver-medium,gemver-medium,lv2:__PARA__L0-1.__PARA__L1-1.__PARA__L2-1.__PARA__L3-1.__PARA__L4-1.__PARA__L5-2.__PARA__L6-25.__PIPE__L0-flatten.__PIPE__L1-off.__PIPE__L3-NA.__TILE__L0-1.__TILE__L1-1.__TILE__L3-1,target,query,query,finetune_dataset,data_527.pt,497391.0,gatedgcn_vn,5,50,paper_exact_seed5,2.1647379398345947,2.2774641513824463,0.11272621154785156,0.699999988079071,0.672440230846405,0.027559757232666016,0.4399999976158142,0.39943739771842957,0.040562599897384644,1.2999999523162842,1.0291506052017212,0.270849347114563,0.23999999463558197,0.2765701711177826,0.03657017648220062
5866cbdc49313267,gemver-medium,gemver-medium,lv2:__PARA__L0-1.__PARA__L1-1.__PARA__L2-1.__PARA__L3-1.__PARA__L4-1.__PARA__L5-5.__PARA__L6-5.__PIPE__L0-off.__PIPE__L1-off.__PIPE__L3-off.__TILE__L0-1.__TILE__L1-1.__TILE__L3-1,target,query,query,finetune_dataset,data_608.pt,561964.0,gatedgcn_vn,5,50,paper_exact_seed5,2.0766892433166504,2.0648584365844727,0.011830806732177734,0.029999999329447746,-0.0031637847423553467,0.03316378593444824,0.009999999776482582,-0.02342534065246582,0.03342533856630325,0.0,-0.06126728653907776,0.06126728653907776,0.30000001192092896,0.26394400000572205,0.03605601191520691
86c9a90f08622c5e,gemver-medium,gemver-medium,lv2:__PARA__L0-1.__PARA__L1-1.__PARA__L2-1.__PARA__L3-1.__PARA__L4-1.__PARA__L5-4.__PARA__L6-64.__PIPE__L0-off.__PIPE__L1-off.__PIPE__L3-off.__TILE__L0-1.__TILE__L1-1.__TILE__L3-1,target,query,query,finetune_dataset,data_587.pt,501213.0,gatedgcn_vn,5,50,paper_exact_seed5,2.1592161655426025,2.0708587169647217,0.08835744857788086,0.07000000029802322,0.04859410226345062,0.0214058980345726,0.029999999329447746,0.0315457284450531,0.0015457291156053543,0.03999999910593033,-0.02160288393497467,0.061602883040905,0.05999999865889549,0.22786816954612732,0.16786816716194153
2f626245e21cc056,gemver-medium,gemver-medium,lv2:__PARA__L0-1.__PARA__L1-1.__PARA__L2-1.__PARA__L3-1.__PARA__L4-1.__PARA__L5-2.__PARA__L6-10.__PIPE__L0-off.__PIPE__L1-off.__PIPE__L3-NA.__TILE__L0-1.__TILE__L1-1.__TILE__L3-1,target,query,query,finetune_dataset,data_513.pt,714471.0,gatedgcn_vn,5,50,paper_exact_seed5,1.903490424156189,1.8153486251831055,0.0881417989730835,0.029999999329447746,0.02106626331806183,0.008933736011385918,0.009999999776482582,0.004015535116195679,0.005984464660286903,0.009999999776482582,-0.03988902270793915,0.04988902062177658,0.11999999731779099,0.15693341195583344,0.03693341463804245
7431bdb2627f50c0,gemver-medium,gemver-medium,lv2:__PARA__L0-1.__PARA__L1-1.__PARA__L2-1.__PARA__L3-1.__PARA__L4-2.__PARA__L5-1.__PARA__L6-1.__PIPE__L0-off.__PIPE__L1-flatten.__PIPE__L3-NA.__TILE__L0-1.__TILE__L1-1.__TILE__L3-8,target,query,query,finetune_dataset,data_635.pt,1011542.0,gatedgcn_vn,5,50,paper_exact_seed5,1.6526858806610107,1.8219141960144043,0.16922831535339355,0.6200000047683716,0.5903424024581909,0.029657602310180664,0.3100000023841858,0.33037418127059937,0.020374178886413574,0.6399999856948853,0.8355875015258789,0.19558751583099365,0.18000000715255737,0.20495674014091492,0.024956732988357544
2932f44c3f2bc533,gemver-medium,gemver-medium,lv2:__PARA__L0-1.__PARA__L1-1.__PARA__L2-1.__PARA__L3-1.__PARA__L4-1.__PARA__L5-1.__PARA__L6-1.__PIPE__L0-flatten.__PIPE__L1-off.__PIPE__L3-off.__TILE__L0-1.__TILE__L1-1.__TILE__L3-1,target,query,query,finetune_dataset,data_430.pt,1657103.0,gatedgcn_vn,5,50,paper_exact_seed5,1.2966324090957642,1.404336929321289,0.1077045202255249,0.6399999856948853,0.6408165693283081,0.0008165836334228516,0.41999998688697815,0.3995630741119385,0.020436912775039673,1.2799999713897705,1.138523817062378,0.14147615432739258,0.23999999463558197,0.2159355729818344,0.02406442165374756
db822cddca8579a4,gemver-medium,gemver-medium,lv2:__PARA__L0-1.__PARA__L1-1.__PARA__L2-1.__PARA__L3-1.__PARA__L4-1.__PARA__L5-4.__PARA__L6-32.__PIPE__L0-flatten.__PIPE__L1-off.__PIPE__L3-off.__TILE__L0-1.__TILE__L1-1.__TILE__L3-1,target,query,query,finetune_dataset,data_574.pt,341573.0,gatedgcn_vn,5,50,paper_exact_seed5,2.435831069946289,2.2308058738708496,0.20502519607543945,0.7400000095367432,0.6836206912994385,0.05637931823730469,0.44999998807907104,0.36852091550827026,0.08147907257080078,1.2799999713897705,1.0832525491714478,0.19674742221832275,0.4300000071525574,0.3727308213710785,0.05726918578147888
f01dce4946b7b7b7,gemver-medium,gemver-medium,lv2:__PARA__L0-1.__PARA__L1-1.__PARA__L2-1.__PARA__L3-1.__PARA__L4-1.__PARA__L5-2.__PARA__L6-5.__PIPE__L0-off.__PIPE__L1-off.__PIPE__L3-off.__TILE__L0-1.__TILE__L1-1.__TILE__L3-1,target,query,query,finetune_dataset,data_542.pt,798013.0,gatedgcn_vn,5,50,paper_exact_seed5,1.823722004890442,1.7272504568099976,0.09647154808044434,0.029999999329447746,-3.552436828613281e-05,0.03003552369773388,0.009999999776482582,-0.011426806449890137,0.02142680622637272,0.0,-0.08761382102966309,0.08761382102966309,0.11999999731779099,0.18191885948181152,0.06191886216402054
83ed0b793841b275,gemver-medium,gemver-medium,lv2:__PARA__L0-1.__PARA__L1-1.__PARA__L2-1.__PARA__L3-1.__PARA__L4-1.__PARA__L5-2.__PARA__L6-2.__PIPE__L0-off.__PIPE__L1-off.__PIPE__L3-off.__TILE__L0-1.__TILE__L1-1.__TILE__L3-1,target,query,query,finetune_dataset,data_522.pt,1034813.0,gatedgcn_vn,5,50,paper_exact_seed5,1.6362789869308472,1.524970531463623,0.11130845546722412,0.019999999552965164,-0.008810505270957947,0.02881050482392311,0.009999999776482582,0.0008655786514282227,0.00913442112505436,0.0,-0.11284618079662323,0.11284618079662323,0.11999999731779099,0.12902064621448517,0.009020648896694183
8267c1b9533029a4,gemver-medium,gemver-medium,lv2:__PARA__L0-1.__PARA__L1-1.__PARA__L2-1.__PARA__L3-1.__PARA__L4-1.__PARA__L5-8.__PARA__L6-25.__PIPE__L0-off.__PIPE__L1-off.__PIPE__L3-NA.__TILE__L0-1.__TILE__L1-1.__TILE__L3-1,target,query,query,finetune_dataset,data_624.pt,371827.0,gatedgcn_vn,5,50,paper_exact_seed5,2.374612331390381,2.195648670196533,0.17896366119384766,0.07999999821186066,0.07551015913486481,0.00448983907699585,0.029999999329447746,0.021941691637039185,0.008058307692408562,0.019999999552965164,-0.044956788420677185,0.06495678424835205,0.05999999865889549,0.1864725947380066,0.1264725923538208
cdcc51c6c395351b,gemver-medium,gemver-medium,lv2:__PARA__L0-1.__PARA__L1-1.__PARA__L2-1.__PARA__L3-1.__PARA__L4-1.__PARA__L5-2.__PARA__L6-32.__PIPE__L0-flatten.__PIPE__L1-off.__PIPE__L3-off.__TILE__L0-1.__TILE__L1-1.__TILE__L3-1,target,query,query,finetune_dataset,data_531.pt,539573.0,gatedgcn_vn,5,50,paper_exact_seed5,2.1060190200805664,2.0853397846221924,0.020679235458374023,0.6800000071525574,0.6600805521011353,0.01991945505142212,0.4300000071525574,0.3744150698184967,0.05558493733406067,1.2799999713897705,1.0097551345825195,0.270244836807251,0.23999999463558197,0.283739298582077,0.043739303946495056
979644bcd6761137,gemver-medium,gemver-medium,lv2:__PARA__L0-1.__PARA__L1-1.__PARA__L2-1.__PARA__L3-1.__PARA__L4-1.__PARA__L5-1.__PARA__L6-10.__PIPE__L0-off.__PIPE__L1-flatten.__PIPE__L3-off.__TILE__L0-1.__TILE__L1-1.__TILE__L3-8,target,query,query,finetune_dataset,data_438.pt,361465.0,gatedgcn_vn,5,50,paper_exact_seed5,2.3950002193450928,2.176433801651001,0.2185664176940918,0.6100000143051147,0.5981007218360901,0.011899292469024658,0.3100000023841858,0.3284314274787903,0.018431425094604492,0.6399999856948853,0.9375510215759277,0.2975510358810425,0.1899999976158142,0.28824278712272644,0.09824278950691223
8a3e5c2f14c9d9e7,gemver-medium,gemver-medium,lv2:__PARA__L0-1.__PARA__L1-1.__PARA__L2-1.__PARA__L3-1.__PARA__L4-1.__PARA__L5-1.__PARA__L6-5.__PIPE__L0-off.__PIPE__L1-off.__PIPE__L3-off.__TILE__L0-1.__TILE__L1-1.__TILE__L3-1,target,query,query,finetune_dataset,data_477.pt,1194012.0,gatedgcn_vn,5,50,paper_exact_seed5,1.5330554246902466,1.5895555019378662,0.05650007724761963,0.019999999552965164,0.0068580955266952515,0.013141904026269913,0.009999999776482582,0.0013383924961090088,0.008661607280373573,0.0,-0.043352335691452026,0.043352335691452026,0.11999999731779099,0.17442014813423157,0.05442015081644058
46f20070f755128c,gemver-medium,gemver-medium,lv2:__PARA__L0-1.__PARA__L1-1.__PARA__L2-1.__PARA__L3-1.__PARA__L4-1.__PARA__L5-1.__PARA__L6-1.__PIPE__L0-off.__PIPE__L1-flatten.__PIPE__L3-NA.__TILE__L0-1.__TILE__L1-1.__TILE__L3-8,target,query,query,finetune_dataset,data_431.pt,1091472.0,gatedgcn_vn,5,50,paper_exact_seed5,1.5978264808654785,1.754915714263916,0.1570892333984375,0.6200000047683716,0.6231004595756531,0.003100454807281494,0.3100000023841858,0.3571401834487915,0.04714018106460571,0.6399999856948853,0.9106338620185852,0.27063387632369995,0.18000000715255737,0.20882469415664673,0.028824687004089355
46beeb5ba9e62c65,gemver-medium,gemver-medium,lv2:__PARA__L0-1.__PARA__L1-1.__PARA__L2-1.__PARA__L3-1.__PARA__L4-1.__PARA__L5-4.__PARA__L6-20.__PIPE__L0-flatten.__PIPE__L1-off.__PIPE__L3-off.__TILE__L0-1.__TILE__L1-1.__TILE__L3-1,target,query,query,finetune_dataset,data_567.pt,316373.0,gatedgcn_vn,5,50,paper_exact_seed5,2.491114854812622,2.2000603675842285,0.29105448722839355,0.7400000095367432,0.6917223334312439,0.04827767610549927,0.44999998807907104,0.37063509225845337,0.07936489582061768,1.2799999713897705,1.1641244888305664,0.1158754825592041,0.4300000071525574,0.3823179304599762,0.04768207669258118
f351dcbd8a9583d8,gemver-medium,gemver-medium,lv2:__PARA__L0-1.__PARA__L1-1.__PARA__L2-1.__PARA__L3-1.__PARA__L4-1.__PARA__L5-8.__PARA__L6-5.__PIPE__L0-off.__PIPE__L1-off.__PIPE__L3-off.__TILE__L0-1.__TILE__L1-1.__TILE__L3-1,target,query,query,finetune_dataset,data_631.pt,504812.0,gatedgcn_vn,5,50,paper_exact_seed5,2.154054880142212,2.123774528503418,0.030280351638793945,0.029999999329447746,-0.0004816502332687378,0.030481649562716484,0.009999999776482582,-0.028384089469909668,0.0383840873837471,0.0,-0.06053197383880615,0.06053197383880615,0.28999999165534973,0.25914818048477173,0.030851811170578003
09d1e6e62ac85248,gemver-medium,gemver-medium,lv2:__PARA__L0-1.__PARA__L1-1.__PARA__L2-1.__PARA__L3-1.__PARA__L4-1.__PARA__L5-8.__PARA__L6-2.__PIPE__L0-off.__PIPE__L1-off.__PIPE__L3-NA.__TILE__L0-1.__TILE__L1-1.__TILE__L3-1,target,query,query,finetune_dataset,data_620.pt,740462.0,gatedgcn_vn,5,50,paper_exact_seed5,1.8777152299880981,2.0087664127349854,0.1310511827468872,0.029999999329447746,0.03214162588119507,0.002141626551747322,0.009999999776482582,-0.004482358694076538,0.01448235847055912,0.0,-0.07570098340511322,0.07570098340511322,0.28999999165534973,0.1988144814968109,0.09118551015853882
09b442110eaabb3e,gemver-medium,gemver-medium,lv2:__PARA__L0-1.__PARA__L1-1.__PARA__L2-1.__PARA__L3-1.__PARA__L4-1.__PARA__L5-8.__PARA__L6-1.__PIPE__L0-off.__PIPE__L1-off.__PIPE__L3-flatten.__TILE__L0-1.__TILE__L1-1.__TILE__L3-1,target,query,query,finetune_dataset,data_614.pt,328863.0,gatedgcn_vn,5,50,paper_exact_seed5,2.4631848335266113,2.051909923553467,0.41127490997314453,0.6299999952316284,0.6346092224121094,0.004609227180480957,0.33000001311302185,0.4038763642311096,0.07387635111808777,1.1100000143051147,1.0858746767044067,0.024125337600708008,0.800000011920929,0.3621843457221985,0.43781566619873047
88047e3dd9b1cdae,gemver-medium,gemver-medium,lv2:__PARA__L0-1.__PARA__L1-1.__PARA__L2-1.__PARA__L3-1.__PARA__L4-1.__PARA__L5-2.__PARA__L6-16.__PIPE__L0-flatten.__PIPE__L1-off.__PIPE__L3-NA.__TILE__L0-1.__TILE__L1-1.__TILE__L3-1,target,query,query,finetune_dataset,data_515.pt,515481.0,gatedgcn_vn,5,50,paper_exact_seed5,2.1389684677124023,2.2347214221954346,0.09575295448303223,0.6800000071525574,0.6682385802268982,0.01176142692565918,0.4300000071525574,0.3909039795398712,0.03909602761268616,1.2899999618530273,1.052069067955017,0.23793089389801025,0.23999999463558197,0.2856398820877075,0.04563988745212555
7fd996d84f497a6b,gemver-medium,gemver-medium,lv2:__PARA__L0-1.__PARA__L1-1.__PARA__L2-1.__PARA__L3-1.__PARA__L4-1.__PARA__L5-4.__PARA__L6-5.__PIPE__L0-flatten.__PIPE__L1-off.__PIPE__L3-NA.__TILE__L0-1.__TILE__L1-1.__TILE__L3-1,target,query,query,finetune_dataset,data_582.pt,428429.0,gatedgcn_vn,5,50,paper_exact_seed5,2.272400140762329,2.1476638317108154,0.12473630905151367,0.7400000095367432,0.6861797571182251,0.053820252418518066,0.44999998807907104,0.3933943510055542,0.056605637073516846,1.2799999713897705,1.192366361618042,0.08763360977172852,0.4300000071525574,0.3886871337890625,0.04131287336349487
5f6a5ea1f48bc17a,gemver-medium,gemver-medium,lv2:__PARA__L0-1.__PARA__L1-1.__PARA__L2-1.__PARA__L3-1.__PARA__L4-1.__PARA__L5-1.__PARA__L6-8.__PIPE__L0-off.__PIPE__L1-off.__PIPE__L3-NA.__TILE__L0-1.__TILE__L1-1.__TILE__L3-1,target,query,query,finetune_dataset,data_485.pt,1129366.0,gatedgcn_vn,5,50,paper_exact_seed5,1.5732074975967407,1.6752142906188965,0.10200679302215576,0.029999999329447746,0.03719267249107361,0.007192673161625862,0.009999999776482582,0.010100215673446655,0.00010021589696407318,0.009999999776482582,0.002615422010421753,0.007384577766060829,0.11999999731779099,0.1571580171585083,0.037158019840717316
cec947423f44b08f,gemver-medium,gemver-medium,lv2:__PARA__L0-1.__PARA__L1-1.__PARA__L2-1.__PARA__L3-1.__PARA__L4-1.__PARA__L5-2.__PARA__L6-16.__PIPE__L0-off.__PIPE__L1-off.__PIPE__L3-off.__TILE__L0-1.__TILE__L1-1.__TILE__L3-1,target,query,query,finetune_dataset,data_518.pt,691613.0,gatedgcn_vn,5,50,paper_exact_seed5,1.9269455671310425,1.7985162734985352,0.12842929363250732,0.029999999329447746,0.02344334125518799,0.006556658074259758,0.009999999776482582,-0.0038927793502807617,0.013892779126763344,0.009999999776482582,-0.09239982068538666,0.10239981859922409,0.11999999731779099,0.1702810376882553,0.050281040370464325
07338f58fab2b5d0,gemver-medium,gemver-medium,lv2:__PARA__L0-1.__PARA__L1-1.__PARA__L2-1.__PARA__L3-1.__PARA__L4-1.__PARA__L5-2.__PARA__L6-10.__PIPE__L0-flatten.__PIPE__L1-off.__PIPE__L3-NA.__TILE__L0-1.__TILE__L1-1.__TILE__L3-1,target,query,query,finetune_dataset,data_511.pt,545631.0,gatedgcn_vn,5,50,paper_exact_seed5,2.0979652404785156,2.1546053886413574,0.0566401481628418,0.6800000071525574,0.6593799591064453,0.02062004804611206,0.4300000071525574,0.3823045492172241,0.04769545793533325,1.2899999618530273,1.0750051736831665,0.21499478816986084,0.23999999463558197,0.2952040731906891,0.05520407855510712
fb29053e523e2801,gemver-medium,gemver-medium,lv2:__PARA__L0-1.__PARA__L1-1.__PARA__L2-1.__PARA__L3-1.__PARA__L4-2.__PARA__L5-1.__PARA__L6-20.__PIPE__L0-off.__PIPE__L1-flatten.__PIPE__L3-off.__TILE__L0-1.__TILE__L1-1.__TILE__L3-8,target,query,query,finetune_dataset,data_640.pt,224535.0,gatedgcn_vn,5,50,paper_exact_seed5,2.7384579181671143,2.4112327098846436,0.3272252082824707,0.6200000047683716,0.5681247711181641,0.05187523365020752,0.3100000023841858,0.2864307761192322,0.023569226264953613,0.6399999856948853,0.7206282615661621,0.08062827587127686,0.25999999046325684,0.26955094933509827,0.00955095887184143
38b5571df4d34783,gemver-medium,gemver-medium,lv2:__PARA__L0-1.__PARA__L1-1.__PARA__L2-1.__PARA__L3-1.__PARA__L4-1.__PARA__L5-2.__PARA__L6-4.__PIPE__L0-flatten.__PIPE__L1-off.__PIPE__L3-off.__TILE__L0-1.__TILE__L1-1.__TILE__L3-1,target,query,query,finetune_dataset,data_534.pt,669973.0,gatedgcn_vn,5,50,paper_exact_seed5,1.9498766660690308,1.8018510341644287,0.14802563190460205,0.6700000166893005,0.6398428678512573,0.030157148838043213,0.41999998688697815,0.39648374915122986,0.02351623773574829,1.2799999713897705,1.1782217025756836,0.10177826881408691,0.23999999463558197,0.3065020442008972,0.06650204956531525
44c346e1646bb5f3,trmm-opt,trmm-opt,lv2:__PARA__L0-1.__PARA__L1-8.__PARA__L2-60.__PIPE__L0-off.__PIPE__L1-NA.__TILE__L0-1.__TILE__L1-1,target,query,query,finetune_dataset,data_1113.pt,24567.0,gatedgcn_vn,5,50,paper_exact_seed5,4.334531307220459,4.127355098724365,0.20717620849609375,0.4699999988079071,0.39618101716041565,0.07381898164749146,0.2800000011920929,0.18567007780075073,0.09432992339134216,0.7599999904632568,0.651695191860199,0.10830479860305786,0.009999999776482582,0.009105779230594635,0.0008942205458879471
264c7a4271e56457,trmm-opt,trmm-opt,lv2:__PARA__L0-1.__PARA__L1-1.__PARA__L2-12.__PIPE__L0-off.__PIPE__L1-off.__TILE__L0-1.__TILE__L1-80,target,query,query,finetune_dataset,data_1043.pt,337647.0,gatedgcn_vn,5,50,paper_exact_seed5,2.4441702365875244,2.2462356090545654,0.19793462753295898,0.009999999776482582,0.03352436423301697,0.023524364456534386,0.0,0.00906112790107727,0.00906112790107727,0.0,0.004496842622756958,0.004496842622756958,0.05999999865889549,0.02984084188938141,0.030159156769514084
266d2385aa651e25,trmm-opt,trmm-opt,lv2:__PARA__L0-1.__PARA__L1-1.__PARA__L2-15.__PIPE__L0-off.__PIPE__L1-off.__TILE__L0-1.__TILE__L1-80,target,query,query,finetune_dataset,data_1046.pt,337647.0,gatedgcn_vn,5,50,paper_exact_seed5,2.4441702365875244,2.141878604888916,0.3022916316986084,0.029999999329447746,0.029083237051963806,0.0009167622774839401,0.009999999776482582,-0.009899631142616272,0.019899630919098854,0.0,-0.010461650788784027,0.010461650788784027,0.03999999910593033,0.02515672892332077,0.014843270182609558
861efb7dcdb6536c,trmm-opt,trmm-opt,lv2:__PARA__L0-1.__PARA__L1-16.__PARA__L2-1.__PIPE__L0-off.__PIPE__L1-flatten.__TILE__L0-60.__TILE__L1-1,target,query,query,finetune_dataset,data_1086.pt,24267.0,gatedgcn_vn,5,50,paper_exact_seed5,4.3433942794799805,4.0016889572143555,0.341705322265625,0.9399999976158142,0.6287785172462463,0.31122148036956787,0.550000011920929,0.06530174612998962,0.48469826579093933,1.5299999713897705,0.9692445993423462,0.5607553720474243,0.009999999776482582,0.014697842299938202,0.00469784252345562
2daee5e30c354acd,trmm-opt,trmm-opt,lv2:__PARA__L0-1.__PARA__L1-1.__PARA__L2-12.__PIPE__L0-off.__PIPE__L1-off.__TILE__L0-1.__TILE__L1-1,target,query,query,finetune_dataset,data_1042.pt,337647.0,gatedgcn_vn,5,50,paper_exact_seed5,2.4441702365875244,2.3485076427459717,0.09566259384155273,0.009999999776482582,0.059270456433296204,0.04927045851945877,0.0,0.013526976108551025,0.013526976108551025,0.0,0.023991011083126068,0.023991011083126068,0.05999999865889549,0.03198138624429703,0.028018612414598465
053e48fb97e31f59,trmm-opt,trmm-opt,lv2:__PARA__L0-1.__PARA__L1-1.__PARA__L2-16.__PIPE__L0-off.__PIPE__L1-off.__TILE__L0-1.__TILE__L1-1,target,query,query,finetune_dataset,data_1048.pt,654701.0,gatedgcn_vn,5,50,paper_exact_seed5,1.9665100574493408,2.2517056465148926,0.28519558906555176,0.029999999329447746,0.06592777371406555,0.035927772521972656,0.009999999776482582,-0.01081174612045288,0.020811745896935463,0.009999999776482582,0.009645730257034302,0.00035426951944828033,0.03999999910593033,0.02997264266014099,0.010027356445789337
6c63a264071adcb0,trmm-opt,trmm-opt,lv2:__PARA__L0-1.__PARA__L1-10.__PARA__L2-1.__PIPE__L0-off.__PIPE__L1-flatten.__TILE__L0-1.__TILE__L1-1,target,query,query,finetune_dataset,data_1078.pt,27747.0,gatedgcn_vn,5,50,paper_exact_seed5,4.246726036071777,4.694653034210205,0.44792699813842773,0.5899999737739563,0.6720950603485107,0.08209508657455444,0.3400000035762787,0.5773264765739441,0.2373264729976654,0.9599999785423279,1.17868173122406,0.21868175268173218,0.0,0.0025810077786445618,0.0025810077786445618
a34e73c0529a9001,trmm-opt,trmm-opt,lv2:__PARA__L0-1.__PARA__L1-1.__PARA__L2-1.__PIPE__L0-off.__PIPE__L1-flatten.__TILE__L0-1.__TILE__L1-1,target,query,query,finetune_dataset,data_1034.pt,28767.0,gatedgcn_vn,5,50,paper_exact_seed5,4.22068452835083,4.433912754058838,0.2132282257080078,0.1599999964237213,0.10464063286781311,0.0553593635559082,0.05999999865889549,0.22792242467403412,0.16792242228984833,0.09000000357627869,0.09611210227012634,0.006112098693847656,0.009999999776482582,-0.0062043145298957825,0.016204314306378365
9ce65a5cfd0f914c,trmm-opt,trmm-opt,lv2:__PARA__L0-1.__PARA__L1-1.__PARA__L2-10.__PIPE__L0-off.__PIPE__L1-off.__TILE__L0-60.__TILE__L1-1,target,query,query,finetune_dataset,data_1041.pt,366447.0,gatedgcn_vn,5,50,paper_exact_seed5,2.3851258754730225,2.175532102584839,0.2095937728881836,0.009999999776482582,0.025361403822898865,0.015361404046416283,0.0,0.013925418257713318,0.013925418257713318,0.0,0.006352536380290985,0.006352536380290985,0.05000000074505806,0.02373582124710083,0.02626417949795723
f9f2f71ec25fe3fb,trmm-opt,trmm-opt,lv2:__PARA__L0-6.__PARA__L1-8.__PARA__L2-1.__PIPE__L0-off.__PIPE__L1-flatten.__TILE__L0-1.__TILE__L1-1,target,query,query,finetune_dataset,data_1136.pt,4592.0,gatedgcn_vn,5,50,paper_exact_seed5,5.544294834136963,5.227509021759033,0.3167858123779297,2.2699999809265137,3.1507456302642822,0.8807456493377686,11.029999732971191,14.438620567321777,3.408620834350586,4.409999847412109,6.150219917297363,1.740220069885254,0.0,0.008412577211856842,0.008412577211856842
6bc3aa7c10c618da,trmm-opt,trmm-opt,lv2:__PARA__L0-1.__PARA__L1-10.__PARA__L2-60.__PIPE__L0-off.__PIPE__L1-off.__TILE__L0-1.__TILE__L1-1,target,query,query,finetune_dataset,data_1083.pt,27747.0,gatedgcn_vn,5,50,paper_exact_seed5,4.246726036071777,4.305995464324951,0.05926942825317383,0.5899999737739563,0.6604706048965454,0.07047063112258911,0.3400000035762787,0.33993011713027954,6.988644599914551e-05,0.9599999785423279,1.0520052909851074,0.09200531244277954,0.0,-0.0014922171831130981,0.0014922171831130981
79c90b254f6a81cb,trmm-opt,trmm-opt,lv2:__PARA__L0-1.__PARA__L1-2.__PARA__L2-60.__PIPE__L0-off.__PIPE__L1-NA.__TILE__L0-60.__TILE__L1-1,target,query,query,finetune_dataset,data_1092.pt,29669.0,gatedgcn_vn,5,50,paper_exact_seed5,4.198413848876953,4.847543239593506,0.6491293907165527,0.20999999344348907,0.1716291308403015,0.03837086260318756,0.09000000357627869,0.08285167813301086,0.007148325443267822,0.1899999976158142,0.14577074348926544,0.04422925412654877,0.009999999776482582,-0.009885840117931366,0.019885839894413948
1e2e7e6145e4a706,trmm-opt,trmm-opt,lv2:__PARA__L0-1.__PARA__L1-20.__PARA__L2-1.__PIPE__L0-off.__PIPE__L1-flatten.__TILE__L0-60.__TILE__L1-1,target,query,query,finetune_dataset,data_1097.pt,25107.0,gatedgcn_vn,5,50,paper_exact_seed5,4.318847179412842,4.002898216247559,0.3159489631652832,1.159999966621399,0.738915205001831,0.42108476161956787,0.6800000071525574,0.05081889033317566,0.6291811466217041,1.9199999570846558,1.0836399793624878,0.836359977722168,0.0,0.010462969541549683,0.010462969541549683
1fa87e3b25c0be4a,trmm-opt,trmm-opt,lv2:__PARA__L0-1.__PARA__L1-1.__PARA__L2-5.__PIPE__L0-off.__PIPE__L1-off.__TILE__L0-1.__TILE__L1-1,target,query,query,finetune_dataset,data_1065.pt,486447.0,gatedgcn_vn,5,50,paper_exact_seed5,2.1807868480682373,2.169658660888672,0.01112818717956543,0.009999999776482582,0.04214094579219818,0.03214094787836075,0.0,0.013173013925552368,0.013173013925552368,0.0,0.015776164829730988,0.015776164829730988,0.029999999329447746,0.03431195765733719,0.0043119583278894424
cae26cbd4853f688,trmm-opt,trmm-opt,lv2:__PARA__L0-1.__PARA__L1-1.__PARA__L2-8.__PIPE__L0-off.__PIPE__L1-off.__TILE__L0-1.__TILE__L1-1,target,query,query,finetune_dataset,data_1075.pt,539321.0,gatedgcn_vn,5,50,paper_exact_seed5,2.106355905532837,2.4037716388702393,0.29741573333740234,0.009999999776482582,0.05138285458087921,0.04138285666704178,0.0,0.030192598700523376,0.030192598700523376,0.0,0.03204837441444397,0.03204837441444397,0.03999999910593033,0.03774494677782059,0.002255052328109741
e8ee9d2efff88896,trmm-opt,trmm-opt,lv2:__PARA__L0-1.__PARA__L1-1.__PARA__L2-5.__PIPE__L0-off.__PIPE__L1-off.__TILE__L0-1.__TILE__L1-80,target,query,query,finetune_dataset,data_1066.pt,486447.0,gatedgcn_vn,5,50,paper_exact_seed5,2.1807868480682373,2.2908449172973633,0.11005806922912598,0.009999999776482582,0.01568855345249176,0.005688553676009178,0.0,0.0120927095413208,0.0120927095413208,0.0,-4.924088716506958e-05,4.924088716506958e-05,0.029999999329447746,0.03426726162433624,0.004267262294888496
8566ffa0d50d6e7f,trmm-opt,trmm-opt,lv2:__PARA__L0-3.__PARA__L1-4.__PARA__L2-1.__PIPE__L0-off.__PIPE__L1-flatten.__TILE__L0-1.__TILE__L1-1,target,query,query,finetune_dataset,data_1127.pt,6430.0,gatedgcn_vn,5,50,paper_exact_seed5,5.301446914672852,5.233311176300049,0.06813573837280273,0.699999988079071,0.8384272456169128,0.1384272575378418,4.949999809265137,5.185873031616211,0.23587322235107422,1.1299999952316284,1.4206278324127197,0.2906278371810913,0.009999999776482582,0.011537343263626099,0.0015373434871435165
13f4049ec8c5900c,trmm-opt,trmm-opt,lv2:__PARA__L0-1.__PARA__L1-1.__PARA__L2-20.__PIPE__L0-off.__PIPE__L1-off.__TILE__L0-1.__TILE__L1-80,target,query,query,finetune_dataset,data_1052.pt,313647.0,gatedgcn_vn,5,50,paper_exact_seed5,2.497357130050659,2.0252737998962402,0.47208333015441895,0.03999999910593033,0.032841190695762634,0.007158808410167694,0.009999999776482582,-0.004234135150909424,0.014234134927392006,0.0,-0.021001309156417847,0.021001309156417847,0.009999999776482582,0.020100750029087067,0.010100750252604485
8a67174d1f09ea2c,trmm-opt,trmm-opt,lv2:__PARA__L0-1.__PARA__L1-1.__PARA__L2-10.__PIPE__L0-off.__PIPE__L1-off.__TILE__L0-1.__TILE__L1-1,target,query,query,finetune_dataset,data_1039.pt,366447.0,gatedgcn_vn,5,50,paper_exact_seed5,2.3851258754730225,2.385106325149536,1.9550323486328125e-05,0.009999999776482582,0.05561603605747223,0.045616038143634796,0.0,0.02639755606651306,0.02639755606651306,0.0,0.02927151322364807,0.02927151322364807,0.05000000074505806,0.03439357131719589,0.015606429427862167
491e9d6fa5be4ef8,trmm-opt,trmm-opt,lv2:__PARA__L0-4.__PARA__L1-5.__PARA__L2-1.__PIPE__L0-off.__PIPE__L1-flatten.__TILE__L0-1.__TILE__L1-1,target,query,query,finetune_dataset,data_1133.pt,11375.0,gatedgcn_vn,5,50,paper_exact_seed5,4.88995885848999,5.030730724334717,0.14077186584472656,1.0,1.6851141452789307,0.6851141452789307,4.650000095367432,8.536338806152344,3.886338710784912,1.8700000047683716,3.1763575077056885,1.306357502937317,0.009999999776482582,0.01435338705778122,0.004353387281298637
035bd1a25fd49371,trmm-opt,trmm-opt,lv2:__PARA__L0-1.__PARA__L1-1.__PARA__L2-30.__PIPE__L0-off.__PIPE__L1-off.__TILE__L0-1.__TILE__L1-80,target,query,query,finetune_dataset,data_1057.pt,284847.0,gatedgcn_vn,5,50,paper_exact_seed5,2.5668344497680664,1.956895351409912,0.6099390983581543,0.10000000149011612,0.05021446943283081,0.04978553205728531,0.03999999910593033,0.022837519645690918,0.01716247946023941,0.009999999776482582,-0.034986019134521484,0.04498601704835892,0.009999999776482582,0.010866813361644745,0.0008668135851621628
8376225e029a3a76,trmm-opt,trmm-opt,lv2:__PARA__L0-1.__PARA__L1-2.__PARA__L2-1.__PIPE__L0-off.__PIPE__L1-flatten.__TILE__L0-1.__TILE__L1-1,target,query,query,finetune_dataset,data_1089.pt,29669.0,gatedgcn_vn,5,50,paper_exact_seed5,4.198413848876953,4.523787021636963,0.32537317276000977,0.20999999344348907,0.21673426032066345,0.0067342668771743774,0.09000000357627869,0.3356718420982361,0.2456718385219574,0.1899999976158142,0.25748199224472046,0.06748199462890625,0.009999999776482582,0.005217075347900391,0.0047829244285821915
32c04c480aaeaca8,trmm-opt,trmm-opt,lv2:__PARA__L0-1.__PARA__L1-8.__PARA__L2-1.__PIPE__L0-off.__PIPE__L1-flatten.__TILE__L0-60.__TILE__L1-1,target,query,query,finetune_dataset,data_1112.pt,24567.0,gatedgcn_vn,5,50,paper_exact_seed5,4.334531307220459,4.4143195152282715,0.0797882080078125,0.4699999988079071,0.546466052532196,0.07646605372428894,0.2800000011920929,0.23088803887367249,0.04911196231842041,0.7599999904632568,0.8184313178062439,0.05843132734298706,0.009999999776482582,0.014068998396396637,0.004068998619914055
797d243708fe4540,trmm-opt,trmm-opt,lv2:__PARA__L0-2.__PARA__L1-16.__PARA__L2-1.__PIPE__L0-off.__PIPE__L1-flatten.__TILE__L0-1.__TILE__L1-1,target,query,query,finetune_dataset,data_1118.pt,3428.0,gatedgcn_vn,5,50,paper_exact_seed5,5.7551727294921875,5.492821216583252,0.26235151290893555,1.7200000286102295,1.7856321334838867,0.06563210487365723,5.809999942779541,5.94508695602417,0.1350870132446289,3.0399999618530273,3.1598432064056396,0.1198432445526123,0.009999999776482582,-0.000626005232334137,0.010626005008816719
08d05a519d53e0dc,trmm-opt,trmm-opt,lv2:__PARA__L0-1.__PARA__L1-1.__PARA__L2-8.__PIPE__L0-off.__PIPE__L1-off.__TILE__L0-1.__TILE__L1-80,target,query,query,finetune_dataset,data_1076.pt,496301.0,gatedgcn_vn,5,50,paper_exact_seed5,2.166320323944092,2.33457088470459,0.16825056076049805,0.009999999776482582,0.027028128504753113,0.01702812872827053,0.0,0.01887759566307068,0.01887759566307068,0.0,0.011730626225471497,0.011730626225471497,0.03999999910593033,0.03729132562875748,0.0027086734771728516
e58b26e6ce22b5cf,trmm-opt,trmm-opt,lv2:__PARA__L0-1.__PARA__L1-1.__PARA__L2-4.__PIPE__L0-off.__PIPE__L1-off.__TILE__L0-60.__TILE__L1-1,target,query,query,finetune_dataset,data_1064.pt,553647.0,gatedgcn_vn,5,50,paper_exact_seed5,2.08744478225708,2.07434344291687,0.013101339340209961,0.0,0.02147430181503296,0.02147430181503296,0.0,-0.036452293395996094,0.036452293395996094,0.0,-0.0354740172624588,0.0354740172624588,0.019999999552965164,0.01735372096300125,0.002646278589963913
9c2cf59629e7f453,trmm-opt,trmm-opt,lv2:__PARA__L0-1.__PARA__L1-4.__PARA__L2-60.__PIPE__L0-off.__PIPE__L1-NA.__TILE__L0-1.__TILE__L1-1,target,query,query,finetune_dataset,data_1104.pt,26069.0,gatedgcn_vn,5,50,paper_exact_seed5,4.291724681854248,4.202414035797119,0.0893106460571289,0.30000001192092896,0.22879481315612793,0.07120519876480103,0.15000000596046448,0.1273581087589264,0.022641897201538086,0.3799999952316284,0.32427269220352173,0.05572730302810669,0.009999999776482582,0.007727310061454773,0.002272689715027809
c7e892bf04674ff8,trmm-opt,trmm-opt,lv2:__PARA__L0-1.__PARA__L1-1.__PARA__L2-15.__PIPE__L0-off.__PIPE__L1-off.__TILE__L0-1.__TILE__L1-1,target,query,query,finetune_dataset,data_1045.pt,337647.0,gatedgcn_vn,5,50,paper_exact_seed5,2.4441702365875244,2.2779455184936523,0.16622471809387207,0.029999999329447746,0.06460344791412354,0.03460344672203064,0.009999999776482582,-0.007154032588005066,0.017154032364487648,0.0,0.013093002140522003,0.013093002140522003,0.03999999910593033,0.03177852928638458,0.008221469819545746
dd30a5fa0985ba22,trmm-opt,trmm-opt,lv2:__PARA__L0-2.__PARA__L1-10.__PARA__L2-1.__PIPE__L0-off.__PIPE__L1-flatten.__TILE__L0-1.__TILE__L1-1,target,query,query,finetune_dataset,data_1117.pt,5917.0,gatedgcn_vn,5,50,paper_exact_seed5,5.361423015594482,5.4113898277282715,0.04996681213378906,1.0800000429153442,0.9646249413490295,0.1153751015663147,3.630000114440918,3.118427276611328,0.5115728378295898,1.899999976158142,1.692326545715332,0.20767343044281006,0.0,-0.0012055113911628723,0.0012055113911628723
b504309409dda6ca,trmm-opt,trmm-opt,lv2:__PARA__L0-1.__PARA__L1-5.__PARA__L2-60.__PIPE__L0-off.__PIPE__L1-off.__TILE__L0-1.__TILE__L1-1,target,query,query,finetune_dataset,data_1110.pt,33032.0,gatedgcn_vn,5,50,paper_exact_seed5,4.120959758758545,4.33502197265625,0.21406221389770508,0.30000001192092896,0.3507579565048218,0.05075794458389282,0.17000000178813934,0.23330821096897125,0.06330820918083191,0.47999998927116394,0.5636281371116638,0.08362814784049988,0.009999999776482582,0.009960643947124481,3.935582935810089e-05
1a7e0a8e6ee306d4,trmm-opt,trmm-opt,lv2:__PARA__L0-1.__PARA__L1-5.__PARA__L2-1.__PIPE__L0-off.__PIPE__L1-flatten.__TILE__L0-1.__TILE__L1-1,target,query,query,finetune_dataset,data_1107.pt,33032.0,gatedgcn_vn,5,50,paper_exact_seed5,4.120959758758545,4.647562503814697,0.5266027450561523,0.30000001192092896,0.48755621910095215,0.1875562071800232,0.17000000178813934,0.42975324392318726,0.2597532272338867,0.47999998927116394,0.717010498046875,0.23701050877571106,0.009999999776482582,0.023527778685092926,0.013527778908610344
0d84e7faa73503ba,trmm-opt,trmm-opt,lv2:__PARA__L0-1.__PARA__L1-1.__PARA__L2-60.__PIPE__L0-off.__PIPE__L1-off.__TILE__L0-60.__TILE__L1-1,target,query,query,finetune_dataset,data_1074.pt,246747.0,gatedgcn_vn,5,50,paper_exact_seed5,2.6704118251800537,3.1524267196655273,0.48201489448547363,0.10999999940395355,0.15186552703380585,0.041865527629852295,0.029999999329447746,0.059307508170604706,0.02930750884115696,0.009999999776482582,0.0440719798207283,0.03407198190689087,0.009999999776482582,0.003466367721557617,0.006533632054924965
b0a03dc635568a28,trmm-opt,trmm-opt,lv2:__PARA__L0-1.__PARA__L1-2.__PARA__L2-60.__PIPE__L0-off.__PIPE__L1-off.__TILE__L0-1.__TILE__L1-1,target,query,query,finetune_dataset,data_1093.pt,29669.0,gatedgcn_vn,5,50,paper_exact_seed5,4.198413848876953,3.803788661956787,0.394625186920166,0.20999999344348907,0.17580518126487732,0.034194812178611755,0.09000000357627869,0.069466732442379,0.02053327113389969,0.1899999976158142,0.15812647342681885,0.03187352418899536,0.009999999776482582,0.010499231517314911,0.0004992317408323288
f87f7a6baeedb672,trmm-opt,trmm-opt,lv2:__PARA__L0-1.__PARA__L1-1.__PARA__L2-20.__PIPE__L0-off.__PIPE__L1-off.__TILE__L0-1.__TILE__L1-1,target,query,query,finetune_dataset,data_1051.pt,313647.0,gatedgcn_vn,5,50,paper_exact_seed5,2.497357130050659,2.153261423110962,0.34409570693969727,0.03999999910593033,0.07018794119358063,0.0301879420876503,0.009999999776482582,-0.009167447686195374,0.019167447462677956,0.0,0.004160985350608826,0.004160985350608826,0.009999999776482582,0.020677752792835236,0.010677753016352654
0e6736a5102ad242,trmm-opt,trmm-opt,lv2:__PARA__L0-4.__PARA__L1-2.__PARA__L2-1.__PIPE__L0-off.__PIPE__L1-flatten.__TILE__L0-1.__TILE__L1-1,target,query,query,finetune_dataset,data_1131.pt,6932.0,gatedgcn_vn,5,50,paper_exact_seed5,5.247220516204834,5.018772602081299,0.22844791412353516,0.5199999809265137,0.8921734690666199,0.3721734881401062,6.71999979019165,6.801507472991943,0.08150768280029297,0.7400000095367432,1.523184895515442,0.7831848859786987,0.009999999776482582,0.05659487098455429,0.04659487307071686
768ea1e341a9dfd2,trmm-opt,trmm-opt,lv2:__PARA__L0-1.__PARA__L1-4.__PARA__L2-1.__PIPE__L0-off.__PIPE__L1-flatten.__TILE__L0-60.__TILE__L1-1,target,query,query,finetune_dataset,data_1103.pt,26069.0,gatedgcn_vn,5,50,paper_exact_seed5,4.291724681854248,4.319656848907471,0.027932167053222656,0.30000001192092896,0.38814282417297363,0.08814281225204468,0.15000000596046448,0.16992579400539398,0.019925788044929504,0.3799999952316284,0.4360392093658447,0.05603921413421631,0.009999999776482582,0.02123553305864334,0.011235533282160759
28c14f2f1d792ef4,trmm-opt,trmm-opt,lv2:__PARA__L0-1.__PARA__L1-1.__PARA__L2-15.__PIPE__L0-off.__PIPE__L1-off.__TILE__L0-60.__TILE__L1-1,target,query,query,finetune_dataset,data_1047.pt,337647.0,gatedgcn_vn,5,50,paper_exact_seed5,2.4441702365875244,2.0787811279296875,0.3653891086578369,0.029999999329447746,0.027275696396827698,0.0027243029326200485,0.009999999776482582,0.006579205393791199,0.0034207943826913834,0.0,-0.009522661566734314,0.009522661566734314,0.03999999910593033,0.015784822404384613,0.024215176701545715
fdb7a5e88cf20db5,trmm-opt,trmm-opt,lv2:__PARA__L0-1.__PARA__L1-1.__PARA__L2-30.__PIPE__L0-off.__PIPE__L1-off.__TILE__L0-60.__TILE__L1-1,target,query,query,finetune_dataset,data_1058.pt,284847.0,gatedgcn_vn,5,50,paper_exact_seed5,2.5668344497680664,2.0585410594940186,0.5082933902740479,0.10000000149011612,0.07028699666261673,0.02971300482749939,0.03999999910593033,0.04938556253910065,0.009385563433170319,0.009999999776482582,-0.013773031532764435,0.023773031309247017,0.009999999776482582,0.003922685980796814,0.006077313795685768
214daf86a2f096e6,trmm-opt,trmm-opt,lv2:__PARA__L0-5.__PARA__L1-8.__PARA__L2-1.__PIPE__L0-off.__PIPE__L1-flatten.__TILE__L0-1.__TILE__L1-1,target,query,query,finetune_dataset,data_1135.pt,6156.0,gatedgcn_vn,5,50,paper_exact_seed5,5.332859516143799,5.165896892547607,0.1669626235961914,1.9299999475479126,2.8280513286590576,0.898051381111145,9.390000343322754,13.146477699279785,3.7564773559570312,3.7100000381469727,5.551957607269287,1.8419575691223145,0.009999999776482582,0.012369871139526367,0.002369871363043785
bad25a4a5fdb07e0,trmm-opt,trmm-opt,lv2:__PARA__L0-1.__PARA__L1-5.__PARA__L2-1.__PIPE__L0-off.__PIPE__L1-flatten.__TILE__L0-60.__TILE__L1-1,target,query,query,finetune_dataset,data_1108.pt,33032.0,gatedgcn_vn,5,50,paper_exact_seed5,4.120959758758545,4.352735996246338,0.23177623748779297,0.30000001192092896,0.43591541051864624,0.13591539859771729,0.17000000178813934,0.17962470650672913,0.009624704718589783,0.47999998927116394,0.5497658848762512,0.06976589560508728,0.009999999776482582,0.022863715887069702,0.01286371611058712
bfcc70d035a7bf13,trmm-opt,trmm-opt,lv2:__PARA__L0-1.__PARA__L1-1.__PARA__L2-12.__PIPE__L0-off.__PIPE__L1-off.__TILE__L0-60.__TILE__L1-1,target,query,query,finetune_dataset,data_1044.pt,337647.0,gatedgcn_vn,5,50,paper_exact_seed5,2.4441702365875244,2.1393022537231445,0.3048679828643799,0.009999999776482582,0.027736693620681763,0.01773669384419918,0.0,0.010675638914108276,0.010675638914108276,0.0,0.0017561614513397217,0.0017561614513397217,0.05999999865889549,0.0201282799243927,0.03987171873450279
dc2e457eccce1550,trmm-opt,trmm-opt,lv2:__PARA__L0-1.__PARA__L1-4.__PARA__L2-1.__PIPE__L0-off.__PIPE__L1-flatten.__TILE__L0-1.__TILE__L1-1,target,query,query,finetune_dataset,data_1102.pt,26069.0,gatedgcn_vn,5,50,paper_exact_seed5,4.291724681854248,4.630629539489746,0.33890485763549805,0.30000001192092896,0.4228111505508423,0.12281113862991333,0.15000000596046448,0.40602385997772217,0.2560238540172577,0.3799999952316284,0.582512378692627,0.20251238346099854,0.009999999776482582,0.031232871115207672,0.02123287133872509
6de8d03a4e24deea,trmm-opt,trmm-opt,lv2:__PARA__L0-4.__PARA__L1-10.__PARA__L2-1.__PIPE__L0-off.__PIPE__L1-flatten.__TILE__L0-1.__TILE__L1-1,target,query,query,finetune_dataset,data_1129.pt,6450.0,gatedgcn_vn,5,50,paper_exact_seed5,5.299206733703613,5.299208164215088,1.430511474609375e-06,1.9600000381469727,2.604689121246338,0.6446890830993652,9.279999732971191,12.122886657714844,2.8428869247436523,3.740000009536743,5.047045707702637,1.3070456981658936,0.0,0.017680540680885315,0.017680540680885315
084c86c4ad3639ac,trmm-opt,trmm-opt,lv2:__PARA__L0-4.__PARA__L1-8.__PARA__L2-1.__PIPE__L0-off.__PIPE__L1-flatten.__TILE__L0-1.__TILE__L1-1,target,query,query,finetune_dataset,data_1134.pt,3180.0,gatedgcn_vn,5,50,paper_exact_seed5,5.809342861175537,5.1075825691223145,0.7017602920532227,1.5700000524520874,2.206176996231079,0.6361769437789917,7.429999828338623,10.412093162536621,2.982093334197998,2.990000009536743,4.337563514709473,1.3475635051727295,0.009999999776482582,0.01617605984210968,0.006176060065627098
92991a91512690d7,trmm-opt,trmm-opt,lv2:__PARA__L0-2.__PARA__L1-2.__PARA__L2-1.__PIPE__L0-off.__PIPE__L1-flatten.__TILE__L0-1.__TILE__L1-1,target,query,query,finetune_dataset,data_1119.pt,6878.0,gatedgcn_vn,5,50,paper_exact_seed5,5.252861499786377,5.223198413848877,0.0296630859375,0.3499999940395355,0.20195135474205017,0.14804863929748535,2.509999990463257,2.2685163021087646,0.2414836883544922,0.3799999952316284,0.39128100872039795,0.011281013488769531,0.009999999776482582,-0.026806510984897614,0.036806508898735046
f847f55ce7ee3ca4,trmm-opt,trmm-opt,lv2:__PARA__L0-3.__PARA__L1-16.__PARA__L2-1.__PIPE__L0-off.__PIPE__L1-flatten.__TILE__L0-1.__TILE__L1-1,target,query,query,finetune_dataset,data_1125.pt,5527.0,gatedgcn_vn,5,50,paper_exact_seed5,5.410607814788818,5.6647210121154785,0.25411319732666016,2.4200000762939453,2.6758759021759033,0.255875825881958,10.489999771118164,11.773947715759277,1.2839479446411133,4.53000020980835,5.001341342926025,0.4713411331176758,0.009999999776482582,0.012419216334819794,0.0024192165583372116
5e35bac667763033,trmm-opt,trmm-opt,lv2:__PARA__L0-1.__PARA__L1-4.__PARA__L2-60.__PIPE__L0-off.__PIPE__L1-off.__TILE__L0-60.__TILE__L1-1,target,query,query,finetune_dataset,data_1106.pt,26069.0,gatedgcn_vn,5,50,paper_exact_seed5,4.291724681854248,4.682924747467041,0.39120006561279297,0.30000001192092896,0.2194591760635376,0.08054083585739136,0.15000000596046448,0.0898888111114502,0.06011119484901428,0.3799999952316284,0.15804553031921387,0.22195446491241455,0.009999999776482582,-0.0014772489666938782,0.01147724874317646
bcd63bbfbc19eef7,trmm-opt,trmm-opt,lv2:__PARA__L0-1.__PARA__L1-1.__PARA__L2-32.__PIPE__L0-off.__PIPE__L1-off.__TILE__L0-1.__TILE__L1-80,target,query,query,finetune_dataset,data_1060.pt,1029341.0,gatedgcn_vn,5,50,paper_exact_seed5,1.6401035785675049,1.978028416633606,0.3379248380661011,0.10999999940395355,0.05709143728017807,0.05290856212377548,0.029999999329447746,0.02242177724838257,0.007578222081065178,0.019999999552965164,-0.03782929480075836,0.057829294353723526,0.009999999776482582,0.010127969086170197,0.00012796930968761444
68c6712bdb4fd321,trmm-opt,trmm-opt,lv2:__PARA__L0-12.__PARA__L1-8.__PARA__L2-1.__PIPE__L0-off.__PIPE__L1-flatten.__TILE__L0-1.__TILE__L1-1,target,query,query,finetune_dataset,data_1116.pt,4777.0,gatedgcn_vn,5,50,paper_exact_seed5,5.515803813934326,5.42581844329834,0.08998537063598633,4.159999847412109,3.706350088119507,0.45364975929260254,17.610000610351562,16.665712356567383,0.9442882537841797,8.369999885559082,7.184559345245361,1.1854405403137207,0.009999999776482582,0.001368112862110138,0.008631886914372444
74b6c3372f68e5ed,trmm-opt,trmm-opt,lv2:__PARA__L0-4.__PARA__L1-4.__PARA__L2-1.__PIPE__L0-off.__PIPE__L1-flatten.__TILE__L0-1.__TILE__L1-1,target,query,query,finetune_dataset,data_1132.pt,4234.0,gatedgcn_vn,5,50,paper_exact_seed5,5.602845668792725,5.04332160949707,0.5595240592956543,0.8899999856948853,1.390028715133667,0.5000287294387817,7.050000190734863,7.675660610198975,0.6256604194641113,1.4900000095367432,2.5595595836639404,1.0695595741271973,0.009999999776482582,0.022730767726898193,0.012730767950415611
56fb027c5c12b299,trmm-opt,trmm-opt,lv2:__PARA__L0-1.__PARA__L1-1.__PARA__L2-3.__PIPE__L0-off.__PIPE__L1-off.__TILE__L0-1.__TILE__L1-80,target,query,query,finetune_dataset,data_1055.pt,644847.0,gatedgcn_vn,5,50,paper_exact_seed5,1.977449655532837,1.7584635019302368,0.2189861536026001,0.0,-0.008313685655593872,0.008313685655593872,0.0,-0.03629031777381897,0.03629031777381897,0.0,-0.03234380483627319,0.03234380483627319,0.019999999552965164,0.017491675913333893,0.0025083236396312714
96d5a336f660ed0e,trmm-opt,trmm-opt,lv2:__PARA__L0-1.__PARA__L1-1.__PARA__L2-3.__PIPE__L0-off.__PIPE__L1-off.__TILE__L0-1.__TILE__L1-1,target,query,query,finetune_dataset,data_1054.pt,644847.0,gatedgcn_vn,5,50,paper_exact_seed5,1.977449655532837,1.7679909467697144,0.20945870876312256,0.0,0.015024468302726746,0.015024468302726746,0.0,-0.024723201990127563,0.024723201990127563,0.0,-0.01488332450389862,0.01488332450389862,0.019999999552965164,0.026417329907417297,0.006417330354452133
8ff1de1909c0e79a,trmm-opt,trmm-opt,lv2:__PARA__L0-1.__PARA__L1-8.__PARA__L2-1.__PIPE__L0-off.__PIPE__L1-flatten.__TILE__L0-1.__TILE__L1-1,target,query,query,finetune_dataset,data_1111.pt,24567.0,gatedgcn_vn,5,50,paper_exact_seed5,4.334531307220459,4.728341579437256,0.3938102722167969,0.4699999988079071,0.6255911588668823,0.15559116005897522,0.2800000011920929,0.5715053677558899,0.291505366563797,0.7599999904632568,1.0441616773605347,0.28416168689727783,0.009999999776482582,0.007468201220035553,0.002531798556447029
d23892fd2b55d3ef,fdtd-2d-large,fdtd-2d-large,lv2:__PARA__L0-1.__PARA__L1-4.__PARA__L2-1.__PARA__L3-1.__PARA__L4-1.__PARA__L5-1.__PARA__L6-1.__PARA__L7-4.__PIPE__L0-off.__PIPE__L2-flatten.__PIPE__L3-flatten.__PIPE__L4-off.__TILE__L0-1.__TILE__L2-1.__TILE__L3-1.__TILE__L4-1,target,query,query,finetune_dataset,data_71.pt,3571546.0,gatedgcn_vn,5,50,paper_exact_seed5,0.7426896691322327,0.7038191556930542,0.03887051343917847,0.6600000262260437,0.7710309624671936,0.1110309362411499,0.38999998569488525,0.4455623924732208,0.05556240677833557,0.49000000953674316,0.5957067608833313,0.10570675134658813,0.5799999833106995,0.5868171453475952,0.006817162036895752
f24e208669d5e7a1,fdtd-2d-large,fdtd-2d-large,lv2:__PARA__L0-1.__PARA__L1-32.__PARA__L2-1.__PARA__L3-1.__PARA__L4-1.__PARA__L5-1.__PARA__L6-1.__PARA__L7-4.__PIPE__L0-off.__PIPE__L2-flatten.__PIPE__L3-flatten.__PIPE__L4-off.__TILE__L0-1.__TILE__L2-1.__TILE__L3-1.__TILE__L4-199,target,query,query,finetune_dataset,data_64.pt,3566533.0,gatedgcn_vn,5,50,paper_exact_seed5,0.7437028884887695,0.7969404458999634,0.05323755741119385,0.6600000262260437,0.9401260614395142,0.28012603521347046,0.38999998569488525,0.4766727089881897,0.08667272329330444,0.49000000953674316,0.7103958129882812,0.22039580345153809,0.5799999833106995,0.6763983368873596,0.09639835357666016
a2c74860cca36a85,fdtd-2d-large,fdtd-2d-large,lv2:__PARA__L0-1.__PARA__L1-32.__PARA__L2-2.__PARA__L3-1.__PARA__L4-1.__PARA__L5-1.__PARA__L6-1.__PARA__L7-4.__PIPE__L0-off.__PIPE__L2-flatten.__PIPE__L3-flatten.__PIPE__L4-off.__TILE__L0-1.__TILE__L2-1.__TILE__L3-1.__TILE__L4-1,target,query,query,finetune_dataset,data_70.pt,4033976.0,gatedgcn_vn,5,50,paper_exact_seed5,0.6548628211021423,0.6789608001708984,0.024097979068756104,1.0299999713897705,0.9459376931190491,0.08406227827072144,0.9399999976158142,0.4831616282463074,0.45683836936950684,0.9800000190734863,0.7502313256263733,0.22976869344711304,0.6899999976158142,0.6202512383460999,0.06974875926971436
7c61cac1838ff10f,fdtd-2d-large,fdtd-2d-large,lv2:__PARA__L0-1.__PARA__L1-8.__PARA__L2-1.__PARA__L3-1.__PARA__L4-199.__PARA__L5-8.__PARA__L6-32.__PARA__L7-32.__PIPE__L0-off.__PIPE__L2-off.__PIPE__L3-off.__PIPE__L4-off.__TILE__L0-1.__TILE__L2-1.__TILE__L3-1.__TILE__L4-1,target,query,query,finetune_dataset,data_76.pt,96495104.0,gatedgcn_vn,5,50,paper_exact_seed5,-1.635227918624878,-1.5911836624145508,0.04404425621032715,0.10999999940395355,0.05497521907091141,0.055024780333042145,0.05000000074505806,0.007867589592933655,0.042132411152124405,0.05000000074505806,-0.019017979502677917,0.06901797652244568,0.3199999928474426,0.3025595247745514,0.017440468072891235
f7baeb54ddf38624,fdtd-2d-large,fdtd-2d-large,lv2:__PARA__L0-1.__PARA__L1-1.__PARA__L2-1.__PARA__L3-1.__PARA__L4-199.__PARA__L5-8.__PARA__L6-32.__PARA__L7-32.__PIPE__L0-off.__PIPE__L2-off.__PIPE__L3-off.__PIPE__L4-off.__TILE__L0-1.__TILE__L2-1.__TILE__L3-1.__TILE__L4-1,target,query,query,finetune_dataset,data_40.pt,96495104.0,gatedgcn_vn,5,50,paper_exact_seed5,-1.635227918624878,-1.6270842552185059,0.00814366340637207,0.10999999940395355,0.06104603409767151,0.04895396530628204,0.05000000074505806,0.03354448080062866,0.016455519944429398,0.05000000074505806,-0.003993868827819824,0.053993869572877884,0.3199999928474426,0.3005993962287903,0.019400596618652344
18b5cb1e7e04b5d5,fdtd-2d-large,fdtd-2d-large,lv2:__PARA__L0-1.__PARA__L1-1.__PARA__L2-1.__PARA__L3-1.__PARA__L4-1.__PARA__L5-8.__PARA__L6-1.__PARA__L7-4.__PIPE__L0-off.__PIPE__L2-off.__PIPE__L3-flatten.__PIPE__L4-off.__TILE__L0-1.__TILE__L2-1.__TILE__L3-1.__TILE__L4-1,target,query,query,finetune_dataset,data_30.pt,3211477.0,gatedgcn_vn,5,50,paper_exact_seed5,0.8193455934524536,0.6156596541404724,0.2036859393119812,0.5600000023841858,0.6445233821868896,0.08452337980270386,0.3100000023841858,0.335260808467865,0.0252608060836792,0.49000000953674316,0.5212379097938538,0.031237900257110596,0.36000001430511475,0.43100807070732117,0.07100805640220642
f3c08aa40f851184,fdtd-2d-large,fdtd-2d-large,lv2:__PARA__L0-1.__PARA__L1-1.__PARA__L2-1.__PARA__L3-1.__PARA__L4-1.__PARA__L5-8.__PARA__L6-1.__PARA__L7-32.__PIPE__L0-off.__PIPE__L2-off.__PIPE__L3-flatten.__PIPE__L4-off.__TILE__L0-1.__TILE__L2-1.__TILE__L3-1.__TILE__L4-1,target,query,query,finetune_dataset,data_29.pt,2355778.0,gatedgcn_vn,5,50,paper_exact_seed5,1.0428622961044312,0.603184700012207,0.4396775960922241,0.5799999833106995,0.5001853704452515,0.079814612865448,0.3199999928474426,0.29071536660194397,0.029284626245498657,0.49000000953674316,0.40961480140686035,0.08038520812988281,0.41999998688697815,0.39943650364875793,0.020563483238220215
10620be89d6dbdf5,fdtd-2d-large,fdtd-2d-large,lv2:__PARA__L0-1.__PARA__L1-1.__PARA__L2-1.__PARA__L3-1.__PARA__L4-1.__PARA__L5-8.__PARA__L6-32.__PARA__L7-1.__PIPE__L0-off.__PIPE__L2-off.__PIPE__L3-off.__PIPE__L4-off.__TILE__L0-1.__TILE__L2-1.__TILE__L3-1.__TILE__L4-1,target,query,query,finetune_dataset,data_32.pt,6879477.0,gatedgcn_vn,5,50,paper_exact_seed5,0.2698146104812622,0.06945717334747314,0.20035743713378906,0.07000000029802322,0.12605565786361694,0.05605565756559372,0.019999999552965164,0.05497258901596069,0.03497258946299553,0.029999999329447746,0.07984533160924911,0.04984533041715622,0.14000000059604645,0.13034215569496155,0.0096578449010849
49d3b2ff7557b80f,fdtd-2d-large,fdtd-2d-large,lv2:__PARA__L0-1.__PARA__L1-16.__PARA__L2-1.__PARA__L3-1.__PARA__L4-1.__PARA__L5-1.__PARA__L6-1.__PARA__L7-4.__PIPE__L0-off.__PIPE__L2-flatten.__PIPE__L3-flatten.__PIPE__L4-off.__TILE__L0-1.__TILE__L2-1.__TILE__L3-1.__TILE__L4-1,target,query,query,finetune_dataset,data_41.pt,3567046.0,gatedgcn_vn,5,50,paper_exact_seed5,0.7435991168022156,0.7347111105918884,0.008888006210327148,0.6600000262260437,0.8209807276725769,0.1609807014465332,0.38999998569488525,0.4608501195907593,0.07085013389587402,0.49000000953674316,0.6312589049339294,0.14125889539718628,0.5799999833106995,0.6134811043739319,0.03348112106323242
c616551aea0c126b,fdtd-2d-large,fdtd-2d-large,lv2:__PARA__L0-1.__PARA__L1-1.__PARA__L2-1.__PARA__L3-1.__PARA__L4-1.__PARA__L5-8.__PARA__L6-32.__PARA__L7-8.__PIPE__L0-off.__PIPE__L2-off.__PIPE__L3-off.__PIPE__L4-off.__TILE__L0-1.__TILE__L2-1.__TILE__L3-1.__TILE__L4-1,target,query,query,finetune_dataset,data_37.pt,4130276.0,gatedgcn_vn,5,50,paper_exact_seed5,0.637844979763031,0.34780222177505493,0.2900427579879761,0.07999999821186066,0.07871784269809723,0.0012821555137634277,0.029999999329447746,0.04256992042064667,0.012569921091198921,0.029999999329447746,0.037829332053661346,0.0078293327242136,0.07999999821186066,0.103166364133358,0.023166365921497345
a3d96d210251a1eb,fdtd-2d-large,fdtd-2d-large,lv2:__PARA__L0-1.__PARA__L1-1.__PARA__L2-1.__PARA__L3-1.__PARA__L4-1.__PARA__L5-4.__PARA__L6-1.__PARA__L7-1.__PIPE__L0-off.__PIPE__L2-off.__PIPE__L3-flatten.__PIPE__L4-off.__TILE__L0-1.__TILE__L2-1.__TILE__L3-1.__TILE__L4-1,target,query,query,finetune_dataset,data_24.pt,6022078.0,gatedgcn_vn,5,50,paper_exact_seed5,0.3658333420753479,0.27132901549339294,0.09450432658195496,0.5600000023841858,0.6787363886833191,0.1187363862991333,0.30000001192092896,0.34138181805610657,0.04138180613517761,0.49000000953674316,0.5505910515785217,0.060591042041778564,0.41999998688697815,0.45087578892707825,0.030875802040100098
ff30947700fe15ed,fdtd-2d-large,fdtd-2d-large,lv2:__PARA__L0-1.__PARA__L1-32.__PARA__L2-1.__PARA__L3-1.__PARA__L4-199.__PARA__L5-1.__PARA__L6-1.__PARA__L7-4.__PIPE__L0-off.__PIPE__L2-flatten.__PIPE__L3-flatten.__PIPE__L4-off.__TILE__L0-1.__TILE__L2-1.__TILE__L3-1.__TILE__L4-1,target,query,query,finetune_dataset,data_65.pt,91746688.0,gatedgcn_vn,5,50,paper_exact_seed5,-1.5988280773162842,-1.4812411069869995,0.11758697032928467,0.6100000143051147,0.7570767998695374,0.1470767855644226,0.38999998569488525,0.4873017370700836,0.09730175137519836,0.49000000953674316,0.6747719049453735,0.18477189540863037,0.8600000143051147,0.831397533416748,0.0286024808883667
3ed41a68d0ef9bf1,fdtd-2d-large,fdtd-2d-large,lv2:__PARA__L0-1.__PARA__L1-1.__PARA__L2-1.__PARA__L3-1.__PARA__L4-1.__PARA__L5-16.__PARA__L6-32.__PARA__L7-1.__PIPE__L0-off.__PIPE__L2-off.__PIPE__L3-off.__PIPE__L4-off.__TILE__L0-1.__TILE__L2-1.__TILE__L3-1.__TILE__L4-1,target,query,query,finetune_dataset,data_19.pt,6879677.0,gatedgcn_vn,5,50,paper_exact_seed5,0.26979362964630127,0.08069565892219543,0.18909797072410583,0.07000000029802322,0.14508099853992462,0.0750809982419014,0.029999999329447746,0.05750057101249695,0.027500571683049202,0.029999999329447746,0.08578288555145264,0.05578288435935974,0.14000000059604645,0.13777872920036316,0.0022212713956832886
b1afb664d479fe57,fdtd-2d-large,fdtd-2d-large,lv2:__PARA__L0-1.__PARA__L1-16.__PARA__L2-1.__PARA__L3-1.__PARA__L4-199.__PARA__L5-8.__PARA__L6-32.__PARA__L7-32.__PIPE__L0-off.__PIPE__L2-off.__PIPE__L3-off.__PIPE__L4-off.__TILE__L0-100.__TILE__L2-1.__TILE__L3-1.__TILE__L4-1,target,query,query,finetune_dataset,data_51.pt,96495104.0,gatedgcn_vn,5,50,paper_exact_seed5,-1.635227918624878,-0.6194901466369629,1.015737771987915,0.10999999940395355,0.14646275341510773,0.036462754011154175,0.05000000074505806,0.08215930312871933,0.03215930238366127,0.05000000074505806,0.09093575924634933,0.040935758501291275,0.3199999928474426,0.31434714794158936,0.0056528449058532715
02af129af3b47dd9,fdtd-2d-large,fdtd-2d-large,lv2:__PARA__L0-1.__PARA__L1-16.__PARA__L2-1.__PARA__L3-2.__PARA__L4-199.__PARA__L5-8.__PARA__L6-1.__PARA__L7-32.__PIPE__L0-off.__PIPE__L2-off.__PIPE__L3-flatten.__PIPE__L4-off.__TILE__L0-100.__TILE__L2-1.__TILE__L3-1.__TILE__L4-1,target,query,query,finetune_dataset,data_53.pt,91008808.0,gatedgcn_vn,5,50,paper_exact_seed5,-1.5930030345916748,-1.31964111328125,0.2733619213104248,0.9399999976158142,0.6639282703399658,0.2760717272758484,0.6200000047683716,0.34269052743911743,0.27730947732925415,0.9800000190734863,0.6377052068710327,0.3422948122024536,0.8700000047683716,0.612403392791748,0.25759661197662354
83d44c1a40c535cb,fdtd-2d-large,fdtd-2d-large,lv2:__PARA__L0-1.__PARA__L1-1.__PARA__L2-1.__PARA__L3-1.__PARA__L4-1.__PARA__L5-8.__PARA__L6-32.__PARA__L7-4.__PIPE__L0-off.__PIPE__L2-off.__PIPE__L3-off.__PIPE__L4-off.__TILE__L0-1.__TILE__L2-1.__TILE__L3-1.__TILE__L4-1,target,query,query,finetune_dataset,data_36.pt,4647676.0,gatedgcn_vn,5,50,paper_exact_seed5,0.5527092814445496,0.23075240850448608,0.3219568729400635,0.07000000029802322,0.0791141465306282,0.00911414623260498,0.029999999329447746,0.0415632426738739,0.011563243344426155,0.029999999329447746,0.06064422428607941,0.03064422495663166,0.07999999821186066,0.10808459669351578,0.02808459848165512
cf7c067d0fbb4854,fdtd-2d-large,fdtd-2d-large,lv2:__PARA__L0-1.__PARA__L1-1.__PARA__L2-1.__PARA__L3-1.__PARA__L4-1.__PARA__L5-8.__PARA__L6-1.__PARA__L7-1.__PIPE__L0-off.__PIPE__L2-off.__PIPE__L3-flatten.__PIPE__L4-off.__TILE__L0-1.__TILE__L2-1.__TILE__L3-1.__TILE__L4-1,target,query,query,finetune_dataset,data_26.pt,5425078.0,gatedgcn_vn,5,50,paper_exact_seed5,0.44114211201667786,0.36515504121780396,0.0759870707988739,0.5600000023841858,0.698937714099884,0.13893771171569824,0.30000001192092896,0.3532770276069641,0.053277015686035156,0.49000000953674316,0.5483015179634094,0.05830150842666626,0.41999998688697815,0.4635181725025177,0.04351818561553955
d947fcdddd5d3105,fdtd-2d-large,fdtd-2d-large,lv2:__PARA__L0-1.__PARA__L1-1.__PARA__L2-1.__PARA__L3-1.__PARA__L4-1.__PARA__L5-1.__PARA__L6-16.__PARA__L7-1.__PIPE__L0-off.__PIPE__L2-off.__PIPE__L3-off.__PIPE__L4-off.__TILE__L0-1.__TILE__L2-1.__TILE__L3-1.__TILE__L4-1,target,query,query,finetune_dataset,data_13.pt,11378546.0,gatedgcn_vn,5,50,paper_exact_seed5,-0.09315811097621918,-0.07874670624732971,0.014411404728889465,0.029999999329447746,0.04861313849687576,0.018613139167428017,0.009999999776482582,0.033998727798461914,0.023998728021979332,0.009999999776482582,0.03964577615261078,0.029645776376128197,0.14000000059604645,0.1565685272216797,0.01656852662563324
dbad873225c851dd,fdtd-2d-large,fdtd-2d-large,lv2:__PARA__L0-1.__PARA__L1-1.__PARA__L2-1.__PARA__L3-1.__PARA__L4-199.__PARA__L5-8.__PARA__L6-1.__PARA__L7-32.__PIPE__L0-off.__PIPE__L2-off.__PIPE__L3-flatten.__PIPE__L4-off.__TILE__L0-1.__TILE__L2-1.__TILE__L3-1.__TILE__L4-1,target,query,query,finetune_dataset,data_39.pt,91028704.0,gatedgcn_vn,5,50,paper_exact_seed5,-1.5931607484817505,-1.692701816558838,0.0995410680770874,0.5099999904632568,0.4867515563964844,0.02324843406677246,0.3199999928474426,0.29187458753585815,0.028125405311584473,0.49000000953674316,0.4046782851219177,0.08532172441482544,0.5299999713897705,0.5786780714988708,0.04867810010910034
c4db0bc785b1f9c0,fdtd-2d-large,fdtd-2d-large,lv2:__PARA__L0-1.__PARA__L1-2.__PARA__L2-1.__PARA__L3-1.__PARA__L4-1.__PARA__L5-1.__PARA__L6-1.__PARA__L7-4.__PIPE__L0-off.__PIPE__L2-flatten.__PIPE__L3-flatten.__PIPE__L4-off.__TILE__L0-1.__TILE__L2-1.__TILE__L3-1.__TILE__L4-1,target,query,query,finetune_dataset,data_58.pt,3577546.0,gatedgcn_vn,5,50,paper_exact_seed5,0.7414788603782654,0.6006965637207031,0.14078229665756226,0.6600000262260437,0.7585486769676208,0.09854865074157715,0.38999998569488525,0.44983774423599243,0.05983775854110718,0.49000000953674316,0.59638512134552,0.10638511180877686,0.5799999833106995,0.562542736530304,0.017457246780395508
3c53a61a8a2f38ac,fdtd-2d-large,fdtd-2d-large,lv2:__PARA__L0-1.__PARA__L1-1.__PARA__L2-1.__PARA__L3-1.__PARA__L4-1.__PARA__L5-1.__PARA__L6-1.__PARA__L7-2.__PIPE__L0-off.__PIPE__L2-flatten.__PIPE__L3-flatten.__PIPE__L4-off.__TILE__L0-1.__TILE__L2-1.__TILE__L3-1.__TILE__L4-1,target,query,query,finetune_dataset,data_9.pt,3748746.0,gatedgcn_vn,5,50,paper_exact_seed5,0.7077600359916687,0.5502814650535583,0.15747857093811035,0.6600000262260437,0.8029930591583252,0.1429930329322815,0.38999998569488525,0.4683375060558319,0.07833752036094666,0.49000000953674316,0.623313307762146,0.13331329822540283,0.5799999833106995,0.557468593120575,0.02253139019012451
579c589ac96baf74,fdtd-2d-large,fdtd-2d-large,lv2:__PARA__L0-1.__PARA__L1-32.__PARA__L2-1.__PARA__L3-1.__PARA__L4-199.__PARA__L5-8.__PARA__L6-32.__PARA__L7-32.__PIPE__L0-off.__PIPE__L2-off.__PIPE__L3-off.__PIPE__L4-off.__TILE__L0-1.__TILE__L2-1.__TILE__L3-1.__TILE__L4-1,target,query,query,finetune_dataset,data_67.pt,96496392.0,gatedgcn_vn,5,50,paper_exact_seed5,-1.635237455368042,-1.5886378288269043,0.046599626541137695,0.10999999940395355,0.06592876464128494,0.04407123476266861,0.05000000074505806,0.027564361691474915,0.022435639053583145,0.05000000074505806,-0.015275336802005768,0.06527534127235413,0.3199999928474426,0.31443679332733154,0.005563199520111084
941a2a1cc8b8d547,fdtd-2d-large,fdtd-2d-large,lv2:__PARA__L0-1.__PARA__L1-16.__PARA__L2-1.__PARA__L3-1.__PARA__L4-1.__PARA__L5-8.__PARA__L6-32.__PARA__L7-32.__PIPE__L0-off.__PIPE__L2-off.__PIPE__L3-off.__PIPE__L4-off.__TILE__L0-1.__TILE__L2-1.__TILE__L3-1.__TILE__L4-199,target,query,query,finetune_dataset,data_45.pt,10068645.0,gatedgcn_vn,5,50,paper_exact_seed5,-0.004934771917760372,-0.022654622793197632,0.017719849944114685,0.15000000596046448,0.10161806643009186,0.04838193953037262,0.05999999865889549,0.06226051598787308,0.002260517328977585,0.09000000357627869,0.07905744016170502,0.01094256341457367,0.14000000059604645,0.12846708297729492,0.011532917618751526
0c8d6a2e9cb99585,fdtd-2d-large,fdtd-2d-large,lv2:__PARA__L0-1.__PARA__L1-16.__PARA__L2-1.__PARA__L3-1.__PARA__L4-1.__PARA__L5-8.__PARA__L6-32.__PARA__L7-1.__PIPE__L0-off.__PIPE__L2-off.__PIPE__L3-off.__PIPE__L4-flatten.__TILE__L0-1.__TILE__L2-1.__TILE__L3-1.__TILE__L4-199,target,query,query,finetune_dataset,data_42.pt,943474.0,gatedgcn_vn,5,50,paper_exact_seed5,1.7029367685317993,1.7635762691497803,0.06063950061798096,0.9200000166893005,0.9569479823112488,0.03694796562194824,0.4300000071525574,0.3809414207935333,0.04905858635902405,0.699999988079071,0.5871502757072449,0.11284971237182617,0.5799999833106995,0.5650643110275269,0.014935672283172607
3fa8d53f1cfce133,fdtd-2d-large,fdtd-2d-large,lv2:__PARA__L0-1.__PARA__L1-1.__PARA__L2-1.__PARA__L3-1.__PARA__L4-1.__PARA__L5-1.__PARA__L6-1.__PARA__L7-8.__PIPE__L0-off.__PIPE__L2-flatten.__PIPE__L3-flatten.__PIPE__L4-off.__TILE__L0-1.__TILE__L2-1.__TILE__L3-1.__TILE__L4-1,target,query,query,finetune_dataset,data_12.pt,5181446.0,gatedgcn_vn,5,50,paper_exact_seed5,0.47428667545318604,0.5521752238273621,0.07788854837417603,0.6600000262260437,0.6993566155433655,0.03935658931732178,0.4000000059604645,0.4315755367279053,0.031575530767440796,0.49000000953674316,0.5718146562576294,0.08181464672088623,0.5799999833106995,0.5834733843803406,0.0034734010696411133
7687b65c9eafd3b7,fdtd-2d-large,fdtd-2d-large,lv2:__PARA__L0-1.__PARA__L1-1.__PARA__L2-1.__PARA__L3-1.__PARA__L4-1.__PARA__L5-1.__PARA__L6-1.__PARA__L7-1.__PIPE__L0-off.__PIPE__L2-off.__PIPE__L3-off.__PIPE__L4-off.__TILE__L0-1.__TILE__L2-1.__TILE__L3-1.__TILE__L4-1,target,query,query,finetune_dataset,data_7.pt,14362849.0,gatedgcn_vn,5,50,paper_exact_seed5,-0.26117098331451416,-0.20449408888816833,0.056676894426345825,0.019999999552965164,0.02369476854801178,0.0036947689950466156,0.009999999776482582,0.0055275559425354,0.004472443833947182,0.0,0.04035705327987671,0.04035705327987671,0.20000000298023224,0.21054679155349731,0.010546788573265076
82d095c8462d8493,fdtd-2d-large,fdtd-2d-large,lv2:__PARA__L0-1.__PARA__L1-16.__PARA__L2-1.__PARA__L3-1.__PARA__L4-199.__PARA__L5-8.__PARA__L6-1.__PARA__L7-32.__PIPE__L0-off.__PIPE__L2-off.__PIPE__L3-flatten.__PIPE__L4-off.__TILE__L0-1.__TILE__L2-1.__TILE__L3-1.__TILE__L4-1,target,query,query,finetune_dataset,data_48.pt,91028704.0,gatedgcn_vn,5,50,paper_exact_seed5,-1.5931607484817505,-1.6642143726348877,0.07105362415313721,0.5099999904632568,0.5406982898712158,0.030698299407958984,0.3199999928474426,0.3106789290904999,0.009321063756942749,0.49000000953674316,0.469032883644104,0.02096712589263916,0.5299999713897705,0.6194759011268616,0.08947592973709106
