sample_id,kernel,gname,key,dataset_role,split,support_query,cache_split,file_name,actual_perf,model,seed,k,selection,y_true_perf,y_pred_perf,abs_err_perf,y_true_util_LUT,y_pred_util_LUT,abs_err_util_LUT,y_true_util_FF,y_pred_util_FF,abs_err_util_FF,y_true_util_DSP,y_pred_util_DSP,abs_err_util_DSP,y_true_util_BRAM,y_pred_util_BRAM,abs_err_util_BRAM
eed285261932cba5,syr2k,syr2k,lv2:__PARA__L0-1.__PARA__L1-1.__PARA__L2-12.__PARA__L3-80.__PIPE__L0-off.__PIPE__L2-off.__TILE__L0-1.__TILE__L2-1,target,support,support,finetune_dataset,data_937.pt,51501.0,polynormer_lite,5,50,paper_exact_seed5,3.8005919456481934,3.80488657951355,0.004294633865356445,0.20999999344348907,0.11876390129327774,0.09123609215021133,0.11999999731779099,0.07152073830366135,0.04847925901412964,0.029999999329447746,0.030066698789596558,6.669946014881134e-05,0.05999999865889549,0.05507512390613556,0.0049248747527599335
b2583f4d8e1d72d3,syr2k,syr2k,lv2:__PARA__L0-1.__PARA__L1-1.__PARA__L2-2.__PARA__L3-1.__PIPE__L0-off.__PIPE__L2-flatten.__TILE__L0-1.__TILE__L2-2,target,support,support,finetune_dataset,data_939.pt,299271.0,polynormer_lite,5,50,paper_exact_seed5,2.5312018394470215,2.5937626361846924,0.0625607967376709,0.10999999940395355,0.1227833703160286,0.012783370912075043,0.07000000029802322,0.06602849811315536,0.003971502184867859,0.019999999552965164,0.011961966753005981,0.008038032799959183,0.019999999552965164,0.02110513299703598,0.001105133444070816
6533dd41aee879ef,syr2k,syr2k,lv2:__PARA__L0-1.__PARA__L1-2.__PARA__L2-1.__PARA__L3-80.__PIPE__L0-off.__PIPE__L2-off.__TILE__L0-1.__TILE__L2-1,target,support,support,finetune_dataset,data_988.pt,71821.0,polynormer_lite,5,50,paper_exact_seed5,3.5606892108917236,3.755887031555176,0.19519782066345215,0.09000000357627869,0.09517771750688553,0.005177713930606842,0.03999999910593033,0.04542290419340134,0.005422905087471008,0.03999999910593033,0.015053704380989075,0.024946294724941254,0.05000000074505806,0.04897063970565796,0.0010293610394001007
0e54b1930d7346eb,syr2k,syr2k,lv2:__PARA__L0-1.__PARA__L1-32.__PARA__L2-1.__PARA__L3-16.__PIPE__L0-off.__PIPE__L2-off.__TILE__L0-1.__TILE__L2-1,target,support,support,finetune_dataset,data_1006.pt,169901.0,polynormer_lite,5,50,paper_exact_seed5,2.9395809173583984,3.0102829933166504,0.07070207595825195,0.03999999910593033,0.10680068284273148,0.06680068373680115,0.019999999552965164,0.051044076681137085,0.03104407712817192,0.05000000074505806,0.10965806990861893,0.05965806916356087,0.07999999821186066,0.060639262199401855,0.0193607360124588
10184b53b46431f3,syr2k,syr2k,lv2:__PARA__L0-1.__PARA__L1-1.__PARA__L2-1.__PARA__L3-1.__PIPE__L0-off.__PIPE__L2-flatten.__TILE__L0-1.__TILE__L2-8,target,support,support,finetune_dataset,data_917.pt,195227.0,polynormer_lite,5,50,paper_exact_seed5,2.8393518924713135,2.7920279502868652,0.04732394218444824,0.1599999964237213,0.14040057361125946,0.019599422812461853,0.09000000357627869,0.07150346785783768,0.01849653571844101,0.019999999552965164,-0.00021773576736450195,0.020217735320329666,0.009999999776482582,0.010660909116268158,0.0006609093397855759
c6307a47e48e34a0,syr2k,syr2k,lv2:__PARA__L0-1.__PARA__L1-16.__PARA__L2-1.__PARA__L3-32.__PIPE__L0-off.__PIPE__L2-off.__TILE__L0-1.__TILE__L2-1,target,support,support,finetune_dataset,data_976.pt,1999329.0,polynormer_lite,5,50,paper_exact_seed5,1.1612061262130737,1.0648022890090942,0.09640383720397949,0.10000000149011612,0.09410782903432846,0.005892172455787659,0.03999999910593033,0.03183367848396301,0.008166320621967316,0.10000000149011612,0.07172072678804398,0.028279274702072144,0.019999999552965164,0.025501996278762817,0.005501996725797653
275dbf1f298d56dc,syr2k,syr2k,lv2:__PARA__L0-1.__PARA__L1-4.__PARA__L2-5.__PARA__L3-80.__PIPE__L0-off.__PIPE__L2-NA.__TILE__L0-1.__TILE__L2-1,target,support,support,finetune_dataset,data_1016.pt,54007.0,polynormer_lite,5,50,paper_exact_seed5,3.7663190364837646,3.887960195541382,0.12164115905761719,0.10999999940395355,0.11568795144557953,0.0056879520416259766,0.07000000029802322,0.06572426855564117,0.0042757317423820496,0.029999999329447746,0.03691674768924713,0.006916748359799385,0.05999999865889549,0.055263858288526535,0.0047361403703689575
415d047616978069,syr2k,syr2k,lv2:__PARA__L0-1.__PARA__L1-2.__PARA__L2-10.__PARA__L3-1.__PIPE__L0-off.__PIPE__L2-flatten.__TILE__L0-1.__TILE__L2-1,target,support,support,finetune_dataset,data_989.pt,50701.0,polynormer_lite,5,50,paper_exact_seed5,3.811885118484497,3.7712528705596924,0.04063224792480469,0.18000000715255737,0.1702316701412201,0.00976833701133728,0.10999999940395355,0.10896918922662735,0.0010308101773262024,0.029999999329447746,0.020642772316932678,0.009357227012515068,0.05000000074505806,0.042551439255476,0.007448561489582062
555a887ab9d454ef,syr2k,syr2k,lv2:__PARA__L0-1.__PARA__L1-8.__PARA__L2-1.__PARA__L3-16.__PIPE__L0-off.__PIPE__L2-off.__TILE__L0-1.__TILE__L2-1,target,support,support,finetune_dataset,data_1019.pt,168381.0,polynormer_lite,5,50,paper_exact_seed5,2.94606351852417,3.1452040672302246,0.1991405487060547,0.03999999910593033,0.0671834647655487,0.027183465659618378,0.009999999776482582,0.026684030890464783,0.0166840311139822,0.05000000074505806,0.06797252595424652,0.01797252520918846,0.07999999821186066,0.04865431413054466,0.031345684081315994
d91bf35255f0a557,syr2k,syr2k,lv2:__PARA__L0-1.__PARA__L1-8.__PARA__L2-4.__PARA__L3-80.__PIPE__L0-off.__PIPE__L2-off.__TILE__L0-1.__TILE__L2-1,target,support,support,finetune_dataset,data_1029.pt,46061.0,polynormer_lite,5,50,paper_exact_seed5,3.8811192512512207,3.9082400798797607,0.02712082862854004,0.10000000149011612,0.12159088999032974,0.021590888500213623,0.05999999865889549,0.08025658130645752,0.020256582647562027,0.029999999329447746,0.04247280955314636,0.012472810223698616,0.05000000074505806,0.053714387118816376,0.003714386373758316
bae8fa957b07dc0f,syr2k,syr2k,lv2:__PARA__L0-1.__PARA__L1-1.__PARA__L2-10.__PARA__L3-1.__PIPE__L0-off.__PIPE__L2-flatten.__TILE__L0-1.__TILE__L2-2,target,support,support,finetune_dataset,data_930.pt,123349.0,polynormer_lite,5,50,paper_exact_seed5,3.1705551147460938,3.170466661453247,8.845329284667969e-05,0.18000000715255737,0.17198431491851807,0.008015692234039307,0.10999999940395355,0.10504996031522751,0.004950039088726044,0.019999999552965164,0.010028958320617676,0.009971041232347488,0.009999999776482582,0.021968580782413483,0.0119685810059309
7547cdfc13259299,syr2k,syr2k,lv2:__PARA__L0-1.__PARA__L1-2.__PARA__L2-1.__PARA__L3-32.__PIPE__L0-off.__PIPE__L2-off.__TILE__L0-1.__TILE__L2-1,target,support,support,finetune_dataset,data_986.pt,2002129.0,polynormer_lite,5,50,paper_exact_seed5,1.1601965427398682,1.0175724029541016,0.1426241397857666,0.10000000149011612,0.09724664688110352,0.0027533546090126038,0.03999999910593033,0.026636861264705658,0.01336313784122467,0.10000000149011612,0.05753283202648163,0.04246716946363449,0.019999999552965164,0.01698751002550125,0.003012489527463913
504cc116f687b53b,syr2k,syr2k,lv2:__PARA__L0-1.__PARA__L1-1.__PARA__L2-2.__PARA__L3-1.__PIPE__L0-off.__PIPE__L2-flatten.__TILE__L0-1.__TILE__L2-8,target,support,support,finetune_dataset,data_941.pt,136347.0,polynormer_lite,5,50,paper_exact_seed5,3.0982866287231445,3.0218002796173096,0.07648634910583496,0.18000000715255737,0.1424088180065155,0.03759118914604187,0.09000000357627869,0.08376994729042053,0.006230056285858154,0.019999999552965164,0.019801735877990723,0.00019826367497444153,0.009999999776482582,0.009049497544765472,0.0009505022317171097
6b7a3a63a513e7f4,syr2k,syr2k,lv2:__PARA__L0-1.__PARA__L1-8.__PARA__L2-3.__PARA__L3-80.__PIPE__L0-off.__PIPE__L2-NA.__TILE__L0-1.__TILE__L2-1,target,support,support,finetune_dataset,data_1026.pt,53291.0,polynormer_lite,5,50,paper_exact_seed5,3.7759461402893066,3.85768723487854,0.0817410945892334,0.07999999821186066,0.11472164839506149,0.034721650183200836,0.05000000074505806,0.0629023015499115,0.01290230080485344,0.029999999329447746,0.03182035684585571,0.0018203575164079666,0.05000000074505806,0.05534249171614647,0.005342490971088409
660ddb3a800764d7,syr2k,syr2k,lv2:__PARA__L0-1.__PARA__L1-1.__PARA__L2-1.__PARA__L3-32.__PIPE__L0-off.__PIPE__L2-off.__TILE__L0-1.__TILE__L2-1,target,support,support,finetune_dataset,data_923.pt,2005329.0,polynormer_lite,5,50,paper_exact_seed5,1.159044623374939,0.9675889015197754,0.19145572185516357,0.10000000149011612,0.09043234586715698,0.009567655622959137,0.03999999910593033,0.02650453895330429,0.013495460152626038,0.10000000149011612,0.054099828004837036,0.04590017348527908,0.019999999552965164,0.013416405767202377,0.006583593785762787
4187821acffb4d42,syr2k,syr2k,lv2:__PARA__L0-1.__PARA__L1-2.__PARA__L2-3.__PARA__L3-80.__PIPE__L0-off.__PIPE__L2-off.__TILE__L0-1.__TILE__L2-1,target,support,support,finetune_dataset,data_995.pt,55611.0,polynormer_lite,5,50,paper_exact_seed5,3.7452070713043213,3.9020323753356934,0.15682530403137207,0.07999999821186066,0.09987496584653854,0.019874967634677887,0.05000000074505806,0.052595898509025574,0.002595897763967514,0.029999999329447746,0.02498561143875122,0.005014387890696526,0.05000000074505806,0.05398092791438103,0.0039809271693229675
b94a2ad1d393f6a6,syr2k,syr2k,lv2:__PARA__L0-1.__PARA__L1-1.__PARA__L2-10.__PARA__L3-80.__PIPE__L0-off.__PIPE__L2-NA.__TILE__L0-1.__TILE__L2-1,target,support,support,finetune_dataset,data_932.pt,53901.0,polynormer_lite,5,50,paper_exact_seed5,3.7677361965179443,3.7761850357055664,0.00844883918762207,0.18000000715255737,0.12390613555908203,0.05609387159347534,0.10999999940395355,0.08124329149723053,0.028756707906723022,0.029999999329447746,0.040628015995025635,0.010628016665577888,0.05000000074505806,0.05463588237762451,0.004635881632566452
f7a56b547326dc31,syr2k,syr2k,lv2:__PARA__L0-1.__PARA__L1-1.__PARA__L2-1.__PARA__L3-80.__PIPE__L0-off.__PIPE__L2-NA.__TILE__L0-1.__TILE__L2-1,target,support,support,finetune_dataset,data_927.pt,75021.0,polynormer_lite,5,50,paper_exact_seed5,3.529244899749756,3.5790138244628906,0.049768924713134766,0.09000000357627869,0.08760901540517807,0.0023909881711006165,0.03999999910593033,0.04754651337862015,0.007546514272689819,0.03999999910593033,0.0014574676752090454,0.03854253143072128,0.05000000074505806,0.05108558014035225,0.0010855793952941895
5cf7d8cc09de0429,syr2k,syr2k,lv2:__PARA__L0-1.__PARA__L1-4.__PARA__L2-1.__PARA__L3-80.__PIPE__L0-off.__PIPE__L2-NA.__TILE__L0-1.__TILE__L2-1,target,support,support,finetune_dataset,data_1009.pt,70221.0,polynormer_lite,5,50,paper_exact_seed5,3.5769407749176025,3.6250247955322266,0.04808402061462402,0.10000000149011612,0.11220357567071915,0.012203574180603027,0.03999999910593033,0.050647884607315063,0.010647885501384735,0.03999999910593033,0.014531970024108887,0.02546802908182144,0.05000000074505806,0.05356705188751221,0.0035670511424541473
8f674109f29f697d,syr2k,syr2k,lv2:__PARA__L0-1.__PARA__L1-2.__PARA__L2-2.__PARA__L3-1.__PIPE__L0-off.__PIPE__L2-flatten.__TILE__L0-1.__TILE__L2-1,target,support,support,finetune_dataset,data_990.pt,50783.0,polynormer_lite,5,50,paper_exact_seed5,3.8107192516326904,3.619096279144287,0.19162297248840332,0.10999999940395355,0.11099457740783691,0.0009945780038833618,0.05000000074505806,0.055994912981987,0.00599491223692894,0.029999999329447746,0.024783611297607422,0.005216388031840324,0.05000000074505806,0.043313127011060715,0.006686873733997345
cd513ad6e06bbf90,syr2k,syr2k,lv2:__PARA__L0-1.__PARA__L1-1.__PARA__L2-1.__PARA__L3-4.__PIPE__L0-off.__PIPE__L2-off.__TILE__L0-1.__TILE__L2-1,target,support,support,finetune_dataset,data_924.pt,245981.0,polynormer_lite,5,50,paper_exact_seed5,2.672654628753662,2.829383134841919,0.15672850608825684,0.009999999776482582,0.04248204082250595,0.03248204290866852,0.0,0.0034277737140655518,0.0034277737140655518,0.009999999776482582,0.019721850752830505,0.009721850976347923,0.029999999329447746,0.02743448317050934,0.002565516158938408
9f70d0ad1d97d21d,syr2k,syr2k,lv2:__PARA__L0-1.__PARA__L1-2.__PARA__L2-5.__PARA__L3-80.__PIPE__L0-off.__PIPE__L2-NA.__TILE__L0-1.__TILE__L2-1,target,support,support,finetune_dataset,data_1000.pt,55607.0,polynormer_lite,5,50,paper_exact_seed5,3.7452588081359863,3.8854284286499023,0.14016962051391602,0.10999999940395355,0.10723940283060074,0.0027605965733528137,0.07000000029802322,0.05434069782495499,0.015659302473068237,0.029999999329447746,0.02927228808403015,0.0007277112454175949,0.05999999865889549,0.054949693381786346,0.005050305277109146
2883fd2e756dad0a,syr2k,syr2k,lv2:__PARA__L0-1.__PARA__L1-2.__PARA__L2-3.__PARA__L3-1.__PIPE__L0-off.__PIPE__L2-flatten.__TILE__L0-1.__TILE__L2-1,target,support,support,finetune_dataset,data_993.pt,55611.0,polynormer_lite,5,50,paper_exact_seed5,3.7452070713043213,3.7059671878814697,0.03923988342285156,0.07999999821186066,0.11127404123544693,0.03127404302358627,0.05000000074505806,0.07075608521699905,0.020756084471940994,0.029999999329447746,0.030124828219413757,0.00012482888996601105,0.05000000074505806,0.04258241876959801,0.0074175819754600525
4774b62b72a175a9,syr2k,syr2k,lv2:__PARA__L0-1.__PARA__L1-2.__PARA__L2-6.__PARA__L3-80.__PIPE__L0-off.__PIPE__L2-NA.__TILE__L0-1.__TILE__L2-1,target,support,support,finetune_dataset,data_1003.pt,50701.0,polynormer_lite,5,50,paper_exact_seed5,3.811885118484497,3.888345241546631,0.07646012306213379,0.11999999731779099,0.11105119436979294,0.008948802947998047,0.07000000029802322,0.060297317802906036,0.009702682495117188,0.029999999329447746,0.032822385430336,0.0028223861008882523,0.05000000074505806,0.05562203377485275,0.005622033029794693
a38d96984259f519,syr2k,syr2k,lv2:__PARA__L0-1.__PARA__L1-8.__PARA__L2-2.__PARA__L3-80.__PIPE__L0-off.__PIPE__L2-off.__TILE__L0-1.__TILE__L2-1,target,support,support,finetune_dataset,data_1025.pt,48463.0,polynormer_lite,5,50,paper_exact_seed5,3.8444502353668213,3.869446277618408,0.024996042251586914,0.10999999940395355,0.11522366851568222,0.005223669111728668,0.05000000074505806,0.07091021537780762,0.020910214632749557,0.029999999329447746,0.034122034907341,0.004122035577893257,0.05000000074505806,0.05434954911470413,0.004349548369646072
dcf12e0495e8bad7,syr2k,syr2k,lv2:__PARA__L0-1.__PARA__L1-2.__PARA__L2-1.__PARA__L3-20.__PIPE__L0-off.__PIPE__L2-off.__TILE__L0-1.__TILE__L2-1,target,support,support,finetune_dataset,data_985.pt,166849.0,polynormer_lite,5,50,paper_exact_seed5,2.9526565074920654,3.065048933029175,0.11239242553710938,0.07000000029802322,0.06023075804114342,0.009769242256879807,0.029999999329447746,0.01764729619026184,0.012352703139185905,0.07999999821186066,0.0543379932641983,0.025662004947662354,0.019999999552965164,0.03760939836502075,0.017609398812055588
5ae5480f40dee700,syr2k,syr2k,lv2:__PARA__L0-1.__PARA__L1-1.__PARA__L2-20.__PARA__L3-1.__PIPE__L0-off.__PIPE__L2-flatten.__TILE__L0-1.__TILE__L2-2,target,support,support,finetune_dataset,data_944.pt,106747.0,polynormer_lite,5,50,paper_exact_seed5,3.2748303413391113,3.2115378379821777,0.0632925033569336,0.3199999928474426,0.26307255029678345,0.05692744255065918,0.5099999904632568,0.23869448900222778,0.27130550146102905,0.03999999910593033,-0.01625579595565796,0.05625579506158829,0.029999999329447746,0.01968848705291748,0.010311512276530266
2434d5d349eb92bb,syr2k,syr2k,lv2:__PARA__L0-1.__PARA__L1-16.__PARA__L2-2.__PARA__L3-80.__PIPE__L0-off.__PIPE__L2-NA.__TILE__L0-1.__TILE__L2-1,target,support,support,finetune_dataset,data_979.pt,47983.0,polynormer_lite,5,50,paper_exact_seed5,3.851630449295044,3.8632304668426514,0.011600017547607422,0.10999999940395355,0.13037478923797607,0.020374789834022522,0.05000000074505806,0.08544669300317764,0.03544669225811958,0.029999999329447746,0.04909272491931915,0.019092725589871407,0.05000000074505806,0.05216345191001892,0.002163451164960861
3c68f4e92bb140ff,syr2k,syr2k,lv2:__PARA__L0-1.__PARA__L1-1.__PARA__L2-3.__PARA__L3-1.__PIPE__L0-off.__PIPE__L2-flatten.__TILE__L0-1.__TILE__L2-2,target,support,support,finetune_dataset,data_946.pt,232897.0,polynormer_lite,5,50,paper_exact_seed5,2.7120821475982666,2.87386417388916,0.16178202629089355,0.07999999821186066,0.12043918669223785,0.0404391884803772,0.05000000074505806,0.07440709322690964,0.024407092481851578,0.019999999552965164,0.020279601216316223,0.00027960166335105896,0.019999999552965164,0.02190995216369629,0.0019099526107311249
4413408007bce9e8,syr2k,syr2k,lv2:__PARA__L0-1.__PARA__L1-16.__PARA__L2-1.__PARA__L3-80.__PIPE__L0-off.__PIPE__L2-NA.__TILE__L0-1.__TILE__L2-1,target,support,support,finetune_dataset,data_977.pt,69021.0,polynormer_lite,5,50,paper_exact_seed5,3.589374542236328,3.5422165393829346,0.047158002853393555,0.10000000149011612,0.12758824229240417,0.027588240802288055,0.03999999910593033,0.05511631816625595,0.015116319060325623,0.03999999910593033,0.039148181676864624,0.0008518174290657043,0.05000000074505806,0.05374021455645561,0.0037402138113975525
9479d4f09dff4ff1,syr2k,syr2k,lv2:__PARA__L0-1.__PARA__L1-2.__PARA__L2-4.__PARA__L3-80.__PIPE__L0-off.__PIPE__L2-off.__TILE__L0-1.__TILE__L2-1,target,support,support,finetune_dataset,data_998.pt,48381.0,polynormer_lite,5,50,paper_exact_seed5,3.8456718921661377,3.915191650390625,0.0695197582244873,0.09000000357627869,0.10366170853376389,0.013661704957485199,0.05000000074505806,0.05690388381481171,0.006903883069753647,0.029999999329447746,0.026583611965179443,0.003416387364268303,0.05000000074505806,0.054633237421512604,0.004633236676454544
792cacac89ae136d,syr2k,syr2k,lv2:__PARA__L0-1.__PARA__L1-1.__PARA__L2-12.__PARA__L3-1.__PIPE__L0-off.__PIPE__L2-flatten.__TILE__L0-1.__TILE__L2-2,target,support,support,finetune_dataset,data_934.pt,122587.0,polynormer_lite,5,50,paper_exact_seed5,3.17502498626709,3.1676814556121826,0.0073435306549072266,0.28999999165534973,0.18969190120697021,0.10030809044837952,0.17000000178813934,0.12672029435634613,0.04327970743179321,0.019999999552965164,0.00293944776058197,0.017060551792383194,0.019999999552965164,0.02085264027118683,0.0008526407182216644
7553f1551527eb75,syr2k,syr2k,lv2:__PARA__L0-1.__PARA__L1-4.__PARA__L2-6.__PARA__L3-80.__PIPE__L0-off.__PIPE__L2-NA.__TILE__L0-1.__TILE__L2-1,target,support,support,finetune_dataset,data_1018.pt,49101.0,polynormer_lite,5,50,paper_exact_seed5,3.8350160121917725,3.8901162147521973,0.055100202560424805,0.11999999731779099,0.11970158666372299,0.00029841065406799316,0.07000000029802322,0.0719778910279274,0.001977890729904175,0.029999999329447746,0.04064244031906128,0.010642440989613533,0.05000000074505806,0.055339716374874115,0.005339715629816055
006edf919afcac3e,syr2k,syr2k,lv2:__PARA__L0-1.__PARA__L1-1.__PARA__L2-8.__PARA__L3-1.__PIPE__L0-off.__PIPE__L2-flatten.__TILE__L0-1.__TILE__L2-4,target,support,support,finetune_dataset,data_971.pt,106027.0,polynormer_lite,5,50,paper_exact_seed5,3.279712200164795,3.14802885055542,0.131683349609375,0.23000000417232513,0.15768837928771973,0.07231162488460541,0.14000000059604645,0.1054934710264206,0.034506529569625854,0.019999999552965164,0.021007344126701355,0.0010073445737361908,0.009999999776482582,0.01505286619067192,0.005052866414189339
82a8e31501b69b34,syr2k,syr2k,lv2:__PARA__L0-1.__PARA__L1-1.__PARA__L2-12.__PARA__L3-80.__PIPE__L0-off.__PIPE__L2-NA.__TILE__L0-1.__TILE__L2-1,target,support,support,finetune_dataset,data_936.pt,51501.0,polynormer_lite,5,50,paper_exact_seed5,3.8005919456481934,3.77181339263916,0.028778553009033203,0.20999999344348907,0.1250734031200409,0.08492659032344818,0.11999999731779099,0.08412523567676544,0.03587476164102554,0.029999999329447746,0.04855601489543915,0.0185560155659914,0.05999999865889549,0.0550665408372879,0.00493345782160759
c9c69a637b68506d,syr2k,syr2k,lv2:__PARA__L0-1.__PARA__L1-2.__PARA__L2-1.__PARA__L3-1.__PIPE__L0-off.__PIPE__L2-flatten.__TILE__L0-1.__TILE__L2-1,target,support,support,finetune_dataset,data_983.pt,71821.0,polynormer_lite,5,50,paper_exact_seed5,3.5606892108917236,3.6320953369140625,0.07140612602233887,0.09000000357627869,0.10734239965677261,0.017342396080493927,0.03999999910593033,0.039801545441150665,0.00019845366477966309,0.03999999910593033,0.0193566232919693,0.02064337581396103,0.05000000074505806,0.046234291046857834,0.003765709698200226
b23d5c1afc604565,syr2k,syr2k,lv2:__PARA__L0-1.__PARA__L1-1.__PARA__L2-6.__PARA__L3-1.__PIPE__L0-off.__PIPE__L2-flatten.__TILE__L0-1.__TILE__L2-2,target,support,support,finetune_dataset,data_964.pt,153269.0,polynormer_lite,5,50,paper_exact_seed5,3.013895034790039,3.170339345932007,0.15644431114196777,0.11999999731779099,0.13513721525669098,0.015137217938899994,0.07999999821186066,0.08897460997104645,0.008974611759185791,0.019999999552965164,0.0227242112159729,0.002724211663007736,0.019999999552965164,0.023855138570070267,0.0038551390171051025
65b53beab87fef44,syr2k,syr2k,lv2:__PARA__L0-1.__PARA__L1-1.__PARA__L2-8.__PARA__L3-80.__PIPE__L0-off.__PIPE__L2-off.__TILE__L0-1.__TILE__L2-1,target,support,support,finetune_dataset,data_973.pt,57779.0,polynormer_lite,5,50,paper_exact_seed5,3.7176194190979004,3.8180108070373535,0.10039138793945312,0.2199999988079071,0.11323822289705276,0.10676177591085434,0.11999999731779099,0.06231149286031723,0.057688504457473755,0.029999999329447746,0.022431358695030212,0.007568640634417534,0.05000000074505806,0.05364803969860077,0.0036480389535427094
c8aa534be3cfcbcb,syr2k,syr2k,lv2:__PARA__L0-1.__PARA__L1-8.__PARA__L2-6.__PARA__L3-80.__PIPE__L0-off.__PIPE__L2-off.__TILE__L0-1.__TILE__L2-1,target,support,support,finetune_dataset,data_1033.pt,48381.0,polynormer_lite,5,50,paper_exact_seed5,3.8456718921661377,3.911848545074463,0.0661766529083252,0.12999999523162842,0.1274244338274002,0.0025755614042282104,0.07000000029802322,0.08374299108982086,0.013742990791797638,0.029999999329447746,0.04435887932777405,0.014358879998326302,0.05000000074505806,0.05342163145542145,0.003421630710363388
bf91275b7e47bb6e,syr2k,syr2k,lv2:__PARA__L0-1.__PARA__L1-2.__PARA__L2-5.__PARA__L3-1.__PIPE__L0-off.__PIPE__L2-flatten.__TILE__L0-1.__TILE__L2-1,target,support,support,finetune_dataset,data_999.pt,55607.0,polynormer_lite,5,50,paper_exact_seed5,3.7452588081359863,3.7799313068389893,0.03467249870300293,0.10999999940395355,0.11843149363994598,0.008431494235992432,0.07000000029802322,0.07981932163238525,0.00981932133436203,0.029999999329447746,0.03251934051513672,0.0025193411856889725,0.05999999865889549,0.04296770319342613,0.01703229546546936
de480fa449fa3d49,syr2k,syr2k,lv2:__PARA__L0-1.__PARA__L1-2.__PARA__L2-8.__PARA__L3-1.__PIPE__L0-off.__PIPE__L2-flatten.__TILE__L0-1.__TILE__L2-1,target,support,support,finetune_dataset,data_1005.pt,54579.0,polynormer_lite,5,50,paper_exact_seed5,3.7587192058563232,3.8144121170043945,0.05569291114807129,0.2199999988079071,0.14904150366783142,0.07095849514007568,0.11999999731779099,0.09117958694696426,0.02882041037082672,0.029999999329447746,0.027016788721084595,0.0029832106083631516,0.05000000074505806,0.04310739412903786,0.006892606616020203
1c06b9a5b5fe70d6,syr2k,syr2k,lv2:__PARA__L0-1.__PARA__L1-1.__PARA__L2-4.__PARA__L3-1.__PIPE__L0-off.__PIPE__L2-flatten.__TILE__L0-1.__TILE__L2-2,target,support,support,finetune_dataset,data_952.pt,198587.0,polynormer_lite,5,50,paper_exact_seed5,2.827042579650879,3.0551116466522217,0.22806906700134277,0.17000000178813934,0.1203654408454895,0.04963456094264984,0.10000000149011612,0.08014924079179764,0.01985076069831848,0.019999999552965164,0.023140206933021545,0.0031402073800563812,0.009999999776482582,0.022691093385219574,0.012691093608736992
073eeee3fe8f808e,syr2k,syr2k,lv2:__PARA__L0-1.__PARA__L1-1.__PARA__L2-6.__PARA__L3-1.__PIPE__L0-off.__PIPE__L2-flatten.__TILE__L0-1.__TILE__L2-8,target,support,support,finetune_dataset,data_966.pt,111757.0,polynormer_lite,5,50,paper_exact_seed5,3.2417454719543457,3.2064285278320312,0.03531694412231445,0.18000000715255737,0.14844132959842682,0.031558677554130554,0.10999999940395355,0.10382083803415298,0.006179161369800568,0.019999999552965164,0.027733415365219116,0.007733415812253952,0.019999999552965164,0.011194393038749695,0.00880560651421547
c9e913bf3484f2bf,syr2k,syr2k,lv2:__PARA__L0-1.__PARA__L1-1.__PARA__L2-2.__PARA__L3-80.__PIPE__L0-off.__PIPE__L2-off.__TILE__L0-1.__TILE__L2-1,target,support,support,finetune_dataset,data_943.pt,53983.0,polynormer_lite,5,50,paper_exact_seed5,3.766639471054077,3.77317476272583,0.00653529167175293,0.10999999940395355,0.09848664700984955,0.011513352394104004,0.05000000074505806,0.04671026021242142,0.0032897405326366425,0.029999999329447746,0.01166573166847229,0.018334267660975456,0.05000000074505806,0.04566723480820656,0.0043327659368515015
a3af9f64623a88cb,syr2k,syr2k,lv2:__PARA__L0-1.__PARA__L1-1.__PARA__L2-1.__PARA__L3-1.__PIPE__L0-off.__PIPE__L2-flatten.__TILE__L0-1.__TILE__L2-2,target,support,support,finetune_dataset,data_914.pt,524871.0,polynormer_lite,5,50,paper_exact_seed5,2.1259467601776123,2.3425755500793457,0.2166287899017334,0.10999999940395355,0.12812462449073792,0.018124625086784363,0.05999999865889549,0.05036931484937668,0.009630683809518814,0.019999999552965164,-0.008721530437469482,0.028721529990434647,0.009999999776482582,0.022992897778749466,0.012992898002266884
9a611dbfee90fabc,syr2k,syr2k,lv2:__PARA__L0-1.__PARA__L1-1.__PARA__L2-4.__PARA__L3-1.__PIPE__L0-off.__PIPE__L2-flatten.__TILE__L0-1.__TILE__L2-8,target,support,support,finetune_dataset,data_954.pt,105707.0,polynormer_lite,5,50,paper_exact_seed5,3.2818925380706787,3.1490719318389893,0.13282060623168945,0.17000000178813934,0.1401786506175995,0.029821351170539856,0.10000000149011612,0.0958026573061943,0.004197344183921814,0.019999999552965164,0.029141202569007874,0.00914120301604271,0.009999999776482582,0.010982714593410492,0.0009827148169279099
6b31bb7a69b02d12,syr2k,syr2k,lv2:__PARA__L0-1.__PARA__L1-1.__PARA__L2-1.__PARA__L3-1.__PIPE__L0-off.__PIPE__L2-flatten.__TILE__L0-1.__TILE__L2-60,target,support,support,finetune_dataset,data_916.pt,75021.0,polynormer_lite,5,50,paper_exact_seed5,3.529244899749756,3.721498966217041,0.19225406646728516,0.09000000357627869,0.09360286593437195,0.0036028623580932617,0.03999999910593033,0.03723987936973572,0.0027601197361946106,0.03999999910593033,-0.028782829642295837,0.06878282874822617,0.05000000074505806,0.03924264758825302,0.010757353156805038
328955ee375dcb09,syr2k,syr2k,lv2:__PARA__L0-1.__PARA__L1-8.__PARA__L2-3.__PARA__L3-80.__PIPE__L0-off.__PIPE__L2-off.__TILE__L0-1.__TILE__L2-1,target,support,support,finetune_dataset,data_1027.pt,53291.0,polynormer_lite,5,50,paper_exact_seed5,3.7759461402893066,3.904700756072998,0.1287546157836914,0.07999999821186066,0.11704260855913162,0.037042610347270966,0.05000000074505806,0.07663585245609283,0.026635851711034775,0.029999999329447746,0.04031527042388916,0.010315271094441414,0.05000000074505806,0.05410946160554886,0.004109460860490799
b387369a0d58d4d0,syr2k,syr2k,lv2:__PARA__L0-1.__PARA__L1-1.__PARA__L2-3.__PARA__L3-1.__PIPE__L0-off.__PIPE__L2-flatten.__TILE__L0-1.__TILE__L2-4,target,support,support,finetune_dataset,data_947.pt,157295.0,polynormer_lite,5,50,paper_exact_seed5,2.9951915740966797,2.95418643951416,0.04100513458251953,0.07999999821186066,0.13216345012187958,0.05216345191001892,0.05000000074505806,0.08396337926387787,0.03396337851881981,0.019999999552965164,0.0244433730840683,0.004443373531103134,0.019999999552965164,0.014822561293840408,0.005177438259124756
31ba9a7783da0f4c,syr2k,syr2k,lv2:__PARA__L0-1.__PARA__L1-1.__PARA__L2-4.__PARA__L3-1.__PIPE__L0-off.__PIPE__L2-flatten.__TILE__L0-1.__TILE__L2-1,target,support,support,finetune_dataset,data_951.pt,51581.0,polynormer_lite,5,50,paper_exact_seed5,3.7994723320007324,3.193352699279785,0.6061196327209473,0.09000000357627869,0.11819152534008026,0.028191521763801575,0.05000000074505806,0.07332858443260193,0.02332858368754387,0.029999999329447746,0.019943684339523315,0.01005631498992443,0.05000000074505806,0.028630193322896957,0.021369807422161102
ac3cd52a03c5e995,gemm-p,gemm-p,lv2:__PARA__L0-4.__PARA__L1-32.__PARA__L2-1.__PARA__L3-1.__PIPE__L0-NA.__PIPE__L2-flatten.__TILE__L0-1.__TILE__L2-80,target,support,support,finetune_dataset,data_405.pt,33034.0,polynormer_lite,5,50,paper_exact_seed5,4.120916366577148,4.058697700500488,0.062218666076660156,0.05999999865889549,0.05936291441321373,0.0006370842456817627,0.019999999552965164,0.029383420944213867,0.009383421391248703,0.03999999910593033,0.029840782284736633,0.010159216821193695,0.05000000074505806,0.04397488385438919,0.006025116890668869
c6eed7436c233fa4,gemm-p,gemm-p,lv2:__PARA__L0-1.__PARA__L1-1.__PARA__L2-5.__PARA__L3-10.__PIPE__L0-off.__PIPE__L2-NA.__TILE__L0-1.__TILE__L2-1,target,support,support,finetune_dataset,data_195.pt,54212.0,polynormer_lite,5,50,paper_exact_seed5,3.7635860443115234,4.018920421600342,0.25533437728881836,0.07999999821186066,0.0589725598692894,0.02102743834257126,0.03999999910593033,0.024143964052200317,0.01585603505373001,0.09000000357627869,0.075198695063591,0.014801308512687683,0.029999999329447746,0.020314455032348633,0.009685544297099113
8d04f549a37ccd8a,gemm-p,gemm-p,lv2:__PARA__L0-1.__PARA__L1-1.__PARA__L2-1.__PARA__L3-2.__PIPE__L0-off.__PIPE__L2-off.__TILE__L0-1.__TILE__L2-1,target,support,support,finetune_dataset,data_87.pt,293231.0,polynormer_lite,5,50,paper_exact_seed5,2.5459091663360596,2.3408775329589844,0.2050316333770752,0.0,0.006858929991722107,0.006858929991722107,0.0,-0.012409776449203491,0.012409776449203491,0.0,-0.011224627494812012,0.011224627494812012,0.009999999776482582,0.0054660215973854065,0.004533978179097176
213cd979bba3abbb,gemm-p,gemm-p,lv2:__PARA__L0-1.__PARA__L1-1.__PARA__L2-1.__PARA__L3-10.__PIPE__L0-off.__PIPE__L2-off.__TILE__L0-1.__TILE__L2-4,target,support,support,finetune_dataset,data_82.pt,436495.0,polynormer_lite,5,50,paper_exact_seed5,2.2589454650878906,2.1892096996307373,0.06973576545715332,0.009999999776482582,0.019620142877101898,0.009620143100619316,0.0,0.009969457983970642,0.009969457983970642,0.0,0.012085974216461182,0.012085974216461182,0.019999999552965164,0.022441327571868896,0.0024413280189037323
b9490cabcadb25e8,gemm-p,gemm-p,lv2:__PARA__L0-1.__PARA__L1-1.__PARA__L2-1.__PARA__L3-70.__PIPE__L0-off.__PIPE__L2-off.__TILE__L0-1.__TILE__L2-1,target,support,support,finetune_dataset,data_99.pt,35347.0,polynormer_lite,5,50,paper_exact_seed5,4.072098255157471,4.218775272369385,0.14667701721191406,0.029999999329447746,0.0342148020863533,0.004214802756905556,0.009999999776482582,0.039491862058639526,0.029491862282156944,0.019999999552965164,0.01296202838420868,0.007037971168756485,0.05000000074505806,0.03047211840748787,0.01952788233757019
f65b37928b1e91ab,gemm-p,gemm-p,lv2:__PARA__L0-1.__PARA__L1-1.__PARA__L2-20.__PARA__L3-7.__PIPE__L0-off.__PIPE__L2-off.__TILE__L0-1.__TILE__L2-1,target,support,support,finetune_dataset,data_169.pt,15723.0,polynormer_lite,5,50,paper_exact_seed5,4.656454086303711,4.556240081787109,0.10021400451660156,0.1599999964237213,0.11785801500082016,0.042141981422901154,0.10000000149011612,0.06998366117477417,0.03001634031534195,0.25,0.11374136805534363,0.13625863194465637,0.019999999552965164,0.017465755343437195,0.0025342442095279694
8951b788629b4d4d,gemm-p,gemm-p,lv2:__PARA__L0-1.__PARA__L1-1.__PARA__L2-4.__PARA__L3-7.__PIPE__L0-off.__PIPE__L2-off.__TILE__L0-1.__TILE__L2-2,target,support,support,finetune_dataset,data_190.pt,433979.0,polynormer_lite,5,50,paper_exact_seed5,2.263115406036377,2.412590265274048,0.1494748592376709,0.009999999776482582,0.012096665799617767,0.0020966660231351852,0.0,0.005625173449516296,0.005625173449516296,0.009999999776482582,0.020376116037368774,0.010376116260886192,0.029999999329447746,0.02605132758617401,0.003948671743273735
dbd0e21f76a2b7bd,gemm-p,gemm-p,lv2:__PARA__L0-1.__PARA__L1-1.__PARA__L2-1.__PARA__L3-5.__PIPE__L0-off.__PIPE__L2-off.__TILE__L0-1.__TILE__L2-1,target,support,support,finetune_dataset,data_92.pt,195248.0,polynormer_lite,5,50,paper_exact_seed5,2.8392741680145264,2.7247731685638428,0.1145009994506836,0.019999999552965164,0.012072615325450897,0.007927384227514267,0.009999999776482582,-0.005961865186691284,0.015961864963173866,0.009999999776482582,0.0067337751388549805,0.0032662246376276016,0.019999999552965164,0.01471206545829773,0.005287934094667435
6e5c2cdd9eaec4b2,gemm-p,gemm-p,lv2:__PARA__L0-1.__PARA__L1-2.__PARA__L2-1.__PARA__L3-70.__PIPE__L0-off.__PIPE__L2-off.__TILE__L0-1.__TILE__L2-1,target,support,support,finetune_dataset,data_246.pt,33247.0,polynormer_lite,5,50,paper_exact_seed5,4.1162800788879395,4.269482612609863,0.15320253372192383,0.029999999329447746,0.0339936837553978,0.00399368442595005,0.009999999776482582,0.04205811768770218,0.032058119773864746,0.019999999552965164,0.02226594090461731,0.0022659413516521454,0.05000000074505806,0.0296391099691391,0.02036089077591896
152f0fa02f6e91e4,gemm-p,gemm-p,lv2:__PARA__L0-1.__PARA__L1-32.__PARA__L2-10.__PARA__L3-1.__PIPE__L0-NA.__PIPE__L2-flatten.__TILE__L0-4.__TILE__L2-1,target,support,support,finetune_dataset,data_276.pt,9914.0,polynormer_lite,5,50,paper_exact_seed5,4.98912239074707,4.889662742614746,0.09945964813232422,0.23000000417232513,0.16324055194854736,0.06675945222377777,0.1599999964237213,0.08564741909503937,0.07435257732868195,0.2199999988079071,0.18982632458209991,0.03017367422580719,0.009999999776482582,0.014665890485048294,0.004665890708565712
638eade1c299f75a,gemm-p,gemm-p,lv2:__PARA__L0-1.__PARA__L1-1.__PARA__L2-1.__PARA__L3-7.__PIPE__L0-off.__PIPE__L2-off.__TILE__L0-1.__TILE__L2-4,target,support,support,finetune_dataset,data_97.pt,466908.0,polynormer_lite,5,50,paper_exact_seed5,2.2103588581085205,2.1702539920806885,0.04010486602783203,0.009999999776482582,0.014585688710212708,0.004585688933730125,0.0,0.004130326211452484,0.004130326211452484,0.0,0.007677152752876282,0.007677152752876282,0.019999999552965164,0.019025877118110657,0.0009741224348545074
f155813f1414fb40,gemm-p,gemm-p,lv2:__PARA__L0-1.__PARA__L1-70.__PARA__L2-1.__PARA__L3-32.__PIPE__L0-off.__PIPE__L2-off.__TILE__L0-1.__TILE__L2-80,target,support,support,finetune_dataset,data_326.pt,251089.0,polynormer_lite,5,50,paper_exact_seed5,2.6578285694122314,2.5495972633361816,0.1082313060760498,0.029999999329447746,0.013081476092338562,0.016918523237109184,0.019999999552965164,0.010539688169956207,0.009460311383008957,0.07999999821186066,0.05762381851673126,0.022376179695129395,0.03999999910593033,0.04222121834754944,0.00222121924161911
d15bc24f13c0bb1d,gemm-p,gemm-p,lv2:__PARA__L0-1.__PARA__L1-1.__PARA__L2-10.__PARA__L3-2.__PIPE__L0-off.__PIPE__L2-off.__TILE__L0-1.__TILE__L2-2,target,support,support,finetune_dataset,data_111.pt,842396.0,polynormer_lite,5,50,paper_exact_seed5,1.7846788167953491,2.3483729362487793,0.5636941194534302,0.009999999776482582,0.02597646415233612,0.01597646437585354,0.0,0.0235641747713089,0.0235641747713089,0.0,0.036746323108673096,0.036746323108673096,0.009999999776482582,0.02602677047252655,0.016026770696043968
e385af510d412fde,gemm-p,gemm-p,lv2:__PARA__L0-1.__PARA__L1-5.__PARA__L2-1.__PARA__L3-1.__PIPE__L0-off.__PIPE__L2-flatten.__TILE__L0-1.__TILE__L2-4,target,support,support,finetune_dataset,data_301.pt,420016.0,polynormer_lite,5,50,paper_exact_seed5,2.28670597076416,2.051913261413574,0.23479270935058594,0.1899999976158142,0.12889276444911957,0.06110723316669464,0.019999999552965164,0.03811894357204437,0.01811894401907921,0.019999999552965164,0.03270180523395538,0.012701805680990219,0.03999999910593033,0.04300932586193085,0.003009326756000519
6974af566d331d1d,gemm-p,gemm-p,lv2:__PARA__L0-1.__PARA__L1-1.__PARA__L2-16.__PARA__L3-10.__PIPE__L0-off.__PIPE__L2-off.__TILE__L0-1.__TILE__L2-1,target,support,support,finetune_dataset,data_122.pt,12850.0,polynormer_lite,5,50,paper_exact_seed5,4.802008152008057,4.807934761047363,0.005926609039306641,0.17000000178813934,0.10492449998855591,0.06507550179958344,0.10999999940395355,0.06296161562204361,0.04703838378190994,0.27000001072883606,0.10479136556386948,0.165208637714386,0.009999999776482582,0.01771942898631096,0.007719429209828377
fd951650d67b98bc,gemm-p,gemm-p,lv2:__PARA__L0-1.__PARA__L1-2.__PARA__L2-10.__PARA__L3-70.__PIPE__L0-off.__PIPE__L2-NA.__TILE__L0-1.__TILE__L2-1,target,support,support,finetune_dataset,data_249.pt,12847.0,polynormer_lite,5,50,paper_exact_seed5,4.802176475524902,4.851172924041748,0.0489964485168457,0.20999999344348907,0.16736763715744019,0.04263235628604889,0.15000000596046448,0.10479068756103516,0.04520931839942932,0.2199999988079071,0.1636965125799179,0.0563034862279892,0.009999999776482582,0.018552396446466446,0.008552396669983864
4c09ca4e23088fa0,gemm-p,gemm-p,lv2:__PARA__L0-1.__PARA__L1-5.__PARA__L2-32.__PARA__L3-1.__PIPE__L0-off.__PIPE__L2-flatten.__TILE__L0-1.__TILE__L2-2,target,support,support,finetune_dataset,data_314.pt,65241.0,polynormer_lite,5,50,paper_exact_seed5,3.630002737045288,3.4587345123291016,0.17126822471618652,0.38999998569488525,0.2994042932987213,0.09059569239616394,0.029999999329447746,-0.009978950023651123,0.03997895121574402,0.019999999552965164,0.027745723724365234,0.00774572417140007,0.019999999552965164,0.026897892355918884,0.00689789280295372
7b5fc2286f9afd37,gemm-p,gemm-p,lv2:__PARA__L0-12.__PARA__L1-32.__PARA__L2-1.__PARA__L3-1.__PIPE__L0-off.__PIPE__L2-flatten.__TILE__L0-1.__TILE__L2-80,target,support,support,finetune_dataset,data_341.pt,40046.0,polynormer_lite,5,50,paper_exact_seed5,3.982063055038452,4.0027008056640625,0.02063775062561035,0.05999999865889549,0.05532139539718628,0.004678603261709213,0.019999999552965164,0.020756661891937256,0.0007566623389720917,0.03999999910593033,0.025598883628845215,0.014401115477085114,0.05000000074505806,0.04710116982460022,0.00289883092045784
16a64917ea3821a4,gemm-p,gemm-p,lv2:__PARA__L0-1.__PARA__L1-1.__PARA__L2-2.__PARA__L3-14.__PIPE__L0-off.__PIPE__L2-off.__TILE__L0-1.__TILE__L2-1,target,support,support,finetune_dataset,data_139.pt,81670.0,polynormer_lite,5,50,paper_exact_seed5,3.467988967895508,3.1275343894958496,0.3404545783996582,0.03999999910593033,0.031647853553295135,0.008352145552635193,0.019999999552965164,0.005755536258220673,0.014244463294744492,0.03999999910593033,0.027872487902641296,0.012127511203289032,0.029999999329447746,0.025953825563192368,0.004046173766255379
75d6d53935daab05,gemm-p,gemm-p,lv2:__PARA__L0-1.__PARA__L1-1.__PARA__L2-20.__PARA__L3-2.__PIPE__L0-off.__PIPE__L2-off.__TILE__L0-1.__TILE__L2-1,target,support,support,finetune_dataset,data_163.pt,18551.0,polynormer_lite,5,50,paper_exact_seed5,4.537143707275391,4.390511512756348,0.14663219451904297,0.07999999821186066,0.09251634776592255,0.01251634955406189,0.05000000074505806,0.0667608380317688,0.01676083728671074,0.10000000149011612,0.1017829030752182,0.0017829015851020813,0.029999999329447746,0.019797783344984055,0.010202215984463692
08c0db4b86809ca1,gemm-p,gemm-p,lv2:__PARA__L0-2.__PARA__L1-32.__PARA__L2-16.__PARA__L3-1.__PIPE__L0-off.__PIPE__L2-flatten.__TILE__L0-1.__TILE__L2-1,target,support,support,finetune_dataset,data_370.pt,9179.0,polynormer_lite,5,50,paper_exact_seed5,5.044687747955322,5.093402862548828,0.04871511459350586,0.3499999940395355,0.28325900435447693,0.0667409896850586,0.23999999463558197,0.20044952630996704,0.03955046832561493,0.36000001430511475,0.2280767858028412,0.13192322850227356,0.009999999776482582,0.01798531785607338,0.007985318079590797
3d0ea503979644e9,gemm-p,gemm-p,lv2:__PARA__L0-1.__PARA__L1-2.__PARA__L2-4.__PARA__L3-70.__PIPE__L0-off.__PIPE__L2-off.__TILE__L0-1.__TILE__L2-1,target,support,support,finetune_dataset,data_259.pt,21847.0,polynormer_lite,5,50,paper_exact_seed5,4.419174671173096,4.536355972290039,0.11718130111694336,0.07999999821186066,0.07284434139728546,0.007155656814575195,0.05000000074505806,0.07420039176940918,0.02420039102435112,0.05000000074505806,0.07075291126966476,0.020752910524606705,0.009999999776482582,0.024116866290569305,0.014116866514086723
ec749d53357fb316,gemm-p,gemm-p,lv2:__PARA__L0-1.__PARA__L1-8.__PARA__L2-1.__PARA__L3-32.__PIPE__L0-off.__PIPE__L2-off.__TILE__L0-1.__TILE__L2-1,target,support,support,finetune_dataset,data_328.pt,285829.0,polynormer_lite,5,50,paper_exact_seed5,2.564352035522461,2.495927572250366,0.06842446327209473,0.009999999776482582,0.02516135573387146,0.015161355957388878,0.0,0.012389041483402252,0.012389041483402252,0.009999999776482582,0.044922858476638794,0.03492286056280136,0.05000000074505806,0.04463692009449005,0.005363080650568008
d4240070e73cc342,gemm-p,gemm-p,lv2:__PARA__L0-1.__PARA__L1-1.__PARA__L2-20.__PARA__L3-7.__PIPE__L0-off.__PIPE__L2-off.__TILE__L0-1.__TILE__L2-2,target,support,support,finetune_dataset,data_170.pt,203508.0,polynormer_lite,5,50,paper_exact_seed5,2.809385299682617,3.3875789642333984,0.5781936645507812,0.03999999910593033,0.08732549846172333,0.047325499355793,0.029999999329447746,0.07064756751060486,0.04064756631851196,0.03999999910593033,0.10252722352743149,0.06252722442150116,0.019999999552965164,0.02314603328704834,0.0031460337340831757
cd69b23a624a35b1,gemm-p,gemm-p,lv2:__PARA__L0-2.__PARA__L1-16.__PARA__L2-10.__PARA__L3-1.__PIPE__L0-NA.__PIPE__L2-flatten.__TILE__L0-1.__TILE__L2-8,target,support,support,finetune_dataset,data_361.pt,9691.0,polynormer_lite,5,50,paper_exact_seed5,5.005533218383789,4.932863235473633,0.07266998291015625,0.23000000417232513,0.17644453048706055,0.05355547368526459,0.1599999964237213,0.1420862078666687,0.017913788557052612,0.2199999988079071,0.16496948897838593,0.05503050982952118,0.009999999776482582,0.01152268797159195,0.0015226881951093674
07bad97c4d4ae0a5,gemm-p,gemm-p,lv2:__PARA__L0-1.__PARA__L1-2.__PARA__L2-1.__PARA__L3-32.__PIPE__L0-off.__PIPE__L2-off.__TILE__L0-60.__TILE__L2-1,target,support,support,finetune_dataset,data_244.pt,286909.0,polynormer_lite,5,50,paper_exact_seed5,2.561631441116333,2.472630262374878,0.08900117874145508,0.009999999776482582,0.03542357683181763,0.025423577055335045,0.0,0.01087234914302826,0.01087234914302826,0.0,0.05195295810699463,0.05195295810699463,0.05000000074505806,0.04361997917294502,0.006380021572113037
cd440d67465780f9,gemm-p,gemm-p,lv2:__PARA__L0-1.__PARA__L1-2.__PARA__L2-5.__PARA__L3-1.__PIPE__L0-off.__PIPE__L2-flatten.__TILE__L0-1.__TILE__L2-1,target,support,support,finetune_dataset,data_260.pt,17009.0,polynormer_lite,5,50,paper_exact_seed5,4.599742889404297,4.2450361251831055,0.3547067642211914,0.10000000149011612,0.1088961511850357,0.008896149694919586,0.07000000029802322,0.06368090212345123,0.006319098174571991,0.10999999940395355,0.07720792293548584,0.03279207646846771,0.009999999776482582,0.021149449050426483,0.011149449273943901
a99f3ca11b317ea1,gemm-p,gemm-p,lv2:__PARA__L0-2.__PARA__L1-16.__PARA__L2-16.__PARA__L3-1.__PIPE__L0-off.__PIPE__L2-flatten.__TILE__L0-1.__TILE__L2-1,target,support,support,finetune_dataset,data_364.pt,9307.0,polynormer_lite,5,50,paper_exact_seed5,5.034698009490967,4.979949474334717,0.05474853515625,0.3499999940395355,0.29981955885887146,0.05018043518066406,0.23999999463558197,0.19590777158737183,0.044092223048210144,0.36000001430511475,0.18251276016235352,0.17748725414276123,0.009999999776482582,0.008454844355583191,0.0015451554208993912
ff4b5bf3f5fd1c66,gemm-p,gemm-p,lv2:__PARA__L0-1.__PARA__L1-1.__PARA__L2-8.__PARA__L3-7.__PIPE__L0-off.__PIPE__L2-off.__TILE__L0-1.__TILE__L2-1,target,support,support,finetune_dataset,data_227.pt,17943.0,polynormer_lite,5,50,paper_exact_seed5,4.561181545257568,4.062026500701904,0.49915504455566406,0.05999999865889549,0.04778648167848587,0.012213516980409622,0.03999999910593033,0.026441708207130432,0.013558290898799896,0.10000000149011612,0.05959465354681015,0.04040534794330597,0.03999999910593033,0.01874588429927826,0.02125411480665207
ee665070b18c5d32,gemm-p,gemm-p,lv2:__PARA__L0-1.__PARA__L1-2.__PARA__L2-16.__PARA__L3-70.__PIPE__L0-off.__PIPE__L2-NA.__TILE__L0-1.__TILE__L2-1,target,support,support,finetune_dataset,data_252.pt,12487.0,polynormer_lite,5,50,paper_exact_seed5,4.822678565979004,4.939582347869873,0.11690378189086914,0.3199999928474426,0.2544172704219818,0.06558272242546082,0.23999999463558197,0.11607769876718521,0.12392229586839676,0.36000001430511475,0.22067482769489288,0.13932518661022186,0.009999999776482582,0.01822599396109581,0.008225994184613228
ea3874af8c10f66f,gemm-p,gemm-p,lv2:__PARA__L0-1.__PARA__L1-4.__PARA__L2-10.__PARA__L3-1.__PIPE__L0-off.__PIPE__L2-flatten.__TILE__L0-1.__TILE__L2-1,target,support,support,finetune_dataset,data_292.pt,12187.0,polynormer_lite,5,50,paper_exact_seed5,4.8402204513549805,4.652000904083252,0.18821954727172852,0.20999999344348907,0.1982083022594452,0.011791691184043884,0.15000000596046448,0.08687920868396759,0.06312079727649689,0.2199999988079071,0.1085861325263977,0.1114138662815094,0.009999999776482582,0.008399330079555511,0.0016006696969270706
62890e23a27ff562,gemm-p,gemm-p,lv2:__PARA__L0-1.__PARA__L1-1.__PARA__L2-2.__PARA__L3-10.__PIPE__L0-off.__PIPE__L2-NA.__TILE__L0-1.__TILE__L2-1,target,support,support,finetune_dataset,data_134.pt,108370.0,polynormer_lite,5,50,paper_exact_seed5,3.2639453411102295,3.6048154830932617,0.3408701419830322,0.03999999910593033,0.05157959461212158,0.011579595506191254,0.019999999552965164,0.030519835650920868,0.010519836097955704,0.029999999329447746,0.051060497760772705,0.02106049843132496,0.019999999552965164,0.02497200295329094,0.004972003400325775
0316df0ba1e1469b,gemm-p,gemm-p,lv2:__PARA__L0-1.__PARA__L1-1.__PARA__L2-4.__PARA__L3-2.__PIPE__L0-off.__PIPE__L2-off.__TILE__L0-1.__TILE__L2-1,target,support,support,finetune_dataset,data_181.pt,51551.0,polynormer_lite,5,50,paper_exact_seed5,3.799891948699951,2.938366413116455,0.8615255355834961,0.019999999552965164,0.02108769118785858,0.0010876916348934174,0.009999999776482582,0.0013592392206192017,0.00864076055586338,0.019999999552965164,0.033067911863327026,0.013067912310361862,0.019999999552965164,0.0203603096306324,0.00036031007766723633
b7785b488b1d90e8,gemm-p,gemm-p,lv2:__PARA__L0-1.__PARA__L1-1.__PARA__L2-8.__PARA__L3-10.__PIPE__L0-off.__PIPE__L2-off.__TILE__L0-1.__TILE__L2-2,target,support,support,finetune_dataset,data_216.pt,215335.0,polynormer_lite,5,50,paper_exact_seed5,2.768636703491211,2.9621431827545166,0.19350647926330566,0.019999999552965164,0.025469936430454254,0.00546993687748909,0.009999999776482582,0.026836305856704712,0.01683630608022213,0.019999999552965164,0.04091310501098633,0.020913105458021164,0.05000000074505806,0.024526596069335938,0.025473404675722122
47d9ab0044cefe1e,gemm-p,gemm-p,lv2:__PARA__L0-20.__PARA__L1-32.__PARA__L2-1.__PARA__L3-1.__PIPE__L0-NA.__PIPE__L2-flatten.__TILE__L0-1.__TILE__L2-80,target,support,support,finetune_dataset,data_372.pt,47106.0,polynormer_lite,5,50,paper_exact_seed5,3.8649368286132812,3.9752519130706787,0.11031508445739746,0.05999999865889549,0.054048798978328705,0.005951199680566788,0.019999999552965164,0.017516985535621643,0.002483014017343521,0.03999999910593033,0.01512746512889862,0.024872533977031708,0.05000000074505806,0.04649141803383827,0.0035085827112197876
17306fd64712dda9,gemm-p,gemm-p,lv2:__PARA__L0-1.__PARA__L1-1.__PARA__L2-10.__PARA__L3-2.__PIPE__L0-off.__PIPE__L2-NA.__TILE__L0-1.__TILE__L2-1,target,support,support,finetune_dataset,data_109.pt,47291.0,polynormer_lite,5,50,paper_exact_seed5,3.862109422683716,4.072990417480469,0.21088099479675293,0.05999999865889549,0.08297714591026306,0.02297714725136757,0.029999999329447746,0.04256141930818558,0.012561419978737831,0.05000000074505806,0.09062738716602325,0.040627386420965195,0.009999999776482582,0.01710601896047592,0.0071060191839933395
a63bb764dd0bd35e,gemm-p,gemm-p,lv2:__PARA__L0-1.__PARA__L1-2.__PARA__L2-2.__PARA__L3-70.__PIPE__L0-off.__PIPE__L2-NA.__TILE__L0-1.__TILE__L2-1,target,support,support,finetune_dataset,data_255.pt,33547.0,polynormer_lite,5,50,paper_exact_seed5,4.109800338745117,4.304084777832031,0.19428443908691406,0.03999999910593033,0.05256182700395584,0.012561827898025513,0.019999999552965164,0.04606056213378906,0.0260605625808239,0.019999999552965164,0.035138487815856934,0.01513848826289177,0.009999999776482582,0.024473410099744797,0.014473410323262215
3fb37e8bcd254b40,gemm-p,gemm-p,lv2:__PARA__L0-1.__PARA__L1-32.__PARA__L2-1.__PARA__L3-1.__PIPE__L0-off.__PIPE__L2-flatten.__TILE__L0-4.__TILE__L2-1,target,support,support,finetune_dataset,data_270.pt,33034.0,polynormer_lite,5,50,paper_exact_seed5,4.120916366577148,4.257501125335693,0.13658475875854492,0.05999999865889549,0.07336775958538055,0.013367760926485062,0.019999999552965164,0.020087644457817078,8.764490485191345e-05,0.03999999910593033,0.050420209765434265,0.010420210659503937,0.05000000074505806,0.04585312306880951,0.00414687767624855
0a16eeda82a64909,gemm-p,gemm-p,lv2:__PARA__L0-1.__PARA__L1-5.__PARA__L2-5.__PARA__L3-1.__PIPE__L0-off.__PIPE__L2-flatten.__TILE__L0-1.__TILE__L2-2,target,support,support,finetune_dataset,data_319.pt,187217.0,polynormer_lite,5,50,paper_exact_seed5,2.869572401046753,3.2830820083618164,0.4135096073150635,0.25999999046325684,0.15333223342895508,0.10666775703430176,0.07000000029802322,0.08132252842187881,0.01132252812385559,0.10999999940395355,0.10344069451093674,0.006559304893016815,0.009999999776482582,0.01023980975151062,0.00023980997502803802
80c3e447e75f60fb,gemm-p,gemm-p,lv2:__PARA__L0-1.__PARA__L1-1.__PARA__L2-4.__PARA__L3-2.__PIPE__L0-off.__PIPE__L2-off.__TILE__L0-1.__TILE__L2-2,target,support,support,finetune_dataset,data_182.pt,1354866.0,polynormer_lite,5,50,paper_exact_seed5,1.4418889284133911,2.2524306774139404,0.8105417490005493,0.009999999776482582,0.008770309388637543,0.0012296903878450394,0.0,-0.0008052214980125427,0.0008052214980125427,0.0,0.012471899390220642,0.012471899390220642,0.019999999552965164,0.019119754433631897,0.0008802451193332672
23145cd5e1131852,gemm-p,gemm-p,lv2:__PARA__L0-1.__PARA__L1-2.__PARA__L2-1.__PARA__L3-1.__PIPE__L0-off.__PIPE__L2-flatten.__TILE__L0-1.__TILE__L2-1,target,support,support,finetune_dataset,data_240.pt,33247.0,polynormer_lite,5,50,paper_exact_seed5,4.1162800788879395,4.275806427001953,0.15952634811401367,0.029999999329447746,0.061342258006334305,0.03134226053953171,0.009999999776482582,0.018930383026599884,0.008930383250117302,0.019999999552965164,0.024651870131492615,0.0046518705785274506,0.05000000074505806,0.04153897240757942,0.008461028337478638
64699350cabf9f9b,gemm-p,gemm-p,lv2:__PARA__L0-5.__PARA__L1-32.__PARA__L2-10.__PARA__L3-1.__PIPE__L0-NA.__PIPE__L2-flatten.__TILE__L0-1.__TILE__L2-8,target,support,support,finetune_dataset,data_414.pt,10100.0,polynormer_lite,5,50,paper_exact_seed5,4.975714683532715,5.066951274871826,0.09123659133911133,0.23000000417232513,0.1828475296497345,0.04715247452259064,0.1599999964237213,0.144644632935524,0.015355363488197327,0.2199999988079071,0.20043206214904785,0.019567936658859253,0.009999999776482582,0.011642053723335266,0.001642053946852684
88b1344200c5f7da,gemm-p,gemm-p,lv2:__PARA__L0-15.__PARA__L1-32.__PARA__L2-10.__PARA__L3-1.__PIPE__L0-off.__PIPE__L2-flatten.__TILE__L0-1.__TILE__L2-8,target,support,support,finetune_dataset,data_353.pt,12092.0,polynormer_lite,5,50,paper_exact_seed5,4.845865726470947,5.047425746917725,0.20156002044677734,0.23000000417232513,0.18117955327033997,0.04882045090198517,0.1599999964237213,0.14170734584331512,0.01829265058040619,0.2199999988079071,0.20750796794891357,0.01249203085899353,0.009999999776482582,0.012615524232387543,0.0026155244559049606
b4f843d9b6dad29f,gemm-p,gemm-p,lv2:__PARA__L0-1.__PARA__L1-70.__PARA__L2-1.__PARA__L3-32.__PIPE__L0-off.__PIPE__L2-off.__TILE__L0-60.__TILE__L2-1,target,support,support,finetune_dataset,data_327.pt,251089.0,polynormer_lite,5,50,paper_exact_seed5,2.6578285694122314,2.5751352310180664,0.08269333839416504,0.029999999329447746,0.012399822473526001,0.017600176855921745,0.019999999552965164,0.008845776319503784,0.01115422323346138,0.07999999821186066,0.05583658814430237,0.02416341006755829,0.03999999910593033,0.04301575571298599,0.003015756607055664
6949ac99510f8963,gemm-p,gemm-p,lv2:__PARA__L0-1.__PARA__L1-32.__PARA__L2-1.__PARA__L3-32.__PIPE__L0-off.__PIPE__L2-off.__TILE__L0-1.__TILE__L2-1,target,support,support,finetune_dataset,data_272.pt,285469.0,polynormer_lite,5,50,paper_exact_seed5,2.565261125564575,2.65989351272583,0.09463238716125488,0.009999999776482582,0.0300934836268425,0.020093483850359917,0.009999999776482582,0.025647252798080444,0.015647253021597862,0.029999999329447746,0.053897202014923096,0.02389720268547535,0.05000000074505806,0.046011678874492645,0.003988321870565414
ab19489e81b4ba29,gemm-p,gemm-p,lv2:__PARA__L0-30.__PARA__L1-16.__PARA__L2-16.__PARA__L3-1.__PIPE__L0-off.__PIPE__L2-flatten.__TILE__L0-1.__TILE__L2-1,target,support,support,finetune_dataset,data_386.pt,14659.0,polynormer_lite,5,50,paper_exact_seed5,4.706998825073242,4.686650276184082,0.020348548889160156,0.3499999940395355,0.29824602603912354,0.05175396800041199,0.23999999463558197,0.2097351849079132,0.030264809727668762,0.36000001430511475,0.24974766373634338,0.11025235056877136,0.009999999776482582,0.004140190780162811,0.005859808996319771
dba1b07283a53f11,gemm-p,gemm-p,lv2:__PARA__L0-1.__PARA__L1-1.__PARA__L2-1.__PARA__L3-2.__PIPE__L0-off.__PIPE__L2-off.__TILE__L0-1.__TILE__L2-4,target,support,support,finetune_dataset,data_89.pt,1354136.0,polynormer_lite,5,50,paper_exact_seed5,1.4422776699066162,1.7980445623397827,0.3557668924331665,0.009999999776482582,0.006441392004489899,0.0035586077719926834,0.0,-0.012168005108833313,0.012168005108833313,0.0,-0.010901495814323425,0.010901495814323425,0.009999999776482582,0.00515718013048172,0.004842819646000862
016fd66966844ecf,gemm-p,gemm-p,lv2:__PARA__L0-1.__PARA__L1-5.__PARA__L2-16.__PARA__L3-1.__PIPE__L0-off.__PIPE__L2-flatten.__TILE__L0-1.__TILE__L2-2,target,support,support,finetune_dataset,data_308.pt,87381.0,polynormer_lite,5,50,paper_exact_seed5,3.4192323684692383,3.596876859664917,0.1776444911956787,0.4099999964237213,0.2608499526977539,0.1491500437259674,0.03999999910593033,0.10103863477706909,0.06103863567113876,0.03999999910593033,0.08216385543346405,0.04216385632753372,0.019999999552965164,0.01172655075788498,0.008273448795080185
2124445063c91060,gemm-p,gemm-p,lv2:__PARA__L0-2.__PARA__L1-16.__PARA__L2-1.__PARA__L3-1.__PIPE__L0-off.__PIPE__L2-flatten.__TILE__L0-1.__TILE__L2-80,target,support,support,finetune_dataset,data_360.pt,31451.0,polynormer_lite,5,50,paper_exact_seed5,4.156339168548584,4.1704607009887695,0.014121532440185547,0.05000000074505806,0.0901106745004654,0.04011067375540733,0.019999999552965164,0.022743962705135345,0.0027439631521701813,0.019999999552965164,0.016128942370414734,0.0038710571825504303,0.05000000074505806,0.05385786294937134,0.003857862204313278
1e3f23d111e1c4c2,gemm-p,gemm-p,lv2:__PARA__L0-1.__PARA__L1-1.__PARA__L2-5.__PARA__L3-10.__PIPE__L0-off.__PIPE__L2-off.__TILE__L0-1.__TILE__L2-2,target,support,support,finetune_dataset,data_197.pt,281177.0,polynormer_lite,5,50,paper_exact_seed5,2.576188802719116,2.469484329223633,0.1067044734954834,0.009999999776482582,0.016562961041927338,0.0065629612654447556,0.009999999776482582,0.013843357563018799,0.0038433577865362167,0.009999999776482582,0.027954742312431335,0.017954742535948753,0.029999999329447746,0.026151143014431,0.0038488563150167465
c45c956a22ace27c,jacobi-2d,jacobi-2d,lv2:__PARA__L0-1.__PARA__L1-1.__PARA__L2-2.__PARA__L3-22.__PARA__L4-1.__PIPE__L0-off.__PIPE__L1-off.__PIPE__L2-flatten.__TILE__L0-1.__TILE__L1-1.__TILE__L2-8,target,support,support,finetune_dataset,data_752.pt,4006001.0,polynormer_lite,5,50,paper_exact_seed5,0.659882664680481,0.5831195116043091,0.07676315307617188,0.8899999856948853,0.836713969707489,0.05328601598739624,0.4000000059604645,0.3235812187194824,0.07641878724098206,0.7699999809265137,0.71059650182724,0.05940347909927368,0.07000000029802322,0.060183219611644745,0.009816780686378479
04cce8feb32cd125,jacobi-2d,jacobi-2d,lv2:__PARA__L0-1.__PARA__L1-1.__PARA__L2-11.__PARA__L3-1.__PARA__L4-4.__PIPE__L0-off.__PIPE__L1-flatten.__PIPE__L2-NA.__TILE__L0-1.__TILE__L1-8.__TILE__L2-8,target,support,support,finetune_dataset,data_729.pt,4258361.0,polynormer_lite,5,50,paper_exact_seed5,0.6158149242401123,0.5883628129959106,0.02745211124420166,0.2800000011920929,0.292620986700058,0.012620985507965088,0.11999999731779099,0.1339503973722458,0.013950400054454803,0.27000001072883606,0.31519097089767456,0.0451909601688385,0.20999999344348907,0.19169427454471588,0.018305718898773193
ddd8e3ebba80a73e,jacobi-2d,jacobi-2d,lv2:__PARA__L0-1.__PARA__L1-1.__PARA__L2-1.__PARA__L3-2.__PARA__L4-1.__PIPE__L0-off.__PIPE__L1-off.__PIPE__L2-off.__TILE__L0-1.__TILE__L1-1.__TILE__L2-1,target,support,support,finetune_dataset,data_689.pt,1089684.0,polynormer_lite,5,50,paper_exact_seed5,1.5990091562271118,1.5805128812789917,0.018496274948120117,0.009999999776482582,0.017389170825481415,0.007389171048998833,0.0,-0.005372971296310425,0.005372971296310425,0.0,0.017186269164085388,0.017186269164085388,0.019999999552965164,0.025357943028211594,0.0053579434752464294
c395ab2e435aff0d,jacobi-2d,jacobi-2d,lv2:__PARA__L0-1.__PARA__L1-1.__PARA__L2-1.__PARA__L3-1.__PARA__L4-2.__PIPE__L0-off.__PIPE__L1-flatten.__PIPE__L2-NA.__TILE__L0-1.__TILE__L1-1.__TILE__L2-8,target,support,support,finetune_dataset,data_668.pt,3938921.0,polynormer_lite,5,50,paper_exact_seed5,0.6720638275146484,0.6277819871902466,0.044281840324401855,0.25,0.27526453137397766,0.02526453137397766,0.10999999940395355,0.13216139376163483,0.022161394357681274,0.25999999046325684,0.3093964457511902,0.04939645528793335,0.25,0.27500104904174805,0.025001049041748047
3c4307f2e6ff5a6c,jacobi-2d,jacobi-2d,lv2:__PARA__L0-1.__PARA__L1-1.__PARA__L2-4.__PARA__L3-8.__PARA__L4-8.__PIPE__L0-off.__PIPE__L1-off.__PIPE__L2-NA.__TILE__L0-40.__TILE__L1-1.__TILE__L2-1,target,support,support,finetune_dataset,data_778.pt,2242884.0,polynormer_lite,5,50,paper_exact_seed5,1.0782865285873413,0.7507302761077881,0.3275562524795532,0.03999999910593033,0.031279318034648895,0.008720681071281433,0.019999999552965164,-0.003844738006591797,0.02384473755955696,0.029999999329447746,0.03821800649166107,0.008218007162213326,0.009999999776482582,0.0014981254935264587,0.008501874282956123
e3c1d5bfb522a40c,jacobi-2d,jacobi-2d,lv2:__PARA__L0-1.__PARA__L1-2.__PARA__L2-1.__PARA__L3-8.__PARA__L4-8.__PIPE__L0-off.__PIPE__L1-off.__PIPE__L2-NA.__TILE__L0-1.__TILE__L1-1.__TILE__L2-8,target,support,support,finetune_dataset,data_817.pt,4206441.0,polynormer_lite,5,50,paper_exact_seed5,0.6246640086174011,0.6465256810188293,0.021861672401428223,0.05000000074505806,0.07756432890892029,0.02756432816386223,0.019999999552965164,-0.0011377111077308655,0.02113771066069603,0.05000000074505806,0.08901271224021912,0.039012711495161057,0.0,0.001125246286392212,0.001125246286392212
ecca3737fdfbc6d8,jacobi-2d,jacobi-2d,lv2:__PARA__L0-1.__PARA__L1-4.__PARA__L2-2.__PARA__L3-1.__PARA__L4-1.__PIPE__L0-off.__PIPE__L1-off.__PIPE__L2-flatten.__TILE__L0-1.__TILE__L1-1.__TILE__L2-8,target,support,support,finetune_dataset,data_894.pt,4272001.0,polynormer_lite,5,50,paper_exact_seed5,0.6135080456733704,0.5763777494430542,0.03713029623031616,0.8700000047683716,0.810559868812561,0.05944013595581055,0.3799999952316284,0.4024226665496826,0.0224226713180542,0.7699999809265137,0.7225621342658997,0.047437846660614014,0.03999999910593033,0.042218782007694244,0.002218782901763916
9989bcc5a4c88281,jacobi-2d,jacobi-2d,lv2:__PARA__L0-1.__PARA__L1-1.__PARA__L2-1.__PARA__L3-11.__PARA__L4-1.__PIPE__L0-off.__PIPE__L1-off.__PIPE__L2-off.__TILE__L0-1.__TILE__L1-1.__TILE__L2-1,target,support,support,finetune_dataset,data_680.pt,963004.0,polynormer_lite,5,50,paper_exact_seed5,1.6881572008132935,1.7794544696807861,0.09129726886749268,0.05000000074505806,0.020128749310970306,0.029871251434087753,0.019999999552965164,0.00980415940284729,0.010195840150117874,0.029999999329447746,0.013478904962539673,0.016521094366908073,0.029999999329447746,0.01781504973769188,0.012184949591755867
1f853d36d66395d1,jacobi-2d,jacobi-2d,lv2:__PARA__L0-1.__PARA__L1-11.__PARA__L2-1.__PARA__L3-1.__PARA__L4-4.__PIPE__L0-off.__PIPE__L1-flatten.__PIPE__L2-NA.__TILE__L0-1.__TILE__L1-8.__TILE__L2-8,target,support,support,finetune_dataset,data_786.pt,3935841.0,polynormer_lite,5,50,paper_exact_seed5,0.6726281046867371,0.677476167678833,0.004848062992095947,2.990000009536743,2.6823925971984863,0.30760741233825684,1.3799999952316284,0.9956120252609253,0.3843879699707031,2.8399999141693115,2.497918128967285,0.34208178520202637,0.0,-0.0061819106340408325,0.0061819106340408325
2940580a380ffafd,jacobi-2d,jacobi-2d,lv2:__PARA__L0-1.__PARA__L1-22.__PARA__L2-2.__PARA__L3-22.__PARA__L4-1.__PIPE__L0-off.__PIPE__L1-NA.__PIPE__L2-flatten.__TILE__L0-1.__TILE__L1-4.__TILE__L2-8,target,support,support,finetune_dataset,data_882.pt,4390081.0,polynormer_lite,5,50,paper_exact_seed5,0.5938402414321899,0.5187816023826599,0.07505863904953003,0.9300000071525574,0.9510454535484314,0.021045446395874023,0.41999998688697815,0.35878533124923706,0.06121465563774109,0.8299999833106995,0.8754097819328308,0.04540979862213135,0.07999999821186066,0.04795060306787491,0.03204939514398575
ee77ecc8d3d341ab,jacobi-2d,jacobi-2d,lv2:__PARA__L0-1.__PARA__L1-1.__PARA__L2-2.__PARA__L3-16.__PARA__L4-1.__PIPE__L0-off.__PIPE__L1-NA.__PIPE__L2-flatten.__TILE__L0-1.__TILE__L1-8.__TILE__L2-8,target,support,support,finetune_dataset,data_745.pt,5669521.0,polynormer_lite,5,50,paper_exact_seed5,0.4093506336212158,0.5391665697097778,0.129815936088562,0.8999999761581421,0.9015277624130249,0.0015277862548828125,0.4000000059604645,0.3191261887550354,0.08087381720542908,0.8100000023841858,0.7573020458221436,0.052697956562042236,0.03999999910593033,0.028663992881774902,0.011336006224155426
53885ac3842ab290,jacobi-2d,jacobi-2d,lv2:__PARA__L0-1.__PARA__L1-1.__PARA__L2-1.__PARA__L3-8.__PARA__L4-8.__PIPE__L0-off.__PIPE__L1-off.__PIPE__L2-NA.__TILE__L0-1.__TILE__L1-88.__TILE__L2-2,target,support,support,finetune_dataset,data_719.pt,4035721.0,polynormer_lite,5,50,paper_exact_seed5,0.6545508503913879,0.8409515619277954,0.18640071153640747,0.05000000074505806,0.06571434438228607,0.015714343637228012,0.019999999552965164,-0.008768871426582336,0.0287688709795475,0.05000000074505806,0.055520206689834595,0.005520205944776535,0.0,0.0011023133993148804,0.0011023133993148804
edff4791f18c4a83,jacobi-2d,jacobi-2d,lv2:__PARA__L0-1.__PARA__L1-8.__PARA__L2-1.__PARA__L3-1.__PARA__L4-4.__PIPE__L0-off.__PIPE__L1-flatten.__PIPE__L2-NA.__TILE__L0-1.__TILE__L1-1.__TILE__L2-8,target,support,support,finetune_dataset,data_909.pt,3935321.0,polynormer_lite,5,50,paper_exact_seed5,0.6727234125137329,0.6049050688743591,0.06781834363937378,2.180000066757202,1.9846745729446411,0.19532549381256104,1.0,0.8928229212760925,0.10717707872390747,2.069999933242798,1.7985360622406006,0.27146387100219727,0.0,-0.005655035376548767,0.005655035376548767
08b823e9400351eb,jacobi-2d,jacobi-2d,lv2:__PARA__L0-1.__PARA__L1-22.__PARA__L2-2.__PARA__L3-8.__PARA__L4-1.__PIPE__L0-off.__PIPE__L1-NA.__PIPE__L2-flatten.__TILE__L0-1.__TILE__L1-4.__TILE__L2-8,target,support,support,finetune_dataset,data_885.pt,4385921.0,polynormer_lite,5,50,paper_exact_seed5,0.5945241451263428,0.49162837862968445,0.10289576649665833,0.8799999952316284,0.9732651114463806,0.0932651162147522,0.38999998569488525,0.40702277421951294,0.017022788524627686,0.7900000214576721,0.8926528096199036,0.10265278816223145,0.009999999776482582,0.0057579949498176575,0.004242004826664925
ce3f95c322d7a06b,jacobi-2d,jacobi-2d,lv2:__PARA__L0-1.__PARA__L1-1.__PARA__L2-11.__PARA__L3-8.__PARA__L4-8.__PIPE__L0-off.__PIPE__L1-off.__PIPE__L2-NA.__TILE__L0-1.__TILE__L1-88.__TILE__L2-8,target,support,support,finetune_dataset,data_731.pt,2285444.0,polynormer_lite,5,50,paper_exact_seed5,1.0647268295288086,0.9710202813148499,0.09370654821395874,0.03999999910593033,0.0495416522026062,0.009541653096675873,0.009999999776482582,-0.011756673455238342,0.021756673231720924,0.029999999329447746,0.03364783525466919,0.003647835925221443,0.019999999552965164,0.0032513216137886047,0.01674867793917656
4e0f6fce3df978a0,jacobi-2d,jacobi-2d,lv2:__PARA__L0-1.__PARA__L1-1.__PARA__L2-2.__PARA__L3-1.__PARA__L4-1.__PIPE__L0-off.__PIPE__L1-off.__PIPE__L2-flatten.__TILE__L0-1.__TILE__L1-88.__TILE__L2-8,target,support,support,finetune_dataset,data_741.pt,4301521.0,polynormer_lite,5,50,paper_exact_seed5,0.6085405945777893,0.61916583776474,0.010625243186950684,0.6499999761581421,0.6557685732841492,0.00576859712600708,0.28999999165534973,0.2771785855293274,0.012821406126022339,0.6100000143051147,0.6719377040863037,0.061937689781188965,0.03999999910593033,0.04461967945098877,0.004619680345058441
b7291231ff5e94b8,jacobi-2d,jacobi-2d,lv2:__PARA__L0-1.__PARA__L1-1.__PARA__L2-1.__PARA__L3-4.__PARA__L4-4.__PIPE__L0-off.__PIPE__L1-off.__PIPE__L2-off.__TILE__L0-1.__TILE__L1-1.__TILE__L2-1,target,support,support,finetune_dataset,data_708.pt,470244.0,polynormer_lite,5,50,paper_exact_seed5,2.205223321914673,2.3186824321746826,0.11345911026000977,0.009999999776482582,0.00038858503103256226,0.00961141474545002,0.0,-0.013566642999649048,0.013566642999649048,0.0,0.020887330174446106,0.020887330174446106,0.019999999552965164,0.0101618692278862,0.009838130325078964
29f20a46aed046a9,jacobi-2d,jacobi-2d,lv2:__PARA__L0-1.__PARA__L1-4.__PARA__L2-2.__PARA__L3-8.__PARA__L4-8.__PIPE__L0-off.__PIPE__L1-NA.__PIPE__L2-off.__TILE__L0-40.__TILE__L1-1.__TILE__L2-1,target,support,support,finetune_dataset,data_898.pt,4390681.0,polynormer_lite,5,50,paper_exact_seed5,0.5937417149543762,0.6025333404541016,0.008791625499725342,0.05000000074505806,0.06815456598997116,0.0181545652449131,0.019999999552965164,0.0058641210198402405,0.014135878533124924,0.05000000074505806,0.06254466623067856,0.012544665485620499,0.0,-0.012908026576042175,0.012908026576042175
47ef55f70d990b84,jacobi-2d,jacobi-2d,lv2:__PARA__L0-1.__PARA__L1-1.__PARA__L2-1.__PARA__L3-8.__PARA__L4-8.__PIPE__L0-off.__PIPE__L1-off.__PIPE__L2-off.__TILE__L0-1.__TILE__L1-88.__TILE__L2-1,target,support,support,finetune_dataset,data_723.pt,238164.0,polynormer_lite,5,50,paper_exact_seed5,2.695950508117676,2.5163683891296387,0.1795821189880371,0.029999999329447746,0.030307307839393616,0.00030730850994586945,0.009999999776482582,0.0021995753049850464,0.007800424471497536,0.0,-0.0026731491088867188,0.0026731491088867188,0.019999999552965164,0.01824287325143814,0.0017571263015270233
005086396bfb0fbc,jacobi-2d,jacobi-2d,lv2:__PARA__L0-1.__PARA__L1-1.__PARA__L2-1.__PARA__L3-8.__PARA__L4-32.__PIPE__L0-off.__PIPE__L1-off.__PIPE__L2-NA.__TILE__L0-1.__TILE__L1-1.__TILE__L2-1,target,support,support,finetune_dataset,data_716.pt,2350244.0,polynormer_lite,5,50,paper_exact_seed5,1.0445587635040283,0.9055075645446777,0.13905119895935059,0.1899999976158142,0.1297823041677475,0.06021769344806671,0.029999999329447746,0.0260409414768219,0.003959057852625847,0.029999999329447746,0.001222357153892517,0.02877764217555523,0.10000000149011612,0.08676481992006302,0.0132351815700531
80192a32a4ed746c,jacobi-2d,jacobi-2d,lv2:__PARA__L0-1.__PARA__L1-1.__PARA__L2-1.__PARA__L3-32.__PARA__L4-1.__PIPE__L0-off.__PIPE__L1-off.__PIPE__L2-off.__TILE__L0-1.__TILE__L1-1.__TILE__L2-1,target,support,support,finetune_dataset,data_699.pt,3161924.0,polynormer_lite,5,50,paper_exact_seed5,0.8305627107620239,0.85597825050354,0.025415539741516113,0.1599999964237213,0.14956749975681305,0.010432496666908264,0.05000000074505806,0.06105870008468628,0.01105869933962822,0.09000000357627869,0.07198624312877655,0.018013760447502136,0.05000000074505806,0.04795539006590843,0.0020446106791496277
292906e368d78e22,jacobi-2d,jacobi-2d,lv2:__PARA__L0-1.__PARA__L1-2.__PARA__L2-2.__PARA__L3-8.__PARA__L4-8.__PIPE__L0-off.__PIPE__L1-off.__PIPE__L2-off.__TILE__L0-1.__TILE__L1-1.__TILE__L2-1,target,support,support,finetune_dataset,data_844.pt,4382121.0,polynormer_lite,5,50,paper_exact_seed5,0.5951493978500366,0.6751678586006165,0.08001846075057983,0.05000000074505806,0.03787291795015335,0.012127082794904709,0.019999999552965164,-0.02331480383872986,0.04331480339169502,0.05000000074505806,0.03694628179073334,0.013053718954324722,0.0,-0.00020863115787506104,0.00020863115787506104
e09ba6a56162015e,jacobi-2d,jacobi-2d,lv2:__PARA__L0-1.__PARA__L1-1.__PARA__L2-1.__PARA__L3-1.__PARA__L4-1.__PIPE__L0-off.__PIPE__L1-flatten.__PIPE__L2-off.__TILE__L0-1.__TILE__L1-1.__TILE__L2-4,target,support,support,finetune_dataset,data_658.pt,3944281.0,polynormer_lite,5,50,paper_exact_seed5,0.6710828542709351,0.6091443300247192,0.06193852424621582,0.25,0.20524433255195618,0.04475566744804382,0.10999999940395355,0.06734094023704529,0.042659059166908264,0.25999999046325684,0.1855221688747406,0.07447782158851624,0.28999999165534973,0.29955172538757324,0.00955173373222351
3f5754af4892a908,jacobi-2d,jacobi-2d,lv2:__PARA__L0-1.__PARA__L1-1.__PARA__L2-1.__PARA__L3-1.__PARA__L4-32.__PIPE__L0-off.__PIPE__L1-flatten.__PIPE__L2-NA.__TILE__L0-1.__TILE__L1-1.__TILE__L2-8,target,support,support,finetune_dataset,data_671.pt,5518961.0,polynormer_lite,5,50,paper_exact_seed5,0.4287657141685486,0.48431864380836487,0.055552929639816284,0.33000001311302185,0.3107026219367981,0.019297391176223755,0.15000000596046448,0.1274290233850479,0.022570982575416565,0.33000001311302185,0.28192266821861267,0.04807734489440918,0.3700000047683716,0.38906654715538025,0.019066542387008667
b7a063af2d7c0f24,jacobi-2d,jacobi-2d,lv2:__PARA__L0-1.__PARA__L1-2.__PARA__L2-2.__PARA__L3-8.__PARA__L4-8.__PIPE__L0-off.__PIPE__L1-NA.__PIPE__L2-off.__TILE__L0-40.__TILE__L1-1.__TILE__L2-1,target,support,support,finetune_dataset,data_841.pt,4382121.0,polynormer_lite,5,50,paper_exact_seed5,0.5951493978500366,0.6321672201156616,0.037017822265625,0.05000000074505806,0.04879317432641983,0.0012068264186382294,0.019999999552965164,0.022578485310077667,0.002578485757112503,0.05000000074505806,0.07266564667224884,0.02266564592719078,0.0,0.0005378276109695435,0.0005378276109695435
10d212e2c1a97c6f,jacobi-2d,jacobi-2d,lv2:__PARA__L0-1.__PARA__L1-2.__PARA__L2-22.__PARA__L3-8.__PARA__L4-8.__PIPE__L0-off.__PIPE__L1-NA.__PIPE__L2-off.__TILE__L0-40.__TILE__L1-1.__TILE__L2-1,target,support,support,finetune_dataset,data_851.pt,4504601.0,polynormer_lite,5,50,paper_exact_seed5,0.5752643942832947,0.568166196346283,0.007098197937011719,0.05000000074505806,0.08214278519153595,0.03214278444647789,0.019999999552965164,0.03830091655254364,0.018300916999578476,0.05000000074505806,0.07149269431829453,0.021492693573236465,0.009999999776482582,0.011092513799667358,0.0010925140231847763
4e8434819940f4ab,jacobi-2d,jacobi-2d,lv2:__PARA__L0-1.__PARA__L1-2.__PARA__L2-8.__PARA__L3-8.__PARA__L4-8.__PIPE__L0-off.__PIPE__L1-off.__PIPE__L2-NA.__TILE__L0-40.__TILE__L1-1.__TILE__L2-1,target,support,support,finetune_dataset,data_871.pt,4414401.0,polynormer_lite,5,50,paper_exact_seed5,0.5898551940917969,0.6045109629631042,0.014655768871307373,0.05000000074505806,0.03224411606788635,0.017755884677171707,0.019999999552965164,-0.0054035484790802,0.025403548032045364,0.05000000074505806,0.032727986574172974,0.017272014170885086,0.009999999776482582,-0.009197860956192017,0.0191978607326746
c125a83a28d530ad,jacobi-2d,jacobi-2d,lv2:__PARA__L0-1.__PARA__L1-11.__PARA__L2-2.__PARA__L3-16.__PARA__L4-1.__PIPE__L0-off.__PIPE__L1-NA.__PIPE__L2-flatten.__TILE__L0-1.__TILE__L1-8.__TILE__L2-8,target,support,support,finetune_dataset,data_792.pt,5897561.0,polynormer_lite,5,50,paper_exact_seed5,0.38090482354164124,0.5177619457244873,0.13685712218284607,0.8999999761581421,0.9627360701560974,0.06273609399795532,0.4000000059604645,0.3835397958755493,0.01646021008491516,0.8100000023841858,0.8225744366645813,0.012574434280395508,0.029999999329447746,0.008437573909759521,0.021562425419688225
75c9416af2e62f0b,jacobi-2d,jacobi-2d,lv2:__PARA__L0-1.__PARA__L1-4.__PARA__L2-1.__PARA__L3-1.__PARA__L4-4.__PIPE__L0-off.__PIPE__L1-flatten.__PIPE__L2-NA.__TILE__L0-1.__TILE__L1-1.__TILE__L2-8,target,support,support,finetune_dataset,data_886.pt,3935761.0,polynormer_lite,5,50,paper_exact_seed5,0.6726427674293518,0.5721829533576965,0.10045981407165527,1.100000023841858,1.103147029876709,0.0031470060348510742,0.5,0.6201156973838806,0.12011569738388062,1.0399999618530273,1.0184332132339478,0.02156674861907959,0.0,0.015745550394058228,0.015745550394058228
b373e8c571dbb7cb,jacobi-2d,jacobi-2d,lv2:__PARA__L0-1.__PARA__L1-1.__PARA__L2-1.__PARA__L3-1.__PARA__L4-11.__PIPE__L0-off.__PIPE__L1-off.__PIPE__L2-off.__TILE__L0-1.__TILE__L1-1.__TILE__L2-1,target,support,support,finetune_dataset,data_664.pt,963004.0,polynormer_lite,5,50,paper_exact_seed5,1.6881572008132935,1.7109746932983398,0.022817492485046387,0.05000000074505806,0.028766460716724396,0.021233540028333664,0.019999999552965164,0.013677000999450684,0.006322998553514481,0.029999999329447746,0.010254070162773132,0.019745929166674614,0.029999999329447746,0.02839093655347824,0.0016090627759695053
27b6de971e060e79,jacobi-2d,jacobi-2d,lv2:__PARA__L0-1.__PARA__L1-4.__PARA__L2-11.__PARA__L3-1.__PARA__L4-4.__PIPE__L0-off.__PIPE__L1-flatten.__PIPE__L2-NA.__TILE__L0-1.__TILE__L1-8.__TILE__L2-8,target,support,support,finetune_dataset,data_892.pt,4421441.0,polynormer_lite,5,50,paper_exact_seed5,0.5887057185173035,0.5709211826324463,0.017784535884857178,1.4600000381469727,1.4399335384368896,0.020066499710083008,0.6499999761581421,0.5720735192298889,0.07792645692825317,1.2899999618530273,1.2846014499664307,0.00539851188659668,0.0,-0.005111321806907654,0.005111321806907654
636bf2d9ed70951a,jacobi-2d,jacobi-2d,lv2:__PARA__L0-1.__PARA__L1-4.__PARA__L2-88.__PARA__L3-8.__PARA__L4-8.__PIPE__L0-off.__PIPE__L1-NA.__PIPE__L2-off.__TILE__L0-1.__TILE__L1-1.__TILE__L2-1,target,support,support,finetune_dataset,data_908.pt,4370161.0,polynormer_lite,5,50,paper_exact_seed5,0.5971208214759827,0.551656186580658,0.04546463489532471,2.0,2.19600248336792,0.19600248336791992,0.9300000071525574,0.9964718818664551,0.0664718747138977,2.0799999237060547,2.265878438949585,0.18587851524353027,0.0,-0.002280488610267639,0.002280488610267639
ad7cd3eac43c0a10,jacobi-2d,jacobi-2d,lv2:__PARA__L0-1.__PARA__L1-4.__PARA__L2-1.__PARA__L3-1.__PARA__L4-4.__PIPE__L0-off.__PIPE__L1-flatten.__PIPE__L2-NA.__TILE__L0-1.__TILE__L1-8.__TILE__L2-8,target,support,support,finetune_dataset,data_887.pt,4193761.0,polynormer_lite,5,50,paper_exact_seed5,0.6268417239189148,0.6035177111625671,0.023324012756347656,1.4600000381469727,1.3730299472808838,0.08697009086608887,0.6499999761581421,0.5033092498779297,0.1466907262802124,1.2999999523162842,1.1903764009475708,0.10962355136871338,0.0,-0.006708055734634399,0.006708055734634399
53d53bf79f94009c,jacobi-2d,jacobi-2d,lv2:__PARA__L0-1.__PARA__L1-1.__PARA__L2-4.__PARA__L3-1.__PARA__L4-1.__PIPE__L0-off.__PIPE__L1-off.__PIPE__L2-flatten.__TILE__L0-1.__TILE__L1-1.__TILE__L2-8,target,support,support,finetune_dataset,data_776.pt,4407761.0,polynormer_lite,5,50,paper_exact_seed5,0.5909410715103149,0.5883574485778809,0.002583622932434082,1.0299999713897705,1.0253403186798096,0.0046596527099609375,0.4699999988079071,0.43822330236434937,0.03177669644355774,0.9700000286102295,0.9825065732002258,0.012506544589996338,0.03999999910593033,0.03243403881788254,0.0075659602880477905
86c3f25e74bb0602,jacobi-2d,jacobi-2d,lv2:__PARA__L0-1.__PARA__L1-1.__PARA__L2-1.__PARA__L3-4.__PARA__L4-32.__PIPE__L0-off.__PIPE__L1-off.__PIPE__L2-off.__TILE__L0-1.__TILE__L1-1.__TILE__L2-1,target,support,support,finetune_dataset,data_707.pt,2486164.0,polynormer_lite,5,50,paper_exact_seed5,1.0040032863616943,1.0337622165679932,0.029758930206298828,0.10999999940395355,0.10296941548585892,0.007030583918094635,0.029999999329447746,0.036027729511260986,0.00602773018181324,0.029999999329447746,-0.025155797600746155,0.05515579879283905,0.05000000074505806,0.05828174948692322,0.008281748741865158
fd3206ad1fd9a338,jacobi-2d,jacobi-2d,lv2:__PARA__L0-1.__PARA__L1-1.__PARA__L2-1.__PARA__L3-1.__PARA__L4-32.__PIPE__L0-off.__PIPE__L1-off.__PIPE__L2-NA.__TILE__L0-1.__TILE__L1-1.__TILE__L2-1,target,support,support,finetune_dataset,data_672.pt,2621284.0,polynormer_lite,5,50,paper_exact_seed5,0.965827226638794,0.9558001756668091,0.010027050971984863,0.1599999964237213,0.13645148277282715,0.023548513650894165,0.019999999552965164,0.04310643672943115,0.023106437176465988,0.009999999776482582,-0.002847149968147278,0.01284714974462986,0.10000000149011612,0.07834495604038239,0.021655045449733734
2246a55d9e439b9b,jacobi-2d,jacobi-2d,lv2:__PARA__L0-1.__PARA__L1-2.__PARA__L2-1.__PARA__L3-8.__PARA__L4-8.__PIPE__L0-off.__PIPE__L1-NA.__PIPE__L2-off.__TILE__L0-1.__TILE__L1-1.__TILE__L2-4,target,support,support,finetune_dataset,data_811.pt,4213281.0,polynormer_lite,5,50,paper_exact_seed5,0.6234920024871826,0.6446660757064819,0.021174073219299316,0.05000000074505806,0.047243885695934296,0.002756115049123764,0.019999999552965164,0.06013750657439232,0.040137507021427155,0.05000000074505806,0.06064930558204651,0.010649304836988449,0.0,0.0043098703026771545,0.0043098703026771545
6c17c4d0414be5a1,jacobi-2d,jacobi-2d,lv2:__PARA__L0-1.__PARA__L1-2.__PARA__L2-8.__PARA__L3-8.__PARA__L4-8.__PIPE__L0-off.__PIPE__L1-NA.__PIPE__L2-NA.__TILE__L0-40.__TILE__L1-1.__TILE__L2-1,target,support,support,finetune_dataset,data_867.pt,4414401.0,polynormer_lite,5,50,paper_exact_seed5,0.5898551940917969,0.5842776894569397,0.005577504634857178,0.05000000074505806,0.05066566914319992,0.000665668398141861,0.019999999552965164,0.017316587269306183,0.0026834122836589813,0.05000000074505806,0.05716961622238159,0.007169615477323532,0.009999999776482582,-0.006688617169857025,0.016688616946339607
3824367869de27e7,jacobi-2d,jacobi-2d,lv2:__PARA__L0-1.__PARA__L1-1.__PARA__L2-2.__PARA__L3-1.__PARA__L4-1.__PIPE__L0-off.__PIPE__L1-NA.__PIPE__L2-flatten.__TILE__L0-1.__TILE__L1-8.__TILE__L2-8,target,support,support,finetune_dataset,data_736.pt,4086961.0,polynormer_lite,5,50,paper_exact_seed5,0.6454498171806335,0.6037500500679016,0.041699767112731934,0.6499999761581421,0.7140169143676758,0.06401693820953369,0.30000001192092896,0.24429219961166382,0.05570781230926514,0.6200000047683716,0.6606181859970093,0.040618181228637695,0.03999999910593033,0.04147843271493912,0.001478433609008789
1e0930d3a442aea0,jacobi-2d,jacobi-2d,lv2:__PARA__L0-1.__PARA__L1-1.__PARA__L2-1.__PARA__L3-2.__PARA__L4-11.__PIPE__L0-off.__PIPE__L1-off.__PIPE__L2-off.__TILE__L0-1.__TILE__L1-1.__TILE__L2-1,target,support,support,finetune_dataset,data_690.pt,554684.0,polynormer_lite,5,50,paper_exact_seed5,2.086095094680786,1.9859968423843384,0.10009825229644775,0.03999999910593033,0.010170578956604004,0.029829420149326324,0.009999999776482582,-0.006498560309410095,0.016498560085892677,0.009999999776482582,-0.006132587790489197,0.01613258756697178,0.029999999329447746,0.025633670389652252,0.004366328939795494
4ef9c3115d1df67f,jacobi-2d,jacobi-2d,lv2:__PARA__L0-1.__PARA__L1-1.__PARA__L2-1.__PARA__L3-1.__PARA__L4-4.__PIPE__L0-off.__PIPE__L1-flatten.__PIPE__L2-NA.__TILE__L0-1.__TILE__L1-8.__TILE__L2-8,target,support,support,finetune_dataset,data_675.pt,4030681.0,polynormer_lite,5,50,paper_exact_seed5,0.6554522514343262,0.6043127179145813,0.05113953351974487,0.2800000011920929,0.32313576340675354,0.043135762214660645,0.11999999731779099,0.1165526807308197,0.003447316586971283,0.27000001072883606,0.32007503509521484,0.050075024366378784,0.20999999344348907,0.2090250700712204,0.0009749233722686768
c2c93fa5894090c5,jacobi-2d,jacobi-2d,lv2:__PARA__L0-1.__PARA__L1-1.__PARA__L2-1.__PARA__L3-1.__PARA__L4-1.__PIPE__L0-off.__PIPE__L1-off.__PIPE__L2-flatten.__TILE__L0-1.__TILE__L1-1.__TILE__L2-2,target,support,support,finetune_dataset,data_660.pt,4306601.0,polynormer_lite,5,50,paper_exact_seed5,0.6076892018318176,0.6009747385978699,0.006714463233947754,0.20000000298023224,0.2178153693675995,0.01781536638736725,0.14000000059604645,0.1256747543811798,0.014325246214866638,0.18000000715255737,0.216828390955925,0.036828383803367615,0.25,0.2550521790981293,0.0050521790981292725
bc50b6c7e737f423,jacobi-2d,jacobi-2d,lv2:__PARA__L0-1.__PARA__L1-11.__PARA__L2-2.__PARA__L3-2.__PARA__L4-1.__PIPE__L0-off.__PIPE__L1-off.__PIPE__L2-flatten.__TILE__L0-1.__TILE__L1-8.__TILE__L2-8,target,support,support,finetune_dataset,data_795.pt,4315681.0,polynormer_lite,5,50,paper_exact_seed5,0.6061699390411377,0.5571054816246033,0.049064457416534424,0.8700000047683716,0.8883362412452698,0.018336236476898193,0.3799999952316284,0.38742154836654663,0.007421553134918213,0.7799999713897705,0.7991216778755188,0.01912170648574829,0.0,0.01360156387090683,0.01360156387090683
167d65bad6feeeff,jacobi-2d,jacobi-2d,lv2:__PARA__L0-1.__PARA__L1-1.__PARA__L2-1.__PARA__L3-8.__PARA__L4-16.__PIPE__L0-off.__PIPE__L1-off.__PIPE__L2-off.__TILE__L0-1.__TILE__L1-1.__TILE__L2-1,target,support,support,finetune_dataset,data_713.pt,448204.0,polynormer_lite,5,50,paper_exact_seed5,2.2398502826690674,2.4547886848449707,0.21493840217590332,0.05000000074505806,0.034073829650878906,0.015926171094179153,0.009999999776482582,0.007573328912258148,0.002426670864224434,0.009999999776482582,-0.018141180276870728,0.02814118005335331,0.029999999329447746,0.023903705179691315,0.006096294149756432
942f78d1937a87f4,jacobi-2d,jacobi-2d,lv2:__PARA__L0-1.__PARA__L1-2.__PARA__L2-1.__PARA__L3-8.__PARA__L4-8.__PIPE__L0-off.__PIPE__L1-NA.__PIPE__L2-off.__TILE__L0-1.__TILE__L1-1.__TILE__L2-2,target,support,support,finetune_dataset,data_810.pt,4268321.0,polynormer_lite,5,50,paper_exact_seed5,0.6141297221183777,0.633802056312561,0.01967233419418335,0.05000000074505806,0.04948701709508896,0.000512983649969101,0.019999999552965164,0.04476124048233032,0.024761240929365158,0.05000000074505806,0.05160145461559296,0.0016014538705348969,0.0,0.0019924938678741455,0.0019924938678741455
e0f176d01fa896b9,jacobi-2d,jacobi-2d,lv2:__PARA__L0-1.__PARA__L1-1.__PARA__L2-1.__PARA__L3-1.__PARA__L4-1.__PIPE__L0-off.__PIPE__L1-off.__PIPE__L2-flatten.__TILE__L0-1.__TILE__L1-1.__TILE__L2-8,target,support,support,finetune_dataset,data_662.pt,4244201.0,polynormer_lite,5,50,paper_exact_seed5,0.6182175278663635,0.6118384003639221,0.006379127502441406,0.17000000178813934,0.2619251608848572,0.09192515909671783,0.07000000029802322,0.13987396657466888,0.06987396627664566,0.18000000715255737,0.2221476286649704,0.042147621512413025,0.25,0.19212274253368378,0.05787725746631622
1509afa979317be1,jacobi-2d,jacobi-2d,lv2:__PARA__L0-1.__PARA__L1-2.__PARA__L2-88.__PARA__L3-8.__PARA__L4-8.__PIPE__L0-off.__PIPE__L1-off.__PIPE__L2-off.__TILE__L0-1.__TILE__L1-1.__TILE__L2-1,target,support,support,finetune_dataset,data_875.pt,4361601.0,polynormer_lite,5,50,paper_exact_seed5,0.5985351204872131,0.553552508354187,0.04498261213302612,2.0,2.1727447509765625,0.1727447509765625,0.9300000071525574,0.9579940438270569,0.02799403667449951,2.0799999237060547,2.2237980365753174,0.1437981128692627,0.0,-0.005381621420383453,0.005381621420383453
6671db5a69291d3f,jacobi-2d,jacobi-2d,lv2:__PARA__L0-1.__PARA__L1-1.__PARA__L2-2.__PARA__L3-1.__PARA__L4-1.__PIPE__L0-off.__PIPE__L1-off.__PIPE__L2-flatten.__TILE__L0-1.__TILE__L1-4.__TILE__L2-8,target,support,support,finetune_dataset,data_739.pt,4093361.0,polynormer_lite,5,50,paper_exact_seed5,0.644321084022522,0.6024625301361084,0.041858553886413574,0.6499999761581421,0.5788065195083618,0.07119345664978027,0.30000001192092896,0.2523742914199829,0.047625720500946045,0.6200000047683716,0.5606973171234131,0.059302687644958496,0.03999999910593033,0.04478894919157028,0.004788950085639954
725cf4d13035c879,jacobi-2d,jacobi-2d,lv2:__PARA__L0-1.__PARA__L1-1.__PARA__L2-2.__PARA__L3-88.__PARA__L4-1.__PIPE__L0-off.__PIPE__L1-off.__PIPE__L2-flatten.__TILE__L0-1.__TILE__L1-1.__TILE__L2-8,target,support,support,finetune_dataset,data_768.pt,3995401.0,polynormer_lite,5,50,paper_exact_seed5,0.6617938876152039,0.635291576385498,0.02650231122970581,0.8999999761581421,0.9300647974014282,0.030064821243286133,0.4000000059604645,0.37756258249282837,0.02243742346763611,0.7699999809265137,0.8118552565574646,0.04185527563095093,0.25,0.24977800250053406,0.00022199749946594238
c3442a8001fa4417,jacobi-2d,jacobi-2d,lv2:__PARA__L0-1.__PARA__L1-2.__PARA__L2-22.__PARA__L3-8.__PARA__L4-8.__PIPE__L0-off.__PIPE__L1-off.__PIPE__L2-off.__TILE__L0-40.__TILE__L1-1.__TILE__L2-1,target,support,support,finetune_dataset,data_857.pt,4504601.0,polynormer_lite,5,50,paper_exact_seed5,0.5752643942832947,0.5911377668380737,0.015873372554779053,0.05000000074505806,0.04855196923017502,0.0014480315148830414,0.019999999552965164,0.012875884771347046,0.007124114781618118,0.05000000074505806,0.07259788364171982,0.02259788289666176,0.009999999776482582,-0.0024375468492507935,0.012437546625733376
74a01752d111f879,gemver-medium,gemver-medium,lv2:__PARA__L0-1.__PARA__L1-1.__PARA__L2-1.__PARA__L3-1.__PARA__L4-1.__PARA__L5-1.__PARA__L6-64.__PIPE__L0-flatten.__PIPE__L1-off.__PIPE__L3-off.__TILE__L0-1.__TILE__L1-1.__TILE__L3-1,target,support,support,finetune_dataset,data_478.pt,924703.0,polynormer_lite,5,50,paper_exact_seed5,1.7174330949783325,1.7264103889465332,0.008977293968200684,0.6700000166893005,0.6144105792045593,0.05558943748474121,0.4300000071525574,0.5138859748840332,0.08388596773147583,1.2799999713897705,1.32091224193573,0.04091227054595947,0.23999999463558197,0.2901107370853424,0.05011074244976044
f5222419a61dc3ae,gemver-medium,gemver-medium,lv2:__PARA__L0-1.__PARA__L1-1.__PARA__L2-1.__PARA__L3-1.__PARA__L4-1.__PARA__L5-1.__PARA__L6-1.__PIPE__L0-off.__PIPE__L1-off.__PIPE__L3-off.__TILE__L0-1.__TILE__L1-1.__TILE__L3-1,target,support,support,finetune_dataset,data_435.pt,1826012.0,polynormer_lite,5,50,paper_exact_seed5,1.2266159057617188,1.2335641384124756,0.006948232650756836,0.019999999552965164,0.004945486783981323,0.015054512768983841,0.009999999776482582,0.01967586576938629,0.00967586599290371,0.0,0.026620730757713318,0.026620730757713318,0.11999999731779099,0.12725521624088287,0.007255218923091888
06c62edb9698a94a,gemver-medium,gemver-medium,lv2:__PARA__L0-1.__PARA__L1-1.__PARA__L2-1.__PARA__L3-1.__PARA__L4-1.__PARA__L5-2.__PARA__L6-5.__PIPE__L0-flatten.__PIPE__L1-off.__PIPE__L3-off.__TILE__L0-1.__TILE__L1-1.__TILE__L3-1,target,support,support,finetune_dataset,data_540.pt,629573.0,polynormer_lite,5,50,paper_exact_seed5,1.9947412014007568,1.8349454402923584,0.15979576110839844,0.6700000166893005,0.6722313761711121,0.0022313594818115234,0.41999998688697815,0.4255172610282898,0.0055172741413116455,1.2799999713897705,1.296594262123108,0.016594290733337402,0.23999999463558197,0.34658247232437134,0.10658247768878937
5c6ffb0bd9e5a3fc,gemver-medium,gemver-medium,lv2:__PARA__L0-1.__PARA__L1-1.__PARA__L2-1.__PARA__L3-1.__PARA__L4-1.__PARA__L5-2.__PARA__L6-1.__PIPE__L0-off.__PIPE__L1-off.__PIPE__L3-flatten.__TILE__L0-1.__TILE__L1-1.__TILE__L3-1,target,support,support,finetune_dataset,data_509.pt,624865.0,polynormer_lite,5,50,paper_exact_seed5,2.0001559257507324,1.832202672958374,0.1679532527923584,0.41999998688697815,0.645085334777832,0.22508534789085388,0.30000001192092896,0.4384079575538635,0.13840794563293457,0.6399999856948853,1.032731533050537,0.39273154735565186,0.23999999463558197,0.24896326661109924,0.008963271975517273
f210541613fb8795,gemver-medium,gemver-medium,lv2:__PARA__L0-1.__PARA__L1-1.__PARA__L2-1.__PARA__L3-1.__PARA__L4-2.__PARA__L5-1.__PARA__L6-32.__PIPE__L0-off.__PIPE__L1-flatten.__PIPE__L3-NA.__TILE__L0-1.__TILE__L1-1.__TILE__L3-8,target,support,support,finetune_dataset,data_642.pt,220748.0,polynormer_lite,5,50,paper_exact_seed5,2.750727891921997,2.7201027870178223,0.030625104904174805,0.6399999856948853,0.6942902207374573,0.05429023504257202,0.3199999928474426,0.39882582426071167,0.07882583141326904,0.6800000071525574,0.7872148156166077,0.10721480846405029,0.25,0.3103945255279541,0.0603945255279541
1173dc7929c37fc6,gemver-medium,gemver-medium,lv2:__PARA__L0-1.__PARA__L1-1.__PARA__L2-1.__PARA__L3-1.__PARA__L4-1.__PARA__L5-2.__PARA__L6-4.__PIPE__L0-flatten.__PIPE__L1-off.__PIPE__L3-NA.__TILE__L0-1.__TILE__L1-1.__TILE__L3-1,target,support,support,finetune_dataset,data_533.pt,666231.0,polynormer_lite,5,50,paper_exact_seed5,1.9539169073104858,2.027632713317871,0.07371580600738525,0.6800000071525574,0.6718747019767761,0.00812530517578125,0.41999998688697815,0.43155354261398315,0.011553555727005005,1.2799999713897705,1.2591780424118042,0.02082192897796631,0.23999999463558197,0.3177104890346527,0.07771049439907074
8f4ab36456ee280a,gemver-medium,gemver-medium,lv2:__PARA__L0-1.__PARA__L1-1.__PARA__L2-1.__PARA__L3-1.__PARA__L4-1.__PARA__L5-1.__PARA__L6-32.__PIPE__L0-off.__PIPE__L1-off.__PIPE__L3-off.__TILE__L0-1.__TILE__L1-1.__TILE__L3-1,target,support,support,finetune_dataset,data_464.pt,1102812.0,polynormer_lite,5,50,paper_exact_seed5,1.5903706550598145,1.515882968902588,0.07448768615722656,0.03999999910593033,0.02794186770915985,0.012058131396770477,0.019999999552965164,0.018025346100330353,0.0019746534526348114,0.019999999552965164,-0.00047175586223602295,0.020471755415201187,0.18000000715255737,0.11737427860498428,0.06262572854757309
abd02553eb488b26,gemver-medium,gemver-medium,lv2:__PARA__L0-1.__PARA__L1-8.__PARA__L2-1.__PARA__L3-1.__PARA__L4-1.__PARA__L5-1.__PARA__L6-1.__PIPE__L0-flatten.__PIPE__L1-off.__PIPE__L3-off.__TILE__L0-1.__TILE__L1-1.__TILE__L3-1,target,support,support,finetune_dataset,data_653.pt,1689165.0,polynormer_lite,5,50,paper_exact_seed5,1.2828088998794556,1.3564445972442627,0.07363569736480713,0.6499999761581421,0.7311217188835144,0.08112174272537231,0.41999998688697815,0.46475619077682495,0.0447562038898468,1.2799999713897705,1.3991029262542725,0.11910295486450195,0.23999999463558197,0.2789609730243683,0.038960978388786316
a7dc296477f89e14,gemver-medium,gemver-medium,lv2:__PARA__L0-1.__PARA__L1-1.__PARA__L2-1.__PARA__L3-1.__PARA__L4-1.__PARA__L5-1.__PARA__L6-64.__PIPE__L0-off.__PIPE__L1-flatten.__PIPE__L3-NA.__TILE__L0-1.__TILE__L1-1.__TILE__L3-8,target,support,support,finetune_dataset,data_479.pt,327769.0,polynormer_lite,5,50,paper_exact_seed5,2.465588331222534,2.5056488513946533,0.04006052017211914,0.6499999761581421,0.7283545732498169,0.0783545970916748,0.33000001311302185,0.41642558574676514,0.08642557263374329,0.6800000071525574,0.828818142414093,0.14881813526153564,0.36000001430511475,0.35556939244270325,0.004430621862411499
16b1f6d7e45fe22d,gemver-medium,gemver-medium,lv2:__PARA__L0-1.__PARA__L1-1.__PARA__L2-1.__PARA__L3-1.__PARA__L4-1.__PARA__L5-2.__PARA__L6-10.__PIPE__L0-off.__PIPE__L1-off.__PIPE__L3-off.__TILE__L0-1.__TILE__L1-1.__TILE__L3-1,target,support,support,finetune_dataset,data_514.pt,720413.0,polynormer_lite,5,50,paper_exact_seed5,1.8975160121917725,1.8162028789520264,0.0813131332397461,0.029999999329447746,0.02581639587879181,0.004183603450655937,0.009999999776482582,0.007676996290683746,0.0023230034857988358,0.0,0.01971752941608429,0.01971752941608429,0.11999999731779099,0.20667283236980438,0.0866728350520134
9a08c89cf92ce513,gemver-medium,gemver-medium,lv2:__PARA__L0-1.__PARA__L1-1.__PARA__L2-1.__PARA__L3-1.__PARA__L4-1.__PARA__L5-2.__PARA__L6-16.__PIPE__L0-flatten.__PIPE__L1-off.__PIPE__L3-off.__TILE__L0-1.__TILE__L1-1.__TILE__L3-1,target,support,support,finetune_dataset,data_516.pt,523973.0,polynormer_lite,5,50,paper_exact_seed5,2.1271817684173584,1.770193338394165,0.35698843002319336,0.6700000166893005,0.648528516292572,0.021471500396728516,0.41999998688697815,0.38910603523254395,0.030893951654434204,1.2799999713897705,1.2353006601333618,0.04469931125640869,0.23999999463558197,0.2744569182395935,0.034456923604011536
aa2e9802151958d2,gemver-medium,gemver-medium,lv2:__PARA__L0-1.__PARA__L1-1.__PARA__L2-1.__PARA__L3-1.__PARA__L4-1.__PARA__L5-10.__PARA__L6-2.__PIPE__L0-off.__PIPE__L1-off.__PIPE__L3-NA.__TILE__L0-1.__TILE__L1-1.__TILE__L3-1,target,support,support,finetune_dataset,data_492.pt,720213.0,polynormer_lite,5,50,paper_exact_seed5,1.8977162837982178,1.8813261985778809,0.016390085220336914,0.03999999910593033,0.024397112429142,0.01560288667678833,0.009999999776482582,0.019935593008995056,0.009935593232512474,0.009999999776482582,0.02850031852722168,0.018500318750739098,0.05000000074505806,0.1554843932390213,0.10548439621925354
0526577840035d0e,gemver-medium,gemver-medium,lv2:__PARA__L0-1.__PARA__L1-1.__PARA__L2-1.__PARA__L3-1.__PARA__L4-1.__PARA__L5-8.__PARA__L6-16.__PIPE__L0-off.__PIPE__L1-off.__PIPE__L3-off.__TILE__L0-1.__TILE__L1-1.__TILE__L3-1,target,support,support,finetune_dataset,data_619.pt,398412.0,polynormer_lite,5,50,paper_exact_seed5,2.3247976303100586,2.2332894802093506,0.09150815010070801,0.029999999329447746,0.03765804320573807,0.007658043876290321,0.009999999776482582,0.0009983032941818237,0.009001696482300758,0.009999999776482582,0.03647616505622864,0.026476165279746056,0.28999999165534973,0.22465872764587402,0.06534126400947571
cf40d0255f3c7df7,gemver-medium,gemver-medium,lv2:__PARA__L0-1.__PARA__L1-1.__PARA__L2-1.__PARA__L3-1.__PARA__L4-1.__PARA__L5-2.__PARA__L6-400.__PIPE__L0-off.__PIPE__L1-off.__PIPE__L3-off.__TILE__L0-1.__TILE__L1-1.__TILE__L3-1,target,support,support,finetune_dataset,data_538.pt,641657.0,polynormer_lite,5,50,paper_exact_seed5,1.9810268878936768,1.9540292024612427,0.026997685432434082,0.18000000715255737,0.21386268734931946,0.033862680196762085,0.20999999344348907,0.22395369410514832,0.01395370066165924,0.4699999988079071,0.4811059236526489,0.011105924844741821,0.23999999463558197,0.24571023881435394,0.005710244178771973
d47a24b4ad9d0e97,gemver-medium,gemver-medium,lv2:__PARA__L0-1.__PARA__L1-1.__PARA__L2-1.__PARA__L3-1.__PARA__L4-2.__PARA__L5-1.__PARA__L6-2.__PIPE__L0-off.__PIPE__L1-flatten.__PIPE__L3-off.__TILE__L0-1.__TILE__L1-1.__TILE__L3-8,target,support,support,finetune_dataset,data_639.pt,667535.0,polynormer_lite,5,50,paper_exact_seed5,1.9525063037872314,1.8982523679733276,0.05425393581390381,0.6100000143051147,0.5406599044799805,0.06934010982513428,0.30000001192092896,0.29899173974990845,0.0010082721710205078,0.6399999856948853,0.6930113434791565,0.05301135778427124,0.12999999523162842,0.21834802627563477,0.08834803104400635
088c49f7f49c80eb,gemver-medium,gemver-medium,lv2:__PARA__L0-1.__PARA__L1-1.__PARA__L2-1.__PARA__L3-1.__PARA__L4-1.__PARA__L5-1.__PARA__L6-10.__PIPE__L0-flatten.__PIPE__L1-off.__PIPE__L3-NA.__TILE__L0-1.__TILE__L1-1.__TILE__L3-1,target,support,support,finetune_dataset,data_436.pt,941561.0,polynormer_lite,5,50,paper_exact_seed5,1.7044007778167725,1.731888771057129,0.027487993240356445,0.6700000166893005,0.7177222967147827,0.04772228002548218,0.4300000071525574,0.45546144247055054,0.025461435317993164,1.2899999618530273,1.2907837629318237,0.0007838010787963867,0.23999999463558197,0.301086962223053,0.06108696758747101
01e5f16a1216bb57,gemver-medium,gemver-medium,lv2:__PARA__L0-1.__PARA__L1-1.__PARA__L2-1.__PARA__L3-8.__PARA__L4-1.__PARA__L5-1.__PARA__L6-1.__PIPE__L0-flatten.__PIPE__L1-off.__PIPE__L3-off.__TILE__L0-1.__TILE__L1-1.__TILE__L3-1,target,support,support,finetune_dataset,data_650.pt,1689719.0,polynormer_lite,5,50,paper_exact_seed5,1.2825723886489868,1.3620223999023438,0.07945001125335693,0.6499999761581421,0.7279555201530457,0.07795554399490356,0.41999998688697815,0.45706987380981445,0.037069886922836304,1.2799999713897705,1.387162685394287,0.1071627140045166,0.23999999463558197,0.2804810106754303,0.04048101603984833
a7c68a7cb4043184,gemver-medium,gemver-medium,lv2:__PARA__L0-1.__PARA__L1-1.__PARA__L2-1.__PARA__L3-1.__PARA__L4-1.__PARA__L5-2.__PARA__L6-5.__PIPE__L0-off.__PIPE__L1-off.__PIPE__L3-NA.__TILE__L0-1.__TILE__L1-1.__TILE__L3-1,target,support,support,finetune_dataset,data_541.pt,794469.0,polynormer_lite,5,50,paper_exact_seed5,1.826932668685913,1.877270221710205,0.05033755302429199,0.029999999329447746,0.02712545543909073,0.0028745438903570175,0.009999999776482582,0.021784916520118713,0.011784916743636131,0.0,0.02142024040222168,0.02142024040222168,0.11999999731779099,0.19570189714431763,0.07570189982652664
387c4d6118e8c989,gemver-medium,gemver-medium,lv2:__PARA__L0-1.__PARA__L1-1.__PARA__L2-1.__PARA__L3-1.__PARA__L4-1.__PARA__L5-4.__PARA__L6-400.__PIPE__L0-flatten.__PIPE__L1-off.__PIPE__L3-off.__TILE__L0-1.__TILE__L1-1.__TILE__L3-1,target,support,support,finetune_dataset,data_580.pt,271622.0,polynormer_lite,5,50,paper_exact_seed5,2.601127862930298,2.555015802383423,0.046112060546875,0.8199999928474426,0.8604276776313782,0.04042768478393555,0.5199999809265137,0.5775725841522217,0.05757260322570801,1.2799999713897705,1.5178029537200928,0.23780298233032227,0.4300000071525574,0.4239968955516815,0.0060031116008758545
2594dd922d740fe9,gemver-medium,gemver-medium,lv2:__PARA__L0-1.__PARA__L1-1.__PARA__L2-1.__PARA__L3-1.__PARA__L4-1.__PARA__L5-2.__PARA__L6-2.__PIPE__L0-off.__PIPE__L1-off.__PIPE__L3-NA.__TILE__L0-1.__TILE__L1-1.__TILE__L3-1,target,support,support,finetune_dataset,data_521.pt,1034063.0,polynormer_lite,5,50,paper_exact_seed5,1.6368019580841064,1.745471477508545,0.10866951942443848,0.029999999329447746,0.041113466024398804,0.011113466694951057,0.009999999776482582,0.03674565255641937,0.02674565277993679,0.0,0.011522024869918823,0.011522024869918823,0.11999999731779099,0.15970057249069214,0.039700575172901154
b16f47effa78ecb0,gemver-medium,gemver-medium,lv2:__PARA__L0-1.__PARA__L1-1.__PARA__L2-1.__PARA__L3-1.__PARA__L4-1.__PARA__L5-8.__PARA__L6-32.__PIPE__L0-off.__PIPE__L1-off.__PIPE__L3-off.__TILE__L0-1.__TILE__L1-1.__TILE__L3-1,target,support,support,finetune_dataset,data_626.pt,413611.0,polynormer_lite,5,50,paper_exact_seed5,2.297790765762329,2.3091788291931152,0.011388063430786133,0.05000000074505806,0.0682230219244957,0.018223021179437637,0.019999999552965164,0.014089211821556091,0.005910787731409073,0.019999999552965164,-0.01507742702960968,0.035077426582574844,0.05999999865889549,0.15035302937030792,0.09035302698612213
1d98f34eaa29cec7,gemver-medium,gemver-medium,lv2:__PARA__L0-1.__PARA__L1-1.__PARA__L2-1.__PARA__L3-1.__PARA__L4-1.__PARA__L5-1.__PARA__L6-1.__PIPE__L0-off.__PIPE__L1-flatten.__PIPE__L3-flatten.__TILE__L0-1.__TILE__L1-1.__TILE__L3-8,target,support,support,finetune_dataset,data_432.pt,254065.0,polynormer_lite,5,50,paper_exact_seed5,2.64932918548584,2.6062469482421875,0.043082237243652344,1.340000033378601,1.2739439010620117,0.06605613231658936,0.9599999785423279,0.7544044256210327,0.20559555292129517,2.0399999618530273,1.8232812881469727,0.2167186737060547,0.30000001192092896,0.22899404168128967,0.07100597023963928
f0b85143c160e227,gemver-medium,gemver-medium,lv2:__PARA__L0-1.__PARA__L1-1.__PARA__L2-1.__PARA__L3-1.__PARA__L4-1.__PARA__L5-2.__PARA__L6-64.__PIPE__L0-off.__PIPE__L1-off.__PIPE__L3-off.__TILE__L0-1.__TILE__L1-1.__TILE__L3-1,target,support,support,finetune_dataset,data_544.pt,698013.0,polynormer_lite,5,50,paper_exact_seed5,1.9203011989593506,1.9536540508270264,0.03335285186767578,0.05999999865889549,0.05285122990608215,0.007148768752813339,0.029999999329447746,0.05024857819080353,0.02024857886135578,0.03999999910593033,0.05159516632556915,0.011595167219638824,0.28999999165534973,0.22576218843460083,0.0642378032207489
afabf0cf6a7b8365,gemver-medium,gemver-medium,lv2:__PARA__L0-1.__PARA__L1-1.__PARA__L2-1.__PARA__L3-1.__PARA__L4-1.__PARA__L5-5.__PARA__L6-4.__PIPE__L0-off.__PIPE__L1-off.__PIPE__L3-off.__TILE__L0-1.__TILE__L1-1.__TILE__L3-1,target,support,support,finetune_dataset,data_606.pt,601964.0,polynormer_lite,5,50,paper_exact_seed5,2.0270895957946777,2.0843799114227295,0.05729031562805176,0.029999999329447746,0.03975803405046463,0.009758034721016884,0.009999999776482582,0.0009449869394302368,0.009055012837052345,0.0,0.023106038570404053,0.023106038570404053,0.30000001192092896,0.31746387481689453,0.017463862895965576
4ea6ce68b66ec41f,gemver-medium,gemver-medium,lv2:__PARA__L0-1.__PARA__L1-1.__PARA__L2-1.__PARA__L3-1.__PARA__L4-1.__PARA__L5-4.__PARA__L6-1.__PIPE__L0-off.__PIPE__L1-NA.__PIPE__L3-flatten.__TILE__L0-1.__TILE__L1-1.__TILE__L3-1,target,support,support,finetune_dataset,data_551.pt,424321.0,polynormer_lite,5,50,paper_exact_seed5,2.2793500423431396,2.2830753326416016,0.003725290298461914,0.5699999928474426,0.7193267941474915,0.14932680130004883,0.4000000059604645,0.49895352125167847,0.09895351529121399,1.1100000143051147,1.1656244993209839,0.05562448501586914,0.4300000071525574,0.32655662298202515,0.10344338417053223
00a64747fe7f3e59,gemver-medium,gemver-medium,lv2:__PARA__L0-1.__PARA__L1-1.__PARA__L2-1.__PARA__L3-1.__PARA__L4-1.__PARA__L5-4.__PARA__L6-1.__PIPE__L0-flatten.__PIPE__L1-off.__PIPE__L3-off.__TILE__L0-1.__TILE__L1-1.__TILE__L3-1,target,support,support,finetune_dataset,data_550.pt,1064773.0,polynormer_lite,5,50,paper_exact_seed5,1.615691065788269,1.5405904054641724,0.07510066032409668,0.7300000190734863,0.7428716421127319,0.012871623039245605,0.4399999976158142,0.4769423007965088,0.03694230318069458,1.2799999713897705,1.3703538179397583,0.09035384654998779,0.4300000071525574,0.32194697856903076,0.10805302858352661
92b03a2db6f6bb51,gemver-medium,gemver-medium,lv2:__PARA__L0-1.__PARA__L1-1.__PARA__L2-1.__PARA__L3-1.__PARA__L4-1.__PARA__L5-1.__PARA__L6-1.__PIPE__L0-flatten.__PIPE__L1-off.__PIPE__L3-flatten.__TILE__L0-1.__TILE__L1-1.__TILE__L3-1,target,support,support,finetune_dataset,data_429.pt,851559.0,polynormer_lite,5,50,paper_exact_seed5,1.7768748998641968,1.6893175840377808,0.08755731582641602,0.699999988079071,0.997836709022522,0.2978367209434509,0.4699999988079071,0.6427004337310791,0.172700434923172,1.2799999713897705,1.6918401718139648,0.41184020042419434,0.23999999463558197,0.21494323015213013,0.025056764483451843
2b2203c683bb6dad,gemver-medium,gemver-medium,lv2:__PARA__L0-1.__PARA__L1-1.__PARA__L2-1.__PARA__L3-1.__PARA__L4-1.__PARA__L5-4.__PARA__L6-20.__PIPE__L0-off.__PIPE__L1-off.__PIPE__L3-off.__TILE__L0-1.__TILE__L1-1.__TILE__L3-1,target,support,support,finetune_dataset,data_569.pt,485213.0,polynormer_lite,5,50,paper_exact_seed5,2.182619094848633,2.16813063621521,0.014488458633422852,0.05000000074505806,0.04051379859447479,0.009486202150583267,0.019999999552965164,-0.008568450808525085,0.02856845036149025,0.009999999776482582,0.028520286083221436,0.018520286306738853,0.28999999165534973,0.21918341517448425,0.07081657648086548
ccf784e28e8d62ee,gemver-medium,gemver-medium,lv2:__PARA__L0-1.__PARA__L1-400.__PARA__L2-1.__PARA__L3-1.__PARA__L4-1.__PARA__L5-1.__PARA__L6-1.__PIPE__L0-flatten.__PIPE__L1-off.__PIPE__L3-off.__TILE__L0-1.__TILE__L1-1.__TILE__L3-1,target,support,support,finetune_dataset,data_652.pt,1657473.0,polynormer_lite,5,50,paper_exact_seed5,1.296471357345581,1.3573496341705322,0.06087827682495117,0.6499999761581421,0.8774335980415344,0.22743362188339233,0.41999998688697815,0.5808157920837402,0.16081580519676208,1.2799999713897705,1.6922593116760254,0.4122593402862549,0.23999999463558197,0.2676887810230255,0.027688786387443542
7991ac02ef164882,gemver-medium,gemver-medium,lv2:__PARA__L0-1.__PARA__L1-1.__PARA__L2-1.__PARA__L3-1.__PARA__L4-1.__PARA__L5-5.__PARA__L6-20.__PIPE__L0-off.__PIPE__L1-off.__PIPE__L3-NA.__TILE__L0-1.__TILE__L1-1.__TILE__L3-1,target,support,support,finetune_dataset,data_600.pt,437419.0,polynormer_lite,5,50,paper_exact_seed5,2.257420063018799,2.2361578941345215,0.021262168884277344,0.05999999865889549,0.036850251257419586,0.023149747401475906,0.019999999552965164,0.009155236184597015,0.010844763368368149,0.009999999776482582,0.036736488342285156,0.026736488565802574,0.05999999865889549,0.1772920936346054,0.11729209125041962
a1da14fefe06f567,gemver-medium,gemver-medium,lv2:__PARA__L0-1.__PARA__L1-1.__PARA__L2-1.__PARA__L3-1.__PARA__L4-1.__PARA__L5-10.__PARA__L6-64.__PIPE__L0-off.__PIPE__L1-off.__PIPE__L3-off.__TILE__L0-1.__TILE__L1-1.__TILE__L3-1,target,support,support,finetune_dataset,data_503.pt,384161.0,polynormer_lite,5,50,paper_exact_seed5,2.3510725498199463,2.3092234134674072,0.04184913635253906,0.10999999940395355,0.09517098218202591,0.014829017221927643,0.05000000074505806,0.03228636085987091,0.01771363988518715,0.03999999910593033,0.10511599481105804,0.06511599570512772,0.28999999165534973,0.23198018968105316,0.05801980197429657
c29f58aa87f88211,gemver-medium,gemver-medium,lv2:__PARA__L0-1.__PARA__L1-1.__PARA__L2-1.__PARA__L3-1.__PARA__L4-1.__PARA__L5-1.__PARA__L6-16.__PIPE__L0-off.__PIPE__L1-off.__PIPE__L3-off.__TILE__L0-1.__TILE__L1-1.__TILE__L3-1,target,support,support,finetune_dataset,data_445.pt,1087212.0,polynormer_lite,5,50,paper_exact_seed5,1.6006474494934082,1.5767507553100586,0.02389669418334961,0.029999999329447746,0.0030216574668884277,0.02697834186255932,0.009999999776482582,0.0025556981563568115,0.007444301620125771,0.009999999776482582,0.008710920810699463,0.0012890789657831192,0.11999999731779099,0.12746202945709229,0.0074620321393013
b191ebbac7826eb3,gemver-medium,gemver-medium,lv2:__PARA__L0-1.__PARA__L1-1.__PARA__L2-1.__PARA__L3-1.__PARA__L4-1.__PARA__L5-1.__PARA__L6-5.__PIPE__L0-flatten.__PIPE__L1-off.__PIPE__L3-off.__TILE__L0-1.__TILE__L1-1.__TILE__L3-1,target,support,support,finetune_dataset,data_474.pt,1025103.0,polynormer_lite,5,50,paper_exact_seed5,1.6430796384811401,1.51926589012146,0.12381374835968018,0.6700000166893005,0.7468950152397156,0.07689499855041504,0.41999998688697815,0.47981494665145874,0.05981495976448059,1.2799999713897705,1.391756534576416,0.11175656318664551,0.23999999463558197,0.3235161304473877,0.08351613581180573
6d6bafe460da6a50,gemver-medium,gemver-medium,lv2:__PARA__L0-1.__PARA__L1-1.__PARA__L2-1.__PARA__L3-1.__PARA__L4-1.__PARA__L5-8.__PARA__L6-8.__PIPE__L0-off.__PIPE__L1-off.__PIPE__L3-off.__TILE__L0-1.__TILE__L1-1.__TILE__L3-1,target,support,support,finetune_dataset,data_634.pt,446812.0,polynormer_lite,5,50,paper_exact_seed5,2.242094039916992,2.229546546936035,0.012547492980957031,0.029999999329447746,0.04114407300949097,0.01114407368004322,0.009999999776482582,0.000675298273563385,0.009324701502919197,0.0,0.03814442455768585,0.03814442455768585,0.28999999165534973,0.27675342559814453,0.0132465660572052
0dd2aa628d6fce9a,gemver-medium,gemver-medium,lv2:__PARA__L0-1.__PARA__L1-1.__PARA__L2-1.__PARA__L3-1.__PARA__L4-1.__PARA__L5-8.__PARA__L6-4.__PIPE__L0-off.__PIPE__L1-off.__PIPE__L3-NA.__TILE__L0-1.__TILE__L1-1.__TILE__L3-1,target,support,support,finetune_dataset,data_627.pt,540266.0,polynormer_lite,5,50,paper_exact_seed5,2.105093240737915,2.1389572620391846,0.03386402130126953,0.029999999329447746,0.0388348326086998,0.008834833279252052,0.009999999776482582,0.00919516384601593,0.0008048359304666519,0.009999999776482582,0.032441601157188416,0.022441601380705833,0.28999999165534973,0.2492561638355255,0.04074382781982422
db963af74fdef9e2,gemver-medium,gemver-medium,lv2:__PARA__L0-5.__PARA__L1-1.__PARA__L2-1.__PARA__L3-1.__PARA__L4-1.__PARA__L5-1.__PARA__L6-1.__PIPE__L0-flatten.__PIPE__L1-off.__PIPE__L3-off.__TILE__L0-1.__TILE__L1-1.__TILE__L3-1,target,support,support,finetune_dataset,data_655.pt,2317684.0,polynormer_lite,5,50,paper_exact_seed5,1.0546220541000366,1.0760681629180908,0.0214461088180542,3.2100000381469727,2.9868409633636475,0.2231590747833252,2.059999942779541,1.7530231475830078,0.3069767951965332,6.429999828338623,5.990614414215088,0.43938541412353516,0.9900000095367432,0.9400553703308105,0.04994463920593262
cdcda04bf68ce8ac,gemver-medium,gemver-medium,lv2:__PARA__L0-1.__PARA__L1-1.__PARA__L2-1.__PARA__L3-1.__PARA__L4-1.__PARA__L5-5.__PARA__L6-8.__PIPE__L0-off.__PIPE__L1-off.__PIPE__L3-NA.__TILE__L0-1.__TILE__L1-1.__TILE__L3-1,target,support,support,finetune_dataset,data_610.pt,498122.0,polynormer_lite,5,50,paper_exact_seed5,2.1636786460876465,2.201645612716675,0.03796696662902832,0.029999999329447746,0.039700232446193695,0.009700233116745949,0.009999999776482582,0.010074786841869354,7.478706538677216e-05,0.009999999776482582,0.03824011981487274,0.02824012003839016,0.30000001192092896,0.24868780374526978,0.05131220817565918
6ad7d75582a01bd8,gemver-medium,gemver-medium,lv2:__PARA__L0-1.__PARA__L1-1.__PARA__L2-1.__PARA__L3-1.__PARA__L4-1.__PARA__L5-4.__PARA__L6-16.__PIPE__L0-flatten.__PIPE__L1-off.__PIPE__L3-off.__TILE__L0-1.__TILE__L1-1.__TILE__L3-1,target,support,support,finetune_dataset,data_559.pt,325973.0,polynormer_lite,5,50,paper_exact_seed5,2.4695518016815186,2.234849452972412,0.23470234870910645,0.7300000190734863,0.7664431929588318,0.03644317388534546,0.4399999976158142,0.44710010290145874,0.007100105285644531,1.2799999713897705,1.4031345844268799,0.12313461303710938,0.4300000071525574,0.4128723442554474,0.017127662897109985
c6b077cf4b447681,gemver-medium,gemver-medium,lv2:__PARA__L0-1.__PARA__L1-1.__PARA__L2-1.__PARA__L3-1.__PARA__L4-1.__PARA__L5-1.__PARA__L6-10.__PIPE__L0-off.__PIPE__L1-off.__PIPE__L3-NA.__TILE__L0-1.__TILE__L1-1.__TILE__L3-1,target,support,support,finetune_dataset,data_439.pt,1110870.0,polynormer_lite,5,50,paper_exact_seed5,1.5851190090179443,1.6854897737503052,0.10037076473236084,0.029999999329447746,0.012377649545669556,0.01762234978377819,0.009999999776482582,0.017772018909454346,0.007772019132971764,0.009999999776482582,0.040208443999290466,0.030208444222807884,0.11999999731779099,0.13465678691864014,0.014656789600849152
9f3221336f822498,gemver-medium,gemver-medium,lv2:__PARA__L0-1.__PARA__L1-1.__PARA__L2-1.__PARA__L3-1.__PARA__L4-1.__PARA__L5-1.__PARA__L6-1.__PIPE__L0-flatten.__PIPE__L1-flatten.__PIPE__L3-off.__TILE__L0-2.__TILE__L1-1.__TILE__L3-1,target,support,support,finetune_dataset,data_427.pt,885648.0,polynormer_lite,5,50,paper_exact_seed5,1.7485613822937012,1.9060274362564087,0.15746605396270752,1.2300000190734863,1.1419800519943237,0.0880199670791626,0.9399999976158142,0.6907714605331421,0.24922853708267212,1.75,1.7793149948120117,0.02931499481201172,0.11999999731779099,0.20865994691848755,0.08865994960069656
f43b6a1af215f841,gemver-medium,gemver-medium,lv2:__PARA__L0-2.__PARA__L1-1.__PARA__L2-1.__PARA__L3-1.__PARA__L4-1.__PARA__L5-1.__PARA__L6-1.__PIPE__L0-flatten.__PIPE__L1-off.__PIPE__L3-off.__TILE__L0-1.__TILE__L1-1.__TILE__L3-1,target,support,support,finetune_dataset,data_654.pt,1657373.0,polynormer_lite,5,50,paper_exact_seed5,1.296514868736267,1.2613933086395264,0.03512156009674072,1.2699999809265137,1.3041855096817017,0.03418552875518799,0.7900000214576721,0.7693952918052673,0.020604729652404785,2.569999933242798,2.773329973220825,0.20333003997802734,0.4300000071525574,0.42732730507850647,0.0026727020740509033
d9117322aab4f7c2,gemver-medium,gemver-medium,lv2:__PARA__L0-1.__PARA__L1-1.__PARA__L2-1.__PARA__L3-1.__PARA__L4-1.__PARA__L5-1.__PARA__L6-16.__PIPE__L0-off.__PIPE__L1-flatten.__PIPE__L3-off.__TILE__L0-1.__TILE__L1-1.__TILE__L3-8,target,support,support,finetune_dataset,data_443.pt,319965.0,polynormer_lite,5,50,paper_exact_seed5,2.482970952987671,2.4939122200012207,0.010941267013549805,0.6200000047683716,0.7935739755630493,0.17357397079467773,0.3100000023841858,0.5383259654045105,0.2283259630203247,0.6399999856948853,1.0974407196044922,0.45744073390960693,0.23999999463558197,0.28747794032096863,0.04747794568538666
e479489c10e97e63,gemver-medium,gemver-medium,lv2:__PARA__L0-1.__PARA__L1-1.__PARA__L2-1.__PARA__L3-1.__PARA__L4-1.__PARA__L5-8.__PARA__L6-20.__PIPE__L0-off.__PIPE__L1-off.__PIPE__L3-NA.__TILE__L0-1.__TILE__L1-1.__TILE__L3-1,target,support,support,finetune_dataset,data_622.pt,379867.0,polynormer_lite,5,50,paper_exact_seed5,2.3591809272766113,2.309891700744629,0.04928922653198242,0.05999999865889549,0.040637679398059845,0.019362319260835648,0.029999999329447746,0.01489846408367157,0.015101535245776176,0.019999999552965164,0.037486106157302856,0.017486106604337692,0.05999999865889549,0.1503000408411026,0.09030003845691681
50ce49b321c5fefd,gemver-medium,gemver-medium,lv2:__PARA__L0-1.__PARA__L1-1.__PARA__L2-1.__PARA__L3-1.__PARA__L4-1.__PARA__L5-1.__PARA__L6-20.__PIPE__L0-off.__PIPE__L1-flatten.__PIPE__L3-off.__TILE__L0-1.__TILE__L1-1.__TILE__L3-8,target,support,support,finetune_dataset,data_453.pt,304465.0,polynormer_lite,5,50,paper_exact_seed5,2.5187900066375732,2.5141477584838867,0.0046422481536865234,0.6200000047683716,0.7786543965339661,0.15865439176559448,0.3100000023841858,0.5180872082710266,0.20808720588684082,0.6399999856948853,1.0341862440109253,0.39418625831604004,0.25999999046325684,0.28708022832870483,0.027080237865447998
101fa2327321d834,gemver-medium,gemver-medium,lv2:__PARA__L0-1.__PARA__L1-16.__PARA__L2-1.__PARA__L3-1.__PARA__L4-1.__PARA__L5-1.__PARA__L6-1.__PIPE__L0-flatten.__PIPE__L1-off.__PIPE__L3-off.__TILE__L0-1.__TILE__L1-1.__TILE__L3-1,target,support,support,finetune_dataset,data_651.pt,1721319.0,polynormer_lite,5,50,paper_exact_seed5,1.2692067623138428,1.3080893754959106,0.03888261318206787,0.6499999761581421,0.6868383288383484,0.0368383526802063,0.4300000071525574,0.4348220229148865,0.0048220157623291016,1.2799999713897705,1.34233820438385,0.06233823299407959,0.23999999463558197,0.25227177143096924,0.012271776795387268
47393fa60a317c60,gemver-medium,gemver-medium,lv2:__PARA__L0-1.__PARA__L1-1.__PARA__L2-1.__PARA__L3-1.__PARA__L4-1.__PARA__L5-1.__PARA__L6-5.__PIPE__L0-off.__PIPE__L1-off.__PIPE__L3-NA.__TILE__L0-1.__TILE__L1-1.__TILE__L3-1,target,support,support,finetune_dataset,data_476.pt,1190868.0,polynormer_lite,5,50,paper_exact_seed5,1.5349572896957397,1.7062759399414062,0.1713186502456665,0.029999999329447746,0.010759390890598297,0.01924060843884945,0.009999999776482582,0.014856778085231781,0.004856778308749199,0.0,0.030345410108566284,0.030345410108566284,0.11999999731779099,0.15251286327838898,0.03251286596059799
f30c53ed54cd07f6,gemver-medium,gemver-medium,lv2:__PARA__L0-1.__PARA__L1-1.__PARA__L2-1.__PARA__L3-1.__PARA__L4-1.__PARA__L5-4.__PARA__L6-16.__PIPE__L0-flatten.__PIPE__L1-off.__PIPE__L3-NA.__TILE__L0-1.__TILE__L1-1.__TILE__L3-1,target,support,support,finetune_dataset,data_558.pt,317477.0,polynormer_lite,5,50,paper_exact_seed5,2.4886021614074707,2.467353582382202,0.021248579025268555,0.7400000095367432,0.7726909518241882,0.03269094228744507,0.44999998807907104,0.4517124891281128,0.001712501049041748,1.2899999618530273,1.3037025928497314,0.013702630996704102,0.4300000071525574,0.40329548716545105,0.026704519987106323
ffd817ca2f130960,gemver-medium,gemver-medium,lv2:__PARA__L0-1.__PARA__L1-1.__PARA__L2-1.__PARA__L3-1.__PARA__L4-1.__PARA__L5-1.__PARA__L6-64.__PIPE__L0-off.__PIPE__L1-flatten.__PIPE__L3-off.__TILE__L0-1.__TILE__L1-1.__TILE__L3-8,target,support,support,finetune_dataset,data_480.pt,327769.0,polynormer_lite,5,50,paper_exact_seed5,2.465588331222534,2.5013065338134766,0.03571820259094238,0.6499999761581421,0.7349742650985718,0.08497428894042969,0.33000001311302185,0.42567557096481323,0.09567555785179138,0.6800000071525574,0.8367143869400024,0.15671437978744507,0.36000001430511475,0.3602339029312134,0.0002338886260986328
4e9c06a02e6815a1,gemver-medium,gemver-medium,lv2:__PARA__L0-1.__PARA__L1-1.__PARA__L2-1.__PARA__L3-1.__PARA__L4-1.__PARA__L5-1.__PARA__L6-400.__PIPE__L0-off.__PIPE__L1-flatten.__PIPE__L3-off.__TILE__L0-1.__TILE__L1-1.__TILE__L3-8,target,support,support,finetune_dataset,data_471.pt,254065.0,polynormer_lite,5,50,paper_exact_seed5,2.64932918548584,2.6629245281219482,0.013595342636108398,1.340000033378601,1.2162489891052246,0.12375104427337646,0.9599999785423279,0.6769286394119263,0.2830713391304016,2.0399999618530273,1.7897511720657349,0.2502487897872925,0.30000001192092896,0.34822285175323486,0.04822283983230591
500bee300eb14559,gemver-medium,gemver-medium,lv2:__PARA__L0-1.__PARA__L1-1.__PARA__L2-1.__PARA__L3-1.__PARA__L4-1.__PARA__L5-5.__PARA__L6-2.__PIPE__L0-off.__PIPE__L1-off.__PIPE__L3-off.__TILE__L0-1.__TILE__L1-1.__TILE__L3-1,target,support,support,finetune_dataset,data_599.pt,799164.0,polynormer_lite,5,50,paper_exact_seed5,1.82268226146698,1.8269598484039307,0.004277586936950684,0.029999999329447746,0.029408477246761322,0.0005915220826864243,0.009999999776482582,0.011417433619499207,0.0014174338430166245,0.0,0.020182684063911438,0.020182684063911438,0.30000001192092896,0.2473708540201187,0.05262915790081024
ec64060c6b189307,trmm-opt,trmm-opt,lv2:__PARA__L0-1.__PARA__L1-10.__PARA__L2-60.__PIPE__L0-off.__PIPE__L1-NA.__TILE__L0-1.__TILE__L1-1,target,support,support,finetune_dataset,data_1081.pt,27747.0,polynormer_lite,5,50,paper_exact_seed5,4.246726036071777,4.393794059753418,0.14706802368164062,0.5899999737739563,0.6408824920654297,0.05088251829147339,0.3400000035762787,0.3985457420349121,0.05854573845863342,0.9599999785423279,1.0412476062774658,0.08124762773513794,0.0,-0.0006057769060134888,0.0006057769060134888
44e2027c87eee2df,trmm-opt,trmm-opt,lv2:__PARA__L0-1.__PARA__L1-1.__PARA__L2-32.__PIPE__L0-off.__PIPE__L1-off.__TILE__L0-1.__TILE__L1-1,target,support,support,finetune_dataset,data_1059.pt,1029341.0,polynormer_lite,5,50,paper_exact_seed5,1.6401035785675049,1.9529461860656738,0.31284260749816895,0.10999999940395355,0.09221087396144867,0.017789125442504883,0.029999999329447746,0.03852154314517975,0.008521543815732002,0.019999999552965164,0.03878648579120636,0.018786486238241196,0.009999999776482582,0.011263936758041382,0.0012639369815587997
6b6146a4aac73f5f,trmm-opt,trmm-opt,lv2:__PARA__L0-1.__PARA__L1-20.__PARA__L2-1.__PIPE__L0-off.__PIPE__L1-flatten.__TILE__L0-1.__TILE__L1-4,target,support,support,finetune_dataset,data_1096.pt,25107.0,polynormer_lite,5,50,paper_exact_seed5,4.318847179412842,4.237619400024414,0.08122777938842773,1.159999966621399,0.8762972950935364,0.28370267152786255,0.6800000071525574,0.40915679931640625,0.2708432078361511,1.9199999570846558,1.4664099216461182,0.4535900354385376,0.0,0.003840610384941101,0.003840610384941101
d1a0df99d715871c,trmm-opt,trmm-opt,lv2:__PARA__L0-1.__PARA__L1-1.__PARA__L2-4.__PIPE__L0-off.__PIPE__L1-off.__TILE__L0-1.__TILE__L1-80,target,support,support,finetune_dataset,data_1063.pt,553647.0,polynormer_lite,5,50,paper_exact_seed5,2.08744478225708,2.2184228897094727,0.13097810745239258,0.0,-0.0019239187240600586,0.0019239187240600586,0.0,-0.0038063228130340576,0.0038063228130340576,0.0,-0.01770596206188202,0.01770596206188202,0.019999999552965164,0.024235732853412628,0.004235733300447464
37e8eb0b00f39883,trmm-opt,trmm-opt,lv2:__PARA__L0-1.__PARA__L1-1.__PARA__L2-1.__PIPE__L0-off.__PIPE__L1-off.__TILE__L0-1.__TILE__L1-1,target,support,support,finetune_dataset,data_1037.pt,1547247.0,polynormer_lite,5,50,paper_exact_seed5,1.3461122512817383,1.298891305923462,0.04722094535827637,0.0,0.024642691016197205,0.024642691016197205,0.0,-0.0013177618384361267,0.0013177618384361267,0.0,-0.004917606711387634,0.004917606711387634,0.019999999552965164,0.019228722900152206,0.0007712766528129578
a84bd82b4adff191,trmm-opt,trmm-opt,lv2:__PARA__L0-1.__PARA__L1-1.__PARA__L2-60.__PIPE__L0-off.__PIPE__L1-off.__TILE__L0-1.__TILE__L1-1,target,support,support,finetune_dataset,data_1072.pt,246747.0,polynormer_lite,5,50,paper_exact_seed5,2.6704118251800537,2.763183116912842,0.09277129173278809,0.10999999940395355,0.10469799488782883,0.005302004516124725,0.029999999329447746,0.0254792720079422,0.004520727321505547,0.009999999776482582,0.06155889481306076,0.05155889689922333,0.009999999776482582,0.01555190235376358,0.005551902577280998
d0042c5f7d60422e,trmm-opt,trmm-opt,lv2:__PARA__L0-3.__PARA__L1-8.__PARA__L2-1.__PIPE__L0-off.__PIPE__L1-flatten.__TILE__L0-1.__TILE__L1-1,target,support,support,finetune_dataset,data_1128.pt,5627.0,polynormer_lite,5,50,paper_exact_seed5,5.3976731300354,5.547051429748535,0.14937829971313477,1.2200000286102295,1.1429193019866943,0.07708072662353516,5.260000228881836,5.325499534606934,0.06549930572509766,2.259999990463257,2.1783430576324463,0.08165693283081055,0.009999999776482582,0.007954105734825134,0.002045894041657448
bb209d7362f59f03,trmm-opt,trmm-opt,lv2:__PARA__L0-1.__PARA__L1-1.__PARA__L2-1.__PIPE__L0-off.__PIPE__L1-flatten.__TILE__L0-1.__TILE__L1-80,target,support,support,finetune_dataset,data_1035.pt,28767.0,polynormer_lite,5,50,paper_exact_seed5,4.22068452835083,4.406789302825928,0.18610477447509766,0.1599999964237213,0.16715647280216217,0.007156476378440857,0.05999999865889549,0.09616616368293762,0.03616616502404213,0.09000000357627869,0.08748897165060043,0.002511031925678253,0.009999999776482582,-0.004344835877418518,0.0143448356539011
9f7b7b5cedfda7ff,trmm-opt,trmm-opt,lv2:__PARA__L0-1.__PARA__L1-1.__PARA__L2-32.__PIPE__L0-off.__PIPE__L1-off.__TILE__L0-60.__TILE__L1-1,target,support,support,finetune_dataset,data_1061.pt,1029341.0,polynormer_lite,5,50,paper_exact_seed5,1.6401035785675049,1.875241756439209,0.2351381778717041,0.10999999940395355,0.10679464787244797,0.0032053515315055847,0.029999999329447746,0.02200213074684143,0.007997868582606316,0.019999999552965164,0.018234774470329285,0.0017652250826358795,0.009999999776482582,0.012030147016048431,0.0020301472395658493
75e9f653022501f1,trmm-opt,trmm-opt,lv2:__PARA__L0-4.__PARA__L1-16.__PARA__L2-1.__PIPE__L0-off.__PIPE__L1-flatten.__TILE__L0-1.__TILE__L1-1,target,support,support,finetune_dataset,data_1130.pt,3105.0,polynormer_lite,5,50,paper_exact_seed5,5.826559543609619,5.849499702453613,0.02294015884399414,3.130000114440918,2.922156810760498,0.20784330368041992,14.84000015258789,14.496659278869629,0.3433408737182617,5.989999771118164,5.9052581787109375,0.08474159240722656,0.009999999776482582,0.006106555461883545,0.003893444314599037
f278c9e062916ff7,trmm-opt,trmm-opt,lv2:__PARA__L0-1.__PARA__L1-2.__PARA__L2-60.__PIPE__L0-off.__PIPE__L1-off.__TILE__L0-60.__TILE__L1-1,target,support,support,finetune_dataset,data_1094.pt,29669.0,polynormer_lite,5,50,paper_exact_seed5,4.198413848876953,4.345119953155518,0.14670610427856445,0.20999999344348907,0.23659835755825043,0.026598364114761353,0.09000000357627869,0.14479199051856995,0.05479198694229126,0.1899999976158142,0.2140655666589737,0.024065569043159485,0.009999999776482582,0.008081324398517609,0.0019186753779649734
e12a98cc7abed702,trmm-opt,trmm-opt,lv2:__PARA__L0-1.__PARA__L1-1.__PARA__L2-1.__PIPE__L0-off.__PIPE__L1-flatten.__TILE__L0-60.__TILE__L1-1,target,support,support,finetune_dataset,data_1036.pt,28767.0,polynormer_lite,5,50,paper_exact_seed5,4.22068452835083,4.329237461090088,0.10855293273925781,0.1599999964237213,0.1448313593864441,0.015168637037277222,0.05999999865889549,0.03023754060268402,0.02976245805621147,0.09000000357627869,0.08582551777362823,0.004174485802650452,0.009999999776482582,-0.00016325712203979492,0.010163256898522377
b2b5817237c5da37,trmm-opt,trmm-opt,lv2:__PARA__L0-1.__PARA__L1-1.__PARA__L2-16.__PIPE__L0-off.__PIPE__L1-off.__TILE__L0-1.__TILE__L1-80,target,support,support,finetune_dataset,data_1049.pt,654701.0,polynormer_lite,5,50,paper_exact_seed5,1.9665100574493408,2.230792284011841,0.2642822265625,0.029999999329447746,0.03358975797891617,0.003589758649468422,0.009999999776482582,0.014165796339511871,0.004165796563029289,0.009999999776482582,0.010159552097320557,0.00015955232083797455,0.03999999910593033,0.0345187671482563,0.0054812319576740265
79e57f3206588e67,trmm-opt,trmm-opt,lv2:__PARA__L0-1.__PARA__L1-10.__PARA__L2-60.__PIPE__L0-off.__PIPE__L1-NA.__TILE__L0-1.__TILE__L1-8,target,support,support,finetune_dataset,data_1082.pt,27747.0,polynormer_lite,5,50,paper_exact_seed5,4.246726036071777,4.344497203826904,0.09777116775512695,0.5899999737739563,0.581947922706604,0.008052051067352295,0.3400000035762787,0.33121928572654724,0.008780717849731445,0.9599999785423279,0.9283891916275024,0.03161078691482544,0.0,0.0033169910311698914,0.0033169910311698914
598c17562c1a5283,trmm-opt,trmm-opt,lv2:__PARA__L0-1.__PARA__L1-8.__PARA__L2-60.__PIPE__L0-off.__PIPE__L1-off.__TILE__L0-1.__TILE__L1-1,target,support,support,finetune_dataset,data_1114.pt,24567.0,polynormer_lite,5,50,paper_exact_seed5,4.334531307220459,4.471968650817871,0.1374373435974121,0.4699999988079071,0.5237486362457275,0.053748637437820435,0.2800000011920929,0.329324334859848,0.04932433366775513,0.7599999904632568,0.8470668792724609,0.0870668888092041,0.009999999776482582,-0.004958130419254303,0.014958130195736885
5a13180d9acfa19b,trmm-opt,trmm-opt,lv2:__PARA__L0-2.__PARA__L1-4.__PARA__L2-1.__PIPE__L0-off.__PIPE__L1-flatten.__TILE__L0-1.__TILE__L1-1,target,support,support,finetune_dataset,data_1121.pt,4480.0,polynormer_lite,5,50,paper_exact_seed5,5.562106609344482,5.564961910247803,0.0028553009033203125,0.5299999713897705,0.4915149509906769,0.03848502039909363,2.6500000953674316,2.4022412300109863,0.2477588653564453,0.7599999904632568,0.7698005437850952,0.009800553321838379,0.009999999776482582,0.008405357599258423,0.0015946421772241592
a4c8a2990a734281,trmm-opt,trmm-opt,lv2:__PARA__L0-1.__PARA__L1-1.__PARA__L2-20.__PIPE__L0-off.__PIPE__L1-off.__TILE__L0-60.__TILE__L1-1,target,support,support,finetune_dataset,data_1053.pt,313647.0,polynormer_lite,5,50,paper_exact_seed5,2.497357130050659,2.13893723487854,0.35841989517211914,0.03999999910593033,0.05360019952058792,0.013600200414657593,0.009999999776482582,0.0004522353410720825,0.0095477644354105,0.0,0.01537691056728363,0.01537691056728363,0.009999999776482582,0.026981201022863388,0.016981201246380806
7bd4fa45a98f9195,trmm-opt,trmm-opt,lv2:__PARA__L0-1.__PARA__L1-10.__PARA__L2-1.__PIPE__L0-off.__PIPE__L1-flatten.__TILE__L0-1.__TILE__L1-8,target,support,support,finetune_dataset,data_1079.pt,27747.0,polynormer_lite,5,50,paper_exact_seed5,4.246726036071777,4.321175575256348,0.07444953918457031,0.5899999737739563,0.5102528929710388,0.07974708080291748,0.3400000035762787,0.15294286608695984,0.18705713748931885,0.9599999785423279,0.8320417404174805,0.1279582381248474,0.0,0.00279371440410614,0.00279371440410614
e0526172df1e7cf7,trmm-opt,trmm-opt,lv2:__PARA__L0-1.__PARA__L1-1.__PARA__L2-60.__PIPE__L0-off.__PIPE__L1-NA.__TILE__L0-60.__TILE__L1-1,target,support,support,finetune_dataset,data_1071.pt,9387.0,polynormer_lite,5,50,paper_exact_seed5,5.028523921966553,5.197127342224121,0.16860342025756836,0.1599999964237213,0.13786152005195618,0.022138476371765137,0.05999999865889549,0.061663225293159485,0.0016632266342639923,0.09000000357627869,0.06233932077884674,0.027660682797431946,0.009999999776482582,-0.0013554170727729797,0.011355416849255562
03a12bc30dd2e935,trmm-opt,trmm-opt,lv2:__PARA__L0-1.__PARA__L1-16.__PARA__L2-60.__PIPE__L0-off.__PIPE__L1-off.__TILE__L0-1.__TILE__L1-1,target,support,support,finetune_dataset,data_1088.pt,24267.0,polynormer_lite,5,50,paper_exact_seed5,4.3433942794799805,4.456361770629883,0.11296749114990234,0.9399999976158142,0.9899564385414124,0.049956440925598145,0.550000011920929,0.5914281010627747,0.0414280891418457,1.5299999713897705,1.6714258193969727,0.14142584800720215,0.009999999776482582,-0.009608983993530273,0.019608983770012856
935f051a2bb8fa64,trmm-opt,trmm-opt,lv2:__PARA__L0-1.__PARA__L1-1.__PARA__L2-6.__PIPE__L0-off.__PIPE__L1-off.__TILE__L0-1.__TILE__L1-1,target,support,support,finetune_dataset,data_1067.pt,428847.0,polynormer_lite,5,50,paper_exact_seed5,2.2716965675354004,2.221675157546997,0.05002140998840332,0.009999999776482582,0.011748097836971283,0.0017480980604887009,0.0,-0.001548074185848236,0.001548074185848236,0.0,0.02298368513584137,0.02298368513584137,0.029999999329447746,0.02877451851963997,0.0012254808098077774
769d7187345c5d7c,trmm-opt,trmm-opt,lv2:__PARA__L0-1.__PARA__L1-16.__PARA__L2-1.__PIPE__L0-off.__PIPE__L1-flatten.__TILE__L0-1.__TILE__L1-1,target,support,support,finetune_dataset,data_1085.pt,24267.0,polynormer_lite,5,50,paper_exact_seed5,4.3433942794799805,4.35045862197876,0.007064342498779297,0.9399999976158142,0.777421236038208,0.1625787615776062,0.550000011920929,0.35833412408828735,0.1916658878326416,1.5299999713897705,1.3342293500900269,0.19577062129974365,0.009999999776482582,0.007276162505149841,0.002723837271332741
e8704854c86a857c,trmm-opt,trmm-opt,lv2:__PARA__L0-1.__PARA__L1-4.__PARA__L2-60.__PIPE__L0-off.__PIPE__L1-off.__TILE__L0-1.__TILE__L1-1,target,support,support,finetune_dataset,data_1105.pt,26069.0,polynormer_lite,5,50,paper_exact_seed5,4.291724681854248,4.433964729309082,0.14224004745483398,0.30000001192092896,0.3076458275318146,0.00764581561088562,0.15000000596046448,0.22036559879779816,0.07036559283733368,0.3799999952316284,0.5344911813735962,0.15449118614196777,0.009999999776482582,-0.0030896365642547607,0.013089636340737343
0ad3de1578edcf04,trmm-opt,trmm-opt,lv2:__PARA__L0-1.__PARA__L1-10.__PARA__L2-1.__PIPE__L0-off.__PIPE__L1-flatten.__TILE__L0-60.__TILE__L1-1,target,support,support,finetune_dataset,data_1080.pt,27747.0,polynormer_lite,5,50,paper_exact_seed5,4.246726036071777,4.4458842277526855,0.1991581916809082,0.5899999737739563,0.5517226457595825,0.03827732801437378,0.3400000035762787,0.347182959318161,0.007182955741882324,0.9599999785423279,0.8867819905281067,0.07321798801422119,0.0,0.008683279156684875,0.008683279156684875
c5a641a415702654,trmm-opt,trmm-opt,lv2:__PARA__L0-1.__PARA__L1-1.__PARA__L2-60.__PIPE__L0-off.__PIPE__L1-NA.__TILE__L0-1.__TILE__L1-80,target,support,support,finetune_dataset,data_1070.pt,9387.0,polynormer_lite,5,50,paper_exact_seed5,5.028523921966553,5.150760650634766,0.12223672866821289,0.1599999964237213,0.15341190993785858,0.006588086485862732,0.05999999865889549,0.07254809886217117,0.01254810020327568,0.09000000357627869,0.13142628967761993,0.04142628610134125,0.009999999776482582,0.004565082490444183,0.005434917286038399
4fed56ed046aca2f,trmm-opt,trmm-opt,lv2:__PARA__L0-1.__PARA__L1-20.__PARA__L2-60.__PIPE__L0-off.__PIPE__L1-NA.__TILE__L0-1.__TILE__L1-1,target,support,support,finetune_dataset,data_1098.pt,25107.0,polynormer_lite,5,50,paper_exact_seed5,4.318847179412842,4.510103225708008,0.19125604629516602,1.159999966621399,1.184140682220459,0.02414071559906006,0.6800000071525574,0.7244629859924316,0.04446297883987427,1.9199999570846558,1.9921643733978271,0.07216441631317139,0.0,-0.0025933533906936646,0.0025933533906936646
074212ad079c0aac,trmm-opt,trmm-opt,lv2:__PARA__L0-1.__PARA__L1-1.__PARA__L2-1.__PIPE__L0-off.__PIPE__L1-off.__TILE__L0-1.__TILE__L1-80,target,support,support,finetune_dataset,data_1038.pt,1547247.0,polynormer_lite,5,50,paper_exact_seed5,1.3461122512817383,1.3507473468780518,0.0046350955963134766,0.0,-0.02519576996564865,0.02519576996564865,0.0,0.00016964226961135864,0.00016964226961135864,0.0,-0.03835754096508026,0.03835754096508026,0.019999999552965164,0.016323242336511612,0.0036767572164535522
2e61c83e12f5164c,trmm-opt,trmm-opt,lv2:__PARA__L0-2.__PARA__L1-20.__PARA__L2-1.__PIPE__L0-off.__PIPE__L1-flatten.__TILE__L0-1.__TILE__L1-1,target,support,support,finetune_dataset,data_1120.pt,3998.0,polynormer_lite,5,50,paper_exact_seed5,5.644217014312744,5.654219627380371,0.010002613067626953,2.119999885559082,1.6811132431030273,0.4388866424560547,7.260000228881836,5.849233150482178,1.4107670783996582,3.799999952316284,3.150855302810669,0.6491446495056152,0.0,0.007023319602012634,0.007023319602012634
7d8b6b4e1afa7428,trmm-opt,trmm-opt,lv2:__PARA__L0-1.__PARA__L1-16.__PARA__L2-60.__PIPE__L0-off.__PIPE__L1-NA.__TILE__L0-1.__TILE__L1-1,target,support,support,finetune_dataset,data_1087.pt,24267.0,polynormer_lite,5,50,paper_exact_seed5,4.3433942794799805,4.476938247680664,0.1335439682006836,0.9399999976158142,1.060916543006897,0.12091654539108276,0.550000011920929,0.638548731803894,0.08854871988296509,1.5299999713897705,1.793985366821289,0.26398539543151855,0.009999999776482582,-0.001598164439201355,0.011598164215683937
56b873dc6e449cf7,trmm-opt,trmm-opt,lv2:__PARA__L0-1.__PARA__L1-1.__PARA__L2-16.__PIPE__L0-off.__PIPE__L1-off.__TILE__L0-60.__TILE__L1-1,target,support,support,finetune_dataset,data_1050.pt,654701.0,polynormer_lite,5,50,paper_exact_seed5,1.9665100574493408,2.131795644760132,0.16528558731079102,0.029999999329447746,0.04074971377849579,0.010749714449048042,0.009999999776482582,-0.0059916675090789795,0.01599166728556156,0.009999999776482582,0.007724598050117493,0.0022754017263650894,0.03999999910593033,0.029369115829467773,0.010630883276462555
f7a465d16bffa9ba,trmm-opt,trmm-opt,lv2:__PARA__L0-3.__PARA__L1-2.__PARA__L2-1.__PIPE__L0-off.__PIPE__L1-flatten.__TILE__L0-1.__TILE__L1-1,target,support,support,finetune_dataset,data_1126.pt,8028.0,polynormer_lite,5,50,paper_exact_seed5,5.141335964202881,5.462196350097656,0.3208603858947754,0.41999998688697815,0.48647114634513855,0.0664711594581604,4.699999809265137,4.512065887451172,0.18793392181396484,0.5600000023841858,0.6161532402038574,0.05615323781967163,0.009999999776482582,0.013747256249189377,0.0037472564727067947
1747dfcaa081a2a5,trmm-opt,trmm-opt,lv2:__PARA__L0-1.__PARA__L1-1.__PARA__L2-4.__PIPE__L0-off.__PIPE__L1-off.__TILE__L0-1.__TILE__L1-1,target,support,support,finetune_dataset,data_1062.pt,553647.0,polynormer_lite,5,50,paper_exact_seed5,2.08744478225708,2.2246313095092773,0.13718652725219727,0.0,0.0009467825293540955,0.0009467825293540955,0.0,-0.008845940232276917,0.008845940232276917,0.0,0.006441250443458557,0.006441250443458557,0.019999999552965164,0.025320082902908325,0.005320083349943161
9554926e4c2b5677,trmm-opt,trmm-opt,lv2:__PARA__L0-1.__PARA__L1-1.__PARA__L2-60.__PIPE__L0-off.__PIPE__L1-off.__TILE__L0-1.__TILE__L1-80,target,support,support,finetune_dataset,data_1073.pt,246747.0,polynormer_lite,5,50,paper_exact_seed5,2.6704118251800537,2.6399240493774414,0.030487775802612305,0.10999999940395355,0.24036434292793274,0.1303643435239792,0.029999999329447746,0.0675550028681755,0.03755500167608261,0.009999999776482582,0.20991119742393494,0.1999111920595169,0.009999999776482582,0.005060538649559021,0.004939461126923561
012450940dcf011f,trmm-opt,trmm-opt,lv2:__PARA__L0-10.__PARA__L1-8.__PARA__L2-1.__PIPE__L0-off.__PIPE__L1-flatten.__TILE__L0-1.__TILE__L1-1,target,support,support,finetune_dataset,data_1115.pt,5403.0,polynormer_lite,5,50,paper_exact_seed5,5.426975727081299,5.483064651489258,0.056088924407958984,3.549999952316284,3.617946147918701,0.06794619560241699,16.1299991607666,16.59918785095215,0.4691886901855469,7.099999904632568,7.343042373657227,0.2430424690246582,0.0,-0.005056135356426239,0.005056135356426239
f40ab226ef938ff6,trmm-opt,trmm-opt,lv2:__PARA__L0-1.__PARA__L1-20.__PARA__L2-60.__PIPE__L0-off.__PIPE__L1-off.__TILE__L0-1.__TILE__L1-1,target,support,support,finetune_dataset,data_1100.pt,25107.0,polynormer_lite,5,50,paper_exact_seed5,4.318847179412842,4.558043479919434,0.2391963005065918,1.159999966621399,1.0952390432357788,0.06476092338562012,0.6800000071525574,0.6915936470031738,0.011593639850616455,1.9199999570846558,1.9072375297546387,0.01276242733001709,0.0,-0.009023800492286682,0.009023800492286682
d3f2f466ee008af5,trmm-opt,trmm-opt,lv2:__PARA__L0-1.__PARA__L1-2.__PARA__L2-60.__PIPE__L0-off.__PIPE__L1-NA.__TILE__L0-1.__TILE__L1-1,target,support,support,finetune_dataset,data_1091.pt,29669.0,polynormer_lite,5,50,paper_exact_seed5,4.198413848876953,4.387772083282471,0.18935823440551758,0.20999999344348907,0.2392914593219757,0.029291465878486633,0.09000000357627869,0.08817552030086517,0.0018244832754135132,0.1899999976158142,0.2849358022212982,0.09493580460548401,0.009999999776482582,-0.0009867027401924133,0.010986702516674995
6bc065582b0ca9d2,trmm-opt,trmm-opt,lv2:__PARA__L0-1.__PARA__L1-1.__PARA__L2-6.__PIPE__L0-off.__PIPE__L1-off.__TILE__L0-1.__TILE__L1-80,target,support,support,finetune_dataset,data_1068.pt,428847.0,polynormer_lite,5,50,paper_exact_seed5,2.2716965675354004,2.251175880432129,0.020520687103271484,0.009999999776482582,0.007208637893199921,0.0027913618832826614,0.0,0.0005158260464668274,0.0005158260464668274,0.0,-0.01594148576259613,0.01594148576259613,0.029999999329447746,0.027711857110261917,0.002288142219185829
98a61e0d484cdec1,trmm-opt,trmm-opt,lv2:__PARA__L0-1.__PARA__L1-1.__PARA__L2-10.__PIPE__L0-off.__PIPE__L1-off.__TILE__L0-1.__TILE__L1-80,target,support,support,finetune_dataset,data_1040.pt,366447.0,polynormer_lite,5,50,paper_exact_seed5,2.3851258754730225,2.260896682739258,0.12422919273376465,0.009999999776482582,0.02260758727788925,0.01260758750140667,0.0,0.006940513849258423,0.006940513849258423,0.0,-0.006426528096199036,0.006426528096199036,0.05000000074505806,0.031697019934654236,0.018302980810403824
db2407ae49482c94,trmm-opt,trmm-opt,lv2:__PARA__L0-1.__PARA__L1-10.__PARA__L2-60.__PIPE__L0-off.__PIPE__L1-off.__TILE__L0-1.__TILE__L1-8,target,support,support,finetune_dataset,data_1084.pt,27747.0,polynormer_lite,5,50,paper_exact_seed5,4.246726036071777,4.4075117111206055,0.16078567504882812,0.5899999737739563,0.6599636077880859,0.06996363401412964,0.3400000035762787,0.3813290596008301,0.04132905602455139,0.9599999785423279,1.0679972171783447,0.10799723863601685,0.0,0.003377005457878113,0.003377005457878113
236b6e7ccd6fd621,trmm-opt,trmm-opt,lv2:__PARA__L0-1.__PARA__L1-20.__PARA__L2-60.__PIPE__L0-off.__PIPE__L1-off.__TILE__L0-1.__TILE__L1-4,target,support,support,finetune_dataset,data_1101.pt,25107.0,polynormer_lite,5,50,paper_exact_seed5,4.318847179412842,4.40634822845459,0.08750104904174805,1.159999966621399,1.0796358585357666,0.08036410808563232,0.6800000071525574,0.6324509978294373,0.04754900932312012,1.9199999570846558,1.8992893695831299,0.02071058750152588,0.0,0.004067212343215942,0.004067212343215942
4e627ce0f3961f96,trmm-opt,trmm-opt,lv2:__PARA__L0-3.__PARA__L1-10.__PARA__L2-1.__PIPE__L0-off.__PIPE__L1-flatten.__TILE__L0-1.__TILE__L1-1,target,support,support,finetune_dataset,data_1124.pt,7387.0,polynormer_lite,5,50,paper_exact_seed5,5.201362133026123,5.530021667480469,0.3286595344543457,1.5199999809265137,1.3182553052902222,0.2017446756362915,6.570000171661377,6.1034369468688965,0.46656322479248047,2.8299999237060547,2.5806517601013184,0.24934816360473633,0.0,0.006999172270298004,0.006999172270298004
f8679f7ce3046dcc,trmm-opt,trmm-opt,lv2:__PARA__L0-1.__PARA__L1-20.__PARA__L2-1.__PIPE__L0-off.__PIPE__L1-flatten.__TILE__L0-1.__TILE__L1-1,target,support,support,finetune_dataset,data_1095.pt,25107.0,polynormer_lite,5,50,paper_exact_seed5,4.318847179412842,4.348729610443115,0.029882431030273438,1.159999966621399,0.930433988571167,0.22956597805023193,0.6800000071525574,0.48207777738571167,0.1979222297668457,1.9199999570846558,1.5505931377410889,0.3694068193435669,0.0,0.0027277320623397827,0.0027277320623397827
a77626f013493590,trmm-opt,trmm-opt,lv2:__PARA__L0-1.__PARA__L1-1.__PARA__L2-30.__PIPE__L0-off.__PIPE__L1-off.__TILE__L0-1.__TILE__L1-1,target,support,support,finetune_dataset,data_1056.pt,284847.0,polynormer_lite,5,50,paper_exact_seed5,2.5668344497680664,2.2154831886291504,0.351351261138916,0.10000000149011612,0.08891753852367401,0.011082462966442108,0.03999999910593033,0.03490491956472397,0.00509507954120636,0.009999999776482582,0.045869067311286926,0.03586906939744949,0.009999999776482582,0.015026647597551346,0.005026647821068764
7316fec737d23540,trmm-opt,trmm-opt,lv2:__PARA__L0-1.__PARA__L1-20.__PARA__L2-60.__PIPE__L0-off.__PIPE__L1-NA.__TILE__L0-1.__TILE__L1-4,target,support,support,finetune_dataset,data_1099.pt,25107.0,polynormer_lite,5,50,paper_exact_seed5,4.318847179412842,4.397392272949219,0.07854509353637695,1.159999966621399,1.2189699411392212,0.058969974517822266,0.6800000071525574,0.7693624496459961,0.08936244249343872,1.9199999570846558,2.044353723526001,0.12435376644134521,0.0,0.00933711975812912,0.00933711975812912
1bb5841ebfe22d73,trmm-opt,trmm-opt,lv2:__PARA__L0-1.__PARA__L1-1.__PARA__L2-8.__PIPE__L0-off.__PIPE__L1-off.__TILE__L0-60.__TILE__L1-1,target,support,support,finetune_dataset,data_1077.pt,496301.0,polynormer_lite,5,50,paper_exact_seed5,2.166320323944092,2.188250780105591,0.021930456161499023,0.009999999776482582,0.022415578365325928,0.012415578588843346,0.0,-0.006413504481315613,0.006413504481315613,0.0,-0.002531111240386963,0.002531111240386963,0.03999999910593033,0.032830510288476944,0.007169488817453384
fc3ebd766d4cb70f,trmm-opt,trmm-opt,lv2:__PARA__L0-1.__PARA__L1-5.__PARA__L2-60.__PIPE__L0-off.__PIPE__L1-NA.__TILE__L0-1.__TILE__L1-1,target,support,support,finetune_dataset,data_1109.pt,33032.0,polynormer_lite,5,50,paper_exact_seed5,4.120959758758545,4.351048946380615,0.2300891876220703,0.30000001192092896,0.26962482929229736,0.030375182628631592,0.17000000178813934,0.18251046538352966,0.01251046359539032,0.47999998927116394,0.4627644419670105,0.017235547304153442,0.009999999776482582,-0.0009280890226364136,0.010928088799118996
af60c08335618b2a,trmm-opt,trmm-opt,lv2:__PARA__L0-2.__PARA__L1-8.__PARA__L2-1.__PIPE__L0-off.__PIPE__L1-flatten.__TILE__L0-1.__TILE__L1-1,target,support,support,finetune_dataset,data_1123.pt,3578.0,polynormer_lite,5,50,paper_exact_seed5,5.724279403686523,5.529202938079834,0.19507646560668945,0.8799999952316284,0.7980228662490845,0.08197712898254395,2.9100000858306885,2.5874691009521484,0.32253098487854004,1.5199999809265137,1.3340777158737183,0.1859222650527954,0.009999999776482582,0.00757966935634613,0.0024203304201364517
fea06b686af69e52,trmm-opt,trmm-opt,lv2:__PARA__L0-1.__PARA__L1-2.__PARA__L2-1.__PIPE__L0-off.__PIPE__L1-flatten.__TILE__L0-60.__TILE__L1-1,target,support,support,finetune_dataset,data_1090.pt,29669.0,polynormer_lite,5,50,paper_exact_seed5,4.198413848876953,4.340702056884766,0.1422882080078125,0.20999999344348907,0.18726679682731628,0.02273319661617279,0.09000000357627869,0.061770275235176086,0.0282297283411026,0.1899999976158142,0.17977949976921082,0.010220497846603394,0.009999999776482582,-0.0015147775411605835,0.011514777317643166
0a794b6a50ac753a,trmm-opt,trmm-opt,lv2:__PARA__L0-2.__PARA__L1-5.__PARA__L2-1.__PIPE__L0-off.__PIPE__L1-flatten.__TILE__L0-1.__TILE__L1-1,target,support,support,finetune_dataset,data_1122.pt,10962.0,polynormer_lite,5,50,paper_exact_seed5,4.9166364669799805,5.563608169555664,0.6469717025756836,0.5699999928474426,0.5695037841796875,0.000496208667755127,1.8200000524520874,2.448460578918457,0.6284605264663696,0.949999988079071,0.9085990786552429,0.041400909423828125,0.009999999776482582,0.007910400629043579,0.002089599147439003
6e0a0a1e679ea7de,trmm-opt,trmm-opt,lv2:__PARA__L0-1.__PARA__L1-1.__PARA__L2-60.__PIPE__L0-off.__PIPE__L1-NA.__TILE__L0-1.__TILE__L1-1,target,support,support,finetune_dataset,data_1069.pt,9387.0,polynormer_lite,5,50,paper_exact_seed5,5.028523921966553,5.16019344329834,0.1316695213317871,0.1599999964237213,0.1610165238380432,0.0010165274143218994,0.05999999865889549,0.049475982785224915,0.010524015873670578,0.09000000357627869,0.04965364933013916,0.040346354246139526,0.009999999776482582,0.010000437498092651,4.377216100692749e-07
bbb1ef8016aae2eb,fdtd-2d-large,fdtd-2d-large,lv2:__PARA__L0-1.__PARA__L1-1.__PARA__L2-1.__PARA__L3-1.__PARA__L4-1.__PARA__L5-1.__PARA__L6-1.__PARA__L7-1.__PIPE__L0-off.__PIPE__L2-flatten.__PIPE__L3-flatten.__PIPE__L4-off.__TILE__L0-1.__TILE__L2-1.__TILE__L3-1.__TILE__L4-1,target,support,support,finetune_dataset,data_1.pt,4847946.0,polynormer_lite,5,50,paper_exact_seed5,0.5222772359848022,0.41007131338119507,0.11220592260360718,0.6499999761581421,0.7918809056282043,0.14188092947006226,0.3799999952316284,0.45625919103622437,0.07625919580459595,0.49000000953674316,0.6174035668373108,0.12740355730056763,0.4699999988079071,0.5750957727432251,0.105095773935318
d26ee52b22ad5721,fdtd-2d-large,fdtd-2d-large,lv2:__PARA__L0-1.__PARA__L1-32.__PARA__L2-1.__PARA__L3-2.__PARA__L4-1.__PARA__L5-1.__PARA__L6-1.__PARA__L7-4.__PIPE__L0-off.__PIPE__L2-flatten.__PIPE__L3-flatten.__PIPE__L4-off.__TILE__L0-1.__TILE__L2-1.__TILE__L3-1.__TILE__L4-1,target,support,support,finetune_dataset,data_68.pt,3476933.0,polynormer_lite,5,50,paper_exact_seed5,0.7620564103126526,0.6204888820648193,0.14156752824783325,1.0499999523162842,1.0538841485977173,0.0038841962814331055,0.6800000071525574,0.5799798965454102,0.10002011060714722,0.9700000286102295,0.8788767457008362,0.09112328290939331,0.6899999976158142,0.7303526401519775,0.04035264253616333
10e42364ec89ca1c,fdtd-2d-large,fdtd-2d-large,lv2:__PARA__L0-1.__PARA__L1-2.__PARA__L2-1.__PARA__L3-1.__PARA__L4-199.__PARA__L5-8.__PARA__L6-32.__PARA__L7-32.__PIPE__L0-off.__PIPE__L2-off.__PIPE__L3-off.__PIPE__L4-off.__TILE__L0-1.__TILE__L2-1.__TILE__L3-1.__TILE__L4-1,target,support,support,finetune_dataset,data_60.pt,96495104.0,polynormer_lite,5,50,paper_exact_seed5,-1.635227918624878,-1.7399253845214844,0.10469746589660645,0.10999999940395355,0.08237267285585403,0.027627326548099518,0.05000000074505806,0.0617850236594677,0.011785022914409637,0.05000000074505806,0.0094880610704422,0.04051193967461586,0.3199999928474426,0.34160110354423523,0.021601110696792603
b5bf249116119d74,fdtd-2d-large,fdtd-2d-large,lv2:__PARA__L0-1.__PARA__L1-1.__PARA__L2-1.__PARA__L3-1.__PARA__L4-199.__PARA__L5-1.__PARA__L6-1.__PARA__L7-4.__PIPE__L0-off.__PIPE__L2-flatten.__PIPE__L3-flatten.__PIPE__L4-off.__TILE__L0-1.__TILE__L2-1.__TILE__L3-1.__TILE__L4-1,target,support,support,finetune_dataset,data_38.pt,91745408.0,polynormer_lite,5,50,paper_exact_seed5,-1.5988179445266724,-1.7292723655700684,0.130454421043396,0.6100000143051147,0.66555255651474,0.055552542209625244,0.38999998569488525,0.4968174695968628,0.10681748390197754,0.49000000953674316,0.6079094409942627,0.11790943145751953,0.8600000143051147,0.8303773403167725,0.029622673988342285
83bbe692e3ff9ba5,fdtd-2d-large,fdtd-2d-large,lv2:__PARA__L0-1.__PARA__L1-16.__PARA__L2-199.__PARA__L3-1.__PARA__L4-1.__PARA__L5-8.__PARA__L6-32.__PARA__L7-1.__PIPE__L0-off.__PIPE__L2-off.__PIPE__L3-off.__PIPE__L4-flatten.__TILE__L0-100.__TILE__L2-1.__TILE__L3-1.__TILE__L4-1,target,support,support,finetune_dataset,data_55.pt,2471843.0,polynormer_lite,5,50,paper_exact_seed5,1.008170485496521,0.8555768728256226,0.15259361267089844,0.8600000143051147,0.842336893081665,0.017663121223449707,0.4300000071525574,0.4411819577217102,0.011181950569152832,0.699999988079071,0.6800898909568787,0.019910097122192383,0.6399999856948853,0.6923834085464478,0.0523834228515625
af4e468b828ee9a8,fdtd-2d-large,fdtd-2d-large,lv2:__PARA__L0-1.__PARA__L1-16.__PARA__L2-1.__PARA__L3-1.__PARA__L4-199.__PARA__L5-8.__PARA__L6-32.__PARA__L7-32.__PIPE__L0-off.__PIPE__L2-off.__PIPE__L3-off.__PIPE__L4-off.__TILE__L0-1.__TILE__L2-1.__TILE__L3-1.__TILE__L4-1,target,support,support,finetune_dataset,data_50.pt,96495104.0,polynormer_lite,5,50,paper_exact_seed5,-1.635227918624878,-1.7611298561096191,0.1259019374847412,0.10999999940395355,0.09713386744260788,0.012866131961345673,0.05000000074505806,0.05154764652252197,0.001547645777463913,0.05000000074505806,0.05220980942249298,0.0022098086774349213,0.3199999928474426,0.3433697521686554,0.02336975932121277
be03f71def4c9e25,fdtd-2d-large,fdtd-2d-large,lv2:__PARA__L0-1.__PARA__L1-16.__PARA__L2-199.__PARA__L3-1.__PARA__L4-1.__PARA__L5-8.__PARA__L6-32.__PARA__L7-1.__PIPE__L0-off.__PIPE__L2-off.__PIPE__L3-off.__PIPE__L4-flatten.__TILE__L0-1.__TILE__L2-1.__TILE__L3-1.__TILE__L4-199,target,support,support,finetune_dataset,data_54.pt,2471843.0,polynormer_lite,5,50,paper_exact_seed5,1.008170485496521,0.9399932026863098,0.06817728281021118,0.8600000143051147,0.9582521319389343,0.09825211763381958,0.4300000071525574,0.5199887156486511,0.08998870849609375,0.699999988079071,0.7330367565155029,0.033036768436431885,0.6399999856948853,0.7192013263702393,0.079201340675354
4fcdf621f3a5c105,fdtd-2d-large,fdtd-2d-large,lv2:__PARA__L0-1.__PARA__L1-32.__PARA__L2-1.__PARA__L3-1.__PARA__L4-1.__PARA__L5-1.__PARA__L6-1.__PARA__L7-1.__PIPE__L0-off.__PIPE__L2-flatten.__PIPE__L3-flatten.__PIPE__L4-flatten.__TILE__L0-1.__TILE__L2-1.__TILE__L3-1.__TILE__L4-1,target,support,support,finetune_dataset,data_61.pt,87033.0,polynormer_lite,5,50,paper_exact_seed5,3.4221107959747314,3.5572400093078613,0.13512921333312988,0.9900000095367432,0.9871699810028076,0.002830028533935547,0.5299999713897705,0.5361669063568115,0.006166934967041016,0.699999988079071,0.6946246027946472,0.005375385284423828,0.5799999833106995,0.6364383697509766,0.0564383864402771
bc4602e977af8b26,fdtd-2d-large,fdtd-2d-large,lv2:__PARA__L0-1.__PARA__L1-1.__PARA__L2-1.__PARA__L3-1.__PARA__L4-1.__PARA__L5-1.__PARA__L6-1.__PARA__L7-32.__PIPE__L0-off.__PIPE__L2-flatten.__PIPE__L3-flatten.__PIPE__L4-off.__TILE__L0-1.__TILE__L2-1.__TILE__L3-1.__TILE__L4-1,target,support,support,finetune_dataset,data_10.pt,9161446.0,polynormer_lite,5,50,paper_exact_seed5,0.06317638605833054,0.29898378252983093,0.2358073890209198,0.6600000262260437,0.745617151260376,0.08561712503433228,0.41999998688697815,0.4184068441390991,0.0015931427478790283,0.49000000953674316,0.5507541298866272,0.06075412034988403,0.5799999833106995,0.6330652236938477,0.05306524038314819
e4bb24edea4453bc,fdtd-2d-large,fdtd-2d-large,lv2:__PARA__L0-1.__PARA__L1-16.__PARA__L2-1.__PARA__L3-1.__PARA__L4-1.__PARA__L5-8.__PARA__L6-32.__PARA__L7-32.__PIPE__L0-off.__PIPE__L2-off.__PIPE__L3-off.__PIPE__L4-off.__TILE__L0-1.__TILE__L2-199.__TILE__L3-1.__TILE__L4-199,target,support,support,finetune_dataset,data_46.pt,10068645.0,polynormer_lite,5,50,paper_exact_seed5,-0.004934771917760372,-0.06914126873016357,0.06420649588108063,0.15000000596046448,0.13837483525276184,0.011625170707702637,0.05999999865889549,0.0508672297000885,0.009132768958806992,0.09000000357627869,0.054755836725234985,0.0352441668510437,0.14000000059604645,0.1823422908782959,0.04234229028224945
7342717a39f30c3d,fdtd-2d-large,fdtd-2d-large,lv2:__PARA__L0-1.__PARA__L1-1.__PARA__L2-1.__PARA__L3-1.__PARA__L4-1.__PARA__L5-2.__PARA__L6-1.__PARA__L7-1.__PIPE__L0-off.__PIPE__L2-off.__PIPE__L3-flatten.__PIPE__L4-off.__TILE__L0-1.__TILE__L2-1.__TILE__L3-1.__TILE__L4-1,target,support,support,finetune_dataset,data_20.pt,7216078.0,polynormer_lite,5,50,paper_exact_seed5,0.23535658419132233,0.1103624701499939,0.12499411404132843,0.5600000023841858,0.518633246421814,0.041366755962371826,0.30000001192092896,0.2929254472255707,0.007074564695358276,0.49000000953674316,0.4500027894973755,0.039997220039367676,0.41999998688697815,0.397367924451828,0.022632062435150146
07ce34eb13641c98,fdtd-2d-large,fdtd-2d-large,lv2:__PARA__L0-1.__PARA__L1-4.__PARA__L2-1.__PARA__L3-1.__PARA__L4-199.__PARA__L5-8.__PARA__L6-32.__PARA__L7-32.__PIPE__L0-off.__PIPE__L2-off.__PIPE__L3-off.__PIPE__L4-off.__TILE__L0-1.__TILE__L2-1.__TILE__L3-1.__TILE__L4-1,target,support,support,finetune_dataset,data_73.pt,96495104.0,polynormer_lite,5,50,paper_exact_seed5,-1.635227918624878,-1.784611463546753,0.149383544921875,0.10999999940395355,0.09268700331449509,0.017312996089458466,0.05000000074505806,0.05936527997255325,0.009365279227495193,0.05000000074505806,0.031064555048942566,0.018935445696115494,0.3199999928474426,0.3440628945827484,0.024062901735305786
a8c72ca5d925d23c,fdtd-2d-large,fdtd-2d-large,lv2:__PARA__L0-1.__PARA__L1-4.__PARA__L2-1.__PARA__L3-1.__PARA__L4-199.__PARA__L5-8.__PARA__L6-1.__PARA__L7-32.__PIPE__L0-off.__PIPE__L2-off.__PIPE__L3-flatten.__PIPE__L4-off.__TILE__L0-1.__TILE__L2-1.__TILE__L3-1.__TILE__L4-1,target,support,support,finetune_dataset,data_72.pt,91028704.0,polynormer_lite,5,50,paper_exact_seed5,-1.5931607484817505,-1.7121613025665283,0.11900055408477783,0.5099999904632568,0.5403203368186951,0.030320346355438232,0.3199999928474426,0.3554239273071289,0.03542393445968628,0.49000000953674316,0.5340479612350464,0.04404795169830322,0.5299999713897705,0.6160204410552979,0.08602046966552734
9a6aced3fd7b1448,fdtd-2d-large,fdtd-2d-large,lv2:__PARA__L0-1.__PARA__L1-1.__PARA__L2-1.__PARA__L3-1.__PARA__L4-1.__PARA__L5-1.__PARA__L6-1.__PARA__L7-1.__PIPE__L0-off.__PIPE__L2-flatten.__PIPE__L3-flatten.__PIPE__L4-flatten.__TILE__L0-1.__TILE__L2-1.__TILE__L3-1.__TILE__L4-1,target,support,support,finetune_dataset,data_0.pt,110046.0,polynormer_lite,5,50,paper_exact_seed5,3.2528748512268066,3.4269466400146484,0.1740717887878418,0.9900000095367432,1.1288758516311646,0.1388758420944214,0.5299999713897705,0.5807924270629883,0.05079245567321777,0.699999988079071,0.8036564588546753,0.10365647077560425,0.5799999833106995,0.6340821981430054,0.05408221483230591
8f5ccf53930158b0,fdtd-2d-large,fdtd-2d-large,lv2:__PARA__L0-1.__PARA__L1-16.__PARA__L2-1.__PARA__L3-1.__PARA__L4-1.__PARA__L5-8.__PARA__L6-32.__PARA__L7-1.__PIPE__L0-off.__PIPE__L2-off.__PIPE__L3-off.__PIPE__L4-flatten.__TILE__L0-1.__TILE__L2-199.__TILE__L3-1.__TILE__L4-199,target,support,support,finetune_dataset,data_43.pt,943474.0,polynormer_lite,5,50,paper_exact_seed5,1.7029367685317993,1.7381505966186523,0.03521382808685303,0.9200000166893005,0.9580785632133484,0.03807854652404785,0.4300000071525574,0.4702470898628235,0.04024708271026611,0.699999988079071,0.7265614867210388,0.026561498641967773,0.5799999833106995,0.6349533796310425,0.05495339632034302
2cd3b2c7af7b80ef,fdtd-2d-large,fdtd-2d-large,lv2:__PARA__L0-1.__PARA__L1-1.__PARA__L2-1.__PARA__L3-1.__PARA__L4-1.__PARA__L5-1.__PARA__L6-4.__PARA__L7-1.__PIPE__L0-off.__PIPE__L2-off.__PIPE__L3-off.__PIPE__L4-off.__TILE__L0-1.__TILE__L2-1.__TILE__L3-1.__TILE__L4-1,target,support,support,finetune_dataset,data_16.pt,11700549.0,polynormer_lite,5,50,paper_exact_seed5,-0.11328811198472977,-0.15280961990356445,0.039521507918834686,0.019999999552965164,0.031098276376724243,0.011098276823759079,0.009999999776482582,0.016906708478927612,0.00690670870244503,0.009999999776482582,0.030380189418792725,0.020380189642310143,0.20000000298023224,0.20388567447662354,0.0038856714963912964
e14679c4f0fbd6e1,fdtd-2d-large,fdtd-2d-large,lv2:__PARA__L0-1.__PARA__L1-1.__PARA__L2-1.__PARA__L3-1.__PARA__L4-1.__PARA__L5-1.__PARA__L6-1.__PARA__L7-1.__PIPE__L0-off.__PIPE__L2-flatten.__PIPE__L3-off.__PIPE__L4-flatten.__TILE__L0-1.__TILE__L2-1.__TILE__L3-1.__TILE__L4-1,target,support,support,finetune_dataset,data_2.pt,4870046.0,polynormer_lite,5,50,paper_exact_seed5,0.5189963579177856,0.48959729075431824,0.029399067163467407,0.9599999785423279,0.9772627949714661,0.017262816429138184,0.47999998927116394,0.4990781545639038,0.019078165292739868,0.699999988079071,0.6900716423988342,0.009928345680236816,0.5799999833106995,0.5892672538757324,0.009267270565032959
ee17c82068784e7b,fdtd-2d-large,fdtd-2d-large,lv2:__PARA__L0-1.__PARA__L1-16.__PARA__L2-1.__PARA__L3-2.__PARA__L4-199.__PARA__L5-8.__PARA__L6-1.__PARA__L7-32.__PIPE__L0-off.__PIPE__L2-off.__PIPE__L3-flatten.__PIPE__L4-off.__TILE__L0-1.__TILE__L2-1.__TILE__L3-1.__TILE__L4-1,target,support,support,finetune_dataset,data_52.pt,91008808.0,polynormer_lite,5,50,paper_exact_seed5,-1.5930030345916748,-1.7043299674987793,0.11132693290710449,0.9399999976158142,0.9312624931335449,0.008737504482269287,0.6200000047683716,0.6125631332397461,0.007436871528625488,0.9800000190734863,0.9845431447029114,0.004543125629425049,0.8700000047683716,0.884387731552124,0.014387726783752441
db36652a9e4edb30,fdtd-2d-large,fdtd-2d-large,lv2:__PARA__L0-1.__PARA__L1-1.__PARA__L2-1.__PARA__L3-1.__PARA__L4-1.__PARA__L5-32.__PARA__L6-32.__PARA__L7-1.__PIPE__L0-off.__PIPE__L2-off.__PIPE__L3-off.__PIPE__L4-off.__TILE__L0-1.__TILE__L2-1.__TILE__L3-1.__TILE__L4-1,target,support,support,finetune_dataset,data_23.pt,7772846.0,polynormer_lite,5,50,paper_exact_seed5,0.1817425787448883,0.1998283863067627,0.01808580756187439,0.07000000029802322,0.07852590084075928,0.008525900542736053,0.029999999329447746,0.03963835537433624,0.009638356044888496,0.029999999329447746,0.04647044837474823,0.016470449045300484,0.07999999821186066,0.10727671533823013,0.027276717126369476
3f2d6549036402e4,fdtd-2d-large,fdtd-2d-large,lv2:__PARA__L0-1.__PARA__L1-2.__PARA__L2-1.__PARA__L3-1.__PARA__L4-199.__PARA__L5-8.__PARA__L6-1.__PARA__L7-32.__PIPE__L0-off.__PIPE__L2-off.__PIPE__L3-flatten.__PIPE__L4-off.__TILE__L0-1.__TILE__L2-1.__TILE__L3-1.__TILE__L4-1,target,support,support,finetune_dataset,data_59.pt,91028704.0,polynormer_lite,5,50,paper_exact_seed5,-1.5931607484817505,-1.6659188270568848,0.07275807857513428,0.5099999904632568,0.497054785490036,0.012945204973220825,0.3199999928474426,0.29037511348724365,0.029624879360198975,0.49000000953674316,0.4311143159866333,0.05888569355010986,0.5299999713897705,0.5443340539932251,0.01433408260345459
7af177530cb396e0,fdtd-2d-large,fdtd-2d-large,lv2:__PARA__L0-1.__PARA__L1-1.__PARA__L2-1.__PARA__L3-1.__PARA__L4-1.__PARA__L5-2.__PARA__L6-32.__PARA__L7-1.__PIPE__L0-off.__PIPE__L2-off.__PIPE__L3-off.__PIPE__L4-off.__TILE__L0-1.__TILE__L2-1.__TILE__L3-1.__TILE__L4-1,target,support,support,finetune_dataset,data_21.pt,8670477.0,polynormer_lite,5,50,paper_exact_seed5,0.10290836542844772,0.03389650583267212,0.0690118595957756,0.05999999865889549,0.07254303991794586,0.01254304125905037,0.019999999552965164,0.03517802059650421,0.015178021043539047,0.029999999329447746,0.0537077933549881,0.023707794025540352,0.14000000059604645,0.15860110521316528,0.018601104617118835
24b111d9a9860636,fdtd-2d-large,fdtd-2d-large,lv2:__PARA__L0-1.__PARA__L1-1.__PARA__L2-1.__PARA__L3-1.__PARA__L4-1.__PARA__L5-1.__PARA__L6-1.__PARA__L7-4.__PIPE__L0-off.__PIPE__L2-flatten.__PIPE__L3-flatten.__PIPE__L4-off.__TILE__L0-1.__TILE__L2-1.__TILE__L3-1.__TILE__L4-1,target,support,support,finetune_dataset,data_11.pt,3589546.0,polynormer_lite,5,50,paper_exact_seed5,0.7390633821487427,0.5536724328994751,0.18539094924926758,0.6600000262260437,0.7577357292175293,0.0977357029914856,0.38999998569488525,0.45029473304748535,0.0602947473526001,0.49000000953674316,0.5929149389266968,0.10291492938995361,0.5799999833106995,0.6006307601928711,0.02063077688217163
95fed5f4e0e880e6,fdtd-2d-large,fdtd-2d-large,lv2:__PARA__L0-1.__PARA__L1-1.__PARA__L2-1.__PARA__L3-1.__PARA__L4-1.__PARA__L5-8.__PARA__L6-32.__PARA__L7-32.__PIPE__L0-off.__PIPE__L2-off.__PIPE__L3-off.__PIPE__L4-off.__TILE__L0-1.__TILE__L2-1.__TILE__L3-1.__TILE__L4-1,target,support,support,finetune_dataset,data_35.pt,3671777.0,polynormer_lite,5,50,paper_exact_seed5,0.7227248549461365,0.4114100933074951,0.31131476163864136,0.15000000596046448,0.109110526740551,0.04088947921991348,0.05999999865889549,0.04523814469575882,0.014761853963136673,0.09000000357627869,0.05203410983085632,0.03796589374542236,0.14000000059604645,0.12989065051078796,0.010109350085258484
2579e364929f0376,fdtd-2d-large,fdtd-2d-large,lv2:__PARA__L0-1.__PARA__L1-16.__PARA__L2-1.__PARA__L3-1.__PARA__L4-1.__PARA__L5-8.__PARA__L6-32.__PARA__L7-32.__PIPE__L0-off.__PIPE__L2-off.__PIPE__L3-off.__PIPE__L4-off.__TILE__L0-100.__TILE__L2-1.__TILE__L3-1.__TILE__L4-1,target,support,support,finetune_dataset,data_47.pt,10068645.0,polynormer_lite,5,50,paper_exact_seed5,-0.004934771917760372,0.05829724669456482,0.06323201954364777,0.15000000596046448,0.1164226308465004,0.03357737511396408,0.05999999865889549,0.05324685573577881,0.006753142923116684,0.09000000357627869,0.04740285873413086,0.04259714484214783,0.14000000059604645,0.14783130586147308,0.007831305265426636
9b93827e25abbb2d,fdtd-2d-large,fdtd-2d-large,lv2:__PARA__L0-1.__PARA__L1-8.__PARA__L2-1.__PARA__L3-1.__PARA__L4-1.__PARA__L5-1.__PARA__L6-1.__PARA__L7-4.__PIPE__L0-off.__PIPE__L2-flatten.__PIPE__L3-flatten.__PIPE__L4-off.__TILE__L0-1.__TILE__L2-1.__TILE__L3-1.__TILE__L4-1,target,support,support,finetune_dataset,data_74.pt,3568546.0,polynormer_lite,5,50,paper_exact_seed5,0.7432958483695984,0.7034660577774048,0.039829790592193604,0.6600000262260437,0.7903030514717102,0.1303030252456665,0.38999998569488525,0.45950669050216675,0.0695067048072815,0.49000000953674316,0.6167489886283875,0.1267489790916443,0.5799999833106995,0.6318708658218384,0.051870882511138916
06a8d921a1e4ef67,fdtd-2d-large,fdtd-2d-large,lv2:__PARA__L0-1.__PARA__L1-1.__PARA__L2-1.__PARA__L3-1.__PARA__L4-1.__PARA__L5-8.__PARA__L6-1.__PARA__L7-16.__PIPE__L0-off.__PIPE__L2-off.__PIPE__L3-flatten.__PIPE__L4-off.__TILE__L0-1.__TILE__L2-1.__TILE__L3-1.__TILE__L4-1,target,support,support,finetune_dataset,data_27.pt,2514977.0,polynormer_lite,5,50,paper_exact_seed5,0.9956914186477661,0.8786460161209106,0.11704540252685547,0.5699999928474426,0.6326320171356201,0.06263202428817749,0.3199999928474426,0.34056100249290466,0.020561009645462036,0.49000000953674316,0.5562774538993835,0.06627744436264038,0.36000001430511475,0.47135603427886963,0.11135601997375488
6588cb1dc715e087,fdtd-2d-large,fdtd-2d-large,lv2:__PARA__L0-1.__PARA__L1-32.__PARA__L2-1.__PARA__L3-2.__PARA__L4-1.__PARA__L5-1.__PARA__L6-1.__PARA__L7-4.__PIPE__L0-off.__PIPE__L2-flatten.__PIPE__L3-flatten.__PIPE__L4-off.__TILE__L0-1.__TILE__L2-1.__TILE__L3-1.__TILE__L4-199,target,support,support,finetune_dataset,data_69.pt,3476933.0,polynormer_lite,5,50,paper_exact_seed5,0.7620564103126526,0.7581606507301331,0.0038957595825195312,1.0499999523162842,1.0744504928588867,0.02445054054260254,0.6800000071525574,0.591916561126709,0.08808344602584839,0.9700000286102295,0.8906275033950806,0.07937252521514893,0.6899999976158142,0.754165768623352,0.06416577100753784
5149f70100e19a16,fdtd-2d-large,fdtd-2d-large,lv2:__PARA__L0-1.__PARA__L1-32.__PARA__L2-1.__PARA__L3-1.__PARA__L4-1.__PARA__L5-1.__PARA__L6-1.__PARA__L7-4.__PIPE__L0-off.__PIPE__L2-flatten.__PIPE__L3-flatten.__PIPE__L4-off.__TILE__L0-1.__TILE__L2-1.__TILE__L3-1.__TILE__L4-1,target,support,support,finetune_dataset,data_63.pt,3566533.0,polynormer_lite,5,50,paper_exact_seed5,0.7437028884887695,0.650641918182373,0.09306097030639648,0.6600000262260437,0.8014910817146301,0.14149105548858643,0.38999998569488525,0.44003695249557495,0.0500369668006897,0.49000000953674316,0.602962851524353,0.11296284198760986,0.5799999833106995,0.6419780254364014,0.061978042125701904
0e9358c8b4f372d2,fdtd-2d-large,fdtd-2d-large,lv2:__PARA__L0-1.__PARA__L1-1.__PARA__L2-1.__PARA__L3-1.__PARA__L4-1.__PARA__L5-8.__PARA__L6-32.__PARA__L7-16.__PIPE__L0-off.__PIPE__L2-off.__PIPE__L3-off.__PIPE__L4-off.__TILE__L0-1.__TILE__L2-1.__TILE__L3-1.__TILE__L4-1,target,support,support,finetune_dataset,data_33.pt,3990976.0,polynormer_lite,5,50,paper_exact_seed5,0.6625932455062866,0.5519097447395325,0.11068350076675415,0.10000000149011612,0.09487626701593399,0.005123734474182129,0.03999999910593033,0.045041315257549286,0.0050413161516189575,0.03999999910593033,0.04365876317024231,0.003658764064311981,0.07999999821186066,0.13170203566551208,0.05170203745365143
34c89322b1f144a2,fdtd-2d-large,fdtd-2d-large,lv2:__PARA__L0-1.__PARA__L1-32.__PARA__L2-1.__PARA__L3-1.__PARA__L4-199.__PARA__L5-8.__PARA__L6-1.__PARA__L7-32.__PIPE__L0-off.__PIPE__L2-off.__PIPE__L3-flatten.__PIPE__L4-off.__TILE__L0-1.__TILE__L2-1.__TILE__L3-1.__TILE__L4-1,target,support,support,finetune_dataset,data_66.pt,91029992.0,polynormer_lite,5,50,paper_exact_seed5,-1.5931710004806519,-1.6721975803375244,0.07902657985687256,0.5099999904632568,0.48531171679496765,0.024688273668289185,0.3199999928474426,0.3175063729286194,0.002493619918823242,0.49000000953674316,0.5410549640655518,0.051054954528808594,0.5299999713897705,0.6496796607971191,0.11967968940734863
b0762bcf12adbd4f,fdtd-2d-large,fdtd-2d-large,lv2:__PARA__L0-1.__PARA__L1-16.__PARA__L2-199.__PARA__L3-1.__PARA__L4-1.__PARA__L5-8.__PARA__L6-32.__PARA__L7-32.__PIPE__L0-off.__PIPE__L2-off.__PIPE__L3-off.__PIPE__L4-off.__TILE__L0-1.__TILE__L2-1.__TILE__L3-1.__TILE__L4-199,target,support,support,finetune_dataset,data_56.pt,12799945.0,polynormer_lite,5,50,paper_exact_seed5,-0.17806880176067352,-0.19642925262451172,0.018360450863838196,0.14000000059604645,0.12143450230360031,0.018565498292446136,0.05999999865889549,0.06735237687826157,0.007352378219366074,0.09000000357627869,0.1002478152513504,0.010247811675071716,0.25999999046325684,0.2837311029434204,0.023731112480163574
c0ce78ce07436a19,fdtd-2d-large,fdtd-2d-large,lv2:__PARA__L0-1.__PARA__L1-16.__PARA__L2-1.__PARA__L3-1.__PARA__L4-199.__PARA__L5-8.__PARA__L6-1.__PARA__L7-32.__PIPE__L0-off.__PIPE__L2-off.__PIPE__L3-flatten.__PIPE__L4-off.__TILE__L0-100.__TILE__L2-1.__TILE__L3-1.__TILE__L4-1,target,support,support,finetune_dataset,data_49.pt,91028704.0,polynormer_lite,5,50,paper_exact_seed5,-1.5931607484817505,-1.6987297534942627,0.10556900501251221,0.5099999904632568,0.5319045186042786,0.02190452814102173,0.3199999928474426,0.3534706234931946,0.03347063064575195,0.49000000953674316,0.5690080523490906,0.07900804281234741,0.5299999713897705,0.6475603580474854,0.11756038665771484
7432155d2bb5f2e8,fdtd-2d-large,fdtd-2d-large,lv2:__PARA__L0-1.__PARA__L1-32.__PARA__L2-1.__PARA__L3-1.__PARA__L4-1.__PARA__L5-1.__PARA__L6-1.__PARA__L7-1.__PIPE__L0-off.__PIPE__L2-flatten.__PIPE__L3-flatten.__PIPE__L4-flatten.__TILE__L0-1.__TILE__L2-1.__TILE__L3-1.__TILE__L4-199,target,support,support,finetune_dataset,data_62.pt,87033.0,polynormer_lite,5,50,paper_exact_seed5,3.4221107959747314,3.4926600456237793,0.07054924964904785,0.9900000095367432,1.0685545206069946,0.07855451107025146,0.5299999713897705,0.5777581930160522,0.04775822162628174,0.699999988079071,0.737650454044342,0.037650465965270996,0.5799999833106995,0.6391894817352295,0.05918949842453003
c8db8810a46a8e19,fdtd-2d-large,fdtd-2d-large,lv2:__PARA__L0-1.__PARA__L1-1.__PARA__L2-1.__PARA__L3-1.__PARA__L4-1.__PARA__L5-16.__PARA__L6-1.__PARA__L7-1.__PIPE__L0-off.__PIPE__L2-off.__PIPE__L3-flatten.__PIPE__L4-off.__TILE__L0-1.__TILE__L2-1.__TILE__L3-1.__TILE__L4-1,target,support,support,finetune_dataset,data_18.pt,5425378.0,polynormer_lite,5,50,paper_exact_seed5,0.44110220670700073,0.4700562357902527,0.028954029083251953,0.5699999928474426,0.5945213437080383,0.024521350860595703,0.3100000023841858,0.33456987142562866,0.02456986904144287,0.49000000953674316,0.5034171938896179,0.013417184352874756,0.41999998688697815,0.42666393518447876,0.00666394829750061
bdbae9041b29082c,fdtd-2d-large,fdtd-2d-large,lv2:__PARA__L0-1.__PARA__L1-1.__PARA__L2-1.__PARA__L3-1.__PARA__L4-1.__PARA__L5-1.__PARA__L6-32.__PARA__L7-1.__PIPE__L0-off.__PIPE__L2-off.__PIPE__L3-off.__PIPE__L4-off.__TILE__L0-1.__TILE__L2-1.__TILE__L3-1.__TILE__L4-1,target,support,support,finetune_dataset,data_15.pt,11098446.0,polynormer_lite,5,50,paper_exact_seed5,-0.0751788392663002,-0.061552584171295166,0.013626255095005035,0.05000000074505806,0.051661230623722076,0.0016612298786640167,0.019999999552965164,0.0298454686999321,0.009845469146966934,0.029999999329447746,0.042388588190078735,0.012388588860630989,0.07999999821186066,0.14539791643619537,0.06539791822433472
3f5ea7e68e67e5cd,fdtd-2d-large,fdtd-2d-large,lv2:__PARA__L0-1.__PARA__L1-1.__PARA__L2-1.__PARA__L3-1.__PARA__L4-1.__PARA__L5-1.__PARA__L6-1.__PARA__L7-1.__PIPE__L0-off.__PIPE__L2-off.__PIPE__L3-flatten.__PIPE__L4-off.__TILE__L0-1.__TILE__L2-1.__TILE__L3-1.__TILE__L4-1,target,support,support,finetune_dataset,data_5.pt,9604046.0,polynormer_lite,5,50,paper_exact_seed5,0.029142890125513077,0.02180159091949463,0.007341299206018448,0.49000000953674316,0.5782443284988403,0.08824431896209717,0.30000001192092896,0.3417282700538635,0.04172825813293457,0.49000000953674316,0.5191618800163269,0.02916187047958374,0.30000001192092896,0.4384342432022095,0.13843423128128052
f62329b9b17e53a9,fdtd-2d-large,fdtd-2d-large,lv2:__PARA__L0-1.__PARA__L1-8.__PARA__L2-1.__PARA__L3-1.__PARA__L4-199.__PARA__L5-8.__PARA__L6-1.__PARA__L7-32.__PIPE__L0-off.__PIPE__L2-off.__PIPE__L3-flatten.__PIPE__L4-off.__TILE__L0-1.__TILE__L2-1.__TILE__L3-1.__TILE__L4-1,target,support,support,finetune_dataset,data_75.pt,91028704.0,polynormer_lite,5,50,paper_exact_seed5,-1.5931607484817505,-1.7179346084594727,0.12477385997772217,0.5099999904632568,0.5355768799781799,0.025576889514923096,0.3199999928474426,0.3650875687599182,0.045087575912475586,0.49000000953674316,0.5592023134231567,0.06920230388641357,0.5299999713897705,0.6397366523742676,0.10973668098449707
21ddeacbed4ecd3e,fdtd-2d-large,fdtd-2d-large,lv2:__PARA__L0-1.__PARA__L1-1.__PARA__L2-1.__PARA__L3-1.__PARA__L4-1.__PARA__L5-1.__PARA__L6-1.__PARA__L7-1.__PIPE__L0-off.__PIPE__L2-off.__PIPE__L3-flatten.__PIPE__L4-flatten.__TILE__L0-1.__TILE__L2-1.__TILE__L3-1.__TILE__L4-1,target,support,support,finetune_dataset,data_4.pt,4866146.0,polynormer_lite,5,50,paper_exact_seed5,0.5195742249488831,0.47796422243118286,0.041610002517700195,0.8799999952316284,0.9582813382148743,0.07828134298324585,0.47999998927116394,0.49420398473739624,0.0142039954662323,0.699999988079071,0.6845747232437134,0.015425264835357666,0.4699999988079071,0.5880147218704224,0.11801472306251526
6e8e3db885d78bd2,fdtd-2d-large,fdtd-2d-large,lv2:__PARA__L0-1.__PARA__L1-1.__PARA__L2-1.__PARA__L3-1.__PARA__L4-1.__PARA__L5-1.__PARA__L6-8.__PARA__L7-1.__PIPE__L0-off.__PIPE__L2-off.__PIPE__L3-off.__PIPE__L4-off.__TILE__L0-1.__TILE__L2-1.__TILE__L3-1.__TILE__L4-1,target,support,support,finetune_dataset,data_17.pt,11180549.0,polynormer_lite,5,50,paper_exact_seed5,-0.08049551397562027,-0.08236289024353027,0.0018673762679100037,0.029999999329447746,0.035644613206386566,0.00564461387693882,0.009999999776482582,0.017001181840896606,0.007001182064414024,0.019999999552965164,0.040079668164253235,0.02007966861128807,0.20000000298023224,0.18714900314807892,0.01285099983215332
8728243f8d7bee49,fdtd-2d-large,fdtd-2d-large,lv2:__PARA__L0-1.__PARA__L1-1.__PARA__L2-1.__PARA__L3-1.__PARA__L4-1.__PARA__L5-32.__PARA__L6-1.__PARA__L7-1.__PIPE__L0-off.__PIPE__L2-off.__PIPE__L3-flatten.__PIPE__L4-off.__TILE__L0-1.__TILE__L2-1.__TILE__L3-1.__TILE__L4-1,target,support,support,finetune_dataset,data_22.pt,6258746.0,polynormer_lite,5,50,paper_exact_seed5,0.3380272388458252,0.319679856300354,0.01834738254547119,0.5400000214576721,0.5834193229675293,0.04341930150985718,0.33000001311302185,0.3197358250617981,0.010264188051223755,0.49000000953674316,0.4942210912704468,0.004221081733703613,0.36000001430511475,0.4430833160877228,0.08308330178260803
0df2afff91484b47,fdtd-2d-large,fdtd-2d-large,lv2:__PARA__L0-1.__PARA__L1-1.__PARA__L2-1.__PARA__L3-1.__PARA__L4-1.__PARA__L5-1.__PARA__L6-1.__PARA__L7-16.__PIPE__L0-off.__PIPE__L2-flatten.__PIPE__L3-flatten.__PIPE__L4-off.__TILE__L0-1.__TILE__L2-1.__TILE__L3-1.__TILE__L4-1,target,support,support,finetune_dataset,data_8.pt,9280846.0,polynormer_lite,5,50,paper_exact_seed5,0.05383588746190071,0.4923933446407318,0.4385574460029602,0.6600000262260437,0.7754696011543274,0.11546957492828369,0.4000000059604645,0.4412524700164795,0.041252464056015015,0.49000000953674316,0.5661634206771851,0.0761634111404419,0.5799999833106995,0.6194648742675781,0.03946489095687866
36342450c0a28278,fdtd-2d-large,fdtd-2d-large,lv2:__PARA__L0-1.__PARA__L1-1.__PARA__L2-1.__PARA__L3-1.__PARA__L4-1.__PARA__L5-8.__PARA__L6-1.__PARA__L7-8.__PIPE__L0-off.__PIPE__L2-off.__PIPE__L3-flatten.__PIPE__L4-off.__TILE__L0-1.__TILE__L2-1.__TILE__L3-1.__TILE__L4-1,target,support,support,finetune_dataset,data_31.pt,2654277.0,polynormer_lite,5,50,paper_exact_seed5,0.9568045735359192,0.8623706698417664,0.09443390369415283,0.5600000023841858,0.6331673860549927,0.07316738367080688,0.3100000023841858,0.3514147400856018,0.041414737701416016,0.49000000953674316,0.5607424378395081,0.07074242830276489,0.36000001430511475,0.4681754410266876,0.10817542672157288
9cbc317e3da96a87,fdtd-2d-large,fdtd-2d-large,lv2:__PARA__L0-1.__PARA__L1-16.__PARA__L2-1.__PARA__L3-1.__PARA__L4-1.__PARA__L5-8.__PARA__L6-32.__PARA__L7-1.__PIPE__L0-off.__PIPE__L2-off.__PIPE__L3-off.__PIPE__L4-flatten.__TILE__L0-100.__TILE__L2-1.__TILE__L3-1.__TILE__L4-1,target,support,support,finetune_dataset,data_44.pt,943474.0,polynormer_lite,5,50,paper_exact_seed5,1.7029367685317993,1.6201086044311523,0.08282816410064697,0.9200000166893005,0.877720832824707,0.042279183864593506,0.4300000071525574,0.41026848554611206,0.019731521606445312,0.699999988079071,0.6747861504554749,0.02521383762359619,0.5799999833106995,0.584631085395813,0.004631102085113525
9bb098fbfbdf133e,fdtd-2d-large,fdtd-2d-large,lv2:__PARA__L0-1.__PARA__L1-1.__PARA__L2-1.__PARA__L3-1.__PARA__L4-1.__PARA__L5-1.__PARA__L6-2.__PARA__L7-1.__PIPE__L0-off.__PIPE__L2-off.__PIPE__L3-off.__PIPE__L4-off.__TILE__L0-1.__TILE__L2-1.__TILE__L3-1.__TILE__L4-1,target,support,support,finetune_dataset,data_14.pt,14361746.0,polynormer_lite,5,50,paper_exact_seed5,-0.26111558079719543,-0.2459813356399536,0.015134245157241821,0.019999999552965164,0.025743260979652405,0.005743261426687241,0.009999999776482582,0.015264041721820831,0.005264041945338249,0.0,0.009350717067718506,0.009350717067718506,0.20000000298023224,0.2111070454120636,0.01110704243183136
8a8b760d8ccd8d93,fdtd-2d-large,fdtd-2d-large,lv2:__PARA__L0-1.__PARA__L1-1.__PARA__L2-1.__PARA__L3-1.__PARA__L4-1.__PARA__L5-1.__PARA__L6-1.__PARA__L7-1.__PIPE__L0-off.__PIPE__L2-off.__PIPE__L3-off.__PIPE__L4-flatten.__TILE__L0-1.__TILE__L2-1.__TILE__L3-1.__TILE__L4-1,target,support,support,finetune_dataset,data_6.pt,9627846.0,polynormer_lite,5,50,paper_exact_seed5,0.027357514947652817,0.12009388208389282,0.09273636341094971,0.8799999952316284,0.7990835309028625,0.08091646432876587,0.4399999976158142,0.41137582063674927,0.02862417697906494,0.699999988079071,0.6318451166152954,0.06815487146377563,0.4699999988079071,0.4724665582180023,0.002466559410095215
3ab94196b68919ce,fdtd-2d-large,fdtd-2d-large,lv2:__PARA__L0-1.__PARA__L1-1.__PARA__L2-1.__PARA__L3-1.__PARA__L4-1.__PARA__L5-4.__PARA__L6-32.__PARA__L7-1.__PIPE__L0-off.__PIPE__L2-off.__PIPE__L3-off.__PIPE__L4-off.__TILE__L0-1.__TILE__L2-1.__TILE__L3-1.__TILE__L4-1,target,support,support,finetune_dataset,data_25.pt,7476477.0,polynormer_lite,5,50,paper_exact_seed5,0.20978474617004395,0.22372806072235107,0.013943314552307129,0.05999999865889549,0.08059059828519821,0.02059059962630272,0.029999999329447746,0.035412490367889404,0.005412491038441658,0.029999999329447746,0.06175883859395981,0.03175883740186691,0.14000000059604645,0.1504960060119629,0.010496005415916443
218cd76217be5500,fdtd-2d-large,fdtd-2d-large,lv2:__PARA__L0-1.__PARA__L1-1.__PARA__L2-1.__PARA__L3-1.__PARA__L4-1.__PARA__L5-8.__PARA__L6-32.__PARA__L7-2.__PIPE__L0-off.__PIPE__L2-off.__PIPE__L3-off.__PIPE__L4-off.__TILE__L0-1.__TILE__L2-1.__TILE__L3-1.__TILE__L4-1,target,support,support,finetune_dataset,data_34.pt,5722276.0,polynormer_lite,5,50,paper_exact_seed5,0.4026695191860199,0.4458557367324829,0.04318621754646301,0.07000000029802322,0.08660566061735153,0.016605660319328308,0.019999999552965164,0.03990393877029419,0.019903939217329025,0.029999999329447746,0.05876268446445465,0.028762685135006905,0.07999999821186066,0.14845538139343262,0.06845538318157196
dc323f103342f114,fdtd-2d-large,fdtd-2d-large,lv2:__PARA__L0-1.__PARA__L1-1.__PARA__L2-1.__PARA__L3-1.__PARA__L4-1.__PARA__L5-8.__PARA__L6-1.__PARA__L7-2.__PIPE__L0-off.__PIPE__L2-off.__PIPE__L3-flatten.__PIPE__L4-off.__TILE__L0-1.__TILE__L2-1.__TILE__L3-1.__TILE__L4-1,target,support,support,finetune_dataset,data_28.pt,4325877.0,polynormer_lite,5,50,paper_exact_seed5,0.6044677495956421,0.5983461141586304,0.006121635437011719,0.5699999928474426,0.5347232222557068,0.03527677059173584,0.3100000023841858,0.2948058247566223,0.015194177627563477,0.49000000953674316,0.466449499130249,0.02355051040649414,0.36000001430511475,0.38832688331604004,0.028326869010925293
224f94460b242ec7,fdtd-2d-large,fdtd-2d-large,lv2:__PARA__L0-1.__PARA__L1-16.__PARA__L2-199.__PARA__L3-1.__PARA__L4-1.__PARA__L5-8.__PARA__L6-32.__PARA__L7-32.__PIPE__L0-off.__PIPE__L2-off.__PIPE__L3-off.__PIPE__L4-off.__TILE__L0-100.__TILE__L2-1.__TILE__L3-1.__TILE__L4-1,target,support,support,finetune_dataset,data_57.pt,12799945.0,polynormer_lite,5,50,paper_exact_seed5,-0.17806880176067352,-0.1808866262435913,0.0028178244829177856,0.14000000059604645,0.11263429373502731,0.027365706861019135,0.05999999865889549,0.06762869656085968,0.007628697901964188,0.09000000357627869,0.0972941666841507,0.007294163107872009,0.25999999046325684,0.2634676396846771,0.003467649221420288
36990602b2941261,fdtd-2d-large,fdtd-2d-large,lv2:__PARA__L0-1.__PARA__L1-1.__PARA__L2-1.__PARA__L3-1.__PARA__L4-1.__PARA__L5-1.__PARA__L6-1.__PARA__L7-1.__PIPE__L0-off.__PIPE__L2-flatten.__PIPE__L3-off.__PIPE__L4-off.__TILE__L0-1.__TILE__L2-1.__TILE__L3-1.__TILE__L4-1,target,support,support,finetune_dataset,data_3.pt,9607448.0,polynormer_lite,5,50,paper_exact_seed5,0.028887415304780006,0.026049137115478516,0.002838278189301491,0.49000000953674316,0.6029724478721619,0.1129724383354187,0.20999999344348907,0.3494020700454712,0.13940207660198212,0.49000000953674316,0.5311878323554993,0.041187822818756104,0.41999998688697815,0.4413577914237976,0.021357804536819458
