sample_id,kernel,gname,key,dataset_role,split,support_query,cache_split,file_name,actual_perf,model,seed,k,selection,y_true_perf,y_pred_perf,abs_err_perf,y_true_util_LUT,y_pred_util_LUT,abs_err_util_LUT,y_true_util_FF,y_pred_util_FF,abs_err_util_FF,y_true_util_DSP,y_pred_util_DSP,abs_err_util_DSP,y_true_util_BRAM,y_pred_util_BRAM,abs_err_util_BRAM
de76b51eb645d686,syr2k,syr2k,lv2:__PARA__L0-1.__PARA__L1-8.__PARA__L2-5.__PARA__L3-80.__PIPE__L0-off.__PIPE__L2-NA.__TILE__L0-1.__TILE__L2-1,target,support,support,finetune_dataset,data_1030.pt,53287.0,polynormer_lite,2,50,paper_exact_seed2,3.7760002613067627,3.9610891342163086,0.1850888729095459,0.10999999940395355,0.1090044379234314,0.0009955614805221558,0.07000000029802322,0.0597667396068573,0.010233260691165924,0.029999999329447746,0.01698128879070282,0.013018710538744926,0.05999999865889549,0.049329973757267,0.010670024901628494
c64f6f43879e6cb6,syr2k,syr2k,lv2:__PARA__L0-1.__PARA__L1-1.__PARA__L2-1.__PARA__L3-2.__PIPE__L0-off.__PIPE__L2-off.__TILE__L0-1.__TILE__L2-1,target,support,support,finetune_dataset,data_921.pt,341981.0,polynormer_lite,2,50,paper_exact_seed2,2.434969902038574,2.724950075149536,0.2899801731109619,0.009999999776482582,0.03840336203575134,0.02840336225926876,0.0,-0.021261587738990784,0.021261587738990784,0.0,0.0006961077451705933,0.0006961077451705933,0.029999999329447746,0.04814819246530533,0.018148193135857582
3e62e93928fad10e,syr2k,syr2k,lv2:__PARA__L0-1.__PARA__L1-4.__PARA__L2-2.__PARA__L3-80.__PIPE__L0-off.__PIPE__L2-off.__TILE__L0-1.__TILE__L2-1,target,support,support,finetune_dataset,data_1012.pt,49183.0,polynormer_lite,2,50,paper_exact_seed2,3.8338122367858887,3.878847599029541,0.045035362243652344,0.10999999940395355,0.08429805934429169,0.025701940059661865,0.05000000074505806,0.022368744015693665,0.027631256729364395,0.029999999329447746,0.015424571931362152,0.014575427398085594,0.05000000074505806,0.047329749912023544,0.0026702508330345154
836ae386a69d9da6,syr2k,syr2k,lv2:__PARA__L0-1.__PARA__L1-1.__PARA__L2-4.__PARA__L3-1.__PIPE__L0-off.__PIPE__L2-flatten.__TILE__L0-1.__TILE__L2-4,target,support,support,finetune_dataset,data_953.pt,137307.0,polynormer_lite,2,50,paper_exact_seed2,3.0932254791259766,3.0988705158233643,0.005645036697387695,0.17000000178813934,0.1438501626253128,0.026149839162826538,0.10000000149011612,0.08912498503923416,0.010875016450881958,0.019999999552965164,0.03217422217130661,0.012174222618341446,0.009999999776482582,0.011535078287124634,0.0015350785106420517
b2583f4d8e1d72d3,syr2k,syr2k,lv2:__PARA__L0-1.__PARA__L1-1.__PARA__L2-2.__PARA__L3-1.__PIPE__L0-off.__PIPE__L2-flatten.__TILE__L0-1.__TILE__L2-2,target,support,support,finetune_dataset,data_939.pt,299271.0,polynormer_lite,2,50,paper_exact_seed2,2.5312018394470215,2.5069053173065186,0.02429652214050293,0.10999999940395355,0.1324753612279892,0.022475361824035645,0.07000000029802322,0.1049077957868576,0.03490779548883438,0.019999999552965164,0.0900680422782898,0.07006804645061493,0.019999999552965164,0.0452197790145874,0.025219779461622238
c6bb6863b81bcca5,syr2k,syr2k,lv2:__PARA__L0-1.__PARA__L1-1.__PARA__L2-3.__PARA__L3-1.__PIPE__L0-off.__PIPE__L2-flatten.__TILE__L0-1.__TILE__L2-1,target,support,support,finetune_dataset,data_945.pt,58811.0,polynormer_lite,2,50,paper_exact_seed2,3.7048492431640625,3.845221519470215,0.14037227630615234,0.07999999821186066,0.11940401047468185,0.0394040122628212,0.05000000074505806,0.04358382523059845,0.00641617551445961,0.029999999329447746,0.006811201572418213,0.023188797757029533,0.05000000074505806,0.04162877798080444,0.008371222764253616
0e54b1930d7346eb,syr2k,syr2k,lv2:__PARA__L0-1.__PARA__L1-32.__PARA__L2-1.__PARA__L3-16.__PIPE__L0-off.__PIPE__L2-off.__TILE__L0-1.__TILE__L2-1,target,support,support,finetune_dataset,data_1006.pt,169901.0,polynormer_lite,2,50,paper_exact_seed2,2.9395809173583984,3.092498302459717,0.15291738510131836,0.03999999910593033,0.06766105443239212,0.027661055326461792,0.019999999552965164,0.014358088374137878,0.005641911178827286,0.05000000074505806,0.02757374197244644,0.022426258772611618,0.07999999821186066,0.05701322853565216,0.022986769676208496
e566095625c0d782,syr2k,syr2k,lv2:__PARA__L0-1.__PARA__L1-1.__PARA__L2-4.__PARA__L3-80.__PIPE__L0-off.__PIPE__L2-off.__TILE__L0-1.__TILE__L2-1,target,support,support,finetune_dataset,data_956.pt,51581.0,polynormer_lite,2,50,paper_exact_seed2,3.7994723320007324,3.889420986175537,0.08994865417480469,0.09000000357627869,0.09502659738063812,0.005026593804359436,0.05000000074505806,0.03336931765079498,0.016630683094263077,0.029999999329447746,0.015422612428665161,0.014577386900782585,0.05000000074505806,0.04682750999927521,0.003172490745782852
10184b53b46431f3,syr2k,syr2k,lv2:__PARA__L0-1.__PARA__L1-1.__PARA__L2-1.__PARA__L3-1.__PIPE__L0-off.__PIPE__L2-flatten.__TILE__L0-1.__TILE__L2-8,target,support,support,finetune_dataset,data_917.pt,195227.0,polynormer_lite,2,50,paper_exact_seed2,2.8393518924713135,2.9868078231811523,0.14745593070983887,0.1599999964237213,0.11616738140583038,0.04383261501789093,0.09000000357627869,0.06254922598600388,0.02745077759027481,0.019999999552965164,0.03957325965166092,0.019573260098695755,0.009999999776482582,0.0284452885389328,0.018445288762450218
0bb1acf1c6bdd6ca,syr2k,syr2k,lv2:__PARA__L0-1.__PARA__L1-1.__PARA__L2-1.__PARA__L3-16.__PIPE__L0-off.__PIPE__L2-off.__TILE__L0-1.__TILE__L2-1,target,support,support,finetune_dataset,data_920.pt,173981.0,polynormer_lite,2,50,paper_exact_seed2,2.9224631786346436,2.9857754707336426,0.06331229209899902,0.029999999329447746,0.05389636009931564,0.023896360769867897,0.009999999776482582,-0.0009364932775497437,0.010936493054032326,0.05000000074505806,0.018164485692977905,0.031835515052080154,0.07999999821186066,0.05525894835591316,0.024741049855947495
275dbf1f298d56dc,syr2k,syr2k,lv2:__PARA__L0-1.__PARA__L1-4.__PARA__L2-5.__PARA__L3-80.__PIPE__L0-off.__PIPE__L2-NA.__TILE__L0-1.__TILE__L2-1,target,support,support,finetune_dataset,data_1016.pt,54007.0,polynormer_lite,2,50,paper_exact_seed2,3.7663190364837646,3.9504010677337646,0.18408203125,0.10999999940395355,0.10159764438867569,0.008402355015277863,0.07000000029802322,0.050808683037757874,0.01919131726026535,0.029999999329447746,0.01342599093914032,0.016574008390307426,0.05999999865889549,0.047883789986371994,0.012116208672523499
9c5fe47a7f3371ca,syr2k,syr2k,lv2:__PARA__L0-1.__PARA__L1-1.__PARA__L2-1.__PARA__L3-1.__PIPE__L0-off.__PIPE__L2-flatten.__TILE__L0-1.__TILE__L2-1,target,support,support,finetune_dataset,data_913.pt,75021.0,polynormer_lite,2,50,paper_exact_seed2,3.529244899749756,3.8021843433380127,0.27293944358825684,0.09000000357627869,0.11636675894260406,0.02636675536632538,0.03999999910593033,0.027309998869895935,0.012690000236034393,0.03999999910593033,0.009866222739219666,0.030133776366710663,0.05000000074505806,0.04363234341144562,0.006367657333612442
0bc9dfce5103edff,syr2k,syr2k,lv2:__PARA__L0-1.__PARA__L1-2.__PARA__L2-4.__PARA__L3-1.__PIPE__L0-off.__PIPE__L2-flatten.__TILE__L0-1.__TILE__L2-1,target,support,support,finetune_dataset,data_996.pt,48381.0,polynormer_lite,2,50,paper_exact_seed2,3.8456718921661377,3.8987815380096436,0.05310964584350586,0.09000000357627869,0.11737474799156189,0.027374744415283203,0.05000000074505806,0.041519418358802795,0.008480582386255264,0.029999999329447746,0.0052405595779418945,0.024759439751505852,0.05000000074505806,0.041246235370635986,0.008753765374422073
555a887ab9d454ef,syr2k,syr2k,lv2:__PARA__L0-1.__PARA__L1-8.__PARA__L2-1.__PARA__L3-16.__PIPE__L0-off.__PIPE__L2-off.__TILE__L0-1.__TILE__L2-1,target,support,support,finetune_dataset,data_1019.pt,168381.0,polynormer_lite,2,50,paper_exact_seed2,2.94606351852417,3.143984317779541,0.1979207992553711,0.03999999910593033,0.055767178535461426,0.015767179429531097,0.009999999776482582,0.003921538591384888,0.006078461185097694,0.05000000074505806,0.02283775806427002,0.02716224268078804,0.07999999821186066,0.05812796950340271,0.021872028708457947
bae8fa957b07dc0f,syr2k,syr2k,lv2:__PARA__L0-1.__PARA__L1-1.__PARA__L2-10.__PARA__L3-1.__PIPE__L0-off.__PIPE__L2-flatten.__TILE__L0-1.__TILE__L2-2,target,support,support,finetune_dataset,data_930.pt,123349.0,polynormer_lite,2,50,paper_exact_seed2,3.1705551147460938,3.243704080581665,0.07314896583557129,0.18000000715255737,0.17851445078849792,0.0014855563640594482,0.10999999940395355,0.12522238492965698,0.01522238552570343,0.019999999552965164,0.026514433324337006,0.006514433771371841,0.009999999776482582,0.02404163032770157,0.014041630551218987
7547cdfc13259299,syr2k,syr2k,lv2:__PARA__L0-1.__PARA__L1-2.__PARA__L2-1.__PARA__L3-32.__PIPE__L0-off.__PIPE__L2-off.__TILE__L0-1.__TILE__L2-1,target,support,support,finetune_dataset,data_986.pt,2002129.0,polynormer_lite,2,50,paper_exact_seed2,1.1601965427398682,1.0628489255905151,0.09734761714935303,0.10000000149011612,0.07260791957378387,0.027392081916332245,0.03999999910593033,0.04273433983325958,0.002734340727329254,0.10000000149011612,0.0713474452495575,0.028652556240558624,0.019999999552965164,0.03370729833841324,0.013707298785448074
504cc116f687b53b,syr2k,syr2k,lv2:__PARA__L0-1.__PARA__L1-1.__PARA__L2-2.__PARA__L3-1.__PIPE__L0-off.__PIPE__L2-flatten.__TILE__L0-1.__TILE__L2-8,target,support,support,finetune_dataset,data_941.pt,136347.0,polynormer_lite,2,50,paper_exact_seed2,3.0982866287231445,3.1777398586273193,0.0794532299041748,0.18000000715255737,0.12911063432693481,0.05088937282562256,0.09000000357627869,0.06689398735761642,0.023106016218662262,0.019999999552965164,0.024781614542007446,0.004781614989042282,0.009999999776482582,0.01214587688446045,0.002145877107977867
7f598e1a5b204938,syr2k,syr2k,lv2:__PARA__L0-1.__PARA__L1-1.__PARA__L2-1.__PARA__L3-8.__PIPE__L0-off.__PIPE__L2-off.__TILE__L0-1.__TILE__L2-1,target,support,support,finetune_dataset,data_926.pt,197981.0,polynormer_lite,2,50,paper_exact_seed2,2.829246997833252,2.9583823680877686,0.1291353702545166,0.019999999552965164,0.0468171164393425,0.026817116886377335,0.009999999776482582,-0.00949336588382721,0.01949336566030979,0.019999999552965164,0.01025911420583725,0.009740885347127914,0.05000000074505806,0.052772946655750275,0.002772945910692215
5be48de24ad76cd8,syr2k,syr2k,lv2:__PARA__L0-1.__PARA__L1-8.__PARA__L2-1.__PARA__L3-80.__PIPE__L0-off.__PIPE__L2-NA.__TILE__L0-1.__TILE__L2-1,target,support,support,finetune_dataset,data_1022.pt,69501.0,polynormer_lite,2,50,paper_exact_seed2,3.5843753814697266,3.8233518600463867,0.23897647857666016,0.10000000149011612,0.09808635711669922,0.0019136443734169006,0.03999999910593033,0.03141605854034424,0.00858394056558609,0.03999999910593033,0.017288915812969208,0.02271108329296112,0.05000000074505806,0.05206010863184929,0.0020601078867912292
4187821acffb4d42,syr2k,syr2k,lv2:__PARA__L0-1.__PARA__L1-2.__PARA__L2-3.__PARA__L3-80.__PIPE__L0-off.__PIPE__L2-off.__TILE__L0-1.__TILE__L2-1,target,support,support,finetune_dataset,data_995.pt,55611.0,polynormer_lite,2,50,paper_exact_seed2,3.7452070713043213,3.90034818649292,0.15514111518859863,0.07999999821186066,0.08630327135324478,0.006303273141384125,0.05000000074505806,0.025434285402297974,0.024565715342760086,0.029999999329447746,0.013710446655750275,0.01628955267369747,0.05000000074505806,0.04622368514537811,0.003776315599679947
5cf7d8cc09de0429,syr2k,syr2k,lv2:__PARA__L0-1.__PARA__L1-4.__PARA__L2-1.__PARA__L3-80.__PIPE__L0-off.__PIPE__L2-NA.__TILE__L0-1.__TILE__L2-1,target,support,support,finetune_dataset,data_1009.pt,70221.0,polynormer_lite,2,50,paper_exact_seed2,3.5769407749176025,3.8106327056884766,0.23369193077087402,0.10000000149011612,0.09271025657653809,0.0072897449135780334,0.03999999910593033,0.024406328797340393,0.015593670308589935,0.03999999910593033,0.013785190880298615,0.026214808225631714,0.05000000074505806,0.050623320043087006,0.0006233192980289459
8f674109f29f697d,syr2k,syr2k,lv2:__PARA__L0-1.__PARA__L1-2.__PARA__L2-2.__PARA__L3-1.__PIPE__L0-off.__PIPE__L2-flatten.__TILE__L0-1.__TILE__L2-1,target,support,support,finetune_dataset,data_990.pt,50783.0,polynormer_lite,2,50,paper_exact_seed2,3.8107192516326904,3.9121201038360596,0.10140085220336914,0.10999999940395355,0.11628612875938416,0.006286129355430603,0.05000000074505806,0.03378595411777496,0.016214046627283096,0.029999999329447746,0.006409168243408203,0.023590831086039543,0.05000000074505806,0.04170144349336624,0.008298557251691818
09322ccf332b047c,syr2k,syr2k,lv2:__PARA__L0-1.__PARA__L1-1.__PARA__L2-8.__PARA__L3-80.__PIPE__L0-off.__PIPE__L2-NA.__TILE__L0-1.__TILE__L2-1,target,support,support,finetune_dataset,data_972.pt,57779.0,polynormer_lite,2,50,paper_exact_seed2,3.7176194190979004,3.9069252014160156,0.18930578231811523,0.2199999988079071,0.10671120882034302,0.11328878998756409,0.11999999731779099,0.04957641661167145,0.07042358070611954,0.029999999329447746,0.01570834219455719,0.014291657134890556,0.05000000074505806,0.047672759741544724,0.002327241003513336
cae64cd969998749,syr2k,syr2k,lv2:__PARA__L0-1.__PARA__L1-16.__PARA__L2-3.__PARA__L3-80.__PIPE__L0-off.__PIPE__L2-NA.__TILE__L0-1.__TILE__L2-1,target,support,support,finetune_dataset,data_981.pt,52811.0,polynormer_lite,2,50,paper_exact_seed2,3.782472848892212,3.9366650581359863,0.15419220924377441,0.07999999821186066,0.11121445894241333,0.031214460730552673,0.05000000074505806,0.056350335478782654,0.006350334733724594,0.029999999329447746,0.01920531690120697,0.010794682428240776,0.05000000074505806,0.05071260780096054,0.0007126070559024811
386d0232d7b527fa,syr2k,syr2k,lv2:__PARA__L0-1.__PARA__L1-1.__PARA__L2-2.__PARA__L3-80.__PIPE__L0-off.__PIPE__L2-NA.__TILE__L0-1.__TILE__L2-1,target,support,support,finetune_dataset,data_942.pt,53983.0,polynormer_lite,2,50,paper_exact_seed2,3.766639471054077,3.8064422607421875,0.03980278968811035,0.10999999940395355,0.09547388553619385,0.014526113867759705,0.05000000074505806,0.027289122343063354,0.022710878401994705,0.029999999329447746,0.012031659483909607,0.01796833984553814,0.05000000074505806,0.04832105338573456,0.0016789473593235016
76568d6ea0ffdca1,syr2k,syr2k,lv2:__PARA__L0-1.__PARA__L1-4.__PARA__L2-2.__PARA__L3-80.__PIPE__L0-off.__PIPE__L2-NA.__TILE__L0-1.__TILE__L2-1,target,support,support,finetune_dataset,data_1011.pt,49183.0,polynormer_lite,2,50,paper_exact_seed2,3.8338122367858887,3.8758769035339355,0.042064666748046875,0.10999999940395355,0.09489241242408752,0.015107586979866028,0.05000000074505806,0.032837674021720886,0.017162326723337173,0.029999999329447746,0.012666359543800354,0.017333639785647392,0.05000000074505806,0.048973746597766876,0.0010262541472911835
6e7dc87d3b844561,syr2k,syr2k,lv2:__PARA__L0-1.__PARA__L1-1.__PARA__L2-3.__PARA__L3-1.__PIPE__L0-off.__PIPE__L2-flatten.__TILE__L0-1.__TILE__L2-8,target,support,support,finetune_dataset,data_948.pt,136186.0,polynormer_lite,2,50,paper_exact_seed2,3.0991389751434326,3.258843421936035,0.15970444679260254,0.11999999731779099,0.1365397572517395,0.016539759933948517,0.10000000149011612,0.072199746966362,0.02780025452375412,0.019999999552965164,0.017145976424217224,0.00285402312874794,0.029999999329447746,0.006615310907363892,0.023384688422083855
d56de68b5818f2c0,syr2k,syr2k,lv2:__PARA__L0-1.__PARA__L1-2.__PARA__L2-2.__PARA__L3-80.__PIPE__L0-off.__PIPE__L2-off.__TILE__L0-1.__TILE__L2-1,target,support,support,finetune_dataset,data_992.pt,50783.0,polynormer_lite,2,50,paper_exact_seed2,3.8107192516326904,3.84336519241333,0.03264594078063965,0.10999999940395355,0.08083473145961761,0.029165267944335938,0.05000000074505806,0.01563231647014618,0.03436768427491188,0.029999999329447746,0.013844132423400879,0.016155866906046867,0.05000000074505806,0.04632530361413956,0.003674697130918503
6b4151c6c70b25a0,syr2k,syr2k,lv2:__PARA__L0-1.__PARA__L1-8.__PARA__L2-1.__PARA__L3-80.__PIPE__L0-off.__PIPE__L2-off.__TILE__L0-1.__TILE__L2-1,target,support,support,finetune_dataset,data_1023.pt,69501.0,polynormer_lite,2,50,paper_exact_seed2,3.5843753814697266,3.7712225914001465,0.18684720993041992,0.10000000149011612,0.08583986759185791,0.01416013389825821,0.03999999910593033,0.021322444081306458,0.01867755502462387,0.03999999910593033,0.02122122049331665,0.018778778612613678,0.05000000074505806,0.04991624876856804,8.375197649002075e-05
4774b62b72a175a9,syr2k,syr2k,lv2:__PARA__L0-1.__PARA__L1-2.__PARA__L2-6.__PARA__L3-80.__PIPE__L0-off.__PIPE__L2-NA.__TILE__L0-1.__TILE__L2-1,target,support,support,finetune_dataset,data_1003.pt,50701.0,polynormer_lite,2,50,paper_exact_seed2,3.811885118484497,3.9290804862976074,0.11719536781311035,0.11999999731779099,0.09964348375797272,0.020356513559818268,0.07000000029802322,0.043924763798713684,0.02607523649930954,0.029999999329447746,0.012722909450531006,0.01727708987891674,0.05000000074505806,0.0469251349568367,0.0030748657882213593
a38d96984259f519,syr2k,syr2k,lv2:__PARA__L0-1.__PARA__L1-8.__PARA__L2-2.__PARA__L3-80.__PIPE__L0-off.__PIPE__L2-off.__TILE__L0-1.__TILE__L2-1,target,support,support,finetune_dataset,data_1025.pt,48463.0,polynormer_lite,2,50,paper_exact_seed2,3.8444502353668213,3.888761043548584,0.044310808181762695,0.10999999940395355,0.08954907953739166,0.02045091986656189,0.05000000074505806,0.0292508602142334,0.02074914053082466,0.029999999329447746,0.01887909322977066,0.011120906099677086,0.05000000074505806,0.04872949421405792,0.0012705065310001373
5499c8364cd4ba73,syr2k,syr2k,lv2:__PARA__L0-1.__PARA__L1-2.__PARA__L2-1.__PARA__L3-80.__PIPE__L0-off.__PIPE__L2-NA.__TILE__L0-1.__TILE__L2-1,target,support,support,finetune_dataset,data_987.pt,71821.0,polynormer_lite,2,50,paper_exact_seed2,3.5606892108917236,3.7717950344085693,0.2111058235168457,0.09000000357627869,0.08979323506355286,0.00020676851272583008,0.03999999910593033,0.017546504735946655,0.022453494369983673,0.03999999910593033,0.012246459722518921,0.027753539383411407,0.05000000074505806,0.04958941042423248,0.0004105903208255768
3caf27e8d55488b0,syr2k,syr2k,lv2:__PARA__L0-1.__PARA__L1-8.__PARA__L2-2.__PARA__L3-80.__PIPE__L0-off.__PIPE__L2-NA.__TILE__L0-1.__TILE__L2-1,target,support,support,finetune_dataset,data_1024.pt,48463.0,polynormer_lite,2,50,paper_exact_seed2,3.8444502353668213,3.886847496032715,0.042397260665893555,0.10999999940395355,0.10027982294559479,0.009720176458358765,0.05000000074505806,0.03988565504550934,0.010114345699548721,0.029999999329447746,0.016168683767318726,0.01383131556212902,0.05000000074505806,0.050404902547597885,0.00040490180253982544
5ae5480f40dee700,syr2k,syr2k,lv2:__PARA__L0-1.__PARA__L1-1.__PARA__L2-20.__PARA__L3-1.__PIPE__L0-off.__PIPE__L2-flatten.__TILE__L0-1.__TILE__L2-2,target,support,support,finetune_dataset,data_944.pt,106747.0,polynormer_lite,2,50,paper_exact_seed2,3.2748303413391113,3.2412831783294678,0.033547163009643555,0.3199999928474426,0.20937231183052063,0.110627681016922,0.5099999904632568,0.24094456434249878,0.26905542612075806,0.03999999910593033,-0.030445381999015808,0.07044538110494614,0.029999999329447746,0.042935848236083984,0.012935848906636238
3c68f4e92bb140ff,syr2k,syr2k,lv2:__PARA__L0-1.__PARA__L1-1.__PARA__L2-3.__PARA__L3-1.__PIPE__L0-off.__PIPE__L2-flatten.__TILE__L0-1.__TILE__L2-2,target,support,support,finetune_dataset,data_946.pt,232897.0,polynormer_lite,2,50,paper_exact_seed2,2.7120821475982666,2.7175161838531494,0.0054340362548828125,0.07999999821186066,0.13570182025432587,0.05570182204246521,0.05000000074505806,0.10559114813804626,0.055591147392988205,0.019999999552965164,0.07472120225429535,0.054721202701330185,0.019999999552965164,0.03521134704351425,0.015211347490549088
473a8504bbc3f8c3,syr2k,syr2k,lv2:__PARA__L0-1.__PARA__L1-4.__PARA__L2-1.__PARA__L3-20.__PIPE__L0-off.__PIPE__L2-off.__TILE__L0-1.__TILE__L2-1,target,support,support,finetune_dataset,data_1008.pt,165169.0,polynormer_lite,2,50,paper_exact_seed2,2.959956645965576,3.1094448566436768,0.14948821067810059,0.07000000029802322,0.055126115679740906,0.014873884618282318,0.029999999329447746,0.00033201277256011963,0.029667986556887627,0.07999999821186066,0.018689461052417755,0.0613105371594429,0.019999999552965164,0.05624343454837799,0.03624343499541283
fe97f1c7f7557306,syr2k,syr2k,lv2:__PARA__L0-1.__PARA__L1-1.__PARA__L2-1.__PARA__L3-1.__PIPE__L0-off.__PIPE__L2-flatten.__TILE__L0-1.__TILE__L2-4,target,support,support,finetune_dataset,data_915.pt,296869.0,polynormer_lite,2,50,paper_exact_seed2,2.537014961242676,2.4769959449768066,0.06001901626586914,0.09000000357627869,0.12269940227270126,0.03269939869642258,0.05999999865889549,0.09813427180051804,0.03813427314162254,0.019999999552965164,0.0881415456533432,0.06814154982566833,0.009999999776482582,0.047722600400447845,0.03772260248661041
eba61534fab39817,syr2k,syr2k,lv2:__PARA__L0-1.__PARA__L1-1.__PARA__L2-2.__PARA__L3-1.__PIPE__L0-off.__PIPE__L2-flatten.__TILE__L0-1.__TILE__L2-1,target,support,support,finetune_dataset,data_938.pt,53983.0,polynormer_lite,2,50,paper_exact_seed2,3.766639471054077,3.8568952083587646,0.0902557373046875,0.10999999940395355,0.11777488887310028,0.0077748894691467285,0.05000000074505806,0.038110509514808655,0.011889491230249405,0.029999999329447746,0.00745701789855957,0.022542981430888176,0.05000000074505806,0.04187125712633133,0.00812874361872673
f40fd44b5e21918b,syr2k,syr2k,lv2:__PARA__L0-1.__PARA__L1-1.__PARA__L2-1.__PARA__L3-80.__PIPE__L0-off.__PIPE__L2-off.__TILE__L0-1.__TILE__L2-1,target,support,support,finetune_dataset,data_928.pt,75021.0,polynormer_lite,2,50,paper_exact_seed2,3.529244899749756,3.6370015144348145,0.1077566146850586,0.09000000357627869,0.08302662521600723,0.006973378360271454,0.03999999910593033,0.0166713148355484,0.023328684270381927,0.03999999910593033,0.017227865755558014,0.022772133350372314,0.05000000074505806,0.04790779948234558,0.0020922012627124786
1584d7550bc70b91,syr2k,syr2k,lv2:__PARA__L0-1.__PARA__L1-2.__PARA__L2-6.__PARA__L3-1.__PIPE__L0-off.__PIPE__L2-flatten.__TILE__L0-1.__TILE__L2-1,target,support,support,finetune_dataset,data_1002.pt,50701.0,polynormer_lite,2,50,paper_exact_seed2,3.811885118484497,3.895021915435791,0.08313679695129395,0.11999999731779099,0.11923348903656006,0.0007665082812309265,0.07000000029802322,0.04462966322898865,0.025370337069034576,0.029999999329447746,0.004126802086830139,0.025873197242617607,0.05000000074505806,0.04115846008062363,0.008841540664434433
b23d5c1afc604565,syr2k,syr2k,lv2:__PARA__L0-1.__PARA__L1-1.__PARA__L2-6.__PARA__L3-1.__PIPE__L0-off.__PIPE__L2-flatten.__TILE__L0-1.__TILE__L2-2,target,support,support,finetune_dataset,data_964.pt,153269.0,polynormer_lite,2,50,paper_exact_seed2,3.013895034790039,3.0421910285949707,0.02829599380493164,0.11999999731779099,0.15218570828437805,0.03218571096658707,0.07999999821186066,0.10942018777132034,0.029420189559459686,0.019999999552965164,0.04875908046960831,0.028759080916643143,0.019999999552965164,0.025384187698364258,0.005384188145399094
8983256af8020ec5,syr2k,syr2k,lv2:__PARA__L0-1.__PARA__L1-2.__PARA__L2-1.__PARA__L3-16.__PIPE__L0-off.__PIPE__L2-off.__TILE__L0-1.__TILE__L2-1,target,support,support,finetune_dataset,data_984.pt,170781.0,polynormer_lite,2,50,paper_exact_seed2,2.935854434967041,3.0539355278015137,0.11808109283447266,0.03999999910593033,0.050322651863098145,0.010322652757167816,0.009999999776482582,-0.004381075501441956,0.014381075277924538,0.05000000074505806,0.013999700546264648,0.03600030019879341,0.07999999821186066,0.054950740188360214,0.025049258023500443
396f10a14a6777c8,syr2k,syr2k,lv2:__PARA__L0-1.__PARA__L1-1.__PARA__L2-6.__PARA__L3-1.__PIPE__L0-off.__PIPE__L2-flatten.__TILE__L0-1.__TILE__L2-4,target,support,support,finetune_dataset,data_965.pt,127037.0,polynormer_lite,2,50,paper_exact_seed2,3.149303674697876,3.2461204528808594,0.0968167781829834,0.18000000715255737,0.15395262837409973,0.02604737877845764,0.10999999940395355,0.0913413017988205,0.018658697605133057,0.019999999552965164,0.01880154013633728,0.001198459416627884,0.019999999552965164,0.007715888321399689,0.012284111231565475
de480fa449fa3d49,syr2k,syr2k,lv2:__PARA__L0-1.__PARA__L1-2.__PARA__L2-8.__PARA__L3-1.__PIPE__L0-off.__PIPE__L2-flatten.__TILE__L0-1.__TILE__L2-1,target,support,support,finetune_dataset,data_1005.pt,54579.0,polynormer_lite,2,50,paper_exact_seed2,3.7587192058563232,3.891885757446289,0.13316655158996582,0.2199999988079071,0.12173595279455185,0.09826404601335526,0.11999999731779099,0.04794180393218994,0.07205819338560104,0.029999999329447746,0.0029089748859405518,0.027091024443507195,0.05000000074505806,0.04120305925607681,0.008796941488981247
47f6594af7e229e8,syr2k,syr2k,lv2:__PARA__L0-1.__PARA__L1-8.__PARA__L2-4.__PARA__L3-80.__PIPE__L0-off.__PIPE__L2-NA.__TILE__L0-1.__TILE__L2-1,target,support,support,finetune_dataset,data_1028.pt,46061.0,polynormer_lite,2,50,paper_exact_seed2,3.8811192512512207,3.9475319385528564,0.06641268730163574,0.10000000149011612,0.10603122413158417,0.006031222641468048,0.05999999865889549,0.05506295710802078,0.00493704155087471,0.029999999329447746,0.016316227614879608,0.013683771714568138,0.05000000074505806,0.04939207434654236,0.0006079263985157013
1c06b9a5b5fe70d6,syr2k,syr2k,lv2:__PARA__L0-1.__PARA__L1-1.__PARA__L2-4.__PARA__L3-1.__PIPE__L0-off.__PIPE__L2-flatten.__TILE__L0-1.__TILE__L2-2,target,support,support,finetune_dataset,data_952.pt,198587.0,polynormer_lite,2,50,paper_exact_seed2,2.827042579650879,2.856130599975586,0.02908802032470703,0.17000000178813934,0.14116361737251282,0.028836384415626526,0.10000000149011612,0.10767513513565063,0.007675133645534515,0.019999999552965164,0.06426282227039337,0.04426282271742821,0.009999999776482582,0.0303490087389946,0.020349008962512016
a3af9f64623a88cb,syr2k,syr2k,lv2:__PARA__L0-1.__PARA__L1-1.__PARA__L2-1.__PARA__L3-1.__PIPE__L0-off.__PIPE__L2-flatten.__TILE__L0-1.__TILE__L2-2,target,support,support,finetune_dataset,data_914.pt,524871.0,polynormer_lite,2,50,paper_exact_seed2,2.1259467601776123,2.202120065689087,0.07617330551147461,0.10999999940395355,0.13307423889636993,0.023074239492416382,0.05999999865889549,0.10875257849693298,0.04875257983803749,0.019999999552965164,0.11175066232681274,0.09175066649913788,0.009999999776482582,0.06360779702663422,0.05360779911279678
26e4e575e0a5581e,syr2k,syr2k,lv2:__PARA__L0-1.__PARA__L1-1.__PARA__L2-6.__PARA__L3-1.__PIPE__L0-off.__PIPE__L2-flatten.__TILE__L0-1.__TILE__L2-1,target,support,support,finetune_dataset,data_963.pt,53901.0,polynormer_lite,2,50,paper_exact_seed2,3.7677361965179443,3.834137439727783,0.06640124320983887,0.11999999731779099,0.12325384467840195,0.003253847360610962,0.07000000029802322,0.049221113324165344,0.02077888697385788,0.029999999329447746,0.00518035888671875,0.024819640442728996,0.05000000074505806,0.041456591337919235,0.008543409407138824
6b31bb7a69b02d12,syr2k,syr2k,lv2:__PARA__L0-1.__PARA__L1-1.__PARA__L2-1.__PARA__L3-1.__PIPE__L0-off.__PIPE__L2-flatten.__TILE__L0-1.__TILE__L2-60,target,support,support,finetune_dataset,data_916.pt,75021.0,polynormer_lite,2,50,paper_exact_seed2,3.529244899749756,3.5844926834106445,0.05524778366088867,0.09000000357627869,0.11456602066755295,0.02456601709127426,0.03999999910593033,0.027124136686325073,0.012875862419605255,0.03999999910593033,0.011064581573009491,0.028935417532920837,0.05000000074505806,0.03510674834251404,0.014893252402544022
e3330d21e0bf25d1,syr2k,syr2k,lv2:__PARA__L0-1.__PARA__L1-1.__PARA__L2-6.__PARA__L3-80.__PIPE__L0-off.__PIPE__L2-off.__TILE__L0-1.__TILE__L2-1,target,support,support,finetune_dataset,data_968.pt,53901.0,polynormer_lite,2,50,paper_exact_seed2,3.7677361965179443,3.903228282928467,0.13549208641052246,0.11999999731779099,0.10016888380050659,0.019831113517284393,0.07000000029802322,0.04014706611633301,0.029852934181690216,0.029999999329447746,0.017391689121723175,0.012608310207724571,0.05000000074505806,0.047375671565532684,0.0026243291795253754
0b9da6616fcec98b,gemm-p,gemm-p,lv2:__PARA__L0-6.__PARA__L1-16.__PARA__L2-16.__PARA__L3-1.__PIPE__L0-off.__PIPE__L2-flatten.__TILE__L0-1.__TILE__L2-1,target,support,support,finetune_dataset,data_418.pt,10004.0,polynormer_lite,2,50,paper_exact_seed2,4.982603549957275,5.282802581787109,0.300199031829834,0.3499999940395355,0.3093114197254181,0.04068857431411743,0.23999999463558197,0.1753077507019043,0.06469224393367767,0.36000001430511475,0.3225186765193939,0.037481337785720825,0.009999999776482582,0.0041107311844825745,0.005889268592000008
ac3cd52a03c5e995,gemm-p,gemm-p,lv2:__PARA__L0-4.__PARA__L1-32.__PARA__L2-1.__PARA__L3-1.__PIPE__L0-NA.__PIPE__L2-flatten.__TILE__L0-1.__TILE__L2-80,target,support,support,finetune_dataset,data_405.pt,33034.0,polynormer_lite,2,50,paper_exact_seed2,4.120916366577148,4.419302463531494,0.2983860969543457,0.05999999865889549,0.09735547006130219,0.03735547140240669,0.019999999552965164,0.028882816433906555,0.008882816880941391,0.03999999910593033,0.07670081406831741,0.036700814962387085,0.05000000074505806,0.04024277627468109,0.009757224470376968
9d9b7c90d1bd716b,gemm-p,gemm-p,lv2:__PARA__L0-12.__PARA__L1-32.__PARA__L2-10.__PARA__L3-1.__PIPE__L0-NA.__PIPE__L2-flatten.__TILE__L0-1.__TILE__L2-8,target,support,support,finetune_dataset,data_342.pt,11486.0,polynormer_lite,2,50,paper_exact_seed2,4.882954120635986,5.125249862670898,0.2422957420349121,0.23000000417232513,0.20949764549732208,0.020502358675003052,0.1599999964237213,0.16289034485816956,0.002890348434448242,0.2199999988079071,0.19715885818004608,0.022841140627861023,0.009999999776482582,0.008065037429332733,0.001934962347149849
8d04f549a37ccd8a,gemm-p,gemm-p,lv2:__PARA__L0-1.__PARA__L1-1.__PARA__L2-1.__PARA__L3-2.__PIPE__L0-off.__PIPE__L2-off.__TILE__L0-1.__TILE__L2-1,target,support,support,finetune_dataset,data_87.pt,293231.0,polynormer_lite,2,50,paper_exact_seed2,2.5459091663360596,2.594116687774658,0.04820752143859863,0.0,-0.007069334387779236,0.007069334387779236,0.0,-0.019315555691719055,0.019315555691719055,0.0,0.01716836541891098,0.01716836541891098,0.009999999776482582,0.023762688040733337,0.013762688264250755
af9650a8856f962e,gemm-p,gemm-p,lv2:__PARA__L0-10.__PARA__L1-32.__PARA__L2-16.__PARA__L3-1.__PIPE__L0-NA.__PIPE__L2-flatten.__TILE__L0-1.__TILE__L2-1,target,support,support,finetune_dataset,data_337.pt,10603.0,polynormer_lite,2,50,paper_exact_seed2,4.940655708312988,5.186661720275879,0.24600601196289062,0.3499999940395355,0.3135684132575989,0.036431580781936646,0.23999999463558197,0.23785185813903809,0.0021481364965438843,0.36000001430511475,0.3071126937866211,0.05288732051849365,0.009999999776482582,0.0046966224908828735,0.0053033772855997086
213cd979bba3abbb,gemm-p,gemm-p,lv2:__PARA__L0-1.__PARA__L1-1.__PARA__L2-1.__PARA__L3-10.__PIPE__L0-off.__PIPE__L2-off.__TILE__L0-1.__TILE__L2-4,target,support,support,finetune_dataset,data_82.pt,436495.0,polynormer_lite,2,50,paper_exact_seed2,2.2589454650878906,2.1332526206970215,0.12569284439086914,0.009999999776482582,0.04543754458427429,0.03543754667043686,0.0,0.04645185172557831,0.04645185172557831,0.0,0.04186387360095978,0.04186387360095978,0.019999999552965164,0.0319414883852005,0.011941488832235336
8951b788629b4d4d,gemm-p,gemm-p,lv2:__PARA__L0-1.__PARA__L1-1.__PARA__L2-4.__PARA__L3-7.__PIPE__L0-off.__PIPE__L2-off.__TILE__L0-1.__TILE__L2-2,target,support,support,finetune_dataset,data_190.pt,433979.0,polynormer_lite,2,50,paper_exact_seed2,2.263115406036377,2.3104817867279053,0.04736638069152832,0.009999999776482582,0.03159850090742111,0.02159850113093853,0.0,0.025896072387695312,0.025896072387695312,0.009999999776482582,0.01391814649105072,0.003918146714568138,0.029999999329447746,0.02415955811738968,0.005840441212058067
ff6397e9e2d76d85,gemm-p,gemm-p,lv2:__PARA__L0-15.__PARA__L1-32.__PARA__L2-1.__PARA__L3-1.__PIPE__L0-off.__PIPE__L2-flatten.__TILE__L0-4.__TILE__L2-1,target,support,support,finetune_dataset,data_350.pt,42692.0,polynormer_lite,2,50,paper_exact_seed2,3.9359092712402344,4.07010555267334,0.13419628143310547,0.05999999865889549,0.04380585998296738,0.016194138675928116,0.019999999552965164,0.013053834438323975,0.00694616511464119,0.03999999910593033,0.028233952820301056,0.011766046285629272,0.05000000074505806,0.04942780360579491,0.0005721971392631531
690088eff0fba4fd,gemm-p,gemm-p,lv2:__PARA__L0-1.__PARA__L1-1.__PARA__L2-16.__PARA__L3-70.__PIPE__L0-off.__PIPE__L2-NA.__TILE__L0-1.__TILE__L2-1,target,support,support,finetune_dataset,data_131.pt,14587.0,polynormer_lite,2,50,paper_exact_seed2,4.710550308227539,4.892922878265381,0.1823725700378418,0.3199999928474426,0.27108675241470337,0.04891324043273926,0.23999999463558197,0.16634006798267365,0.07365992665290833,0.36000001430511475,0.2603413760662079,0.09965863823890686,0.009999999776482582,0.018664009869098663,0.008664010092616081
e385af510d412fde,gemm-p,gemm-p,lv2:__PARA__L0-1.__PARA__L1-5.__PARA__L2-1.__PARA__L3-1.__PIPE__L0-off.__PIPE__L2-flatten.__TILE__L0-1.__TILE__L2-4,target,support,support,finetune_dataset,data_301.pt,420016.0,polynormer_lite,2,50,paper_exact_seed2,2.28670597076416,2.2704050540924072,0.01630091667175293,0.1899999976158142,0.15107811987400055,0.03892187774181366,0.019999999552965164,0.06323475390672684,0.04323475435376167,0.019999999552965164,0.13371054828166962,0.11371055245399475,0.03999999910593033,0.05269875004887581,0.01269875094294548
d3c00616b2de9217,gemm-p,gemm-p,lv2:__PARA__L0-1.__PARA__L1-2.__PARA__L2-1.__PARA__L3-1.__PIPE__L0-off.__PIPE__L2-flatten.__TILE__L0-1.__TILE__L2-80,target,support,support,finetune_dataset,data_241.pt,33247.0,polynormer_lite,2,50,paper_exact_seed2,4.1162800788879395,4.2826361656188965,0.16635608673095703,0.029999999329447746,0.032238349318504333,0.0022383499890565872,0.009999999776482582,-0.02271847426891327,0.0327184721827507,0.019999999552965164,0.036437034606933594,0.01643703505396843,0.05000000074505806,0.03506959229707718,0.01493040844798088
258ea66de43bc217,gemm-p,gemm-p,lv2:__PARA__L0-1.__PARA__L1-1.__PARA__L2-1.__PARA__L3-7.__PIPE__L0-off.__PIPE__L2-off.__TILE__L0-1.__TILE__L2-1,target,support,support,finetune_dataset,data_95.pt,176046.0,polynormer_lite,2,50,paper_exact_seed2,2.913951873779297,3.1249051094055176,0.2109532356262207,0.019999999552965164,0.023041605949401855,0.0030416063964366913,0.009999999776482582,0.005860641598701477,0.004139358177781105,0.009999999776482582,0.028233155608177185,0.018233155831694603,0.029999999329447746,0.022200293838977814,0.0077997054904699326
d7a4be32a684722c,gemm-p,gemm-p,lv2:__PARA__L0-15.__PARA__L1-32.__PARA__L2-1.__PARA__L3-1.__PIPE__L0-NA.__PIPE__L2-flatten.__TILE__L0-1.__TILE__L2-80,target,support,support,finetune_dataset,data_347.pt,42692.0,polynormer_lite,2,50,paper_exact_seed2,3.9359092712402344,4.177557945251465,0.24164867401123047,0.05999999865889549,0.06439941376447678,0.004399415105581284,0.019999999552965164,0.018300622701644897,0.0016993768513202667,0.03999999910593033,0.05367270112037659,0.013672702014446259,0.05000000074505806,0.040186356753110886,0.009813643991947174
44435f443523b172,gemm-p,gemm-p,lv2:__PARA__L0-1.__PARA__L1-5.__PARA__L2-4.__PARA__L3-1.__PIPE__L0-off.__PIPE__L2-flatten.__TILE__L0-1.__TILE__L2-4,target,support,support,finetune_dataset,data_317.pt,129016.0,polynormer_lite,2,50,paper_exact_seed2,3.138153076171875,3.1478278636932373,0.009674787521362305,0.23000000417232513,0.21467319130897522,0.015326812863349915,0.05000000074505806,0.08318310976028442,0.033183109015226364,0.05000000074505806,0.16413472592830658,0.11413472890853882,0.009999999776482582,0.008154168725013733,0.0018458310514688492
2094e4f1edf458d2,gemm-p,gemm-p,lv2:__PARA__L0-1.__PARA__L1-5.__PARA__L2-10.__PARA__L3-1.__PIPE__L0-off.__PIPE__L2-flatten.__TILE__L0-1.__TILE__L2-2,target,support,support,finetune_dataset,data_305.pt,111135.0,polynormer_lite,2,50,paper_exact_seed2,3.2457714080810547,3.20440936088562,0.04136204719543457,0.4399999976158142,0.24093014001846313,0.19906985759735107,0.18000000715255737,0.12219221889972687,0.057807788252830505,0.6100000143051147,0.2128705531358719,0.39712947607040405,0.0,0.01981811225414276,0.01981811225414276
56e56d42fe8949bd,gemm-p,gemm-p,lv2:__PARA__L0-1.__PARA__L1-1.__PARA__L2-10.__PARA__L3-7.__PIPE__L0-off.__PIPE__L2-off.__TILE__L0-1.__TILE__L2-2,target,support,support,finetune_dataset,data_117.pt,267108.0,polynormer_lite,2,50,paper_exact_seed2,2.6132164001464844,2.423585891723633,0.18963050842285156,0.019999999552965164,0.041712403297424316,0.021712403744459152,0.009999999776482582,0.044419512152671814,0.03441951423883438,0.019999999552965164,0.02480137348175049,0.004801373928785324,0.03999999910593033,0.029947131872177124,0.010052867233753204
2410d6d0636ec1ab,gemm-p,gemm-p,lv2:__PARA__L0-1.__PARA__L1-1.__PARA__L2-16.__PARA__L3-2.__PIPE__L0-off.__PIPE__L2-NA.__TILE__L0-1.__TILE__L2-1,target,support,support,finetune_dataset,data_125.pt,36131.0,polynormer_lite,2,50,paper_exact_seed2,4.056273460388184,4.464359760284424,0.40808629989624023,0.10000000149011612,0.1338166445493698,0.03381664305925369,0.05000000074505806,0.07073195278644562,0.020731952041387558,0.07000000029802322,0.11514491587877274,0.04514491558074951,0.029999999329447746,0.015651151537895203,0.014348847791552544
b7fd70dbbc81db59,gemm-p,gemm-p,lv2:__PARA__L0-1.__PARA__L1-1.__PARA__L2-4.__PARA__L3-10.__PIPE__L0-off.__PIPE__L2-off.__TILE__L0-1.__TILE__L2-1,target,support,support,finetune_dataset,data_173.pt,17110.0,polynormer_lite,2,50,paper_exact_seed2,4.59547233581543,4.393368244171143,0.2021040916442871,0.05000000074505806,0.061117023229599,0.01111702248454094,0.029999999329447746,0.027480095624923706,0.0025199037045240402,0.07000000029802322,0.05913666635751724,0.010863333940505981,0.029999999329447746,0.011356323957443237,0.01864367537200451
3435f90a3a91803f,gemm-p,gemm-p,lv2:__PARA__L0-1.__PARA__L1-1.__PARA__L2-20.__PARA__L3-2.__PIPE__L0-off.__PIPE__L2-off.__TILE__L0-1.__TILE__L2-2,target,support,support,finetune_dataset,data_164.pt,632396.0,polynormer_lite,2,50,paper_exact_seed2,1.991513967514038,1.9543039798736572,0.03720998764038086,0.009999999776482582,0.03519830107688904,0.025198301300406456,0.009999999776482582,0.03406377136707306,0.024063771590590477,0.009999999776482582,0.017407193779945374,0.0074071940034627914,0.029999999329447746,0.03232065588235855,0.0023206565529108047
6bfb9e054cecee78,gemm-p,gemm-p,lv2:__PARA__L0-1.__PARA__L1-2.__PARA__L2-10.__PARA__L3-1.__PIPE__L0-off.__PIPE__L2-flatten.__TILE__L0-1.__TILE__L2-1,target,support,support,finetune_dataset,data_247.pt,12847.0,polynormer_lite,2,50,paper_exact_seed2,4.802176475524902,4.821693420410156,0.019516944885253906,0.20999999344348907,0.16278044879436493,0.047219544649124146,0.15000000596046448,0.09551171958446503,0.05448828637599945,0.2199999988079071,0.13083022832870483,0.08916977047920227,0.009999999776482582,0.0007919669151306152,0.009208032861351967
ec749d53357fb316,gemm-p,gemm-p,lv2:__PARA__L0-1.__PARA__L1-8.__PARA__L2-1.__PARA__L3-32.__PIPE__L0-off.__PIPE__L2-off.__TILE__L0-1.__TILE__L2-1,target,support,support,finetune_dataset,data_328.pt,285829.0,polynormer_lite,2,50,paper_exact_seed2,2.564352035522461,2.5157105922698975,0.04864144325256348,0.009999999776482582,0.06991990655660629,0.05991990864276886,0.0,0.019366100430488586,0.019366100430488586,0.009999999776482582,0.07818719744682312,0.06818719953298569,0.05000000074505806,0.035628993064165115,0.014371007680892944
d4240070e73cc342,gemm-p,gemm-p,lv2:__PARA__L0-1.__PARA__L1-1.__PARA__L2-20.__PARA__L3-7.__PIPE__L0-off.__PIPE__L2-off.__TILE__L0-1.__TILE__L2-2,target,support,support,finetune_dataset,data_170.pt,203508.0,polynormer_lite,2,50,paper_exact_seed2,2.809385299682617,2.559530735015869,0.24985456466674805,0.03999999910593033,0.05551951378583908,0.015519514679908752,0.029999999329447746,0.05828334391117096,0.028283344581723213,0.03999999910593033,0.045964568853378296,0.0059645697474479675,0.019999999552965164,0.035225726664066315,0.01522572711110115
f3d5aea3a08304a4,gemm-p,gemm-p,lv2:__PARA__L0-1.__PARA__L1-5.__PARA__L2-20.__PARA__L3-1.__PIPE__L0-off.__PIPE__L2-flatten.__TILE__L0-1.__TILE__L2-2,target,support,support,finetune_dataset,data_313.pt,64939.0,polynormer_lite,2,50,paper_exact_seed2,3.633349657058716,3.861097812652588,0.22774815559387207,0.2199999988079071,0.2152768075466156,0.004723191261291504,0.019999999552965164,0.12137655913829803,0.10137656331062317,0.03999999910593033,0.18210549652576447,0.14210548996925354,0.009999999776482582,0.01365545392036438,0.003655454143881798
2d6b4dc1bf7b484f,gemm-p,gemm-p,lv2:__PARA__L0-20.__PARA__L1-32.__PARA__L2-10.__PARA__L3-1.__PIPE__L0-off.__PIPE__L2-flatten.__TILE__L0-1.__TILE__L2-8,target,support,support,finetune_dataset,data_375.pt,13106.0,polynormer_lite,2,50,paper_exact_seed2,4.787778377532959,5.06804084777832,0.28026247024536133,0.23000000417232513,0.18050934374332428,0.049490660429000854,0.1599999964237213,0.14247678220272064,0.01752321422100067,0.2199999988079071,0.14215022325515747,0.07784977555274963,0.009999999776482582,0.007144272327423096,0.0028557274490594864
cd69b23a624a35b1,gemm-p,gemm-p,lv2:__PARA__L0-2.__PARA__L1-16.__PARA__L2-10.__PARA__L3-1.__PIPE__L0-NA.__PIPE__L2-flatten.__TILE__L0-1.__TILE__L2-8,target,support,support,finetune_dataset,data_361.pt,9691.0,polynormer_lite,2,50,paper_exact_seed2,5.005533218383789,5.1163330078125,0.11079978942871094,0.23000000417232513,0.24489371478557587,0.014893710613250732,0.1599999964237213,0.11812387406826019,0.04187612235546112,0.2199999988079071,0.1703845113515854,0.049615487456321716,0.009999999776482582,0.0046104490756988525,0.0053895507007837296
42e8b67f759345f2,gemm-p,gemm-p,lv2:__PARA__L0-1.__PARA__L1-1.__PARA__L2-20.__PARA__L3-10.__PIPE__L0-off.__PIPE__L2-off.__TILE__L0-1.__TILE__L2-1,target,support,support,finetune_dataset,data_157.pt,12850.0,polynormer_lite,2,50,paper_exact_seed2,4.802008152008057,4.8717780113220215,0.06976985931396484,0.20999999344348907,0.13043414056301117,0.0795658528804779,0.12999999523162842,0.06980430334806442,0.060195691883563995,0.3400000035762787,0.13620440661907196,0.20379559695720673,0.009999999776482582,0.01564769446849823,0.005647694692015648
a041a0b04cb7eb40,gemm-p,gemm-p,lv2:__PARA__L0-1.__PARA__L1-4.__PARA__L2-1.__PARA__L3-1.__PIPE__L0-off.__PIPE__L2-flatten.__TILE__L0-1.__TILE__L2-1,target,support,support,finetune_dataset,data_287.pt,32587.0,polynormer_lite,2,50,paper_exact_seed2,4.130743980407715,4.256818771362305,0.12607479095458984,0.029999999329447746,0.04897868633270264,0.01897868700325489,0.009999999776482582,-0.01525329053401947,0.025253290310502052,0.019999999552965164,0.041787415742874146,0.02178741618990898,0.05000000074505806,0.03453228622674942,0.01546771451830864
f779ac08d7725162,gemm-p,gemm-p,lv2:__PARA__L0-30.__PARA__L1-32.__PARA__L2-1.__PARA__L3-1.__PIPE__L0-NA.__PIPE__L2-flatten.__TILE__L0-2.__TILE__L2-1,target,support,support,finetune_dataset,data_388.pt,55939.0,polynormer_lite,2,50,paper_exact_seed2,3.740964889526367,4.068545341491699,0.32758045196533203,0.05999999865889549,0.04389215260744095,0.016107846051454544,0.019999999552965164,0.014367729425430298,0.005632270127534866,0.03999999910593033,0.028848856687545776,0.011151142418384552,0.05000000074505806,0.04933715611696243,0.0006628446280956268
ea3874af8c10f66f,gemm-p,gemm-p,lv2:__PARA__L0-1.__PARA__L1-4.__PARA__L2-10.__PARA__L3-1.__PIPE__L0-off.__PIPE__L2-flatten.__TILE__L0-1.__TILE__L2-1,target,support,support,finetune_dataset,data_292.pt,12187.0,polynormer_lite,2,50,paper_exact_seed2,4.8402204513549805,4.949999809265137,0.10977935791015625,0.20999999344348907,0.17933371663093567,0.030666276812553406,0.15000000596046448,0.10065937042236328,0.049340635538101196,0.2199999988079071,0.14482536911964417,0.07517462968826294,0.009999999776482582,-0.0006534233689308167,0.010653423145413399
c6e49ec4b4435aed,gemm-p,gemm-p,lv2:__PARA__L0-15.__PARA__L1-32.__PARA__L2-16.__PARA__L3-1.__PIPE__L0-NA.__PIPE__L2-flatten.__TILE__L0-4.__TILE__L2-1,target,support,support,finetune_dataset,data_356.pt,11552.0,polynormer_lite,2,50,paper_exact_seed2,4.878820896148682,5.087917327880859,0.20909643173217773,0.3499999940395355,0.30482375621795654,0.04517623782157898,0.23999999463558197,0.16954940557479858,0.07045058906078339,0.36000001430511475,0.3057591915130615,0.05424082279205322,0.009999999776482582,0.011744990944862366,0.0017449911683797836
2a2487306f73b128,gemm-p,gemm-p,lv2:__PARA__L0-1.__PARA__L1-2.__PARA__L2-1.__PARA__L3-70.__PIPE__L0-off.__PIPE__L2-NA.__TILE__L0-1.__TILE__L2-1,target,support,support,finetune_dataset,data_245.pt,32530.0,polynormer_lite,2,50,paper_exact_seed2,4.132006645202637,4.286467552185059,0.15446090698242188,0.019999999552965164,0.05694296211004257,0.03694296255707741,0.009999999776482582,0.06090107560157776,0.050901077687740326,0.019999999552965164,0.06789252161979675,0.04789252206683159,0.05000000074505806,0.03248005360364914,0.01751994714140892
3fb37e8bcd254b40,gemm-p,gemm-p,lv2:__PARA__L0-1.__PARA__L1-32.__PARA__L2-1.__PARA__L3-1.__PIPE__L0-off.__PIPE__L2-flatten.__TILE__L0-4.__TILE__L2-1,target,support,support,finetune_dataset,data_270.pt,33034.0,polynormer_lite,2,50,paper_exact_seed2,4.120916366577148,4.3232741355896,0.20235776901245117,0.05999999865889549,0.06195104122161865,0.0019510425627231598,0.019999999552965164,0.025626733899116516,0.005626734346151352,0.03999999910593033,0.059973157942295074,0.019973158836364746,0.05000000074505806,0.03850417584180832,0.01149582490324974
62c57d9c0f74d8e7,gemm-p,gemm-p,lv2:__PARA__L0-1.__PARA__L1-1.__PARA__L2-5.__PARA__L3-2.__PIPE__L0-off.__PIPE__L2-NA.__TILE__L0-1.__TILE__L2-1,target,support,support,finetune_dataset,data_201.pt,79052.0,polynormer_lite,2,50,paper_exact_seed2,3.4914910793304443,3.934204578399658,0.44271349906921387,0.029999999329447746,0.05667296051979065,0.026672961190342903,0.009999999776482582,0.0161714106798172,0.006171410903334618,0.019999999552965164,0.030530408024787903,0.010530408471822739,0.019999999552965164,0.015188075602054596,0.004811923950910568
cdd16cdf46ebaa63,gemm-p,gemm-p,lv2:__PARA__L0-1.__PARA__L1-1.__PARA__L2-2.__PARA__L3-5.__PIPE__L0-off.__PIPE__L2-NA.__TILE__L0-1.__TILE__L2-1,target,support,support,finetune_dataset,data_146.pt,116225.0,polynormer_lite,2,50,paper_exact_seed2,3.213467836380005,3.363168716430664,0.14970088005065918,0.029999999329447746,0.016767144203186035,0.013232855126261711,0.009999999776482582,-0.020646199584007263,0.030646199360489845,0.019999999552965164,0.007198557257652283,0.012801442295312881,0.029999999329447746,0.01986221969127655,0.010137779638171196
a2e2a27a1e612c66,gemm-p,gemm-p,lv2:__PARA__L0-1.__PARA__L1-1.__PARA__L2-4.__PARA__L3-70.__PIPE__L0-off.__PIPE__L2-off.__TILE__L0-1.__TILE__L2-1,target,support,support,finetune_dataset,data_193.pt,23947.0,polynormer_lite,2,50,paper_exact_seed2,4.352969646453857,4.689640998840332,0.3366713523864746,0.07999999821186066,0.1122932955622673,0.03229329735040665,0.05000000074505806,0.07974672317504883,0.02974672242999077,0.05000000074505806,0.12943248450756073,0.07943248748779297,0.009999999776482582,0.01906593143939972,0.009065931662917137
a500ff984dfff670,gemm-p,gemm-p,lv2:__PARA__L0-1.__PARA__L1-2.__PARA__L2-8.__PARA__L3-70.__PIPE__L0-off.__PIPE__L2-NA.__TILE__L0-1.__TILE__L2-1,target,support,support,finetune_dataset,data_264.pt,13387.0,polynormer_lite,2,50,paper_exact_seed2,4.772475719451904,4.857208251953125,0.0847325325012207,0.17000000178813934,0.14607173204421997,0.023928269743919373,0.11999999731779099,0.08547106385231018,0.034528933465480804,0.18000000715255737,0.14075534045696259,0.03924466669559479,0.009999999776482582,0.01565946638584137,0.0056594666093587875
0df3b686b357956a,gemm-p,gemm-p,lv2:__PARA__L0-1.__PARA__L1-1.__PARA__L2-4.__PARA__L3-2.__PIPE__L0-off.__PIPE__L2-off.__TILE__L0-1.__TILE__L2-4,target,support,support,finetune_dataset,data_183.pt,955866.0,polynormer_lite,2,50,paper_exact_seed2,1.69352388381958,1.7432100772857666,0.04968619346618652,0.009999999776482582,0.02669016271829605,0.01669016294181347,0.0,0.017618492245674133,0.017618492245674133,0.0,0.004475846886634827,0.004475846886634827,0.019999999552965164,0.031130239367485046,0.011130239814519882
e3dc96a4e2faf104,gemm-p,gemm-p,lv2:__PARA__L0-2.__PARA__L1-16.__PARA__L2-16.__PARA__L3-1.__PIPE__L0-NA.__PIPE__L2-flatten.__TILE__L0-1.__TILE__L2-1,target,support,support,finetune_dataset,data_363.pt,9307.0,polynormer_lite,2,50,paper_exact_seed2,5.034698009490967,5.4145097732543945,0.37981176376342773,0.3499999940395355,0.27275967597961426,0.07724031805992126,0.23999999463558197,0.17925572395324707,0.0607442706823349,0.36000001430511475,0.2643830180168152,0.09561699628829956,0.009999999776482582,0.0012501031160354614,0.00874989666044712
f58d119853628e07,gemm-p,gemm-p,lv2:__PARA__L0-1.__PARA__L1-2.__PARA__L2-2.__PARA__L3-1.__PIPE__L0-off.__PIPE__L2-flatten.__TILE__L0-1.__TILE__L2-1,target,support,support,finetune_dataset,data_254.pt,33547.0,polynormer_lite,2,50,paper_exact_seed2,4.109800338745117,4.472705841064453,0.36290550231933594,0.03999999910593033,0.06392738968133926,0.023927390575408936,0.019999999552965164,0.026762425899505615,0.006762426346540451,0.019999999552965164,0.053180910646915436,0.03318091109395027,0.009999999776482582,0.01924993097782135,0.009249931201338768
42bdc08a061d094f,gemm-p,gemm-p,lv2:__PARA__L0-1.__PARA__L1-2.__PARA__L2-4.__PARA__L3-1.__PIPE__L0-off.__PIPE__L2-flatten.__TILE__L0-1.__TILE__L2-1,target,support,support,finetune_dataset,data_257.pt,21847.0,polynormer_lite,2,50,paper_exact_seed2,4.419174671173096,4.711422443389893,0.2922477722167969,0.07999999821186066,0.10965289920568466,0.029652900993824005,0.05000000074505806,0.06797602772712708,0.017976026982069016,0.05000000074505806,0.0926591232419014,0.04265912249684334,0.009999999776482582,0.00793168693780899,0.0020683128386735916
b4f843d9b6dad29f,gemm-p,gemm-p,lv2:__PARA__L0-1.__PARA__L1-70.__PARA__L2-1.__PARA__L3-32.__PIPE__L0-off.__PIPE__L2-off.__TILE__L0-60.__TILE__L2-1,target,support,support,finetune_dataset,data_327.pt,251089.0,polynormer_lite,2,50,paper_exact_seed2,2.6578285694122314,2.600525140762329,0.057303428649902344,0.029999999329447746,0.06260934472084045,0.03260934352874756,0.019999999552965164,0.034752264618873596,0.014752265065908432,0.07999999821186066,0.09827115386724472,0.018271155655384064,0.03999999910593033,0.04766973480582237,0.007669735699892044
e38805de48eb664e,gemm-p,gemm-p,lv2:__PARA__L0-1.__PARA__L1-16.__PARA__L2-16.__PARA__L3-1.__PIPE__L0-off.__PIPE__L2-flatten.__TILE__L0-60.__TILE__L2-1,target,support,support,finetune_dataset,data_239.pt,10927.0,polynormer_lite,2,50,paper_exact_seed2,4.918943405151367,5.119903087615967,0.2009596824645996,0.3199999928474426,0.2514556050300598,0.06854438781738281,0.23999999463558197,0.13311587274074554,0.10688412189483643,0.36000001430511475,0.20265983045101166,0.1573401838541031,0.009999999776482582,0.007263675332069397,0.002736324444413185
460c2d93e3d2665f,gemm-p,gemm-p,lv2:__PARA__L0-1.__PARA__L1-1.__PARA__L2-8.__PARA__L3-7.__PIPE__L0-off.__PIPE__L2-NA.__TILE__L0-1.__TILE__L2-1,target,support,support,finetune_dataset,data_226.pt,43863.0,polynormer_lite,2,50,paper_exact_seed2,3.9163899421691895,4.329846382141113,0.41345643997192383,0.10999999940395355,0.07065841555595398,0.03934158384799957,0.05000000074505806,0.029525160789489746,0.020474839955568314,0.10000000149011612,0.059523746371269226,0.04047625511884689,0.03999999910593033,0.011774703860282898,0.02822529524564743
82da06d1f16f28a6,gemm-p,gemm-p,lv2:__PARA__L0-20.__PARA__L1-16.__PARA__L2-16.__PARA__L3-1.__PIPE__L0-off.__PIPE__L2-flatten.__TILE__L0-1.__TILE__L2-1,target,support,support,finetune_dataset,data_371.pt,12706.0,polynormer_lite,2,50,paper_exact_seed2,4.8101372718811035,5.236556053161621,0.4264187812805176,0.3499999940395355,0.3066728711128235,0.043327122926712036,0.23999999463558197,0.154633030295372,0.08536696434020996,0.36000001430511475,0.3083394169807434,0.05166059732437134,0.009999999776482582,0.007110655307769775,0.0028893444687128067
43df7890892e68db,gemm-p,gemm-p,lv2:__PARA__L0-1.__PARA__L1-1.__PARA__L2-8.__PARA__L3-2.__PIPE__L0-off.__PIPE__L2-NA.__TILE__L0-1.__TILE__L2-1,target,support,support,finetune_dataset,data_220.pt,54731.0,polynormer_lite,2,50,paper_exact_seed2,3.7567131519317627,4.117525577545166,0.3608124256134033,0.05000000074505806,0.08350959420204163,0.033509593456983566,0.019999999552965164,0.03761366009712219,0.017613660544157028,0.03999999910593033,0.06134094297885895,0.02134094387292862,0.019999999552965164,0.013805299997329712,0.006194699555635452
f3c64444640a0076,gemm-p,gemm-p,lv2:__PARA__L0-4.__PARA__L1-32.__PARA__L2-16.__PARA__L3-1.__PIPE__L0-off.__PIPE__L2-flatten.__TILE__L0-1.__TILE__L2-1,target,support,support,finetune_dataset,data_410.pt,9506.0,polynormer_lite,2,50,paper_exact_seed2,5.019436836242676,5.298334121704102,0.2788972854614258,0.3499999940395355,0.31807035207748413,0.03192964196205139,0.23999999463558197,0.18782468140125275,0.052175313234329224,0.36000001430511475,0.33756837248802185,0.022431641817092896,0.009999999776482582,0.00473158061504364,0.005268419161438942
0b03d5f530abb853,gemm-p,gemm-p,lv2:__PARA__L0-1.__PARA__L1-1.__PARA__L2-16.__PARA__L3-7.__PIPE__L0-off.__PIPE__L2-NA.__TILE__L0-1.__TILE__L2-1,target,support,support,finetune_dataset,data_129.pt,33063.0,polynormer_lite,2,50,paper_exact_seed2,4.120283126831055,4.629928112030029,0.5096449851989746,0.20000000298023224,0.1126386821269989,0.08736132085323334,0.10000000149011612,0.05536624789237976,0.04463375359773636,0.20000000298023224,0.10754136741161346,0.09245863556861877,0.019999999552965164,0.013153240084648132,0.006846759468317032
6ab4a7f5f4fc966d,gemm-p,gemm-p,lv2:__PARA__L0-1.__PARA__L1-32.__PARA__L2-10.__PARA__L3-1.__PIPE__L0-NA.__PIPE__L2-flatten.__TILE__L0-2.__TILE__L2-1,target,support,support,finetune_dataset,data_275.pt,9563.0,polynormer_lite,2,50,paper_exact_seed2,5.015124320983887,5.221490383148193,0.20636606216430664,0.23000000417232513,0.2037038505077362,0.026296153664588928,0.1599999964237213,0.12658049166202545,0.03341950476169586,0.2199999988079071,0.17420175671577454,0.04579824209213257,0.009999999776482582,0.013289198279380798,0.0032891985028982162
8f2590bc737e2222,gemm-p,gemm-p,lv2:__PARA__L0-1.__PARA__L1-1.__PARA__L2-2.__PARA__L3-10.__PIPE__L0-off.__PIPE__L2-off.__TILE__L0-1.__TILE__L2-2,target,support,support,finetune_dataset,data_136.pt,467405.0,polynormer_lite,2,50,paper_exact_seed2,2.2095916271209717,2.231417417526245,0.021825790405273438,0.009999999776482582,0.035125114023685455,0.025125114247202873,0.0,0.029785290360450745,0.029785290360450745,0.0,0.022496983408927917,0.022496983408927917,0.019999999552965164,0.026566609740257263,0.006566610187292099
80c803cb5809d836,gemm-p,gemm-p,lv2:__PARA__L0-4.__PARA__L1-32.__PARA__L2-10.__PARA__L3-1.__PIPE__L0-NA.__PIPE__L2-flatten.__TILE__L0-1.__TILE__L2-8,target,support,support,finetune_dataset,data_407.pt,9914.0,polynormer_lite,2,50,paper_exact_seed2,4.98912239074707,5.213300704956055,0.22417831420898438,0.23000000417232513,0.22684523463249207,0.003154769539833069,0.1599999964237213,0.135868638753891,0.024131357669830322,0.2199999988079071,0.20182999968528748,0.01816999912261963,0.009999999776482582,0.004103146493434906,0.005896853283047676
396826bce948f164,jacobi-2d,jacobi-2d,lv2:__PARA__L0-1.__PARA__L1-11.__PARA__L2-2.__PARA__L3-22.__PARA__L4-1.__PIPE__L0-off.__PIPE__L1-NA.__PIPE__L2-flatten.__TILE__L0-1.__TILE__L1-8.__TILE__L2-8,target,support,support,finetune_dataset,data_796.pt,4311241.0,polynormer_lite,2,50,paper_exact_seed2,0.6069124341011047,0.48169875144958496,0.12521368265151978,0.9399999976158142,1.041277289390564,0.10127729177474976,0.41999998688697815,0.44300252199172974,0.023002535104751587,0.8299999833106995,0.9396475553512573,0.10964757204055786,0.05999999865889549,0.04472629725933075,0.015273701399564743
8cbc0be880d00682,jacobi-2d,jacobi-2d,lv2:__PARA__L0-1.__PARA__L1-11.__PARA__L2-2.__PARA__L3-8.__PARA__L4-1.__PIPE__L0-off.__PIPE__L1-off.__PIPE__L2-flatten.__TILE__L0-1.__TILE__L1-8.__TILE__L2-8,target,support,support,finetune_dataset,data_803.pt,4315441.0,polynormer_lite,2,50,paper_exact_seed2,0.6062100529670715,0.54587322473526,0.06033682823181152,0.8799999952316284,0.8956471681594849,0.015647172927856445,0.38999998569488525,0.364190936088562,0.025809049606323242,0.7900000214576721,0.7760417461395264,0.013958275318145752,0.009999999776482582,0.016756966710090637,0.006756966933608055
04cce8feb32cd125,jacobi-2d,jacobi-2d,lv2:__PARA__L0-1.__PARA__L1-1.__PARA__L2-11.__PARA__L3-1.__PARA__L4-4.__PIPE__L0-off.__PIPE__L1-flatten.__PIPE__L2-NA.__TILE__L0-1.__TILE__L1-8.__TILE__L2-8,target,support,support,finetune_dataset,data_729.pt,4258361.0,polynormer_lite,2,50,paper_exact_seed2,0.6158149242401123,0.586330235004425,0.029484689235687256,0.2800000011920929,0.37167009711265564,0.09167009592056274,0.11999999731779099,0.20992860198020935,0.08992860466241837,0.27000001072883606,0.3782779574394226,0.10827794671058655,0.20999999344348907,0.12358695268630981,0.08641304075717926
fe2717bb9b5a622a,jacobi-2d,jacobi-2d,lv2:__PARA__L0-1.__PARA__L1-2.__PARA__L2-11.__PARA__L3-8.__PARA__L4-8.__PIPE__L0-off.__PIPE__L1-off.__PIPE__L2-off.__TILE__L0-1.__TILE__L1-1.__TILE__L2-1,target,support,support,finetune_dataset,data_834.pt,4434121.0,polynormer_lite,2,50,paper_exact_seed2,0.5866400003433228,0.6033552289009094,0.01671522855758667,0.05000000074505806,0.12005140632390976,0.0700514018535614,0.019999999552965164,0.04221083223819733,0.022210832685232162,0.05000000074505806,0.10288979113101959,0.05288979038596153,0.009999999776482582,-0.01090770959854126,0.020907709375023842
5d9c601f37ae80a4,jacobi-2d,jacobi-2d,lv2:__PARA__L0-1.__PARA__L1-11.__PARA__L2-2.__PARA__L3-1.__PARA__L4-1.__PIPE__L0-off.__PIPE__L1-off.__PIPE__L2-flatten.__TILE__L0-1.__TILE__L1-8.__TILE__L2-8,target,support,support,finetune_dataset,data_789.pt,4315161.0,polynormer_lite,2,50,paper_exact_seed2,0.6062568426132202,0.6096711754798889,0.003414332866668701,0.6499999761581421,0.8047397136688232,0.15473973751068115,0.30000001192092896,0.3361642360687256,0.03616422414779663,0.6200000047683716,0.7610529661178589,0.1410529613494873,0.03999999910593033,0.04247242212295532,0.002472423017024994
7364bf009fc7cbb7,jacobi-2d,jacobi-2d,lv2:__PARA__L0-1.__PARA__L1-11.__PARA__L2-2.__PARA__L3-2.__PARA__L4-1.__PIPE__L0-off.__PIPE__L1-NA.__PIPE__L2-flatten.__TILE__L0-1.__TILE__L1-8.__TILE__L2-8,target,support,support,finetune_dataset,data_794.pt,4315681.0,polynormer_lite,2,50,paper_exact_seed2,0.6061699390411377,0.6076462268829346,0.001476287841796875,0.8700000047683716,0.869970440864563,2.956390380859375e-05,0.3799999952316284,0.3418372869491577,0.0381627082824707,0.7799999713897705,0.7776170372962952,0.002382934093475342,0.0,0.012554541230201721,0.012554541230201721
56c9d9d6a71bf7c1,jacobi-2d,jacobi-2d,lv2:__PARA__L0-1.__PARA__L1-8.__PARA__L2-2.__PARA__L3-1.__PARA__L4-1.__PIPE__L0-off.__PIPE__L1-off.__PIPE__L2-flatten.__TILE__L0-1.__TILE__L1-1.__TILE__L2-8,target,support,support,finetune_dataset,data_911.pt,4295721.0,polynormer_lite,2,50,paper_exact_seed2,0.6095138788223267,0.6186432838439941,0.00912940502166748,0.8700000047683716,0.8761006593704224,0.006100654602050781,0.3799999952316284,0.3355900049209595,0.044409990310668945,0.7699999809265137,0.7300801873207092,0.03991979360580444,0.03999999910593033,0.024670615792274475,0.015329383313655853
1cb62280cb163648,jacobi-2d,jacobi-2d,lv2:__PARA__L0-1.__PARA__L1-1.__PARA__L2-2.__PARA__L3-32.__PARA__L4-1.__PIPE__L0-off.__PIPE__L1-off.__PIPE__L2-flatten.__TILE__L0-1.__TILE__L1-8.__TILE__L2-8,target,support,support,finetune_dataset,data_756.pt,5668321.0,polynormer_lite,2,50,paper_exact_seed2,0.409503310918808,0.5082696676254272,0.09876635670661926,0.949999988079071,0.9215244054794312,0.028475582599639893,0.4300000071525574,0.3897291421890259,0.040270864963531494,0.8500000238418579,0.7672061324119568,0.08279389142990112,0.11999999731779099,0.1109531968832016,0.009046800434589386
7c1dc00b3bf4a5f3,jacobi-2d,jacobi-2d,lv2:__PARA__L0-1.__PARA__L1-2.__PARA__L2-22.__PARA__L3-8.__PARA__L4-8.__PIPE__L0-off.__PIPE__L1-off.__PIPE__L2-off.__TILE__L0-1.__TILE__L1-1.__TILE__L2-4,target,support,support,finetune_dataset,data_856.pt,4504601.0,polynormer_lite,2,50,paper_exact_seed2,0.5752643942832947,0.597949743270874,0.022685348987579346,0.05000000074505806,0.032470643520355225,0.017529357224702835,0.019999999552965164,-0.01013997197151184,0.030139971524477005,0.05000000074505806,0.00820586085319519,0.04179413989186287,0.009999999776482582,0.010054603219032288,5.4603442549705505e-05
8749dd1796e693db,jacobi-2d,jacobi-2d,lv2:__PARA__L0-1.__PARA__L1-11.__PARA__L2-2.__PARA__L3-32.__PARA__L4-1.__PIPE__L0-off.__PIPE__L1-off.__PIPE__L2-flatten.__TILE__L0-1.__TILE__L1-8.__TILE__L2-8,target,support,support,finetune_dataset,data_799.pt,5897321.0,polynormer_lite,2,50,paper_exact_seed2,0.3809341788291931,0.45050740242004395,0.06957322359085083,0.949999988079071,0.9831207990646362,0.033120810985565186,0.41999998688697815,0.4503602385520935,0.030360251665115356,0.8600000143051147,0.9084087014198303,0.048408687114715576,0.10000000149011612,0.09172355383634567,0.008276447653770447
e05942ec253636bc,jacobi-2d,jacobi-2d,lv2:__PARA__L0-1.__PARA__L1-2.__PARA__L2-22.__PARA__L3-8.__PARA__L4-8.__PIPE__L0-off.__PIPE__L1-off.__PIPE__L2-NA.__TILE__L0-1.__TILE__L1-1.__TILE__L2-4,target,support,support,finetune_dataset,data_853.pt,4504601.0,polynormer_lite,2,50,paper_exact_seed2,0.5752643942832947,0.6137602925300598,0.03849589824676514,0.05000000074505806,0.045460596680641174,0.004539404064416885,0.019999999552965164,0.000138893723487854,0.01986110582947731,0.05000000074505806,0.01590888947248459,0.03409111127257347,0.009999999776482582,0.012166917324066162,0.00216691754758358
9539e01f3eb0f18e,jacobi-2d,jacobi-2d,lv2:__PARA__L0-1.__PARA__L1-11.__PARA__L2-1.__PARA__L3-1.__PARA__L4-4.__PIPE__L0-off.__PIPE__L1-flatten.__PIPE__L2-NA.__TILE__L0-1.__TILE__L1-1.__TILE__L2-8,target,support,support,finetune_dataset,data_785.pt,3935841.0,polynormer_lite,2,50,paper_exact_seed2,0.6726281046867371,0.6406145095825195,0.03201359510421753,2.990000009536743,3.229495048522949,0.23949503898620605,1.3799999952316284,1.4369139671325684,0.05691397190093994,2.8399999141693115,2.984496831893921,0.14449691772460938,0.0,-0.014033690094947815,0.014033690094947815
18fe812f93b4d9a9,jacobi-2d,jacobi-2d,lv2:__PARA__L0-1.__PARA__L1-2.__PARA__L2-1.__PARA__L3-1.__PARA__L4-4.__PIPE__L0-off.__PIPE__L1-flatten.__PIPE__L2-NA.__TILE__L0-1.__TILE__L1-8.__TILE__L2-8,target,support,support,finetune_dataset,data_805.pt,4087801.0,polynormer_lite,2,50,paper_exact_seed2,0.6453015804290771,0.5769453048706055,0.06835627555847168,0.8700000047683716,0.9120653867721558,0.04206538200378418,0.38999998569488525,0.3944314122200012,0.004431426525115967,0.7799999713897705,0.8065093159675598,0.026509344577789307,0.0,0.01369418203830719,0.01369418203830719
3290e28a81169206,jacobi-2d,jacobi-2d,lv2:__PARA__L0-1.__PARA__L1-2.__PARA__L2-1.__PARA__L3-8.__PARA__L4-8.__PIPE__L0-off.__PIPE__L1-NA.__PIPE__L2-off.__TILE__L0-1.__TILE__L1-1.__TILE__L2-88,target,support,support,finetune_dataset,data_813.pt,2234324.0,polynormer_lite,2,50,paper_exact_seed2,1.0810447931289673,1.096226453781128,0.015181660652160645,0.03999999910593033,0.03516504168510437,0.004834957420825958,0.019999999552965164,0.011831417679786682,0.008168581873178482,0.029999999329447746,0.018658429384231567,0.011341569945216179,0.009999999776482582,0.0003094971179962158,0.009690502658486366
d817f4e2fb14ad81,jacobi-2d,jacobi-2d,lv2:__PARA__L0-1.__PARA__L1-22.__PARA__L2-2.__PARA__L3-1.__PARA__L4-1.__PIPE__L0-off.__PIPE__L1-NA.__PIPE__L2-flatten.__TILE__L0-1.__TILE__L1-4.__TILE__L2-8,target,support,support,finetune_dataset,data_876.pt,4385641.0,polynormer_lite,2,50,paper_exact_seed2,0.5945701599121094,0.6137089729309082,0.019138813018798828,0.6499999761581421,0.7944995164871216,0.1444995403289795,0.30000001192092896,0.3461678922176361,0.04616788029670715,0.6200000047683716,0.7700924873352051,0.1500924825668335,0.03999999910593033,0.046861737966537476,0.006861738860607147
04a4db8dea85f394,jacobi-2d,jacobi-2d,lv2:__PARA__L0-1.__PARA__L1-1.__PARA__L2-2.__PARA__L3-11.__PARA__L4-1.__PIPE__L0-off.__PIPE__L1-off.__PIPE__L2-flatten.__TILE__L0-1.__TILE__L1-1.__TILE__L2-8,target,support,support,finetune_dataset,data_743.pt,4020281.0,polynormer_lite,2,50,paper_exact_seed2,0.6573158502578735,0.628831684589386,0.02848416566848755,0.8799999952316284,0.7518844604492188,0.12811553478240967,0.38999998569488525,0.297690749168396,0.09230923652648926,0.7699999809265137,0.628937304019928,0.1410626769065857,0.029999999329447746,0.024261772632598877,0.005738226696848869
1f853d36d66395d1,jacobi-2d,jacobi-2d,lv2:__PARA__L0-1.__PARA__L1-11.__PARA__L2-1.__PARA__L3-1.__PARA__L4-4.__PIPE__L0-off.__PIPE__L1-flatten.__PIPE__L2-NA.__TILE__L0-1.__TILE__L1-8.__TILE__L2-8,target,support,support,finetune_dataset,data_786.pt,3935841.0,polynormer_lite,2,50,paper_exact_seed2,0.6726281046867371,0.6613624691963196,0.01126563549041748,2.990000009536743,3.462733268737793,0.4727332592010498,1.3799999952316284,1.507439374923706,0.12743937969207764,2.8399999141693115,3.0901172161102295,0.25011730194091797,0.0,-0.00024384260177612305,0.00024384260177612305
5e5bb0d488f57c02,jacobi-2d,jacobi-2d,lv2:__PARA__L0-1.__PARA__L1-1.__PARA__L2-1.__PARA__L3-11.__PARA__L4-32.__PIPE__L0-off.__PIPE__L1-off.__PIPE__L2-NA.__TILE__L0-1.__TILE__L1-1.__TILE__L2-1,target,support,support,finetune_dataset,data_685.pt,2339724.0,polynormer_lite,2,50,paper_exact_seed2,1.0477948188781738,0.9429038166999817,0.10489100217819214,0.20999999344348907,0.18493551015853882,0.025064483284950256,0.03999999910593033,0.031048819422721863,0.008951179683208466,0.03999999910593033,0.051057636737823486,0.011057637631893158,0.10999999940395355,0.07989311218261719,0.030106887221336365
11b2257107686917,jacobi-2d,jacobi-2d,lv2:__PARA__L0-1.__PARA__L1-2.__PARA__L2-4.__PARA__L3-8.__PARA__L4-8.__PIPE__L0-off.__PIPE__L1-off.__PIPE__L2-NA.__TILE__L0-40.__TILE__L1-1.__TILE__L2-1,target,support,support,finetune_dataset,data_863.pt,4390681.0,polynormer_lite,2,50,paper_exact_seed2,0.5937417149543762,0.647580623626709,0.053838908672332764,0.05000000074505806,0.14601776003837585,0.0960177630186081,0.019999999552965164,0.02725742757320404,0.007257428020238876,0.05000000074505806,0.08013926446437836,0.030139263719320297,0.0,-0.012745968997478485,0.012745968997478485
ee77ecc8d3d341ab,jacobi-2d,jacobi-2d,lv2:__PARA__L0-1.__PARA__L1-1.__PARA__L2-2.__PARA__L3-16.__PARA__L4-1.__PIPE__L0-off.__PIPE__L1-NA.__PIPE__L2-flatten.__TILE__L0-1.__TILE__L1-8.__TILE__L2-8,target,support,support,finetune_dataset,data_745.pt,5669521.0,polynormer_lite,2,50,paper_exact_seed2,0.4093506336212158,0.5306602716445923,0.12130963802337646,0.8999999761581421,0.9289491176605225,0.02894914150238037,0.4000000059604645,0.3592786192893982,0.040721386671066284,0.8100000023841858,0.7687419652938843,0.041258037090301514,0.03999999910593033,0.06262543797492981,0.02262543886899948
d8f1f816319d76f6,jacobi-2d,jacobi-2d,lv2:__PARA__L0-1.__PARA__L1-1.__PARA__L2-1.__PARA__L3-1.__PARA__L4-1.__PIPE__L0-off.__PIPE__L1-off.__PIPE__L2-off.__TILE__L0-1.__TILE__L1-1.__TILE__L2-1,target,support,support,finetune_dataset,data_663.pt,625124.0,polynormer_lite,2,50,paper_exact_seed2,1.999856948852539,1.8878529071807861,0.11200404167175293,0.009999999776482582,0.0911061018705368,0.08110610395669937,0.0,-0.004193544387817383,0.004193544387817383,0.0,0.014483481645584106,0.014483481645584106,0.019999999552965164,0.040353383868932724,0.02035338431596756
4e0f6fce3df978a0,jacobi-2d,jacobi-2d,lv2:__PARA__L0-1.__PARA__L1-1.__PARA__L2-2.__PARA__L3-1.__PARA__L4-1.__PIPE__L0-off.__PIPE__L1-off.__PIPE__L2-flatten.__TILE__L0-1.__TILE__L1-88.__TILE__L2-8,target,support,support,finetune_dataset,data_741.pt,4301521.0,polynormer_lite,2,50,paper_exact_seed2,0.6085405945777893,0.6443617939949036,0.03582119941711426,0.6499999761581421,0.6228994131088257,0.027100563049316406,0.28999999165534973,0.266828715801239,0.023171275854110718,0.6100000143051147,0.6032684445381165,0.006731569766998291,0.03999999910593033,0.061290591955184937,0.021290592849254608
3fcc998748c8d376,jacobi-2d,jacobi-2d,lv2:__PARA__L0-1.__PARA__L1-1.__PARA__L2-22.__PARA__L3-8.__PARA__L4-8.__PIPE__L0-off.__PIPE__L1-off.__PIPE__L2-NA.__TILE__L0-40.__TILE__L1-1.__TILE__L2-1,target,support,support,finetune_dataset,data_772.pt,2355924.0,polynormer_lite,2,50,paper_exact_seed2,1.0428175926208496,0.8459099531173706,0.196907639503479,0.03999999910593033,0.010162204504013062,0.029837794601917267,0.009999999776482582,0.009361669421195984,0.0006383303552865982,0.029999999329447746,0.01871434599161148,0.011285653337836266,0.019999999552965164,0.029103778302669525,0.009103778749704361
4dc43ab556929ebc,jacobi-2d,jacobi-2d,lv2:__PARA__L0-1.__PARA__L1-1.__PARA__L2-1.__PARA__L3-8.__PARA__L4-8.__PIPE__L0-off.__PIPE__L1-off.__PIPE__L2-NA.__TILE__L0-1.__TILE__L1-88.__TILE__L2-8,target,support,support,finetune_dataset,data_721.pt,3973841.0,polynormer_lite,2,50,paper_exact_seed2,0.6656969785690308,0.7854921221733093,0.11979514360427856,0.05000000074505806,0.13544662296772003,0.08544662594795227,0.019999999552965164,0.03608323633670807,0.016083236783742905,0.05000000074505806,0.12023008614778519,0.07023008167743683,0.0,-0.0029640644788742065,0.0029640644788742065
97d9abfd402b29db,jacobi-2d,jacobi-2d,lv2:__PARA__L0-1.__PARA__L1-1.__PARA__L2-1.__PARA__L3-8.__PARA__L4-1.__PIPE__L0-off.__PIPE__L1-off.__PIPE__L2-off.__TILE__L0-1.__TILE__L1-1.__TILE__L2-1,target,support,support,finetune_dataset,data_710.pt,973524.0,polynormer_lite,2,50,paper_exact_seed2,1.6803197860717773,2.0169570446014404,0.3366372585296631,0.029999999329447746,0.08709000051021576,0.057089999318122864,0.009999999776482582,0.002935364842414856,0.007064634934067726,0.019999999552965164,-0.007603898644447327,0.02760389819741249,0.019999999552965164,0.022849172353744507,0.0028491728007793427
7fb3c20dbed2153a,jacobi-2d,jacobi-2d,lv2:__PARA__L0-1.__PARA__L1-2.__PARA__L2-11.__PARA__L3-8.__PARA__L4-8.__PIPE__L0-off.__PIPE__L1-off.__PIPE__L2-off.__TILE__L0-1.__TILE__L1-1.__TILE__L2-8,target,support,support,finetune_dataset,data_835.pt,4434121.0,polynormer_lite,2,50,paper_exact_seed2,0.5866400003433228,0.5560762882232666,0.030563712120056152,0.05000000074505806,0.01170329749584198,0.03829670324921608,0.019999999552965164,-0.023371785879135132,0.043371785432100296,0.05000000074505806,-0.010792836546897888,0.06079283729195595,0.009999999776482582,0.003026999533176422,0.00697300024330616
e09ba6a56162015e,jacobi-2d,jacobi-2d,lv2:__PARA__L0-1.__PARA__L1-1.__PARA__L2-1.__PARA__L3-1.__PARA__L4-1.__PIPE__L0-off.__PIPE__L1-flatten.__PIPE__L2-off.__TILE__L0-1.__TILE__L1-1.__TILE__L2-4,target,support,support,finetune_dataset,data_658.pt,3944281.0,polynormer_lite,2,50,paper_exact_seed2,0.6710828542709351,0.6233450174331665,0.047737836837768555,0.25,0.22138017416000366,0.028619825839996338,0.10999999940395355,0.1195586770772934,0.009558677673339844,0.25999999046325684,0.24302789568901062,0.016972094774246216,0.28999999165534973,0.2760237753391266,0.013976216316223145
764f63a42355b187,jacobi-2d,jacobi-2d,lv2:__PARA__L0-1.__PARA__L1-2.__PARA__L2-2.__PARA__L3-8.__PARA__L4-8.__PIPE__L0-off.__PIPE__L1-NA.__PIPE__L2-NA.__TILE__L0-40.__TILE__L1-1.__TILE__L2-1,target,support,support,finetune_dataset,data_839.pt,4382121.0,polynormer_lite,2,50,paper_exact_seed2,0.5951493978500366,0.6798884272575378,0.08473902940750122,0.05000000074505806,0.08578752726316452,0.03578752651810646,0.019999999552965164,0.035641759634017944,0.01564176008105278,0.05000000074505806,0.05125071853399277,0.0012507177889347076,0.0,-0.005517184734344482,0.005517184734344482
ca89cb920af95063,jacobi-2d,jacobi-2d,lv2:__PARA__L0-1.__PARA__L1-1.__PARA__L2-2.__PARA__L3-2.__PARA__L4-1.__PIPE__L0-off.__PIPE__L1-NA.__PIPE__L2-flatten.__TILE__L0-1.__TILE__L1-8.__TILE__L2-8,target,support,support,finetune_dataset,data_748.pt,4088281.0,polynormer_lite,2,50,paper_exact_seed2,0.6452168822288513,0.6027718782424927,0.04244500398635864,0.8700000047683716,0.9369364976882935,0.06693649291992188,0.3799999952316284,0.37696701288223267,0.003032982349395752,0.7799999713897705,0.8137487769126892,0.0337488055229187,0.0,0.013539820909500122,0.013539820909500122
a814f824596df827,jacobi-2d,jacobi-2d,lv2:__PARA__L0-1.__PARA__L1-2.__PARA__L2-1.__PARA__L3-8.__PARA__L4-8.__PIPE__L0-off.__PIPE__L1-NA.__PIPE__L2-NA.__TILE__L0-1.__TILE__L1-1.__TILE__L2-4,target,support,support,finetune_dataset,data_807.pt,4213281.0,polynormer_lite,2,50,paper_exact_seed2,0.6234920024871826,0.6675161123275757,0.044024109840393066,0.05000000074505806,0.22144818305969238,0.17144818603992462,0.019999999552965164,0.03601299226284027,0.016012992709875107,0.05000000074505806,0.13047748804092407,0.08047749102115631,0.0,0.0016215965151786804,0.0016215965151786804
053991bbd59f5501,jacobi-2d,jacobi-2d,lv2:__PARA__L0-1.__PARA__L1-1.__PARA__L2-1.__PARA__L3-8.__PARA__L4-11.__PIPE__L0-off.__PIPE__L1-off.__PIPE__L2-off.__TILE__L0-1.__TILE__L1-1.__TILE__L2-1,target,support,support,finetune_dataset,data_711.pt,206364.0,polynormer_lite,2,50,paper_exact_seed2,2.7993323802948,2.367576837539673,0.43175554275512695,0.03999999910593033,0.07338720560073853,0.0333872064948082,0.009999999776482582,0.012230053544044495,0.0022300537675619125,0.009999999776482582,0.001489296555519104,0.008510703220963478,0.029999999329447746,0.008826561272144318,0.02117343805730343
4e45152dc9ab5382,jacobi-2d,jacobi-2d,lv2:__PARA__L0-1.__PARA__L1-1.__PARA__L2-2.__PARA__L3-88.__PARA__L4-1.__PIPE__L0-off.__PIPE__L1-off.__PIPE__L2-flatten.__TILE__L0-1.__TILE__L1-8.__TILE__L2-8,target,support,support,finetune_dataset,data_769.pt,4087681.0,polynormer_lite,2,50,paper_exact_seed2,0.6453227400779724,0.5699690580368042,0.07535368204116821,1.1299999952316284,1.1090425252914429,0.020957469940185547,0.49000000953674316,0.484641969203949,0.0053580403327941895,1.0199999809265137,0.9509651064872742,0.0690348744392395,0.20999999344348907,0.1921757161617279,0.01782427728176117
b373e8c571dbb7cb,jacobi-2d,jacobi-2d,lv2:__PARA__L0-1.__PARA__L1-1.__PARA__L2-1.__PARA__L3-1.__PARA__L4-11.__PIPE__L0-off.__PIPE__L1-off.__PIPE__L2-off.__TILE__L0-1.__TILE__L1-1.__TILE__L2-1,target,support,support,finetune_dataset,data_664.pt,963004.0,polynormer_lite,2,50,paper_exact_seed2,1.6881572008132935,2.0037994384765625,0.31564223766326904,0.05000000074505806,0.08458036929368973,0.03458036854863167,0.019999999552965164,0.0053605735301971436,0.01463942602276802,0.029999999329447746,-0.003418862819671631,0.033418864011764526,0.029999999329447746,0.025186076760292053,0.004813922569155693
53d53bf79f94009c,jacobi-2d,jacobi-2d,lv2:__PARA__L0-1.__PARA__L1-1.__PARA__L2-4.__PARA__L3-1.__PARA__L4-1.__PIPE__L0-off.__PIPE__L1-off.__PIPE__L2-flatten.__TILE__L0-1.__TILE__L1-1.__TILE__L2-8,target,support,support,finetune_dataset,data_776.pt,4407761.0,polynormer_lite,2,50,paper_exact_seed2,0.5909410715103149,0.6419584155082703,0.05101734399795532,1.0299999713897705,0.9407280683517456,0.0892719030380249,0.4699999988079071,0.3943060040473938,0.0756939947605133,0.9700000286102295,0.8248990178108215,0.14510101079940796,0.03999999910593033,0.019913800060749054,0.020086199045181274
ed1e0b205d363f5e,jacobi-2d,jacobi-2d,lv2:__PARA__L0-1.__PARA__L1-11.__PARA__L2-2.__PARA__L3-1.__PARA__L4-1.__PIPE__L0-off.__PIPE__L1-off.__PIPE__L2-flatten.__TILE__L0-1.__TILE__L1-1.__TILE__L2-8,target,support,support,finetune_dataset,data_788.pt,4315441.0,polynormer_lite,2,50,paper_exact_seed2,0.6062100529670715,0.6166304349899292,0.010420382022857666,0.8700000047683716,0.8950880765914917,0.025088071823120117,0.3799999952316284,0.3493359684944153,0.030664026737213135,0.7699999809265137,0.7555152177810669,0.014484763145446777,0.03999999910593033,0.02905353158712387,0.010946467518806458
47bf8aa757fbacb3,jacobi-2d,jacobi-2d,lv2:__PARA__L0-1.__PARA__L1-4.__PARA__L2-1.__PARA__L3-8.__PARA__L4-8.__PIPE__L0-off.__PIPE__L1-NA.__PIPE__L2-off.__TILE__L0-40.__TILE__L1-1.__TILE__L2-1,target,support,support,finetune_dataset,data_890.pt,2242884.0,polynormer_lite,2,50,paper_exact_seed2,1.0782865285873413,1.128975510597229,0.050688982009887695,0.03999999910593033,0.06958289444446564,0.02958289533853531,0.019999999552965164,0.012873783707618713,0.007126215845346451,0.029999999329447746,0.019247397780418396,0.01075260154902935,0.009999999776482582,0.004485771059989929,0.005514228716492653
37ef2a19bd4f9c1e,jacobi-2d,jacobi-2d,lv2:__PARA__L0-1.__PARA__L1-22.__PARA__L2-2.__PARA__L3-16.__PARA__L4-1.__PIPE__L0-off.__PIPE__L1-NA.__PIPE__L2-flatten.__TILE__L0-1.__TILE__L1-4.__TILE__L2-8,target,support,support,finetune_dataset,data_880.pt,5968041.0,polynormer_lite,2,50,paper_exact_seed2,0.3723353147506714,0.5026946067810059,0.13035929203033447,0.8999999761581421,0.9655051231384277,0.06550514698028564,0.4000000059604645,0.4090462923049927,0.009046286344528198,0.8100000023841858,0.871097207069397,0.06109720468521118,0.029999999329447746,0.03973840922117233,0.009738409891724586
86c3f25e74bb0602,jacobi-2d,jacobi-2d,lv2:__PARA__L0-1.__PARA__L1-1.__PARA__L2-1.__PARA__L3-4.__PARA__L4-32.__PIPE__L0-off.__PIPE__L1-off.__PIPE__L2-off.__TILE__L0-1.__TILE__L1-1.__TILE__L2-1,target,support,support,finetune_dataset,data_707.pt,2486164.0,polynormer_lite,2,50,paper_exact_seed2,1.0040032863616943,1.0570189952850342,0.053015708923339844,0.10999999940395355,0.1026897206902504,0.0073102787137031555,0.029999999329447746,0.004506304860115051,0.025493694469332695,0.029999999329447746,-0.0009268969297409058,0.030926896259188652,0.05000000074505806,0.058033429086208344,0.008033428341150284
8cb79764b6680f04,jacobi-2d,jacobi-2d,lv2:__PARA__L0-1.__PARA__L1-22.__PARA__L2-2.__PARA__L3-32.__PARA__L4-1.__PIPE__L0-off.__PIPE__L1-NA.__PIPE__L2-flatten.__TILE__L0-1.__TILE__L1-4.__TILE__L2-8,target,support,support,finetune_dataset,data_883.pt,5967801.0,polynormer_lite,2,50,paper_exact_seed2,0.372364342212677,0.4365936517715454,0.06422930955886841,0.949999988079071,0.9940434694290161,0.04404348134994507,0.41999998688697815,0.45776230096817017,0.03776231408119202,0.8600000143051147,0.9148337841033936,0.05483376979827881,0.10999999940395355,0.09891743957996368,0.011082559823989868
2246a55d9e439b9b,jacobi-2d,jacobi-2d,lv2:__PARA__L0-1.__PARA__L1-2.__PARA__L2-1.__PARA__L3-8.__PARA__L4-8.__PIPE__L0-off.__PIPE__L1-NA.__PIPE__L2-off.__TILE__L0-1.__TILE__L1-1.__TILE__L2-4,target,support,support,finetune_dataset,data_811.pt,4213281.0,polynormer_lite,2,50,paper_exact_seed2,0.6234920024871826,0.7011532187461853,0.07766121625900269,0.05000000074505806,0.11137871444225311,0.06137871369719505,0.019999999552965164,0.017468035221099854,0.0025319643318653107,0.05000000074505806,0.040920332074165344,0.009079668670892715,0.0,-0.005094319581985474,0.005094319581985474
1e0930d3a442aea0,jacobi-2d,jacobi-2d,lv2:__PARA__L0-1.__PARA__L1-1.__PARA__L2-1.__PARA__L3-2.__PARA__L4-11.__PIPE__L0-off.__PIPE__L1-off.__PIPE__L2-off.__TILE__L0-1.__TILE__L1-1.__TILE__L2-1,target,support,support,finetune_dataset,data_690.pt,554684.0,polynormer_lite,2,50,paper_exact_seed2,2.086095094680786,2.110243558883667,0.02414846420288086,0.03999999910593033,0.09694725275039673,0.0569472536444664,0.009999999776482582,0.006196871399879456,0.0038031283766031265,0.009999999776482582,-0.0007366389036178589,0.010736638680100441,0.029999999329447746,0.0118236243724823,0.018176374956965446
536c145b4b592f58,jacobi-2d,jacobi-2d,lv2:__PARA__L0-1.__PARA__L1-1.__PARA__L2-8.__PARA__L3-8.__PARA__L4-8.__PIPE__L0-off.__PIPE__L1-off.__PIPE__L2-NA.__TILE__L0-1.__TILE__L1-88.__TILE__L2-1,target,support,support,finetune_dataset,data_781.pt,2266604.0,polynormer_lite,2,50,paper_exact_seed2,1.0706979036331177,0.9273454546928406,0.1433524489402771,0.03999999910593033,0.06076134741306305,0.02076134830713272,0.009999999776482582,0.027418702840805054,0.01741870306432247,0.029999999329447746,0.06131993234157562,0.03131993114948273,0.019999999552965164,0.003296107053756714,0.01670389249920845
444859d6f64b30f7,jacobi-2d,jacobi-2d,lv2:__PARA__L0-1.__PARA__L1-1.__PARA__L2-2.__PARA__L3-8.__PARA__L4-8.__PIPE__L0-off.__PIPE__L1-off.__PIPE__L2-off.__TILE__L0-1.__TILE__L1-88.__TILE__L2-1,target,support,support,finetune_dataset,data_765.pt,2234324.0,polynormer_lite,2,50,paper_exact_seed2,1.0810447931289673,1.1013078689575195,0.020263075828552246,0.03999999910593033,0.02108944207429886,0.01891055703163147,0.019999999552965164,-0.002032652497291565,0.02203265205025673,0.029999999329447746,-0.01091282069683075,0.040912821888923645,0.009999999776482582,-0.008145473897457123,0.018145473673939705
96c3a9e64d5e25ff,jacobi-2d,jacobi-2d,lv2:__PARA__L0-1.__PARA__L1-22.__PARA__L2-2.__PARA__L3-11.__PARA__L4-1.__PIPE__L0-off.__PIPE__L1-NA.__PIPE__L2-flatten.__TILE__L0-1.__TILE__L1-4.__TILE__L2-8,target,support,support,finetune_dataset,data_879.pt,4385921.0,polynormer_lite,2,50,paper_exact_seed2,0.5945241451263428,0.5309435129165649,0.06358063220977783,0.8999999761581421,0.9229061603546143,0.022906184196472168,0.4000000059604645,0.3821924328804016,0.017807573080062866,0.800000011920929,0.8248826861381531,0.02488267421722412,0.03999999910593033,0.024143889546394348,0.01585610955953598
b9937ac9cd905954,jacobi-2d,jacobi-2d,lv2:__PARA__L0-1.__PARA__L1-2.__PARA__L2-1.__PARA__L3-1.__PARA__L4-4.__PIPE__L0-off.__PIPE__L1-flatten.__PIPE__L2-NA.__TILE__L0-1.__TILE__L1-1.__TILE__L2-8,target,support,support,finetune_dataset,data_804.pt,3936601.0,polynormer_lite,2,50,paper_exact_seed2,0.672488808631897,0.6084901094436646,0.06399869918823242,0.5600000023841858,0.6302939653396606,0.07029396295547485,0.25,0.28288722038269043,0.03288722038269043,0.5199999809265137,0.5238260626792908,0.0038260817527770996,0.0,0.028128966689109802,0.028128966689109802
c2c93fa5894090c5,jacobi-2d,jacobi-2d,lv2:__PARA__L0-1.__PARA__L1-1.__PARA__L2-1.__PARA__L3-1.__PARA__L4-1.__PIPE__L0-off.__PIPE__L1-off.__PIPE__L2-flatten.__TILE__L0-1.__TILE__L1-1.__TILE__L2-2,target,support,support,finetune_dataset,data_660.pt,4306601.0,polynormer_lite,2,50,paper_exact_seed2,0.6076892018318176,0.6307944655418396,0.023105263710021973,0.20000000298023224,0.1741122007369995,0.025887802243232727,0.14000000059604645,0.07036848366260529,0.06963151693344116,0.18000000715255737,0.2351880818605423,0.055188074707984924,0.25,0.24024423956871033,0.009755760431289673
3216d5e44ff4a411,jacobi-2d,jacobi-2d,lv2:__PARA__L0-1.__PARA__L1-2.__PARA__L2-22.__PARA__L3-8.__PARA__L4-8.__PIPE__L0-off.__PIPE__L1-off.__PIPE__L2-off.__TILE__L0-1.__TILE__L1-1.__TILE__L2-1,target,support,support,finetune_dataset,data_855.pt,4504601.0,polynormer_lite,2,50,paper_exact_seed2,0.5752643942832947,0.6101357340812683,0.03487133979797363,0.05000000074505806,0.04493112862110138,0.00506887212395668,0.019999999552965164,-0.004405185580253601,0.024405185133218765,0.05000000074505806,0.010126464068889618,0.03987353667616844,0.009999999776482582,0.013346463441848755,0.003346463665366173
3e14a2713d1d763e,jacobi-2d,jacobi-2d,lv2:__PARA__L0-1.__PARA__L1-22.__PARA__L2-2.__PARA__L3-4.__PARA__L4-1.__PIPE__L0-off.__PIPE__L1-NA.__PIPE__L2-flatten.__TILE__L0-1.__TILE__L1-4.__TILE__L2-8,target,support,support,finetune_dataset,data_884.pt,4385921.0,polynormer_lite,2,50,paper_exact_seed2,0.5945241451263428,0.5863128900527954,0.008211255073547363,0.8700000047683716,0.8313204050064087,0.03867959976196289,0.38999998569488525,0.3615022301673889,0.028497755527496338,0.7799999713897705,0.7617437839508057,0.018256187438964844,0.0,0.0121755450963974,0.0121755450963974
1509afa979317be1,jacobi-2d,jacobi-2d,lv2:__PARA__L0-1.__PARA__L1-2.__PARA__L2-88.__PARA__L3-8.__PARA__L4-8.__PIPE__L0-off.__PIPE__L1-off.__PIPE__L2-off.__TILE__L0-1.__TILE__L1-1.__TILE__L2-1,target,support,support,finetune_dataset,data_875.pt,4361601.0,polynormer_lite,2,50,paper_exact_seed2,0.5985351204872131,0.6037498116493225,0.005214691162109375,2.0,2.3177828788757324,0.3177828788757324,0.9300000071525574,1.055495023727417,0.12549501657485962,2.0799999237060547,2.31786847114563,0.2378685474395752,0.0,-0.003531448543071747,0.003531448543071747
5fcf77dcebfbbb45,jacobi-2d,jacobi-2d,lv2:__PARA__L0-1.__PARA__L1-2.__PARA__L2-11.__PARA__L3-8.__PARA__L4-8.__PIPE__L0-off.__PIPE__L1-off.__PIPE__L2-NA.__TILE__L0-40.__TILE__L1-1.__TILE__L2-1,target,support,support,finetune_dataset,data_833.pt,4434121.0,polynormer_lite,2,50,paper_exact_seed2,0.5866400003433228,0.633937418460846,0.04729741811752319,0.05000000074505806,0.08106867969036102,0.031068678945302963,0.019999999552965164,0.02576446533203125,0.005764465779066086,0.05000000074505806,0.047745853662490845,0.002254147082567215,0.009999999776482582,-0.0004645809531211853,0.010464580729603767
74a01752d111f879,gemver-medium,gemver-medium,lv2:__PARA__L0-1.__PARA__L1-1.__PARA__L2-1.__PARA__L3-1.__PARA__L4-1.__PARA__L5-1.__PARA__L6-64.__PIPE__L0-flatten.__PIPE__L1-off.__PIPE__L3-off.__TILE__L0-1.__TILE__L1-1.__TILE__L3-1,target,support,support,finetune_dataset,data_478.pt,924703.0,polynormer_lite,2,50,paper_exact_seed2,1.7174330949783325,1.703110694885254,0.014322400093078613,0.6700000166893005,0.6563469171524048,0.013653099536895752,0.4300000071525574,0.3983476459980011,0.031652361154556274,1.2799999713897705,1.2648652791976929,0.015134692192077637,0.23999999463558197,0.25745415687561035,0.01745416224002838
97f4543bc45808b5,gemver-medium,gemver-medium,lv2:__PARA__L0-1.__PARA__L1-1.__PARA__L2-1.__PARA__L3-16.__PARA__L4-1.__PARA__L5-1.__PARA__L6-1.__PIPE__L0-flatten.__PIPE__L1-off.__PIPE__L3-off.__TILE__L0-1.__TILE__L1-1.__TILE__L3-1,target,support,support,finetune_dataset,data_649.pt,1721873.0,polynormer_lite,2,50,paper_exact_seed2,1.2689746618270874,1.4576983451843262,0.18872368335723877,0.6499999761581421,0.644256591796875,0.00574338436126709,0.4300000071525574,0.37760913372039795,0.052390873432159424,1.2799999713897705,1.2911473512649536,0.011147379875183105,0.23999999463558197,0.22310328483581543,0.01689670979976654
88ccfe6d05a9e4b8,gemver-medium,gemver-medium,lv2:__PARA__L0-1.__PARA__L1-1.__PARA__L2-1.__PARA__L3-1.__PARA__L4-2.__PARA__L5-1.__PARA__L6-4.__PIPE__L0-off.__PIPE__L1-flatten.__PIPE__L3-off.__TILE__L0-1.__TILE__L1-1.__TILE__L3-8,target,support,support,finetune_dataset,data_644.pt,437535.0,polynormer_lite,2,50,paper_exact_seed2,2.2572288513183594,2.414754867553711,0.15752601623535156,0.6100000143051147,0.5787876844406128,0.031212329864501953,0.3100000023841858,0.3261391520500183,0.01613914966583252,0.6399999856948853,0.6768543720245361,0.03685438632965088,0.15000000596046448,0.25013113021850586,0.10013112425804138
1cc6286de82d0589,gemver-medium,gemver-medium,lv2:__PARA__L0-1.__PARA__L1-1.__PARA__L2-1.__PARA__L3-1.__PARA__L4-1.__PARA__L5-1.__PARA__L6-16.__PIPE__L0-flatten.__PIPE__L1-off.__PIPE__L3-NA.__TILE__L0-1.__TILE__L1-1.__TILE__L3-1,target,support,support,finetune_dataset,data_441.pt,911411.0,polynormer_lite,2,50,paper_exact_seed2,1.7278772592544556,1.726380705833435,0.0014965534210205078,0.6800000071525574,0.6673892736434937,0.01261073350906372,0.4300000071525574,0.40522128343582153,0.02477872371673584,1.2899999618530273,1.3043971061706543,0.014397144317626953,0.23999999463558197,0.28103721141815186,0.041037216782569885
8f4ab36456ee280a,gemver-medium,gemver-medium,lv2:__PARA__L0-1.__PARA__L1-1.__PARA__L2-1.__PARA__L3-1.__PARA__L4-1.__PARA__L5-1.__PARA__L6-32.__PIPE__L0-off.__PIPE__L1-off.__PIPE__L3-off.__TILE__L0-1.__TILE__L1-1.__TILE__L3-1,target,support,support,finetune_dataset,data_464.pt,1102812.0,polynormer_lite,2,50,paper_exact_seed2,1.5903706550598145,1.534028172492981,0.056342482566833496,0.03999999910593033,0.016207963228225708,0.02379203587770462,0.019999999552965164,0.011820092797279358,0.008179906755685806,0.019999999552965164,-0.0053055137395858765,0.02530551329255104,0.18000000715255737,0.14097341895103455,0.03902658820152283
abd02553eb488b26,gemver-medium,gemver-medium,lv2:__PARA__L0-1.__PARA__L1-8.__PARA__L2-1.__PARA__L3-1.__PARA__L4-1.__PARA__L5-1.__PARA__L6-1.__PIPE__L0-flatten.__PIPE__L1-off.__PIPE__L3-off.__TILE__L0-1.__TILE__L1-1.__TILE__L3-1,target,support,support,finetune_dataset,data_653.pt,1689165.0,polynormer_lite,2,50,paper_exact_seed2,1.2828088998794556,1.424546241760254,0.14173734188079834,0.6499999761581421,0.6525701284408569,0.0025701522827148438,0.41999998688697815,0.4038403034210205,0.01615968346595764,1.2799999713897705,1.3094115257263184,0.02941155433654785,0.23999999463558197,0.21061454713344574,0.02938544750213623
a7dc296477f89e14,gemver-medium,gemver-medium,lv2:__PARA__L0-1.__PARA__L1-1.__PARA__L2-1.__PARA__L3-1.__PARA__L4-1.__PARA__L5-1.__PARA__L6-64.__PIPE__L0-off.__PIPE__L1-flatten.__PIPE__L3-NA.__TILE__L0-1.__TILE__L1-1.__TILE__L3-8,target,support,support,finetune_dataset,data_479.pt,327769.0,polynormer_lite,2,50,paper_exact_seed2,2.465588331222534,2.5435709953308105,0.07798266410827637,0.6499999761581421,0.6577781438827515,0.007778167724609375,0.33000001311302185,0.4116896390914917,0.08168962597846985,0.6800000071525574,0.7498469948768616,0.0698469877243042,0.36000001430511475,0.2856444716453552,0.07435554265975952
a4af5301460b9d00,gemver-medium,gemver-medium,lv2:__PARA__L0-1.__PARA__L1-1.__PARA__L2-1.__PARA__L3-1.__PARA__L4-2.__PARA__L5-1.__PARA__L6-16.__PIPE__L0-off.__PIPE__L1-flatten.__PIPE__L3-off.__TILE__L0-1.__TILE__L1-1.__TILE__L3-8,target,support,support,finetune_dataset,data_638.pt,240035.0,polynormer_lite,2,50,paper_exact_seed2,2.690305709838867,2.5224053859710693,0.16790032386779785,0.6200000047683716,0.6058510541915894,0.014148950576782227,0.3100000023841858,0.3278731107711792,0.017873108386993408,0.6399999856948853,0.616990327835083,0.023009657859802246,0.23999999463558197,0.24378709495067596,0.003787100315093994
fd885963701ec907,gemver-medium,gemver-medium,lv2:__PARA__L0-1.__PARA__L1-1.__PARA__L2-1.__PARA__L3-1.__PARA__L4-1.__PARA__L5-1.__PARA__L6-2.__PIPE__L0-flatten.__PIPE__L1-off.__PIPE__L3-NA.__TILE__L0-1.__TILE__L1-1.__TILE__L3-1,target,support,support,finetune_dataset,data_446.pt,1264769.0,polynormer_lite,2,50,paper_exact_seed2,1.4915270805358887,1.4483389854431152,0.04318809509277344,0.6700000166893005,0.6398141384124756,0.03018587827682495,0.41999998688697815,0.4281644821166992,0.00816449522972107,1.2799999713897705,1.352885365486145,0.07288539409637451,0.23999999463558197,0.23321089148521423,0.006789103150367737
cf40d0255f3c7df7,gemver-medium,gemver-medium,lv2:__PARA__L0-1.__PARA__L1-1.__PARA__L2-1.__PARA__L3-1.__PARA__L4-1.__PARA__L5-2.__PARA__L6-400.__PIPE__L0-off.__PIPE__L1-off.__PIPE__L3-off.__TILE__L0-1.__TILE__L1-1.__TILE__L3-1,target,support,support,finetune_dataset,data_538.pt,641657.0,polynormer_lite,2,50,paper_exact_seed2,1.9810268878936768,2.0143141746520996,0.03328728675842285,0.18000000715255737,0.21378859877586365,0.033788591623306274,0.20999999344348907,0.2041318565607071,0.005868136882781982,0.4699999988079071,0.529908299446106,0.05990830063819885,0.23999999463558197,0.31310197710990906,0.07310198247432709
ad06f729bd5db51b,gemver-medium,gemver-medium,lv2:__PARA__L0-1.__PARA__L1-1.__PARA__L2-1.__PARA__L3-1.__PARA__L4-1.__PARA__L5-1.__PARA__L6-25.__PIPE__L0-flatten.__PIPE__L1-off.__PIPE__L3-off.__TILE__L0-1.__TILE__L1-1.__TILE__L3-1,target,support,support,finetune_dataset,data_457.pt,901503.0,polynormer_lite,2,50,paper_exact_seed2,1.7357620000839233,1.633237361907959,0.10252463817596436,0.6700000166893005,0.656568169593811,0.013431847095489502,0.41999998688697815,0.3843885660171509,0.03561142086982727,1.2799999713897705,1.2629978656768799,0.017002105712890625,0.23999999463558197,0.2414122372865677,0.0014122426509857178
c37f85f367c6ecf3,gemver-medium,gemver-medium,lv2:__PARA__L0-1.__PARA__L1-1.__PARA__L2-1.__PARA__L3-1.__PARA__L4-1.__PARA__L5-4.__PARA__L6-400.__PIPE__L0-off.__PIPE__L1-off.__PIPE__L3-off.__TILE__L0-1.__TILE__L1-1.__TILE__L3-1,target,support,support,finetune_dataset,data_581.pt,440058.0,polynormer_lite,2,50,paper_exact_seed2,2.2530813217163086,2.314384937286377,0.06130361557006836,0.27000001072883606,0.2481621503829956,0.021837860345840454,0.20000000298023224,0.19671106338500977,0.003288939595222473,0.4699999988079071,0.46431779861450195,0.005682200193405151,0.4300000071525574,0.3614690899848938,0.06853091716766357
d76b59724307206f,gemver-medium,gemver-medium,lv2:__PARA__L0-1.__PARA__L1-1.__PARA__L2-1.__PARA__L3-1.__PARA__L4-1.__PARA__L5-4.__PARA__L6-16.__PIPE__L0-off.__PIPE__L1-off.__PIPE__L3-off.__TILE__L0-1.__TILE__L1-1.__TILE__L3-1,target,support,support,finetune_dataset,data_561.pt,494813.0,polynormer_lite,2,50,paper_exact_seed2,2.1684863567352295,2.1845195293426514,0.016033172607421875,0.029999999329447746,0.017297111451625824,0.012702887877821922,0.009999999776482582,-0.0005441606044769287,0.01054416038095951,0.009999999776482582,0.03270452469587326,0.02270452491939068,0.18000000715255737,0.2048741579055786,0.02487415075302124
39d92e60a19b8911,gemver-medium,gemver-medium,lv2:__PARA__L0-1.__PARA__L1-1.__PARA__L2-1.__PARA__L3-1.__PARA__L4-1.__PARA__L5-5.__PARA__L6-2.__PIPE__L0-off.__PIPE__L1-off.__PIPE__L3-NA.__TILE__L0-1.__TILE__L1-1.__TILE__L3-1,target,support,support,finetune_dataset,data_598.pt,798416.0,polynormer_lite,2,50,paper_exact_seed2,1.8233578205108643,1.899449110031128,0.07609128952026367,0.029999999329447746,0.006364509463310242,0.023635489866137505,0.009999999776482582,0.0005361884832382202,0.009463811293244362,0.0,0.04232725501060486,0.04232725501060486,0.30000001192092896,0.22468143701553345,0.07531857490539551
f8611baa3d34baec,gemver-medium,gemver-medium,lv2:__PARA__L0-1.__PARA__L1-1.__PARA__L2-1.__PARA__L3-1.__PARA__L4-1.__PARA__L5-8.__PARA__L6-16.__PIPE__L0-off.__PIPE__L1-off.__PIPE__L3-NA.__TILE__L0-1.__TILE__L1-1.__TILE__L3-1,target,support,support,finetune_dataset,data_618.pt,389918.0,polynormer_lite,2,50,paper_exact_seed2,2.3403427600860596,2.3604321479797363,0.020089387893676758,0.03999999910593033,0.0552382692694664,0.015238270163536072,0.019999999552965164,0.01592189073562622,0.0040781088173389435,0.019999999552965164,0.1280205398797989,0.10802054405212402,0.28999999165534973,0.21310050785541534,0.07689948379993439
a8247c256499520b,gemver-medium,gemver-medium,lv2:__PARA__L0-1.__PARA__L1-1.__PARA__L2-1.__PARA__L3-1.__PARA__L4-1.__PARA__L5-4.__PARA__L6-5.__PIPE__L0-off.__PIPE__L1-off.__PIPE__L3-NA.__TILE__L0-1.__TILE__L1-1.__TILE__L3-1,target,support,support,finetune_dataset,data_584.pt,597269.0,polynormer_lite,2,50,paper_exact_seed2,2.0327377319335938,2.107100009918213,0.07436227798461914,0.029999999329447746,0.013189077377319336,0.01681092195212841,0.009999999776482582,0.0017502456903457642,0.008249754086136818,0.0,0.05924898386001587,0.05924898386001587,0.18000000715255737,0.24632355570793152,0.06632354855537415
387c4d6118e8c989,gemver-medium,gemver-medium,lv2:__PARA__L0-1.__PARA__L1-1.__PARA__L2-1.__PARA__L3-1.__PARA__L4-1.__PARA__L5-4.__PARA__L6-400.__PIPE__L0-flatten.__PIPE__L1-off.__PIPE__L3-off.__TILE__L0-1.__TILE__L1-1.__TILE__L3-1,target,support,support,finetune_dataset,data_580.pt,271622.0,polynormer_lite,2,50,paper_exact_seed2,2.601127862930298,2.544080972671509,0.05704689025878906,0.8199999928474426,0.7268787622451782,0.0931212306022644,0.5199999809265137,0.5258535742759705,0.005853593349456787,1.2799999713897705,1.3217445611953735,0.04174458980560303,0.4300000071525574,0.4049513041973114,0.02504870295524597
2f626245e21cc056,gemver-medium,gemver-medium,lv2:__PARA__L0-1.__PARA__L1-1.__PARA__L2-1.__PARA__L3-1.__PARA__L4-1.__PARA__L5-2.__PARA__L6-10.__PIPE__L0-off.__PIPE__L1-off.__PIPE__L3-NA.__TILE__L0-1.__TILE__L1-1.__TILE__L3-1,target,support,support,finetune_dataset,data_513.pt,714471.0,polynormer_lite,2,50,paper_exact_seed2,1.903490424156189,1.9855003356933594,0.08200991153717041,0.029999999329447746,0.023182891309261322,0.006817108020186424,0.009999999776482582,0.0048866719007492065,0.0051133278757333755,0.009999999776482582,0.05771173536777496,0.04771173745393753,0.11999999731779099,0.2018364518880844,0.08183645457029343
ccedb74009e7acda,gemver-medium,gemver-medium,lv2:__PARA__L0-1.__PARA__L1-1.__PARA__L2-1.__PARA__L3-1.__PARA__L4-1.__PARA__L5-1.__PARA__L6-16.__PIPE__L0-off.__PIPE__L1-off.__PIPE__L3-NA.__TILE__L0-1.__TILE__L1-1.__TILE__L3-1,target,support,support,finetune_dataset,data_444.pt,1079116.0,polynormer_lite,2,50,paper_exact_seed2,1.606039047241211,1.5856366157531738,0.02040243148803711,0.03999999910593033,0.03476309776306152,0.005236901342868805,0.019999999552965164,0.018969222903251648,0.0010307766497135162,0.009999999776482582,0.062301069498062134,0.0523010715842247,0.11999999731779099,0.1591586172580719,0.039158619940280914
40fa45ba8d75fea6,gemver-medium,gemver-medium,lv2:__PARA__L0-1.__PARA__L1-1.__PARA__L2-1.__PARA__L3-1.__PARA__L4-1.__PARA__L5-10.__PARA__L6-32.__PIPE__L0-off.__PIPE__L1-off.__PIPE__L3-off.__TILE__L0-1.__TILE__L1-1.__TILE__L3-1,target,support,support,finetune_dataset,data_498.pt,393361.0,polynormer_lite,2,50,paper_exact_seed2,2.334001064300537,2.3617186546325684,0.02771759033203125,0.07000000029802322,0.052331313490867615,0.01766868680715561,0.029999999329447746,0.009120896458625793,0.020879102870821953,0.019999999552965164,0.07837976515293121,0.05837976559996605,0.05000000074505806,0.18283292651176453,0.13283292949199677
6bfa1888245ac30f,gemver-medium,gemver-medium,lv2:__PARA__L0-1.__PARA__L1-1.__PARA__L2-1.__PARA__L3-1.__PARA__L4-1.__PARA__L5-4.__PARA__L6-5.__PIPE__L0-flatten.__PIPE__L1-off.__PIPE__L3-off.__TILE__L0-1.__TILE__L1-1.__TILE__L3-1,target,support,support,finetune_dataset,data_583.pt,432373.0,polynormer_lite,2,50,paper_exact_seed2,2.2657899856567383,2.3252694606781006,0.059479475021362305,0.7300000190734863,0.6409895420074463,0.08901047706604004,0.4399999976158142,0.39028847217559814,0.049711525440216064,1.2799999713897705,1.1682416200637817,0.11175835132598877,0.4300000071525574,0.36682718992233276,0.06317281723022461
1d98f34eaa29cec7,gemver-medium,gemver-medium,lv2:__PARA__L0-1.__PARA__L1-1.__PARA__L2-1.__PARA__L3-1.__PARA__L4-1.__PARA__L5-1.__PARA__L6-1.__PIPE__L0-off.__PIPE__L1-flatten.__PIPE__L3-flatten.__TILE__L0-1.__TILE__L1-1.__TILE__L3-8,target,support,support,finetune_dataset,data_432.pt,254065.0,polynormer_lite,2,50,paper_exact_seed2,2.64932918548584,2.485761880874634,0.16356730461120605,1.340000033378601,1.1665092706680298,0.1734907627105713,0.9599999785423279,0.7216399312019348,0.23836004734039307,2.0399999618530273,1.7951407432556152,0.2448592185974121,0.30000001192092896,0.22249603271484375,0.0775039792060852
ebd95f41307d86ed,gemver-medium,gemver-medium,lv2:__PARA__L0-1.__PARA__L1-1.__PARA__L2-1.__PARA__L3-1.__PARA__L4-1.__PARA__L5-2.__PARA__L6-1.__PIPE__L0-flatten.__PIPE__L1-off.__PIPE__L3-off.__TILE__L0-1.__TILE__L1-1.__TILE__L3-1,target,support,support,finetune_dataset,data_507.pt,1261573.0,polynormer_lite,2,50,paper_exact_seed2,1.4933521747589111,1.4828252792358398,0.010526895523071289,0.6499999761581421,0.6381415128707886,0.011858463287353516,0.41999998688697815,0.4145548939704895,0.0054450929164886475,1.2799999713897705,1.3165698051452637,0.036569833755493164,0.23999999463558197,0.22631682455539703,0.013683170080184937
546ba9672e1bec4e,gemver-medium,gemver-medium,lv2:__PARA__L0-1.__PARA__L1-1.__PARA__L2-1.__PARA__L3-1.__PARA__L4-1.__PARA__L5-4.__PARA__L6-1.__PIPE__L0-off.__PIPE__L1-off.__PIPE__L3-flatten.__TILE__L0-1.__TILE__L1-1.__TILE__L3-1,target,support,support,finetune_dataset,data_552.pt,427265.0,polynormer_lite,2,50,paper_exact_seed2,2.274362564086914,2.2550976276397705,0.019264936447143555,0.5,0.6208792924880981,0.12087929248809814,0.30000001192092896,0.3648483455181122,0.06484833359718323,0.6399999856948853,1.032987117767334,0.39298713207244873,0.4300000071525574,0.3542831242084503,0.07571688294410706
afabf0cf6a7b8365,gemver-medium,gemver-medium,lv2:__PARA__L0-1.__PARA__L1-1.__PARA__L2-1.__PARA__L3-1.__PARA__L4-1.__PARA__L5-5.__PARA__L6-4.__PIPE__L0-off.__PIPE__L1-off.__PIPE__L3-off.__TILE__L0-1.__TILE__L1-1.__TILE__L3-1,target,support,support,finetune_dataset,data_606.pt,601964.0,polynormer_lite,2,50,paper_exact_seed2,2.0270895957946777,2.0678117275238037,0.04072213172912598,0.029999999329447746,-0.004518449306488037,0.03451845049858093,0.009999999776482582,-0.007176563143730164,0.017176562920212746,0.0,0.004369720816612244,0.004369720816612244,0.30000001192092896,0.22662779688835144,0.07337221503257751
b34fe29ee40cbfd8,gemver-medium,gemver-medium,lv2:__PARA__L0-1.__PARA__L1-1.__PARA__L2-1.__PARA__L3-1.__PARA__L4-1.__PARA__L5-2.__PARA__L6-64.__PIPE__L0-flatten.__PIPE__L1-off.__PIPE__L3-off.__TILE__L0-1.__TILE__L1-1.__TILE__L3-1,target,support,support,finetune_dataset,data_543.pt,529573.0,polynormer_lite,2,50,paper_exact_seed2,2.1195132732391357,2.2079453468322754,0.08843207359313965,0.6800000071525574,0.6527390480041504,0.027260959148406982,0.4300000071525574,0.40590596199035645,0.024094045162200928,1.2799999713897705,1.2257888317108154,0.05421113967895508,0.23999999463558197,0.3119799494743347,0.07197995483875275
4b02cffad381ef74,gemver-medium,gemver-medium,lv2:__PARA__L0-1.__PARA__L1-1.__PARA__L2-1.__PARA__L3-1.__PARA__L4-1.__PARA__L5-1.__PARA__L6-1.__PIPE__L0-flatten.__PIPE__L1-flatten.__PIPE__L3-off.__TILE__L0-8.__TILE__L1-1.__TILE__L3-1,target,support,support,finetune_dataset,data_428.pt,873826.0,polynormer_lite,2,50,paper_exact_seed2,1.758255124092102,1.8653943538665771,0.1071392297744751,1.090000033378601,1.1613109111785889,0.07131087779998779,0.6299999952316284,0.7074739336967468,0.07747393846511841,1.75,1.940266728401184,0.19026672840118408,0.11999999731779099,0.13609813153743744,0.016098134219646454
073ea443eaa72b1a,gemver-medium,gemver-medium,lv2:__PARA__L0-1.__PARA__L1-1.__PARA__L2-1.__PARA__L3-1.__PARA__L4-1.__PARA__L5-1.__PARA__L6-5.__PIPE__L0-off.__PIPE__L1-flatten.__PIPE__L3-off.__TILE__L0-1.__TILE__L1-1.__TILE__L3-8,target,support,support,finetune_dataset,data_475.pt,465465.0,polynormer_lite,2,50,paper_exact_seed2,2.2125916481018066,2.4072320461273193,0.1946403980255127,0.6100000143051147,0.5973618030548096,0.012638211250305176,0.3100000023841858,0.324557363986969,0.014557361602783203,0.6399999856948853,0.7159653902053833,0.07596540451049805,0.1599999964237213,0.2446504384279251,0.0846504420042038
3b3eea8d09d234c1,gemver-medium,gemver-medium,lv2:__PARA__L0-1.__PARA__L1-1.__PARA__L2-1.__PARA__L3-1.__PARA__L4-1.__PARA__L5-4.__PARA__L6-25.__PIPE__L0-off.__PIPE__L1-off.__PIPE__L3-NA.__TILE__L0-1.__TILE__L1-1.__TILE__L3-1,target,support,support,finetune_dataset,data_572.pt,468629.0,polynormer_lite,2,50,paper_exact_seed2,2.207705020904541,2.2505571842193604,0.042852163314819336,0.05999999865889549,0.03654114902019501,0.023458849638700485,0.029999999329447746,0.009354725480079651,0.020645273849368095,0.019999999552965164,0.03936344385147095,0.019363444298505783,0.28999999165534973,0.21284706890583038,0.07715292274951935
8267c1b9533029a4,gemver-medium,gemver-medium,lv2:__PARA__L0-1.__PARA__L1-1.__PARA__L2-1.__PARA__L3-1.__PARA__L4-1.__PARA__L5-8.__PARA__L6-25.__PIPE__L0-off.__PIPE__L1-off.__PIPE__L3-NA.__TILE__L0-1.__TILE__L1-1.__TILE__L3-1,target,support,support,finetune_dataset,data_624.pt,371827.0,polynormer_lite,2,50,paper_exact_seed2,2.374612331390381,2.3626155853271484,0.011996746063232422,0.07999999821186066,0.056789666414260864,0.023210331797599792,0.029999999329447746,0.016539499163627625,0.013460500165820122,0.019999999552965164,0.09603613615036011,0.07603614032268524,0.05999999865889549,0.2039157599210739,0.14391575753688812
ccf784e28e8d62ee,gemver-medium,gemver-medium,lv2:__PARA__L0-1.__PARA__L1-400.__PARA__L2-1.__PARA__L3-1.__PARA__L4-1.__PARA__L5-1.__PARA__L6-1.__PIPE__L0-flatten.__PIPE__L1-off.__PIPE__L3-off.__TILE__L0-1.__TILE__L1-1.__TILE__L3-1,target,support,support,finetune_dataset,data_652.pt,1657473.0,polynormer_lite,2,50,paper_exact_seed2,1.296471357345581,1.3535244464874268,0.0570530891418457,0.6499999761581421,0.6500730514526367,7.30752944946289e-05,0.41999998688697815,0.44141995906829834,0.02141997218132019,1.2799999713897705,1.2948905229568481,0.014890551567077637,0.23999999463558197,0.23940330743789673,0.0005966871976852417
1e06e029d012209f,gemver-medium,gemver-medium,lv2:__PARA__L0-1.__PARA__L1-1.__PARA__L2-1.__PARA__L3-1.__PARA__L4-1.__PARA__L5-1.__PARA__L6-32.__PIPE__L0-flatten.__PIPE__L1-off.__PIPE__L3-off.__TILE__L0-1.__TILE__L1-1.__TILE__L3-1,target,support,support,finetune_dataset,data_461.pt,935103.0,polynormer_lite,2,50,paper_exact_seed2,1.7093654870986938,1.616079568862915,0.09328591823577881,0.6700000166893005,0.6561264991760254,0.013873517513275146,0.4300000071525574,0.38801026344299316,0.04198974370956421,1.2799999713897705,1.261862874031067,0.018137097358703613,0.23999999463558197,0.24066290259361267,0.0006629079580307007
a1da14fefe06f567,gemver-medium,gemver-medium,lv2:__PARA__L0-1.__PARA__L1-1.__PARA__L2-1.__PARA__L3-1.__PARA__L4-1.__PARA__L5-10.__PARA__L6-64.__PIPE__L0-off.__PIPE__L1-off.__PIPE__L3-off.__TILE__L0-1.__TILE__L1-1.__TILE__L3-1,target,support,support,finetune_dataset,data_503.pt,384161.0,polynormer_lite,2,50,paper_exact_seed2,2.3510725498199463,2.3774375915527344,0.026365041732788086,0.10999999940395355,0.09977518022060394,0.01022481918334961,0.05000000074505806,0.0347856730222702,0.015214327722787857,0.03999999910593033,0.16310979425907135,0.12310979515314102,0.28999999165534973,0.22910067439079285,0.060899317264556885
137df9385324e331,gemver-medium,gemver-medium,lv2:__PARA__L0-1.__PARA__L1-1.__PARA__L2-1.__PARA__L3-1.__PARA__L4-1.__PARA__L5-2.__PARA__L6-1.__PIPE__L0-flatten.__PIPE__L1-off.__PIPE__L3-flatten.__TILE__L0-1.__TILE__L1-1.__TILE__L3-1,target,support,support,finetune_dataset,data_506.pt,456029.0,polynormer_lite,2,50,paper_exact_seed2,2.227365255355835,2.1668944358825684,0.0604708194732666,0.7099999785423279,0.8720031976699829,0.16200321912765503,0.4699999988079071,0.6435210704803467,0.17352107167243958,1.2799999713897705,1.624529242515564,0.34452927112579346,0.23999999463558197,0.27466967701911926,0.03466968238353729
b191ebbac7826eb3,gemver-medium,gemver-medium,lv2:__PARA__L0-1.__PARA__L1-1.__PARA__L2-1.__PARA__L3-1.__PARA__L4-1.__PARA__L5-1.__PARA__L6-5.__PIPE__L0-flatten.__PIPE__L1-off.__PIPE__L3-off.__TILE__L0-1.__TILE__L1-1.__TILE__L3-1,target,support,support,finetune_dataset,data_474.pt,1025103.0,polynormer_lite,2,50,paper_exact_seed2,1.6430796384811401,1.7182128429412842,0.07513320446014404,0.6700000166893005,0.6385735273361206,0.03142648935317993,0.41999998688697815,0.38982999324798584,0.03016999363899231,1.2799999713897705,1.268768310546875,0.011231660842895508,0.23999999463558197,0.2696632444858551,0.029663249850273132
db963af74fdef9e2,gemver-medium,gemver-medium,lv2:__PARA__L0-5.__PARA__L1-1.__PARA__L2-1.__PARA__L3-1.__PARA__L4-1.__PARA__L5-1.__PARA__L6-1.__PIPE__L0-flatten.__PIPE__L1-off.__PIPE__L3-off.__TILE__L0-1.__TILE__L1-1.__TILE__L3-1,target,support,support,finetune_dataset,data_655.pt,2317684.0,polynormer_lite,2,50,paper_exact_seed2,1.0546220541000366,1.0491851568222046,0.005436897277832031,3.2100000381469727,3.1887526512145996,0.021247386932373047,2.059999942779541,2.0784761905670166,0.018476247787475586,6.429999828338623,6.674736022949219,0.2447361946105957,0.9900000095367432,0.9500945210456848,0.03990548849105835
f04d401f04d14c1e,gemver-medium,gemver-medium,lv2:__PARA__L0-1.__PARA__L1-1.__PARA__L2-1.__PARA__L3-1.__PARA__L4-1.__PARA__L5-8.__PARA__L6-1.__PIPE__L0-off.__PIPE__L1-NA.__PIPE__L3-flatten.__TILE__L0-1.__TILE__L1-1.__TILE__L3-1,target,support,support,finetune_dataset,data_613.pt,323819.0,polynormer_lite,2,50,paper_exact_seed2,2.474334239959717,2.4485723972320557,0.025761842727661133,0.6800000071525574,0.6459900140762329,0.03400999307632446,0.4000000059604645,0.3803181052207947,0.0196819007396698,1.1100000143051147,0.977627694606781,0.13237231969833374,0.800000011920929,0.4161960482597351,0.38380396366119385
d18c3f6a099c066b,gemver-medium,gemver-medium,lv2:__PARA__L0-1.__PARA__L1-1.__PARA__L2-1.__PARA__L3-1.__PARA__L4-1.__PARA__L5-4.__PARA__L6-2.__PIPE__L0-flatten.__PIPE__L1-off.__PIPE__L3-NA.__TILE__L0-1.__TILE__L1-1.__TILE__L3-1,target,support,support,finetune_dataset,data_562.pt,668423.0,polynormer_lite,2,50,paper_exact_seed2,1.951547384262085,2.0427188873291016,0.0911715030670166,0.7400000095367432,0.6421858072280884,0.09781420230865479,0.4399999976158142,0.4288203716278076,0.011179625988006592,1.2799999713897705,1.2556540966033936,0.024345874786376953,0.4300000071525574,0.340392529964447,0.08960747718811035
9f3221336f822498,gemver-medium,gemver-medium,lv2:__PARA__L0-1.__PARA__L1-1.__PARA__L2-1.__PARA__L3-1.__PARA__L4-1.__PARA__L5-1.__PARA__L6-1.__PIPE__L0-flatten.__PIPE__L1-flatten.__PIPE__L3-off.__TILE__L0-2.__TILE__L1-1.__TILE__L3-1,target,support,support,finetune_dataset,data_427.pt,885648.0,polynormer_lite,2,50,paper_exact_seed2,1.7485613822937012,1.7200307846069336,0.028530597686767578,1.2300000190734863,1.0986696481704712,0.13133037090301514,0.9399999976158142,0.7462283372879028,0.19377166032791138,1.75,1.7630419731140137,0.013041973114013672,0.11999999731779099,0.12396685779094696,0.003966860473155975
658a43b6874223a8,gemver-medium,gemver-medium,lv2:__PARA__L0-1.__PARA__L1-1.__PARA__L2-1.__PARA__L3-1.__PARA__L4-2.__PARA__L5-1.__PARA__L6-400.__PIPE__L0-off.__PIPE__L1-flatten.__PIPE__L3-off.__TILE__L0-1.__TILE__L1-1.__TILE__L3-8,target,support,support,finetune_dataset,data_645.pt,174135.0,polynormer_lite,2,50,paper_exact_seed2,2.9218249320983887,3.020683765411377,0.09885883331298828,1.340000033378601,1.3374005556106567,0.002599477767944336,0.9599999785423279,0.8857682943344116,0.07423168420791626,2.0399999618530273,1.968055248260498,0.0719447135925293,0.30000001192092896,0.3089047372341156,0.008904725313186646
78748ad5835958f4,gemver-medium,gemver-medium,lv2:__PARA__L0-1.__PARA__L1-1.__PARA__L2-1.__PARA__L3-1.__PARA__L4-1.__PARA__L5-1.__PARA__L6-32.__PIPE__L0-off.__PIPE__L1-flatten.__PIPE__L3-NA.__TILE__L0-1.__TILE__L1-1.__TILE__L3-8,target,support,support,finetune_dataset,data_462.pt,339417.0,polynormer_lite,2,50,paper_exact_seed2,2.440398693084717,2.5088162422180176,0.06841754913330078,0.6299999952316284,0.6604670286178589,0.03046703338623047,0.3199999928474426,0.3891717791557312,0.06917178630828857,0.6600000262260437,0.7355296611785889,0.07552963495254517,0.25,0.2562248408794403,0.006224840879440308
38b5571df4d34783,gemver-medium,gemver-medium,lv2:__PARA__L0-1.__PARA__L1-1.__PARA__L2-1.__PARA__L3-1.__PARA__L4-1.__PARA__L5-2.__PARA__L6-4.__PIPE__L0-flatten.__PIPE__L1-off.__PIPE__L3-off.__TILE__L0-1.__TILE__L1-1.__TILE__L3-1,target,support,support,finetune_dataset,data_534.pt,669973.0,polynormer_lite,2,50,paper_exact_seed2,1.9498766660690308,2.0193188190460205,0.06944215297698975,0.6700000166893005,0.6342920064926147,0.03570801019668579,0.41999998688697815,0.4046115279197693,0.015388458967208862,1.2799999713897705,1.2453690767288208,0.03463089466094971,0.23999999463558197,0.3169665038585663,0.07696650922298431
a5d37c21d89dafa7,gemver-medium,gemver-medium,lv2:__PARA__L0-1.__PARA__L1-1.__PARA__L2-1.__PARA__L3-1.__PARA__L4-1.__PARA__L5-1.__PARA__L6-4.__PIPE__L0-off.__PIPE__L1-off.__PIPE__L3-off.__TILE__L0-1.__TILE__L1-1.__TILE__L3-1,target,support,support,finetune_dataset,data_469.pt,1233212.0,polynormer_lite,2,50,paper_exact_seed2,1.5097535848617554,1.5708985328674316,0.06114494800567627,0.019999999552965164,-0.012269273400306702,0.032269272953271866,0.009999999776482582,0.00013606250286102295,0.00986393727362156,0.0,0.036319926381111145,0.036319926381111145,0.11999999731779099,0.17211517691612244,0.05211517959833145
d9662c3dbf1efeed,gemver-medium,gemver-medium,lv2:__PARA__L0-1.__PARA__L1-1.__PARA__L2-1.__PARA__L3-1.__PARA__L4-1.__PARA__L5-2.__PARA__L6-25.__PIPE__L0-flatten.__PIPE__L1-off.__PIPE__L3-NA.__TILE__L0-1.__TILE__L1-1.__TILE__L3-1,target,support,support,finetune_dataset,data_527.pt,497391.0,polynormer_lite,2,50,paper_exact_seed2,2.1647379398345947,2.165461778640747,0.0007238388061523438,0.699999988079071,0.6611186265945435,0.03888136148452759,0.4399999976158142,0.41498446464538574,0.025015532970428467,1.2999999523162842,1.251922607421875,0.04807734489440918,0.23999999463558197,0.3189254403114319,0.07892544567584991
ea1c49f64583b28b,gemver-medium,gemver-medium,lv2:__PARA__L0-1.__PARA__L1-1.__PARA__L2-1.__PARA__L3-1.__PARA__L4-2.__PARA__L5-1.__PARA__L6-1.__PIPE__L0-off.__PIPE__L1-flatten.__PIPE__L3-off.__TILE__L0-1.__TILE__L1-1.__TILE__L3-8,target,support,support,finetune_dataset,data_636.pt,1011542.0,polynormer_lite,2,50,paper_exact_seed2,1.6526858806610107,1.6587095260620117,0.0060236454010009766,0.6200000047683716,0.5835771560668945,0.03642284870147705,0.3100000023841858,0.33722251653671265,0.027222514152526855,0.6399999856948853,0.7625744342803955,0.12257444858551025,0.18000000715255737,0.16375628113746643,0.016243726015090942
101fa2327321d834,gemver-medium,gemver-medium,lv2:__PARA__L0-1.__PARA__L1-16.__PARA__L2-1.__PARA__L3-1.__PARA__L4-1.__PARA__L5-1.__PARA__L6-1.__PIPE__L0-flatten.__PIPE__L1-off.__PIPE__L3-off.__TILE__L0-1.__TILE__L1-1.__TILE__L3-1,target,support,support,finetune_dataset,data_651.pt,1721319.0,polynormer_lite,2,50,paper_exact_seed2,1.2692067623138428,1.3794302940368652,0.11022353172302246,0.6499999761581421,0.6509672403335571,0.0009672641754150391,0.4300000071525574,0.4023328721523285,0.027667135000228882,1.2799999713897705,1.2882914543151855,0.008291482925415039,0.23999999463558197,0.19295887649059296,0.047041118144989014
5b9287120925f2a0,gemver-medium,gemver-medium,lv2:__PARA__L0-1.__PARA__L1-1.__PARA__L2-1.__PARA__L3-1.__PARA__L4-1.__PARA__L5-4.__PARA__L6-8.__PIPE__L0-off.__PIPE__L1-off.__PIPE__L3-off.__TILE__L0-1.__TILE__L1-1.__TILE__L3-1,target,support,support,finetune_dataset,data_591.pt,543213.0,polynormer_lite,2,50,paper_exact_seed2,2.1011691093444824,2.135680913925171,0.03451180458068848,0.029999999329447746,0.008339256048202515,0.02166074328124523,0.009999999776482582,-0.0029384642839431763,0.012938464060425758,0.0,0.03167245537042618,0.03167245537042618,0.18000000715255737,0.215916246175766,0.03591623902320862
57d44026afacdea0,gemver-medium,gemver-medium,lv2:__PARA__L0-1.__PARA__L1-1.__PARA__L2-1.__PARA__L3-1.__PARA__L4-1.__PARA__L5-1.__PARA__L6-400.__PIPE__L0-flatten.__PIPE__L1-off.__PIPE__L3-off.__TILE__L0-1.__TILE__L1-1.__TILE__L3-1,target,support,support,finetune_dataset,data_470.pt,868351.0,polynormer_lite,2,50,paper_exact_seed2,1.7627888917922974,1.7443556785583496,0.018433213233947754,0.6899999976158142,0.7218425273895264,0.03184252977371216,0.46000000834465027,0.5143546462059021,0.05435463786125183,1.2799999713897705,1.4146976470947266,0.13469767570495605,0.23999999463558197,0.2661990225315094,0.02619902789592743
f30c53ed54cd07f6,gemver-medium,gemver-medium,lv2:__PARA__L0-1.__PARA__L1-1.__PARA__L2-1.__PARA__L3-1.__PARA__L4-1.__PARA__L5-4.__PARA__L6-16.__PIPE__L0-flatten.__PIPE__L1-off.__PIPE__L3-NA.__TILE__L0-1.__TILE__L1-1.__TILE__L3-1,target,support,support,finetune_dataset,data_558.pt,317477.0,polynormer_lite,2,50,paper_exact_seed2,2.4886021614074707,2.416195869445801,0.07240629196166992,0.7400000095367432,0.6700642108917236,0.06993579864501953,0.44999998807907104,0.4057881832122803,0.04421180486679077,1.2899999618530273,1.1983287334442139,0.09167122840881348,0.4300000071525574,0.3819703459739685,0.04802966117858887
d8e3b8d9f992790d,gemver-medium,gemver-medium,lv2:__PARA__L0-1.__PARA__L1-1.__PARA__L2-1.__PARA__L3-1.__PARA__L4-1.__PARA__L5-2.__PARA__L6-10.__PIPE__L0-flatten.__PIPE__L1-off.__PIPE__L3-off.__TILE__L0-1.__TILE__L1-1.__TILE__L3-1,target,support,support,finetune_dataset,data_512.pt,551973.0,polynormer_lite,2,50,paper_exact_seed2,2.0896291732788086,2.168466329574585,0.07883715629577637,0.6700000166893005,0.6496473550796509,0.020352661609649658,0.41999998688697815,0.38881707191467285,0.031182914972305298,1.2799999713897705,1.2302546501159668,0.04974532127380371,0.23999999463558197,0.3186400234699249,0.07864002883434296
ec64060c6b189307,trmm-opt,trmm-opt,lv2:__PARA__L0-1.__PARA__L1-10.__PARA__L2-60.__PIPE__L0-off.__PIPE__L1-NA.__TILE__L0-1.__TILE__L1-1,target,support,support,finetune_dataset,data_1081.pt,27747.0,polynormer_lite,2,50,paper_exact_seed2,4.246726036071777,4.365087985992432,0.1183619499206543,0.5899999737739563,0.5905165672302246,0.0005165934562683105,0.3400000035762787,0.40946272015571594,0.06946271657943726,0.9599999785423279,1.1245899200439453,0.16458994150161743,0.0,0.0007228106260299683,0.0007228106260299683
44c346e1646bb5f3,trmm-opt,trmm-opt,lv2:__PARA__L0-1.__PARA__L1-8.__PARA__L2-60.__PIPE__L0-off.__PIPE__L1-NA.__TILE__L0-1.__TILE__L1-1,target,support,support,finetune_dataset,data_1113.pt,24567.0,polynormer_lite,2,50,paper_exact_seed2,4.334531307220459,4.338070869445801,0.003539562225341797,0.4699999988079071,0.46998611092567444,1.3887882232666016e-05,0.2800000011920929,0.3612314462661743,0.08123144507408142,0.7599999904632568,0.9498183131217957,0.18981832265853882,0.009999999776482582,0.0018295049667358398,0.008170494809746742
6b6146a4aac73f5f,trmm-opt,trmm-opt,lv2:__PARA__L0-1.__PARA__L1-20.__PARA__L2-1.__PIPE__L0-off.__PIPE__L1-flatten.__TILE__L0-1.__TILE__L1-4,target,support,support,finetune_dataset,data_1096.pt,25107.0,polynormer_lite,2,50,paper_exact_seed2,4.318847179412842,4.483422756195068,0.16457557678222656,1.159999966621399,1.111048936843872,0.048951029777526855,0.6800000071525574,0.5237962007522583,0.15620380640029907,1.9199999570846558,1.7828501462936401,0.13714981079101562,0.0,-0.008986294269561768,0.008986294269561768
37e8eb0b00f39883,trmm-opt,trmm-opt,lv2:__PARA__L0-1.__PARA__L1-1.__PARA__L2-1.__PIPE__L0-off.__PIPE__L1-off.__TILE__L0-1.__TILE__L1-1,target,support,support,finetune_dataset,data_1037.pt,1547247.0,polynormer_lite,2,50,paper_exact_seed2,1.3461122512817383,1.3559837341308594,0.009871482849121094,0.0,-0.006917223334312439,0.006917223334312439,0.0,-0.05262206494808197,0.05262206494808197,0.0,-0.06177206337451935,0.06177206337451935,0.019999999552965164,0.029104024171829224,0.00910402461886406
a84bd82b4adff191,trmm-opt,trmm-opt,lv2:__PARA__L0-1.__PARA__L1-1.__PARA__L2-60.__PIPE__L0-off.__PIPE__L1-off.__TILE__L0-1.__TILE__L1-1,target,support,support,finetune_dataset,data_1072.pt,246747.0,polynormer_lite,2,50,paper_exact_seed2,2.6704118251800537,2.7200803756713867,0.04966855049133301,0.10999999940395355,0.10886609554290771,0.0011339038610458374,0.029999999329447746,0.10436469316482544,0.07436469197273254,0.009999999776482582,0.07576954364776611,0.06576954573392868,0.009999999776482582,0.026714369654655457,0.016714369878172874
214daf86a2f096e6,trmm-opt,trmm-opt,lv2:__PARA__L0-5.__PARA__L1-8.__PARA__L2-1.__PIPE__L0-off.__PIPE__L1-flatten.__TILE__L0-1.__TILE__L1-1,target,support,support,finetune_dataset,data_1135.pt,6156.0,polynormer_lite,2,50,paper_exact_seed2,5.332859516143799,5.621984481811523,0.2891249656677246,1.9299999475479126,1.6741297245025635,0.2558702230453491,9.390000343322754,9.009943962097168,0.38005638122558594,3.7100000381469727,3.2432668209075928,0.4667332172393799,0.009999999776482582,-0.0004481077194213867,0.010448107495903969
bb209d7362f59f03,trmm-opt,trmm-opt,lv2:__PARA__L0-1.__PARA__L1-1.__PARA__L2-1.__PIPE__L0-off.__PIPE__L1-flatten.__TILE__L0-1.__TILE__L1-80,target,support,support,finetune_dataset,data_1035.pt,28767.0,polynormer_lite,2,50,paper_exact_seed2,4.22068452835083,4.466630935668945,0.24594640731811523,0.1599999964237213,0.12956830859184265,0.030431687831878662,0.05999999865889549,-0.010540023446083069,0.07054002583026886,0.09000000357627869,0.09964893758296967,0.009648934006690979,0.009999999776482582,0.00055665522813797,0.009443344548344612
f278c9e062916ff7,trmm-opt,trmm-opt,lv2:__PARA__L0-1.__PARA__L1-2.__PARA__L2-60.__PIPE__L0-off.__PIPE__L1-off.__TILE__L0-60.__TILE__L1-1,target,support,support,finetune_dataset,data_1094.pt,29669.0,polynormer_lite,2,50,paper_exact_seed2,4.198413848876953,4.173803806304932,0.024610042572021484,0.20999999344348907,0.1412125527858734,0.06878744065761566,0.09000000357627869,0.07332169264554977,0.016678310930728912,0.1899999976158142,0.04702454060316086,0.14297544956207275,0.009999999776482582,0.012864425778388977,0.002864426001906395
28c14f2f1d792ef4,trmm-opt,trmm-opt,lv2:__PARA__L0-1.__PARA__L1-1.__PARA__L2-15.__PIPE__L0-off.__PIPE__L1-off.__TILE__L0-60.__TILE__L1-1,target,support,support,finetune_dataset,data_1047.pt,337647.0,polynormer_lite,2,50,paper_exact_seed2,2.4441702365875244,2.336419105529785,0.10775113105773926,0.029999999329447746,0.0328696146607399,0.0028696153312921524,0.009999999776482582,0.009256094694137573,0.0007439050823450089,0.0,0.0061675310134887695,0.0061675310134887695,0.03999999910593033,0.030913949012756348,0.00908605009317398
e12a98cc7abed702,trmm-opt,trmm-opt,lv2:__PARA__L0-1.__PARA__L1-1.__PARA__L2-1.__PIPE__L0-off.__PIPE__L1-flatten.__TILE__L0-60.__TILE__L1-1,target,support,support,finetune_dataset,data_1036.pt,28767.0,polynormer_lite,2,50,paper_exact_seed2,4.22068452835083,4.4380011558532715,0.2173166275024414,0.1599999964237213,0.14970555901527405,0.010294437408447266,0.05999999865889549,0.049815595149993896,0.010184403508901596,0.09000000357627869,0.10671233385801315,0.016712330281734467,0.009999999776482582,0.004956729710102081,0.005043270066380501
79e57f3206588e67,trmm-opt,trmm-opt,lv2:__PARA__L0-1.__PARA__L1-10.__PARA__L2-60.__PIPE__L0-off.__PIPE__L1-NA.__TILE__L0-1.__TILE__L1-8,target,support,support,finetune_dataset,data_1082.pt,27747.0,polynormer_lite,2,50,paper_exact_seed2,4.246726036071777,4.222448825836182,0.024277210235595703,0.5899999737739563,0.680848240852356,0.09084826707839966,0.3400000035762787,0.4134870767593384,0.07348707318305969,0.9599999785423279,1.1933149099349976,0.23331493139266968,0.0,0.00667920708656311,0.00667920708656311
9c2cf59629e7f453,trmm-opt,trmm-opt,lv2:__PARA__L0-1.__PARA__L1-4.__PARA__L2-60.__PIPE__L0-off.__PIPE__L1-NA.__TILE__L0-1.__TILE__L1-1,target,support,support,finetune_dataset,data_1104.pt,26069.0,polynormer_lite,2,50,paper_exact_seed2,4.291724681854248,4.2785234451293945,0.013201236724853516,0.30000001192092896,0.2702333927154541,0.029766619205474854,0.15000000596046448,0.2555956244468689,0.10559561848640442,0.3799999952316284,0.5036261677742004,0.12362617254257202,0.009999999776482582,0.00382782518863678,0.006172174587845802
598c17562c1a5283,trmm-opt,trmm-opt,lv2:__PARA__L0-1.__PARA__L1-8.__PARA__L2-60.__PIPE__L0-off.__PIPE__L1-off.__TILE__L0-1.__TILE__L1-1,target,support,support,finetune_dataset,data_1114.pt,24567.0,polynormer_lite,2,50,paper_exact_seed2,4.334531307220459,4.250330448150635,0.08420085906982422,0.4699999988079071,0.4952121675014496,0.02521216869354248,0.2800000011920929,0.35250145196914673,0.07250145077705383,0.7599999904632568,0.9575697183609009,0.19756972789764404,0.009999999776482582,0.005994752049446106,0.004005247727036476
5a13180d9acfa19b,trmm-opt,trmm-opt,lv2:__PARA__L0-2.__PARA__L1-4.__PARA__L2-1.__PIPE__L0-off.__PIPE__L1-flatten.__TILE__L0-1.__TILE__L1-1,target,support,support,finetune_dataset,data_1121.pt,4480.0,polynormer_lite,2,50,paper_exact_seed2,5.562106609344482,5.615131855010986,0.053025245666503906,0.5299999713897705,0.5235629081726074,0.006437063217163086,2.6500000953674316,2.3627614974975586,0.28723859786987305,0.7599999904632568,0.7525825500488281,0.007417440414428711,0.009999999776482582,-0.0064351484179496765,0.01643514819443226
7bd4fa45a98f9195,trmm-opt,trmm-opt,lv2:__PARA__L0-1.__PARA__L1-10.__PARA__L2-1.__PIPE__L0-off.__PIPE__L1-flatten.__TILE__L0-1.__TILE__L1-8,target,support,support,finetune_dataset,data_1079.pt,27747.0,polynormer_lite,2,50,paper_exact_seed2,4.246726036071777,4.35551118850708,0.10878515243530273,0.5899999737739563,0.6067036390304565,0.016703665256500244,0.3400000035762787,0.3422607183456421,0.0022607147693634033,0.9599999785423279,0.9687284231185913,0.008728444576263428,0.0,0.0008969232439994812,0.0008969232439994812
e0526172df1e7cf7,trmm-opt,trmm-opt,lv2:__PARA__L0-1.__PARA__L1-1.__PARA__L2-60.__PIPE__L0-off.__PIPE__L1-NA.__TILE__L0-60.__TILE__L1-1,target,support,support,finetune_dataset,data_1071.pt,9387.0,polynormer_lite,2,50,paper_exact_seed2,5.028523921966553,4.724414348602295,0.3041095733642578,0.1599999964237213,0.16757355630397797,0.007573559880256653,0.05999999865889549,0.08083716034889221,0.02083716168999672,0.09000000357627869,0.11204883456230164,0.02204883098602295,0.009999999776482582,0.0006912946701049805,0.009308705106377602
03a12bc30dd2e935,trmm-opt,trmm-opt,lv2:__PARA__L0-1.__PARA__L1-16.__PARA__L2-60.__PIPE__L0-off.__PIPE__L1-off.__TILE__L0-1.__TILE__L1-1,target,support,support,finetune_dataset,data_1088.pt,24267.0,polynormer_lite,2,50,paper_exact_seed2,4.3433942794799805,4.410943031311035,0.06754875183105469,0.9399999976158142,0.833595871925354,0.1064041256904602,0.550000011920929,0.47682398557662964,0.07317602634429932,1.5299999713897705,1.4038875102996826,0.1261124610900879,0.009999999776482582,-0.0008747577667236328,0.010874757543206215
769d7187345c5d7c,trmm-opt,trmm-opt,lv2:__PARA__L0-1.__PARA__L1-16.__PARA__L2-1.__PIPE__L0-off.__PIPE__L1-flatten.__TILE__L0-1.__TILE__L1-1,target,support,support,finetune_dataset,data_1085.pt,24267.0,polynormer_lite,2,50,paper_exact_seed2,4.3433942794799805,4.481624603271484,0.1382303237915039,0.9399999976158142,0.9185577630996704,0.0214422345161438,0.550000011920929,0.547728955745697,0.0022710561752319336,1.5299999713897705,1.4719836711883545,0.058016300201416016,0.009999999776482582,-0.0016120374202728271,0.01161203719675541
79c90b254f6a81cb,trmm-opt,trmm-opt,lv2:__PARA__L0-1.__PARA__L1-2.__PARA__L2-60.__PIPE__L0-off.__PIPE__L1-NA.__TILE__L0-60.__TILE__L1-1,target,support,support,finetune_dataset,data_1092.pt,29669.0,polynormer_lite,2,50,paper_exact_seed2,4.198413848876953,4.637102127075195,0.4386882781982422,0.20999999344348907,0.13813109695911407,0.071868896484375,0.09000000357627869,0.08086101710796356,0.009138986468315125,0.1899999976158142,0.03823825716972351,0.1517617404460907,0.009999999776482582,0.0028569847345352173,0.007143015041947365
0ad3de1578edcf04,trmm-opt,trmm-opt,lv2:__PARA__L0-1.__PARA__L1-10.__PARA__L2-1.__PIPE__L0-off.__PIPE__L1-flatten.__TILE__L0-60.__TILE__L1-1,target,support,support,finetune_dataset,data_1080.pt,27747.0,polynormer_lite,2,50,paper_exact_seed2,4.246726036071777,4.454433917999268,0.20770788192749023,0.5899999737739563,0.5173248052597046,0.07267516851425171,0.3400000035762787,0.2382896989583969,0.10171030461788177,0.9599999785423279,0.799513578414917,0.1604864001274109,0.0,-0.008509010076522827,0.008509010076522827
c5a641a415702654,trmm-opt,trmm-opt,lv2:__PARA__L0-1.__PARA__L1-1.__PARA__L2-60.__PIPE__L0-off.__PIPE__L1-NA.__TILE__L0-1.__TILE__L1-80,target,support,support,finetune_dataset,data_1070.pt,9387.0,polynormer_lite,2,50,paper_exact_seed2,5.028523921966553,5.060232639312744,0.031708717346191406,0.1599999964237213,0.24562792479991913,0.08562792837619781,0.05999999865889549,0.1688847541809082,0.10888475179672241,0.09000000357627869,0.3370738625526428,0.24707385897636414,0.009999999776482582,-0.010443150997161865,0.020443150773644447
4fed56ed046aca2f,trmm-opt,trmm-opt,lv2:__PARA__L0-1.__PARA__L1-20.__PARA__L2-60.__PIPE__L0-off.__PIPE__L1-NA.__TILE__L0-1.__TILE__L1-1,target,support,support,finetune_dataset,data_1098.pt,25107.0,polynormer_lite,2,50,paper_exact_seed2,4.318847179412842,4.45596981048584,0.13712263107299805,1.159999966621399,0.9924781322479248,0.16752183437347412,0.6800000071525574,0.5509482026100159,0.1290518045425415,1.9199999570846558,1.6671992540359497,0.25280070304870605,0.0,-0.0035243183374404907,0.0035243183374404907
cae26cbd4853f688,trmm-opt,trmm-opt,lv2:__PARA__L0-1.__PARA__L1-1.__PARA__L2-8.__PIPE__L0-off.__PIPE__L1-off.__TILE__L0-1.__TILE__L1-1,target,support,support,finetune_dataset,data_1075.pt,539321.0,polynormer_lite,2,50,paper_exact_seed2,2.106355905532837,2.1850571632385254,0.07870125770568848,0.009999999776482582,0.00194646418094635,0.008053535595536232,0.0,-0.001582518219947815,0.001582518219947815,0.0,-0.045137688517570496,0.045137688517570496,0.03999999910593033,0.024609804153442383,0.015390194952487946
2e61c83e12f5164c,trmm-opt,trmm-opt,lv2:__PARA__L0-2.__PARA__L1-20.__PARA__L2-1.__PIPE__L0-off.__PIPE__L1-flatten.__TILE__L0-1.__TILE__L1-1,target,support,support,finetune_dataset,data_1120.pt,3998.0,polynormer_lite,2,50,paper_exact_seed2,5.644217014312744,5.715415000915527,0.0711979866027832,2.119999885559082,2.158806800842285,0.038806915283203125,7.260000228881836,7.160218715667725,0.09978151321411133,3.799999952316284,3.832598924636841,0.03259897232055664,0.0,-0.009046673774719238,0.009046673774719238
7d8b6b4e1afa7428,trmm-opt,trmm-opt,lv2:__PARA__L0-1.__PARA__L1-16.__PARA__L2-60.__PIPE__L0-off.__PIPE__L1-NA.__TILE__L0-1.__TILE__L1-1,target,support,support,finetune_dataset,data_1087.pt,24267.0,polynormer_lite,2,50,paper_exact_seed2,4.3433942794799805,4.43203592300415,0.08864164352416992,0.9399999976158142,0.8750391006469727,0.06496089696884155,0.550000011920929,0.5104066729545593,0.03959333896636963,1.5299999713897705,1.507709264755249,0.022290706634521484,0.009999999776482582,-0.0025535300374031067,0.012553529813885689
0e6736a5102ad242,trmm-opt,trmm-opt,lv2:__PARA__L0-4.__PARA__L1-2.__PARA__L2-1.__PIPE__L0-off.__PIPE__L1-flatten.__TILE__L0-1.__TILE__L1-1,target,support,support,finetune_dataset,data_1131.pt,6932.0,polynormer_lite,2,50,paper_exact_seed2,5.247220516204834,5.464807510375977,0.21758699417114258,0.5199999809265137,0.4558543264865875,0.06414565443992615,6.71999979019165,6.3052287101745605,0.41477108001708984,0.7400000095367432,0.6081055402755737,0.13189446926116943,0.009999999776482582,-0.0025178492069244385,0.01251784898340702
f7a465d16bffa9ba,trmm-opt,trmm-opt,lv2:__PARA__L0-3.__PARA__L1-2.__PARA__L2-1.__PIPE__L0-off.__PIPE__L1-flatten.__TILE__L0-1.__TILE__L1-1,target,support,support,finetune_dataset,data_1126.pt,8028.0,polynormer_lite,2,50,paper_exact_seed2,5.141335964202881,5.56953239440918,0.42819643020629883,0.41999998688697815,0.42228206992149353,0.002282083034515381,4.699999809265137,4.994149684906006,0.29414987564086914,0.5600000023841858,0.5372945070266724,0.022705495357513428,0.009999999776482582,-0.005026169121265411,0.015026168897747993
74b6c3372f68e5ed,trmm-opt,trmm-opt,lv2:__PARA__L0-4.__PARA__L1-4.__PARA__L2-1.__PIPE__L0-off.__PIPE__L1-flatten.__TILE__L0-1.__TILE__L1-1,target,support,support,finetune_dataset,data_1132.pt,4234.0,polynormer_lite,2,50,paper_exact_seed2,5.602845668792725,5.8028411865234375,0.1999955177307129,0.8899999856948853,0.8262861967086792,0.06371378898620605,7.050000190734863,7.117957592010498,0.06795740127563477,1.4900000095367432,1.565902829170227,0.07590281963348389,0.009999999776482582,-0.00403982400894165,0.014039823785424232
e8ee9d2efff88896,trmm-opt,trmm-opt,lv2:__PARA__L0-1.__PARA__L1-1.__PARA__L2-5.__PIPE__L0-off.__PIPE__L1-off.__TILE__L0-1.__TILE__L1-80,target,support,support,finetune_dataset,data_1066.pt,486447.0,polynormer_lite,2,50,paper_exact_seed2,2.1807868480682373,2.0168631076812744,0.1639237403869629,0.009999999776482582,0.033388443291187286,0.023388443514704704,0.0,-0.0335916131734848,0.0335916131734848,0.0,-0.014672383666038513,0.014672383666038513,0.029999999329447746,0.021477356553077698,0.008522642776370049
dd30a5fa0985ba22,trmm-opt,trmm-opt,lv2:__PARA__L0-2.__PARA__L1-10.__PARA__L2-1.__PIPE__L0-off.__PIPE__L1-flatten.__TILE__L0-1.__TILE__L1-1,target,support,support,finetune_dataset,data_1117.pt,5917.0,polynormer_lite,2,50,paper_exact_seed2,5.361423015594482,5.589150428771973,0.22772741317749023,1.0800000429153442,0.8870348930358887,0.19296514987945557,3.630000114440918,3.1898884773254395,0.4401116371154785,1.899999976158142,1.5420422554016113,0.35795772075653076,0.0,-0.005751386284828186,0.005751386284828186
bcd63bbfbc19eef7,trmm-opt,trmm-opt,lv2:__PARA__L0-1.__PARA__L1-1.__PARA__L2-32.__PIPE__L0-off.__PIPE__L1-off.__TILE__L0-1.__TILE__L1-80,target,support,support,finetune_dataset,data_1060.pt,1029341.0,polynormer_lite,2,50,paper_exact_seed2,1.6401035785675049,1.996741771697998,0.35663819313049316,0.10999999940395355,0.0724412202835083,0.03755877912044525,0.029999999329447746,0.005885660648345947,0.0241143386811018,0.019999999552965164,0.006495863199234009,0.013504136353731155,0.009999999776482582,0.024591907858848572,0.01459190808236599
9554926e4c2b5677,trmm-opt,trmm-opt,lv2:__PARA__L0-1.__PARA__L1-1.__PARA__L2-60.__PIPE__L0-off.__PIPE__L1-off.__TILE__L0-1.__TILE__L1-80,target,support,support,finetune_dataset,data_1073.pt,246747.0,polynormer_lite,2,50,paper_exact_seed2,2.6704118251800537,2.421344757080078,0.24906706809997559,0.10999999940395355,0.09270434826612473,0.017295651137828827,0.029999999329447746,0.039191439747810364,0.009191440418362617,0.009999999776482582,-0.00510367751121521,0.015103677287697792,0.009999999776482582,0.02138201892375946,0.011382019147276878
012450940dcf011f,trmm-opt,trmm-opt,lv2:__PARA__L0-10.__PARA__L1-8.__PARA__L2-1.__PIPE__L0-off.__PIPE__L1-flatten.__TILE__L0-1.__TILE__L1-1,target,support,support,finetune_dataset,data_1115.pt,5403.0,polynormer_lite,2,50,paper_exact_seed2,5.426975727081299,5.6386027336120605,0.21162700653076172,3.549999952316284,3.5690836906433105,0.019083738327026367,16.1299991607666,16.12986946105957,0.00012969970703125,7.099999904632568,7.103790760040283,0.0037908554077148438,0.0,-0.026582002639770508,0.026582002639770508
f40ab226ef938ff6,trmm-opt,trmm-opt,lv2:__PARA__L0-1.__PARA__L1-20.__PARA__L2-60.__PIPE__L0-off.__PIPE__L1-off.__TILE__L0-1.__TILE__L1-1,target,support,support,finetune_dataset,data_1100.pt,25107.0,polynormer_lite,2,50,paper_exact_seed2,4.318847179412842,4.4400129318237305,0.12116575241088867,1.159999966621399,0.9136245250701904,0.2463754415512085,0.6800000071525574,0.5033000111579895,0.17669999599456787,1.9199999570846558,1.4996845722198486,0.42031538486480713,0.0,-0.003197014331817627,0.003197014331817627
fdb7a5e88cf20db5,trmm-opt,trmm-opt,lv2:__PARA__L0-1.__PARA__L1-1.__PARA__L2-30.__PIPE__L0-off.__PIPE__L1-off.__TILE__L0-60.__TILE__L1-1,target,support,support,finetune_dataset,data_1058.pt,284847.0,polynormer_lite,2,50,paper_exact_seed2,2.5668344497680664,2.4814538955688477,0.08538055419921875,0.10000000149011612,0.0515308752655983,0.04846912622451782,0.03999999910593033,0.01941491663455963,0.020585082471370697,0.009999999776482582,0.007653087377548218,0.0023469123989343643,0.009999999776482582,0.028936728835105896,0.018936729058623314
1e2e7e6145e4a706,trmm-opt,trmm-opt,lv2:__PARA__L0-1.__PARA__L1-20.__PARA__L2-1.__PIPE__L0-off.__PIPE__L1-flatten.__TILE__L0-60.__TILE__L1-1,target,support,support,finetune_dataset,data_1097.pt,25107.0,polynormer_lite,2,50,paper_exact_seed2,4.318847179412842,4.491216659545898,0.17236948013305664,1.159999966621399,1.0540050268173218,0.10599493980407715,0.6800000071525574,0.6313675045967102,0.04863250255584717,1.9199999570846558,1.7278919219970703,0.19210803508758545,0.0,-0.008425682783126831,0.008425682783126831
236b6e7ccd6fd621,trmm-opt,trmm-opt,lv2:__PARA__L0-1.__PARA__L1-20.__PARA__L2-60.__PIPE__L0-off.__PIPE__L1-off.__TILE__L0-1.__TILE__L1-4,target,support,support,finetune_dataset,data_1101.pt,25107.0,polynormer_lite,2,50,paper_exact_seed2,4.318847179412842,4.337604999542236,0.01875782012939453,1.159999966621399,0.9596695899963379,0.20033037662506104,0.6800000071525574,0.4672882556915283,0.21271175146102905,1.9199999570846558,1.4614877700805664,0.45851218700408936,0.0,-0.0005568340420722961,0.0005568340420722961
861efb7dcdb6536c,trmm-opt,trmm-opt,lv2:__PARA__L0-1.__PARA__L1-16.__PARA__L2-1.__PIPE__L0-off.__PIPE__L1-flatten.__TILE__L0-60.__TILE__L1-1,target,support,support,finetune_dataset,data_1086.pt,24267.0,polynormer_lite,2,50,paper_exact_seed2,4.3433942794799805,4.471959114074707,0.12856483459472656,0.9399999976158142,0.895133376121521,0.04486662149429321,0.550000011920929,0.5208755731582642,0.029124438762664795,1.5299999713897705,1.457658290863037,0.0723416805267334,0.009999999776482582,-0.007819369435310364,0.017819369211792946
dc2e457eccce1550,trmm-opt,trmm-opt,lv2:__PARA__L0-1.__PARA__L1-4.__PARA__L2-1.__PIPE__L0-off.__PIPE__L1-flatten.__TILE__L0-1.__TILE__L1-1,target,support,support,finetune_dataset,data_1102.pt,26069.0,polynormer_lite,2,50,paper_exact_seed2,4.291724681854248,4.45363712310791,0.1619124412536621,0.30000001192092896,0.2523629367351532,0.04763707518577576,0.15000000596046448,0.21084250509738922,0.060842499136924744,0.3799999952316284,0.4779447913169861,0.09794479608535767,0.009999999776482582,-0.0009126365184783936,0.010912636294960976
4e627ce0f3961f96,trmm-opt,trmm-opt,lv2:__PARA__L0-3.__PARA__L1-10.__PARA__L2-1.__PIPE__L0-off.__PIPE__L1-flatten.__TILE__L0-1.__TILE__L1-1,target,support,support,finetune_dataset,data_1124.pt,7387.0,polynormer_lite,2,50,paper_exact_seed2,5.201362133026123,5.708756446838379,0.5073943138122559,1.5199999809265137,1.3322221040725708,0.18777787685394287,6.570000171661377,6.818337917327881,0.2483377456665039,2.8299999237060547,2.4349589347839355,0.39504098892211914,0.0,-0.008618481457233429,0.008618481457233429
f8679f7ce3046dcc,trmm-opt,trmm-opt,lv2:__PARA__L0-1.__PARA__L1-20.__PARA__L2-1.__PIPE__L0-off.__PIPE__L1-flatten.__TILE__L0-1.__TILE__L1-1,target,support,support,finetune_dataset,data_1095.pt,25107.0,polynormer_lite,2,50,paper_exact_seed2,4.318847179412842,4.535223007202148,0.21637582778930664,1.159999966621399,1.0951966047286987,0.0648033618927002,0.6800000071525574,0.6591824293136597,0.020817577838897705,1.9199999570846558,1.8584327697753906,0.06156718730926514,0.0,-0.0019954442977905273,0.0019954442977905273
1a7e0a8e6ee306d4,trmm-opt,trmm-opt,lv2:__PARA__L0-1.__PARA__L1-5.__PARA__L2-1.__PIPE__L0-off.__PIPE__L1-flatten.__TILE__L0-1.__TILE__L1-1,target,support,support,finetune_dataset,data_1107.pt,33032.0,polynormer_lite,2,50,paper_exact_seed2,4.120959758758545,4.442687034606934,0.32172727584838867,0.30000001192092896,0.27712246775627136,0.022877544164657593,0.17000000178813934,0.2236231565475464,0.05362315475940704,0.47999998927116394,0.5154029130935669,0.035402923822402954,0.009999999776482582,-0.002331249415874481,0.012331249192357063
9ce65a5cfd0f914c,trmm-opt,trmm-opt,lv2:__PARA__L0-1.__PARA__L1-1.__PARA__L2-10.__PIPE__L0-off.__PIPE__L1-off.__TILE__L0-60.__TILE__L1-1,target,support,support,finetune_dataset,data_1041.pt,366447.0,polynormer_lite,2,50,paper_exact_seed2,2.3851258754730225,2.30782413482666,0.0773017406463623,0.009999999776482582,0.021017879247665405,0.011017879471182823,0.0,-0.007163912057876587,0.007163912057876587,0.0,-0.012245997786521912,0.012245997786521912,0.05000000074505806,0.032047078013420105,0.017952922731637955
7316fec737d23540,trmm-opt,trmm-opt,lv2:__PARA__L0-1.__PARA__L1-20.__PARA__L2-60.__PIPE__L0-off.__PIPE__L1-NA.__TILE__L0-1.__TILE__L1-4,target,support,support,finetune_dataset,data_1099.pt,25107.0,polynormer_lite,2,50,paper_exact_seed2,4.318847179412842,4.455933094024658,0.1370859146118164,1.159999966621399,0.9449046850204468,0.21509528160095215,0.6800000071525574,0.4897386431694031,0.1902613639831543,1.9199999570846558,1.4896976947784424,0.4303022623062134,0.0,-0.005306467413902283,0.005306467413902283
32c04c480aaeaca8,trmm-opt,trmm-opt,lv2:__PARA__L0-1.__PARA__L1-8.__PARA__L2-1.__PIPE__L0-off.__PIPE__L1-flatten.__TILE__L0-60.__TILE__L1-1,target,support,support,finetune_dataset,data_1112.pt,24567.0,polynormer_lite,2,50,paper_exact_seed2,4.334531307220459,4.471700668334961,0.13716936111450195,0.4699999988079071,0.44419607520103455,0.02580392360687256,0.2800000011920929,0.2004355639219284,0.07956443727016449,0.7599999904632568,0.6722165942192078,0.08778339624404907,0.009999999776482582,-0.008162543177604675,0.018162542954087257
e58b26e6ce22b5cf,trmm-opt,trmm-opt,lv2:__PARA__L0-1.__PARA__L1-1.__PARA__L2-4.__PIPE__L0-off.__PIPE__L1-off.__TILE__L0-60.__TILE__L1-1,target,support,support,finetune_dataset,data_1064.pt,553647.0,polynormer_lite,2,50,paper_exact_seed2,2.08744478225708,2.1969377994537354,0.10949301719665527,0.0,0.00342443585395813,0.00342443585395813,0.0,-0.042240262031555176,0.042240262031555176,0.0,-0.04012121260166168,0.04012121260166168,0.019999999552965164,0.0326138436794281,0.012613844126462936
f87f7a6baeedb672,trmm-opt,trmm-opt,lv2:__PARA__L0-1.__PARA__L1-1.__PARA__L2-20.__PIPE__L0-off.__PIPE__L1-off.__TILE__L0-1.__TILE__L1-1,target,support,support,finetune_dataset,data_1051.pt,313647.0,polynormer_lite,2,50,paper_exact_seed2,2.497357130050659,2.3367223739624023,0.16063475608825684,0.03999999910593033,0.030706942081451416,0.009293057024478912,0.009999999776482582,0.0413585901260376,0.031358592212200165,0.0,0.004370555281639099,0.004370555281639099,0.009999999776482582,0.026164725422859192,0.01616472564637661
fea06b686af69e52,trmm-opt,trmm-opt,lv2:__PARA__L0-1.__PARA__L1-2.__PARA__L2-1.__PIPE__L0-off.__PIPE__L1-flatten.__TILE__L0-60.__TILE__L1-1,target,support,support,finetune_dataset,data_1090.pt,29669.0,polynormer_lite,2,50,paper_exact_seed2,4.198413848876953,4.493526935577393,0.29511308670043945,0.20999999344348907,0.23894169926643372,0.02894170582294464,0.09000000357627869,0.10589379072189331,0.015893787145614624,0.1899999976158142,0.27610766887664795,0.08610767126083374,0.009999999776482582,-0.006660744547843933,0.016660744324326515
f847f55ce7ee3ca4,trmm-opt,trmm-opt,lv2:__PARA__L0-3.__PARA__L1-16.__PARA__L2-1.__PIPE__L0-off.__PIPE__L1-flatten.__TILE__L0-1.__TILE__L1-1,target,support,support,finetune_dataset,data_1125.pt,5527.0,polynormer_lite,2,50,paper_exact_seed2,5.410607814788818,5.780852317810059,0.37024450302124023,2.4200000762939453,2.3603363037109375,0.05966377258300781,10.489999771118164,9.66549015045166,0.8245096206665039,4.53000020980835,4.374810695648193,0.15518951416015625,0.009999999776482582,-0.009656891226768494,0.019656891003251076
5e35bac667763033,trmm-opt,trmm-opt,lv2:__PARA__L0-1.__PARA__L1-4.__PARA__L2-60.__PIPE__L0-off.__PIPE__L1-off.__TILE__L0-60.__TILE__L1-1,target,support,support,finetune_dataset,data_1106.pt,26069.0,polynormer_lite,2,50,paper_exact_seed2,4.291724681854248,4.553042888641357,0.2613182067871094,0.30000001192092896,0.23541571199893951,0.06458429992198944,0.15000000596046448,0.15988457202911377,0.009884566068649292,0.3799999952316284,0.21626783907413483,0.1637321561574936,0.009999999776482582,0.004882879555225372,0.00511712022125721
b5bf249116119d74,fdtd-2d-large,fdtd-2d-large,lv2:__PARA__L0-1.__PARA__L1-1.__PARA__L2-1.__PARA__L3-1.__PARA__L4-199.__PARA__L5-1.__PARA__L6-1.__PARA__L7-4.__PIPE__L0-off.__PIPE__L2-flatten.__PIPE__L3-flatten.__PIPE__L4-off.__TILE__L0-1.__TILE__L2-1.__TILE__L3-1.__TILE__L4-1,target,support,support,finetune_dataset,data_38.pt,91745408.0,polynormer_lite,2,50,paper_exact_seed2,-1.5988179445266724,-1.627431869506836,0.028613924980163574,0.6100000143051147,0.6817059516906738,0.07170593738555908,0.38999998569488525,0.43801259994506836,0.048012614250183105,0.49000000953674316,0.5314537286758423,0.04145371913909912,0.8600000143051147,0.8774442076683044,0.017444193363189697
83bbe692e3ff9ba5,fdtd-2d-large,fdtd-2d-large,lv2:__PARA__L0-1.__PARA__L1-16.__PARA__L2-199.__PARA__L3-1.__PARA__L4-1.__PARA__L5-8.__PARA__L6-32.__PARA__L7-1.__PIPE__L0-off.__PIPE__L2-off.__PIPE__L3-off.__PIPE__L4-flatten.__TILE__L0-100.__TILE__L2-1.__TILE__L3-1.__TILE__L4-1,target,support,support,finetune_dataset,data_55.pt,2471843.0,polynormer_lite,2,50,paper_exact_seed2,1.008170485496521,1.0183019638061523,0.010131478309631348,0.8600000143051147,0.8807758092880249,0.020775794982910156,0.4300000071525574,0.47480452060699463,0.044804513454437256,0.699999988079071,0.7034010887145996,0.0034011006355285645,0.6399999856948853,0.6933862566947937,0.05338627099990845
be03f71def4c9e25,fdtd-2d-large,fdtd-2d-large,lv2:__PARA__L0-1.__PARA__L1-16.__PARA__L2-199.__PARA__L3-1.__PARA__L4-1.__PARA__L5-8.__PARA__L6-32.__PARA__L7-1.__PIPE__L0-off.__PIPE__L2-off.__PIPE__L3-off.__PIPE__L4-flatten.__TILE__L0-1.__TILE__L2-1.__TILE__L3-1.__TILE__L4-199,target,support,support,finetune_dataset,data_54.pt,2471843.0,polynormer_lite,2,50,paper_exact_seed2,1.008170485496521,1.101874589920044,0.09370410442352295,0.8600000143051147,0.9661343097686768,0.10613429546356201,0.4300000071525574,0.4871748685836792,0.057174861431121826,0.699999988079071,0.7456408739089966,0.04564088582992554,0.6399999856948853,0.7018115520477295,0.06181156635284424
4fcdf621f3a5c105,fdtd-2d-large,fdtd-2d-large,lv2:__PARA__L0-1.__PARA__L1-32.__PARA__L2-1.__PARA__L3-1.__PARA__L4-1.__PARA__L5-1.__PARA__L6-1.__PARA__L7-1.__PIPE__L0-off.__PIPE__L2-flatten.__PIPE__L3-flatten.__PIPE__L4-flatten.__TILE__L0-1.__TILE__L2-1.__TILE__L3-1.__TILE__L4-1,target,support,support,finetune_dataset,data_61.pt,87033.0,polynormer_lite,2,50,paper_exact_seed2,3.4221107959747314,3.4067728519439697,0.015337944030761719,0.9900000095367432,1.04353666305542,0.05353665351867676,0.5299999713897705,0.551639199256897,0.021639227867126465,0.699999988079071,0.7364171743392944,0.03641718626022339,0.5799999833106995,0.6611940264701843,0.08119404315948486
bc4602e977af8b26,fdtd-2d-large,fdtd-2d-large,lv2:__PARA__L0-1.__PARA__L1-1.__PARA__L2-1.__PARA__L3-1.__PARA__L4-1.__PARA__L5-1.__PARA__L6-1.__PARA__L7-32.__PIPE__L0-off.__PIPE__L2-flatten.__PIPE__L3-flatten.__PIPE__L4-off.__TILE__L0-1.__TILE__L2-1.__TILE__L3-1.__TILE__L4-1,target,support,support,finetune_dataset,data_10.pt,9161446.0,polynormer_lite,2,50,paper_exact_seed2,0.06317638605833054,0.2896307110786438,0.22645431756973267,0.6600000262260437,0.7629870176315308,0.10298699140548706,0.41999998688697815,0.4181368052959442,0.0018631815910339355,0.49000000953674316,0.5951928496360779,0.10519284009933472,0.5799999833106995,0.6423398852348328,0.0623399019241333
7342717a39f30c3d,fdtd-2d-large,fdtd-2d-large,lv2:__PARA__L0-1.__PARA__L1-1.__PARA__L2-1.__PARA__L3-1.__PARA__L4-1.__PARA__L5-2.__PARA__L6-1.__PARA__L7-1.__PIPE__L0-off.__PIPE__L2-off.__PIPE__L3-flatten.__PIPE__L4-off.__TILE__L0-1.__TILE__L2-1.__TILE__L3-1.__TILE__L4-1,target,support,support,finetune_dataset,data_20.pt,7216078.0,polynormer_lite,2,50,paper_exact_seed2,0.23535658419132233,0.18065530061721802,0.05470128357410431,0.5600000023841858,0.5559054613113403,0.004094541072845459,0.30000001192092896,0.3105318546295166,0.010531842708587646,0.49000000953674316,0.49319422245025635,0.0031942129135131836,0.41999998688697815,0.3956362009048462,0.024363785982131958
07ce34eb13641c98,fdtd-2d-large,fdtd-2d-large,lv2:__PARA__L0-1.__PARA__L1-4.__PARA__L2-1.__PARA__L3-1.__PARA__L4-199.__PARA__L5-8.__PARA__L6-32.__PARA__L7-32.__PIPE__L0-off.__PIPE__L2-off.__PIPE__L3-off.__PIPE__L4-off.__TILE__L0-1.__TILE__L2-1.__TILE__L3-1.__TILE__L4-1,target,support,support,finetune_dataset,data_73.pt,96495104.0,polynormer_lite,2,50,paper_exact_seed2,-1.635227918624878,-1.7054452896118164,0.07021737098693848,0.10999999940395355,0.08211933821439743,0.027880661189556122,0.05000000074505806,0.038914456963539124,0.011085543781518936,0.05000000074505806,0.04405635595321655,0.005943644791841507,0.3199999928474426,0.3457801043987274,0.02578011155128479
579c589ac96baf74,fdtd-2d-large,fdtd-2d-large,lv2:__PARA__L0-1.__PARA__L1-32.__PARA__L2-1.__PARA__L3-1.__PARA__L4-199.__PARA__L5-8.__PARA__L6-32.__PARA__L7-32.__PIPE__L0-off.__PIPE__L2-off.__PIPE__L3-off.__PIPE__L4-off.__TILE__L0-1.__TILE__L2-1.__TILE__L3-1.__TILE__L4-1,target,support,support,finetune_dataset,data_67.pt,96496392.0,polynormer_lite,2,50,paper_exact_seed2,-1.635237455368042,-1.75994873046875,0.12471127510070801,0.10999999940395355,0.09946520626544952,0.010534793138504028,0.05000000074505806,0.03902585804462433,0.010974142700433731,0.05000000074505806,0.05934806168079376,0.009348060935735703,0.3199999928474426,0.351112961769104,0.031112968921661377
9a6aced3fd7b1448,fdtd-2d-large,fdtd-2d-large,lv2:__PARA__L0-1.__PARA__L1-1.__PARA__L2-1.__PARA__L3-1.__PARA__L4-1.__PARA__L5-1.__PARA__L6-1.__PARA__L7-1.__PIPE__L0-off.__PIPE__L2-flatten.__PIPE__L3-flatten.__PIPE__L4-flatten.__TILE__L0-1.__TILE__L2-1.__TILE__L3-1.__TILE__L4-1,target,support,support,finetune_dataset,data_0.pt,110046.0,polynormer_lite,2,50,paper_exact_seed2,3.2528748512268066,3.220001459121704,0.03287339210510254,0.9900000095367432,1.0117028951644897,0.021702885627746582,0.5299999713897705,0.5409522652626038,0.010952293872833252,0.699999988079071,0.7136169672012329,0.013616979122161865,0.5799999833106995,0.6380468010902405,0.058046817779541016
e14679c4f0fbd6e1,fdtd-2d-large,fdtd-2d-large,lv2:__PARA__L0-1.__PARA__L1-1.__PARA__L2-1.__PARA__L3-1.__PARA__L4-1.__PARA__L5-1.__PARA__L6-1.__PARA__L7-1.__PIPE__L0-off.__PIPE__L2-flatten.__PIPE__L3-off.__PIPE__L4-flatten.__TILE__L0-1.__TILE__L2-1.__TILE__L3-1.__TILE__L4-1,target,support,support,finetune_dataset,data_2.pt,4870046.0,polynormer_lite,2,50,paper_exact_seed2,0.5189963579177856,0.5143469572067261,0.00464940071105957,0.9599999785423279,0.7727495431900024,0.18725043535232544,0.47999998927116394,0.4092027544975281,0.07079723477363586,0.699999988079071,0.568527102470398,0.1314728856086731,0.5799999833106995,0.5813294649124146,0.0013294816017150879
db36652a9e4edb30,fdtd-2d-large,fdtd-2d-large,lv2:__PARA__L0-1.__PARA__L1-1.__PARA__L2-1.__PARA__L3-1.__PARA__L4-1.__PARA__L5-32.__PARA__L6-32.__PARA__L7-1.__PIPE__L0-off.__PIPE__L2-off.__PIPE__L3-off.__PIPE__L4-off.__TILE__L0-1.__TILE__L2-1.__TILE__L3-1.__TILE__L4-1,target,support,support,finetune_dataset,data_23.pt,7772846.0,polynormer_lite,2,50,paper_exact_seed2,0.1817425787448883,0.21364015340805054,0.03189757466316223,0.07000000029802322,0.06562843173742294,0.004371568560600281,0.029999999329447746,0.02959175407886505,0.000408245250582695,0.029999999329447746,0.03395649790763855,0.0039564985781908035,0.07999999821186066,0.11886906623840332,0.038869068026542664
f24e208669d5e7a1,fdtd-2d-large,fdtd-2d-large,lv2:__PARA__L0-1.__PARA__L1-32.__PARA__L2-1.__PARA__L3-1.__PARA__L4-1.__PARA__L5-1.__PARA__L6-1.__PARA__L7-4.__PIPE__L0-off.__PIPE__L2-flatten.__PIPE__L3-flatten.__PIPE__L4-off.__TILE__L0-1.__TILE__L2-1.__TILE__L3-1.__TILE__L4-199,target,support,support,finetune_dataset,data_64.pt,3566533.0,polynormer_lite,2,50,paper_exact_seed2,0.7437028884887695,0.741818368434906,0.0018845200538635254,0.6600000262260437,0.6626402139663696,0.0026401877403259277,0.38999998569488525,0.34342390298843384,0.046576082706451416,0.49000000953674316,0.48121941089630127,0.008780598640441895,0.5799999833106995,0.5882307291030884,0.008230745792388916
3f2d6549036402e4,fdtd-2d-large,fdtd-2d-large,lv2:__PARA__L0-1.__PARA__L1-2.__PARA__L2-1.__PARA__L3-1.__PARA__L4-199.__PARA__L5-8.__PARA__L6-1.__PARA__L7-32.__PIPE__L0-off.__PIPE__L2-off.__PIPE__L3-flatten.__PIPE__L4-off.__TILE__L0-1.__TILE__L2-1.__TILE__L3-1.__TILE__L4-1,target,support,support,finetune_dataset,data_59.pt,91028704.0,polynormer_lite,2,50,paper_exact_seed2,-1.5931607484817505,-1.6636881828308105,0.07052743434906006,0.5099999904632568,0.5289735794067383,0.018973588943481445,0.3199999928474426,0.3383287787437439,0.01832878589630127,0.49000000953674316,0.43154972791671753,0.058450281620025635,0.5299999713897705,0.6113173365592957,0.08131736516952515
f3c08aa40f851184,fdtd-2d-large,fdtd-2d-large,lv2:__PARA__L0-1.__PARA__L1-1.__PARA__L2-1.__PARA__L3-1.__PARA__L4-1.__PARA__L5-8.__PARA__L6-1.__PARA__L7-32.__PIPE__L0-off.__PIPE__L2-off.__PIPE__L3-flatten.__PIPE__L4-off.__TILE__L0-1.__TILE__L2-1.__TILE__L3-1.__TILE__L4-1,target,support,support,finetune_dataset,data_29.pt,2355778.0,polynormer_lite,2,50,paper_exact_seed2,1.0428622961044312,0.918554425239563,0.12430787086486816,0.5799999833106995,0.5958907008171082,0.01589071750640869,0.3199999928474426,0.31482458114624023,0.005175411701202393,0.49000000953674316,0.5062981247901917,0.016298115253448486,0.41999998688697815,0.4185725152492523,0.00142747163772583
83d44c1a40c535cb,fdtd-2d-large,fdtd-2d-large,lv2:__PARA__L0-1.__PARA__L1-1.__PARA__L2-1.__PARA__L3-1.__PARA__L4-1.__PARA__L5-8.__PARA__L6-32.__PARA__L7-4.__PIPE__L0-off.__PIPE__L2-off.__PIPE__L3-off.__PIPE__L4-off.__TILE__L0-1.__TILE__L2-1.__TILE__L3-1.__TILE__L4-1,target,support,support,finetune_dataset,data_36.pt,4647676.0,polynormer_lite,2,50,paper_exact_seed2,0.5527092814445496,0.5929977893829346,0.04028850793838501,0.07000000029802322,0.07676386833190918,0.006763868033885956,0.029999999329447746,0.01744718849658966,0.012552810832858086,0.029999999329447746,0.08578959107398987,0.05578958988189697,0.07999999821186066,0.14368370175361633,0.06368370354175568
7af177530cb396e0,fdtd-2d-large,fdtd-2d-large,lv2:__PARA__L0-1.__PARA__L1-1.__PARA__L2-1.__PARA__L3-1.__PARA__L4-1.__PARA__L5-2.__PARA__L6-32.__PARA__L7-1.__PIPE__L0-off.__PIPE__L2-off.__PIPE__L3-off.__PIPE__L4-off.__TILE__L0-1.__TILE__L2-1.__TILE__L3-1.__TILE__L4-1,target,support,support,finetune_dataset,data_21.pt,8670477.0,polynormer_lite,2,50,paper_exact_seed2,0.10290836542844772,0.0610964298248291,0.04181193560361862,0.05999999865889549,0.03283748775720596,0.02716251090168953,0.019999999552965164,0.019235625863075256,0.0007643736898899078,0.029999999329447746,0.03228539973497391,0.002285400405526161,0.14000000059604645,0.1574414074420929,0.017441406846046448
24b111d9a9860636,fdtd-2d-large,fdtd-2d-large,lv2:__PARA__L0-1.__PARA__L1-1.__PARA__L2-1.__PARA__L3-1.__PARA__L4-1.__PARA__L5-1.__PARA__L6-1.__PARA__L7-4.__PIPE__L0-off.__PIPE__L2-flatten.__PIPE__L3-flatten.__PIPE__L4-off.__TILE__L0-1.__TILE__L2-1.__TILE__L3-1.__TILE__L4-1,target,support,support,finetune_dataset,data_11.pt,3589546.0,polynormer_lite,2,50,paper_exact_seed2,0.7390633821487427,0.6450738906860352,0.09398949146270752,0.6600000262260437,0.7258214950561523,0.06582146883010864,0.38999998569488525,0.42503979802131653,0.035039812326431274,0.49000000953674316,0.5762959718704224,0.0862959623336792,0.5799999833106995,0.616225004196167,0.03622502088546753
95fed5f4e0e880e6,fdtd-2d-large,fdtd-2d-large,lv2:__PARA__L0-1.__PARA__L1-1.__PARA__L2-1.__PARA__L3-1.__PARA__L4-1.__PARA__L5-8.__PARA__L6-32.__PARA__L7-32.__PIPE__L0-off.__PIPE__L2-off.__PIPE__L3-off.__PIPE__L4-off.__TILE__L0-1.__TILE__L2-1.__TILE__L3-1.__TILE__L4-1,target,support,support,finetune_dataset,data_35.pt,3671777.0,polynormer_lite,2,50,paper_exact_seed2,0.7227248549461365,0.6656925678253174,0.05703228712081909,0.15000000596046448,0.125244140625,0.024755865335464478,0.05999999865889549,0.0240706205368042,0.03592937812209129,0.09000000357627869,0.11124919354915619,0.021249189972877502,0.14000000059604645,0.15210051834583282,0.012100517749786377
02af129af3b47dd9,fdtd-2d-large,fdtd-2d-large,lv2:__PARA__L0-1.__PARA__L1-16.__PARA__L2-1.__PARA__L3-2.__PARA__L4-199.__PARA__L5-8.__PARA__L6-1.__PARA__L7-32.__PIPE__L0-off.__PIPE__L2-off.__PIPE__L3-flatten.__PIPE__L4-off.__TILE__L0-100.__TILE__L2-1.__TILE__L3-1.__TILE__L4-1,target,support,support,finetune_dataset,data_53.pt,91008808.0,polynormer_lite,2,50,paper_exact_seed2,-1.5930030345916748,-1.6255226135253906,0.03251957893371582,0.9399999976158142,0.8647066354751587,0.07529336214065552,0.6200000047683716,0.5026031732559204,0.11739683151245117,0.9800000190734863,0.7875093221664429,0.19249069690704346,0.8700000047683716,0.8195204138755798,0.05047959089279175
9b93827e25abbb2d,fdtd-2d-large,fdtd-2d-large,lv2:__PARA__L0-1.__PARA__L1-8.__PARA__L2-1.__PARA__L3-1.__PARA__L4-1.__PARA__L5-1.__PARA__L6-1.__PARA__L7-4.__PIPE__L0-off.__PIPE__L2-flatten.__PIPE__L3-flatten.__PIPE__L4-off.__TILE__L0-1.__TILE__L2-1.__TILE__L3-1.__TILE__L4-1,target,support,support,finetune_dataset,data_74.pt,3568546.0,polynormer_lite,2,50,paper_exact_seed2,0.7432958483695984,0.6818915009498596,0.06140434741973877,0.6600000262260437,0.7246221303939819,0.06462210416793823,0.38999998569488525,0.408361554145813,0.018361568450927734,0.49000000953674316,0.5728017687797546,0.08280175924301147,0.5799999833106995,0.6013330221176147,0.021333038806915283
f7baeb54ddf38624,fdtd-2d-large,fdtd-2d-large,lv2:__PARA__L0-1.__PARA__L1-1.__PARA__L2-1.__PARA__L3-1.__PARA__L4-199.__PARA__L5-8.__PARA__L6-32.__PARA__L7-32.__PIPE__L0-off.__PIPE__L2-off.__PIPE__L3-off.__PIPE__L4-off.__TILE__L0-1.__TILE__L2-1.__TILE__L3-1.__TILE__L4-1,target,support,support,finetune_dataset,data_40.pt,96495104.0,polynormer_lite,2,50,paper_exact_seed2,-1.635227918624878,-1.6913723945617676,0.05614447593688965,0.10999999940395355,0.0881095752120018,0.02189042419195175,0.05000000074505806,0.044804543256759644,0.005195457488298416,0.05000000074505806,0.04337398707866669,0.006626013666391373,0.3199999928474426,0.3524446189403534,0.03244462609291077
d23892fd2b55d3ef,fdtd-2d-large,fdtd-2d-large,lv2:__PARA__L0-1.__PARA__L1-4.__PARA__L2-1.__PARA__L3-1.__PARA__L4-1.__PARA__L5-1.__PARA__L6-1.__PARA__L7-4.__PIPE__L0-off.__PIPE__L2-flatten.__PIPE__L3-flatten.__PIPE__L4-off.__TILE__L0-1.__TILE__L2-1.__TILE__L3-1.__TILE__L4-1,target,support,support,finetune_dataset,data_71.pt,3571546.0,polynormer_lite,2,50,paper_exact_seed2,0.7426896691322327,0.6948171854019165,0.04787248373031616,0.6600000262260437,0.7095268964767456,0.049526870250701904,0.38999998569488525,0.410500705242157,0.02050071954727173,0.49000000953674316,0.5565459132194519,0.06654590368270874,0.5799999833106995,0.6018044948577881,0.021804511547088623
06a8d921a1e4ef67,fdtd-2d-large,fdtd-2d-large,lv2:__PARA__L0-1.__PARA__L1-1.__PARA__L2-1.__PARA__L3-1.__PARA__L4-1.__PARA__L5-8.__PARA__L6-1.__PARA__L7-16.__PIPE__L0-off.__PIPE__L2-off.__PIPE__L3-flatten.__PIPE__L4-off.__TILE__L0-1.__TILE__L2-1.__TILE__L3-1.__TILE__L4-1,target,support,support,finetune_dataset,data_27.pt,2514977.0,polynormer_lite,2,50,paper_exact_seed2,0.9956914186477661,0.9403438568115234,0.055347561836242676,0.5699999928474426,0.5991982221603394,0.02919822931289673,0.3199999928474426,0.3090493977069855,0.010950595140457153,0.49000000953674316,0.5226249694824219,0.03262495994567871,0.36000001430511475,0.4128497838973999,0.052849769592285156
a3d96d210251a1eb,fdtd-2d-large,fdtd-2d-large,lv2:__PARA__L0-1.__PARA__L1-1.__PARA__L2-1.__PARA__L3-1.__PARA__L4-1.__PARA__L5-4.__PARA__L6-1.__PARA__L7-1.__PIPE__L0-off.__PIPE__L2-off.__PIPE__L3-flatten.__PIPE__L4-off.__TILE__L0-1.__TILE__L2-1.__TILE__L3-1.__TILE__L4-1,target,support,support,finetune_dataset,data_24.pt,6022078.0,polynormer_lite,2,50,paper_exact_seed2,0.3658333420753479,0.28364115953445435,0.08219218254089355,0.5600000023841858,0.5613483190536499,0.0013483166694641113,0.30000001192092896,0.31348079442977905,0.013480782508850098,0.49000000953674316,0.4938424825668335,0.003842473030090332,0.41999998688697815,0.4029522240161896,0.017047762870788574
0e9358c8b4f372d2,fdtd-2d-large,fdtd-2d-large,lv2:__PARA__L0-1.__PARA__L1-1.__PARA__L2-1.__PARA__L3-1.__PARA__L4-1.__PARA__L5-8.__PARA__L6-32.__PARA__L7-16.__PIPE__L0-off.__PIPE__L2-off.__PIPE__L3-off.__PIPE__L4-off.__TILE__L0-1.__TILE__L2-1.__TILE__L3-1.__TILE__L4-1,target,support,support,finetune_dataset,data_33.pt,3990976.0,polynormer_lite,2,50,paper_exact_seed2,0.6625932455062866,0.6597513556480408,0.0028418898582458496,0.10000000149011612,0.12234867364168167,0.022348672151565552,0.03999999910593033,0.025801464915275574,0.014198534190654755,0.03999999910593033,0.11671426892280579,0.07671426981687546,0.07999999821186066,0.15002164244651794,0.07002164423465729
34c89322b1f144a2,fdtd-2d-large,fdtd-2d-large,lv2:__PARA__L0-1.__PARA__L1-32.__PARA__L2-1.__PARA__L3-1.__PARA__L4-199.__PARA__L5-8.__PARA__L6-1.__PARA__L7-32.__PIPE__L0-off.__PIPE__L2-off.__PIPE__L3-flatten.__PIPE__L4-off.__TILE__L0-1.__TILE__L2-1.__TILE__L3-1.__TILE__L4-1,target,support,support,finetune_dataset,data_66.pt,91029992.0,polynormer_lite,2,50,paper_exact_seed2,-1.5931710004806519,-1.726393461227417,0.13322246074676514,0.5099999904632568,0.5378159284591675,0.027815937995910645,0.3199999928474426,0.3277294635772705,0.007729470729827881,0.49000000953674316,0.4667983055114746,0.023201704025268555,0.5299999713897705,0.6129551529884338,0.08295518159866333
b0762bcf12adbd4f,fdtd-2d-large,fdtd-2d-large,lv2:__PARA__L0-1.__PARA__L1-16.__PARA__L2-199.__PARA__L3-1.__PARA__L4-1.__PARA__L5-8.__PARA__L6-32.__PARA__L7-32.__PIPE__L0-off.__PIPE__L2-off.__PIPE__L3-off.__PIPE__L4-off.__TILE__L0-1.__TILE__L2-1.__TILE__L3-1.__TILE__L4-199,target,support,support,finetune_dataset,data_56.pt,12799945.0,polynormer_lite,2,50,paper_exact_seed2,-0.17806880176067352,-0.11670070886611938,0.06136809289455414,0.14000000059604645,0.19441357254981995,0.0544135719537735,0.05999999865889549,0.10877983272075653,0.04877983406186104,0.09000000357627869,0.18549925088882446,0.09549924731254578,0.25999999046325684,0.2981232702732086,0.03812327980995178
7432155d2bb5f2e8,fdtd-2d-large,fdtd-2d-large,lv2:__PARA__L0-1.__PARA__L1-32.__PARA__L2-1.__PARA__L3-1.__PARA__L4-1.__PARA__L5-1.__PARA__L6-1.__PARA__L7-1.__PIPE__L0-off.__PIPE__L2-flatten.__PIPE__L3-flatten.__PIPE__L4-flatten.__TILE__L0-1.__TILE__L2-1.__TILE__L3-1.__TILE__L4-199,target,support,support,finetune_dataset,data_62.pt,87033.0,polynormer_lite,2,50,paper_exact_seed2,3.4221107959747314,3.363816976547241,0.058293819427490234,0.9900000095367432,1.058634877204895,0.06863486766815186,0.5299999713897705,0.5594589710235596,0.029458999633789062,0.699999988079071,0.7140007019042969,0.01400071382522583,0.5799999833106995,0.6620553135871887,0.08205533027648926
82d095c8462d8493,fdtd-2d-large,fdtd-2d-large,lv2:__PARA__L0-1.__PARA__L1-16.__PARA__L2-1.__PARA__L3-1.__PARA__L4-199.__PARA__L5-8.__PARA__L6-1.__PARA__L7-32.__PIPE__L0-off.__PIPE__L2-off.__PIPE__L3-flatten.__PIPE__L4-off.__TILE__L0-1.__TILE__L2-1.__TILE__L3-1.__TILE__L4-1,target,support,support,finetune_dataset,data_48.pt,91028704.0,polynormer_lite,2,50,paper_exact_seed2,-1.5931607484817505,-1.7128996849060059,0.11973893642425537,0.5099999904632568,0.5489580631256104,0.038958072662353516,0.3199999928474426,0.33560270071029663,0.015602707862854004,0.49000000953674316,0.4728359580039978,0.01716405153274536,0.5299999713897705,0.6053176522254944,0.07531768083572388
18b5cb1e7e04b5d5,fdtd-2d-large,fdtd-2d-large,lv2:__PARA__L0-1.__PARA__L1-1.__PARA__L2-1.__PARA__L3-1.__PARA__L4-1.__PARA__L5-8.__PARA__L6-1.__PARA__L7-4.__PIPE__L0-off.__PIPE__L2-off.__PIPE__L3-flatten.__PIPE__L4-off.__TILE__L0-1.__TILE__L2-1.__TILE__L3-1.__TILE__L4-1,target,support,support,finetune_dataset,data_30.pt,3211477.0,polynormer_lite,2,50,paper_exact_seed2,0.8193455934524536,0.8493782877922058,0.030032694339752197,0.5600000023841858,0.5687369108200073,0.008736908435821533,0.3100000023841858,0.3097022771835327,0.00029772520065307617,0.49000000953674316,0.48912984132766724,0.0008701682090759277,0.36000001430511475,0.4101794362068176,0.05017942190170288
b1afb664d479fe57,fdtd-2d-large,fdtd-2d-large,lv2:__PARA__L0-1.__PARA__L1-16.__PARA__L2-1.__PARA__L3-1.__PARA__L4-199.__PARA__L5-8.__PARA__L6-32.__PARA__L7-32.__PIPE__L0-off.__PIPE__L2-off.__PIPE__L3-off.__PIPE__L4-off.__TILE__L0-100.__TILE__L2-1.__TILE__L3-1.__TILE__L4-1,target,support,support,finetune_dataset,data_51.pt,96495104.0,polynormer_lite,2,50,paper_exact_seed2,-1.635227918624878,-1.6465654373168945,0.011337518692016602,0.10999999940395355,0.2288590967655182,0.11885909736156464,0.05000000074505806,0.0758572518825531,0.02585725113749504,0.05000000074505806,0.19266681373119354,0.14266681671142578,0.3199999928474426,0.4803505539894104,0.16035056114196777
c8db8810a46a8e19,fdtd-2d-large,fdtd-2d-large,lv2:__PARA__L0-1.__PARA__L1-1.__PARA__L2-1.__PARA__L3-1.__PARA__L4-1.__PARA__L5-16.__PARA__L6-1.__PARA__L7-1.__PIPE__L0-off.__PIPE__L2-off.__PIPE__L3-flatten.__PIPE__L4-off.__TILE__L0-1.__TILE__L2-1.__TILE__L3-1.__TILE__L4-1,target,support,support,finetune_dataset,data_18.pt,5425378.0,polynormer_lite,2,50,paper_exact_seed2,0.44110220670700073,0.31842851638793945,0.12267369031906128,0.5699999928474426,0.5795615911483765,0.009561598300933838,0.3100000023841858,0.31718456745147705,0.00718456506729126,0.49000000953674316,0.5156554579734802,0.02565544843673706,0.41999998688697815,0.4061334431171417,0.013866543769836426
3f5ea7e68e67e5cd,fdtd-2d-large,fdtd-2d-large,lv2:__PARA__L0-1.__PARA__L1-1.__PARA__L2-1.__PARA__L3-1.__PARA__L4-1.__PARA__L5-1.__PARA__L6-1.__PARA__L7-1.__PIPE__L0-off.__PIPE__L2-off.__PIPE__L3-flatten.__PIPE__L4-off.__TILE__L0-1.__TILE__L2-1.__TILE__L3-1.__TILE__L4-1,target,support,support,finetune_dataset,data_5.pt,9604046.0,polynormer_lite,2,50,paper_exact_seed2,0.029142890125513077,0.06768190860748291,0.03853901848196983,0.49000000953674316,0.5600309371948242,0.07003092765808105,0.30000001192092896,0.30987411737442017,0.009874105453491211,0.49000000953674316,0.5017552375793457,0.011755228042602539,0.30000001192092896,0.3980258107185364,0.09802579879760742
3fa8d53f1cfce133,fdtd-2d-large,fdtd-2d-large,lv2:__PARA__L0-1.__PARA__L1-1.__PARA__L2-1.__PARA__L3-1.__PARA__L4-1.__PARA__L5-1.__PARA__L6-1.__PARA__L7-8.__PIPE__L0-off.__PIPE__L2-flatten.__PIPE__L3-flatten.__PIPE__L4-off.__TILE__L0-1.__TILE__L2-1.__TILE__L3-1.__TILE__L4-1,target,support,support,finetune_dataset,data_12.pt,5181446.0,polynormer_lite,2,50,paper_exact_seed2,0.47428667545318604,0.5879644155502319,0.1136777400970459,0.6600000262260437,0.7498711347579956,0.0898711085319519,0.4000000059604645,0.4149352014064789,0.014935195446014404,0.49000000953674316,0.5890063643455505,0.09900635480880737,0.5799999833106995,0.6207819581031799,0.04078197479248047
d947fcdddd5d3105,fdtd-2d-large,fdtd-2d-large,lv2:__PARA__L0-1.__PARA__L1-1.__PARA__L2-1.__PARA__L3-1.__PARA__L4-1.__PARA__L5-1.__PARA__L6-16.__PARA__L7-1.__PIPE__L0-off.__PIPE__L2-off.__PIPE__L3-off.__PIPE__L4-off.__TILE__L0-1.__TILE__L2-1.__TILE__L3-1.__TILE__L4-1,target,support,support,finetune_dataset,data_13.pt,11378546.0,polynormer_lite,2,50,paper_exact_seed2,-0.09315811097621918,-0.07817000150680542,0.014988109469413757,0.029999999329447746,0.03542868047952652,0.0054286811500787735,0.009999999776482582,0.02353273332118988,0.013532733544707298,0.009999999776482582,0.032947614789009094,0.022947615012526512,0.14000000059604645,0.15461942553520203,0.014619424939155579
f62329b9b17e53a9,fdtd-2d-large,fdtd-2d-large,lv2:__PARA__L0-1.__PARA__L1-8.__PARA__L2-1.__PARA__L3-1.__PARA__L4-199.__PARA__L5-8.__PARA__L6-1.__PARA__L7-32.__PIPE__L0-off.__PIPE__L2-off.__PIPE__L3-flatten.__PIPE__L4-off.__TILE__L0-1.__TILE__L2-1.__TILE__L3-1.__TILE__L4-1,target,support,support,finetune_dataset,data_75.pt,91028704.0,polynormer_lite,2,50,paper_exact_seed2,-1.5931607484817505,-1.6965231895446777,0.10336244106292725,0.5099999904632568,0.5412788391113281,0.03127884864807129,0.3199999928474426,0.3351195454597473,0.015119552612304688,0.49000000953674316,0.45683830976486206,0.033161699771881104,0.5299999713897705,0.5998688340187073,0.06986886262893677
3c53a61a8a2f38ac,fdtd-2d-large,fdtd-2d-large,lv2:__PARA__L0-1.__PARA__L1-1.__PARA__L2-1.__PARA__L3-1.__PARA__L4-1.__PARA__L5-1.__PARA__L6-1.__PARA__L7-2.__PIPE__L0-off.__PIPE__L2-flatten.__PIPE__L3-flatten.__PIPE__L4-off.__TILE__L0-1.__TILE__L2-1.__TILE__L3-1.__TILE__L4-1,target,support,support,finetune_dataset,data_9.pt,3748746.0,polynormer_lite,2,50,paper_exact_seed2,0.7077600359916687,0.6337301731109619,0.07402986288070679,0.6600000262260437,0.7138738632202148,0.05387383699417114,0.38999998569488525,0.42514169216156006,0.035141706466674805,0.49000000953674316,0.5778507590293884,0.08785074949264526,0.5799999833106995,0.5902572274208069,0.010257244110107422
21ddeacbed4ecd3e,fdtd-2d-large,fdtd-2d-large,lv2:__PARA__L0-1.__PARA__L1-1.__PARA__L2-1.__PARA__L3-1.__PARA__L4-1.__PARA__L5-1.__PARA__L6-1.__PARA__L7-1.__PIPE__L0-off.__PIPE__L2-off.__PIPE__L3-flatten.__PIPE__L4-flatten.__TILE__L0-1.__TILE__L2-1.__TILE__L3-1.__TILE__L4-1,target,support,support,finetune_dataset,data_4.pt,4866146.0,polynormer_lite,2,50,paper_exact_seed2,0.5195742249488831,0.5999588966369629,0.08038467168807983,0.8799999952316284,0.8041424751281738,0.07585752010345459,0.47999998927116394,0.45921581983566284,0.0207841694355011,0.699999988079071,0.6416582465171814,0.05834174156188965,0.4699999988079071,0.583364725112915,0.11336472630500793
8728243f8d7bee49,fdtd-2d-large,fdtd-2d-large,lv2:__PARA__L0-1.__PARA__L1-1.__PARA__L2-1.__PARA__L3-1.__PARA__L4-1.__PARA__L5-32.__PARA__L6-1.__PARA__L7-1.__PIPE__L0-off.__PIPE__L2-off.__PIPE__L3-flatten.__PIPE__L4-off.__TILE__L0-1.__TILE__L2-1.__TILE__L3-1.__TILE__L4-1,target,support,support,finetune_dataset,data_22.pt,6258746.0,polynormer_lite,2,50,paper_exact_seed2,0.3380272388458252,0.29200267791748047,0.04602456092834473,0.5400000214576721,0.4974466860294342,0.042553335428237915,0.33000001311302185,0.2855789065361023,0.044421106576919556,0.49000000953674316,0.42445749044418335,0.06554251909255981,0.36000001430511475,0.35964399576187134,0.0003560185432434082
a2c74860cca36a85,fdtd-2d-large,fdtd-2d-large,lv2:__PARA__L0-1.__PARA__L1-32.__PARA__L2-2.__PARA__L3-1.__PARA__L4-1.__PARA__L5-1.__PARA__L6-1.__PARA__L7-4.__PIPE__L0-off.__PIPE__L2-flatten.__PIPE__L3-flatten.__PIPE__L4-off.__TILE__L0-1.__TILE__L2-1.__TILE__L3-1.__TILE__L4-1,target,support,support,finetune_dataset,data_70.pt,4033976.0,polynormer_lite,2,50,paper_exact_seed2,0.6548628211021423,0.5828735828399658,0.07198923826217651,1.0299999713897705,0.8891152143478394,0.14088475704193115,0.9399999976158142,0.7292018532752991,0.21079814434051514,0.9800000190734863,0.8184723258018494,0.16152769327163696,0.6899999976158142,0.6944687366485596,0.004468739032745361
10620be89d6dbdf5,fdtd-2d-large,fdtd-2d-large,lv2:__PARA__L0-1.__PARA__L1-1.__PARA__L2-1.__PARA__L3-1.__PARA__L4-1.__PARA__L5-8.__PARA__L6-32.__PARA__L7-1.__PIPE__L0-off.__PIPE__L2-off.__PIPE__L3-off.__PIPE__L4-off.__TILE__L0-1.__TILE__L2-1.__TILE__L3-1.__TILE__L4-1,target,support,support,finetune_dataset,data_32.pt,6879477.0,polynormer_lite,2,50,paper_exact_seed2,0.2698146104812622,0.23215538263320923,0.03765922784805298,0.07000000029802322,0.05638302117586136,0.013616979122161865,0.019999999552965164,0.017760157585144043,0.002239841967821121,0.029999999329447746,0.07008013874292374,0.04008013755083084,0.14000000059604645,0.1487632691860199,0.00876326858997345
941a2a1cc8b8d547,fdtd-2d-large,fdtd-2d-large,lv2:__PARA__L0-1.__PARA__L1-16.__PARA__L2-1.__PARA__L3-1.__PARA__L4-1.__PARA__L5-8.__PARA__L6-32.__PARA__L7-32.__PIPE__L0-off.__PIPE__L2-off.__PIPE__L3-off.__PIPE__L4-off.__TILE__L0-1.__TILE__L2-1.__TILE__L3-1.__TILE__L4-199,target,support,support,finetune_dataset,data_45.pt,10068645.0,polynormer_lite,2,50,paper_exact_seed2,-0.004934771917760372,0.033283889293670654,0.0382186621427536,0.15000000596046448,0.08292575925588608,0.0670742467045784,0.05999999865889549,0.022278830409049988,0.037721168249845505,0.09000000357627869,0.06213235855102539,0.027867645025253296,0.14000000059604645,0.16787545382976532,0.027875453233718872
9cbc317e3da96a87,fdtd-2d-large,fdtd-2d-large,lv2:__PARA__L0-1.__PARA__L1-16.__PARA__L2-1.__PARA__L3-1.__PARA__L4-1.__PARA__L5-8.__PARA__L6-32.__PARA__L7-1.__PIPE__L0-off.__PIPE__L2-off.__PIPE__L3-off.__PIPE__L4-flatten.__TILE__L0-100.__TILE__L2-1.__TILE__L3-1.__TILE__L4-1,target,support,support,finetune_dataset,data_44.pt,943474.0,polynormer_lite,2,50,paper_exact_seed2,1.7029367685317993,1.7087867259979248,0.005849957466125488,0.9200000166893005,0.8114529848098755,0.10854703187942505,0.4300000071525574,0.35466402769088745,0.07533597946166992,0.699999988079071,0.5950673222541809,0.10493266582489014,0.5799999833106995,0.595672607421875,0.015672624111175537
9bb098fbfbdf133e,fdtd-2d-large,fdtd-2d-large,lv2:__PARA__L0-1.__PARA__L1-1.__PARA__L2-1.__PARA__L3-1.__PARA__L4-1.__PARA__L5-1.__PARA__L6-2.__PARA__L7-1.__PIPE__L0-off.__PIPE__L2-off.__PIPE__L3-off.__PIPE__L4-off.__TILE__L0-1.__TILE__L2-1.__TILE__L3-1.__TILE__L4-1,target,support,support,finetune_dataset,data_14.pt,14361746.0,polynormer_lite,2,50,paper_exact_seed2,-0.26111558079719543,-0.24310582876205444,0.01800975203514099,0.019999999552965164,0.009593501687049866,0.010406497865915298,0.009999999776482582,0.03536491096019745,0.025364911183714867,0.0,-0.013205677270889282,0.013205677270889282,0.20000000298023224,0.16963881254196167,0.03036119043827057
7c61cac1838ff10f,fdtd-2d-large,fdtd-2d-large,lv2:__PARA__L0-1.__PARA__L1-8.__PARA__L2-1.__PARA__L3-1.__PARA__L4-199.__PARA__L5-8.__PARA__L6-32.__PARA__L7-32.__PIPE__L0-off.__PIPE__L2-off.__PIPE__L3-off.__PIPE__L4-off.__TILE__L0-1.__TILE__L2-1.__TILE__L3-1.__TILE__L4-1,target,support,support,finetune_dataset,data_76.pt,96495104.0,polynormer_lite,2,50,paper_exact_seed2,-1.635227918624878,-1.7270498275756836,0.09182190895080566,0.10999999940395355,0.09439888596534729,0.015601113438606262,0.05000000074505806,0.0407399982213974,0.00926000252366066,0.05000000074505806,0.05775384604930878,0.007753845304250717,0.3199999928474426,0.3447866439819336,0.024786651134490967
3ab94196b68919ce,fdtd-2d-large,fdtd-2d-large,lv2:__PARA__L0-1.__PARA__L1-1.__PARA__L2-1.__PARA__L3-1.__PARA__L4-1.__PARA__L5-4.__PARA__L6-32.__PARA__L7-1.__PIPE__L0-off.__PIPE__L2-off.__PIPE__L3-off.__PIPE__L4-off.__TILE__L0-1.__TILE__L2-1.__TILE__L3-1.__TILE__L4-1,target,support,support,finetune_dataset,data_25.pt,7476477.0,polynormer_lite,2,50,paper_exact_seed2,0.20978474617004395,0.18866151571273804,0.021123230457305908,0.05999999865889549,0.039524614810943604,0.02047538384795189,0.029999999329447746,0.01841561496257782,0.011584384366869926,0.029999999329447746,0.05118027329444885,0.021180273965001106,0.14000000059604645,0.15374276041984558,0.013742759823799133
dc323f103342f114,fdtd-2d-large,fdtd-2d-large,lv2:__PARA__L0-1.__PARA__L1-1.__PARA__L2-1.__PARA__L3-1.__PARA__L4-1.__PARA__L5-8.__PARA__L6-1.__PARA__L7-2.__PIPE__L0-off.__PIPE__L2-off.__PIPE__L3-flatten.__PIPE__L4-off.__TILE__L0-1.__TILE__L2-1.__TILE__L3-1.__TILE__L4-1,target,support,support,finetune_dataset,data_28.pt,4325877.0,polynormer_lite,2,50,paper_exact_seed2,0.6044677495956421,0.5590462684631348,0.045421481132507324,0.5699999928474426,0.5589908361434937,0.011009156703948975,0.3100000023841858,0.3091498017311096,0.0008502006530761719,0.49000000953674316,0.4925568699836731,0.0025568604469299316,0.36000001430511475,0.3992386758327484,0.03923866152763367
ff30947700fe15ed,fdtd-2d-large,fdtd-2d-large,lv2:__PARA__L0-1.__PARA__L1-32.__PARA__L2-1.__PARA__L3-1.__PARA__L4-199.__PARA__L5-1.__PARA__L6-1.__PARA__L7-4.__PIPE__L0-off.__PIPE__L2-flatten.__PIPE__L3-flatten.__PIPE__L4-off.__TILE__L0-1.__TILE__L2-1.__TILE__L3-1.__TILE__L4-1,target,support,support,finetune_dataset,data_65.pt,91746688.0,polynormer_lite,2,50,paper_exact_seed2,-1.5988280773162842,-1.7068796157836914,0.10805153846740723,0.6100000143051147,0.6667591333389282,0.05675911903381348,0.38999998569488525,0.42830997705459595,0.03830999135971069,0.49000000953674316,0.5433348417282104,0.053334832191467285,0.8600000143051147,0.8673463463783264,0.00734633207321167
0c8d6a2e9cb99585,fdtd-2d-large,fdtd-2d-large,lv2:__PARA__L0-1.__PARA__L1-16.__PARA__L2-1.__PARA__L3-1.__PARA__L4-1.__PARA__L5-8.__PARA__L6-32.__PARA__L7-1.__PIPE__L0-off.__PIPE__L2-off.__PIPE__L3-off.__PIPE__L4-flatten.__TILE__L0-1.__TILE__L2-1.__TILE__L3-1.__TILE__L4-199,target,support,support,finetune_dataset,data_42.pt,943474.0,polynormer_lite,2,50,paper_exact_seed2,1.7029367685317993,1.666043758392334,0.03689301013946533,0.9200000166893005,0.8833234310150146,0.03667658567428589,0.4300000071525574,0.3685572147369385,0.061442792415618896,0.699999988079071,0.6314248442649841,0.06857514381408691,0.5799999833106995,0.5998812317848206,0.019881248474121094
36990602b2941261,fdtd-2d-large,fdtd-2d-large,lv2:__PARA__L0-1.__PARA__L1-1.__PARA__L2-1.__PARA__L3-1.__PARA__L4-1.__PARA__L5-1.__PARA__L6-1.__PARA__L7-1.__PIPE__L0-off.__PIPE__L2-flatten.__PIPE__L3-off.__PIPE__L4-off.__TILE__L0-1.__TILE__L2-1.__TILE__L3-1.__TILE__L4-1,target,support,support,finetune_dataset,data_3.pt,9607448.0,polynormer_lite,2,50,paper_exact_seed2,0.028887415304780006,0.0735323429107666,0.044644929468631744,0.49000000953674316,0.4950571358203888,0.00505712628364563,0.20999999344348907,0.256369024515152,0.0463690310716629,0.49000000953674316,0.4262847900390625,0.06371521949768066,0.41999998688697815,0.38869136571884155,0.0313086211681366
