sample_id,kernel,gname,key,dataset_role,split,support_query,cache_split,file_name,actual_perf,model,seed,k,selection,y_true_perf,y_pred_perf,abs_err_perf,y_true_util_LUT,y_pred_util_LUT,abs_err_util_LUT,y_true_util_FF,y_pred_util_FF,abs_err_util_FF,y_true_util_DSP,y_pred_util_DSP,abs_err_util_DSP,y_true_util_BRAM,y_pred_util_BRAM,abs_err_util_BRAM
3e62e93928fad10e,syr2k,syr2k,lv2:__PARA__L0-1.__PARA__L1-4.__PARA__L2-2.__PARA__L3-80.__PIPE__L0-off.__PIPE__L2-off.__TILE__L0-1.__TILE__L2-1,target,query,query,finetune_dataset,data_1012.pt,49183.0,graphgps_lite,1,50,paper_exact_seed1,3.8338122367858887,3.7243006229400635,0.1095116138458252,0.10999999940395355,0.11130765825510025,0.001307658851146698,0.05000000074505806,0.006278112530708313,0.04372188821434975,0.029999999329447746,-0.014952674508094788,0.04495267570018768,0.05000000074505806,0.03948492556810379,0.01051507517695427
bf91275b7e47bb6e,syr2k,syr2k,lv2:__PARA__L0-1.__PARA__L1-2.__PARA__L2-5.__PARA__L3-1.__PIPE__L0-off.__PIPE__L2-flatten.__TILE__L0-1.__TILE__L2-1,target,query,query,finetune_dataset,data_999.pt,55607.0,graphgps_lite,1,50,paper_exact_seed1,3.7452588081359863,3.7523820400238037,0.007123231887817383,0.10999999940395355,0.12050904333591461,0.01050904393196106,0.07000000029802322,0.06352037191390991,0.006479628384113312,0.029999999329447746,0.014728143811225891,0.015271855518221855,0.05999999865889549,0.02876777946949005,0.03123221918940544
504cc116f687b53b,syr2k,syr2k,lv2:__PARA__L0-1.__PARA__L1-1.__PARA__L2-2.__PARA__L3-1.__PIPE__L0-off.__PIPE__L2-flatten.__TILE__L0-1.__TILE__L2-8,target,query,query,finetune_dataset,data_941.pt,136347.0,graphgps_lite,1,50,paper_exact_seed1,3.0982866287231445,3.0473759174346924,0.05091071128845215,0.18000000715255737,0.1416335254907608,0.03836648166179657,0.09000000357627869,0.07374723255634308,0.016252771019935608,0.019999999552965164,0.014899224042892456,0.005100775510072708,0.009999999776482582,0.028092317283153534,0.018092317506670952
cc45c47936d4a678,syr2k,syr2k,lv2:__PARA__L0-1.__PARA__L1-2.__PARA__L2-3.__PARA__L3-80.__PIPE__L0-off.__PIPE__L2-NA.__TILE__L0-1.__TILE__L2-1,target,query,query,finetune_dataset,data_994.pt,55611.0,graphgps_lite,1,50,paper_exact_seed1,3.7452070713043213,3.775465726852417,0.030258655548095703,0.07999999821186066,0.12341837584972382,0.04341837763786316,0.05000000074505806,0.024617478251457214,0.025382522493600845,0.029999999329447746,-0.02523404359817505,0.055234044790267944,0.05000000074505806,0.038226962089538574,0.011773038655519485
7424659393922e35,syr2k,syr2k,lv2:__PARA__L0-1.__PARA__L1-1.__PARA__L2-5.__PARA__L3-80.__PIPE__L0-off.__PIPE__L2-NA.__TILE__L0-1.__TILE__L2-1,target,query,query,finetune_dataset,data_961.pt,58807.0,graphgps_lite,1,50,paper_exact_seed1,3.7048981189727783,3.7416481971740723,0.036750078201293945,0.10999999940395355,0.1333884298801422,0.02338843047618866,0.07000000029802322,0.04980911314487457,0.02019088715314865,0.029999999329447746,-0.012869983911514282,0.04286998510360718,0.05999999865889549,0.05289560556411743,0.007104393094778061
b2583f4d8e1d72d3,syr2k,syr2k,lv2:__PARA__L0-1.__PARA__L1-1.__PARA__L2-2.__PARA__L3-1.__PIPE__L0-off.__PIPE__L2-flatten.__TILE__L0-1.__TILE__L2-2,target,query,query,finetune_dataset,data_939.pt,299271.0,graphgps_lite,1,50,paper_exact_seed1,2.5312018394470215,3.357717990875244,0.8265161514282227,0.10999999940395355,0.1031370460987091,0.006862953305244446,0.07000000029802322,0.05404052138328552,0.0159594789147377,0.019999999552965164,0.003108695149421692,0.016891304403543472,0.019999999552965164,0.02710767090320587,0.007107671350240707
006edf919afcac3e,syr2k,syr2k,lv2:__PARA__L0-1.__PARA__L1-1.__PARA__L2-8.__PARA__L3-1.__PIPE__L0-off.__PIPE__L2-flatten.__TILE__L0-1.__TILE__L2-4,target,query,query,finetune_dataset,data_971.pt,106027.0,graphgps_lite,1,50,paper_exact_seed1,3.279712200164795,3.3724124431610107,0.09270024299621582,0.23000000417232513,0.15664580464363098,0.07335419952869415,0.14000000059604645,0.08222958445549011,0.057770416140556335,0.019999999552965164,0.02381061017513275,0.0038106106221675873,0.009999999776482582,0.03121364116668701,0.02121364139020443
555a887ab9d454ef,syr2k,syr2k,lv2:__PARA__L0-1.__PARA__L1-8.__PARA__L2-1.__PARA__L3-16.__PIPE__L0-off.__PIPE__L2-off.__TILE__L0-1.__TILE__L2-1,target,query,query,finetune_dataset,data_1019.pt,168381.0,graphgps_lite,1,50,paper_exact_seed1,2.94606351852417,2.4454970359802246,0.5005664825439453,0.03999999910593033,0.10314253717660904,0.06314253807067871,0.009999999776482582,0.030258432030677795,0.020258432254195213,0.05000000074505806,0.03646382689476013,0.013536173850297928,0.07999999821186066,0.04226486384868622,0.03773513436317444
5499c8364cd4ba73,syr2k,syr2k,lv2:__PARA__L0-1.__PARA__L1-2.__PARA__L2-1.__PARA__L3-80.__PIPE__L0-off.__PIPE__L2-NA.__TILE__L0-1.__TILE__L2-1,target,query,query,finetune_dataset,data_987.pt,71821.0,graphgps_lite,1,50,paper_exact_seed1,3.5606892108917236,3.7140719890594482,0.1533827781677246,0.09000000357627869,0.12359040975570679,0.0335904061794281,0.03999999910593033,0.04073324799537659,0.0007332488894462585,0.03999999910593033,0.00045137107372283936,0.03954862803220749,0.05000000074505806,0.05152857303619385,0.001528572291135788
f96e059b20685c7d,syr2k,syr2k,lv2:__PARA__L0-1.__PARA__L1-2.__PARA__L2-5.__PARA__L3-80.__PIPE__L0-off.__PIPE__L2-off.__TILE__L0-1.__TILE__L2-1,target,query,query,finetune_dataset,data_1001.pt,55607.0,graphgps_lite,1,50,paper_exact_seed1,3.7452588081359863,3.8334414958953857,0.08818268775939941,0.10999999940395355,0.11359037458896637,0.0035903751850128174,0.07000000029802322,0.016844257712364197,0.05315574258565903,0.029999999329447746,-0.024626806378364563,0.05462680757045746,0.05999999865889549,0.044948793947696686,0.015051204711198807
47f6594af7e229e8,syr2k,syr2k,lv2:__PARA__L0-1.__PARA__L1-8.__PARA__L2-4.__PARA__L3-80.__PIPE__L0-off.__PIPE__L2-NA.__TILE__L0-1.__TILE__L2-1,target,query,query,finetune_dataset,data_1028.pt,46061.0,graphgps_lite,1,50,paper_exact_seed1,3.8811192512512207,3.8037919998168945,0.07732725143432617,0.10000000149011612,0.1369970738887787,0.03699707239866257,0.05999999865889549,0.06466923654079437,0.00466923788189888,0.029999999329447746,0.007049843668937683,0.022950155660510063,0.05000000074505806,0.05192160606384277,0.0019216053187847137
ac15cc16356e3d5e,syr2k,syr2k,lv2:__PARA__L0-1.__PARA__L1-1.__PARA__L2-8.__PARA__L3-1.__PIPE__L0-off.__PIPE__L2-flatten.__TILE__L0-1.__TILE__L2-2,target,query,query,finetune_dataset,data_970.pt,137547.0,graphgps_lite,1,50,paper_exact_seed1,3.091965675354004,3.509904384613037,0.4179387092590332,0.23000000417232513,0.15184637904167175,0.07815362513065338,0.14000000059604645,0.0861290842294693,0.05387091636657715,0.019999999552965164,0.030001893639564514,0.01000189408659935,0.009999999776482582,0.03148692846298218,0.021486928686499596
1584d7550bc70b91,syr2k,syr2k,lv2:__PARA__L0-1.__PARA__L1-2.__PARA__L2-6.__PARA__L3-1.__PIPE__L0-off.__PIPE__L2-flatten.__TILE__L0-1.__TILE__L2-1,target,query,query,finetune_dataset,data_1002.pt,50701.0,graphgps_lite,1,50,paper_exact_seed1,3.811885118484497,3.7656548023223877,0.046230316162109375,0.11999999731779099,0.1323622465133667,0.012362249195575714,0.07000000029802322,0.08061020076274872,0.010610200464725494,0.029999999329447746,0.024438366293907166,0.005561633035540581,0.05000000074505806,0.029398784041404724,0.020601216703653336
76568d6ea0ffdca1,syr2k,syr2k,lv2:__PARA__L0-1.__PARA__L1-4.__PARA__L2-2.__PARA__L3-80.__PIPE__L0-off.__PIPE__L2-NA.__TILE__L0-1.__TILE__L2-1,target,query,query,finetune_dataset,data_1011.pt,49183.0,graphgps_lite,1,50,paper_exact_seed1,3.8338122367858887,3.7587335109710693,0.07507872581481934,0.10999999940395355,0.1076144278049469,0.002385571599006653,0.05000000074505806,0.013279125094413757,0.0367208756506443,0.029999999329447746,-0.025038614869117737,0.05503861606121063,0.05000000074505806,0.03690426051616669,0.013095740228891373
dcf12e0495e8bad7,syr2k,syr2k,lv2:__PARA__L0-1.__PARA__L1-2.__PARA__L2-1.__PARA__L3-20.__PIPE__L0-off.__PIPE__L2-off.__TILE__L0-1.__TILE__L2-1,target,query,query,finetune_dataset,data_985.pt,166849.0,graphgps_lite,1,50,paper_exact_seed1,2.9526565074920654,2.512299060821533,0.4403574466705322,0.07000000029802322,0.08954082429409027,0.019540823996067047,0.029999999329447746,0.029401764273643494,0.0005982350558042526,0.07999999821186066,0.025173813104629517,0.05482618510723114,0.019999999552965164,0.03734450042247772,0.017344500869512558
cd513ad6e06bbf90,syr2k,syr2k,lv2:__PARA__L0-1.__PARA__L1-1.__PARA__L2-1.__PARA__L3-4.__PIPE__L0-off.__PIPE__L2-off.__TILE__L0-1.__TILE__L2-1,target,query,query,finetune_dataset,data_924.pt,245981.0,graphgps_lite,1,50,paper_exact_seed1,2.672654628753662,2.38746976852417,0.2851848602294922,0.009999999776482582,0.06838075816631317,0.05838076025247574,0.0,0.017946943640708923,0.017946943640708923,0.009999999776482582,0.031083256006240845,0.021083256229758263,0.029999999329447746,0.034195393323898315,0.004195393994450569
e091829cd7eccb45,syr2k,syr2k,lv2:__PARA__L0-1.__PARA__L1-4.__PARA__L2-3.__PARA__L3-80.__PIPE__L0-off.__PIPE__L2-off.__TILE__L0-1.__TILE__L2-1,target,query,query,finetune_dataset,data_1014.pt,54011.0,graphgps_lite,1,50,paper_exact_seed1,3.766265630722046,3.8238327503204346,0.05756711959838867,0.07999999821186066,0.11614231765270233,0.036142319440841675,0.05000000074505806,0.0064802467823028564,0.0435197539627552,0.029999999329447746,-0.021778658032417297,0.05177865922451019,0.05000000074505806,0.041997045278549194,0.008002955466508865
09322ccf332b047c,syr2k,syr2k,lv2:__PARA__L0-1.__PARA__L1-1.__PARA__L2-8.__PARA__L3-80.__PIPE__L0-off.__PIPE__L2-NA.__TILE__L0-1.__TILE__L2-1,target,query,query,finetune_dataset,data_972.pt,57779.0,graphgps_lite,1,50,paper_exact_seed1,3.7176194190979004,3.8067867755889893,0.08916735649108887,0.2199999988079071,0.13554905354976654,0.08445094525814056,0.11999999731779099,0.05610525608062744,0.06389474123716354,0.029999999329447746,-0.009773045778274536,0.03977304697036743,0.05000000074505806,0.051530323922634125,0.001530323177576065
2434d5d349eb92bb,syr2k,syr2k,lv2:__PARA__L0-1.__PARA__L1-16.__PARA__L2-2.__PARA__L3-80.__PIPE__L0-off.__PIPE__L2-NA.__TILE__L0-1.__TILE__L2-1,target,query,query,finetune_dataset,data_979.pt,47983.0,graphgps_lite,1,50,paper_exact_seed1,3.851630449295044,3.7578108310699463,0.09381961822509766,0.10999999940395355,0.12106986343860626,0.01106986403465271,0.05000000074505806,0.024852558970451355,0.025147441774606705,0.029999999329447746,-0.0071917325258255005,0.037191733717918396,0.05000000074505806,0.03723033517599106,0.012769665569067001
473a8504bbc3f8c3,syr2k,syr2k,lv2:__PARA__L0-1.__PARA__L1-4.__PARA__L2-1.__PARA__L3-20.__PIPE__L0-off.__PIPE__L2-off.__TILE__L0-1.__TILE__L2-1,target,query,query,finetune_dataset,data_1008.pt,165169.0,graphgps_lite,1,50,paper_exact_seed1,2.959956645965576,2.463942050933838,0.4960145950317383,0.07000000029802322,0.09838380664587021,0.028383806347846985,0.029999999329447746,0.024818360805511475,0.005181638523936272,0.07999999821186066,0.027881130576133728,0.05211886763572693,0.019999999552965164,0.041004687547683716,0.02100468799471855
386d0232d7b527fa,syr2k,syr2k,lv2:__PARA__L0-1.__PARA__L1-1.__PARA__L2-2.__PARA__L3-80.__PIPE__L0-off.__PIPE__L2-NA.__TILE__L0-1.__TILE__L2-1,target,query,query,finetune_dataset,data_942.pt,53983.0,graphgps_lite,1,50,paper_exact_seed1,3.766639471054077,3.6762797832489014,0.09035968780517578,0.10999999940395355,0.11203299462795258,0.0020329952239990234,0.05000000074505806,0.027521952986717224,0.022478047758340836,0.029999999329447746,-0.015585407614707947,0.04558540880680084,0.05000000074505806,0.03779192268848419,0.012208078056573868
67905abe3e20c24a,syr2k,syr2k,lv2:__PARA__L0-1.__PARA__L1-8.__PARA__L2-1.__PARA__L3-20.__PIPE__L0-off.__PIPE__L2-off.__TILE__L0-1.__TILE__L2-1,target,query,query,finetune_dataset,data_1020.pt,165809.0,graphgps_lite,1,50,paper_exact_seed1,2.957166910171509,2.420802116394043,0.5363647937774658,0.07000000029802322,0.10298752784729004,0.032987527549266815,0.029999999329447746,0.029365316033363342,0.000634683296084404,0.07999999821186066,0.03725835680961609,0.04274164140224457,0.019999999552965164,0.04300019145011902,0.023000191897153854
5be48de24ad76cd8,syr2k,syr2k,lv2:__PARA__L0-1.__PARA__L1-8.__PARA__L2-1.__PARA__L3-80.__PIPE__L0-off.__PIPE__L2-NA.__TILE__L0-1.__TILE__L2-1,target,query,query,finetune_dataset,data_1022.pt,69501.0,graphgps_lite,1,50,paper_exact_seed1,3.5843753814697266,3.743495225906372,0.1591198444366455,0.10000000149011612,0.1320778727531433,0.03207787126302719,0.03999999910593033,0.04806120693683624,0.008061207830905914,0.03999999910593033,0.023482725024223328,0.016517274081707,0.05000000074505806,0.06288512051105499,0.012885119765996933
a600ded91a048da1,syr2k,syr2k,lv2:__PARA__L0-1.__PARA__L1-2.__PARA__L2-4.__PARA__L3-80.__PIPE__L0-off.__PIPE__L2-NA.__TILE__L0-1.__TILE__L2-1,target,query,query,finetune_dataset,data_997.pt,48381.0,graphgps_lite,1,50,paper_exact_seed1,3.8456718921661377,3.8081626892089844,0.03750920295715332,0.09000000357627869,0.13162663578987122,0.04162663221359253,0.05000000074505806,0.038769304752349854,0.011230695992708206,0.029999999329447746,-0.02122679352760315,0.051226794719696045,0.05000000074505806,0.04596099257469177,0.004039008170366287
d91bf35255f0a557,syr2k,syr2k,lv2:__PARA__L0-1.__PARA__L1-8.__PARA__L2-4.__PARA__L3-80.__PIPE__L0-off.__PIPE__L2-off.__TILE__L0-1.__TILE__L2-1,target,query,query,finetune_dataset,data_1029.pt,46061.0,graphgps_lite,1,50,paper_exact_seed1,3.8811192512512207,3.8266639709472656,0.05445528030395508,0.10000000149011612,0.11938323080539703,0.019383229315280914,0.05999999865889549,0.020025745034217834,0.03997425362467766,0.029999999329447746,-0.009629830718040466,0.03962983191013336,0.05000000074505806,0.04707033187150955,0.0029296688735485077
82a8e31501b69b34,syr2k,syr2k,lv2:__PARA__L0-1.__PARA__L1-1.__PARA__L2-12.__PARA__L3-80.__PIPE__L0-off.__PIPE__L2-NA.__TILE__L0-1.__TILE__L2-1,target,query,query,finetune_dataset,data_936.pt,51501.0,graphgps_lite,1,50,paper_exact_seed1,3.8005919456481934,3.8194494247436523,0.018857479095458984,0.20999999344348907,0.14090925455093384,0.06909073889255524,0.11999999731779099,0.050405681133270264,0.06959431618452072,0.029999999329447746,-0.006256908178329468,0.03625690937042236,0.05999999865889549,0.05209307372570038,0.007906924933195114
de76b51eb645d686,syr2k,syr2k,lv2:__PARA__L0-1.__PARA__L1-8.__PARA__L2-5.__PARA__L3-80.__PIPE__L0-off.__PIPE__L2-NA.__TILE__L0-1.__TILE__L2-1,target,query,query,finetune_dataset,data_1030.pt,53287.0,graphgps_lite,1,50,paper_exact_seed1,3.7760002613067627,3.8236303329467773,0.04763007164001465,0.10999999940395355,0.13635173439979553,0.02635173499584198,0.07000000029802322,0.07572232186794281,0.005722321569919586,0.029999999329447746,0.01651965081691742,0.013480348512530327,0.05999999865889549,0.05248650908470154,0.0075134895741939545
50737a58f7e3c088,syr2k,syr2k,lv2:__PARA__L0-1.__PARA__L1-4.__PARA__L2-3.__PARA__L3-80.__PIPE__L0-off.__PIPE__L2-NA.__TILE__L0-1.__TILE__L2-1,target,query,query,finetune_dataset,data_1013.pt,54011.0,graphgps_lite,1,50,paper_exact_seed1,3.766265630722046,3.7893688678741455,0.02310323715209961,0.07999999821186066,0.12295183539390564,0.04295183718204498,0.05000000074505806,0.026046350598335266,0.023953650146722794,0.029999999329447746,-0.027757182717323303,0.0577571839094162,0.05000000074505806,0.04204240441322327,0.007957596331834793
eed285261932cba5,syr2k,syr2k,lv2:__PARA__L0-1.__PARA__L1-1.__PARA__L2-12.__PARA__L3-80.__PIPE__L0-off.__PIPE__L2-off.__TILE__L0-1.__TILE__L2-1,target,query,query,finetune_dataset,data_937.pt,51501.0,graphgps_lite,1,50,paper_exact_seed1,3.8005919456481934,3.845703125,0.04511117935180664,0.20999999344348907,0.1336802840232849,0.07631970942020416,0.11999999731779099,0.044031694531440735,0.07596830278635025,0.029999999329447746,-0.006597086787223816,0.03659708797931671,0.05999999865889549,0.045446284115314484,0.014553714543581009
b387369a0d58d4d0,syr2k,syr2k,lv2:__PARA__L0-1.__PARA__L1-1.__PARA__L2-3.__PARA__L3-1.__PIPE__L0-off.__PIPE__L2-flatten.__TILE__L0-1.__TILE__L2-4,target,query,query,finetune_dataset,data_947.pt,157295.0,graphgps_lite,1,50,paper_exact_seed1,2.9951915740966797,3.0993025302886963,0.1041109561920166,0.07999999821186066,0.13725419342517853,0.05725419521331787,0.05000000074505806,0.07537274062633514,0.025372739881277084,0.019999999552965164,0.013986945152282715,0.006013054400682449,0.019999999552965164,0.027569487690925598,0.007569488137960434
4187821acffb4d42,syr2k,syr2k,lv2:__PARA__L0-1.__PARA__L1-2.__PARA__L2-3.__PARA__L3-80.__PIPE__L0-off.__PIPE__L2-off.__TILE__L0-1.__TILE__L2-1,target,query,query,finetune_dataset,data_995.pt,55611.0,graphgps_lite,1,50,paper_exact_seed1,3.7452070713043213,3.8290107250213623,0.08380365371704102,0.07999999821186066,0.1113777831196785,0.03137778490781784,0.05000000074505806,0.00902499258518219,0.04097500815987587,0.029999999329447746,-0.02092418074607849,0.05092418193817139,0.05000000074505806,0.038200557231903076,0.011799443513154984
1d962536b4a8fa69,syr2k,syr2k,lv2:__PARA__L0-1.__PARA__L1-1.__PARA__L2-5.__PARA__L3-1.__PIPE__L0-off.__PIPE__L2-flatten.__TILE__L0-1.__TILE__L2-1,target,query,query,finetune_dataset,data_957.pt,58807.0,graphgps_lite,1,50,paper_exact_seed1,3.7048981189727783,3.6762945652008057,0.028603553771972656,0.10999999940395355,0.12165021896362305,0.011650219559669495,0.07000000029802322,0.05645294487476349,0.013547055423259735,0.029999999329447746,0.012537762522697449,0.017462236806750298,0.05999999865889549,0.02979351580142975,0.030206482857465744
046d7b1dc63a8aa9,syr2k,syr2k,lv2:__PARA__L0-1.__PARA__L1-16.__PARA__L2-1.__PARA__L3-20.__PIPE__L0-off.__PIPE__L2-off.__TILE__L0-1.__TILE__L2-1,target,query,query,finetune_dataset,data_975.pt,167089.0,graphgps_lite,1,50,paper_exact_seed1,2.9516196250915527,2.497398853302002,0.4542207717895508,0.07999999821186066,0.1059194803237915,0.025919482111930847,0.029999999329447746,0.03554996848106384,0.0055499691516160965,0.07999999821186066,0.038995951414108276,0.04100404679775238,0.019999999552965164,0.041669487953186035,0.02166948840022087
8983256af8020ec5,syr2k,syr2k,lv2:__PARA__L0-1.__PARA__L1-2.__PARA__L2-1.__PARA__L3-16.__PIPE__L0-off.__PIPE__L2-off.__TILE__L0-1.__TILE__L2-1,target,query,query,finetune_dataset,data_984.pt,170781.0,graphgps_lite,1,50,paper_exact_seed1,2.935854434967041,2.5391077995300293,0.3967466354370117,0.03999999910593033,0.08964832127094269,0.04964832216501236,0.009999999776482582,0.029519855976104736,0.019519856199622154,0.05000000074505806,0.024307802319526672,0.025692198425531387,0.07999999821186066,0.03656540811061859,0.043434590101242065
3c68f4e92bb140ff,syr2k,syr2k,lv2:__PARA__L0-1.__PARA__L1-1.__PARA__L2-3.__PARA__L3-1.__PIPE__L0-off.__PIPE__L2-flatten.__TILE__L0-1.__TILE__L2-2,target,query,query,finetune_dataset,data_946.pt,232897.0,graphgps_lite,1,50,paper_exact_seed1,2.7120821475982666,3.3668689727783203,0.6547868251800537,0.07999999821186066,0.11071527749300003,0.030715279281139374,0.05000000074505806,0.05793870985507965,0.007938709110021591,0.019999999552965164,0.0016797035932540894,0.018320295959711075,0.019999999552965164,0.024651601910591125,0.004651602357625961
a3af9f64623a88cb,syr2k,syr2k,lv2:__PARA__L0-1.__PARA__L1-1.__PARA__L2-1.__PARA__L3-1.__PIPE__L0-off.__PIPE__L2-flatten.__TILE__L0-1.__TILE__L2-2,target,query,query,finetune_dataset,data_914.pt,524871.0,graphgps_lite,1,50,paper_exact_seed1,2.1259467601776123,3.3604657649993896,1.2345190048217773,0.10999999940395355,0.11578832566738129,0.005788326263427734,0.05999999865889549,0.059660330414772034,0.00033966824412345886,0.019999999552965164,0.011717244982719421,0.008282754570245743,0.009999999776482582,0.03644564002752304,0.02644564025104046
c9c69a637b68506d,syr2k,syr2k,lv2:__PARA__L0-1.__PARA__L1-2.__PARA__L2-1.__PARA__L3-1.__PIPE__L0-off.__PIPE__L2-flatten.__TILE__L0-1.__TILE__L2-1,target,query,query,finetune_dataset,data_983.pt,71821.0,graphgps_lite,1,50,paper_exact_seed1,3.5606892108917236,3.6861963272094727,0.12550711631774902,0.09000000357627869,0.11115528643131256,0.021155282855033875,0.03999999910593033,0.057596951723098755,0.017596952617168427,0.03999999910593033,0.004786238074302673,0.035213761031627655,0.05000000074505806,0.03839075565338135,0.011609245091676712
e9d3815682c668ff,syr2k,syr2k,lv2:__PARA__L0-1.__PARA__L1-16.__PARA__L2-2.__PARA__L3-80.__PIPE__L0-off.__PIPE__L2-off.__TILE__L0-1.__TILE__L2-1,target,query,query,finetune_dataset,data_980.pt,47983.0,graphgps_lite,1,50,paper_exact_seed1,3.851630449295044,3.7989652156829834,0.05266523361206055,0.10999999940395355,0.12160250544548035,0.011602506041526794,0.05000000074505806,0.016833588480949402,0.03316641226410866,0.029999999329447746,-0.00012347102165222168,0.030123470351099968,0.05000000074505806,0.03964675962924957,0.010353241115808487
357b49644113aa28,syr2k,syr2k,lv2:__PARA__L0-1.__PARA__L1-4.__PARA__L2-5.__PARA__L3-80.__PIPE__L0-off.__PIPE__L2-off.__TILE__L0-1.__TILE__L2-1,target,query,query,finetune_dataset,data_1017.pt,54007.0,graphgps_lite,1,50,paper_exact_seed1,3.7663190364837646,3.842235803604126,0.07591676712036133,0.10999999940395355,0.11074487864971161,0.0007448792457580566,0.07000000029802322,0.02141527831554413,0.048584721982479095,0.029999999329447746,-0.023409217596054077,0.05340921878814697,0.05999999865889549,0.04702790081501007,0.012972097843885422
396f10a14a6777c8,syr2k,syr2k,lv2:__PARA__L0-1.__PARA__L1-1.__PARA__L2-6.__PARA__L3-1.__PIPE__L0-off.__PIPE__L2-flatten.__TILE__L0-1.__TILE__L2-4,target,query,query,finetune_dataset,data_965.pt,127037.0,graphgps_lite,1,50,paper_exact_seed1,3.149303674697876,3.337494373321533,0.18819069862365723,0.18000000715255737,0.15428653359413147,0.025713473558425903,0.10999999940395355,0.08376826345920563,0.026231735944747925,0.019999999552965164,0.02395804226398468,0.003958042711019516,0.019999999552965164,0.03195992112159729,0.011959921568632126
836ae386a69d9da6,syr2k,syr2k,lv2:__PARA__L0-1.__PARA__L1-1.__PARA__L2-4.__PARA__L3-1.__PIPE__L0-off.__PIPE__L2-flatten.__TILE__L0-1.__TILE__L2-4,target,query,query,finetune_dataset,data_953.pt,137307.0,graphgps_lite,1,50,paper_exact_seed1,3.0932254791259766,3.2054800987243652,0.11225461959838867,0.17000000178813934,0.14599855244159698,0.02400144934654236,0.10000000149011612,0.08023233711719513,0.01976766437292099,0.019999999552965164,0.01924319565296173,0.0007568039000034332,0.009999999776482582,0.03003140538930893,0.020031405612826347
31ba9a7783da0f4c,syr2k,syr2k,lv2:__PARA__L0-1.__PARA__L1-1.__PARA__L2-4.__PARA__L3-1.__PIPE__L0-off.__PIPE__L2-flatten.__TILE__L0-1.__TILE__L2-1,target,query,query,finetune_dataset,data_951.pt,51581.0,graphgps_lite,1,50,paper_exact_seed1,3.7994723320007324,3.6700973510742188,0.12937498092651367,0.09000000357627869,0.11421726644039154,0.024217262864112854,0.05000000074505806,0.053802162408828735,0.0038021616637706757,0.029999999329447746,0.005738154053688049,0.024261845275759697,0.05000000074505806,0.030419230461120605,0.019580770283937454
935321614f5dddf4,syr2k,syr2k,lv2:__PARA__L0-1.__PARA__L1-1.__PARA__L2-3.__PARA__L3-80.__PIPE__L0-off.__PIPE__L2-off.__TILE__L0-1.__TILE__L2-1,target,query,query,finetune_dataset,data_950.pt,58811.0,graphgps_lite,1,50,paper_exact_seed1,3.7048492431640625,3.7668423652648926,0.06199312210083008,0.07999999821186066,0.11265517771244049,0.032655179500579834,0.05000000074505806,0.010911688208580017,0.03908831253647804,0.029999999329447746,-0.013140931725502014,0.04314093291759491,0.05000000074505806,0.04206368327140808,0.007936317473649979
f7a56b547326dc31,syr2k,syr2k,lv2:__PARA__L0-1.__PARA__L1-1.__PARA__L2-1.__PARA__L3-80.__PIPE__L0-off.__PIPE__L2-NA.__TILE__L0-1.__TILE__L2-1,target,query,query,finetune_dataset,data_927.pt,75021.0,graphgps_lite,1,50,paper_exact_seed1,3.529244899749756,3.636229991912842,0.10698509216308594,0.09000000357627869,0.12771429121494293,0.037714287638664246,0.03999999910593033,0.05249539017677307,0.012495391070842743,0.03999999910593033,0.00374622642993927,0.03625377267599106,0.05000000074505806,0.05699808895587921,0.006998088210821152
507f7ddbd39e4095,syr2k,syr2k,lv2:__PARA__L0-1.__PARA__L1-1.__PARA__L2-3.__PARA__L3-80.__PIPE__L0-off.__PIPE__L2-NA.__TILE__L0-1.__TILE__L2-1,target,query,query,finetune_dataset,data_949.pt,58811.0,graphgps_lite,1,50,paper_exact_seed1,3.7048492431640625,3.691842555999756,0.01300668716430664,0.07999999821186066,0.12759000062942505,0.04759000241756439,0.05000000074505806,0.028357237577438354,0.021642763167619705,0.029999999329447746,-0.015138909220695496,0.04513891041278839,0.05000000074505806,0.04285287857055664,0.007147122174501419
6b4151c6c70b25a0,syr2k,syr2k,lv2:__PARA__L0-1.__PARA__L1-8.__PARA__L2-1.__PARA__L3-80.__PIPE__L0-off.__PIPE__L2-off.__TILE__L0-1.__TILE__L2-1,target,query,query,finetune_dataset,data_1023.pt,69501.0,graphgps_lite,1,50,paper_exact_seed1,3.5843753814697266,3.5126912593841553,0.07168412208557129,0.10000000149011612,0.12477461993694305,0.024774618446826935,0.03999999910593033,0.02120201289653778,0.018797986209392548,0.03999999910593033,0.013588294386863708,0.02641170471906662,0.05000000074505806,0.05680142343044281,0.00680142268538475
9f70d0ad1d97d21d,syr2k,syr2k,lv2:__PARA__L0-1.__PARA__L1-2.__PARA__L2-5.__PARA__L3-80.__PIPE__L0-off.__PIPE__L2-NA.__TILE__L0-1.__TILE__L2-1,target,query,query,finetune_dataset,data_1000.pt,55607.0,graphgps_lite,1,50,paper_exact_seed1,3.7452588081359863,3.8349387645721436,0.08967995643615723,0.10999999940395355,0.13002531230449677,0.020025312900543213,0.07000000029802322,0.0451631098985672,0.024836890399456024,0.029999999329447746,-0.020794108510017395,0.05079410970211029,0.05999999865889549,0.047633036971092224,0.012366961687803268
e566095625c0d782,syr2k,syr2k,lv2:__PARA__L0-1.__PARA__L1-1.__PARA__L2-4.__PARA__L3-80.__PIPE__L0-off.__PIPE__L2-off.__TILE__L0-1.__TILE__L2-1,target,query,query,finetune_dataset,data_956.pt,51581.0,graphgps_lite,1,50,paper_exact_seed1,3.7994723320007324,3.771259307861328,0.028213024139404297,0.09000000357627869,0.11600605398416519,0.026006050407886505,0.05000000074505806,0.012177139520645142,0.03782286122441292,0.029999999329447746,-0.018373727798461914,0.04837372899055481,0.05000000074505806,0.04837007820606232,0.0016299225389957428
cae64cd969998749,syr2k,syr2k,lv2:__PARA__L0-1.__PARA__L1-16.__PARA__L2-3.__PARA__L3-80.__PIPE__L0-off.__PIPE__L2-NA.__TILE__L0-1.__TILE__L2-1,target,query,query,finetune_dataset,data_981.pt,52811.0,graphgps_lite,1,50,paper_exact_seed1,3.782472848892212,3.8007400035858154,0.018267154693603516,0.07999999821186066,0.1350203901529312,0.05502039194107056,0.05000000074505806,0.03982970118522644,0.01017029955983162,0.029999999329447746,-0.007767900824546814,0.03776790201663971,0.05000000074505806,0.04184912145137787,0.008150879293680191
bc4bbd8ca4e44e5f,syr2k,syr2k,lv2:__PARA__L0-1.__PARA__L1-1.__PARA__L2-1.__PARA__L3-10.__PIPE__L0-off.__PIPE__L2-off.__TILE__L0-1.__TILE__L2-1,target,query,query,finetune_dataset,data_919.pt,188449.0,graphgps_lite,1,50,paper_exact_seed1,2.8648409843444824,2.4158711433410645,0.44896984100341797,0.03999999910593033,0.07837533205747604,0.038375332951545715,0.019999999552965164,0.02546025812625885,0.005460258573293686,0.03999999910593033,0.027418911457061768,0.01258108764886856,0.05999999865889549,0.03692229837179184,0.023077700287103653
c6307a47e48e34a0,syr2k,syr2k,lv2:__PARA__L0-1.__PARA__L1-16.__PARA__L2-1.__PARA__L3-32.__PIPE__L0-off.__PIPE__L2-off.__TILE__L0-1.__TILE__L2-1,target,query,query,finetune_dataset,data_976.pt,1999329.0,graphgps_lite,1,50,paper_exact_seed1,1.1612061262130737,2.2155921459198,1.054386019706726,0.10000000149011612,0.09888243675231934,0.0011175647377967834,0.03999999910593033,0.02396087348461151,0.016039125621318817,0.10000000149011612,0.04955528676509857,0.05044471472501755,0.019999999552965164,0.04962167888879776,0.029621679335832596
8c2a257a28918f1e,syr2k,syr2k,lv2:__PARA__L0-1.__PARA__L1-8.__PARA__L2-5.__PARA__L3-80.__PIPE__L0-off.__PIPE__L2-off.__TILE__L0-1.__TILE__L2-1,target,query,query,finetune_dataset,data_1031.pt,53287.0,graphgps_lite,1,50,paper_exact_seed1,3.7760002613067627,3.827617883682251,0.05161762237548828,0.10999999940395355,0.12099134176969528,0.01099134236574173,0.07000000029802322,0.03175245225429535,0.038247548043727875,0.029999999329447746,-0.002651497721672058,0.032651498913764954,0.05999999865889549,0.0481044203042984,0.011895578354597092
b329f305a8434e8c,syr2k,syr2k,lv2:__PARA__L0-1.__PARA__L1-1.__PARA__L2-4.__PARA__L3-80.__PIPE__L0-off.__PIPE__L2-NA.__TILE__L0-1.__TILE__L2-1,target,query,query,finetune_dataset,data_955.pt,51581.0,graphgps_lite,1,50,paper_exact_seed1,3.7994723320007324,3.716413736343384,0.08305859565734863,0.09000000357627869,0.13579094409942627,0.04579094052314758,0.05000000074505806,0.04348771274089813,0.006512288004159927,0.029999999329447746,-0.01231047511100769,0.042310476303100586,0.05000000074505806,0.051380231976509094,0.0013802312314510345
4413408007bce9e8,syr2k,syr2k,lv2:__PARA__L0-1.__PARA__L1-16.__PARA__L2-1.__PARA__L3-80.__PIPE__L0-off.__PIPE__L2-NA.__TILE__L0-1.__TILE__L2-1,target,query,query,finetune_dataset,data_977.pt,69021.0,graphgps_lite,1,50,paper_exact_seed1,3.589374542236328,3.743368625640869,0.15399408340454102,0.10000000149011612,0.13788269460201263,0.037882693111896515,0.03999999910593033,0.0444348007440567,0.004434801638126373,0.03999999910593033,0.01621614396572113,0.023783855140209198,0.05000000074505806,0.05907145142555237,0.009071450680494308
4a8b2e7dc78b4696,syr2k,syr2k,lv2:__PARA__L0-1.__PARA__L1-1.__PARA__L2-5.__PARA__L3-1.__PIPE__L0-off.__PIPE__L2-flatten.__TILE__L0-1.__TILE__L2-2,target,query,query,finetune_dataset,data_958.pt,173055.0,graphgps_lite,1,50,paper_exact_seed1,2.9263126850128174,3.4280810356140137,0.5017683506011963,0.10999999940395355,0.13501659035682678,0.02501659095287323,0.07000000029802322,0.06961734592914581,0.0003826543688774109,0.019999999552965164,0.017272457480430603,0.002727542072534561,0.029999999329447746,0.029314450919628143,0.000685548409819603
0e9c5c17a8a6820d,syr2k,syr2k,lv2:__PARA__L0-1.__PARA__L1-16.__PARA__L2-3.__PARA__L3-80.__PIPE__L0-off.__PIPE__L2-off.__TILE__L0-1.__TILE__L2-1,target,query,query,finetune_dataset,data_982.pt,52811.0,graphgps_lite,1,50,paper_exact_seed1,3.782472848892212,3.907423496246338,0.12495064735412598,0.07999999821186066,0.12490789592266083,0.04490789771080017,0.05000000074505806,0.019334331154823303,0.030665669590234756,0.029999999329447746,-0.0034619271755218506,0.033461928367614746,0.05000000074505806,0.04128774255514145,0.00871225818991661
660ddb3a800764d7,syr2k,syr2k,lv2:__PARA__L0-1.__PARA__L1-1.__PARA__L2-1.__PARA__L3-32.__PIPE__L0-off.__PIPE__L2-off.__TILE__L0-1.__TILE__L2-1,target,query,query,finetune_dataset,data_923.pt,2005329.0,graphgps_lite,1,50,paper_exact_seed1,1.159044623374939,2.270678758621216,1.1116341352462769,0.10000000149011612,0.0761607214808464,0.023839280009269714,0.03999999910593033,0.024206191301345825,0.015793807804584503,0.10000000149011612,0.036340534687042236,0.06365946680307388,0.019999999552965164,0.044502899050712585,0.02450289949774742
3caf27e8d55488b0,syr2k,syr2k,lv2:__PARA__L0-1.__PARA__L1-8.__PARA__L2-2.__PARA__L3-80.__PIPE__L0-off.__PIPE__L2-NA.__TILE__L0-1.__TILE__L2-1,target,query,query,finetune_dataset,data_1024.pt,48463.0,graphgps_lite,1,50,paper_exact_seed1,3.8444502353668213,3.7492120265960693,0.09523820877075195,0.10999999940395355,0.1177571639418602,0.007757164537906647,0.05000000074505806,0.03299115598201752,0.017008844763040543,0.029999999329447746,-0.011198431253433228,0.04119843244552612,0.05000000074505806,0.0405304878950119,0.009469512850046158
b8566d786e85b374,syr2k,syr2k,lv2:__PARA__L0-1.__PARA__L1-1.__PARA__L2-1.__PARA__L3-20.__PIPE__L0-off.__PIPE__L2-off.__TILE__L0-1.__TILE__L2-1,target,query,query,finetune_dataset,data_922.pt,169249.0,graphgps_lite,1,50,paper_exact_seed1,2.942354440689087,2.449220657348633,0.4931337833404541,0.07000000029802322,0.08111414313316345,0.011114142835140228,0.029999999329447746,0.026264861226081848,0.003735138103365898,0.07999999821186066,0.02717497944831848,0.052825018763542175,0.019999999552965164,0.036484599113464355,0.01648459956049919
65b53beab87fef44,syr2k,syr2k,lv2:__PARA__L0-1.__PARA__L1-1.__PARA__L2-8.__PARA__L3-80.__PIPE__L0-off.__PIPE__L2-off.__TILE__L0-1.__TILE__L2-1,target,query,query,finetune_dataset,data_973.pt,57779.0,graphgps_lite,1,50,paper_exact_seed1,3.7176194190979004,3.769752264022827,0.05213284492492676,0.2199999988079071,0.11856485903263092,0.10143513977527618,0.11999999731779099,0.03168569505214691,0.08831430226564407,0.029999999329447746,-0.013893499970436096,0.04389350116252899,0.05000000074505806,0.05027972161769867,0.00027972087264060974
9aa40f9b87b12852,syr2k,syr2k,lv2:__PARA__L0-1.__PARA__L1-4.__PARA__L2-4.__PARA__L3-80.__PIPE__L0-off.__PIPE__L2-NA.__TILE__L0-1.__TILE__L2-1,target,query,query,finetune_dataset,data_1015.pt,46781.0,graphgps_lite,1,50,paper_exact_seed1,3.8699307441711426,3.8314733505249023,0.038457393646240234,0.09000000357627869,0.12679968774318695,0.036799684166908264,0.05000000074505806,0.04217056930065155,0.00782943144440651,0.029999999329447746,-0.02021390199661255,0.050213903188705444,0.05000000074505806,0.050373293459415436,0.0003732927143573761
cd8a78b9897e5f03,syr2k,syr2k,lv2:__PARA__L0-1.__PARA__L1-2.__PARA__L2-6.__PARA__L3-80.__PIPE__L0-off.__PIPE__L2-off.__TILE__L0-1.__TILE__L2-1,target,query,query,finetune_dataset,data_1004.pt,50701.0,graphgps_lite,1,50,paper_exact_seed1,3.811885118484497,3.8338072299957275,0.02192211151123047,0.11999999731779099,0.11408624053001404,0.005913756787776947,0.07000000029802322,0.022445082664489746,0.04755491763353348,0.029999999329447746,-0.02282373607158661,0.052823737263679504,0.05000000074505806,0.04553639143705368,0.004463609308004379
792cacac89ae136d,syr2k,syr2k,lv2:__PARA__L0-1.__PARA__L1-1.__PARA__L2-12.__PARA__L3-1.__PIPE__L0-off.__PIPE__L2-flatten.__TILE__L0-1.__TILE__L2-2,target,query,query,finetune_dataset,data_934.pt,122587.0,graphgps_lite,1,50,paper_exact_seed1,3.17502498626709,3.5159707069396973,0.3409457206726074,0.28999999165534973,0.15509936213493347,0.13490062952041626,0.17000000178813934,0.0803336352109909,0.08966636657714844,0.019999999552965164,0.016282200813293457,0.003717798739671707,0.019999999552965164,0.02878621220588684,0.008786212652921677
f1118dea1846074b,syr2k,syr2k,lv2:__PARA__L0-1.__PARA__L1-1.__PARA__L2-5.__PARA__L3-80.__PIPE__L0-off.__PIPE__L2-off.__TILE__L0-1.__TILE__L2-1,target,query,query,finetune_dataset,data_962.pt,58807.0,graphgps_lite,1,50,paper_exact_seed1,3.7048981189727783,3.7661831378936768,0.06128501892089844,0.10999999940395355,0.11623947322368622,0.006239473819732666,0.07000000029802322,0.017156019806861877,0.052843980491161346,0.029999999329447746,-0.01959209144115448,0.049592092633247375,0.05999999865889549,0.04950496554374695,0.010495033115148544
c9e913bf3484f2bf,syr2k,syr2k,lv2:__PARA__L0-1.__PARA__L1-1.__PARA__L2-2.__PARA__L3-80.__PIPE__L0-off.__PIPE__L2-off.__TILE__L0-1.__TILE__L2-1,target,query,query,finetune_dataset,data_943.pt,53983.0,graphgps_lite,1,50,paper_exact_seed1,3.766639471054077,3.6862032413482666,0.08043622970581055,0.10999999940395355,0.10642734915018082,0.0035726502537727356,0.05000000074505806,0.01400575041770935,0.03599425032734871,0.029999999329447746,-0.009873449802398682,0.03987345099449158,0.05000000074505806,0.0399051159620285,0.010094884783029556
43cce9689f44f3f0,syr2k,syr2k,lv2:__PARA__L0-1.__PARA__L1-1.__PARA__L2-8.__PARA__L3-1.__PIPE__L0-off.__PIPE__L2-flatten.__TILE__L0-1.__TILE__L2-1,target,query,query,finetune_dataset,data_969.pt,57779.0,graphgps_lite,1,50,paper_exact_seed1,3.7176194190979004,3.6622540950775146,0.05536532402038574,0.2199999988079071,0.14619655907154083,0.07380343973636627,0.11999999731779099,0.08438710123300552,0.03561289608478546,0.029999999329447746,0.028008460998535156,0.00199153833091259,0.05000000074505806,0.030382633209228516,0.019617367535829544
7553f1551527eb75,syr2k,syr2k,lv2:__PARA__L0-1.__PARA__L1-4.__PARA__L2-6.__PARA__L3-80.__PIPE__L0-off.__PIPE__L2-NA.__TILE__L0-1.__TILE__L2-1,target,query,query,finetune_dataset,data_1018.pt,49101.0,graphgps_lite,1,50,paper_exact_seed1,3.8350160121917725,3.8919193744659424,0.05690336227416992,0.11999999731779099,0.12897662818431854,0.008976630866527557,0.07000000029802322,0.06270979344844818,0.007290206849575043,0.029999999329447746,-0.010887280106544495,0.04088728129863739,0.05000000074505806,0.04962080717086792,0.00037919357419013977
d852e2c5f079503a,syr2k,syr2k,lv2:__PARA__L0-1.__PARA__L1-1.__PARA__L2-5.__PARA__L3-1.__PIPE__L0-off.__PIPE__L2-flatten.__TILE__L0-1.__TILE__L2-4,target,query,query,finetune_dataset,data_959.pt,127693.0,graphgps_lite,1,50,paper_exact_seed1,3.1455883979797363,3.2918145656585693,0.146226167678833,0.10999999940395355,0.15140849351882935,0.04140849411487579,0.07000000029802322,0.0818932056427002,0.011893205344676971,0.019999999552965164,0.02240873873233795,0.0024087391793727875,0.029999999329447746,0.0314144492149353,0.0014144498854875565
887d3a42caec739c,syr2k,syr2k,lv2:__PARA__L0-1.__PARA__L1-8.__PARA__L2-6.__PARA__L3-80.__PIPE__L0-off.__PIPE__L2-NA.__TILE__L0-1.__TILE__L2-1,target,query,query,finetune_dataset,data_1032.pt,48381.0,graphgps_lite,1,50,paper_exact_seed1,3.8456718921661377,3.8537628650665283,0.008090972900390625,0.12999999523162842,0.13791361451148987,0.00791361927986145,0.07000000029802322,0.08213497698307037,0.01213497668504715,0.029999999329447746,0.02486470341682434,0.0051352959126234055,0.05000000074505806,0.05173937976360321,0.0017393790185451508
cff2f356c25a7da3,syr2k,syr2k,lv2:__PARA__L0-1.__PARA__L1-1.__PARA__L2-1.__PARA__L3-5.__PIPE__L0-off.__PIPE__L2-off.__TILE__L0-1.__TILE__L2-1,target,query,query,finetune_dataset,data_925.pt,769181.0,graphgps_lite,1,50,paper_exact_seed1,1.8502665758132935,2.36647367477417,0.5162070989608765,0.009999999776482582,0.06872034072875977,0.05872034281492233,0.0,0.018418610095977783,0.018418610095977783,0.0,0.03227473795413971,0.03227473795413971,0.03999999910593033,0.035668328404426575,0.004331670701503754
bf6fe22800bedaed,syr2k,syr2k,lv2:__PARA__L0-1.__PARA__L1-1.__PARA__L2-10.__PARA__L3-1.__PIPE__L0-off.__PIPE__L2-flatten.__TILE__L0-1.__TILE__L2-4,target,query,query,finetune_dataset,data_931.pt,111517.0,graphgps_lite,1,50,paper_exact_seed1,3.2432963848114014,3.3851568698883057,0.1418604850769043,0.23999999463558197,0.1549355685710907,0.08506442606449127,0.14000000059604645,0.07820312678813934,0.061796873807907104,0.019999999552965164,0.021575331687927246,0.001575332134962082,0.009999999776482582,0.029949650168418884,0.019949650391936302
2bd3a5f7e7748f97,gemm-p,gemm-p,lv2:__PARA__L0-4.__PARA__L1-32.__PARA__L2-10.__PARA__L3-1.__PIPE__L0-off.__PIPE__L2-flatten.__TILE__L0-1.__TILE__L2-8,target,query,query,finetune_dataset,data_408.pt,9914.0,graphgps_lite,1,50,paper_exact_seed1,4.98912239074707,4.847478866577148,0.14164352416992188,0.23000000417232513,0.2243548035621643,0.005645200610160828,0.1599999964237213,0.10838447511196136,0.05161552131175995,0.2199999988079071,0.13866831362247467,0.08133168518543243,0.009999999776482582,0.003017231822013855,0.006982767954468727
a6dc35a49236c7ab,gemm-p,gemm-p,lv2:__PARA__L0-1.__PARA__L1-1.__PARA__L2-4.__PARA__L3-14.__PIPE__L0-off.__PIPE__L2-NA.__TILE__L0-1.__TILE__L2-1,target,query,query,finetune_dataset,data_176.pt,61570.0,graphgps_lite,1,50,paper_exact_seed1,3.671778440475464,4.189932823181152,0.5181543827056885,0.09000000357627869,0.09627112746238708,0.0062711238861083984,0.03999999910593033,0.04139193892478943,0.0013919398188591003,0.09000000357627869,0.07991041988134384,0.010089583694934845,0.03999999910593033,0.03432144224643707,0.005678556859493256
c0d84603c29fbddb,gemm-p,gemm-p,lv2:__PARA__L0-1.__PARA__L1-1.__PARA__L2-8.__PARA__L3-5.__PIPE__L0-off.__PIPE__L2-NA.__TILE__L0-1.__TILE__L2-1,target,query,query,finetune_dataset,data_223.pt,43865.0,graphgps_lite,1,50,paper_exact_seed1,3.9163570404052734,4.192811012268066,0.27645397186279297,0.07999999821186066,0.11542199552059174,0.03542199730873108,0.03999999910593033,0.04389333724975586,0.003893338143825531,0.07999999821186066,0.09089670330286026,0.010896705090999603,0.03999999910593033,0.03138856589794159,0.008611433207988739
283880c8c447ea1d,gemm-p,gemm-p,lv2:__PARA__L0-6.__PARA__L1-32.__PARA__L2-1.__PARA__L3-1.__PIPE__L0-off.__PIPE__L2-flatten.__TILE__L0-1.__TILE__L2-80,target,query,query,finetune_dataset,data_420.pt,34772.0,graphgps_lite,1,50,paper_exact_seed1,4.083929061889648,4.101513862609863,0.017584800720214844,0.05999999865889549,0.10059641301631927,0.04059641435742378,0.019999999552965164,0.03322996199131012,0.013229962438344955,0.03999999910593033,0.048491403460502625,0.008491404354572296,0.05000000074505806,0.04676283895969391,0.003237161785364151
1932fcf0a6ce1ae3,gemm-p,gemm-p,lv2:__PARA__L0-1.__PARA__L1-5.__PARA__L2-10.__PARA__L3-1.__PIPE__L0-off.__PIPE__L2-flatten.__TILE__L0-1.__TILE__L2-1,target,query,query,finetune_dataset,data_304.pt,11587.0,graphgps_lite,1,50,paper_exact_seed1,4.876638412475586,3.9097416400909424,0.9668967723846436,0.20999999344348907,0.16081538796424866,0.04918460547924042,0.15000000596046448,0.06639790534973145,0.08360210061073303,0.2199999988079071,0.09955219179391861,0.1204478070139885,0.009999999776482582,0.011899933218955994,0.0018999334424734116
3fb37e8bcd254b40,gemm-p,gemm-p,lv2:__PARA__L0-1.__PARA__L1-32.__PARA__L2-1.__PARA__L3-1.__PIPE__L0-off.__PIPE__L2-flatten.__TILE__L0-4.__TILE__L2-1,target,query,query,finetune_dataset,data_270.pt,33034.0,graphgps_lite,1,50,paper_exact_seed1,4.120916366577148,4.010654449462891,0.11026191711425781,0.05999999865889549,0.09379467368125916,0.03379467502236366,0.019999999552965164,0.038451001048088074,0.01845100149512291,0.03999999910593033,0.0711672306060791,0.031167231500148773,0.05000000074505806,0.050947852432727814,0.000947851687669754
73c8706bbbfe9935,gemm-p,gemm-p,lv2:__PARA__L0-1.__PARA__L1-1.__PARA__L2-2.__PARA__L3-70.__PIPE__L0-off.__PIPE__L2-off.__TILE__L0-1.__TILE__L2-1,target,query,query,finetune_dataset,data_155.pt,35647.0,graphgps_lite,1,50,paper_exact_seed1,4.066001892089844,4.274214744567871,0.20821285247802734,0.03999999910593033,0.09455254673957825,0.05455254763364792,0.019999999552965164,0.028804287314414978,0.008804287761449814,0.019999999552965164,0.042537614703178406,0.02253761515021324,0.009999999776482582,0.018443584442138672,0.00844358466565609
a627781fe1dd51f7,gemm-p,gemm-p,lv2:__PARA__L0-1.__PARA__L1-1.__PARA__L2-10.__PARA__L3-7.__PIPE__L0-off.__PIPE__L2-NA.__TILE__L0-1.__TILE__L2-1,target,query,query,finetune_dataset,data_115.pt,38703.0,graphgps_lite,1,50,paper_exact_seed1,4.006669521331787,4.341364860534668,0.33469533920288086,0.12999999523162842,0.1265958994626999,0.003404095768928528,0.05999999865889549,0.0519242137670517,0.008075784891843796,0.12999999523162842,0.10096471011638641,0.029035285115242004,0.03999999910593033,0.0336872935295105,0.00631270557641983
db7da4b4c353bdb1,gemm-p,gemm-p,lv2:__PARA__L0-1.__PARA__L1-4.__PARA__L2-16.__PARA__L3-1.__PIPE__L0-off.__PIPE__L2-flatten.__TILE__L0-1.__TILE__L2-1,target,query,query,finetune_dataset,data_294.pt,11827.0,graphgps_lite,1,50,paper_exact_seed1,4.861850261688232,4.057856559753418,0.8039937019348145,0.3199999928474426,0.1828622967004776,0.13713769614696503,0.23999999463558197,0.07643498480319977,0.1635650098323822,0.36000001430511475,0.11039561033248901,0.24960440397262573,0.009999999776482582,0.01320965588092804,0.0032096561044454575
dbb2984793e35e88,gemm-p,gemm-p,lv2:__PARA__L0-1.__PARA__L1-4.__PARA__L2-2.__PARA__L3-1.__PIPE__L0-off.__PIPE__L2-flatten.__TILE__L0-1.__TILE__L2-1,target,query,query,finetune_dataset,data_295.pt,32887.0,graphgps_lite,1,50,paper_exact_seed1,4.124133586883545,4.147390365600586,0.023256778717041016,0.03999999910593033,0.07541435956954956,0.03541436046361923,0.019999999552965164,0.03265880048274994,0.012658800929784775,0.019999999552965164,0.040384888648986816,0.020384889096021652,0.009999999776482582,0.0436863899230957,0.03368639200925827
ad87ec7f414fbe82,gemm-p,gemm-p,lv2:__PARA__L0-2.__PARA__L1-32.__PARA__L2-10.__PARA__L3-1.__PIPE__L0-NA.__PIPE__L2-flatten.__TILE__L0-1.__TILE__L2-8,target,query,query,finetune_dataset,data_367.pt,9563.0,graphgps_lite,1,50,paper_exact_seed1,5.015124320983887,4.686842918395996,0.3282814025878906,0.23000000417232513,0.21201330423355103,0.01798669993877411,0.1599999964237213,0.10272227227687836,0.05727772414684296,0.2199999988079071,0.13338924944400787,0.08661074936389923,0.009999999776482582,0.0038043856620788574,0.006195614114403725
d29de04a627b59bc,gemm-p,gemm-p,lv2:__PARA__L0-1.__PARA__L1-1.__PARA__L2-20.__PARA__L3-14.__PIPE__L0-off.__PIPE__L2-NA.__TILE__L0-1.__TILE__L2-1,target,query,query,finetune_dataset,data_159.pt,27370.0,graphgps_lite,1,50,paper_exact_seed1,4.256594657897949,4.030709266662598,0.22588539123535156,0.4300000071525574,0.13878710567951202,0.29121291637420654,0.20999999344348907,0.054056182503700256,0.15594381093978882,0.47999998927116394,0.07952830940485,0.40047168731689453,0.009999999776482582,0.024396933615207672,0.01439693383872509
d346d5b7f78331b0,gemm-p,gemm-p,lv2:__PARA__L0-1.__PARA__L1-1.__PARA__L2-20.__PARA__L3-5.__PIPE__L0-off.__PIPE__L2-NA.__TILE__L0-1.__TILE__L2-1,target,query,query,finetune_dataset,data_165.pt,30184.0,graphgps_lite,1,50,paper_exact_seed1,4.186000347137451,4.557466506958008,0.37146615982055664,0.20000000298023224,0.15864881873130798,0.041351184248924255,0.10000000149011612,0.08030080795288086,0.01969919353723526,0.1899999976158142,0.11554834246635437,0.07445165514945984,0.019999999552965164,0.03339741379022598,0.013397414237260818
5f38764ae95b8318,gemm-p,gemm-p,lv2:__PARA__L0-3.__PARA__L1-32.__PARA__L2-16.__PARA__L3-1.__PIPE__L0-NA.__PIPE__L2-flatten.__TILE__L0-1.__TILE__L2-1,target,query,query,finetune_dataset,data_384.pt,9321.0,graphgps_lite,1,50,paper_exact_seed1,5.033613681793213,4.976526260375977,0.05708742141723633,0.3499999940395355,0.27691394090652466,0.07308605313301086,0.23999999463558197,0.17502716183662415,0.06497283279895782,0.36000001430511475,0.22053857147693634,0.1394614428281784,0.009999999776482582,0.0020349621772766113,0.00796503759920597
062cf9172432596b,gemm-p,gemm-p,lv2:__PARA__L0-1.__PARA__L1-1.__PARA__L2-5.__PARA__L3-2.__PIPE__L0-off.__PIPE__L2-off.__TILE__L0-1.__TILE__L2-4,target,query,query,finetune_dataset,data_204.pt,886397.0,graphgps_lite,1,50,paper_exact_seed1,1.747951626777649,1.5780932903289795,0.16985833644866943,0.009999999776482582,-0.017161056399345398,0.02716105617582798,0.0,-0.007774263620376587,0.007774263620376587,0.0,-0.03304527699947357,0.03304527699947357,0.019999999552965164,0.02149638533592224,0.001496385782957077
0cc2af7e268e2d52,gemm-p,gemm-p,lv2:__PARA__L0-1.__PARA__L1-1.__PARA__L2-4.__PARA__L3-10.__PIPE__L0-off.__PIPE__L2-NA.__TILE__L0-1.__TILE__L2-1,target,query,query,finetune_dataset,data_172.pt,61570.0,graphgps_lite,1,50,paper_exact_seed1,3.671778440475464,4.088294982910156,0.4165165424346924,0.07000000029802322,0.09000832587480545,0.020008325576782227,0.029999999329447746,0.041319429874420166,0.01131943054497242,0.07000000029802322,0.08020971715450287,0.010209716856479645,0.029999999329447746,0.03366038203239441,0.003660382702946663
07bad97c4d4ae0a5,gemm-p,gemm-p,lv2:__PARA__L0-1.__PARA__L1-2.__PARA__L2-1.__PARA__L3-32.__PIPE__L0-off.__PIPE__L2-off.__TILE__L0-60.__TILE__L2-1,target,query,query,finetune_dataset,data_244.pt,286909.0,graphgps_lite,1,50,paper_exact_seed1,2.561631441116333,2.2995195388793945,0.2621119022369385,0.009999999776482582,-0.009060680866241455,0.019060680642724037,0.0,-0.01992771029472351,0.01992771029472351,0.0,0.023683860898017883,0.023683860898017883,0.05000000074505806,0.015655502676963806,0.034344498068094254
8d6ea6f968b8250b,gemm-p,gemm-p,lv2:__PARA__L0-1.__PARA__L1-5.__PARA__L2-1.__PARA__L3-32.__PIPE__L0-off.__PIPE__L2-off.__TILE__L0-1.__TILE__L2-1,target,query,query,finetune_dataset,data_303.pt,285709.0,graphgps_lite,1,50,paper_exact_seed1,2.56465482711792,2.5411934852600098,0.023461341857910156,0.019999999552965164,0.02590841054916382,0.005908410996198654,0.009999999776482582,-0.006605550646781921,0.016605550423264503,0.0,0.02202281355857849,0.02202281355857849,0.05000000074505806,0.02247832715511322,0.02752167358994484
4ffdfc36bd864ed0,gemm-p,gemm-p,lv2:__PARA__L0-2.__PARA__L1-16.__PARA__L2-10.__PARA__L3-1.__PIPE__L0-off.__PIPE__L2-flatten.__TILE__L0-1.__TILE__L2-8,target,query,query,finetune_dataset,data_362.pt,9691.0,graphgps_lite,1,50,paper_exact_seed1,5.005533218383789,4.699185371398926,0.3063478469848633,0.23000000417232513,0.2203609198331833,0.009639084339141846,0.1599999964237213,0.11045744270086288,0.04954255372285843,0.2199999988079071,0.14272654056549072,0.07727345824241638,0.009999999776482582,0.005605652928352356,0.004394346848130226
fb1114b6b71fa02e,gemm-p,gemm-p,lv2:__PARA__L0-1.__PARA__L1-1.__PARA__L2-4.__PARA__L3-7.__PIPE__L0-off.__PIPE__L2-off.__TILE__L0-1.__TILE__L2-1,target,query,query,finetune_dataset,data_189.pt,23584.0,graphgps_lite,1,50,paper_exact_seed1,4.363987922668457,3.4150993824005127,0.9488885402679443,0.03999999910593033,0.049901291728019714,0.009901292622089386,0.019999999552965164,0.01639600098133087,0.0036039985716342926,0.05000000074505806,0.06575273722410202,0.01575273647904396,0.029999999329447746,0.030558481812477112,0.0005584824830293655
0c1a4d5cf2e95213,gemm-p,gemm-p,lv2:__PARA__L0-1.__PARA__L1-1.__PARA__L2-2.__PARA__L3-14.__PIPE__L0-off.__PIPE__L2-off.__TILE__L0-1.__TILE__L2-4,target,query,query,finetune_dataset,data_141.pt,244565.0,graphgps_lite,1,50,paper_exact_seed1,2.676819086074829,2.151482582092285,0.525336503982544,0.009999999776482582,0.048176780343055725,0.03817678242921829,0.0,0.01630483567714691,0.01630483567714691,0.0,0.05190490186214447,0.05190490186214447,0.029999999329447746,0.03733944892883301,0.0073394495993852615
8ba7f8ad18fb5a3e,gemm-p,gemm-p,lv2:__PARA__L0-4.__PARA__L1-16.__PARA__L2-10.__PARA__L3-1.__PIPE__L0-NA.__PIPE__L2-flatten.__TILE__L0-1.__TILE__L2-8,target,query,query,finetune_dataset,data_401.pt,10050.0,graphgps_lite,1,50,paper_exact_seed1,4.979294300079346,4.797089576721191,0.1822047233581543,0.23000000417232513,0.22884875535964966,0.001151248812675476,0.1599999964237213,0.10982605814933777,0.050173938274383545,0.2199999988079071,0.1379772424697876,0.0820227563381195,0.009999999776482582,0.002639874815940857,0.007360124960541725
e566ce1ddeb8d42a,gemm-p,gemm-p,lv2:__PARA__L0-30.__PARA__L1-32.__PARA__L2-10.__PARA__L3-1.__PIPE__L0-off.__PIPE__L2-flatten.__TILE__L0-1.__TILE__L2-8,target,query,query,finetune_dataset,data_393.pt,15139.0,graphgps_lite,1,50,paper_exact_seed1,4.683757305145264,4.860317230224609,0.1765599250793457,0.23000000417232513,0.22552654147148132,0.004473462700843811,0.1599999964237213,0.10622201859951019,0.05377797782421112,0.2199999988079071,0.1311103254556656,0.08888967335224152,0.009999999776482582,2.785027027130127e-05,0.00997214950621128
e38805de48eb664e,gemm-p,gemm-p,lv2:__PARA__L0-1.__PARA__L1-16.__PARA__L2-16.__PARA__L3-1.__PIPE__L0-off.__PIPE__L2-flatten.__TILE__L0-60.__TILE__L2-1,target,query,query,finetune_dataset,data_239.pt,10927.0,graphgps_lite,1,50,paper_exact_seed1,4.918943405151367,4.68070125579834,0.23824214935302734,0.3199999928474426,0.23593735694885254,0.08406263589859009,0.23999999463558197,0.15099889039993286,0.08900110423564911,0.36000001430511475,0.20188458263874054,0.1581154316663742,0.009999999776482582,0.006892159581184387,0.003107840195298195
ff4b5bf3f5fd1c66,gemm-p,gemm-p,lv2:__PARA__L0-1.__PARA__L1-1.__PARA__L2-8.__PARA__L3-7.__PIPE__L0-off.__PIPE__L2-off.__TILE__L0-1.__TILE__L2-1,target,query,query,finetune_dataset,data_227.pt,17943.0,graphgps_lite,1,50,paper_exact_seed1,4.561181545257568,3.900712728500366,0.6604688167572021,0.05999999865889549,0.07721760869026184,0.01721761003136635,0.03999999910593033,0.030450642108917236,0.009549356997013092,0.10000000149011612,0.08081342279911041,0.019186578691005707,0.03999999910593033,0.035038888454437256,0.0049611106514930725
b3b01272ccc963fe,gemm-p,gemm-p,lv2:__PARA__L0-1.__PARA__L1-1.__PARA__L2-20.__PARA__L3-5.__PIPE__L0-off.__PIPE__L2-off.__TILE__L0-1.__TILE__L2-1,target,query,query,finetune_dataset,data_166.pt,15844.0,graphgps_lite,1,50,paper_exact_seed1,4.650923728942871,4.466279983520508,0.18464374542236328,0.11999999731779099,0.11713184416294098,0.002868153154850006,0.07999999821186066,0.04056034982204437,0.039439648389816284,0.18000000715255737,0.09456772357225418,0.08543228358030319,0.019999999552965164,0.03469042479991913,0.014690425246953964
dfe2011b7ad3bc7c,gemm-p,gemm-p,lv2:__PARA__L0-20.__PARA__L1-32.__PARA__L2-16.__PARA__L3-1.__PIPE__L0-off.__PIPE__L2-flatten.__TILE__L0-1.__TILE__L2-1,target,query,query,finetune_dataset,data_377.pt,12506.0,graphgps_lite,1,50,paper_exact_seed1,4.821581840515137,5.040921211242676,0.21933937072753906,0.3499999940395355,0.29808205366134644,0.05191794037818909,0.23999999463558197,0.18325215578079224,0.056747838854789734,0.36000001430511475,0.2478783279657364,0.11212168633937836,0.009999999776482582,0.00013925135135650635,0.009860748425126076
4675658dc113ab33,gemm-p,gemm-p,lv2:__PARA__L0-4.__PARA__L1-16.__PARA__L2-16.__PARA__L3-1.__PIPE__L0-NA.__PIPE__L2-flatten.__TILE__L0-1.__TILE__L2-1,target,query,query,finetune_dataset,data_403.pt,9642.0,graphgps_lite,1,50,paper_exact_seed1,5.009190082550049,4.986541748046875,0.022648334503173828,0.3499999940395355,0.29087185859680176,0.059128135442733765,0.23999999463558197,0.1778247356414795,0.06217525899410248,0.36000001430511475,0.22664673626422882,0.13335327804088593,0.009999999776482582,0.0021034926176071167,0.007896507158875465
eb5b77491060db4d,gemm-p,gemm-p,lv2:__PARA__L0-15.__PARA__L1-32.__PARA__L2-10.__PARA__L3-1.__PIPE__L0-NA.__PIPE__L2-flatten.__TILE__L0-4.__TILE__L2-1,target,query,query,finetune_dataset,data_352.pt,12092.0,graphgps_lite,1,50,paper_exact_seed1,4.845865726470947,4.894580841064453,0.04871511459350586,0.23000000417232513,0.28316327929496765,0.05316327512264252,0.1599999964237213,0.16162464022636414,0.0016246438026428223,0.2199999988079071,0.2108413577079773,0.00915864109992981,0.009999999776482582,0.002381742000579834,0.007618257775902748
a3f47dd603d44fac,gemm-p,gemm-p,lv2:__PARA__L0-1.__PARA__L1-1.__PARA__L2-1.__PARA__L3-4.__PIPE__L0-off.__PIPE__L2-off.__TILE__L0-1.__TILE__L2-1,target,query,query,finetune_dataset,data_91.pt,322669.0,graphgps_lite,1,50,paper_exact_seed1,2.476900577545166,2.502075672149658,0.025175094604492188,0.009999999776482582,0.004710942506790161,0.005289057269692421,0.0,-0.016882702708244324,0.016882702708244324,0.0,0.013194158673286438,0.013194158673286438,0.019999999552965164,0.013254821300506592,0.006745178252458572
998f552ce8cd3b0b,gemm-p,gemm-p,lv2:__PARA__L0-1.__PARA__L1-1.__PARA__L2-4.__PARA__L3-14.__PIPE__L0-off.__PIPE__L2-off.__TILE__L0-1.__TILE__L2-4,target,query,query,finetune_dataset,data_179.pt,171065.0,graphgps_lite,1,50,paper_exact_seed1,2.9346559047698975,2.294133424758911,0.6405224800109863,0.019999999552965164,0.03012765944004059,0.010127659887075424,0.009999999776482582,0.02115406095981598,0.011154061183333397,0.009999999776482582,0.008024826645851135,0.001975173130631447,0.03999999910593033,0.033901557326316833,0.006098441779613495
f3c64444640a0076,gemm-p,gemm-p,lv2:__PARA__L0-4.__PARA__L1-32.__PARA__L2-16.__PARA__L3-1.__PIPE__L0-off.__PIPE__L2-flatten.__TILE__L0-1.__TILE__L2-1,target,query,query,finetune_dataset,data_410.pt,9506.0,graphgps_lite,1,50,paper_exact_seed1,5.019436836242676,5.019106864929199,0.0003299713134765625,0.3499999940395355,0.27931246161460876,0.07068753242492676,0.23999999463558197,0.1782592386007309,0.061740756034851074,0.36000001430511475,0.21828556060791016,0.1417144536972046,0.009999999776482582,0.0028713643550872803,0.007128635421395302
e18fbf36085b53ef,gemm-p,gemm-p,lv2:__PARA__L0-30.__PARA__L1-32.__PARA__L2-1.__PARA__L3-1.__PIPE__L0-NA.__PIPE__L2-flatten.__TILE__L0-1.__TILE__L2-80,target,query,query,finetune_dataset,data_387.pt,55939.0,graphgps_lite,1,50,paper_exact_seed1,3.740964889526367,4.086093902587891,0.34512901306152344,0.05999999865889549,0.0954943373799324,0.03549433872103691,0.019999999552965164,0.02958044409751892,0.009580444544553757,0.03999999910593033,0.05075576901435852,0.010755769908428192,0.05000000074505806,0.04569545388221741,0.0043045468628406525
4e1d0fbfc97b1b44,gemm-p,gemm-p,lv2:__PARA__L0-1.__PARA__L1-1.__PARA__L2-4.__PARA__L3-1.__PIPE__L0-off.__PIPE__L2-flatten.__TILE__L0-1.__TILE__L2-1,target,query,query,finetune_dataset,data_171.pt,23947.0,graphgps_lite,1,50,paper_exact_seed1,4.352969646453857,4.356795310974121,0.003825664520263672,0.07999999821186066,0.15304215252399445,0.07304215431213379,0.05000000074505806,0.05758281052112579,0.007582809776067734,0.05000000074505806,0.10491503030061722,0.05491502955555916,0.009999999776482582,0.027052953839302063,0.01705295406281948
af9650a8856f962e,gemm-p,gemm-p,lv2:__PARA__L0-10.__PARA__L1-32.__PARA__L2-16.__PARA__L3-1.__PIPE__L0-NA.__PIPE__L2-flatten.__TILE__L0-1.__TILE__L2-1,target,query,query,finetune_dataset,data_337.pt,10603.0,graphgps_lite,1,50,paper_exact_seed1,4.940655708312988,4.989792823791504,0.049137115478515625,0.3499999940395355,0.30258360505104065,0.04741638898849487,0.23999999463558197,0.1862119734287262,0.053788021206855774,0.36000001430511475,0.25471171736717224,0.1052882969379425,0.009999999776482582,0.0016895383596420288,0.008310461416840553
3aae16898050d862,gemm-p,gemm-p,lv2:__PARA__L0-1.__PARA__L1-1.__PARA__L2-5.__PARA__L3-7.__PIPE__L0-off.__PIPE__L2-NA.__TILE__L0-1.__TILE__L2-1,target,query,query,finetune_dataset,data_208.pt,55024.0,graphgps_lite,1,50,paper_exact_seed1,3.752861738204956,4.026900768280029,0.27403903007507324,0.07000000029802322,0.09817522764205933,0.028175227344036102,0.029999999329447746,0.0397752970457077,0.009775297716259956,0.05999999865889549,0.0781172588467598,0.018117260187864304,0.029999999329447746,0.032554738223552704,0.0025547388941049576
8549252cb5d872bf,gemm-p,gemm-p,lv2:__PARA__L0-1.__PARA__L1-1.__PARA__L2-20.__PARA__L3-14.__PIPE__L0-off.__PIPE__L2-off.__TILE__L0-1.__TILE__L2-1,target,query,query,finetune_dataset,data_160.pt,12790.0,graphgps_lite,1,50,paper_exact_seed1,4.805384159088135,3.9464707374572754,0.8589134216308594,0.30000001192092896,0.11103980988264084,0.18896019458770752,0.1899999976158142,0.042628467082977295,0.14737153053283691,0.4699999988079071,0.06778568029403687,0.40221431851387024,0.009999999776482582,0.02736404538154602,0.01736404560506344
6906df091d6d080c,gemm-p,gemm-p,lv2:__PARA__L0-1.__PARA__L1-1.__PARA__L2-20.__PARA__L3-2.__PIPE__L0-off.__PIPE__L2-NA.__TILE__L0-1.__TILE__L2-1,target,query,query,finetune_dataset,data_162.pt,32411.0,graphgps_lite,1,50,paper_exact_seed1,4.134650230407715,4.451576232910156,0.3169260025024414,0.11999999731779099,0.1580626666545868,0.03806266933679581,0.05999999865889549,0.06972457468509674,0.009724576026201248,0.09000000357627869,0.0957236960530281,0.00572369247674942,0.029999999329447746,0.019035473465919495,0.010964525863528252
92aa6f350cc3d58e,gemm-p,gemm-p,lv2:__PARA__L0-3.__PARA__L1-32.__PARA__L2-10.__PARA__L3-1.__PIPE__L0-NA.__PIPE__L2-flatten.__TILE__L0-1.__TILE__L2-8,target,query,query,finetune_dataset,data_382.pt,9717.0,graphgps_lite,1,50,paper_exact_seed1,5.003600597381592,4.764914512634277,0.23868608474731445,0.23000000417232513,0.22006669640541077,0.009933307766914368,0.1599999964237213,0.11047603189945221,0.049523964524269104,0.2199999988079071,0.1402771919965744,0.0797228068113327,0.009999999776482582,0.003296568989753723,0.006703430786728859
396e05dbe851e2f4,gemm-p,gemm-p,lv2:__PARA__L0-1.__PARA__L1-1.__PARA__L2-2.__PARA__L3-14.__PIPE__L0-off.__PIPE__L2-NA.__TILE__L0-1.__TILE__L2-1,target,query,query,finetune_dataset,data_138.pt,108370.0,graphgps_lite,1,50,paper_exact_seed1,3.2639453411102295,3.4226629734039307,0.15871763229370117,0.05000000074505806,0.06095816195011139,0.01095816120505333,0.019999999552965164,0.01706993579864502,0.0029300637543201447,0.05000000074505806,0.019884437322616577,0.030115563422441483,0.029999999329447746,0.02051784098148346,0.009482158347964287
2f9f4901901789d3,gemm-p,gemm-p,lv2:__PARA__L0-1.__PARA__L1-1.__PARA__L2-1.__PARA__L3-10.__PIPE__L0-off.__PIPE__L2-off.__TILE__L0-1.__TILE__L2-1,target,query,query,finetune_dataset,data_80.pt,158833.0,graphgps_lite,1,50,paper_exact_seed1,2.988172769546509,2.6147024631500244,0.3734703063964844,0.019999999552965164,-0.0012602806091308594,0.021260280162096024,0.009999999776482582,-0.010285422205924988,0.02028542198240757,0.019999999552965164,0.007739648222923279,0.012260351330041885,0.029999999329447746,0.0176222026348114,0.012377796694636345
0b03d5f530abb853,gemm-p,gemm-p,lv2:__PARA__L0-1.__PARA__L1-1.__PARA__L2-16.__PARA__L3-7.__PIPE__L0-off.__PIPE__L2-NA.__TILE__L0-1.__TILE__L2-1,target,query,query,finetune_dataset,data_129.pt,33063.0,graphgps_lite,1,50,paper_exact_seed1,4.120283126831055,4.37415885925293,0.253875732421875,0.20000000298023224,0.13878415524959564,0.0612158477306366,0.10000000149011612,0.057912200689315796,0.042087800800800323,0.20000000298023224,0.10550786554813385,0.09449213743209839,0.019999999552965164,0.03241061419248581,0.012410614639520645
64699350cabf9f9b,gemm-p,gemm-p,lv2:__PARA__L0-5.__PARA__L1-32.__PARA__L2-10.__PARA__L3-1.__PIPE__L0-NA.__PIPE__L2-flatten.__TILE__L0-1.__TILE__L2-8,target,query,query,finetune_dataset,data_414.pt,10100.0,graphgps_lite,1,50,paper_exact_seed1,4.975714683532715,4.799324035644531,0.1763906478881836,0.23000000417232513,0.22578421235084534,0.004215791821479797,0.1599999964237213,0.10763487964868546,0.05236511677503586,0.2199999988079071,0.13819605112075806,0.08180394768714905,0.009999999776482582,0.0028678178787231445,0.0071321818977594376
f3d5aea3a08304a4,gemm-p,gemm-p,lv2:__PARA__L0-1.__PARA__L1-5.__PARA__L2-20.__PARA__L3-1.__PIPE__L0-off.__PIPE__L2-flatten.__TILE__L0-1.__TILE__L2-2,target,query,query,finetune_dataset,data_313.pt,64939.0,graphgps_lite,1,50,paper_exact_seed1,3.633349657058716,3.905864953994751,0.27251529693603516,0.2199999988079071,0.16424007713794708,0.05575992166996002,0.019999999552965164,0.06947945058345795,0.04947945103049278,0.03999999910593033,0.11097267270088196,0.07097267359495163,0.009999999776482582,0.011502817273139954,0.0015028174966573715
76de7e5ea6add072,gemm-p,gemm-p,lv2:__PARA__L0-2.__PARA__L1-32.__PARA__L2-10.__PARA__L3-1.__PIPE__L0-off.__PIPE__L2-flatten.__TILE__L0-1.__TILE__L2-8,target,query,query,finetune_dataset,data_368.pt,9563.0,graphgps_lite,1,50,paper_exact_seed1,5.015124320983887,4.752280235290527,0.2628440856933594,0.23000000417232513,0.21394871175289154,0.016051292419433594,0.1599999964237213,0.10803499817848206,0.05196499824523926,0.2199999988079071,0.14123542606830597,0.07876457273960114,0.009999999776482582,0.005228608846664429,0.004771390929818153
a2e2a27a1e612c66,gemm-p,gemm-p,lv2:__PARA__L0-1.__PARA__L1-1.__PARA__L2-4.__PARA__L3-70.__PIPE__L0-off.__PIPE__L2-off.__TILE__L0-1.__TILE__L2-1,target,query,query,finetune_dataset,data_193.pt,23947.0,graphgps_lite,1,50,paper_exact_seed1,4.352969646453857,4.362042427062988,0.00907278060913086,0.07999999821186066,0.100127674639225,0.02012767642736435,0.05000000074505806,0.05520862340927124,0.0052086226642131805,0.05000000074505806,0.08224102109670639,0.03224102035164833,0.009999999776482582,0.027817443013191223,0.01781744323670864
53e5acb3022b9736,gemm-p,gemm-p,lv2:__PARA__L0-1.__PARA__L1-1.__PARA__L2-1.__PARA__L3-32.__PIPE__L0-off.__PIPE__L2-off.__TILE__L0-1.__TILE__L2-1,target,query,query,finetune_dataset,data_90.pt,289009.0,graphgps_lite,1,50,paper_exact_seed1,2.556370973587036,2.5303516387939453,0.02601933479309082,0.009999999776482582,0.011164501309394836,0.0011645015329122543,0.0,-0.006879717111587524,0.006879717111587524,0.0,0.021606743335723877,0.021606743335723877,0.05000000074505806,0.022721514105796814,0.027278486639261246
a1f84ba90c06f0c0,gemm-p,gemm-p,lv2:__PARA__L0-1.__PARA__L1-1.__PARA__L2-20.__PARA__L3-5.__PIPE__L0-off.__PIPE__L2-off.__TILE__L0-1.__TILE__L2-2,target,query,query,finetune_dataset,data_167.pt,270229.0,graphgps_lite,1,50,paper_exact_seed1,2.604836940765381,4.16370964050293,1.5588726997375488,0.029999999329447746,0.08945492655038834,0.05945492535829544,0.019999999552965164,0.027640163898468018,0.007640164345502853,0.029999999329447746,0.08241379261016846,0.05241379141807556,0.019999999552965164,0.02954428642988205,0.009544286876916885
707056a975a8db31,gemm-p,gemm-p,lv2:__PARA__L0-30.__PARA__L1-32.__PARA__L2-16.__PARA__L3-1.__PIPE__L0-NA.__PIPE__L2-flatten.__TILE__L0-1.__TILE__L2-1,target,query,query,finetune_dataset,data_395.pt,14419.0,graphgps_lite,1,50,paper_exact_seed1,4.718906402587891,4.989734649658203,0.2708282470703125,0.3499999940395355,0.28934356570243835,0.06065642833709717,0.23999999463558197,0.1777508556842804,0.062249138951301575,0.36000001430511475,0.23016709089279175,0.129832923412323,0.009999999776482582,0.002888590097427368,0.007111409679055214
af015ab4f15ef7af,gemm-p,gemm-p,lv2:__PARA__L0-1.__PARA__L1-8.__PARA__L2-1.__PARA__L3-32.__PIPE__L0-off.__PIPE__L2-off.__TILE__L0-60.__TILE__L2-1,target,query,query,finetune_dataset,data_330.pt,285829.0,graphgps_lite,1,50,paper_exact_seed1,2.564352035522461,2.345766067504883,0.21858596801757812,0.009999999776482582,0.012344315648078918,0.0023443158715963364,0.0,-0.012358799576759338,0.012358799576759338,0.009999999776482582,0.02277262508869171,0.01277262531220913,0.05000000074505806,0.020156696438789368,0.029843304306268692
c4f908e25d12ee3a,gemm-p,gemm-p,lv2:__PARA__L0-1.__PARA__L1-1.__PARA__L2-2.__PARA__L3-70.__PIPE__L0-off.__PIPE__L2-NA.__TILE__L0-1.__TILE__L2-1,target,query,query,finetune_dataset,data_154.pt,35647.0,graphgps_lite,1,50,paper_exact_seed1,4.066001892089844,4.278316974639893,0.21231508255004883,0.03999999910593033,0.09258776903152466,0.05258776992559433,0.019999999552965164,0.040016159415245056,0.020016159862279892,0.019999999552965164,0.037675634026527405,0.01767563447356224,0.009999999776482582,0.029717549681663513,0.01971754990518093
05c7235b9f5af54f,gemm-p,gemm-p,lv2:__PARA__L0-20.__PARA__L1-32.__PARA__L2-10.__PARA__L3-1.__PIPE__L0-NA.__PIPE__L2-flatten.__TILE__L0-1.__TILE__L2-8,target,query,query,finetune_dataset,data_374.pt,13106.0,graphgps_lite,1,50,paper_exact_seed1,4.787778377532959,4.793623924255371,0.005845546722412109,0.23000000417232513,0.24266104400157928,0.01266103982925415,0.1599999964237213,0.12028476595878601,0.0397152304649353,0.2199999988079071,0.1457228660583496,0.0742771327495575,0.009999999776482582,0.0030879229307174683,0.006912076845765114
ac3cd52a03c5e995,gemm-p,gemm-p,lv2:__PARA__L0-4.__PARA__L1-32.__PARA__L2-1.__PARA__L3-1.__PIPE__L0-NA.__PIPE__L2-flatten.__TILE__L0-1.__TILE__L2-80,target,query,query,finetune_dataset,data_405.pt,33034.0,graphgps_lite,1,50,paper_exact_seed1,4.120916366577148,4.086499214172363,0.034417152404785156,0.05999999865889549,0.09723217040300369,0.0372321717441082,0.019999999552965164,0.031080380082130432,0.011080380529165268,0.03999999910593033,0.0507093220949173,0.010709322988986969,0.05000000074505806,0.04517315328121185,0.004826847463846207
2124445063c91060,gemm-p,gemm-p,lv2:__PARA__L0-2.__PARA__L1-16.__PARA__L2-1.__PARA__L3-1.__PIPE__L0-off.__PIPE__L2-flatten.__TILE__L0-1.__TILE__L2-80,target,query,query,finetune_dataset,data_360.pt,31451.0,graphgps_lite,1,50,paper_exact_seed1,4.156339168548584,4.08388614654541,0.07245302200317383,0.05000000074505806,0.10427679866552353,0.05427679792046547,0.019999999552965164,0.039715006947517395,0.01971500739455223,0.019999999552965164,0.053025975823402405,0.03302597627043724,0.05000000074505806,0.04917342960834503,0.000826571136713028
17306fd64712dda9,gemm-p,gemm-p,lv2:__PARA__L0-1.__PARA__L1-1.__PARA__L2-10.__PARA__L3-2.__PIPE__L0-off.__PIPE__L2-NA.__TILE__L0-1.__TILE__L2-1,target,query,query,finetune_dataset,data_109.pt,47291.0,graphgps_lite,1,50,paper_exact_seed1,3.862109422683716,4.143624305725098,0.28151488304138184,0.05999999865889549,0.11087644100189209,0.0508764423429966,0.029999999329447746,0.04630832374095917,0.01630832441151142,0.05000000074505806,0.06933747977018356,0.019337479025125504,0.009999999776482582,0.01830865442752838,0.0083086546510458
25479773fe5d3dd0,gemm-p,gemm-p,lv2:__PARA__L0-1.__PARA__L1-32.__PARA__L2-16.__PARA__L3-1.__PIPE__L0-off.__PIPE__L2-flatten.__TILE__L0-1.__TILE__L2-1,target,query,query,finetune_dataset,data_283.pt,10807.0,graphgps_lite,1,50,paper_exact_seed1,4.92690896987915,4.589748859405518,0.3371601104736328,0.33000001311302185,0.24077513813972473,0.08922487497329712,0.23999999463558197,0.14597468078136444,0.09402531385421753,0.36000001430511475,0.19334393739700317,0.16665607690811157,0.009999999776482582,0.008071169257164001,0.0019288305193185806
478e73a6a5922a99,gemm-p,gemm-p,lv2:__PARA__L0-1.__PARA__L1-1.__PARA__L2-2.__PARA__L3-7.__PIPE__L0-off.__PIPE__L2-off.__TILE__L0-1.__TILE__L2-4,target,query,query,finetune_dataset,data_153.pt,451979.0,graphgps_lite,1,50,paper_exact_seed1,2.233800172805786,1.8846638202667236,0.3491363525390625,0.009999999776482582,0.029232382774353027,0.019232382997870445,0.0,0.010141134262084961,0.010141134262084961,0.0,0.040226519107818604,0.040226519107818604,0.019999999552965164,0.03729963302612305,0.017299633473157883
4cb8540298f01fe7,gemm-p,gemm-p,lv2:__PARA__L0-1.__PARA__L1-1.__PARA__L2-8.__PARA__L3-2.__PIPE__L0-off.__PIPE__L2-off.__TILE__L0-1.__TILE__L2-1,target,query,query,finetune_dataset,data_221.pt,30911.0,graphgps_lite,1,50,paper_exact_seed1,4.168831825256348,3.5618748664855957,0.606956958770752,0.03999999910593033,0.024868160486221313,0.015131838619709015,0.019999999552965164,-0.0014093518257141113,0.021409351378679276,0.03999999910593033,0.018460556864738464,0.021539442241191864,0.019999999552965164,0.015296846628189087,0.004703152924776077
f61c333ba135e89b,gemm-p,gemm-p,lv2:__PARA__L0-1.__PARA__L1-1.__PARA__L2-20.__PARA__L3-7.__PIPE__L0-off.__PIPE__L2-NA.__TILE__L0-1.__TILE__L2-1,target,query,query,finetune_dataset,data_168.pt,30183.0,graphgps_lite,1,50,paper_exact_seed1,4.186024188995361,4.376665115356445,0.19064092636108398,0.25,0.1475234478712082,0.10247655212879181,0.11999999731779099,0.06095065176486969,0.059049345552921295,0.25,0.10686706006526947,0.14313293993473053,0.019999999552965164,0.03183121979236603,0.011831220239400864
0b193c22526f7267,gemm-p,gemm-p,lv2:__PARA__L0-1.__PARA__L1-32.__PARA__L2-16.__PARA__L3-1.__PIPE__L0-NA.__PIPE__L2-flatten.__TILE__L0-4.__TILE__L2-1,target,query,query,finetune_dataset,data_282.pt,9506.0,graphgps_lite,1,50,paper_exact_seed1,5.019436836242676,4.294365882873535,0.7250709533691406,0.3499999940395355,0.23820601403713226,0.11179398000240326,0.23999999463558197,0.14391180872917175,0.09608818590641022,0.36000001430511475,0.18397146463394165,0.1760285496711731,0.009999999776482582,0.017446085810661316,0.007446086034178734
98ea5a80877f836a,gemm-p,gemm-p,lv2:__PARA__L0-1.__PARA__L1-5.__PARA__L2-8.__PARA__L3-1.__PIPE__L0-off.__PIPE__L2-flatten.__TILE__L0-1.__TILE__L2-4,target,query,query,finetune_dataset,data_323.pt,88819.0,graphgps_lite,1,50,paper_exact_seed1,3.4074580669403076,3.671715497970581,0.26425743103027344,0.44999998807907104,0.12399814277887344,0.3260018527507782,0.10999999940395355,0.04746332764625549,0.06253667175769806,0.09000000357627869,0.08127854764461517,0.008721455931663513,0.019999999552965164,0.013219550251960754,0.00678044930100441
0d68a0f6765ebd93,gemm-p,gemm-p,lv2:__PARA__L0-1.__PARA__L1-4.__PARA__L2-4.__PARA__L3-1.__PIPE__L0-off.__PIPE__L2-flatten.__TILE__L0-1.__TILE__L2-1,target,query,query,finetune_dataset,data_296.pt,21187.0,graphgps_lite,1,50,paper_exact_seed1,4.441302299499512,4.302002906799316,0.1392993927001953,0.07999999821186066,0.14692723751068115,0.0669272392988205,0.05000000074505806,0.07496745884418488,0.024967458099126816,0.05000000074505806,0.09403623640537262,0.04403623566031456,0.009999999776482582,0.029111042618751526,0.019111042842268944
2b251a0cc9266ecf,gemm-p,gemm-p,lv2:__PARA__L0-1.__PARA__L1-1.__PARA__L2-16.__PARA__L3-7.__PIPE__L0-off.__PIPE__L2-off.__TILE__L0-1.__TILE__L2-1,target,query,query,finetune_dataset,data_130.pt,15723.0,graphgps_lite,1,50,paper_exact_seed1,4.656454086303711,4.201905250549316,0.45454883575439453,0.12999999523162842,0.09947744011878967,0.030522555112838745,0.07999999821186066,0.03911870718002319,0.04088129103183746,0.20000000298023224,0.08476085215806961,0.11523915082216263,0.019999999552965164,0.03446495532989502,0.014464955776929855
cd69b23a624a35b1,gemm-p,gemm-p,lv2:__PARA__L0-2.__PARA__L1-16.__PARA__L2-10.__PARA__L3-1.__PIPE__L0-NA.__PIPE__L2-flatten.__TILE__L0-1.__TILE__L2-8,target,query,query,finetune_dataset,data_361.pt,9691.0,graphgps_lite,1,50,paper_exact_seed1,5.005533218383789,4.635876178741455,0.369657039642334,0.23000000417232513,0.21814584732055664,0.011854156851768494,0.1599999964237213,0.1021612137556076,0.05783878266811371,0.2199999988079071,0.1325223743915558,0.08747762441635132,0.009999999776482582,0.004917755722999573,0.005082244053483009
9dac01514ca28d78,gemm-p,gemm-p,lv2:__PARA__L0-1.__PARA__L1-32.__PARA__L2-1.__PARA__L3-1.__PIPE__L0-off.__PIPE__L2-flatten.__TILE__L0-60.__TILE__L2-1,target,query,query,finetune_dataset,data_271.pt,31567.0,graphgps_lite,1,50,paper_exact_seed1,4.153683662414551,4.236265182495117,0.0825815200805664,0.029999999329447746,0.10465752333402634,0.07465752214193344,0.019999999552965164,0.044580116868019104,0.02458011731505394,0.03999999910593033,0.07617954164743423,0.036179542541503906,0.05000000074505806,0.047581687569618225,0.0024183131754398346
ec749d53357fb316,gemm-p,gemm-p,lv2:__PARA__L0-1.__PARA__L1-8.__PARA__L2-1.__PARA__L3-32.__PIPE__L0-off.__PIPE__L2-off.__TILE__L0-1.__TILE__L2-1,target,query,query,finetune_dataset,data_328.pt,285829.0,graphgps_lite,1,50,paper_exact_seed1,2.564352035522461,2.554417610168457,0.009934425354003906,0.009999999776482582,0.03231765329837799,0.02231765352189541,0.0,-0.001978650689125061,0.001978650689125061,0.009999999776482582,0.024928763508796692,0.01492876373231411,0.05000000074505806,0.022883407771587372,0.027116592973470688
460c2d93e3d2665f,gemm-p,gemm-p,lv2:__PARA__L0-1.__PARA__L1-1.__PARA__L2-8.__PARA__L3-7.__PIPE__L0-off.__PIPE__L2-NA.__TILE__L0-1.__TILE__L2-1,target,query,query,finetune_dataset,data_226.pt,43863.0,graphgps_lite,1,50,paper_exact_seed1,3.9163899421691895,4.238340377807617,0.32195043563842773,0.10999999940395355,0.11670470237731934,0.006704702973365784,0.05000000074505806,0.04568740725517273,0.00431259348988533,0.10000000149011612,0.0937127098441124,0.006287291646003723,0.03999999910593033,0.03404628485441208,0.0059537142515182495
c4635dea60b4abc3,gemm-p,gemm-p,lv2:__PARA__L0-1.__PARA__L1-1.__PARA__L2-2.__PARA__L3-10.__PIPE__L0-off.__PIPE__L2-off.__TILE__L0-1.__TILE__L2-1,target,query,query,finetune_dataset,data_135.pt,86530.0,graphgps_lite,1,50,paper_exact_seed1,3.4262919425964355,3.1360106468200684,0.2902812957763672,0.029999999329447746,0.022215738892555237,0.0077842604368925095,0.019999999552965164,0.0030358582735061646,0.016964141279459,0.029999999329447746,0.03547404706478119,0.005474047735333443,0.019999999552965164,0.01912027597427368,0.0008797235786914825
1e3f23d111e1c4c2,gemm-p,gemm-p,lv2:__PARA__L0-1.__PARA__L1-1.__PARA__L2-5.__PARA__L3-10.__PIPE__L0-off.__PIPE__L2-off.__TILE__L0-1.__TILE__L2-2,target,query,query,finetune_dataset,data_197.pt,281177.0,graphgps_lite,1,50,paper_exact_seed1,2.576188802719116,3.1657936573028564,0.5896048545837402,0.009999999776482582,0.03626461327075958,0.026264613494277,0.009999999776482582,0.018827661871910095,0.008827662095427513,0.009999999776482582,0.050315797328948975,0.04031579941511154,0.029999999329447746,0.0331973135471344,0.003197314217686653
0316df0ba1e1469b,gemm-p,gemm-p,lv2:__PARA__L0-1.__PARA__L1-1.__PARA__L2-4.__PARA__L3-2.__PIPE__L0-off.__PIPE__L2-off.__TILE__L0-1.__TILE__L2-1,target,query,query,finetune_dataset,data_181.pt,51551.0,graphgps_lite,1,50,paper_exact_seed1,3.799891948699951,2.966573476791382,0.8333184719085693,0.019999999552965164,0.0006375908851623535,0.01936240866780281,0.009999999776482582,-0.022685512900352478,0.03268551081418991,0.019999999552965164,0.0003309696912765503,0.019669029861688614,0.019999999552965164,0.016793087124824524,0.0032069124281406403
f90613c81f2f84b3,gemm-p,gemm-p,lv2:__PARA__L0-1.__PARA__L1-1.__PARA__L2-8.__PARA__L3-7.__PIPE__L0-off.__PIPE__L2-off.__TILE__L0-1.__TILE__L2-2,target,query,query,finetune_dataset,data_228.pt,292908.0,graphgps_lite,1,50,paper_exact_seed1,2.5467042922973633,2.9135148525238037,0.36681056022644043,0.019999999552965164,0.024880900979042053,0.004880901426076889,0.009999999776482582,0.009734228253364563,0.0002657715231180191,0.019999999552965164,0.025607645511627197,0.005607645958662033,0.03999999910593033,0.029995553195476532,0.010004445910453796
f89c7dc4eb22e0f6,gemm-p,gemm-p,lv2:__PARA__L0-1.__PARA__L1-1.__PARA__L2-4.__PARA__L3-5.__PIPE__L0-off.__PIPE__L2-off.__TILE__L0-1.__TILE__L2-4,target,query,query,finetune_dataset,data_187.pt,420660.0,graphgps_lite,1,50,paper_exact_seed1,2.2856006622314453,1.6307673454284668,0.6548333168029785,0.009999999776482582,-0.025475382804870605,0.03547538071870804,0.0,-0.021768763661384583,0.021768763661384583,0.0,-0.03687615692615509,0.03687615692615509,0.029999999329447746,0.02723558247089386,0.0027644168585538864
5c03e66d33359257,gemm-p,gemm-p,lv2:__PARA__L0-10.__PARA__L1-32.__PARA__L2-16.__PARA__L3-1.__PIPE__L0-off.__PIPE__L2-flatten.__TILE__L0-1.__TILE__L2-1,target,query,query,finetune_dataset,data_338.pt,10603.0,graphgps_lite,1,50,paper_exact_seed1,4.940655708312988,5.01119327545166,0.07053756713867188,0.3499999940395355,0.29715436697006226,0.05284562706947327,0.23999999463558197,0.18335320055484772,0.05664679408073425,0.36000001430511475,0.24735485017299652,0.11264516413211823,0.009999999776482582,0.0006347596645355225,0.00936524011194706
62f84aa14a8a3b41,gemm-p,gemm-p,lv2:__PARA__L0-1.__PARA__L1-2.__PARA__L2-10.__PARA__L3-70.__PIPE__L0-off.__PIPE__L2-off.__TILE__L0-1.__TILE__L2-1,target,query,query,finetune_dataset,data_250.pt,12847.0,graphgps_lite,1,50,paper_exact_seed1,4.802176475524902,4.598779678344727,0.20339679718017578,0.20999999344348907,0.1431838870048523,0.06681610643863678,0.15000000596046448,0.08546555042266846,0.06453445553779602,0.2199999988079071,0.1381131410598755,0.08188685774803162,0.009999999776482582,0.023288391530513763,0.013288391754031181
6e5c2cdd9eaec4b2,gemm-p,gemm-p,lv2:__PARA__L0-1.__PARA__L1-2.__PARA__L2-1.__PARA__L3-70.__PIPE__L0-off.__PIPE__L2-off.__TILE__L0-1.__TILE__L2-1,target,query,query,finetune_dataset,data_246.pt,33247.0,graphgps_lite,1,50,paper_exact_seed1,4.1162800788879395,4.226240158081055,0.10996007919311523,0.029999999329447746,0.11064326763153076,0.08064326643943787,0.009999999776482582,0.034066930413246155,0.024066930636763573,0.019999999552965164,0.05473601818084717,0.034736018627882004,0.05000000074505806,0.02143789827823639,0.02856210246682167
9d9b7c90d1bd716b,gemm-p,gemm-p,lv2:__PARA__L0-12.__PARA__L1-32.__PARA__L2-10.__PARA__L3-1.__PIPE__L0-NA.__PIPE__L2-flatten.__TILE__L0-1.__TILE__L2-8,target,query,query,finetune_dataset,data_342.pt,11486.0,graphgps_lite,1,50,paper_exact_seed1,4.882954120635986,4.750833511352539,0.13212060928344727,0.23000000417232513,0.25101345777511597,0.021013453602790833,0.1599999964237213,0.12432248890399933,0.035677507519721985,0.2199999988079071,0.15363886952400208,0.06636112928390503,0.009999999776482582,0.004103139042854309,0.005896860733628273
91bd08a09160f90f,gemm-p,gemm-p,lv2:__PARA__L0-2.__PARA__L1-32.__PARA__L2-1.__PARA__L3-1.__PIPE__L0-off.__PIPE__L2-flatten.__TILE__L0-1.__TILE__L2-80,target,query,query,finetune_dataset,data_366.pt,31323.0,graphgps_lite,1,50,paper_exact_seed1,4.159280776977539,4.11530876159668,0.043972015380859375,0.05999999865889549,0.10247756540775299,0.0424775667488575,0.019999999552965164,0.041531190276145935,0.02153119072318077,0.03999999910593033,0.05164363980293274,0.011643640697002411,0.05000000074505806,0.049513593316078186,0.00048640742897987366
32cf6e43afec35ad,gemm-p,gemm-p,lv2:__PARA__L0-1.__PARA__L1-4.__PARA__L2-1.__PARA__L3-1.__PIPE__L0-off.__PIPE__L2-flatten.__TILE__L0-1.__TILE__L2-80,target,query,query,finetune_dataset,data_288.pt,32587.0,graphgps_lite,1,50,paper_exact_seed1,4.130743980407715,3.767537832260132,0.363206148147583,0.029999999329447746,0.0913253128528595,0.0613253116607666,0.009999999776482582,0.04294304549694061,0.03294304758310318,0.019999999552965164,0.05615052580833435,0.036150526255369186,0.05000000074505806,0.047814711928367615,0.002185288816690445
6a48c75fc069f0a2,gemm-p,gemm-p,lv2:__PARA__L0-1.__PARA__L1-4.__PARA__L2-1.__PARA__L3-32.__PIPE__L0-off.__PIPE__L2-off.__TILE__L0-1.__TILE__L2-80,target,query,query,finetune_dataset,data_290.pt,286369.0,graphgps_lite,1,50,paper_exact_seed1,2.562990427017212,2.3736815452575684,0.18930888175964355,0.009999999776482582,-0.03314219415187836,0.04314219206571579,0.0,-0.0394844114780426,0.0394844114780426,0.0,-0.01247076690196991,0.01247076690196991,0.05000000074505806,0.0057100653648376465,0.04428993538022041
a63bb764dd0bd35e,gemm-p,gemm-p,lv2:__PARA__L0-1.__PARA__L1-2.__PARA__L2-2.__PARA__L3-70.__PIPE__L0-off.__PIPE__L2-NA.__TILE__L0-1.__TILE__L2-1,target,query,query,finetune_dataset,data_255.pt,33547.0,graphgps_lite,1,50,paper_exact_seed1,4.109800338745117,4.3589630126953125,0.2491626739501953,0.03999999910593033,0.09255845099687576,0.052558451890945435,0.019999999552965164,0.037128761410713196,0.01712876185774803,0.019999999552965164,0.034381553530693054,0.01438155397772789,0.009999999776482582,0.02301868051290512,0.013018680736422539
084cdd7b355296ae,gemm-p,gemm-p,lv2:__PARA__L0-1.__PARA__L1-2.__PARA__L2-8.__PARA__L3-1.__PIPE__L0-off.__PIPE__L2-flatten.__TILE__L0-1.__TILE__L2-1,target,query,query,finetune_dataset,data_263.pt,13387.0,graphgps_lite,1,50,paper_exact_seed1,4.772475719451904,4.297858238220215,0.47461748123168945,0.17000000178813934,0.16602247953414917,0.003977522253990173,0.11999999731779099,0.058612242341041565,0.06138775497674942,0.18000000715255737,0.0772736668586731,0.10272634029388428,0.009999999776482582,0.012446105480194092,0.0024461057037115097
be42e71723eea70a,gemm-p,gemm-p,lv2:__PARA__L0-1.__PARA__L1-5.__PARA__L2-5.__PARA__L3-1.__PIPE__L0-off.__PIPE__L2-flatten.__TILE__L0-1.__TILE__L2-4,target,query,query,finetune_dataset,data_320.pt,108017.0,graphgps_lite,1,50,paper_exact_seed1,3.26629900932312,3.5113260746002197,0.2450270652770996,0.25999999046325684,0.19477494060993195,0.06522504985332489,0.07000000029802322,0.11398261785507202,0.0439826175570488,0.10999999940395355,0.12428402900695801,0.014284029603004456,0.009999999776482582,0.024995937943458557,0.014995938166975975
865271fa8abdf68a,gemm-p,gemm-p,lv2:__PARA__L0-4.__PARA__L1-16.__PARA__L2-1.__PARA__L3-1.__PIPE__L0-off.__PIPE__L2-flatten.__TILE__L0-1.__TILE__L2-80,target,query,query,finetune_dataset,data_400.pt,33170.0,graphgps_lite,1,50,paper_exact_seed1,4.117952823638916,4.09768009185791,0.02027273178100586,0.05000000074505806,0.10025566816329956,0.0502556674182415,0.019999999552965164,0.0345483273267746,0.014548327773809433,0.019999999552965164,0.04993531107902527,0.029935311526060104,0.05000000074505806,0.048716798424720764,0.0012832023203372955
42a6116f70ad755b,gemm-p,gemm-p,lv2:__PARA__L0-1.__PARA__L1-32.__PARA__L2-16.__PARA__L3-1.__PIPE__L0-off.__PIPE__L2-flatten.__TILE__L0-2.__TILE__L2-1,target,query,query,finetune_dataset,data_284.pt,9179.0,graphgps_lite,1,50,paper_exact_seed1,5.044687747955322,4.491621494293213,0.5530662536621094,0.3499999940395355,0.24178554117679596,0.10821445286273956,0.23999999463558197,0.14550022780895233,0.09449976682662964,0.36000001430511475,0.19327707588672638,0.16672293841838837,0.009999999776482582,0.012057796120643616,0.0020577963441610336
ad665098768e16a0,gemm-p,gemm-p,lv2:__PARA__L0-30.__PARA__L1-32.__PARA__L2-10.__PARA__L3-1.__PIPE__L0-NA.__PIPE__L2-flatten.__TILE__L0-1.__TILE__L2-8,target,query,query,finetune_dataset,data_391.pt,15139.0,graphgps_lite,1,50,paper_exact_seed1,4.683757305145264,4.801190376281738,0.11743307113647461,0.23000000417232513,0.22902873158454895,0.0009712725877761841,0.1599999964237213,0.11247903108596802,0.047520965337753296,0.2199999988079071,0.13595834374427795,0.08404165506362915,0.009999999776482582,0.0035131722688674927,0.006486827507615089
bad7ae6c318a94cc,gemm-p,gemm-p,lv2:__PARA__L0-4.__PARA__L1-16.__PARA__L2-16.__PARA__L3-1.__PIPE__L0-off.__PIPE__L2-flatten.__TILE__L0-1.__TILE__L2-1,target,query,query,finetune_dataset,data_404.pt,9642.0,graphgps_lite,1,50,paper_exact_seed1,5.009190082550049,4.999285697937012,0.00990438461303711,0.3499999940395355,0.28711408376693726,0.06288591027259827,0.23999999463558197,0.1783810704946518,0.061618924140930176,0.36000001430511475,0.2232067883014679,0.13679322600364685,0.009999999776482582,0.0030112862586975098,0.006988713517785072
7da5b26798a7f840,gemm-p,gemm-p,lv2:__PARA__L0-1.__PARA__L1-1.__PARA__L2-8.__PARA__L3-14.__PIPE__L0-off.__PIPE__L2-off.__TILE__L0-1.__TILE__L2-1,target,query,query,finetune_dataset,data_218.pt,12490.0,graphgps_lite,1,50,paper_exact_seed1,4.822505474090576,4.1414899826049805,0.6810154914855957,0.11999999731779099,0.08516952395439148,0.034830473363399506,0.07000000029802322,0.032757073640823364,0.03724292665719986,0.1899999976158142,0.0796930193901062,0.11030697822570801,0.009999999776482582,0.03539922833442688,0.025399228557944298
ab4496d8f92da597,gemm-p,gemm-p,lv2:__PARA__L0-5.__PARA__L1-32.__PARA__L2-10.__PARA__L3-1.__PIPE__L0-off.__PIPE__L2-flatten.__TILE__L0-1.__TILE__L2-8,target,query,query,finetune_dataset,data_415.pt,10100.0,graphgps_lite,1,50,paper_exact_seed1,4.975714683532715,4.833378791809082,0.1423358917236328,0.23000000417232513,0.22506770491600037,0.004932299256324768,0.1599999964237213,0.10601168125867844,0.05398831516504288,0.2199999988079071,0.1361009031534195,0.08389909565448761,0.009999999776482582,0.0023687034845352173,0.007631296291947365
c9538e7fb963f114,gemm-p,gemm-p,lv2:__PARA__L0-1.__PARA__L1-4.__PARA__L2-1.__PARA__L3-32.__PIPE__L0-off.__PIPE__L2-off.__TILE__L0-1.__TILE__L2-1,target,query,query,finetune_dataset,data_289.pt,286369.0,graphgps_lite,1,50,paper_exact_seed1,2.562990427017212,2.55914568901062,0.003844738006591797,0.009999999776482582,0.02430117130279541,0.014301171526312828,0.0,-0.007537320256233215,0.007537320256233215,0.0,0.020719587802886963,0.020719587802886963,0.05000000074505806,0.022040322422981262,0.027959678322076797
fe18dfcc30bb1c89,gemm-p,gemm-p,lv2:__PARA__L0-1.__PARA__L1-1.__PARA__L2-5.__PARA__L3-2.__PIPE__L0-off.__PIPE__L2-off.__TILE__L0-1.__TILE__L2-2,target,query,query,finetune_dataset,data_203.pt,1255997.0,graphgps_lite,1,50,paper_exact_seed1,1.4965475797653198,2.091684341430664,0.5951367616653442,0.009999999776482582,-0.03304404020309448,0.043044038116931915,0.0,-0.027856752276420593,0.027856752276420593,0.0,-0.02640177309513092,0.02640177309513092,0.019999999552965164,0.01915334165096283,0.0008466579020023346
d3c00616b2de9217,gemm-p,gemm-p,lv2:__PARA__L0-1.__PARA__L1-2.__PARA__L2-1.__PARA__L3-1.__PIPE__L0-off.__PIPE__L2-flatten.__TILE__L0-1.__TILE__L2-80,target,query,query,finetune_dataset,data_241.pt,33247.0,graphgps_lite,1,50,paper_exact_seed1,4.1162800788879395,3.8464205265045166,0.26985955238342285,0.029999999329447746,0.07861647009849548,0.04861646890640259,0.009999999776482582,0.029261469841003418,0.019261470064520836,0.019999999552965164,0.058247484266757965,0.0382474847137928,0.05000000074505806,0.052654534578323364,0.0026545338332653046
fd12076d9b88cbf5,gemm-p,gemm-p,lv2:__PARA__L0-1.__PARA__L1-1.__PARA__L2-2.__PARA__L3-7.__PIPE__L0-off.__PIPE__L2-NA.__TILE__L0-1.__TILE__L2-1,target,query,query,finetune_dataset,data_150.pt,111184.0,graphgps_lite,1,50,paper_exact_seed1,3.2454535961151123,3.2917320728302,0.04627847671508789,0.029999999329447746,0.05669975280761719,0.02669975347816944,0.009999999776482582,0.012472957372665405,0.002472957596182823,0.019999999552965164,0.012162640690803528,0.007837358862161636,0.019999999552965164,0.02050699293613434,0.0005069933831691742
d4240070e73cc342,gemm-p,gemm-p,lv2:__PARA__L0-1.__PARA__L1-1.__PARA__L2-20.__PARA__L3-7.__PIPE__L0-off.__PIPE__L2-off.__TILE__L0-1.__TILE__L2-2,target,query,query,finetune_dataset,data_170.pt,203508.0,graphgps_lite,1,50,paper_exact_seed1,2.809385299682617,4.027667045593262,1.2182817459106445,0.03999999910593033,0.08639159798622131,0.046391598880290985,0.029999999329447746,0.03582058846950531,0.005820589140057564,0.03999999910593033,0.08036962151527405,0.04036962240934372,0.019999999552965164,0.03337957710027695,0.013379577547311783
08c0db4b86809ca1,gemm-p,gemm-p,lv2:__PARA__L0-2.__PARA__L1-32.__PARA__L2-16.__PARA__L3-1.__PIPE__L0-off.__PIPE__L2-flatten.__TILE__L0-1.__TILE__L2-1,target,query,query,finetune_dataset,data_370.pt,9179.0,graphgps_lite,1,50,paper_exact_seed1,5.044687747955322,4.9631242752075195,0.08156347274780273,0.3499999940395355,0.26799994707107544,0.08200004696846008,0.23999999463558197,0.17754323780536652,0.062456756830215454,0.36000001430511475,0.2120508849620819,0.14794912934303284,0.009999999776482582,0.003949880599975586,0.006050119176506996
65905651ddefa93d,gemm-p,gemm-p,lv2:__PARA__L0-1.__PARA__L1-1.__PARA__L2-5.__PARA__L3-1.__PIPE__L0-off.__PIPE__L2-flatten.__TILE__L0-1.__TILE__L2-1,target,query,query,finetune_dataset,data_194.pt,19109.0,graphgps_lite,1,50,paper_exact_seed1,4.515766143798828,4.378867149353027,0.13689899444580078,0.10000000149011612,0.1921890377998352,0.09218903630971909,0.07000000029802322,0.08307701349258423,0.013077013194561005,0.10999999940395355,0.14645454287528992,0.036454543471336365,0.009999999776482582,0.026731908321380615,0.016731908544898033
cdd16cdf46ebaa63,gemm-p,gemm-p,lv2:__PARA__L0-1.__PARA__L1-1.__PARA__L2-2.__PARA__L3-5.__PIPE__L0-off.__PIPE__L2-NA.__TILE__L0-1.__TILE__L2-1,target,query,query,finetune_dataset,data_146.pt,116225.0,graphgps_lite,1,50,paper_exact_seed1,3.213467836380005,3.31996750831604,0.10649967193603516,0.029999999329447746,0.0599793940782547,0.029979394748806953,0.009999999776482582,0.008525460958480835,0.0014745388180017471,0.019999999552965164,0.007405981421470642,0.012594018131494522,0.029999999329447746,0.021219074726104736,0.00878092460334301
0a84efe097d11970,gemm-p,gemm-p,lv2:__PARA__L0-1.__PARA__L1-1.__PARA__L2-5.__PARA__L3-10.__PIPE__L0-off.__PIPE__L2-off.__TILE__L0-1.__TILE__L2-1,target,query,query,finetune_dataset,data_196.pt,17432.0,graphgps_lite,1,50,paper_exact_seed1,4.5820231437683105,3.926239252090454,0.6557838916778564,0.05000000074505806,0.055634453892707825,0.005634453147649765,0.029999999329447746,0.02882806956768036,0.0011719297617673874,0.07999999821186066,0.08116006851196289,0.0011600703001022339,0.029999999329447746,0.03464461863040924,0.0046446193009614944
5d52c78053e9c970,gemm-p,gemm-p,lv2:__PARA__L0-1.__PARA__L1-1.__PARA__L2-16.__PARA__L3-10.__PIPE__L0-off.__PIPE__L2-NA.__TILE__L0-1.__TILE__L2-1,target,query,query,finetune_dataset,data_121.pt,30250.0,graphgps_lite,1,50,paper_exact_seed1,4.18442440032959,4.155196189880371,0.02922821044921875,0.25999999046325684,0.1298302561044693,0.13016973435878754,0.11999999731779099,0.053702130913734436,0.06629786640405655,0.2800000011920929,0.08808507025241852,0.19191493093967438,0.009999999776482582,0.02867567539215088,0.018675675615668297
e5ad409c498d9dac,gemm-p,gemm-p,lv2:__PARA__L0-3.__PARA__L1-16.__PARA__L2-16.__PARA__L3-1.__PIPE__L0-off.__PIPE__L2-flatten.__TILE__L0-1.__TILE__L2-1,target,query,query,finetune_dataset,data_379.pt,9453.0,graphgps_lite,1,50,paper_exact_seed1,5.023469924926758,4.994821548461914,0.02864837646484375,0.3499999940395355,0.284811794757843,0.0651881992816925,0.23999999463558197,0.17952942848205566,0.060470566153526306,0.36000001430511475,0.2222876250743866,0.13771238923072815,0.009999999776482582,0.0036015361547470093,0.006398463621735573
6a4d5dd88f9cbbc8,gemm-p,gemm-p,lv2:__PARA__L0-1.__PARA__L1-1.__PARA__L2-4.__PARA__L3-14.__PIPE__L0-off.__PIPE__L2-off.__TILE__L0-1.__TILE__L2-1,target,query,query,finetune_dataset,data_177.pt,14650.0,graphgps_lite,1,50,paper_exact_seed1,4.707441806793213,4.046255111694336,0.661186695098877,0.05999999865889549,0.04939402639865875,0.01060597226023674,0.03999999910593033,0.026527687907218933,0.013472311198711395,0.09000000357627869,0.08423968404531479,0.005760319530963898,0.03999999910593033,0.031229987740516663,0.008770011365413666
42e8b67f759345f2,gemm-p,gemm-p,lv2:__PARA__L0-1.__PARA__L1-1.__PARA__L2-20.__PARA__L3-10.__PIPE__L0-off.__PIPE__L2-off.__TILE__L0-1.__TILE__L2-1,target,query,query,finetune_dataset,data_157.pt,12850.0,graphgps_lite,1,50,paper_exact_seed1,4.802008152008057,4.031644821166992,0.7703633308410645,0.20999999344348907,0.1050359234213829,0.10496407002210617,0.12999999523162842,0.04311282932758331,0.0868871659040451,0.3400000035762787,0.07473473250865936,0.2652652859687805,0.009999999776482582,0.030793845653533936,0.020793845877051353
5277a20e45320929,gemm-p,gemm-p,lv2:__PARA__L0-12.__PARA__L1-16.__PARA__L2-16.__PARA__L3-1.__PIPE__L0-off.__PIPE__L2-flatten.__TILE__L0-1.__TILE__L2-1,target,query,query,finetune_dataset,data_339.pt,11150.0,graphgps_lite,1,50,paper_exact_seed1,4.904370307922363,4.999922752380371,0.09555244445800781,0.3499999940395355,0.30577218532562256,0.044227808713912964,0.23999999463558197,0.18670599162578583,0.05329400300979614,0.36000001430511475,0.25974270701408386,0.10025730729103088,0.009999999776482582,0.0008222013711929321,0.00917779840528965
4906c8bd40b87d68,gemm-p,gemm-p,lv2:__PARA__L0-1.__PARA__L1-1.__PARA__L2-4.__PARA__L3-2.__PIPE__L0-off.__PIPE__L2-NA.__TILE__L0-1.__TILE__L2-1,target,query,query,finetune_dataset,data_180.pt,91931.0,graphgps_lite,1,50,paper_exact_seed1,3.3826165199279785,3.660842180252075,0.2782256603240967,0.029999999329447746,0.050291046500205994,0.020291047170758247,0.009999999776482582,0.014764532446861267,0.004764532670378685,0.019999999552965164,0.02615007758140564,0.0061500780284404755,0.019999999552965164,0.023028895258903503,0.0030288957059383392
64393da3a136d7fa,gemm-p,gemm-p,lv2:__PARA__L0-5.__PARA__L1-32.__PARA__L2-1.__PARA__L3-1.__PIPE__L0-off.__PIPE__L2-flatten.__TILE__L0-1.__TILE__L2-80,target,query,query,finetune_dataset,data_413.pt,33900.0,graphgps_lite,1,50,paper_exact_seed1,4.102249622344971,4.109997749328613,0.007748126983642578,0.05999999865889549,0.10019519925117493,0.040195200592279434,0.019999999552965164,0.03416070342063904,0.014160703867673874,0.03999999910593033,0.04870276153087616,0.008702762424945831,0.05000000074505806,0.047894030809402466,0.002105969935655594
e25bd84c9a0fa396,gemm-p,gemm-p,lv2:__PARA__L0-1.__PARA__L1-32.__PARA__L2-10.__PARA__L3-1.__PIPE__L0-off.__PIPE__L2-flatten.__TILE__L0-4.__TILE__L2-1,target,query,query,finetune_dataset,data_279.pt,9914.0,graphgps_lite,1,50,paper_exact_seed1,4.98912239074707,4.3359174728393555,0.6532049179077148,0.23000000417232513,0.23002561926841736,2.561509609222412e-05,0.1599999964237213,0.1210760548710823,0.03892394155263901,0.2199999988079071,0.16538888216018677,0.05461111664772034,0.009999999776482582,0.016949042677879333,0.006949042901396751
b20d2bda20f4a7a3,gemm-p,gemm-p,lv2:__PARA__L0-15.__PARA__L1-32.__PARA__L2-10.__PARA__L3-1.__PIPE__L0-NA.__PIPE__L2-flatten.__TILE__L0-1.__TILE__L2-8,target,query,query,finetune_dataset,data_351.pt,12092.0,graphgps_lite,1,50,paper_exact_seed1,4.845865726470947,4.771417617797852,0.0744481086730957,0.23000000417232513,0.249294251203537,0.019294247031211853,0.1599999964237213,0.12353949248790741,0.036460503935813904,0.2199999988079071,0.1511843055486679,0.0688156932592392,0.009999999776482582,0.0036324262619018555,0.006367573514580727
75d6d53935daab05,gemm-p,gemm-p,lv2:__PARA__L0-1.__PARA__L1-1.__PARA__L2-20.__PARA__L3-2.__PIPE__L0-off.__PIPE__L2-off.__TILE__L0-1.__TILE__L2-1,target,query,query,finetune_dataset,data_163.pt,18551.0,graphgps_lite,1,50,paper_exact_seed1,4.537143707275391,4.444400787353516,0.092742919921875,0.07999999821186066,0.11770220845937729,0.03770221024751663,0.05000000074505806,0.03890100121498108,0.01109899953007698,0.10000000149011612,0.08689266443252563,0.013107337057590485,0.029999999329447746,0.01819893717765808,0.011801062151789665
af6cac7f028324ae,gemm-p,gemm-p,lv2:__PARA__L0-1.__PARA__L1-1.__PARA__L2-10.__PARA__L3-5.__PIPE__L0-off.__PIPE__L2-off.__TILE__L0-1.__TILE__L2-1,target,query,query,finetune_dataset,data_113.pt,18784.0,graphgps_lite,1,50,paper_exact_seed1,4.528140068054199,4.096428871154785,0.43171119689941406,0.05999999865889549,0.0834183320403099,0.023418333381414413,0.03999999910593033,0.02489401400089264,0.01510598510503769,0.09000000357627869,0.07656458020210266,0.013435423374176025,0.029999999329447746,0.032198600471019745,0.0021986011415719986
15ff7e63dbf2b0f2,gemm-p,gemm-p,lv2:__PARA__L0-1.__PARA__L1-1.__PARA__L2-8.__PARA__L3-10.__PIPE__L0-off.__PIPE__L2-off.__TILE__L0-1.__TILE__L2-1,target,query,query,finetune_dataset,data_215.pt,13270.0,graphgps_lite,1,50,paper_exact_seed1,4.778808116912842,4.048434257507324,0.7303738594055176,0.07999999821186066,0.07723476737737656,0.0027652308344841003,0.05000000074505806,0.03261326253414154,0.01738673821091652,0.12999999523162842,0.07966787368059158,0.050332121551036835,0.05000000074505806,0.0360562726855278,0.013943728059530258
3f9968a3c39898d5,gemm-p,gemm-p,lv2:__PARA__L0-1.__PARA__L1-16.__PARA__L2-16.__PARA__L3-1.__PIPE__L0-off.__PIPE__L2-flatten.__TILE__L0-1.__TILE__L2-1,target,query,query,finetune_dataset,data_238.pt,10927.0,graphgps_lite,1,50,paper_exact_seed1,4.918943405151367,4.6650238037109375,0.2539196014404297,0.3199999928474426,0.26494520902633667,0.05505478382110596,0.23999999463558197,0.16018114984035492,0.07981884479522705,0.36000001430511475,0.22011759877204895,0.1398824155330658,0.009999999776482582,0.005491688847541809,0.004508310928940773
076e9cc6b7221822,gemm-p,gemm-p,lv2:__PARA__L0-1.__PARA__L1-4.__PARA__L2-10.__PARA__L3-1.__PIPE__L0-off.__PIPE__L2-flatten.__TILE__L0-1.__TILE__L2-8,target,query,query,finetune_dataset,data_293.pt,12187.0,graphgps_lite,1,50,paper_exact_seed1,4.8402204513549805,3.670513391494751,1.1697070598602295,0.20999999344348907,0.11100790649652481,0.09899208694696426,0.15000000596046448,0.03632812201976776,0.11367188394069672,0.2199999988079071,0.06928141415119171,0.1507185846567154,0.009999999776482582,0.013330429792404175,0.0033304300159215927
b4f843d9b6dad29f,gemm-p,gemm-p,lv2:__PARA__L0-1.__PARA__L1-70.__PARA__L2-1.__PARA__L3-32.__PIPE__L0-off.__PIPE__L2-off.__TILE__L0-60.__TILE__L2-1,target,query,query,finetune_dataset,data_327.pt,251089.0,graphgps_lite,1,50,paper_exact_seed1,2.6578285694122314,2.5416369438171387,0.11619162559509277,0.029999999329447746,0.02755841612815857,0.002441583201289177,0.019999999552965164,-0.0008302479982376099,0.020830247551202774,0.07999999821186066,0.0347738116979599,0.04522618651390076,0.03999999910593033,0.023731306195259094,0.016268692910671234
e6fc07ef29cf871c,gemm-p,gemm-p,lv2:__PARA__L0-1.__PARA__L1-32.__PARA__L2-10.__PARA__L3-1.__PIPE__L0-off.__PIPE__L2-flatten.__TILE__L0-2.__TILE__L2-1,target,query,query,finetune_dataset,data_278.pt,9563.0,graphgps_lite,1,50,paper_exact_seed1,5.015124320983887,4.437229156494141,0.5778951644897461,0.23000000417232513,0.22625945508480072,0.003740549087524414,0.1599999964237213,0.11889305710792542,0.0411069393157959,0.2199999988079071,0.16525237262248993,0.054747626185417175,0.009999999776482582,0.01187509298324585,0.0018750932067632675
2d6b4dc1bf7b484f,gemm-p,gemm-p,lv2:__PARA__L0-20.__PARA__L1-32.__PARA__L2-10.__PARA__L3-1.__PIPE__L0-off.__PIPE__L2-flatten.__TILE__L0-1.__TILE__L2-8,target,query,query,finetune_dataset,data_375.pt,13106.0,graphgps_lite,1,50,paper_exact_seed1,4.787778377532959,4.847890853881836,0.06011247634887695,0.23000000417232513,0.2340695858001709,0.004069581627845764,0.1599999964237213,0.11160123348236084,0.048398762941360474,0.2199999988079071,0.13605427742004395,0.08394572138786316,0.009999999776482582,-2.1830201148986816e-05,0.010021829977631569
638eade1c299f75a,gemm-p,gemm-p,lv2:__PARA__L0-1.__PARA__L1-1.__PARA__L2-1.__PARA__L3-7.__PIPE__L0-off.__PIPE__L2-off.__TILE__L0-1.__TILE__L2-4,target,query,query,finetune_dataset,data_97.pt,466908.0,graphgps_lite,1,50,paper_exact_seed1,2.2103588581085205,2.0790090560913086,0.13134980201721191,0.009999999776482582,0.037113919854164124,0.02711392007768154,0.0,0.0029599666595458984,0.0029599666595458984,0.0,0.024501338601112366,0.024501338601112366,0.019999999552965164,0.0337878093123436,0.013787809759378433
6974af566d331d1d,gemm-p,gemm-p,lv2:__PARA__L0-1.__PARA__L1-1.__PARA__L2-16.__PARA__L3-10.__PIPE__L0-off.__PIPE__L2-off.__TILE__L0-1.__TILE__L2-1,target,query,query,finetune_dataset,data_122.pt,12850.0,graphgps_lite,1,50,paper_exact_seed1,4.802008152008057,4.015157699584961,0.7868504524230957,0.17000000178813934,0.09762733429670334,0.072372667491436,0.10999999940395355,0.04042352735996246,0.06957647204399109,0.27000001072883606,0.07340389490127563,0.19659611582756042,0.009999999776482582,0.03110586106777191,0.02110586129128933
4567c48bf3971940,gemm-p,gemm-p,lv2:__PARA__L0-1.__PARA__L1-1.__PARA__L2-4.__PARA__L3-14.__PIPE__L0-off.__PIPE__L2-off.__TILE__L0-1.__TILE__L2-2,target,query,query,finetune_dataset,data_178.pt,232565.0,graphgps_lite,1,50,paper_exact_seed1,2.713111162185669,3.4461467266082764,0.7330355644226074,0.019999999552965164,0.03643682599067688,0.016436826437711716,0.009999999776482582,0.020148664712905884,0.010148664936423302,0.009999999776482582,0.06406640261411667,0.054066404700279236,0.03999999910593033,0.032121606171131134,0.007878392934799194
9388d9bcc8c3974d,gemm-p,gemm-p,lv2:__PARA__L0-1.__PARA__L1-1.__PARA__L2-5.__PARA__L3-5.__PIPE__L0-off.__PIPE__L2-off.__TILE__L0-1.__TILE__L2-2,target,query,query,finetune_dataset,data_207.pt,520550.0,graphgps_lite,1,50,paper_exact_seed1,2.1319096088409424,2.279350519180298,0.14744091033935547,0.009999999776482582,-0.007162943482398987,0.01716294325888157,0.0,-0.01666395366191864,0.01666395366191864,0.0,-0.013987690210342407,0.013987690210342407,0.029999999329447746,0.028600864112377167,0.0013991352170705795
2a2487306f73b128,gemm-p,gemm-p,lv2:__PARA__L0-1.__PARA__L1-2.__PARA__L2-1.__PARA__L3-70.__PIPE__L0-off.__PIPE__L2-NA.__TILE__L0-1.__TILE__L2-1,target,query,query,finetune_dataset,data_245.pt,32530.0,graphgps_lite,1,50,paper_exact_seed1,4.132006645202637,4.3097333908081055,0.17772674560546875,0.019999999552965164,0.1005152091383934,0.08051520586013794,0.009999999776482582,0.04569964110851288,0.035699643194675446,0.019999999552965164,0.04016423225402832,0.020164232701063156,0.05000000074505806,0.03185772895812988,0.018142271786928177
0a16eeda82a64909,gemm-p,gemm-p,lv2:__PARA__L0-1.__PARA__L1-5.__PARA__L2-5.__PARA__L3-1.__PIPE__L0-off.__PIPE__L2-flatten.__TILE__L0-1.__TILE__L2-2,target,query,query,finetune_dataset,data_319.pt,187217.0,graphgps_lite,1,50,paper_exact_seed1,2.869572401046753,3.968493700027466,1.098921298980713,0.25999999046325684,0.19923000037670135,0.06076999008655548,0.07000000029802322,0.11602156609296799,0.04602156579494476,0.10999999940395355,0.13987331092357635,0.029873311519622803,0.009999999776482582,0.02509487420320511,0.015094874426722527
6ab4a7f5f4fc966d,gemm-p,gemm-p,lv2:__PARA__L0-1.__PARA__L1-32.__PARA__L2-10.__PARA__L3-1.__PIPE__L0-NA.__PIPE__L2-flatten.__TILE__L0-2.__TILE__L2-1,target,query,query,finetune_dataset,data_275.pt,9563.0,graphgps_lite,1,50,paper_exact_seed1,5.015124320983887,4.395656585693359,0.6194677352905273,0.23000000417232513,0.21624726057052612,0.013752743601799011,0.1599999964237213,0.11078059673309326,0.04921939969062805,0.2199999988079071,0.15196630358695984,0.06803369522094727,0.009999999776482582,0.011372491717338562,0.00137249194085598
82da06d1f16f28a6,gemm-p,gemm-p,lv2:__PARA__L0-20.__PARA__L1-16.__PARA__L2-16.__PARA__L3-1.__PIPE__L0-off.__PIPE__L2-flatten.__TILE__L0-1.__TILE__L2-1,target,query,query,finetune_dataset,data_371.pt,12706.0,graphgps_lite,1,50,paper_exact_seed1,4.8101372718811035,5.025198936462402,0.21506166458129883,0.3499999940395355,0.30445557832717896,0.04554441571235657,0.23999999463558197,0.18572098016738892,0.054279014468193054,0.36000001430511475,0.25657346844673157,0.10342654585838318,0.009999999776482582,0.00042916834354400635,0.009570831432938576
ca65b2dddf05a722,gemm-p,gemm-p,lv2:__PARA__L0-1.__PARA__L1-2.__PARA__L2-1.__PARA__L3-32.__PIPE__L0-off.__PIPE__L2-off.__TILE__L0-1.__TILE__L2-80,target,query,query,finetune_dataset,data_243.pt,286909.0,graphgps_lite,1,50,paper_exact_seed1,2.561631441116333,2.4611568450927734,0.10047459602355957,0.009999999776482582,-0.02160172164440155,0.03160171955823898,0.0,-0.03181825578212738,0.03181825578212738,0.0,-0.001419559121131897,0.001419559121131897,0.05000000074505806,0.00506165623664856,0.0449383445084095
4f074dc2b0bf150a,gemm-p,gemm-p,lv2:__PARA__L0-1.__PARA__L1-4.__PARA__L2-8.__PARA__L3-1.__PIPE__L0-off.__PIPE__L2-flatten.__TILE__L0-1.__TILE__L2-1,target,query,query,finetune_dataset,data_298.pt,12727.0,graphgps_lite,1,50,paper_exact_seed1,4.808946132659912,4.001926422119141,0.8070197105407715,0.17000000178813934,0.15544670820236206,0.014553293585777283,0.11999999731779099,0.06039644777774811,0.05960354954004288,0.18000000715255737,0.08229321986436844,0.09770678728818893,0.009999999776482582,0.014173522591590881,0.004173522815108299
a7caa4bbaf5392a3,gemm-p,gemm-p,lv2:__PARA__L0-1.__PARA__L1-1.__PARA__L2-2.__PARA__L3-2.__PIPE__L0-off.__PIPE__L2-off.__TILE__L0-1.__TILE__L2-1,target,query,query,finetune_dataset,data_143.pt,154571.0,graphgps_lite,1,50,paper_exact_seed1,3.0077931880950928,2.767836809158325,0.23995637893676758,0.019999999552965164,0.01570357382297516,0.0042964257299900055,0.0,-0.012944146990776062,0.012944146990776062,0.0,0.042190179228782654,0.042190179228782654,0.009999999776482582,0.010368749499320984,0.0003687497228384018
348e20daf4443275,gemm-p,gemm-p,lv2:__PARA__L0-1.__PARA__L1-1.__PARA__L2-10.__PARA__L3-70.__PIPE__L0-off.__PIPE__L2-NA.__TILE__L0-1.__TILE__L2-1,target,query,query,finetune_dataset,data_118.pt,14947.0,graphgps_lite,1,50,paper_exact_seed1,4.69296407699585,4.508394718170166,0.1845693588256836,0.20999999344348907,0.13822659850120544,0.07177339494228363,0.15000000596046448,0.11279328912496567,0.03720671683549881,0.2199999988079071,0.1359637975692749,0.0840362012386322,0.009999999776482582,0.03658296912908554,0.02658296935260296
ef36d8bab41db1c1,gemm-p,gemm-p,lv2:__PARA__L0-1.__PARA__L1-1.__PARA__L2-10.__PARA__L3-7.__PIPE__L0-off.__PIPE__L2-off.__TILE__L0-1.__TILE__L2-1,target,query,query,finetune_dataset,data_116.pt,16743.0,graphgps_lite,1,50,paper_exact_seed1,4.61111307144165,4.094216346740723,0.5168967247009277,0.07999999821186066,0.08359503000974655,0.0035950317978858948,0.05000000074505806,0.03331176936626434,0.016688231378793716,0.11999999731779099,0.08430387824773788,0.0356961190700531,0.03999999910593033,0.035684965550899506,0.004315033555030823
2ccc724e5fad3084,gemm-p,gemm-p,lv2:__PARA__L0-1.__PARA__L1-1.__PARA__L2-16.__PARA__L3-14.__PIPE__L0-off.__PIPE__L2-NA.__TILE__L0-1.__TILE__L2-1,target,query,query,finetune_dataset,data_123.pt,30250.0,graphgps_lite,1,50,paper_exact_seed1,4.18442440032959,4.030234336853027,0.1541900634765625,0.3400000035762787,0.1320621222257614,0.20793788135051727,0.1599999964237213,0.05153505504131317,0.10846494138240814,0.3799999952316284,0.07820413261651993,0.3017958700656891,0.009999999776482582,0.02486993372440338,0.0148699339479208
a041a0b04cb7eb40,gemm-p,gemm-p,lv2:__PARA__L0-1.__PARA__L1-4.__PARA__L2-1.__PARA__L3-1.__PIPE__L0-off.__PIPE__L2-flatten.__TILE__L0-1.__TILE__L2-1,target,query,query,finetune_dataset,data_287.pt,32587.0,graphgps_lite,1,50,paper_exact_seed1,4.130743980407715,4.033304214477539,0.09743976593017578,0.029999999329447746,0.07360978424549103,0.04360978305339813,0.009999999776482582,0.022886738181114197,0.012886738404631615,0.019999999552965164,0.03643573820590973,0.016435738652944565,0.05000000074505806,0.04771879315376282,0.0022812075912952423
8c261c5ac5cee4ce,gemm-p,gemm-p,lv2:__PARA__L0-30.__PARA__L1-32.__PARA__L2-1.__PARA__L3-1.__PIPE__L0-off.__PIPE__L2-flatten.__TILE__L0-1.__TILE__L2-80,target,query,query,finetune_dataset,data_389.pt,55939.0,graphgps_lite,1,50,paper_exact_seed1,3.740964889526367,4.1054487228393555,0.3644838333129883,0.05999999865889549,0.09662766009569168,0.03662766143679619,0.019999999552965164,0.029490038752555847,0.009490039199590683,0.03999999910593033,0.05045081675052643,0.0104508176445961,0.05000000074505806,0.04552781581878662,0.004472184926271439
0b9da6616fcec98b,gemm-p,gemm-p,lv2:__PARA__L0-6.__PARA__L1-16.__PARA__L2-16.__PARA__L3-1.__PIPE__L0-off.__PIPE__L2-flatten.__TILE__L0-1.__TILE__L2-1,target,query,query,finetune_dataset,data_418.pt,10004.0,graphgps_lite,1,50,paper_exact_seed1,4.982603549957275,4.989473342895508,0.006869792938232422,0.3499999940395355,0.2926470935344696,0.05735290050506592,0.23999999463558197,0.17942401766777039,0.060575976967811584,0.36000001430511475,0.23305244743824005,0.1269475668668747,0.009999999776482582,0.0018554478883743286,0.008144551888108253
cd3cdb259f07b3fb,gemm-p,gemm-p,lv2:__PARA__L0-1.__PARA__L1-32.__PARA__L2-1.__PARA__L3-32.__PIPE__L0-off.__PIPE__L2-off.__TILE__L0-1.__TILE__L2-80,target,query,query,finetune_dataset,data_273.pt,285469.0,graphgps_lite,1,50,paper_exact_seed1,2.565261125564575,2.372163772583008,0.19309735298156738,0.009999999776482582,-0.028092101216316223,0.038092099130153656,0.009999999776482582,-0.03404395282268524,0.044043950736522675,0.029999999329447746,-0.0337454229593277,0.0637454241514206,0.05000000074505806,0.005777403712272644,0.044222597032785416
0742731e2639c567,gemm-p,gemm-p,lv2:__PARA__L0-1.__PARA__L1-5.__PARA__L2-8.__PARA__L3-1.__PIPE__L0-off.__PIPE__L2-flatten.__TILE__L0-1.__TILE__L2-2,target,query,query,finetune_dataset,data_322.pt,122715.0,graphgps_lite,1,50,paper_exact_seed1,3.174272298812866,3.8203537464141846,0.6460814476013184,0.3199999928474426,0.14489677548408508,0.17510321736335754,0.11999999731779099,0.05770398676395416,0.06229601055383682,0.18000000715255737,0.08848121762275696,0.09151878952980042,0.009999999776482582,0.012966901063919067,0.0029669012874364853
7d58e379a85d0088,gemm-p,gemm-p,lv2:__PARA__L0-1.__PARA__L1-5.__PARA__L2-1.__PARA__L3-1.__PIPE__L0-off.__PIPE__L2-flatten.__TILE__L0-1.__TILE__L2-8,target,query,query,finetune_dataset,data_302.pt,231615.0,graphgps_lite,1,50,paper_exact_seed1,2.7160637378692627,2.0339956283569336,0.6820681095123291,0.1899999976158142,0.14390087127685547,0.04609912633895874,0.019999999552965164,0.061643242835998535,0.04164324328303337,0.019999999552965164,0.05196474492549896,0.0319647453725338,0.03999999910593033,0.04107377678155899,0.0010737776756286621
bd8a558d1e7455ea,gemm-p,gemm-p,lv2:__PARA__L0-1.__PARA__L1-1.__PARA__L2-10.__PARA__L3-10.__PIPE__L0-off.__PIPE__L2-NA.__TILE__L0-1.__TILE__L2-1,target,query,query,finetune_dataset,data_103.pt,35890.0,graphgps_lite,1,50,paper_exact_seed1,4.061100959777832,4.251216888427734,0.19011592864990234,0.17000000178813934,0.11982449889183044,0.0501755028963089,0.07999999821186066,0.048580899834632874,0.03141909837722778,0.18000000715255737,0.09366124123334885,0.08633876591920853,0.009999999776482582,0.032347552478313446,0.022347552701830864
dfa5e5c5212bb1b3,gemm-p,gemm-p,lv2:__PARA__L0-1.__PARA__L1-8.__PARA__L2-1.__PARA__L3-32.__PIPE__L0-off.__PIPE__L2-off.__TILE__L0-1.__TILE__L2-80,target,query,query,finetune_dataset,data_329.pt,285829.0,graphgps_lite,1,50,paper_exact_seed1,2.564352035522461,2.33880615234375,0.22554588317871094,0.009999999776482582,-0.03176404535770416,0.041764043271541595,0.0,-0.036697447299957275,0.036697447299957275,0.009999999776482582,-0.023820623755455017,0.03382062166929245,0.05000000074505806,0.005576670169830322,0.04442333057522774
8bd570148980646e,gemm-p,gemm-p,lv2:__PARA__L0-1.__PARA__L1-1.__PARA__L2-4.__PARA__L3-10.__PIPE__L0-off.__PIPE__L2-off.__TILE__L0-1.__TILE__L2-4,target,query,query,finetune_dataset,data_175.pt,225905.0,graphgps_lite,1,50,paper_exact_seed1,2.734070062637329,2.0238351821899414,0.7102348804473877,0.009999999776482582,0.017720818519592285,0.007720818743109703,0.0,0.01621060073375702,0.01621060073375702,0.009999999776482582,-0.01222170889377594,0.022221708670258522,0.029999999329447746,0.03173871338367462,0.0017387140542268753
eb5fb655dff9860c,gemm-p,gemm-p,lv2:__PARA__L0-1.__PARA__L1-10.__PARA__L2-1.__PARA__L3-32.__PIPE__L0-off.__PIPE__L2-off.__TILE__L0-1.__TILE__L2-1,target,query,query,finetune_dataset,data_231.pt,285289.0,graphgps_lite,1,50,paper_exact_seed1,2.565716028213501,2.593867778778076,0.028151750564575195,0.019999999552965164,0.036673471331596375,0.01667347177863121,0.009999999776482582,0.00045561790466308594,0.009544381871819496,0.009999999776482582,0.025337323546409607,0.015337323769927025,0.05000000074505806,0.022791847586631775,0.027208153158426285
8d04f549a37ccd8a,gemm-p,gemm-p,lv2:__PARA__L0-1.__PARA__L1-1.__PARA__L2-1.__PARA__L3-2.__PIPE__L0-off.__PIPE__L2-off.__TILE__L0-1.__TILE__L2-1,target,query,query,finetune_dataset,data_87.pt,293231.0,graphgps_lite,1,50,paper_exact_seed1,2.5459091663360596,2.4377095699310303,0.1081995964050293,0.0,0.007724732160568237,0.007724732160568237,0.0,-0.01587371528148651,0.01587371528148651,0.0,0.03627319633960724,0.03627319633960724,0.009999999776482582,0.009283587336540222,0.0007164124399423599
97792d362ea2c725,gemm-p,gemm-p,lv2:__PARA__L0-1.__PARA__L1-32.__PARA__L2-1.__PARA__L3-32.__PIPE__L0-off.__PIPE__L2-off.__TILE__L0-60.__TILE__L2-1,target,query,query,finetune_dataset,data_274.pt,285469.0,graphgps_lite,1,50,paper_exact_seed1,2.565261125564575,2.4112348556518555,0.15402626991271973,0.009999999776482582,0.016986340284347534,0.006986340507864952,0.009999999776482582,-0.009555771946907043,0.019555771723389626,0.029999999329447746,0.027204960584640503,0.0027950387448072433,0.05000000074505806,0.02137508988380432,0.02862491086125374
7b5fc2286f9afd37,gemm-p,gemm-p,lv2:__PARA__L0-12.__PARA__L1-32.__PARA__L2-1.__PARA__L3-1.__PIPE__L0-off.__PIPE__L2-flatten.__TILE__L0-1.__TILE__L2-80,target,query,query,finetune_dataset,data_341.pt,40046.0,graphgps_lite,1,50,paper_exact_seed1,3.982063055038452,4.092994689941406,0.1109316349029541,0.05999999865889549,0.10320399701595306,0.04320399835705757,0.019999999552965164,0.032693639397621155,0.01269363984465599,0.03999999910593033,0.04875470697879791,0.008754707872867584,0.05000000074505806,0.045016638934612274,0.0049833618104457855
cd440d67465780f9,gemm-p,gemm-p,lv2:__PARA__L0-1.__PARA__L1-2.__PARA__L2-5.__PARA__L3-1.__PIPE__L0-off.__PIPE__L2-flatten.__TILE__L0-1.__TILE__L2-1,target,query,query,finetune_dataset,data_260.pt,17009.0,graphgps_lite,1,50,paper_exact_seed1,4.599742889404297,4.46319580078125,0.13654708862304688,0.10000000149011612,0.19478340446949005,0.09478340297937393,0.07000000029802322,0.09013328701257706,0.020133286714553833,0.10999999940395355,0.1608668565750122,0.050866857171058655,0.009999999776482582,0.024063602089881897,0.014063602313399315
4a8b56c2f22188e4,gemm-p,gemm-p,lv2:__PARA__L0-1.__PARA__L1-1.__PARA__L2-1.__PARA__L3-16.__PIPE__L0-off.__PIPE__L2-off.__TILE__L0-1.__TILE__L2-1,target,query,query,finetune_dataset,data_86.pt,442609.0,graphgps_lite,1,50,paper_exact_seed1,2.2489116191864014,2.640399217605591,0.39148759841918945,0.009999999776482582,0.0014940053224563599,0.008505994454026222,0.0,-0.011036679148674011,0.011036679148674011,0.0,0.0139685720205307,0.0139685720205307,0.03999999910593033,0.01726466417312622,0.022735334932804108
dfccf34a168c3e6b,gemm-p,gemm-p,lv2:__PARA__L0-1.__PARA__L1-1.__PARA__L2-5.__PARA__L3-14.__PIPE__L0-off.__PIPE__L2-off.__TILE__L0-1.__TILE__L2-2,target,query,query,finetune_dataset,data_200.pt,211097.0,graphgps_lite,1,50,paper_exact_seed1,2.7829749584198,3.5247814655303955,0.7418065071105957,0.019999999552965164,0.04129450023174286,0.021294500678777695,0.009999999776482582,0.022415995597839355,0.012415995821356773,0.019999999552965164,0.06515572965145111,0.04515573009848595,0.03999999910593033,0.03371983766555786,0.006280161440372467
43df7890892e68db,gemm-p,gemm-p,lv2:__PARA__L0-1.__PARA__L1-1.__PARA__L2-8.__PARA__L3-2.__PIPE__L0-off.__PIPE__L2-NA.__TILE__L0-1.__TILE__L2-1,target,query,query,finetune_dataset,data_220.pt,54731.0,graphgps_lite,1,50,paper_exact_seed1,3.7567131519317627,4.040247917175293,0.2835347652435303,0.05000000074505806,0.07940079271793365,0.029400791972875595,0.019999999552965164,0.0322674959897995,0.012267496436834335,0.03999999910593033,0.060336485505104065,0.020336486399173737,0.019999999552965164,0.017754122614860535,0.0022458769381046295
e618f61f3a37ff20,gemm-p,gemm-p,lv2:__PARA__L0-30.__PARA__L1-32.__PARA__L2-16.__PARA__L3-1.__PIPE__L0-NA.__PIPE__L2-flatten.__TILE__L0-2.__TILE__L2-1,target,query,query,finetune_dataset,data_396.pt,14419.0,graphgps_lite,1,50,paper_exact_seed1,4.718906402587891,5.011632919311523,0.2927265167236328,0.3499999940395355,0.2924785614013672,0.057521432638168335,0.23999999463558197,0.17980441451072693,0.06019558012485504,0.36000001430511475,0.2364187091588974,0.12358130514621735,0.009999999776482582,0.0012942403554916382,0.008705759420990944
4e891536858769de,gemm-p,gemm-p,lv2:__PARA__L0-4.__PARA__L1-16.__PARA__L2-1.__PARA__L3-1.__PIPE__L0-NA.__PIPE__L2-flatten.__TILE__L0-1.__TILE__L2-80,target,query,query,finetune_dataset,data_399.pt,33170.0,graphgps_lite,1,50,paper_exact_seed1,4.117952823638916,4.08458137512207,0.0333714485168457,0.05000000074505806,0.09822271764278412,0.04822271689772606,0.019999999552965164,0.03164719045162201,0.011647190898656845,0.019999999552965164,0.04937882721424103,0.029378827661275864,0.05000000074505806,0.046618446707725525,0.003381554037332535
4a373a54a47fffb5,gemm-p,gemm-p,lv2:__PARA__L0-1.__PARA__L1-1.__PARA__L2-1.__PARA__L3-7.__PIPE__L0-off.__PIPE__L2-off.__TILE__L0-1.__TILE__L2-2,target,query,query,finetune_dataset,data_96.pt,466908.0,graphgps_lite,1,50,paper_exact_seed1,2.2103588581085205,2.3455026149749756,0.13514375686645508,0.009999999776482582,0.012892737984657288,0.0028927382081747055,0.0,-0.009843304753303528,0.009843304753303528,0.0,0.015798985958099365,0.015798985958099365,0.019999999552965164,0.021150946617126465,0.0011509470641613007
258ea66de43bc217,gemm-p,gemm-p,lv2:__PARA__L0-1.__PARA__L1-1.__PARA__L2-1.__PARA__L3-7.__PIPE__L0-off.__PIPE__L2-off.__TILE__L0-1.__TILE__L2-1,target,query,query,finetune_dataset,data_95.pt,176046.0,graphgps_lite,1,50,paper_exact_seed1,2.913951873779297,2.535179376602173,0.378772497177124,0.019999999552965164,-0.0016809850931167603,0.021680984646081924,0.009999999776482582,-0.01276715099811554,0.02276715077459812,0.009999999776482582,0.0063304603099823,0.0036695394665002823,0.029999999329447746,0.017697736620903015,0.012302262708544731
c61aaebe669746f1,gemm-p,gemm-p,lv2:__PARA__L0-2.__PARA__L1-32.__PARA__L2-16.__PARA__L3-1.__PIPE__L0-NA.__PIPE__L2-flatten.__TILE__L0-1.__TILE__L2-1,target,query,query,finetune_dataset,data_369.pt,9179.0,graphgps_lite,1,50,paper_exact_seed1,5.044687747955322,4.880365371704102,0.1643223762512207,0.3499999940395355,0.2610158324241638,0.0889841616153717,0.23999999463558197,0.1656738817691803,0.07432611286640167,0.36000001430511475,0.2004665583372116,0.15953345596790314,0.009999999776482582,0.0026909708976745605,0.0073090288788080215
f8bdf0220b8efd35,gemm-p,gemm-p,lv2:__PARA__L0-1.__PARA__L1-1.__PARA__L2-2.__PARA__L3-2.__PIPE__L0-off.__PIPE__L2-off.__TILE__L0-1.__TILE__L2-4,target,query,query,finetune_dataset,data_145.pt,1459866.0,graphgps_lite,1,50,paper_exact_seed1,1.3880460262298584,1.8810112476348877,0.4929652214050293,0.0,0.012530103325843811,0.012530103325843811,0.0,-0.003824770450592041,0.003824770450592041,0.0,0.08056214451789856,0.08056214451789856,0.009999999776482582,0.030348755419254303,0.02034875564277172
cec2e42ec306f7c8,gemm-p,gemm-p,lv2:__PARA__L0-6.__PARA__L1-32.__PARA__L2-16.__PARA__L3-1.__PIPE__L0-off.__PIPE__L2-flatten.__TILE__L0-1.__TILE__L2-1,target,query,query,finetune_dataset,data_424.pt,9860.0,graphgps_lite,1,50,paper_exact_seed1,4.993062496185303,5.008133888244629,0.015071392059326172,0.3499999940395355,0.28603237867355347,0.06396761536598206,0.23999999463558197,0.17815671861171722,0.061843276023864746,0.36000001430511475,0.22687605023384094,0.1331239640712738,0.009999999776482582,0.0016544461250305176,0.008345553651452065
eadd78260c36578d,gemm-p,gemm-p,lv2:__PARA__L0-1.__PARA__L1-1.__PARA__L2-8.__PARA__L3-14.__PIPE__L0-off.__PIPE__L2-NA.__TILE__L0-1.__TILE__L2-1,target,query,query,finetune_dataset,data_217.pt,41050.0,graphgps_lite,1,50,paper_exact_seed1,3.964200973510742,4.210970878601074,0.24676990509033203,0.18000000715255737,0.11667623370885849,0.06332377344369888,0.07999999821186066,0.042751505970954895,0.03724849224090576,0.1899999976158142,0.08542141318321228,0.10457858443260193,0.009999999776482582,0.03222787380218506,0.022227874025702477
9ef04f98e2e62988,gemm-p,gemm-p,lv2:__PARA__L0-1.__PARA__L1-5.__PARA__L2-4.__PARA__L3-1.__PIPE__L0-off.__PIPE__L2-flatten.__TILE__L0-1.__TILE__L2-2,target,query,query,finetune_dataset,data_316.pt,225616.0,graphgps_lite,1,50,paper_exact_seed1,2.7349934577941895,3.8657567501068115,1.130763292312622,0.23000000417232513,0.1648886501789093,0.06511135399341583,0.05000000074505806,0.09522674232721329,0.04522674158215523,0.05000000074505806,0.08650442957878113,0.03650442883372307,0.009999999776482582,0.029573194682598114,0.019573194906115532
a1a4d0cbb87cf338,gemm-p,gemm-p,lv2:__PARA__L0-3.__PARA__L1-32.__PARA__L2-1.__PARA__L3-1.__PIPE__L0-off.__PIPE__L2-flatten.__TILE__L0-1.__TILE__L2-80,target,query,query,finetune_dataset,data_381.pt,32157.0,graphgps_lite,1,50,paper_exact_seed1,4.140325546264648,4.128751754760742,0.01157379150390625,0.05999999865889549,0.10072934627532959,0.0407293476164341,0.019999999552965164,0.037943035364151,0.017943035811185837,0.03999999910593033,0.049706727266311646,0.009706728160381317,0.05000000074505806,0.04988294094800949,0.00011705979704856873
648a53c110f97b95,gemm-p,gemm-p,lv2:__PARA__L0-1.__PARA__L1-32.__PARA__L2-16.__PARA__L3-1.__PIPE__L0-off.__PIPE__L2-flatten.__TILE__L0-4.__TILE__L2-1,target,query,query,finetune_dataset,data_285.pt,9506.0,graphgps_lite,1,50,paper_exact_seed1,5.019436836242676,4.383391380310059,0.6360454559326172,0.3499999940395355,0.24578291177749634,0.10421708226203918,0.23999999463558197,0.14835980534553528,0.09164018929004669,0.36000001430511475,0.19242379069328308,0.16757622361183167,0.009999999776482582,0.017276734113693237,0.007276734337210655
ee665070b18c5d32,gemm-p,gemm-p,lv2:__PARA__L0-1.__PARA__L1-2.__PARA__L2-16.__PARA__L3-70.__PIPE__L0-off.__PIPE__L2-NA.__TILE__L0-1.__TILE__L2-1,target,query,query,finetune_dataset,data_252.pt,12487.0,graphgps_lite,1,50,paper_exact_seed1,4.822678565979004,4.618724346160889,0.20395421981811523,0.3199999928474426,0.15150147676467896,0.16849851608276367,0.23999999463558197,0.09650090336799622,0.14349909126758575,0.36000001430511475,0.13915395736694336,0.2208460569381714,0.009999999776482582,0.024499736726284027,0.014499736949801445
3c323e9746495040,gemm-p,gemm-p,lv2:__PARA__L0-1.__PARA__L1-32.__PARA__L2-1.__PARA__L3-1.__PIPE__L0-off.__PIPE__L2-flatten.__TILE__L0-1.__TILE__L2-80,target,query,query,finetune_dataset,data_268.pt,31567.0,graphgps_lite,1,50,paper_exact_seed1,4.153683662414551,3.9599368572235107,0.19374680519104004,0.029999999329447746,0.09954015910625458,0.06954015791416168,0.019999999552965164,0.053244248032569885,0.03324424847960472,0.03999999910593033,0.06022980809211731,0.02022980898618698,0.05000000074505806,0.042557232081890106,0.0074427686631679535
2410d6d0636ec1ab,gemm-p,gemm-p,lv2:__PARA__L0-1.__PARA__L1-1.__PARA__L2-16.__PARA__L3-2.__PIPE__L0-off.__PIPE__L2-NA.__TILE__L0-1.__TILE__L2-1,target,query,query,finetune_dataset,data_125.pt,36131.0,graphgps_lite,1,50,paper_exact_seed1,4.056273460388184,4.370611667633057,0.31433820724487305,0.10000000149011612,0.15543712675571442,0.0554371252655983,0.05000000074505806,0.06461533904075623,0.014615338295698166,0.07000000029802322,0.08556944876909256,0.015569448471069336,0.029999999329447746,0.018864348530769348,0.011135650798678398
152f0fa02f6e91e4,gemm-p,gemm-p,lv2:__PARA__L0-1.__PARA__L1-32.__PARA__L2-10.__PARA__L3-1.__PIPE__L0-NA.__PIPE__L2-flatten.__TILE__L0-4.__TILE__L2-1,target,query,query,finetune_dataset,data_276.pt,9914.0,graphgps_lite,1,50,paper_exact_seed1,4.98912239074707,4.250189304351807,0.7389330863952637,0.23000000417232513,0.22283166646957397,0.00716833770275116,0.1599999964237213,0.11740942299365997,0.04259057343006134,0.2199999988079071,0.15901750326156616,0.06098249554634094,0.009999999776482582,0.017136573791503906,0.007136574015021324
4730d0e52ba378ec,gemm-p,gemm-p,lv2:__PARA__L0-1.__PARA__L1-1.__PARA__L2-10.__PARA__L3-1.__PIPE__L0-off.__PIPE__L2-flatten.__TILE__L0-1.__TILE__L2-8,target,query,query,finetune_dataset,data_102.pt,14947.0,graphgps_lite,1,50,paper_exact_seed1,4.69296407699585,3.8068196773529053,0.8861443996429443,0.20999999344348907,0.09701962023973465,0.11298037320375443,0.15000000596046448,0.030363604426383972,0.1196364015340805,0.2199999988079071,0.05225473642349243,0.16774526238441467,0.009999999776482582,0.01722411811351776,0.007224118337035179
ea3874af8c10f66f,gemm-p,gemm-p,lv2:__PARA__L0-1.__PARA__L1-4.__PARA__L2-10.__PARA__L3-1.__PIPE__L0-off.__PIPE__L2-flatten.__TILE__L0-1.__TILE__L2-1,target,query,query,finetune_dataset,data_292.pt,12187.0,graphgps_lite,1,50,paper_exact_seed1,4.8402204513549805,3.980386972427368,0.8598334789276123,0.20999999344348907,0.1602795422077179,0.04972045123577118,0.15000000596046448,0.06042410433292389,0.08957590162754059,0.2199999988079071,0.08617153018712997,0.13382846117019653,0.009999999776482582,0.012702390551567078,0.0027023907750844955
7e01946735babf1e,gemm-p,gemm-p,lv2:__PARA__L0-1.__PARA__L1-1.__PARA__L2-2.__PARA__L3-2.__PIPE__L0-off.__PIPE__L2-NA.__TILE__L0-1.__TILE__L2-1,target,query,query,finetune_dataset,data_142.pt,166331.0,graphgps_lite,1,50,paper_exact_seed1,2.954899549484253,3.35866379737854,0.4037642478942871,0.019999999552965164,0.06378993391990662,0.04378993436694145,0.009999999776482582,0.006668403744697571,0.0033315960317850113,0.009999999776482582,0.012089520692825317,0.0020895209163427353,0.009999999776482582,0.023282349109649658,0.013282349333167076
685dc85ed3de4aaf,gemm-p,gemm-p,lv2:__PARA__L0-12.__PARA__L1-32.__PARA__L2-10.__PARA__L3-1.__PIPE__L0-off.__PIPE__L2-flatten.__TILE__L0-1.__TILE__L2-8,target,query,query,finetune_dataset,data_343.pt,11486.0,graphgps_lite,1,50,paper_exact_seed1,4.882954120635986,4.819391250610352,0.06356287002563477,0.23000000417232513,0.2361913025379181,0.0061912983655929565,0.1599999964237213,0.11098091304302216,0.04901908338069916,0.2199999988079071,0.13657021522521973,0.08342978358268738,0.009999999776482582,0.0003698617219924927,0.00963013805449009
8951b788629b4d4d,gemm-p,gemm-p,lv2:__PARA__L0-1.__PARA__L1-1.__PARA__L2-4.__PARA__L3-7.__PIPE__L0-off.__PIPE__L2-off.__TILE__L0-1.__TILE__L2-2,target,query,query,finetune_dataset,data_190.pt,433979.0,graphgps_lite,1,50,paper_exact_seed1,2.263115406036377,2.5313687324523926,0.2682533264160156,0.009999999776482582,0.0193759948015213,0.00937599502503872,0.0,0.002781316637992859,0.002781316637992859,0.009999999776482582,0.01956084370613098,0.0095608439296484,0.029999999329447746,0.031928494572639465,0.001928495243191719
ee521b66d72488d4,gemm-p,gemm-p,lv2:__PARA__L0-1.__PARA__L1-1.__PARA__L2-8.__PARA__L3-2.__PIPE__L0-off.__PIPE__L2-off.__TILE__L0-1.__TILE__L2-2,target,query,query,finetune_dataset,data_222.pt,913796.0,graphgps_lite,1,50,paper_exact_seed1,1.7259920835494995,2.1344470977783203,0.4084550142288208,0.009999999776482582,-0.03372877836227417,0.0437287762761116,0.0,-0.024180591106414795,0.024180591106414795,0.0,-0.0637328177690506,0.0637328177690506,0.019999999552965164,0.013824909925460815,0.006175089627504349
062dbc9eb2b08f44,gemm-p,gemm-p,lv2:__PARA__L0-1.__PARA__L1-32.__PARA__L2-1.__PARA__L3-1.__PIPE__L0-NA.__PIPE__L2-flatten.__TILE__L0-4.__TILE__L2-1,target,query,query,finetune_dataset,data_267.pt,33034.0,graphgps_lite,1,50,paper_exact_seed1,4.120916366577148,3.9913971424102783,0.12951922416687012,0.05999999865889549,0.09001466631889343,0.03001466765999794,0.019999999552965164,0.03456638753414154,0.014566387981176376,0.03999999910593033,0.0647323876619339,0.02473238855600357,0.05000000074505806,0.045701801776885986,0.004298198968172073
8d89ea0af5f78527,gemm-p,gemm-p,lv2:__PARA__L0-10.__PARA__L1-32.__PARA__L2-1.__PARA__L3-1.__PIPE__L0-NA.__PIPE__L2-flatten.__TILE__L0-1.__TILE__L2-80,target,query,query,finetune_dataset,data_333.pt,38283.0,graphgps_lite,1,50,paper_exact_seed1,4.014540195465088,4.09019660949707,0.07565641403198242,0.05999999865889549,0.1030990406870842,0.043099042028188705,0.019999999552965164,0.03223021328449249,0.012230213731527328,0.03999999910593033,0.047878190875053406,0.007878191769123077,0.05000000074505806,0.043716080486774445,0.006283920258283615
5256d90470dcb20f,gemm-p,gemm-p,lv2:__PARA__L0-1.__PARA__L1-1.__PARA__L2-4.__PARA__L3-70.__PIPE__L0-off.__PIPE__L2-NA.__TILE__L0-1.__TILE__L2-1,target,query,query,finetune_dataset,data_192.pt,23947.0,graphgps_lite,1,50,paper_exact_seed1,4.352969646453857,4.384397506713867,0.031427860260009766,0.07999999821186066,0.1140352189540863,0.03403522074222565,0.05000000074505806,0.08961677551269531,0.03961677476763725,0.05000000074505806,0.0997559130191803,0.04975591227412224,0.009999999776482582,0.04248224198818207,0.032482244074344635
280681d79bcd3457,gemm-p,gemm-p,lv2:__PARA__L0-1.__PARA__L1-1.__PARA__L2-4.__PARA__L3-5.__PIPE__L0-off.__PIPE__L2-NA.__TILE__L0-1.__TILE__L2-1,target,query,query,finetune_dataset,data_184.pt,67025.0,graphgps_lite,1,50,paper_exact_seed1,3.6105425357818604,3.7861621379852295,0.17561960220336914,0.05000000074505806,0.08768084645271301,0.03768084570765495,0.019999999552965164,0.03163085877895355,0.011630859225988388,0.03999999910593033,0.06109515577554703,0.0210951566696167,0.029999999329447746,0.030566945672035217,0.000566946342587471
c8a42aba9d1cfc2f,gemm-p,gemm-p,lv2:__PARA__L0-1.__PARA__L1-1.__PARA__L2-20.__PARA__L3-14.__PIPE__L0-off.__PIPE__L2-off.__TILE__L0-1.__TILE__L2-2,target,query,query,finetune_dataset,data_161.pt,117295.0,graphgps_lite,1,50,paper_exact_seed1,3.206857442855835,3.891070604324341,0.6842131614685059,0.07999999821186066,0.09565015882253647,0.015650160610675812,0.05000000074505806,0.039161041378974915,0.010838959366083145,0.09000000357627869,0.06827681511640549,0.0217231884598732,0.009999999776482582,0.029706507921218872,0.01970650814473629
f58d119853628e07,gemm-p,gemm-p,lv2:__PARA__L0-1.__PARA__L1-2.__PARA__L2-2.__PARA__L3-1.__PIPE__L0-off.__PIPE__L2-flatten.__TILE__L0-1.__TILE__L2-1,target,query,query,finetune_dataset,data_254.pt,33547.0,graphgps_lite,1,50,paper_exact_seed1,4.109800338745117,4.21771240234375,0.10791206359863281,0.03999999910593033,0.06632614135742188,0.026326142251491547,0.019999999552965164,0.016580447554588318,0.0034195519983768463,0.019999999552965164,0.0357607901096344,0.015760790556669235,0.009999999776482582,0.04419442266225815,0.034194424748420715
8fe44ff51cb16406,gemm-p,gemm-p,lv2:__PARA__L0-1.__PARA__L1-32.__PARA__L2-16.__PARA__L3-1.__PIPE__L0-off.__PIPE__L2-flatten.__TILE__L0-60.__TILE__L2-1,target,query,query,finetune_dataset,data_286.pt,10807.0,graphgps_lite,1,50,paper_exact_seed1,4.92690896987915,4.576406478881836,0.35050249099731445,0.33000001311302185,0.20829181373119354,0.12170819938182831,0.23999999463558197,0.12205315381288528,0.11794684082269669,0.36000001430511475,0.17386984825134277,0.18613016605377197,0.009999999776482582,0.008753910660743713,0.0012460891157388687
f65d3ed34dd10709,gemm-p,gemm-p,lv2:__PARA__L0-1.__PARA__L1-4.__PARA__L2-1.__PARA__L3-32.__PIPE__L0-off.__PIPE__L2-off.__TILE__L0-60.__TILE__L2-1,target,query,query,finetune_dataset,data_291.pt,286369.0,graphgps_lite,1,50,paper_exact_seed1,2.562990427017212,2.2962331771850586,0.2667572498321533,0.009999999776482582,-0.0003100484609603882,0.01031004823744297,0.0,-0.01948477327823639,0.01948477327823639,0.0,0.016195550560951233,0.016195550560951233,0.05000000074505806,0.01783035695552826,0.0321696437895298
04ec9beb6b3bb0c6,gemm-p,gemm-p,lv2:__PARA__L0-5.__PARA__L1-32.__PARA__L2-1.__PARA__L3-1.__PIPE__L0-NA.__PIPE__L2-flatten.__TILE__L0-1.__TILE__L2-80,target,query,query,finetune_dataset,data_412.pt,33900.0,graphgps_lite,1,50,paper_exact_seed1,4.102249622344971,4.083212852478027,0.01903676986694336,0.05999999865889549,0.09683254361152649,0.036832544952631,0.019999999552965164,0.030829325318336487,0.010829325765371323,0.03999999910593033,0.051327988505363464,0.011327989399433136,0.05000000074505806,0.045543476939201355,0.004456523805856705
42bdc08a061d094f,gemm-p,gemm-p,lv2:__PARA__L0-1.__PARA__L1-2.__PARA__L2-4.__PARA__L3-1.__PIPE__L0-off.__PIPE__L2-flatten.__TILE__L0-1.__TILE__L2-1,target,query,query,finetune_dataset,data_257.pt,21847.0,graphgps_lite,1,50,paper_exact_seed1,4.419174671173096,4.429802894592285,0.010628223419189453,0.07999999821186066,0.15460264682769775,0.0746026486158371,0.05000000074505806,0.0641588419675827,0.014158841222524643,0.05000000074505806,0.10615238547325134,0.05615238472819328,0.009999999776482582,0.02483399212360382,0.014833992347121239
0ba8ad78eb2466e5,gemm-p,gemm-p,lv2:__PARA__L0-1.__PARA__L1-1.__PARA__L2-16.__PARA__L3-14.__PIPE__L0-off.__PIPE__L2-off.__TILE__L0-1.__TILE__L2-1,target,query,query,finetune_dataset,data_124.pt,12790.0,graphgps_lite,1,50,paper_exact_seed1,4.805384159088135,3.9439945220947266,0.8613896369934082,0.23000000417232513,0.10441410541534424,0.1255858987569809,0.14000000059604645,0.04034343361854553,0.09965656697750092,0.3799999952316284,0.06763412058353424,0.31236588954925537,0.009999999776482582,0.02816803753376007,0.01816803775727749
2f852363af8edda9,gemm-p,gemm-p,lv2:__PARA__L0-1.__PARA__L1-1.__PARA__L2-1.__PARA__L3-2.__PIPE__L0-off.__PIPE__L2-off.__TILE__L0-1.__TILE__L2-2,target,query,query,finetune_dataset,data_88.pt,1354136.0,graphgps_lite,1,50,paper_exact_seed1,1.4422776699066162,2.235445737838745,0.7931680679321289,0.009999999776482582,0.019772425293922424,0.009772425517439842,0.0,-0.013191059231758118,0.013191059231758118,0.0,0.04929603636264801,0.04929603636264801,0.009999999776482582,0.014123663306236267,0.004123663529753685
d89ed08ba5c4e9d0,gemm-p,gemm-p,lv2:__PARA__L0-1.__PARA__L1-1.__PARA__L2-2.__PARA__L3-7.__PIPE__L0-off.__PIPE__L2-off.__TILE__L0-1.__TILE__L2-1,target,query,query,finetune_dataset,data_151.pt,96604.0,graphgps_lite,1,50,paper_exact_seed1,3.346850633621216,2.9330637454986572,0.4137868881225586,0.029999999329447746,0.019956573843955994,0.010043425485491753,0.009999999776482582,-0.001114174723625183,0.011114174500107765,0.019999999552965164,0.03220158815383911,0.012201588600873947,0.019999999552965164,0.01812484860420227,0.0018751509487628937
c54c0bb4e3c4346a,gemm-p,gemm-p,lv2:__PARA__L0-1.__PARA__L1-1.__PARA__L2-4.__PARA__L3-7.__PIPE__L0-off.__PIPE__L2-NA.__TILE__L0-1.__TILE__L2-1,target,query,query,finetune_dataset,data_188.pt,64384.0,graphgps_lite,1,50,paper_exact_seed1,3.6395411491394043,3.9104957580566406,0.27095460891723633,0.05999999865889549,0.09048524498939514,0.03048524633049965,0.029999999329447746,0.039408326148986816,0.00940832681953907,0.05000000074505806,0.07484078407287598,0.024840783327817917,0.029999999329447746,0.032181426882743835,0.002181427553296089
0ba4ea1b6ce7461f,gemm-p,gemm-p,lv2:__PARA__L0-1.__PARA__L1-2.__PARA__L2-16.__PARA__L3-1.__PIPE__L0-off.__PIPE__L2-flatten.__TILE__L0-1.__TILE__L2-1,target,query,query,finetune_dataset,data_251.pt,12487.0,graphgps_lite,1,50,paper_exact_seed1,4.822678565979004,4.368319034576416,0.4543595314025879,0.3199999928474426,0.19907669723033905,0.12092329561710358,0.23999999463558197,0.07665283977985382,0.16334715485572815,0.36000001430511475,0.10279297083616257,0.2572070360183716,0.009999999776482582,0.011203750967979431,0.001203751191496849
91f52fdd15496b79,gemm-p,gemm-p,lv2:__PARA__L0-1.__PARA__L1-1.__PARA__L2-10.__PARA__L3-14.__PIPE__L0-off.__PIPE__L2-NA.__TILE__L0-1.__TILE__L2-1,target,query,query,finetune_dataset,data_106.pt,35890.0,graphgps_lite,1,50,paper_exact_seed1,4.061100959777832,4.180432319641113,0.11933135986328125,0.2199999988079071,0.12306511402130127,0.09693488478660583,0.10000000149011612,0.04659721255302429,0.05340278893709183,0.23999999463558197,0.08471214771270752,0.15528784692287445,0.009999999776482582,0.03036552667617798,0.020365526899695396
ef1ceb40a4d651b2,gemm-p,gemm-p,lv2:__PARA__L0-1.__PARA__L1-1.__PARA__L2-5.__PARA__L3-5.__PIPE__L0-off.__PIPE__L2-off.__TILE__L0-1.__TILE__L2-1,target,query,query,finetune_dataset,data_206.pt,25145.0,graphgps_lite,1,50,paper_exact_seed1,4.317756175994873,3.302044630050659,1.0157115459442139,0.029999999329447746,0.04909081757068634,0.019090818241238594,0.019999999552965164,0.00429612398147583,0.015703875571489334,0.03999999910593033,0.04899454116821289,0.008994542062282562,0.029999999329447746,0.02921740710735321,0.0007825922220945358
586d7c94f444b430,gemm-p,gemm-p,lv2:__PARA__L0-1.__PARA__L1-16.__PARA__L2-1.__PARA__L3-32.__PIPE__L0-off.__PIPE__L2-off.__TILE__L0-60.__TILE__L2-1,target,query,query,finetune_dataset,data_236.pt,285589.0,graphgps_lite,1,50,paper_exact_seed1,2.564957857131958,2.4872066974639893,0.07775115966796875,0.009999999776482582,0.0187225341796875,0.008722534403204918,0.009999999776482582,-0.007729634642601013,0.017729634419083595,0.019999999552965164,0.03316773474216461,0.013167735189199448,0.05000000074505806,0.0210392028093338,0.02896079793572426
88b1344200c5f7da,gemm-p,gemm-p,lv2:__PARA__L0-15.__PARA__L1-32.__PARA__L2-10.__PARA__L3-1.__PIPE__L0-off.__PIPE__L2-flatten.__TILE__L0-1.__TILE__L2-8,target,query,query,finetune_dataset,data_353.pt,12092.0,graphgps_lite,1,50,paper_exact_seed1,4.845865726470947,4.832688331604004,0.01317739486694336,0.23000000417232513,0.2365439534187317,0.006543949246406555,0.1599999964237213,0.1120181530714035,0.04798184335231781,0.2199999988079071,0.13680467009544373,0.08319532871246338,0.009999999776482582,0.0001728832721710205,0.009827116504311562
c6eed7436c233fa4,gemm-p,gemm-p,lv2:__PARA__L0-1.__PARA__L1-1.__PARA__L2-5.__PARA__L3-10.__PIPE__L0-off.__PIPE__L2-NA.__TILE__L0-1.__TILE__L2-1,target,query,query,finetune_dataset,data_195.pt,54212.0,graphgps_lite,1,50,paper_exact_seed1,3.7635860443115234,4.179239749908447,0.41565370559692383,0.07999999821186066,0.09124231338500977,0.011242315173149109,0.03999999910593033,0.03876928985118866,0.0012307092547416687,0.09000000357627869,0.081537164747715,0.00846283882856369,0.029999999329447746,0.034150153398513794,0.004150154069066048
4dad3dd4a98d07e4,gemm-p,gemm-p,lv2:__PARA__L0-1.__PARA__L1-1.__PARA__L2-5.__PARA__L3-5.__PIPE__L0-off.__PIPE__L2-NA.__TILE__L0-1.__TILE__L2-1,target,query,query,finetune_dataset,data_205.pt,57185.0,graphgps_lite,1,50,paper_exact_seed1,3.72507381439209,3.907055616378784,0.18198180198669434,0.05000000074505806,0.09061387181282043,0.040613871067762375,0.019999999552965164,0.031690359115600586,0.011690359562635422,0.05000000074505806,0.06645122915506363,0.01645122841000557,0.029999999329447746,0.02992405742406845,7.594190537929535e-05
6542924bdc2c5f94,gemm-p,gemm-p,lv2:__PARA__L0-1.__PARA__L1-1.__PARA__L2-1.__PARA__L3-5.__PIPE__L0-off.__PIPE__L2-off.__TILE__L0-1.__TILE__L2-4,target,query,query,finetune_dataset,data_94.pt,570770.0,graphgps_lite,1,50,paper_exact_seed1,2.0654733180999756,2.0197625160217285,0.04571080207824707,0.009999999776482582,0.0332220196723938,0.023222019895911217,0.0,-0.002880185842514038,0.002880185842514038,0.0,0.028286322951316833,0.028286322951316833,0.019999999552965164,0.03268888592720032,0.012688886374235153
6c54beba2b4ed543,gemm-p,gemm-p,lv2:__PARA__L0-6.__PARA__L1-32.__PARA__L2-16.__PARA__L3-1.__PIPE__L0-NA.__PIPE__L2-flatten.__TILE__L0-1.__TILE__L2-1,target,query,query,finetune_dataset,data_423.pt,9860.0,graphgps_lite,1,50,paper_exact_seed1,4.993062496185303,4.981736183166504,0.011326313018798828,0.3499999940395355,0.286917507648468,0.0630824863910675,0.23999999463558197,0.17767737805843353,0.06232261657714844,0.36000001430511475,0.22968779504299164,0.1303122192621231,0.009999999776482582,0.0021300464868545532,0.007869953289628029
36677464ca0ecb4d,gemm-p,gemm-p,lv2:__PARA__L0-1.__PARA__L1-16.__PARA__L2-1.__PARA__L3-32.__PIPE__L0-off.__PIPE__L2-off.__TILE__L0-1.__TILE__L2-1,target,query,query,finetune_dataset,data_234.pt,285589.0,graphgps_lite,1,50,paper_exact_seed1,2.564957857131958,2.633457660675049,0.06849980354309082,0.009999999776482582,0.03833998739719391,0.028339987620711327,0.009999999776482582,0.0022162795066833496,0.0077837202697992325,0.019999999552965164,0.023853406310081482,0.0038534067571163177,0.05000000074505806,0.022316500544548035,0.027683500200510025
aed5122bfc869490,gemm-p,gemm-p,lv2:__PARA__L0-1.__PARA__L1-16.__PARA__L2-10.__PARA__L3-1.__PIPE__L0-off.__PIPE__L2-flatten.__TILE__L0-60.__TILE__L2-1,target,query,query,finetune_dataset,data_237.pt,11287.0,graphgps_lite,1,50,paper_exact_seed1,4.895561218261719,4.646574974060059,0.24898624420166016,0.20999999344348907,0.2187797576189041,0.008779764175415039,0.15000000596046448,0.1301032304763794,0.019896775484085083,0.2199999988079071,0.178445965051651,0.041554033756256104,0.009999999776482582,0.006889805197715759,0.003110194578766823
cb44bd110671dfb6,gemm-p,gemm-p,lv2:__PARA__L0-1.__PARA__L1-1.__PARA__L2-1.__PARA__L3-5.__PIPE__L0-off.__PIPE__L2-off.__TILE__L0-1.__TILE__L2-2,target,query,query,finetune_dataset,data_93.pt,570770.0,graphgps_lite,1,50,paper_exact_seed1,2.0654733180999756,2.3000547885894775,0.23458147048950195,0.009999999776482582,0.015453770756721497,0.0054537709802389145,0.0,-0.014147117733955383,0.014147117733955383,0.0,0.018873855471611023,0.018873855471611023,0.019999999552965164,0.020160838961601257,0.00016083940863609314
b338a37394a51052,gemm-p,gemm-p,lv2:__PARA__L0-12.__PARA__L1-32.__PARA__L2-1.__PARA__L3-1.__PIPE__L0-NA.__PIPE__L2-flatten.__TILE__L0-1.__TILE__L2-80,target,query,query,finetune_dataset,data_340.pt,40046.0,graphgps_lite,1,50,paper_exact_seed1,3.982063055038452,4.092994689941406,0.1109316349029541,0.05999999865889549,0.1043265163898468,0.04432651773095131,0.019999999552965164,0.03264652192592621,0.012646522372961044,0.03999999910593033,0.04763190448284149,0.007631905376911163,0.05000000074505806,0.04361315071582794,0.006386850029230118
b3a849eb5888518c,gemm-p,gemm-p,lv2:__PARA__L0-1.__PARA__L1-32.__PARA__L2-16.__PARA__L3-1.__PIPE__L0-NA.__PIPE__L2-flatten.__TILE__L0-2.__TILE__L2-1,target,query,query,finetune_dataset,data_281.pt,9179.0,graphgps_lite,1,50,paper_exact_seed1,5.044687747955322,4.434008598327637,0.6106791496276855,0.3499999940395355,0.23274309933185577,0.11725689470767975,0.23999999463558197,0.1373215764760971,0.10267841815948486,0.36000001430511475,0.17684310674667358,0.18315690755844116,0.009999999776482582,0.011708155274391174,0.0017081554979085922
26361bf4900c0d7c,gemm-p,gemm-p,lv2:__PARA__L0-1.__PARA__L1-2.__PARA__L2-10.__PARA__L3-1.__PIPE__L0-off.__PIPE__L2-flatten.__TILE__L0-1.__TILE__L2-8,target,query,query,finetune_dataset,data_248.pt,12847.0,graphgps_lite,1,50,paper_exact_seed1,4.802176475524902,3.9453651905059814,0.8568112850189209,0.20999999344348907,0.10597312450408936,0.10402686893939972,0.15000000596046448,0.030597195029258728,0.11940281093120575,0.2199999988079071,0.06037336587905884,0.15962663292884827,0.009999999776482582,0.012911766767501831,0.002911766991019249
8182068f572e5954,gemm-p,gemm-p,lv2:__PARA__L0-1.__PARA__L1-1.__PARA__L2-8.__PARA__L3-5.__PIPE__L0-off.__PIPE__L2-off.__TILE__L0-1.__TILE__L2-1,target,query,query,finetune_dataset,data_224.pt,20465.0,graphgps_lite,1,50,paper_exact_seed1,4.466312885284424,3.816924810409546,0.6493880748748779,0.05000000074505806,0.07051771879196167,0.02051771804690361,0.029999999329447746,0.017849475145339966,0.01215052418410778,0.07000000029802322,0.06960093230009079,0.0003990679979324341,0.03999999910593033,0.031217895448207855,0.008782103657722473
3e229f230250c38c,gemm-p,gemm-p,lv2:__PARA__L0-1.__PARA__L1-2.__PARA__L2-8.__PARA__L3-70.__PIPE__L0-off.__PIPE__L2-off.__TILE__L0-1.__TILE__L2-1,target,query,query,finetune_dataset,data_265.pt,13387.0,graphgps_lite,1,50,paper_exact_seed1,4.772475719451904,4.531150817871094,0.24132490158081055,0.17000000178813934,0.13264311850070953,0.03735688328742981,0.11999999731779099,0.07343418896198273,0.04656580835580826,0.18000000715255737,0.12335684895515442,0.056643158197402954,0.009999999776482582,0.022465869784355164,0.012465870007872581
49a327056510f08f,gemm-p,gemm-p,lv2:__PARA__L0-1.__PARA__L1-2.__PARA__L2-4.__PARA__L3-70.__PIPE__L0-off.__PIPE__L2-NA.__TILE__L0-1.__TILE__L2-1,target,query,query,finetune_dataset,data_258.pt,21847.0,graphgps_lite,1,50,paper_exact_seed1,4.419174671173096,4.475257396697998,0.056082725524902344,0.07999999821186066,0.11948658525943756,0.039486587047576904,0.05000000074505806,0.08019332587718964,0.030193325132131577,0.05000000074505806,0.09650454670190811,0.04650454595685005,0.009999999776482582,0.029292121529579163,0.01929212175309658
98d13b347efbf055,gemm-p,gemm-p,lv2:__PARA__L0-1.__PARA__L1-5.__PARA__L2-1.__PARA__L3-1.__PIPE__L0-off.__PIPE__L2-flatten.__TILE__L0-1.__TILE__L2-1,target,query,query,finetune_dataset,data_299.pt,31987.0,graphgps_lite,1,50,paper_exact_seed1,4.144149303436279,3.9811341762542725,0.16301512718200684,0.029999999329447746,0.08206494152545929,0.052064940333366394,0.009999999776482582,0.03173975646495819,0.02173975668847561,0.019999999552965164,0.04032932221889496,0.020329322665929794,0.05000000074505806,0.044432632625103,0.005567368119955063
e20f67ba45667e5b,gemm-p,gemm-p,lv2:__PARA__L0-1.__PARA__L1-1.__PARA__L2-5.__PARA__L3-7.__PIPE__L0-off.__PIPE__L2-off.__TILE__L0-1.__TILE__L2-1,target,query,query,finetune_dataset,data_209.pt,21184.0,graphgps_lite,1,50,paper_exact_seed1,4.441404819488525,3.5589072704315186,0.8824975490570068,0.03999999910593033,0.06038351356983185,0.02038351446390152,0.029999999329447746,0.020024970173835754,0.009975029155611992,0.05999999865889549,0.07235360890626907,0.012353610247373581,0.029999999329447746,0.03282146155834198,0.0028214622288942337
47d9ab0044cefe1e,gemm-p,gemm-p,lv2:__PARA__L0-20.__PARA__L1-32.__PARA__L2-1.__PARA__L3-1.__PIPE__L0-NA.__PIPE__L2-flatten.__TILE__L0-1.__TILE__L2-80,target,query,query,finetune_dataset,data_372.pt,47106.0,graphgps_lite,1,50,paper_exact_seed1,3.8649368286132812,4.096317291259766,0.23138046264648438,0.05999999865889549,0.10201149433851242,0.04201149567961693,0.019999999552965164,0.03175312280654907,0.011753123253583908,0.03999999910593033,0.04848605394363403,0.008486054837703705,0.05000000074505806,0.044391386210918427,0.005608614534139633
ea241d324c00c8ce,gemm-p,gemm-p,lv2:__PARA__L0-2.__PARA__L1-16.__PARA__L2-1.__PARA__L3-1.__PIPE__L0-NA.__PIPE__L2-flatten.__TILE__L0-1.__TILE__L2-80,target,query,query,finetune_dataset,data_359.pt,31451.0,graphgps_lite,1,50,paper_exact_seed1,4.156339168548584,4.05816650390625,0.09817266464233398,0.05000000074505806,0.10050360858440399,0.05050360783934593,0.019999999552965164,0.03443574905395508,0.014435749500989914,0.019999999552965164,0.046970516443252563,0.0269705168902874,0.05000000074505806,0.042716413736343384,0.007283587008714676
383353e3b882b145,gemm-p,gemm-p,lv2:__PARA__L0-1.__PARA__L1-2.__PARA__L2-1.__PARA__L3-32.__PIPE__L0-off.__PIPE__L2-off.__TILE__L0-1.__TILE__L2-1,target,query,query,finetune_dataset,data_242.pt,286909.0,graphgps_lite,1,50,paper_exact_seed1,2.561631441116333,2.614034652709961,0.05240321159362793,0.009999999776482582,0.01677890121936798,0.006778901442885399,0.0,-0.005944773554801941,0.005944773554801941,0.0,0.02111843228340149,0.02111843228340149,0.05000000074505806,0.021277830004692078,0.028722170740365982
41b9a64b48aff69a,gemm-p,gemm-p,lv2:__PARA__L0-2.__PARA__L1-32.__PARA__L2-1.__PARA__L3-1.__PIPE__L0-NA.__PIPE__L2-flatten.__TILE__L0-1.__TILE__L2-80,target,query,query,finetune_dataset,data_365.pt,31323.0,graphgps_lite,1,50,paper_exact_seed1,4.159280776977539,4.08419132232666,0.0750894546508789,0.05999999865889549,0.0999777689576149,0.039977770298719406,0.019999999552965164,0.034189701080322266,0.014189701527357101,0.03999999910593033,0.04630059003829956,0.006300590932369232,0.05000000074505806,0.03965301811695099,0.010346982628107071
4afcb8c7b0112a4d,gemm-p,gemm-p,lv2:__PARA__L0-30.__PARA__L1-32.__PARA__L2-16.__PARA__L3-1.__PIPE__L0-off.__PIPE__L2-flatten.__TILE__L0-2.__TILE__L2-1,target,query,query,finetune_dataset,data_398.pt,14419.0,graphgps_lite,1,50,paper_exact_seed1,4.718906402587891,5.034592628479004,0.3156862258911133,0.3499999940395355,0.29216310381889343,0.05783689022064209,0.23999999463558197,0.1803661584854126,0.05963383615016937,0.36000001430511475,0.2372909039258957,0.12270911037921906,0.009999999776482582,0.0002857893705368042,0.009714210405945778
35ed257ed45696a8,gemm-p,gemm-p,lv2:__PARA__L0-1.__PARA__L1-1.__PARA__L2-10.__PARA__L3-5.__PIPE__L0-off.__PIPE__L2-NA.__TILE__L0-1.__TILE__L2-1,target,query,query,finetune_dataset,data_112.pt,38704.0,graphgps_lite,1,50,paper_exact_seed1,4.006650924682617,4.349335670471191,0.3426847457885742,0.10999999940395355,0.13477306067943573,0.024773061275482178,0.05000000074505806,0.057152584195137024,0.007152583450078964,0.10000000149011612,0.09996844083070755,3.1560659408569336e-05,0.029999999329447746,0.03198487311601639,0.0019848737865686417
80c803cb5809d836,gemm-p,gemm-p,lv2:__PARA__L0-4.__PARA__L1-32.__PARA__L2-10.__PARA__L3-1.__PIPE__L0-NA.__PIPE__L2-flatten.__TILE__L0-1.__TILE__L2-8,target,query,query,finetune_dataset,data_407.pt,9914.0,graphgps_lite,1,50,paper_exact_seed1,4.98912239074707,4.801791191101074,0.1873311996459961,0.23000000417232513,0.2240457385778427,0.005954265594482422,0.1599999964237213,0.10870286822319031,0.051297128200531006,0.2199999988079071,0.13935083150863647,0.08064916729927063,0.009999999776482582,0.002629697322845459,0.007370302453637123
3435f90a3a91803f,gemm-p,gemm-p,lv2:__PARA__L0-1.__PARA__L1-1.__PARA__L2-20.__PARA__L3-2.__PIPE__L0-off.__PIPE__L2-off.__TILE__L0-1.__TILE__L2-2,target,query,query,finetune_dataset,data_164.pt,632396.0,graphgps_lite,1,50,paper_exact_seed1,1.991513967514038,4.011303901672363,2.019789934158325,0.009999999776482582,0.08604946732521057,0.07604946941137314,0.009999999776482582,0.030292406678199768,0.020292406901717186,0.009999999776482582,0.08402065932750702,0.07402066141366959,0.029999999329447746,0.016423150897026062,0.013576848432421684
1a4493c05bc1e5d5,gemm-p,gemm-p,lv2:__PARA__L0-1.__PARA__L1-1.__PARA__L2-10.__PARA__L3-1.__PIPE__L0-off.__PIPE__L2-flatten.__TILE__L0-1.__TILE__L2-1,target,query,query,finetune_dataset,data_101.pt,14947.0,graphgps_lite,1,50,paper_exact_seed1,4.69296407699585,4.153896331787109,0.5390677452087402,0.20999999344348907,0.1649453192949295,0.04505467414855957,0.15000000596046448,0.058528438210487366,0.09147156774997711,0.2199999988079071,0.06832478940486908,0.15167520940303802,0.009999999776482582,0.015655383467674255,0.005655383691191673
21dd70c1b9ddc11f,gemm-p,gemm-p,lv2:__PARA__L0-15.__PARA__L1-32.__PARA__L2-16.__PARA__L3-1.__PIPE__L0-NA.__PIPE__L2-flatten.__TILE__L0-1.__TILE__L2-1,target,query,query,finetune_dataset,data_355.pt,11552.0,graphgps_lite,1,50,paper_exact_seed1,4.878820896148682,5.004051208496094,0.1252303123474121,0.3499999940395355,0.3068259060382843,0.04317408800125122,0.23999999463558197,0.18899911642074585,0.05100087821483612,0.36000001430511475,0.2629348039627075,0.09706521034240723,0.009999999776482582,0.0017100721597671509,0.008289927616715431
7c87dea76316e9b0,gemm-p,gemm-p,lv2:__PARA__L0-1.__PARA__L1-1.__PARA__L2-2.__PARA__L3-14.__PIPE__L0-off.__PIPE__L2-off.__TILE__L0-1.__TILE__L2-2,target,query,query,finetune_dataset,data_140.pt,343565.0,graphgps_lite,1,50,paper_exact_seed1,2.4316365718841553,2.842595100402832,0.41095852851867676,0.009999999776482582,0.03889577090740204,0.028895771130919456,0.0,0.0037696361541748047,0.0037696361541748047,0.0,0.043857842683792114,0.043857842683792114,0.029999999329447746,0.027066148817539215,0.002933850511908531
1df20d1da09ff72e,gemm-p,gemm-p,lv2:__PARA__L0-1.__PARA__L1-32.__PARA__L2-10.__PARA__L3-1.__PIPE__L0-off.__PIPE__L2-flatten.__TILE__L0-1.__TILE__L2-8,target,query,query,finetune_dataset,data_277.pt,11167.0,graphgps_lite,1,50,paper_exact_seed1,4.903271198272705,4.259288311004639,0.6439828872680664,0.20999999344348907,0.19126880168914795,0.018731191754341125,0.15000000596046448,0.08256261795759201,0.06743738800287247,0.2199999988079071,0.13474512100219727,0.08525487780570984,0.009999999776482582,0.009280100464820862,0.0007198993116617203
80bca34061fd0f83,gemm-p,gemm-p,lv2:__PARA__L0-10.__PARA__L1-32.__PARA__L2-10.__PARA__L3-1.__PIPE__L0-NA.__PIPE__L2-flatten.__TILE__L0-1.__TILE__L2-8,target,query,query,finetune_dataset,data_335.pt,11083.0,graphgps_lite,1,50,paper_exact_seed1,4.908718109130859,4.786490440368652,0.12222766876220703,0.23000000417232513,0.24554766714572906,0.01554766297340393,0.1599999964237213,0.12039989978075027,0.03960009664297104,0.2199999988079071,0.14985224604606628,0.07014775276184082,0.009999999776482582,0.002923130989074707,0.007076868787407875
aaec899982f42ed1,gemm-p,gemm-p,lv2:__PARA__L0-1.__PARA__L1-5.__PARA__L2-1.__PARA__L3-1.__PIPE__L0-off.__PIPE__L2-flatten.__TILE__L0-1.__TILE__L2-2,target,query,query,finetune_dataset,data_300.pt,796815.0,graphgps_lite,1,50,paper_exact_seed1,1.824805736541748,3.6952342987060547,1.8704285621643066,0.20000000298023224,0.08374035358428955,0.11625964939594269,0.019999999552965164,0.027036204934120178,0.007036205381155014,0.019999999552965164,0.031156301498413086,0.011156301945447922,0.03999999910593033,0.04494080692529678,0.004940807819366455
bc4f55d84a8bf133,gemm-p,gemm-p,lv2:__PARA__L0-1.__PARA__L1-1.__PARA__L2-5.__PARA__L3-7.__PIPE__L0-off.__PIPE__L2-off.__TILE__L0-1.__TILE__L2-2,target,query,query,finetune_dataset,data_210.pt,382309.0,graphgps_lite,1,50,paper_exact_seed1,2.3545584678649902,2.5875515937805176,0.23299312591552734,0.009999999776482582,0.023692473769187927,0.013692473992705345,0.009999999776482582,0.0038347840309143066,0.0061652157455682755,0.009999999776482582,0.015554159879684448,0.005554160103201866,0.029999999329447746,0.03198416531085968,0.001984165981411934
6949ac99510f8963,gemm-p,gemm-p,lv2:__PARA__L0-1.__PARA__L1-32.__PARA__L2-1.__PARA__L3-32.__PIPE__L0-off.__PIPE__L2-off.__TILE__L0-1.__TILE__L2-1,target,query,query,finetune_dataset,data_272.pt,285469.0,graphgps_lite,1,50,paper_exact_seed1,2.565261125564575,2.5904366970062256,0.02517557144165039,0.009999999776482582,0.04225949943065643,0.032259501516819,0.009999999776482582,0.000354573130607605,0.009645426645874977,0.029999999329447746,0.029389068484306335,0.0006109308451414108,0.05000000074505806,0.024372383952140808,0.02562761679291725
bf75c65558b7a94c,gemm-p,gemm-p,lv2:__PARA__L0-4.__PARA__L1-32.__PARA__L2-1.__PARA__L3-1.__PIPE__L0-off.__PIPE__L2-flatten.__TILE__L0-1.__TILE__L2-80,target,query,query,finetune_dataset,data_406.pt,33034.0,graphgps_lite,1,50,paper_exact_seed1,4.120916366577148,4.119999885559082,0.0009164810180664062,0.05999999865889549,0.10008838027715683,0.04008838161826134,0.019999999552965164,0.03562767803668976,0.015627678483724594,0.03999999910593033,0.049062490463256836,0.009062491357326508,0.05000000074505806,0.049073949456214905,0.0009260512888431549
63c35478c8f59ccd,gemm-p,gemm-p,lv2:__PARA__L0-1.__PARA__L1-1.__PARA__L2-2.__PARA__L3-10.__PIPE__L0-off.__PIPE__L2-off.__TILE__L0-1.__TILE__L2-4,target,query,query,finetune_dataset,data_137.pt,328805.0,graphgps_lite,1,50,paper_exact_seed1,2.4633119106292725,2.0283751487731934,0.4349367618560791,0.009999999776482582,0.04077601432800293,0.030776014551520348,0.0,0.017036065459251404,0.017036065459251404,0.0,0.0428696870803833,0.0428696870803833,0.019999999552965164,0.037088871002197266,0.0170888714492321
5cad34425ee55f5b,gemm-p,gemm-p,lv2:__PARA__L0-1.__PARA__L1-1.__PARA__L2-20.__PARA__L3-10.__PIPE__L0-off.__PIPE__L2-NA.__TILE__L0-1.__TILE__L2-1,target,query,query,finetune_dataset,data_156.pt,27370.0,graphgps_lite,1,50,paper_exact_seed1,4.256594657897949,4.153777122497559,0.10281753540039062,0.33000001311302185,0.1381474882364273,0.19185252487659454,0.15000000596046448,0.0566171258687973,0.09338288009166718,0.3499999940395355,0.08925597369670868,0.26074403524398804,0.009999999776482582,0.02799120545387268,0.0179912056773901
7985b77fcba3595d,gemm-p,gemm-p,lv2:__PARA__L0-4.__PARA__L1-16.__PARA__L2-10.__PARA__L3-1.__PIPE__L0-off.__PIPE__L2-flatten.__TILE__L0-1.__TILE__L2-8,target,query,query,finetune_dataset,data_402.pt,10050.0,graphgps_lite,1,50,paper_exact_seed1,4.979294300079346,4.803643226623535,0.17565107345581055,0.23000000417232513,0.22404071688652039,0.0059592872858047485,0.1599999964237213,0.10748882591724396,0.052511170506477356,0.2199999988079071,0.13447421789169312,0.08552578091621399,0.009999999776482582,0.0031783729791641235,0.0068216267973184586
23145cd5e1131852,gemm-p,gemm-p,lv2:__PARA__L0-1.__PARA__L1-2.__PARA__L2-1.__PARA__L3-1.__PIPE__L0-off.__PIPE__L2-flatten.__TILE__L0-1.__TILE__L2-1,target,query,query,finetune_dataset,data_240.pt,33247.0,graphgps_lite,1,50,paper_exact_seed1,4.1162800788879395,4.129547119140625,0.013267040252685547,0.029999999329447746,0.05450364947319031,0.02450365014374256,0.009999999776482582,0.007147103548049927,0.0028528962284326553,0.019999999552965164,0.03298157453536987,0.012981574982404709,0.05000000074505806,0.051360711455345154,0.0013607107102870941
1ef39353a69dfec5,gemm-p,gemm-p,lv2:__PARA__L0-1.__PARA__L1-1.__PARA__L2-8.__PARA__L3-14.__PIPE__L0-off.__PIPE__L2-off.__TILE__L0-1.__TILE__L2-2,target,query,query,finetune_dataset,data_219.pt,164995.0,graphgps_lite,1,50,paper_exact_seed1,2.960716962814331,3.596569299697876,0.6358523368835449,0.029999999329447746,0.05334638059139252,0.02334638126194477,0.019999999552965164,0.02681221067905426,0.006812211126089096,0.029999999329447746,0.05617427080869675,0.026174271479249,0.009999999776482582,0.03357531130313873,0.02357531152665615
1ae875ed2f961dca,gemm-p,gemm-p,lv2:__PARA__L0-1.__PARA__L1-1.__PARA__L2-10.__PARA__L3-14.__PIPE__L0-off.__PIPE__L2-off.__TILE__L0-1.__TILE__L2-2,target,query,query,finetune_dataset,data_108.pt,149095.0,graphgps_lite,1,50,paper_exact_seed1,3.0338120460510254,3.6924889087677,0.6586768627166748,0.03999999910593033,0.060080841183662415,0.020080842077732086,0.019999999552965164,0.030149415135383606,0.010149415582418442,0.03999999910593033,0.057007186114788055,0.017007187008857727,0.0,0.032097697257995605,0.032097697257995605
690088eff0fba4fd,gemm-p,gemm-p,lv2:__PARA__L0-1.__PARA__L1-1.__PARA__L2-16.__PARA__L3-70.__PIPE__L0-off.__PIPE__L2-NA.__TILE__L0-1.__TILE__L2-1,target,query,query,finetune_dataset,data_131.pt,14587.0,graphgps_lite,1,50,paper_exact_seed1,4.710550308227539,4.559976577758789,0.15057373046875,0.3199999928474426,0.1472446471452713,0.17275534570217133,0.23999999463558197,0.10423785448074341,0.13576214015483856,0.36000001430511475,0.1436912715435028,0.21630874276161194,0.009999999776482582,0.03844214975833893,0.028442149981856346
ab19489e81b4ba29,gemm-p,gemm-p,lv2:__PARA__L0-30.__PARA__L1-16.__PARA__L2-16.__PARA__L3-1.__PIPE__L0-off.__PIPE__L2-flatten.__TILE__L0-1.__TILE__L2-1,target,query,query,finetune_dataset,data_386.pt,14659.0,graphgps_lite,1,50,paper_exact_seed1,4.706998825073242,5.025043487548828,0.31804466247558594,0.3499999940395355,0.29605382680892944,0.05394616723060608,0.23999999463558197,0.17918330430984497,0.060816690325737,0.36000001430511475,0.23627445101737976,0.12372556328773499,0.009999999776482582,0.0006854087114334106,0.009314591065049171
3abca6a56e6f2142,gemm-p,gemm-p,lv2:__PARA__L0-1.__PARA__L1-8.__PARA__L2-16.__PARA__L3-1.__PIPE__L0-off.__PIPE__L2-flatten.__TILE__L0-1.__TILE__L2-1,target,query,query,finetune_dataset,data_331.pt,11167.0,graphgps_lite,1,50,paper_exact_seed1,4.903271198272705,4.184821128845215,0.7184500694274902,0.3199999928474426,0.22626040875911713,0.0937395840883255,0.23999999463558197,0.12070386111736298,0.119296133518219,0.36000001430511475,0.178786039352417,0.18121397495269775,0.009999999776482582,0.009270057082176208,0.0007299426943063736
539dbea26e2d76bb,gemm-p,gemm-p,lv2:__PARA__L0-15.__PARA__L1-32.__PARA__L2-16.__PARA__L3-1.__PIPE__L0-off.__PIPE__L2-flatten.__TILE__L0-4.__TILE__L2-1,target,query,query,finetune_dataset,data_358.pt,11552.0,graphgps_lite,1,50,paper_exact_seed1,4.878820896148682,4.912639617919922,0.033818721771240234,0.3499999940395355,0.30168965458869934,0.04831033945083618,0.23999999463558197,0.18654805421829224,0.053451940417289734,0.36000001430511475,0.2530781626701355,0.10692185163497925,0.009999999776482582,0.0036226361989974976,0.0063773635774850845
aa11770c6019ddae,gemm-p,gemm-p,lv2:__PARA__L0-15.__PARA__L1-32.__PARA__L2-1.__PARA__L3-1.__PIPE__L0-off.__PIPE__L2-flatten.__TILE__L0-1.__TILE__L2-80,target,query,query,finetune_dataset,data_349.pt,42692.0,graphgps_lite,1,50,paper_exact_seed1,3.9359092712402344,4.096879005432129,0.16096973419189453,0.05999999865889549,0.102857306599617,0.04285730794072151,0.019999999552965164,0.03231273591518402,0.012312736362218857,0.03999999910593033,0.04874993860721588,0.008749939501285553,0.05000000074505806,0.045030102133750916,0.004969898611307144
5b1cbec8490c4471,gemm-p,gemm-p,lv2:__PARA__L0-1.__PARA__L1-1.__PARA__L2-10.__PARA__L3-10.__PIPE__L0-off.__PIPE__L2-off.__TILE__L0-1.__TILE__L2-2,target,query,query,finetune_dataset,data_105.pt,195175.0,graphgps_lite,1,50,paper_exact_seed1,2.8395440578460693,3.5126919746398926,0.6731479167938232,0.029999999329447746,0.047755613923072815,0.01775561459362507,0.019999999552965164,0.02488274872303009,0.004882749170064926,0.029999999329447746,0.052398547530174255,0.02239854820072651,0.0,0.030955828726291656,0.030955828726291656
959efd0cce53df30,gemm-p,gemm-p,lv2:__PARA__L0-30.__PARA__L1-32.__PARA__L2-16.__PARA__L3-1.__PIPE__L0-off.__PIPE__L2-flatten.__TILE__L0-1.__TILE__L2-1,target,query,query,finetune_dataset,data_397.pt,14419.0,graphgps_lite,1,50,paper_exact_seed1,4.718906402587891,5.040647506713867,0.32174110412597656,0.3499999940395355,0.28995734453201294,0.06004264950752258,0.23999999463558197,0.17754383385181427,0.0624561607837677,0.36000001430511475,0.23094002902507782,0.12905998528003693,0.009999999776482582,0.00023658573627471924,0.009763414040207863
9929154d2a2ca07e,gemm-p,gemm-p,lv2:__PARA__L0-1.__PARA__L1-1.__PARA__L2-8.__PARA__L3-5.__PIPE__L0-off.__PIPE__L2-off.__TILE__L0-1.__TILE__L2-2,target,query,query,finetune_dataset,data_225.pt,391190.0,graphgps_lite,1,50,paper_exact_seed1,2.3379933834075928,2.6092758178710938,0.271282434463501,0.009999999776482582,0.008371248841285706,0.0016287509351968765,0.009999999776482582,-0.008653461933135986,0.01865346170961857,0.009999999776482582,-0.005640313029289246,0.015640312805771828,0.03999999910593033,0.025232084095478058,0.01476791501045227
80c3e447e75f60fb,gemm-p,gemm-p,lv2:__PARA__L0-1.__PARA__L1-1.__PARA__L2-4.__PARA__L3-2.__PIPE__L0-off.__PIPE__L2-off.__TILE__L0-1.__TILE__L2-2,target,query,query,finetune_dataset,data_182.pt,1354866.0,graphgps_lite,1,50,paper_exact_seed1,1.4418889284133911,2.15224289894104,0.7103539705276489,0.009999999776482582,-0.024029850959777832,0.034029848873615265,0.0,-0.028509557247161865,0.028509557247161865,0.0,-0.00470048189163208,0.00470048189163208,0.019999999552965164,0.02047613263130188,0.0004761330783367157
d6ceeb99601c9668,gemm-p,gemm-p,lv2:__PARA__L0-20.__PARA__L1-32.__PARA__L2-16.__PARA__L3-1.__PIPE__L0-NA.__PIPE__L2-flatten.__TILE__L0-1.__TILE__L2-1,target,query,query,finetune_dataset,data_376.pt,12506.0,graphgps_lite,1,50,paper_exact_seed1,4.821581840515137,5.008199691772461,0.18661785125732422,0.3499999940395355,0.3031240701675415,0.04687592387199402,0.23999999463558197,0.18629924952983856,0.05370074510574341,0.36000001430511475,0.25526419281959534,0.10473582148551941,0.009999999776482582,0.0019141286611557007,0.008085871115326881
00f04d9d71c381ce,gemm-p,gemm-p,lv2:__PARA__L0-1.__PARA__L1-1.__PARA__L2-5.__PARA__L3-2.__PIPE__L0-off.__PIPE__L2-off.__TILE__L0-1.__TILE__L2-1,target,query,query,finetune_dataset,data_202.pt,45152.0,graphgps_lite,1,50,paper_exact_seed1,3.8954970836639404,3.081834077835083,0.8136630058288574,0.019999999552965164,0.0006461888551712036,0.01935381069779396,0.009999999776482582,-0.017403140664100647,0.02740314044058323,0.019999999552965164,-0.0007099658250808716,0.020709965378046036,0.019999999552965164,0.01637965440750122,0.0036203451454639435
66b001d5a20855dc,gemm-p,gemm-p,lv2:__PARA__L0-1.__PARA__L1-1.__PARA__L2-5.__PARA__L3-70.__PIPE__L0-off.__PIPE__L2-off.__TILE__L0-1.__TILE__L2-1,target,query,query,finetune_dataset,data_212.pt,19109.0,graphgps_lite,1,50,paper_exact_seed1,4.515766143798828,4.388111114501953,0.127655029296875,0.10000000149011612,0.10872699320316315,0.008726991713047028,0.07000000029802322,0.06529952585697174,0.004700474441051483,0.10999999940395355,0.0932176411151886,0.016782358288764954,0.009999999776482582,0.027285777032375336,0.017285777255892754
f2a8c232c2c3f39a,gemm-p,gemm-p,lv2:__PARA__L0-1.__PARA__L1-1.__PARA__L2-1.__PARA__L3-8.__PIPE__L0-off.__PIPE__L2-off.__TILE__L0-1.__TILE__L2-1,target,query,query,finetune_dataset,data_100.pt,759409.0,graphgps_lite,1,50,paper_exact_seed1,1.8594895601272583,2.5666756629943848,0.7071861028671265,0.0,-0.001623585820198059,0.001623585820198059,0.0,-0.01106041669845581,0.01106041669845581,0.0,0.0055542439222335815,0.0055542439222335815,0.029999999329447746,0.01781676709651947,0.012183232232928276
8d8618b306919b23,gemm-p,gemm-p,lv2:__PARA__L0-4.__PARA__L1-32.__PARA__L2-16.__PARA__L3-1.__PIPE__L0-NA.__PIPE__L2-flatten.__TILE__L0-1.__TILE__L2-1,target,query,query,finetune_dataset,data_409.pt,9506.0,graphgps_lite,1,50,paper_exact_seed1,5.019436836242676,4.980279922485352,0.03915691375732422,0.3499999940395355,0.28040942549705505,0.06959056854248047,0.23999999463558197,0.17573335766792297,0.064266636967659,0.36000001430511475,0.22251088917255402,0.13748912513256073,0.009999999776482582,0.002160966396331787,0.007839033380150795
56e56d42fe8949bd,gemm-p,gemm-p,lv2:__PARA__L0-1.__PARA__L1-1.__PARA__L2-10.__PARA__L3-7.__PIPE__L0-off.__PIPE__L2-off.__TILE__L0-1.__TILE__L2-2,target,query,query,finetune_dataset,data_117.pt,267108.0,graphgps_lite,1,50,paper_exact_seed1,2.6132164001464844,3.253837823867798,0.6406214237213135,0.019999999552965164,0.036669179797172546,0.016669180244207382,0.009999999776482582,0.017397984862327576,0.007397985085844994,0.019999999552965164,0.039289698004722595,0.01928969845175743,0.03999999910593033,0.029167093336582184,0.010832905769348145
ce912d6165eea1f8,gemm-p,gemm-p,lv2:__PARA__L0-1.__PARA__L1-5.__PARA__L2-4.__PARA__L3-1.__PIPE__L0-off.__PIPE__L2-flatten.__TILE__L0-1.__TILE__L2-1,target,query,query,finetune_dataset,data_315.pt,20587.0,graphgps_lite,1,50,paper_exact_seed1,4.462025165557861,4.264066696166992,0.19795846939086914,0.07999999821186066,0.150518998503685,0.07051900029182434,0.05000000074505806,0.08118264377117157,0.03118264302611351,0.05000000074505806,0.10031923651695251,0.050319235771894455,0.009999999776482582,0.02945806086063385,0.019458061084151268
5e8aba50d737ff09,gemm-p,gemm-p,lv2:__PARA__L0-1.__PARA__L1-1.__PARA__L2-16.__PARA__L3-5.__PIPE__L0-off.__PIPE__L2-NA.__TILE__L0-1.__TILE__L2-1,target,query,query,finetune_dataset,data_127.pt,33064.0,graphgps_lite,1,50,paper_exact_seed1,4.1202616691589355,4.545358657836914,0.4250969886779785,0.1599999964237213,0.15326321125030518,0.006736785173416138,0.07000000029802322,0.0752907246351242,0.005290724337100983,0.15000000596046448,0.11202310025691986,0.03797690570354462,0.05999999865889549,0.03342198580503464,0.026578012853860855
2a002c11e47adc72,gemm-p,gemm-p,lv2:__PARA__L0-1.__PARA__L1-1.__PARA__L2-1.__PARA__L3-1.__PIPE__L0-off.__PIPE__L2-flatten.__TILE__L0-1.__TILE__L2-80,target,query,query,finetune_dataset,data_78.pt,35347.0,graphgps_lite,1,50,paper_exact_seed1,4.072098255157471,3.7553436756134033,0.3167545795440674,0.029999999329447746,0.07724107801914215,0.047241076827049255,0.009999999776482582,0.027944952249526978,0.017944952473044395,0.019999999552965164,0.06814410537481308,0.048144105821847916,0.05000000074505806,0.05781257152557373,0.00781257078051567
a99f3ca11b317ea1,gemm-p,gemm-p,lv2:__PARA__L0-2.__PARA__L1-16.__PARA__L2-16.__PARA__L3-1.__PIPE__L0-off.__PIPE__L2-flatten.__TILE__L0-1.__TILE__L2-1,target,query,query,finetune_dataset,data_364.pt,9307.0,graphgps_lite,1,50,paper_exact_seed1,5.034698009490967,4.943768501281738,0.09092950820922852,0.3499999940395355,0.27985695004463196,0.07014304399490356,0.23999999463558197,0.18033361434936523,0.059666380286216736,0.36000001430511475,0.22341667115688324,0.1365833431482315,0.009999999776482582,0.004272639751434326,0.005727360025048256
b7fd70dbbc81db59,gemm-p,gemm-p,lv2:__PARA__L0-1.__PARA__L1-1.__PARA__L2-4.__PARA__L3-10.__PIPE__L0-off.__PIPE__L2-off.__TILE__L0-1.__TILE__L2-1,target,query,query,finetune_dataset,data_173.pt,17110.0,graphgps_lite,1,50,paper_exact_seed1,4.59547233581543,3.8078665733337402,0.7876057624816895,0.05000000074505806,0.04466535151004791,0.005334649235010147,0.029999999329447746,0.025137677788734436,0.00486232154071331,0.07000000029802322,0.08176203072071075,0.01176203042268753,0.029999999329447746,0.03186090290546417,0.001860903576016426
cf80b0e06ab7b3da,gemm-p,gemm-p,lv2:__PARA__L0-1.__PARA__L1-5.__PARA__L2-16.__PARA__L3-1.__PIPE__L0-off.__PIPE__L2-flatten.__TILE__L0-1.__TILE__L2-1,target,query,query,finetune_dataset,data_307.pt,11227.0,graphgps_lite,1,50,paper_exact_seed1,4.8994059562683105,3.976536512374878,0.9228694438934326,0.3199999928474426,0.18152743577957153,0.1384725570678711,0.23999999463558197,0.0820779949426651,0.15792199969291687,0.36000001430511475,0.12555758655071259,0.23444242775440216,0.009999999776482582,0.01244993507862091,0.0024499353021383286
46580acbb8d130f0,gemm-p,gemm-p,lv2:__PARA__L0-1.__PARA__L1-32.__PARA__L2-10.__PARA__L3-1.__PIPE__L0-off.__PIPE__L2-flatten.__TILE__L0-60.__TILE__L2-1,target,query,query,finetune_dataset,data_280.pt,11167.0,graphgps_lite,1,50,paper_exact_seed1,4.903271198272705,4.540118217468262,0.36315298080444336,0.20999999344348907,0.19299301505088806,0.017006978392601013,0.15000000596046448,0.09898051619529724,0.051019489765167236,0.2199999988079071,0.15149419009685516,0.06850580871105194,0.009999999776482582,0.008723288774490356,0.0012767110019922256
f2cfc23e7d96a21a,gemm-p,gemm-p,lv2:__PARA__L0-1.__PARA__L1-1.__PARA__L2-5.__PARA__L3-70.__PIPE__L0-off.__PIPE__L2-NA.__TILE__L0-1.__TILE__L2-1,target,query,query,finetune_dataset,data_211.pt,19109.0,graphgps_lite,1,50,paper_exact_seed1,4.515766143798828,4.407984733581543,0.10778141021728516,0.10000000149011612,0.11648695915937424,0.016486957669258118,0.07000000029802322,0.0893222987651825,0.01932229846715927,0.10999999940395355,0.10326476395130157,0.0067352354526519775,0.009999999776482582,0.04084572196006775,0.030845722183585167
2290deff8cb38c64,gemm-p,gemm-p,lv2:__PARA__L0-1.__PARA__L1-5.__PARA__L2-16.__PARA__L3-1.__PIPE__L0-off.__PIPE__L2-flatten.__TILE__L0-1.__TILE__L2-4,target,query,query,finetune_dataset,data_309.pt,65899.0,graphgps_lite,1,50,paper_exact_seed1,3.6227638721466064,3.7095093727111816,0.0867455005645752,0.3799999952316284,0.1329590380191803,0.24704095721244812,0.029999999329447746,0.05003820359706879,0.02003820426762104,0.019999999552965164,0.08872348070144653,0.06872348487377167,0.019999999552965164,0.010906621813774109,0.009093377739191055
6eb5dbce3faf0b52,gemm-p,gemm-p,lv2:__PARA__L0-1.__PARA__L1-1.__PARA__L2-16.__PARA__L3-70.__PIPE__L0-off.__PIPE__L2-off.__TILE__L0-1.__TILE__L2-1,target,query,query,finetune_dataset,data_132.pt,14587.0,graphgps_lite,1,50,paper_exact_seed1,4.710550308227539,4.600933074951172,0.10961723327636719,0.3199999928474426,0.1434260755777359,0.17657391726970673,0.23999999463558197,0.0993642508983612,0.14063574373722076,0.36000001430511475,0.1438816487789154,0.21611836552619934,0.009999999776482582,0.035082608461380005,0.025082608684897423
4a3d6776bd7a2804,gemm-p,gemm-p,lv2:__PARA__L0-1.__PARA__L1-1.__PARA__L2-2.__PARA__L3-7.__PIPE__L0-off.__PIPE__L2-off.__TILE__L0-1.__TILE__L2-2,target,query,query,finetune_dataset,data_152.pt,643979.0,graphgps_lite,1,50,paper_exact_seed1,1.9784213304519653,2.3809261322021484,0.4025048017501831,0.009999999776482582,0.024556145071983337,0.014556145295500755,0.0,0.0009111315011978149,0.0009111315011978149,0.0,0.036346033215522766,0.036346033215522766,0.019999999552965164,0.02692323923110962,0.006923239678144455
4b09448f98193400,gemm-p,gemm-p,lv2:__PARA__L0-1.__PARA__L1-1.__PARA__L2-1.__PARA__L3-14.__PIPE__L0-off.__PIPE__L2-off.__TILE__L0-1.__TILE__L2-2,target,query,query,finetune_dataset,data_84.pt,417715.0,graphgps_lite,1,50,paper_exact_seed1,2.2906687259674072,2.445922613143921,0.15525388717651367,0.009999999776482582,0.01667173206806183,0.0066717322915792465,0.0,-0.007523879408836365,0.007523879408836365,0.0,0.019948244094848633,0.019948244094848633,0.019999999552965164,0.020188987255096436,0.00018898770213127136
cc25fb09996cf912,gemm-p,gemm-p,lv2:__PARA__L0-1.__PARA__L1-32.__PARA__L2-1.__PARA__L3-1.__PIPE__L0-off.__PIPE__L2-flatten.__TILE__L0-2.__TILE__L2-1,target,query,query,finetune_dataset,data_269.pt,31323.0,graphgps_lite,1,50,paper_exact_seed1,4.159280776977539,4.114095687866211,0.045185089111328125,0.05999999865889549,0.08874791860580444,0.02874791994690895,0.019999999552965164,0.03480461239814758,0.014804612845182419,0.03999999910593033,0.06678962707519531,0.026789627969264984,0.05000000074505806,0.04594883322715759,0.004051167517900467
6608e886ce7e9d0a,gemm-p,gemm-p,lv2:__PARA__L0-6.__PARA__L1-32.__PARA__L2-10.__PARA__L3-1.__PIPE__L0-off.__PIPE__L2-flatten.__TILE__L0-1.__TILE__L2-8,target,query,query,finetune_dataset,data_422.pt,10292.0,graphgps_lite,1,50,paper_exact_seed1,4.962130546569824,4.81826114654541,0.14386940002441406,0.23000000417232513,0.22625866532325745,0.003741338849067688,0.1599999964237213,0.10501279681921005,0.05498719960451126,0.2199999988079071,0.13453610241413116,0.08546389639377594,0.009999999776482582,0.0017635226249694824,0.0082364771515131
86d80ae4935ea3f4,gemm-p,gemm-p,lv2:__PARA__L0-5.__PARA__L1-16.__PARA__L2-16.__PARA__L3-1.__PIPE__L0-off.__PIPE__L2-flatten.__TILE__L0-1.__TILE__L2-1,target,query,query,finetune_dataset,data_411.pt,9820.0,graphgps_lite,1,50,paper_exact_seed1,4.995994567871094,4.994790077209473,0.0012044906616210938,0.3499999940395355,0.289681077003479,0.06031891703605652,0.23999999463558197,0.17853330075740814,0.06146669387817383,0.36000001430511475,0.22750963270664215,0.1324903815984726,0.009999999776482582,0.0023813396692276,0.007618660107254982
dba1b07283a53f11,gemm-p,gemm-p,lv2:__PARA__L0-1.__PARA__L1-1.__PARA__L2-1.__PARA__L3-2.__PIPE__L0-off.__PIPE__L2-off.__TILE__L0-1.__TILE__L2-4,target,query,query,finetune_dataset,data_89.pt,1354136.0,graphgps_lite,1,50,paper_exact_seed1,1.4422776699066162,1.9982190132141113,0.5559413433074951,0.009999999776482582,0.03405939042568207,0.024059390649199486,0.0,-0.003109171986579895,0.003109171986579895,0.0,0.06928694993257523,0.06928694993257523,0.009999999776482582,0.027768373489379883,0.0177683737128973
08802dfda2f24c58,gemm-p,gemm-p,lv2:__PARA__L0-1.__PARA__L1-2.__PARA__L2-5.__PARA__L3-70.__PIPE__L0-off.__PIPE__L2-NA.__TILE__L0-1.__TILE__L2-1,target,query,query,finetune_dataset,data_261.pt,17009.0,graphgps_lite,1,50,paper_exact_seed1,4.599742889404297,4.499774932861328,0.09996795654296875,0.10000000149011612,0.12211038172245026,0.022110380232334137,0.07000000029802322,0.07701475918292999,0.007014758884906769,0.10999999940395355,0.09988874197006226,0.010111257433891296,0.009999999776482582,0.027474619448184967,0.017474619671702385
016fd66966844ecf,gemm-p,gemm-p,lv2:__PARA__L0-1.__PARA__L1-5.__PARA__L2-16.__PARA__L3-1.__PIPE__L0-off.__PIPE__L2-flatten.__TILE__L0-1.__TILE__L2-2,target,query,query,finetune_dataset,data_308.pt,87381.0,graphgps_lite,1,50,paper_exact_seed1,3.4192323684692383,3.8849895000457764,0.4657571315765381,0.4099999964237213,0.16420264542102814,0.24579735100269318,0.03999999910593033,0.06863069534301758,0.02863069623708725,0.03999999910593033,0.10990861058235168,0.06990861147642136,0.019999999552965164,0.011539608240127563,0.0084603913128376
5da4f0b9ddf1dc15,gemm-p,gemm-p,lv2:__PARA__L0-1.__PARA__L1-1.__PARA__L2-1.__PARA__L3-70.__PIPE__L0-off.__PIPE__L2-NA.__TILE__L0-1.__TILE__L2-1,target,query,query,finetune_dataset,data_98.pt,32530.0,graphgps_lite,1,50,paper_exact_seed1,4.132006645202637,4.249222278594971,0.11721563339233398,0.019999999552965164,0.10020922124385834,0.08020922541618347,0.009999999776482582,0.04811398684978485,0.03811398893594742,0.019999999552965164,0.04203374683856964,0.022033747285604477,0.05000000074505806,0.04149836301803589,0.008501637727022171
392ecd77c14e7fb5,gemm-p,gemm-p,lv2:__PARA__L0-3.__PARA__L1-32.__PARA__L2-1.__PARA__L3-1.__PIPE__L0-NA.__PIPE__L2-flatten.__TILE__L0-1.__TILE__L2-80,target,query,query,finetune_dataset,data_380.pt,32157.0,graphgps_lite,1,50,paper_exact_seed1,4.140325546264648,4.092514991760254,0.04781055450439453,0.05999999865889549,0.0984480008482933,0.03844800218939781,0.019999999552965164,0.031941354274749756,0.011941354721784592,0.03999999910593033,0.04972809553146362,0.009728096425533295,0.05000000074505806,0.04428926110267639,0.005710739642381668
0603f124845f13e3,gemm-p,gemm-p,lv2:__PARA__L0-30.__PARA__L1-32.__PARA__L2-10.__PARA__L3-1.__PIPE__L0-NA.__PIPE__L2-flatten.__TILE__L0-2.__TILE__L2-1,target,query,query,finetune_dataset,data_392.pt,15139.0,graphgps_lite,1,50,paper_exact_seed1,4.683757305145264,4.971567153930664,0.2878098487854004,0.23000000417232513,0.26870352029800415,0.038703516125679016,0.1599999964237213,0.15215107798576355,0.007848918437957764,0.2199999988079071,0.18871428072452545,0.03128571808338165,0.009999999776482582,0.0007155537605285645,0.009284446015954018
280ae587561178ad,gemm-p,gemm-p,lv2:__PARA__L0-1.__PARA__L1-1.__PARA__L2-1.__PARA__L3-14.__PIPE__L0-off.__PIPE__L2-off.__TILE__L0-1.__TILE__L2-1,target,query,query,finetune_dataset,data_83.pt,149233.0,graphgps_lite,1,50,paper_exact_seed1,3.03314471244812,2.6433894634246826,0.3897552490234375,0.029999999329447746,0.0010394304990768433,0.028960568830370903,0.009999999776482582,-0.010974422097206116,0.020974421873688698,0.019999999552965164,0.012656673789024353,0.007343325763940811,0.029999999329447746,0.017131701111793518,0.012868298217654228
2e5b78aa62dc3423,gemm-p,gemm-p,lv2:__PARA__L0-12.__PARA__L1-32.__PARA__L2-16.__PARA__L3-1.__PIPE__L0-off.__PIPE__L2-flatten.__TILE__L0-1.__TILE__L2-1,target,query,query,finetune_dataset,data_345.pt,10982.0,graphgps_lite,1,50,paper_exact_seed1,4.9153218269348145,5.018499374389648,0.10317754745483398,0.3499999940395355,0.29938480257987976,0.05061519145965576,0.23999999463558197,0.18453367054462433,0.05546632409095764,0.36000001430511475,0.251404345035553,0.10859566926956177,0.009999999776482582,0.0005268454551696777,0.009473154321312904
743b937051155488,gemm-p,gemm-p,lv2:__PARA__L0-1.__PARA__L1-1.__PARA__L2-10.__PARA__L3-14.__PIPE__L0-off.__PIPE__L2-off.__TILE__L0-1.__TILE__L2-1,target,query,query,finetune_dataset,data_107.pt,12490.0,graphgps_lite,1,50,paper_exact_seed1,4.822505474090576,4.078534126281738,0.7439713478088379,0.14000000059604645,0.0920080691576004,0.047991931438446045,0.09000000357627869,0.034485891461372375,0.05551411211490631,0.23000000417232513,0.0733407735824585,0.15665923058986664,0.009999999776482582,0.032889753580093384,0.0228897538036108
62890e23a27ff562,gemm-p,gemm-p,lv2:__PARA__L0-1.__PARA__L1-1.__PARA__L2-2.__PARA__L3-10.__PIPE__L0-off.__PIPE__L2-NA.__TILE__L0-1.__TILE__L2-1,target,query,query,finetune_dataset,data_134.pt,108370.0,graphgps_lite,1,50,paper_exact_seed1,3.2639453411102295,3.3496532440185547,0.0857079029083252,0.03999999910593033,0.05516500771045685,0.01516500860452652,0.019999999552965164,0.016116216778755188,0.003883782774209976,0.029999999329447746,0.01682053506374359,0.013179464265704155,0.019999999552965164,0.020896971225738525,0.0008969716727733612
ee52790391382ef9,gemm-p,gemm-p,lv2:__PARA__L0-1.__PARA__L1-1.__PARA__L2-4.__PARA__L3-5.__PIPE__L0-off.__PIPE__L2-off.__TILE__L0-1.__TILE__L2-1,target,query,query,finetune_dataset,data_185.pt,28505.0,graphgps_lite,1,50,paper_exact_seed1,4.2272844314575195,3.164752244949341,1.0625321865081787,0.029999999329447746,0.04153470695018768,0.011534707620739937,0.019999999552965164,0.0009824782609939575,0.019017521291971207,0.029999999329447746,0.04006023705005646,0.010060237720608711,0.029999999329447746,0.027712643146514893,0.0022873561829328537
8f2590bc737e2222,gemm-p,gemm-p,lv2:__PARA__L0-1.__PARA__L1-1.__PARA__L2-2.__PARA__L3-10.__PIPE__L0-off.__PIPE__L2-off.__TILE__L0-1.__TILE__L2-2,target,query,query,finetune_dataset,data_136.pt,467405.0,graphgps_lite,1,50,paper_exact_seed1,2.2095916271209717,2.6945712566375732,0.48497962951660156,0.009999999776482582,0.03295677900314331,0.02295677922666073,0.0,0.0032588690519332886,0.0032588690519332886,0.0,0.04193072021007538,0.04193072021007538,0.019999999552965164,0.02735021710395813,0.007350217550992966
4d458343fcb07dcf,gemm-p,gemm-p,lv2:__PARA__L0-1.__PARA__L1-2.__PARA__L2-16.__PARA__L3-70.__PIPE__L0-off.__PIPE__L2-off.__TILE__L0-1.__TILE__L2-1,target,query,query,finetune_dataset,data_253.pt,12487.0,graphgps_lite,1,50,paper_exact_seed1,4.822678565979004,4.658863067626953,0.16381549835205078,0.3199999928474426,0.14777284860610962,0.172227144241333,0.23999999463558197,0.08686120808124542,0.15313878655433655,0.36000001430511475,0.13974404335021973,0.22025597095489502,0.009999999776482582,0.025372333824634552,0.01537233404815197
a7da740e9473f8d8,gemm-p,gemm-p,lv2:__PARA__L0-1.__PARA__L1-5.__PARA__L2-8.__PARA__L3-1.__PIPE__L0-off.__PIPE__L2-flatten.__TILE__L0-1.__TILE__L2-1,target,query,query,finetune_dataset,data_321.pt,12127.0,graphgps_lite,1,50,paper_exact_seed1,4.843780994415283,3.932274580001831,0.9115064144134521,0.17000000178813934,0.1570470929145813,0.012952908873558044,0.11999999731779099,0.06608164310455322,0.05391835421323776,0.18000000715255737,0.09531940519809723,0.08468060195446014,0.009999999776482582,0.013322487473487854,0.003322487697005272
52cc73074533db20,gemm-p,gemm-p,lv2:__PARA__L0-1.__PARA__L1-1.__PARA__L2-1.__PARA__L3-14.__PIPE__L0-off.__PIPE__L2-off.__TILE__L0-1.__TILE__L2-4,target,query,query,finetune_dataset,data_85.pt,417715.0,graphgps_lite,1,50,paper_exact_seed1,2.2906687259674072,2.2264692783355713,0.06419944763183594,0.009999999776482582,0.049704357981681824,0.03970436006784439,0.0,0.005136594176292419,0.005136594176292419,0.0,0.03794384002685547,0.03794384002685547,0.019999999552965164,0.03237856924533844,0.012378569692373276
611cf3a0b00df0dd,gemm-p,gemm-p,lv2:__PARA__L0-1.__PARA__L1-1.__PARA__L2-8.__PARA__L3-70.__PIPE__L0-off.__PIPE__L2-off.__TILE__L0-1.__TILE__L2-1,target,query,query,finetune_dataset,data_230.pt,15487.0,graphgps_lite,1,50,paper_exact_seed1,4.667363166809082,4.476480484008789,0.19088268280029297,0.17000000178813934,0.13077417016029358,0.039225831627845764,0.11999999731779099,0.09081204235553741,0.02918795496225357,0.18000000715255737,0.12414563447237015,0.055854372680187225,0.009999999776482582,0.02674093097448349,0.016740931198000908
983a5a4659353237,gemm-p,gemm-p,lv2:__PARA__L0-1.__PARA__L1-16.__PARA__L2-1.__PARA__L3-32.__PIPE__L0-off.__PIPE__L2-off.__TILE__L0-1.__TILE__L2-80,target,query,query,finetune_dataset,data_235.pt,285589.0,graphgps_lite,1,50,paper_exact_seed1,2.564957857131958,2.4062883853912354,0.15866947174072266,0.009999999776482582,-0.029445752501487732,0.039445750415325165,0.009999999776482582,-0.032318294048309326,0.04231829196214676,0.019999999552965164,-0.036109402775764465,0.05610940232872963,0.05000000074505806,0.004902377724647522,0.04509762302041054
b5eb6d88728a2b5b,gemm-p,gemm-p,lv2:__PARA__L0-15.__PARA__L1-32.__PARA__L2-16.__PARA__L3-1.__PIPE__L0-off.__PIPE__L2-flatten.__TILE__L0-1.__TILE__L2-1,target,query,query,finetune_dataset,data_357.pt,11552.0,graphgps_lite,1,50,paper_exact_seed1,4.878820896148682,5.028738975524902,0.1499180793762207,0.3499999940395355,0.30015191435813904,0.049848079681396484,0.23999999463558197,0.18483509123325348,0.05516490340232849,0.36000001430511475,0.25259026885032654,0.10740974545478821,0.009999999776482582,0.00037814676761627197,0.00962185300886631
ff6397e9e2d76d85,gemm-p,gemm-p,lv2:__PARA__L0-15.__PARA__L1-32.__PARA__L2-1.__PARA__L3-1.__PIPE__L0-off.__PIPE__L2-flatten.__TILE__L0-4.__TILE__L2-1,target,query,query,finetune_dataset,data_350.pt,42692.0,graphgps_lite,1,50,paper_exact_seed1,3.9359092712402344,4.136477470397949,0.20056819915771484,0.05999999865889549,0.08557306975126266,0.025573071092367172,0.019999999552965164,0.025278180837631226,0.005278181284666061,0.03999999910593033,0.058774419128894806,0.018774420022964478,0.05000000074505806,0.047922953963279724,0.0020770467817783356
c03aaad6566026ef,gemm-p,gemm-p,lv2:__PARA__L0-1.__PARA__L1-1.__PARA__L2-16.__PARA__L3-1.__PIPE__L0-off.__PIPE__L2-flatten.__TILE__L0-1.__TILE__L2-1,target,query,query,finetune_dataset,data_120.pt,14587.0,graphgps_lite,1,50,paper_exact_seed1,4.710550308227539,4.234533309936523,0.4760169982910156,0.3199999928474426,0.19370003044605255,0.12629996240139008,0.23999999463558197,0.0783514529466629,0.16164854168891907,0.36000001430511475,0.09128160774707794,0.268718421459198,0.009999999776482582,0.015948712825775146,0.005948713049292564
acf1639642ef82bf,gemm-p,gemm-p,lv2:__PARA__L0-3.__PARA__L1-16.__PARA__L2-16.__PARA__L3-1.__PIPE__L0-NA.__PIPE__L2-flatten.__TILE__L0-1.__TILE__L2-1,target,query,query,finetune_dataset,data_378.pt,9453.0,graphgps_lite,1,50,paper_exact_seed1,5.023469924926758,4.973755836486816,0.049714088439941406,0.3499999940395355,0.28805795311927795,0.06194204092025757,0.23999999463558197,0.1776956170797348,0.06230437755584717,0.36000001430511475,0.2233838438987732,0.13661617040634155,0.009999999776482582,0.002539128065109253,0.007460871711373329
a50488c2aafe6541,gemm-p,gemm-p,lv2:__PARA__L0-20.__PARA__L1-32.__PARA__L2-1.__PARA__L3-1.__PIPE__L0-off.__PIPE__L2-flatten.__TILE__L0-1.__TILE__L2-80,target,query,query,finetune_dataset,data_373.pt,47106.0,graphgps_lite,1,50,paper_exact_seed1,3.8649368286132812,4.103416442871094,0.2384796142578125,0.05999999865889549,0.1013593003153801,0.041359301656484604,0.019999999552965164,0.03138042986392975,0.011380430310964584,0.03999999910593033,0.04855450987815857,0.008554510772228241,0.05000000074505806,0.04500950127840042,0.0049904994666576385
f20696703ce2bad2,gemm-p,gemm-p,lv2:__PARA__L0-1.__PARA__L1-5.__PARA__L2-2.__PARA__L3-1.__PIPE__L0-off.__PIPE__L2-flatten.__TILE__L0-1.__TILE__L2-4,target,query,query,finetune_dataset,data_312.pt,234616.0,graphgps_lite,1,50,paper_exact_seed1,2.706777334213257,2.623119831085205,0.08365750312805176,0.20000000298023224,0.13368308544158936,0.06631691753864288,0.029999999329447746,0.06939099729061127,0.03939099609851837,0.019999999552965164,0.03991040587425232,0.019910406321287155,0.009999999776482582,0.03942777216434479,0.029427772387862206
7fa62088f5c322db,gemm-p,gemm-p,lv2:__PARA__L0-5.__PARA__L1-32.__PARA__L2-16.__PARA__L3-1.__PIPE__L0-off.__PIPE__L2-flatten.__TILE__L0-1.__TILE__L2-1,target,query,query,finetune_dataset,data_417.pt,9680.0,graphgps_lite,1,50,paper_exact_seed1,5.00635290145874,5.013761520385742,0.007408618927001953,0.3499999940395355,0.2826825976371765,0.06731739640235901,0.23999999463558197,0.17776422202587128,0.06223577260971069,0.36000001430511475,0.2217773199081421,0.13822269439697266,0.009999999776482582,0.0022564977407455444,0.007743502035737038
f65b37928b1e91ab,gemm-p,gemm-p,lv2:__PARA__L0-1.__PARA__L1-1.__PARA__L2-20.__PARA__L3-7.__PIPE__L0-off.__PIPE__L2-off.__TILE__L0-1.__TILE__L2-1,target,query,query,finetune_dataset,data_169.pt,15723.0,graphgps_lite,1,50,paper_exact_seed1,4.656454086303711,4.230384826660156,0.4260692596435547,0.1599999964237213,0.10773617774248123,0.05226381868124008,0.10000000149011612,0.04233384132385254,0.05766616016626358,0.25,0.08727100491523743,0.16272899508476257,0.019999999552965164,0.03445298969745636,0.014452990144491196
cea38462f341abd7,gemm-p,gemm-p,lv2:__PARA__L0-1.__PARA__L1-1.__PARA__L2-4.__PARA__L3-7.__PIPE__L0-off.__PIPE__L2-off.__TILE__L0-1.__TILE__L2-4,target,query,query,finetune_dataset,data_191.pt,310979.0,graphgps_lite,1,50,paper_exact_seed1,2.5035195350646973,1.753084659576416,0.7504348754882812,0.009999999776482582,-0.015854433178901672,0.025854432955384254,0.0,-0.0010759681463241577,0.0010759681463241577,0.009999999776482582,-0.024539127945899963,0.034539125859737396,0.029999999329447746,0.029174014925956726,0.0008259844034910202
a500ff984dfff670,gemm-p,gemm-p,lv2:__PARA__L0-1.__PARA__L1-2.__PARA__L2-8.__PARA__L3-70.__PIPE__L0-off.__PIPE__L2-NA.__TILE__L0-1.__TILE__L2-1,target,query,query,finetune_dataset,data_264.pt,13387.0,graphgps_lite,1,50,paper_exact_seed1,4.772475719451904,4.542442321777344,0.23003339767456055,0.17000000178813934,0.13290169835090637,0.03709830343723297,0.11999999731779099,0.0862099826335907,0.03379001468420029,0.18000000715255737,0.11376059055328369,0.06623941659927368,0.009999999776482582,0.025661878287792206,0.015661878511309624
332dfe5c4fbd6b6a,gemm-p,gemm-p,lv2:__PARA__L0-1.__PARA__L1-1.__PARA__L2-8.__PARA__L3-70.__PIPE__L0-off.__PIPE__L2-NA.__TILE__L0-1.__TILE__L2-1,target,query,query,finetune_dataset,data_229.pt,15487.0,graphgps_lite,1,50,paper_exact_seed1,4.667363166809082,4.45338249206543,0.21398067474365234,0.17000000178813934,0.1260930299758911,0.04390697181224823,0.11999999731779099,0.09928737580776215,0.02071262151002884,0.18000000715255737,0.11901678144931793,0.06098322570323944,0.009999999776482582,0.038586027920246124,0.028586028143763542
a3d4be369c427331,gemm-p,gemm-p,lv2:__PARA__L0-1.__PARA__L1-1.__PARA__L2-10.__PARA__L3-70.__PIPE__L0-off.__PIPE__L2-off.__TILE__L0-1.__TILE__L2-1,target,query,query,finetune_dataset,data_119.pt,14947.0,graphgps_lite,1,50,paper_exact_seed1,4.69296407699585,4.553768157958984,0.13919591903686523,0.20999999344348907,0.14166989922523499,0.06833009421825409,0.15000000596046448,0.10245022922754288,0.0475497767329216,0.2199999988079071,0.1406615972518921,0.07933840155601501,0.009999999776482582,0.02715272456407547,0.017152724787592888
2ec4102f44654268,gemm-p,gemm-p,lv2:__PARA__L0-30.__PARA__L1-32.__PARA__L2-1.__PARA__L3-1.__PIPE__L0-off.__PIPE__L2-flatten.__TILE__L0-2.__TILE__L2-1,target,query,query,finetune_dataset,data_390.pt,55939.0,graphgps_lite,1,50,paper_exact_seed1,3.740964889526367,4.1959123611450195,0.45494747161865234,0.05999999865889549,0.08048582077026367,0.02048582211136818,0.019999999552965164,0.020218029618263245,0.00021803006529808044,0.03999999910593033,0.05506215989589691,0.015062160789966583,0.05000000074505806,0.046420201659202576,0.003579799085855484
4c42e6320195dd32,gemm-p,gemm-p,lv2:__PARA__L0-15.__PARA__L1-32.__PARA__L2-10.__PARA__L3-1.__PIPE__L0-off.__PIPE__L2-flatten.__TILE__L0-4.__TILE__L2-1,target,query,query,finetune_dataset,data_354.pt,12092.0,graphgps_lite,1,50,paper_exact_seed1,4.845865726470947,4.8745527267456055,0.028687000274658203,0.23000000417232513,0.277132511138916,0.04713250696659088,0.1599999964237213,0.15867038071155548,0.0013296157121658325,0.2199999988079071,0.20420405268669128,0.01579594612121582,0.009999999776482582,0.0030689537525177,0.006931046023964882
a8d1f1840483035f,gemm-p,gemm-p,lv2:__PARA__L0-1.__PARA__L1-5.__PARA__L2-2.__PARA__L3-1.__PIPE__L0-off.__PIPE__L2-flatten.__TILE__L0-1.__TILE__L2-2,target,query,query,finetune_dataset,data_311.pt,425416.0,graphgps_lite,1,50,paper_exact_seed1,2.2774908542633057,3.6808652877807617,1.403374433517456,0.20000000298023224,0.09000609815120697,0.10999390482902527,0.029999999329447746,0.038287729024887085,0.008287729695439339,0.019999999552965164,0.025220096111297607,0.005220096558332443,0.009999999776482582,0.037736013531684875,0.027736013755202293
12af4cbbb23a055b,gemm-p,gemm-p,lv2:__PARA__L0-1.__PARA__L1-1.__PARA__L2-2.__PARA__L3-1.__PIPE__L0-off.__PIPE__L2-flatten.__TILE__L0-1.__TILE__L2-1,target,query,query,finetune_dataset,data_133.pt,35647.0,graphgps_lite,1,50,paper_exact_seed1,4.066001892089844,4.099400520324707,0.03339862823486328,0.03999999910593033,0.06816242635250092,0.028162427246570587,0.019999999552965164,0.011651769280433655,0.00834823027253151,0.019999999552965164,0.04229564964771271,0.022295650094747543,0.009999999776482582,0.04937495291233063,0.039374954998493195
872b368f13acc874,gemm-p,gemm-p,lv2:__PARA__L0-1.__PARA__L1-1.__PARA__L2-2.__PARA__L3-2.__PIPE__L0-off.__PIPE__L2-off.__TILE__L0-1.__TILE__L2-2,target,query,query,finetune_dataset,data_144.pt,2110866.0,graphgps_lite,1,50,paper_exact_seed1,1.1220465898513794,2.31264066696167,1.1905940771102905,0.0,0.020332887768745422,0.020332887768745422,0.0,-0.01252223551273346,0.01252223551273346,0.0,0.05559050291776657,0.05559050291776657,0.009999999776482582,0.017840757966041565,0.007840758189558983
aac0800511161706,gemm-p,gemm-p,lv2:__PARA__L0-1.__PARA__L1-1.__PARA__L2-5.__PARA__L3-14.__PIPE__L0-off.__PIPE__L2-NA.__TILE__L0-1.__TILE__L2-1,target,query,query,finetune_dataset,data_198.pt,54212.0,graphgps_lite,1,50,paper_exact_seed1,3.7635860443115234,4.232091903686523,0.468505859375,0.10999999940395355,0.09793610870838165,0.0120638906955719,0.05000000074505806,0.03868436813354492,0.011315632611513138,0.11999999731779099,0.07970224320888519,0.04029775410890579,0.03999999910593033,0.03424737602472305,0.005752623081207275
3bbf8f2298a825c7,gemm-p,gemm-p,lv2:__PARA__L0-10.__PARA__L1-16.__PARA__L2-16.__PARA__L3-1.__PIPE__L0-off.__PIPE__L2-flatten.__TILE__L0-1.__TILE__L2-1,target,query,query,finetune_dataset,data_332.pt,10763.0,graphgps_lite,1,50,paper_exact_seed1,4.92985200881958,4.992424011230469,0.06257200241088867,0.3499999940395355,0.3035234808921814,0.046476513147354126,0.23999999463558197,0.18526262044906616,0.05473737418651581,0.36000001430511475,0.25520920753479004,0.10479080677032471,0.009999999776482582,0.0009486377239227295,0.009051362052559853
3f18368258c4b3db,gemm-p,gemm-p,lv2:__PARA__L0-6.__PARA__L1-32.__PARA__L2-10.__PARA__L3-1.__PIPE__L0-NA.__PIPE__L2-flatten.__TILE__L0-1.__TILE__L2-8,target,query,query,finetune_dataset,data_421.pt,10292.0,graphgps_lite,1,50,paper_exact_seed1,4.962130546569824,4.795890808105469,0.16623973846435547,0.23000000417232513,0.22806298732757568,0.0019370168447494507,0.1599999964237213,0.108631432056427,0.05136856436729431,0.2199999988079071,0.13871176540851593,0.08128823339939117,0.009999999776482582,0.0028839558362960815,0.0071160439401865005
f155813f1414fb40,gemm-p,gemm-p,lv2:__PARA__L0-1.__PARA__L1-70.__PARA__L2-1.__PARA__L3-32.__PIPE__L0-off.__PIPE__L2-off.__TILE__L0-1.__TILE__L2-80,target,query,query,finetune_dataset,data_326.pt,251089.0,graphgps_lite,1,50,paper_exact_seed1,2.6578285694122314,2.782292127609253,0.12446355819702148,0.029999999329447746,-0.006072476506233215,0.03607247769832611,0.019999999552965164,-0.023663371801376343,0.04366337135434151,0.07999999821186066,-0.02971164882183075,0.1097116470336914,0.03999999910593033,0.01322963833808899,0.02677036076784134
15d5eb53c98795f2,gemm-p,gemm-p,lv2:__PARA__L0-1.__PARA__L1-1.__PARA__L2-4.__PARA__L3-10.__PIPE__L0-off.__PIPE__L2-off.__TILE__L0-1.__TILE__L2-2,target,query,query,finetune_dataset,data_174.pt,312005.0,graphgps_lite,1,50,paper_exact_seed1,2.501143455505371,3.0918171405792236,0.5906736850738525,0.009999999776482582,0.032408371567726135,0.022408371791243553,0.009999999776482582,0.01703670620918274,0.007036706432700157,0.009999999776482582,0.05098365247249603,0.0409836545586586,0.029999999329447746,0.03202119469642639,0.0020211953669786453
11afce2ecc6de15c,gemm-p,gemm-p,lv2:__PARA__L0-1.__PARA__L1-1.__PARA__L2-10.__PARA__L3-10.__PIPE__L0-off.__PIPE__L2-off.__TILE__L0-1.__TILE__L2-1,target,query,query,finetune_dataset,data_104.pt,12550.0,graphgps_lite,1,50,paper_exact_seed1,4.8190484046936035,4.108717918395996,0.7103304862976074,0.10999999940395355,0.08447012305259705,0.025529876351356506,0.07000000029802322,0.034311443567276,0.03568855673074722,0.17000000178813934,0.07699476927518845,0.0930052325129509,0.009999999776482582,0.03512144833803177,0.025121448561549187
c2ee75a2842c4990,gemm-p,gemm-p,lv2:__PARA__L0-1.__PARA__L1-1.__PARA__L2-8.__PARA__L3-1.__PIPE__L0-off.__PIPE__L2-flatten.__TILE__L0-1.__TILE__L2-1,target,query,query,finetune_dataset,data_213.pt,15487.0,graphgps_lite,1,50,paper_exact_seed1,4.667363166809082,4.174482345581055,0.49288082122802734,0.17000000178813934,0.1565500944852829,0.013449907302856445,0.11999999731779099,0.05853657424449921,0.06146342307329178,0.18000000715255737,0.0652230903506279,0.11477691680192947,0.009999999776482582,0.016830310225486755,0.006830310449004173
298a63f3c60efac6,gemm-p,gemm-p,lv2:__PARA__L0-10.__PARA__L1-32.__PARA__L2-1.__PARA__L3-1.__PIPE__L0-off.__PIPE__L2-flatten.__TILE__L0-1.__TILE__L2-80,target,query,query,finetune_dataset,data_334.pt,38283.0,graphgps_lite,1,50,paper_exact_seed1,4.014540195465088,4.091924667358398,0.07738447189331055,0.05999999865889549,0.10302639752626419,0.0430263988673687,0.019999999552965164,0.032771602272987366,0.012771602720022202,0.03999999910593033,0.048608630895614624,0.008608631789684296,0.05000000074505806,0.04499707370996475,0.0050029270350933075
fbc52266ca9a83a7,gemm-p,gemm-p,lv2:__PARA__L0-1.__PARA__L1-1.__PARA__L2-10.__PARA__L3-5.__PIPE__L0-off.__PIPE__L2-off.__TILE__L0-1.__TILE__L2-2,target,query,query,finetune_dataset,data_114.pt,359269.0,graphgps_lite,1,50,paper_exact_seed1,2.3993959426879883,3.092702865600586,0.6933069229125977,0.009999999776482582,0.023574218153953552,0.01357421837747097,0.009999999776482582,0.004985123872756958,0.005014875903725624,0.009999999776482582,0.030721858143806458,0.020721858367323875,0.029999999329447746,0.02595556527376175,0.004044434055685997
2d76745aabbd6108,gemm-p,gemm-p,lv2:__PARA__L0-1.__PARA__L1-2.__PARA__L2-5.__PARA__L3-70.__PIPE__L0-off.__PIPE__L2-off.__TILE__L0-1.__TILE__L2-1,target,query,query,finetune_dataset,data_262.pt,17009.0,graphgps_lite,1,50,paper_exact_seed1,4.599742889404297,4.450966835021973,0.14877605438232422,0.10000000149011612,0.11094126850366592,0.010941267013549805,0.07000000029802322,0.04741309583187103,0.02258690446615219,0.10999999940395355,0.09249060600996017,0.017509393393993378,0.009999999776482582,0.020888373255729675,0.010888373479247093
6aa4b8ebca535257,gemm-p,gemm-p,lv2:__PARA__L0-1.__PARA__L1-5.__PARA__L2-5.__PARA__L3-1.__PIPE__L0-off.__PIPE__L2-flatten.__TILE__L0-1.__TILE__L2-1,target,query,query,finetune_dataset,data_318.pt,15749.0,graphgps_lite,1,50,paper_exact_seed1,4.655261993408203,4.245126724243164,0.41013526916503906,0.10000000149011612,0.18603631854057312,0.086036317050457,0.07000000029802322,0.10653901100158691,0.03653901070356369,0.10999999940395355,0.14938339591026306,0.03938339650630951,0.009999999776482582,0.02552202343940735,0.015522023662924767
7a4fecb14c6c0c25,jacobi-2d,jacobi-2d,lv2:__PARA__L0-1.__PARA__L1-1.__PARA__L2-2.__PARA__L3-1.__PARA__L4-1.__PIPE__L0-off.__PIPE__L1-off.__PIPE__L2-flatten.__TILE__L0-1.__TILE__L1-8.__TILE__L2-8,target,query,query,finetune_dataset,data_740.pt,4086961.0,graphgps_lite,1,50,paper_exact_seed1,0.6454498171806335,0.5911666750907898,0.05428314208984375,0.6499999761581421,0.7318414449691772,0.08184146881103516,0.30000001192092896,0.31288090348243713,0.012880891561508179,0.6200000047683716,0.641717791557312,0.02171778678894043,0.03999999910593033,0.07571771740913391,0.03571771830320358
346b59020b3c9f7f,jacobi-2d,jacobi-2d,lv2:__PARA__L0-1.__PARA__L1-1.__PARA__L2-2.__PARA__L3-8.__PARA__L4-8.__PIPE__L0-off.__PIPE__L1-off.__PIPE__L2-NA.__TILE__L0-40.__TILE__L1-1.__TILE__L2-1,target,query,query,finetune_dataset,data_764.pt,2234324.0,graphgps_lite,1,50,paper_exact_seed1,1.0810447931289673,1.2811574935913086,0.2001127004623413,0.03999999910593033,0.0439150333404541,0.003915034234523773,0.019999999552965164,0.015360906720161438,0.004639092832803726,0.029999999329447746,0.005776822566986084,0.024223176762461662,0.009999999776482582,0.020842626690864563,0.010842626914381981
23c169e25e719702,jacobi-2d,jacobi-2d,lv2:__PARA__L0-1.__PARA__L1-1.__PARA__L2-1.__PARA__L3-2.__PARA__L4-2.__PIPE__L0-off.__PIPE__L1-off.__PIPE__L2-off.__TILE__L0-1.__TILE__L1-1.__TILE__L2-1,target,query,query,finetune_dataset,data_693.pt,934804.0,graphgps_lite,1,50,paper_exact_seed1,1.7095961570739746,1.7705681324005127,0.060971975326538086,0.009999999776482582,-0.02409355342388153,0.034093551337718964,0.0,-0.0073009878396987915,0.0073009878396987915,0.0,-0.07516951858997345,0.07516951858997345,0.019999999552965164,0.03685358166694641,0.016853582113981247
142874636a43cf48,jacobi-2d,jacobi-2d,lv2:__PARA__L0-1.__PARA__L1-2.__PARA__L2-22.__PARA__L3-8.__PARA__L4-8.__PIPE__L0-off.__PIPE__L1-NA.__PIPE__L2-off.__TILE__L0-1.__TILE__L1-1.__TILE__L2-4,target,query,query,finetune_dataset,data_850.pt,4504601.0,graphgps_lite,1,50,paper_exact_seed1,0.5752643942832947,0.6241113543510437,0.04884696006774902,0.05000000074505806,0.07229768484830856,0.022297684103250504,0.019999999552965164,0.04288320243358612,0.022883202880620956,0.05000000074505806,0.041512563824653625,0.008487436920404434,0.009999999776482582,0.027668826282024384,0.0176688265055418
4637e626d89ad040,jacobi-2d,jacobi-2d,lv2:__PARA__L0-1.__PARA__L1-1.__PARA__L2-1.__PARA__L3-1.__PARA__L4-1.__PIPE__L0-off.__PIPE__L1-off.__PIPE__L2-flatten.__TILE__L0-1.__TILE__L1-1.__TILE__L2-4,target,query,query,finetune_dataset,data_661.pt,4250601.0,graphgps_lite,1,50,paper_exact_seed1,0.6171306371688843,0.6116467714309692,0.005483865737915039,0.2800000011920929,0.2586362361907959,0.021363765001296997,0.2199999988079071,0.10857101529836655,0.11142898350954056,0.18000000715255737,0.23616650700569153,0.056166499853134155,0.25,0.2009657621383667,0.0490342378616333
8cbc0be880d00682,jacobi-2d,jacobi-2d,lv2:__PARA__L0-1.__PARA__L1-11.__PARA__L2-2.__PARA__L3-8.__PARA__L4-1.__PIPE__L0-off.__PIPE__L1-off.__PIPE__L2-flatten.__TILE__L0-1.__TILE__L1-8.__TILE__L2-8,target,query,query,finetune_dataset,data_803.pt,4315441.0,graphgps_lite,1,50,paper_exact_seed1,0.6062100529670715,0.5760346055030823,0.030175447463989258,0.8799999952316284,0.8603179454803467,0.01968204975128174,0.38999998569488525,0.37284231185913086,0.017157673835754395,0.7900000214576721,0.7695943713188171,0.02040565013885498,0.009999999776482582,0.03535165637731552,0.02535165660083294
c47c75864cb27766,jacobi-2d,jacobi-2d,lv2:__PARA__L0-1.__PARA__L1-1.__PARA__L2-2.__PARA__L3-8.__PARA__L4-1.__PIPE__L0-off.__PIPE__L1-NA.__PIPE__L2-flatten.__TILE__L0-1.__TILE__L1-8.__TILE__L2-8,target,query,query,finetune_dataset,data_760.pt,4087761.0,graphgps_lite,1,50,paper_exact_seed1,0.6453086137771606,0.5815950036048889,0.06371361017227173,0.8899999856948853,0.7962629199028015,0.09373706579208374,0.38999998569488525,0.3478880226612091,0.04211196303367615,0.7900000214576721,0.688952624797821,0.10104739665985107,0.0,0.0449657142162323,0.0449657142162323
91db491a7d7940c7,jacobi-2d,jacobi-2d,lv2:__PARA__L0-1.__PARA__L1-1.__PARA__L2-2.__PARA__L3-32.__PARA__L4-1.__PIPE__L0-off.__PIPE__L1-off.__PIPE__L2-flatten.__TILE__L0-1.__TILE__L1-1.__TILE__L2-8,target,query,query,finetune_dataset,data_755.pt,5748921.0,graphgps_lite,1,50,paper_exact_seed1,0.3993184566497803,0.5868803262710571,0.18756186962127686,0.8799999952316284,0.7352612018585205,0.1447387933731079,0.4000000059604645,0.33114752173423767,0.0688524842262268,0.7699999809265137,0.6189882755279541,0.15101170539855957,0.12999999523162842,0.05371144413948059,0.07628855109214783
27b6de971e060e79,jacobi-2d,jacobi-2d,lv2:__PARA__L0-1.__PARA__L1-4.__PARA__L2-11.__PARA__L3-1.__PARA__L4-4.__PIPE__L0-off.__PIPE__L1-flatten.__PIPE__L2-NA.__TILE__L0-1.__TILE__L1-8.__TILE__L2-8,target,query,query,finetune_dataset,data_892.pt,4421441.0,graphgps_lite,1,50,paper_exact_seed1,0.5887057185173035,0.5969465970993042,0.008240878582000732,1.4600000381469727,1.0378403663635254,0.42215967178344727,0.6499999761581421,0.38898593187332153,0.26101404428482056,1.2899999618530273,0.8897878527641296,0.4002121090888977,0.0,-0.0011993199586868286,0.0011993199586868286
ecca3737fdfbc6d8,jacobi-2d,jacobi-2d,lv2:__PARA__L0-1.__PARA__L1-4.__PARA__L2-2.__PARA__L3-1.__PARA__L4-1.__PIPE__L0-off.__PIPE__L1-off.__PIPE__L2-flatten.__TILE__L0-1.__TILE__L1-1.__TILE__L2-8,target,query,query,finetune_dataset,data_894.pt,4272001.0,graphgps_lite,1,50,paper_exact_seed1,0.6135080456733704,0.5866684913635254,0.02683955430984497,0.8700000047683716,0.7516871690750122,0.11831283569335938,0.3799999952316284,0.3376726508140564,0.04232734441757202,0.7699999809265137,0.6731246709823608,0.09687530994415283,0.03999999910593033,0.04481734335422516,0.00481734424829483
6698cf09c23d6af0,jacobi-2d,jacobi-2d,lv2:__PARA__L0-1.__PARA__L1-2.__PARA__L2-4.__PARA__L3-8.__PARA__L4-8.__PIPE__L0-off.__PIPE__L1-NA.__PIPE__L2-NA.__TILE__L0-1.__TILE__L1-1.__TILE__L2-1,target,query,query,finetune_dataset,data_858.pt,4390681.0,graphgps_lite,1,50,paper_exact_seed1,0.5937417149543762,0.6240249872207642,0.03028327226638794,0.05000000074505806,0.0252620130777359,0.02473798766732216,0.019999999552965164,0.020281165838241577,0.00028116628527641296,0.05000000074505806,-0.010311603546142578,0.06031160429120064,0.0,0.01654551923274994,0.01654551923274994
8749dd1796e693db,jacobi-2d,jacobi-2d,lv2:__PARA__L0-1.__PARA__L1-11.__PARA__L2-2.__PARA__L3-32.__PARA__L4-1.__PIPE__L0-off.__PIPE__L1-off.__PIPE__L2-flatten.__TILE__L0-1.__TILE__L1-8.__TILE__L2-8,target,query,query,finetune_dataset,data_799.pt,5897321.0,graphgps_lite,1,50,paper_exact_seed1,0.3809341788291931,0.5815393924713135,0.20060521364212036,0.949999988079071,0.8545058965682983,0.0954940915107727,0.41999998688697815,0.37001436948776245,0.0499856173992157,0.8600000143051147,0.7468932271003723,0.11310678720474243,0.10000000149011612,0.03904636949300766,0.06095363199710846
b4fb7d26cdf40a85,jacobi-2d,jacobi-2d,lv2:__PARA__L0-1.__PARA__L1-1.__PARA__L2-22.__PARA__L3-8.__PARA__L4-8.__PIPE__L0-off.__PIPE__L1-off.__PIPE__L2-off.__TILE__L0-1.__TILE__L1-88.__TILE__L2-4,target,query,query,finetune_dataset,data_774.pt,2355924.0,graphgps_lite,1,50,paper_exact_seed1,1.0428175926208496,0.7302539944648743,0.31256359815597534,0.03999999910593033,-0.00731484591960907,0.0473148450255394,0.009999999776482582,-0.0028619766235351562,0.012861976400017738,0.029999999329447746,-0.000881001353263855,0.0308810006827116,0.019999999552965164,-0.004593893885612488,0.024593893438577652
95c506e82fde4a62,jacobi-2d,jacobi-2d,lv2:__PARA__L0-1.__PARA__L1-1.__PARA__L2-8.__PARA__L3-8.__PARA__L4-8.__PIPE__L0-off.__PIPE__L1-off.__PIPE__L2-NA.__TILE__L0-40.__TILE__L1-1.__TILE__L2-1,target,query,query,finetune_dataset,data_782.pt,2266604.0,graphgps_lite,1,50,paper_exact_seed1,1.0706979036331177,0.6836242079734802,0.38707369565963745,0.03999999910593033,-0.031702667474746704,0.07170266658067703,0.009999999776482582,-0.04302413761615753,0.053024135529994965,0.029999999329447746,-0.028041690587997437,0.05804169178009033,0.019999999552965164,-0.002832740545272827,0.02283274009823799
11d231817135b986,jacobi-2d,jacobi-2d,lv2:__PARA__L0-1.__PARA__L1-1.__PARA__L2-1.__PARA__L3-11.__PARA__L4-11.__PIPE__L0-off.__PIPE__L1-off.__PIPE__L2-off.__TILE__L0-1.__TILE__L1-1.__TILE__L2-1,target,query,query,finetune_dataset,data_681.pt,174564.0,graphgps_lite,1,50,paper_exact_seed1,2.9200501441955566,2.5536465644836426,0.36640357971191406,0.05999999865889549,0.017545044422149658,0.042454954236745834,0.009999999776482582,0.00280897319316864,0.007191026583313942,0.009999999776482582,-0.04447084665298462,0.05447084456682205,0.03999999910593033,0.019634529948234558,0.02036546915769577
2246a55d9e439b9b,jacobi-2d,jacobi-2d,lv2:__PARA__L0-1.__PARA__L1-2.__PARA__L2-1.__PARA__L3-8.__PARA__L4-8.__PIPE__L0-off.__PIPE__L1-NA.__PIPE__L2-off.__TILE__L0-1.__TILE__L1-1.__TILE__L2-4,target,query,query,finetune_dataset,data_811.pt,4213281.0,graphgps_lite,1,50,paper_exact_seed1,0.6234920024871826,1.2054556608200073,0.5819636583328247,0.05000000074505806,0.1566419005393982,0.10664190351963043,0.019999999552965164,0.06894195079803467,0.048941951245069504,0.05000000074505806,0.08167234063148499,0.031672339886426926,0.0,0.0364006906747818,0.0364006906747818
7461e21be625ee2b,jacobi-2d,jacobi-2d,lv2:__PARA__L0-1.__PARA__L1-1.__PARA__L2-1.__PARA__L3-1.__PARA__L4-4.__PIPE__L0-off.__PIPE__L1-flatten.__PIPE__L2-NA.__TILE__L0-1.__TILE__L1-1.__TILE__L2-8,target,query,query,finetune_dataset,data_674.pt,3938401.0,graphgps_lite,1,50,paper_exact_seed1,0.6721590161323547,0.6138090491294861,0.05834996700286865,0.25,0.25059473514556885,0.0005947351455688477,0.10999999940395355,0.10221941769123077,0.007780581712722778,0.27000001072883606,0.28798413276672363,0.017984122037887573,0.25,0.3046249449253082,0.05462494492530823
119c011acb799ec3,jacobi-2d,jacobi-2d,lv2:__PARA__L0-1.__PARA__L1-2.__PARA__L2-1.__PARA__L3-8.__PARA__L4-8.__PIPE__L0-off.__PIPE__L1-NA.__PIPE__L2-NA.__TILE__L0-1.__TILE__L1-1.__TILE__L2-2,target,query,query,finetune_dataset,data_806.pt,4268321.0,graphgps_lite,1,50,paper_exact_seed1,0.6141297221183777,1.4881105422973633,0.8739808201789856,0.05000000074505806,0.1731458157300949,0.12314581871032715,0.019999999552965164,0.06595686078071594,0.04595686122775078,0.05000000074505806,0.10879652202129364,0.05879652127623558,0.0,0.04247722029685974,0.04247722029685974
a814f824596df827,jacobi-2d,jacobi-2d,lv2:__PARA__L0-1.__PARA__L1-2.__PARA__L2-1.__PARA__L3-8.__PARA__L4-8.__PIPE__L0-off.__PIPE__L1-NA.__PIPE__L2-NA.__TILE__L0-1.__TILE__L1-1.__TILE__L2-4,target,query,query,finetune_dataset,data_807.pt,4213281.0,graphgps_lite,1,50,paper_exact_seed1,0.6234920024871826,0.9157290458679199,0.2922370433807373,0.05000000074505806,0.2628999650478363,0.21289996802806854,0.019999999552965164,0.09263978153467178,0.07263977825641632,0.05000000074505806,0.16858547925949097,0.1185854822397232,0.0,0.038218870759010315,0.038218870759010315
c87827784f91dd49,jacobi-2d,jacobi-2d,lv2:__PARA__L0-1.__PARA__L1-1.__PARA__L2-1.__PARA__L3-1.__PARA__L4-16.__PIPE__L0-off.__PIPE__L1-flatten.__PIPE__L2-NA.__TILE__L0-1.__TILE__L1-1.__TILE__L2-8,target,query,query,finetune_dataset,data_665.pt,5520201.0,graphgps_lite,1,50,paper_exact_seed1,0.4286036491394043,0.6062382459640503,0.177634596824646,0.2800000011920929,0.26804298162460327,0.011957019567489624,0.11999999731779099,0.1120179295539856,0.00798206776380539,0.28999999165534973,0.2769887447357178,0.013011246919631958,0.28999999165534973,0.3106858730316162,0.02068588137626648
04a4db8dea85f394,jacobi-2d,jacobi-2d,lv2:__PARA__L0-1.__PARA__L1-1.__PARA__L2-2.__PARA__L3-11.__PARA__L4-1.__PIPE__L0-off.__PIPE__L1-off.__PIPE__L2-flatten.__TILE__L0-1.__TILE__L1-1.__TILE__L2-8,target,query,query,finetune_dataset,data_743.pt,4020281.0,graphgps_lite,1,50,paper_exact_seed1,0.6573158502578735,0.5833206176757812,0.07399523258209229,0.8799999952316284,0.7712046504020691,0.10879534482955933,0.38999998569488525,0.34315311908721924,0.046846866607666016,0.7699999809265137,0.6711928248405457,0.09880715608596802,0.029999999329447746,0.04410022497177124,0.014100225642323494
4fbac33f3dde480f,jacobi-2d,jacobi-2d,lv2:__PARA__L0-1.__PARA__L1-1.__PARA__L2-1.__PARA__L3-1.__PARA__L4-16.__PIPE__L0-off.__PIPE__L1-off.__PIPE__L2-off.__TILE__L0-1.__TILE__L1-1.__TILE__L2-1,target,query,query,finetune_dataset,data_667.pt,1169604.0,graphgps_lite,1,50,paper_exact_seed1,1.5479539632797241,1.7801417112350464,0.23218774795532227,0.07000000029802322,-0.021594256162643433,0.09159425646066666,0.019999999552965164,-0.005896851420402527,0.02589685097336769,0.03999999910593033,-0.06700509786605835,0.10700509697198868,0.029999999329447746,0.03754273056983948,0.007542731240391731
c3d4e0296ac15d18,jacobi-2d,jacobi-2d,lv2:__PARA__L0-1.__PARA__L1-2.__PARA__L2-4.__PARA__L3-8.__PARA__L4-8.__PIPE__L0-off.__PIPE__L1-NA.__PIPE__L2-off.__TILE__L0-40.__TILE__L1-1.__TILE__L2-1,target,query,query,finetune_dataset,data_861.pt,4390681.0,graphgps_lite,1,50,paper_exact_seed1,0.5937417149543762,0.6422240734100342,0.04848235845565796,0.05000000074505806,0.002472817897796631,0.04752718284726143,0.019999999552965164,0.00885765254497528,0.011142347007989883,0.05000000074505806,0.0323282927274704,0.017671708017587662,0.0,0.008438080549240112,0.008438080549240112
df1b09724bac7aa0,jacobi-2d,jacobi-2d,lv2:__PARA__L0-1.__PARA__L1-2.__PARA__L2-1.__PARA__L3-8.__PARA__L4-8.__PIPE__L0-off.__PIPE__L1-NA.__PIPE__L2-off.__TILE__L0-40.__TILE__L1-1.__TILE__L2-1,target,query,query,finetune_dataset,data_814.pt,2234324.0,graphgps_lite,1,50,paper_exact_seed1,1.0810447931289673,2.111707925796509,1.0306631326675415,0.03999999910593033,0.04253053665161133,0.0025305375456809998,0.019999999552965164,0.029293164610862732,0.009293165057897568,0.029999999329447746,-0.003810510039329529,0.033810511231422424,0.009999999776482582,0.029776178300380707,0.019776178523898125
47b0fea63d24ba64,jacobi-2d,jacobi-2d,lv2:__PARA__L0-1.__PARA__L1-1.__PARA__L2-1.__PARA__L3-8.__PARA__L4-8.__PIPE__L0-off.__PIPE__L1-off.__PIPE__L2-off.__TILE__L0-1.__TILE__L1-88.__TILE__L2-8,target,query,query,finetune_dataset,data_726.pt,3973841.0,graphgps_lite,1,50,paper_exact_seed1,0.6656969785690308,0.6899286508560181,0.024231672286987305,0.05000000074505806,0.04112514853477478,0.00887485221028328,0.019999999552965164,0.021045342087745667,0.0010453425347805023,0.05000000074505806,0.035569652915000916,0.014430347830057144,0.0,-0.003424331545829773,0.003424331545829773
f3de769de7350479,jacobi-2d,jacobi-2d,lv2:__PARA__L0-1.__PARA__L1-1.__PARA__L2-1.__PARA__L3-1.__PARA__L4-4.__PIPE__L0-off.__PIPE__L1-off.__PIPE__L2-off.__TILE__L0-1.__TILE__L1-1.__TILE__L2-1,target,query,query,finetune_dataset,data_677.pt,1012244.0,graphgps_lite,1,50,paper_exact_seed1,1.6521855592727661,1.793503761291504,0.1413182020187378,0.019999999552965164,-0.015818312764167786,0.03581831231713295,0.009999999776482582,-0.00501762330532074,0.015017623081803322,0.009999999776482582,-0.07574485242366791,0.08574485033750534,0.019999999552965164,0.03735695779323578,0.017356958240270615
5d9c601f37ae80a4,jacobi-2d,jacobi-2d,lv2:__PARA__L0-1.__PARA__L1-11.__PARA__L2-2.__PARA__L3-1.__PARA__L4-1.__PIPE__L0-off.__PIPE__L1-off.__PIPE__L2-flatten.__TILE__L0-1.__TILE__L1-8.__TILE__L2-8,target,query,query,finetune_dataset,data_789.pt,4315161.0,graphgps_lite,1,50,paper_exact_seed1,0.6062568426132202,0.576668918132782,0.029587924480438232,0.6499999761581421,0.8401221632957458,0.19012218713760376,0.30000001192092896,0.3625660538673401,0.06256604194641113,0.6200000047683716,0.7646995186805725,0.14469951391220093,0.03999999910593033,0.043339259922504425,0.0033392608165740967
34b992a5a7a00114,jacobi-2d,jacobi-2d,lv2:__PARA__L0-1.__PARA__L1-1.__PARA__L2-1.__PARA__L3-11.__PARA__L4-4.__PIPE__L0-off.__PIPE__L1-off.__PIPE__L2-off.__TILE__L0-1.__TILE__L1-1.__TILE__L2-1,target,query,query,finetune_dataset,data_686.pt,322404.0,graphgps_lite,1,50,paper_exact_seed1,2.4774932861328125,2.4888267517089844,0.011333465576171875,0.029999999329447746,0.026093527674674988,0.0039064716547727585,0.009999999776482582,0.003233209252357483,0.006766790524125099,0.009999999776482582,-0.042440563440322876,0.05244056135416031,0.029999999329447746,0.02130267024040222,0.008697329089045525
05b2ea2b4f0d2085,jacobi-2d,jacobi-2d,lv2:__PARA__L0-1.__PARA__L1-1.__PARA__L2-4.__PARA__L3-8.__PARA__L4-8.__PIPE__L0-off.__PIPE__L1-off.__PIPE__L2-off.__TILE__L0-40.__TILE__L1-1.__TILE__L2-1,target,query,query,finetune_dataset,data_780.pt,2242884.0,graphgps_lite,1,50,paper_exact_seed1,1.0782865285873413,0.7075731754302979,0.37071335315704346,0.03999999910593033,-0.03597460687160492,0.07597460597753525,0.019999999552965164,-0.022375211119651794,0.04237521067261696,0.029999999329447746,-0.044051095843315125,0.07405109703540802,0.009999999776482582,-0.002846628427505493,0.012846628203988075
d991d616a09c54a1,jacobi-2d,jacobi-2d,lv2:__PARA__L0-1.__PARA__L1-2.__PARA__L2-2.__PARA__L3-8.__PARA__L4-8.__PIPE__L0-off.__PIPE__L1-NA.__PIPE__L2-NA.__TILE__L0-1.__TILE__L1-1.__TILE__L2-1,target,query,query,finetune_dataset,data_838.pt,4382121.0,graphgps_lite,1,50,paper_exact_seed1,0.5951493978500366,0.6498939394950867,0.05474454164505005,0.05000000074505806,0.1657932549715042,0.11579325795173645,0.019999999552965164,0.06652092933654785,0.04652092978358269,0.05000000074505806,0.1019652783870697,0.05196527764201164,0.0,0.031970083713531494,0.031970083713531494
4d5b93abc2d35ad2,jacobi-2d,jacobi-2d,lv2:__PARA__L0-1.__PARA__L1-2.__PARA__L2-1.__PARA__L3-8.__PARA__L4-8.__PIPE__L0-off.__PIPE__L1-off.__PIPE__L2-NA.__TILE__L0-1.__TILE__L1-1.__TILE__L2-4,target,query,query,finetune_dataset,data_816.pt,4213281.0,graphgps_lite,1,50,paper_exact_seed1,0.6234920024871826,1.5870978832244873,0.9636058807373047,0.05000000074505806,0.12744346261024475,0.07744346559047699,0.019999999552965164,0.04535412788391113,0.02535412833094597,0.05000000074505806,0.05632147938013077,0.006321478635072708,0.0,0.019652917981147766,0.019652917981147766
8b485ae83504393c,jacobi-2d,jacobi-2d,lv2:__PARA__L0-1.__PARA__L1-1.__PARA__L2-1.__PARA__L3-2.__PARA__L4-22.__PIPE__L0-off.__PIPE__L1-off.__PIPE__L2-off.__TILE__L0-1.__TILE__L1-1.__TILE__L2-1,target,query,query,finetune_dataset,data_694.pt,512484.0,graphgps_lite,1,50,paper_exact_seed1,2.143174648284912,1.7915256023406982,0.35164904594421387,0.07000000029802322,-0.026391834020614624,0.09639183431863785,0.019999999552965164,-0.008298739790916443,0.028298739343881607,0.019999999552965164,-0.058223143219947815,0.07822313904762268,0.05000000074505806,0.037501901388168335,0.012498099356889725
1cf8cde643f1c8a7,jacobi-2d,jacobi-2d,lv2:__PARA__L0-1.__PARA__L1-2.__PARA__L2-1.__PARA__L3-8.__PARA__L4-8.__PIPE__L0-off.__PIPE__L1-NA.__PIPE__L2-NA.__TILE__L0-1.__TILE__L1-1.__TILE__L2-8,target,query,query,finetune_dataset,data_808.pt,4206441.0,graphgps_lite,1,50,paper_exact_seed1,0.6246640086174011,0.6920608282089233,0.06739681959152222,0.05000000074505806,0.2938756048679352,0.24387560784816742,0.019999999552965164,0.10928529500961304,0.08928529918193817,0.05000000074505806,0.1984316110610962,0.14843161404132843,0.0,0.0382169634103775,0.0382169634103775
f6397effcdab9349,jacobi-2d,jacobi-2d,lv2:__PARA__L0-1.__PARA__L1-1.__PARA__L2-2.__PARA__L3-11.__PARA__L4-1.__PIPE__L0-off.__PIPE__L1-NA.__PIPE__L2-flatten.__TILE__L0-1.__TILE__L1-8.__TILE__L2-8,target,query,query,finetune_dataset,data_742.pt,4088281.0,graphgps_lite,1,50,paper_exact_seed1,0.6452168822288513,0.5800451040267944,0.06517177820205688,0.8999999761581421,0.8073630928993225,0.09263688325881958,0.4000000059604645,0.35451382398605347,0.04548618197441101,0.800000011920929,0.699830174446106,0.100169837474823,0.03999999910593033,0.04172354191541672,0.0017235428094863892
e87a7efab4cd65b4,jacobi-2d,jacobi-2d,lv2:__PARA__L0-1.__PARA__L1-2.__PARA__L2-1.__PARA__L3-8.__PARA__L4-8.__PIPE__L0-off.__PIPE__L1-off.__PIPE__L2-NA.__TILE__L0-1.__TILE__L1-1.__TILE__L2-2,target,query,query,finetune_dataset,data_815.pt,4268321.0,graphgps_lite,1,50,paper_exact_seed1,0.6141297221183777,1.9719804525375366,1.3578507900238037,0.05000000074505806,0.051384299993515015,0.001384299248456955,0.019999999552965164,0.02528366446495056,0.005283664911985397,0.05000000074505806,0.0006851702928543091,0.04931483045220375,0.0,0.020894482731819153,0.020894482731819153
13c4afce99887c0b,jacobi-2d,jacobi-2d,lv2:__PARA__L0-1.__PARA__L1-1.__PARA__L2-1.__PARA__L3-2.__PARA__L4-8.__PIPE__L0-off.__PIPE__L1-off.__PIPE__L2-off.__TILE__L0-1.__TILE__L1-1.__TILE__L2-1,target,query,query,finetune_dataset,data_698.pt,586364.0,graphgps_lite,1,50,paper_exact_seed1,2.046029806137085,1.9182977676391602,0.1277320384979248,0.019999999552965164,-0.020492151379585266,0.04049215093255043,0.009999999776482582,-0.0061229318380355835,0.016122931614518166,0.0,-0.06893791258335114,0.06893791258335114,0.019999999552965164,0.03326062858104706,0.013260629028081894
c125a83a28d530ad,jacobi-2d,jacobi-2d,lv2:__PARA__L0-1.__PARA__L1-11.__PARA__L2-2.__PARA__L3-16.__PARA__L4-1.__PIPE__L0-off.__PIPE__L1-NA.__PIPE__L2-flatten.__TILE__L0-1.__TILE__L1-8.__TILE__L2-8,target,query,query,finetune_dataset,data_792.pt,5897561.0,graphgps_lite,1,50,paper_exact_seed1,0.38090482354164124,0.5801563262939453,0.19925150275230408,0.8999999761581421,0.9450606107711792,0.04506063461303711,0.4000000059604645,0.40637508034706116,0.00637507438659668,0.8100000023841858,0.8409486413002014,0.030948638916015625,0.029999999329447746,0.03254236280918121,0.002542363479733467
73275156de8b6442,jacobi-2d,jacobi-2d,lv2:__PARA__L0-1.__PARA__L1-4.__PARA__L2-8.__PARA__L3-8.__PARA__L4-8.__PIPE__L0-off.__PIPE__L1-NA.__PIPE__L2-NA.__TILE__L0-40.__TILE__L1-1.__TILE__L2-1,target,query,query,finetune_dataset,data_905.pt,4422961.0,graphgps_lite,1,50,paper_exact_seed1,0.5884577631950378,0.6273865699768066,0.0389288067817688,0.05000000074505806,0.01765798032283783,0.03234202042222023,0.019999999552965164,-0.008484527468681335,0.0284845270216465,0.05000000074505806,-0.03091500699520111,0.08091500401496887,0.009999999776482582,-0.010225549340248108,0.02022554911673069
03c941ad860eca80,jacobi-2d,jacobi-2d,lv2:__PARA__L0-1.__PARA__L1-1.__PARA__L2-1.__PARA__L3-4.__PARA__L4-8.__PIPE__L0-off.__PIPE__L1-off.__PIPE__L2-off.__TILE__L0-1.__TILE__L1-1.__TILE__L2-1,target,query,query,finetune_dataset,data_709.pt,354204.0,graphgps_lite,1,50,paper_exact_seed1,2.409637928009033,2.2268147468566895,0.18282318115234375,0.019999999552965164,-0.015751659870147705,0.03575165942311287,0.009999999776482582,-0.003973677754402161,0.013973677530884743,0.0,-0.06284506618976593,0.06284506618976593,0.019999999552965164,0.026314765214920044,0.00631476566195488
942f78d1937a87f4,jacobi-2d,jacobi-2d,lv2:__PARA__L0-1.__PARA__L1-2.__PARA__L2-1.__PARA__L3-8.__PARA__L4-8.__PIPE__L0-off.__PIPE__L1-NA.__PIPE__L2-off.__TILE__L0-1.__TILE__L1-1.__TILE__L2-2,target,query,query,finetune_dataset,data_810.pt,4268321.0,graphgps_lite,1,50,paper_exact_seed1,0.6141297221183777,1.9428067207336426,1.3286769390106201,0.05000000074505806,0.12015505880117416,0.0701550543308258,0.019999999552965164,0.05504579842090607,0.0350457988679409,0.05000000074505806,0.048300713300704956,0.0016992874443531036,0.0,0.03593503683805466,0.03593503683805466
1f77c91f5f9ac5f6,jacobi-2d,jacobi-2d,lv2:__PARA__L0-1.__PARA__L1-1.__PARA__L2-2.__PARA__L3-22.__PARA__L4-1.__PIPE__L0-off.__PIPE__L1-off.__PIPE__L2-flatten.__TILE__L0-1.__TILE__L1-8.__TILE__L2-8,target,query,query,finetune_dataset,data_753.pt,4087161.0,graphgps_lite,1,50,paper_exact_seed1,0.6454145312309265,0.5784026384353638,0.06701189279556274,0.9399999976158142,0.7888457775115967,0.15115422010421753,0.41999998688697815,0.3473551869392395,0.07264479994773865,0.8299999833106995,0.6881468892097473,0.14185309410095215,0.05999999865889549,0.042059242725372314,0.017940755933523178
31777265ef1d2415,jacobi-2d,jacobi-2d,lv2:__PARA__L0-1.__PARA__L1-2.__PARA__L2-8.__PARA__L3-8.__PARA__L4-8.__PIPE__L0-off.__PIPE__L1-off.__PIPE__L2-off.__TILE__L0-40.__TILE__L1-1.__TILE__L2-1,target,query,query,finetune_dataset,data_873.pt,4414401.0,graphgps_lite,1,50,paper_exact_seed1,0.5898551940917969,0.6812422275543213,0.09138703346252441,0.05000000074505806,-0.052773162722587585,0.10277315974235535,0.019999999552965164,-0.04041224718093872,0.060412246733903885,0.05000000074505806,-0.053717002272605896,0.10371699929237366,0.009999999776482582,-0.015550121665000916,0.025550121441483498
3824367869de27e7,jacobi-2d,jacobi-2d,lv2:__PARA__L0-1.__PARA__L1-1.__PARA__L2-2.__PARA__L3-1.__PARA__L4-1.__PIPE__L0-off.__PIPE__L1-NA.__PIPE__L2-flatten.__TILE__L0-1.__TILE__L1-8.__TILE__L2-8,target,query,query,finetune_dataset,data_736.pt,4086961.0,graphgps_lite,1,50,paper_exact_seed1,0.6454498171806335,0.5906674265861511,0.05478239059448242,0.6499999761581421,0.7342873215675354,0.08428734540939331,0.30000001192092896,0.30556392669677734,0.005563914775848389,0.6200000047683716,0.6292513608932495,0.00925135612487793,0.03999999910593033,0.08049335330724716,0.040493354201316833
e863a4aaa1262d76,jacobi-2d,jacobi-2d,lv2:__PARA__L0-1.__PARA__L1-2.__PARA__L2-1.__PARA__L3-8.__PARA__L4-8.__PIPE__L0-off.__PIPE__L1-off.__PIPE__L2-off.__TILE__L0-1.__TILE__L1-1.__TILE__L2-4,target,query,query,finetune_dataset,data_820.pt,4213281.0,graphgps_lite,1,50,paper_exact_seed1,0.6234920024871826,1.7167415618896484,1.0932495594024658,0.05000000074505806,0.06580027937889099,0.01580027863383293,0.019999999552965164,0.025391921401023865,0.0053919218480587006,0.05000000074505806,-0.0012862980365753174,0.05128629878163338,0.0,0.015505298972129822,0.015505298972129822
0e833b40618b10c5,jacobi-2d,jacobi-2d,lv2:__PARA__L0-1.__PARA__L1-1.__PARA__L2-2.__PARA__L3-22.__PARA__L4-1.__PIPE__L0-off.__PIPE__L1-NA.__PIPE__L2-flatten.__TILE__L0-1.__TILE__L1-8.__TILE__L2-8,target,query,query,finetune_dataset,data_751.pt,4087161.0,graphgps_lite,1,50,paper_exact_seed1,0.6454145312309265,0.5791333317756653,0.06628119945526123,0.9399999976158142,0.81595778465271,0.12404221296310425,0.41999998688697815,0.3617260456085205,0.05827394127845764,0.8299999833106995,0.7061333656311035,0.12386661767959595,0.05999999865889549,0.04233023524284363,0.017669763416051865
45897464edb110d6,jacobi-2d,jacobi-2d,lv2:__PARA__L0-1.__PARA__L1-1.__PARA__L2-22.__PARA__L3-8.__PARA__L4-8.__PIPE__L0-off.__PIPE__L1-off.__PIPE__L2-off.__TILE__L0-40.__TILE__L1-1.__TILE__L2-1,target,query,query,finetune_dataset,data_775.pt,2355924.0,graphgps_lite,1,50,paper_exact_seed1,1.0428175926208496,0.7010475397109985,0.3417700529098511,0.03999999910593033,-0.03255937993526459,0.07255937904119492,0.009999999776482582,-0.03366219997406006,0.04366219788789749,0.029999999329447746,-0.005275905132293701,0.0352759063243866,0.019999999552965164,0.0059569478034973145,0.01404305174946785
bcd3eb3c77a3cb42,jacobi-2d,jacobi-2d,lv2:__PARA__L0-1.__PARA__L1-1.__PARA__L2-1.__PARA__L3-8.__PARA__L4-8.__PIPE__L0-off.__PIPE__L1-off.__PIPE__L2-NA.__TILE__L0-1.__TILE__L1-88.__TILE__L2-4,target,query,query,finetune_dataset,data_720.pt,3980681.0,graphgps_lite,1,50,paper_exact_seed1,0.6644564270973206,0.6845704317092896,0.020114004611968994,0.05000000074505806,0.033528074622154236,0.016471926122903824,0.019999999552965164,0.01638653874397278,0.003613460808992386,0.05000000074505806,0.05538228154182434,0.005382280796766281,0.0,0.0020311325788497925,0.0020311325788497925
d978b50fb6a3650e,jacobi-2d,jacobi-2d,lv2:__PARA__L0-1.__PARA__L1-1.__PARA__L2-11.__PARA__L3-8.__PARA__L4-8.__PIPE__L0-off.__PIPE__L1-off.__PIPE__L2-off.__TILE__L0-1.__TILE__L1-88.__TILE__L2-1,target,query,query,finetune_dataset,data_733.pt,2285444.0,graphgps_lite,1,50,paper_exact_seed1,1.0647268295288086,0.7404527068138123,0.32427412271499634,0.03999999910593033,-0.016348406672477722,0.05634840577840805,0.009999999776482582,-0.008233726024627686,0.018233725801110268,0.029999999329447746,-0.0034607499837875366,0.03346075117588043,0.019999999552965164,-0.007754206657409668,0.027754206210374832
6c1db49cabf996b6,jacobi-2d,jacobi-2d,lv2:__PARA__L0-1.__PARA__L1-1.__PARA__L2-1.__PARA__L3-8.__PARA__L4-8.__PIPE__L0-off.__PIPE__L1-off.__PIPE__L2-off.__TILE__L0-1.__TILE__L1-1.__TILE__L2-1,target,query,query,finetune_dataset,data_722.pt,238164.0,graphgps_lite,1,50,paper_exact_seed1,2.695950508117676,2.5160093307495117,0.17994117736816406,0.029999999329447746,0.008477568626403809,0.021522430703043938,0.009999999776482582,0.0005831718444824219,0.00941682793200016,0.0,-0.05282168090343475,0.05282168090343475,0.019999999552965164,0.020248040556907654,0.0002480410039424896
c92cf4366dcc9a12,jacobi-2d,jacobi-2d,lv2:__PARA__L0-1.__PARA__L1-8.__PARA__L2-1.__PARA__L3-8.__PARA__L4-8.__PIPE__L0-off.__PIPE__L1-off.__PIPE__L2-off.__TILE__L0-1.__TILE__L1-1.__TILE__L2-1,target,query,query,finetune_dataset,data_910.pt,2266604.0,graphgps_lite,1,50,paper_exact_seed1,1.0706979036331177,1.1355400085449219,0.0648421049118042,0.03999999910593033,0.038918688893318176,0.001081310212612152,0.009999999776482582,0.01608981192111969,0.006089812144637108,0.029999999329447746,0.002768293023109436,0.02723170630633831,0.019999999552965164,0.01317700743675232,0.006822992116212845
e05069fa34c4ab8a,jacobi-2d,jacobi-2d,lv2:__PARA__L0-1.__PARA__L1-1.__PARA__L2-1.__PARA__L3-8.__PARA__L4-22.__PIPE__L0-off.__PIPE__L1-off.__PIPE__L2-off.__TILE__L0-1.__TILE__L1-1.__TILE__L2-1,target,query,query,finetune_dataset,data_715.pt,164284.0,graphgps_lite,1,50,paper_exact_seed1,2.963832139968872,2.4189043045043945,0.5449278354644775,0.07000000029802322,-0.0002609938383102417,0.07026099413633347,0.019999999552965164,-0.0014944523572921753,0.02149445191025734,0.019999999552965164,-0.04685984551906586,0.06685984134674072,0.05000000074505806,0.023202739655971527,0.026797261089086533
d817f4e2fb14ad81,jacobi-2d,jacobi-2d,lv2:__PARA__L0-1.__PARA__L1-22.__PARA__L2-2.__PARA__L3-1.__PARA__L4-1.__PIPE__L0-off.__PIPE__L1-NA.__PIPE__L2-flatten.__TILE__L0-1.__TILE__L1-4.__TILE__L2-8,target,query,query,finetune_dataset,data_876.pt,4385641.0,graphgps_lite,1,50,paper_exact_seed1,0.5945701599121094,0.587894856929779,0.006675302982330322,0.6499999761581421,0.8026514649391174,0.15265148878097534,0.30000001192092896,0.3430267572402954,0.043026745319366455,0.6200000047683716,0.714351236820221,0.09435123205184937,0.03999999910593033,0.0518774539232254,0.011877454817295074
80192a32a4ed746c,jacobi-2d,jacobi-2d,lv2:__PARA__L0-1.__PARA__L1-1.__PARA__L2-1.__PARA__L3-32.__PARA__L4-1.__PIPE__L0-off.__PIPE__L1-off.__PIPE__L2-off.__TILE__L0-1.__TILE__L1-1.__TILE__L2-1,target,query,query,finetune_dataset,data_699.pt,3161924.0,graphgps_lite,1,50,paper_exact_seed1,0.8305627107620239,2.0706605911254883,1.2400978803634644,0.1599999964237213,0.11350394785404205,0.04649604856967926,0.05000000074505806,0.026220574975013733,0.023779425770044327,0.09000000357627869,0.014184713363647461,0.07581529021263123,0.05000000074505806,0.03224185109138489,0.017758149653673172
76cdc1b4a2ae88da,jacobi-2d,jacobi-2d,lv2:__PARA__L0-1.__PARA__L1-4.__PARA__L2-1.__PARA__L3-8.__PARA__L4-8.__PIPE__L0-off.__PIPE__L1-NA.__PIPE__L2-off.__TILE__L0-1.__TILE__L1-1.__TILE__L2-88,target,query,query,finetune_dataset,data_889.pt,2242884.0,graphgps_lite,1,50,paper_exact_seed1,1.0782865285873413,0.7281941771507263,0.350092351436615,0.03999999910593033,0.11441245675086975,0.07441245764493942,0.019999999552965164,0.060876935720443726,0.04087693616747856,0.029999999329447746,0.12850625813007355,0.09850625693798065,0.009999999776482582,0.006882011890411377,0.003117987886071205
47ef55f70d990b84,jacobi-2d,jacobi-2d,lv2:__PARA__L0-1.__PARA__L1-1.__PARA__L2-1.__PARA__L3-8.__PARA__L4-8.__PIPE__L0-off.__PIPE__L1-off.__PIPE__L2-off.__TILE__L0-1.__TILE__L1-88.__TILE__L2-1,target,query,query,finetune_dataset,data_723.pt,238164.0,graphgps_lite,1,50,paper_exact_seed1,2.695950508117676,0.7597646713256836,1.9361858367919922,0.029999999329447746,-0.012408539652824402,0.0424085408449173,0.009999999776482582,0.0004052966833114624,0.00959470309317112,0.0,0.006202086806297302,0.006202086806297302,0.019999999552965164,-0.0017360597848892212,0.021736059337854385
ef0195bb1522a6e1,jacobi-2d,jacobi-2d,lv2:__PARA__L0-1.__PARA__L1-1.__PARA__L2-1.__PARA__L3-2.__PARA__L4-16.__PIPE__L0-off.__PIPE__L1-off.__PIPE__L2-NA.__TILE__L0-1.__TILE__L1-1.__TILE__L2-1,target,query,query,finetune_dataset,data_691.pt,732724.0,graphgps_lite,1,50,paper_exact_seed1,1.8852931261062622,1.8362069129943848,0.04908621311187744,0.05000000074505806,-0.031229689717292786,0.08122968673706055,0.019999999552965164,0.000569075345993042,0.019430924206972122,0.009999999776482582,-0.027186334133148193,0.037186332046985626,0.07000000029802322,0.05304715782403946,0.016952842473983765
951f39a82264c2b7,jacobi-2d,jacobi-2d,lv2:__PARA__L0-1.__PARA__L1-2.__PARA__L2-4.__PARA__L3-8.__PARA__L4-8.__PIPE__L0-off.__PIPE__L1-NA.__PIPE__L2-NA.__TILE__L0-40.__TILE__L1-1.__TILE__L2-1,target,query,query,finetune_dataset,data_859.pt,4390681.0,graphgps_lite,1,50,paper_exact_seed1,0.5937417149543762,0.6311691999435425,0.03742748498916626,0.05000000074505806,-0.0007868111133575439,0.050786811858415604,0.019999999552965164,0.006959602236747742,0.013040397316217422,0.05000000074505806,-0.013783201575279236,0.063783198595047,0.0,0.009388163685798645,0.009388163685798645
04cce8feb32cd125,jacobi-2d,jacobi-2d,lv2:__PARA__L0-1.__PARA__L1-1.__PARA__L2-11.__PARA__L3-1.__PARA__L4-4.__PIPE__L0-off.__PIPE__L1-flatten.__PIPE__L2-NA.__TILE__L0-1.__TILE__L1-8.__TILE__L2-8,target,query,query,finetune_dataset,data_729.pt,4258361.0,graphgps_lite,1,50,paper_exact_seed1,0.6158149242401123,0.6040461659431458,0.011768758296966553,0.2800000011920929,0.4599580764770508,0.17995807528495789,0.11999999731779099,0.23141194880008698,0.11141195148229599,0.27000001072883606,0.36014240980148315,0.0901423990726471,0.20999999344348907,0.07937371730804443,0.13062627613544464
444859d6f64b30f7,jacobi-2d,jacobi-2d,lv2:__PARA__L0-1.__PARA__L1-1.__PARA__L2-2.__PARA__L3-8.__PARA__L4-8.__PIPE__L0-off.__PIPE__L1-off.__PIPE__L2-off.__TILE__L0-1.__TILE__L1-88.__TILE__L2-1,target,query,query,finetune_dataset,data_765.pt,2234324.0,graphgps_lite,1,50,paper_exact_seed1,1.0810447931289673,0.7097119092941284,0.37133288383483887,0.03999999910593033,-0.015438571572303772,0.0554385706782341,0.019999999552965164,0.0010644495487213135,0.01893555000424385,0.029999999329447746,0.021023020148277283,0.008976979181170464,0.009999999776482582,0.0005693733692169189,0.009430626407265663
da6efcc3e335e1ca,jacobi-2d,jacobi-2d,lv2:__PARA__L0-1.__PARA__L1-2.__PARA__L2-4.__PARA__L3-8.__PARA__L4-8.__PIPE__L0-off.__PIPE__L1-off.__PIPE__L2-off.__TILE__L0-1.__TILE__L1-1.__TILE__L2-1,target,query,query,finetune_dataset,data_864.pt,4390681.0,graphgps_lite,1,50,paper_exact_seed1,0.5937417149543762,0.6820158958435059,0.08827418088912964,0.05000000074505806,-0.04524858295917511,0.09524857997894287,0.019999999552965164,-0.023019567131996155,0.04301956668496132,0.05000000074505806,-0.05357687175273895,0.10357686877250671,0.0,-0.006190434098243713,0.006190434098243713
fd3c61ae7f95e064,jacobi-2d,jacobi-2d,lv2:__PARA__L0-1.__PARA__L1-1.__PARA__L2-1.__PARA__L3-4.__PARA__L4-11.__PIPE__L0-off.__PIPE__L1-off.__PIPE__L2-off.__TILE__L0-1.__TILE__L1-1.__TILE__L2-1,target,query,query,finetune_dataset,data_701.pt,322404.0,graphgps_lite,1,50,paper_exact_seed1,2.4774932861328125,2.211181163787842,0.2663121223449707,0.029999999329447746,-0.01787629723548889,0.04787629842758179,0.009999999776482582,-0.00405469536781311,0.014054695144295692,0.009999999776482582,-0.060364171862602234,0.07036416977643967,0.029999999329447746,0.02651907503604889,0.003480924293398857
4e773eb3b1e972f0,jacobi-2d,jacobi-2d,lv2:__PARA__L0-1.__PARA__L1-1.__PARA__L2-1.__PARA__L3-8.__PARA__L4-8.__PIPE__L0-off.__PIPE__L1-off.__PIPE__L2-off.__TILE__L0-1.__TILE__L1-88.__TILE__L2-88,target,query,query,finetune_dataset,data_727.pt,238164.0,graphgps_lite,1,50,paper_exact_seed1,2.695950508117676,0.7330268621444702,1.9629236459732056,0.029999999329447746,0.022882208228111267,0.007117791101336479,0.009999999776482582,0.020033076405525208,0.010033076629042625,0.0,0.0427456796169281,0.0427456796169281,0.019999999552965164,0.00648730993270874,0.013512689620256424
bc50b6c7e737f423,jacobi-2d,jacobi-2d,lv2:__PARA__L0-1.__PARA__L1-11.__PARA__L2-2.__PARA__L3-2.__PARA__L4-1.__PIPE__L0-off.__PIPE__L1-off.__PIPE__L2-flatten.__TILE__L0-1.__TILE__L1-8.__TILE__L2-8,target,query,query,finetune_dataset,data_795.pt,4315681.0,graphgps_lite,1,50,paper_exact_seed1,0.6061699390411377,0.5773963928222656,0.02877354621887207,0.8700000047683716,0.8337422013282776,0.036257803440093994,0.3799999952316284,0.36117011308670044,0.01882988214492798,0.7799999713897705,0.7554076313972473,0.024592339992523193,0.0,0.04292616248130798,0.04292616248130798
471502d68fa5fd23,jacobi-2d,jacobi-2d,lv2:__PARA__L0-1.__PARA__L1-1.__PARA__L2-1.__PARA__L3-2.__PARA__L4-32.__PIPE__L0-off.__PIPE__L1-off.__PIPE__L2-NA.__TILE__L0-1.__TILE__L1-1.__TILE__L2-1,target,query,query,finetune_dataset,data_695.pt,2466404.0,graphgps_lite,1,50,paper_exact_seed1,1.0097594261169434,1.7453081607818604,0.735548734664917,0.1599999964237213,-0.0026089102029800415,0.16260890662670135,0.019999999552965164,0.016265496611595154,0.0037345029413700104,0.009999999776482582,-0.007237747311592102,0.017237747088074684,0.10000000149011612,0.06219049543142319,0.03780950605869293
1d7d326acbf5d1ae,jacobi-2d,jacobi-2d,lv2:__PARA__L0-1.__PARA__L1-2.__PARA__L2-11.__PARA__L3-8.__PARA__L4-8.__PIPE__L0-off.__PIPE__L1-NA.__PIPE__L2-NA.__TILE__L0-1.__TILE__L1-1.__TILE__L2-1,target,query,query,finetune_dataset,data_825.pt,4434121.0,graphgps_lite,1,50,paper_exact_seed1,0.5866400003433228,0.6287258863449097,0.042085886001586914,0.05000000074505806,0.0006657391786575317,0.04933426156640053,0.019999999552965164,0.020837634801864624,0.0008376352488994598,0.05000000074505806,0.01233084499835968,0.03766915574669838,0.009999999776482582,0.01905478537082672,0.009054785594344139
d8f1f816319d76f6,jacobi-2d,jacobi-2d,lv2:__PARA__L0-1.__PARA__L1-1.__PARA__L2-1.__PARA__L3-1.__PARA__L4-1.__PIPE__L0-off.__PIPE__L1-off.__PIPE__L2-off.__TILE__L0-1.__TILE__L1-1.__TILE__L2-1,target,query,query,finetune_dataset,data_663.pt,625124.0,graphgps_lite,1,50,paper_exact_seed1,1.999856948852539,1.6414307355880737,0.35842621326446533,0.009999999776482582,-0.011825695633888245,0.021825695410370827,0.0,-0.0022138506174087524,0.0022138506174087524,0.0,-0.07134230434894562,0.07134230434894562,0.019999999552965164,0.04689883440732956,0.026898834854364395
c9ac54eac1913a6b,jacobi-2d,jacobi-2d,lv2:__PARA__L0-1.__PARA__L1-2.__PARA__L2-1.__PARA__L3-8.__PARA__L4-8.__PIPE__L0-off.__PIPE__L1-off.__PIPE__L2-off.__TILE__L0-1.__TILE__L1-1.__TILE__L2-8,target,query,query,finetune_dataset,data_821.pt,4206441.0,graphgps_lite,1,50,paper_exact_seed1,0.6246640086174011,1.083204746246338,0.45854073762893677,0.05000000074505806,0.07462021708488464,0.024620216339826584,0.019999999552965164,0.03335469961166382,0.013354700058698654,0.05000000074505806,0.01670224964618683,0.03329775109887123,0.0,0.014746800065040588,0.014746800065040588
5f0886c92e87a8b7,jacobi-2d,jacobi-2d,lv2:__PARA__L0-1.__PARA__L1-1.__PARA__L2-2.__PARA__L3-4.__PARA__L4-1.__PIPE__L0-off.__PIPE__L1-off.__PIPE__L2-flatten.__TILE__L0-1.__TILE__L1-8.__TILE__L2-8,target,query,query,finetune_dataset,data_759.pt,4087761.0,graphgps_lite,1,50,paper_exact_seed1,0.6453086137771606,0.5868438482284546,0.058464765548706055,0.8700000047683716,0.7417575716972351,0.12824243307113647,0.38999998569488525,0.32308101654052734,0.06691896915435791,0.7799999713897705,0.6473814249038696,0.13261854648590088,0.0,0.05733824521303177,0.05733824521303177
fe2717bb9b5a622a,jacobi-2d,jacobi-2d,lv2:__PARA__L0-1.__PARA__L1-2.__PARA__L2-11.__PARA__L3-8.__PARA__L4-8.__PIPE__L0-off.__PIPE__L1-off.__PIPE__L2-off.__TILE__L0-1.__TILE__L1-1.__TILE__L2-1,target,query,query,finetune_dataset,data_834.pt,4434121.0,graphgps_lite,1,50,paper_exact_seed1,0.5866400003433228,0.6752634644508362,0.08862346410751343,0.05000000074505806,-0.047367289662361145,0.0973672866821289,0.019999999552965164,-0.027429312467575073,0.04742931202054024,0.05000000074505806,-0.02539636194705963,0.07539635896682739,0.009999999776482582,-0.006427362561225891,0.016427362337708473
18fe812f93b4d9a9,jacobi-2d,jacobi-2d,lv2:__PARA__L0-1.__PARA__L1-2.__PARA__L2-1.__PARA__L3-1.__PARA__L4-4.__PIPE__L0-off.__PIPE__L1-flatten.__PIPE__L2-NA.__TILE__L0-1.__TILE__L1-8.__TILE__L2-8,target,query,query,finetune_dataset,data_805.pt,4087801.0,graphgps_lite,1,50,paper_exact_seed1,0.6453015804290771,0.5877227187156677,0.057578861713409424,0.8700000047683716,0.7056600451469421,0.16433995962142944,0.38999998569488525,0.26976072788238525,0.1202392578125,0.7799999713897705,0.595926821231842,0.18407315015792847,0.0,0.1112995445728302,0.1112995445728302
6c039b964f03d1ec,jacobi-2d,jacobi-2d,lv2:__PARA__L0-1.__PARA__L1-1.__PARA__L2-1.__PARA__L3-1.__PARA__L4-16.__PIPE__L0-off.__PIPE__L1-off.__PIPE__L2-NA.__TILE__L0-1.__TILE__L1-1.__TILE__L2-1,target,query,query,finetune_dataset,data_666.pt,887604.0,graphgps_lite,1,50,paper_exact_seed1,1.7469700574874878,1.761080026626587,0.014109969139099121,0.03999999910593033,-0.03128814697265625,0.07128814607858658,0.009999999776482582,0.0017752200365066528,0.00822477973997593,0.009999999776482582,-0.03252924978733063,0.04252924770116806,0.07000000029802322,0.057554587721824646,0.012445412576198578
10d212e2c1a97c6f,jacobi-2d,jacobi-2d,lv2:__PARA__L0-1.__PARA__L1-2.__PARA__L2-22.__PARA__L3-8.__PARA__L4-8.__PIPE__L0-off.__PIPE__L1-NA.__PIPE__L2-off.__TILE__L0-40.__TILE__L1-1.__TILE__L2-1,target,query,query,finetune_dataset,data_851.pt,4504601.0,graphgps_lite,1,50,paper_exact_seed1,0.5752643942832947,0.6324959397315979,0.05723154544830322,0.05000000074505806,0.02133995294570923,0.02866004779934883,0.019999999552965164,0.02104973793029785,0.0010497383773326874,0.05000000074505806,0.012791410088539124,0.037208590656518936,0.009999999776482582,0.029742136597633362,0.01974213682115078
29f20a46aed046a9,jacobi-2d,jacobi-2d,lv2:__PARA__L0-1.__PARA__L1-4.__PARA__L2-2.__PARA__L3-8.__PARA__L4-8.__PIPE__L0-off.__PIPE__L1-NA.__PIPE__L2-off.__TILE__L0-40.__TILE__L1-1.__TILE__L2-1,target,query,query,finetune_dataset,data_898.pt,4390681.0,graphgps_lite,1,50,paper_exact_seed1,0.5937417149543762,0.6448633074760437,0.05112159252166748,0.05000000074505806,0.09540250152349472,0.04540250077843666,0.019999999552965164,0.04703226685523987,0.027032267302274704,0.05000000074505806,0.061936527490615845,0.011936526745557785,0.0,0.000603988766670227,0.000603988766670227
bbbfb2590c70a1f0,jacobi-2d,jacobi-2d,lv2:__PARA__L0-1.__PARA__L1-1.__PARA__L2-1.__PARA__L3-2.__PARA__L4-4.__PIPE__L0-off.__PIPE__L1-off.__PIPE__L2-off.__TILE__L0-1.__TILE__L1-1.__TILE__L2-1,target,query,query,finetune_dataset,data_697.pt,702484.0,graphgps_lite,1,50,paper_exact_seed1,1.9156954288482666,1.857475996017456,0.05821943283081055,0.009999999776482582,-0.019552037119865417,0.029552036896348,0.0,-0.006006836891174316,0.006006836891174316,0.0,-0.07159046828746796,0.07159046828746796,0.019999999552965164,0.03468771278858185,0.014687713235616684
c3442a8001fa4417,jacobi-2d,jacobi-2d,lv2:__PARA__L0-1.__PARA__L1-2.__PARA__L2-22.__PARA__L3-8.__PARA__L4-8.__PIPE__L0-off.__PIPE__L1-off.__PIPE__L2-off.__TILE__L0-40.__TILE__L1-1.__TILE__L2-1,target,query,query,finetune_dataset,data_857.pt,4504601.0,graphgps_lite,1,50,paper_exact_seed1,0.5752643942832947,0.6797681450843811,0.10450375080108643,0.05000000074505806,-0.05348704755306244,0.1034870445728302,0.019999999552965164,-0.028015032410621643,0.04801503196358681,0.05000000074505806,-0.029336079955101013,0.07933607697486877,0.009999999776482582,-0.0006782561540603638,0.010678255930542946
c5fee3c012b75f16,jacobi-2d,jacobi-2d,lv2:__PARA__L0-1.__PARA__L1-2.__PARA__L2-2.__PARA__L3-8.__PARA__L4-8.__PIPE__L0-off.__PIPE__L1-NA.__PIPE__L2-off.__TILE__L0-1.__TILE__L1-1.__TILE__L2-1,target,query,query,finetune_dataset,data_840.pt,4382121.0,graphgps_lite,1,50,paper_exact_seed1,0.5951493978500366,0.6968408226966858,0.10169142484664917,0.05000000074505806,0.06188715994358063,0.011887159198522568,0.019999999552965164,0.037278175354003906,0.017278175801038742,0.05000000074505806,0.015645846724510193,0.03435415402054787,0.0,0.028411470353603363,0.028411470353603363
21399e160a46d421,jacobi-2d,jacobi-2d,lv2:__PARA__L0-1.__PARA__L1-1.__PARA__L2-2.__PARA__L3-11.__PARA__L4-1.__PIPE__L0-off.__PIPE__L1-off.__PIPE__L2-flatten.__TILE__L0-1.__TILE__L1-8.__TILE__L2-8,target,query,query,finetune_dataset,data_744.pt,4088281.0,graphgps_lite,1,50,paper_exact_seed1,0.6452168822288513,0.5793081521987915,0.06590873003005981,0.8999999761581421,0.7799513936042786,0.12004858255386353,0.4000000059604645,0.34316694736480713,0.05683305859565735,0.800000011920929,0.6864506006240845,0.11354941129684448,0.03999999910593033,0.04228213429450989,0.0022821351885795593
3216d5e44ff4a411,jacobi-2d,jacobi-2d,lv2:__PARA__L0-1.__PARA__L1-2.__PARA__L2-22.__PARA__L3-8.__PARA__L4-8.__PIPE__L0-off.__PIPE__L1-off.__PIPE__L2-off.__TILE__L0-1.__TILE__L1-1.__TILE__L2-1,target,query,query,finetune_dataset,data_855.pt,4504601.0,graphgps_lite,1,50,paper_exact_seed1,0.5752643942832947,0.6719398498535156,0.09667545557022095,0.05000000074505806,-0.048563167452812195,0.09856316447257996,0.019999999552965164,-0.01839829981327057,0.03839829936623573,0.05000000074505806,-0.007229894399642944,0.057229895144701004,0.009999999776482582,0.00539436936378479,0.004605630412697792
3bce4c37c877cb19,jacobi-2d,jacobi-2d,lv2:__PARA__L0-1.__PARA__L1-2.__PARA__L2-22.__PARA__L3-8.__PARA__L4-8.__PIPE__L0-off.__PIPE__L1-NA.__PIPE__L2-NA.__TILE__L0-1.__TILE__L1-1.__TILE__L2-1,target,query,query,finetune_dataset,data_846.pt,4504601.0,graphgps_lite,1,50,paper_exact_seed1,0.5752643942832947,0.630538284778595,0.05527389049530029,0.05000000074505806,0.03600335121154785,0.013996649533510208,0.019999999552965164,0.02489754557609558,0.004897546023130417,0.05000000074505806,0.030992969870567322,0.019007030874490738,0.009999999776482582,0.030704163014888763,0.02070416323840618
f034469d455bb20c,jacobi-2d,jacobi-2d,lv2:__PARA__L0-1.__PARA__L1-1.__PARA__L2-1.__PARA__L3-1.__PARA__L4-1.__PIPE__L0-off.__PIPE__L1-flatten.__PIPE__L2-off.__TILE__L0-1.__TILE__L1-1.__TILE__L2-2,target,query,query,finetune_dataset,data_657.pt,4000281.0,graphgps_lite,1,50,paper_exact_seed1,0.660913348197937,0.6495774984359741,0.01133584976196289,0.25,0.19593581557273865,0.05406418442726135,0.10999999940395355,0.07793256640434265,0.0320674329996109,0.25999999046325684,0.2203587144613266,0.03964127600193024,0.28999999165534973,0.3092055320739746,0.019205540418624878
fab04bee7d771311,jacobi-2d,jacobi-2d,lv2:__PARA__L0-1.__PARA__L1-2.__PARA__L2-22.__PARA__L3-8.__PARA__L4-8.__PIPE__L0-off.__PIPE__L1-NA.__PIPE__L2-off.__TILE__L0-1.__TILE__L1-1.__TILE__L2-1,target,query,query,finetune_dataset,data_849.pt,4504601.0,graphgps_lite,1,50,paper_exact_seed1,0.5752643942832947,0.6279723048210144,0.05270791053771973,0.05000000074505806,0.053289756178855896,0.0032897554337978363,0.019999999552965164,0.04437266290187836,0.024372663348913193,0.05000000074505806,0.06521154940128326,0.015211548656225204,0.009999999776482582,0.03943151235580444,0.02943151257932186
526c3a4bdacfa2d3,jacobi-2d,jacobi-2d,lv2:__PARA__L0-1.__PARA__L1-2.__PARA__L2-11.__PARA__L3-8.__PARA__L4-8.__PIPE__L0-off.__PIPE__L1-off.__PIPE__L2-NA.__TILE__L0-1.__TILE__L1-1.__TILE__L2-1,target,query,query,finetune_dataset,data_831.pt,4434121.0,graphgps_lite,1,50,paper_exact_seed1,0.5866400003433228,0.6644891500473022,0.07784914970397949,0.05000000074505806,-0.038918688893318176,0.08891868591308594,0.019999999552965164,-0.021122530102729797,0.04112252965569496,0.05000000074505806,-0.011481419205665588,0.06148141995072365,0.009999999776482582,-0.0027693361043930054,0.012769335880875587
1509afa979317be1,jacobi-2d,jacobi-2d,lv2:__PARA__L0-1.__PARA__L1-2.__PARA__L2-88.__PARA__L3-8.__PARA__L4-8.__PIPE__L0-off.__PIPE__L1-off.__PIPE__L2-off.__TILE__L0-1.__TILE__L1-1.__TILE__L2-1,target,query,query,finetune_dataset,data_875.pt,4361601.0,graphgps_lite,1,50,paper_exact_seed1,0.5985351204872131,0.629073977470398,0.030538856983184814,2.0,1.6418601274490356,0.35813987255096436,0.9300000071525574,0.6138417720794678,0.3161582350730896,2.0799999237060547,1.615704894065857,0.46429502964019775,0.0,-0.006740853190422058,0.006740853190422058
e9a1e8e3e53c8cad,jacobi-2d,jacobi-2d,lv2:__PARA__L0-1.__PARA__L1-22.__PARA__L2-2.__PARA__L3-1.__PARA__L4-1.__PIPE__L0-off.__PIPE__L1-off.__PIPE__L2-flatten.__TILE__L0-1.__TILE__L1-4.__TILE__L2-8,target,query,query,finetune_dataset,data_878.pt,4385641.0,graphgps_lite,1,50,paper_exact_seed1,0.5945701599121094,0.5819036364555359,0.012666523456573486,0.6499999761581421,0.8004700541496277,0.1504700779914856,0.30000001192092896,0.34826886653900146,0.04826885461807251,0.6200000047683716,0.7275341749191284,0.10753417015075684,0.03999999910593033,0.04836760461330414,0.00836760550737381
76c2b8937705e036,jacobi-2d,jacobi-2d,lv2:__PARA__L0-1.__PARA__L1-4.__PARA__L2-1.__PARA__L3-8.__PARA__L4-8.__PIPE__L0-off.__PIPE__L1-NA.__PIPE__L2-off.__TILE__L0-1.__TILE__L1-1.__TILE__L2-1,target,query,query,finetune_dataset,data_888.pt,2242884.0,graphgps_lite,1,50,paper_exact_seed1,1.0782865285873413,0.886058509349823,0.1922280192375183,0.03999999910593033,0.16374516487121582,0.12374516576528549,0.019999999552965164,0.06961235404014587,0.04961235448718071,0.029999999329447746,0.0927109569311142,0.0627109557390213,0.009999999776482582,0.012482866644859314,0.002482866868376732
ee25e4e2ed66fc53,jacobi-2d,jacobi-2d,lv2:__PARA__L0-1.__PARA__L1-1.__PARA__L2-1.__PARA__L3-8.__PARA__L4-32.__PIPE__L0-off.__PIPE__L1-off.__PIPE__L2-off.__TILE__L0-1.__TILE__L1-1.__TILE__L2-1,target,query,query,finetune_dataset,data_717.pt,2370124.0,graphgps_lite,1,50,paper_exact_seed1,1.0384827852249146,2.285501480102539,1.2470186948776245,0.11999999731779099,-0.0053166598081588745,0.12531664967536926,0.029999999329447746,-0.003512263298034668,0.033512264490127563,0.029999999329447746,-0.04131096601486206,0.07131096720695496,0.05000000074505806,0.027336254715919495,0.022663746029138565
9b892d6f7350a914,jacobi-2d,jacobi-2d,lv2:__PARA__L0-1.__PARA__L1-4.__PARA__L2-4.__PARA__L3-8.__PARA__L4-8.__PIPE__L0-off.__PIPE__L1-NA.__PIPE__L2-off.__TILE__L0-40.__TILE__L1-1.__TILE__L2-1,target,query,query,finetune_dataset,data_903.pt,4399241.0,graphgps_lite,1,50,paper_exact_seed1,0.5923367142677307,0.6358594298362732,0.04352271556854248,0.05000000074505806,0.007445544004440308,0.04255445674061775,0.019999999552965164,0.00672072172164917,0.013279277831315994,0.05000000074505806,0.00873081386089325,0.04126918688416481,0.0,-0.012309253215789795,0.012309253215789795
e6572b9f45380988,jacobi-2d,jacobi-2d,lv2:__PARA__L0-1.__PARA__L1-2.__PARA__L2-2.__PARA__L3-1.__PARA__L4-1.__PIPE__L0-off.__PIPE__L1-off.__PIPE__L2-flatten.__TILE__L0-1.__TILE__L1-1.__TILE__L2-8,target,query,query,finetune_dataset,data_837.pt,4263441.0,graphgps_lite,1,50,paper_exact_seed1,0.6149548888206482,0.5935603380203247,0.021394550800323486,0.8700000047683716,0.6989424824714661,0.17105752229690552,0.3799999952316284,0.3035857677459717,0.07641422748565674,0.7699999809265137,0.6122121810913086,0.15778779983520508,0.03999999910593033,0.07367391884326935,0.03367391973733902
c096811fe975a754,jacobi-2d,jacobi-2d,lv2:__PARA__L0-1.__PARA__L1-1.__PARA__L2-2.__PARA__L3-8.__PARA__L4-1.__PIPE__L0-off.__PIPE__L1-off.__PIPE__L2-flatten.__TILE__L0-1.__TILE__L1-8.__TILE__L2-8,target,query,query,finetune_dataset,data_762.pt,4087761.0,graphgps_lite,1,50,paper_exact_seed1,0.6453086137771606,0.5810694694519043,0.06423914432525635,0.8899999856948853,0.7710156440734863,0.11898434162139893,0.38999998569488525,0.3387046456336975,0.051295340061187744,0.7900000214576721,0.6773766875267029,0.11262333393096924,0.0,0.04315371811389923,0.04315371811389923
944f6867f11d504d,jacobi-2d,jacobi-2d,lv2:__PARA__L0-1.__PARA__L1-1.__PARA__L2-1.__PARA__L3-4.__PARA__L4-2.__PIPE__L0-off.__PIPE__L1-off.__PIPE__L2-off.__TILE__L0-1.__TILE__L1-1.__TILE__L2-1,target,query,query,finetune_dataset,data_704.pt,702484.0,graphgps_lite,1,50,paper_exact_seed1,1.9156954288482666,2.062124729156494,0.14642930030822754,0.009999999776482582,-0.010920897126197815,0.020920896902680397,0.0,-0.004837945103645325,0.004837945103645325,0.0,-0.06956985592842102,0.06956985592842102,0.019999999552965164,0.0291760116815567,0.009176012128591537
9539e01f3eb0f18e,jacobi-2d,jacobi-2d,lv2:__PARA__L0-1.__PARA__L1-11.__PARA__L2-1.__PARA__L3-1.__PARA__L4-4.__PIPE__L0-off.__PIPE__L1-flatten.__PIPE__L2-NA.__TILE__L0-1.__TILE__L1-1.__TILE__L2-8,target,query,query,finetune_dataset,data_785.pt,3935841.0,graphgps_lite,1,50,paper_exact_seed1,0.6726281046867371,0.5935412645339966,0.07908684015274048,2.990000009536743,2.2087717056274414,0.7812283039093018,1.3799999952316284,1.1614242792129517,0.21857571601867676,2.8399999141693115,2.332784414291382,0.5072154998779297,0.0,0.017132923007011414,0.017132923007011414
5e5bb0d488f57c02,jacobi-2d,jacobi-2d,lv2:__PARA__L0-1.__PARA__L1-1.__PARA__L2-1.__PARA__L3-11.__PARA__L4-32.__PIPE__L0-off.__PIPE__L1-off.__PIPE__L2-NA.__TILE__L0-1.__TILE__L1-1.__TILE__L2-1,target,query,query,finetune_dataset,data_685.pt,2339724.0,graphgps_lite,1,50,paper_exact_seed1,1.0477948188781738,2.1975083351135254,1.1497135162353516,0.20999999344348907,0.022629782557487488,0.1873702108860016,0.03999999910593033,0.020964667201042175,0.019035331904888153,0.03999999910593033,0.005818203091621399,0.03418179601430893,0.10999999940395355,0.03927254676818848,0.07072745263576508
0d657aedc09afe78,jacobi-2d,jacobi-2d,lv2:__PARA__L0-1.__PARA__L1-1.__PARA__L2-2.__PARA__L3-4.__PARA__L4-1.__PIPE__L0-off.__PIPE__L1-NA.__PIPE__L2-flatten.__TILE__L0-1.__TILE__L1-8.__TILE__L2-8,target,query,query,finetune_dataset,data_757.pt,4087761.0,graphgps_lite,1,50,paper_exact_seed1,0.6453086137771606,0.5867796540260315,0.05852895975112915,0.8700000047683716,0.7573539614677429,0.11264604330062866,0.38999998569488525,0.3210831880569458,0.06891679763793945,0.7799999713897705,0.6531497240066528,0.12685024738311768,0.0,0.06503090262413025,0.06503090262413025
477c4e2e38b59d20,jacobi-2d,jacobi-2d,lv2:__PARA__L0-1.__PARA__L1-2.__PARA__L2-8.__PARA__L3-8.__PARA__L4-8.__PIPE__L0-off.__PIPE__L1-off.__PIPE__L2-NA.__TILE__L0-1.__TILE__L1-1.__TILE__L2-1,target,query,query,finetune_dataset,data_870.pt,4414401.0,graphgps_lite,1,50,paper_exact_seed1,0.5898551940917969,0.6608302593231201,0.07097506523132324,0.05000000074505806,-0.03685590624809265,0.08685590326786041,0.019999999552965164,-0.02202509343624115,0.042025092989206314,0.05000000074505806,-0.01883181929588318,0.06883181631565094,0.009999999776482582,-0.004794970154762268,0.01479496993124485
58a41c3a8454ad42,jacobi-2d,jacobi-2d,lv2:__PARA__L0-1.__PARA__L1-1.__PARA__L2-1.__PARA__L3-4.__PARA__L4-32.__PIPE__L0-off.__PIPE__L1-off.__PIPE__L2-NA.__TILE__L0-1.__TILE__L1-1.__TILE__L2-1,target,query,query,finetune_dataset,data_706.pt,2388964.0,graphgps_lite,1,50,paper_exact_seed1,1.0327714681625366,2.0188369750976562,0.9860655069351196,0.17000000178813934,0.002874314785003662,0.16712568700313568,0.029999999329447746,0.016769617795944214,0.013230381533503532,0.009999999776482582,-0.0025687813758850098,0.012568781152367592,0.10000000149011612,0.048820771276950836,0.05117923021316528
de5d80202c10824d,jacobi-2d,jacobi-2d,lv2:__PARA__L0-1.__PARA__L1-2.__PARA__L2-1.__PARA__L3-8.__PARA__L4-8.__PIPE__L0-off.__PIPE__L1-off.__PIPE__L2-off.__TILE__L0-1.__TILE__L1-1.__TILE__L2-1,target,query,query,finetune_dataset,data_818.pt,2234324.0,graphgps_lite,1,50,paper_exact_seed1,1.0810447931289673,2.37973690032959,1.2986921072006226,0.03999999910593033,-0.004285648465156555,0.044285647571086884,0.019999999552965164,-0.0020220130681991577,0.022022012621164322,0.029999999329447746,-0.06114952266216278,0.09114952385425568,0.009999999776482582,0.014813825488090515,0.004813825711607933
1b37bbe43cd2bb4d,jacobi-2d,jacobi-2d,lv2:__PARA__L0-1.__PARA__L1-11.__PARA__L2-2.__PARA__L3-4.__PARA__L4-1.__PIPE__L0-off.__PIPE__L1-off.__PIPE__L2-flatten.__TILE__L0-1.__TILE__L1-8.__TILE__L2-8,target,query,query,finetune_dataset,data_801.pt,4315441.0,graphgps_lite,1,50,paper_exact_seed1,0.6062100529670715,0.5771235823631287,0.02908647060394287,0.8700000047683716,0.8363465070724487,0.03365349769592285,0.38999998569488525,0.3644670844078064,0.025532901287078857,0.7799999713897705,0.752081573009491,0.02791839838027954,0.0,0.03951588273048401,0.03951588273048401
ce3f95c322d7a06b,jacobi-2d,jacobi-2d,lv2:__PARA__L0-1.__PARA__L1-1.__PARA__L2-11.__PARA__L3-8.__PARA__L4-8.__PIPE__L0-off.__PIPE__L1-off.__PIPE__L2-NA.__TILE__L0-1.__TILE__L1-88.__TILE__L2-8,target,query,query,finetune_dataset,data_731.pt,2285444.0,graphgps_lite,1,50,paper_exact_seed1,1.0647268295288086,0.7212682366371155,0.3434585928916931,0.03999999910593033,0.00488772988319397,0.03511226922273636,0.009999999776482582,0.005172520875930786,0.004827478900551796,0.029999999329447746,0.004609733819961548,0.0253902655094862,0.019999999552965164,-0.009836509823799133,0.029836509376764297
b4ef68a5d9f63dc4,jacobi-2d,jacobi-2d,lv2:__PARA__L0-1.__PARA__L1-1.__PARA__L2-2.__PARA__L3-16.__PARA__L4-1.__PIPE__L0-off.__PIPE__L1-off.__PIPE__L2-flatten.__TILE__L0-1.__TILE__L1-8.__TILE__L2-8,target,query,query,finetune_dataset,data_747.pt,5669521.0,graphgps_lite,1,50,paper_exact_seed1,0.4093506336212158,0.5780923962593079,0.16874176263809204,0.8999999761581421,0.7872266173362732,0.1127733588218689,0.4000000059604645,0.346351683139801,0.05364832282066345,0.8100000023841858,0.6920011639595032,0.11799883842468262,0.03999999910593033,0.041773721575737,0.0017737224698066711
1cb62280cb163648,jacobi-2d,jacobi-2d,lv2:__PARA__L0-1.__PARA__L1-1.__PARA__L2-2.__PARA__L3-32.__PARA__L4-1.__PIPE__L0-off.__PIPE__L1-off.__PIPE__L2-flatten.__TILE__L0-1.__TILE__L1-8.__TILE__L2-8,target,query,query,finetune_dataset,data_756.pt,5668321.0,graphgps_lite,1,50,paper_exact_seed1,0.409503310918808,0.582523763179779,0.17302045226097107,0.949999988079071,0.7506185173988342,0.19938147068023682,0.4300000071525574,0.33236411213874817,0.0976358950138092,0.8500000238418579,0.6425780057907104,0.20742201805114746,0.11999999731779099,0.049652114510536194,0.07034788280725479
44dccef1d06d09e7,jacobi-2d,jacobi-2d,lv2:__PARA__L0-1.__PARA__L1-1.__PARA__L2-1.__PARA__L3-1.__PARA__L4-1.__PIPE__L0-off.__PIPE__L1-flatten.__PIPE__L2-off.__TILE__L0-1.__TILE__L1-1.__TILE__L2-8,target,query,query,finetune_dataset,data_659.pt,3937881.0,graphgps_lite,1,50,paper_exact_seed1,0.6722542643547058,0.6272222399711609,0.04503202438354492,0.25,0.22871434688568115,0.021285653114318848,0.10999999940395355,0.09859780222177505,0.011402197182178497,0.25999999046325684,0.23964446783065796,0.020355522632598877,0.28999999165534973,0.3050026297569275,0.015002638101577759
fcc032dc00948d72,jacobi-2d,jacobi-2d,lv2:__PARA__L0-1.__PARA__L1-2.__PARA__L2-11.__PARA__L3-8.__PARA__L4-8.__PIPE__L0-off.__PIPE__L1-NA.__PIPE__L2-off.__TILE__L0-1.__TILE__L1-1.__TILE__L2-8,target,query,query,finetune_dataset,data_829.pt,4434121.0,graphgps_lite,1,50,paper_exact_seed1,0.5866400003433228,0.620215892791748,0.03357589244842529,0.05000000074505806,0.07298850268125534,0.02298850193619728,0.019999999552965164,0.06129284203052521,0.04129284247756004,0.05000000074505806,0.07824842631816864,0.02824842557311058,0.009999999776482582,0.019149407744407654,0.009149407967925072
b7291231ff5e94b8,jacobi-2d,jacobi-2d,lv2:__PARA__L0-1.__PARA__L1-1.__PARA__L2-1.__PARA__L3-4.__PARA__L4-4.__PIPE__L0-off.__PIPE__L1-off.__PIPE__L2-off.__TILE__L0-1.__TILE__L1-1.__TILE__L2-1,target,query,query,finetune_dataset,data_708.pt,470244.0,graphgps_lite,1,50,paper_exact_seed1,2.205223321914673,2.1570677757263184,0.04815554618835449,0.009999999776482582,-0.01209762692451477,0.022097626700997353,0.0,-0.0037848949432373047,0.0037848949432373047,0.0,-0.06562228500843048,0.06562228500843048,0.019999999552965164,0.027920842170715332,0.007920842617750168
ad7cd3eac43c0a10,jacobi-2d,jacobi-2d,lv2:__PARA__L0-1.__PARA__L1-4.__PARA__L2-1.__PARA__L3-1.__PARA__L4-4.__PIPE__L0-off.__PIPE__L1-flatten.__PIPE__L2-NA.__TILE__L0-1.__TILE__L1-8.__TILE__L2-8,target,query,query,finetune_dataset,data_887.pt,4193761.0,graphgps_lite,1,50,paper_exact_seed1,0.6268417239189148,0.5818312168121338,0.045010507106781006,1.4600000381469727,1.1071245670318604,0.3528754711151123,0.6499999761581421,0.433332234621048,0.21666774153709412,1.2999999523162842,0.9962992072105408,0.3037007451057434,0.0,0.01926320791244507,0.01926320791244507
5e2597b5863e7267,jacobi-2d,jacobi-2d,lv2:__PARA__L0-1.__PARA__L1-4.__PARA__L2-8.__PARA__L3-8.__PARA__L4-8.__PIPE__L0-off.__PIPE__L1-NA.__PIPE__L2-off.__TILE__L0-40.__TILE__L1-1.__TILE__L2-1,target,query,query,finetune_dataset,data_907.pt,4422961.0,graphgps_lite,1,50,paper_exact_seed1,0.5884577631950378,0.6339142322540283,0.04545646905899048,0.05000000074505806,-0.01234351098537445,0.06234351173043251,0.019999999552965164,-0.02084238827228546,0.040842387825250626,0.05000000074505806,-0.04437999427318573,0.09437999129295349,0.009999999776482582,-0.015225306153297424,0.025225305929780006
70b23e1418b25f9a,jacobi-2d,jacobi-2d,lv2:__PARA__L0-1.__PARA__L1-1.__PARA__L2-8.__PARA__L3-8.__PARA__L4-8.__PIPE__L0-off.__PIPE__L1-off.__PIPE__L2-off.__TILE__L0-40.__TILE__L1-1.__TILE__L2-1,target,query,query,finetune_dataset,data_784.pt,2266604.0,graphgps_lite,1,50,paper_exact_seed1,1.0706979036331177,0.7015258073806763,0.3691720962524414,0.03999999910593033,-0.03130047023296356,0.07130046933889389,0.009999999776482582,-0.04712875187397003,0.057128749787807465,0.029999999329447746,-0.04946519434452057,0.07946519553661346,0.019999999552965164,-0.009657159447669983,0.029657159000635147
d3b2cff71cb6b3f4,jacobi-2d,jacobi-2d,lv2:__PARA__L0-1.__PARA__L1-2.__PARA__L2-22.__PARA__L3-8.__PARA__L4-8.__PIPE__L0-off.__PIPE__L1-NA.__PIPE__L2-NA.__TILE__L0-40.__TILE__L1-1.__TILE__L2-1,target,query,query,finetune_dataset,data_848.pt,4504601.0,graphgps_lite,1,50,paper_exact_seed1,0.5752643942832947,0.6320098042488098,0.05674540996551514,0.05000000074505806,0.018066376447677612,0.03193362429738045,0.019999999552965164,0.012442350387573242,0.007557649165391922,0.05000000074505806,0.014057159423828125,0.035942841321229935,0.009999999776482582,0.020924434065818787,0.010924434289336205
4e8434819940f4ab,jacobi-2d,jacobi-2d,lv2:__PARA__L0-1.__PARA__L1-2.__PARA__L2-8.__PARA__L3-8.__PARA__L4-8.__PIPE__L0-off.__PIPE__L1-off.__PIPE__L2-NA.__TILE__L0-40.__TILE__L1-1.__TILE__L2-1,target,query,query,finetune_dataset,data_871.pt,4414401.0,graphgps_lite,1,50,paper_exact_seed1,0.5898551940917969,0.669797956943512,0.07994276285171509,0.05000000074505806,-0.04600018262863159,0.09600017964839935,0.019999999552965164,-0.03214479982852936,0.05214479938149452,0.05000000074505806,-0.040688857436180115,0.09068885445594788,0.009999999776482582,-0.009943172335624695,0.019943172112107277
f849a18ab6a5f95b,jacobi-2d,jacobi-2d,lv2:__PARA__L0-1.__PARA__L1-1.__PARA__L2-4.__PARA__L3-8.__PARA__L4-8.__PIPE__L0-off.__PIPE__L1-off.__PIPE__L2-off.__TILE__L0-1.__TILE__L1-88.__TILE__L2-1,target,query,query,finetune_dataset,data_779.pt,2242884.0,graphgps_lite,1,50,paper_exact_seed1,1.0782865285873413,0.7279714345932007,0.3503150939941406,0.03999999910593033,-0.0241997092962265,0.06419970840215683,0.019999999552965164,-0.00977104902267456,0.029771048575639725,0.029999999329447746,0.009068801999092102,0.020931197330355644,0.009999999776482582,-0.005813732743263245,0.015813732519745827
06b4e10354d508a4,jacobi-2d,jacobi-2d,lv2:__PARA__L0-1.__PARA__L1-2.__PARA__L2-1.__PARA__L3-8.__PARA__L4-8.__PIPE__L0-off.__PIPE__L1-off.__PIPE__L2-off.__TILE__L0-1.__TILE__L1-1.__TILE__L2-88,target,query,query,finetune_dataset,data_822.pt,2234324.0,graphgps_lite,1,50,paper_exact_seed1,1.0810447931289673,0.723430871963501,0.3576139211654663,0.03999999910593033,0.006985679268836975,0.03301431983709335,0.019999999552965164,0.014836177229881287,0.0051638223230838776,0.029999999329447746,-0.012045815587043762,0.04204581677913666,0.009999999776482582,0.003133416175842285,0.006866583600640297
b7a063af2d7c0f24,jacobi-2d,jacobi-2d,lv2:__PARA__L0-1.__PARA__L1-2.__PARA__L2-2.__PARA__L3-8.__PARA__L4-8.__PIPE__L0-off.__PIPE__L1-NA.__PIPE__L2-off.__TILE__L0-40.__TILE__L1-1.__TILE__L2-1,target,query,query,finetune_dataset,data_841.pt,4382121.0,graphgps_lite,1,50,paper_exact_seed1,0.5951493978500366,0.6727933883666992,0.0776439905166626,0.05000000074505806,0.03649735450744629,0.01350264623761177,0.019999999552965164,0.026080042123794556,0.0060800425708293915,0.05000000074505806,0.010994091629981995,0.039005909115076065,0.0,0.018683016300201416,0.018683016300201416
0b98e4b7ddc0e9e1,jacobi-2d,jacobi-2d,lv2:__PARA__L0-1.__PARA__L1-11.__PARA__L2-2.__PARA__L3-16.__PARA__L4-1.__PIPE__L0-off.__PIPE__L1-off.__PIPE__L2-flatten.__TILE__L0-1.__TILE__L1-8.__TILE__L2-8,target,query,query,finetune_dataset,data_793.pt,5897561.0,graphgps_lite,1,50,paper_exact_seed1,0.38090482354164124,0.5761270523071289,0.19522222876548767,0.8999999761581421,0.8801860213279724,0.019813954830169678,0.4000000059604645,0.37856847047805786,0.021431535482406616,0.8100000023841858,0.7835792899131775,0.0264207124710083,0.029999999329447746,0.03486284613609314,0.004862846806645393
fa9d05c112689cf8,jacobi-2d,jacobi-2d,lv2:__PARA__L0-1.__PARA__L1-2.__PARA__L2-11.__PARA__L3-8.__PARA__L4-8.__PIPE__L0-off.__PIPE__L1-NA.__PIPE__L2-off.__TILE__L0-1.__TILE__L1-1.__TILE__L2-1,target,query,query,finetune_dataset,data_828.pt,4434121.0,graphgps_lite,1,50,paper_exact_seed1,0.5866400003433228,0.6294912695884705,0.042851269245147705,0.05000000074505806,0.02178274095058441,0.028217259794473648,0.019999999552965164,0.024449005722999573,0.004449006170034409,0.05000000074505806,0.033024996519088745,0.016975004225969315,0.009999999776482582,0.02799701690673828,0.0179970171302557
636bf2d9ed70951a,jacobi-2d,jacobi-2d,lv2:__PARA__L0-1.__PARA__L1-4.__PARA__L2-88.__PARA__L3-8.__PARA__L4-8.__PIPE__L0-off.__PIPE__L1-NA.__PIPE__L2-off.__TILE__L0-1.__TILE__L1-1.__TILE__L2-1,target,query,query,finetune_dataset,data_908.pt,4370161.0,graphgps_lite,1,50,paper_exact_seed1,0.5971208214759827,0.6143261194229126,0.01720529794692993,2.0,1.9385156631469727,0.061484336853027344,0.9300000071525574,0.7753472924232483,0.15465271472930908,2.0799999237060547,1.933313250541687,0.14668667316436768,0.0,-0.018193110823631287,0.018193110823631287
e05942ec253636bc,jacobi-2d,jacobi-2d,lv2:__PARA__L0-1.__PARA__L1-2.__PARA__L2-22.__PARA__L3-8.__PARA__L4-8.__PIPE__L0-off.__PIPE__L1-off.__PIPE__L2-NA.__TILE__L0-1.__TILE__L1-1.__TILE__L2-4,target,query,query,finetune_dataset,data_853.pt,4504601.0,graphgps_lite,1,50,paper_exact_seed1,0.5752643942832947,0.6460400223731995,0.07077562808990479,0.05000000074505806,-0.03303654491901398,0.08303654193878174,0.019999999552965164,-0.02115444839000702,0.04115444794297218,0.05000000074505806,-0.007999882102012634,0.057999882847070694,0.009999999776482582,-0.006368905305862427,0.01636890508234501
3fcc998748c8d376,jacobi-2d,jacobi-2d,lv2:__PARA__L0-1.__PARA__L1-1.__PARA__L2-22.__PARA__L3-8.__PARA__L4-8.__PIPE__L0-off.__PIPE__L1-off.__PIPE__L2-NA.__TILE__L0-40.__TILE__L1-1.__TILE__L2-1,target,query,query,finetune_dataset,data_772.pt,2355924.0,graphgps_lite,1,50,paper_exact_seed1,1.0428175926208496,0.6837461590766907,0.35907143354415894,0.03999999910593033,-0.04117833077907562,0.08117832988500595,0.009999999776482582,-0.0425858348608017,0.05258583277463913,0.029999999329447746,-0.0012354403734207153,0.03123543970286846,0.019999999552965164,0.01061294972896576,0.009387049823999405
2ada84ceecd6d2ea,jacobi-2d,jacobi-2d,lv2:__PARA__L0-1.__PARA__L1-4.__PARA__L2-4.__PARA__L3-8.__PARA__L4-8.__PIPE__L0-off.__PIPE__L1-NA.__PIPE__L2-NA.__TILE__L0-1.__TILE__L1-1.__TILE__L2-1,target,query,query,finetune_dataset,data_900.pt,4399241.0,graphgps_lite,1,50,paper_exact_seed1,0.5923367142677307,0.6218740940093994,0.0295373797416687,0.05000000074505806,0.0417180210351944,0.008281979709863663,0.019999999552965164,0.010857179760932922,0.009142819792032242,0.05000000074505806,-0.023547545075416565,0.07354754209518433,0.0,-0.008314236998558044,0.008314236998558044
bf1098b07df0d975,jacobi-2d,jacobi-2d,lv2:__PARA__L0-1.__PARA__L1-1.__PARA__L2-22.__PARA__L3-8.__PARA__L4-8.__PIPE__L0-off.__PIPE__L1-off.__PIPE__L2-NA.__TILE__L0-1.__TILE__L1-88.__TILE__L2-4,target,query,query,finetune_dataset,data_771.pt,2355924.0,graphgps_lite,1,50,paper_exact_seed1,1.0428175926208496,0.723623514175415,0.31919407844543457,0.03999999910593033,-0.011317089200019836,0.051317088305950165,0.009999999776482582,-0.004301384091377258,0.01430138386785984,0.029999999329447746,-0.005486413836479187,0.03548641502857208,0.019999999552965164,-0.0018039047718048096,0.021803904324769974
cbafe5a4e8823ead,jacobi-2d,jacobi-2d,lv2:__PARA__L0-1.__PARA__L1-4.__PARA__L2-2.__PARA__L3-8.__PARA__L4-8.__PIPE__L0-off.__PIPE__L1-NA.__PIPE__L2-NA.__TILE__L0-1.__TILE__L1-1.__TILE__L2-1,target,query,query,finetune_dataset,data_895.pt,4390681.0,graphgps_lite,1,50,paper_exact_seed1,0.5937417149543762,0.6357372999191284,0.0419955849647522,0.05000000074505806,0.2264062464237213,0.17640624940395355,0.019999999552965164,0.08933845907449722,0.06933845579624176,0.05000000074505806,0.15931589901447296,0.1093159019947052,0.0,0.010429561138153076,0.010429561138153076
6f4f3264bdb17fcf,jacobi-2d,jacobi-2d,lv2:__PARA__L0-1.__PARA__L1-2.__PARA__L2-8.__PARA__L3-8.__PARA__L4-8.__PIPE__L0-off.__PIPE__L1-off.__PIPE__L2-off.__TILE__L0-1.__TILE__L1-1.__TILE__L2-1,target,query,query,finetune_dataset,data_872.pt,4414401.0,graphgps_lite,1,50,paper_exact_seed1,0.5898551940917969,0.6731493473052979,0.08329415321350098,0.05000000074505806,-0.04929056763648987,0.09929056465625763,0.019999999552965164,-0.03239838778972626,0.05239838734269142,0.05000000074505806,-0.03823523223400116,0.08823522925376892,0.009999999776482582,-0.010486289858818054,0.020486289635300636
292906e368d78e22,jacobi-2d,jacobi-2d,lv2:__PARA__L0-1.__PARA__L1-2.__PARA__L2-2.__PARA__L3-8.__PARA__L4-8.__PIPE__L0-off.__PIPE__L1-off.__PIPE__L2-off.__TILE__L0-1.__TILE__L1-1.__TILE__L2-1,target,query,query,finetune_dataset,data_844.pt,4382121.0,graphgps_lite,1,50,paper_exact_seed1,0.5951493978500366,0.888442873954773,0.29329347610473633,0.05000000074505806,-0.026591867208480835,0.0765918642282486,0.019999999552965164,-0.005125507712364197,0.02512550726532936,0.05000000074505806,-0.04687903821468353,0.0968790352344513,0.0,0.007855445146560669,0.007855445146560669
7fb3c20dbed2153a,jacobi-2d,jacobi-2d,lv2:__PARA__L0-1.__PARA__L1-2.__PARA__L2-11.__PARA__L3-8.__PARA__L4-8.__PIPE__L0-off.__PIPE__L1-off.__PIPE__L2-off.__TILE__L0-1.__TILE__L1-1.__TILE__L2-8,target,query,query,finetune_dataset,data_835.pt,4434121.0,graphgps_lite,1,50,paper_exact_seed1,0.5866400003433228,0.665967583656311,0.07932758331298828,0.05000000074505806,-0.01704251766204834,0.0670425146818161,0.019999999552965164,-0.007801905274391174,0.02780190482735634,0.05000000074505806,-0.010774895548820496,0.060774896293878555,0.009999999776482582,-0.010028809309005737,0.02002880908548832
00f38308256f3bcc,jacobi-2d,jacobi-2d,lv2:__PARA__L0-1.__PARA__L1-1.__PARA__L2-2.__PARA__L3-1.__PARA__L4-1.__PIPE__L0-off.__PIPE__L1-off.__PIPE__L2-flatten.__TILE__L0-1.__TILE__L1-2.__TILE__L2-8,target,query,query,finetune_dataset,data_738.pt,4149361.0,graphgps_lite,1,50,paper_exact_seed1,0.6345194578170776,0.5947932004928589,0.03972625732421875,0.6499999761581421,0.7071933150291443,0.0571933388710022,0.30000001192092896,0.3022061586380005,0.002206146717071533,0.6200000047683716,0.6144804954528809,0.005519509315490723,0.03999999910593033,0.07660241425037384,0.03660241514444351
f8abd11bf5771ea3,jacobi-2d,jacobi-2d,lv2:__PARA__L0-1.__PARA__L1-1.__PARA__L2-1.__PARA__L3-1.__PARA__L4-8.__PIPE__L0-off.__PIPE__L1-off.__PIPE__L2-off.__TILE__L0-1.__TILE__L1-1.__TILE__L2-1,target,query,query,finetune_dataset,data_679.pt,973524.0,graphgps_lite,1,50,paper_exact_seed1,1.6803197860717773,1.8472185134887695,0.1668987274169922,0.029999999329447746,-0.016926437616348267,0.04692643880844116,0.009999999776482582,-0.0050735920667648315,0.015073591843247414,0.019999999552965164,-0.07336200773715973,0.0933620035648346,0.019999999552965164,0.0360649898648262,0.016064990311861038
33a477d84c262dc2,jacobi-2d,jacobi-2d,lv2:__PARA__L0-1.__PARA__L1-2.__PARA__L2-8.__PARA__L3-8.__PARA__L4-8.__PIPE__L0-off.__PIPE__L1-NA.__PIPE__L2-NA.__TILE__L0-1.__TILE__L1-1.__TILE__L2-1,target,query,query,finetune_dataset,data_866.pt,4414401.0,graphgps_lite,1,50,paper_exact_seed1,0.5898551940917969,0.6267858147621155,0.036930620670318604,0.05000000074505806,-0.002807140350341797,0.05280714109539986,0.019999999552965164,0.01945735514163971,0.0005426444113254547,0.05000000074505806,0.003322914242744446,0.046677086502313614,0.009999999776482582,0.017413362860679626,0.007413363084197044
4ef9c3115d1df67f,jacobi-2d,jacobi-2d,lv2:__PARA__L0-1.__PARA__L1-1.__PARA__L2-1.__PARA__L3-1.__PARA__L4-4.__PIPE__L0-off.__PIPE__L1-flatten.__PIPE__L2-NA.__TILE__L0-1.__TILE__L1-8.__TILE__L2-8,target,query,query,finetune_dataset,data_675.pt,4030681.0,graphgps_lite,1,50,paper_exact_seed1,0.6554522514343262,0.602192759513855,0.05325949192047119,0.2800000011920929,0.46464258432388306,0.18464258313179016,0.11999999731779099,0.15640348196029663,0.036403484642505646,0.27000001072883606,0.4017801284790039,0.13178011775016785,0.20999999344348907,0.18728984892368317,0.022710144519805908
ef94c8dd19f71d10,jacobi-2d,jacobi-2d,lv2:__PARA__L0-1.__PARA__L1-4.__PARA__L2-11.__PARA__L3-8.__PARA__L4-8.__PIPE__L0-off.__PIPE__L1-NA.__PIPE__L2-off.__TILE__L0-1.__TILE__L1-1.__TILE__L2-1,target,query,query,finetune_dataset,data_893.pt,4442681.0,graphgps_lite,1,50,paper_exact_seed1,0.5852487683296204,0.6278070211410522,0.042558252811431885,0.05000000074505806,-0.01671639084815979,0.06671638786792755,0.019999999552965164,-0.017469361424446106,0.03746936097741127,0.05000000074505806,-0.04617772996425629,0.09617772698402405,0.009999999776482582,-0.004310324788093567,0.014310324564576149
ac131c488d448b82,jacobi-2d,jacobi-2d,lv2:__PARA__L0-1.__PARA__L1-2.__PARA__L2-1.__PARA__L3-8.__PARA__L4-8.__PIPE__L0-off.__PIPE__L1-off.__PIPE__L2-off.__TILE__L0-1.__TILE__L1-1.__TILE__L2-2,target,query,query,finetune_dataset,data_819.pt,4268321.0,graphgps_lite,1,50,paper_exact_seed1,0.6141297221183777,2.2048919200897217,1.5907621383666992,0.05000000074505806,0.03721757233142853,0.012782428413629532,0.019999999552965164,0.013186082243919373,0.006813917309045792,0.05000000074505806,-0.02889128029346466,0.07889127731323242,0.0,0.015713021159172058,0.015713021159172058
620a3218c1a7f9c8,jacobi-2d,jacobi-2d,lv2:__PARA__L0-1.__PARA__L1-11.__PARA__L2-2.__PARA__L3-4.__PARA__L4-1.__PIPE__L0-off.__PIPE__L1-NA.__PIPE__L2-flatten.__TILE__L0-1.__TILE__L1-8.__TILE__L2-8,target,query,query,finetune_dataset,data_800.pt,4315441.0,graphgps_lite,1,50,paper_exact_seed1,0.6062100529670715,0.5791510939598083,0.027058959007263184,0.8700000047683716,0.8967544436454773,0.026754438877105713,0.38999998569488525,0.38486015796661377,0.005139827728271484,0.7799999713897705,0.8018709421157837,0.021870970726013184,0.0,0.03535202145576477,0.03535202145576477
ed1e0b205d363f5e,jacobi-2d,jacobi-2d,lv2:__PARA__L0-1.__PARA__L1-11.__PARA__L2-2.__PARA__L3-1.__PARA__L4-1.__PIPE__L0-off.__PIPE__L1-off.__PIPE__L2-flatten.__TILE__L0-1.__TILE__L1-1.__TILE__L2-8,target,query,query,finetune_dataset,data_788.pt,4315441.0,graphgps_lite,1,50,paper_exact_seed1,0.6062100529670715,0.583272397518158,0.022937655448913574,0.8700000047683716,0.8081411123275757,0.0618588924407959,0.3799999952316284,0.350203275680542,0.029796719551086426,0.7699999809265137,0.733615517616272,0.0363844633102417,0.03999999910593033,0.058095984160900116,0.018095985054969788
0b048cbe2d8c5471,jacobi-2d,jacobi-2d,lv2:__PARA__L0-1.__PARA__L1-4.__PARA__L2-1.__PARA__L3-8.__PARA__L4-8.__PIPE__L0-off.__PIPE__L1-off.__PIPE__L2-off.__TILE__L0-1.__TILE__L1-1.__TILE__L2-1,target,query,query,finetune_dataset,data_891.pt,2242884.0,graphgps_lite,1,50,paper_exact_seed1,1.0782865285873413,1.5775023698806763,0.49921584129333496,0.03999999910593033,0.04406808316707611,0.0040680840611457825,0.019999999552965164,0.018937543034553528,0.0010624565184116364,0.029999999329447746,0.00272156298160553,0.027278436347842216,0.009999999776482582,0.008997097611427307,0.001002902165055275
bbffb137352025e1,jacobi-2d,jacobi-2d,lv2:__PARA__L0-1.__PARA__L1-1.__PARA__L2-1.__PARA__L3-1.__PARA__L4-4.__PIPE__L0-off.__PIPE__L1-flatten.__PIPE__L2-NA.__TILE__L0-1.__TILE__L1-88.__TILE__L2-8,target,query,query,finetune_dataset,data_676.pt,3938401.0,graphgps_lite,1,50,paper_exact_seed1,0.6721590161323547,0.6777235865592957,0.005564570426940918,0.25,0.37227338552474976,0.12227338552474976,0.10999999940395355,0.1728007048368454,0.06280070543289185,0.27000001072883606,0.34993040561676025,0.0799303948879242,0.25,0.26074516773223877,0.01074516773223877
11b2257107686917,jacobi-2d,jacobi-2d,lv2:__PARA__L0-1.__PARA__L1-2.__PARA__L2-4.__PARA__L3-8.__PARA__L4-8.__PIPE__L0-off.__PIPE__L1-off.__PIPE__L2-NA.__TILE__L0-40.__TILE__L1-1.__TILE__L2-1,target,query,query,finetune_dataset,data_863.pt,4390681.0,graphgps_lite,1,50,paper_exact_seed1,0.5937417149543762,0.6673502922058105,0.07360857725143433,0.05000000074505806,-0.036444395780563354,0.08644439280033112,0.019999999552965164,-0.018911078572273254,0.03891107812523842,0.05000000074505806,-0.03863394260406494,0.0886339396238327,0.0,-0.0054968297481536865,0.0054968297481536865
9989bcc5a4c88281,jacobi-2d,jacobi-2d,lv2:__PARA__L0-1.__PARA__L1-1.__PARA__L2-1.__PARA__L3-11.__PARA__L4-1.__PIPE__L0-off.__PIPE__L1-off.__PIPE__L2-off.__TILE__L0-1.__TILE__L1-1.__TILE__L2-1,target,query,query,finetune_dataset,data_680.pt,963004.0,graphgps_lite,1,50,paper_exact_seed1,1.6881572008132935,2.328396797180176,0.6402395963668823,0.05000000074505806,0.07812716066837311,0.028127159923315048,0.019999999552965164,0.014615938067436218,0.005384061485528946,0.029999999329447746,0.0028993934392929077,0.02710060589015484,0.029999999329447746,0.02606329321861267,0.003936706110835075
e0672c2d77aa4712,jacobi-2d,jacobi-2d,lv2:__PARA__L0-1.__PARA__L1-4.__PARA__L2-2.__PARA__L3-8.__PARA__L4-8.__PIPE__L0-off.__PIPE__L1-NA.__PIPE__L2-off.__TILE__L0-1.__TILE__L1-1.__TILE__L2-1,target,query,query,finetune_dataset,data_897.pt,4390681.0,graphgps_lite,1,50,paper_exact_seed1,0.5937417149543762,0.6454299688339233,0.05168825387954712,0.05000000074505806,0.10969763994216919,0.05969763919711113,0.019999999552965164,0.0580533891916275,0.03805338963866234,0.05000000074505806,0.056259624660015106,0.0062596239149570465,0.0,0.005613580346107483,0.005613580346107483
a6b64c8bb182d31b,jacobi-2d,jacobi-2d,lv2:__PARA__L0-1.__PARA__L1-1.__PARA__L2-2.__PARA__L3-88.__PARA__L4-1.__PIPE__L0-off.__PIPE__L1-NA.__PIPE__L2-flatten.__TILE__L0-1.__TILE__L1-8.__TILE__L2-8,target,query,query,finetune_dataset,data_767.pt,4087681.0,graphgps_lite,1,50,paper_exact_seed1,0.6453227400779724,0.5978732109069824,0.04744952917098999,1.1299999952316284,0.9649814963340759,0.1650184988975525,0.49000000953674316,0.4066832661628723,0.08331674337387085,1.0199999809265137,0.8208591341972351,0.19914084672927856,0.20999999344348907,0.2097783088684082,0.00022168457508087158
c60e27770f3ce92d,jacobi-2d,jacobi-2d,lv2:__PARA__L0-1.__PARA__L1-1.__PARA__L2-2.__PARA__L3-2.__PARA__L4-1.__PIPE__L0-off.__PIPE__L1-off.__PIPE__L2-flatten.__TILE__L0-1.__TILE__L1-1.__TILE__L2-8,target,query,query,finetune_dataset,data_749.pt,4146841.0,graphgps_lite,1,50,paper_exact_seed1,0.6349576711654663,0.5951786041259766,0.039779067039489746,0.8700000047683716,0.7009649276733398,0.16903507709503174,0.3799999952316284,0.3007405996322632,0.07925939559936523,0.7699999809265137,0.60505211353302,0.16494786739349365,0.0,0.07394848763942719,0.07394848763942719
a2f55586e23c4af2,jacobi-2d,jacobi-2d,lv2:__PARA__L0-1.__PARA__L1-1.__PARA__L2-2.__PARA__L3-8.__PARA__L4-8.__PIPE__L0-off.__PIPE__L1-off.__PIPE__L2-NA.__TILE__L0-1.__TILE__L1-88.__TILE__L2-1,target,query,query,finetune_dataset,data_763.pt,2234324.0,graphgps_lite,1,50,paper_exact_seed1,1.0810447931289673,0.7172157764434814,0.36382901668548584,0.03999999910593033,0.013154968619346619,0.02684503048658371,0.019999999552965164,0.018217191100120544,0.0017828084528446198,0.029999999329447746,0.055683791637420654,0.025683792307972908,0.009999999776482582,0.009016335010528564,0.0009836647659540176
6b1a97d31ff54f58,jacobi-2d,jacobi-2d,lv2:__PARA__L0-1.__PARA__L1-1.__PARA__L2-1.__PARA__L3-11.__PARA__L4-16.__PIPE__L0-off.__PIPE__L1-off.__PIPE__L2-NA.__TILE__L0-1.__TILE__L1-1.__TILE__L2-1,target,query,query,finetune_dataset,data_682.pt,606044.0,graphgps_lite,1,50,paper_exact_seed1,2.022216796875,2.341982364654541,0.319765567779541,0.09000000357627869,-0.0013181567192077637,0.09131816029548645,0.029999999329447746,0.005799382925033569,0.024200616404414177,0.03999999910593033,-0.015117660164833069,0.0551176592707634,0.07999999821186066,0.02952297031879425,0.050477027893066406
82f432bd118264ba,jacobi-2d,jacobi-2d,lv2:__PARA__L0-1.__PARA__L1-1.__PARA__L2-1.__PARA__L3-4.__PARA__L4-16.__PIPE__L0-off.__PIPE__L1-off.__PIPE__L2-NA.__TILE__L0-1.__TILE__L1-1.__TILE__L2-1,target,query,query,finetune_dataset,data_702.pt,655284.0,graphgps_lite,1,50,paper_exact_seed1,1.9658679962158203,2.1152327060699463,0.14936470985412598,0.05000000074505806,-0.020578712224960327,0.07057870924472809,0.019999999552965164,0.0016849488019943237,0.01831505075097084,0.019999999552965164,-0.02180992066860199,0.041809920221567154,0.07000000029802322,0.03919360786676407,0.030806392431259155
b9937ac9cd905954,jacobi-2d,jacobi-2d,lv2:__PARA__L0-1.__PARA__L1-2.__PARA__L2-1.__PARA__L3-1.__PARA__L4-4.__PIPE__L0-off.__PIPE__L1-flatten.__PIPE__L2-NA.__TILE__L0-1.__TILE__L1-1.__TILE__L2-8,target,query,query,finetune_dataset,data_804.pt,3936601.0,graphgps_lite,1,50,paper_exact_seed1,0.672488808631897,0.6098935008049011,0.06259530782699585,0.5600000023841858,0.2903262674808502,0.26967373490333557,0.25,0.12869705259799957,0.12130294740200043,0.5199999809265137,0.3208286166191101,0.19917136430740356,0.0,0.2803143858909607,0.2803143858909607
ff47117027ddb9c3,jacobi-2d,jacobi-2d,lv2:__PARA__L0-1.__PARA__L1-2.__PARA__L2-4.__PARA__L3-8.__PARA__L4-8.__PIPE__L0-off.__PIPE__L1-NA.__PIPE__L2-off.__TILE__L0-1.__TILE__L1-1.__TILE__L2-1,target,query,query,finetune_dataset,data_860.pt,4390681.0,graphgps_lite,1,50,paper_exact_seed1,0.5937417149543762,0.6335452198982239,0.039803504943847656,0.05000000074505806,0.029801279306411743,0.020198721438646317,0.019999999552965164,0.025076791644096375,0.00507679209113121,0.05000000074505806,0.021619856357574463,0.028380144387483597,0.0,0.016418442130088806,0.016418442130088806
87c44a4a605ec900,jacobi-2d,jacobi-2d,lv2:__PARA__L0-1.__PARA__L1-2.__PARA__L2-11.__PARA__L3-8.__PARA__L4-8.__PIPE__L0-off.__PIPE__L1-NA.__PIPE__L2-off.__TILE__L0-40.__TILE__L1-1.__TILE__L2-1,target,query,query,finetune_dataset,data_830.pt,4434121.0,graphgps_lite,1,50,paper_exact_seed1,0.5866400003433228,0.6354051828384399,0.04876518249511719,0.05000000074505806,-0.00891028344631195,0.05891028419137001,0.019999999552965164,-0.004089280962944031,0.024089280515909195,0.05000000074505806,-0.006010368466377258,0.05601036921143532,0.009999999776482582,0.015990599989891052,0.00599060021340847
47bf8aa757fbacb3,jacobi-2d,jacobi-2d,lv2:__PARA__L0-1.__PARA__L1-4.__PARA__L2-1.__PARA__L3-8.__PARA__L4-8.__PIPE__L0-off.__PIPE__L1-NA.__PIPE__L2-off.__TILE__L0-40.__TILE__L1-1.__TILE__L2-1,target,query,query,finetune_dataset,data_890.pt,2242884.0,graphgps_lite,1,50,paper_exact_seed1,1.0782865285873413,0.771201491355896,0.3070850372314453,0.03999999910593033,0.12821030616760254,0.08821030706167221,0.019999999552965164,0.0623532235622406,0.042353224009275436,0.029999999329447746,0.08648520708084106,0.05648520588874817,0.009999999776482582,0.010103225708007812,0.00010322593152523041
ca89cb920af95063,jacobi-2d,jacobi-2d,lv2:__PARA__L0-1.__PARA__L1-1.__PARA__L2-2.__PARA__L3-2.__PARA__L4-1.__PIPE__L0-off.__PIPE__L1-NA.__PIPE__L2-flatten.__TILE__L0-1.__TILE__L1-8.__TILE__L2-8,target,query,query,finetune_dataset,data_748.pt,4088281.0,graphgps_lite,1,50,paper_exact_seed1,0.6452168822288513,0.5898661613464355,0.05535072088241577,0.8700000047683716,0.7357745170593262,0.1342254877090454,0.3799999952316284,0.30653950572013855,0.07346048951148987,0.7799999713897705,0.6318996548652649,0.14810031652450562,0.0,0.0795895904302597,0.0795895904302597
fc427f6bfe799bc1,jacobi-2d,jacobi-2d,lv2:__PARA__L0-1.__PARA__L1-1.__PARA__L2-1.__PARA__L3-8.__PARA__L4-4.__PIPE__L0-off.__PIPE__L1-off.__PIPE__L2-off.__TILE__L0-1.__TILE__L1-1.__TILE__L2-1,target,query,query,finetune_dataset,data_718.pt,354204.0,graphgps_lite,1,50,paper_exact_seed1,2.409637928009033,2.449488401412964,0.039850473403930664,0.019999999552965164,0.013280466198921204,0.006719533354043961,0.009999999776482582,0.0008848756551742554,0.009115124121308327,0.0,-0.05356588959693909,0.05356588959693909,0.019999999552965164,0.022009775042533875,0.0020097754895687103
7b9b53845cd3a724,jacobi-2d,jacobi-2d,lv2:__PARA__L0-1.__PARA__L1-1.__PARA__L2-1.__PARA__L3-1.__PARA__L4-2.__PIPE__L0-off.__PIPE__L1-off.__PIPE__L2-off.__TILE__L0-1.__TILE__L1-1.__TILE__L2-1,target,query,query,finetune_dataset,data_669.pt,1089684.0,graphgps_lite,1,50,paper_exact_seed1,1.5990091562271118,1.7136286497116089,0.11461949348449707,0.009999999776482582,-0.020541071891784668,0.03054107166826725,0.0,-0.006441041827201843,0.006441041827201843,0.0,-0.078691765666008,0.078691765666008,0.019999999552965164,0.040047913789749146,0.02004791423678398
e3c1d5bfb522a40c,jacobi-2d,jacobi-2d,lv2:__PARA__L0-1.__PARA__L1-2.__PARA__L2-1.__PARA__L3-8.__PARA__L4-8.__PIPE__L0-off.__PIPE__L1-off.__PIPE__L2-NA.__TILE__L0-1.__TILE__L1-1.__TILE__L2-8,target,query,query,finetune_dataset,data_817.pt,4206441.0,graphgps_lite,1,50,paper_exact_seed1,0.6246640086174011,1.1584498882293701,0.533785879611969,0.05000000074505806,0.14942999184131622,0.09942999482154846,0.019999999552965164,0.057469189167022705,0.03746918961405754,0.05000000074505806,0.07806935906410217,0.028069358319044113,0.0,0.018578141927719116,0.018578141927719116
b24dcc61770a9579,jacobi-2d,jacobi-2d,lv2:__PARA__L0-1.__PARA__L1-1.__PARA__L2-2.__PARA__L3-4.__PARA__L4-1.__PIPE__L0-off.__PIPE__L1-off.__PIPE__L2-flatten.__TILE__L0-1.__TILE__L1-1.__TILE__L2-8,target,query,query,finetune_dataset,data_758.pt,4069521.0,graphgps_lite,1,50,paper_exact_seed1,0.6485345363616943,0.5909997820854187,0.057534754276275635,0.8700000047683716,0.7234200239181519,0.14657998085021973,0.3799999952316284,0.3174948990345001,0.0625050961971283,0.7699999809265137,0.6262060403823853,0.14379394054412842,0.0,0.058055318892002106,0.058055318892002106
b07abd212d31a627,jacobi-2d,jacobi-2d,lv2:__PARA__L0-1.__PARA__L1-11.__PARA__L2-2.__PARA__L3-22.__PARA__L4-1.__PIPE__L0-off.__PIPE__L1-off.__PIPE__L2-flatten.__TILE__L0-1.__TILE__L1-8.__TILE__L2-8,target,query,query,finetune_dataset,data_797.pt,4311241.0,graphgps_lite,1,50,paper_exact_seed1,0.6069124341011047,0.5775604844093323,0.02935194969177246,0.9399999976158142,0.8829938173294067,0.05700618028640747,0.41999998688697815,0.3798462450504303,0.04015374183654785,0.8299999833106995,0.7806635499000549,0.04933643341064453,0.05999999865889549,0.03513035923242569,0.024869639426469803
783249bd6839d5eb,jacobi-2d,jacobi-2d,lv2:__PARA__L0-1.__PARA__L1-1.__PARA__L2-22.__PARA__L3-8.__PARA__L4-8.__PIPE__L0-off.__PIPE__L1-off.__PIPE__L2-NA.__TILE__L0-1.__TILE__L1-88.__TILE__L2-1,target,query,query,finetune_dataset,data_770.pt,2355924.0,graphgps_lite,1,50,paper_exact_seed1,1.0428175926208496,0.7372907996177673,0.3055267930030823,0.03999999910593033,-0.012792393565177917,0.052792392671108246,0.009999999776482582,-0.006250724196434021,0.016250723972916603,0.029999999329447746,-0.007106199860572815,0.03710620105266571,0.019999999552965164,0.0012080520391464233,0.01879194751381874
6c17c4d0414be5a1,jacobi-2d,jacobi-2d,lv2:__PARA__L0-1.__PARA__L1-2.__PARA__L2-8.__PARA__L3-8.__PARA__L4-8.__PIPE__L0-off.__PIPE__L1-NA.__PIPE__L2-NA.__TILE__L0-40.__TILE__L1-1.__TILE__L2-1,target,query,query,finetune_dataset,data_867.pt,4414401.0,graphgps_lite,1,50,paper_exact_seed1,0.5898551940917969,0.6316843032836914,0.04182910919189453,0.05000000074505806,-0.020211175084114075,0.07021117210388184,0.019999999552965164,0.005444750189781189,0.014555249363183975,0.05000000074505806,-0.019320353865623474,0.06932035088539124,0.009999999776482582,0.00925387442111969,0.0007461253553628922
78d8962b6846ccf5,jacobi-2d,jacobi-2d,lv2:__PARA__L0-1.__PARA__L1-2.__PARA__L2-11.__PARA__L3-8.__PARA__L4-8.__PIPE__L0-off.__PIPE__L1-NA.__PIPE__L2-NA.__TILE__L0-40.__TILE__L1-1.__TILE__L2-1,target,query,query,finetune_dataset,data_827.pt,4434121.0,graphgps_lite,1,50,paper_exact_seed1,0.5866400003433228,0.633745014667511,0.04710501432418823,0.05000000074505806,-0.013590306043624878,0.06359030306339264,0.019999999552965164,0.007841482758522034,0.01215851679444313,0.05000000074505806,-0.0061801522970199585,0.05618015304207802,0.009999999776482582,0.010538950562477112,0.0005389507859945297
09dffd75dd6a8699,jacobi-2d,jacobi-2d,lv2:__PARA__L0-1.__PARA__L1-1.__PARA__L2-1.__PARA__L3-11.__PARA__L4-8.__PIPE__L0-off.__PIPE__L1-off.__PIPE__L2-off.__TILE__L0-1.__TILE__L1-1.__TILE__L2-1,target,query,query,finetune_dataset,data_687.pt,206364.0,graphgps_lite,1,50,paper_exact_seed1,2.7993323802948,2.5530519485473633,0.24628043174743652,0.03999999910593033,0.020866230130195618,0.01913376897573471,0.009999999776482582,0.0029171258211135864,0.007082873955368996,0.009999999776482582,-0.04195450246334076,0.05195450037717819,0.029999999329447746,0.019471600651741028,0.010528398677706718
9d768830a4945d1e,jacobi-2d,jacobi-2d,lv2:__PARA__L0-1.__PARA__L1-1.__PARA__L2-2.__PARA__L3-8.__PARA__L4-8.__PIPE__L0-off.__PIPE__L1-off.__PIPE__L2-off.__TILE__L0-40.__TILE__L1-1.__TILE__L2-1,target,query,query,finetune_dataset,data_766.pt,2234324.0,graphgps_lite,1,50,paper_exact_seed1,1.0810447931289673,1.1702911853790283,0.08924639225006104,0.03999999910593033,-0.021465465426445007,0.061465464532375336,0.019999999552965164,-0.006604254245758057,0.02660425379872322,0.029999999329447746,-0.052854880690574646,0.08285488188266754,0.009999999776482582,0.009986266493797302,1.3733282685279846e-05
9ad340ebffd8ac94,jacobi-2d,jacobi-2d,lv2:__PARA__L0-1.__PARA__L1-2.__PARA__L2-11.__PARA__L3-8.__PARA__L4-8.__PIPE__L0-off.__PIPE__L1-NA.__PIPE__L2-NA.__TILE__L0-1.__TILE__L1-1.__TILE__L2-8,target,query,query,finetune_dataset,data_826.pt,4434121.0,graphgps_lite,1,50,paper_exact_seed1,0.5866400003433228,0.6221805810928345,0.03554058074951172,0.05000000074505806,0.0701276883482933,0.020127687603235245,0.019999999552965164,0.04742148518562317,0.027421485632658005,0.05000000074505806,0.01601792871952057,0.03398207202553749,0.009999999776482582,0.008675441145896912,0.0013245586305856705
50dfb163d619aeb1,jacobi-2d,jacobi-2d,lv2:__PARA__L0-1.__PARA__L1-1.__PARA__L2-1.__PARA__L3-1.__PARA__L4-32.__PIPE__L0-off.__PIPE__L1-off.__PIPE__L2-off.__TILE__L0-1.__TILE__L1-1.__TILE__L2-1,target,query,query,finetune_dataset,data_673.pt,3161924.0,graphgps_lite,1,50,paper_exact_seed1,0.8305627107620239,1.6454871892929077,0.8149244785308838,0.1599999964237213,-0.029084324836730957,0.18908432126045227,0.05000000074505806,-0.009522706270217896,0.059522707015275955,0.09000000357627869,-0.05733904242515564,0.14733904600143433,0.05000000074505806,0.04532410204410553,0.00467589870095253
37ef2a19bd4f9c1e,jacobi-2d,jacobi-2d,lv2:__PARA__L0-1.__PARA__L1-22.__PARA__L2-2.__PARA__L3-16.__PARA__L4-1.__PIPE__L0-off.__PIPE__L1-NA.__PIPE__L2-flatten.__TILE__L0-1.__TILE__L1-4.__TILE__L2-8,target,query,query,finetune_dataset,data_880.pt,5968041.0,graphgps_lite,1,50,paper_exact_seed1,0.3723353147506714,0.5879525542259216,0.21561723947525024,0.8999999761581421,0.8615450263023376,0.03845494985580444,0.4000000059604645,0.37487566471099854,0.025124341249465942,0.8100000023841858,0.7582607269287109,0.051739275455474854,0.029999999329447746,0.04089614748954773,0.010896148160099983
536c145b4b592f58,jacobi-2d,jacobi-2d,lv2:__PARA__L0-1.__PARA__L1-1.__PARA__L2-8.__PARA__L3-8.__PARA__L4-8.__PIPE__L0-off.__PIPE__L1-off.__PIPE__L2-NA.__TILE__L0-1.__TILE__L1-88.__TILE__L2-1,target,query,query,finetune_dataset,data_781.pt,2266604.0,graphgps_lite,1,50,paper_exact_seed1,1.0706979036331177,0.7355834245681763,0.3351144790649414,0.03999999910593033,-0.00912049412727356,0.04912049323320389,0.009999999776482582,-0.004637494683265686,0.014637494459748268,0.029999999329447746,0.0036747604608535767,0.02632523886859417,0.019999999552965164,-0.004511043429374695,0.02451104298233986
75c9416af2e62f0b,jacobi-2d,jacobi-2d,lv2:__PARA__L0-1.__PARA__L1-4.__PARA__L2-1.__PARA__L3-1.__PARA__L4-4.__PIPE__L0-off.__PIPE__L1-flatten.__PIPE__L2-NA.__TILE__L0-1.__TILE__L1-1.__TILE__L2-8,target,query,query,finetune_dataset,data_886.pt,3935761.0,graphgps_lite,1,50,paper_exact_seed1,0.6726427674293518,0.590019702911377,0.08262306451797485,1.100000023841858,0.8226452469825745,0.27735477685928345,0.5,0.3154362440109253,0.1845637559890747,1.0399999618530273,0.6661302447319031,0.37386971712112427,0.0,0.149896502494812,0.149896502494812
ebe57cf1663b92bf,jacobi-2d,jacobi-2d,lv2:__PARA__L0-1.__PARA__L1-4.__PARA__L2-2.__PARA__L3-8.__PARA__L4-8.__PIPE__L0-off.__PIPE__L1-NA.__PIPE__L2-NA.__TILE__L0-40.__TILE__L1-1.__TILE__L2-1,target,query,query,finetune_dataset,data_896.pt,4390681.0,graphgps_lite,1,50,paper_exact_seed1,0.5937417149543762,0.6392064690589905,0.04546475410461426,0.05000000074505806,0.20481620728969574,0.15481621026992798,0.019999999552965164,0.0876917839050293,0.06769178807735443,0.05000000074505806,0.15318286418914795,0.10318286716938019,0.0,0.007359623908996582,0.007359623908996582
3290e28a81169206,jacobi-2d,jacobi-2d,lv2:__PARA__L0-1.__PARA__L1-2.__PARA__L2-1.__PARA__L3-8.__PARA__L4-8.__PIPE__L0-off.__PIPE__L1-NA.__PIPE__L2-off.__TILE__L0-1.__TILE__L1-1.__TILE__L2-88,target,query,query,finetune_dataset,data_813.pt,2234324.0,graphgps_lite,1,50,paper_exact_seed1,1.0810447931289673,0.7338820099830627,0.34716278314590454,0.03999999910593033,0.0659593939781189,0.025959394872188568,0.019999999552965164,0.044919565320014954,0.02491956576704979,0.029999999329447746,0.06622084230184555,0.036220841109752655,0.009999999776482582,0.03485250473022461,0.024852504953742027
c45c956a22ace27c,jacobi-2d,jacobi-2d,lv2:__PARA__L0-1.__PARA__L1-1.__PARA__L2-2.__PARA__L3-22.__PARA__L4-1.__PIPE__L0-off.__PIPE__L1-off.__PIPE__L2-flatten.__TILE__L0-1.__TILE__L1-1.__TILE__L2-8,target,query,query,finetune_dataset,data_752.pt,4006001.0,graphgps_lite,1,50,paper_exact_seed1,0.659882664680481,0.5819721817970276,0.07791048288345337,0.8899999856948853,0.7800225615501404,0.10997742414474487,0.4000000059604645,0.34713202714920044,0.05286797881126404,0.7699999809265137,0.6693156361579895,0.10068434476852417,0.07000000029802322,0.04442073404788971,0.025579266250133514
3c4307f2e6ff5a6c,jacobi-2d,jacobi-2d,lv2:__PARA__L0-1.__PARA__L1-1.__PARA__L2-4.__PARA__L3-8.__PARA__L4-8.__PIPE__L0-off.__PIPE__L1-off.__PIPE__L2-NA.__TILE__L0-40.__TILE__L1-1.__TILE__L2-1,target,query,query,finetune_dataset,data_778.pt,2242884.0,graphgps_lite,1,50,paper_exact_seed1,1.0782865285873413,0.6826043725013733,0.395682156085968,0.03999999910593033,-0.02760361135005951,0.06760361045598984,0.019999999552965164,-0.0165850967168808,0.03658509626984596,0.029999999329447746,-0.025846019387245178,0.055846020579338074,0.009999999776482582,0.0015747398138046265,0.008425259962677956
167d65bad6feeeff,jacobi-2d,jacobi-2d,lv2:__PARA__L0-1.__PARA__L1-1.__PARA__L2-1.__PARA__L3-8.__PARA__L4-16.__PIPE__L0-off.__PIPE__L1-off.__PIPE__L2-off.__TILE__L0-1.__TILE__L1-1.__TILE__L2-1,target,query,query,finetune_dataset,data_713.pt,448204.0,graphgps_lite,1,50,paper_exact_seed1,2.2398502826690674,2.4756293296813965,0.2357790470123291,0.05000000074505806,0.0015718191862106323,0.04842818155884743,0.009999999776482582,-0.00026585161685943604,0.010265851393342018,0.009999999776482582,-0.051254794001579285,0.06125479191541672,0.029999999329447746,0.021398425102233887,0.00860157422721386
b373e8c571dbb7cb,jacobi-2d,jacobi-2d,lv2:__PARA__L0-1.__PARA__L1-1.__PARA__L2-1.__PARA__L3-1.__PARA__L4-11.__PIPE__L0-off.__PIPE__L1-off.__PIPE__L2-off.__TILE__L0-1.__TILE__L1-1.__TILE__L2-1,target,query,query,finetune_dataset,data_664.pt,963004.0,graphgps_lite,1,50,paper_exact_seed1,1.6881572008132935,1.829066514968872,0.1409093141555786,0.05000000074505806,-0.018523946404457092,0.06852394342422485,0.019999999552965164,-0.005134493112564087,0.02513449266552925,0.029999999329447746,-0.07081432640552521,0.1008143275976181,0.029999999329447746,0.03635565936565399,0.006355660036206245
8a2ebf18dd65c202,jacobi-2d,jacobi-2d,lv2:__PARA__L0-1.__PARA__L1-2.__PARA__L2-22.__PARA__L3-8.__PARA__L4-8.__PIPE__L0-off.__PIPE__L1-NA.__PIPE__L2-NA.__TILE__L0-1.__TILE__L1-1.__TILE__L2-4,target,query,query,finetune_dataset,data_847.pt,4504601.0,graphgps_lite,1,50,paper_exact_seed1,0.5752643942832947,0.6254637241363525,0.05019932985305786,0.05000000074505806,0.015571489930152893,0.03442851081490517,0.019999999552965164,0.018054485321044922,0.0019455142319202423,0.05000000074505806,-0.016748711466789246,0.066748708486557,0.009999999776482582,0.015051856637001038,0.0050518568605184555
cadd78a889c58ad2,jacobi-2d,jacobi-2d,lv2:__PARA__L0-1.__PARA__L1-2.__PARA__L2-2.__PARA__L3-8.__PARA__L4-8.__PIPE__L0-off.__PIPE__L1-off.__PIPE__L2-NA.__TILE__L0-40.__TILE__L1-1.__TILE__L2-1,target,query,query,finetune_dataset,data_843.pt,4382121.0,graphgps_lite,1,50,paper_exact_seed1,0.5951493978500366,0.7514355182647705,0.1562861204147339,0.05000000074505806,0.021108314394950867,0.028891686350107193,0.019999999552965164,0.01888267695903778,0.0011173225939273834,0.05000000074505806,-0.006994843482971191,0.05699484422802925,0.0,0.01463194191455841,0.01463194191455841
4146bdc142fce714,jacobi-2d,jacobi-2d,lv2:__PARA__L0-1.__PARA__L1-2.__PARA__L2-8.__PARA__L3-8.__PARA__L4-8.__PIPE__L0-off.__PIPE__L1-NA.__PIPE__L2-off.__TILE__L0-40.__TILE__L1-1.__TILE__L2-1,target,query,query,finetune_dataset,data_869.pt,4414401.0,graphgps_lite,1,50,paper_exact_seed1,0.5898551940917969,0.6363364458084106,0.04648125171661377,0.05000000074505806,-0.016214966773986816,0.06621496379375458,0.019999999552965164,-0.008226141333580017,0.02822614088654518,0.05000000074505806,-0.015174776315689087,0.06517477333545685,0.009999999776482582,0.009957835078239441,4.2164698243141174e-05
6671db5a69291d3f,jacobi-2d,jacobi-2d,lv2:__PARA__L0-1.__PARA__L1-1.__PARA__L2-2.__PARA__L3-1.__PARA__L4-1.__PIPE__L0-off.__PIPE__L1-off.__PIPE__L2-flatten.__TILE__L0-1.__TILE__L1-4.__TILE__L2-8,target,query,query,finetune_dataset,data_739.pt,4093361.0,graphgps_lite,1,50,paper_exact_seed1,0.644321084022522,0.5926852822303772,0.051635801792144775,0.6499999761581421,0.7187159657478333,0.06871598958969116,0.30000001192092896,0.3079307973384857,0.007930785417556763,0.6200000047683716,0.6287309527397156,0.008730947971343994,0.03999999910593033,0.07634590566158295,0.03634590655565262
935aa4b826c821b2,jacobi-2d,jacobi-2d,lv2:__PARA__L0-1.__PARA__L1-2.__PARA__L2-11.__PARA__L3-8.__PARA__L4-8.__PIPE__L0-off.__PIPE__L1-off.__PIPE__L2-off.__TILE__L0-40.__TILE__L1-1.__TILE__L2-1,target,query,query,finetune_dataset,data_836.pt,4434121.0,graphgps_lite,1,50,paper_exact_seed1,0.5866400003433228,0.683625340461731,0.0969853401184082,0.05000000074505806,-0.05142749845981598,0.10142749547958374,0.019999999552965164,-0.03595788776874542,0.05595788732171059,0.05000000074505806,-0.048642486333847046,0.09864248335361481,0.009999999776482582,-0.011896029114723206,0.021896028891205788
dda030bf114264b6,jacobi-2d,jacobi-2d,lv2:__PARA__L0-1.__PARA__L1-1.__PARA__L2-8.__PARA__L3-8.__PARA__L4-8.__PIPE__L0-off.__PIPE__L1-off.__PIPE__L2-off.__TILE__L0-1.__TILE__L1-88.__TILE__L2-1,target,query,query,finetune_dataset,data_783.pt,2266604.0,graphgps_lite,1,50,paper_exact_seed1,1.0706979036331177,0.7374020218849182,0.33329588174819946,0.03999999910593033,-0.020028799772262573,0.0600287988781929,0.009999999776482582,-0.011448696255683899,0.02144869603216648,0.029999999329447746,-0.0025024116039276123,0.03250241279602051,0.019999999552965164,-0.008847638964653015,0.02884763851761818
fd3206ad1fd9a338,jacobi-2d,jacobi-2d,lv2:__PARA__L0-1.__PARA__L1-1.__PARA__L2-1.__PARA__L3-1.__PARA__L4-32.__PIPE__L0-off.__PIPE__L1-off.__PIPE__L2-NA.__TILE__L0-1.__TILE__L1-1.__TILE__L2-1,target,query,query,finetune_dataset,data_672.pt,2621284.0,graphgps_lite,1,50,paper_exact_seed1,0.965827226638794,1.6706795692443848,0.7048523426055908,0.1599999964237213,-0.0021093040704727173,0.16210930049419403,0.019999999552965164,0.01767478883266449,0.0023252107203006744,0.009999999776482582,-0.012117132544517517,0.0221171323210001,0.10000000149011612,0.06665357947349548,0.033346422016620636
396826bce948f164,jacobi-2d,jacobi-2d,lv2:__PARA__L0-1.__PARA__L1-11.__PARA__L2-2.__PARA__L3-22.__PARA__L4-1.__PIPE__L0-off.__PIPE__L1-NA.__PIPE__L2-flatten.__TILE__L0-1.__TILE__L1-8.__TILE__L2-8,target,query,query,finetune_dataset,data_796.pt,4311241.0,graphgps_lite,1,50,paper_exact_seed1,0.6069124341011047,0.583712637424469,0.023199796676635742,0.9399999976158142,0.9312122464179993,0.008787751197814941,0.41999998688697815,0.3994905948638916,0.020509392023086548,0.8299999833106995,0.8220031261444092,0.007996857166290283,0.05999999865889549,0.03154364228248596,0.02845635637640953
1f853d36d66395d1,jacobi-2d,jacobi-2d,lv2:__PARA__L0-1.__PARA__L1-11.__PARA__L2-1.__PARA__L3-1.__PARA__L4-4.__PIPE__L0-off.__PIPE__L1-flatten.__PIPE__L2-NA.__TILE__L0-1.__TILE__L1-8.__TILE__L2-8,target,query,query,finetune_dataset,data_786.pt,3935841.0,graphgps_lite,1,50,paper_exact_seed1,0.6726281046867371,0.5770845413208008,0.09554356336593628,2.990000009536743,1.2882846593856812,1.701715350151062,1.3799999952316284,0.501480758190155,0.8785192370414734,2.8399999141693115,1.1924619674682617,1.6475379467010498,0.0,0.02124716341495514,0.02124716341495514
855ffe67644e95d0,jacobi-2d,jacobi-2d,lv2:__PARA__L0-1.__PARA__L1-1.__PARA__L2-11.__PARA__L3-8.__PARA__L4-8.__PIPE__L0-off.__PIPE__L1-off.__PIPE__L2-NA.__TILE__L0-40.__TILE__L1-1.__TILE__L2-1,target,query,query,finetune_dataset,data_732.pt,2285444.0,graphgps_lite,1,50,paper_exact_seed1,1.0647268295288086,0.6907824277877808,0.37394440174102783,0.03999999910593033,-0.030149444937705994,0.07014944404363632,0.009999999776482582,-0.044467195868492126,0.05446719378232956,0.029999999329447746,-0.01804983615875244,0.04804983735084534,0.019999999552965164,-0.0006038695573806763,0.02060386911034584
e6344a3116b3c498,jacobi-2d,jacobi-2d,lv2:__PARA__L0-1.__PARA__L1-11.__PARA__L2-2.__PARA__L3-8.__PARA__L4-1.__PIPE__L0-off.__PIPE__L1-NA.__PIPE__L2-flatten.__TILE__L0-1.__TILE__L1-8.__TILE__L2-8,target,query,query,finetune_dataset,data_802.pt,4315441.0,graphgps_lite,1,50,paper_exact_seed1,0.6062100529670715,0.5782672166824341,0.02794283628463745,0.8799999952316284,0.9295964241027832,0.049596428871154785,0.38999998569488525,0.4017660617828369,0.01176607608795166,0.7900000214576721,0.8295146822929382,0.03951466083526611,0.009999999776482582,0.033328428864479065,0.023328429087996483
e283536839fed99c,jacobi-2d,jacobi-2d,lv2:__PARA__L0-1.__PARA__L1-4.__PARA__L2-8.__PARA__L3-8.__PARA__L4-8.__PIPE__L0-off.__PIPE__L1-NA.__PIPE__L2-off.__TILE__L0-1.__TILE__L1-1.__TILE__L2-1,target,query,query,finetune_dataset,data_906.pt,4422961.0,graphgps_lite,1,50,paper_exact_seed1,0.5884577631950378,0.628925085067749,0.04046732187271118,0.05000000074505806,-0.013843819499015808,0.06384381651878357,0.019999999552965164,-0.01907968521118164,0.039079684764146805,0.05000000074505806,-0.0481431782245636,0.09814317524433136,0.009999999776482582,-0.008987173438072205,0.018987173214554787
86c3f25e74bb0602,jacobi-2d,jacobi-2d,lv2:__PARA__L0-1.__PARA__L1-1.__PARA__L2-1.__PARA__L3-4.__PARA__L4-32.__PIPE__L0-off.__PIPE__L1-off.__PIPE__L2-off.__TILE__L0-1.__TILE__L1-1.__TILE__L2-1,target,query,query,finetune_dataset,data_707.pt,2486164.0,graphgps_lite,1,50,paper_exact_seed1,1.0040032863616943,1.977881669998169,0.9738783836364746,0.10999999940395355,-0.02717156708240509,0.13717156648635864,0.029999999329447746,-0.008154034614562988,0.038154035806655884,0.029999999329447746,-0.04743383824825287,0.07743383944034576,0.05000000074505806,0.03316855430603027,0.016831446439027786
5d54a86aa7149b19,jacobi-2d,jacobi-2d,lv2:__PARA__L0-1.__PARA__L1-2.__PARA__L2-4.__PARA__L3-8.__PARA__L4-8.__PIPE__L0-off.__PIPE__L1-off.__PIPE__L2-off.__TILE__L0-40.__TILE__L1-1.__TILE__L2-1,target,query,query,finetune_dataset,data_865.pt,4390681.0,graphgps_lite,1,50,paper_exact_seed1,0.5937417149543762,0.6845490336418152,0.09080731868743896,0.05000000074505806,-0.05329550802707672,0.10329550504684448,0.019999999552965164,-0.02943079173564911,0.04943079128861427,0.05000000074505806,-0.05683940649032593,0.10683940351009369,0.0,-0.010082587599754333,0.010082587599754333
ac5cf5acda484bde,jacobi-2d,jacobi-2d,lv2:__PARA__L0-1.__PARA__L1-11.__PARA__L2-2.__PARA__L3-32.__PARA__L4-1.__PIPE__L0-off.__PIPE__L1-NA.__PIPE__L2-flatten.__TILE__L0-1.__TILE__L1-8.__TILE__L2-8,target,query,query,finetune_dataset,data_798.pt,5897321.0,graphgps_lite,1,50,paper_exact_seed1,0.3809341788291931,0.5838002562522888,0.2028660774230957,0.949999988079071,0.9182986617088318,0.03170132637023926,0.41999998688697815,0.3924512267112732,0.027548760175704956,0.8600000143051147,0.8012992739677429,0.058700740337371826,0.10000000149011612,0.035058170557022095,0.06494183093309402
7c2772b2177fc2a6,jacobi-2d,jacobi-2d,lv2:__PARA__L0-1.__PARA__L1-1.__PARA__L2-1.__PARA__L3-16.__PARA__L4-1.__PIPE__L0-off.__PIPE__L1-off.__PIPE__L2-off.__TILE__L0-1.__TILE__L1-1.__TILE__L2-1,target,query,query,finetune_dataset,data_688.pt,1169604.0,graphgps_lite,1,50,paper_exact_seed1,1.5479539632797241,2.3437654972076416,0.7958115339279175,0.07000000029802322,0.10341934114694595,0.03341934084892273,0.019999999552965164,0.02154664695262909,0.0015466473996639252,0.03999999910593033,0.026995539665222168,0.01300445944070816,0.029999999329447746,0.02608395367860794,0.003916045650839806
53235e166f38cfc1,jacobi-2d,jacobi-2d,lv2:__PARA__L0-1.__PARA__L1-2.__PARA__L2-22.__PARA__L3-8.__PARA__L4-8.__PIPE__L0-off.__PIPE__L1-off.__PIPE__L2-NA.__TILE__L0-40.__TILE__L1-1.__TILE__L2-1,target,query,query,finetune_dataset,data_854.pt,4504601.0,graphgps_lite,1,50,paper_exact_seed1,0.5752643942832947,0.6696067452430725,0.09434235095977783,0.05000000074505806,-0.05568167567253113,0.10568167269229889,0.019999999552965164,-0.03307054936885834,0.0530705489218235,0.05000000074505806,-0.02731272578239441,0.07731272280216217,0.009999999776482582,0.0029396861791610718,0.00706031359732151
4380ae31aa9f6517,jacobi-2d,jacobi-2d,lv2:__PARA__L0-1.__PARA__L1-4.__PARA__L2-4.__PARA__L3-8.__PARA__L4-8.__PIPE__L0-off.__PIPE__L1-NA.__PIPE__L2-NA.__TILE__L0-40.__TILE__L1-1.__TILE__L2-1,target,query,query,finetune_dataset,data_901.pt,4399241.0,graphgps_lite,1,50,paper_exact_seed1,0.5923367142677307,0.6268555521965027,0.03451883792877197,0.05000000074505806,0.044660329818725586,0.005339670926332474,0.019999999552965164,0.011862844228744507,0.008137155324220657,0.05000000074505806,-0.016652539372444153,0.06665253639221191,0.0,-0.010795116424560547,0.010795116424560547
aa2dbe6374806a88,jacobi-2d,jacobi-2d,lv2:__PARA__L0-1.__PARA__L1-1.__PARA__L2-1.__PARA__L3-4.__PARA__L4-1.__PIPE__L0-off.__PIPE__L1-off.__PIPE__L2-off.__TILE__L0-1.__TILE__L1-1.__TILE__L2-1,target,query,query,finetune_dataset,data_700.pt,1012244.0,graphgps_lite,1,50,paper_exact_seed1,1.6521855592727661,1.9535253047943115,0.3013397455215454,0.019999999552965164,0.01103326678276062,0.008966732770204544,0.009999999776482582,-0.0004411935806274414,0.010441193357110023,0.009999999776482582,-0.062259986996650696,0.07225998491048813,0.019999999552965164,0.03133181482553482,0.011331815272569656
1e0930d3a442aea0,jacobi-2d,jacobi-2d,lv2:__PARA__L0-1.__PARA__L1-1.__PARA__L2-1.__PARA__L3-2.__PARA__L4-11.__PIPE__L0-off.__PIPE__L1-off.__PIPE__L2-off.__TILE__L0-1.__TILE__L1-1.__TILE__L2-1,target,query,query,finetune_dataset,data_690.pt,554684.0,graphgps_lite,1,50,paper_exact_seed1,2.086095094680786,1.898160457611084,0.18793463706970215,0.03999999910593033,-0.022077426314353943,0.06207742542028427,0.009999999776482582,-0.006192132830619812,0.016192132607102394,0.009999999776482582,-0.06637853384017944,0.07637853175401688,0.029999999329447746,0.03352119028568268,0.003521190956234932
97d9abfd402b29db,jacobi-2d,jacobi-2d,lv2:__PARA__L0-1.__PARA__L1-1.__PARA__L2-1.__PARA__L3-8.__PARA__L4-1.__PIPE__L0-off.__PIPE__L1-off.__PIPE__L2-off.__TILE__L0-1.__TILE__L1-1.__TILE__L2-1,target,query,query,finetune_dataset,data_710.pt,973524.0,graphgps_lite,1,50,paper_exact_seed1,1.6803197860717773,2.2795052528381348,0.5991854667663574,0.029999999329447746,0.057219043374061584,0.027219044044613838,0.009999999776482582,0.010010764002799988,1.07642263174057e-05,0.019999999552965164,-0.018687859177589417,0.03868785873055458,0.019999999552965164,0.026594087481498718,0.006594087928533554
2530921ded218957,jacobi-2d,jacobi-2d,lv2:__PARA__L0-1.__PARA__L1-1.__PARA__L2-1.__PARA__L3-11.__PARA__L4-2.__PIPE__L0-off.__PIPE__L1-off.__PIPE__L2-off.__TILE__L0-1.__TILE__L1-1.__TILE__L2-1,target,query,query,finetune_dataset,data_684.pt,554684.0,graphgps_lite,1,50,paper_exact_seed1,2.086095094680786,2.4041757583618164,0.3180806636810303,0.03999999910593033,0.03451915085315704,0.005480848252773285,0.009999999776482582,0.003541097044944763,0.006458902731537819,0.009999999776482582,-0.04516987502574921,0.05516987293958664,0.029999999329447746,0.023657724261283875,0.006342275068163872
053991bbd59f5501,jacobi-2d,jacobi-2d,lv2:__PARA__L0-1.__PARA__L1-1.__PARA__L2-1.__PARA__L3-8.__PARA__L4-11.__PIPE__L0-off.__PIPE__L1-off.__PIPE__L2-off.__TILE__L0-1.__TILE__L1-1.__TILE__L2-1,target,query,query,finetune_dataset,data_711.pt,206364.0,graphgps_lite,1,50,paper_exact_seed1,2.7993323802948,2.5115952491760254,0.2877371311187744,0.03999999910593033,0.005654186010360718,0.03434581309556961,0.009999999776482582,0.00047613680362701416,0.009523862972855568,0.009999999776482582,-0.05403639376163483,0.06403639167547226,0.029999999329447746,0.020414188504219055,0.009585810825228691
51c770f1917009bf,jacobi-2d,jacobi-2d,lv2:__PARA__L0-1.__PARA__L1-2.__PARA__L2-4.__PARA__L3-8.__PARA__L4-8.__PIPE__L0-off.__PIPE__L1-off.__PIPE__L2-NA.__TILE__L0-1.__TILE__L1-1.__TILE__L2-1,target,query,query,finetune_dataset,data_862.pt,4390681.0,graphgps_lite,1,50,paper_exact_seed1,0.5937417149543762,0.6581949591636658,0.06445324420928955,0.05000000074505806,-0.028577670454978943,0.0785776674747467,0.019999999552965164,-0.011166736483573914,0.031166736036539078,0.05000000074505806,-0.020527824759483337,0.0705278217792511,0.0,-0.000940859317779541,0.000940859317779541
005086396bfb0fbc,jacobi-2d,jacobi-2d,lv2:__PARA__L0-1.__PARA__L1-1.__PARA__L2-1.__PARA__L3-8.__PARA__L4-32.__PIPE__L0-off.__PIPE__L1-off.__PIPE__L2-NA.__TILE__L0-1.__TILE__L1-1.__TILE__L2-1,target,query,query,finetune_dataset,data_716.pt,2350244.0,graphgps_lite,1,50,paper_exact_seed1,1.0445587635040283,2.1796720027923584,1.13511323928833,0.1899999976158142,0.015082046389579773,0.17491795122623444,0.029999999329447746,0.019213184714317322,0.010786814615130424,0.029999999329447746,0.001372024416923523,0.028627974912524223,0.10000000149011612,0.040205031633377075,0.059794969856739044
08840fca35aa1062,jacobi-2d,jacobi-2d,lv2:__PARA__L0-1.__PARA__L1-1.__PARA__L2-11.__PARA__L3-8.__PARA__L4-8.__PIPE__L0-off.__PIPE__L1-off.__PIPE__L2-off.__TILE__L0-1.__TILE__L1-88.__TILE__L2-8,target,query,query,finetune_dataset,data_734.pt,2285444.0,graphgps_lite,1,50,paper_exact_seed1,1.0647268295288086,0.7231819033622742,0.3415449261665344,0.03999999910593033,-0.0037813186645507812,0.04378131777048111,0.009999999776482582,0.002707362174987793,0.007292637601494789,0.029999999329447746,0.0058267563581466675,0.02417324297130108,0.019999999552965164,-0.011154577136039734,0.031154576689004898
a81f2c933c1c2aee,jacobi-2d,jacobi-2d,lv2:__PARA__L0-1.__PARA__L1-2.__PARA__L2-1.__PARA__L3-8.__PARA__L4-8.__PIPE__L0-off.__PIPE__L1-NA.__PIPE__L2-off.__TILE__L0-1.__TILE__L1-1.__TILE__L2-8,target,query,query,finetune_dataset,data_812.pt,4206441.0,graphgps_lite,1,50,paper_exact_seed1,0.6246640086174011,0.7535690069198608,0.12890499830245972,0.05000000074505806,0.16589438915252686,0.1158943921327591,0.019999999552965164,0.07770109176635742,0.05770109221339226,0.05000000074505806,0.10434746742248535,0.05434746667742729,0.0,0.036199331283569336,0.036199331283569336
cc7165117e2f0399,jacobi-2d,jacobi-2d,lv2:__PARA__L0-1.__PARA__L1-2.__PARA__L2-1.__PARA__L3-8.__PARA__L4-8.__PIPE__L0-off.__PIPE__L1-off.__PIPE__L2-off.__TILE__L0-40.__TILE__L1-1.__TILE__L2-1,target,query,query,finetune_dataset,data_823.pt,2234324.0,graphgps_lite,1,50,paper_exact_seed1,1.0810447931289673,2.294611930847168,1.2135671377182007,0.03999999910593033,-0.02527482807636261,0.06527482718229294,0.019999999552965164,-0.009414821863174438,0.029414821416139603,0.029999999329447746,-0.08288447558879852,0.11288447678089142,0.009999999776482582,0.011347129940986633,0.0013471301645040512
4e0f6fce3df978a0,jacobi-2d,jacobi-2d,lv2:__PARA__L0-1.__PARA__L1-1.__PARA__L2-2.__PARA__L3-1.__PARA__L4-1.__PIPE__L0-off.__PIPE__L1-off.__PIPE__L2-flatten.__TILE__L0-1.__TILE__L1-88.__TILE__L2-8,target,query,query,finetune_dataset,data_741.pt,4301521.0,graphgps_lite,1,50,paper_exact_seed1,0.6085405945777893,0.6195091605186462,0.010968565940856934,0.6499999761581421,0.6029123067855835,0.047087669372558594,0.28999999165534973,0.2846704125404358,0.00532957911491394,0.6100000143051147,0.5337004065513611,0.07629960775375366,0.03999999910593033,0.09699729084968567,0.05699729174375534
bb70c3f8edfae14e,jacobi-2d,jacobi-2d,lv2:__PARA__L0-1.__PARA__L1-22.__PARA__L2-2.__PARA__L3-1.__PARA__L4-1.__PIPE__L0-off.__PIPE__L1-off.__PIPE__L2-flatten.__TILE__L0-1.__TILE__L1-1.__TILE__L2-8,target,query,query,finetune_dataset,data_877.pt,4385921.0,graphgps_lite,1,50,paper_exact_seed1,0.5945241451263428,0.5867480635643005,0.007776081562042236,0.8700000047683716,0.8027384877204895,0.06726151704788208,0.3799999952316284,0.3446606993675232,0.035339295864105225,0.7699999809265137,0.7295442819595337,0.04045569896697998,0.03999999910593033,0.06653382629156113,0.0265338271856308
aa4bc6cfd0d2f2c0,jacobi-2d,jacobi-2d,lv2:__PARA__L0-1.__PARA__L1-1.__PARA__L2-1.__PARA__L3-1.__PARA__L4-1.__PIPE__L0-off.__PIPE__L1-flatten.__PIPE__L2-NA.__TILE__L0-1.__TILE__L1-1.__TILE__L2-8,target,query,query,finetune_dataset,data_656.pt,3937881.0,graphgps_lite,1,50,paper_exact_seed1,0.6722542643547058,0.6253035068511963,0.04695075750350952,0.25,0.20625248551368713,0.043747514486312866,0.10999999940395355,0.08001713454723358,0.02998286485671997,0.25999999046325684,0.2724701762199402,0.01247018575668335,0.28999999165534973,0.2993772625923157,0.009377270936965942
96c3a9e64d5e25ff,jacobi-2d,jacobi-2d,lv2:__PARA__L0-1.__PARA__L1-22.__PARA__L2-2.__PARA__L3-11.__PARA__L4-1.__PIPE__L0-off.__PIPE__L1-NA.__PIPE__L2-flatten.__TILE__L0-1.__TILE__L1-4.__TILE__L2-8,target,query,query,finetune_dataset,data_879.pt,4385921.0,graphgps_lite,1,50,paper_exact_seed1,0.5945241451263428,0.5874576568603516,0.007066488265991211,0.8999999761581421,0.8461887836456299,0.05381119251251221,0.4000000059604645,0.3695937991142273,0.030406206846237183,0.800000011920929,0.7479090094566345,0.052091002464294434,0.03999999910593033,0.04022974520921707,0.00022974610328674316
c094d3f4aa35b172,jacobi-2d,jacobi-2d,lv2:__PARA__L0-1.__PARA__L1-2.__PARA__L2-22.__PARA__L3-8.__PARA__L4-8.__PIPE__L0-off.__PIPE__L1-off.__PIPE__L2-NA.__TILE__L0-1.__TILE__L1-1.__TILE__L2-1,target,query,query,finetune_dataset,data_852.pt,4504601.0,graphgps_lite,1,50,paper_exact_seed1,0.5752643942832947,0.6614168286323547,0.08615243434906006,0.05000000074505806,-0.047158703207969666,0.09715870022773743,0.019999999552965164,-0.022744417190551758,0.04274441674351692,0.05000000074505806,-0.0034698545932769775,0.05346985533833504,0.009999999776482582,0.008588865399360657,0.0014111343771219254
7364bf009fc7cbb7,jacobi-2d,jacobi-2d,lv2:__PARA__L0-1.__PARA__L1-11.__PARA__L2-2.__PARA__L3-2.__PARA__L4-1.__PIPE__L0-off.__PIPE__L1-NA.__PIPE__L2-flatten.__TILE__L0-1.__TILE__L1-8.__TILE__L2-8,target,query,query,finetune_dataset,data_794.pt,4315681.0,graphgps_lite,1,50,paper_exact_seed1,0.6061699390411377,0.5783132314682007,0.02785670757293701,0.8700000047683716,0.8952456712722778,0.02524566650390625,0.3799999952316284,0.3823739290237427,0.002373933792114258,0.7799999713897705,0.8072050213813782,0.027205049991607666,0.0,0.038189008831977844,0.038189008831977844
4e1de51300b2f8c9,jacobi-2d,jacobi-2d,lv2:__PARA__L0-1.__PARA__L1-1.__PARA__L2-11.__PARA__L3-8.__PARA__L4-8.__PIPE__L0-off.__PIPE__L1-off.__PIPE__L2-NA.__TILE__L0-1.__TILE__L1-88.__TILE__L2-1,target,query,query,finetune_dataset,data_730.pt,2285444.0,graphgps_lite,1,50,paper_exact_seed1,1.0647268295288086,0.7380452752113342,0.32668155431747437,0.03999999910593033,-0.007819205522537231,0.04781920462846756,0.009999999776482582,-0.004657149314880371,0.014657149091362953,0.029999999329447746,-0.0008238404989242554,0.030823839828372,0.019999999552965164,-0.005449250340461731,0.025449249893426895
f728e9e6039d3dc4,jacobi-2d,jacobi-2d,lv2:__PARA__L0-1.__PARA__L1-1.__PARA__L2-1.__PARA__L3-4.__PARA__L4-16.__PIPE__L0-off.__PIPE__L1-off.__PIPE__L2-off.__TILE__L0-1.__TILE__L1-1.__TILE__L2-1,target,query,query,finetune_dataset,data_703.pt,564244.0,graphgps_lite,1,50,paper_exact_seed1,2.0737686157226562,2.1600899696350098,0.08632135391235352,0.03999999910593033,-0.020706117153167725,0.06070611625909805,0.009999999776482582,-0.004793509840965271,0.014793509617447853,0.009999999776482582,-0.056623369455337524,0.06662336736917496,0.029999999329447746,0.027550198137760162,0.002449801191687584
784d806af7785d1f,jacobi-2d,jacobi-2d,lv2:__PARA__L0-1.__PARA__L1-1.__PARA__L2-1.__PARA__L3-1.__PARA__L4-22.__PIPE__L0-off.__PIPE__L1-off.__PIPE__L2-off.__TILE__L0-1.__TILE__L1-1.__TILE__L2-1,target,query,query,finetune_dataset,data_670.pt,948924.0,graphgps_lite,1,50,paper_exact_seed1,1.6987818479537964,1.73046875,0.03168690204620361,0.10000000149011612,-0.023190617561340332,0.12319061905145645,0.029999999329447746,-0.007269129157066345,0.03726913034915924,0.05999999865889549,-0.0625440776348114,0.12254408001899719,0.05000000074505806,0.03999265283346176,0.010007347911596298
6d2b07676ed78ee0,jacobi-2d,jacobi-2d,lv2:__PARA__L0-1.__PARA__L1-2.__PARA__L2-1.__PARA__L3-8.__PARA__L4-8.__PIPE__L0-off.__PIPE__L1-NA.__PIPE__L2-off.__TILE__L0-1.__TILE__L1-1.__TILE__L2-1,target,query,query,finetune_dataset,data_809.pt,2234324.0,graphgps_lite,1,50,paper_exact_seed1,1.0810447931289673,2.2178587913513184,1.136813998222351,0.03999999910593033,0.07459856569766998,0.034598566591739655,0.019999999552965164,0.04028242826461792,0.020282428711652756,0.029999999329447746,0.01624007523059845,0.013759924098849297,0.009999999776482582,0.03515945374965668,0.025159453973174095
3e14a2713d1d763e,jacobi-2d,jacobi-2d,lv2:__PARA__L0-1.__PARA__L1-22.__PARA__L2-2.__PARA__L3-4.__PARA__L4-1.__PIPE__L0-off.__PIPE__L1-NA.__PIPE__L2-flatten.__TILE__L0-1.__TILE__L1-4.__TILE__L2-8,target,query,query,finetune_dataset,data_884.pt,4385921.0,graphgps_lite,1,50,paper_exact_seed1,0.5945241451263428,0.5884142518043518,0.006109893321990967,0.8700000047683716,0.7916845083236694,0.07831549644470215,0.38999998569488525,0.3483942151069641,0.04160577058792114,0.7799999713897705,0.6967178583145142,0.08328211307525635,0.0,0.04415791481733322,0.04415791481733322
856cc9f2c17a159a,jacobi-2d,jacobi-2d,lv2:__PARA__L0-1.__PARA__L1-2.__PARA__L2-2.__PARA__L3-8.__PARA__L4-8.__PIPE__L0-off.__PIPE__L1-off.__PIPE__L2-NA.__TILE__L0-1.__TILE__L1-1.__TILE__L2-1,target,query,query,finetune_dataset,data_842.pt,4382121.0,graphgps_lite,1,50,paper_exact_seed1,0.5951493978500366,0.7959396243095398,0.20079022645950317,0.05000000074505806,0.05302952229976654,0.003029521554708481,0.019999999552965164,0.0336504727602005,0.013650473207235336,0.05000000074505806,0.017148852348327637,0.03285114839673042,0.0,0.01895938813686371,0.01895938813686371
325879767ea9ec0f,jacobi-2d,jacobi-2d,lv2:__PARA__L0-1.__PARA__L1-1.__PARA__L2-2.__PARA__L3-32.__PARA__L4-1.__PIPE__L0-off.__PIPE__L1-NA.__PIPE__L2-flatten.__TILE__L0-1.__TILE__L1-8.__TILE__L2-8,target,query,query,finetune_dataset,data_754.pt,5668321.0,graphgps_lite,1,50,paper_exact_seed1,0.409503310918808,0.5817911624908447,0.17228785157203674,0.949999988079071,0.7792717814445496,0.17072820663452148,0.4300000071525574,0.3499142527580261,0.08008575439453125,0.8500000238418579,0.6646754741668701,0.1853245496749878,0.11999999731779099,0.05559241771697998,0.064407579600811
aa2e9802151958d2,gemver-medium,gemver-medium,lv2:__PARA__L0-1.__PARA__L1-1.__PARA__L2-1.__PARA__L3-1.__PARA__L4-1.__PARA__L5-10.__PARA__L6-2.__PIPE__L0-off.__PIPE__L1-off.__PIPE__L3-NA.__TILE__L0-1.__TILE__L1-1.__TILE__L3-1,target,query,query,finetune_dataset,data_492.pt,720213.0,graphgps_lite,1,50,paper_exact_seed1,1.8977162837982178,1.9142298698425293,0.016513586044311523,0.03999999910593033,0.02974146604537964,0.01025853306055069,0.009999999776482582,0.0050384849309921265,0.004961514845490456,0.009999999776482582,-0.046289026737213135,0.05628902465105057,0.05000000074505806,0.22224710881710052,0.17224711179733276
000f3624d587129c,gemver-medium,gemver-medium,lv2:__PARA__L0-1.__PARA__L1-1.__PARA__L2-1.__PARA__L3-1.__PARA__L4-1.__PARA__L5-2.__PARA__L6-5.__PIPE__L0-flatten.__PIPE__L1-off.__PIPE__L3-NA.__TILE__L0-1.__TILE__L1-1.__TILE__L3-1,target,query,query,finetune_dataset,data_539.pt,625629.0,graphgps_lite,1,50,paper_exact_seed1,1.9992743730545044,1.8325369358062744,0.16673743724822998,0.6800000071525574,0.641657292842865,0.03834271430969238,0.41999998688697815,0.39112770557403564,0.028872281312942505,1.2799999713897705,1.1874009370803833,0.09259903430938721,0.23999999463558197,0.3096460700035095,0.06964607536792755
23cb5d94ca303749,gemver-medium,gemver-medium,lv2:__PARA__L0-1.__PARA__L1-1.__PARA__L2-1.__PARA__L3-1.__PARA__L4-1.__PARA__L5-10.__PARA__L6-25.__PIPE__L0-off.__PIPE__L1-off.__PIPE__L3-off.__TILE__L0-1.__TILE__L1-1.__TILE__L3-1,target,query,query,finetune_dataset,data_497.pt,359761.0,graphgps_lite,1,50,paper_exact_seed1,2.3984086513519287,2.26161789894104,0.13679075241088867,0.10000000149011612,0.057788386940956116,0.042211614549160004,0.019999999552965164,0.021078720688819885,0.001078721135854721,0.009999999776482582,-0.04575337469577789,0.055753372609615326,0.05000000074505806,0.24213352799415588,0.19213353097438812
c453bfa6fbe16f91,gemver-medium,gemver-medium,lv2:__PARA__L0-1.__PARA__L1-1.__PARA__L2-1.__PARA__L3-1.__PARA__L4-1.__PARA__L5-1.__PARA__L6-1.__PIPE__L0-off.__PIPE__L1-off.__PIPE__L3-flatten.__TILE__L0-1.__TILE__L1-1.__TILE__L3-1,target,query,query,finetune_dataset,data_434.pt,1020064.0,graphgps_lite,1,50,paper_exact_seed1,1.6466342210769653,1.4891042709350586,0.15752995014190674,0.4099999964237213,0.5779051184654236,0.16790512204170227,0.28999999165534973,0.3418881893157959,0.05188819766044617,0.6399999856948853,1.0585918426513672,0.41859185695648193,0.23999999463558197,0.24359415471553802,0.0035941600799560547
f30c53ed54cd07f6,gemver-medium,gemver-medium,lv2:__PARA__L0-1.__PARA__L1-1.__PARA__L2-1.__PARA__L3-1.__PARA__L4-1.__PARA__L5-4.__PARA__L6-16.__PIPE__L0-flatten.__PIPE__L1-off.__PIPE__L3-NA.__TILE__L0-1.__TILE__L1-1.__TILE__L3-1,target,query,query,finetune_dataset,data_558.pt,317477.0,graphgps_lite,1,50,paper_exact_seed1,2.4886021614074707,2.4329047203063965,0.05569744110107422,0.7400000095367432,0.7492802143096924,0.009280204772949219,0.44999998807907104,0.4821770191192627,0.03217703104019165,1.2899999618530273,1.4044655561447144,0.11446559429168701,0.4300000071525574,0.47209393978118896,0.04209393262863159
d8e3b8d9f992790d,gemver-medium,gemver-medium,lv2:__PARA__L0-1.__PARA__L1-1.__PARA__L2-1.__PARA__L3-1.__PARA__L4-1.__PARA__L5-2.__PARA__L6-10.__PIPE__L0-flatten.__PIPE__L1-off.__PIPE__L3-off.__TILE__L0-1.__TILE__L1-1.__TILE__L3-1,target,query,query,finetune_dataset,data_512.pt,551973.0,graphgps_lite,1,50,paper_exact_seed1,2.0896291732788086,1.9264217615127563,0.16320741176605225,0.6700000166893005,0.6444568037986755,0.025543212890625,0.41999998688697815,0.3822282552719116,0.03777173161506653,1.2799999713897705,1.2028592824935913,0.0771406888961792,0.23999999463558197,0.282798171043396,0.042798176407814026
dba56bf59fef0447,gemver-medium,gemver-medium,lv2:__PARA__L0-1.__PARA__L1-1.__PARA__L2-1.__PARA__L3-1.__PARA__L4-1.__PARA__L5-5.__PARA__L6-5.__PIPE__L0-off.__PIPE__L1-off.__PIPE__L3-NA.__TILE__L0-1.__TILE__L1-1.__TILE__L3-1,target,query,query,finetune_dataset,data_607.pt,558020.0,graphgps_lite,1,50,paper_exact_seed1,2.0817697048187256,2.0790889263153076,0.0026807785034179688,0.029999999329447746,0.0464121550321579,0.01641215570271015,0.009999999776482582,0.007726237177848816,0.002273762598633766,0.0,-0.019547343254089355,0.019547343254089355,0.30000001192092896,0.26640284061431885,0.03359717130661011
a5d37c21d89dafa7,gemver-medium,gemver-medium,lv2:__PARA__L0-1.__PARA__L1-1.__PARA__L2-1.__PARA__L3-1.__PARA__L4-1.__PARA__L5-1.__PARA__L6-4.__PIPE__L0-off.__PIPE__L1-off.__PIPE__L3-off.__TILE__L0-1.__TILE__L1-1.__TILE__L3-1,target,query,query,finetune_dataset,data_469.pt,1233212.0,graphgps_lite,1,50,paper_exact_seed1,1.5097535848617554,1.6252045631408691,0.11545097827911377,0.019999999552965164,-0.03092534840106964,0.050925347954034805,0.009999999776482582,0.0040003955364227295,0.005999604240059853,0.0,-0.10706572234630585,0.10706572234630585,0.11999999731779099,0.1341570019721985,0.014157004654407501
959902609e6a4167,gemver-medium,gemver-medium,lv2:__PARA__L0-1.__PARA__L1-1.__PARA__L2-1.__PARA__L3-1.__PARA__L4-1.__PARA__L5-10.__PARA__L6-8.__PIPE__L0-off.__PIPE__L1-off.__PIPE__L3-off.__TILE__L0-1.__TILE__L1-1.__TILE__L3-1,target,query,query,finetune_dataset,data_505.pt,425761.0,graphgps_lite,1,50,paper_exact_seed1,2.2769062519073486,2.2462158203125,0.030690431594848633,0.03999999910593033,0.05145777761936188,0.011457778513431549,0.009999999776482582,0.009634509682655334,0.0003654900938272476,0.0,-0.06376345455646515,0.06376345455646515,0.05000000074505806,0.2422938346862793,0.19229383766651154
ac49c902d4aef2ec,gemver-medium,gemver-medium,lv2:__PARA__L0-1.__PARA__L1-1.__PARA__L2-1.__PARA__L3-1.__PARA__L4-1.__PARA__L5-2.__PARA__L6-8.__PIPE__L0-off.__PIPE__L1-off.__PIPE__L3-off.__TILE__L0-1.__TILE__L1-1.__TILE__L3-1,target,query,query,finetune_dataset,data_548.pt,739613.0,graphgps_lite,1,50,paper_exact_seed1,1.8785427808761597,1.7181787490844727,0.160364031791687,0.029999999329447746,0.04928210377693176,0.019282104447484016,0.009999999776482582,0.02847321331501007,0.01847321353852749,0.0,-0.008537039160728455,0.008537039160728455,0.11999999731779099,0.15687228739261627,0.03687229007482529
4ad5995a833d2439,gemver-medium,gemver-medium,lv2:__PARA__L0-1.__PARA__L1-1.__PARA__L2-1.__PARA__L3-1.__PARA__L4-1.__PARA__L5-1.__PARA__L6-25.__PIPE__L0-off.__PIPE__L1-off.__PIPE__L3-off.__TILE__L0-1.__TILE__L1-1.__TILE__L3-1,target,query,query,finetune_dataset,data_460.pt,1070012.0,graphgps_lite,1,50,paper_exact_seed1,1.6121505498886108,1.5850489139556885,0.027101635932922363,0.03999999910593033,-0.01736988127231598,0.05736988037824631,0.019999999552965164,0.02353067696094513,0.003530677407979965,0.009999999776482582,-0.06794939935207367,0.0779493972659111,0.18000000715255737,0.12561658024787903,0.054383426904678345
f29f2562f3c80240,gemver-medium,gemver-medium,lv2:__PARA__L0-1.__PARA__L1-1.__PARA__L2-1.__PARA__L3-1.__PARA__L4-1.__PARA__L5-4.__PARA__L6-16.__PIPE__L0-off.__PIPE__L1-off.__PIPE__L3-NA.__TILE__L0-1.__TILE__L1-1.__TILE__L3-1,target,query,query,finetune_dataset,data_560.pt,486319.0,graphgps_lite,1,50,paper_exact_seed1,2.180976629257202,2.1213300228118896,0.0596466064453125,0.03999999910593033,0.04334424436092377,0.0033442452549934387,0.019999999552965164,0.010204240679740906,0.009795758873224258,0.009999999776482582,-0.02784419059753418,0.03784418851137161,0.18000000715255737,0.2758585214614868,0.09585851430892944
ea1c49f64583b28b,gemver-medium,gemver-medium,lv2:__PARA__L0-1.__PARA__L1-1.__PARA__L2-1.__PARA__L3-1.__PARA__L4-2.__PARA__L5-1.__PARA__L6-1.__PIPE__L0-off.__PIPE__L1-flatten.__PIPE__L3-off.__TILE__L0-1.__TILE__L1-1.__TILE__L3-8,target,query,query,finetune_dataset,data_636.pt,1011542.0,graphgps_lite,1,50,paper_exact_seed1,1.6526858806610107,1.7073500156402588,0.05466413497924805,0.6200000047683716,0.6481915712356567,0.028191566467285156,0.3100000023841858,0.3904554843902588,0.080455482006073,0.6399999856948853,0.9813564419746399,0.34135645627975464,0.18000000715255737,0.23240408301353455,0.05240407586097717
1e2ebb43fa259075,gemver-medium,gemver-medium,lv2:__PARA__L0-1.__PARA__L1-1.__PARA__L2-1.__PARA__L3-1.__PARA__L4-1.__PARA__L5-1.__PARA__L6-1.__PIPE__L0-off.__PIPE__L1-flatten.__PIPE__L3-off.__TILE__L0-1.__TILE__L1-1.__TILE__L3-8,target,query,query,finetune_dataset,data_433.pt,1091472.0,graphgps_lite,1,50,paper_exact_seed1,1.5978264808654785,1.6106655597686768,0.012839078903198242,0.6200000047683716,0.6917646527290344,0.07176464796066284,0.3100000023841858,0.4154922366142273,0.1054922342300415,0.6399999856948853,1.0565317869186401,0.4165318012237549,0.18000000715255737,0.21704861521720886,0.03704860806465149
fe1f6d87f4424e94,gemver-medium,gemver-medium,lv2:__PARA__L0-1.__PARA__L1-1.__PARA__L2-1.__PARA__L3-1.__PARA__L4-1.__PARA__L5-1.__PARA__L6-10.__PIPE__L0-flatten.__PIPE__L1-off.__PIPE__L3-off.__TILE__L0-1.__TILE__L1-1.__TILE__L3-1,target,query,query,finetune_dataset,data_437.pt,947503.0,graphgps_lite,1,50,paper_exact_seed1,1.6998628377914429,1.5646919012069702,0.13517093658447266,0.6700000166893005,0.6412367820739746,0.028763234615325928,0.41999998688697815,0.3849683403968811,0.035031646490097046,1.2799999713897705,1.2028717994689941,0.07712817192077637,0.23999999463558197,0.22992371022701263,0.010076284408569336
41643b6d806087fa,gemver-medium,gemver-medium,lv2:__PARA__L0-1.__PARA__L1-1.__PARA__L2-1.__PARA__L3-1.__PARA__L4-1.__PARA__L5-2.__PARA__L6-25.__PIPE__L0-off.__PIPE__L1-off.__PIPE__L3-NA.__TILE__L0-1.__TILE__L1-1.__TILE__L3-1,target,query,query,finetune_dataset,data_529.pt,665829.0,graphgps_lite,1,50,paper_exact_seed1,1.9543522596359253,1.7521178722381592,0.2022343873977661,0.05000000074505806,0.09231214970350266,0.042312148958444595,0.019999999552965164,0.02578626573085785,0.005786266177892685,0.019999999552965164,0.06404987722635269,0.04404987767338753,0.18000000715255737,0.17642457783222198,0.003575429320335388
546ba9672e1bec4e,gemver-medium,gemver-medium,lv2:__PARA__L0-1.__PARA__L1-1.__PARA__L2-1.__PARA__L3-1.__PARA__L4-1.__PARA__L5-4.__PARA__L6-1.__PIPE__L0-off.__PIPE__L1-off.__PIPE__L3-flatten.__TILE__L0-1.__TILE__L1-1.__TILE__L3-1,target,query,query,finetune_dataset,data_552.pt,427265.0,graphgps_lite,1,50,paper_exact_seed1,2.274362564086914,2.1742942333221436,0.10006833076477051,0.5,0.6152332425117493,0.11523324251174927,0.30000001192092896,0.3833855390548706,0.08338552713394165,0.6399999856948853,1.132685661315918,0.4926856756210327,0.4300000071525574,0.4267662763595581,0.0032337307929992676
57db2cdf99ad2535,gemver-medium,gemver-medium,lv2:__PARA__L0-1.__PARA__L1-1.__PARA__L2-1.__PARA__L3-1.__PARA__L4-1.__PARA__L5-1.__PARA__L6-4.__PIPE__L0-flatten.__PIPE__L1-off.__PIPE__L3-NA.__TILE__L0-1.__TILE__L1-1.__TILE__L3-1,target,query,query,finetune_dataset,data_465.pt,1062161.0,graphgps_lite,1,50,paper_exact_seed1,1.6174628734588623,1.575569987297058,0.0418928861618042,0.6700000166893005,0.6418765187263489,0.02812349796295166,0.41999998688697815,0.3906906247138977,0.029309362173080444,1.2799999713897705,1.1754390001296997,0.1045609712600708,0.23999999463558197,0.29152870178222656,0.05152870714664459
f2382c4833c27b31,gemver-medium,gemver-medium,lv2:__PARA__L0-1.__PARA__L1-1.__PARA__L2-1.__PARA__L3-1.__PARA__L4-1.__PARA__L5-10.__PARA__L6-25.__PIPE__L0-off.__PIPE__L1-off.__PIPE__L3-NA.__TILE__L0-1.__TILE__L1-1.__TILE__L3-1,target,query,query,finetune_dataset,data_496.pt,351177.0,graphgps_lite,1,50,paper_exact_seed1,2.4158289432525635,2.311124563217163,0.10470438003540039,0.10999999940395355,0.05732367932796478,0.05267632007598877,0.029999999329447746,0.026966765522956848,0.003033233806490898,0.019999999552965164,-0.022235050797462463,0.04223505035042763,0.05000000074505806,0.2603399157524109,0.21033991873264313
b16f47effa78ecb0,gemver-medium,gemver-medium,lv2:__PARA__L0-1.__PARA__L1-1.__PARA__L2-1.__PARA__L3-1.__PARA__L4-1.__PARA__L5-8.__PARA__L6-32.__PIPE__L0-off.__PIPE__L1-off.__PIPE__L3-off.__TILE__L0-1.__TILE__L1-1.__TILE__L3-1,target,query,query,finetune_dataset,data_626.pt,413611.0,graphgps_lite,1,50,paper_exact_seed1,2.297790765762329,2.2559938430786133,0.04179692268371582,0.05000000074505806,0.04292714595794678,0.007072854787111282,0.019999999552965164,0.013930678367614746,0.006069321185350418,0.019999999552965164,-0.029931560158729553,0.04993155971169472,0.05999999865889549,0.2484317570924759,0.1884317547082901
b25403802978da1b,gemver-medium,gemver-medium,lv2:__PARA__L0-1.__PARA__L1-1.__PARA__L2-1.__PARA__L3-1.__PARA__L4-1.__PARA__L5-2.__PARA__L6-20.__PIPE__L0-off.__PIPE__L1-off.__PIPE__L3-off.__TILE__L0-1.__TILE__L1-1.__TILE__L3-1,target,query,query,finetune_dataset,data_526.pt,682413.0,graphgps_lite,1,50,paper_exact_seed1,1.9366055727005005,1.7345468997955322,0.20205867290496826,0.03999999910593033,0.06901142001152039,0.029011420905590057,0.019999999552965164,0.026226520538330078,0.006226520985364914,0.009999999776482582,0.055052004754543304,0.04505200684070587,0.18000000715255737,0.16918586194515228,0.01081414520740509
3ffa8cb8596be391,gemver-medium,gemver-medium,lv2:__PARA__L0-1.__PARA__L1-1.__PARA__L2-1.__PARA__L3-1.__PARA__L4-1.__PARA__L5-2.__PARA__L6-20.__PIPE__L0-off.__PIPE__L1-off.__PIPE__L3-NA.__TILE__L0-1.__TILE__L1-1.__TILE__L3-1,target,query,query,finetune_dataset,data_525.pt,674271.0,graphgps_lite,1,50,paper_exact_seed1,1.9452638626098633,1.752704381942749,0.19255948066711426,0.03999999910593033,0.09171375632286072,0.05171375721693039,0.019999999552965164,0.02564680576324463,0.005646806210279465,0.009999999776482582,0.0636046975851059,0.05360469967126846,0.18000000715255737,0.17846716940402985,0.0015328377485275269
d47a24b4ad9d0e97,gemver-medium,gemver-medium,lv2:__PARA__L0-1.__PARA__L1-1.__PARA__L2-1.__PARA__L3-1.__PARA__L4-2.__PARA__L5-1.__PARA__L6-2.__PIPE__L0-off.__PIPE__L1-flatten.__PIPE__L3-off.__TILE__L0-1.__TILE__L1-1.__TILE__L3-8,target,query,query,finetune_dataset,data_639.pt,667535.0,graphgps_lite,1,50,paper_exact_seed1,1.9525063037872314,1.9000771045684814,0.05242919921875,0.6100000143051147,0.6478444337844849,0.03784441947937012,0.30000001192092896,0.3731430172920227,0.07314300537109375,0.6399999856948853,0.9350792765617371,0.2950792908668518,0.12999999523162842,0.23785799741744995,0.10785800218582153
2c080e6dbf4e1894,gemver-medium,gemver-medium,lv2:__PARA__L0-1.__PARA__L1-1.__PARA__L2-1.__PARA__L3-1.__PARA__L4-1.__PARA__L5-8.__PARA__L6-4.__PIPE__L0-off.__PIPE__L1-off.__PIPE__L3-off.__TILE__L0-1.__TILE__L1-1.__TILE__L3-1,target,query,query,finetune_dataset,data_628.pt,543612.0,graphgps_lite,1,50,paper_exact_seed1,2.1006393432617188,2.1311402320861816,0.03050088882446289,0.029999999329447746,0.007382810115814209,0.022617189213633537,0.009999999776482582,-0.000711590051651001,0.010711589828133583,0.0,-0.05902832746505737,0.05902832746505737,0.28999999165534973,0.23861978948116302,0.05138020217418671
979644bcd6761137,gemver-medium,gemver-medium,lv2:__PARA__L0-1.__PARA__L1-1.__PARA__L2-1.__PARA__L3-1.__PARA__L4-1.__PARA__L5-1.__PARA__L6-10.__PIPE__L0-off.__PIPE__L1-flatten.__PIPE__L3-off.__TILE__L0-1.__TILE__L1-1.__TILE__L3-8,target,query,query,finetune_dataset,data_438.pt,361465.0,graphgps_lite,1,50,paper_exact_seed1,2.3950002193450928,2.3801331520080566,0.014867067337036133,0.6100000143051147,0.5206128358840942,0.08938717842102051,0.3100000023841858,0.2311467081308365,0.0788532942533493,0.6399999856948853,0.5739219188690186,0.0660780668258667,0.1899999976158142,0.24277113378047943,0.05277113616466522
8b2f6bcb3ee50e1e,gemver-medium,gemver-medium,lv2:__PARA__L0-1.__PARA__L1-1.__PARA__L2-1.__PARA__L3-1.__PARA__L4-1.__PARA__L5-2.__PARA__L6-8.__PIPE__L0-off.__PIPE__L1-off.__PIPE__L3-NA.__TILE__L0-1.__TILE__L1-1.__TILE__L3-1,target,query,query,finetune_dataset,data_547.pt,733367.0,graphgps_lite,1,50,paper_exact_seed1,1.8846603631973267,1.7547328472137451,0.12992751598358154,0.029999999329447746,0.09017954021692276,0.060179539024829865,0.009999999776482582,0.02449221909046173,0.014492219313979149,0.009999999776482582,0.059492841362953186,0.04949284344911575,0.11999999731779099,0.1766226887702942,0.056622691452503204
47bc00fe4ed487e8,gemver-medium,gemver-medium,lv2:__PARA__L0-1.__PARA__L1-1.__PARA__L2-1.__PARA__L3-1.__PARA__L4-1.__PARA__L5-1.__PARA__L6-32.__PIPE__L0-off.__PIPE__L1-flatten.__PIPE__L3-off.__TILE__L0-1.__TILE__L1-1.__TILE__L3-8,target,query,query,finetune_dataset,data_463.pt,339417.0,graphgps_lite,1,50,paper_exact_seed1,2.440398693084717,2.417550802230835,0.022847890853881836,0.6299999952316284,0.5484446287155151,0.08155536651611328,0.3199999928474426,0.24946674704551697,0.07053324580192566,0.6600000262260437,0.6328909993171692,0.02710902690887451,0.25,0.256963849067688,0.006963849067687988
8f4ab36456ee280a,gemver-medium,gemver-medium,lv2:__PARA__L0-1.__PARA__L1-1.__PARA__L2-1.__PARA__L3-1.__PARA__L4-1.__PARA__L5-1.__PARA__L6-32.__PIPE__L0-off.__PIPE__L1-off.__PIPE__L3-off.__TILE__L0-1.__TILE__L1-1.__TILE__L3-1,target,query,query,finetune_dataset,data_464.pt,1102812.0,graphgps_lite,1,50,paper_exact_seed1,1.5903706550598145,1.5648655891418457,0.02550506591796875,0.03999999910593033,0.006452247500419617,0.03354775160551071,0.019999999552965164,0.029208675026893616,0.009208675473928452,0.019999999552965164,-0.069073885679245,0.08907388150691986,0.18000000715255737,0.13850200176239014,0.041498005390167236
7991ac02ef164882,gemver-medium,gemver-medium,lv2:__PARA__L0-1.__PARA__L1-1.__PARA__L2-1.__PARA__L3-1.__PARA__L4-1.__PARA__L5-5.__PARA__L6-20.__PIPE__L0-off.__PIPE__L1-off.__PIPE__L3-NA.__TILE__L0-1.__TILE__L1-1.__TILE__L3-1,target,query,query,finetune_dataset,data_600.pt,437419.0,graphgps_lite,1,50,paper_exact_seed1,2.257420063018799,2.180875778198242,0.07654428482055664,0.05999999865889549,0.04021349549293518,0.019786503165960312,0.019999999552965164,0.009144008159637451,0.010855991393327713,0.009999999776482582,-0.032195791602134705,0.04219578951597214,0.05999999865889549,0.2916800379753113,0.2316800355911255
46fff6b5ab3176c1,gemver-medium,gemver-medium,lv2:__PARA__L0-1.__PARA__L1-1.__PARA__L2-1.__PARA__L3-1.__PARA__L4-1.__PARA__L5-1.__PARA__L6-20.__PIPE__L0-flatten.__PIPE__L1-off.__PIPE__L3-off.__TILE__L0-1.__TILE__L1-1.__TILE__L3-1,target,query,query,finetune_dataset,data_452.pt,909503.0,graphgps_lite,1,50,paper_exact_seed1,1.729388952255249,1.582977056503296,0.14641189575195312,0.6700000166893005,0.6866884231567383,0.016688406467437744,0.41999998688697815,0.42782124876976013,0.007821261882781982,1.2799999713897705,1.2256916761398315,0.054308295249938965,0.23999999463558197,0.25287556648254395,0.012875571846961975
3b3eea8d09d234c1,gemver-medium,gemver-medium,lv2:__PARA__L0-1.__PARA__L1-1.__PARA__L2-1.__PARA__L3-1.__PARA__L4-1.__PARA__L5-4.__PARA__L6-25.__PIPE__L0-off.__PIPE__L1-off.__PIPE__L3-NA.__TILE__L0-1.__TILE__L1-1.__TILE__L3-1,target,query,query,finetune_dataset,data_572.pt,468629.0,graphgps_lite,1,50,paper_exact_seed1,2.207705020904541,2.1145243644714355,0.09318065643310547,0.05999999865889549,0.044274210929870605,0.015725787729024887,0.029999999329447746,0.010393977165222168,0.01960602216422558,0.019999999552965164,-0.026117458939552307,0.04611745849251747,0.28999999165534973,0.27310043573379517,0.016899555921554565
9fdaad6156127ccf,gemver-medium,gemver-medium,lv2:__PARA__L0-1.__PARA__L1-1.__PARA__L2-1.__PARA__L3-1.__PARA__L4-1.__PARA__L5-2.__PARA__L6-25.__PIPE__L0-flatten.__PIPE__L1-off.__PIPE__L3-off.__TILE__L0-1.__TILE__L1-1.__TILE__L3-1,target,query,query,finetune_dataset,data_528.pt,505973.0,graphgps_lite,1,50,paper_exact_seed1,2.152397871017456,1.9082822799682617,0.24411559104919434,0.6800000071525574,0.6486244797706604,0.03137552738189697,0.41999998688697815,0.39110296964645386,0.028897017240524292,1.2799999713897705,1.2107555866241455,0.069244384765625,0.23999999463558197,0.28777414560317993,0.04777415096759796
9c8bd01095d1e0ca,gemver-medium,gemver-medium,lv2:__PARA__L0-1.__PARA__L1-1.__PARA__L2-1.__PARA__L3-1.__PARA__L4-1.__PARA__L5-5.__PARA__L6-8.__PIPE__L0-off.__PIPE__L1-off.__PIPE__L3-off.__TILE__L0-1.__TILE__L1-1.__TILE__L3-1,target,query,query,finetune_dataset,data_611.pt,504364.0,graphgps_lite,1,50,paper_exact_seed1,2.154695510864258,2.1281139850616455,0.026581525802612305,0.029999999329447746,0.0322541743516922,0.0022541750222444534,0.009999999776482582,0.00832134485244751,0.0016786549240350723,0.0,-0.060800060629844666,0.060800060629844666,0.30000001192092896,0.26098692417144775,0.0390130877494812
ea83d34ff54ddfc6,gemver-medium,gemver-medium,lv2:__PARA__L0-1.__PARA__L1-1.__PARA__L2-1.__PARA__L3-1.__PARA__L4-1.__PARA__L5-8.__PARA__L6-5.__PIPE__L0-off.__PIPE__L1-off.__PIPE__L3-NA.__TILE__L0-1.__TILE__L1-1.__TILE__L3-1,target,query,query,finetune_dataset,data_630.pt,500868.0,graphgps_lite,1,50,paper_exact_seed1,2.159712791442871,2.1516809463500977,0.008031845092773438,0.029999999329447746,0.03306853771209717,0.0030685383826494217,0.009999999776482582,0.014124706387519836,0.004124706611037254,0.009999999776482582,-0.023194238543510437,0.03319423645734787,0.28999999165534973,0.24267035722732544,0.04732963442802429
f04d401f04d14c1e,gemver-medium,gemver-medium,lv2:__PARA__L0-1.__PARA__L1-1.__PARA__L2-1.__PARA__L3-1.__PARA__L4-1.__PARA__L5-8.__PARA__L6-1.__PIPE__L0-off.__PIPE__L1-NA.__PIPE__L3-flatten.__TILE__L0-1.__TILE__L1-1.__TILE__L3-1,target,query,query,finetune_dataset,data_613.pt,323819.0,graphgps_lite,1,50,paper_exact_seed1,2.474334239959717,2.22952938079834,0.24480485916137695,0.6800000071525574,0.6290968656539917,0.050903141498565674,0.4000000059604645,0.40432894229888916,0.004328936338424683,1.1100000143051147,1.1014893054962158,0.008510708808898926,0.800000011920929,0.3898240327835083,0.41017597913742065
db1518b5e0f5c412,gemver-medium,gemver-medium,lv2:__PARA__L0-1.__PARA__L1-1.__PARA__L2-1.__PARA__L3-1.__PARA__L4-1.__PARA__L5-4.__PARA__L6-8.__PIPE__L0-off.__PIPE__L1-off.__PIPE__L3-NA.__TILE__L0-1.__TILE__L1-1.__TILE__L3-1,target,query,query,finetune_dataset,data_590.pt,536971.0,graphgps_lite,1,50,paper_exact_seed1,2.1095058917999268,2.1118757724761963,0.0023698806762695312,0.029999999329447746,0.0427175909280777,0.012717591598629951,0.009999999776482582,0.009092047810554504,0.0009079519659280777,0.009999999776482582,-0.029811367392539978,0.03981136530637741,0.18000000715255737,0.2722359597682953,0.09223595261573792
5866cbdc49313267,gemver-medium,gemver-medium,lv2:__PARA__L0-1.__PARA__L1-1.__PARA__L2-1.__PARA__L3-1.__PARA__L4-1.__PARA__L5-5.__PARA__L6-5.__PIPE__L0-off.__PIPE__L1-off.__PIPE__L3-off.__TILE__L0-1.__TILE__L1-1.__TILE__L3-1,target,query,query,finetune_dataset,data_608.pt,561964.0,graphgps_lite,1,50,paper_exact_seed1,2.0766892433166504,2.1116223335266113,0.03493309020996094,0.029999999329447746,0.02080465853214264,0.009195340797305107,0.009999999776482582,-0.0007107704877853394,0.010710770264267921,0.0,-0.06106466054916382,0.06106466054916382,0.30000001192092896,0.26331400871276855,0.0366860032081604
1cc6286de82d0589,gemver-medium,gemver-medium,lv2:__PARA__L0-1.__PARA__L1-1.__PARA__L2-1.__PARA__L3-1.__PARA__L4-1.__PARA__L5-1.__PARA__L6-16.__PIPE__L0-flatten.__PIPE__L1-off.__PIPE__L3-NA.__TILE__L0-1.__TILE__L1-1.__TILE__L3-1,target,query,query,finetune_dataset,data_441.pt,911411.0,graphgps_lite,1,50,paper_exact_seed1,1.7278772592544556,1.5965566635131836,0.13132059574127197,0.6800000071525574,0.7125042080879211,0.03250420093536377,0.4300000071525574,0.4528573751449585,0.022857367992401123,1.2899999618530273,1.2589917182922363,0.031008243560791016,0.23999999463558197,0.26379215717315674,0.023792162537574768
ea9580005e96c617,gemver-medium,gemver-medium,lv2:__PARA__L0-1.__PARA__L1-1.__PARA__L2-1.__PARA__L3-1.__PARA__L4-1.__PARA__L5-10.__PARA__L6-1.__PIPE__L0-off.__PIPE__L1-off.__PIPE__L3-off.__TILE__L0-1.__TILE__L1-1.__TILE__L3-1,target,query,query,finetune_dataset,data_487.pt,1116561.0,graphgps_lite,1,50,paper_exact_seed1,1.5814330577850342,1.826529860496521,0.24509680271148682,0.03999999910593033,0.022229015827178955,0.017770983278751373,0.009999999776482582,-0.006665289402008057,0.01666528917849064,0.0,0.006814241409301758,0.006814241409301758,0.05000000074505806,0.22055719792842865,0.1705572009086609
210c2d0f18751123,gemver-medium,gemver-medium,lv2:__PARA__L0-1.__PARA__L1-1.__PARA__L2-1.__PARA__L3-1.__PARA__L4-1.__PARA__L5-8.__PARA__L6-64.__PIPE__L0-off.__PIPE__L1-off.__PIPE__L3-off.__TILE__L0-1.__TILE__L1-1.__TILE__L3-1,target,query,query,finetune_dataset,data_632.pt,404811.0,graphgps_lite,1,50,paper_exact_seed1,2.3133039474487305,2.2176361083984375,0.09566783905029297,0.07999999821186066,0.034629762172698975,0.04537023603916168,0.03999999910593033,0.042631760239601135,0.002631761133670807,0.03999999910593033,-0.005477219820022583,0.04547721892595291,0.05999999865889549,0.29170340299606323,0.23170340061187744
a7dc296477f89e14,gemver-medium,gemver-medium,lv2:__PARA__L0-1.__PARA__L1-1.__PARA__L2-1.__PARA__L3-1.__PARA__L4-1.__PARA__L5-1.__PARA__L6-64.__PIPE__L0-off.__PIPE__L1-flatten.__PIPE__L3-NA.__TILE__L0-1.__TILE__L1-1.__TILE__L3-8,target,query,query,finetune_dataset,data_479.pt,327769.0,graphgps_lite,1,50,paper_exact_seed1,2.465588331222534,2.6927528381347656,0.22716450691223145,0.6499999761581421,0.687394917011261,0.037394940853118896,0.33000001311302185,0.4113283157348633,0.08132830262184143,0.6800000071525574,0.7476248145103455,0.06762480735778809,0.36000001430511475,0.36233198642730713,0.002331972122192383
cdcda04bf68ce8ac,gemver-medium,gemver-medium,lv2:__PARA__L0-1.__PARA__L1-1.__PARA__L2-1.__PARA__L3-1.__PARA__L4-1.__PARA__L5-5.__PARA__L6-8.__PIPE__L0-off.__PIPE__L1-off.__PIPE__L3-NA.__TILE__L0-1.__TILE__L1-1.__TILE__L3-1,target,query,query,finetune_dataset,data_610.pt,498122.0,graphgps_lite,1,50,paper_exact_seed1,2.1636786460876465,2.172488212585449,0.008809566497802734,0.029999999329447746,0.03937174379825592,0.009371744468808174,0.009999999776482582,0.007984951138496399,0.002015048637986183,0.009999999776482582,-0.03456951677799225,0.04456951469182968,0.30000001192092896,0.2886964678764343,0.011303544044494629
5e2cc981135680a0,gemver-medium,gemver-medium,lv2:__PARA__L0-1.__PARA__L1-1.__PARA__L2-1.__PARA__L3-1.__PARA__L4-1.__PARA__L5-8.__PARA__L6-1.__PIPE__L0-flatten.__PIPE__L1-off.__PIPE__L3-off.__TILE__L0-1.__TILE__L1-1.__TILE__L3-1,target,query,query,finetune_dataset,data_612.pt,967103.0,graphgps_lite,1,50,paper_exact_seed1,1.6850932836532593,1.8337279558181763,0.148634672164917,0.8399999737739563,0.6545994281768799,0.18540054559707642,0.49000000953674316,0.38821929693222046,0.1017807126045227,1.2799999713897705,1.207924246788025,0.0720757246017456,0.800000011920929,0.48605185747146606,0.3139481544494629
6ddd06201de501e3,gemver-medium,gemver-medium,lv2:__PARA__L0-1.__PARA__L1-1.__PARA__L2-1.__PARA__L3-1.__PARA__L4-1.__PARA__L5-1.__PARA__L6-4.__PIPE__L0-off.__PIPE__L1-flatten.__PIPE__L3-off.__TILE__L0-1.__TILE__L1-1.__TILE__L3-8,target,query,query,finetune_dataset,data_467.pt,517465.0,graphgps_lite,1,50,paper_exact_seed1,2.136197566986084,2.2163476943969727,0.08015012741088867,0.6100000143051147,0.642655074596405,0.03265506029129028,0.3100000023841858,0.32634416222572327,0.016344159841537476,0.6399999856948853,0.8935155272483826,0.2535155415534973,0.15000000596046448,0.25339198112487793,0.10339197516441345
f351dcbd8a9583d8,gemver-medium,gemver-medium,lv2:__PARA__L0-1.__PARA__L1-1.__PARA__L2-1.__PARA__L3-1.__PARA__L4-1.__PARA__L5-8.__PARA__L6-5.__PIPE__L0-off.__PIPE__L1-off.__PIPE__L3-off.__TILE__L0-1.__TILE__L1-1.__TILE__L3-1,target,query,query,finetune_dataset,data_631.pt,504812.0,graphgps_lite,1,50,paper_exact_seed1,2.154054880142212,2.168205976486206,0.01415109634399414,0.029999999329447746,0.013212308287620544,0.016787691041827202,0.009999999776482582,-8.375942707061768e-05,0.0100837592035532,0.0,-0.05925630033016205,0.05925630033016205,0.28999999165534973,0.24014221131801605,0.04985778033733368
629fe26036eb69ab,gemver-medium,gemver-medium,lv2:__PARA__L0-1.__PARA__L1-1.__PARA__L2-1.__PARA__L3-1.__PARA__L4-1.__PARA__L5-2.__PARA__L6-2.__PIPE__L0-flatten.__PIPE__L1-off.__PIPE__L3-NA.__TILE__L0-1.__TILE__L1-1.__TILE__L3-1,target,query,query,finetune_dataset,data_519.pt,868839.0,graphgps_lite,1,50,paper_exact_seed1,1.7623836994171143,1.504845380783081,0.2575383186340332,0.6800000071525574,0.6415978670120239,0.03840214014053345,0.41999998688697815,0.3816258907318115,0.038374096155166626,1.2799999713897705,1.1619142293930054,0.11808574199676514,0.23999999463558197,0.30974483489990234,0.06974484026432037
c21ced4ec6c175ca,gemver-medium,gemver-medium,lv2:__PARA__L0-1.__PARA__L1-1.__PARA__L2-1.__PARA__L3-1.__PARA__L4-1.__PARA__L5-5.__PARA__L6-20.__PIPE__L0-off.__PIPE__L1-off.__PIPE__L3-off.__TILE__L0-1.__TILE__L1-1.__TILE__L3-1,target,query,query,finetune_dataset,data_601.pt,445963.0,graphgps_lite,1,50,paper_exact_seed1,2.2434661388397217,2.16756010055542,0.07590603828430176,0.05000000074505806,0.038134559988975525,0.011865440756082535,0.019999999552965164,0.0039324164390563965,0.016067583113908768,0.009999999776482582,-0.03751380741596222,0.04751380532979965,0.05999999865889549,0.27620771527290344,0.21620771288871765
2f626245e21cc056,gemver-medium,gemver-medium,lv2:__PARA__L0-1.__PARA__L1-1.__PARA__L2-1.__PARA__L3-1.__PARA__L4-1.__PARA__L5-2.__PARA__L6-10.__PIPE__L0-off.__PIPE__L1-off.__PIPE__L3-NA.__TILE__L0-1.__TILE__L1-1.__TILE__L3-1,target,query,query,finetune_dataset,data_513.pt,714471.0,graphgps_lite,1,50,paper_exact_seed1,1.903490424156189,1.7526044845581055,0.1508859395980835,0.029999999329447746,0.09160971641540527,0.06160971522331238,0.009999999776482582,0.02532733976840973,0.015327339991927147,0.009999999776482582,0.06258827447891235,0.05258827656507492,0.11999999731779099,0.17806892096996307,0.05806892365217209
13a09a66c1972ec3,gemver-medium,gemver-medium,lv2:__PARA__L0-1.__PARA__L1-1.__PARA__L2-1.__PARA__L3-1.__PARA__L4-1.__PARA__L5-1.__PARA__L6-20.__PIPE__L0-off.__PIPE__L1-off.__PIPE__L3-NA.__TILE__L0-1.__TILE__L1-1.__TILE__L3-1,target,query,query,finetune_dataset,data_454.pt,1070670.0,graphgps_lite,1,50,paper_exact_seed1,1.611707091331482,1.583214521408081,0.02849256992340088,0.03999999910593033,-0.00597400963306427,0.0459740087389946,0.019999999552965164,0.012675181031227112,0.007324818521738052,0.009999999776482582,-0.038380324840545654,0.04838032275438309,0.18000000715255737,0.1212112307548523,0.05878877639770508
f0f3855c9b8ec11c,gemver-medium,gemver-medium,lv2:__PARA__L0-1.__PARA__L1-1.__PARA__L2-1.__PARA__L3-1.__PARA__L4-1.__PARA__L5-1.__PARA__L6-25.__PIPE__L0-off.__PIPE__L1-flatten.__PIPE__L3-off.__TILE__L0-1.__TILE__L1-1.__TILE__L3-8,target,query,query,finetune_dataset,data_458.pt,290265.0,graphgps_lite,1,50,paper_exact_seed1,2.5532426834106445,2.4308266639709473,0.12241601943969727,0.6200000047683716,0.5419734716415405,0.07802653312683105,0.3199999928474426,0.250382661819458,0.06961733102798462,0.6399999856948853,0.6444745659828186,0.00447458028793335,0.30000001192092896,0.24610164761543274,0.053898364305496216
3460f95e508f6efc,gemver-medium,gemver-medium,lv2:__PARA__L0-1.__PARA__L1-1.__PARA__L2-1.__PARA__L3-1.__PARA__L4-1.__PARA__L5-10.__PARA__L6-16.__PIPE__L0-off.__PIPE__L1-off.__PIPE__L3-NA.__TILE__L0-1.__TILE__L1-1.__TILE__L3-1,target,query,query,finetune_dataset,data_490.pt,369267.0,graphgps_lite,1,50,paper_exact_seed1,2.379595994949341,2.3171873092651367,0.0624086856842041,0.05000000074505806,0.05637069046497345,0.00637068971991539,0.019999999552965164,0.02770240604877472,0.007702406495809555,0.019999999552965164,-0.0240468829870224,0.044046882539987564,0.05000000074505806,0.2632725238800049,0.21327252686023712
e791599a06b64fdd,gemver-medium,gemver-medium,lv2:__PARA__L0-1.__PARA__L1-1.__PARA__L2-1.__PARA__L3-1.__PARA__L4-1.__PARA__L5-5.__PARA__L6-1.__PIPE__L0-off.__PIPE__L1-off.__PIPE__L3-flatten.__TILE__L0-1.__TILE__L1-1.__TILE__L3-1,target,query,query,finetune_dataset,data_592.pt,387615.0,graphgps_lite,1,50,paper_exact_seed1,2.344615936279297,2.247061252593994,0.09755468368530273,0.6399999856948853,0.6090641021728516,0.03093588352203369,0.4099999964237213,0.3808024823665619,0.029197514057159424,1.1100000143051147,1.1195628643035889,0.009562849998474121,0.800000011920929,0.4537034034729004,0.34629660844802856
f5222419a61dc3ae,gemver-medium,gemver-medium,lv2:__PARA__L0-1.__PARA__L1-1.__PARA__L2-1.__PARA__L3-1.__PARA__L4-1.__PARA__L5-1.__PARA__L6-1.__PIPE__L0-off.__PIPE__L1-off.__PIPE__L3-off.__TILE__L0-1.__TILE__L1-1.__TILE__L3-1,target,query,query,finetune_dataset,data_435.pt,1826012.0,graphgps_lite,1,50,paper_exact_seed1,1.2266159057617188,1.4110913276672363,0.18447542190551758,0.019999999552965164,-0.05540592968463898,0.07540592551231384,0.009999999776482582,0.00358600914478302,0.006413990631699562,0.0,-0.02500830590724945,0.02500830590724945,0.11999999731779099,0.12037201225757599,0.00037201493978500366
d85aa464ab05cd12,gemver-medium,gemver-medium,lv2:__PARA__L0-1.__PARA__L1-1.__PARA__L2-1.__PARA__L3-1.__PARA__L4-1.__PARA__L5-2.__PARA__L6-1.__PIPE__L0-off.__PIPE__L1-off.__PIPE__L3-off.__TILE__L0-1.__TILE__L1-1.__TILE__L3-1,target,query,query,finetune_dataset,data_510.pt,1430413.0,graphgps_lite,1,50,paper_exact_seed1,1.4027482271194458,1.4647995233535767,0.06205129623413086,0.019999999552965164,0.03209392726421356,0.012093927711248398,0.009999999776482582,0.013497218489646912,0.0034972187131643295,0.0,0.09389010816812515,0.09389010816812515,0.11999999731779099,0.1533346325159073,0.0333346351981163
2594dd922d740fe9,gemver-medium,gemver-medium,lv2:__PARA__L0-1.__PARA__L1-1.__PARA__L2-1.__PARA__L3-1.__PARA__L4-1.__PARA__L5-2.__PARA__L6-2.__PIPE__L0-off.__PIPE__L1-off.__PIPE__L3-NA.__TILE__L0-1.__TILE__L1-1.__TILE__L3-1,target,query,query,finetune_dataset,data_521.pt,1034063.0,graphgps_lite,1,50,paper_exact_seed1,1.6368019580841064,1.510696291923523,0.1261056661605835,0.029999999329447746,0.053666263818740845,0.0236662644892931,0.009999999776482582,0.01617605984210968,0.006176060065627098,0.0,0.05319836735725403,0.05319836735725403,0.11999999731779099,0.1504056453704834,0.030405648052692413
5ece08fb01c7b911,gemver-medium,gemver-medium,lv2:__PARA__L0-1.__PARA__L1-1.__PARA__L2-1.__PARA__L3-1.__PARA__L4-1.__PARA__L5-4.__PARA__L6-25.__PIPE__L0-off.__PIPE__L1-off.__PIPE__L3-off.__TILE__L0-1.__TILE__L1-1.__TILE__L3-1,target,query,query,finetune_dataset,data_573.pt,477213.0,graphgps_lite,1,50,paper_exact_seed1,2.1946113109588623,2.075354814529419,0.11925649642944336,0.05000000074505806,0.03906022012233734,0.010939780622720718,0.019999999552965164,0.010874927043914795,0.00912507250905037,0.009999999776482582,-0.034793734550476074,0.04479373246431351,0.28999999165534973,0.24692481756210327,0.04307517409324646
6d6bafe460da6a50,gemver-medium,gemver-medium,lv2:__PARA__L0-1.__PARA__L1-1.__PARA__L2-1.__PARA__L3-1.__PARA__L4-1.__PARA__L5-8.__PARA__L6-8.__PIPE__L0-off.__PIPE__L1-off.__PIPE__L3-off.__TILE__L0-1.__TILE__L1-1.__TILE__L3-1,target,query,query,finetune_dataset,data_634.pt,446812.0,graphgps_lite,1,50,paper_exact_seed1,2.242094039916992,2.228379726409912,0.013714313507080078,0.029999999329447746,0.024907201528549194,0.005092797800898552,0.009999999776482582,0.0017754435539245605,0.008224556222558022,0.0,-0.05701799690723419,0.05701799690723419,0.28999999165534973,0.23936137557029724,0.05063861608505249
0526577840035d0e,gemver-medium,gemver-medium,lv2:__PARA__L0-1.__PARA__L1-1.__PARA__L2-1.__PARA__L3-1.__PARA__L4-1.__PARA__L5-8.__PARA__L6-16.__PIPE__L0-off.__PIPE__L1-off.__PIPE__L3-off.__TILE__L0-1.__TILE__L1-1.__TILE__L3-1,target,query,query,finetune_dataset,data_619.pt,398412.0,graphgps_lite,1,50,paper_exact_seed1,2.3247976303100586,2.2811830043792725,0.04361462593078613,0.029999999329447746,0.02544139325618744,0.004558606073260307,0.009999999776482582,0.011529728770256042,0.0015297289937734604,0.009999999776482582,-0.04242657124996185,0.052426569163799286,0.28999999165534973,0.24882946908473969,0.041170522570610046
01e5f16a1216bb57,gemver-medium,gemver-medium,lv2:__PARA__L0-1.__PARA__L1-1.__PARA__L2-1.__PARA__L3-8.__PARA__L4-1.__PARA__L5-1.__PARA__L6-1.__PIPE__L0-flatten.__PIPE__L1-off.__PIPE__L3-off.__TILE__L0-1.__TILE__L1-1.__TILE__L3-1,target,query,query,finetune_dataset,data_650.pt,1689719.0,graphgps_lite,1,50,paper_exact_seed1,1.2825723886489868,1.484798789024353,0.2022264003753662,0.6499999761581421,0.6506339311599731,0.0006339550018310547,0.41999998688697815,0.38647156953811646,0.033528417348861694,1.2799999713897705,1.2205153703689575,0.05948460102081299,0.23999999463558197,0.22339823842048645,0.01660175621509552
09d1e6e62ac85248,gemver-medium,gemver-medium,lv2:__PARA__L0-1.__PARA__L1-1.__PARA__L2-1.__PARA__L3-1.__PARA__L4-1.__PARA__L5-8.__PARA__L6-2.__PIPE__L0-off.__PIPE__L1-off.__PIPE__L3-NA.__TILE__L0-1.__TILE__L1-1.__TILE__L3-1,target,query,query,finetune_dataset,data_620.pt,740462.0,graphgps_lite,1,50,paper_exact_seed1,1.8777152299880981,1.8446338176727295,0.03308141231536865,0.029999999329447746,0.0013257116079330444,0.028674287721514702,0.009999999776482582,-0.0018411576747894287,0.01184115745127201,0.0,-0.05802294611930847,0.05802294611930847,0.28999999165534973,0.22222782671451569,0.06777216494083405
f01dce4946b7b7b7,gemver-medium,gemver-medium,lv2:__PARA__L0-1.__PARA__L1-1.__PARA__L2-1.__PARA__L3-1.__PARA__L4-1.__PARA__L5-2.__PARA__L6-5.__PIPE__L0-off.__PIPE__L1-off.__PIPE__L3-off.__TILE__L0-1.__TILE__L1-1.__TILE__L3-1,target,query,query,finetune_dataset,data_542.pt,798013.0,graphgps_lite,1,50,paper_exact_seed1,1.823722004890442,1.7875622510910034,0.03615975379943848,0.029999999329447746,0.034704431891441345,0.004704432561993599,0.009999999776482582,0.01861537992954254,0.00861538015305996,0.0,-0.013239085674285889,0.013239085674285889,0.11999999731779099,0.1792934238910675,0.05929342657327652
858ff888300b806f,gemver-medium,gemver-medium,lv2:__PARA__L0-1.__PARA__L1-1.__PARA__L2-1.__PARA__L3-1.__PARA__L4-1.__PARA__L5-1.__PARA__L6-2.__PIPE__L0-off.__PIPE__L1-flatten.__PIPE__L3-off.__TILE__L0-1.__TILE__L1-1.__TILE__L3-8,target,query,query,finetune_dataset,data_448.pt,747465.0,graphgps_lite,1,50,paper_exact_seed1,1.8709250688552856,1.833787441253662,0.037137627601623535,0.6100000143051147,0.6847233176231384,0.07472330331802368,0.30000001192092896,0.39198213815689087,0.09198212623596191,0.6399999856948853,1.0200639963150024,0.3800640106201172,0.12999999523162842,0.21958765387535095,0.08958765864372253
40fa45ba8d75fea6,gemver-medium,gemver-medium,lv2:__PARA__L0-1.__PARA__L1-1.__PARA__L2-1.__PARA__L3-1.__PARA__L4-1.__PARA__L5-10.__PARA__L6-32.__PIPE__L0-off.__PIPE__L1-off.__PIPE__L3-off.__TILE__L0-1.__TILE__L1-1.__TILE__L3-1,target,query,query,finetune_dataset,data_498.pt,393361.0,graphgps_lite,1,50,paper_exact_seed1,2.334001064300537,2.2507429122924805,0.08325815200805664,0.07000000029802322,0.07568950951099396,0.005689509212970734,0.029999999329447746,0.022167250514030457,0.00783274881541729,0.019999999552965164,-0.031495168805122375,0.05149516835808754,0.05000000074505806,0.25301671028137207,0.2030167132616043
ecfb96f63a221e62,gemver-medium,gemver-medium,lv2:__PARA__L0-1.__PARA__L1-1.__PARA__L2-1.__PARA__L3-1.__PARA__L4-1.__PARA__L5-4.__PARA__L6-8.__PIPE__L0-flatten.__PIPE__L1-off.__PIPE__L3-off.__TILE__L0-1.__TILE__L1-1.__TILE__L3-1,target,query,query,finetune_dataset,data_589.pt,373973.0,graphgps_lite,1,50,paper_exact_seed1,2.3704609870910645,2.35178279876709,0.01867818832397461,0.7300000190734863,0.6742934584617615,0.055706560611724854,0.4399999976158142,0.4057888388633728,0.034211158752441406,1.2799999713897705,1.2564388513565063,0.02356112003326416,0.4300000071525574,0.4157794117927551,0.014220595359802246
b191ebbac7826eb3,gemver-medium,gemver-medium,lv2:__PARA__L0-1.__PARA__L1-1.__PARA__L2-1.__PARA__L3-1.__PARA__L4-1.__PARA__L5-1.__PARA__L6-5.__PIPE__L0-flatten.__PIPE__L1-off.__PIPE__L3-off.__TILE__L0-1.__TILE__L1-1.__TILE__L3-1,target,query,query,finetune_dataset,data_474.pt,1025103.0,graphgps_lite,1,50,paper_exact_seed1,1.6430796384811401,1.700972318649292,0.057892680168151855,0.6700000166893005,0.629010021686554,0.04098999500274658,0.41999998688697815,0.3697451949119568,0.05025479197502136,1.2799999713897705,1.1417440176010132,0.13825595378875732,0.23999999463558197,0.30734002590179443,0.06734003126621246
e479489c10e97e63,gemver-medium,gemver-medium,lv2:__PARA__L0-1.__PARA__L1-1.__PARA__L2-1.__PARA__L3-1.__PARA__L4-1.__PARA__L5-8.__PARA__L6-20.__PIPE__L0-off.__PIPE__L1-off.__PIPE__L3-NA.__TILE__L0-1.__TILE__L1-1.__TILE__L3-1,target,query,query,finetune_dataset,data_622.pt,379867.0,graphgps_lite,1,50,paper_exact_seed1,2.3591809272766113,2.2870192527770996,0.07216167449951172,0.05999999865889549,0.026541143655776978,0.033458855003118515,0.029999999329447746,0.008133426308631897,0.02186657302081585,0.019999999552965164,-0.044088006019592285,0.06408800184726715,0.05999999865889549,0.2567283511161804,0.19672834873199463
b34fe29ee40cbfd8,gemver-medium,gemver-medium,lv2:__PARA__L0-1.__PARA__L1-1.__PARA__L2-1.__PARA__L3-1.__PARA__L4-1.__PARA__L5-2.__PARA__L6-64.__PIPE__L0-flatten.__PIPE__L1-off.__PIPE__L3-off.__TILE__L0-1.__TILE__L1-1.__TILE__L3-1,target,query,query,finetune_dataset,data_543.pt,529573.0,graphgps_lite,1,50,paper_exact_seed1,2.1195132732391357,2.098391056060791,0.021122217178344727,0.6800000071525574,0.6070228815078735,0.07297712564468384,0.4300000071525574,0.3655599355697632,0.06444007158279419,1.2799999713897705,1.1400682926177979,0.13993167877197266,0.23999999463558197,0.3521726131439209,0.11217261850833893
843ee3ee3066436a,gemver-medium,gemver-medium,lv2:__PARA__L0-1.__PARA__L1-1.__PARA__L2-1.__PARA__L3-1.__PARA__L4-1.__PARA__L5-4.__PARA__L6-25.__PIPE__L0-flatten.__PIPE__L1-off.__PIPE__L3-off.__TILE__L0-1.__TILE__L1-1.__TILE__L3-1,target,query,query,finetune_dataset,data_571.pt,308373.0,graphgps_lite,1,50,paper_exact_seed1,2.509589910507202,2.3926119804382324,0.11697793006896973,0.7400000095367432,0.6818658113479614,0.05813419818878174,0.44999998807907104,0.4218798577785492,0.02812013030052185,1.2799999713897705,1.299181580543518,0.01918160915374756,0.4300000071525574,0.4177287817001343,0.012271225452423096
9eefe9932bd3de70,gemver-medium,gemver-medium,lv2:__PARA__L0-1.__PARA__L1-1.__PARA__L2-1.__PARA__L3-1.__PARA__L4-1.__PARA__L5-10.__PARA__L6-5.__PIPE__L0-off.__PIPE__L1-off.__PIPE__L3-off.__TILE__L0-1.__TILE__L1-1.__TILE__L3-1,target,query,query,finetune_dataset,data_502.pt,482961.0,graphgps_lite,1,50,paper_exact_seed1,2.1859748363494873,2.2290096282958984,0.04303479194641113,0.03999999910593033,0.04234699904918671,0.002346999943256378,0.009999999776482582,0.005877092480659485,0.004122907295823097,0.0,-0.05933390557765961,0.05933390557765961,0.05000000074505806,0.24331410229206085,0.1933141052722931
658a43b6874223a8,gemver-medium,gemver-medium,lv2:__PARA__L0-1.__PARA__L1-1.__PARA__L2-1.__PARA__L3-1.__PARA__L4-2.__PARA__L5-1.__PARA__L6-400.__PIPE__L0-off.__PIPE__L1-flatten.__PIPE__L3-off.__TILE__L0-1.__TILE__L1-1.__TILE__L3-8,target,query,query,finetune_dataset,data_645.pt,174135.0,graphgps_lite,1,50,paper_exact_seed1,2.9218249320983887,2.5479445457458496,0.37388038635253906,1.340000033378601,0.9152222275733948,0.4247778058052063,0.9599999785423279,0.5803769826889038,0.3796229958534241,2.0399999618530273,1.461363434791565,0.5786365270614624,0.30000001192092896,0.2935025095939636,0.006497502326965332
f220802a696f04d5,gemver-medium,gemver-medium,lv2:__PARA__L0-1.__PARA__L1-1.__PARA__L2-1.__PARA__L3-1.__PARA__L4-1.__PARA__L5-8.__PARA__L6-25.__PIPE__L0-off.__PIPE__L1-off.__PIPE__L3-off.__TILE__L0-1.__TILE__L1-1.__TILE__L3-1,target,query,query,finetune_dataset,data_625.pt,380411.0,graphgps_lite,1,50,paper_exact_seed1,2.3581485748291016,2.253973960876465,0.10417461395263672,0.07000000029802322,0.029759898781776428,0.040240101516246796,0.019999999552965164,0.012816235423088074,0.0071837641298770905,0.009999999776482582,-0.04182778298854828,0.05182778090238571,0.05999999865889549,0.2396346777677536,0.1796346753835678
3f814bf3cb2014e1,gemver-medium,gemver-medium,lv2:__PARA__L0-1.__PARA__L1-1.__PARA__L2-1.__PARA__L3-1.__PARA__L4-1.__PARA__L5-1.__PARA__L6-8.__PIPE__L0-off.__PIPE__L1-off.__PIPE__L3-off.__TILE__L0-1.__TILE__L1-1.__TILE__L3-1,target,query,query,finetune_dataset,data_486.pt,1135212.0,graphgps_lite,1,50,paper_exact_seed1,1.5694831609725952,1.5900989770889282,0.020615816116333008,0.029999999329447746,-0.021587595343589783,0.05158759653568268,0.009999999776482582,0.019722476601600647,0.009722476825118065,0.0,-0.08486564457416534,0.08486564457416534,0.11999999731779099,0.11768078058958054,0.0023192167282104492
07cb38f49129dd42,gemver-medium,gemver-medium,lv2:__PARA__L0-1.__PARA__L1-1.__PARA__L2-1.__PARA__L3-1.__PARA__L4-1.__PARA__L5-1.__PARA__L6-1.__PIPE__L0-flatten.__PIPE__L1-flatten.__PIPE__L3-off.__TILE__L0-1.__TILE__L1-1.__TILE__L3-8,target,query,query,finetune_dataset,data_425.pt,923083.0,graphgps_lite,1,50,paper_exact_seed1,1.7186979055404663,1.766435146331787,0.0477372407913208,1.0,0.9410319328308105,0.05896806716918945,0.6299999952316284,0.6131736636161804,0.016826331615447998,1.75,1.4910091161727905,0.2589908838272095,0.30000001192092896,0.2766379117965698,0.02336210012435913
d18c3f6a099c066b,gemver-medium,gemver-medium,lv2:__PARA__L0-1.__PARA__L1-1.__PARA__L2-1.__PARA__L3-1.__PARA__L4-1.__PARA__L5-4.__PARA__L6-2.__PIPE__L0-flatten.__PIPE__L1-off.__PIPE__L3-NA.__TILE__L0-1.__TILE__L1-1.__TILE__L3-1,target,query,query,finetune_dataset,data_562.pt,668423.0,graphgps_lite,1,50,paper_exact_seed1,1.951547384262085,1.7752745151519775,0.17627286911010742,0.7400000095367432,0.6670694947242737,0.07293051481246948,0.4399999976158142,0.41012927889823914,0.029870718717575073,1.2799999713897705,1.2081373929977417,0.07186257839202881,0.4300000071525574,0.4260075092315674,0.00399249792098999
ad996a6ca183f670,gemver-medium,gemver-medium,lv2:__PARA__L0-1.__PARA__L1-1.__PARA__L2-1.__PARA__L3-1.__PARA__L4-1.__PARA__L5-1.__PARA__L6-2.__PIPE__L0-flatten.__PIPE__L1-off.__PIPE__L3-off.__TILE__L0-1.__TILE__L1-1.__TILE__L3-1,target,query,query,finetune_dataset,data_447.pt,1265103.0,graphgps_lite,1,50,paper_exact_seed1,1.4913365840911865,1.3792839050292969,0.11205267906188965,0.6700000166893005,0.6502882838249207,0.019711732864379883,0.41999998688697815,0.3842926025390625,0.03570738434791565,1.2799999713897705,1.1875025033950806,0.09249746799468994,0.23999999463558197,0.2748737633228302,0.03487376868724823
2b4f099ae74f84d5,gemver-medium,gemver-medium,lv2:__PARA__L0-1.__PARA__L1-1.__PARA__L2-1.__PARA__L3-1.__PARA__L4-1.__PARA__L5-8.__PARA__L6-10.__PIPE__L0-off.__PIPE__L1-off.__PIPE__L3-NA.__TILE__L0-1.__TILE__L1-1.__TILE__L3-1,target,query,query,finetune_dataset,data_616.pt,420870.0,graphgps_lite,1,50,paper_exact_seed1,2.285240650177002,2.283677577972412,0.0015630722045898438,0.03999999910593033,0.026207253336906433,0.013792745769023895,0.019999999552965164,0.0077978819608688354,0.012202117592096329,0.009999999776482582,-0.04497478902339935,0.054974786937236786,0.28999999165534973,0.25623226165771484,0.03376772999763489
89d7ff444c80ab8f,gemver-medium,gemver-medium,lv2:__PARA__L0-1.__PARA__L1-1.__PARA__L2-1.__PARA__L3-1.__PARA__L4-1.__PARA__L5-1.__PARA__L6-20.__PIPE__L0-off.__PIPE__L1-off.__PIPE__L3-off.__TILE__L0-1.__TILE__L1-1.__TILE__L3-1,target,query,query,finetune_dataset,data_455.pt,1078412.0,graphgps_lite,1,50,paper_exact_seed1,1.606509804725647,1.594890832901001,0.011618971824645996,0.029999999329447746,-0.0170765221118927,0.047076523303985596,0.019999999552965164,0.01854291558265686,0.0014570839703083038,0.009999999776482582,-0.045108407735824585,0.05510840564966202,0.18000000715255737,0.1157219260931015,0.06427808105945587
2932f44c3f2bc533,gemver-medium,gemver-medium,lv2:__PARA__L0-1.__PARA__L1-1.__PARA__L2-1.__PARA__L3-1.__PARA__L4-1.__PARA__L5-1.__PARA__L6-1.__PIPE__L0-flatten.__PIPE__L1-off.__PIPE__L3-off.__TILE__L0-1.__TILE__L1-1.__TILE__L3-1,target,query,query,finetune_dataset,data_430.pt,1657103.0,graphgps_lite,1,50,paper_exact_seed1,1.2966324090957642,1.2724800109863281,0.024152398109436035,0.6399999856948853,0.6698394417762756,0.02983945608139038,0.41999998688697815,0.3937067985534668,0.026293188333511353,1.2799999713897705,1.1995731592178345,0.08042681217193604,0.23999999463558197,0.27075931429862976,0.03075931966304779
06642eb004feff89,gemver-medium,gemver-medium,lv2:__PARA__L0-1.__PARA__L1-1.__PARA__L2-1.__PARA__L3-1.__PARA__L4-1.__PARA__L5-1.__PARA__L6-25.__PIPE__L0-off.__PIPE__L1-off.__PIPE__L3-NA.__TILE__L0-1.__TILE__L1-1.__TILE__L3-1,target,query,query,finetune_dataset,data_459.pt,1062228.0,graphgps_lite,1,50,paper_exact_seed1,1.617417335510254,1.582915186882019,0.03450214862823486,0.05000000074505806,-0.0058085620403289795,0.05580856278538704,0.019999999552965164,0.013292193412780762,0.0067078061401844025,0.019999999552965164,-0.03699851036071777,0.05699850991368294,0.18000000715255737,0.12054480612277985,0.05945520102977753
cd2cbe2bb0e6451c,gemver-medium,gemver-medium,lv2:__PARA__L0-1.__PARA__L1-1.__PARA__L2-1.__PARA__L3-1.__PARA__L4-1.__PARA__L5-1.__PARA__L6-8.__PIPE__L0-off.__PIPE__L1-flatten.__PIPE__L3-off.__TILE__L0-1.__TILE__L1-1.__TILE__L3-8,target,query,query,finetune_dataset,data_484.pt,389965.0,graphgps_lite,1,50,paper_exact_seed1,2.3402557373046875,2.342780351638794,0.0025246143341064453,0.6100000143051147,0.5484249591827393,0.06157505512237549,0.3100000023841858,0.2439902424812317,0.0660097599029541,0.6399999856948853,0.6214855313301086,0.01851445436477661,0.18000000715255737,0.25187206268310547,0.0718720555305481
b447e908d3ee5320,gemver-medium,gemver-medium,lv2:__PARA__L0-1.__PARA__L1-1.__PARA__L2-1.__PARA__L3-1.__PARA__L4-1.__PARA__L5-2.__PARA__L6-8.__PIPE__L0-flatten.__PIPE__L1-off.__PIPE__L3-NA.__TILE__L0-1.__TILE__L1-1.__TILE__L3-1,target,query,query,finetune_dataset,data_545.pt,566535.0,graphgps_lite,1,50,paper_exact_seed1,2.070845603942871,1.9567698240280151,0.11407577991485596,0.6800000071525574,0.7019045352935791,0.02190452814102173,0.41999998688697815,0.43718433380126953,0.017184346914291382,1.2899999618530273,1.246838092803955,0.043161869049072266,0.23999999463558197,0.3153388500213623,0.07533885538578033
f210541613fb8795,gemver-medium,gemver-medium,lv2:__PARA__L0-1.__PARA__L1-1.__PARA__L2-1.__PARA__L3-1.__PARA__L4-2.__PARA__L5-1.__PARA__L6-32.__PIPE__L0-off.__PIPE__L1-flatten.__PIPE__L3-NA.__TILE__L0-1.__TILE__L1-1.__TILE__L3-8,target,query,query,finetune_dataset,data_642.pt,220748.0,graphgps_lite,1,50,paper_exact_seed1,2.750727891921997,2.3936407566070557,0.3570871353149414,0.6399999856948853,0.5877705216407776,0.052229464054107666,0.3199999928474426,0.2676647901535034,0.05233520269393921,0.6800000071525574,0.6706764698028564,0.009323537349700928,0.25,0.2808554768562317,0.03085547685623169
9223f67909b2b538,gemver-medium,gemver-medium,lv2:__PARA__L0-1.__PARA__L1-1.__PARA__L2-1.__PARA__L3-1.__PARA__L4-1.__PARA__L5-10.__PARA__L6-20.__PIPE__L0-off.__PIPE__L1-off.__PIPE__L3-NA.__TILE__L0-1.__TILE__L1-1.__TILE__L3-1,target,query,query,finetune_dataset,data_494.pt,359217.0,graphgps_lite,1,50,paper_exact_seed1,2.3995003700256348,2.31575083732605,0.08374953269958496,0.07999999821186066,0.05664585530757904,0.023354142904281616,0.029999999329447746,0.02753177285194397,0.0024682264775037766,0.019999999552965164,-0.02355627715587616,0.043556276708841324,0.05000000074505806,0.26250070333480835,0.2125007063150406
5c6ffb0bd9e5a3fc,gemver-medium,gemver-medium,lv2:__PARA__L0-1.__PARA__L1-1.__PARA__L2-1.__PARA__L3-1.__PARA__L4-1.__PARA__L5-2.__PARA__L6-1.__PIPE__L0-off.__PIPE__L1-off.__PIPE__L3-flatten.__TILE__L0-1.__TILE__L1-1.__TILE__L3-1,target,query,query,finetune_dataset,data_509.pt,624865.0,graphgps_lite,1,50,paper_exact_seed1,2.0001559257507324,1.6773648262023926,0.32279109954833984,0.41999998688697815,0.5861297845840454,0.16612979769706726,0.30000001192092896,0.35564884543418884,0.05564883351325989,0.6399999856948853,1.0738214254379272,0.433821439743042,0.23999999463558197,0.29567426443099976,0.055674269795417786
768cf60a93610532,gemver-medium,gemver-medium,lv2:__PARA__L0-1.__PARA__L1-1.__PARA__L2-1.__PARA__L3-1.__PARA__L4-1.__PARA__L5-1.__PARA__L6-8.__PIPE__L0-flatten.__PIPE__L1-off.__PIPE__L3-NA.__TILE__L0-1.__TILE__L1-1.__TILE__L3-1,target,query,query,finetune_dataset,data_482.pt,962465.0,graphgps_lite,1,50,paper_exact_seed1,1.6885610818862915,1.5959358215332031,0.09262526035308838,0.6700000166893005,0.7089871168136597,0.03898710012435913,0.41999998688697815,0.4486396312713623,0.028639644384384155,1.2899999618530273,1.2495554685592651,0.04044449329376221,0.23999999463558197,0.26407402753829956,0.02407403290271759
7802cd1a71e2ebb3,gemver-medium,gemver-medium,lv2:__PARA__L0-1.__PARA__L1-1.__PARA__L2-1.__PARA__L3-1.__PARA__L4-1.__PARA__L5-1.__PARA__L6-5.__PIPE__L0-flatten.__PIPE__L1-off.__PIPE__L3-NA.__TILE__L0-1.__TILE__L1-1.__TILE__L3-1,target,query,query,finetune_dataset,data_473.pt,1021559.0,graphgps_lite,1,50,paper_exact_seed1,1.6455777883529663,1.5754220485687256,0.07015573978424072,0.6700000166893005,0.6487378478050232,0.021262168884277344,0.41999998688697815,0.3955886960029602,0.024411290884017944,1.2799999713897705,1.1680996417999268,0.11190032958984375,0.23999999463558197,0.2693910002708435,0.029391005635261536
130704a61a6e6fbf,gemver-medium,gemver-medium,lv2:__PARA__L0-1.__PARA__L1-1.__PARA__L2-1.__PARA__L3-1.__PARA__L4-1.__PARA__L5-5.__PARA__L6-16.__PIPE__L0-off.__PIPE__L1-off.__PIPE__L3-off.__TILE__L0-1.__TILE__L1-1.__TILE__L3-1,target,query,query,finetune_dataset,data_597.pt,455964.0,graphgps_lite,1,50,paper_exact_seed1,2.227468252182007,2.1722683906555176,0.05519986152648926,0.029999999329447746,0.036813244223594666,0.006813244894146919,0.009999999776482582,0.004213973879814148,0.005786025896668434,0.009999999776482582,-0.041528210043907166,0.0515282079577446,0.30000001192092896,0.27920204401016235,0.0207979679107666
d76b59724307206f,gemver-medium,gemver-medium,lv2:__PARA__L0-1.__PARA__L1-1.__PARA__L2-1.__PARA__L3-1.__PARA__L4-1.__PARA__L5-4.__PARA__L6-16.__PIPE__L0-off.__PIPE__L1-off.__PIPE__L3-off.__TILE__L0-1.__TILE__L1-1.__TILE__L3-1,target,query,query,finetune_dataset,data_561.pt,494813.0,graphgps_lite,1,50,paper_exact_seed1,2.1684863567352295,2.112542152404785,0.055944204330444336,0.029999999329447746,0.03988075256347656,0.009880753234028816,0.009999999776482582,0.0050822049379348755,0.004917794838547707,0.009999999776482582,-0.031773537397384644,0.041773535311222076,0.18000000715255737,0.2633419632911682,0.08334195613861084
78748ad5835958f4,gemver-medium,gemver-medium,lv2:__PARA__L0-1.__PARA__L1-1.__PARA__L2-1.__PARA__L3-1.__PARA__L4-1.__PARA__L5-1.__PARA__L6-32.__PIPE__L0-off.__PIPE__L1-flatten.__PIPE__L3-NA.__TILE__L0-1.__TILE__L1-1.__TILE__L3-8,target,query,query,finetune_dataset,data_462.pt,339417.0,graphgps_lite,1,50,paper_exact_seed1,2.440398693084717,2.4463181495666504,0.005919456481933594,0.6299999952316284,0.6081012487411499,0.021898746490478516,0.3199999928474426,0.2756026089191437,0.04439738392829895,0.6600000262260437,0.7085022330284119,0.048502206802368164,0.25,0.27238309383392334,0.02238309383392334
ad06f729bd5db51b,gemver-medium,gemver-medium,lv2:__PARA__L0-1.__PARA__L1-1.__PARA__L2-1.__PARA__L3-1.__PARA__L4-1.__PARA__L5-1.__PARA__L6-25.__PIPE__L0-flatten.__PIPE__L1-off.__PIPE__L3-off.__TILE__L0-1.__TILE__L1-1.__TILE__L3-1,target,query,query,finetune_dataset,data_457.pt,901503.0,graphgps_lite,1,50,paper_exact_seed1,1.7357620000839233,1.5580785274505615,0.17768347263336182,0.6700000166893005,0.6475704908370972,0.02242952585220337,0.41999998688697815,0.3974379301071167,0.02256205677986145,1.2799999713897705,1.1910996437072754,0.08890032768249512,0.23999999463558197,0.237519770860672,0.002480223774909973
57d44026afacdea0,gemver-medium,gemver-medium,lv2:__PARA__L0-1.__PARA__L1-1.__PARA__L2-1.__PARA__L3-1.__PARA__L4-1.__PARA__L5-1.__PARA__L6-400.__PIPE__L0-flatten.__PIPE__L1-off.__PIPE__L3-off.__TILE__L0-1.__TILE__L1-1.__TILE__L3-1,target,query,query,finetune_dataset,data_470.pt,868351.0,graphgps_lite,1,50,paper_exact_seed1,1.7627888917922974,1.8772886991500854,0.11449980735778809,0.6899999976158142,0.8334476947784424,0.14344769716262817,0.46000000834465027,0.5314421653747559,0.07144215703010559,1.2799999713897705,1.4954420328140259,0.21544206142425537,0.23999999463558197,0.2512698769569397,0.011269882321357727
c6b077cf4b447681,gemver-medium,gemver-medium,lv2:__PARA__L0-1.__PARA__L1-1.__PARA__L2-1.__PARA__L3-1.__PARA__L4-1.__PARA__L5-1.__PARA__L6-10.__PIPE__L0-off.__PIPE__L1-off.__PIPE__L3-NA.__TILE__L0-1.__TILE__L1-1.__TILE__L3-1,target,query,query,finetune_dataset,data_439.pt,1110870.0,graphgps_lite,1,50,paper_exact_seed1,1.5851190090179443,1.5833711624145508,0.0017478466033935547,0.029999999329447746,-0.006535515189170837,0.03653551638126373,0.009999999776482582,0.012447580695152283,0.0024475809186697006,0.009999999776482582,-0.03971129655838013,0.04971129447221756,0.11999999731779099,0.12104905396699905,0.0010490566492080688
a6d12815f059afc2,gemver-medium,gemver-medium,lv2:__PARA__L0-1.__PARA__L1-1.__PARA__L2-1.__PARA__L3-1.__PARA__L4-1.__PARA__L5-1.__PARA__L6-8.__PIPE__L0-flatten.__PIPE__L1-off.__PIPE__L3-off.__TILE__L0-1.__TILE__L1-1.__TILE__L3-1,target,query,query,finetune_dataset,data_483.pt,968303.0,graphgps_lite,1,50,paper_exact_seed1,1.6841988563537598,1.604381799697876,0.07981705665588379,0.6600000262260437,0.6412928700447083,0.01870715618133545,0.41999998688697815,0.3786468505859375,0.04135313630104065,1.2799999713897705,1.1968127489089966,0.08318722248077393,0.23999999463558197,0.24394240975379944,0.003942415118217468
4bb451a569de3df5,gemver-medium,gemver-medium,lv2:__PARA__L0-1.__PARA__L1-1.__PARA__L2-1.__PARA__L3-1.__PARA__L4-1.__PARA__L5-8.__PARA__L6-20.__PIPE__L0-off.__PIPE__L1-off.__PIPE__L3-off.__TILE__L0-1.__TILE__L1-1.__TILE__L3-1,target,query,query,finetune_dataset,data_623.pt,388411.0,graphgps_lite,1,50,paper_exact_seed1,2.3431360721588135,2.2744455337524414,0.06869053840637207,0.05000000074505806,0.02692990005016327,0.02307010069489479,0.019999999552965164,0.012605935335159302,0.007394064217805862,0.009999999776482582,-0.03889976441860199,0.04889976233243942,0.05999999865889549,0.24694488942623138,0.1869448870420456
d9662c3dbf1efeed,gemver-medium,gemver-medium,lv2:__PARA__L0-1.__PARA__L1-1.__PARA__L2-1.__PARA__L3-1.__PARA__L4-1.__PARA__L5-2.__PARA__L6-25.__PIPE__L0-flatten.__PIPE__L1-off.__PIPE__L3-NA.__TILE__L0-1.__TILE__L1-1.__TILE__L3-1,target,query,query,finetune_dataset,data_527.pt,497391.0,graphgps_lite,1,50,paper_exact_seed1,2.1647379398345947,1.957998514175415,0.2067394256591797,0.699999988079071,0.7035963535308838,0.003596365451812744,0.4399999976158142,0.43873006105422974,0.0012699365615844727,1.2999999523162842,1.250604510307312,0.04939544200897217,0.23999999463558197,0.3138197660446167,0.07381977140903473
6498f25beb6ad580,gemver-medium,gemver-medium,lv2:__PARA__L0-1.__PARA__L1-1.__PARA__L2-1.__PARA__L3-1.__PARA__L4-1.__PARA__L5-5.__PARA__L6-25.__PIPE__L0-off.__PIPE__L1-off.__PIPE__L3-NA.__TILE__L0-1.__TILE__L1-1.__TILE__L3-1,target,query,query,finetune_dataset,data_602.pt,429379.0,graphgps_lite,1,50,paper_exact_seed1,2.2708022594451904,2.1756656169891357,0.09513664245605469,0.07999999821186066,0.04088924825191498,0.03911074995994568,0.029999999329447746,0.009264364838600159,0.020735634490847588,0.019999999552965164,-0.030936509370803833,0.050936508923769,0.05999999865889549,0.28964731097221375,0.22964730858802795
a55d7e185e11adb8,gemver-medium,gemver-medium,lv2:__PARA__L0-1.__PARA__L1-1.__PARA__L2-1.__PARA__L3-1.__PARA__L4-1.__PARA__L5-1.__PARA__L6-16.__PIPE__L0-flatten.__PIPE__L1-off.__PIPE__L3-off.__TILE__L0-1.__TILE__L1-1.__TILE__L3-1,target,query,query,finetune_dataset,data_442.pt,919503.0,graphgps_lite,1,50,paper_exact_seed1,1.7215009927749634,1.5860750675201416,0.13542592525482178,0.6600000262260437,0.6926325559616089,0.032632529735565186,0.41999998688697815,0.43438178300857544,0.01438179612159729,1.2799999713897705,1.2351878881454468,0.04481208324432373,0.23999999463558197,0.2553563714027405,0.015356376767158508
a7c68a7cb4043184,gemver-medium,gemver-medium,lv2:__PARA__L0-1.__PARA__L1-1.__PARA__L2-1.__PARA__L3-1.__PARA__L4-1.__PARA__L5-2.__PARA__L6-5.__PIPE__L0-off.__PIPE__L1-off.__PIPE__L3-NA.__TILE__L0-1.__TILE__L1-1.__TILE__L3-1,target,query,query,finetune_dataset,data_541.pt,794469.0,graphgps_lite,1,50,paper_exact_seed1,1.826932668685913,1.685620665550232,0.14131200313568115,0.029999999329447746,0.06953535228967667,0.03953535109758377,0.009999999776482582,0.025908902287483215,0.015908902511000633,0.0,0.04814952611923218,0.04814952611923218,0.11999999731779099,0.17277076840400696,0.05277077108621597
32d58a29b225edc8,gemver-medium,gemver-medium,lv2:__PARA__L0-1.__PARA__L1-1.__PARA__L2-1.__PARA__L3-1.__PARA__L4-1.__PARA__L5-4.__PARA__L6-1.__PIPE__L0-flatten.__PIPE__L1-off.__PIPE__L3-flatten.__TILE__L0-1.__TILE__L1-1.__TILE__L3-1,target,query,query,finetune_dataset,data_549.pt,258829.0,graphgps_lite,1,50,paper_exact_seed1,2.6359283924102783,2.151134729385376,0.48479366302490234,0.8299999833106995,0.8192221522331238,0.010777831077575684,0.5400000214576721,0.5476729273796082,0.007672905921936035,1.2799999713897705,1.43459951877594,0.15459954738616943,0.4300000071525574,0.4259747862815857,0.00402522087097168
13d51c60d3db7723,gemver-medium,gemver-medium,lv2:__PARA__L0-1.__PARA__L1-1.__PARA__L2-1.__PARA__L3-1.__PARA__L4-1.__PARA__L5-4.__PARA__L6-10.__PIPE__L0-off.__PIPE__L1-off.__PIPE__L3-off.__TILE__L0-1.__TILE__L1-1.__TILE__L3-1,target,query,query,finetune_dataset,data_557.pt,523213.0,graphgps_lite,1,50,paper_exact_seed1,2.1282289028167725,2.068976402282715,0.05925250053405762,0.029999999329447746,0.02933688461780548,0.0006631147116422653,0.009999999776482582,0.00789053738117218,0.002109462395310402,0.0,-0.058757200837135315,0.058757200837135315,0.18000000715255737,0.2417302429676056,0.06173023581504822
89ce2637f250dbdc,gemver-medium,gemver-medium,lv2:__PARA__L0-1.__PARA__L1-1.__PARA__L2-1.__PARA__L3-1.__PARA__L4-1.__PARA__L5-2.__PARA__L6-16.__PIPE__L0-off.__PIPE__L1-off.__PIPE__L3-NA.__TILE__L0-1.__TILE__L1-1.__TILE__L3-1,target,query,query,finetune_dataset,data_517.pt,683117.0,graphgps_lite,1,50,paper_exact_seed1,1.9358617067337036,1.7527987957000732,0.18306291103363037,0.03999999910593033,0.0914933905005455,0.05149339139461517,0.019999999552965164,0.025578424334526062,0.005578424781560898,0.009999999776482582,0.06338638067245483,0.0533863827586174,0.11999999731779099,0.17918804287910461,0.05918804556131363
53ac0caa0da746c6,gemver-medium,gemver-medium,lv2:__PARA__L0-1.__PARA__L1-1.__PARA__L2-1.__PARA__L3-1.__PARA__L4-1.__PARA__L5-4.__PARA__L6-25.__PIPE__L0-flatten.__PIPE__L1-off.__PIPE__L3-NA.__TILE__L0-1.__TILE__L1-1.__TILE__L3-1,target,query,query,finetune_dataset,data_570.pt,299789.0,graphgps_lite,1,50,paper_exact_seed1,2.529954433441162,2.4235644340515137,0.10638999938964844,0.7599999904632568,0.7473027110099792,0.012697279453277588,0.46000000834465027,0.4801894426345825,0.02018943428993225,1.2999999523162842,1.4008175134658813,0.10081756114959717,0.4300000071525574,0.46991121768951416,0.03991121053695679
39d92e60a19b8911,gemver-medium,gemver-medium,lv2:__PARA__L0-1.__PARA__L1-1.__PARA__L2-1.__PARA__L3-1.__PARA__L4-1.__PARA__L5-5.__PARA__L6-2.__PIPE__L0-off.__PIPE__L1-off.__PIPE__L3-NA.__TILE__L0-1.__TILE__L1-1.__TILE__L3-1,target,query,query,finetune_dataset,data_598.pt,798416.0,graphgps_lite,1,50,paper_exact_seed1,1.8233578205108643,1.7193753719329834,0.10398244857788086,0.029999999329447746,0.01297806203365326,0.017021937295794487,0.009999999776482582,-0.002209603786468506,0.012209603562951088,0.0,-0.05627645552158356,0.05627645552158356,0.30000001192092896,0.23726418614387512,0.06273582577705383
e9a82eaf33fbe0e6,gemver-medium,gemver-medium,lv2:__PARA__L0-1.__PARA__L1-1.__PARA__L2-1.__PARA__L3-1.__PARA__L4-1.__PARA__L5-1.__PARA__L6-2.__PIPE__L0-off.__PIPE__L1-off.__PIPE__L3-NA.__TILE__L0-1.__TILE__L1-1.__TILE__L3-1,target,query,query,finetune_dataset,data_449.pt,1430062.0,graphgps_lite,1,50,paper_exact_seed1,1.4029252529144287,1.471663236618042,0.06873798370361328,0.029999999329447746,-0.026086896657943726,0.05608689785003662,0.009999999776482582,0.007706299424171448,0.0022937003523111343,0.0,-0.02214670181274414,0.02214670181274414,0.11999999731779099,0.11918668448925018,0.000813312828540802
7b44bab8e9ce85c5,gemver-medium,gemver-medium,lv2:__PARA__L0-1.__PARA__L1-1.__PARA__L2-1.__PARA__L3-1.__PARA__L4-2.__PARA__L5-1.__PARA__L6-64.__PIPE__L0-off.__PIPE__L1-flatten.__PIPE__L3-off.__TILE__L0-1.__TILE__L1-1.__TILE__L3-8,target,query,query,finetune_dataset,data_647.pt,210348.0,graphgps_lite,1,50,paper_exact_seed1,2.785539150238037,2.6744213104248047,0.11111783981323242,0.6499999761581421,0.6129156947135925,0.03708428144454956,0.33000001311302185,0.35563355684280396,0.025633543729782104,0.6800000071525574,0.7190768122673035,0.039076805114746094,0.36000001430511475,0.36176925897598267,0.00176924467086792
7431bdb2627f50c0,gemver-medium,gemver-medium,lv2:__PARA__L0-1.__PARA__L1-1.__PARA__L2-1.__PARA__L3-1.__PARA__L4-2.__PARA__L5-1.__PARA__L6-1.__PIPE__L0-off.__PIPE__L1-flatten.__PIPE__L3-NA.__TILE__L0-1.__TILE__L1-1.__TILE__L3-8,target,query,query,finetune_dataset,data_635.pt,1011542.0,graphgps_lite,1,50,paper_exact_seed1,1.6526858806610107,1.7025198936462402,0.04983401298522949,0.6200000047683716,0.6561094522476196,0.03610944747924805,0.3100000023841858,0.39756059646606445,0.08756059408187866,0.6399999856948853,0.9819713234901428,0.34197133779525757,0.18000000715255737,0.2375286966562271,0.05752868950366974
cdcc51c6c395351b,gemver-medium,gemver-medium,lv2:__PARA__L0-1.__PARA__L1-1.__PARA__L2-1.__PARA__L3-1.__PARA__L4-1.__PARA__L5-2.__PARA__L6-32.__PIPE__L0-flatten.__PIPE__L1-off.__PIPE__L3-off.__TILE__L0-1.__TILE__L1-1.__TILE__L3-1,target,query,query,finetune_dataset,data_531.pt,539573.0,graphgps_lite,1,50,paper_exact_seed1,2.1060190200805664,1.9118925333023071,0.19412648677825928,0.6800000071525574,0.644599437713623,0.035400569438934326,0.4300000071525574,0.3799442648887634,0.050055742263793945,1.2799999713897705,1.2085275650024414,0.0714724063873291,0.23999999463558197,0.28819847106933594,0.04819847643375397
ad4900e68c105b97,gemver-medium,gemver-medium,lv2:__PARA__L0-1.__PARA__L1-1.__PARA__L2-1.__PARA__L3-1.__PARA__L4-1.__PARA__L5-4.__PARA__L6-1.__PIPE__L0-off.__PIPE__L1-off.__PIPE__L3-off.__TILE__L0-1.__TILE__L1-1.__TILE__L3-1,target,query,query,finetune_dataset,data_553.pt,1233213.0,graphgps_lite,1,50,paper_exact_seed1,1.5097529888153076,1.5484883785247803,0.038735389709472656,0.029999999329447746,-0.003386750817298889,0.033386752009391785,0.009999999776482582,-0.008360445499420166,0.018360445275902748,0.0,-0.015672311186790466,0.015672311186790466,0.18000000715255737,0.22161827981472015,0.04161827266216278
aaa173e09b080b95,gemver-medium,gemver-medium,lv2:__PARA__L0-1.__PARA__L1-1.__PARA__L2-1.__PARA__L3-1.__PARA__L4-1.__PARA__L5-4.__PARA__L6-20.__PIPE__L0-off.__PIPE__L1-off.__PIPE__L3-NA.__TILE__L0-1.__TILE__L1-1.__TILE__L3-1,target,query,query,finetune_dataset,data_568.pt,476669.0,graphgps_lite,1,50,paper_exact_seed1,2.195434093475342,2.1196746826171875,0.0757594108581543,0.05999999865889549,0.04359199106693268,0.016408007591962814,0.019999999552965164,0.010267272591590881,0.009732726961374283,0.009999999776482582,-0.027378827333450317,0.03737882524728775,0.28999999165534973,0.27513664960861206,0.014863342046737671
050828280a5cdd83,gemver-medium,gemver-medium,lv2:__PARA__L0-1.__PARA__L1-1.__PARA__L2-1.__PARA__L3-1.__PARA__L4-1.__PARA__L5-2.__PARA__L6-4.__PIPE__L0-off.__PIPE__L1-off.__PIPE__L3-NA.__TILE__L0-1.__TILE__L1-1.__TILE__L3-1,target,query,query,finetune_dataset,data_535.pt,833867.0,graphgps_lite,1,50,paper_exact_seed1,1.7920194864273071,1.6849613189697266,0.10705816745758057,0.029999999329447746,0.05353932082653046,0.02353932149708271,0.009999999776482582,0.022291943430900574,0.012291943654417992,0.0,0.029667988419532776,0.029667988419532776,0.11999999731779099,0.17934943735599518,0.05934944003820419
0a7815b4a5090fb0,gemver-medium,gemver-medium,lv2:__PARA__L0-1.__PARA__L1-1.__PARA__L2-1.__PARA__L3-1.__PARA__L4-1.__PARA__L5-5.__PARA__L6-4.__PIPE__L0-off.__PIPE__L1-off.__PIPE__L3-NA.__TILE__L0-1.__TILE__L1-1.__TILE__L3-1,target,query,query,finetune_dataset,data_605.pt,598220.0,graphgps_lite,1,50,paper_exact_seed1,2.031589984893799,2.0567972660064697,0.0252072811126709,0.029999999329447746,0.03701108694076538,0.007011087611317635,0.009999999776482582,0.00379335880279541,0.006206640973687172,0.0,-0.03197619318962097,0.03197619318962097,0.30000001192092896,0.26950013637542725,0.03049987554550171
32dfa05f97e3183b,gemver-medium,gemver-medium,lv2:__PARA__L0-1.__PARA__L1-1.__PARA__L2-1.__PARA__L3-1.__PARA__L4-1.__PARA__L5-5.__PARA__L6-32.__PIPE__L0-off.__PIPE__L1-off.__PIPE__L3-off.__TILE__L0-1.__TILE__L1-1.__TILE__L3-1,target,query,query,finetune_dataset,data_604.pt,471563.0,graphgps_lite,1,50,paper_exact_seed1,2.203202724456787,2.1500468254089355,0.05315589904785156,0.05000000074505806,0.05454148352146149,0.004541482776403427,0.019999999552965164,0.015595629811286926,0.004404369741678238,0.019999999552965164,-0.028180256485939026,0.04818025603890419,0.05999999865889549,0.2725386917591095,0.2125386893749237
7fd996d84f497a6b,gemver-medium,gemver-medium,lv2:__PARA__L0-1.__PARA__L1-1.__PARA__L2-1.__PARA__L3-1.__PARA__L4-1.__PARA__L5-4.__PARA__L6-5.__PIPE__L0-flatten.__PIPE__L1-off.__PIPE__L3-NA.__TILE__L0-1.__TILE__L1-1.__TILE__L3-1,target,query,query,finetune_dataset,data_582.pt,428429.0,graphgps_lite,1,50,paper_exact_seed1,2.272400140762329,2.267151355743408,0.0052487850189208984,0.7400000095367432,0.6742666363716125,0.06573337316513062,0.44999998807907104,0.4208548069000244,0.02914518117904663,1.2799999713897705,1.2543221712112427,0.025677800178527832,0.4300000071525574,0.43303096294403076,0.0030309557914733887
8a3e5c2f14c9d9e7,gemver-medium,gemver-medium,lv2:__PARA__L0-1.__PARA__L1-1.__PARA__L2-1.__PARA__L3-1.__PARA__L4-1.__PARA__L5-1.__PARA__L6-5.__PIPE__L0-off.__PIPE__L1-off.__PIPE__L3-off.__TILE__L0-1.__TILE__L1-1.__TILE__L3-1,target,query,query,finetune_dataset,data_477.pt,1194012.0,graphgps_lite,1,50,paper_exact_seed1,1.5330554246902466,1.6532161235809326,0.12016069889068604,0.019999999552965164,-0.027350887656211853,0.04735088720917702,0.009999999776482582,0.007263094186782837,0.002736905589699745,0.0,-0.11168502271175385,0.11168502271175385,0.11999999731779099,0.13569128513336182,0.01569128781557083
4275cd2136d7ac8c,gemver-medium,gemver-medium,lv2:__PARA__L0-1.__PARA__L1-1.__PARA__L2-1.__PARA__L3-1.__PARA__L4-1.__PARA__L5-2.__PARA__L6-25.__PIPE__L0-off.__PIPE__L1-off.__PIPE__L3-off.__TILE__L0-1.__TILE__L1-1.__TILE__L3-1,target,query,query,finetune_dataset,data_530.pt,674013.0,graphgps_lite,1,50,paper_exact_seed1,1.9455398321151733,1.7046806812286377,0.24085915088653564,0.03999999910593033,0.05618232488632202,0.016182325780391693,0.019999999552965164,0.029631465673446655,0.009631466120481491,0.009999999776482582,0.014376223087310791,0.004376223310828209,0.18000000715255737,0.16316133737564087,0.016838669776916504
243cd02cdb26e76f,gemver-medium,gemver-medium,lv2:__PARA__L0-1.__PARA__L1-1.__PARA__L2-1.__PARA__L3-1.__PARA__L4-1.__PARA__L5-8.__PARA__L6-400.__PIPE__L0-off.__PIPE__L1-off.__PIPE__L3-off.__TILE__L0-1.__TILE__L1-1.__TILE__L3-1,target,query,query,finetune_dataset,data_629.pt,345652.0,graphgps_lite,1,50,paper_exact_seed1,2.4272680282592773,2.4789390563964844,0.05167102813720703,0.3199999928474426,0.1720077395439148,0.14799225330352783,0.10999999940395355,0.16840860247612,0.05840860307216644,0.019999999552965164,0.26914697885513306,0.2491469830274582,0.800000011920929,0.35967469215393066,0.4403253197669983
fd885963701ec907,gemver-medium,gemver-medium,lv2:__PARA__L0-1.__PARA__L1-1.__PARA__L2-1.__PARA__L3-1.__PARA__L4-1.__PARA__L5-1.__PARA__L6-2.__PIPE__L0-flatten.__PIPE__L1-off.__PIPE__L3-NA.__TILE__L0-1.__TILE__L1-1.__TILE__L3-1,target,query,query,finetune_dataset,data_446.pt,1264769.0,graphgps_lite,1,50,paper_exact_seed1,1.4915270805358887,1.3825898170471191,0.10893726348876953,0.6700000166893005,0.6400386691093445,0.029961347579956055,0.41999998688697815,0.38567787408828735,0.034322112798690796,1.2799999713897705,1.1813008785247803,0.09869909286499023,0.23999999463558197,0.2660439610481262,0.02604396641254425
f0b85143c160e227,gemver-medium,gemver-medium,lv2:__PARA__L0-1.__PARA__L1-1.__PARA__L2-1.__PARA__L3-1.__PARA__L4-1.__PARA__L5-2.__PARA__L6-64.__PIPE__L0-off.__PIPE__L1-off.__PIPE__L3-off.__TILE__L0-1.__TILE__L1-1.__TILE__L3-1,target,query,query,finetune_dataset,data_544.pt,698013.0,graphgps_lite,1,50,paper_exact_seed1,1.9203011989593506,1.7637875080108643,0.15651369094848633,0.05999999865889549,0.05836011469364166,0.00163988396525383,0.029999999329447746,0.054760947823524475,0.02476094849407673,0.03999999910593033,0.056322820484638214,0.016322821378707886,0.28999999165534973,0.24321885406970978,0.046781137585639954
afabf0cf6a7b8365,gemver-medium,gemver-medium,lv2:__PARA__L0-1.__PARA__L1-1.__PARA__L2-1.__PARA__L3-1.__PARA__L4-1.__PARA__L5-5.__PARA__L6-4.__PIPE__L0-off.__PIPE__L1-off.__PIPE__L3-off.__TILE__L0-1.__TILE__L1-1.__TILE__L3-1,target,query,query,finetune_dataset,data_606.pt,601964.0,graphgps_lite,1,50,paper_exact_seed1,2.0270895957946777,2.0803542137145996,0.053264617919921875,0.029999999329447746,0.016757622361183167,0.01324237696826458,0.009999999776482582,-0.003666430711746216,0.013666430488228798,0.0,-0.059556081891059875,0.059556081891059875,0.30000001192092896,0.26108846068382263,0.03891155123710632
9b6ded63e303dd42,gemver-medium,gemver-medium,lv2:__PARA__L0-1.__PARA__L1-1.__PARA__L2-1.__PARA__L3-1.__PARA__L4-1.__PARA__L5-4.__PARA__L6-10.__PIPE__L0-off.__PIPE__L1-off.__PIPE__L3-NA.__TILE__L0-1.__TILE__L1-1.__TILE__L3-1,target,query,query,finetune_dataset,data_556.pt,516869.0,graphgps_lite,1,50,paper_exact_seed1,2.137028694152832,2.1177966594696045,0.01923203468322754,0.03999999910593033,0.04336300492286682,0.003363005816936493,0.019999999552965164,0.009939327836036682,0.010060671716928482,0.009999999776482582,-0.02815563976764679,0.03815563768148422,0.18000000715255737,0.2746105194091797,0.09461051225662231
d01425f50d6673bc,gemver-medium,gemver-medium,lv2:__PARA__L0-1.__PARA__L1-1.__PARA__L2-1.__PARA__L3-1.__PARA__L4-1.__PARA__L5-4.__PARA__L6-4.__PIPE__L0-off.__PIPE__L1-off.__PIPE__L3-off.__TILE__L0-1.__TILE__L1-1.__TILE__L3-1,target,query,query,finetune_dataset,data_579.pt,640413.0,graphgps_lite,1,50,paper_exact_seed1,1.9824267625808716,2.0287699699401855,0.046343207359313965,0.029999999329447746,0.014225214719772339,0.015774784609675407,0.009999999776482582,-0.003325849771499634,0.013325849547982216,0.0,-0.053630515933036804,0.053630515933036804,0.18000000715255737,0.2487260103225708,0.06872600317001343
c4c3345a7057f3e3,gemver-medium,gemver-medium,lv2:__PARA__L0-1.__PARA__L1-1.__PARA__L2-1.__PARA__L3-1.__PARA__L4-1.__PARA__L5-4.__PARA__L6-5.__PIPE__L0-off.__PIPE__L1-off.__PIPE__L3-off.__TILE__L0-1.__TILE__L1-1.__TILE__L3-1,target,query,query,finetune_dataset,data_585.pt,601213.0,graphgps_lite,1,50,paper_exact_seed1,2.0279901027679443,2.0638818740844727,0.03589177131652832,0.029999999329447746,0.019296586513519287,0.01070341281592846,0.009999999776482582,-0.00035144388675689697,0.010351443663239479,0.0,-0.054817721247673035,0.054817721247673035,0.18000000715255737,0.25076958537101746,0.07076957821846008
137df9385324e331,gemver-medium,gemver-medium,lv2:__PARA__L0-1.__PARA__L1-1.__PARA__L2-1.__PARA__L3-1.__PARA__L4-1.__PARA__L5-2.__PARA__L6-1.__PIPE__L0-flatten.__PIPE__L1-off.__PIPE__L3-flatten.__TILE__L0-1.__TILE__L1-1.__TILE__L3-1,target,query,query,finetune_dataset,data_506.pt,456029.0,graphgps_lite,1,50,paper_exact_seed1,2.227365255355835,1.8856210708618164,0.34174418449401855,0.7099999785423279,0.7759367823600769,0.06593680381774902,0.4699999988079071,0.5111636519432068,0.04116365313529968,1.2799999713897705,1.2936068773269653,0.013606905937194824,0.23999999463558197,0.3077697455883026,0.06776975095272064
7f3a6a68a52a7805,gemver-medium,gemver-medium,lv2:__PARA__L0-1.__PARA__L1-1.__PARA__L2-1.__PARA__L3-1.__PARA__L4-1.__PARA__L5-10.__PARA__L6-16.__PIPE__L0-off.__PIPE__L1-off.__PIPE__L3-off.__TILE__L0-1.__TILE__L1-1.__TILE__L3-1,target,query,query,finetune_dataset,data_491.pt,377761.0,graphgps_lite,1,50,paper_exact_seed1,2.3631911277770996,2.302189826965332,0.06100130081176758,0.03999999910593033,0.05306965112686157,0.013069652020931244,0.019999999552965164,0.023056432604789734,0.0030564330518245697,0.009999999776482582,-0.0359262079000473,0.045926205813884735,0.05000000074505806,0.25288525223731995,0.20288525521755219
5f6a5ea1f48bc17a,gemver-medium,gemver-medium,lv2:__PARA__L0-1.__PARA__L1-1.__PARA__L2-1.__PARA__L3-1.__PARA__L4-1.__PARA__L5-1.__PARA__L6-8.__PIPE__L0-off.__PIPE__L1-off.__PIPE__L3-NA.__TILE__L0-1.__TILE__L1-1.__TILE__L3-1,target,query,query,finetune_dataset,data_485.pt,1129366.0,graphgps_lite,1,50,paper_exact_seed1,1.5732074975967407,1.5865062475204468,0.013298749923706055,0.029999999329447746,-0.008310630917549133,0.03831063210964203,0.009999999776482582,0.012083768844604492,0.00208376906812191,0.009999999776482582,-0.042165786027908325,0.05216578394174576,0.11999999731779099,0.12076042592525482,0.0007604286074638367
d9117322aab4f7c2,gemver-medium,gemver-medium,lv2:__PARA__L0-1.__PARA__L1-1.__PARA__L2-1.__PARA__L3-1.__PARA__L4-1.__PARA__L5-1.__PARA__L6-16.__PIPE__L0-off.__PIPE__L1-flatten.__PIPE__L3-off.__TILE__L0-1.__TILE__L1-1.__TILE__L3-8,target,query,query,finetune_dataset,data_443.pt,319965.0,graphgps_lite,1,50,paper_exact_seed1,2.482970952987671,2.4260106086730957,0.056960344314575195,0.6200000047683716,0.5285688638687134,0.0914311408996582,0.3100000023841858,0.2454618513584137,0.0645381510257721,0.6399999856948853,0.6310480237007141,0.008951961994171143,0.23999999463558197,0.23299889266490936,0.007001101970672607
088c49f7f49c80eb,gemver-medium,gemver-medium,lv2:__PARA__L0-1.__PARA__L1-1.__PARA__L2-1.__PARA__L3-1.__PARA__L4-1.__PARA__L5-1.__PARA__L6-10.__PIPE__L0-flatten.__PIPE__L1-off.__PIPE__L3-NA.__TILE__L0-1.__TILE__L1-1.__TILE__L3-1,target,query,query,finetune_dataset,data_436.pt,941561.0,graphgps_lite,1,50,paper_exact_seed1,1.7044007778167725,1.5949244499206543,0.10947632789611816,0.6700000166893005,0.7118365168571472,0.04183650016784668,0.4300000071525574,0.4517558515071869,0.021755844354629517,1.2899999618530273,1.2571407556533813,0.032859206199645996,0.23999999463558197,0.263319730758667,0.023319736123085022
46beeb5ba9e62c65,gemver-medium,gemver-medium,lv2:__PARA__L0-1.__PARA__L1-1.__PARA__L2-1.__PARA__L3-1.__PARA__L4-1.__PARA__L5-4.__PARA__L6-20.__PIPE__L0-flatten.__PIPE__L1-off.__PIPE__L3-off.__TILE__L0-1.__TILE__L1-1.__TILE__L3-1,target,query,query,finetune_dataset,data_567.pt,316373.0,graphgps_lite,1,50,paper_exact_seed1,2.491114854812622,2.4177703857421875,0.07334446907043457,0.7400000095367432,0.7233344912528992,0.016665518283843994,0.44999998807907104,0.46016746759414673,0.010167479515075684,1.2799999713897705,1.3683940172195435,0.08839404582977295,0.4300000071525574,0.44859403371810913,0.018594026565551758
9437db7693f1d995,gemver-medium,gemver-medium,lv2:__PARA__L0-1.__PARA__L1-1.__PARA__L2-1.__PARA__L3-1.__PARA__L4-2.__PARA__L5-1.__PARA__L6-10.__PIPE__L0-off.__PIPE__L1-flatten.__PIPE__L3-off.__TILE__L0-1.__TILE__L1-1.__TILE__L3-8,target,query,query,finetune_dataset,data_637.pt,281535.0,graphgps_lite,1,50,paper_exact_seed1,2.575270891189575,2.3322386741638184,0.24303221702575684,0.6100000143051147,0.5183594822883606,0.09164053201675415,0.3100000023841858,0.22844073176383972,0.08155927062034607,0.6399999856948853,0.5597949028015137,0.08020508289337158,0.1899999976158142,0.2547881603240967,0.06478816270828247
fa1f42ea1d8a699a,gemver-medium,gemver-medium,lv2:__PARA__L0-1.__PARA__L1-1.__PARA__L2-1.__PARA__L3-1.__PARA__L4-1.__PARA__L5-10.__PARA__L6-4.__PIPE__L0-off.__PIPE__L1-off.__PIPE__L3-NA.__TILE__L0-1.__TILE__L1-1.__TILE__L3-1,target,query,query,finetune_dataset,data_499.pt,520017.0,graphgps_lite,1,50,paper_exact_seed1,2.1326487064361572,2.1426382064819336,0.009989500045776367,0.03999999910593033,0.052618399262428284,0.012618400156497955,0.009999999776482582,0.017270997166633606,0.007270997390151024,0.009999999776482582,-0.025975167751312256,0.03597516566514969,0.05000000074505806,0.24983534216880798,0.19983534514904022
500bee300eb14559,gemver-medium,gemver-medium,lv2:__PARA__L0-1.__PARA__L1-1.__PARA__L2-1.__PARA__L3-1.__PARA__L4-1.__PARA__L5-5.__PARA__L6-2.__PIPE__L0-off.__PIPE__L1-off.__PIPE__L3-off.__TILE__L0-1.__TILE__L1-1.__TILE__L3-1,target,query,query,finetune_dataset,data_599.pt,799164.0,graphgps_lite,1,50,paper_exact_seed1,1.82268226146698,1.7288763523101807,0.09380590915679932,0.029999999329447746,0.0034485608339309692,0.026551438495516777,0.009999999776482582,-0.0073135048151016235,0.017313504591584206,0.0,-0.05573098361492157,0.05573098361492157,0.30000001192092896,0.23581013083457947,0.06418988108634949
2cbb07715c8233d5,gemver-medium,gemver-medium,lv2:__PARA__L0-1.__PARA__L1-1.__PARA__L2-1.__PARA__L3-1.__PARA__L4-1.__PARA__L5-5.__PARA__L6-10.__PIPE__L0-off.__PIPE__L1-off.__PIPE__L3-off.__TILE__L0-1.__TILE__L1-1.__TILE__L3-1,target,query,query,finetune_dataset,data_595.pt,484364.0,graphgps_lite,1,50,paper_exact_seed1,2.183882236480713,2.136727809906006,0.04715442657470703,0.029999999329447746,0.030369028449058533,0.00036902911961078644,0.009999999776482582,0.007370561361312866,0.002629438415169716,0.0,-0.06721271574497223,0.06721271574497223,0.30000001192092896,0.2583196461200714,0.041680365800857544
15a680d728ab4220,gemver-medium,gemver-medium,lv2:__PARA__L0-1.__PARA__L1-1.__PARA__L2-1.__PARA__L3-1.__PARA__L4-1.__PARA__L5-2.__PARA__L6-20.__PIPE__L0-flatten.__PIPE__L1-off.__PIPE__L3-off.__TILE__L0-1.__TILE__L1-1.__TILE__L3-1,target,query,query,finetune_dataset,data_524.pt,513973.0,graphgps_lite,1,50,paper_exact_seed1,2.1410818099975586,1.9375555515289307,0.20352625846862793,0.6800000071525574,0.6848979592323303,0.004897952079772949,0.41999998688697815,0.4233923554420471,0.0033923685550689697,1.2799999713897705,1.2338924407958984,0.04610753059387207,0.23999999463558197,0.30412226915359497,0.064122274518013
38b5571df4d34783,gemver-medium,gemver-medium,lv2:__PARA__L0-1.__PARA__L1-1.__PARA__L2-1.__PARA__L3-1.__PARA__L4-1.__PARA__L5-2.__PARA__L6-4.__PIPE__L0-flatten.__PIPE__L1-off.__PIPE__L3-off.__TILE__L0-1.__TILE__L1-1.__TILE__L3-1,target,query,query,finetune_dataset,data_534.pt,669973.0,graphgps_lite,1,50,paper_exact_seed1,1.9498766660690308,1.8591783046722412,0.09069836139678955,0.6700000166893005,0.6241588592529297,0.04584115743637085,0.41999998688697815,0.37192708253860474,0.04807290434837341,1.2799999713897705,1.141507625579834,0.13849234580993652,0.23999999463558197,0.3420069217681885,0.1020069271326065
9bd5be897febc88c,gemver-medium,gemver-medium,lv2:__PARA__L0-1.__PARA__L1-1.__PARA__L2-1.__PARA__L3-1.__PARA__L4-1.__PARA__L5-4.__PARA__L6-2.__PIPE__L0-off.__PIPE__L1-off.__PIPE__L3-off.__TILE__L0-1.__TILE__L1-1.__TILE__L3-1,target,query,query,finetune_dataset,data_565.pt,837213.0,graphgps_lite,1,50,paper_exact_seed1,1.789130687713623,1.64774751663208,0.14138317108154297,0.029999999329447746,0.0009837299585342407,0.029016269370913506,0.009999999776482582,-0.006781265139579773,0.016781264916062355,0.0,-0.052341535687446594,0.052341535687446594,0.18000000715255737,0.22037893533706665,0.04037892818450928
5b9287120925f2a0,gemver-medium,gemver-medium,lv2:__PARA__L0-1.__PARA__L1-1.__PARA__L2-1.__PARA__L3-1.__PARA__L4-1.__PARA__L5-4.__PARA__L6-8.__PIPE__L0-off.__PIPE__L1-off.__PIPE__L3-off.__TILE__L0-1.__TILE__L1-1.__TILE__L3-1,target,query,query,finetune_dataset,data_591.pt,543213.0,graphgps_lite,1,50,paper_exact_seed1,2.1011691093444824,2.0656538009643555,0.03551530838012695,0.029999999329447746,0.03125889599323273,0.0012588966637849808,0.009999999776482582,0.00883515179157257,0.0011648479849100113,0.0,-0.05247953534126282,0.05247953534126282,0.18000000715255737,0.24458414316177368,0.06458413600921631
0f367971ed04498a,gemver-medium,gemver-medium,lv2:__PARA__L0-1.__PARA__L1-1.__PARA__L2-1.__PARA__L3-1.__PARA__L4-1.__PARA__L5-8.__PARA__L6-10.__PIPE__L0-off.__PIPE__L1-off.__PIPE__L3-off.__TILE__L0-1.__TILE__L1-1.__TILE__L3-1,target,query,query,finetune_dataset,data_617.pt,427212.0,graphgps_lite,1,50,paper_exact_seed1,2.274451971054077,2.2592649459838867,0.01518702507019043,0.029999999329447746,0.023165807127952576,0.006834192201495171,0.009999999776482582,0.003028199076652527,0.006971800699830055,0.0,-0.06318749487400055,0.06318749487400055,0.28999999165534973,0.23702839016914368,0.052971601486206055
6f8fa15b227a2a9b,gemver-medium,gemver-medium,lv2:__PARA__L0-1.__PARA__L1-1.__PARA__L2-1.__PARA__L3-1.__PARA__L4-1.__PARA__L5-10.__PARA__L6-2.__PIPE__L0-off.__PIPE__L1-off.__PIPE__L3-off.__TILE__L0-1.__TILE__L1-1.__TILE__L3-1,target,query,query,finetune_dataset,data_493.pt,720961.0,graphgps_lite,1,50,paper_exact_seed1,1.8969675302505493,1.946427822113037,0.04946029186248779,0.03999999910593033,0.0249621719121933,0.01503782719373703,0.009999999776482582,-0.005623921751976013,0.015623921528458595,0.0,-0.03323577344417572,0.03323577344417572,0.05000000074505806,0.21962060034275055,0.1696206033229828
c29f58aa87f88211,gemver-medium,gemver-medium,lv2:__PARA__L0-1.__PARA__L1-1.__PARA__L2-1.__PARA__L3-1.__PARA__L4-1.__PARA__L5-1.__PARA__L6-16.__PIPE__L0-off.__PIPE__L1-off.__PIPE__L3-off.__TILE__L0-1.__TILE__L1-1.__TILE__L3-1,target,query,query,finetune_dataset,data_445.pt,1087212.0,graphgps_lite,1,50,paper_exact_seed1,1.6006474494934082,1.5947966575622559,0.005850791931152344,0.029999999329447746,-0.016040071845054626,0.04604007303714752,0.009999999776482582,0.016560956835746765,0.006560957059264183,0.009999999776482582,-0.046086668968200684,0.056086666882038116,0.11999999731779099,0.11510667949914932,0.004893317818641663
eb9d1af35d4c996c,gemver-medium,gemver-medium,lv2:__PARA__L0-1.__PARA__L1-1.__PARA__L2-1.__PARA__L3-1.__PARA__L4-1.__PARA__L5-1.__PARA__L6-4.__PIPE__L0-off.__PIPE__L1-off.__PIPE__L3-NA.__TILE__L0-1.__TILE__L1-1.__TILE__L3-1,target,query,query,finetune_dataset,data_468.pt,1229866.0,graphgps_lite,1,50,paper_exact_seed1,1.5117135047912598,1.566522240638733,0.054808735847473145,0.029999999329447746,-0.009363174438476562,0.03936317563056946,0.009999999776482582,0.014065191149711609,0.004065191373229027,0.0,-0.04883335530757904,0.04883335530757904,0.11999999731779099,0.13794121146202087,0.01794121414422989
073ea443eaa72b1a,gemver-medium,gemver-medium,lv2:__PARA__L0-1.__PARA__L1-1.__PARA__L2-1.__PARA__L3-1.__PARA__L4-1.__PARA__L5-1.__PARA__L6-5.__PIPE__L0-off.__PIPE__L1-flatten.__PIPE__L3-off.__TILE__L0-1.__TILE__L1-1.__TILE__L3-8,target,query,query,finetune_dataset,data_475.pt,465465.0,graphgps_lite,1,50,paper_exact_seed1,2.2125916481018066,2.279463768005371,0.06687211990356445,0.6100000143051147,0.6193748712539673,0.009374856948852539,0.3100000023841858,0.2986980676651001,0.011301934719085693,0.6399999856948853,0.8119198679924011,0.17191988229751587,0.1599999964237213,0.2578778564929962,0.0978778600692749
d840d88097461383,gemver-medium,gemver-medium,lv2:__PARA__L0-1.__PARA__L1-1.__PARA__L2-1.__PARA__L3-1.__PARA__L4-1.__PARA__L5-4.__PARA__L6-4.__PIPE__L0-off.__PIPE__L1-off.__PIPE__L3-NA.__TILE__L0-1.__TILE__L1-1.__TILE__L3-1,target,query,query,finetune_dataset,data_578.pt,636667.0,graphgps_lite,1,50,paper_exact_seed1,1.9866585731506348,1.988447666168213,0.001789093017578125,0.029999999329447746,0.039463773369789124,0.009463774040341377,0.009999999776482582,0.004244700074195862,0.00575529970228672,0.0,-0.024208292365074158,0.024208292365074158,0.18000000715255737,0.2568395137786865,0.07683950662612915
fb29053e523e2801,gemver-medium,gemver-medium,lv2:__PARA__L0-1.__PARA__L1-1.__PARA__L2-1.__PARA__L3-1.__PARA__L4-2.__PARA__L5-1.__PARA__L6-20.__PIPE__L0-off.__PIPE__L1-flatten.__PIPE__L3-off.__TILE__L0-1.__TILE__L1-1.__TILE__L3-8,target,query,query,finetune_dataset,data_640.pt,224535.0,graphgps_lite,1,50,paper_exact_seed1,2.7384579181671143,2.3748586177825928,0.3635993003845215,0.6200000047683716,0.5357277393341064,0.08427226543426514,0.3100000023841858,0.2501338720321655,0.059866130352020264,0.6399999856948853,0.6354713439941406,0.004528641700744629,0.25999999046325684,0.2513241469860077,0.008675843477249146
ebd95f41307d86ed,gemver-medium,gemver-medium,lv2:__PARA__L0-1.__PARA__L1-1.__PARA__L2-1.__PARA__L3-1.__PARA__L4-1.__PARA__L5-2.__PARA__L6-1.__PIPE__L0-flatten.__PIPE__L1-off.__PIPE__L3-off.__TILE__L0-1.__TILE__L1-1.__TILE__L3-1,target,query,query,finetune_dataset,data_507.pt,1261573.0,graphgps_lite,1,50,paper_exact_seed1,1.4933521747589111,1.4076539278030396,0.08569824695587158,0.6499999761581421,0.6661887168884277,0.016188740730285645,0.41999998688697815,0.3856595456600189,0.03434044122695923,1.2799999713897705,1.2136753797531128,0.06632459163665771,0.23999999463558197,0.3185189366340637,0.07851894199848175
34cdca838c32d328,gemver-medium,gemver-medium,lv2:__PARA__L0-1.__PARA__L1-1.__PARA__L2-1.__PARA__L3-1.__PARA__L4-1.__PARA__L5-10.__PARA__L6-4.__PIPE__L0-off.__PIPE__L1-off.__PIPE__L3-off.__TILE__L0-1.__TILE__L1-1.__TILE__L3-1,target,query,query,finetune_dataset,data_500.pt,523761.0,graphgps_lite,1,50,paper_exact_seed1,2.127473831176758,2.1874709129333496,0.0599970817565918,0.03999999910593033,0.03746052086353302,0.0025394782423973083,0.009999999776482582,0.005507364869117737,0.004492634907364845,0.0,-0.051587626338005066,0.051587626338005066,0.05000000074505806,0.24167834222316742,0.19167834520339966
2534d0e759e5071a,gemver-medium,gemver-medium,lv2:__PARA__L0-1.__PARA__L1-1.__PARA__L2-1.__PARA__L3-1.__PARA__L4-1.__PARA__L5-10.__PARA__L6-5.__PIPE__L0-off.__PIPE__L1-off.__PIPE__L3-NA.__TILE__L0-1.__TILE__L1-1.__TILE__L3-1,target,query,query,finetune_dataset,data_501.pt,479415.0,graphgps_lite,1,50,paper_exact_seed1,2.1912906169891357,2.1735610961914062,0.017729520797729492,0.03999999910593033,0.060215339064598083,0.020215339958667755,0.019999999552965164,0.022586077451705933,0.0025860778987407684,0.009999999776482582,-0.021046355366706848,0.03104635514318943,0.05000000074505806,0.2462558001279831,0.19625580310821533
fbfb7dd04c50fd12,gemver-medium,gemver-medium,lv2:__PARA__L0-1.__PARA__L1-1.__PARA__L2-1.__PARA__L3-1.__PARA__L4-1.__PARA__L5-4.__PARA__L6-4.__PIPE__L0-flatten.__PIPE__L1-off.__PIPE__L3-off.__TILE__L0-1.__TILE__L1-1.__TILE__L3-1,target,query,query,finetune_dataset,data_577.pt,471973.0,graphgps_lite,1,50,paper_exact_seed1,2.202575922012329,2.1782755851745605,0.024300336837768555,0.7300000190734863,0.6538017988204956,0.07619822025299072,0.4399999976158142,0.39900052547454834,0.04099947214126587,1.2799999713897705,1.2010177373886108,0.07898223400115967,0.4300000071525574,0.4542365074157715,0.02423650026321411
1173dc7929c37fc6,gemver-medium,gemver-medium,lv2:__PARA__L0-1.__PARA__L1-1.__PARA__L2-1.__PARA__L3-1.__PARA__L4-1.__PARA__L5-2.__PARA__L6-4.__PIPE__L0-flatten.__PIPE__L1-off.__PIPE__L3-NA.__TILE__L0-1.__TILE__L1-1.__TILE__L3-1,target,query,query,finetune_dataset,data_533.pt,666231.0,graphgps_lite,1,50,paper_exact_seed1,1.9539169073104858,1.807457447052002,0.1464594602584839,0.6800000071525574,0.632796585559845,0.0472034215927124,0.41999998688697815,0.38883185386657715,0.031168133020401,1.2799999713897705,1.1652700901031494,0.1147298812866211,0.23999999463558197,0.32685548067092896,0.08685548603534698
db822cddca8579a4,gemver-medium,gemver-medium,lv2:__PARA__L0-1.__PARA__L1-1.__PARA__L2-1.__PARA__L3-1.__PARA__L4-1.__PARA__L5-4.__PARA__L6-32.__PIPE__L0-flatten.__PIPE__L1-off.__PIPE__L3-off.__TILE__L0-1.__TILE__L1-1.__TILE__L3-1,target,query,query,finetune_dataset,data_574.pt,341573.0,graphgps_lite,1,50,paper_exact_seed1,2.435831069946289,2.3989992141723633,0.03683185577392578,0.7400000095367432,0.676952600479126,0.06304740905761719,0.44999998807907104,0.40938112139701843,0.04061886668205261,1.2799999713897705,1.2839521169662476,0.003952145576477051,0.4300000071525574,0.414828896522522,0.0151711106300354
1532672d0a5db819,gemver-medium,gemver-medium,lv2:__PARA__L0-1.__PARA__L1-1.__PARA__L2-1.__PARA__L3-1.__PARA__L4-1.__PARA__L5-2.__PARA__L6-4.__PIPE__L0-off.__PIPE__L1-off.__PIPE__L3-off.__TILE__L0-1.__TILE__L1-1.__TILE__L3-1,target,query,query,finetune_dataset,data_536.pt,837613.0,graphgps_lite,1,50,paper_exact_seed1,1.7887861728668213,1.7532109022140503,0.035575270652770996,0.019999999552965164,0.029480814933776855,0.009480815380811691,0.009999999776482582,0.015393048524856567,0.005393048748373985,0.0,-0.01101316511631012,0.01101316511631012,0.11999999731779099,0.1783783882856369,0.05837839096784592
16b1f6d7e45fe22d,gemver-medium,gemver-medium,lv2:__PARA__L0-1.__PARA__L1-1.__PARA__L2-1.__PARA__L3-1.__PARA__L4-1.__PARA__L5-2.__PARA__L6-10.__PIPE__L0-off.__PIPE__L1-off.__PIPE__L3-off.__TILE__L0-1.__TILE__L1-1.__TILE__L3-1,target,query,query,finetune_dataset,data_514.pt,720413.0,graphgps_lite,1,50,paper_exact_seed1,1.8975160121917725,1.7044129371643066,0.19310307502746582,0.029999999329447746,0.04783555865287781,0.01783555932343006,0.009999999776482582,0.02759459614753723,0.01759459637105465,0.0,-0.014485493302345276,0.014485493302345276,0.11999999731779099,0.15456411242485046,0.03456411510705948
c37f85f367c6ecf3,gemver-medium,gemver-medium,lv2:__PARA__L0-1.__PARA__L1-1.__PARA__L2-1.__PARA__L3-1.__PARA__L4-1.__PARA__L5-4.__PARA__L6-400.__PIPE__L0-off.__PIPE__L1-off.__PIPE__L3-off.__TILE__L0-1.__TILE__L1-1.__TILE__L3-1,target,query,query,finetune_dataset,data_581.pt,440058.0,graphgps_lite,1,50,paper_exact_seed1,2.2530813217163086,2.3220810890197754,0.0689997673034668,0.27000001072883606,0.2354830801486969,0.03451693058013916,0.20000000298023224,0.20153817534446716,0.0015381723642349243,0.4699999988079071,0.3434651494026184,0.1265348494052887,0.4300000071525574,0.3338230550289154,0.09617695212364197
c095eb4c2009d900,gemver-medium,gemver-medium,lv2:__PARA__L0-1.__PARA__L1-1.__PARA__L2-1.__PARA__L3-1.__PARA__L4-1.__PARA__L5-8.__PARA__L6-8.__PIPE__L0-off.__PIPE__L1-off.__PIPE__L3-NA.__TILE__L0-1.__TILE__L1-1.__TILE__L3-1,target,query,query,finetune_dataset,data_633.pt,440570.0,graphgps_lite,1,50,paper_exact_seed1,2.2522425651550293,2.274277925491333,0.02203536033630371,0.03999999910593033,0.025187209248542786,0.014812789857387543,0.019999999552965164,0.007279232144355774,0.01272076740860939,0.009999999776482582,-0.046795234084129333,0.056795231997966766,0.28999999165534973,0.25393688678741455,0.03606310486793518
6ad7d75582a01bd8,gemver-medium,gemver-medium,lv2:__PARA__L0-1.__PARA__L1-1.__PARA__L2-1.__PARA__L3-1.__PARA__L4-1.__PARA__L5-4.__PARA__L6-16.__PIPE__L0-flatten.__PIPE__L1-off.__PIPE__L3-off.__TILE__L0-1.__TILE__L1-1.__TILE__L3-1,target,query,query,finetune_dataset,data_559.pt,325973.0,graphgps_lite,1,50,paper_exact_seed1,2.4695518016815186,2.4264039993286133,0.04314780235290527,0.7300000190734863,0.7300570607185364,5.704164505004883e-05,0.4399999976158142,0.4661142826080322,0.026114284992218018,1.2799999713897705,1.3783979415893555,0.09839797019958496,0.4300000071525574,0.45399314165115356,0.02399313449859619
4d7a6effd7b27dcd,gemver-medium,gemver-medium,lv2:__PARA__L0-1.__PARA__L1-1.__PARA__L2-1.__PARA__L3-1.__PARA__L4-1.__PARA__L5-10.__PARA__L6-10.__PIPE__L0-off.__PIPE__L1-off.__PIPE__L3-off.__TILE__L0-1.__TILE__L1-1.__TILE__L3-1,target,query,query,finetune_dataset,data_489.pt,405761.0,graphgps_lite,1,50,paper_exact_seed1,2.311613082885742,2.2639412879943848,0.04767179489135742,0.03999999910593033,0.0521097332239151,0.012109734117984772,0.009999999776482582,0.009600743651390076,0.0003992561250925064,0.0,-0.07074828445911407,0.07074828445911407,0.05000000074505806,0.23929379880428314,0.18929380178451538
86c9a90f08622c5e,gemver-medium,gemver-medium,lv2:__PARA__L0-1.__PARA__L1-1.__PARA__L2-1.__PARA__L3-1.__PARA__L4-1.__PARA__L5-4.__PARA__L6-64.__PIPE__L0-off.__PIPE__L1-off.__PIPE__L3-off.__TILE__L0-1.__TILE__L1-1.__TILE__L3-1,target,query,query,finetune_dataset,data_587.pt,501213.0,graphgps_lite,1,50,paper_exact_seed1,2.1592161655426025,2.0820908546447754,0.07712531089782715,0.07000000029802322,0.049276188015937805,0.02072381228208542,0.029999999329447746,0.0358160138130188,0.0058160144835710526,0.03999999910593033,0.022536128759384155,0.017463870346546173,0.05999999865889549,0.30352795124053955,0.24352794885635376
842ba928da8028f1,gemver-medium,gemver-medium,lv2:__PARA__L0-1.__PARA__L1-1.__PARA__L2-1.__PARA__L3-1.__PARA__L4-1.__PARA__L5-4.__PARA__L6-10.__PIPE__L0-flatten.__PIPE__L1-off.__PIPE__L3-NA.__TILE__L0-1.__TILE__L1-1.__TILE__L3-1,target,query,query,finetune_dataset,data_554.pt,348029.0,graphgps_lite,1,50,paper_exact_seed1,2.4223244190216064,2.427786350250244,0.005461931228637695,0.7400000095367432,0.7484049201011658,0.008404910564422607,0.44999998807907104,0.4811391234397888,0.031139135360717773,1.2899999618530273,1.402602195739746,0.11260223388671875,0.4300000071525574,0.4714062213897705,0.041406214237213135
35f6be44b8a2daa1,gemver-medium,gemver-medium,lv2:__PARA__L0-1.__PARA__L1-1.__PARA__L2-1.__PARA__L3-1.__PARA__L4-2.__PARA__L5-1.__PARA__L6-25.__PIPE__L0-off.__PIPE__L1-flatten.__PIPE__L3-off.__TILE__L0-1.__TILE__L1-1.__TILE__L3-8,target,query,query,finetune_dataset,data_641.pt,210335.0,graphgps_lite,1,50,paper_exact_seed1,2.785583734512329,2.3748722076416016,0.41071152687072754,0.6200000047683716,0.5362854599952698,0.0837145447731018,0.3199999928474426,0.24739816784858704,0.07260182499885559,0.6399999856948853,0.624257504940033,0.015742480754852295,0.30000001192092896,0.25818514823913574,0.04181486368179321
74a01752d111f879,gemver-medium,gemver-medium,lv2:__PARA__L0-1.__PARA__L1-1.__PARA__L2-1.__PARA__L3-1.__PARA__L4-1.__PARA__L5-1.__PARA__L6-64.__PIPE__L0-flatten.__PIPE__L1-off.__PIPE__L3-off.__TILE__L0-1.__TILE__L1-1.__TILE__L3-1,target,query,query,finetune_dataset,data_478.pt,924703.0,graphgps_lite,1,50,paper_exact_seed1,1.7174330949783325,1.8246484994888306,0.10721540451049805,0.6700000166893005,0.605076014995575,0.06492400169372559,0.4300000071525574,0.37047141790390015,0.05952858924865723,1.2799999713897705,1.1356689929962158,0.1443309783935547,0.23999999463558197,0.3279380798339844,0.0879380851984024
7204e0306d235f1d,gemver-medium,gemver-medium,lv2:__PARA__L0-1.__PARA__L1-1.__PARA__L2-1.__PARA__L3-1.__PARA__L4-1.__PARA__L5-5.__PARA__L6-25.__PIPE__L0-off.__PIPE__L1-off.__PIPE__L3-off.__TILE__L0-1.__TILE__L1-1.__TILE__L3-1,target,query,query,finetune_dataset,data_603.pt,437963.0,graphgps_lite,1,50,paper_exact_seed1,2.256523609161377,2.1480109691619873,0.10851263999938965,0.07000000029802322,0.03755812346935272,0.0324418768286705,0.019999999552965164,0.010355398058891296,0.009644601494073868,0.009999999776482582,-0.04311656951904297,0.0531165674328804,0.05999999865889549,0.26309698820114136,0.20309698581695557
9dd2b4e7f5d15681,gemver-medium,gemver-medium,lv2:__PARA__L0-1.__PARA__L1-1.__PARA__L2-1.__PARA__L3-1.__PARA__L4-1.__PARA__L5-2.__PARA__L6-8.__PIPE__L0-flatten.__PIPE__L1-off.__PIPE__L3-off.__TILE__L0-1.__TILE__L1-1.__TILE__L3-1,target,query,query,finetune_dataset,data_546.pt,572773.0,graphgps_lite,1,50,paper_exact_seed1,2.062946319580078,1.9391535520553589,0.12379276752471924,0.6700000166893005,0.6429564952850342,0.027043521404266357,0.41999998688697815,0.37680885195732117,0.04319113492965698,1.2799999713897705,1.189992070198059,0.09000790119171143,0.23999999463558197,0.29287436604499817,0.0528743714094162
1e06e029d012209f,gemver-medium,gemver-medium,lv2:__PARA__L0-1.__PARA__L1-1.__PARA__L2-1.__PARA__L3-1.__PARA__L4-1.__PARA__L5-1.__PARA__L6-32.__PIPE__L0-flatten.__PIPE__L1-off.__PIPE__L3-off.__TILE__L0-1.__TILE__L1-1.__TILE__L3-1,target,query,query,finetune_dataset,data_461.pt,935103.0,graphgps_lite,1,50,paper_exact_seed1,1.7093654870986938,1.5494091510772705,0.15995633602142334,0.6700000166893005,0.6427388787269592,0.02726113796234131,0.4300000071525574,0.38724663853645325,0.042753368616104126,1.2799999713897705,1.1905603408813477,0.08943963050842285,0.23999999463558197,0.23936618864536285,0.0006338059902191162
8df81f2d5dd78bc5,gemver-medium,gemver-medium,lv2:__PARA__L0-1.__PARA__L1-1.__PARA__L2-1.__PARA__L3-1.__PARA__L4-1.__PARA__L5-5.__PARA__L6-64.__PIPE__L0-off.__PIPE__L1-off.__PIPE__L3-off.__TILE__L0-1.__TILE__L1-1.__TILE__L3-1,target,query,query,finetune_dataset,data_609.pt,462363.0,graphgps_lite,1,50,paper_exact_seed1,2.2174150943756104,2.1227951049804688,0.0946199893951416,0.07999999821186066,0.04747876524925232,0.03252123296260834,0.03999999910593033,0.03710630536079407,0.002893693745136261,0.03999999910593033,0.016395211219787598,0.02360478788614273,0.05999999865889549,0.31456440687179565,0.25456440448760986
9bf011dc49995303,gemver-medium,gemver-medium,lv2:__PARA__L0-1.__PARA__L1-1.__PARA__L2-1.__PARA__L3-1.__PARA__L4-1.__PARA__L5-4.__PARA__L6-8.__PIPE__L0-flatten.__PIPE__L1-off.__PIPE__L3-NA.__TILE__L0-1.__TILE__L1-1.__TILE__L3-1,target,query,query,finetune_dataset,data_588.pt,367727.0,graphgps_lite,1,50,paper_exact_seed1,2.382610559463501,2.421259880065918,0.03864932060241699,0.7400000095367432,0.7451158165931702,0.005115807056427002,0.44999998807907104,0.4782754182815552,0.02827543020248413,1.2899999618530273,1.3957338333129883,0.10573387145996094,0.4300000071525574,0.47087132930755615,0.04087132215499878
5a6308e7c3261948,gemver-medium,gemver-medium,lv2:__PARA__L0-1.__PARA__L1-1.__PARA__L2-1.__PARA__L3-1.__PARA__L4-2.__PARA__L5-1.__PARA__L6-32.__PIPE__L0-off.__PIPE__L1-flatten.__PIPE__L3-off.__TILE__L0-1.__TILE__L1-1.__TILE__L3-8,target,query,query,finetune_dataset,data_643.pt,220748.0,graphgps_lite,1,50,paper_exact_seed1,2.750727891921997,2.3669142723083496,0.38381361961364746,0.6399999856948853,0.5397557616233826,0.10024422407150269,0.3199999928474426,0.24168208241462708,0.07831791043281555,0.6800000071525574,0.6127629280090332,0.06723707914352417,0.25,0.26748448610305786,0.01748448610305786
237b0c1afc129a58,gemver-medium,gemver-medium,lv2:__PARA__L0-1.__PARA__L1-1.__PARA__L2-1.__PARA__L3-1.__PARA__L4-1.__PARA__L5-5.__PARA__L6-10.__PIPE__L0-off.__PIPE__L1-off.__PIPE__L3-NA.__TILE__L0-1.__TILE__L1-1.__TILE__L3-1,target,query,query,finetune_dataset,data_594.pt,478022.0,graphgps_lite,1,50,paper_exact_seed1,2.193389654159546,2.1789040565490723,0.014485597610473633,0.03999999910593033,0.039989277720451355,1.0721385478973389e-05,0.019999999552965164,0.008818089962005615,0.011181909590959549,0.009999999776482582,-0.03296111524105072,0.04296111315488815,0.30000001192092896,0.2911427617073059,0.008857250213623047
148e404c636609d4,gemver-medium,gemver-medium,lv2:__PARA__L0-1.__PARA__L1-1.__PARA__L2-1.__PARA__L3-1.__PARA__L4-1.__PARA__L5-10.__PARA__L6-20.__PIPE__L0-off.__PIPE__L1-off.__PIPE__L3-off.__TILE__L0-1.__TILE__L1-1.__TILE__L3-1,target,query,query,finetune_dataset,data_495.pt,367761.0,graphgps_lite,1,50,paper_exact_seed1,2.3825438022613525,2.293760299682617,0.08878350257873535,0.07000000029802322,0.054637178778648376,0.015362821519374847,0.019999999552965164,0.021747663617134094,0.00174766406416893,0.009999999776482582,-0.036088600754737854,0.04608859866857529,0.05000000074505806,0.25067514181137085,0.2006751447916031
f1c328c827d09e9c,gemver-medium,gemver-medium,lv2:__PARA__L0-1.__PARA__L1-1.__PARA__L2-1.__PARA__L3-1.__PARA__L4-1.__PARA__L5-1.__PARA__L6-4.__PIPE__L0-flatten.__PIPE__L1-off.__PIPE__L3-off.__TILE__L0-1.__TILE__L1-1.__TILE__L3-1,target,query,query,finetune_dataset,data_466.pt,1065503.0,graphgps_lite,1,50,paper_exact_seed1,1.615196704864502,1.6448078155517578,0.02961111068725586,0.6700000166893005,0.6285948157310486,0.04140520095825195,0.41999998688697815,0.3740321099758148,0.04596787691116333,1.2799999713897705,1.141893744468689,0.13810622692108154,0.23999999463558197,0.31512460112571716,0.07512460649013519
a4af5301460b9d00,gemver-medium,gemver-medium,lv2:__PARA__L0-1.__PARA__L1-1.__PARA__L2-1.__PARA__L3-1.__PARA__L4-2.__PARA__L5-1.__PARA__L6-16.__PIPE__L0-off.__PIPE__L1-flatten.__PIPE__L3-off.__TILE__L0-1.__TILE__L1-1.__TILE__L3-8,target,query,query,finetune_dataset,data_638.pt,240035.0,graphgps_lite,1,50,paper_exact_seed1,2.690305709838867,2.369536876678467,0.3207688331604004,0.6200000047683716,0.5248464941978455,0.09515351057052612,0.3100000023841858,0.24416539072990417,0.06583461165428162,0.6399999856948853,0.6122723817825317,0.027727603912353516,0.23999999463558197,0.24830719828605652,0.008307203650474548
bd2704a0251c8884,gemver-medium,gemver-medium,lv2:__PARA__L0-1.__PARA__L1-1.__PARA__L2-1.__PARA__L3-1.__PARA__L4-1.__PARA__L5-1.__PARA__L6-400.__PIPE__L0-off.__PIPE__L1-off.__PIPE__L3-off.__TILE__L0-1.__TILE__L1-1.__TILE__L3-1,target,query,query,finetune_dataset,data_472.pt,1036856.0,graphgps_lite,1,50,paper_exact_seed1,1.6348562240600586,1.768489956855774,0.13363373279571533,0.17000000178813934,0.2047935575246811,0.03479355573654175,0.20000000298023224,0.1759541928768158,0.024045810103416443,0.4699999988079071,0.45903831720352173,0.010961681604385376,0.23999999463558197,0.21426422894001007,0.0257357656955719
88047e3dd9b1cdae,gemver-medium,gemver-medium,lv2:__PARA__L0-1.__PARA__L1-1.__PARA__L2-1.__PARA__L3-1.__PARA__L4-1.__PARA__L5-2.__PARA__L6-16.__PIPE__L0-flatten.__PIPE__L1-off.__PIPE__L3-NA.__TILE__L0-1.__TILE__L1-1.__TILE__L3-1,target,query,query,finetune_dataset,data_515.pt,515481.0,graphgps_lite,1,50,paper_exact_seed1,2.1389684677124023,1.9642475843429565,0.1747208833694458,0.6800000071525574,0.7055590152740479,0.02555900812149048,0.4300000071525574,0.44071149826049805,0.010711491107940674,1.2899999618530273,1.254207968711853,0.035791993141174316,0.23999999463558197,0.3158853054046631,0.07588531076908112
3fe4d0313cca2a9b,gemver-medium,gemver-medium,lv2:__PARA__L0-1.__PARA__L1-1.__PARA__L2-1.__PARA__L3-1.__PARA__L4-2.__PARA__L5-1.__PARA__L6-8.__PIPE__L0-off.__PIPE__L1-flatten.__PIPE__L3-off.__TILE__L0-1.__TILE__L1-1.__TILE__L3-8,target,query,query,finetune_dataset,data_648.pt,310035.0,graphgps_lite,1,50,paper_exact_seed1,2.5057125091552734,2.298912525177002,0.20679998397827148,0.6100000143051147,0.5411161184310913,0.06888389587402344,0.3100000023841858,0.2406487911939621,0.0693512111902237,0.6399999856948853,0.5949044227600098,0.04509556293487549,0.18000000715255737,0.2614445686340332,0.08144456148147583
2e8b186c17d162d3,gemver-medium,gemver-medium,lv2:__PARA__L0-1.__PARA__L1-1.__PARA__L2-1.__PARA__L3-1.__PARA__L4-1.__PARA__L5-2.__PARA__L6-32.__PIPE__L0-off.__PIPE__L1-off.__PIPE__L3-off.__TILE__L0-1.__TILE__L1-1.__TILE__L3-1,target,query,query,finetune_dataset,data_532.pt,707213.0,graphgps_lite,1,50,paper_exact_seed1,1.9108556509017944,1.690773367881775,0.22008228302001953,0.03999999910593033,0.06923197209835052,0.029231972992420197,0.019999999552965164,0.03429688513278961,0.014296885579824448,0.019999999552965164,0.017529472708702087,0.0024705268442630768,0.18000000715255737,0.17334581911563873,0.00665418803691864
8267c1b9533029a4,gemver-medium,gemver-medium,lv2:__PARA__L0-1.__PARA__L1-1.__PARA__L2-1.__PARA__L3-1.__PARA__L4-1.__PARA__L5-8.__PARA__L6-25.__PIPE__L0-off.__PIPE__L1-off.__PIPE__L3-NA.__TILE__L0-1.__TILE__L1-1.__TILE__L3-1,target,query,query,finetune_dataset,data_624.pt,371827.0,graphgps_lite,1,50,paper_exact_seed1,2.374612331390381,2.2803337574005127,0.09427857398986816,0.07999999821186066,0.026708021759986877,0.05329197645187378,0.029999999329447746,0.008083447813987732,0.021916551515460014,0.019999999552965164,-0.043233588337898254,0.06323358416557312,0.05999999865889549,0.2546100616455078,0.19461005926132202
1e9c97bfbccfa9fa,gemver-medium,gemver-medium,lv2:__PARA__L0-1.__PARA__L1-1.__PARA__L2-1.__PARA__L3-1.__PARA__L4-1.__PARA__L5-10.__PARA__L6-8.__PIPE__L0-off.__PIPE__L1-off.__PIPE__L3-NA.__TILE__L0-1.__TILE__L1-1.__TILE__L3-1,target,query,query,finetune_dataset,data_504.pt,419517.0,graphgps_lite,1,50,paper_exact_seed1,2.2875635623931885,2.308638334274292,0.021074771881103516,0.03999999910593033,0.05551862716674805,0.015518628060817719,0.019999999552965164,0.025694280862808228,0.005694281309843063,0.009999999776482582,-0.0258721262216568,0.03587212413549423,0.05000000074505806,0.25949621200561523,0.20949621498584747
090572995cc52263,gemver-medium,gemver-medium,lv2:__PARA__L0-1.__PARA__L1-1.__PARA__L2-1.__PARA__L3-1.__PARA__L4-1.__PARA__L5-2.__PARA__L6-20.__PIPE__L0-flatten.__PIPE__L1-off.__PIPE__L3-NA.__TILE__L0-1.__TILE__L1-1.__TILE__L3-1,target,query,query,finetune_dataset,data_523.pt,505431.0,graphgps_lite,1,50,paper_exact_seed1,2.1531710624694824,1.9630088806152344,0.19016218185424805,0.6899999976158142,0.7050759792327881,0.015075981616973877,0.4300000071525574,0.44020694494247437,0.010206937789916992,1.2999999523162842,1.253292441368103,0.04670751094818115,0.23999999463558197,0.3153393864631653,0.07533939182758331
31c578a0b82fae90,gemver-medium,gemver-medium,lv2:__PARA__L0-1.__PARA__L1-1.__PARA__L2-1.__PARA__L3-1.__PARA__L4-1.__PARA__L5-5.__PARA__L6-1.__PIPE__L0-off.__PIPE__L1-off.__PIPE__L3-off.__TILE__L0-1.__TILE__L1-1.__TILE__L3-1,target,query,query,finetune_dataset,data_593.pt,1194764.0,graphgps_lite,1,50,paper_exact_seed1,1.532601237297058,1.5943036079406738,0.06170237064361572,0.029999999329447746,-0.00039970874786376953,0.030399708077311516,0.009999999776482582,-0.009090229868888855,0.019090229645371437,0.0,-0.01936982572078705,0.01936982572078705,0.30000001192092896,0.23853713274002075,0.0614628791809082
b93670f05cc551b5,gemver-medium,gemver-medium,lv2:__PARA__L0-1.__PARA__L1-1.__PARA__L2-1.__PARA__L3-1.__PARA__L4-1.__PARA__L5-4.__PARA__L6-32.__PIPE__L0-off.__PIPE__L1-off.__PIPE__L3-off.__TILE__L0-1.__TILE__L1-1.__TILE__L3-1,target,query,query,finetune_dataset,data_575.pt,510413.0,graphgps_lite,1,50,paper_exact_seed1,2.1460955142974854,2.0772690773010254,0.06882643699645996,0.05000000074505806,0.05394795536994934,0.003947954624891281,0.019999999552965164,0.016140282154083252,0.0038597173988819122,0.019999999552965164,-0.019867941737174988,0.03986794129014015,0.28999999165534973,0.25635379552841187,0.033646196126937866
ffd817ca2f130960,gemver-medium,gemver-medium,lv2:__PARA__L0-1.__PARA__L1-1.__PARA__L2-1.__PARA__L3-1.__PARA__L4-1.__PARA__L5-1.__PARA__L6-64.__PIPE__L0-off.__PIPE__L1-flatten.__PIPE__L3-off.__TILE__L0-1.__TILE__L1-1.__TILE__L3-8,target,query,query,finetune_dataset,data_480.pt,327769.0,graphgps_lite,1,50,paper_exact_seed1,2.465588331222534,2.700998544692993,0.23541021347045898,0.6499999761581421,0.6554123163223267,0.00541234016418457,0.33000001311302185,0.3932379484176636,0.06323793530464172,0.6800000071525574,0.7770074009895325,0.0970073938369751,0.36000001430511475,0.3600001931190491,1.7881393432617188e-07
1c52d579ac75be4f,gemver-medium,gemver-medium,lv2:__PARA__L0-1.__PARA__L1-1.__PARA__L2-1.__PARA__L3-1.__PARA__L4-1.__PARA__L5-2.__PARA__L6-2.__PIPE__L0-flatten.__PIPE__L1-off.__PIPE__L3-off.__TILE__L0-1.__TILE__L1-1.__TILE__L3-1,target,query,query,finetune_dataset,data_520.pt,869573.0,graphgps_lite,1,50,paper_exact_seed1,1.7617745399475098,1.505411982536316,0.25636255741119385,0.6700000166893005,0.6441717147827148,0.025828301906585693,0.41999998688697815,0.3771790862083435,0.042820900678634644,1.2799999713897705,1.1698664426803589,0.11013352870941162,0.23999999463558197,0.31889262795448303,0.07889263331890106
004efb321e4bf36a,gemver-medium,gemver-medium,lv2:__PARA__L0-1.__PARA__L1-1.__PARA__L2-1.__PARA__L3-1.__PARA__L4-1.__PARA__L5-8.__PARA__L6-1.__PIPE__L0-off.__PIPE__L1-off.__PIPE__L3-off.__TILE__L0-1.__TILE__L1-1.__TILE__L3-1,target,query,query,finetune_dataset,data_615.pt,1136812.0,graphgps_lite,1,50,paper_exact_seed1,1.5684672594070435,1.747991919517517,0.17952466011047363,0.029999999329447746,-0.011869534850120544,0.04186953604221344,0.009999999776482582,-0.017626896500587463,0.027626896277070045,0.0,-0.012762367725372314,0.012762367725372314,0.28999999165534973,0.21982590854167938,0.07017408311367035
8ff1de1909c0e79a,trmm-opt,trmm-opt,lv2:__PARA__L0-1.__PARA__L1-8.__PARA__L2-1.__PIPE__L0-off.__PIPE__L1-flatten.__TILE__L0-1.__TILE__L1-1,target,query,query,finetune_dataset,data_1111.pt,24567.0,graphgps_lite,1,50,paper_exact_seed1,4.334531307220459,4.353758811950684,0.01922750473022461,0.4699999988079071,0.6713852286338806,0.2013852298259735,0.2800000011920929,0.3842508792877197,0.10425087809562683,0.7599999904632568,1.0855834484100342,0.32558345794677734,0.009999999776482582,-0.002831295132637024,0.012831294909119606
6bc065582b0ca9d2,trmm-opt,trmm-opt,lv2:__PARA__L0-1.__PARA__L1-1.__PARA__L2-6.__PIPE__L0-off.__PIPE__L1-off.__TILE__L0-1.__TILE__L1-80,target,query,query,finetune_dataset,data_1068.pt,428847.0,graphgps_lite,1,50,paper_exact_seed1,2.2716965675354004,2.055650234222412,0.21604633331298828,0.009999999776482582,0.026386097073554993,0.01638609729707241,0.0,-0.014095976948738098,0.014095976948738098,0.0,0.008681714534759521,0.008681714534759521,0.029999999329447746,0.015118196606636047,0.014881802722811699
bad25a4a5fdb07e0,trmm-opt,trmm-opt,lv2:__PARA__L0-1.__PARA__L1-5.__PARA__L2-1.__PIPE__L0-off.__PIPE__L1-flatten.__TILE__L0-60.__TILE__L1-1,target,query,query,finetune_dataset,data_1108.pt,33032.0,graphgps_lite,1,50,paper_exact_seed1,4.120959758758545,4.464081764221191,0.3431220054626465,0.30000001192092896,0.33541548252105713,0.035415470600128174,0.17000000178813934,0.24563828110694885,0.07563827931880951,0.47999998927116394,0.42767399549484253,0.05232599377632141,0.009999999776482582,0.00960610806941986,0.00039389170706272125
cae26cbd4853f688,trmm-opt,trmm-opt,lv2:__PARA__L0-1.__PARA__L1-1.__PARA__L2-8.__PIPE__L0-off.__PIPE__L1-off.__TILE__L0-1.__TILE__L1-1,target,query,query,finetune_dataset,data_1075.pt,539321.0,graphgps_lite,1,50,paper_exact_seed1,2.106355905532837,2.3711917400360107,0.26483583450317383,0.009999999776482582,-0.005622878670692444,0.015622878447175026,0.0,-0.0030526965856552124,0.0030526965856552124,0.0,-0.02942979335784912,0.02942979335784912,0.03999999910593033,0.025347039103507996,0.014652960002422333
7316fec737d23540,trmm-opt,trmm-opt,lv2:__PARA__L0-1.__PARA__L1-20.__PARA__L2-60.__PIPE__L0-off.__PIPE__L1-NA.__TILE__L0-1.__TILE__L1-4,target,query,query,finetune_dataset,data_1099.pt,25107.0,graphgps_lite,1,50,paper_exact_seed1,4.318847179412842,4.345742702484131,0.026895523071289062,1.159999966621399,1.06720769405365,0.09279227256774902,0.6800000071525574,0.5832895040512085,0.09671050310134888,1.9199999570846558,1.7082093954086304,0.2117905616760254,0.0,-0.00821755826473236,0.00821755826473236
8376225e029a3a76,trmm-opt,trmm-opt,lv2:__PARA__L0-1.__PARA__L1-2.__PARA__L2-1.__PIPE__L0-off.__PIPE__L1-flatten.__TILE__L0-1.__TILE__L1-1,target,query,query,finetune_dataset,data_1089.pt,29669.0,graphgps_lite,1,50,paper_exact_seed1,4.198413848876953,4.435540199279785,0.23712635040283203,0.20999999344348907,0.11606196314096451,0.09393803030252457,0.09000000357627869,0.1596502959728241,0.06965029239654541,0.1899999976158142,0.14033196866512299,0.04966802895069122,0.009999999776482582,-0.013480380177497864,0.023480379953980446
2daee5e30c354acd,trmm-opt,trmm-opt,lv2:__PARA__L0-1.__PARA__L1-1.__PARA__L2-12.__PIPE__L0-off.__PIPE__L1-off.__TILE__L0-1.__TILE__L1-1,target,query,query,finetune_dataset,data_1042.pt,337647.0,graphgps_lite,1,50,paper_exact_seed1,2.4441702365875244,2.4117658138275146,0.032404422760009766,0.009999999776482582,0.015501797199249268,0.0055017974227666855,0.0,0.010877445340156555,0.010877445340156555,0.0,-0.007800370454788208,0.007800370454788208,0.05999999865889549,0.0318681001663208,0.028131898492574692
a34e73c0529a9001,trmm-opt,trmm-opt,lv2:__PARA__L0-1.__PARA__L1-1.__PARA__L2-1.__PIPE__L0-off.__PIPE__L1-flatten.__TILE__L0-1.__TILE__L1-1,target,query,query,finetune_dataset,data_1034.pt,28767.0,graphgps_lite,1,50,paper_exact_seed1,4.22068452835083,4.551867961883545,0.33118343353271484,0.1599999964237213,0.09570573270320892,0.06429426372051239,0.05999999865889549,0.119319386780262,0.0593193881213665,0.09000000357627869,0.1273529827594757,0.03735297918319702,0.009999999776482582,-0.004219710826873779,0.014219710603356361
5e35bac667763033,trmm-opt,trmm-opt,lv2:__PARA__L0-1.__PARA__L1-4.__PARA__L2-60.__PIPE__L0-off.__PIPE__L1-off.__TILE__L0-60.__TILE__L1-1,target,query,query,finetune_dataset,data_1106.pt,26069.0,graphgps_lite,1,50,paper_exact_seed1,4.291724681854248,4.182831764221191,0.10889291763305664,0.30000001192092896,0.21378707885742188,0.08621293306350708,0.15000000596046448,0.102154441177845,0.047845564782619476,0.3799999952316284,0.1942979097366333,0.18570208549499512,0.009999999776482582,0.0008283108472824097,0.009171688929200172
13f4049ec8c5900c,trmm-opt,trmm-opt,lv2:__PARA__L0-1.__PARA__L1-1.__PARA__L2-20.__PIPE__L0-off.__PIPE__L1-off.__TILE__L0-1.__TILE__L1-80,target,query,query,finetune_dataset,data_1052.pt,313647.0,graphgps_lite,1,50,paper_exact_seed1,2.497357130050659,2.074578046798706,0.4227790832519531,0.03999999910593033,0.04273715615272522,0.0027371570467948914,0.009999999776482582,0.010918229818344116,0.0009182300418615341,0.0,0.008224114775657654,0.008224114775657654,0.009999999776482582,0.022757962346076965,0.012757962569594383
08d05a519d53e0dc,trmm-opt,trmm-opt,lv2:__PARA__L0-1.__PARA__L1-1.__PARA__L2-8.__PIPE__L0-off.__PIPE__L1-off.__TILE__L0-1.__TILE__L1-80,target,query,query,finetune_dataset,data_1076.pt,496301.0,graphgps_lite,1,50,paper_exact_seed1,2.166320323944092,2.0867457389831543,0.0795745849609375,0.009999999776482582,0.030181705951690674,0.020181706175208092,0.0,-0.013094931840896606,0.013094931840896606,0.0,0.011317253112792969,0.011317253112792969,0.03999999910593033,0.018969953060150146,0.021030046045780182
035bd1a25fd49371,trmm-opt,trmm-opt,lv2:__PARA__L0-1.__PARA__L1-1.__PARA__L2-30.__PIPE__L0-off.__PIPE__L1-off.__TILE__L0-1.__TILE__L1-80,target,query,query,finetune_dataset,data_1057.pt,284847.0,graphgps_lite,1,50,paper_exact_seed1,2.5668344497680664,2.0838329792022705,0.4830014705657959,0.10000000149011612,0.04413218796253204,0.055867813527584076,0.03999999910593033,0.011130765080451965,0.028869234025478363,0.009999999776482582,0.010828778147697449,0.0008287783712148666,0.009999999776482582,0.02307279407978058,0.013072794303297997
0e6736a5102ad242,trmm-opt,trmm-opt,lv2:__PARA__L0-4.__PARA__L1-2.__PARA__L2-1.__PIPE__L0-off.__PIPE__L1-flatten.__TILE__L0-1.__TILE__L1-1,target,query,query,finetune_dataset,data_1131.pt,6932.0,graphgps_lite,1,50,paper_exact_seed1,5.247220516204834,5.186332702636719,0.060887813568115234,0.5199999809265137,0.6009038090705872,0.08090382814407349,6.71999979019165,5.830577850341797,0.8894219398498535,0.7400000095367432,0.8966534733772278,0.15665346384048462,0.009999999776482582,0.00533631443977356,0.0046636853367090225
44c346e1646bb5f3,trmm-opt,trmm-opt,lv2:__PARA__L0-1.__PARA__L1-8.__PARA__L2-60.__PIPE__L0-off.__PIPE__L1-NA.__TILE__L0-1.__TILE__L1-1,target,query,query,finetune_dataset,data_1113.pt,24567.0,graphgps_lite,1,50,paper_exact_seed1,4.334531307220459,4.360927581787109,0.02639627456665039,0.4699999988079071,0.8080490231513977,0.3380490243434906,0.2800000011920929,0.4667278528213501,0.1867278516292572,0.7599999904632568,1.2885088920593262,0.5285089015960693,0.009999999776482582,-0.007170543074607849,0.01717054285109043
1e2e7e6145e4a706,trmm-opt,trmm-opt,lv2:__PARA__L0-1.__PARA__L1-20.__PARA__L2-1.__PIPE__L0-off.__PIPE__L1-flatten.__TILE__L0-60.__TILE__L1-1,target,query,query,finetune_dataset,data_1097.pt,25107.0,graphgps_lite,1,50,paper_exact_seed1,4.318847179412842,4.445990562438965,0.12714338302612305,1.159999966621399,0.9542669653892517,0.20573300123214722,0.6800000071525574,0.6490119695663452,0.030988037586212158,1.9199999570846558,1.4935322999954224,0.4264676570892334,0.0,-0.0033337175846099854,0.0033337175846099854
56fb027c5c12b299,trmm-opt,trmm-opt,lv2:__PARA__L0-1.__PARA__L1-1.__PARA__L2-3.__PIPE__L0-off.__PIPE__L1-off.__TILE__L0-1.__TILE__L1-80,target,query,query,finetune_dataset,data_1055.pt,644847.0,graphgps_lite,1,50,paper_exact_seed1,1.977449655532837,1.7289438247680664,0.2485058307647705,0.0,0.018286287784576416,0.018286287784576416,0.0,-0.010956481099128723,0.010956481099128723,0.0,0.009020164608955383,0.009020164608955383,0.019999999552965164,0.012360408902168274,0.00763959065079689
e0526172df1e7cf7,trmm-opt,trmm-opt,lv2:__PARA__L0-1.__PARA__L1-1.__PARA__L2-60.__PIPE__L0-off.__PIPE__L1-NA.__TILE__L0-60.__TILE__L1-1,target,query,query,finetune_dataset,data_1071.pt,9387.0,graphgps_lite,1,50,paper_exact_seed1,5.028523921966553,4.423826217651367,0.6046977043151855,0.1599999964237213,0.15367406606674194,0.00632593035697937,0.05999999865889549,0.03207717835903168,0.027922820299863815,0.09000000357627869,0.05284537374973297,0.037154629826545715,0.009999999776482582,0.004600927233695984,0.005399072542786598
491e9d6fa5be4ef8,trmm-opt,trmm-opt,lv2:__PARA__L0-4.__PARA__L1-5.__PARA__L2-1.__PIPE__L0-off.__PIPE__L1-flatten.__TILE__L0-1.__TILE__L1-1,target,query,query,finetune_dataset,data_1133.pt,11375.0,graphgps_lite,1,50,paper_exact_seed1,4.88995885848999,5.575362205505371,0.6854033470153809,1.0,1.115497350692749,0.11549735069274902,4.650000095367432,6.846728324890137,2.196728229522705,1.8700000047683716,2.0036425590515137,0.1336425542831421,0.009999999776482582,0.003146126866340637,0.006853872910141945
a4c8a2990a734281,trmm-opt,trmm-opt,lv2:__PARA__L0-1.__PARA__L1-1.__PARA__L2-20.__PIPE__L0-off.__PIPE__L1-off.__TILE__L0-60.__TILE__L1-1,target,query,query,finetune_dataset,data_1053.pt,313647.0,graphgps_lite,1,50,paper_exact_seed1,2.497357130050659,1.9234951734542847,0.5738619565963745,0.03999999910593033,0.024289295077323914,0.015710704028606415,0.009999999776482582,0.01604609191417694,0.006046092137694359,0.0,0.010047748684883118,0.010047748684883118,0.009999999776482582,0.020109549164772034,0.010109549388289452
2e61c83e12f5164c,trmm-opt,trmm-opt,lv2:__PARA__L0-2.__PARA__L1-20.__PARA__L2-1.__PIPE__L0-off.__PIPE__L1-flatten.__TILE__L0-1.__TILE__L1-1,target,query,query,finetune_dataset,data_1120.pt,3998.0,graphgps_lite,1,50,paper_exact_seed1,5.644217014312744,4.890763282775879,0.7534537315368652,2.119999885559082,1.861397624015808,0.2586022615432739,7.260000228881836,6.819551944732666,0.4404482841491699,3.799999952316284,3.3772101402282715,0.4227898120880127,0.0,0.03468622267246246,0.03468622267246246
797d243708fe4540,trmm-opt,trmm-opt,lv2:__PARA__L0-2.__PARA__L1-16.__PARA__L2-1.__PIPE__L0-off.__PIPE__L1-flatten.__TILE__L0-1.__TILE__L1-1,target,query,query,finetune_dataset,data_1118.pt,3428.0,graphgps_lite,1,50,paper_exact_seed1,5.7551727294921875,4.793113708496094,0.9620590209960938,1.7200000286102295,1.5498155355453491,0.17018449306488037,5.809999942779541,5.49755334854126,0.31244659423828125,3.0399999618530273,2.7874419689178467,0.25255799293518066,0.009999999776482582,0.029390424489974976,0.019390424713492393
74b6c3372f68e5ed,trmm-opt,trmm-opt,lv2:__PARA__L0-4.__PARA__L1-4.__PARA__L2-1.__PIPE__L0-off.__PIPE__L1-flatten.__TILE__L0-1.__TILE__L1-1,target,query,query,finetune_dataset,data_1132.pt,4234.0,graphgps_lite,1,50,paper_exact_seed1,5.602845668792725,5.447195053100586,0.15565061569213867,0.8899999856948853,0.9022966027259827,0.012296617031097412,7.050000190734863,6.528311729431152,0.5216884613037109,1.4900000095367432,1.5966668128967285,0.10666680335998535,0.009999999776482582,-0.003245815634727478,0.01324581541121006
e58b26e6ce22b5cf,trmm-opt,trmm-opt,lv2:__PARA__L0-1.__PARA__L1-1.__PARA__L2-4.__PIPE__L0-off.__PIPE__L1-off.__TILE__L0-60.__TILE__L1-1,target,query,query,finetune_dataset,data_1064.pt,553647.0,graphgps_lite,1,50,paper_exact_seed1,2.08744478225708,1.7879149913787842,0.2995297908782959,0.0,0.004189386963844299,0.004189386963844299,0.0,-0.01793844997882843,0.01793844997882843,0.0,-0.00163973867893219,0.00163973867893219,0.019999999552965164,0.010185882449150085,0.009814117103815079
e8ee9d2efff88896,trmm-opt,trmm-opt,lv2:__PARA__L0-1.__PARA__L1-1.__PARA__L2-5.__PIPE__L0-off.__PIPE__L1-off.__TILE__L0-1.__TILE__L1-80,target,query,query,finetune_dataset,data_1066.pt,486447.0,graphgps_lite,1,50,paper_exact_seed1,2.1807868480682373,2.0009336471557617,0.17985320091247559,0.009999999776482582,0.023020684719085693,0.013020684942603111,0.0,-0.014625221490859985,0.014625221490859985,0.0,0.008923619985580444,0.008923619985580444,0.029999999329447746,0.013399705290794373,0.016600294038653374
b504309409dda6ca,trmm-opt,trmm-opt,lv2:__PARA__L0-1.__PARA__L1-5.__PARA__L2-60.__PIPE__L0-off.__PIPE__L1-off.__TILE__L0-1.__TILE__L1-1,target,query,query,finetune_dataset,data_1110.pt,33032.0,graphgps_lite,1,50,paper_exact_seed1,4.120959758758545,4.271533966064453,0.1505742073059082,0.30000001192092896,0.35825973749160767,0.05825972557067871,0.17000000178813934,0.25126221776008606,0.08126221597194672,0.47999998927116394,0.5434787273406982,0.0634787380695343,0.009999999776482582,0.0017782151699066162,0.008221784606575966
db2407ae49482c94,trmm-opt,trmm-opt,lv2:__PARA__L0-1.__PARA__L1-10.__PARA__L2-60.__PIPE__L0-off.__PIPE__L1-off.__TILE__L0-1.__TILE__L1-8,target,query,query,finetune_dataset,data_1084.pt,27747.0,graphgps_lite,1,50,paper_exact_seed1,4.246726036071777,4.177555084228516,0.06917095184326172,0.5899999737739563,0.8630697131156921,0.27306973934173584,0.3400000035762787,0.48381900787353516,0.14381900429725647,0.9599999785423279,1.374766230583191,0.41476625204086304,0.0,-0.00023759901523590088,0.00023759901523590088
44e2027c87eee2df,trmm-opt,trmm-opt,lv2:__PARA__L0-1.__PARA__L1-1.__PARA__L2-32.__PIPE__L0-off.__PIPE__L1-off.__TILE__L0-1.__TILE__L1-1,target,query,query,finetune_dataset,data_1059.pt,1029341.0,graphgps_lite,1,50,paper_exact_seed1,1.6401035785675049,2.414796829223633,0.7746932506561279,0.10999999940395355,0.04966631531715393,0.06033368408679962,0.029999999329447746,0.02379383146762848,0.006206167861819267,0.019999999552965164,0.01049940288066864,0.009500596672296524,0.009999999776482582,0.032795846462249756,0.022795846685767174
0ad3de1578edcf04,trmm-opt,trmm-opt,lv2:__PARA__L0-1.__PARA__L1-10.__PARA__L2-1.__PIPE__L0-off.__PIPE__L1-flatten.__TILE__L0-60.__TILE__L1-1,target,query,query,finetune_dataset,data_1080.pt,27747.0,graphgps_lite,1,50,paper_exact_seed1,4.246726036071777,4.327357292175293,0.08063125610351562,0.5899999737739563,0.6459984183311462,0.05599844455718994,0.3400000035762787,0.25705626606941223,0.08294373750686646,0.9599999785423279,0.9875317811965942,0.027531802654266357,0.0,-0.0024709701538085938,0.0024709701538085938
d0042c5f7d60422e,trmm-opt,trmm-opt,lv2:__PARA__L0-3.__PARA__L1-8.__PARA__L2-1.__PIPE__L0-off.__PIPE__L1-flatten.__TILE__L0-1.__TILE__L1-1,target,query,query,finetune_dataset,data_1128.pt,5627.0,graphgps_lite,1,50,paper_exact_seed1,5.3976731300354,5.340917587280273,0.05675554275512695,1.2200000286102295,1.3328893184661865,0.11288928985595703,5.260000228881836,6.293783664703369,1.0337834358215332,2.259999990463257,2.455044984817505,0.19504499435424805,0.009999999776482582,-0.0014884024858474731,0.011488402262330055
f847f55ce7ee3ca4,trmm-opt,trmm-opt,lv2:__PARA__L0-3.__PARA__L1-16.__PARA__L2-1.__PIPE__L0-off.__PIPE__L1-flatten.__TILE__L0-1.__TILE__L1-1,target,query,query,finetune_dataset,data_1125.pt,5527.0,graphgps_lite,1,50,paper_exact_seed1,5.410607814788818,5.525015830993652,0.11440801620483398,2.4200000762939453,2.898062229156494,0.47806215286254883,10.489999771118164,13.098517417907715,2.608517646789551,4.53000020980835,5.552913665771484,1.0229134559631348,0.009999999776482582,0.012382552027702332,0.0023825522512197495
264c7a4271e56457,trmm-opt,trmm-opt,lv2:__PARA__L0-1.__PARA__L1-1.__PARA__L2-12.__PIPE__L0-off.__PIPE__L1-off.__TILE__L0-1.__TILE__L1-80,target,query,query,finetune_dataset,data_1043.pt,337647.0,graphgps_lite,1,50,paper_exact_seed1,2.4441702365875244,2.0712289810180664,0.372941255569458,0.009999999776482582,0.032604992389678955,0.022604992613196373,0.0,-0.0008509606122970581,0.0008509606122970581,0.0,0.006606921553611755,0.006606921553611755,0.05999999865889549,0.02249358594417572,0.03750641271471977
ec64060c6b189307,trmm-opt,trmm-opt,lv2:__PARA__L0-1.__PARA__L1-10.__PARA__L2-60.__PIPE__L0-off.__PIPE__L1-NA.__TILE__L0-1.__TILE__L1-1,target,query,query,finetune_dataset,data_1081.pt,27747.0,graphgps_lite,1,50,paper_exact_seed1,4.246726036071777,4.3645734786987305,0.11784744262695312,0.5899999737739563,0.8782331347465515,0.2882331609725952,0.3400000035762787,0.5209579467773438,0.18095794320106506,0.9599999785423279,1.421749234199524,0.46174925565719604,0.0,-0.007508382201194763,0.007508382201194763
9ce65a5cfd0f914c,trmm-opt,trmm-opt,lv2:__PARA__L0-1.__PARA__L1-1.__PARA__L2-10.__PIPE__L0-off.__PIPE__L1-off.__TILE__L0-60.__TILE__L1-1,target,query,query,finetune_dataset,data_1041.pt,366447.0,graphgps_lite,1,50,paper_exact_seed1,2.3851258754730225,1.9712800979614258,0.4138457775115967,0.009999999776482582,0.016871556639671326,0.006871556863188744,0.0,-9.894371032714844e-06,9.894371032714844e-06,0.0,0.010416746139526367,0.010416746139526367,0.05000000074505806,0.02204526960849762,0.02795473113656044
5a13180d9acfa19b,trmm-opt,trmm-opt,lv2:__PARA__L0-2.__PARA__L1-4.__PARA__L2-1.__PIPE__L0-off.__PIPE__L1-flatten.__TILE__L0-1.__TILE__L1-1,target,query,query,finetune_dataset,data_1121.pt,4480.0,graphgps_lite,1,50,paper_exact_seed1,5.562106609344482,4.724147796630859,0.837958812713623,0.5299999713897705,0.4006113111972809,0.12938866019248962,2.6500000953674316,1.5702357292175293,1.0797643661499023,0.7599999904632568,0.5137090682983398,0.246290922164917,0.009999999776482582,0.004437699913978577,0.005562299862504005
d3f2f466ee008af5,trmm-opt,trmm-opt,lv2:__PARA__L0-1.__PARA__L1-2.__PARA__L2-60.__PIPE__L0-off.__PIPE__L1-NA.__TILE__L0-1.__TILE__L1-1,target,query,query,finetune_dataset,data_1091.pt,29669.0,graphgps_lite,1,50,paper_exact_seed1,4.198413848876953,4.516980171203613,0.31856632232666016,0.20999999344348907,0.1304507553577423,0.07954923808574677,0.09000000357627869,0.050094813108444214,0.03990519046783447,0.1899999976158142,0.06801711767911911,0.1219828799366951,0.009999999776482582,0.004790395498275757,0.005209604278206825
769d7187345c5d7c,trmm-opt,trmm-opt,lv2:__PARA__L0-1.__PARA__L1-16.__PARA__L2-1.__PIPE__L0-off.__PIPE__L1-flatten.__TILE__L0-1.__TILE__L1-1,target,query,query,finetune_dataset,data_1085.pt,24267.0,graphgps_lite,1,50,paper_exact_seed1,4.3433942794799805,4.404494285583496,0.061100006103515625,0.9399999976158142,1.027350664138794,0.08735066652297974,0.550000011920929,0.6797345280647278,0.12973451614379883,1.5299999713897705,1.628766417503357,0.09876644611358643,0.009999999776482582,-0.004721656441688538,0.01472165621817112
6bc3aa7c10c618da,trmm-opt,trmm-opt,lv2:__PARA__L0-1.__PARA__L1-10.__PARA__L2-60.__PIPE__L0-off.__PIPE__L1-off.__TILE__L0-1.__TILE__L1-1,target,query,query,finetune_dataset,data_1083.pt,27747.0,graphgps_lite,1,50,paper_exact_seed1,4.246726036071777,4.292251110076904,0.04552507400512695,0.5899999737739563,0.7473105788230896,0.1573106050491333,0.3400000035762787,0.4497283101081848,0.10972830653190613,0.9599999785423279,1.2070695161819458,0.24706953763961792,0.0,-0.0030240416526794434,0.0030240416526794434
053e48fb97e31f59,trmm-opt,trmm-opt,lv2:__PARA__L0-1.__PARA__L1-1.__PARA__L2-16.__PIPE__L0-off.__PIPE__L1-off.__TILE__L0-1.__TILE__L1-1,target,query,query,finetune_dataset,data_1048.pt,654701.0,graphgps_lite,1,50,paper_exact_seed1,1.9665100574493408,2.398449420928955,0.43193936347961426,0.029999999329447746,0.04196725785732269,0.011967258527874947,0.009999999776482582,0.019742414355278015,0.009742414578795433,0.009999999776482582,0.008645221590995789,0.0013547781854867935,0.03999999910593033,0.03068999946117401,0.009309999644756317
b0a03dc635568a28,trmm-opt,trmm-opt,lv2:__PARA__L0-1.__PARA__L1-2.__PARA__L2-60.__PIPE__L0-off.__PIPE__L1-off.__TILE__L0-1.__TILE__L1-1,target,query,query,finetune_dataset,data_1093.pt,29669.0,graphgps_lite,1,50,paper_exact_seed1,4.198413848876953,4.0471906661987305,0.15122318267822266,0.20999999344348907,0.2029029279947281,0.007097065448760986,0.09000000357627869,0.12373656779527664,0.033736564218997955,0.1899999976158142,0.16021397709846497,0.029786020517349243,0.009999999776482582,0.007091134786605835,0.002908864989876747
1bb5841ebfe22d73,trmm-opt,trmm-opt,lv2:__PARA__L0-1.__PARA__L1-1.__PARA__L2-8.__PIPE__L0-off.__PIPE__L1-off.__TILE__L0-60.__TILE__L1-1,target,query,query,finetune_dataset,data_1077.pt,496301.0,graphgps_lite,1,50,paper_exact_seed1,2.166320323944092,1.943687915802002,0.22263240814208984,0.009999999776482582,0.016831636428833008,0.006831636652350426,0.0,-0.0050087571144104,0.0050087571144104,0.0,0.00784456729888916,0.00784456729888916,0.03999999910593033,0.017407208681106567,0.02259279042482376
f9f2f71ec25fe3fb,trmm-opt,trmm-opt,lv2:__PARA__L0-6.__PARA__L1-8.__PARA__L2-1.__PIPE__L0-off.__PIPE__L1-flatten.__TILE__L0-1.__TILE__L1-1,target,query,query,finetune_dataset,data_1136.pt,4592.0,graphgps_lite,1,50,paper_exact_seed1,5.544294834136963,5.569045066833496,0.024750232696533203,2.2699999809265137,2.1437063217163086,0.12629365921020508,11.029999732971191,10.612198829650879,0.4178009033203125,4.409999847412109,4.194461822509766,0.21553802490234375,0.0,0.011362388730049133,0.011362388730049133
f87f7a6baeedb672,trmm-opt,trmm-opt,lv2:__PARA__L0-1.__PARA__L1-1.__PARA__L2-20.__PIPE__L0-off.__PIPE__L1-off.__TILE__L0-1.__TILE__L1-1,target,query,query,finetune_dataset,data_1051.pt,313647.0,graphgps_lite,1,50,paper_exact_seed1,2.497357130050659,2.394987106323242,0.10237002372741699,0.03999999910593033,0.05095529556274414,0.010955296456813812,0.009999999776482582,0.021783694624900818,0.011783694848418236,0.0,0.01245155930519104,0.01245155930519104,0.009999999776482582,0.02963760495185852,0.01963760517537594
1fa87e3b25c0be4a,trmm-opt,trmm-opt,lv2:__PARA__L0-1.__PARA__L1-1.__PARA__L2-5.__PIPE__L0-off.__PIPE__L1-off.__TILE__L0-1.__TILE__L1-1,target,query,query,finetune_dataset,data_1065.pt,486447.0,graphgps_lite,1,50,paper_exact_seed1,2.1807868480682373,2.103841543197632,0.07694530487060547,0.009999999776482582,-0.014883235096931458,0.02488323487341404,0.0,-0.027594804763793945,0.027594804763793945,0.0,-0.03729821741580963,0.03729821741580963,0.029999999329447746,0.01621510088443756,0.013784898445010185
dd30a5fa0985ba22,trmm-opt,trmm-opt,lv2:__PARA__L0-2.__PARA__L1-10.__PARA__L2-1.__PIPE__L0-off.__PIPE__L1-flatten.__TILE__L0-1.__TILE__L1-1,target,query,query,finetune_dataset,data_1117.pt,5917.0,graphgps_lite,1,50,paper_exact_seed1,5.361423015594482,4.668603897094727,0.6928191184997559,1.0800000429153442,0.8383142948150635,0.24168574810028076,3.630000114440918,2.00345778465271,1.626542329788208,1.899999976158142,1.4529272317886353,0.44707274436950684,0.0,0.007411554455757141,0.007411554455757141
28c14f2f1d792ef4,trmm-opt,trmm-opt,lv2:__PARA__L0-1.__PARA__L1-1.__PARA__L2-15.__PIPE__L0-off.__PIPE__L1-off.__TILE__L0-60.__TILE__L1-1,target,query,query,finetune_dataset,data_1047.pt,337647.0,graphgps_lite,1,50,paper_exact_seed1,2.4441702365875244,1.937915325164795,0.5062549114227295,0.029999999329447746,0.02083723247051239,0.009162766858935356,0.009999999776482582,0.012645557522773743,0.0026455577462911606,0.0,0.010054260492324829,0.010054260492324829,0.03999999910593033,0.022050991654396057,0.01794900745153427
bfcc70d035a7bf13,trmm-opt,trmm-opt,lv2:__PARA__L0-1.__PARA__L1-1.__PARA__L2-12.__PIPE__L0-off.__PIPE__L1-off.__TILE__L0-60.__TILE__L1-1,target,query,query,finetune_dataset,data_1044.pt,337647.0,graphgps_lite,1,50,paper_exact_seed1,2.4441702365875244,1.9652897119522095,0.47888052463531494,0.009999999776482582,0.018370822072029114,0.008370822295546532,0.0,0.00615045428276062,0.00615045428276062,0.0,0.010550647974014282,0.010550647974014282,0.05999999865889549,0.02422202378511429,0.035777974873781204
266d2385aa651e25,trmm-opt,trmm-opt,lv2:__PARA__L0-1.__PARA__L1-1.__PARA__L2-15.__PIPE__L0-off.__PIPE__L1-off.__TILE__L0-1.__TILE__L1-80,target,query,query,finetune_dataset,data_1046.pt,337647.0,graphgps_lite,1,50,paper_exact_seed1,2.4441702365875244,2.068610906600952,0.37555932998657227,0.029999999329447746,0.03683701157569885,0.006837012246251106,0.009999999776482582,0.00672014057636261,0.0032798592001199722,0.0,0.007174745202064514,0.007174745202064514,0.03999999910593033,0.022768229246139526,0.017231769859790802
6de8d03a4e24deea,trmm-opt,trmm-opt,lv2:__PARA__L0-4.__PARA__L1-10.__PARA__L2-1.__PIPE__L0-off.__PIPE__L1-flatten.__TILE__L0-1.__TILE__L1-1,target,query,query,finetune_dataset,data_1129.pt,6450.0,graphgps_lite,1,50,paper_exact_seed1,5.299206733703613,5.580842971801758,0.28163623809814453,1.9600000381469727,1.7995179891586304,0.16048204898834229,9.279999732971191,8.538030624389648,0.741969108581543,3.740000009536743,3.389634609222412,0.35036540031433105,0.0,0.0007200241088867188,0.0007200241088867188
af60c08335618b2a,trmm-opt,trmm-opt,lv2:__PARA__L0-2.__PARA__L1-8.__PARA__L2-1.__PIPE__L0-off.__PIPE__L1-flatten.__TILE__L0-1.__TILE__L1-1,target,query,query,finetune_dataset,data_1123.pt,3578.0,graphgps_lite,1,50,paper_exact_seed1,5.724279403686523,4.677712440490723,1.0465669631958008,0.8799999952316284,0.6999629139900208,0.18003708124160767,2.9100000858306885,1.8961124420166016,1.013887643814087,1.5199999809265137,1.2826954126358032,0.23730456829071045,0.009999999776482582,0.013158515095710754,0.0031585153192281723
92991a91512690d7,trmm-opt,trmm-opt,lv2:__PARA__L0-2.__PARA__L1-2.__PARA__L2-1.__PIPE__L0-off.__PIPE__L1-flatten.__TILE__L0-1.__TILE__L1-1,target,query,query,finetune_dataset,data_1119.pt,6878.0,graphgps_lite,1,50,paper_exact_seed1,5.252861499786377,4.609853744506836,0.643007755279541,0.3499999940395355,0.26986002922058105,0.08013996481895447,2.509999990463257,1.5129038095474243,0.9970961809158325,0.3799999952316284,0.2776377201080322,0.10236227512359619,0.009999999776482582,0.003190740942955017,0.006809258833527565
fdb7a5e88cf20db5,trmm-opt,trmm-opt,lv2:__PARA__L0-1.__PARA__L1-1.__PARA__L2-30.__PIPE__L0-off.__PIPE__L1-off.__TILE__L0-60.__TILE__L1-1,target,query,query,finetune_dataset,data_1058.pt,284847.0,graphgps_lite,1,50,paper_exact_seed1,2.5668344497680664,1.9569920301437378,0.6098424196243286,0.10000000149011612,0.028921380639076233,0.07107862085103989,0.03999999910593033,0.01710440218448639,0.02289559692144394,0.009999999776482582,0.012746825814247131,0.0027468260377645493,0.009999999776482582,0.0236465185880661,0.013646518811583519
96d5a336f660ed0e,trmm-opt,trmm-opt,lv2:__PARA__L0-1.__PARA__L1-1.__PARA__L2-3.__PIPE__L0-off.__PIPE__L1-off.__TILE__L0-1.__TILE__L1-1,target,query,query,finetune_dataset,data_1054.pt,644847.0,graphgps_lite,1,50,paper_exact_seed1,1.977449655532837,1.7862306833267212,0.19121897220611572,0.0,-0.022285684943199158,0.022285684943199158,0.0,-0.04119761288166046,0.04119761288166046,0.0,-0.03302225470542908,0.03302225470542908,0.019999999552965164,0.013482257723808289,0.006517741829156876
68c6712bdb4fd321,trmm-opt,trmm-opt,lv2:__PARA__L0-12.__PARA__L1-8.__PARA__L2-1.__PIPE__L0-off.__PIPE__L1-flatten.__TILE__L0-1.__TILE__L1-1,target,query,query,finetune_dataset,data_1116.pt,4777.0,graphgps_lite,1,50,paper_exact_seed1,5.515803813934326,5.318569183349609,0.1972346305847168,4.159999847412109,3.5948314666748047,0.5651683807373047,17.610000610351562,16.43515968322754,1.1748409271240234,8.369999885559082,7.10113525390625,1.268864631652832,0.009999999776482582,0.010543853044509888,0.0005438532680273056
a8c72ca5d925d23c,fdtd-2d-large,fdtd-2d-large,lv2:__PARA__L0-1.__PARA__L1-4.__PARA__L2-1.__PARA__L3-1.__PARA__L4-199.__PARA__L5-8.__PARA__L6-1.__PARA__L7-32.__PIPE__L0-off.__PIPE__L2-off.__PIPE__L3-flatten.__PIPE__L4-off.__TILE__L0-1.__TILE__L2-1.__TILE__L3-1.__TILE__L4-1,target,query,query,finetune_dataset,data_72.pt,91028704.0,graphgps_lite,1,50,paper_exact_seed1,-1.5931607484817505,-1.6240670680999756,0.030906319618225098,0.5099999904632568,0.49382293224334717,0.016177058219909668,0.3199999928474426,0.2927567958831787,0.027243196964263916,0.49000000953674316,0.4134902358055115,0.07650977373123169,0.5299999713897705,0.5447826981544495,0.014782726764678955
7af177530cb396e0,fdtd-2d-large,fdtd-2d-large,lv2:__PARA__L0-1.__PARA__L1-1.__PARA__L2-1.__PARA__L3-1.__PARA__L4-1.__PARA__L5-2.__PARA__L6-32.__PARA__L7-1.__PIPE__L0-off.__PIPE__L2-off.__PIPE__L3-off.__PIPE__L4-off.__TILE__L0-1.__TILE__L2-1.__TILE__L3-1.__TILE__L4-1,target,query,query,finetune_dataset,data_21.pt,8670477.0,graphgps_lite,1,50,paper_exact_seed1,0.10290836542844772,0.08001387119293213,0.022894494235515594,0.05999999865889549,0.07721739262342453,0.017217393964529037,0.019999999552965164,0.02269802987575531,0.002698030322790146,0.029999999329447746,0.044554248452186584,0.014554249122738838,0.14000000059604645,0.13317497074604034,0.0068250298500061035
3ab94196b68919ce,fdtd-2d-large,fdtd-2d-large,lv2:__PARA__L0-1.__PARA__L1-1.__PARA__L2-1.__PARA__L3-1.__PARA__L4-1.__PARA__L5-4.__PARA__L6-32.__PARA__L7-1.__PIPE__L0-off.__PIPE__L2-off.__PIPE__L3-off.__PIPE__L4-off.__TILE__L0-1.__TILE__L2-1.__TILE__L3-1.__TILE__L4-1,target,query,query,finetune_dataset,data_25.pt,7476477.0,graphgps_lite,1,50,paper_exact_seed1,0.20978474617004395,0.14159446954727173,0.06819027662277222,0.05999999865889549,0.08477474004030228,0.024774741381406784,0.029999999329447746,0.023137018084526062,0.006862981244921684,0.029999999329447746,0.04349242150783539,0.013492422178387642,0.14000000059604645,0.12850651144981384,0.011493489146232605
24b111d9a9860636,fdtd-2d-large,fdtd-2d-large,lv2:__PARA__L0-1.__PARA__L1-1.__PARA__L2-1.__PARA__L3-1.__PARA__L4-1.__PARA__L5-1.__PARA__L6-1.__PARA__L7-4.__PIPE__L0-off.__PIPE__L2-flatten.__PIPE__L3-flatten.__PIPE__L4-off.__TILE__L0-1.__TILE__L2-1.__TILE__L3-1.__TILE__L4-1,target,query,query,finetune_dataset,data_11.pt,3589546.0,graphgps_lite,1,50,paper_exact_seed1,0.7390633821487427,0.649709939956665,0.08935344219207764,0.6600000262260437,0.7469311952590942,0.08693116903305054,0.38999998569488525,0.4571691155433655,0.06716912984848022,0.49000000953674316,0.6008526682853699,0.11085265874862671,0.5799999833106995,0.6262919306755066,0.04629194736480713
e4bb24edea4453bc,fdtd-2d-large,fdtd-2d-large,lv2:__PARA__L0-1.__PARA__L1-16.__PARA__L2-1.__PARA__L3-1.__PARA__L4-1.__PARA__L5-8.__PARA__L6-32.__PARA__L7-32.__PIPE__L0-off.__PIPE__L2-off.__PIPE__L3-off.__PIPE__L4-off.__TILE__L0-1.__TILE__L2-199.__TILE__L3-1.__TILE__L4-199,target,query,query,finetune_dataset,data_46.pt,10068645.0,graphgps_lite,1,50,paper_exact_seed1,-0.004934771917760372,0.07982063293457031,0.08475540578365326,0.15000000596046448,0.2666686177253723,0.11666861176490784,0.05999999865889549,0.0957116037607193,0.03571160510182381,0.09000000357627869,0.15834343433380127,0.06834343075752258,0.14000000059604645,0.21333321928977966,0.07333321869373322
2cd3b2c7af7b80ef,fdtd-2d-large,fdtd-2d-large,lv2:__PARA__L0-1.__PARA__L1-1.__PARA__L2-1.__PARA__L3-1.__PARA__L4-1.__PARA__L5-1.__PARA__L6-4.__PARA__L7-1.__PIPE__L0-off.__PIPE__L2-off.__PIPE__L3-off.__PIPE__L4-off.__TILE__L0-1.__TILE__L2-1.__TILE__L3-1.__TILE__L4-1,target,query,query,finetune_dataset,data_16.pt,11700549.0,graphgps_lite,1,50,paper_exact_seed1,-0.11328811198472977,0.0698704719543457,0.18315857648849487,0.019999999552965164,0.07290485501289368,0.05290485545992851,0.009999999776482582,0.014865592122077942,0.00486559234559536,0.009999999776482582,0.040243953466415405,0.030243953689932823,0.20000000298023224,0.14675766229629517,0.05324234068393707
6e8e3db885d78bd2,fdtd-2d-large,fdtd-2d-large,lv2:__PARA__L0-1.__PARA__L1-1.__PARA__L2-1.__PARA__L3-1.__PARA__L4-1.__PARA__L5-1.__PARA__L6-8.__PARA__L7-1.__PIPE__L0-off.__PIPE__L2-off.__PIPE__L3-off.__PIPE__L4-off.__TILE__L0-1.__TILE__L2-1.__TILE__L3-1.__TILE__L4-1,target,query,query,finetune_dataset,data_17.pt,11180549.0,graphgps_lite,1,50,paper_exact_seed1,-0.08049551397562027,0.09915429353713989,0.17964980006217957,0.029999999329447746,0.06214053928852081,0.03214053809642792,0.009999999776482582,0.013355016708374023,0.0033550169318914413,0.019999999552965164,0.01880769431591034,0.0011923052370548248,0.20000000298023224,0.11938382685184479,0.08061617612838745
f24e208669d5e7a1,fdtd-2d-large,fdtd-2d-large,lv2:__PARA__L0-1.__PARA__L1-32.__PARA__L2-1.__PARA__L3-1.__PARA__L4-1.__PARA__L5-1.__PARA__L6-1.__PARA__L7-4.__PIPE__L0-off.__PIPE__L2-flatten.__PIPE__L3-flatten.__PIPE__L4-off.__TILE__L0-1.__TILE__L2-1.__TILE__L3-1.__TILE__L4-199,target,query,query,finetune_dataset,data_64.pt,3566533.0,graphgps_lite,1,50,paper_exact_seed1,0.7437028884887695,0.8023554086685181,0.058652520179748535,0.6600000262260437,1.0253487825393677,0.365348756313324,0.38999998569488525,0.6057333946228027,0.21573340892791748,0.49000000953674316,0.8339242339134216,0.34392422437667847,0.5799999833106995,0.7345345616340637,0.15453457832336426
d26ee52b22ad5721,fdtd-2d-large,fdtd-2d-large,lv2:__PARA__L0-1.__PARA__L1-32.__PARA__L2-1.__PARA__L3-2.__PARA__L4-1.__PARA__L5-1.__PARA__L6-1.__PARA__L7-4.__PIPE__L0-off.__PIPE__L2-flatten.__PIPE__L3-flatten.__PIPE__L4-off.__TILE__L0-1.__TILE__L2-1.__TILE__L3-1.__TILE__L4-1,target,query,query,finetune_dataset,data_68.pt,3476933.0,graphgps_lite,1,50,paper_exact_seed1,0.7620564103126526,0.6428506970405579,0.11920571327209473,1.0499999523162842,0.775820255279541,0.27417969703674316,0.6800000071525574,0.5301700234413147,0.14982998371124268,0.9700000286102295,0.629357099533081,0.34064292907714844,0.6899999976158142,0.6136799454689026,0.07632005214691162
83d44c1a40c535cb,fdtd-2d-large,fdtd-2d-large,lv2:__PARA__L0-1.__PARA__L1-1.__PARA__L2-1.__PARA__L3-1.__PARA__L4-1.__PARA__L5-8.__PARA__L6-32.__PARA__L7-4.__PIPE__L0-off.__PIPE__L2-off.__PIPE__L3-off.__PIPE__L4-off.__TILE__L0-1.__TILE__L2-1.__TILE__L3-1.__TILE__L4-1,target,query,query,finetune_dataset,data_36.pt,4647676.0,graphgps_lite,1,50,paper_exact_seed1,0.5527092814445496,0.4878939092159271,0.06481537222862244,0.07000000029802322,0.08906343579292297,0.01906343549489975,0.029999999329447746,0.02036266028881073,0.009637339040637016,0.029999999329447746,0.06422343850135803,0.03422343730926514,0.07999999821186066,0.11005724221467972,0.03005724400281906
7342717a39f30c3d,fdtd-2d-large,fdtd-2d-large,lv2:__PARA__L0-1.__PARA__L1-1.__PARA__L2-1.__PARA__L3-1.__PARA__L4-1.__PARA__L5-2.__PARA__L6-1.__PARA__L7-1.__PIPE__L0-off.__PIPE__L2-off.__PIPE__L3-flatten.__PIPE__L4-off.__TILE__L0-1.__TILE__L2-1.__TILE__L3-1.__TILE__L4-1,target,query,query,finetune_dataset,data_20.pt,7216078.0,graphgps_lite,1,50,paper_exact_seed1,0.23535658419132233,0.20439645648002625,0.03096012771129608,0.5600000023841858,0.6011918783187866,0.04119187593460083,0.30000001192092896,0.33672741055488586,0.03672739863395691,0.49000000953674316,0.5150555968284607,0.02505558729171753,0.41999998688697815,0.4224548935890198,0.002454906702041626
02af129af3b47dd9,fdtd-2d-large,fdtd-2d-large,lv2:__PARA__L0-1.__PARA__L1-16.__PARA__L2-1.__PARA__L3-2.__PARA__L4-199.__PARA__L5-8.__PARA__L6-1.__PARA__L7-32.__PIPE__L0-off.__PIPE__L2-off.__PIPE__L3-flatten.__PIPE__L4-off.__TILE__L0-100.__TILE__L2-1.__TILE__L3-1.__TILE__L4-1,target,query,query,finetune_dataset,data_53.pt,91008808.0,graphgps_lite,1,50,paper_exact_seed1,-1.5930030345916748,-1.420684576034546,0.1723184585571289,0.9399999976158142,0.5199326276779175,0.42006736993789673,0.6200000047683716,0.28290435671806335,0.3370956480503082,0.9800000190734863,0.4266909956932068,0.5533090233802795,0.8700000047683716,0.5285141468048096,0.341485857963562
2579e364929f0376,fdtd-2d-large,fdtd-2d-large,lv2:__PARA__L0-1.__PARA__L1-16.__PARA__L2-1.__PARA__L3-1.__PARA__L4-1.__PARA__L5-8.__PARA__L6-32.__PARA__L7-32.__PIPE__L0-off.__PIPE__L2-off.__PIPE__L3-off.__PIPE__L4-off.__TILE__L0-100.__TILE__L2-1.__TILE__L3-1.__TILE__L4-1,target,query,query,finetune_dataset,data_47.pt,10068645.0,graphgps_lite,1,50,paper_exact_seed1,-0.004934771917760372,0.2835165560245514,0.28845131397247314,0.15000000596046448,0.14345379173755646,0.00654621422290802,0.05999999865889549,0.048820823431015015,0.011179175227880478,0.09000000357627869,0.1534651219844818,0.06346511840820312,0.14000000059604645,0.18212857842445374,0.04212857782840729
18b5cb1e7e04b5d5,fdtd-2d-large,fdtd-2d-large,lv2:__PARA__L0-1.__PARA__L1-1.__PARA__L2-1.__PARA__L3-1.__PARA__L4-1.__PARA__L5-8.__PARA__L6-1.__PARA__L7-4.__PIPE__L0-off.__PIPE__L2-off.__PIPE__L3-flatten.__PIPE__L4-off.__TILE__L0-1.__TILE__L2-1.__TILE__L3-1.__TILE__L4-1,target,query,query,finetune_dataset,data_30.pt,3211477.0,graphgps_lite,1,50,paper_exact_seed1,0.8193455934524536,0.7416592836380005,0.07768630981445312,0.5600000023841858,0.6085092425346375,0.04850924015045166,0.3100000023841858,0.34613320231437683,0.03613319993019104,0.49000000953674316,0.5160771608352661,0.02607715129852295,0.36000001430511475,0.4387526512145996,0.07875263690948486
ee17c82068784e7b,fdtd-2d-large,fdtd-2d-large,lv2:__PARA__L0-1.__PARA__L1-16.__PARA__L2-1.__PARA__L3-2.__PARA__L4-199.__PARA__L5-8.__PARA__L6-1.__PARA__L7-32.__PIPE__L0-off.__PIPE__L2-off.__PIPE__L3-flatten.__PIPE__L4-off.__TILE__L0-1.__TILE__L2-1.__TILE__L3-1.__TILE__L4-1,target,query,query,finetune_dataset,data_52.pt,91008808.0,graphgps_lite,1,50,paper_exact_seed1,-1.5930030345916748,-1.6124956607818604,0.019492626190185547,0.9399999976158142,0.5014783143997192,0.43852168321609497,0.6200000047683716,0.2694818377494812,0.3505181670188904,0.9800000190734863,0.4590907692909241,0.5209092497825623,0.8700000047683716,0.5258381962776184,0.3441618084907532
0e9358c8b4f372d2,fdtd-2d-large,fdtd-2d-large,lv2:__PARA__L0-1.__PARA__L1-1.__PARA__L2-1.__PARA__L3-1.__PARA__L4-1.__PARA__L5-8.__PARA__L6-32.__PARA__L7-16.__PIPE__L0-off.__PIPE__L2-off.__PIPE__L3-off.__PIPE__L4-off.__TILE__L0-1.__TILE__L2-1.__TILE__L3-1.__TILE__L4-1,target,query,query,finetune_dataset,data_33.pt,3990976.0,graphgps_lite,1,50,paper_exact_seed1,0.6625932455062866,0.8343957662582397,0.17180252075195312,0.10000000149011612,0.09631092846393585,0.0036890730261802673,0.03999999910593033,0.027704983949661255,0.012295015156269073,0.03999999910593033,0.047743722796440125,0.007743723690509796,0.07999999821186066,0.09277099370956421,0.012770995497703552
b0762bcf12adbd4f,fdtd-2d-large,fdtd-2d-large,lv2:__PARA__L0-1.__PARA__L1-16.__PARA__L2-199.__PARA__L3-1.__PARA__L4-1.__PARA__L5-8.__PARA__L6-32.__PARA__L7-32.__PIPE__L0-off.__PIPE__L2-off.__PIPE__L3-off.__PIPE__L4-off.__TILE__L0-1.__TILE__L2-1.__TILE__L3-1.__TILE__L4-199,target,query,query,finetune_dataset,data_56.pt,12799945.0,graphgps_lite,1,50,paper_exact_seed1,-0.17806880176067352,-0.5071319341659546,0.3290631175041199,0.14000000059604645,0.22003231942653656,0.08003231883049011,0.05999999865889549,0.09543055295944214,0.035430554300546646,0.09000000357627869,0.1311168521642685,0.04111684858798981,0.25999999046325684,0.31393444538116455,0.053934454917907715
07ce34eb13641c98,fdtd-2d-large,fdtd-2d-large,lv2:__PARA__L0-1.__PARA__L1-4.__PARA__L2-1.__PARA__L3-1.__PARA__L4-199.__PARA__L5-8.__PARA__L6-32.__PARA__L7-32.__PIPE__L0-off.__PIPE__L2-off.__PIPE__L3-off.__PIPE__L4-off.__TILE__L0-1.__TILE__L2-1.__TILE__L3-1.__TILE__L4-1,target,query,query,finetune_dataset,data_73.pt,96495104.0,graphgps_lite,1,50,paper_exact_seed1,-1.635227918624878,-1.6748135089874268,0.03958559036254883,0.10999999940395355,0.07967668026685715,0.030323319137096405,0.05000000074505806,0.04756319522857666,0.0024368055164813995,0.05000000074505806,0.028341203927993774,0.021658796817064285,0.3199999928474426,0.32920002937316895,0.009200036525726318
8f5ccf53930158b0,fdtd-2d-large,fdtd-2d-large,lv2:__PARA__L0-1.__PARA__L1-16.__PARA__L2-1.__PARA__L3-1.__PARA__L4-1.__PARA__L5-8.__PARA__L6-32.__PARA__L7-1.__PIPE__L0-off.__PIPE__L2-off.__PIPE__L3-off.__PIPE__L4-flatten.__TILE__L0-1.__TILE__L2-199.__TILE__L3-1.__TILE__L4-199,target,query,query,finetune_dataset,data_43.pt,943474.0,graphgps_lite,1,50,paper_exact_seed1,1.7029367685317993,1.1509429216384888,0.5519938468933105,0.9200000166893005,0.9910469651222229,0.07104694843292236,0.4300000071525574,0.45246464014053345,0.022464632987976074,0.699999988079071,0.8104847073554993,0.11048471927642822,0.5799999833106995,0.6260905861854553,0.04609060287475586
3ed41a68d0ef9bf1,fdtd-2d-large,fdtd-2d-large,lv2:__PARA__L0-1.__PARA__L1-1.__PARA__L2-1.__PARA__L3-1.__PARA__L4-1.__PARA__L5-16.__PARA__L6-32.__PARA__L7-1.__PIPE__L0-off.__PIPE__L2-off.__PIPE__L3-off.__PIPE__L4-off.__TILE__L0-1.__TILE__L2-1.__TILE__L3-1.__TILE__L4-1,target,query,query,finetune_dataset,data_19.pt,6879677.0,graphgps_lite,1,50,paper_exact_seed1,0.26979362964630127,0.09301793575286865,0.17677569389343262,0.07000000029802322,0.052596792578697205,0.01740320771932602,0.029999999329447746,0.015522286295890808,0.014477713033556938,0.029999999329447746,0.007702961564064026,0.02229703776538372,0.14000000059604645,0.10134291648864746,0.03865708410739899
3c53a61a8a2f38ac,fdtd-2d-large,fdtd-2d-large,lv2:__PARA__L0-1.__PARA__L1-1.__PARA__L2-1.__PARA__L3-1.__PARA__L4-1.__PARA__L5-1.__PARA__L6-1.__PARA__L7-2.__PIPE__L0-off.__PIPE__L2-flatten.__PIPE__L3-flatten.__PIPE__L4-off.__TILE__L0-1.__TILE__L2-1.__TILE__L3-1.__TILE__L4-1,target,query,query,finetune_dataset,data_9.pt,3748746.0,graphgps_lite,1,50,paper_exact_seed1,0.7077600359916687,0.5846982002258301,0.12306183576583862,0.6600000262260437,0.7580586075782776,0.09805858135223389,0.38999998569488525,0.41971921920776367,0.029719233512878418,0.49000000953674316,0.5989856719970703,0.10898566246032715,0.5799999833106995,0.5956215858459473,0.015621602535247803
9bb098fbfbdf133e,fdtd-2d-large,fdtd-2d-large,lv2:__PARA__L0-1.__PARA__L1-1.__PARA__L2-1.__PARA__L3-1.__PARA__L4-1.__PARA__L5-1.__PARA__L6-2.__PARA__L7-1.__PIPE__L0-off.__PIPE__L2-off.__PIPE__L3-off.__PIPE__L4-off.__TILE__L0-1.__TILE__L2-1.__TILE__L3-1.__TILE__L4-1,target,query,query,finetune_dataset,data_14.pt,14361746.0,graphgps_lite,1,50,paper_exact_seed1,-0.26111558079719543,-0.024066925048828125,0.2370486557483673,0.019999999552965164,0.07859310507774353,0.058593105524778366,0.009999999776482582,0.01206989586353302,0.002069896087050438,0.0,0.022894427180290222,0.022894427180290222,0.20000000298023224,0.14307157695293427,0.056928426027297974
c0ce78ce07436a19,fdtd-2d-large,fdtd-2d-large,lv2:__PARA__L0-1.__PARA__L1-16.__PARA__L2-1.__PARA__L3-1.__PARA__L4-199.__PARA__L5-8.__PARA__L6-1.__PARA__L7-32.__PIPE__L0-off.__PIPE__L2-off.__PIPE__L3-flatten.__PIPE__L4-off.__TILE__L0-100.__TILE__L2-1.__TILE__L3-1.__TILE__L4-1,target,query,query,finetune_dataset,data_49.pt,91028704.0,graphgps_lite,1,50,paper_exact_seed1,-1.5931607484817505,-1.4558148384094238,0.13734591007232666,0.5099999904632568,0.5410196185112,0.031019628047943115,0.3199999928474426,0.30848315358161926,0.011516839265823364,0.49000000953674316,0.4488546848297119,0.04114532470703125,0.5299999713897705,0.5568002462387085,0.02680027484893799
7687b65c9eafd3b7,fdtd-2d-large,fdtd-2d-large,lv2:__PARA__L0-1.__PARA__L1-1.__PARA__L2-1.__PARA__L3-1.__PARA__L4-1.__PARA__L5-1.__PARA__L6-1.__PARA__L7-1.__PIPE__L0-off.__PIPE__L2-off.__PIPE__L3-off.__PIPE__L4-off.__TILE__L0-1.__TILE__L2-1.__TILE__L3-1.__TILE__L4-1,target,query,query,finetune_dataset,data_7.pt,14362849.0,graphgps_lite,1,50,paper_exact_seed1,-0.26117098331451416,-0.0355454683303833,0.22562551498413086,0.019999999552965164,0.08903103321790695,0.06903102993965149,0.009999999776482582,0.01763148605823517,0.007631486281752586,0.0,0.0387859046459198,0.0387859046459198,0.20000000298023224,0.13844333589076996,0.06155666708946228
9cbc317e3da96a87,fdtd-2d-large,fdtd-2d-large,lv2:__PARA__L0-1.__PARA__L1-16.__PARA__L2-1.__PARA__L3-1.__PARA__L4-1.__PARA__L5-8.__PARA__L6-32.__PARA__L7-1.__PIPE__L0-off.__PIPE__L2-off.__PIPE__L3-off.__PIPE__L4-flatten.__TILE__L0-100.__TILE__L2-1.__TILE__L3-1.__TILE__L4-1,target,query,query,finetune_dataset,data_44.pt,943474.0,graphgps_lite,1,50,paper_exact_seed1,1.7029367685317993,0.5418537259101868,1.1610829830169678,0.9200000166893005,0.7437298893928528,0.17627012729644775,0.4300000071525574,0.4059373736381531,0.024062633514404297,0.699999988079071,0.6230753064155579,0.07692468166351318,0.5799999833106995,0.47703999280929565,0.10295999050140381
7c61cac1838ff10f,fdtd-2d-large,fdtd-2d-large,lv2:__PARA__L0-1.__PARA__L1-8.__PARA__L2-1.__PARA__L3-1.__PARA__L4-199.__PARA__L5-8.__PARA__L6-32.__PARA__L7-32.__PIPE__L0-off.__PIPE__L2-off.__PIPE__L3-off.__PIPE__L4-off.__TILE__L0-1.__TILE__L2-1.__TILE__L3-1.__TILE__L4-1,target,query,query,finetune_dataset,data_76.pt,96495104.0,graphgps_lite,1,50,paper_exact_seed1,-1.635227918624878,-1.6763408184051514,0.04111289978027344,0.10999999940395355,0.08733434230089188,0.022665657103061676,0.05000000074505806,0.054745689034461975,0.004745688289403915,0.05000000074505806,0.0417252779006958,0.008274722844362259,0.3199999928474426,0.32764631509780884,0.007646322250366211
9b93827e25abbb2d,fdtd-2d-large,fdtd-2d-large,lv2:__PARA__L0-1.__PARA__L1-8.__PARA__L2-1.__PARA__L3-1.__PARA__L4-1.__PARA__L5-1.__PARA__L6-1.__PARA__L7-4.__PIPE__L0-off.__PIPE__L2-flatten.__PIPE__L3-flatten.__PIPE__L4-off.__TILE__L0-1.__TILE__L2-1.__TILE__L3-1.__TILE__L4-1,target,query,query,finetune_dataset,data_74.pt,3568546.0,graphgps_lite,1,50,paper_exact_seed1,0.7432958483695984,0.6455087661743164,0.09778708219528198,0.6600000262260437,0.7625718116760254,0.10257178544998169,0.38999998569488525,0.46854954957962036,0.07854956388473511,0.49000000953674316,0.5888025164604187,0.09880250692367554,0.5799999833106995,0.6346805095672607,0.05468052625656128
