sample_id,kernel,gname,key,dataset_role,split,support_query,cache_split,file_name,actual_perf,model,seed,k,selection,y_true_perf,y_pred_perf,abs_err_perf,y_true_util_LUT,y_pred_util_LUT,abs_err_util_LUT,y_true_util_FF,y_pred_util_FF,abs_err_util_FF,y_true_util_DSP,y_pred_util_DSP,abs_err_util_DSP,y_true_util_BRAM,y_pred_util_BRAM,abs_err_util_BRAM
c64f6f43879e6cb6,syr2k,syr2k,lv2:__PARA__L0-1.__PARA__L1-1.__PARA__L2-1.__PARA__L3-2.__PIPE__L0-off.__PIPE__L2-off.__TILE__L0-1.__TILE__L2-1,target,support,support,finetune_dataset,data_921.pt,341981.0,sgformer_rgcn_qor,4,50,kmeans,2.434969902038574,2.6181273460388184,0.18315744400024414,0.009999999776482582,0.4094023108482361,0.39940232038497925,0.0,0.3999282121658325,0.3999282121658325,0.0,-0.003263719379901886,0.003263719379901886,0.029999999329447746,-0.02199559286236763,0.05199559032917023
836ae386a69d9da6,syr2k,syr2k,lv2:__PARA__L0-1.__PARA__L1-1.__PARA__L2-4.__PARA__L3-1.__PIPE__L0-off.__PIPE__L2-flatten.__TILE__L0-1.__TILE__L2-4,target,support,support,finetune_dataset,data_953.pt,137307.0,sgformer_rgcn_qor,4,50,kmeans,3.0932254791259766,3.1983509063720703,0.10512542724609375,0.17000000178813934,0.071849524974823,0.09815047681331635,0.10000000149011612,0.2793313264846802,0.17933133244514465,0.019999999552965164,0.047641508281230927,0.027641508728265762,0.009999999776482582,0.07774634659290314,0.0677463486790657
b2583f4d8e1d72d3,syr2k,syr2k,lv2:__PARA__L0-1.__PARA__L1-1.__PARA__L2-2.__PARA__L3-1.__PIPE__L0-off.__PIPE__L2-flatten.__TILE__L0-1.__TILE__L2-2,target,support,support,finetune_dataset,data_939.pt,299271.0,sgformer_rgcn_qor,4,50,kmeans,2.5312018394470215,3.1930832862854004,0.6618814468383789,0.10999999940395355,0.09417504072189331,0.01582495868206024,0.07000000029802322,0.26711761951446533,0.1971176266670227,0.019999999552965164,-0.012893922626972198,0.03289392217993736,0.019999999552965164,0.07611019909381866,0.0561101995408535
6533dd41aee879ef,syr2k,syr2k,lv2:__PARA__L0-1.__PARA__L1-2.__PARA__L2-1.__PARA__L3-80.__PIPE__L0-off.__PIPE__L2-off.__TILE__L0-1.__TILE__L2-1,target,support,support,finetune_dataset,data_988.pt,71821.0,sgformer_rgcn_qor,4,50,kmeans,3.5606892108917236,3.3795716762542725,0.18111753463745117,0.09000000357627869,0.12130850553512573,0.031308501958847046,0.03999999910593033,-0.14806735515594482,0.18806734681129456,0.03999999910593033,-0.18668007850646973,0.22668007016181946,0.05000000074505806,-0.013844776898622513,0.06384477764368057
d73266b5cab341fd,syr2k,syr2k,lv2:__PARA__L0-1.__PARA__L1-1.__PARA__L2-2.__PARA__L3-1.__PIPE__L0-off.__PIPE__L2-flatten.__TILE__L0-1.__TILE__L2-4,target,support,support,finetune_dataset,data_940.pt,197467.0,sgformer_rgcn_qor,4,50,kmeans,2.831122398376465,3.1848018169403076,0.3536794185638428,0.18000000715255737,0.0816766619682312,0.09832334518432617,0.09000000357627869,0.26624977588653564,0.17624977231025696,0.019999999552965164,0.005864851176738739,0.014135148376226425,0.009999999776482582,0.07904155552387238,0.06904155761003494
91a8fd411290510c,syr2k,syr2k,lv2:__PARA__L0-1.__PARA__L1-8.__PARA__L2-1.__PARA__L3-32.__PIPE__L0-off.__PIPE__L2-off.__TILE__L0-1.__TILE__L2-1,target,support,support,finetune_dataset,data_1021.pt,1999729.0,sgformer_rgcn_qor,4,50,kmeans,1.1610617637634277,3.005615472793579,1.8445537090301514,0.10000000149011612,0.20738905668258667,0.10738905519247055,0.03999999910593033,0.3478595018386841,0.30785951018333435,0.10000000149011612,0.300861120223999,0.2008611261844635,0.019999999552965164,0.07198794186115265,0.051987942308187485
0e54b1930d7346eb,syr2k,syr2k,lv2:__PARA__L0-1.__PARA__L1-32.__PARA__L2-1.__PARA__L3-16.__PIPE__L0-off.__PIPE__L2-off.__TILE__L0-1.__TILE__L2-1,target,support,support,finetune_dataset,data_1006.pt,169901.0,sgformer_rgcn_qor,4,50,kmeans,2.9395809173583984,3.09106707572937,0.15148615837097168,0.03999999910593033,0.5023571848869324,0.46235719323158264,0.019999999552965164,0.5034781694412231,0.4834781587123871,0.05000000074505806,0.3855092525482178,0.3355092406272888,0.07999999821186066,-0.07311742007732391,0.15311741828918457
10184b53b46431f3,syr2k,syr2k,lv2:__PARA__L0-1.__PARA__L1-1.__PARA__L2-1.__PARA__L3-1.__PIPE__L0-off.__PIPE__L2-flatten.__TILE__L0-1.__TILE__L2-8,target,support,support,finetune_dataset,data_917.pt,195227.0,sgformer_rgcn_qor,4,50,kmeans,2.8393518924713135,3.144242525100708,0.30489063262939453,0.1599999964237213,0.07503241300582886,0.08496758341789246,0.09000000357627869,0.2497025728225708,0.15970256924629211,0.019999999552965164,0.020578138530254364,0.0005781389772891998,0.009999999776482582,0.09652777016162872,0.08652777224779129
0bb1acf1c6bdd6ca,syr2k,syr2k,lv2:__PARA__L0-1.__PARA__L1-1.__PARA__L2-1.__PARA__L3-16.__PIPE__L0-off.__PIPE__L2-off.__TILE__L0-1.__TILE__L2-1,target,support,support,finetune_dataset,data_920.pt,173981.0,sgformer_rgcn_qor,4,50,kmeans,2.9224631786346436,2.842581033706665,0.07988214492797852,0.029999999329447746,0.2759513258934021,0.2459513247013092,0.009999999776482582,0.34963810443878174,0.3396381139755249,0.05000000074505806,0.17308497428894043,0.12308497726917267,0.07999999821186066,0.05460710451006889,0.025392893701791763
275dbf1f298d56dc,syr2k,syr2k,lv2:__PARA__L0-1.__PARA__L1-4.__PARA__L2-5.__PARA__L3-80.__PIPE__L0-off.__PIPE__L2-NA.__TILE__L0-1.__TILE__L2-1,target,support,support,finetune_dataset,data_1016.pt,54007.0,sgformer_rgcn_qor,4,50,kmeans,3.7663190364837646,4.008810997009277,0.2424919605255127,0.10999999940395355,0.054501235485076904,0.05549876391887665,0.07000000029802322,-0.1604822874069214,0.230482280254364,0.029999999329447746,-0.008762605488300323,0.03876260668039322,0.05999999865889549,0.17037542164325714,0.11037541925907135
0bc9dfce5103edff,syr2k,syr2k,lv2:__PARA__L0-1.__PARA__L1-2.__PARA__L2-4.__PARA__L3-1.__PIPE__L0-off.__PIPE__L2-flatten.__TILE__L0-1.__TILE__L2-1,target,support,support,finetune_dataset,data_996.pt,48381.0,sgformer_rgcn_qor,4,50,kmeans,3.8456718921661377,3.246647596359253,0.5990242958068848,0.09000000357627869,0.09457987546920776,0.004579871892929077,0.05000000074505806,0.27885448932647705,0.2288544923067093,0.029999999329447746,0.03367399424314499,0.0036739949136972427,0.05000000074505806,0.07312627136707306,0.023126270622015
415d047616978069,syr2k,syr2k,lv2:__PARA__L0-1.__PARA__L1-2.__PARA__L2-10.__PARA__L3-1.__PIPE__L0-off.__PIPE__L2-flatten.__TILE__L0-1.__TILE__L2-1,target,support,support,finetune_dataset,data_989.pt,50701.0,sgformer_rgcn_qor,4,50,kmeans,3.811885118484497,3.3041741847991943,0.5077109336853027,0.18000000715255737,0.08671396970748901,0.09328603744506836,0.10999999940395355,0.3096047639846802,0.19960476458072662,0.029999999329447746,0.12058042734861374,0.09058042615652084,0.05000000074505806,0.07303257286548615,0.023032572120428085
d91bf35255f0a557,syr2k,syr2k,lv2:__PARA__L0-1.__PARA__L1-8.__PARA__L2-4.__PARA__L3-80.__PIPE__L0-off.__PIPE__L2-off.__TILE__L0-1.__TILE__L2-1,target,support,support,finetune_dataset,data_1029.pt,46061.0,sgformer_rgcn_qor,4,50,kmeans,3.8811192512512207,3.5969057083129883,0.2842135429382324,0.10000000149011612,0.10336035490036011,0.003360353410243988,0.05999999865889549,-0.16224563121795654,0.22224563360214233,0.029999999329447746,-0.02170301228761673,0.051703013479709625,0.05000000074505806,0.03227193281054497,0.017728067934513092
967811736021b32d,syr2k,syr2k,lv2:__PARA__L0-1.__PARA__L1-1.__PARA__L2-10.__PARA__L3-80.__PIPE__L0-off.__PIPE__L2-off.__TILE__L0-1.__TILE__L2-1,target,support,support,finetune_dataset,data_933.pt,53901.0,sgformer_rgcn_qor,4,50,kmeans,3.7677361965179443,3.5148489475250244,0.2528872489929199,0.18000000715255737,0.04065436124801636,0.13934564590454102,0.10999999940395355,-0.18971717357635498,0.2997171878814697,0.029999999329447746,-0.03422761708498001,0.0642276182770729,0.05000000074505806,0.018037986010313034,0.031962014734745026
504cc116f687b53b,syr2k,syr2k,lv2:__PARA__L0-1.__PARA__L1-1.__PARA__L2-2.__PARA__L3-1.__PIPE__L0-off.__PIPE__L2-flatten.__TILE__L0-1.__TILE__L2-8,target,support,support,finetune_dataset,data_941.pt,136347.0,sgformer_rgcn_qor,4,50,kmeans,3.0982866287231445,3.1483170986175537,0.05003046989440918,0.18000000715255737,0.06580561399459839,0.11419439315795898,0.09000000357627869,0.25337231159210205,0.16337230801582336,0.019999999552965164,0.03777860850095749,0.017778608947992325,0.009999999776482582,0.09354086220264435,0.08354086428880692
ac15cc16356e3d5e,syr2k,syr2k,lv2:__PARA__L0-1.__PARA__L1-1.__PARA__L2-8.__PARA__L3-1.__PIPE__L0-off.__PIPE__L2-flatten.__TILE__L0-1.__TILE__L2-2,target,support,support,finetune_dataset,data_970.pt,137547.0,sgformer_rgcn_qor,4,50,kmeans,3.091965675354004,3.2717673778533936,0.17980170249938965,0.23000000417232513,0.07570475339889526,0.15429525077342987,0.14000000059604645,0.30514824390411377,0.16514824330806732,0.019999999552965164,0.09549879282712936,0.0754987895488739,0.009999999776482582,0.07906682789325714,0.06906682997941971
5cf7d8cc09de0429,syr2k,syr2k,lv2:__PARA__L0-1.__PARA__L1-4.__PARA__L2-1.__PARA__L3-80.__PIPE__L0-off.__PIPE__L2-NA.__TILE__L0-1.__TILE__L2-1,target,support,support,finetune_dataset,data_1009.pt,70221.0,sgformer_rgcn_qor,4,50,kmeans,3.5769407749176025,3.9633097648620605,0.386368989944458,0.10000000149011612,0.12037009000778198,0.020370088517665863,0.03999999910593033,-0.165979266166687,0.20597925782203674,0.03999999910593033,-0.12734055519104004,0.16734054684638977,0.05000000074505806,0.15825600922107697,0.1082560122013092
2883fd2e756dad0a,syr2k,syr2k,lv2:__PARA__L0-1.__PARA__L1-2.__PARA__L2-3.__PARA__L3-1.__PIPE__L0-off.__PIPE__L2-flatten.__TILE__L0-1.__TILE__L2-1,target,support,support,finetune_dataset,data_993.pt,55611.0,sgformer_rgcn_qor,4,50,kmeans,3.7452070713043213,3.2311110496520996,0.5140960216522217,0.07999999821186066,0.10063284635543823,0.020632848143577576,0.05000000074505806,0.27357399463653564,0.22357399761676788,0.029999999329447746,0.013931028544902802,0.016068970784544945,0.05000000074505806,0.07264812290668488,0.022648122161626816
bf6fe22800bedaed,syr2k,syr2k,lv2:__PARA__L0-1.__PARA__L1-1.__PARA__L2-10.__PARA__L3-1.__PIPE__L0-off.__PIPE__L2-flatten.__TILE__L0-1.__TILE__L2-4,target,support,support,finetune_dataset,data_931.pt,111517.0,sgformer_rgcn_qor,4,50,kmeans,3.2432963848114014,3.2838473320007324,0.040550947189331055,0.23999999463558197,0.09132117033004761,0.14867882430553436,0.14000000059604645,0.31348907947540283,0.17348907887935638,0.019999999552965164,0.13202261924743652,0.11202262341976166,0.009999999776482582,0.08407540619373322,0.07407540827989578
357b49644113aa28,syr2k,syr2k,lv2:__PARA__L0-1.__PARA__L1-4.__PARA__L2-5.__PARA__L3-80.__PIPE__L0-off.__PIPE__L2-off.__TILE__L0-1.__TILE__L2-1,target,support,support,finetune_dataset,data_1017.pt,54007.0,sgformer_rgcn_qor,4,50,kmeans,3.7663190364837646,3.4969589710235596,0.2693600654602051,0.10999999940395355,0.08617132902145386,0.023828670382499695,0.07000000029802322,-0.18647658824920654,0.25647658109664917,0.029999999329447746,-0.059049852192401886,0.08904985338449478,0.05999999865889549,0.023459386080503464,0.03654061257839203
76568d6ea0ffdca1,syr2k,syr2k,lv2:__PARA__L0-1.__PARA__L1-4.__PARA__L2-2.__PARA__L3-80.__PIPE__L0-off.__PIPE__L2-NA.__TILE__L0-1.__TILE__L2-1,target,support,support,finetune_dataset,data_1011.pt,49183.0,sgformer_rgcn_qor,4,50,kmeans,3.8338122367858887,3.980741262435913,0.14692902565002441,0.10999999940395355,0.08755654096603394,0.022443458437919617,0.05000000074505806,-0.17290008068084717,0.22290007770061493,0.029999999329447746,-0.09732843190431595,0.12732842564582825,0.05000000074505806,0.16176016628742218,0.11176016926765442
6e7dc87d3b844561,syr2k,syr2k,lv2:__PARA__L0-1.__PARA__L1-1.__PARA__L2-3.__PARA__L3-1.__PIPE__L0-off.__PIPE__L2-flatten.__TILE__L0-1.__TILE__L2-8,target,support,support,finetune_dataset,data_948.pt,136186.0,sgformer_rgcn_qor,4,50,kmeans,3.0991389751434326,3.1537415981292725,0.054602622985839844,0.11999999731779099,0.057186782360076904,0.06281321495771408,0.10000000149011612,0.25703537464141846,0.15703538060188293,0.019999999552965164,0.055841200053691864,0.0358412005007267,0.029999999329447746,0.09108813107013702,0.06108812987804413
d56de68b5818f2c0,syr2k,syr2k,lv2:__PARA__L0-1.__PARA__L1-2.__PARA__L2-2.__PARA__L3-80.__PIPE__L0-off.__PIPE__L2-off.__TILE__L0-1.__TILE__L2-1,target,support,support,finetune_dataset,data_992.pt,50783.0,sgformer_rgcn_qor,4,50,kmeans,3.8107192516326904,3.397730827331543,0.41298842430114746,0.10999999940395355,0.09524029493331909,0.01475970447063446,0.05000000074505806,-0.15369880199432373,0.2036987990140915,0.029999999329447746,-0.16336274147033691,0.1933627426624298,0.05000000074505806,-0.009499836713075638,0.0594998374581337
e091829cd7eccb45,syr2k,syr2k,lv2:__PARA__L0-1.__PARA__L1-4.__PARA__L2-3.__PARA__L3-80.__PIPE__L0-off.__PIPE__L2-off.__TILE__L0-1.__TILE__L2-1,target,support,support,finetune_dataset,data_1014.pt,54011.0,sgformer_rgcn_qor,4,50,kmeans,3.766265630722046,3.4621074199676514,0.30415821075439453,0.07999999821186066,0.10391014814376831,0.023910149931907654,0.05000000074505806,-0.16488254070281982,0.21488253772258759,0.029999999329447746,-0.1021120622754097,0.132112056016922,0.05000000074505806,0.009938191622495651,0.04006180912256241
d852e2c5f079503a,syr2k,syr2k,lv2:__PARA__L0-1.__PARA__L1-1.__PARA__L2-5.__PARA__L3-1.__PIPE__L0-off.__PIPE__L2-flatten.__TILE__L0-1.__TILE__L2-4,target,support,support,finetune_dataset,data_959.pt,127693.0,sgformer_rgcn_qor,4,50,kmeans,3.1455883979797363,3.211642265319824,0.06605386734008789,0.10999999940395355,0.0731164813041687,0.03688351809978485,0.07000000029802322,0.2855416536331177,0.21554166078567505,0.019999999552965164,0.06456159800291061,0.04456159844994545,0.029999999329447746,0.0780458003282547,0.048045799136161804
6b4151c6c70b25a0,syr2k,syr2k,lv2:__PARA__L0-1.__PARA__L1-8.__PARA__L2-1.__PARA__L3-80.__PIPE__L0-off.__PIPE__L2-off.__TILE__L0-1.__TILE__L2-1,target,support,support,finetune_dataset,data_1023.pt,69501.0,sgformer_rgcn_qor,4,50,kmeans,3.5843753814697266,3.571377992630005,0.01299738883972168,0.10000000149011612,0.13199013471603394,0.031990133225917816,0.03999999910593033,-0.16250121593475342,0.20250120759010315,0.03999999910593033,-0.09180665761232376,0.1318066567182541,0.05000000074505806,0.014180611819028854,0.035819388926029205
4774b62b72a175a9,syr2k,syr2k,lv2:__PARA__L0-1.__PARA__L1-2.__PARA__L2-6.__PARA__L3-80.__PIPE__L0-off.__PIPE__L2-NA.__TILE__L0-1.__TILE__L2-1,target,support,support,finetune_dataset,data_1003.pt,50701.0,sgformer_rgcn_qor,4,50,kmeans,3.811885118484497,3.984719753265381,0.1728346347808838,0.11999999731779099,0.02924269437789917,0.09075730293989182,0.07000000029802322,-0.16266143321990967,0.2326614260673523,0.029999999329447746,-0.027464158833026886,0.05746416002511978,0.05000000074505806,0.16013212502002716,0.1101321280002594
a38d96984259f519,syr2k,syr2k,lv2:__PARA__L0-1.__PARA__L1-8.__PARA__L2-2.__PARA__L3-80.__PIPE__L0-off.__PIPE__L2-off.__TILE__L0-1.__TILE__L2-1,target,support,support,finetune_dataset,data_1025.pt,48463.0,sgformer_rgcn_qor,4,50,kmeans,3.8444502353668213,3.5758416652679443,0.26860857009887695,0.10999999940395355,0.12293881177902222,0.012938812375068665,0.05000000074505806,-0.15793025493621826,0.20793025195598602,0.029999999329447746,-0.06800390034914017,0.09800390154123306,0.05000000074505806,0.018693041056394577,0.03130695968866348
9aa40f9b87b12852,syr2k,syr2k,lv2:__PARA__L0-1.__PARA__L1-4.__PARA__L2-4.__PARA__L3-80.__PIPE__L0-off.__PIPE__L2-NA.__TILE__L0-1.__TILE__L2-1,target,support,support,finetune_dataset,data_1015.pt,46781.0,sgformer_rgcn_qor,4,50,kmeans,3.8699307441711426,4.00084924697876,0.1309185028076172,0.09000000357627869,0.06365698575973511,0.02634301781654358,0.05000000074505806,-0.16605842113494873,0.2160584181547165,0.029999999329447746,-0.03758455067873001,0.0675845518708229,0.05000000074505806,0.1688813716173172,0.11888137459754944
dcf12e0495e8bad7,syr2k,syr2k,lv2:__PARA__L0-1.__PARA__L1-2.__PARA__L2-1.__PARA__L3-20.__PIPE__L0-off.__PIPE__L2-off.__TILE__L0-1.__TILE__L2-1,target,support,support,finetune_dataset,data_985.pt,166849.0,sgformer_rgcn_qor,4,50,kmeans,2.9526565074920654,2.8708651065826416,0.08179140090942383,0.07000000029802322,0.24550455808639526,0.17550456523895264,0.029999999329447746,0.333598256111145,0.3035982549190521,0.07999999821186066,0.2038581371307373,0.12385813891887665,0.019999999552965164,0.06580705940723419,0.04580705985426903
5ae5480f40dee700,syr2k,syr2k,lv2:__PARA__L0-1.__PARA__L1-1.__PARA__L2-20.__PARA__L3-1.__PIPE__L0-off.__PIPE__L2-flatten.__TILE__L0-1.__TILE__L2-2,target,support,support,finetune_dataset,data_944.pt,106747.0,sgformer_rgcn_qor,4,50,kmeans,3.2748303413391113,3.3265206813812256,0.05169034004211426,0.3199999928474426,0.13974350690841675,0.18025648593902588,0.5099999904632568,0.3484536409378052,0.16154634952545166,0.03999999910593033,0.14648032188415527,0.10648032277822495,0.029999999329447746,0.0819065123796463,0.051906511187553406
3c68f4e92bb140ff,syr2k,syr2k,lv2:__PARA__L0-1.__PARA__L1-1.__PARA__L2-3.__PARA__L3-1.__PIPE__L0-off.__PIPE__L2-flatten.__TILE__L0-1.__TILE__L2-2,target,support,support,finetune_dataset,data_946.pt,232897.0,sgformer_rgcn_qor,4,50,kmeans,2.7120821475982666,3.2051193714141846,0.49303722381591797,0.07999999821186066,0.08624094724655151,0.006240949034690857,0.05000000074505806,0.2735186815261841,0.22351868450641632,0.019999999552965164,0.008729688823223114,0.01127031072974205,0.019999999552965164,0.07529695332050323,0.05529695376753807
fe97f1c7f7557306,syr2k,syr2k,lv2:__PARA__L0-1.__PARA__L1-1.__PARA__L2-1.__PARA__L3-1.__PIPE__L0-off.__PIPE__L2-flatten.__TILE__L0-1.__TILE__L2-4,target,support,support,finetune_dataset,data_915.pt,296869.0,sgformer_rgcn_qor,4,50,kmeans,2.537014961242676,3.178607225418091,0.641592264175415,0.09000000357627869,0.09214991331100464,0.002149909734725952,0.05999999865889549,0.25930702686309814,0.19930702447891235,0.019999999552965164,-0.014684922993183136,0.0346849225461483,0.009999999776482582,0.08201296627521515,0.07201296836137772
eba61534fab39817,syr2k,syr2k,lv2:__PARA__L0-1.__PARA__L1-1.__PARA__L2-2.__PARA__L3-1.__PIPE__L0-off.__PIPE__L2-flatten.__TILE__L0-1.__TILE__L2-1,target,support,support,finetune_dataset,data_938.pt,53983.0,sgformer_rgcn_qor,4,50,kmeans,3.766639471054077,3.195777654647827,0.57086181640625,0.10999999940395355,0.0978514552116394,0.012148544192314148,0.05000000074505806,0.26773178577423096,0.2177317887544632,0.029999999329447746,-0.01881624013185501,0.048816241323947906,0.05000000074505806,0.07596559822559357,0.025965597480535507
792cacac89ae136d,syr2k,syr2k,lv2:__PARA__L0-1.__PARA__L1-1.__PARA__L2-12.__PARA__L3-1.__PIPE__L0-off.__PIPE__L2-flatten.__TILE__L0-1.__TILE__L2-2,target,support,support,finetune_dataset,data_934.pt,122587.0,sgformer_rgcn_qor,4,50,kmeans,3.17502498626709,3.2948644161224365,0.11983942985534668,0.28999999165534973,0.09021061658859253,0.1997893750667572,0.17000000178813934,0.3183518648147583,0.14835186302661896,0.019999999552965164,0.1320359706878662,0.11203597486019135,0.019999999552965164,0.07825584709644318,0.05825584754347801
82a8e31501b69b34,syr2k,syr2k,lv2:__PARA__L0-1.__PARA__L1-1.__PARA__L2-12.__PARA__L3-80.__PIPE__L0-off.__PIPE__L2-NA.__TILE__L0-1.__TILE__L2-1,target,support,support,finetune_dataset,data_936.pt,51501.0,sgformer_rgcn_qor,4,50,kmeans,3.8005919456481934,3.9902541637420654,0.18966221809387207,0.20999999344348907,-0.008648693561553955,0.21864868700504303,0.11999999731779099,-0.16954219341278076,0.28954219818115234,0.029999999329447746,0.057483427226543427,0.02748342789709568,0.05999999865889549,0.16476555168628693,0.10476554930210114
c9c69a637b68506d,syr2k,syr2k,lv2:__PARA__L0-1.__PARA__L1-2.__PARA__L2-1.__PARA__L3-1.__PIPE__L0-off.__PIPE__L2-flatten.__TILE__L0-1.__TILE__L2-1,target,support,support,finetune_dataset,data_983.pt,71821.0,sgformer_rgcn_qor,4,50,kmeans,3.5606892108917236,3.2066428661346436,0.3540463447570801,0.09000000357627869,0.11913937330245972,0.02913936972618103,0.03999999910593033,0.26393234729766846,0.22393235564231873,0.03999999910593033,-0.02692437916994095,0.06692437827587128,0.05000000074505806,0.07361657917499542,0.023616578429937363
50737a58f7e3c088,syr2k,syr2k,lv2:__PARA__L0-1.__PARA__L1-4.__PARA__L2-3.__PARA__L3-80.__PIPE__L0-off.__PIPE__L2-NA.__TILE__L0-1.__TILE__L2-1,target,support,support,finetune_dataset,data_1013.pt,54011.0,sgformer_rgcn_qor,4,50,kmeans,3.766265630722046,3.9899685382843018,0.22370290756225586,0.07999999821186066,0.07518595457077026,0.004814043641090393,0.05000000074505806,-0.1725367307662964,0.22253672778606415,0.029999999329447746,-0.0668337419629097,0.0968337431550026,0.05000000074505806,0.16584189236164093,0.11584189534187317
8d6e4878c2992e15,syr2k,syr2k,lv2:__PARA__L0-1.__PARA__L1-16.__PARA__L2-1.__PARA__L3-16.__PIPE__L0-off.__PIPE__L2-off.__TILE__L0-1.__TILE__L2-1,target,support,support,finetune_dataset,data_974.pt,167981.0,sgformer_rgcn_qor,4,50,kmeans,2.9477791786193848,3.0638058185577393,0.11602663993835449,0.03999999910593033,0.369273841381073,0.32927384972572327,0.019999999552965164,0.4422370195388794,0.42223700881004333,0.05000000074505806,0.3707578182220459,0.32075780630111694,0.07999999821186066,-0.012703824788331985,0.09270381927490234
b23d5c1afc604565,syr2k,syr2k,lv2:__PARA__L0-1.__PARA__L1-1.__PARA__L2-6.__PARA__L3-1.__PIPE__L0-off.__PIPE__L2-flatten.__TILE__L0-1.__TILE__L2-2,target,support,support,finetune_dataset,data_964.pt,153269.0,sgformer_rgcn_qor,4,50,kmeans,3.013895034790039,3.248831033706665,0.23493599891662598,0.11999999731779099,0.07760113477706909,0.04239886254072189,0.07999999821186066,0.29391300678253174,0.21391300857067108,0.019999999552965164,0.06460737437009811,0.04460737481713295,0.019999999552965164,0.07732827961444855,0.05732828006148338
bf91275b7e47bb6e,syr2k,syr2k,lv2:__PARA__L0-1.__PARA__L1-2.__PARA__L2-5.__PARA__L3-1.__PIPE__L0-off.__PIPE__L2-flatten.__TILE__L0-1.__TILE__L2-1,target,support,support,finetune_dataset,data_999.pt,55607.0,sgformer_rgcn_qor,4,50,kmeans,3.7452588081359863,3.2635748386383057,0.48168396949768066,0.10999999940395355,0.09239548444747925,0.017604514956474304,0.07000000029802322,0.2849036455154419,0.21490365266799927,0.029999999329447746,0.049600355327129364,0.019600355997681618,0.05999999865889549,0.07299228012561798,0.012992281466722488
de480fa449fa3d49,syr2k,syr2k,lv2:__PARA__L0-1.__PARA__L1-2.__PARA__L2-8.__PARA__L3-1.__PIPE__L0-off.__PIPE__L2-flatten.__TILE__L0-1.__TILE__L2-1,target,support,support,finetune_dataset,data_1005.pt,54579.0,sgformer_rgcn_qor,4,50,kmeans,3.7587192058563232,3.298276662826538,0.46044254302978516,0.2199999988079071,0.08633154630661011,0.133668452501297,0.11999999731779099,0.30334770679473877,0.1833477020263672,0.029999999329447746,0.09665464609861374,0.06665464490652084,0.05000000074505806,0.07085807621479034,0.020858075469732285
1c06b9a5b5fe70d6,syr2k,syr2k,lv2:__PARA__L0-1.__PARA__L1-1.__PARA__L2-4.__PARA__L3-1.__PIPE__L0-off.__PIPE__L2-flatten.__TILE__L0-1.__TILE__L2-2,target,support,support,finetune_dataset,data_952.pt,198587.0,sgformer_rgcn_qor,4,50,kmeans,2.827042579650879,3.219146490097046,0.392103910446167,0.17000000178813934,0.08069294691085815,0.08930705487728119,0.10000000149011612,0.27886784076690674,0.17886784672737122,0.019999999552965164,0.02959226816892624,0.009592268615961075,0.009999999776482582,0.07583029568195343,0.065830297768116
073eeee3fe8f808e,syr2k,syr2k,lv2:__PARA__L0-1.__PARA__L1-1.__PARA__L2-6.__PARA__L3-1.__PIPE__L0-off.__PIPE__L2-flatten.__TILE__L0-1.__TILE__L2-8,target,support,support,finetune_dataset,data_966.pt,111757.0,sgformer_rgcn_qor,4,50,kmeans,3.2417454719543457,3.1864728927612305,0.055272579193115234,0.18000000715255737,0.06796807050704956,0.11203193664550781,0.10999999940395355,0.270208477973938,0.16020847856998444,0.019999999552965164,0.0997769758105278,0.07977697253227234,0.019999999552965164,0.0866052657365799,0.06660526990890503
a3af9f64623a88cb,syr2k,syr2k,lv2:__PARA__L0-1.__PARA__L1-1.__PARA__L2-1.__PARA__L3-1.__PIPE__L0-off.__PIPE__L2-flatten.__TILE__L0-1.__TILE__L2-2,target,support,support,finetune_dataset,data_914.pt,524871.0,sgformer_rgcn_qor,4,50,kmeans,2.1259467601776123,3.187514543533325,1.061567783355713,0.10999999940395355,0.10376948118209839,0.006230518221855164,0.05999999865889549,0.26094162464141846,0.20094162225723267,0.019999999552965164,-0.033048875629901886,0.05304887518286705,0.009999999776482582,0.07954175770282745,0.06954175978899002
9a611dbfee90fabc,syr2k,syr2k,lv2:__PARA__L0-1.__PARA__L1-1.__PARA__L2-4.__PARA__L3-1.__PIPE__L0-off.__PIPE__L2-flatten.__TILE__L0-1.__TILE__L2-8,target,support,support,finetune_dataset,data_954.pt,105707.0,sgformer_rgcn_qor,4,50,kmeans,3.2818925380706787,3.1612532138824463,0.12063932418823242,0.17000000178813934,0.05624169111251831,0.11375831067562103,0.10000000149011612,0.2592736482620239,0.1592736542224884,0.019999999552965164,0.07137655466794968,0.05137655511498451,0.009999999776482582,0.08805890381336212,0.07805890589952469
26e4e575e0a5581e,syr2k,syr2k,lv2:__PARA__L0-1.__PARA__L1-1.__PARA__L2-6.__PARA__L3-1.__PIPE__L0-off.__PIPE__L2-flatten.__TILE__L0-1.__TILE__L2-1,target,support,support,finetune_dataset,data_963.pt,53901.0,sgformer_rgcn_qor,4,50,kmeans,3.7677361965179443,3.255415916442871,0.5123202800750732,0.11999999731779099,0.07732886075973511,0.04267113655805588,0.07000000029802322,0.2896023988723755,0.21960240602493286,0.029999999329447746,0.054378263652324677,0.02437826432287693,0.05000000074505806,0.07572658360004425,0.02572658285498619
6b31bb7a69b02d12,syr2k,syr2k,lv2:__PARA__L0-1.__PARA__L1-1.__PARA__L2-1.__PARA__L3-1.__PIPE__L0-off.__PIPE__L2-flatten.__TILE__L0-1.__TILE__L2-60,target,support,support,finetune_dataset,data_916.pt,75021.0,sgformer_rgcn_qor,4,50,kmeans,3.529244899749756,2.738003969192505,0.791240930557251,0.09000000357627869,0.334605872631073,0.2446058690547943,0.03999999910593033,0.04565156251192093,0.005651563405990601,0.03999999910593033,0.08474897593259811,0.044748976826667786,0.05000000074505806,0.16398628056049347,0.11398628354072571
e3330d21e0bf25d1,syr2k,syr2k,lv2:__PARA__L0-1.__PARA__L1-1.__PARA__L2-6.__PARA__L3-80.__PIPE__L0-off.__PIPE__L2-off.__TILE__L0-1.__TILE__L2-1,target,support,support,finetune_dataset,data_968.pt,53901.0,sgformer_rgcn_qor,4,50,kmeans,3.7677361965179443,3.442734479904175,0.32500171661376953,0.11999999731779099,0.05448788404464722,0.06551211327314377,0.07000000029802322,-0.1789644956588745,0.24896448850631714,0.029999999329447746,-0.08733964711427689,0.11733964830636978,0.05000000074505806,0.010796260088682175,0.039203740656375885
b387369a0d58d4d0,syr2k,syr2k,lv2:__PARA__L0-1.__PARA__L1-1.__PARA__L2-3.__PARA__L3-1.__PIPE__L0-off.__PIPE__L2-flatten.__TILE__L0-1.__TILE__L2-4,target,support,support,finetune_dataset,data_947.pt,157295.0,sgformer_rgcn_qor,4,50,kmeans,2.9951915740966797,3.1907103061676025,0.19551873207092285,0.07999999821186066,0.07461947202682495,0.005380526185035706,0.05000000074505806,0.27332890033721924,0.22332890331745148,0.019999999552965164,0.0276944562792778,0.007694456726312637,0.019999999552965164,0.07803471386432648,0.05803471431136131
0603f124845f13e3,gemm-p,gemm-p,lv2:__PARA__L0-30.__PARA__L1-32.__PARA__L2-10.__PARA__L3-1.__PIPE__L0-NA.__PIPE__L2-flatten.__TILE__L0-2.__TILE__L2-1,target,support,support,finetune_dataset,data_392.pt,15139.0,sgformer_rgcn_qor,4,50,kmeans,4.683757305145264,5.382701873779297,0.6989445686340332,0.23000000417232513,0.31685417890548706,0.08685417473316193,0.1599999964237213,0.8420850038528442,0.6820850372314453,0.2199999988079071,0.9059112071990967,0.6859111785888672,0.009999999776482582,-0.1277868002653122,0.13778680562973022
f61c333ba135e89b,gemm-p,gemm-p,lv2:__PARA__L0-1.__PARA__L1-1.__PARA__L2-20.__PARA__L3-7.__PIPE__L0-off.__PIPE__L2-NA.__TILE__L0-1.__TILE__L2-1,target,support,support,finetune_dataset,data_168.pt,30183.0,sgformer_rgcn_qor,4,50,kmeans,4.186024188995361,3.7727630138397217,0.41326117515563965,0.25,0.05135887861251831,0.1986411213874817,0.11999999731779099,0.36059296131134033,0.24059295654296875,0.25,0.2297990322113037,0.02020096778869629,0.019999999552965164,0.06544370949268341,0.045443709939718246
4b09448f98193400,gemm-p,gemm-p,lv2:__PARA__L0-1.__PARA__L1-1.__PARA__L2-1.__PARA__L3-14.__PIPE__L0-off.__PIPE__L2-off.__TILE__L0-1.__TILE__L2-2,target,support,support,finetune_dataset,data_84.pt,417715.0,sgformer_rgcn_qor,4,50,kmeans,2.2906687259674072,2.846069574356079,0.5554008483886719,0.009999999776482582,0.1244165301322937,0.11441653221845627,0.0,0.4492732286453247,0.4492732286453247,0.0,0.15472006797790527,0.15472006797790527,0.019999999552965164,0.03791780397295952,0.017917804419994354
b9490cabcadb25e8,gemm-p,gemm-p,lv2:__PARA__L0-1.__PARA__L1-1.__PARA__L2-1.__PARA__L3-70.__PIPE__L0-off.__PIPE__L2-off.__TILE__L0-1.__TILE__L2-1,target,support,support,finetune_dataset,data_99.pt,35347.0,sgformer_rgcn_qor,4,50,kmeans,4.072098255157471,3.6467533111572266,0.42534494400024414,0.029999999329447746,-0.11768895387649536,0.14768895506858826,0.009999999776482582,-0.015728823840618134,0.025728823617100716,0.019999999552965164,-0.09523988515138626,0.11523988842964172,0.05000000074505806,0.17207570374011993,0.12207570672035217
280ae587561178ad,gemm-p,gemm-p,lv2:__PARA__L0-1.__PARA__L1-1.__PARA__L2-1.__PARA__L3-14.__PIPE__L0-off.__PIPE__L2-off.__TILE__L0-1.__TILE__L2-1,target,support,support,finetune_dataset,data_83.pt,149233.0,sgformer_rgcn_qor,4,50,kmeans,3.03314471244812,2.838413953781128,0.1947307586669922,0.029999999329447746,0.13208502531051636,0.10208502411842346,0.009999999776482582,0.43595707416534424,0.4259570837020874,0.019999999552965164,0.14812254905700684,0.12812255322933197,0.029999999329447746,0.03882641717791557,0.008826417848467827
152f0fa02f6e91e4,gemm-p,gemm-p,lv2:__PARA__L0-1.__PARA__L1-32.__PARA__L2-10.__PARA__L3-1.__PIPE__L0-NA.__PIPE__L2-flatten.__TILE__L0-4.__TILE__L2-1,target,support,support,finetune_dataset,data_276.pt,9914.0,sgformer_rgcn_qor,4,50,kmeans,4.98912239074707,5.234800338745117,0.24567794799804688,0.23000000417232513,0.32982462644577026,0.09982462227344513,0.1599999964237213,0.70160973072052,0.5416097640991211,0.2199999988079071,0.8147552013397217,0.5947551727294922,0.009999999776482582,-0.0958137959241867,0.10581379383802414
a50488c2aafe6541,gemm-p,gemm-p,lv2:__PARA__L0-20.__PARA__L1-32.__PARA__L2-1.__PARA__L3-1.__PIPE__L0-off.__PIPE__L2-flatten.__TILE__L0-1.__TILE__L2-80,target,support,support,finetune_dataset,data_373.pt,47106.0,sgformer_rgcn_qor,4,50,kmeans,3.8649368286132812,3.6218624114990234,0.2430744171142578,0.05999999865889549,0.2725784182548523,0.2125784158706665,0.019999999552965164,-0.2318476438522339,0.25184765458106995,0.03999999910593033,0.220350980758667,0.18035098910331726,0.05000000074505806,-0.12865881621837616,0.17865881323814392
e385af510d412fde,gemm-p,gemm-p,lv2:__PARA__L0-1.__PARA__L1-5.__PARA__L2-1.__PARA__L3-1.__PIPE__L0-off.__PIPE__L2-flatten.__TILE__L0-1.__TILE__L2-4,target,support,support,finetune_dataset,data_301.pt,420016.0,sgformer_rgcn_qor,4,50,kmeans,2.28670597076416,4.110229015350342,1.8235230445861816,0.1899999976158142,0.09096068143844604,0.09903931617736816,0.019999999552965164,0.3628798723220825,0.34287986159324646,0.019999999552965164,-0.017295129597187042,0.037295129150152206,0.03999999910593033,0.11440487205982208,0.07440487295389175
d3c00616b2de9217,gemm-p,gemm-p,lv2:__PARA__L0-1.__PARA__L1-2.__PARA__L2-1.__PARA__L3-1.__PIPE__L0-off.__PIPE__L2-flatten.__TILE__L0-1.__TILE__L2-80,target,support,support,finetune_dataset,data_241.pt,33247.0,sgformer_rgcn_qor,4,50,kmeans,4.1162800788879395,3.1291162967681885,0.987163782119751,0.029999999329447746,0.06979626417160034,0.039796262979507446,0.009999999776482582,-0.24763190746307373,0.25763189792633057,0.019999999552965164,-0.057791002094745636,0.0777910053730011,0.05000000074505806,0.2131684571504593,0.16316846013069153
258ea66de43bc217,gemm-p,gemm-p,lv2:__PARA__L0-1.__PARA__L1-1.__PARA__L2-1.__PARA__L3-7.__PIPE__L0-off.__PIPE__L2-off.__TILE__L0-1.__TILE__L2-1,target,support,support,finetune_dataset,data_95.pt,176046.0,sgformer_rgcn_qor,4,50,kmeans,2.913951873779297,2.6974518299102783,0.21650004386901855,0.019999999552965164,0.20877474546432495,0.18877474963665009,0.009999999776482582,0.4525185823440552,0.44251859188079834,0.009999999776482582,0.06700967997312546,0.057009682059288025,0.029999999329447746,0.02157564088702202,0.008424358442425728
4a373a54a47fffb5,gemm-p,gemm-p,lv2:__PARA__L0-1.__PARA__L1-1.__PARA__L2-1.__PARA__L3-7.__PIPE__L0-off.__PIPE__L2-off.__TILE__L0-1.__TILE__L2-2,target,support,support,finetune_dataset,data_96.pt,466908.0,sgformer_rgcn_qor,4,50,kmeans,2.2103588581085205,2.701287269592285,0.49092841148376465,0.009999999776482582,0.20206183195114136,0.19206182658672333,0.0,0.46758949756622314,0.46758949756622314,0.0,0.07521414011716843,0.07521414011716843,0.019999999552965164,0.019794773310422897,0.00020522624254226685
eefe93faaef42f92,gemm-p,gemm-p,lv2:__PARA__L0-15.__PARA__L1-32.__PARA__L2-1.__PARA__L3-1.__PIPE__L0-NA.__PIPE__L2-flatten.__TILE__L0-4.__TILE__L2-1,target,support,support,finetune_dataset,data_348.pt,42692.0,sgformer_rgcn_qor,4,50,kmeans,3.9359092712402344,5.235133647918701,1.2992243766784668,0.05999999865889549,0.481395423412323,0.4213954210281372,0.019999999552965164,0.7386399507522583,0.7186399698257446,0.03999999910593033,0.68625807762146,0.6462580561637878,0.05000000074505806,-0.121402308344841,0.17140230536460876
4c09ca4e23088fa0,gemm-p,gemm-p,lv2:__PARA__L0-1.__PARA__L1-5.__PARA__L2-32.__PARA__L3-1.__PIPE__L0-off.__PIPE__L2-flatten.__TILE__L0-1.__TILE__L2-2,target,support,support,finetune_dataset,data_314.pt,65241.0,sgformer_rgcn_qor,4,50,kmeans,3.630002737045288,4.534509658813477,0.9045069217681885,0.38999998569488525,0.1436874270439148,0.24631255865097046,0.029999999329447746,0.274541974067688,0.2445419728755951,0.019999999552965164,0.2769277095794678,0.2569276988506317,0.019999999552965164,0.014983367174863815,0.005016632378101349
1e44fed449c41549,gemm-p,gemm-p,lv2:__PARA__L0-1.__PARA__L1-1.__PARA__L2-20.__PARA__L3-10.__PIPE__L0-off.__PIPE__L2-off.__TILE__L0-1.__TILE__L2-2,target,support,support,finetune_dataset,data_158.pt,150655.0,sgformer_rgcn_qor,4,50,kmeans,3.026303768157959,3.171765089035034,0.1454613208770752,0.05000000074505806,0.08189624547958374,0.03189624473452568,0.03999999910593033,0.47704803943634033,0.4370480477809906,0.05999999865889549,0.34275317192077637,0.2827531695365906,0.009999999776482582,-0.031893182545900345,0.041893184185028076
d89ed08ba5c4e9d0,gemm-p,gemm-p,lv2:__PARA__L0-1.__PARA__L1-1.__PARA__L2-2.__PARA__L3-7.__PIPE__L0-off.__PIPE__L2-off.__TILE__L0-1.__TILE__L2-1,target,support,support,finetune_dataset,data_151.pt,96604.0,sgformer_rgcn_qor,4,50,kmeans,3.346850633621216,2.7192866802215576,0.6275639533996582,0.029999999329447746,0.19542211294174194,0.16542211174964905,0.009999999776482582,0.45486176013946533,0.4448617696762085,0.019999999552965164,0.09620069712400436,0.0762006938457489,0.019999999552965164,0.018202733248472214,0.0017972663044929504
8bd570148980646e,gemm-p,gemm-p,lv2:__PARA__L0-1.__PARA__L1-1.__PARA__L2-4.__PARA__L3-10.__PIPE__L0-off.__PIPE__L2-off.__TILE__L0-1.__TILE__L2-4,target,support,support,finetune_dataset,data_175.pt,225905.0,sgformer_rgcn_qor,4,50,kmeans,2.734070062637329,2.836444854736328,0.10237479209899902,0.009999999776482582,0.15373510122299194,0.1437350958585739,0.0,0.49000465869903564,0.49000465869903564,0.009999999776482582,0.2089221477508545,0.19892214238643646,0.029999999329447746,0.02111060544848442,0.008889393880963326
743b937051155488,gemm-p,gemm-p,lv2:__PARA__L0-1.__PARA__L1-1.__PARA__L2-10.__PARA__L3-14.__PIPE__L0-off.__PIPE__L2-off.__TILE__L0-1.__TILE__L2-1,target,support,support,finetune_dataset,data_107.pt,12490.0,sgformer_rgcn_qor,4,50,kmeans,4.822505474090576,3.0860633850097656,1.7364420890808105,0.14000000059604645,0.08378332853317261,0.05621667206287384,0.09000000357627869,0.4937373399734497,0.403737336397171,0.23000000417232513,0.3176438808441162,0.08764387667179108,0.009999999776482582,0.010533284395933151,0.0005332846194505692
a1a4d0cbb87cf338,gemm-p,gemm-p,lv2:__PARA__L0-3.__PARA__L1-32.__PARA__L2-1.__PARA__L3-1.__PIPE__L0-off.__PIPE__L2-flatten.__TILE__L0-1.__TILE__L2-80,target,support,support,finetune_dataset,data_381.pt,32157.0,sgformer_rgcn_qor,4,50,kmeans,4.140325546264648,3.5349137783050537,0.6054117679595947,0.05999999865889549,0.0879785418510437,0.02797854319214821,0.019999999552965164,-0.3007086515426636,0.32070866227149963,0.03999999910593033,0.04573606699705124,0.005736067891120911,0.05000000074505806,-0.05239920690655708,0.10239920765161514
3f18368258c4b3db,gemm-p,gemm-p,lv2:__PARA__L0-6.__PARA__L1-32.__PARA__L2-10.__PARA__L3-1.__PIPE__L0-NA.__PIPE__L2-flatten.__TILE__L0-1.__TILE__L2-8,target,support,support,finetune_dataset,data_421.pt,10292.0,sgformer_rgcn_qor,4,50,kmeans,4.962130546569824,5.168980598449707,0.2068500518798828,0.23000000417232513,0.3446938395500183,0.11469383537769318,0.1599999964237213,0.7538691759109497,0.5938692092895508,0.2199999988079071,0.8463647365570068,0.6263647079467773,0.009999999776482582,-0.07218699157238007,0.0821869894862175
0cc2af7e268e2d52,gemm-p,gemm-p,lv2:__PARA__L0-1.__PARA__L1-1.__PARA__L2-4.__PARA__L3-10.__PIPE__L0-off.__PIPE__L2-NA.__TILE__L0-1.__TILE__L2-1,target,support,support,finetune_dataset,data_172.pt,61570.0,sgformer_rgcn_qor,4,50,kmeans,3.671778440475464,3.5771644115448,0.09461402893066406,0.07000000029802322,0.03164166212081909,0.03835833817720413,0.029999999329447746,0.36842644214630127,0.3384264409542084,0.07000000029802322,0.0972440168261528,0.027244016528129578,0.029999999329447746,0.09366889297962189,0.06366889178752899
cd440d67465780f9,gemm-p,gemm-p,lv2:__PARA__L0-1.__PARA__L1-2.__PARA__L2-5.__PARA__L3-1.__PIPE__L0-off.__PIPE__L2-flatten.__TILE__L0-1.__TILE__L2-1,target,support,support,finetune_dataset,data_260.pt,17009.0,sgformer_rgcn_qor,4,50,kmeans,4.599742889404297,4.165740489959717,0.4340023994445801,0.10000000149011612,0.031243503093719482,0.06875649839639664,0.07000000029802322,0.3160773515701294,0.24607735872268677,0.10999999940395355,0.007459394633769989,0.10254060477018356,0.009999999776482582,0.08265562355518341,0.07265562564134598
62890e23a27ff562,gemm-p,gemm-p,lv2:__PARA__L0-1.__PARA__L1-1.__PARA__L2-2.__PARA__L3-10.__PIPE__L0-off.__PIPE__L2-NA.__TILE__L0-1.__TILE__L2-1,target,support,support,finetune_dataset,data_134.pt,108370.0,sgformer_rgcn_qor,4,50,kmeans,3.2639453411102295,3.5395026206970215,0.275557279586792,0.03999999910593033,0.05600327253341675,0.01600327342748642,0.019999999552965164,0.3628274202346802,0.3428274095058441,0.029999999329447746,0.035745374858379364,0.005745375528931618,0.019999999552965164,0.1024530678987503,0.08245307207107544
2a2487306f73b128,gemm-p,gemm-p,lv2:__PARA__L0-1.__PARA__L1-2.__PARA__L2-1.__PARA__L3-70.__PIPE__L0-off.__PIPE__L2-NA.__TILE__L0-1.__TILE__L2-1,target,support,support,finetune_dataset,data_245.pt,32530.0,sgformer_rgcn_qor,4,50,kmeans,4.132006645202637,4.378593444824219,0.24658679962158203,0.019999999552965164,-0.06779414415359497,0.08779413998126984,0.009999999776482582,-0.02121531218290329,0.031215311959385872,0.019999999552965164,-0.014814622700214386,0.03481462225317955,0.05000000074505806,0.2076462060213089,0.15764620900154114
b7785b488b1d90e8,gemm-p,gemm-p,lv2:__PARA__L0-1.__PARA__L1-1.__PARA__L2-8.__PARA__L3-10.__PIPE__L0-off.__PIPE__L2-off.__TILE__L0-1.__TILE__L2-2,target,support,support,finetune_dataset,data_216.pt,215335.0,sgformer_rgcn_qor,4,50,kmeans,2.768636703491211,2.9618844985961914,0.19324779510498047,0.019999999552965164,0.14494413137435913,0.12494413554668427,0.009999999776482582,0.49218571186065674,0.4821857213973999,0.019999999552965164,0.2593247890472412,0.23932479321956635,0.05000000074505806,0.010385822504758835,0.039614178240299225
47d9ab0044cefe1e,gemm-p,gemm-p,lv2:__PARA__L0-20.__PARA__L1-32.__PARA__L2-1.__PARA__L3-1.__PIPE__L0-NA.__PIPE__L2-flatten.__TILE__L0-1.__TILE__L2-80,target,support,support,finetune_dataset,data_372.pt,47106.0,sgformer_rgcn_qor,4,50,kmeans,3.8649368286132812,4.327932357788086,0.4629955291748047,0.05999999865889549,0.37776392698287964,0.31776392459869385,0.019999999552965164,0.0034629181027412415,0.016537081450223923,0.03999999910593033,0.7508265972137451,0.710826575756073,0.05000000074505806,-0.12014465034008026,0.17014464735984802
6542924bdc2c5f94,gemm-p,gemm-p,lv2:__PARA__L0-1.__PARA__L1-1.__PARA__L2-1.__PARA__L3-5.__PIPE__L0-off.__PIPE__L2-off.__TILE__L0-1.__TILE__L2-4,target,support,support,finetune_dataset,data_94.pt,570770.0,sgformer_rgcn_qor,4,50,kmeans,2.0654733180999756,2.638746976852417,0.5732736587524414,0.009999999776482582,0.21631020307540894,0.2063101977109909,0.0,0.48950302600860596,0.48950302600860596,0.0,0.06372999399900436,0.06372999399900436,0.019999999552965164,0.014735531061887741,0.005264468491077423
3fb37e8bcd254b40,gemm-p,gemm-p,lv2:__PARA__L0-1.__PARA__L1-32.__PARA__L2-1.__PARA__L3-1.__PIPE__L0-off.__PIPE__L2-flatten.__TILE__L0-4.__TILE__L2-1,target,support,support,finetune_dataset,data_270.pt,33034.0,sgformer_rgcn_qor,4,50,kmeans,4.120916366577148,4.444559574127197,0.32364320755004883,0.05999999865889549,0.2633768916130066,0.2033768892288208,0.019999999552965164,0.4712468385696411,0.45124682784080505,0.03999999910593033,0.0952746793627739,0.05527468025684357,0.05000000074505806,-0.0026373150758445263,0.05263731628656387
2b251a0cc9266ecf,gemm-p,gemm-p,lv2:__PARA__L0-1.__PARA__L1-1.__PARA__L2-16.__PARA__L3-7.__PIPE__L0-off.__PIPE__L2-off.__TILE__L0-1.__TILE__L2-1,target,support,support,finetune_dataset,data_130.pt,15723.0,sgformer_rgcn_qor,4,50,kmeans,4.656454086303711,3.060471773147583,1.595982313156128,0.12999999523162842,0.12201470136642456,0.007985293865203857,0.07999999821186066,0.48998749256134033,0.40998750925064087,0.20000000298023224,0.28940653800964355,0.08940653502941132,0.019999999552965164,-0.02244119718670845,0.042441196739673615
26361bf4900c0d7c,gemm-p,gemm-p,lv2:__PARA__L0-1.__PARA__L1-2.__PARA__L2-10.__PARA__L3-1.__PIPE__L0-off.__PIPE__L2-flatten.__TILE__L0-1.__TILE__L2-8,target,support,support,finetune_dataset,data_248.pt,12847.0,sgformer_rgcn_qor,4,50,kmeans,4.802176475524902,4.147047996520996,0.6551284790039062,0.20999999344348907,0.029432475566864014,0.18056751787662506,0.15000000596046448,0.3086205720901489,0.15862056612968445,0.2199999988079071,0.08899282664060593,0.13100716471672058,0.009999999776482582,0.12348134815692902,0.11348135024309158
b338a37394a51052,gemm-p,gemm-p,lv2:__PARA__L0-12.__PARA__L1-32.__PARA__L2-1.__PARA__L3-1.__PIPE__L0-NA.__PIPE__L2-flatten.__TILE__L0-1.__TILE__L2-80,target,support,support,finetune_dataset,data_340.pt,40046.0,sgformer_rgcn_qor,4,50,kmeans,3.982063055038452,4.302021503448486,0.3199584484100342,0.05999999865889549,0.3098604083061218,0.24986040592193604,0.019999999552965164,-0.02755057066679001,0.04755057021975517,0.03999999910593033,0.702172040939331,0.6621720194816589,0.05000000074505806,-0.05817775800824165,0.10817775875329971
0a16eeda82a64909,gemm-p,gemm-p,lv2:__PARA__L0-1.__PARA__L1-5.__PARA__L2-5.__PARA__L3-1.__PIPE__L0-off.__PIPE__L2-flatten.__TILE__L0-1.__TILE__L2-2,target,support,support,finetune_dataset,data_319.pt,187217.0,sgformer_rgcn_qor,4,50,kmeans,2.869572401046753,4.199968338012695,1.3303959369659424,0.25999999046325684,0.0549890398979187,0.20501095056533813,0.07000000029802322,0.32003891468048096,0.25003892183303833,0.10999999940395355,0.033550016582012177,0.07644998282194138,0.009999999776482582,0.08701904118061066,0.07701904326677322
dfa5e5c5212bb1b3,gemm-p,gemm-p,lv2:__PARA__L0-1.__PARA__L1-8.__PARA__L2-1.__PARA__L3-32.__PIPE__L0-off.__PIPE__L2-off.__TILE__L0-1.__TILE__L2-80,target,support,support,finetune_dataset,data_329.pt,285829.0,sgformer_rgcn_qor,4,50,kmeans,2.564352035522461,2.7839672565460205,0.21961522102355957,0.009999999776482582,0.12889546155929565,0.11889546364545822,0.0,-0.24248111248016357,0.24248111248016357,0.009999999776482582,0.2777249813079834,0.26772499084472656,0.05000000074505806,0.2522370219230652,0.20223702490329742
1932fcf0a6ce1ae3,gemm-p,gemm-p,lv2:__PARA__L0-1.__PARA__L1-5.__PARA__L2-10.__PARA__L3-1.__PIPE__L0-off.__PIPE__L2-flatten.__TILE__L0-1.__TILE__L2-1,target,support,support,finetune_dataset,data_304.pt,11587.0,sgformer_rgcn_qor,4,50,kmeans,4.876638412475586,4.277314186096191,0.5993242263793945,0.20999999344348907,0.02220839262008667,0.1877916008234024,0.15000000596046448,0.2861243486404419,0.13612434267997742,0.2199999988079071,0.11705755442380905,0.10294244438409805,0.009999999776482582,0.06840606033802032,0.05840606242418289
236797b508fe964e,gemm-p,gemm-p,lv2:__PARA__L0-10.__PARA__L1-32.__PARA__L2-10.__PARA__L3-1.__PIPE__L0-off.__PIPE__L2-flatten.__TILE__L0-1.__TILE__L2-8,target,support,support,finetune_dataset,data_336.pt,11083.0,sgformer_rgcn_qor,4,50,kmeans,4.908718109130859,4.5350847244262695,0.37363338470458984,0.23000000417232513,0.2305719256401062,0.0005719214677810669,0.1599999964237213,0.49380409717559814,0.33380410075187683,0.2199999988079071,0.3292653560638428,0.10926535725593567,0.009999999776482582,0.0035856482572853565,0.006414351519197226
348e20daf4443275,gemm-p,gemm-p,lv2:__PARA__L0-1.__PARA__L1-1.__PARA__L2-10.__PARA__L3-70.__PIPE__L0-off.__PIPE__L2-NA.__TILE__L0-1.__TILE__L2-1,target,support,support,finetune_dataset,data_118.pt,14947.0,sgformer_rgcn_qor,4,50,kmeans,4.69296407699585,4.436233997344971,0.2567300796508789,0.20999999344348907,-0.15367156267166138,0.36367154121398926,0.15000000596046448,0.013507016003131866,0.1364929974079132,0.2199999988079071,0.1709277629852295,0.04907223582267761,0.009999999776482582,0.22005565464496613,0.2100556492805481
5277a20e45320929,gemm-p,gemm-p,lv2:__PARA__L0-12.__PARA__L1-16.__PARA__L2-16.__PARA__L3-1.__PIPE__L0-off.__PIPE__L2-flatten.__TILE__L0-1.__TILE__L2-1,target,support,support,finetune_dataset,data_339.pt,11150.0,sgformer_rgcn_qor,4,50,kmeans,4.904370307922363,4.611636638641357,0.29273366928100586,0.3499999940395355,0.1928965449333191,0.15710344910621643,0.23999999463558197,0.4189225435256958,0.17892254889011383,0.36000001430511475,0.38831019401550293,0.028310179710388184,0.009999999776482582,0.006961059290915728,0.0030389404855668545
3f9968a3c39898d5,gemm-p,gemm-p,lv2:__PARA__L0-1.__PARA__L1-16.__PARA__L2-16.__PARA__L3-1.__PIPE__L0-off.__PIPE__L2-flatten.__TILE__L0-1.__TILE__L2-1,target,support,support,finetune_dataset,data_238.pt,10927.0,sgformer_rgcn_qor,4,50,kmeans,4.918943405151367,4.450043678283691,0.4688997268676758,0.3199999928474426,0.11129778623580933,0.2087022066116333,0.23999999463558197,0.36710846424102783,0.12710846960544586,0.36000001430511475,0.28708815574645996,0.07291185855865479,0.009999999776482582,0.041430067270994186,0.031430065631866455
4c75129b129c3688,gemm-p,gemm-p,lv2:__PARA__L0-30.__PARA__L1-32.__PARA__L2-10.__PARA__L3-1.__PIPE__L0-off.__PIPE__L2-flatten.__TILE__L0-2.__TILE__L2-1,target,support,support,finetune_dataset,data_394.pt,15139.0,sgformer_rgcn_qor,4,50,kmeans,4.683757305145264,4.701296806335449,0.017539501190185547,0.23000000417232513,0.33584851026535034,0.10584850609302521,0.1599999964237213,0.5774327516555786,0.4174327552318573,0.2199999988079071,0.4041469097137451,0.184146910905838,0.009999999776482582,-0.06374768912792206,0.07374768704175949
49b034b757dc6ef9,gemm-p,gemm-p,lv2:__PARA__L0-1.__PARA__L1-5.__PARA__L2-2.__PARA__L3-1.__PIPE__L0-off.__PIPE__L2-flatten.__TILE__L0-1.__TILE__L2-1,target,support,support,finetune_dataset,data_310.pt,32287.0,sgformer_rgcn_qor,4,50,kmeans,4.137415409088135,4.180117130279541,0.04270172119140625,0.03999999910593033,0.09781807661056519,0.05781807750463486,0.019999999552965164,0.3416081666946411,0.32160815596580505,0.019999999552965164,-0.023061998188495636,0.0430619977414608,0.009999999776482582,0.08751912415027618,0.07751912623643875
0b193c22526f7267,gemm-p,gemm-p,lv2:__PARA__L0-1.__PARA__L1-32.__PARA__L2-16.__PARA__L3-1.__PIPE__L0-NA.__PIPE__L2-flatten.__TILE__L0-4.__TILE__L2-1,target,support,support,finetune_dataset,data_282.pt,9506.0,sgformer_rgcn_qor,4,50,kmeans,5.019436836242676,5.302252769470215,0.28281593322753906,0.3499999940395355,0.35283058881759644,0.002830594778060913,0.23999999463558197,0.6988097429275513,0.4588097333908081,0.36000001430511475,0.8836190700531006,0.5236190557479858,0.009999999776482582,-0.10547618567943573,0.11547618359327316
460c2d93e3d2665f,gemm-p,gemm-p,lv2:__PARA__L0-1.__PARA__L1-1.__PARA__L2-8.__PARA__L3-7.__PIPE__L0-off.__PIPE__L2-NA.__TILE__L0-1.__TILE__L2-1,target,support,support,finetune_dataset,data_226.pt,43863.0,sgformer_rgcn_qor,4,50,kmeans,3.9163899421691895,3.597787857055664,0.3186020851135254,0.10999999940395355,0.05160015821456909,0.05839984118938446,0.05000000074505806,0.3806802034378052,0.3306801915168762,0.10000000149011612,0.14057612419128418,0.04057612270116806,0.03999999910593033,0.07464559376239777,0.03464559465646744
865271fa8abdf68a,gemm-p,gemm-p,lv2:__PARA__L0-4.__PARA__L1-16.__PARA__L2-1.__PARA__L3-1.__PIPE__L0-off.__PIPE__L2-flatten.__TILE__L0-1.__TILE__L2-80,target,support,support,finetune_dataset,data_400.pt,33170.0,sgformer_rgcn_qor,4,50,kmeans,4.117952823638916,3.426914930343628,0.6910378932952881,0.05000000074505806,0.056994616985321045,0.006994616240262985,0.019999999552965164,-0.28303325176239014,0.3030332624912262,0.019999999552965164,0.04244779795408249,0.022447798401117325,0.05000000074505806,0.12610454857349396,0.0761045515537262
eb5fb655dff9860c,gemm-p,gemm-p,lv2:__PARA__L0-1.__PARA__L1-10.__PARA__L2-1.__PARA__L3-32.__PIPE__L0-off.__PIPE__L2-off.__TILE__L0-1.__TILE__L2-1,target,support,support,finetune_dataset,data_231.pt,285289.0,sgformer_rgcn_qor,4,50,kmeans,2.565716028213501,3.264580488204956,0.6988644599914551,0.019999999552965164,-0.01652747392654419,0.036527473479509354,0.009999999776482582,0.43388378620147705,0.4238837957382202,0.009999999776482582,0.33753180503845215,0.3275318145751953,0.05000000074505806,0.05265028402209282,0.0026502832770347595
f3c64444640a0076,gemm-p,gemm-p,lv2:__PARA__L0-4.__PARA__L1-32.__PARA__L2-16.__PARA__L3-1.__PIPE__L0-off.__PIPE__L2-flatten.__TILE__L0-1.__TILE__L2-1,target,support,support,finetune_dataset,data_410.pt,9506.0,sgformer_rgcn_qor,4,50,kmeans,5.019436836242676,4.542076587677002,0.47736024856567383,0.3499999940395355,0.21718090772628784,0.13281908631324768,0.23999999463558197,0.45889580249786377,0.2188958078622818,0.36000001430511475,0.36934542655944824,0.009345412254333496,0.009999999776482582,-0.02589445188641548,0.03589445352554321
016fd66966844ecf,gemm-p,gemm-p,lv2:__PARA__L0-1.__PARA__L1-5.__PARA__L2-16.__PARA__L3-1.__PIPE__L0-off.__PIPE__L2-flatten.__TILE__L0-1.__TILE__L2-2,target,support,support,finetune_dataset,data_308.pt,87381.0,sgformer_rgcn_qor,4,50,kmeans,3.4192323684692383,4.333984375,0.9147520065307617,0.4099999964237213,0.037127673625946045,0.37287232279777527,0.03999999910593033,0.2902032136917114,0.2502032220363617,0.03999999910593033,0.18678069114685059,0.14678069949150085,0.019999999552965164,0.06270428001880646,0.04270428046584129
478e73a6a5922a99,gemm-p,gemm-p,lv2:__PARA__L0-1.__PARA__L1-1.__PARA__L2-2.__PARA__L3-7.__PIPE__L0-off.__PIPE__L2-off.__TILE__L0-1.__TILE__L2-4,target,support,support,finetune_dataset,data_153.pt,451979.0,sgformer_rgcn_qor,4,50,kmeans,2.233800172805786,2.716254472732544,0.4824542999267578,0.009999999776482582,0.1886405348777771,0.17864052951335907,0.0,0.4906998872756958,0.4906998872756958,0.0,0.1190183088183403,0.1190183088183403,0.019999999552965164,0.01798553392291069,0.002014465630054474
8f2590bc737e2222,gemm-p,gemm-p,lv2:__PARA__L0-1.__PARA__L1-1.__PARA__L2-2.__PARA__L3-10.__PIPE__L0-off.__PIPE__L2-off.__TILE__L0-1.__TILE__L2-2,target,support,support,finetune_dataset,data_136.pt,467405.0,sgformer_rgcn_qor,4,50,kmeans,2.2095916271209717,2.788956880569458,0.5793652534484863,0.009999999776482582,0.1616031527519226,0.15160314738750458,0.0,0.4635239839553833,0.4635239839553833,0.0,0.1419675350189209,0.1419675350189209,0.019999999552965164,0.02472395822405815,0.004723958671092987
6a4d5dd88f9cbbc8,gemm-p,gemm-p,lv2:__PARA__L0-1.__PARA__L1-1.__PARA__L2-4.__PARA__L3-14.__PIPE__L0-off.__PIPE__L2-off.__TILE__L0-1.__TILE__L2-1,target,support,support,finetune_dataset,data_177.pt,14650.0,sgformer_rgcn_qor,4,50,kmeans,4.707441806793213,2.9050486087799072,1.8023931980133057,0.05999999865889549,0.1105310320854187,0.05053103342652321,0.03999999910593033,0.4551202058792114,0.4151202142238617,0.09000000357627869,0.2346189022064209,0.1446188986301422,0.03999999910593033,0.025063227862119675,0.014936771243810654
4c42e6320195dd32,gemm-p,gemm-p,lv2:__PARA__L0-15.__PARA__L1-32.__PARA__L2-10.__PARA__L3-1.__PIPE__L0-off.__PIPE__L2-flatten.__TILE__L0-4.__TILE__L2-1,target,support,support,finetune_dataset,data_354.pt,12092.0,sgformer_rgcn_qor,4,50,kmeans,4.845865726470947,4.668995380401611,0.17687034606933594,0.23000000417232513,0.28792494535446167,0.057924941182136536,0.1599999964237213,0.5211621522903442,0.3611621558666229,0.2199999988079071,0.37707018852233887,0.15707018971443176,0.009999999776482582,-0.09587971866130829,0.10587971657514572
1e3f23d111e1c4c2,gemm-p,gemm-p,lv2:__PARA__L0-1.__PARA__L1-1.__PARA__L2-5.__PARA__L3-10.__PIPE__L0-off.__PIPE__L2-off.__TILE__L0-1.__TILE__L2-2,target,support,support,finetune_dataset,data_197.pt,281177.0,sgformer_rgcn_qor,4,50,kmeans,2.576188802719116,2.8645617961883545,0.2883729934692383,0.009999999776482582,0.1508883833885193,0.14088837802410126,0.009999999776482582,0.47674477100372314,0.4667447805404663,0.009999999776482582,0.22342658042907715,0.21342657506465912,0.029999999329447746,0.017267417162656784,0.012732582166790962
396826bce948f164,jacobi-2d,jacobi-2d,lv2:__PARA__L0-1.__PARA__L1-11.__PARA__L2-2.__PARA__L3-22.__PARA__L4-1.__PIPE__L0-off.__PIPE__L1-NA.__PIPE__L2-flatten.__TILE__L0-1.__TILE__L1-8.__TILE__L2-8,target,support,support,finetune_dataset,data_796.pt,4311241.0,sgformer_rgcn_qor,4,50,kmeans,0.6069124341011047,1.298125147819519,0.6912127137184143,0.9399999976158142,0.5944611430168152,0.345538854598999,0.41999998688697815,0.3590174913406372,0.06098249554634094,0.8299999833106995,0.9959428310394287,0.16594284772872925,0.05999999865889549,0.19382543861865997,0.13382543623447418
8cbc0be880d00682,jacobi-2d,jacobi-2d,lv2:__PARA__L0-1.__PARA__L1-11.__PARA__L2-2.__PARA__L3-8.__PARA__L4-1.__PIPE__L0-off.__PIPE__L1-off.__PIPE__L2-flatten.__TILE__L0-1.__TILE__L1-8.__TILE__L2-8,target,support,support,finetune_dataset,data_803.pt,4315441.0,sgformer_rgcn_qor,4,50,kmeans,0.6062100529670715,0.9044024348258972,0.2981923818588257,0.8799999952316284,0.410564124584198,0.4694358706474304,0.38999998569488525,0.4546252489089966,0.06462526321411133,0.7900000214576721,0.7035272121429443,0.08647280931472778,0.009999999776482582,0.00839681550860405,0.0016031842678785324
784d806af7785d1f,jacobi-2d,jacobi-2d,lv2:__PARA__L0-1.__PARA__L1-1.__PARA__L2-1.__PARA__L3-1.__PARA__L4-22.__PIPE__L0-off.__PIPE__L1-off.__PIPE__L2-off.__TILE__L0-1.__TILE__L1-1.__TILE__L2-1,target,support,support,finetune_dataset,data_670.pt,948924.0,sgformer_rgcn_qor,4,50,kmeans,1.6987818479537964,0.6940028071403503,1.0047791004180908,0.10000000149011612,0.18898314237594604,0.08898314088582993,0.029999999329447746,0.42968857288360596,0.39968857169151306,0.05999999865889549,0.17206549644470215,0.11206549406051636,0.05000000074505806,-0.09773115813732147,0.14773115515708923
3c4307f2e6ff5a6c,jacobi-2d,jacobi-2d,lv2:__PARA__L0-1.__PARA__L1-1.__PARA__L2-4.__PARA__L3-8.__PARA__L4-8.__PIPE__L0-off.__PIPE__L1-off.__PIPE__L2-NA.__TILE__L0-40.__TILE__L1-1.__TILE__L2-1,target,support,support,finetune_dataset,data_778.pt,2242884.0,sgformer_rgcn_qor,4,50,kmeans,1.0782865285873413,0.7102270722389221,0.3680594563484192,0.03999999910593033,0.2490178942680359,0.20901790261268616,0.019999999552965164,0.5219794511795044,0.5019794702529907,0.029999999329447746,0.37183547019958496,0.34183546900749207,0.009999999776482582,-0.04752688482403755,0.05752688646316528
bcd3eb3c77a3cb42,jacobi-2d,jacobi-2d,lv2:__PARA__L0-1.__PARA__L1-1.__PARA__L2-1.__PARA__L3-8.__PARA__L4-8.__PIPE__L0-off.__PIPE__L1-off.__PIPE__L2-NA.__TILE__L0-1.__TILE__L1-88.__TILE__L2-4,target,support,support,finetune_dataset,data_720.pt,3980681.0,sgformer_rgcn_qor,4,50,kmeans,0.6644564270973206,0.6449586749076843,0.01949775218963623,0.05000000074505806,0.25018709897994995,0.2001871019601822,0.019999999552965164,0.004807598888874054,0.01519240066409111,0.05000000074505806,0.5874364376068115,0.5374364256858826,0.0,-0.2619197964668274,0.2619197964668274
de5d80202c10824d,jacobi-2d,jacobi-2d,lv2:__PARA__L0-1.__PARA__L1-2.__PARA__L2-1.__PARA__L3-8.__PARA__L4-8.__PIPE__L0-off.__PIPE__L1-off.__PIPE__L2-off.__TILE__L0-1.__TILE__L1-1.__TILE__L2-1,target,support,support,finetune_dataset,data_818.pt,2234324.0,sgformer_rgcn_qor,4,50,kmeans,1.0810447931289673,0.7498618960380554,0.33118289709091187,0.03999999910593033,0.13488119840621948,0.09488119930028915,0.019999999552965164,0.2621661424636841,0.24216614663600922,0.029999999329447746,0.08352445811033249,0.053524456918239594,0.009999999776482582,-0.055800724774599075,0.0658007264137268
e87a7efab4cd65b4,jacobi-2d,jacobi-2d,lv2:__PARA__L0-1.__PARA__L1-2.__PARA__L2-1.__PARA__L3-8.__PARA__L4-8.__PIPE__L0-off.__PIPE__L1-off.__PIPE__L2-NA.__TILE__L0-1.__TILE__L1-1.__TILE__L2-2,target,support,support,finetune_dataset,data_815.pt,4268321.0,sgformer_rgcn_qor,4,50,kmeans,0.6141297221183777,0.7402929663658142,0.12616324424743652,0.05000000074505806,0.34309595823287964,0.2930959463119507,0.019999999552965164,0.39121925830841064,0.3712192475795746,0.05000000074505806,0.28164076805114746,0.2316407710313797,0.0,0.028988312929868698,0.028988312929868698
9539e01f3eb0f18e,jacobi-2d,jacobi-2d,lv2:__PARA__L0-1.__PARA__L1-11.__PARA__L2-1.__PARA__L3-1.__PARA__L4-4.__PIPE__L0-off.__PIPE__L1-flatten.__PIPE__L2-NA.__TILE__L0-1.__TILE__L1-1.__TILE__L2-8,target,support,support,finetune_dataset,data_785.pt,3935841.0,sgformer_rgcn_qor,4,50,kmeans,0.6726281046867371,0.977907121181488,0.305279016494751,2.990000009536743,0.7597076296806335,2.230292320251465,1.3799999952316284,0.24858200550079346,1.131417989730835,2.8399999141693115,0.8644540309906006,1.975545883178711,0.0,0.145903542637825,0.145903542637825
6698cf09c23d6af0,jacobi-2d,jacobi-2d,lv2:__PARA__L0-1.__PARA__L1-2.__PARA__L2-4.__PARA__L3-8.__PARA__L4-8.__PIPE__L0-off.__PIPE__L1-NA.__PIPE__L2-NA.__TILE__L0-1.__TILE__L1-1.__TILE__L2-1,target,support,support,finetune_dataset,data_858.pt,4390681.0,sgformer_rgcn_qor,4,50,kmeans,0.5937417149543762,0.9665287137031555,0.3727869987487793,0.05000000074505806,0.5121847987174988,0.4621847867965698,0.019999999552965164,0.3059607744216919,0.28596076369285583,0.05000000074505806,0.5401895046234131,0.49018949270248413,0.0,0.1423749476671219,0.1423749476671219
3e1936144535fbc1,jacobi-2d,jacobi-2d,lv2:__PARA__L0-1.__PARA__L1-1.__PARA__L2-1.__PARA__L3-8.__PARA__L4-8.__PIPE__L0-off.__PIPE__L1-off.__PIPE__L2-off.__TILE__L0-1.__TILE__L1-88.__TILE__L2-2,target,support,support,finetune_dataset,data_724.pt,4035721.0,sgformer_rgcn_qor,4,50,kmeans,0.6545508503913879,0.6116034388542175,0.04294741153717041,0.05000000074505806,0.3126036524772644,0.26260364055633545,0.019999999552965164,0.0028334930539131165,0.017166506499052048,0.05000000074505806,0.4525601863861084,0.40256017446517944,0.0,-0.17756657302379608,0.17756657302379608
23c169e25e719702,jacobi-2d,jacobi-2d,lv2:__PARA__L0-1.__PARA__L1-1.__PARA__L2-1.__PARA__L3-2.__PARA__L4-2.__PIPE__L0-off.__PIPE__L1-off.__PIPE__L2-off.__TILE__L0-1.__TILE__L1-1.__TILE__L2-1,target,support,support,finetune_dataset,data_693.pt,934804.0,sgformer_rgcn_qor,4,50,kmeans,1.7095961570739746,0.41241782903671265,1.2971782684326172,0.009999999776482582,0.21395176649093628,0.20395176112651825,0.0,0.20436584949493408,0.20436584949493408,0.0,-0.12934517860412598,0.12934517860412598,0.019999999552965164,-0.12366132438182831,0.14366132020950317
aa4bc6cfd0d2f2c0,jacobi-2d,jacobi-2d,lv2:__PARA__L0-1.__PARA__L1-1.__PARA__L2-1.__PARA__L3-1.__PARA__L4-1.__PIPE__L0-off.__PIPE__L1-flatten.__PIPE__L2-NA.__TILE__L0-1.__TILE__L1-1.__TILE__L2-8,target,support,support,finetune_dataset,data_656.pt,3937881.0,sgformer_rgcn_qor,4,50,kmeans,0.6722542643547058,0.7323667407035828,0.06011247634887695,0.25,0.8007494807243347,0.5507494807243347,0.10999999940395355,0.15345299243927002,0.04345299303531647,0.25999999046325684,0.5693376064300537,0.3093376159667969,0.28999999165534973,0.1848423033952713,0.10515768826007843
1f853d36d66395d1,jacobi-2d,jacobi-2d,lv2:__PARA__L0-1.__PARA__L1-11.__PARA__L2-1.__PARA__L3-1.__PARA__L4-4.__PIPE__L0-off.__PIPE__L1-flatten.__PIPE__L2-NA.__TILE__L0-1.__TILE__L1-8.__TILE__L2-8,target,support,support,finetune_dataset,data_786.pt,3935841.0,sgformer_rgcn_qor,4,50,kmeans,0.6726281046867371,0.9898337721824646,0.31720566749572754,2.990000009536743,0.7587291598320007,2.2312707901000977,1.3799999952316284,0.19710266590118408,1.1828973293304443,2.8399999141693115,0.9449384212493896,1.8950614929199219,0.0,0.10174532234668732,0.10174532234668732
c92cf4366dcc9a12,jacobi-2d,jacobi-2d,lv2:__PARA__L0-1.__PARA__L1-8.__PARA__L2-1.__PARA__L3-8.__PARA__L4-8.__PIPE__L0-off.__PIPE__L1-off.__PIPE__L2-off.__TILE__L0-1.__TILE__L1-1.__TILE__L2-1,target,support,support,finetune_dataset,data_910.pt,2266604.0,sgformer_rgcn_qor,4,50,kmeans,1.0706979036331177,0.8457090258598328,0.2249888777732849,0.03999999910593033,0.06304806470870972,0.02304806560277939,0.009999999776482582,0.30661308765411377,0.29661309719085693,0.029999999329447746,0.21525931358337402,0.18525931239128113,0.019999999552965164,-0.04688530042767525,0.06688529998064041
935aa4b826c821b2,jacobi-2d,jacobi-2d,lv2:__PARA__L0-1.__PARA__L1-2.__PARA__L2-11.__PARA__L3-8.__PARA__L4-8.__PIPE__L0-off.__PIPE__L1-off.__PIPE__L2-off.__TILE__L0-40.__TILE__L1-1.__TILE__L2-1,target,support,support,finetune_dataset,data_836.pt,4434121.0,sgformer_rgcn_qor,4,50,kmeans,0.5866400003433228,0.906883180141449,0.3202431797981262,0.05000000074505806,0.05607956647872925,0.006079565733671188,0.019999999552965164,0.3558722734451294,0.33587226271629333,0.05000000074505806,0.1762235164642334,0.12622351944446564,0.009999999776482582,0.08286495506763458,0.07286495715379715
0e833b40618b10c5,jacobi-2d,jacobi-2d,lv2:__PARA__L0-1.__PARA__L1-1.__PARA__L2-2.__PARA__L3-22.__PARA__L4-1.__PIPE__L0-off.__PIPE__L1-NA.__PIPE__L2-flatten.__TILE__L0-1.__TILE__L1-8.__TILE__L2-8,target,support,support,finetune_dataset,data_751.pt,4087161.0,sgformer_rgcn_qor,4,50,kmeans,0.6454145312309265,1.1070297956466675,0.46161526441574097,0.9399999976158142,0.5783731341362,0.36162686347961426,0.41999998688697815,0.29692375659942627,0.12307623028755188,0.8299999833106995,0.8335263729095459,0.0035263895988464355,0.05999999865889549,0.21620793640613556,0.15620793402194977
322b26639a483f11,jacobi-2d,jacobi-2d,lv2:__PARA__L0-1.__PARA__L1-2.__PARA__L2-11.__PARA__L3-1.__PARA__L4-4.__PIPE__L0-off.__PIPE__L1-flatten.__PIPE__L2-NA.__TILE__L0-1.__TILE__L1-8.__TILE__L2-8,target,support,support,finetune_dataset,data_824.pt,4315481.0,sgformer_rgcn_qor,4,50,kmeans,0.6062033772468567,1.0800437927246094,0.4738404154777527,0.8700000047683716,0.7629663348197937,0.10703366994857788,0.38999998569488525,0.14150726795196533,0.24849271774291992,0.7799999713897705,0.8458001613616943,0.06580018997192383,0.0,0.11861748993396759,0.11861748993396759
fc427f6bfe799bc1,jacobi-2d,jacobi-2d,lv2:__PARA__L0-1.__PARA__L1-1.__PARA__L2-1.__PARA__L3-8.__PARA__L4-4.__PIPE__L0-off.__PIPE__L1-off.__PIPE__L2-off.__TILE__L0-1.__TILE__L1-1.__TILE__L2-1,target,support,support,finetune_dataset,data_718.pt,354204.0,sgformer_rgcn_qor,4,50,kmeans,2.409637928009033,0.6353890299797058,1.7742488384246826,0.019999999552965164,0.17456454038619995,0.15456454455852509,0.009999999776482582,0.21208679676055908,0.20208679139614105,0.0,-0.02666688710451126,0.02666688710451126,0.019999999552965164,-0.06054883077740669,0.08054883033037186
80192a32a4ed746c,jacobi-2d,jacobi-2d,lv2:__PARA__L0-1.__PARA__L1-1.__PARA__L2-1.__PARA__L3-32.__PARA__L4-1.__PIPE__L0-off.__PIPE__L1-off.__PIPE__L2-off.__TILE__L0-1.__TILE__L1-1.__TILE__L2-1,target,support,support,finetune_dataset,data_699.pt,3161924.0,sgformer_rgcn_qor,4,50,kmeans,0.8305627107620239,0.7379400134086609,0.09262269735336304,0.1599999964237213,0.14353913068771362,0.01646086573600769,0.05000000074505806,0.1426631212234497,0.09266312420368195,0.09000000357627869,-0.06931710988283157,0.15931710600852966,0.05000000074505806,0.023937176913022995,0.026062823832035065
91db491a7d7940c7,jacobi-2d,jacobi-2d,lv2:__PARA__L0-1.__PARA__L1-1.__PARA__L2-2.__PARA__L3-32.__PARA__L4-1.__PIPE__L0-off.__PIPE__L1-off.__PIPE__L2-flatten.__TILE__L0-1.__TILE__L1-1.__TILE__L2-8,target,support,support,finetune_dataset,data_755.pt,5748921.0,sgformer_rgcn_qor,4,50,kmeans,0.3993184566497803,0.8324636816978455,0.4331452250480652,0.8799999952316284,0.45178908109664917,0.42821091413497925,0.4000000059604645,0.39068329334259033,0.009316712617874146,0.7699999809265137,0.47089552879333496,0.2991044521331787,0.12999999523162842,0.2216629534959793,0.09166295826435089
1f77c91f5f9ac5f6,jacobi-2d,jacobi-2d,lv2:__PARA__L0-1.__PARA__L1-1.__PARA__L2-2.__PARA__L3-22.__PARA__L4-1.__PIPE__L0-off.__PIPE__L1-off.__PIPE__L2-flatten.__TILE__L0-1.__TILE__L1-8.__TILE__L2-8,target,support,support,finetune_dataset,data_753.pt,4087161.0,sgformer_rgcn_qor,4,50,kmeans,0.6454145312309265,0.8648599982261658,0.21944546699523926,0.9399999976158142,0.4397713541984558,0.5002286434173584,0.41999998688697815,0.4064990282058716,0.013500958681106567,0.8299999833106995,0.5579545497894287,0.27204543352127075,0.05999999865889549,0.14697404205799103,0.08697403967380524
2ada84ceecd6d2ea,jacobi-2d,jacobi-2d,lv2:__PARA__L0-1.__PARA__L1-4.__PARA__L2-4.__PARA__L3-8.__PARA__L4-8.__PIPE__L0-off.__PIPE__L1-NA.__PIPE__L2-NA.__TILE__L0-1.__TILE__L1-1.__TILE__L2-1,target,support,support,finetune_dataset,data_900.pt,4399241.0,sgformer_rgcn_qor,4,50,kmeans,0.5923367142677307,1.008981704711914,0.41664499044418335,0.05000000074505806,0.4975535273551941,0.44755351543426514,0.019999999552965164,0.32614243030548096,0.3061424195766449,0.05000000074505806,0.6046464443206787,0.5546464323997498,0.0,0.13688822090625763,0.13688822090625763
4e8434819940f4ab,jacobi-2d,jacobi-2d,lv2:__PARA__L0-1.__PARA__L1-2.__PARA__L2-8.__PARA__L3-8.__PARA__L4-8.__PIPE__L0-off.__PIPE__L1-off.__PIPE__L2-NA.__TILE__L0-40.__TILE__L1-1.__TILE__L2-1,target,support,support,finetune_dataset,data_871.pt,4414401.0,sgformer_rgcn_qor,4,50,kmeans,0.5898551940917969,0.8167981505393982,0.22694295644760132,0.05000000074505806,0.21661871671676636,0.1666187196969986,0.019999999552965164,0.556275486946106,0.5362755060195923,0.05000000074505806,0.454181432723999,0.40418142080307007,0.009999999776482582,-0.041976023465394974,0.051976025104522705
75c9416af2e62f0b,jacobi-2d,jacobi-2d,lv2:__PARA__L0-1.__PARA__L1-4.__PARA__L2-1.__PARA__L3-1.__PARA__L4-4.__PIPE__L0-off.__PIPE__L1-flatten.__PIPE__L2-NA.__TILE__L0-1.__TILE__L1-1.__TILE__L2-8,target,support,support,finetune_dataset,data_886.pt,3935761.0,sgformer_rgcn_qor,4,50,kmeans,0.6726427674293518,0.8701197504997253,0.19747698307037354,1.100000023841858,0.7971994280815125,0.30280059576034546,0.5,0.20914757251739502,0.290852427482605,1.0399999618530273,0.6896035671234131,0.35039639472961426,0.0,0.1721605807542801,0.1721605807542801
cbafe5a4e8823ead,jacobi-2d,jacobi-2d,lv2:__PARA__L0-1.__PARA__L1-4.__PARA__L2-2.__PARA__L3-8.__PARA__L4-8.__PIPE__L0-off.__PIPE__L1-NA.__PIPE__L2-NA.__TILE__L0-1.__TILE__L1-1.__TILE__L2-1,target,support,support,finetune_dataset,data_895.pt,4390681.0,sgformer_rgcn_qor,4,50,kmeans,0.5937417149543762,0.9720819592475891,0.3783402442932129,0.05000000074505806,0.5071513056755066,0.45715129375457764,0.019999999552965164,0.3151179552078247,0.29511794447898865,0.05000000074505806,0.5573461055755615,0.5073460936546326,0.0,0.1405467540025711,0.1405467540025711
ad7cd3eac43c0a10,jacobi-2d,jacobi-2d,lv2:__PARA__L0-1.__PARA__L1-4.__PARA__L2-1.__PARA__L3-1.__PARA__L4-4.__PIPE__L0-off.__PIPE__L1-flatten.__PIPE__L2-NA.__TILE__L0-1.__TILE__L1-8.__TILE__L2-8,target,support,support,finetune_dataset,data_887.pt,4193761.0,sgformer_rgcn_qor,4,50,kmeans,0.6268417239189148,0.8550660014152527,0.2282242774963379,1.4600000381469727,0.724040687084198,0.7359593510627747,0.6499999761581421,0.13809692859649658,0.5119030475616455,1.2999999523162842,0.8124520778656006,0.4875478744506836,0.0,0.120724156498909,0.120724156498909
53d53bf79f94009c,jacobi-2d,jacobi-2d,lv2:__PARA__L0-1.__PARA__L1-1.__PARA__L2-4.__PARA__L3-1.__PARA__L4-1.__PIPE__L0-off.__PIPE__L1-off.__PIPE__L2-flatten.__TILE__L0-1.__TILE__L1-1.__TILE__L2-8,target,support,support,finetune_dataset,data_776.pt,4407761.0,sgformer_rgcn_qor,4,50,kmeans,0.5909410715103149,0.536266028881073,0.05467504262924194,1.0299999713897705,0.517436683177948,0.5125632882118225,0.4699999988079071,0.49799644947052,0.027996450662612915,0.9700000286102295,0.45154738426208496,0.5184526443481445,0.03999999910593033,0.008662890642881393,0.031337108463048935
fcc032dc00948d72,jacobi-2d,jacobi-2d,lv2:__PARA__L0-1.__PARA__L1-2.__PARA__L2-11.__PARA__L3-8.__PARA__L4-8.__PIPE__L0-off.__PIPE__L1-NA.__PIPE__L2-off.__TILE__L0-1.__TILE__L1-1.__TILE__L2-8,target,support,support,finetune_dataset,data_829.pt,4434121.0,sgformer_rgcn_qor,4,50,kmeans,0.5866400003433228,1.1664180755615234,0.5797780752182007,0.05000000074505806,0.33801478147506714,0.2880147695541382,0.019999999552965164,0.19064056873321533,0.17064057290554047,0.05000000074505806,0.4359090328216553,0.3859090209007263,0.009999999776482582,0.17073841392993927,0.16073840856552124
783249bd6839d5eb,jacobi-2d,jacobi-2d,lv2:__PARA__L0-1.__PARA__L1-1.__PARA__L2-22.__PARA__L3-8.__PARA__L4-8.__PIPE__L0-off.__PIPE__L1-off.__PIPE__L2-NA.__TILE__L0-1.__TILE__L1-88.__TILE__L2-1,target,support,support,finetune_dataset,data_770.pt,2355924.0,sgformer_rgcn_qor,4,50,kmeans,1.0428175926208496,1.0078200101852417,0.03499758243560791,0.03999999910593033,0.3062989115715027,0.26629891991615295,0.009999999776482582,-0.0023811981081962585,0.01238119788467884,0.029999999329447746,0.8213021755218506,0.7913022041320801,0.019999999552965164,-0.37928515672683716,0.3992851674556732
47bf8aa757fbacb3,jacobi-2d,jacobi-2d,lv2:__PARA__L0-1.__PARA__L1-4.__PARA__L2-1.__PARA__L3-8.__PARA__L4-8.__PIPE__L0-off.__PIPE__L1-NA.__PIPE__L2-off.__TILE__L0-40.__TILE__L1-1.__TILE__L2-1,target,support,support,finetune_dataset,data_890.pt,2242884.0,sgformer_rgcn_qor,4,50,kmeans,1.0782865285873413,1.0608786344528198,0.017407894134521484,0.03999999910593033,0.25035208463668823,0.2103520929813385,0.019999999552965164,0.2671748399734497,0.24717484414577484,0.029999999329447746,0.2898900508880615,0.25989004969596863,0.009999999776482582,0.209361270070076,0.19936126470565796
df1b09724bac7aa0,jacobi-2d,jacobi-2d,lv2:__PARA__L0-1.__PARA__L1-2.__PARA__L2-1.__PARA__L3-8.__PARA__L4-8.__PIPE__L0-off.__PIPE__L1-NA.__PIPE__L2-off.__TILE__L0-40.__TILE__L1-1.__TILE__L2-1,target,support,support,finetune_dataset,data_814.pt,2234324.0,sgformer_rgcn_qor,4,50,kmeans,1.0810447931289673,1.0344980955123901,0.04654669761657715,0.03999999910593033,0.25303763151168823,0.2130376398563385,0.019999999552965164,0.24931061267852783,0.22931061685085297,0.029999999329447746,0.2251889705657959,0.195188969373703,0.009999999776482582,0.22299189865589142,0.2129918932914734
5d54a86aa7149b19,jacobi-2d,jacobi-2d,lv2:__PARA__L0-1.__PARA__L1-2.__PARA__L2-4.__PARA__L3-8.__PARA__L4-8.__PIPE__L0-off.__PIPE__L1-off.__PIPE__L2-off.__TILE__L0-40.__TILE__L1-1.__TILE__L2-1,target,support,support,finetune_dataset,data_865.pt,4390681.0,sgformer_rgcn_qor,4,50,kmeans,0.5937417149543762,0.7268049120903015,0.1330631971359253,0.05000000074505806,0.08017319440841675,0.03017319366335869,0.019999999552965164,0.327983021736145,0.30798301100730896,0.05000000074505806,0.09189008921384811,0.041890088468790054,0.0,0.0324983112514019,0.0324983112514019
bbffb137352025e1,jacobi-2d,jacobi-2d,lv2:__PARA__L0-1.__PARA__L1-1.__PARA__L2-1.__PARA__L3-1.__PARA__L4-4.__PIPE__L0-off.__PIPE__L1-flatten.__PIPE__L2-NA.__TILE__L0-1.__TILE__L1-88.__TILE__L2-8,target,support,support,finetune_dataset,data_676.pt,3938401.0,sgformer_rgcn_qor,4,50,kmeans,0.6721590161323547,0.8364922404289246,0.16433322429656982,0.25,1.0016629695892334,0.7516629695892334,0.10999999940395355,-0.16584479808807373,0.2758448123931885,0.27000001072883606,1.15970778465271,0.8897078037261963,0.25,-0.15927796065807343,0.4092779755592346
b4fb7d26cdf40a85,jacobi-2d,jacobi-2d,lv2:__PARA__L0-1.__PARA__L1-1.__PARA__L2-22.__PARA__L3-8.__PARA__L4-8.__PIPE__L0-off.__PIPE__L1-off.__PIPE__L2-off.__TILE__L0-1.__TILE__L1-88.__TILE__L2-4,target,support,support,finetune_dataset,data_774.pt,2355924.0,sgformer_rgcn_qor,4,50,kmeans,1.0428175926208496,1.129289984703064,0.08647239208221436,0.03999999910593033,0.5135418772697449,0.47354188561439514,0.009999999776482582,-0.20262038707733154,0.21262039244174957,0.029999999329447746,0.6834142208099365,0.653414249420166,0.019999999552965164,-0.2741566300392151,0.29415664076805115
2246a55d9e439b9b,jacobi-2d,jacobi-2d,lv2:__PARA__L0-1.__PARA__L1-2.__PARA__L2-1.__PARA__L3-8.__PARA__L4-8.__PIPE__L0-off.__PIPE__L1-NA.__PIPE__L2-off.__TILE__L0-1.__TILE__L1-1.__TILE__L2-4,target,support,support,finetune_dataset,data_811.pt,4213281.0,sgformer_rgcn_qor,4,50,kmeans,0.6234920024871826,0.8439633250236511,0.2204713225364685,0.05000000074505806,0.29361218214035034,0.24361218512058258,0.019999999552965164,0.1734839677810669,0.15348397195339203,0.05000000074505806,0.27870917320251465,0.2287091761827469,0.0,0.15648551285266876,0.15648551285266876
6f4f3264bdb17fcf,jacobi-2d,jacobi-2d,lv2:__PARA__L0-1.__PARA__L1-2.__PARA__L2-8.__PARA__L3-8.__PARA__L4-8.__PIPE__L0-off.__PIPE__L1-off.__PIPE__L2-off.__TILE__L0-1.__TILE__L1-1.__TILE__L2-1,target,support,support,finetune_dataset,data_872.pt,4414401.0,sgformer_rgcn_qor,4,50,kmeans,0.5898551940917969,0.9420595765113831,0.3522043824195862,0.05000000074505806,0.071696937084198,0.02169693633913994,0.019999999552965164,0.28271591663360596,0.2627159059047699,0.05000000074505806,0.18329405784606934,0.13329406082630157,0.009999999776482582,-0.03475623205304146,0.04475623369216919
e9a1e8e3e53c8cad,jacobi-2d,jacobi-2d,lv2:__PARA__L0-1.__PARA__L1-22.__PARA__L2-2.__PARA__L3-1.__PARA__L4-1.__PIPE__L0-off.__PIPE__L1-off.__PIPE__L2-flatten.__TILE__L0-1.__TILE__L1-4.__TILE__L2-8,target,support,support,finetune_dataset,data_878.pt,4385641.0,sgformer_rgcn_qor,4,50,kmeans,0.5945701599121094,0.865136444568634,0.27056628465652466,0.6499999761581421,0.35972994565963745,0.29027003049850464,0.30000001192092896,0.5707675218582153,0.2707675099372864,0.6200000047683716,0.7528207302093506,0.132820725440979,0.03999999910593033,-0.0427885539829731,0.08278855681419373
96c3a9e64d5e25ff,jacobi-2d,jacobi-2d,lv2:__PARA__L0-1.__PARA__L1-22.__PARA__L2-2.__PARA__L3-11.__PARA__L4-1.__PIPE__L0-off.__PIPE__L1-NA.__PIPE__L2-flatten.__TILE__L0-1.__TILE__L1-4.__TILE__L2-8,target,support,support,finetune_dataset,data_879.pt,4385921.0,sgformer_rgcn_qor,4,50,kmeans,0.5945241451263428,1.294684648513794,0.7001605033874512,0.8999999761581421,0.542125403881073,0.3578745722770691,0.4000000059604645,0.4693232774734497,0.06932327151298523,0.800000011920929,1.073047399520874,0.27304738759994507,0.03999999910593033,0.15349812805652618,0.11349812895059586
c60e27770f3ce92d,jacobi-2d,jacobi-2d,lv2:__PARA__L0-1.__PARA__L1-1.__PARA__L2-2.__PARA__L3-2.__PARA__L4-1.__PIPE__L0-off.__PIPE__L1-off.__PIPE__L2-flatten.__TILE__L0-1.__TILE__L1-1.__TILE__L2-8,target,support,support,finetune_dataset,data_749.pt,4146841.0,sgformer_rgcn_qor,4,50,kmeans,0.6349576711654663,0.5401358008384705,0.09482187032699585,0.8700000047683716,0.5388242602348328,0.3311757445335388,0.3799999952316284,0.4769526720046997,0.09695267677307129,0.7699999809265137,0.4068009853363037,0.36319899559020996,0.0,0.020764779299497604,0.020764779299497604
119c011acb799ec3,jacobi-2d,jacobi-2d,lv2:__PARA__L0-1.__PARA__L1-2.__PARA__L2-1.__PARA__L3-8.__PARA__L4-8.__PIPE__L0-off.__PIPE__L1-NA.__PIPE__L2-NA.__TILE__L0-1.__TILE__L1-1.__TILE__L2-2,target,support,support,finetune_dataset,data_806.pt,4268321.0,sgformer_rgcn_qor,4,50,kmeans,0.6141297221183777,0.9094170928001404,0.2952873706817627,0.05000000074505806,0.5237881541252136,0.47378814220428467,0.019999999552965164,0.29388535022735596,0.2738853394985199,0.05000000074505806,0.4747426509857178,0.4247426390647888,0.0,0.14963550865650177,0.14963550865650177
4ef9c3115d1df67f,jacobi-2d,jacobi-2d,lv2:__PARA__L0-1.__PARA__L1-1.__PARA__L2-1.__PARA__L3-1.__PARA__L4-4.__PIPE__L0-off.__PIPE__L1-flatten.__PIPE__L2-NA.__TILE__L0-1.__TILE__L1-8.__TILE__L2-8,target,support,support,finetune_dataset,data_675.pt,4030681.0,sgformer_rgcn_qor,4,50,kmeans,0.6554522514343262,0.8389148116111755,0.18346256017684937,0.2800000011920929,0.7236596941947937,0.4436596930027008,0.11999999731779099,0.10643494874238968,0.013565048575401306,0.27000001072883606,0.7284181118011475,0.4584181010723114,0.20999999344348907,0.13874001801013947,0.07125997543334961
c2c93fa5894090c5,jacobi-2d,jacobi-2d,lv2:__PARA__L0-1.__PARA__L1-1.__PARA__L2-1.__PARA__L3-1.__PARA__L4-1.__PIPE__L0-off.__PIPE__L1-off.__PIPE__L2-flatten.__TILE__L0-1.__TILE__L1-1.__TILE__L2-2,target,support,support,finetune_dataset,data_660.pt,4306601.0,sgformer_rgcn_qor,4,50,kmeans,0.6076892018318176,0.4799725413322449,0.12771666049957275,0.20000000298023224,0.5776798129081726,0.37767982482910156,0.14000000059604645,0.47458183765411377,0.3345818519592285,0.18000000715255737,0.32300353050231934,0.14300352334976196,0.25,0.03469986841082573,0.21530012786388397
167d65bad6feeeff,jacobi-2d,jacobi-2d,lv2:__PARA__L0-1.__PARA__L1-1.__PARA__L2-1.__PARA__L3-8.__PARA__L4-16.__PIPE__L0-off.__PIPE__L1-off.__PIPE__L2-off.__TILE__L0-1.__TILE__L1-1.__TILE__L2-1,target,support,support,finetune_dataset,data_713.pt,448204.0,sgformer_rgcn_qor,4,50,kmeans,2.2398502826690674,0.8297316431999207,1.410118579864502,0.05000000074505806,0.11412066221237183,0.06412066519260406,0.009999999776482582,0.34944069385528564,0.3394407033920288,0.009999999776482582,0.17424559593200684,0.1642455905675888,0.029999999329447746,-0.04781370237469673,0.07781369984149933
70a1bf473541b04a,jacobi-2d,jacobi-2d,lv2:__PARA__L0-1.__PARA__L1-88.__PARA__L2-2.__PARA__L3-1.__PARA__L4-1.__PIPE__L0-off.__PIPE__L1-off.__PIPE__L2-flatten.__TILE__L0-1.__TILE__L1-1.__TILE__L2-8,target,support,support,finetune_dataset,data_912.pt,4246001.0,sgformer_rgcn_qor,4,50,kmeans,0.617911696434021,1.6663891077041626,1.0484774112701416,1.100000023841858,0.6938568949699402,0.4061431288719177,0.49000000953674316,0.16392052173614502,0.32607948780059814,1.0199999809265137,0.8106954097747803,0.2093045711517334,0.23999999463558197,-0.42265063524246216,0.6626506447792053
0b27ce5d3d4a3882,jacobi-2d,jacobi-2d,lv2:__PARA__L0-1.__PARA__L1-1.__PARA__L2-1.__PARA__L3-11.__PARA__L4-16.__PIPE__L0-off.__PIPE__L1-off.__PIPE__L2-off.__TILE__L0-1.__TILE__L1-1.__TILE__L2-1,target,support,support,finetune_dataset,data_683.pt,416404.0,sgformer_rgcn_qor,4,50,kmeans,2.292936086654663,0.8828718066215515,1.4100642204284668,0.05999999865889549,0.0972105860710144,0.03721058741211891,0.009999999776482582,0.34803307056427,0.3380330801010132,0.009999999776482582,0.19943022727966309,0.18943022191524506,0.03999999910593033,-0.0267668254673481,0.06676682829856873
e0f176d01fa896b9,jacobi-2d,jacobi-2d,lv2:__PARA__L0-1.__PARA__L1-1.__PARA__L2-1.__PARA__L3-1.__PARA__L4-1.__PIPE__L0-off.__PIPE__L1-off.__PIPE__L2-flatten.__TILE__L0-1.__TILE__L1-1.__TILE__L2-8,target,support,support,finetune_dataset,data_662.pt,4244201.0,sgformer_rgcn_qor,4,50,kmeans,0.6182175278663635,0.5081571936607361,0.11006033420562744,0.17000000178813934,0.5625907778739929,0.3925907611846924,0.07000000029802322,0.4773188829421997,0.4073188900947571,0.18000000715255737,0.3800675868988037,0.20006757974624634,0.25,0.018483590334653854,0.23151640594005585
942f78d1937a87f4,jacobi-2d,jacobi-2d,lv2:__PARA__L0-1.__PARA__L1-2.__PARA__L2-1.__PARA__L3-8.__PARA__L4-8.__PIPE__L0-off.__PIPE__L1-NA.__PIPE__L2-off.__TILE__L0-1.__TILE__L1-1.__TILE__L2-2,target,support,support,finetune_dataset,data_810.pt,4268321.0,sgformer_rgcn_qor,4,50,kmeans,0.6141297221183777,0.8115114569664001,0.19738173484802246,0.05000000074505806,0.31329411268234253,0.2632941007614136,0.019999999552965164,0.16418755054473877,0.1441875547170639,0.05000000074505806,0.27321791648864746,0.2232179194688797,0.0,0.15887852013111115,0.15887852013111115
68b312dcdb9d70a2,jacobi-2d,jacobi-2d,lv2:__PARA__L0-1.__PARA__L1-1.__PARA__L2-1.__PARA__L3-1.__PARA__L4-8.__PIPE__L0-off.__PIPE__L1-flatten.__PIPE__L2-NA.__TILE__L0-1.__TILE__L1-1.__TILE__L2-8,target,support,support,finetune_dataset,data_678.pt,3938401.0,sgformer_rgcn_qor,4,50,kmeans,0.6721590161323547,0.9085635542869568,0.23640453815460205,0.27000001072883606,0.8238288760185242,0.5538288354873657,0.10999999940395355,0.22800934314727783,0.11800934374332428,0.2800000011920929,0.6716611385345459,0.391661137342453,0.25,0.1939658671617508,0.05603413283824921
73b7ca2c1d248dd6,jacobi-2d,jacobi-2d,lv2:__PARA__L0-1.__PARA__L1-1.__PARA__L2-1.__PARA__L3-8.__PARA__L4-8.__PIPE__L0-off.__PIPE__L1-off.__PIPE__L2-off.__TILE__L0-1.__TILE__L1-88.__TILE__L2-4,target,support,support,finetune_dataset,data_725.pt,3980681.0,sgformer_rgcn_qor,4,50,kmeans,0.6644564270973206,0.618858277797699,0.04559814929962158,0.05000000074505806,0.29903143644332886,0.2490314394235611,0.019999999552965164,0.009387142956256866,0.010612856596708298,0.05000000074505806,0.4569985866546631,0.40699857473373413,0.0,-0.17741303145885468,0.17741303145885468
c3442a8001fa4417,jacobi-2d,jacobi-2d,lv2:__PARA__L0-1.__PARA__L1-2.__PARA__L2-22.__PARA__L3-8.__PARA__L4-8.__PIPE__L0-off.__PIPE__L1-off.__PIPE__L2-off.__TILE__L0-40.__TILE__L1-1.__TILE__L2-1,target,support,support,finetune_dataset,data_857.pt,4504601.0,sgformer_rgcn_qor,4,50,kmeans,0.5752643942832947,1.0729856491088867,0.49772125482559204,0.05000000074505806,0.08352059125900269,0.033520590513944626,0.019999999552965164,0.3942309617996216,0.3742309510707855,0.05000000074505806,0.25346922874450684,0.20346923172473907,0.009999999776482582,0.0822882205247879,0.07228822261095047
74a01752d111f879,gemver-medium,gemver-medium,lv2:__PARA__L0-1.__PARA__L1-1.__PARA__L2-1.__PARA__L3-1.__PARA__L4-1.__PARA__L5-1.__PARA__L6-64.__PIPE__L0-flatten.__PIPE__L1-off.__PIPE__L3-off.__TILE__L0-1.__TILE__L1-1.__TILE__L3-1,target,support,support,finetune_dataset,data_478.pt,924703.0,sgformer_rgcn_qor,4,50,kmeans,1.7174330949783325,2.3978238105773926,0.6803907155990601,0.6700000166893005,0.521007239818573,0.14899277687072754,0.4300000071525574,0.6930800676345825,0.26308006048202515,1.2799999713897705,1.351266622543335,0.07126665115356445,0.23999999463558197,0.15610738098621368,0.08389261364936829
09b442110eaabb3e,gemver-medium,gemver-medium,lv2:__PARA__L0-1.__PARA__L1-1.__PARA__L2-1.__PARA__L3-1.__PARA__L4-1.__PARA__L5-8.__PARA__L6-1.__PIPE__L0-off.__PIPE__L1-off.__PIPE__L3-flatten.__TILE__L0-1.__TILE__L1-1.__TILE__L3-1,target,support,support,finetune_dataset,data_614.pt,328863.0,sgformer_rgcn_qor,4,50,kmeans,2.4631848335266113,1.5852376222610474,0.877947211265564,0.6299999952316284,0.17722290754318237,0.45277708768844604,0.33000001311302185,-0.0023354217410087585,0.3323354423046112,1.1100000143051147,0.8270394802093506,0.28296053409576416,0.800000011920929,0.35196155309677124,0.4480384588241577
9fdaad6156127ccf,gemver-medium,gemver-medium,lv2:__PARA__L0-1.__PARA__L1-1.__PARA__L2-1.__PARA__L3-1.__PARA__L4-1.__PARA__L5-2.__PARA__L6-25.__PIPE__L0-flatten.__PIPE__L1-off.__PIPE__L3-off.__TILE__L0-1.__TILE__L1-1.__TILE__L3-1,target,support,support,finetune_dataset,data_528.pt,505973.0,sgformer_rgcn_qor,4,50,kmeans,2.152397871017456,2.296980381011963,0.14458250999450684,0.6800000071525574,0.6495091319084167,0.030490875244140625,0.41999998688697815,0.5703078508377075,0.15030786395072937,1.2799999713897705,1.3238732814788818,0.04387331008911133,0.23999999463558197,0.2264837771654129,0.013516217470169067
97f4543bc45808b5,gemver-medium,gemver-medium,lv2:__PARA__L0-1.__PARA__L1-1.__PARA__L2-1.__PARA__L3-16.__PARA__L4-1.__PARA__L5-1.__PARA__L6-1.__PIPE__L0-flatten.__PIPE__L1-off.__PIPE__L3-off.__TILE__L0-1.__TILE__L1-1.__TILE__L3-1,target,support,support,finetune_dataset,data_649.pt,1721873.0,sgformer_rgcn_qor,4,50,kmeans,1.2689746618270874,2.2293450832366943,0.9603704214096069,0.6499999761581421,0.6587139964103699,0.008714020252227783,0.4300000071525574,0.4710036516189575,0.041003644466400146,1.2799999713897705,1.1864526271820068,0.09354734420776367,0.23999999463558197,0.2868170142173767,0.04681701958179474
06c62edb9698a94a,gemver-medium,gemver-medium,lv2:__PARA__L0-1.__PARA__L1-1.__PARA__L2-1.__PARA__L3-1.__PARA__L4-1.__PARA__L5-2.__PARA__L6-5.__PIPE__L0-flatten.__PIPE__L1-off.__PIPE__L3-off.__TILE__L0-1.__TILE__L1-1.__TILE__L3-1,target,support,support,finetune_dataset,data_540.pt,629573.0,sgformer_rgcn_qor,4,50,kmeans,1.9947412014007568,2.1853325366973877,0.19059133529663086,0.6700000166893005,0.7672097086906433,0.09720969200134277,0.41999998688697815,0.4824897050857544,0.062489718198776245,1.2799999713897705,1.2835252285003662,0.003525257110595703,0.23999999463558197,0.20235486328601837,0.0376451313495636
31c578a0b82fae90,gemver-medium,gemver-medium,lv2:__PARA__L0-1.__PARA__L1-1.__PARA__L2-1.__PARA__L3-1.__PARA__L4-1.__PARA__L5-5.__PARA__L6-1.__PIPE__L0-off.__PIPE__L1-off.__PIPE__L3-off.__TILE__L0-1.__TILE__L1-1.__TILE__L3-1,target,support,support,finetune_dataset,data_593.pt,1194764.0,sgformer_rgcn_qor,4,50,kmeans,1.532601237297058,1.7501286268234253,0.2175273895263672,0.029999999329447746,0.3511750102043152,0.3211750090122223,0.009999999776482582,-0.07429205626249313,0.08429205417633057,0.0,-0.015226610004901886,0.015226610004901886,0.30000001192092896,0.30960792303085327,0.009607911109924316
06642eb004feff89,gemver-medium,gemver-medium,lv2:__PARA__L0-1.__PARA__L1-1.__PARA__L2-1.__PARA__L3-1.__PARA__L4-1.__PARA__L5-1.__PARA__L6-25.__PIPE__L0-off.__PIPE__L1-off.__PIPE__L3-NA.__TILE__L0-1.__TILE__L1-1.__TILE__L3-1,target,support,support,finetune_dataset,data_459.pt,1062228.0,sgformer_rgcn_qor,4,50,kmeans,1.617417335510254,1.650460124015808,0.0330427885055542,0.05000000074505806,0.120036780834198,0.07003678381443024,0.019999999552965164,0.1565619707107544,0.13656197488307953,0.019999999552965164,0.4343888759613037,0.41438886523246765,0.18000000715255737,0.32518142461776733,0.14518141746520996
cdcc51c6c395351b,gemver-medium,gemver-medium,lv2:__PARA__L0-1.__PARA__L1-1.__PARA__L2-1.__PARA__L3-1.__PARA__L4-1.__PARA__L5-2.__PARA__L6-32.__PIPE__L0-flatten.__PIPE__L1-off.__PIPE__L3-off.__TILE__L0-1.__TILE__L1-1.__TILE__L3-1,target,support,support,finetune_dataset,data_531.pt,539573.0,sgformer_rgcn_qor,4,50,kmeans,2.1060190200805664,2.308962106704712,0.2029430866241455,0.6800000071525574,0.5987583994865417,0.08124160766601562,0.4300000071525574,0.60389244556427,0.17389243841171265,1.2799999713897705,1.340524435043335,0.06052446365356445,0.23999999463558197,0.23644395172595978,0.0035560429096221924
f4eea9d04231cbfb,gemver-medium,gemver-medium,lv2:__PARA__L0-1.__PARA__L1-1.__PARA__L2-1.__PARA__L3-1.__PARA__L4-1.__PARA__L5-4.__PARA__L6-2.__PIPE__L0-flatten.__PIPE__L1-off.__PIPE__L3-off.__TILE__L0-1.__TILE__L1-1.__TILE__L3-1,target,support,support,finetune_dataset,data_563.pt,669173.0,sgformer_rgcn_qor,4,50,kmeans,1.9507384300231934,2.1925151348114014,0.241776704788208,0.7300000190734863,0.7826668620109558,0.05266684293746948,0.4399999976158142,0.47698891162872314,0.036988914012908936,1.2799999713897705,1.292020559310913,0.012020587921142578,0.4300000071525574,0.21041150391101837,0.219588503241539
0f367971ed04498a,gemver-medium,gemver-medium,lv2:__PARA__L0-1.__PARA__L1-1.__PARA__L2-1.__PARA__L3-1.__PARA__L4-1.__PARA__L5-8.__PARA__L6-10.__PIPE__L0-off.__PIPE__L1-off.__PIPE__L3-off.__TILE__L0-1.__TILE__L1-1.__TILE__L3-1,target,support,support,finetune_dataset,data_617.pt,427212.0,sgformer_rgcn_qor,4,50,kmeans,2.274451971054077,1.8124147653579712,0.46203720569610596,0.029999999329447746,0.2911602854728699,0.261160284280777,0.009999999776482582,-0.0035179778933525085,0.01351797766983509,0.0,-0.003439195454120636,0.003439195454120636,0.28999999165534973,0.3327793478965759,0.042779356241226196
e791599a06b64fdd,gemver-medium,gemver-medium,lv2:__PARA__L0-1.__PARA__L1-1.__PARA__L2-1.__PARA__L3-1.__PARA__L4-1.__PARA__L5-5.__PARA__L6-1.__PIPE__L0-off.__PIPE__L1-off.__PIPE__L3-flatten.__TILE__L0-1.__TILE__L1-1.__TILE__L3-1,target,support,support,finetune_dataset,data_592.pt,387615.0,sgformer_rgcn_qor,4,50,kmeans,2.344615936279297,1.549655556678772,0.7949603796005249,0.6399999856948853,0.17900055646896362,0.46099942922592163,0.4099999964237213,0.0010596588253974915,0.4089403450489044,1.1100000143051147,0.8116052150726318,0.2983947992324829,0.800000011920929,0.33330386877059937,0.4666961431503296
abd02553eb488b26,gemver-medium,gemver-medium,lv2:__PARA__L0-1.__PARA__L1-8.__PARA__L2-1.__PARA__L3-1.__PARA__L4-1.__PARA__L5-1.__PARA__L6-1.__PIPE__L0-flatten.__PIPE__L1-off.__PIPE__L3-off.__TILE__L0-1.__TILE__L1-1.__TILE__L3-1,target,support,support,finetune_dataset,data_653.pt,1689165.0,sgformer_rgcn_qor,4,50,kmeans,1.2828088998794556,2.1816418170928955,0.8988329172134399,0.6499999761581421,0.7384011149406433,0.08840113878250122,0.41999998688697815,0.46325981616973877,0.04325982928276062,1.2799999713897705,1.2975709438323975,0.017570972442626953,0.23999999463558197,0.18232960999011993,0.057670384645462036
a4af5301460b9d00,gemver-medium,gemver-medium,lv2:__PARA__L0-1.__PARA__L1-1.__PARA__L2-1.__PARA__L3-1.__PARA__L4-2.__PARA__L5-1.__PARA__L6-16.__PIPE__L0-off.__PIPE__L1-flatten.__PIPE__L3-off.__TILE__L0-1.__TILE__L1-1.__TILE__L3-8,target,support,support,finetune_dataset,data_638.pt,240035.0,sgformer_rgcn_qor,4,50,kmeans,2.690305709838867,1.977972388267517,0.7123333215713501,0.6200000047683716,0.8537575602531433,0.23375755548477173,0.3100000023841858,0.550639271736145,0.24063926935195923,0.6399999856948853,1.064401388168335,0.4244014024734497,0.23999999463558197,0.36954158544540405,0.12954159080982208
f29f2562f3c80240,gemver-medium,gemver-medium,lv2:__PARA__L0-1.__PARA__L1-1.__PARA__L2-1.__PARA__L3-1.__PARA__L4-1.__PARA__L5-4.__PARA__L6-16.__PIPE__L0-off.__PIPE__L1-off.__PIPE__L3-NA.__TILE__L0-1.__TILE__L1-1.__TILE__L3-1,target,support,support,finetune_dataset,data_560.pt,486319.0,sgformer_rgcn_qor,4,50,kmeans,2.180976629257202,1.664721131324768,0.5162554979324341,0.03999999910593033,0.17152374982833862,0.1315237581729889,0.019999999552965164,0.08200372010469437,0.0620037205517292,0.009999999776482582,0.38517165184020996,0.3751716613769531,0.18000000715255737,0.32936710119247437,0.149367094039917
cf40d0255f3c7df7,gemver-medium,gemver-medium,lv2:__PARA__L0-1.__PARA__L1-1.__PARA__L2-1.__PARA__L3-1.__PARA__L4-1.__PARA__L5-2.__PARA__L6-400.__PIPE__L0-off.__PIPE__L1-off.__PIPE__L3-off.__TILE__L0-1.__TILE__L1-1.__TILE__L3-1,target,support,support,finetune_dataset,data_538.pt,641657.0,sgformer_rgcn_qor,4,50,kmeans,1.9810268878936768,1.4332889318466187,0.5477379560470581,0.18000000715255737,0.4511715769767761,0.27117156982421875,0.20999999344348907,0.25488197803497314,0.04488198459148407,0.4699999988079071,1.2961900234222412,0.8261899948120117,0.23999999463558197,0.33202117681503296,0.09202118217945099
9b76b16299db4740,gemver-medium,gemver-medium,lv2:__PARA__L0-1.__PARA__L1-1.__PARA__L2-1.__PARA__L3-1.__PARA__L4-1.__PARA__L5-1.__PARA__L6-1.__PIPE__L0-flatten.__PIPE__L1-flatten.__PIPE__L3-off.__TILE__L0-1.__TILE__L1-8.__TILE__L3-1,target,support,support,finetune_dataset,data_426.pt,889619.0,sgformer_rgcn_qor,4,50,kmeans,1.745334267616272,2.4711756706237793,0.7258414030075073,3.299999952316284,1.4802415370941162,1.819758415222168,2.0999999046325684,0.9451133012771606,1.1548866033554077,6.900000095367432,2.3895204067230225,4.510479927062988,0.30000001192092896,0.1682562381029129,0.13174377381801605
88047e3dd9b1cdae,gemver-medium,gemver-medium,lv2:__PARA__L0-1.__PARA__L1-1.__PARA__L2-1.__PARA__L3-1.__PARA__L4-1.__PARA__L5-2.__PARA__L6-16.__PIPE__L0-flatten.__PIPE__L1-off.__PIPE__L3-NA.__TILE__L0-1.__TILE__L1-1.__TILE__L3-1,target,support,support,finetune_dataset,data_515.pt,515481.0,sgformer_rgcn_qor,4,50,kmeans,2.1389684677124023,2.0949835777282715,0.04398488998413086,0.6800000071525574,0.6073376536369324,0.072662353515625,0.4300000071525574,0.5912009477615356,0.16120094060897827,1.2899999618530273,1.6138322353363037,0.32383227348327637,0.23999999463558197,0.225613072514534,0.014386922121047974
fb29053e523e2801,gemver-medium,gemver-medium,lv2:__PARA__L0-1.__PARA__L1-1.__PARA__L2-1.__PARA__L3-1.__PARA__L4-2.__PARA__L5-1.__PARA__L6-20.__PIPE__L0-off.__PIPE__L1-flatten.__PIPE__L3-off.__TILE__L0-1.__TILE__L1-1.__TILE__L3-8,target,support,support,finetune_dataset,data_640.pt,224535.0,sgformer_rgcn_qor,4,50,kmeans,2.7384579181671143,1.9859691858291626,0.7524887323379517,0.6200000047683716,0.8303562998771667,0.21035629510879517,0.3100000023841858,0.6043082475662231,0.29430824518203735,0.6399999856948853,1.0884759426116943,0.4484759569168091,0.25999999046325684,0.37763065099716187,0.11763066053390503
088c49f7f49c80eb,gemver-medium,gemver-medium,lv2:__PARA__L0-1.__PARA__L1-1.__PARA__L2-1.__PARA__L3-1.__PARA__L4-1.__PARA__L5-1.__PARA__L6-10.__PIPE__L0-flatten.__PIPE__L1-off.__PIPE__L3-NA.__TILE__L0-1.__TILE__L1-1.__TILE__L3-1,target,support,support,finetune_dataset,data_436.pt,941561.0,sgformer_rgcn_qor,4,50,kmeans,1.7044007778167725,2.0706377029418945,0.36623692512512207,0.6700000166893005,0.6323887705802917,0.03761124610900879,0.4300000071525574,0.5735160112380981,0.14351600408554077,1.2899999618530273,1.614957571029663,0.32495760917663574,0.23999999463558197,0.21439023315906525,0.025609761476516724
01e5f16a1216bb57,gemver-medium,gemver-medium,lv2:__PARA__L0-1.__PARA__L1-1.__PARA__L2-1.__PARA__L3-8.__PARA__L4-1.__PARA__L5-1.__PARA__L6-1.__PIPE__L0-flatten.__PIPE__L1-off.__PIPE__L3-off.__TILE__L0-1.__TILE__L1-1.__TILE__L3-1,target,support,support,finetune_dataset,data_650.pt,1689719.0,sgformer_rgcn_qor,4,50,kmeans,1.2825723886489868,2.205960750579834,0.9233883619308472,0.6499999761581421,0.7295529246330261,0.07955294847488403,0.41999998688697815,0.4755927324295044,0.055592745542526245,1.2799999713897705,1.22940993309021,0.05059003829956055,0.23999999463558197,0.23125310242176056,0.008746892213821411
cd2cbe2bb0e6451c,gemver-medium,gemver-medium,lv2:__PARA__L0-1.__PARA__L1-1.__PARA__L2-1.__PARA__L3-1.__PARA__L4-1.__PARA__L5-1.__PARA__L6-8.__PIPE__L0-off.__PIPE__L1-flatten.__PIPE__L3-off.__TILE__L0-1.__TILE__L1-1.__TILE__L3-8,target,support,support,finetune_dataset,data_484.pt,389965.0,sgformer_rgcn_qor,4,50,kmeans,2.3402557373046875,1.9524551630020142,0.38780057430267334,0.6100000143051147,0.9058300852775574,0.2958300709724426,0.3100000023841858,0.45968925952911377,0.14968925714492798,0.6399999856948853,1.069333791732788,0.42933380603790283,0.18000000715255737,0.3538317084312439,0.17383170127868652
32dfa05f97e3183b,gemver-medium,gemver-medium,lv2:__PARA__L0-1.__PARA__L1-1.__PARA__L2-1.__PARA__L3-1.__PARA__L4-1.__PARA__L5-5.__PARA__L6-32.__PIPE__L0-off.__PIPE__L1-off.__PIPE__L3-off.__TILE__L0-1.__TILE__L1-1.__TILE__L3-1,target,support,support,finetune_dataset,data_604.pt,471563.0,sgformer_rgcn_qor,4,50,kmeans,2.203202724456787,1.8114291429519653,0.3917735815048218,0.05000000074505806,0.1696431040763855,0.11964310705661774,0.019999999552965164,0.14976799488067627,0.1297679990530014,0.019999999552965164,0.07323621958494186,0.0532362200319767,0.05999999865889549,0.3373989462852478,0.277398943901062
ccedb74009e7acda,gemver-medium,gemver-medium,lv2:__PARA__L0-1.__PARA__L1-1.__PARA__L2-1.__PARA__L3-1.__PARA__L4-1.__PARA__L5-1.__PARA__L6-16.__PIPE__L0-off.__PIPE__L1-off.__PIPE__L3-NA.__TILE__L0-1.__TILE__L1-1.__TILE__L3-1,target,support,support,finetune_dataset,data_444.pt,1079116.0,sgformer_rgcn_qor,4,50,kmeans,1.606039047241211,1.6391912698745728,0.033152222633361816,0.03999999910593033,0.17041367292404175,0.13041368126869202,0.019999999552965164,0.10027612000703812,0.08027611672878265,0.009999999776482582,0.37813735008239746,0.3681373596191406,0.11999999731779099,0.31506675481796265,0.19506675004959106
b34bb2d60481a58b,gemver-medium,gemver-medium,lv2:__PARA__L0-1.__PARA__L1-1.__PARA__L2-1.__PARA__L3-1.__PARA__L4-1.__PARA__L5-2.__PARA__L6-1.__PIPE__L0-off.__PIPE__L1-NA.__PIPE__L3-flatten.__TILE__L0-1.__TILE__L1-1.__TILE__L3-1,target,support,support,finetune_dataset,data_508.pt,624517.0,sgformer_rgcn_qor,4,50,kmeans,2.0005576610565186,1.6354697942733765,0.3650878667831421,0.46000000834465027,0.5295750498771667,0.06957504153251648,0.3400000035762787,0.2332679033279419,0.10673210024833679,0.6399999856948853,1.401670217514038,0.7616702318191528,0.23999999463558197,0.36490291357040405,0.12490291893482208
2932f44c3f2bc533,gemver-medium,gemver-medium,lv2:__PARA__L0-1.__PARA__L1-1.__PARA__L2-1.__PARA__L3-1.__PARA__L4-1.__PARA__L5-1.__PARA__L6-1.__PIPE__L0-flatten.__PIPE__L1-off.__PIPE__L3-off.__TILE__L0-1.__TILE__L1-1.__TILE__L3-1,target,support,support,finetune_dataset,data_430.pt,1657103.0,sgformer_rgcn_qor,4,50,kmeans,1.2966324090957642,2.1644980907440186,0.8678656816482544,0.6399999856948853,0.7858139872550964,0.14581400156021118,0.41999998688697815,0.4962416887283325,0.07624170184135437,1.2799999713897705,1.2875916957855225,0.007591724395751953,0.23999999463558197,0.1977982074022293,0.04220178723335266
6bfa1888245ac30f,gemver-medium,gemver-medium,lv2:__PARA__L0-1.__PARA__L1-1.__PARA__L2-1.__PARA__L3-1.__PARA__L4-1.__PARA__L5-4.__PARA__L6-5.__PIPE__L0-flatten.__PIPE__L1-off.__PIPE__L3-off.__TILE__L0-1.__TILE__L1-1.__TILE__L3-1,target,support,support,finetune_dataset,data_583.pt,432373.0,sgformer_rgcn_qor,4,50,kmeans,2.2657899856567383,2.2035512924194336,0.06223869323730469,0.7300000190734863,0.7698437571525574,0.039843738079071045,0.4399999976158142,0.47181236743927,0.03181236982345581,1.2799999713897705,1.2883775234222412,0.008377552032470703,0.4300000071525574,0.21105904877185822,0.21894095838069916
2b4f099ae74f84d5,gemver-medium,gemver-medium,lv2:__PARA__L0-1.__PARA__L1-1.__PARA__L2-1.__PARA__L3-1.__PARA__L4-1.__PARA__L5-8.__PARA__L6-10.__PIPE__L0-off.__PIPE__L1-off.__PIPE__L3-NA.__TILE__L0-1.__TILE__L1-1.__TILE__L3-1,target,support,support,finetune_dataset,data_616.pt,420870.0,sgformer_rgcn_qor,4,50,kmeans,2.285240650177002,1.6918669939041138,0.5933736562728882,0.03999999910593033,0.2009102702140808,0.16091027855873108,0.019999999552965164,0.01608956605195999,0.003910433501005173,0.009999999776482582,0.39125609397888184,0.381256103515625,0.28999999165534973,0.3476642966270447,0.057664304971694946
07cb38f49129dd42,gemver-medium,gemver-medium,lv2:__PARA__L0-1.__PARA__L1-1.__PARA__L2-1.__PARA__L3-1.__PARA__L4-1.__PARA__L5-1.__PARA__L6-1.__PIPE__L0-flatten.__PIPE__L1-flatten.__PIPE__L3-off.__TILE__L0-1.__TILE__L1-1.__TILE__L3-8,target,support,support,finetune_dataset,data_425.pt,923083.0,sgformer_rgcn_qor,4,50,kmeans,1.7186979055404663,2.3475723266601562,0.6288744211196899,1.0,1.388437032699585,0.38843703269958496,0.6299999952316284,1.0140334367752075,0.3840334415435791,1.75,2.320756673812866,0.5707566738128662,0.30000001192092896,0.21772904694080353,0.08227096498012543
7431bdb2627f50c0,gemver-medium,gemver-medium,lv2:__PARA__L0-1.__PARA__L1-1.__PARA__L2-1.__PARA__L3-1.__PARA__L4-2.__PARA__L5-1.__PARA__L6-1.__PIPE__L0-off.__PIPE__L1-flatten.__PIPE__L3-NA.__TILE__L0-1.__TILE__L1-1.__TILE__L3-8,target,support,support,finetune_dataset,data_635.pt,1011542.0,sgformer_rgcn_qor,4,50,kmeans,1.6526858806610107,1.7707101106643677,0.11802423000335693,0.6200000047683716,0.8639141917228699,0.2439141869544983,0.3100000023841858,0.4384375810623169,0.1284375786781311,0.6399999856948853,1.502256155014038,0.8622561693191528,0.18000000715255737,0.38677161931991577,0.2067716121673584
c4c3345a7057f3e3,gemver-medium,gemver-medium,lv2:__PARA__L0-1.__PARA__L1-1.__PARA__L2-1.__PARA__L3-1.__PARA__L4-1.__PARA__L5-4.__PARA__L6-5.__PIPE__L0-off.__PIPE__L1-off.__PIPE__L3-off.__TILE__L0-1.__TILE__L1-1.__TILE__L3-1,target,support,support,finetune_dataset,data_585.pt,601213.0,sgformer_rgcn_qor,4,50,kmeans,2.0279901027679443,1.7550832033157349,0.2729068994522095,0.029999999329447746,0.32907456159591675,0.29907456040382385,0.009999999776482582,-0.047383181750774384,0.057383179664611816,0.0,-0.02395845204591751,0.02395845204591751,0.18000000715255737,0.3039669394493103,0.12396693229675293
4b02cffad381ef74,gemver-medium,gemver-medium,lv2:__PARA__L0-1.__PARA__L1-1.__PARA__L2-1.__PARA__L3-1.__PARA__L4-1.__PARA__L5-1.__PARA__L6-1.__PIPE__L0-flatten.__PIPE__L1-flatten.__PIPE__L3-off.__TILE__L0-8.__TILE__L1-1.__TILE__L3-1,target,support,support,finetune_dataset,data_428.pt,873826.0,sgformer_rgcn_qor,4,50,kmeans,1.758255124092102,2.391822576522827,0.6335674524307251,1.090000033378601,1.4798409938812256,0.3898409605026245,0.6299999952316284,1.0387450456619263,0.40874505043029785,1.75,2.36466383934021,0.61466383934021,0.11999999731779099,0.16215558350086212,0.042155586183071136
b25403802978da1b,gemver-medium,gemver-medium,lv2:__PARA__L0-1.__PARA__L1-1.__PARA__L2-1.__PARA__L3-1.__PARA__L4-1.__PARA__L5-2.__PARA__L6-20.__PIPE__L0-off.__PIPE__L1-off.__PIPE__L3-off.__TILE__L0-1.__TILE__L1-1.__TILE__L3-1,target,support,support,finetune_dataset,data_526.pt,682413.0,sgformer_rgcn_qor,4,50,kmeans,1.9366055727005005,1.7712568044662476,0.16534876823425293,0.03999999910593033,0.2356545329093933,0.19565454125404358,0.019999999552965164,0.10682214051485062,0.08682213723659515,0.009999999776482582,0.006807081401348114,0.003192918375134468,0.18000000715255737,0.31142657995224,0.13142657279968262
aaa173e09b080b95,gemver-medium,gemver-medium,lv2:__PARA__L0-1.__PARA__L1-1.__PARA__L2-1.__PARA__L3-1.__PARA__L4-1.__PARA__L5-4.__PARA__L6-20.__PIPE__L0-off.__PIPE__L1-off.__PIPE__L3-NA.__TILE__L0-1.__TILE__L1-1.__TILE__L3-1,target,support,support,finetune_dataset,data_568.pt,476669.0,sgformer_rgcn_qor,4,50,kmeans,2.195434093475342,1.6699398756027222,0.5254942178726196,0.05999999865889549,0.148296058177948,0.08829605579376221,0.019999999552965164,0.10372842103242874,0.08372841775417328,0.009999999776482582,0.40915465354919434,0.3991546630859375,0.28999999165534973,0.3340916037559509,0.044091612100601196
ccf784e28e8d62ee,gemver-medium,gemver-medium,lv2:__PARA__L0-1.__PARA__L1-400.__PARA__L2-1.__PARA__L3-1.__PARA__L4-1.__PARA__L5-1.__PARA__L6-1.__PIPE__L0-flatten.__PIPE__L1-off.__PIPE__L3-off.__TILE__L0-1.__TILE__L1-1.__TILE__L3-1,target,support,support,finetune_dataset,data_652.pt,1657473.0,sgformer_rgcn_qor,4,50,kmeans,1.296471357345581,2.811417579650879,1.5149462223052979,0.6499999761581421,0.5425469279289246,0.10745304822921753,0.41999998688697815,-0.36573874950408936,0.7857387065887451,1.2799999713897705,1.4681222438812256,0.18812227249145508,0.23999999463558197,0.35514014959335327,0.1151401549577713
137df9385324e331,gemver-medium,gemver-medium,lv2:__PARA__L0-1.__PARA__L1-1.__PARA__L2-1.__PARA__L3-1.__PARA__L4-1.__PARA__L5-2.__PARA__L6-1.__PIPE__L0-flatten.__PIPE__L1-off.__PIPE__L3-flatten.__TILE__L0-1.__TILE__L1-1.__TILE__L3-1,target,support,support,finetune_dataset,data_506.pt,456029.0,sgformer_rgcn_qor,4,50,kmeans,2.227365255355835,1.9713300466537476,0.2560352087020874,0.7099999785423279,0.5796276926994324,0.1303722858428955,0.4699999988079071,0.6703521013259888,0.20035210251808167,1.2799999713897705,1.9872338771820068,0.7072339057922363,0.23999999463558197,0.2173418551683426,0.02265813946723938
db963af74fdef9e2,gemver-medium,gemver-medium,lv2:__PARA__L0-5.__PARA__L1-1.__PARA__L2-1.__PARA__L3-1.__PARA__L4-1.__PARA__L5-1.__PARA__L6-1.__PIPE__L0-flatten.__PIPE__L1-off.__PIPE__L3-off.__TILE__L0-1.__TILE__L1-1.__TILE__L3-1,target,support,support,finetune_dataset,data_655.pt,2317684.0,sgformer_rgcn_qor,4,50,kmeans,1.0546220541000366,2.22006893157959,1.1654468774795532,3.2100000381469727,0.7593209147453308,2.450679063796997,2.059999942779541,0.5532408952713013,1.5067590475082397,6.429999828338623,1.300077199935913,5.129922866821289,0.9900000095367432,0.20531220734119415,0.7846878170967102
826e3156c7f5ca8b,gemver-medium,gemver-medium,lv2:__PARA__L0-1.__PARA__L1-1.__PARA__L2-1.__PARA__L3-1.__PARA__L4-1.__PARA__L5-5.__PARA__L6-16.__PIPE__L0-off.__PIPE__L1-off.__PIPE__L3-NA.__TILE__L0-1.__TILE__L1-1.__TILE__L3-1,target,support,support,finetune_dataset,data_596.pt,447470.0,sgformer_rgcn_qor,4,50,kmeans,2.241032600402832,1.6732910871505737,0.5677415132522583,0.03999999910593033,0.17114228010177612,0.1311422884464264,0.019999999552965164,0.07742989808320999,0.05742989853024483,0.009999999776482582,0.38762450218200684,0.37762451171875,0.30000001192092896,0.33398669958114624,0.033986687660217285
d18c3f6a099c066b,gemver-medium,gemver-medium,lv2:__PARA__L0-1.__PARA__L1-1.__PARA__L2-1.__PARA__L3-1.__PARA__L4-1.__PARA__L5-4.__PARA__L6-2.__PIPE__L0-flatten.__PIPE__L1-off.__PIPE__L3-NA.__TILE__L0-1.__TILE__L1-1.__TILE__L3-1,target,support,support,finetune_dataset,data_562.pt,668423.0,sgformer_rgcn_qor,4,50,kmeans,1.951547384262085,2.071230888366699,0.11968350410461426,0.7400000095367432,0.6741234660148621,0.0658765435218811,0.4399999976158142,0.5491095781326294,0.10910958051681519,1.2799999713897705,1.6308648586273193,0.35086488723754883,0.4300000071525574,0.2205309420824051,0.20946906507015228
237b0c1afc129a58,gemver-medium,gemver-medium,lv2:__PARA__L0-1.__PARA__L1-1.__PARA__L2-1.__PARA__L3-1.__PARA__L4-1.__PARA__L5-5.__PARA__L6-10.__PIPE__L0-off.__PIPE__L1-off.__PIPE__L3-NA.__TILE__L0-1.__TILE__L1-1.__TILE__L3-1,target,support,support,finetune_dataset,data_594.pt,478022.0,sgformer_rgcn_qor,4,50,kmeans,2.193389654159546,1.6562756299972534,0.5371140241622925,0.03999999910593033,0.20266884565353394,0.1626688539981842,0.019999999552965164,0.01949227601289749,0.0005077235400676727,0.009999999776482582,0.37576842308044434,0.3657684326171875,0.30000001192092896,0.32936614751815796,0.029366135597229004
9f3221336f822498,gemver-medium,gemver-medium,lv2:__PARA__L0-1.__PARA__L1-1.__PARA__L2-1.__PARA__L3-1.__PARA__L4-1.__PARA__L5-1.__PARA__L6-1.__PIPE__L0-flatten.__PIPE__L1-flatten.__PIPE__L3-off.__TILE__L0-2.__TILE__L1-1.__TILE__L3-1,target,support,support,finetune_dataset,data_427.pt,885648.0,sgformer_rgcn_qor,4,50,kmeans,1.7485613822937012,2.4178383350372314,0.6692769527435303,1.2300000190734863,1.470762014389038,0.24076199531555176,0.9399999976158142,0.9745055437088013,0.03450554609298706,1.75,2.3604142665863037,0.6104142665863037,0.11999999731779099,0.20637746155261993,0.08637746423482895
f43b6a1af215f841,gemver-medium,gemver-medium,lv2:__PARA__L0-2.__PARA__L1-1.__PARA__L2-1.__PARA__L3-1.__PARA__L4-1.__PARA__L5-1.__PARA__L6-1.__PIPE__L0-flatten.__PIPE__L1-off.__PIPE__L3-off.__TILE__L0-1.__TILE__L1-1.__TILE__L3-1,target,support,support,finetune_dataset,data_654.pt,1657373.0,sgformer_rgcn_qor,4,50,kmeans,1.296514868736267,2.178241729736328,0.881726861000061,1.2699999809265137,0.7782513499259949,0.4917486310005188,0.7900000214576721,0.5095740556716919,0.2804259657859802,2.569999933242798,1.2904107570648193,1.2795891761779785,0.4300000071525574,0.20003552734851837,0.229964479804039
658a43b6874223a8,gemver-medium,gemver-medium,lv2:__PARA__L0-1.__PARA__L1-1.__PARA__L2-1.__PARA__L3-1.__PARA__L4-2.__PARA__L5-1.__PARA__L6-400.__PIPE__L0-off.__PIPE__L1-flatten.__PIPE__L3-off.__TILE__L0-1.__TILE__L1-1.__TILE__L3-8,target,support,support,finetune_dataset,data_645.pt,174135.0,sgformer_rgcn_qor,4,50,kmeans,2.9218249320983887,2.223947048187256,0.6978778839111328,1.340000033378601,1.0860326290130615,0.25396740436553955,0.9599999785423279,0.9259101152420044,0.034089863300323486,2.0399999618530273,1.5971581935882568,0.4428417682647705,0.30000001192092896,0.41603320837020874,0.11603319644927979
5e03ee828b3a552d,gemver-medium,gemver-medium,lv2:__PARA__L0-1.__PARA__L1-1.__PARA__L2-1.__PARA__L3-1.__PARA__L4-1.__PARA__L5-4.__PARA__L6-2.__PIPE__L0-off.__PIPE__L1-off.__PIPE__L3-NA.__TILE__L0-1.__TILE__L1-1.__TILE__L3-1,target,support,support,finetune_dataset,data_564.pt,836863.0,sgformer_rgcn_qor,4,50,kmeans,1.789432406425476,1.622747540473938,0.16668486595153809,0.029999999329447746,0.2546517252922058,0.22465172410011292,0.009999999776482582,-0.04702078551054001,0.05702078342437744,0.0,0.3751084804534912,0.3751084804534912,0.18000000715255737,0.317351758480072,0.13735175132751465
23cb5d94ca303749,gemver-medium,gemver-medium,lv2:__PARA__L0-1.__PARA__L1-1.__PARA__L2-1.__PARA__L3-1.__PARA__L4-1.__PARA__L5-10.__PARA__L6-25.__PIPE__L0-off.__PIPE__L1-off.__PIPE__L3-off.__TILE__L0-1.__TILE__L1-1.__TILE__L3-1,target,support,support,finetune_dataset,data_497.pt,359761.0,sgformer_rgcn_qor,4,50,kmeans,2.3984086513519287,1.8365126848220825,0.5618959665298462,0.10000000149011612,0.20442932844161987,0.10442932695150375,0.019999999552965164,0.09957803040742874,0.07957802712917328,0.009999999776482582,0.05228208750486374,0.042282089591026306,0.05000000074505806,0.36501163244247437,0.3150116205215454
cec947423f44b08f,gemver-medium,gemver-medium,lv2:__PARA__L0-1.__PARA__L1-1.__PARA__L2-1.__PARA__L3-1.__PARA__L4-1.__PARA__L5-2.__PARA__L6-16.__PIPE__L0-off.__PIPE__L1-off.__PIPE__L3-off.__TILE__L0-1.__TILE__L1-1.__TILE__L3-1,target,support,support,finetune_dataset,data_518.pt,691613.0,sgformer_rgcn_qor,4,50,kmeans,1.9269455671310425,1.7661398649215698,0.16080570220947266,0.029999999329447746,0.25964516401290894,0.22964516282081604,0.009999999776482582,0.07421792298555374,0.06421792507171631,0.009999999776482582,-0.01639009267091751,0.026390092447400093,0.11999999731779099,0.3066858649253845,0.18668586015701294
210c2d0f18751123,gemver-medium,gemver-medium,lv2:__PARA__L0-1.__PARA__L1-1.__PARA__L2-1.__PARA__L3-1.__PARA__L4-1.__PARA__L5-8.__PARA__L6-64.__PIPE__L0-off.__PIPE__L1-off.__PIPE__L3-off.__TILE__L0-1.__TILE__L1-1.__TILE__L3-1,target,support,support,finetune_dataset,data_632.pt,404811.0,sgformer_rgcn_qor,4,50,kmeans,2.3133039474487305,1.9725908041000366,0.34071314334869385,0.07999999821186066,0.1223408579826355,0.04234085977077484,0.03999999910593033,0.2066413164138794,0.16664132475852966,0.03999999910593033,0.14373183250427246,0.10373183339834213,0.05999999865889549,0.35771602392196655,0.29771602153778076
d9662c3dbf1efeed,gemver-medium,gemver-medium,lv2:__PARA__L0-1.__PARA__L1-1.__PARA__L2-1.__PARA__L3-1.__PARA__L4-1.__PARA__L5-2.__PARA__L6-25.__PIPE__L0-flatten.__PIPE__L1-off.__PIPE__L3-NA.__TILE__L0-1.__TILE__L1-1.__TILE__L3-1,target,support,support,finetune_dataset,data_527.pt,497391.0,sgformer_rgcn_qor,4,50,kmeans,2.1647379398345947,2.1062111854553223,0.05852675437927246,0.699999988079071,0.5619427561759949,0.13805723190307617,0.4399999976158142,0.6587668657302856,0.21876686811447144,1.2999999523162842,1.6492059230804443,0.34920597076416016,0.23999999463558197,0.2370724231004715,0.0029275715351104736
101fa2327321d834,gemver-medium,gemver-medium,lv2:__PARA__L0-1.__PARA__L1-16.__PARA__L2-1.__PARA__L3-1.__PARA__L4-1.__PARA__L5-1.__PARA__L6-1.__PIPE__L0-flatten.__PIPE__L1-off.__PIPE__L3-off.__TILE__L0-1.__TILE__L1-1.__TILE__L3-1,target,support,support,finetune_dataset,data_651.pt,1721319.0,sgformer_rgcn_qor,4,50,kmeans,1.2692067623138428,2.1813278198242188,0.912121057510376,0.6499999761581421,0.6760346293449402,0.026034653186798096,0.4300000071525574,0.4590674638748169,0.02906745672225952,1.2799999713897705,1.3388803005218506,0.05888032913208008,0.23999999463558197,0.17208142578601837,0.0679185688495636
57d44026afacdea0,gemver-medium,gemver-medium,lv2:__PARA__L0-1.__PARA__L1-1.__PARA__L2-1.__PARA__L3-1.__PARA__L4-1.__PARA__L5-1.__PARA__L6-400.__PIPE__L0-flatten.__PIPE__L1-off.__PIPE__L3-off.__TILE__L0-1.__TILE__L1-1.__TILE__L3-1,target,support,support,finetune_dataset,data_470.pt,868351.0,sgformer_rgcn_qor,4,50,kmeans,1.7627888917922974,1.6468995809555054,0.11588931083679199,0.6899999976158142,0.8465248942375183,0.1565248966217041,0.46000000834465027,1.2556906938552856,0.795690655708313,1.2799999713897705,1.1842782497406006,0.09572172164916992,0.23999999463558197,0.03969712182879448,0.2003028690814972
4e9c06a02e6815a1,gemver-medium,gemver-medium,lv2:__PARA__L0-1.__PARA__L1-1.__PARA__L2-1.__PARA__L3-1.__PARA__L4-1.__PARA__L5-1.__PARA__L6-400.__PIPE__L0-off.__PIPE__L1-flatten.__PIPE__L3-off.__TILE__L0-1.__TILE__L1-1.__TILE__L3-8,target,support,support,finetune_dataset,data_471.pt,254065.0,sgformer_rgcn_qor,4,50,kmeans,2.64932918548584,2.2133700847625732,0.4359591007232666,1.340000033378601,1.0813348293304443,0.25866520404815674,0.9599999785423279,0.9300833940505981,0.029916584491729736,2.0399999618530273,1.5945947170257568,0.4454052448272705,0.30000001192092896,0.41311877965927124,0.11311876773834229
ec64060c6b189307,trmm-opt,trmm-opt,lv2:__PARA__L0-1.__PARA__L1-10.__PARA__L2-60.__PIPE__L0-off.__PIPE__L1-NA.__TILE__L0-1.__TILE__L1-1,target,support,support,finetune_dataset,data_1081.pt,27747.0,sgformer_rgcn_qor,4,50,kmeans,4.246726036071777,4.5099005699157715,0.26317453384399414,0.5899999737739563,0.6786863207817078,0.08868634700775146,0.3400000035762787,1.0505458116531372,0.7105457782745361,0.9599999785423279,0.8245837688446045,0.1354162096977234,0.0,-0.13262955844402313,0.13262955844402313
44e2027c87eee2df,trmm-opt,trmm-opt,lv2:__PARA__L0-1.__PARA__L1-1.__PARA__L2-32.__PIPE__L0-off.__PIPE__L1-off.__TILE__L0-1.__TILE__L1-1,target,support,support,finetune_dataset,data_1059.pt,1029341.0,sgformer_rgcn_qor,4,50,kmeans,1.6401035785675049,3.0992395877838135,1.4591360092163086,0.10999999940395355,0.7159118056297302,0.6059117913246155,0.029999999329447746,1.0909701585769653,1.0609701871871948,0.019999999552965164,0.16825461387634277,0.1482546180486679,0.009999999776482582,0.06884320080280304,0.05884320288896561
6b6146a4aac73f5f,trmm-opt,trmm-opt,lv2:__PARA__L0-1.__PARA__L1-20.__PARA__L2-1.__PIPE__L0-off.__PIPE__L1-flatten.__TILE__L0-1.__TILE__L1-4,target,support,support,finetune_dataset,data_1096.pt,25107.0,sgformer_rgcn_qor,4,50,kmeans,4.318847179412842,4.505598068237305,0.1867508888244629,1.159999966621399,1.2137160301208496,0.053716063499450684,0.6800000071525574,2.1135833263397217,1.4335832595825195,1.9199999570846558,1.564117193222046,0.35588276386260986,0.0,-0.10586445033550262,0.10586445033550262
264c7a4271e56457,trmm-opt,trmm-opt,lv2:__PARA__L0-1.__PARA__L1-1.__PARA__L2-12.__PIPE__L0-off.__PIPE__L1-off.__TILE__L0-1.__TILE__L1-80,target,support,support,finetune_dataset,data_1043.pt,337647.0,sgformer_rgcn_qor,4,50,kmeans,2.4441702365875244,2.7524399757385254,0.308269739151001,0.009999999776482582,-0.10674411058425903,0.11674410849809647,0.0,-0.026565425097942352,0.026565425097942352,0.0,-0.1246035173535347,0.1246035173535347,0.05999999865889549,0.11925573647022247,0.05925573781132698
37e8eb0b00f39883,trmm-opt,trmm-opt,lv2:__PARA__L0-1.__PARA__L1-1.__PARA__L2-1.__PIPE__L0-off.__PIPE__L1-off.__TILE__L0-1.__TILE__L1-1,target,support,support,finetune_dataset,data_1037.pt,1547247.0,sgformer_rgcn_qor,4,50,kmeans,1.3461122512817383,2.5332610607147217,1.1871488094329834,0.0,0.5965477824211121,0.5965477824211121,0.0,1.0545626878738403,1.0545626878738403,0.0,-0.0158083513379097,0.0158083513379097,0.019999999552965164,0.05841011926531792,0.03841011971235275
a84bd82b4adff191,trmm-opt,trmm-opt,lv2:__PARA__L0-1.__PARA__L1-1.__PARA__L2-60.__PIPE__L0-off.__PIPE__L1-off.__TILE__L0-1.__TILE__L1-1,target,support,support,finetune_dataset,data_1072.pt,246747.0,sgformer_rgcn_qor,4,50,kmeans,2.6704118251800537,3.63505482673645,0.9646430015563965,0.10999999940395355,0.671966016292572,0.5619660019874573,0.029999999329447746,0.7049590349197388,0.6749590635299683,0.009999999776482582,0.0996854230761528,0.08968542516231537,0.009999999776482582,-0.005914140027016401,0.01591414026916027
214daf86a2f096e6,trmm-opt,trmm-opt,lv2:__PARA__L0-5.__PARA__L1-8.__PARA__L2-1.__PIPE__L0-off.__PIPE__L1-flatten.__TILE__L0-1.__TILE__L1-1,target,support,support,finetune_dataset,data_1135.pt,6156.0,sgformer_rgcn_qor,4,50,kmeans,5.332859516143799,4.479142189025879,0.8537173271179199,1.9299999475479126,1.1580545902252197,0.7719453573226929,9.390000343322754,2.081209897994995,7.30879020690918,3.7100000381469727,1.5326554775238037,2.177344560623169,0.009999999776482582,-0.10666976869106293,0.11666976660490036
d0042c5f7d60422e,trmm-opt,trmm-opt,lv2:__PARA__L0-3.__PARA__L1-8.__PARA__L2-1.__PIPE__L0-off.__PIPE__L1-flatten.__TILE__L0-1.__TILE__L1-1,target,support,support,finetune_dataset,data_1128.pt,5627.0,sgformer_rgcn_qor,4,50,kmeans,5.3976731300354,4.422102451324463,0.9755706787109375,1.2200000286102295,1.14910888671875,0.07089114189147949,5.260000228881836,2.0691888332366943,3.1908113956451416,2.259999990463257,1.4947431087493896,0.7652568817138672,0.009999999776482582,-0.09618805348873138,0.10618805140256882
bb209d7362f59f03,trmm-opt,trmm-opt,lv2:__PARA__L0-1.__PARA__L1-1.__PARA__L2-1.__PIPE__L0-off.__PIPE__L1-flatten.__TILE__L0-1.__TILE__L1-80,target,support,support,finetune_dataset,data_1035.pt,28767.0,sgformer_rgcn_qor,4,50,kmeans,4.22068452835083,3.570244550704956,0.650439977645874,0.1599999964237213,0.4026028513908386,0.2426028549671173,0.05999999865889549,0.5285526514053345,0.4685526490211487,0.09000000357627869,0.9064328670501709,0.8164328336715698,0.009999999776482582,-0.12517587840557098,0.135175883769989
75e9f653022501f1,trmm-opt,trmm-opt,lv2:__PARA__L0-4.__PARA__L1-16.__PARA__L2-1.__PIPE__L0-off.__PIPE__L1-flatten.__TILE__L0-1.__TILE__L1-1,target,support,support,finetune_dataset,data_1130.pt,3105.0,sgformer_rgcn_qor,4,50,kmeans,5.826559543609619,4.556064605712891,1.2704949378967285,3.130000114440918,1.1842999458312988,1.9457001686096191,14.84000015258789,2.1285431385040283,12.711457252502441,5.989999771118164,1.5886828899383545,4.4013166427612305,0.009999999776482582,-0.11051706969738007,0.1205170676112175
13f4049ec8c5900c,trmm-opt,trmm-opt,lv2:__PARA__L0-1.__PARA__L1-1.__PARA__L2-20.__PIPE__L0-off.__PIPE__L1-off.__TILE__L0-1.__TILE__L1-80,target,support,support,finetune_dataset,data_1052.pt,313647.0,sgformer_rgcn_qor,4,50,kmeans,2.497357130050659,2.8424549102783203,0.34509778022766113,0.03999999910593033,-0.12995177507400513,0.16995176672935486,0.009999999776482582,-0.053618304431438446,0.06361830234527588,0.0,-0.0704052522778511,0.0704052522778511,0.009999999776482582,0.1071675568819046,0.09716755896806717
28c14f2f1d792ef4,trmm-opt,trmm-opt,lv2:__PARA__L0-1.__PARA__L1-1.__PARA__L2-15.__PIPE__L0-off.__PIPE__L1-off.__TILE__L0-60.__TILE__L1-1,target,support,support,finetune_dataset,data_1047.pt,337647.0,sgformer_rgcn_qor,4,50,kmeans,2.4441702365875244,2.921956777572632,0.4777865409851074,0.029999999329447746,-0.10874634981155396,0.13874635100364685,0.009999999776482582,0.7290316820144653,0.7190316915512085,0.0,-0.09989381581544876,0.09989381581544876,0.03999999910593033,0.4380953907966614,0.39809539914131165
e12a98cc7abed702,trmm-opt,trmm-opt,lv2:__PARA__L0-1.__PARA__L1-1.__PARA__L2-1.__PIPE__L0-off.__PIPE__L1-flatten.__TILE__L0-60.__TILE__L1-1,target,support,support,finetune_dataset,data_1036.pt,28767.0,sgformer_rgcn_qor,4,50,kmeans,4.22068452835083,4.113048553466797,0.1076359748840332,0.1599999964237213,0.5596017241477966,0.3996017277240753,0.05999999865889549,1.2504631280899048,1.1904631853103638,0.09000000357627869,0.9880425930023193,0.8980425596237183,0.009999999776482582,0.18252511322498322,0.17252510786056519
79e57f3206588e67,trmm-opt,trmm-opt,lv2:__PARA__L0-1.__PARA__L1-10.__PARA__L2-60.__PIPE__L0-off.__PIPE__L1-NA.__TILE__L0-1.__TILE__L1-8,target,support,support,finetune_dataset,data_1082.pt,27747.0,sgformer_rgcn_qor,4,50,kmeans,4.246726036071777,4.507632732391357,0.2609066963195801,0.5899999737739563,0.7195960879325867,0.12959611415863037,0.3400000035762787,1.0391079187393188,0.6991078853607178,0.9599999785423279,0.8133952617645264,0.1466047167778015,0.0,-0.16425280272960663,0.16425280272960663
8ff1de1909c0e79a,trmm-opt,trmm-opt,lv2:__PARA__L0-1.__PARA__L1-8.__PARA__L2-1.__PIPE__L0-off.__PIPE__L1-flatten.__TILE__L0-1.__TILE__L1-1,target,support,support,finetune_dataset,data_1111.pt,24567.0,sgformer_rgcn_qor,4,50,kmeans,4.334531307220459,4.361060619354248,0.026529312133789062,0.4699999988079071,1.155839443206787,0.6858394145965576,0.2800000011920929,2.055995225906372,1.7759952545166016,0.7599999904632568,1.4486901760101318,0.688690185546875,0.009999999776482582,-0.08044646680355072,0.09044646471738815
598c17562c1a5283,trmm-opt,trmm-opt,lv2:__PARA__L0-1.__PARA__L1-8.__PARA__L2-60.__PIPE__L0-off.__PIPE__L1-off.__TILE__L0-1.__TILE__L1-1,target,support,support,finetune_dataset,data_1114.pt,24567.0,sgformer_rgcn_qor,4,50,kmeans,4.334531307220459,3.7638518810272217,0.5706794261932373,0.4699999988079071,0.7452580332756042,0.27525803446769714,0.2800000011920929,0.7127400636672974,0.43274006247520447,0.7599999904632568,0.21558260917663574,0.5444173812866211,0.009999999776482582,-0.02755134180188179,0.03755134344100952
8a67174d1f09ea2c,trmm-opt,trmm-opt,lv2:__PARA__L0-1.__PARA__L1-1.__PARA__L2-10.__PIPE__L0-off.__PIPE__L1-off.__TILE__L0-1.__TILE__L1-1,target,support,support,finetune_dataset,data_1039.pt,366447.0,sgformer_rgcn_qor,4,50,kmeans,2.3851258754730225,2.76355242729187,0.37842655181884766,0.009999999776482582,0.6521796584129333,0.6421796679496765,0.0,1.0876275300979614,1.0876275300979614,0.0,0.10217928141355515,0.10217928141355515,0.05000000074505806,0.07936306297779083,0.029363062232732773
a4c8a2990a734281,trmm-opt,trmm-opt,lv2:__PARA__L0-1.__PARA__L1-1.__PARA__L2-20.__PIPE__L0-off.__PIPE__L1-off.__TILE__L0-60.__TILE__L1-1,target,support,support,finetune_dataset,data_1053.pt,313647.0,sgformer_rgcn_qor,4,50,kmeans,2.497357130050659,2.9917633533477783,0.49440622329711914,0.03999999910593033,-0.06906038522720337,0.1090603843331337,0.009999999776482582,0.6987468004226685,0.6887468099594116,0.0,-0.09257818013429642,0.09257818013429642,0.009999999776482582,0.4101404547691345,0.4001404643058777
7bd4fa45a98f9195,trmm-opt,trmm-opt,lv2:__PARA__L0-1.__PARA__L1-10.__PARA__L2-1.__PIPE__L0-off.__PIPE__L1-flatten.__TILE__L0-1.__TILE__L1-8,target,support,support,finetune_dataset,data_1079.pt,27747.0,sgformer_rgcn_qor,4,50,kmeans,4.246726036071777,4.360183238983154,0.11345720291137695,0.5899999737739563,1.1508252620697021,0.5608252882957458,0.3400000035762787,2.028245687484741,1.6882456541061401,0.9599999785423279,1.5041215419769287,0.5441215634346008,0.0,-0.09787039458751678,0.09787039458751678
e0526172df1e7cf7,trmm-opt,trmm-opt,lv2:__PARA__L0-1.__PARA__L1-1.__PARA__L2-60.__PIPE__L0-off.__PIPE__L1-NA.__TILE__L0-60.__TILE__L1-1,target,support,support,finetune_dataset,data_1071.pt,9387.0,sgformer_rgcn_qor,4,50,kmeans,5.028523921966553,4.454965591430664,0.5735583305358887,0.1599999964237213,0.18374603986740112,0.02374604344367981,0.05999999865889549,0.5315777063369751,0.4715777039527893,0.09000000357627869,0.34551501274108887,0.2555150091648102,0.009999999776482582,0.1706068068742752,0.16060680150985718
03a12bc30dd2e935,trmm-opt,trmm-opt,lv2:__PARA__L0-1.__PARA__L1-16.__PARA__L2-60.__PIPE__L0-off.__PIPE__L1-off.__TILE__L0-1.__TILE__L1-1,target,support,support,finetune_dataset,data_1088.pt,24267.0,sgformer_rgcn_qor,4,50,kmeans,4.3433942794799805,3.8771445751190186,0.4662497043609619,0.9399999976158142,0.8723880648612976,0.0676119327545166,0.550000011920929,0.7177249193191528,0.16772490739822388,1.5299999713897705,0.2865874767303467,1.2434124946594238,0.009999999776482582,-0.05959920957684517,0.0695992112159729
bad25a4a5fdb07e0,trmm-opt,trmm-opt,lv2:__PARA__L0-1.__PARA__L1-5.__PARA__L2-1.__PIPE__L0-off.__PIPE__L1-flatten.__TILE__L0-60.__TILE__L1-1,target,support,support,finetune_dataset,data_1108.pt,33032.0,sgformer_rgcn_qor,4,50,kmeans,4.120959758758545,4.13210916519165,0.011149406433105469,0.30000001192092896,0.45067089796066284,0.1506708860397339,0.17000000178813934,1.29755699634552,1.1275570392608643,0.47999998927116394,1.0614240169525146,0.5814239978790283,0.009999999776482582,0.16348131000995636,0.15348130464553833
769d7187345c5d7c,trmm-opt,trmm-opt,lv2:__PARA__L0-1.__PARA__L1-16.__PARA__L2-1.__PIPE__L0-off.__PIPE__L1-flatten.__TILE__L0-1.__TILE__L1-1,target,support,support,finetune_dataset,data_1085.pt,24267.0,sgformer_rgcn_qor,4,50,kmeans,4.3433942794799805,4.474486351013184,0.13109207153320312,0.9399999976158142,1.205514907836914,0.26551491022109985,0.550000011920929,2.1146228313446045,1.5646228790283203,1.5299999713897705,1.5560815334320068,0.026081562042236328,0.009999999776482582,-0.09001795947551727,0.1000179573893547
79c90b254f6a81cb,trmm-opt,trmm-opt,lv2:__PARA__L0-1.__PARA__L1-2.__PARA__L2-60.__PIPE__L0-off.__PIPE__L1-NA.__TILE__L0-60.__TILE__L1-1,target,support,support,finetune_dataset,data_1092.pt,29669.0,sgformer_rgcn_qor,4,50,kmeans,4.198413848876953,4.443443298339844,0.24502944946289062,0.20999999344348907,0.17377346754074097,0.03622652590274811,0.09000000357627869,0.5365701913833618,0.44657018780708313,0.1899999976158142,0.3662984371185303,0.17629843950271606,0.009999999776482582,0.16418631374835968,0.15418630838394165
c5a641a415702654,trmm-opt,trmm-opt,lv2:__PARA__L0-1.__PARA__L1-1.__PARA__L2-60.__PIPE__L0-off.__PIPE__L1-NA.__TILE__L0-1.__TILE__L1-80,target,support,support,finetune_dataset,data_1070.pt,9387.0,sgformer_rgcn_qor,4,50,kmeans,5.028523921966553,3.7551190853118896,1.273404836654663,0.1599999964237213,-0.1408575177192688,0.3008575141429901,0.05999999865889549,-0.47383105754852295,0.5338310599327087,0.09000000357627869,0.2625424861907959,0.1725424826145172,0.009999999776482582,-0.21786276996135712,0.22786277532577515
4fed56ed046aca2f,trmm-opt,trmm-opt,lv2:__PARA__L0-1.__PARA__L1-20.__PARA__L2-60.__PIPE__L0-off.__PIPE__L1-NA.__TILE__L0-1.__TILE__L1-1,target,support,support,finetune_dataset,data_1098.pt,25107.0,sgformer_rgcn_qor,4,50,kmeans,4.318847179412842,4.5465006828308105,0.22765350341796875,1.159999966621399,0.7417075037956238,0.41829246282577515,0.6800000071525574,1.0306545495986938,0.3506545424461365,1.9199999570846558,0.8679311275482178,1.052068829536438,0.0,-0.1317416876554489,0.1317416876554489
074212ad079c0aac,trmm-opt,trmm-opt,lv2:__PARA__L0-1.__PARA__L1-1.__PARA__L2-1.__PIPE__L0-off.__PIPE__L1-off.__TILE__L0-1.__TILE__L1-80,target,support,support,finetune_dataset,data_1038.pt,1547247.0,sgformer_rgcn_qor,4,50,kmeans,1.3461122512817383,2.5312390327453613,1.185126781463623,0.0,-0.10673600435256958,0.10673600435256958,0.0,0.03444112092256546,0.03444112092256546,0.0,-0.2358705997467041,0.2358705997467041,0.019999999552965164,0.1199469119310379,0.09994691610336304
2e61c83e12f5164c,trmm-opt,trmm-opt,lv2:__PARA__L0-2.__PARA__L1-20.__PARA__L2-1.__PIPE__L0-off.__PIPE__L1-flatten.__TILE__L0-1.__TILE__L1-1,target,support,support,finetune_dataset,data_1120.pt,3998.0,sgformer_rgcn_qor,4,50,kmeans,5.644217014312744,4.533330917358398,1.1108860969543457,2.119999885559082,1.1907341480255127,0.9292657375335693,7.260000228881836,2.125723123550415,5.13427734375,3.799999952316284,1.563673734664917,2.236326217651367,0.0,-0.1055930107831955,0.1055930107831955
f7a465d16bffa9ba,trmm-opt,trmm-opt,lv2:__PARA__L0-3.__PARA__L1-2.__PARA__L2-1.__PIPE__L0-off.__PIPE__L1-flatten.__TILE__L0-1.__TILE__L1-1,target,support,support,finetune_dataset,data_1126.pt,8028.0,sgformer_rgcn_qor,4,50,kmeans,5.141335964202881,4.232972145080566,0.9083638191223145,0.41999998688697815,1.1744120121002197,0.754412055015564,4.699999809265137,1.9765111207962036,2.7234888076782227,0.5600000023841858,1.3230674266815186,0.7630674242973328,0.009999999776482582,-0.06829176843166351,0.07829176634550095
68c6712bdb4fd321,trmm-opt,trmm-opt,lv2:__PARA__L0-12.__PARA__L1-8.__PARA__L2-1.__PIPE__L0-off.__PIPE__L1-flatten.__TILE__L0-1.__TILE__L1-1,target,support,support,finetune_dataset,data_1116.pt,4777.0,sgformer_rgcn_qor,4,50,kmeans,5.515803813934326,4.654541015625,0.8612627983093262,4.159999847412109,1.208012580871582,2.9519872665405273,17.610000610351562,2.1176869869232178,15.492313385009766,8.369999885559082,1.534865140914917,6.835134506225586,0.009999999776482582,-0.14080791175365448,0.1508079171180725
74b6c3372f68e5ed,trmm-opt,trmm-opt,lv2:__PARA__L0-4.__PARA__L1-4.__PARA__L2-1.__PIPE__L0-off.__PIPE__L1-flatten.__TILE__L0-1.__TILE__L1-1,target,support,support,finetune_dataset,data_1132.pt,4234.0,sgformer_rgcn_qor,4,50,kmeans,5.602845668792725,4.3349504470825195,1.267895221710205,0.8899999856948853,1.162353515625,0.27235352993011475,7.050000190734863,2.0116565227508545,5.03834342956543,1.4900000095367432,1.4022729396820068,0.08772706985473633,0.009999999776482582,-0.08370737731456757,0.093707375228405
053e48fb97e31f59,trmm-opt,trmm-opt,lv2:__PARA__L0-1.__PARA__L1-1.__PARA__L2-16.__PIPE__L0-off.__PIPE__L1-off.__TILE__L0-1.__TILE__L1-1,target,support,support,finetune_dataset,data_1048.pt,654701.0,sgformer_rgcn_qor,4,50,kmeans,1.9665100574493408,2.8654143810272217,0.8989043235778809,0.029999999329447746,0.6751014590263367,0.6451014876365662,0.009999999776482582,1.1168690919876099,1.106869101524353,0.009999999776482582,0.1576077938079834,0.14760778844356537,0.03999999910593033,0.08337284624576569,0.04337284713983536
8376225e029a3a76,trmm-opt,trmm-opt,lv2:__PARA__L0-1.__PARA__L1-2.__PARA__L2-1.__PIPE__L0-off.__PIPE__L1-flatten.__TILE__L0-1.__TILE__L1-1,target,support,support,finetune_dataset,data_1089.pt,29669.0,sgformer_rgcn_qor,4,50,kmeans,4.198413848876953,4.174082279205322,0.02433156967163086,0.20999999344348907,1.1825461387634277,0.9725461602210999,0.09000000357627869,1.9666920900344849,1.8766920566558838,0.1899999976158142,1.2772223949432373,1.0872223377227783,0.009999999776482582,-0.0512651689350605,0.06126517057418823
9554926e4c2b5677,trmm-opt,trmm-opt,lv2:__PARA__L0-1.__PARA__L1-1.__PARA__L2-60.__PIPE__L0-off.__PIPE__L1-off.__TILE__L0-1.__TILE__L1-80,target,support,support,finetune_dataset,data_1073.pt,246747.0,sgformer_rgcn_qor,4,50,kmeans,2.6704118251800537,3.309964418411255,0.6395525932312012,0.10999999940395355,-0.2263510823249817,0.33635109663009644,0.029999999329447746,-0.5534695386886597,0.5834695100784302,0.009999999776482582,-0.13994336128234863,0.14994336664676666,0.009999999776482582,-0.011161495000123978,0.02116149477660656
f40ab226ef938ff6,trmm-opt,trmm-opt,lv2:__PARA__L0-1.__PARA__L1-20.__PARA__L2-60.__PIPE__L0-off.__PIPE__L1-off.__TILE__L0-1.__TILE__L1-1,target,support,support,finetune_dataset,data_1100.pt,25107.0,sgformer_rgcn_qor,4,50,kmeans,4.318847179412842,3.906996011734009,0.411851167678833,1.159999966621399,0.9282240271568298,0.2317759394645691,0.6800000071525574,0.7073107957839966,0.02731078863143921,1.9199999570846558,0.30197691917419434,1.6180230379104614,0.0,-0.05283932760357857,0.05283932760357857
fdb7a5e88cf20db5,trmm-opt,trmm-opt,lv2:__PARA__L0-1.__PARA__L1-1.__PARA__L2-30.__PIPE__L0-off.__PIPE__L1-off.__TILE__L0-60.__TILE__L1-1,target,support,support,finetune_dataset,data_1058.pt,284847.0,sgformer_rgcn_qor,4,50,kmeans,2.5668344497680664,3.120260715484619,0.5534262657165527,0.10000000149011612,-0.02512723207473755,0.12512722611427307,0.03999999910593033,0.5958281755447388,0.5558281540870667,0.009999999776482582,-0.09202981740236282,0.10202981531620026,0.009999999776482582,0.36726969480514526,0.3572697043418884
bfcc70d035a7bf13,trmm-opt,trmm-opt,lv2:__PARA__L0-1.__PARA__L1-1.__PARA__L2-12.__PIPE__L0-off.__PIPE__L1-off.__TILE__L0-60.__TILE__L1-1,target,support,support,finetune_dataset,data_1044.pt,337647.0,sgformer_rgcn_qor,4,50,kmeans,2.4441702365875244,2.886498212814331,0.44232797622680664,0.009999999776482582,-0.136555016040802,0.14655502140522003,0.0,0.7409850358963013,0.7409850358963013,0.0,-0.11267686635255814,0.11267686635255814,0.05999999865889549,0.45671921968460083,0.39671921730041504
6bc065582b0ca9d2,trmm-opt,trmm-opt,lv2:__PARA__L0-1.__PARA__L1-1.__PARA__L2-6.__PIPE__L0-off.__PIPE__L1-off.__TILE__L0-1.__TILE__L1-80,target,support,support,finetune_dataset,data_1068.pt,428847.0,sgformer_rgcn_qor,4,50,kmeans,2.2716965675354004,2.6540677547454834,0.382371187210083,0.009999999776482582,-0.10778123140335083,0.11778122931718826,0.0,0.004277355968952179,0.004277355968952179,0.0,-0.1866610050201416,0.1866610050201416,0.029999999329447746,0.11929769814014435,0.08929769694805145
db2407ae49482c94,trmm-opt,trmm-opt,lv2:__PARA__L0-1.__PARA__L1-10.__PARA__L2-60.__PIPE__L0-off.__PIPE__L1-off.__TILE__L0-1.__TILE__L1-8,target,support,support,finetune_dataset,data_1084.pt,27747.0,sgformer_rgcn_qor,4,50,kmeans,4.246726036071777,3.8102481365203857,0.4364778995513916,0.5899999737739563,0.7931613326072693,0.203161358833313,0.3400000035762787,0.6899443864822388,0.3499443829059601,0.9599999785423279,0.22843337059020996,0.7315666079521179,0.0,-0.05481677129864693,0.05481677129864693
035bd1a25fd49371,trmm-opt,trmm-opt,lv2:__PARA__L0-1.__PARA__L1-1.__PARA__L2-30.__PIPE__L0-off.__PIPE__L1-off.__TILE__L0-1.__TILE__L1-80,target,support,support,finetune_dataset,data_1057.pt,284847.0,sgformer_rgcn_qor,4,50,kmeans,2.5668344497680664,2.9668595790863037,0.4000251293182373,0.10000000149011612,-0.14196282625198364,0.24196282029151917,0.03999999910593033,-0.12974345684051514,0.16974344849586487,0.009999999776482582,-0.06564832478761673,0.07564832270145416,0.009999999776482582,0.08504600822925568,0.07504601031541824
1e2e7e6145e4a706,trmm-opt,trmm-opt,lv2:__PARA__L0-1.__PARA__L1-20.__PARA__L2-1.__PIPE__L0-off.__PIPE__L1-flatten.__TILE__L0-60.__TILE__L1-1,target,support,support,finetune_dataset,data_1097.pt,25107.0,sgformer_rgcn_qor,4,50,kmeans,4.318847179412842,4.242422580718994,0.07642459869384766,1.159999966621399,0.29733914136886597,0.862660825252533,0.6800000071525574,1.4146119356155396,0.7346119284629822,1.9199999570846558,1.1980950832366943,0.7219048738479614,0.0,0.10018308460712433,0.10018308460712433
236b6e7ccd6fd621,trmm-opt,trmm-opt,lv2:__PARA__L0-1.__PARA__L1-20.__PARA__L2-60.__PIPE__L0-off.__PIPE__L1-off.__TILE__L0-1.__TILE__L1-4,target,support,support,finetune_dataset,data_1101.pt,25107.0,sgformer_rgcn_qor,4,50,kmeans,4.318847179412842,3.9304940700531006,0.3883531093597412,1.159999966621399,0.974003255367279,0.18599671125411987,0.6800000071525574,0.7246514558792114,0.04465144872665405,1.9199999570846558,0.31557345390319824,1.6044265031814575,0.0,-0.06662063300609589,0.06662063300609589
b0a03dc635568a28,trmm-opt,trmm-opt,lv2:__PARA__L0-1.__PARA__L1-2.__PARA__L2-60.__PIPE__L0-off.__PIPE__L1-off.__TILE__L0-1.__TILE__L1-1,target,support,support,finetune_dataset,data_1093.pt,29669.0,sgformer_rgcn_qor,4,50,kmeans,4.198413848876953,3.6509830951690674,0.5474307537078857,0.20999999344348907,0.6644591689109802,0.45445919036865234,0.09000000357627869,0.6963878870010376,0.6063878536224365,0.1899999976158142,0.11686395853757858,0.07313603907823563,0.009999999776482582,-0.012429524213075638,0.02242952398955822
dc2e457eccce1550,trmm-opt,trmm-opt,lv2:__PARA__L0-1.__PARA__L1-4.__PARA__L2-1.__PIPE__L0-off.__PIPE__L1-flatten.__TILE__L0-1.__TILE__L1-1,target,support,support,finetune_dataset,data_1102.pt,26069.0,sgformer_rgcn_qor,4,50,kmeans,4.291724681854248,4.243679046630859,0.04804563522338867,0.30000001192092896,1.1652109622955322,0.8652109503746033,0.15000000596046448,1.9979945421218872,1.8479945659637451,0.3799999952316284,1.3339946269989014,0.953994631767273,0.009999999776482582,-0.061476875096559525,0.07147687673568726
7316fec737d23540,trmm-opt,trmm-opt,lv2:__PARA__L0-1.__PARA__L1-20.__PARA__L2-60.__PIPE__L0-off.__PIPE__L1-NA.__TILE__L0-1.__TILE__L1-4,target,support,support,finetune_dataset,data_1099.pt,25107.0,sgformer_rgcn_qor,4,50,kmeans,4.318847179412842,4.564172744750977,0.24532556533813477,1.159999966621399,0.7810205817222595,0.3789793848991394,0.6800000071525574,1.0338765382766724,0.353876531124115,1.9199999570846558,0.8717076778411865,1.0482922792434692,0.0,-0.13644962012767792,0.13644962012767792
fc3ebd766d4cb70f,trmm-opt,trmm-opt,lv2:__PARA__L0-1.__PARA__L1-5.__PARA__L2-60.__PIPE__L0-off.__PIPE__L1-NA.__TILE__L0-1.__TILE__L1-1,target,support,support,finetune_dataset,data_1109.pt,33032.0,sgformer_rgcn_qor,4,50,kmeans,4.120959758758545,4.4791998863220215,0.35824012756347656,0.30000001192092896,0.6674537062644958,0.3674536943435669,0.17000000178813934,1.0543242692947388,0.8843242526054382,0.47999998927116394,0.7229335308074951,0.24293354153633118,0.009999999776482582,-0.12251405417919159,0.13251405954360962
1fa87e3b25c0be4a,trmm-opt,trmm-opt,lv2:__PARA__L0-1.__PARA__L1-1.__PARA__L2-5.__PIPE__L0-off.__PIPE__L1-off.__TILE__L0-1.__TILE__L1-1,target,support,support,finetune_dataset,data_1065.pt,486447.0,sgformer_rgcn_qor,4,50,kmeans,2.1807868480682373,2.6523330211639404,0.4715461730957031,0.009999999776482582,0.6201879382133484,0.6101879477500916,0.0,1.0699139833450317,1.0699139833450317,0.0,0.0433652326464653,0.0433652326464653,0.029999999329447746,0.07043643295764923,0.040436431765556335
f87f7a6baeedb672,trmm-opt,trmm-opt,lv2:__PARA__L0-1.__PARA__L1-1.__PARA__L2-20.__PIPE__L0-off.__PIPE__L1-off.__TILE__L0-1.__TILE__L1-1,target,support,support,finetune_dataset,data_1051.pt,313647.0,sgformer_rgcn_qor,4,50,kmeans,2.497357130050659,2.9277780055999756,0.4304208755493164,0.03999999910593033,0.6861242651939392,0.6461242437362671,0.009999999776482582,1.1269170045852661,1.1169170141220093,0.0,0.1681516170501709,0.1681516170501709,0.009999999776482582,0.08196546137332916,0.07196546345949173
f847f55ce7ee3ca4,trmm-opt,trmm-opt,lv2:__PARA__L0-3.__PARA__L1-16.__PARA__L2-1.__PIPE__L0-off.__PIPE__L1-flatten.__TILE__L0-1.__TILE__L1-1,target,support,support,finetune_dataset,data_1125.pt,5527.0,sgformer_rgcn_qor,4,50,kmeans,5.410607814788818,4.528789520263672,0.8818182945251465,2.4200000762939453,1.193267583847046,1.2267324924468994,10.489999771118164,2.1236460208892822,8.366353988647461,4.53000020980835,1.5792396068572998,2.95076060295105,0.009999999776482582,-0.10455016791820526,0.1145501658320427
5e35bac667763033,trmm-opt,trmm-opt,lv2:__PARA__L0-1.__PARA__L1-4.__PARA__L2-60.__PIPE__L0-off.__PIPE__L1-off.__TILE__L0-60.__TILE__L1-1,target,support,support,finetune_dataset,data_1106.pt,26069.0,sgformer_rgcn_qor,4,50,kmeans,4.291724681854248,3.787872552871704,0.503852128982544,0.30000001192092896,0.18116921186447144,0.11883080005645752,0.15000000596046448,0.29164421558380127,0.1416442096233368,0.3799999952316284,-0.09584832936525345,0.47584831714630127,0.009999999776482582,0.2114705592393875,0.20147055387496948
b5bf249116119d74,fdtd-2d-large,fdtd-2d-large,lv2:__PARA__L0-1.__PARA__L1-1.__PARA__L2-1.__PARA__L3-1.__PARA__L4-199.__PARA__L5-1.__PARA__L6-1.__PARA__L7-4.__PIPE__L0-off.__PIPE__L2-flatten.__PIPE__L3-flatten.__PIPE__L4-off.__TILE__L0-1.__TILE__L2-1.__TILE__L3-1.__TILE__L4-1,target,support,support,finetune_dataset,data_38.pt,91745408.0,sgformer_rgcn_qor,4,50,kmeans,-1.5988179445266724,-1.4351142644882202,0.16370368003845215,0.6100000143051147,0.7815548777580261,0.17155486345291138,0.38999998569488525,0.4623633623123169,0.07236337661743164,0.49000000953674316,1.373056173324585,0.8830561637878418,0.8600000143051147,0.7461809515953064,0.11381906270980835
83bbe692e3ff9ba5,fdtd-2d-large,fdtd-2d-large,lv2:__PARA__L0-1.__PARA__L1-16.__PARA__L2-199.__PARA__L3-1.__PARA__L4-1.__PARA__L5-8.__PARA__L6-32.__PARA__L7-1.__PIPE__L0-off.__PIPE__L2-off.__PIPE__L3-off.__PIPE__L4-flatten.__TILE__L0-100.__TILE__L2-1.__TILE__L3-1.__TILE__L4-1,target,support,support,finetune_dataset,data_55.pt,2471843.0,sgformer_rgcn_qor,4,50,kmeans,1.008170485496521,-0.026757782325148582,1.034928321838379,0.8600000143051147,0.9881016612052917,0.128101646900177,0.4300000071525574,-0.676411509513855,1.1064114570617676,0.699999988079071,0.902536153793335,0.20253616571426392,0.6399999856948853,0.7451652884483337,0.10516530275344849
be03f71def4c9e25,fdtd-2d-large,fdtd-2d-large,lv2:__PARA__L0-1.__PARA__L1-16.__PARA__L2-199.__PARA__L3-1.__PARA__L4-1.__PARA__L5-8.__PARA__L6-32.__PARA__L7-1.__PIPE__L0-off.__PIPE__L2-off.__PIPE__L3-off.__PIPE__L4-flatten.__TILE__L0-1.__TILE__L2-1.__TILE__L3-1.__TILE__L4-199,target,support,support,finetune_dataset,data_54.pt,2471843.0,sgformer_rgcn_qor,4,50,kmeans,1.008170485496521,0.737282931804657,0.270887553691864,0.8600000143051147,1.0888803005218506,0.22888028621673584,0.4300000071525574,-0.23684394359588623,0.6668439507484436,0.699999988079071,0.9829308986663818,0.2829309105873108,0.6399999856948853,0.5216149687767029,0.11838501691818237
4fcdf621f3a5c105,fdtd-2d-large,fdtd-2d-large,lv2:__PARA__L0-1.__PARA__L1-32.__PARA__L2-1.__PARA__L3-1.__PARA__L4-1.__PARA__L5-1.__PARA__L6-1.__PARA__L7-1.__PIPE__L0-off.__PIPE__L2-flatten.__PIPE__L3-flatten.__PIPE__L4-flatten.__TILE__L0-1.__TILE__L2-1.__TILE__L3-1.__TILE__L4-1,target,support,support,finetune_dataset,data_61.pt,87033.0,sgformer_rgcn_qor,4,50,kmeans,3.4221107959747314,1.1089082956314087,2.313202381134033,0.9900000095367432,1.0939319133758545,0.10393190383911133,0.5299999713897705,0.4397231340408325,0.09027683734893799,0.699999988079071,1.0777223110198975,0.3777223229408264,0.5799999833106995,0.7368153929710388,0.15681540966033936
bc4602e977af8b26,fdtd-2d-large,fdtd-2d-large,lv2:__PARA__L0-1.__PARA__L1-1.__PARA__L2-1.__PARA__L3-1.__PARA__L4-1.__PARA__L5-1.__PARA__L6-1.__PARA__L7-32.__PIPE__L0-off.__PIPE__L2-flatten.__PIPE__L3-flatten.__PIPE__L4-off.__TILE__L0-1.__TILE__L2-1.__TILE__L3-1.__TILE__L4-1,target,support,support,finetune_dataset,data_10.pt,9161446.0,sgformer_rgcn_qor,4,50,kmeans,0.06317638605833054,0.21003645658493042,0.1468600630760193,0.6600000262260437,0.6918637156486511,0.03186368942260742,0.41999998688697815,0.5312491655349731,0.111249178647995,0.49000000953674316,0.608773946762085,0.1187739372253418,0.5799999833106995,0.3259415030479431,0.25405848026275635
e4bb24edea4453bc,fdtd-2d-large,fdtd-2d-large,lv2:__PARA__L0-1.__PARA__L1-16.__PARA__L2-1.__PARA__L3-1.__PARA__L4-1.__PARA__L5-8.__PARA__L6-32.__PARA__L7-32.__PIPE__L0-off.__PIPE__L2-off.__PIPE__L3-off.__PIPE__L4-off.__TILE__L0-1.__TILE__L2-199.__TILE__L3-1.__TILE__L4-199,target,support,support,finetune_dataset,data_46.pt,10068645.0,sgformer_rgcn_qor,4,50,kmeans,-0.004934771917760372,0.4809674620628357,0.48590222001075745,0.15000000596046448,-0.22360831499099731,0.3736083209514618,0.05999999865889549,-0.09406744688749313,0.15406744182109833,0.09000000357627869,-0.2596762180328369,0.3496762216091156,0.14000000059604645,0.042574357241392136,0.09742563962936401
7342717a39f30c3d,fdtd-2d-large,fdtd-2d-large,lv2:__PARA__L0-1.__PARA__L1-1.__PARA__L2-1.__PARA__L3-1.__PARA__L4-1.__PARA__L5-2.__PARA__L6-1.__PARA__L7-1.__PIPE__L0-off.__PIPE__L2-off.__PIPE__L3-flatten.__PIPE__L4-off.__TILE__L0-1.__TILE__L2-1.__TILE__L3-1.__TILE__L4-1,target,support,support,finetune_dataset,data_20.pt,7216078.0,sgformer_rgcn_qor,4,50,kmeans,0.23535658419132233,0.687771737575531,0.4524151682853699,0.5600000023841858,0.4493023753166199,0.11069762706756592,0.30000001192092896,0.47345268726348877,0.17345267534255981,0.49000000953674316,0.2566659450531006,0.23333406448364258,0.41999998688697815,0.5789427161216736,0.15894272923469543
07ce34eb13641c98,fdtd-2d-large,fdtd-2d-large,lv2:__PARA__L0-1.__PARA__L1-4.__PARA__L2-1.__PARA__L3-1.__PARA__L4-199.__PARA__L5-8.__PARA__L6-32.__PARA__L7-32.__PIPE__L0-off.__PIPE__L2-off.__PIPE__L3-off.__PIPE__L4-off.__TILE__L0-1.__TILE__L2-1.__TILE__L3-1.__TILE__L4-1,target,support,support,finetune_dataset,data_73.pt,96495104.0,sgformer_rgcn_qor,4,50,kmeans,-1.635227918624878,-0.9502900242805481,0.6849378943443298,0.10999999940395355,0.2169148325920105,0.10691483318805695,0.05000000074505806,0.08850014954805374,0.03850014880299568,0.05000000074505806,0.18095946311950684,0.13095946609973907,0.3199999928474426,0.2528814673423767,0.06711852550506592
579c589ac96baf74,fdtd-2d-large,fdtd-2d-large,lv2:__PARA__L0-1.__PARA__L1-32.__PARA__L2-1.__PARA__L3-1.__PARA__L4-199.__PARA__L5-8.__PARA__L6-32.__PARA__L7-32.__PIPE__L0-off.__PIPE__L2-off.__PIPE__L3-off.__PIPE__L4-off.__TILE__L0-1.__TILE__L2-1.__TILE__L3-1.__TILE__L4-1,target,support,support,finetune_dataset,data_67.pt,96496392.0,sgformer_rgcn_qor,4,50,kmeans,-1.635237455368042,-0.7773965001106262,0.8578409552574158,0.10999999940395355,0.10830086469650269,0.0016991347074508667,0.05000000074505806,0.2257605791091919,0.17576058208942413,0.05000000074505806,0.1276566982269287,0.07765670120716095,0.3199999928474426,0.23665757477283478,0.08334241807460785
9a6aced3fd7b1448,fdtd-2d-large,fdtd-2d-large,lv2:__PARA__L0-1.__PARA__L1-1.__PARA__L2-1.__PARA__L3-1.__PARA__L4-1.__PARA__L5-1.__PARA__L6-1.__PARA__L7-1.__PIPE__L0-off.__PIPE__L2-flatten.__PIPE__L3-flatten.__PIPE__L4-flatten.__TILE__L0-1.__TILE__L2-1.__TILE__L3-1.__TILE__L4-1,target,support,support,finetune_dataset,data_0.pt,110046.0,sgformer_rgcn_qor,4,50,kmeans,3.2528748512268066,1.035396933555603,2.217477798461914,0.9900000095367432,1.2006003856658936,0.2106003761291504,0.5299999713897705,0.6049720048904419,0.07497203350067139,0.699999988079071,0.9158761501312256,0.21587616205215454,0.5799999833106995,0.8878969550132751,0.3078969717025757
8f5ccf53930158b0,fdtd-2d-large,fdtd-2d-large,lv2:__PARA__L0-1.__PARA__L1-16.__PARA__L2-1.__PARA__L3-1.__PARA__L4-1.__PARA__L5-8.__PARA__L6-32.__PARA__L7-1.__PIPE__L0-off.__PIPE__L2-off.__PIPE__L3-off.__PIPE__L4-flatten.__TILE__L0-1.__TILE__L2-199.__TILE__L3-1.__TILE__L4-199,target,support,support,finetune_dataset,data_43.pt,943474.0,sgformer_rgcn_qor,4,50,kmeans,1.7029367685317993,1.6466246843338013,0.05631208419799805,0.9200000166893005,-0.01063758134841919,0.9306375980377197,0.4300000071525574,0.43353188037872314,0.0035318732261657715,0.699999988079071,0.3187081813812256,0.38129180669784546,0.5799999833106995,0.4292406439781189,0.15075933933258057
2cd3b2c7af7b80ef,fdtd-2d-large,fdtd-2d-large,lv2:__PARA__L0-1.__PARA__L1-1.__PARA__L2-1.__PARA__L3-1.__PARA__L4-1.__PARA__L5-1.__PARA__L6-4.__PARA__L7-1.__PIPE__L0-off.__PIPE__L2-off.__PIPE__L3-off.__PIPE__L4-off.__TILE__L0-1.__TILE__L2-1.__TILE__L3-1.__TILE__L4-1,target,support,support,finetune_dataset,data_16.pt,11700549.0,sgformer_rgcn_qor,4,50,kmeans,-0.11328811198472977,0.5379435420036316,0.6512316465377808,0.019999999552965164,0.08434265851974487,0.06434266269207001,0.009999999776482582,-0.11761938780546188,0.12761938571929932,0.009999999776482582,0.07328199595212936,0.06328199803829193,0.20000000298023224,-0.07839922606945038,0.2783992290496826
e14679c4f0fbd6e1,fdtd-2d-large,fdtd-2d-large,lv2:__PARA__L0-1.__PARA__L1-1.__PARA__L2-1.__PARA__L3-1.__PARA__L4-1.__PARA__L5-1.__PARA__L6-1.__PARA__L7-1.__PIPE__L0-off.__PIPE__L2-flatten.__PIPE__L3-off.__PIPE__L4-flatten.__TILE__L0-1.__TILE__L2-1.__TILE__L3-1.__TILE__L4-1,target,support,support,finetune_dataset,data_2.pt,4870046.0,sgformer_rgcn_qor,4,50,kmeans,0.5189963579177856,0.8634561896324158,0.3444598317146301,0.9599999785423279,0.8815686106681824,0.07843136787414551,0.47999998927116394,0.1368781328201294,0.34312185645103455,0.699999988079071,0.5452134609222412,0.15478652715682983,0.5799999833106995,0.25703662633895874,0.3229633569717407
ee17c82068784e7b,fdtd-2d-large,fdtd-2d-large,lv2:__PARA__L0-1.__PARA__L1-16.__PARA__L2-1.__PARA__L3-2.__PARA__L4-199.__PARA__L5-8.__PARA__L6-1.__PARA__L7-32.__PIPE__L0-off.__PIPE__L2-off.__PIPE__L3-flatten.__PIPE__L4-off.__TILE__L0-1.__TILE__L2-1.__TILE__L3-1.__TILE__L4-1,target,support,support,finetune_dataset,data_52.pt,91008808.0,sgformer_rgcn_qor,4,50,kmeans,-1.5930030345916748,-0.9350295662879944,0.6579734683036804,0.9399999976158142,0.6049553751945496,0.33504462242126465,0.6200000047683716,0.6834059953689575,0.06340599060058594,0.9800000190734863,0.3673837184906006,0.6126163005828857,0.8700000047683716,0.6498655676841736,0.220134437084198
3f2d6549036402e4,fdtd-2d-large,fdtd-2d-large,lv2:__PARA__L0-1.__PARA__L1-2.__PARA__L2-1.__PARA__L3-1.__PARA__L4-199.__PARA__L5-8.__PARA__L6-1.__PARA__L7-32.__PIPE__L0-off.__PIPE__L2-off.__PIPE__L3-flatten.__PIPE__L4-off.__TILE__L0-1.__TILE__L2-1.__TILE__L3-1.__TILE__L4-1,target,support,support,finetune_dataset,data_59.pt,91028704.0,sgformer_rgcn_qor,4,50,kmeans,-1.5931607484817505,-1.1121574640274048,0.4810032844543457,0.5099999904632568,0.6175782084465027,0.10757821798324585,0.3199999928474426,0.74994957447052,0.4299495816230774,0.49000000953674316,0.39771056175231934,0.09228944778442383,0.5299999713897705,0.6966013312339783,0.16660135984420776
83d44c1a40c535cb,fdtd-2d-large,fdtd-2d-large,lv2:__PARA__L0-1.__PARA__L1-1.__PARA__L2-1.__PARA__L3-1.__PARA__L4-1.__PARA__L5-8.__PARA__L6-32.__PARA__L7-4.__PIPE__L0-off.__PIPE__L2-off.__PIPE__L3-off.__PIPE__L4-off.__TILE__L0-1.__TILE__L2-1.__TILE__L3-1.__TILE__L4-1,target,support,support,finetune_dataset,data_36.pt,4647676.0,sgformer_rgcn_qor,4,50,kmeans,0.5527092814445496,0.579225480556488,0.026516199111938477,0.07000000029802322,0.0893513560295105,0.019351355731487274,0.029999999329447746,-0.044758670032024384,0.07475867122411728,0.029999999329447746,0.12496732920408249,0.0949673280119896,0.07999999821186066,0.07286353409290314,0.0071364641189575195
7af177530cb396e0,fdtd-2d-large,fdtd-2d-large,lv2:__PARA__L0-1.__PARA__L1-1.__PARA__L2-1.__PARA__L3-1.__PARA__L4-1.__PARA__L5-2.__PARA__L6-32.__PARA__L7-1.__PIPE__L0-off.__PIPE__L2-off.__PIPE__L3-off.__PIPE__L4-off.__TILE__L0-1.__TILE__L2-1.__TILE__L3-1.__TILE__L4-1,target,support,support,finetune_dataset,data_21.pt,8670477.0,sgformer_rgcn_qor,4,50,kmeans,0.10290836542844772,0.5164725184440613,0.41356414556503296,0.05999999865889549,0.0653645396232605,0.0053645409643650055,0.019999999552965164,-0.011231295764446259,0.031231295317411423,0.029999999329447746,0.11244749277830124,0.08244749158620834,0.14000000059604645,0.10359521210193634,0.03640478849411011
95fed5f4e0e880e6,fdtd-2d-large,fdtd-2d-large,lv2:__PARA__L0-1.__PARA__L1-1.__PARA__L2-1.__PARA__L3-1.__PARA__L4-1.__PARA__L5-8.__PARA__L6-32.__PARA__L7-32.__PIPE__L0-off.__PIPE__L2-off.__PIPE__L3-off.__PIPE__L4-off.__TILE__L0-1.__TILE__L2-1.__TILE__L3-1.__TILE__L4-1,target,support,support,finetune_dataset,data_35.pt,3671777.0,sgformer_rgcn_qor,4,50,kmeans,0.7227248549461365,0.4887351393699646,0.23398971557617188,0.15000000596046448,0.19337719678878784,0.043377190828323364,0.05999999865889549,0.04341042786836624,0.01658957079052925,0.09000000357627869,0.35548949241638184,0.26548948884010315,0.14000000059604645,-0.05374102666974068,0.19374102354049683
02af129af3b47dd9,fdtd-2d-large,fdtd-2d-large,lv2:__PARA__L0-1.__PARA__L1-16.__PARA__L2-1.__PARA__L3-2.__PARA__L4-199.__PARA__L5-8.__PARA__L6-1.__PARA__L7-32.__PIPE__L0-off.__PIPE__L2-off.__PIPE__L3-flatten.__PIPE__L4-off.__TILE__L0-100.__TILE__L2-1.__TILE__L3-1.__TILE__L4-1,target,support,support,finetune_dataset,data_53.pt,91008808.0,sgformer_rgcn_qor,4,50,kmeans,-1.5930030345916748,-1.4264575242996216,0.16654551029205322,0.9399999976158142,0.31186074018478394,0.6281392574310303,0.6200000047683716,1.2474356889724731,0.6274356842041016,0.9800000190734863,0.5380265712738037,0.4419734477996826,0.8700000047683716,0.8545717597007751,0.015428245067596436
f7baeb54ddf38624,fdtd-2d-large,fdtd-2d-large,lv2:__PARA__L0-1.__PARA__L1-1.__PARA__L2-1.__PARA__L3-1.__PARA__L4-199.__PARA__L5-8.__PARA__L6-32.__PARA__L7-32.__PIPE__L0-off.__PIPE__L2-off.__PIPE__L3-off.__PIPE__L4-off.__TILE__L0-1.__TILE__L2-1.__TILE__L3-1.__TILE__L4-1,target,support,support,finetune_dataset,data_40.pt,96495104.0,sgformer_rgcn_qor,4,50,kmeans,-1.635227918624878,-0.9714875817298889,0.663740336894989,0.10999999940395355,0.22855347394943237,0.11855347454547882,0.05000000074505806,0.08843529969453812,0.03843529894948006,0.05000000074505806,0.20847487449645996,0.1584748774766922,0.3199999928474426,0.2585567831993103,0.061443209648132324
6588cb1dc715e087,fdtd-2d-large,fdtd-2d-large,lv2:__PARA__L0-1.__PARA__L1-32.__PARA__L2-1.__PARA__L3-2.__PARA__L4-1.__PARA__L5-1.__PARA__L6-1.__PARA__L7-4.__PIPE__L0-off.__PIPE__L2-flatten.__PIPE__L3-flatten.__PIPE__L4-off.__TILE__L0-1.__TILE__L2-1.__TILE__L3-1.__TILE__L4-199,target,support,support,finetune_dataset,data_69.pt,3476933.0,sgformer_rgcn_qor,4,50,kmeans,0.7620564103126526,1.0724109411239624,0.3103545308113098,1.0499999523162842,0.8618981242179871,0.18810182809829712,0.6800000071525574,0.1951056718826294,0.484894335269928,0.9700000286102295,0.5734384059906006,0.3965616226196289,0.6899999976158142,0.7913126349449158,0.10131263732910156
a3d96d210251a1eb,fdtd-2d-large,fdtd-2d-large,lv2:__PARA__L0-1.__PARA__L1-1.__PARA__L2-1.__PARA__L3-1.__PARA__L4-1.__PARA__L5-4.__PARA__L6-1.__PARA__L7-1.__PIPE__L0-off.__PIPE__L2-off.__PIPE__L3-flatten.__PIPE__L4-off.__TILE__L0-1.__TILE__L2-1.__TILE__L3-1.__TILE__L4-1,target,support,support,finetune_dataset,data_24.pt,6022078.0,sgformer_rgcn_qor,4,50,kmeans,0.3658333420753479,0.7065321803092957,0.34069883823394775,0.5600000023841858,0.45210331678390503,0.10789668560028076,0.30000001192092896,0.4607611894607544,0.16076117753982544,0.49000000953674316,0.2621171474456787,0.22788286209106445,0.41999998688697815,0.5749329924583435,0.15493300557136536
49d3b2ff7557b80f,fdtd-2d-large,fdtd-2d-large,lv2:__PARA__L0-1.__PARA__L1-16.__PARA__L2-1.__PARA__L3-1.__PARA__L4-1.__PARA__L5-1.__PARA__L6-1.__PARA__L7-4.__PIPE__L0-off.__PIPE__L2-flatten.__PIPE__L3-flatten.__PIPE__L4-off.__TILE__L0-1.__TILE__L2-1.__TILE__L3-1.__TILE__L4-1,target,support,support,finetune_dataset,data_41.pt,3567046.0,sgformer_rgcn_qor,4,50,kmeans,0.7435991168022156,0.46779245138168335,0.2758066654205322,0.6600000262260437,0.5620552897453308,0.09794473648071289,0.38999998569488525,0.3372870683670044,0.05271291732788086,0.49000000953674316,0.6361596584320068,0.14615964889526367,0.5799999833106995,0.36999887228012085,0.2100011110305786
b0762bcf12adbd4f,fdtd-2d-large,fdtd-2d-large,lv2:__PARA__L0-1.__PARA__L1-16.__PARA__L2-199.__PARA__L3-1.__PARA__L4-1.__PARA__L5-8.__PARA__L6-32.__PARA__L7-32.__PIPE__L0-off.__PIPE__L2-off.__PIPE__L3-off.__PIPE__L4-off.__TILE__L0-1.__TILE__L2-1.__TILE__L3-1.__TILE__L4-199,target,support,support,finetune_dataset,data_56.pt,12799945.0,sgformer_rgcn_qor,4,50,kmeans,-0.17806880176067352,-0.4095894694328308,0.2315206676721573,0.14000000059604645,1.014413595199585,0.8744136095046997,0.05999999865889549,-0.20945441722869873,0.2694544196128845,0.09000000357627869,0.8063256740570068,0.7163256406784058,0.25999999046325684,0.12051911652088165,0.13948087394237518
c0ce78ce07436a19,fdtd-2d-large,fdtd-2d-large,lv2:__PARA__L0-1.__PARA__L1-16.__PARA__L2-1.__PARA__L3-1.__PARA__L4-199.__PARA__L5-8.__PARA__L6-1.__PARA__L7-32.__PIPE__L0-off.__PIPE__L2-off.__PIPE__L3-flatten.__PIPE__L4-off.__TILE__L0-100.__TILE__L2-1.__TILE__L3-1.__TILE__L4-1,target,support,support,finetune_dataset,data_49.pt,91028704.0,sgformer_rgcn_qor,4,50,kmeans,-1.5931607484817505,-1.4426153898239136,0.15054535865783691,0.5099999904632568,0.3259064555168152,0.18409353494644165,0.3199999928474426,1.2478591203689575,0.9278591275215149,0.49000000953674316,0.5256326198577881,0.03563261032104492,0.5299999713897705,0.8533539175987244,0.32335394620895386
7432155d2bb5f2e8,fdtd-2d-large,fdtd-2d-large,lv2:__PARA__L0-1.__PARA__L1-32.__PARA__L2-1.__PARA__L3-1.__PARA__L4-1.__PARA__L5-1.__PARA__L6-1.__PARA__L7-1.__PIPE__L0-off.__PIPE__L2-flatten.__PIPE__L3-flatten.__PIPE__L4-flatten.__TILE__L0-1.__TILE__L2-1.__TILE__L3-1.__TILE__L4-199,target,support,support,finetune_dataset,data_62.pt,87033.0,sgformer_rgcn_qor,4,50,kmeans,3.4221107959747314,1.9210528135299683,1.5010579824447632,0.9900000095367432,1.2792060375213623,0.28920602798461914,0.5299999713897705,0.8616362810134888,0.33163630962371826,0.699999988079071,1.3164269924163818,0.6164270043373108,0.5799999833106995,0.911254346370697,0.33125436305999756
82d095c8462d8493,fdtd-2d-large,fdtd-2d-large,lv2:__PARA__L0-1.__PARA__L1-16.__PARA__L2-1.__PARA__L3-1.__PARA__L4-199.__PARA__L5-8.__PARA__L6-1.__PARA__L7-32.__PIPE__L0-off.__PIPE__L2-off.__PIPE__L3-flatten.__PIPE__L4-off.__TILE__L0-1.__TILE__L2-1.__TILE__L3-1.__TILE__L4-1,target,support,support,finetune_dataset,data_48.pt,91028704.0,sgformer_rgcn_qor,4,50,kmeans,-1.5931607484817505,-0.9457393288612366,0.6474214196205139,0.5099999904632568,0.6150433421134949,0.10504335165023804,0.3199999928474426,0.6799308061599731,0.3599308133125305,0.49000000953674316,0.3527390956878662,0.13726091384887695,0.5299999713897705,0.6483492255210876,0.11834925413131714
dbad873225c851dd,fdtd-2d-large,fdtd-2d-large,lv2:__PARA__L0-1.__PARA__L1-1.__PARA__L2-1.__PARA__L3-1.__PARA__L4-199.__PARA__L5-8.__PARA__L6-1.__PARA__L7-32.__PIPE__L0-off.__PIPE__L2-off.__PIPE__L3-flatten.__PIPE__L4-off.__TILE__L0-1.__TILE__L2-1.__TILE__L3-1.__TILE__L4-1,target,support,support,finetune_dataset,data_39.pt,91028704.0,sgformer_rgcn_qor,4,50,kmeans,-1.5931607484817505,-1.121148943901062,0.4720118045806885,0.5099999904632568,0.621196448802948,0.11119645833969116,0.3199999928474426,0.7581359148025513,0.43813592195510864,0.49000000953674316,0.40630507469177246,0.0836949348449707,0.5299999713897705,0.7009739279747009,0.17097395658493042
c4db0bc785b1f9c0,fdtd-2d-large,fdtd-2d-large,lv2:__PARA__L0-1.__PARA__L1-2.__PARA__L2-1.__PARA__L3-1.__PARA__L4-1.__PARA__L5-1.__PARA__L6-1.__PARA__L7-4.__PIPE__L0-off.__PIPE__L2-flatten.__PIPE__L3-flatten.__PIPE__L4-off.__TILE__L0-1.__TILE__L2-1.__TILE__L3-1.__TILE__L4-1,target,support,support,finetune_dataset,data_58.pt,3577546.0,sgformer_rgcn_qor,4,50,kmeans,0.7414788603782654,0.37526625394821167,0.3662126064300537,0.6600000262260437,0.5843808054924011,0.07561922073364258,0.38999998569488525,0.43240654468536377,0.042406558990478516,0.49000000953674316,0.5341203212738037,0.04412031173706055,0.5799999833106995,0.4530763030052185,0.12692368030548096
c8db8810a46a8e19,fdtd-2d-large,fdtd-2d-large,lv2:__PARA__L0-1.__PARA__L1-1.__PARA__L2-1.__PARA__L3-1.__PARA__L4-1.__PARA__L5-16.__PARA__L6-1.__PARA__L7-1.__PIPE__L0-off.__PIPE__L2-off.__PIPE__L3-flatten.__PIPE__L4-off.__TILE__L0-1.__TILE__L2-1.__TILE__L3-1.__TILE__L4-1,target,support,support,finetune_dataset,data_18.pt,5425378.0,sgformer_rgcn_qor,4,50,kmeans,0.44110220670700073,0.796226441860199,0.35512423515319824,0.5699999928474426,0.4895932078361511,0.0804067850112915,0.3100000023841858,0.43439781665802,0.12439781427383423,0.49000000953674316,0.3581712245941162,0.13182878494262695,0.41999998688697815,0.5778583884239197,0.15785840153694153
bdbae9041b29082c,fdtd-2d-large,fdtd-2d-large,lv2:__PARA__L0-1.__PARA__L1-1.__PARA__L2-1.__PARA__L3-1.__PARA__L4-1.__PARA__L5-1.__PARA__L6-32.__PARA__L7-1.__PIPE__L0-off.__PIPE__L2-off.__PIPE__L3-off.__PIPE__L4-off.__TILE__L0-1.__TILE__L2-1.__TILE__L3-1.__TILE__L4-1,target,support,support,finetune_dataset,data_15.pt,11098446.0,sgformer_rgcn_qor,4,50,kmeans,-0.0751788392663002,0.5077256560325623,0.5829045176506042,0.05000000074505806,0.0645567774772644,0.014556776732206345,0.019999999552965164,-0.0044220611453056335,0.024422060698270798,0.029999999329447746,0.11194395273923874,0.08194395154714584,0.07999999821186066,0.10533471405506134,0.025334715843200684
3f5ea7e68e67e5cd,fdtd-2d-large,fdtd-2d-large,lv2:__PARA__L0-1.__PARA__L1-1.__PARA__L2-1.__PARA__L3-1.__PARA__L4-1.__PARA__L5-1.__PARA__L6-1.__PARA__L7-1.__PIPE__L0-off.__PIPE__L2-off.__PIPE__L3-flatten.__PIPE__L4-off.__TILE__L0-1.__TILE__L2-1.__TILE__L3-1.__TILE__L4-1,target,support,support,finetune_dataset,data_5.pt,9604046.0,sgformer_rgcn_qor,4,50,kmeans,0.029142890125513077,0.6793848872184753,0.6502419710159302,0.49000000953674316,0.44845741987228394,0.04154258966445923,0.30000001192092896,0.480570912361145,0.18057090044021606,0.49000000953674316,0.25621581077575684,0.23378419876098633,0.30000001192092896,0.5806440711021423,0.2806440591812134
3fa8d53f1cfce133,fdtd-2d-large,fdtd-2d-large,lv2:__PARA__L0-1.__PARA__L1-1.__PARA__L2-1.__PARA__L3-1.__PARA__L4-1.__PARA__L5-1.__PARA__L6-1.__PARA__L7-8.__PIPE__L0-off.__PIPE__L2-flatten.__PIPE__L3-flatten.__PIPE__L4-off.__TILE__L0-1.__TILE__L2-1.__TILE__L3-1.__TILE__L4-1,target,support,support,finetune_dataset,data_12.pt,5181446.0,sgformer_rgcn_qor,4,50,kmeans,0.47428667545318604,0.37423986196517944,0.10004681348800659,0.6600000262260437,0.6030766367912292,0.05692338943481445,0.4000000059604645,0.4498206377029419,0.04982063174247742,0.49000000953674316,0.5383012294769287,0.04830121994018555,0.5799999833106995,0.4321536421775818,0.14784634113311768
3c53a61a8a2f38ac,fdtd-2d-large,fdtd-2d-large,lv2:__PARA__L0-1.__PARA__L1-1.__PARA__L2-1.__PARA__L3-1.__PARA__L4-1.__PARA__L5-1.__PARA__L6-1.__PARA__L7-2.__PIPE__L0-off.__PIPE__L2-flatten.__PIPE__L3-flatten.__PIPE__L4-off.__TILE__L0-1.__TILE__L2-1.__TILE__L3-1.__TILE__L4-1,target,support,support,finetune_dataset,data_9.pt,3748746.0,sgformer_rgcn_qor,4,50,kmeans,0.7077600359916687,0.36741870641708374,0.34034132957458496,0.6600000262260437,0.5803219676017761,0.07967805862426758,0.38999998569488525,0.4463454484939575,0.056345462799072266,0.49000000953674316,0.5338571071624756,0.04385709762573242,0.5799999833106995,0.4740681052207947,0.10593187808990479
21ddeacbed4ecd3e,fdtd-2d-large,fdtd-2d-large,lv2:__PARA__L0-1.__PARA__L1-1.__PARA__L2-1.__PARA__L3-1.__PARA__L4-1.__PARA__L5-1.__PARA__L6-1.__PARA__L7-1.__PIPE__L0-off.__PIPE__L2-off.__PIPE__L3-flatten.__PIPE__L4-flatten.__TILE__L0-1.__TILE__L2-1.__TILE__L3-1.__TILE__L4-1,target,support,support,finetune_dataset,data_4.pt,4866146.0,sgformer_rgcn_qor,4,50,kmeans,0.5195742249488831,1.411944031715393,0.89236980676651,0.8799999952316284,1.0660016536712646,0.18600165843963623,0.47999998927116394,0.5268088579177856,0.046808868646621704,0.699999988079071,0.2882974147796631,0.41170257329940796,0.4699999988079071,0.9817466139793396,0.5117466449737549
8728243f8d7bee49,fdtd-2d-large,fdtd-2d-large,lv2:__PARA__L0-1.__PARA__L1-1.__PARA__L2-1.__PARA__L3-1.__PARA__L4-1.__PARA__L5-32.__PARA__L6-1.__PARA__L7-1.__PIPE__L0-off.__PIPE__L2-off.__PIPE__L3-flatten.__PIPE__L4-off.__TILE__L0-1.__TILE__L2-1.__TILE__L3-1.__TILE__L4-1,target,support,support,finetune_dataset,data_22.pt,6258746.0,sgformer_rgcn_qor,4,50,kmeans,0.3380272388458252,0.7620798945426941,0.4240526556968689,0.5400000214576721,0.5222508311271667,0.01774919033050537,0.33000001311302185,0.3909255266189575,0.06092551350593567,0.49000000953674316,0.4191262722015381,0.07087373733520508,0.36000001430511475,0.6269292235374451,0.2669292092323303
a2c74860cca36a85,fdtd-2d-large,fdtd-2d-large,lv2:__PARA__L0-1.__PARA__L1-32.__PARA__L2-2.__PARA__L3-1.__PARA__L4-1.__PARA__L5-1.__PARA__L6-1.__PARA__L7-4.__PIPE__L0-off.__PIPE__L2-flatten.__PIPE__L3-flatten.__PIPE__L4-off.__TILE__L0-1.__TILE__L2-1.__TILE__L3-1.__TILE__L4-1,target,support,support,finetune_dataset,data_70.pt,4033976.0,sgformer_rgcn_qor,4,50,kmeans,0.6548628211021423,0.4477314352989197,0.20713138580322266,1.0299999713897705,0.5063111186027527,0.5236888527870178,0.9399999976158142,0.25659096240997314,0.6834090352058411,0.9800000190734863,0.7378404140472412,0.24215960502624512,0.6899999976158142,0.35046714544296265,0.33953285217285156
36342450c0a28278,fdtd-2d-large,fdtd-2d-large,lv2:__PARA__L0-1.__PARA__L1-1.__PARA__L2-1.__PARA__L3-1.__PARA__L4-1.__PARA__L5-8.__PARA__L6-1.__PARA__L7-8.__PIPE__L0-off.__PIPE__L2-off.__PIPE__L3-flatten.__PIPE__L4-off.__TILE__L0-1.__TILE__L2-1.__TILE__L3-1.__TILE__L4-1,target,support,support,finetune_dataset,data_31.pt,2654277.0,sgformer_rgcn_qor,4,50,kmeans,0.9568045735359192,0.7714788317680359,0.1853257417678833,0.5600000023841858,0.4885346293449402,0.0714653730392456,0.3100000023841858,0.4578315019607544,0.1478314995765686,0.49000000953674316,0.31081557273864746,0.1791844367980957,0.36000001430511475,0.5205911993980408,0.16059118509292603
10620be89d6dbdf5,fdtd-2d-large,fdtd-2d-large,lv2:__PARA__L0-1.__PARA__L1-1.__PARA__L2-1.__PARA__L3-1.__PARA__L4-1.__PARA__L5-8.__PARA__L6-32.__PARA__L7-1.__PIPE__L0-off.__PIPE__L2-off.__PIPE__L3-off.__PIPE__L4-off.__TILE__L0-1.__TILE__L2-1.__TILE__L3-1.__TILE__L4-1,target,support,support,finetune_dataset,data_32.pt,6879477.0,sgformer_rgcn_qor,4,50,kmeans,0.2698146104812622,0.5767747759819031,0.30696016550064087,0.07000000029802322,0.07932347059249878,0.009323470294475555,0.019999999552965164,-0.03854452818632126,0.05854452773928642,0.029999999329447746,0.1275498867034912,0.09754988551139832,0.14000000059604645,0.0947994738817215,0.04520052671432495
941a2a1cc8b8d547,fdtd-2d-large,fdtd-2d-large,lv2:__PARA__L0-1.__PARA__L1-16.__PARA__L2-1.__PARA__L3-1.__PARA__L4-1.__PARA__L5-8.__PARA__L6-32.__PARA__L7-32.__PIPE__L0-off.__PIPE__L2-off.__PIPE__L3-off.__PIPE__L4-off.__TILE__L0-1.__TILE__L2-1.__TILE__L3-1.__TILE__L4-199,target,support,support,finetune_dataset,data_45.pt,10068645.0,sgformer_rgcn_qor,4,50,kmeans,-0.004934771917760372,1.225314974784851,1.2302497625350952,0.15000000596046448,0.5905081629753113,0.4405081570148468,0.05999999865889549,0.21117699146270752,0.15117698907852173,0.09000000357627869,-0.46344971656799316,0.5534497499465942,0.14000000059604645,0.009426545351743698,0.13057345151901245
9cbc317e3da96a87,fdtd-2d-large,fdtd-2d-large,lv2:__PARA__L0-1.__PARA__L1-16.__PARA__L2-1.__PARA__L3-1.__PARA__L4-1.__PARA__L5-8.__PARA__L6-32.__PARA__L7-1.__PIPE__L0-off.__PIPE__L2-off.__PIPE__L3-off.__PIPE__L4-flatten.__TILE__L0-100.__TILE__L2-1.__TILE__L3-1.__TILE__L4-1,target,support,support,finetune_dataset,data_44.pt,943474.0,sgformer_rgcn_qor,4,50,kmeans,1.7029367685317993,0.9315399527549744,0.771396815776825,0.9200000166893005,0.26343315839767456,0.656566858291626,0.4300000071525574,1.3906737565994263,0.9606737494468689,0.699999988079071,0.14580702781677246,0.5541929602622986,0.5799999833106995,1.0112228393554688,0.4312228560447693
3ed41a68d0ef9bf1,fdtd-2d-large,fdtd-2d-large,lv2:__PARA__L0-1.__PARA__L1-1.__PARA__L2-1.__PARA__L3-1.__PARA__L4-1.__PARA__L5-16.__PARA__L6-32.__PARA__L7-1.__PIPE__L0-off.__PIPE__L2-off.__PIPE__L3-off.__PIPE__L4-off.__TILE__L0-1.__TILE__L2-1.__TILE__L3-1.__TILE__L4-1,target,support,support,finetune_dataset,data_19.pt,6879677.0,sgformer_rgcn_qor,4,50,kmeans,0.26979362964630127,0.6265456080436707,0.3567519783973694,0.07000000029802322,0.10586899518966675,0.035868994891643524,0.029999999329447746,-0.04873739928007126,0.07873740047216415,0.029999999329447746,0.1905992031097412,0.16059920191764832,0.14000000059604645,0.10212655365467072,0.03787344694137573
7c61cac1838ff10f,fdtd-2d-large,fdtd-2d-large,lv2:__PARA__L0-1.__PARA__L1-8.__PARA__L2-1.__PARA__L3-1.__PARA__L4-199.__PARA__L5-8.__PARA__L6-32.__PARA__L7-32.__PIPE__L0-off.__PIPE__L2-off.__PIPE__L3-off.__PIPE__L4-off.__TILE__L0-1.__TILE__L2-1.__TILE__L3-1.__TILE__L4-1,target,support,support,finetune_dataset,data_76.pt,96495104.0,sgformer_rgcn_qor,4,50,kmeans,-1.635227918624878,-0.9139664769172668,0.7212614417076111,0.10999999940395355,0.20134514570236206,0.09134514629840851,0.05000000074505806,0.09621346741914749,0.04621346667408943,0.05000000074505806,0.1622788906097412,0.11227889358997345,0.3199999928474426,0.2446579486131668,0.07534204423427582
8a8b760d8ccd8d93,fdtd-2d-large,fdtd-2d-large,lv2:__PARA__L0-1.__PARA__L1-1.__PARA__L2-1.__PARA__L3-1.__PARA__L4-1.__PARA__L5-1.__PARA__L6-1.__PARA__L7-1.__PIPE__L0-off.__PIPE__L2-off.__PIPE__L3-off.__PIPE__L4-flatten.__TILE__L0-1.__TILE__L2-1.__TILE__L3-1.__TILE__L4-1,target,support,support,finetune_dataset,data_6.pt,9627846.0,sgformer_rgcn_qor,4,50,kmeans,0.027357514947652817,1.294354796409607,1.2669973373413086,0.8799999952316284,0.7406861186027527,0.13931387662887573,0.4399999976158142,0.051715023815631866,0.38828498125076294,0.699999988079071,0.16884398460388184,0.5311560034751892,0.4699999988079071,0.35658591985702515,0.11341407895088196
3ab94196b68919ce,fdtd-2d-large,fdtd-2d-large,lv2:__PARA__L0-1.__PARA__L1-1.__PARA__L2-1.__PARA__L3-1.__PARA__L4-1.__PARA__L5-4.__PARA__L6-32.__PARA__L7-1.__PIPE__L0-off.__PIPE__L2-off.__PIPE__L3-off.__PIPE__L4-off.__TILE__L0-1.__TILE__L2-1.__TILE__L3-1.__TILE__L4-1,target,support,support,finetune_dataset,data_25.pt,7476477.0,sgformer_rgcn_qor,4,50,kmeans,0.20978474617004395,0.5362393260002136,0.3264545798301697,0.05999999865889549,0.06818932294845581,0.008189324289560318,0.029999999329447746,-0.023121707141399384,0.05312170833349228,0.029999999329447746,0.11461042612791061,0.08461042493581772,0.14000000059604645,0.09956546127796173,0.04043453931808472
dc323f103342f114,fdtd-2d-large,fdtd-2d-large,lv2:__PARA__L0-1.__PARA__L1-1.__PARA__L2-1.__PARA__L3-1.__PARA__L4-1.__PARA__L5-8.__PARA__L6-1.__PARA__L7-2.__PIPE__L0-off.__PIPE__L2-off.__PIPE__L3-flatten.__PIPE__L4-off.__TILE__L0-1.__TILE__L2-1.__TILE__L3-1.__TILE__L4-1,target,support,support,finetune_dataset,data_28.pt,4325877.0,sgformer_rgcn_qor,4,50,kmeans,0.6044677495956421,0.7458004355430603,0.1413326859474182,0.5699999928474426,0.4657675623893738,0.10423243045806885,0.3100000023841858,0.44412147998809814,0.13412147760391235,0.49000000953674316,0.2846810817718506,0.20531892776489258,0.36000001430511475,0.5625213980674744,0.20252138376235962
ff30947700fe15ed,fdtd-2d-large,fdtd-2d-large,lv2:__PARA__L0-1.__PARA__L1-32.__PARA__L2-1.__PARA__L3-1.__PARA__L4-199.__PARA__L5-1.__PARA__L6-1.__PARA__L7-4.__PIPE__L0-off.__PIPE__L2-flatten.__PIPE__L3-flatten.__PIPE__L4-off.__TILE__L0-1.__TILE__L2-1.__TILE__L3-1.__TILE__L4-1,target,support,support,finetune_dataset,data_65.pt,91746688.0,sgformer_rgcn_qor,4,50,kmeans,-1.5988280773162842,-1.2657774686813354,0.33305060863494873,0.6100000143051147,0.7280938029289246,0.11809378862380981,0.38999998569488525,0.32208549976348877,0.06791448593139648,0.49000000953674316,1.325773000717163,0.8357729911804199,0.8600000143051147,0.688567578792572,0.17143243551254272
0c8d6a2e9cb99585,fdtd-2d-large,fdtd-2d-large,lv2:__PARA__L0-1.__PARA__L1-16.__PARA__L2-1.__PARA__L3-1.__PARA__L4-1.__PARA__L5-8.__PARA__L6-32.__PARA__L7-1.__PIPE__L0-off.__PIPE__L2-off.__PIPE__L3-off.__PIPE__L4-flatten.__TILE__L0-1.__TILE__L2-1.__TILE__L3-1.__TILE__L4-199,target,support,support,finetune_dataset,data_42.pt,943474.0,sgformer_rgcn_qor,4,50,kmeans,1.7029367685317993,2.4438579082489014,0.740921139717102,0.9200000166893005,0.8920676112174988,0.027932405471801758,0.4300000071525574,0.90687096118927,0.47687095403671265,0.699999988079071,-0.14229416847229004,0.8422941565513611,0.5799999833106995,0.4679712653160095,0.11202871799468994
224f94460b242ec7,fdtd-2d-large,fdtd-2d-large,lv2:__PARA__L0-1.__PARA__L1-16.__PARA__L2-199.__PARA__L3-1.__PARA__L4-1.__PARA__L5-8.__PARA__L6-32.__PARA__L7-32.__PIPE__L0-off.__PIPE__L2-off.__PIPE__L3-off.__PIPE__L4-off.__TILE__L0-100.__TILE__L2-1.__TILE__L3-1.__TILE__L4-1,target,support,support,finetune_dataset,data_57.pt,12799945.0,sgformer_rgcn_qor,4,50,kmeans,-0.17806880176067352,-0.822141706943512,0.6440728902816772,0.14000000059604645,0.5791870951652527,0.43918710947036743,0.05999999865889549,-0.8100746870040894,0.8700746893882751,0.09000000357627869,0.6625077724456787,0.5725077390670776,0.25999999046325684,0.28984588384628296,0.029845893383026123
36990602b2941261,fdtd-2d-large,fdtd-2d-large,lv2:__PARA__L0-1.__PARA__L1-1.__PARA__L2-1.__PARA__L3-1.__PARA__L4-1.__PARA__L5-1.__PARA__L6-1.__PARA__L7-1.__PIPE__L0-off.__PIPE__L2-flatten.__PIPE__L3-off.__PIPE__L4-off.__TILE__L0-1.__TILE__L2-1.__TILE__L3-1.__TILE__L4-1,target,support,support,finetune_dataset,data_3.pt,9607448.0,sgformer_rgcn_qor,4,50,kmeans,0.028887415304780006,0.186870276927948,0.15798285603523254,0.49000000953674316,0.21322506666183472,0.27677494287490845,0.20999999344348907,-0.11082541197538376,0.32082539796829224,0.49000000953674316,0.28270506858825684,0.20729494094848633,0.41999998688697815,-0.1182580441236496,0.5382580161094666
