sample_id,kernel,gname,key,dataset_role,split,support_query,cache_split,file_name,actual_perf,model,seed,k,selection,y_true_perf,y_pred_perf,abs_err_perf,y_true_util_LUT,y_pred_util_LUT,abs_err_util_LUT,y_true_util_FF,y_pred_util_FF,abs_err_util_FF,y_true_util_DSP,y_pred_util_DSP,abs_err_util_DSP,y_true_util_BRAM,y_pred_util_BRAM,abs_err_util_BRAM
7553f1551527eb75,syr2k,syr2k,lv2:__PARA__L0-1.__PARA__L1-4.__PARA__L2-6.__PARA__L3-80.__PIPE__L0-off.__PIPE__L2-NA.__TILE__L0-1.__TILE__L2-1,target,query,query,finetune_dataset,data_1018.pt,49101.0,graphgps_lite,4,50,paper_exact_seed4,3.8350160121917725,3.7359890937805176,0.09902691841125488,0.11999999731779099,0.11126267910003662,0.008737318217754364,0.07000000029802322,0.07010504603385925,0.00010504573583602905,0.029999999329447746,0.029419004917144775,0.0005809944123029709,0.05000000074505806,0.05344722419977188,0.0034472234547138214
9f70d0ad1d97d21d,syr2k,syr2k,lv2:__PARA__L0-1.__PARA__L1-2.__PARA__L2-5.__PARA__L3-80.__PIPE__L0-off.__PIPE__L2-NA.__TILE__L0-1.__TILE__L2-1,target,query,query,finetune_dataset,data_1000.pt,55607.0,graphgps_lite,4,50,paper_exact_seed4,3.7452588081359863,3.7398133277893066,0.0054454803466796875,0.10999999940395355,0.10708992183208466,0.0029100775718688965,0.07000000029802322,0.06646791100502014,0.0035320892930030823,0.029999999329447746,0.02879771590232849,0.001202283427119255,0.05999999865889549,0.054366737604141235,0.005633261054754257
1998412237ef2c3d,syr2k,syr2k,lv2:__PARA__L0-1.__PARA__L1-1.__PARA__L2-6.__PARA__L3-80.__PIPE__L0-off.__PIPE__L2-NA.__TILE__L0-1.__TILE__L2-1,target,query,query,finetune_dataset,data_967.pt,53901.0,graphgps_lite,4,50,paper_exact_seed4,3.7677361965179443,3.738015651702881,0.029720544815063477,0.11999999731779099,0.11129909753799438,0.0087008997797966,0.07000000029802322,0.07156988978385925,0.001569889485836029,0.029999999329447746,0.02974274754524231,0.0002572517842054367,0.05000000074505806,0.05460573732852936,0.004605736583471298
b329f305a8434e8c,syr2k,syr2k,lv2:__PARA__L0-1.__PARA__L1-1.__PARA__L2-4.__PARA__L3-80.__PIPE__L0-off.__PIPE__L2-NA.__TILE__L0-1.__TILE__L2-1,target,query,query,finetune_dataset,data_955.pt,51581.0,graphgps_lite,4,50,paper_exact_seed4,3.7994723320007324,3.7323408126831055,0.06713151931762695,0.09000000357627869,0.10357961058616638,0.013579607009887695,0.05000000074505806,0.06330940127372742,0.013309400528669357,0.029999999329447746,0.02825281023979187,0.0017471890896558762,0.05000000074505806,0.05595119297504425,0.005951192229986191
473a8504bbc3f8c3,syr2k,syr2k,lv2:__PARA__L0-1.__PARA__L1-4.__PARA__L2-1.__PARA__L3-20.__PIPE__L0-off.__PIPE__L2-off.__TILE__L0-1.__TILE__L2-1,target,query,query,finetune_dataset,data_1008.pt,165169.0,graphgps_lite,4,50,paper_exact_seed4,2.959956645965576,2.6132936477661133,0.3466629981994629,0.07000000029802322,0.04086597263813019,0.029134027659893036,0.029999999329447746,0.007532283663749695,0.02246771566569805,0.07999999821186066,0.009294837713241577,0.07070516049861908,0.019999999552965164,0.0393502414226532,0.019350241869688034
046d7b1dc63a8aa9,syr2k,syr2k,lv2:__PARA__L0-1.__PARA__L1-16.__PARA__L2-1.__PARA__L3-20.__PIPE__L0-off.__PIPE__L2-off.__TILE__L0-1.__TILE__L2-1,target,query,query,finetune_dataset,data_975.pt,167089.0,graphgps_lite,4,50,paper_exact_seed4,2.9516196250915527,2.4930667877197266,0.45855283737182617,0.07999999821186066,0.05094277858734131,0.029057219624519348,0.029999999329447746,0.016231045126914978,0.013768954202532768,0.07999999821186066,0.027394205331802368,0.05260579288005829,0.019999999552965164,0.051468923687934875,0.03146892413496971
935321614f5dddf4,syr2k,syr2k,lv2:__PARA__L0-1.__PARA__L1-1.__PARA__L2-3.__PARA__L3-80.__PIPE__L0-off.__PIPE__L2-off.__TILE__L0-1.__TILE__L2-1,target,query,query,finetune_dataset,data_950.pt,58811.0,graphgps_lite,4,50,paper_exact_seed4,3.7048492431640625,3.7172961235046387,0.012446880340576172,0.07999999821186066,0.10077233612537384,0.020772337913513184,0.05000000074505806,0.06371736526489258,0.013717364519834518,0.029999999329447746,0.00757986307144165,0.022420136258006096,0.05000000074505806,0.05153097212314606,0.0015309713780879974
bae8fa957b07dc0f,syr2k,syr2k,lv2:__PARA__L0-1.__PARA__L1-1.__PARA__L2-10.__PARA__L3-1.__PIPE__L0-off.__PIPE__L2-flatten.__TILE__L0-1.__TILE__L2-2,target,query,query,finetune_dataset,data_930.pt,123349.0,graphgps_lite,4,50,paper_exact_seed4,3.1705551147460938,3.026285171508789,0.1442699432373047,0.18000000715255737,0.19316832721233368,0.013168320059776306,0.10999999940395355,0.12039577960968018,0.010395780205726624,0.019999999552965164,0.016014665365219116,0.003985334187746048,0.009999999776482582,0.02433762699365616,0.014337627217173576
5499c8364cd4ba73,syr2k,syr2k,lv2:__PARA__L0-1.__PARA__L1-2.__PARA__L2-1.__PARA__L3-80.__PIPE__L0-off.__PIPE__L2-NA.__TILE__L0-1.__TILE__L2-1,target,query,query,finetune_dataset,data_987.pt,71821.0,graphgps_lite,4,50,paper_exact_seed4,3.5606892108917236,3.649996757507324,0.08930754661560059,0.09000000357627869,0.09323346614837646,0.0032334625720977783,0.03999999910593033,0.04941904544830322,0.009419046342372894,0.03999999910593033,0.007789105176925659,0.03221089392900467,0.05000000074505806,0.0592154935002327,0.009215492755174637
dce6c42b9ce883d4,syr2k,syr2k,lv2:__PARA__L0-1.__PARA__L1-1.__PARA__L2-10.__PARA__L3-1.__PIPE__L0-off.__PIPE__L2-flatten.__TILE__L0-1.__TILE__L2-1,target,query,query,finetune_dataset,data_929.pt,53901.0,graphgps_lite,4,50,paper_exact_seed4,3.7677361965179443,3.7465367317199707,0.021199464797973633,0.18000000715255737,0.17443278431892395,0.005567222833633423,0.10999999940395355,0.09764081984758377,0.012359179556369781,0.029999999329447746,0.06296321749687195,0.03296321630477905,0.05000000074505806,0.05324842780828476,0.0032484270632267
cae64cd969998749,syr2k,syr2k,lv2:__PARA__L0-1.__PARA__L1-16.__PARA__L2-3.__PARA__L3-80.__PIPE__L0-off.__PIPE__L2-NA.__TILE__L0-1.__TILE__L2-1,target,query,query,finetune_dataset,data_981.pt,52811.0,graphgps_lite,4,50,paper_exact_seed4,3.782472848892212,3.7280702590942383,0.05440258979797363,0.07999999821186066,0.1048993468284607,0.024899348616600037,0.05000000074505806,0.06352713704109192,0.01352713629603386,0.029999999329447746,0.02957099676132202,0.0004290025681257248,0.05000000074505806,0.0559292733669281,0.005929272621870041
384fc79974f7e383,syr2k,syr2k,lv2:__PARA__L0-1.__PARA__L1-16.__PARA__L2-1.__PARA__L3-80.__PIPE__L0-off.__PIPE__L2-off.__TILE__L0-1.__TILE__L2-1,target,query,query,finetune_dataset,data_978.pt,69021.0,graphgps_lite,4,50,paper_exact_seed4,3.589374542236328,3.6868343353271484,0.09745979309082031,0.10000000149011612,0.10178501904010773,0.0017850175499916077,0.03999999910593033,0.061415016651153564,0.021415017545223236,0.03999999910593033,0.006713688373565674,0.033286310732364655,0.05000000074505806,0.05302076041698456,0.0030207596719264984
c8aa534be3cfcbcb,syr2k,syr2k,lv2:__PARA__L0-1.__PARA__L1-8.__PARA__L2-6.__PARA__L3-80.__PIPE__L0-off.__PIPE__L2-off.__TILE__L0-1.__TILE__L2-1,target,query,query,finetune_dataset,data_1033.pt,48381.0,graphgps_lite,4,50,paper_exact_seed4,3.8456718921661377,3.7366280555725098,0.10904383659362793,0.12999999523162842,0.11371028423309326,0.016289710998535156,0.07000000029802322,0.06685321033000946,0.0031467899680137634,0.029999999329447746,0.024661004543304443,0.005338994786143303,0.05000000074505806,0.05009619891643524,9.619817137718201e-05
43cce9689f44f3f0,syr2k,syr2k,lv2:__PARA__L0-1.__PARA__L1-1.__PARA__L2-8.__PARA__L3-1.__PIPE__L0-off.__PIPE__L2-flatten.__TILE__L0-1.__TILE__L2-1,target,query,query,finetune_dataset,data_969.pt,57779.0,graphgps_lite,4,50,paper_exact_seed4,3.7176194190979004,3.752103328704834,0.034483909606933594,0.2199999988079071,0.1533821076154709,0.06661789119243622,0.11999999731779099,0.084526926279068,0.03547307103872299,0.029999999329447746,0.05177497863769531,0.021774979308247566,0.05000000074505806,0.05164007842540741,0.00164007768034935
8983256af8020ec5,syr2k,syr2k,lv2:__PARA__L0-1.__PARA__L1-2.__PARA__L2-1.__PARA__L3-16.__PIPE__L0-off.__PIPE__L2-off.__TILE__L0-1.__TILE__L2-1,target,query,query,finetune_dataset,data_984.pt,170781.0,graphgps_lite,4,50,paper_exact_seed4,2.935854434967041,2.6523854732513428,0.28346896171569824,0.03999999910593033,0.03582853078842163,0.0041714683175086975,0.009999999776482582,0.00766223669052124,0.002337763085961342,0.05000000074505806,-0.0001755058765411377,0.0501755066215992,0.07999999821186066,0.036720603704452515,0.04327939450740814
660ddb3a800764d7,syr2k,syr2k,lv2:__PARA__L0-1.__PARA__L1-1.__PARA__L2-1.__PARA__L3-32.__PIPE__L0-off.__PIPE__L2-off.__TILE__L0-1.__TILE__L2-1,target,query,query,finetune_dataset,data_923.pt,2005329.0,graphgps_lite,4,50,paper_exact_seed4,1.159044623374939,2.560558795928955,1.4015141725540161,0.10000000149011612,0.04505129158496857,0.05494870990514755,0.03999999910593033,0.016081154346466064,0.023918844759464264,0.10000000149011612,0.014468520879745483,0.08553148061037064,0.019999999552965164,0.04216828942298889,0.022168289870023727
cd8a78b9897e5f03,syr2k,syr2k,lv2:__PARA__L0-1.__PARA__L1-2.__PARA__L2-6.__PARA__L3-80.__PIPE__L0-off.__PIPE__L2-off.__TILE__L0-1.__TILE__L2-1,target,query,query,finetune_dataset,data_1004.pt,50701.0,graphgps_lite,4,50,paper_exact_seed4,3.811885118484497,3.7387547492980957,0.07313036918640137,0.11999999731779099,0.1078854650259018,0.01211453229188919,0.07000000029802322,0.0633135735988617,0.0066864266991615295,0.029999999329447746,0.01785215735435486,0.012147841975092888,0.05000000074505806,0.05022171139717102,0.00022171065211296082
1d962536b4a8fa69,syr2k,syr2k,lv2:__PARA__L0-1.__PARA__L1-1.__PARA__L2-5.__PARA__L3-1.__PIPE__L0-off.__PIPE__L2-flatten.__TILE__L0-1.__TILE__L2-1,target,query,query,finetune_dataset,data_957.pt,58807.0,graphgps_lite,4,50,paper_exact_seed4,3.7048981189727783,3.738678455352783,0.03378033638000488,0.10999999940395355,0.11894045770168304,0.008940458297729492,0.07000000029802322,0.06428736448287964,0.005712635815143585,0.029999999329447746,0.034712404012680054,0.0047124046832323074,0.05999999865889549,0.04862549901008606,0.011374499648809433
47f6594af7e229e8,syr2k,syr2k,lv2:__PARA__L0-1.__PARA__L1-8.__PARA__L2-4.__PARA__L3-80.__PIPE__L0-off.__PIPE__L2-NA.__TILE__L0-1.__TILE__L2-1,target,query,query,finetune_dataset,data_1028.pt,46061.0,graphgps_lite,4,50,paper_exact_seed4,3.8811192512512207,3.730104446411133,0.1510148048400879,0.10000000149011612,0.10611000657081604,0.006110005080699921,0.05999999865889549,0.06446066498756409,0.004460666328668594,0.029999999329447746,0.03221002221107483,0.002210022881627083,0.05000000074505806,0.05493399500846863,0.004933994263410568
2434d5d349eb92bb,syr2k,syr2k,lv2:__PARA__L0-1.__PARA__L1-16.__PARA__L2-2.__PARA__L3-80.__PIPE__L0-off.__PIPE__L2-NA.__TILE__L0-1.__TILE__L2-1,target,query,query,finetune_dataset,data_979.pt,47983.0,graphgps_lite,4,50,paper_exact_seed4,3.851630449295044,3.7024078369140625,0.14922261238098145,0.10999999940395355,0.10114264488220215,0.008857354521751404,0.05000000074505806,0.059263408184051514,0.009263407438993454,0.029999999329447746,0.0236627459526062,0.006337253376841545,0.05000000074505806,0.057879455387592316,0.007879454642534256
507f7ddbd39e4095,syr2k,syr2k,lv2:__PARA__L0-1.__PARA__L1-1.__PARA__L2-3.__PARA__L3-80.__PIPE__L0-off.__PIPE__L2-NA.__TILE__L0-1.__TILE__L2-1,target,query,query,finetune_dataset,data_949.pt,58811.0,graphgps_lite,4,50,paper_exact_seed4,3.7048492431640625,3.715305805206299,0.010456562042236328,0.07999999821186066,0.09971919655799866,0.019719198346138,0.05000000074505806,0.058893248438835144,0.008893247693777084,0.029999999329447746,0.024445772171020508,0.0055542271584272385,0.05000000074505806,0.057166725397109985,0.007166724652051926
eed285261932cba5,syr2k,syr2k,lv2:__PARA__L0-1.__PARA__L1-1.__PARA__L2-12.__PARA__L3-80.__PIPE__L0-off.__PIPE__L2-off.__TILE__L0-1.__TILE__L2-1,target,query,query,finetune_dataset,data_937.pt,51501.0,graphgps_lite,4,50,paper_exact_seed4,3.8005919456481934,3.739405632019043,0.06118631362915039,0.20999999344348907,0.15739645063877106,0.05260354280471802,0.11999999731779099,0.07854273915290833,0.04145725816488266,0.029999999329447746,0.05120310187339783,0.02120310254395008,0.05999999865889549,0.04840504378080368,0.011594954878091812
396f10a14a6777c8,syr2k,syr2k,lv2:__PARA__L0-1.__PARA__L1-1.__PARA__L2-6.__PARA__L3-1.__PIPE__L0-off.__PIPE__L2-flatten.__TILE__L0-1.__TILE__L2-4,target,query,query,finetune_dataset,data_965.pt,127037.0,graphgps_lite,4,50,paper_exact_seed4,3.149303674697876,3.1180548667907715,0.031248807907104492,0.18000000715255737,0.16052654385566711,0.01947346329689026,0.10999999940395355,0.08559989929199219,0.024400100111961365,0.019999999552965164,-0.0011069774627685547,0.02110697701573372,0.019999999552965164,0.013906732201576233,0.006093267351388931
a5062b8ba71a79db,syr2k,syr2k,lv2:__PARA__L0-1.__PARA__L1-2.__PARA__L2-2.__PARA__L3-80.__PIPE__L0-off.__PIPE__L2-NA.__TILE__L0-1.__TILE__L2-1,target,query,query,finetune_dataset,data_991.pt,50783.0,graphgps_lite,4,50,paper_exact_seed4,3.8107192516326904,3.688882827758789,0.12183642387390137,0.10999999940395355,0.09565022587776184,0.014349773526191711,0.05000000074505806,0.05322989821434021,0.0032298974692821503,0.029999999329447746,0.017174899578094482,0.012825099751353264,0.05000000074505806,0.05806036293506622,0.008060362190008163
7547cdfc13259299,syr2k,syr2k,lv2:__PARA__L0-1.__PARA__L1-2.__PARA__L2-1.__PARA__L3-32.__PIPE__L0-off.__PIPE__L2-off.__TILE__L0-1.__TILE__L2-1,target,query,query,finetune_dataset,data_986.pt,2002129.0,graphgps_lite,4,50,paper_exact_seed4,1.1601965427398682,2.588036060333252,1.4278395175933838,0.10000000149011612,0.04487067461013794,0.05512932687997818,0.03999999910593033,0.013252243399620056,0.026747755706310272,0.10000000149011612,0.010222911834716797,0.08977708965539932,0.019999999552965164,0.04108196496963501,0.021081965416669846
de76b51eb645d686,syr2k,syr2k,lv2:__PARA__L0-1.__PARA__L1-8.__PARA__L2-5.__PARA__L3-80.__PIPE__L0-off.__PIPE__L2-NA.__TILE__L0-1.__TILE__L2-1,target,query,query,finetune_dataset,data_1030.pt,53287.0,graphgps_lite,4,50,paper_exact_seed4,3.7760002613067627,3.7374320030212402,0.03856825828552246,0.10999999940395355,0.11025193333625793,0.0002519339323043823,0.07000000029802322,0.06879979372024536,0.0012002065777778625,0.029999999329447746,0.03411144018173218,0.0041114408522844315,0.05999999865889549,0.054128535091876984,0.005871463567018509
4a8b2e7dc78b4696,syr2k,syr2k,lv2:__PARA__L0-1.__PARA__L1-1.__PARA__L2-5.__PARA__L3-1.__PIPE__L0-off.__PIPE__L2-flatten.__TILE__L0-1.__TILE__L2-2,target,query,query,finetune_dataset,data_958.pt,173055.0,graphgps_lite,4,50,paper_exact_seed4,2.9263126850128174,2.854917526245117,0.0713951587677002,0.10999999940395355,0.14572779834270477,0.03572779893875122,0.07000000029802322,0.08239918947219849,0.012399189174175262,0.019999999552965164,0.001457512378692627,0.018542487174272537,0.029999999329447746,0.01958589255809784,0.010414106771349907
4187821acffb4d42,syr2k,syr2k,lv2:__PARA__L0-1.__PARA__L1-2.__PARA__L2-3.__PARA__L3-80.__PIPE__L0-off.__PIPE__L2-off.__TILE__L0-1.__TILE__L2-1,target,query,query,finetune_dataset,data_995.pt,55611.0,graphgps_lite,4,50,paper_exact_seed4,3.7452070713043213,3.7180681228637695,0.027138948440551758,0.07999999821186066,0.10058730840682983,0.020587310194969177,0.05000000074505806,0.06214837729930878,0.012148376554250717,0.029999999329447746,0.0061851441860198975,0.02381485514342785,0.05000000074505806,0.050977714359760284,0.0009777136147022247
887d3a42caec739c,syr2k,syr2k,lv2:__PARA__L0-1.__PARA__L1-8.__PARA__L2-6.__PARA__L3-80.__PIPE__L0-off.__PIPE__L2-NA.__TILE__L0-1.__TILE__L2-1,target,query,query,finetune_dataset,data_1032.pt,48381.0,graphgps_lite,4,50,paper_exact_seed4,3.8456718921661377,3.7373552322387695,0.10831665992736816,0.12999999523162842,0.11537092924118042,0.014629065990447998,0.07000000029802322,0.07277032732963562,0.0027703270316123962,0.029999999329447746,0.033963561058044434,0.003963561728596687,0.05000000074505806,0.05351525545120239,0.003515254706144333
3caf27e8d55488b0,syr2k,syr2k,lv2:__PARA__L0-1.__PARA__L1-8.__PARA__L2-2.__PARA__L3-80.__PIPE__L0-off.__PIPE__L2-NA.__TILE__L0-1.__TILE__L2-1,target,query,query,finetune_dataset,data_1024.pt,48463.0,graphgps_lite,4,50,paper_exact_seed4,3.8444502353668213,3.687269687652588,0.1571805477142334,0.10999999940395355,0.09854170680046082,0.011458292603492737,0.05000000074505806,0.055702924728393555,0.005702923983335495,0.029999999329447746,0.022627562284469604,0.007372437044978142,0.05000000074505806,0.058069661259651184,0.008069660514593124
7424659393922e35,syr2k,syr2k,lv2:__PARA__L0-1.__PARA__L1-1.__PARA__L2-5.__PARA__L3-80.__PIPE__L0-off.__PIPE__L2-NA.__TILE__L0-1.__TILE__L2-1,target,query,query,finetune_dataset,data_961.pt,58807.0,graphgps_lite,4,50,paper_exact_seed4,3.7048981189727783,3.739497661590576,0.03459954261779785,0.10999999940395355,0.10733106732368469,0.00266893208026886,0.07000000029802322,0.06764170527458191,0.0023582950234413147,0.029999999329447746,0.03008130192756653,8.130259811878204e-05,0.05999999865889549,0.05517473816871643,0.004825260490179062
f96e059b20685c7d,syr2k,syr2k,lv2:__PARA__L0-1.__PARA__L1-2.__PARA__L2-5.__PARA__L3-80.__PIPE__L0-off.__PIPE__L2-off.__TILE__L0-1.__TILE__L2-1,target,query,query,finetune_dataset,data_1001.pt,55607.0,graphgps_lite,4,50,paper_exact_seed4,3.7452588081359863,3.734384059906006,0.010874748229980469,0.10999999940395355,0.10290652513504028,0.007093474268913269,0.07000000029802322,0.06198430061340332,0.008015699684619904,0.029999999329447746,0.01426929235458374,0.015730706974864006,0.05999999865889549,0.05025118589401245,0.009748812764883041
328955ee375dcb09,syr2k,syr2k,lv2:__PARA__L0-1.__PARA__L1-8.__PARA__L2-3.__PARA__L3-80.__PIPE__L0-off.__PIPE__L2-off.__TILE__L0-1.__TILE__L2-1,target,query,query,finetune_dataset,data_1027.pt,53291.0,graphgps_lite,4,50,paper_exact_seed4,3.7759461402893066,3.7198033332824707,0.05614280700683594,0.07999999821186066,0.1053091287612915,0.025309130549430847,0.05000000074505806,0.06518383324146271,0.015183832496404648,0.029999999329447746,0.012912064790725708,0.01708793453872204,0.05000000074505806,0.05170176178216934,0.0017017610371112823
c6bb6863b81bcca5,syr2k,syr2k,lv2:__PARA__L0-1.__PARA__L1-1.__PARA__L2-3.__PARA__L3-1.__PIPE__L0-off.__PIPE__L2-flatten.__TILE__L0-1.__TILE__L2-1,target,query,query,finetune_dataset,data_945.pt,58811.0,graphgps_lite,4,50,paper_exact_seed4,3.7048492431640625,3.7092671394348145,0.004417896270751953,0.07999999821186066,0.0967574268579483,0.016757428646087646,0.05000000074505806,0.04993033409118652,6.966665387153625e-05,0.029999999329447746,0.024699509143829346,0.005300490185618401,0.05000000074505806,0.04757511615753174,0.0024248845875263214
bc4bbd8ca4e44e5f,syr2k,syr2k,lv2:__PARA__L0-1.__PARA__L1-1.__PARA__L2-1.__PARA__L3-10.__PIPE__L0-off.__PIPE__L2-off.__TILE__L0-1.__TILE__L2-1,target,query,query,finetune_dataset,data_919.pt,188449.0,graphgps_lite,4,50,paper_exact_seed4,2.8648409843444824,2.685943603515625,0.17889738082885742,0.03999999910593033,0.03172963857650757,0.00827036052942276,0.019999999552965164,0.009753569960594177,0.010246429592370987,0.03999999910593033,-0.01048228144645691,0.05048228055238724,0.05999999865889549,0.03609994053840637,0.02390005812048912
e566095625c0d782,syr2k,syr2k,lv2:__PARA__L0-1.__PARA__L1-1.__PARA__L2-4.__PARA__L3-80.__PIPE__L0-off.__PIPE__L2-off.__TILE__L0-1.__TILE__L2-1,target,query,query,finetune_dataset,data_956.pt,51581.0,graphgps_lite,4,50,paper_exact_seed4,3.7994723320007324,3.7232651710510254,0.07620716094970703,0.09000000357627869,0.10329179465770721,0.013291791081428528,0.05000000074505806,0.06540548801422119,0.015405487269163132,0.029999999329447746,0.009933054447174072,0.020066944882273674,0.05000000074505806,0.051003552973270416,0.0010035522282123566
f7a56b547326dc31,syr2k,syr2k,lv2:__PARA__L0-1.__PARA__L1-1.__PARA__L2-1.__PARA__L3-80.__PIPE__L0-off.__PIPE__L2-NA.__TILE__L0-1.__TILE__L2-1,target,query,query,finetune_dataset,data_927.pt,75021.0,graphgps_lite,4,50,paper_exact_seed4,3.529244899749756,3.6490654945373535,0.11982059478759766,0.09000000357627869,0.09351290762424469,0.0035129040479660034,0.03999999910593033,0.05079689621925354,0.010796897113323212,0.03999999910593033,0.009011179208755493,0.030988819897174835,0.05000000074505806,0.05969932675361633,0.009699326008558273
b94a2ad1d393f6a6,syr2k,syr2k,lv2:__PARA__L0-1.__PARA__L1-1.__PARA__L2-10.__PARA__L3-80.__PIPE__L0-off.__PIPE__L2-NA.__TILE__L0-1.__TILE__L2-1,target,query,query,finetune_dataset,data_932.pt,53901.0,graphgps_lite,4,50,paper_exact_seed4,3.7677361965179443,3.7237443923950195,0.043991804122924805,0.18000000715255737,0.1303962916135788,0.04960371553897858,0.10999999940395355,0.07401983439922333,0.035980165004730225,0.029999999329447746,0.027073323726654053,0.0029266756027936935,0.05000000074505806,0.050231605768203735,0.00023160502314567566
b8566d786e85b374,syr2k,syr2k,lv2:__PARA__L0-1.__PARA__L1-1.__PARA__L2-1.__PARA__L3-20.__PIPE__L0-off.__PIPE__L2-off.__TILE__L0-1.__TILE__L2-1,target,query,query,finetune_dataset,data_922.pt,169249.0,graphgps_lite,4,50,paper_exact_seed4,2.942354440689087,2.596550941467285,0.34580349922180176,0.07000000029802322,0.03923121094703674,0.03076878935098648,0.029999999329447746,0.011961311101913452,0.018038688227534294,0.07999999821186066,0.010596424341201782,0.06940357387065887,0.019999999552965164,0.03988364338874817,0.019883643835783005
5be48de24ad76cd8,syr2k,syr2k,lv2:__PARA__L0-1.__PARA__L1-8.__PARA__L2-1.__PARA__L3-80.__PIPE__L0-off.__PIPE__L2-NA.__TILE__L0-1.__TILE__L2-1,target,query,query,finetune_dataset,data_1022.pt,69501.0,graphgps_lite,4,50,paper_exact_seed4,3.5843753814697266,3.6497812271118164,0.06540584564208984,0.10000000149011612,0.09633375704288483,0.0036662444472312927,0.03999999910593033,0.05215167999267578,0.012151680886745453,0.03999999910593033,0.013616800308227539,0.02638319879770279,0.05000000074505806,0.05981876701116562,0.00981876626610756
cc45c47936d4a678,syr2k,syr2k,lv2:__PARA__L0-1.__PARA__L1-2.__PARA__L2-3.__PARA__L3-80.__PIPE__L0-off.__PIPE__L2-NA.__TILE__L0-1.__TILE__L2-1,target,query,query,finetune_dataset,data_994.pt,55611.0,graphgps_lite,4,50,paper_exact_seed4,3.7452070713043213,3.715618133544922,0.029588937759399414,0.07999999821186066,0.09948122501373291,0.019481226801872253,0.05000000074505806,0.05773073434829712,0.0077307336032390594,0.029999999329447746,0.023201406002044678,0.0067985933274030685,0.05000000074505806,0.05636756122112274,0.006367560476064682
09322ccf332b047c,syr2k,syr2k,lv2:__PARA__L0-1.__PARA__L1-1.__PARA__L2-8.__PARA__L3-80.__PIPE__L0-off.__PIPE__L2-NA.__TILE__L0-1.__TILE__L2-1,target,query,query,finetune_dataset,data_972.pt,57779.0,graphgps_lite,4,50,paper_exact_seed4,3.7176194190979004,3.7241759300231934,0.006556510925292969,0.2199999988079071,0.1191687285900116,0.10083127021789551,0.11999999731779099,0.07425802946090698,0.045741967856884,0.029999999329447746,0.025761395692825317,0.004238603636622429,0.05000000074505806,0.051623716950416565,0.0016237162053585052
7f598e1a5b204938,syr2k,syr2k,lv2:__PARA__L0-1.__PARA__L1-1.__PARA__L2-1.__PARA__L3-8.__PIPE__L0-off.__PIPE__L2-off.__TILE__L0-1.__TILE__L2-1,target,query,query,finetune_dataset,data_926.pt,197981.0,graphgps_lite,4,50,paper_exact_seed4,2.829246997833252,2.6946096420288086,0.13463735580444336,0.019999999552965164,0.030795365571975708,0.010795366019010544,0.009999999776482582,0.009870544075965881,0.00012945570051670074,0.019999999552965164,-0.013245582580566406,0.03324558213353157,0.05000000074505806,0.03506886959075928,0.014931131154298782
386d0232d7b527fa,syr2k,syr2k,lv2:__PARA__L0-1.__PARA__L1-1.__PARA__L2-2.__PARA__L3-80.__PIPE__L0-off.__PIPE__L2-NA.__TILE__L0-1.__TILE__L2-1,target,query,query,finetune_dataset,data_942.pt,53983.0,graphgps_lite,4,50,paper_exact_seed4,3.766639471054077,3.688368797302246,0.07827067375183105,0.10999999940395355,0.09590089321136475,0.014099106192588806,0.05000000074505806,0.05446001887321472,0.004460018128156662,0.029999999329447746,0.01842331886291504,0.011576680466532707,0.05000000074505806,0.058492548763751984,0.008492548018693924
31ba9a7783da0f4c,syr2k,syr2k,lv2:__PARA__L0-1.__PARA__L1-1.__PARA__L2-4.__PARA__L3-1.__PIPE__L0-off.__PIPE__L2-flatten.__TILE__L0-1.__TILE__L2-1,target,query,query,finetune_dataset,data_951.pt,51581.0,graphgps_lite,4,50,paper_exact_seed4,3.7994723320007324,3.7265820503234863,0.0728902816772461,0.09000000357627869,0.10788121819496155,0.01788121461868286,0.05000000074505806,0.05735619366168976,0.007356192916631699,0.029999999329447746,0.02962392568588257,0.0003760736435651779,0.05000000074505806,0.04788536578416824,0.0021146349608898163
0e9c5c17a8a6820d,syr2k,syr2k,lv2:__PARA__L0-1.__PARA__L1-16.__PARA__L2-3.__PARA__L3-80.__PIPE__L0-off.__PIPE__L2-off.__TILE__L0-1.__TILE__L2-1,target,query,query,finetune_dataset,data_982.pt,52811.0,graphgps_lite,4,50,paper_exact_seed4,3.782472848892212,3.736762046813965,0.04571080207824707,0.07999999821186066,0.10931554436683655,0.02931554615497589,0.05000000074505806,0.06987231969833374,0.01987231895327568,0.029999999329447746,0.013837605714797974,0.016162393614649773,0.05000000074505806,0.050951436161994934,0.0009514354169368744
2641ecf0170d499d,syr2k,syr2k,lv2:__PARA__L0-1.__PARA__L1-1.__PARA__L2-5.__PARA__L3-1.__PIPE__L0-off.__PIPE__L2-flatten.__TILE__L0-1.__TILE__L2-8,target,query,query,finetune_dataset,data_960.pt,120746.0,graphgps_lite,4,50,paper_exact_seed4,3.1859405040740967,3.1911706924438477,0.0052301883697509766,0.15000000596046448,0.15692734718322754,0.0069273412227630615,0.11999999731779099,0.09378504753112793,0.026214949786663055,0.019999999552965164,0.00013276934623718262,0.01986723020672798,0.03999999910593033,0.013729304075241089,0.02627069503068924
c3b93c17507b24a8,syr2k,syr2k,lv2:__PARA__L0-1.__PARA__L1-4.__PARA__L2-1.__PARA__L3-16.__PIPE__L0-off.__PIPE__L2-off.__TILE__L0-1.__TILE__L2-1,target,query,query,finetune_dataset,data_1007.pt,169181.0,graphgps_lite,4,50,paper_exact_seed4,2.9426443576812744,2.6454834938049316,0.2971608638763428,0.03999999910593033,0.037600547075271606,0.002399452030658722,0.009999999776482582,0.006649762392044067,0.0033502373844385147,0.05000000074505806,0.0025578439235687256,0.047442156821489334,0.07999999821186066,0.03691169619560242,0.04308830201625824
9c5fe47a7f3371ca,syr2k,syr2k,lv2:__PARA__L0-1.__PARA__L1-1.__PARA__L2-1.__PARA__L3-1.__PIPE__L0-off.__PIPE__L2-flatten.__TILE__L0-1.__TILE__L2-1,target,query,query,finetune_dataset,data_913.pt,75021.0,graphgps_lite,4,50,paper_exact_seed4,3.529244899749756,3.5610556602478027,0.031810760498046875,0.09000000357627869,0.074565589427948,0.015434414148330688,0.03999999910593033,0.03284561634063721,0.007154382765293121,0.03999999910593033,0.014586448669433594,0.025413550436496735,0.05000000074505806,0.05098907649517059,0.0009890757501125336
8c2a257a28918f1e,syr2k,syr2k,lv2:__PARA__L0-1.__PARA__L1-8.__PARA__L2-5.__PARA__L3-80.__PIPE__L0-off.__PIPE__L2-off.__TILE__L0-1.__TILE__L2-1,target,query,query,finetune_dataset,data_1031.pt,53287.0,graphgps_lite,4,50,paper_exact_seed4,3.7760002613067627,3.729966163635254,0.04603409767150879,0.10999999940395355,0.1086425632238388,0.001357436180114746,0.07000000029802322,0.06550668179988861,0.004493318498134613,0.029999999329447746,0.02108246088027954,0.008917538449168205,0.05999999865889549,0.050586313009262085,0.009413685649633408
f1118dea1846074b,syr2k,syr2k,lv2:__PARA__L0-1.__PARA__L1-1.__PARA__L2-5.__PARA__L3-80.__PIPE__L0-off.__PIPE__L2-off.__TILE__L0-1.__TILE__L2-1,target,query,query,finetune_dataset,data_962.pt,58807.0,graphgps_lite,4,50,paper_exact_seed4,3.7048981189727783,3.7332100868225098,0.028311967849731445,0.10999999940395355,0.10379408299922943,0.006205916404724121,0.07000000029802322,0.0635673850774765,0.006432615220546722,0.029999999329447746,0.0157700777053833,0.014229921624064445,0.05999999865889549,0.05078774690628052,0.009212251752614975
a354c85e14e3f6e4,syr2k,syr2k,lv2:__PARA__L0-1.__PARA__L1-4.__PARA__L2-1.__PARA__L3-80.__PIPE__L0-off.__PIPE__L2-off.__TILE__L0-1.__TILE__L2-1,target,query,query,finetune_dataset,data_1010.pt,70221.0,graphgps_lite,4,50,paper_exact_seed4,3.5769407749176025,3.6642675399780273,0.0873267650604248,0.10000000149011612,0.09898033738136292,0.0010196641087532043,0.03999999910593033,0.053742632269859314,0.013742633163928986,0.03999999910593033,0.0008507966995239258,0.0391492024064064,0.05000000074505806,0.05323095619678497,0.0032309554517269135
4413408007bce9e8,syr2k,syr2k,lv2:__PARA__L0-1.__PARA__L1-16.__PARA__L2-1.__PARA__L3-80.__PIPE__L0-off.__PIPE__L2-NA.__TILE__L0-1.__TILE__L2-1,target,query,query,finetune_dataset,data_977.pt,69021.0,graphgps_lite,4,50,paper_exact_seed4,3.589374542236328,3.6661148071289062,0.07674026489257812,0.10000000149011612,0.09895375370979309,0.0010462477803230286,0.03999999910593033,0.05601866543292999,0.016018666326999664,0.03999999910593033,0.01444929838180542,0.02555070072412491,0.05000000074505806,0.059298254549503326,0.009298253804445267
c6307a47e48e34a0,syr2k,syr2k,lv2:__PARA__L0-1.__PARA__L1-16.__PARA__L2-1.__PARA__L3-32.__PIPE__L0-off.__PIPE__L2-off.__TILE__L0-1.__TILE__L2-1,target,query,query,finetune_dataset,data_976.pt,1999329.0,graphgps_lite,4,50,paper_exact_seed4,1.1612061262130737,2.4491257667541504,1.2879196405410767,0.10000000149011612,0.056896477937698364,0.043103523552417755,0.03999999910593033,0.023038536310195923,0.016961462795734406,0.10000000149011612,0.03032594919204712,0.069674052298069,0.019999999552965164,0.05496563762426376,0.0349656380712986
65b53beab87fef44,syr2k,syr2k,lv2:__PARA__L0-1.__PARA__L1-1.__PARA__L2-8.__PARA__L3-80.__PIPE__L0-off.__PIPE__L2-off.__TILE__L0-1.__TILE__L2-1,target,query,query,finetune_dataset,data_973.pt,57779.0,graphgps_lite,4,50,paper_exact_seed4,3.7176194190979004,3.7428855895996094,0.025266170501708984,0.2199999988079071,0.12230831384658813,0.09769168496131897,0.11999999731779099,0.06833165884017944,0.05166833847761154,0.029999999329447746,0.028398215770721436,0.0016017835587263107,0.05000000074505806,0.05011548101902008,0.00011548027396202087
006edf919afcac3e,syr2k,syr2k,lv2:__PARA__L0-1.__PARA__L1-1.__PARA__L2-8.__PARA__L3-1.__PIPE__L0-off.__PIPE__L2-flatten.__TILE__L0-1.__TILE__L2-4,target,query,query,finetune_dataset,data_971.pt,106027.0,graphgps_lite,4,50,paper_exact_seed4,3.279712200164795,3.1641149520874023,0.11559724807739258,0.23000000417232513,0.18108192086219788,0.04891808331012726,0.14000000059604645,0.11903515458106995,0.0209648460149765,0.019999999552965164,0.0010335147380828857,0.01896648481488228,0.009999999776482582,0.01629270613193512,0.0062927063554525375
a600ded91a048da1,syr2k,syr2k,lv2:__PARA__L0-1.__PARA__L1-2.__PARA__L2-4.__PARA__L3-80.__PIPE__L0-off.__PIPE__L2-NA.__TILE__L0-1.__TILE__L2-1,target,query,query,finetune_dataset,data_997.pt,48381.0,graphgps_lite,4,50,paper_exact_seed4,3.8456718921661377,3.732645034790039,0.11302685737609863,0.09000000357627869,0.10334381461143494,0.01334381103515625,0.05000000074505806,0.06216117739677429,0.012161176651716232,0.029999999329447746,0.0270003080368042,0.002999691292643547,0.05000000074505806,0.05515892058610916,0.005158919841051102
8db3a7561f57850f,syr2k,syr2k,lv2:__PARA__L0-1.__PARA__L1-1.__PARA__L2-1.__PARA__L3-1.__PIPE__L0-off.__PIPE__L2-off.__TILE__L0-1.__TILE__L2-1,target,query,query,finetune_dataset,data_918.pt,533981.0,graphgps_lite,4,50,paper_exact_seed4,2.1135339736938477,2.6164655685424805,0.5029315948486328,0.009999999776482582,0.03558090329170227,0.02558090351521969,0.0,0.018039673566818237,0.018039673566818237,0.0,-0.0057551562786102295,0.0057551562786102295,0.019999999552965164,0.03232705593109131,0.012327056378126144
1584d7550bc70b91,syr2k,syr2k,lv2:__PARA__L0-1.__PARA__L1-2.__PARA__L2-6.__PARA__L3-1.__PIPE__L0-off.__PIPE__L2-flatten.__TILE__L0-1.__TILE__L2-1,target,query,query,finetune_dataset,data_1002.pt,50701.0,graphgps_lite,4,50,paper_exact_seed4,3.811885118484497,3.7480525970458984,0.06383252143859863,0.11999999731779099,0.129524365067482,0.00952436774969101,0.07000000029802322,0.07037137448787689,0.0003713741898536682,0.029999999329447746,0.038726434111595154,0.008726434782147408,0.05000000074505806,0.049217239022254944,0.0007827617228031158
c9e913bf3484f2bf,syr2k,syr2k,lv2:__PARA__L0-1.__PARA__L1-1.__PARA__L2-2.__PARA__L3-80.__PIPE__L0-off.__PIPE__L2-off.__TILE__L0-1.__TILE__L2-1,target,query,query,finetune_dataset,data_943.pt,53983.0,graphgps_lite,4,50,paper_exact_seed4,3.766639471054077,3.7017998695373535,0.06483960151672363,0.10999999940395355,0.09905728697776794,0.010942712426185608,0.05000000074505806,0.0601222962141037,0.010122295469045639,0.029999999329447746,0.005747795104980469,0.024252204224467278,0.05000000074505806,0.052342623472213745,0.0023426227271556854
e9d3815682c668ff,syr2k,syr2k,lv2:__PARA__L0-1.__PARA__L1-16.__PARA__L2-2.__PARA__L3-80.__PIPE__L0-off.__PIPE__L2-off.__TILE__L0-1.__TILE__L2-1,target,query,query,finetune_dataset,data_980.pt,47983.0,graphgps_lite,4,50,paper_exact_seed4,3.851630449295044,3.720914363861084,0.13071608543395996,0.10999999940395355,0.10609632730484009,0.0039036720991134644,0.05000000074505806,0.06618697941303253,0.016186978667974472,0.029999999329447746,0.011968076229095459,0.018031923100352287,0.05000000074505806,0.0518072172999382,0.0018072165548801422
555a887ab9d454ef,syr2k,syr2k,lv2:__PARA__L0-1.__PARA__L1-8.__PARA__L2-1.__PARA__L3-16.__PIPE__L0-off.__PIPE__L2-off.__TILE__L0-1.__TILE__L2-1,target,query,query,finetune_dataset,data_1019.pt,168381.0,graphgps_lite,4,50,paper_exact_seed4,2.94606351852417,2.5810608863830566,0.3650026321411133,0.03999999910593033,0.042167916893959045,0.002167917788028717,0.009999999776482582,0.007767155766487122,0.0022328440099954605,0.05000000074505806,0.015225768089294434,0.034774232655763626,0.07999999821186066,0.04222956299781799,0.037770435214042664
cd513ad6e06bbf90,syr2k,syr2k,lv2:__PARA__L0-1.__PARA__L1-1.__PARA__L2-1.__PARA__L3-4.__PIPE__L0-off.__PIPE__L2-off.__TILE__L0-1.__TILE__L2-1,target,query,query,finetune_dataset,data_924.pt,245981.0,graphgps_lite,4,50,paper_exact_seed4,2.672654628753662,2.6810104846954346,0.008355855941772461,0.009999999776482582,0.030297696590423584,0.020297696813941002,0.0,0.011535555124282837,0.011535555124282837,0.009999999776482582,-0.01627129316329956,0.026271292939782143,0.029999999329447746,0.03241214156150818,0.0024121422320604324
f40fd44b5e21918b,syr2k,syr2k,lv2:__PARA__L0-1.__PARA__L1-1.__PARA__L2-1.__PARA__L3-80.__PIPE__L0-off.__PIPE__L2-off.__TILE__L0-1.__TILE__L2-1,target,query,query,finetune_dataset,data_928.pt,75021.0,graphgps_lite,4,50,paper_exact_seed4,3.529244899749756,3.6652464866638184,0.1360015869140625,0.09000000357627869,0.09672242403030396,0.0067224204540252686,0.03999999910593033,0.05547554790973663,0.015475548803806305,0.03999999910593033,0.0006549954414367676,0.03934500366449356,0.05000000074505806,0.05369095504283905,0.0036909542977809906
8f674109f29f697d,syr2k,syr2k,lv2:__PARA__L0-1.__PARA__L1-2.__PARA__L2-2.__PARA__L3-1.__PIPE__L0-off.__PIPE__L2-flatten.__TILE__L0-1.__TILE__L2-1,target,query,query,finetune_dataset,data_990.pt,50783.0,graphgps_lite,4,50,paper_exact_seed4,3.8107192516326904,3.6794142723083496,0.13130497932434082,0.10999999940395355,0.08387792110443115,0.0261220782995224,0.05000000074505806,0.04029691219329834,0.00970308855175972,0.029999999329447746,0.017414957284927368,0.012585042044520378,0.05000000074505806,0.047257110476493835,0.0027428902685642242
6b7a3a63a513e7f4,syr2k,syr2k,lv2:__PARA__L0-1.__PARA__L1-8.__PARA__L2-3.__PARA__L3-80.__PIPE__L0-off.__PIPE__L2-NA.__TILE__L0-1.__TILE__L2-1,target,query,query,finetune_dataset,data_1026.pt,53291.0,graphgps_lite,4,50,paper_exact_seed4,3.7759461402893066,3.713339328765869,0.0626068115234375,0.07999999821186066,0.10227027535438538,0.02227027714252472,0.05000000074505806,0.06007084250450134,0.010070841759443283,0.029999999329447746,0.02845245599746704,0.0015475433319807053,0.05000000074505806,0.056159332394599915,0.006159331649541855
3e62e93928fad10e,syr2k,syr2k,lv2:__PARA__L0-1.__PARA__L1-4.__PARA__L2-2.__PARA__L3-80.__PIPE__L0-off.__PIPE__L2-off.__TILE__L0-1.__TILE__L2-1,target,query,query,finetune_dataset,data_1012.pt,49183.0,graphgps_lite,4,50,paper_exact_seed4,3.8338122367858887,3.70011043548584,0.13370180130004883,0.10999999940395355,0.10011132061481476,0.009888678789138794,0.05000000074505806,0.058328524231910706,0.008328523486852646,0.029999999329447746,0.005833566188812256,0.02416643314063549,0.05000000074505806,0.051914602518081665,0.0019146017730236053
9479d4f09dff4ff1,syr2k,syr2k,lv2:__PARA__L0-1.__PARA__L1-2.__PARA__L2-4.__PARA__L3-80.__PIPE__L0-off.__PIPE__L2-off.__TILE__L0-1.__TILE__L2-1,target,query,query,finetune_dataset,data_998.pt,48381.0,graphgps_lite,4,50,paper_exact_seed4,3.8456718921661377,3.7247729301452637,0.12089896202087402,0.09000000357627869,0.10240678489208221,0.012406781315803528,0.05000000074505806,0.06379124522209167,0.013791244477033615,0.029999999329447746,0.008508741855621338,0.02149125747382641,0.05000000074505806,0.05046047270298004,0.0004604719579219818
1d13483073c912dd,syr2k,syr2k,lv2:__PARA__L0-1.__PARA__L1-1.__PARA__L2-12.__PARA__L3-1.__PIPE__L0-off.__PIPE__L2-flatten.__TILE__L0-1.__TILE__L2-4,target,query,query,finetune_dataset,data_935.pt,107307.0,graphgps_lite,4,50,paper_exact_seed4,3.2710559368133545,3.205221176147461,0.06583476066589355,0.28999999165534973,0.2221815139055252,0.06781847774982452,0.17000000178813934,0.18756674230098724,0.0175667405128479,0.019999999552965164,0.004207134246826172,0.015792865306138992,0.019999999552965164,0.018851950764656067,0.0011480487883090973
cff2f356c25a7da3,syr2k,syr2k,lv2:__PARA__L0-1.__PARA__L1-1.__PARA__L2-1.__PARA__L3-5.__PIPE__L0-off.__PIPE__L2-off.__TILE__L0-1.__TILE__L2-1,target,query,query,finetune_dataset,data_925.pt,769181.0,graphgps_lite,4,50,paper_exact_seed4,1.8502665758132935,2.6877493858337402,0.8374828100204468,0.009999999776482582,0.030046850442886353,0.02004685066640377,0.0,0.010686308145523071,0.010686308145523071,0.0,-0.01583123207092285,0.01583123207092285,0.03999999910593033,0.03318388760089874,0.006816111505031586
67905abe3e20c24a,syr2k,syr2k,lv2:__PARA__L0-1.__PARA__L1-8.__PARA__L2-1.__PARA__L3-20.__PIPE__L0-off.__PIPE__L2-off.__TILE__L0-1.__TILE__L2-1,target,query,query,finetune_dataset,data_1020.pt,165809.0,graphgps_lite,4,50,paper_exact_seed4,2.957166910171509,2.5387673377990723,0.4183995723724365,0.07000000029802322,0.04551267623901367,0.024487324059009552,0.029999999329447746,0.008833304047584534,0.021166695281863213,0.07999999821186066,0.02255508303642273,0.05744491517543793,0.019999999552965164,0.045280858874320984,0.02528085932135582
12af4cbbb23a055b,gemm-p,gemm-p,lv2:__PARA__L0-1.__PARA__L1-1.__PARA__L2-2.__PARA__L3-1.__PIPE__L0-off.__PIPE__L2-flatten.__TILE__L0-1.__TILE__L2-1,target,query,query,finetune_dataset,data_133.pt,35647.0,graphgps_lite,4,50,paper_exact_seed4,4.066001892089844,4.1277666091918945,0.06176471710205078,0.03999999910593033,0.05370256304740906,0.01370256394147873,0.019999999552965164,0.00048086047172546387,0.0195191390812397,0.019999999552965164,0.043002039194107056,0.02300203964114189,0.009999999776482582,0.03296124190092087,0.022961242124438286
7e01946735babf1e,gemm-p,gemm-p,lv2:__PARA__L0-1.__PARA__L1-1.__PARA__L2-2.__PARA__L3-2.__PIPE__L0-off.__PIPE__L2-NA.__TILE__L0-1.__TILE__L2-1,target,query,query,finetune_dataset,data_142.pt,166331.0,graphgps_lite,4,50,paper_exact_seed4,2.954899549484253,3.529527187347412,0.5746276378631592,0.019999999552965164,0.02501082420349121,0.005010824650526047,0.009999999776482582,-0.011125385761260986,0.02112538553774357,0.009999999776482582,0.011438459157943726,0.0014384593814611435,0.009999999776482582,0.02810552716255188,0.018105527386069298
eadd78260c36578d,gemm-p,gemm-p,lv2:__PARA__L0-1.__PARA__L1-1.__PARA__L2-8.__PARA__L3-14.__PIPE__L0-off.__PIPE__L2-NA.__TILE__L0-1.__TILE__L2-1,target,query,query,finetune_dataset,data_217.pt,41050.0,graphgps_lite,4,50,paper_exact_seed4,3.964200973510742,4.3785576820373535,0.41435670852661133,0.18000000715255737,0.11455285549163818,0.06544715166091919,0.07999999821186066,0.06570108234882355,0.01429891586303711,0.1899999976158142,0.12467874586582184,0.06532125174999237,0.009999999776482582,0.033450737595558167,0.023450737819075584
f2cfc23e7d96a21a,gemm-p,gemm-p,lv2:__PARA__L0-1.__PARA__L1-1.__PARA__L2-5.__PARA__L3-70.__PIPE__L0-off.__PIPE__L2-NA.__TILE__L0-1.__TILE__L2-1,target,query,query,finetune_dataset,data_211.pt,19109.0,graphgps_lite,4,50,paper_exact_seed4,4.515766143798828,4.451231479644775,0.06453466415405273,0.10000000149011612,0.12027883529663086,0.02027883380651474,0.07000000029802322,0.08729273080825806,0.017292730510234833,0.10999999940395355,0.120494544506073,0.010494545102119446,0.009999999776482582,0.029736444354057312,0.01973644457757473
ef1ceb40a4d651b2,gemm-p,gemm-p,lv2:__PARA__L0-1.__PARA__L1-1.__PARA__L2-5.__PARA__L3-5.__PIPE__L0-off.__PIPE__L2-off.__TILE__L0-1.__TILE__L2-1,target,query,query,finetune_dataset,data_206.pt,25145.0,graphgps_lite,4,50,paper_exact_seed4,4.317756175994873,4.523331165313721,0.20557498931884766,0.029999999329447746,0.060701191425323486,0.03070119209587574,0.019999999552965164,0.030056744813919067,0.010056745260953903,0.03999999910593033,0.06310072541236877,0.023100726306438446,0.029999999329447746,0.0338292121887207,0.003829212859272957
8d6ea6f968b8250b,gemm-p,gemm-p,lv2:__PARA__L0-1.__PARA__L1-5.__PARA__L2-1.__PARA__L3-32.__PIPE__L0-off.__PIPE__L2-off.__TILE__L0-1.__TILE__L2-1,target,query,query,finetune_dataset,data_303.pt,285709.0,graphgps_lite,4,50,paper_exact_seed4,2.56465482711792,2.8811635971069336,0.31650876998901367,0.019999999552965164,0.041474759578704834,0.02147476002573967,0.009999999776482582,-0.004636317491531372,0.014636317268013954,0.0,0.041176408529281616,0.041176408529281616,0.05000000074505806,0.04244253784418106,0.007557462900876999
c4f908e25d12ee3a,gemm-p,gemm-p,lv2:__PARA__L0-1.__PARA__L1-1.__PARA__L2-2.__PARA__L3-70.__PIPE__L0-off.__PIPE__L2-NA.__TILE__L0-1.__TILE__L2-1,target,query,query,finetune_dataset,data_154.pt,35647.0,graphgps_lite,4,50,paper_exact_seed4,4.066001892089844,4.193179607391357,0.12717771530151367,0.03999999910593033,0.0752125084400177,0.03521250933408737,0.019999999552965164,0.03322771191596985,0.013227712363004684,0.019999999552965164,0.06916743516921997,0.049167435616254807,0.009999999776482582,0.03903660178184509,0.02903660200536251
97792d362ea2c725,gemm-p,gemm-p,lv2:__PARA__L0-1.__PARA__L1-32.__PARA__L2-1.__PARA__L3-32.__PIPE__L0-off.__PIPE__L2-off.__TILE__L0-60.__TILE__L2-1,target,query,query,finetune_dataset,data_274.pt,285469.0,graphgps_lite,4,50,paper_exact_seed4,2.565261125564575,2.7118053436279297,0.1465442180633545,0.009999999776482582,0.07826341688632965,0.06826341897249222,0.009999999776482582,0.02804744243621826,0.01804744265973568,0.029999999329447746,0.06556949019432068,0.03556948900222778,0.05000000074505806,0.049576401710510254,0.0004235990345478058
648a53c110f97b95,gemm-p,gemm-p,lv2:__PARA__L0-1.__PARA__L1-32.__PARA__L2-16.__PARA__L3-1.__PIPE__L0-off.__PIPE__L2-flatten.__TILE__L0-4.__TILE__L2-1,target,query,query,finetune_dataset,data_285.pt,9506.0,graphgps_lite,4,50,paper_exact_seed4,5.019436836242676,4.902342319488525,0.11709451675415039,0.3499999940395355,0.2781592607498169,0.07184073328971863,0.23999999463558197,0.17651282250881195,0.06348717212677002,0.36000001430511475,0.2611887454986572,0.09881126880645752,0.009999999776482582,0.014012426137924194,0.004012426361441612
a1f84ba90c06f0c0,gemm-p,gemm-p,lv2:__PARA__L0-1.__PARA__L1-1.__PARA__L2-20.__PARA__L3-5.__PIPE__L0-off.__PIPE__L2-off.__TILE__L0-1.__TILE__L2-2,target,query,query,finetune_dataset,data_167.pt,270229.0,graphgps_lite,4,50,paper_exact_seed4,2.604836940765381,3.461510181427002,0.8566732406616211,0.029999999329447746,0.13229602575302124,0.10229602456092834,0.019999999552965164,0.0418393611907959,0.021839361637830734,0.029999999329447746,0.139255553483963,0.10925555229187012,0.019999999552965164,0.028471440076828003,0.008471440523862839
ca65b2dddf05a722,gemm-p,gemm-p,lv2:__PARA__L0-1.__PARA__L1-2.__PARA__L2-1.__PARA__L3-32.__PIPE__L0-off.__PIPE__L2-off.__TILE__L0-1.__TILE__L2-80,target,query,query,finetune_dataset,data_243.pt,286909.0,graphgps_lite,4,50,paper_exact_seed4,2.561631441116333,2.7764811515808105,0.21484971046447754,0.009999999776482582,0.01879948377609253,0.008799483999609947,0.0,-0.0015094280242919922,0.0015094280242919922,0.0,-0.0009268224239349365,0.0009268224239349365,0.05000000074505806,0.040317878127098083,0.009682122617959976
5f38764ae95b8318,gemm-p,gemm-p,lv2:__PARA__L0-3.__PARA__L1-32.__PARA__L2-16.__PARA__L3-1.__PIPE__L0-NA.__PIPE__L2-flatten.__TILE__L0-1.__TILE__L2-1,target,query,query,finetune_dataset,data_384.pt,9321.0,graphgps_lite,4,50,paper_exact_seed4,5.033613681793213,4.914583206176758,0.11903047561645508,0.3499999940395355,0.2774001359939575,0.072599858045578,0.23999999463558197,0.1826215386390686,0.05737845599651337,0.36000001430511475,0.27568602561950684,0.08431398868560791,0.009999999776482582,0.011444926261901855,0.0014449264854192734
ff4b5bf3f5fd1c66,gemm-p,gemm-p,lv2:__PARA__L0-1.__PARA__L1-1.__PARA__L2-8.__PARA__L3-7.__PIPE__L0-off.__PIPE__L2-off.__TILE__L0-1.__TILE__L2-1,target,query,query,finetune_dataset,data_227.pt,17943.0,graphgps_lite,4,50,paper_exact_seed4,4.561181545257568,4.622760772705078,0.061579227447509766,0.05999999865889549,0.07467818260192871,0.014678183943033218,0.03999999910593033,0.048079922795295715,0.008079923689365387,0.10000000149011612,0.10165417194366455,0.0016541704535484314,0.03999999910593033,0.03491273522377014,0.005087263882160187
82851c00f5b54fd9,gemm-p,gemm-p,lv2:__PARA__L0-1.__PARA__L1-4.__PARA__L2-5.__PARA__L3-1.__PIPE__L0-off.__PIPE__L2-flatten.__TILE__L0-1.__TILE__L2-1,target,query,query,finetune_dataset,data_297.pt,16349.0,graphgps_lite,4,50,paper_exact_seed4,4.628291130065918,4.4861345291137695,0.14215660095214844,0.10000000149011612,0.1166699230670929,0.016669921576976776,0.07000000029802322,0.056479111313819885,0.013520888984203339,0.10999999940395355,0.09874013066291809,0.011259868741035461,0.009999999776482582,0.02854745090007782,0.018547451123595238
62c57d9c0f74d8e7,gemm-p,gemm-p,lv2:__PARA__L0-1.__PARA__L1-1.__PARA__L2-5.__PARA__L3-2.__PIPE__L0-off.__PIPE__L2-NA.__TILE__L0-1.__TILE__L2-1,target,query,query,finetune_dataset,data_201.pt,79052.0,graphgps_lite,4,50,paper_exact_seed4,3.4914910793304443,4.228464603424072,0.7369735240936279,0.029999999329447746,0.07867889106273651,0.048678889870643616,0.009999999776482582,0.0340038537979126,0.024003854021430016,0.019999999552965164,0.06623904407024384,0.04623904451727867,0.019999999552965164,0.02742445468902588,0.007424455136060715
15d5eb53c98795f2,gemm-p,gemm-p,lv2:__PARA__L0-1.__PARA__L1-1.__PARA__L2-4.__PARA__L3-10.__PIPE__L0-off.__PIPE__L2-off.__TILE__L0-1.__TILE__L2-2,target,query,query,finetune_dataset,data_174.pt,312005.0,graphgps_lite,4,50,paper_exact_seed4,2.501143455505371,2.5349292755126953,0.03378582000732422,0.009999999776482582,0.03714032471179962,0.02714032493531704,0.009999999776482582,0.025928735733032227,0.015928735956549644,0.009999999776482582,0.044102758169174194,0.03410276025533676,0.029999999329447746,0.02735714614391327,0.0026428531855344772
7985b77fcba3595d,gemm-p,gemm-p,lv2:__PARA__L0-4.__PARA__L1-16.__PARA__L2-10.__PARA__L3-1.__PIPE__L0-off.__PIPE__L2-flatten.__TILE__L0-1.__TILE__L2-8,target,query,query,finetune_dataset,data_402.pt,10050.0,graphgps_lite,4,50,paper_exact_seed4,4.979294300079346,4.773085117340088,0.2062091827392578,0.23000000417232513,0.2861167788505554,0.056116774678230286,0.1599999964237213,0.17779897153377533,0.017798975110054016,0.2199999988079071,0.20365773141384125,0.016342267394065857,0.009999999776482582,0.01432933658361435,0.004329336807131767
52cc73074533db20,gemm-p,gemm-p,lv2:__PARA__L0-1.__PARA__L1-1.__PARA__L2-1.__PARA__L3-14.__PIPE__L0-off.__PIPE__L2-off.__TILE__L0-1.__TILE__L2-4,target,query,query,finetune_dataset,data_85.pt,417715.0,graphgps_lite,4,50,paper_exact_seed4,2.2906687259674072,2.206730842590332,0.0839378833770752,0.009999999776482582,0.03210270404815674,0.022102704271674156,0.0,0.006519317626953125,0.006519317626953125,0.0,0.020451366901397705,0.020451366901397705,0.019999999552965164,0.03090156614780426,0.010901566594839096
872b368f13acc874,gemm-p,gemm-p,lv2:__PARA__L0-1.__PARA__L1-1.__PARA__L2-2.__PARA__L3-2.__PIPE__L0-off.__PIPE__L2-off.__TILE__L0-1.__TILE__L2-2,target,query,query,finetune_dataset,data_144.pt,2110866.0,graphgps_lite,4,50,paper_exact_seed4,1.1220465898513794,2.292191982269287,1.1701453924179077,0.0,0.021161362528800964,0.021161362528800964,0.0,0.014135077595710754,0.014135077595710754,0.0,0.008541345596313477,0.008541345596313477,0.009999999776482582,0.025428637862205505,0.015428638085722923
bc4f55d84a8bf133,gemm-p,gemm-p,lv2:__PARA__L0-1.__PARA__L1-1.__PARA__L2-5.__PARA__L3-7.__PIPE__L0-off.__PIPE__L2-off.__TILE__L0-1.__TILE__L2-2,target,query,query,finetune_dataset,data_210.pt,382309.0,graphgps_lite,4,50,paper_exact_seed4,2.3545584678649902,2.6119422912597656,0.2573838233947754,0.009999999776482582,0.04311937093734741,0.03311937302350998,0.009999999776482582,0.02620452642440796,0.016204526647925377,0.009999999776482582,0.05199366807937622,0.04199367016553879,0.029999999329447746,0.02752375602722168,0.0024762433022260666
a63bb764dd0bd35e,gemm-p,gemm-p,lv2:__PARA__L0-1.__PARA__L1-2.__PARA__L2-2.__PARA__L3-70.__PIPE__L0-off.__PIPE__L2-NA.__TILE__L0-1.__TILE__L2-1,target,query,query,finetune_dataset,data_255.pt,33547.0,graphgps_lite,4,50,paper_exact_seed4,4.109800338745117,4.205719470977783,0.09591913223266602,0.03999999910593033,0.07485872507095337,0.03485872596502304,0.019999999552965164,0.030986160039901733,0.01098616048693657,0.019999999552965164,0.06892259418964386,0.048922594636678696,0.009999999776482582,0.037972062826156616,0.027972063049674034
9ef04f98e2e62988,gemm-p,gemm-p,lv2:__PARA__L0-1.__PARA__L1-5.__PARA__L2-4.__PARA__L3-1.__PIPE__L0-off.__PIPE__L2-flatten.__TILE__L0-1.__TILE__L2-2,target,query,query,finetune_dataset,data_316.pt,225616.0,graphgps_lite,4,50,paper_exact_seed4,2.7349934577941895,2.6575284004211426,0.07746505737304688,0.23000000417232513,0.18201547861099243,0.0479845255613327,0.05000000074505806,0.04579225182533264,0.004207748919725418,0.05000000074505806,0.05974310636520386,0.009743105620145798,0.009999999776482582,0.01632530242204666,0.006325302645564079
b20d2bda20f4a7a3,gemm-p,gemm-p,lv2:__PARA__L0-15.__PARA__L1-32.__PARA__L2-10.__PARA__L3-1.__PIPE__L0-NA.__PIPE__L2-flatten.__TILE__L0-1.__TILE__L2-8,target,query,query,finetune_dataset,data_351.pt,12092.0,graphgps_lite,4,50,paper_exact_seed4,4.845865726470947,4.916431903839111,0.07056617736816406,0.23000000417232513,0.2637723386287689,0.03377233445644379,0.1599999964237213,0.14621670544147491,0.013783290982246399,0.2199999988079071,0.17468953132629395,0.04531046748161316,0.009999999776482582,0.01629699021577835,0.006296990439295769
6ab4a7f5f4fc966d,gemm-p,gemm-p,lv2:__PARA__L0-1.__PARA__L1-32.__PARA__L2-10.__PARA__L3-1.__PIPE__L0-NA.__PIPE__L2-flatten.__TILE__L0-2.__TILE__L2-1,target,query,query,finetune_dataset,data_275.pt,9563.0,graphgps_lite,4,50,paper_exact_seed4,5.015124320983887,4.777714252471924,0.2374100685119629,0.23000000417232513,0.19301195442676544,0.03698804974555969,0.1599999964237213,0.11465197056531906,0.04534802585840225,0.2199999988079071,0.19092589616775513,0.029074102640151978,0.009999999776482582,0.023114025592803955,0.013114025816321373
a7da740e9473f8d8,gemm-p,gemm-p,lv2:__PARA__L0-1.__PARA__L1-5.__PARA__L2-8.__PARA__L3-1.__PIPE__L0-off.__PIPE__L2-flatten.__TILE__L0-1.__TILE__L2-1,target,query,query,finetune_dataset,data_321.pt,12127.0,graphgps_lite,4,50,paper_exact_seed4,4.843780994415283,4.597309589385986,0.24647140502929688,0.17000000178813934,0.16040241718292236,0.00959758460521698,0.11999999731779099,0.08546958863735199,0.034530408680438995,0.18000000715255737,0.1339017152786255,0.046098291873931885,0.009999999776482582,0.029619283974170685,0.019619284197688103
5d52c78053e9c970,gemm-p,gemm-p,lv2:__PARA__L0-1.__PARA__L1-1.__PARA__L2-16.__PARA__L3-10.__PIPE__L0-off.__PIPE__L2-NA.__TILE__L0-1.__TILE__L2-1,target,query,query,finetune_dataset,data_121.pt,30250.0,graphgps_lite,4,50,paper_exact_seed4,4.18442440032959,4.4153876304626465,0.23096323013305664,0.25999999046325684,0.1828492283821106,0.07715076208114624,0.11999999731779099,0.1039402037858963,0.016059793531894684,0.2800000011920929,0.18090850114822388,0.09909150004386902,0.009999999776482582,0.030091717839241028,0.020091718062758446
5b1cbec8490c4471,gemm-p,gemm-p,lv2:__PARA__L0-1.__PARA__L1-1.__PARA__L2-10.__PARA__L3-10.__PIPE__L0-off.__PIPE__L2-off.__TILE__L0-1.__TILE__L2-2,target,query,query,finetune_dataset,data_105.pt,195175.0,graphgps_lite,4,50,paper_exact_seed4,2.8395440578460693,2.8995299339294434,0.05998587608337402,0.029999999329447746,0.06705175340175629,0.03705175220966339,0.019999999552965164,0.0426776260137558,0.022677626460790634,0.029999999329447746,0.10202579200267792,0.07202579081058502,0.0,0.029823869466781616,0.029823869466781616
586d7c94f444b430,gemm-p,gemm-p,lv2:__PARA__L0-1.__PARA__L1-16.__PARA__L2-1.__PARA__L3-32.__PIPE__L0-off.__PIPE__L2-off.__TILE__L0-60.__TILE__L2-1,target,query,query,finetune_dataset,data_236.pt,285589.0,graphgps_lite,4,50,paper_exact_seed4,2.564957857131958,2.691110134124756,0.12615227699279785,0.009999999776482582,0.08348941802978516,0.07348942011594772,0.009999999776482582,0.027992352843284607,0.017992353066802025,0.019999999552965164,0.067911297082901,0.04791129752993584,0.05000000074505806,0.04949403554201126,0.0005059652030467987
2d6b4dc1bf7b484f,gemm-p,gemm-p,lv2:__PARA__L0-20.__PARA__L1-32.__PARA__L2-10.__PARA__L3-1.__PIPE__L0-off.__PIPE__L2-flatten.__TILE__L0-1.__TILE__L2-8,target,query,query,finetune_dataset,data_375.pt,13106.0,graphgps_lite,4,50,paper_exact_seed4,4.787778377532959,4.924241542816162,0.13646316528320312,0.23000000417232513,0.25963088870048523,0.029630884528160095,0.1599999964237213,0.13232815265655518,0.027671843767166138,0.2199999988079071,0.1686159372329712,0.05138406157493591,0.009999999776482582,0.01658080518245697,0.006580805405974388
1e2950aa36b473a1,gemm-p,gemm-p,lv2:__PARA__L0-1.__PARA__L1-1.__PARA__L2-16.__PARA__L3-2.__PIPE__L0-off.__PIPE__L2-off.__TILE__L0-1.__TILE__L2-1,target,query,query,finetune_dataset,data_126.pt,20651.0,graphgps_lite,4,50,paper_exact_seed4,4.459786415100098,4.6174726486206055,0.1576862335205078,0.07000000029802322,0.10777540504932404,0.03777540475130081,0.03999999910593033,0.0726318508386612,0.032631851732730865,0.07999999821186066,0.1457391381263733,0.06573913991451263,0.029999999329447746,0.033493831753730774,0.0034938324242830276
b4f843d9b6dad29f,gemm-p,gemm-p,lv2:__PARA__L0-1.__PARA__L1-70.__PARA__L2-1.__PARA__L3-32.__PIPE__L0-off.__PIPE__L2-off.__TILE__L0-60.__TILE__L2-1,target,query,query,finetune_dataset,data_327.pt,251089.0,graphgps_lite,4,50,paper_exact_seed4,2.6578285694122314,4.008498191833496,1.3506696224212646,0.029999999329447746,0.15527838468551636,0.12527838349342346,0.019999999552965164,0.09500320255756378,0.07500320672988892,0.07999999821186066,0.14571011066436768,0.06571011245250702,0.03999999910593033,0.045780591666698456,0.0057805925607681274
2ec4102f44654268,gemm-p,gemm-p,lv2:__PARA__L0-30.__PARA__L1-32.__PARA__L2-1.__PARA__L3-1.__PIPE__L0-off.__PIPE__L2-flatten.__TILE__L0-2.__TILE__L2-1,target,query,query,finetune_dataset,data_390.pt,55939.0,graphgps_lite,4,50,paper_exact_seed4,3.740964889526367,3.892390727996826,0.15142583847045898,0.05999999865889549,0.03732237219810486,0.022677626460790634,0.019999999552965164,-0.00486128032207489,0.024861279875040054,0.03999999910593033,0.042407453060150146,0.002407453954219818,0.05000000074505806,0.05660513788461685,0.006605137139558792
7fa62088f5c322db,gemm-p,gemm-p,lv2:__PARA__L0-5.__PARA__L1-32.__PARA__L2-16.__PARA__L3-1.__PIPE__L0-off.__PIPE__L2-flatten.__TILE__L0-1.__TILE__L2-1,target,query,query,finetune_dataset,data_417.pt,9680.0,graphgps_lite,4,50,paper_exact_seed4,5.00635290145874,4.919127464294434,0.08722543716430664,0.3499999940395355,0.2862339913845062,0.0637660026550293,0.23999999463558197,0.18805724382400513,0.05194275081157684,0.36000001430511475,0.2662558853626251,0.09374412894248962,0.009999999776482582,0.012503944337368011,0.0025039445608854294
611cf3a0b00df0dd,gemm-p,gemm-p,lv2:__PARA__L0-1.__PARA__L1-1.__PARA__L2-8.__PARA__L3-70.__PIPE__L0-off.__PIPE__L2-off.__TILE__L0-1.__TILE__L2-1,target,query,query,finetune_dataset,data_230.pt,15487.0,graphgps_lite,4,50,paper_exact_seed4,4.667363166809082,4.509878635406494,0.1574845314025879,0.17000000178813934,0.15708836913108826,0.012911632657051086,0.11999999731779099,0.1046142429113388,0.015385754406452179,0.18000000715255737,0.1502874791622162,0.029712527990341187,0.009999999776482582,0.029988780617713928,0.019988780841231346
4ffdfc36bd864ed0,gemm-p,gemm-p,lv2:__PARA__L0-2.__PARA__L1-16.__PARA__L2-10.__PARA__L3-1.__PIPE__L0-off.__PIPE__L2-flatten.__TILE__L0-1.__TILE__L2-8,target,query,query,finetune_dataset,data_362.pt,9691.0,graphgps_lite,4,50,paper_exact_seed4,5.005533218383789,4.644154071807861,0.36137914657592773,0.23000000417232513,0.27844685316085815,0.04844684898853302,0.1599999964237213,0.1525966078042984,0.007403388619422913,0.2199999988079071,0.18603262305259705,0.03396737575531006,0.009999999776482582,0.015569016337394714,0.005569016560912132
aaec899982f42ed1,gemm-p,gemm-p,lv2:__PARA__L0-1.__PARA__L1-5.__PARA__L2-1.__PARA__L3-1.__PIPE__L0-off.__PIPE__L2-flatten.__TILE__L0-1.__TILE__L2-2,target,query,query,finetune_dataset,data_300.pt,796815.0,graphgps_lite,4,50,paper_exact_seed4,1.824805736541748,2.312495708465576,0.4876899719238281,0.20000000298023224,0.11388449370861053,0.0861155092716217,0.019999999552965164,0.005686342716217041,0.014313656836748123,0.019999999552965164,0.02808290719985962,0.008082907646894455,0.03999999910593033,0.03567852824926376,0.004321470856666565
0df3b686b357956a,gemm-p,gemm-p,lv2:__PARA__L0-1.__PARA__L1-1.__PARA__L2-4.__PARA__L3-2.__PIPE__L0-off.__PIPE__L2-off.__TILE__L0-1.__TILE__L2-4,target,query,query,finetune_dataset,data_183.pt,955866.0,graphgps_lite,4,50,paper_exact_seed4,1.69352388381958,2.540701389312744,0.8471775054931641,0.009999999776482582,0.08383393287658691,0.07383393496274948,0.0,0.012867093086242676,0.012867093086242676,0.0,0.04143857955932617,0.04143857955932617,0.019999999552965164,0.019840136170387268,0.00015986338257789612
cea38462f341abd7,gemm-p,gemm-p,lv2:__PARA__L0-1.__PARA__L1-1.__PARA__L2-4.__PARA__L3-7.__PIPE__L0-off.__PIPE__L2-off.__TILE__L0-1.__TILE__L2-4,target,query,query,finetune_dataset,data_191.pt,310979.0,graphgps_lite,4,50,paper_exact_seed4,2.5035195350646973,2.4753828048706055,0.028136730194091797,0.009999999776482582,0.056469544768333435,0.046469546854496,0.0,0.012792199850082397,0.012792199850082397,0.009999999776482582,0.05762186646461487,0.047621868550777435,0.029999999329447746,0.026683330535888672,0.0033166687935590744
fd951650d67b98bc,gemm-p,gemm-p,lv2:__PARA__L0-1.__PARA__L1-2.__PARA__L2-10.__PARA__L3-70.__PIPE__L0-off.__PIPE__L2-NA.__TILE__L0-1.__TILE__L2-1,target,query,query,finetune_dataset,data_249.pt,12847.0,graphgps_lite,4,50,paper_exact_seed4,4.802176475524902,4.607788562774658,0.19438791275024414,0.20999999344348907,0.1904991865158081,0.01950080692768097,0.15000000596046448,0.12759990990161896,0.02240009605884552,0.2199999988079071,0.1847638189792633,0.0352361798286438,0.009999999776482582,0.02277979999780655,0.012779800221323967
42a6116f70ad755b,gemm-p,gemm-p,lv2:__PARA__L0-1.__PARA__L1-32.__PARA__L2-16.__PARA__L3-1.__PIPE__L0-off.__PIPE__L2-flatten.__TILE__L0-2.__TILE__L2-1,target,query,query,finetune_dataset,data_284.pt,9179.0,graphgps_lite,4,50,paper_exact_seed4,5.044687747955322,4.867917060852051,0.17677068710327148,0.3499999940395355,0.26807501912117004,0.08192497491836548,0.23999999463558197,0.1705762892961502,0.06942370533943176,0.36000001430511475,0.24322770535945892,0.11677230894565582,0.009999999776482582,0.015117481350898743,0.005117481574416161
b5eb6d88728a2b5b,gemm-p,gemm-p,lv2:__PARA__L0-15.__PARA__L1-32.__PARA__L2-16.__PARA__L3-1.__PIPE__L0-off.__PIPE__L2-flatten.__TILE__L0-1.__TILE__L2-1,target,query,query,finetune_dataset,data_357.pt,11552.0,graphgps_lite,4,50,paper_exact_seed4,4.878820896148682,4.814058780670166,0.06476211547851562,0.3499999940395355,0.2790169417858124,0.07098305225372314,0.23999999463558197,0.1838870793581009,0.05611291527748108,0.36000001430511475,0.2575347125530243,0.10246530175209045,0.009999999776482582,0.007545024156570435,0.0024549756199121475
1ae875ed2f961dca,gemm-p,gemm-p,lv2:__PARA__L0-1.__PARA__L1-1.__PARA__L2-10.__PARA__L3-14.__PIPE__L0-off.__PIPE__L2-off.__TILE__L0-1.__TILE__L2-2,target,query,query,finetune_dataset,data_108.pt,149095.0,graphgps_lite,4,50,paper_exact_seed4,3.0338120460510254,2.914060115814209,0.1197519302368164,0.03999999910593033,0.07231128215789795,0.03231128305196762,0.019999999552965164,0.04978775978088379,0.029787760227918625,0.03999999910593033,0.10797847807407379,0.06797847896814346,0.0,0.029092155396938324,0.029092155396938324
4a3d6776bd7a2804,gemm-p,gemm-p,lv2:__PARA__L0-1.__PARA__L1-1.__PARA__L2-2.__PARA__L3-7.__PIPE__L0-off.__PIPE__L2-off.__TILE__L0-1.__TILE__L2-2,target,query,query,finetune_dataset,data_152.pt,643979.0,graphgps_lite,4,50,paper_exact_seed4,1.9784213304519653,2.296177864074707,0.3177565336227417,0.009999999776482582,0.01755136251449585,0.0075513627380132675,0.0,0.00966992974281311,0.00966992974281311,0.0,0.010239899158477783,0.010239899158477783,0.019999999552965164,0.024821162223815918,0.004821162670850754
3aae16898050d862,gemm-p,gemm-p,lv2:__PARA__L0-1.__PARA__L1-1.__PARA__L2-5.__PARA__L3-7.__PIPE__L0-off.__PIPE__L2-NA.__TILE__L0-1.__TILE__L2-1,target,query,query,finetune_dataset,data_208.pt,55024.0,graphgps_lite,4,50,paper_exact_seed4,3.752861738204956,4.143558502197266,0.39069676399230957,0.07000000029802322,0.08546572923660278,0.01546572893857956,0.029999999329447746,0.03841578960418701,0.008415790274739265,0.05999999865889549,0.07668498158454895,0.016684982925653458,0.029999999329447746,0.030738413333892822,0.000738414004445076
32cf6e43afec35ad,gemm-p,gemm-p,lv2:__PARA__L0-1.__PARA__L1-4.__PARA__L2-1.__PARA__L3-1.__PIPE__L0-off.__PIPE__L2-flatten.__TILE__L0-1.__TILE__L2-80,target,query,query,finetune_dataset,data_288.pt,32587.0,graphgps_lite,4,50,paper_exact_seed4,4.130743980407715,4.031444072723389,0.09929990768432617,0.029999999329447746,0.03337222337722778,0.003372224047780037,0.009999999776482582,0.00032070279121398926,0.009679296985268593,0.019999999552965164,0.03256186842918396,0.012561868876218796,0.05000000074505806,0.051384419202804565,0.0013844184577465057
fbc52266ca9a83a7,gemm-p,gemm-p,lv2:__PARA__L0-1.__PARA__L1-1.__PARA__L2-10.__PARA__L3-5.__PIPE__L0-off.__PIPE__L2-off.__TILE__L0-1.__TILE__L2-2,target,query,query,finetune_dataset,data_114.pt,359269.0,graphgps_lite,4,50,paper_exact_seed4,2.3993959426879883,2.9259095191955566,0.5265135765075684,0.009999999776482582,0.07014228403568268,0.060142286121845245,0.009999999776482582,0.03894758224487305,0.028947582468390465,0.009999999776482582,0.09360300004482269,0.08360300213098526,0.029999999329447746,0.030109509825706482,0.00010951049625873566
0eeabdcdff47386b,gemm-p,gemm-p,lv2:__PARA__L0-1.__PARA__L1-16.__PARA__L2-1.__PARA__L3-1.__PIPE__L0-off.__PIPE__L2-flatten.__TILE__L0-60.__TILE__L2-1,target,query,query,finetune_dataset,data_233.pt,31687.0,graphgps_lite,4,50,paper_exact_seed4,4.150946617126465,3.935256004333496,0.21569061279296875,0.029999999329447746,0.08980527520179749,0.05980527400970459,0.019999999552965164,0.023722052574157715,0.0037220530211925507,0.019999999552965164,0.05440610647201538,0.03440610691905022,0.05000000074505806,0.04774593561887741,0.002254065126180649
fbdff262c0ec71fe,gemm-p,gemm-p,lv2:__PARA__L0-1.__PARA__L1-1.__PARA__L2-1.__PARA__L3-1.__PIPE__L0-off.__PIPE__L2-flatten.__TILE__L0-1.__TILE__L2-1,target,query,query,finetune_dataset,data_77.pt,35347.0,graphgps_lite,4,50,paper_exact_seed4,4.072098255157471,3.8739194869995117,0.19817876815795898,0.029999999329447746,0.04931288957595825,0.019312890246510506,0.009999999776482582,-0.011579573154449463,0.021579572930932045,0.019999999552965164,0.04042479395866394,0.020424794405698776,0.05000000074505806,0.044618308544158936,0.005381692200899124
4567c48bf3971940,gemm-p,gemm-p,lv2:__PARA__L0-1.__PARA__L1-1.__PARA__L2-4.__PARA__L3-14.__PIPE__L0-off.__PIPE__L2-off.__TILE__L0-1.__TILE__L2-2,target,query,query,finetune_dataset,data_178.pt,232565.0,graphgps_lite,4,50,paper_exact_seed4,2.713111162185669,2.5498604774475098,0.16325068473815918,0.019999999552965164,0.04193972051143646,0.021939720958471298,0.009999999776482582,0.032309144735336304,0.02230914495885372,0.009999999776482582,0.04828159511089325,0.03828159719705582,0.03999999910593033,0.028129592537879944,0.011870406568050385
e618f61f3a37ff20,gemm-p,gemm-p,lv2:__PARA__L0-30.__PARA__L1-32.__PARA__L2-16.__PARA__L3-1.__PIPE__L0-NA.__PIPE__L2-flatten.__TILE__L0-2.__TILE__L2-1,target,query,query,finetune_dataset,data_396.pt,14419.0,graphgps_lite,4,50,paper_exact_seed4,4.718906402587891,4.755325794219971,0.03641939163208008,0.3499999940395355,0.27921462059020996,0.07078537344932556,0.23999999463558197,0.18007227778434753,0.059927716851234436,0.36000001430511475,0.25706368684768677,0.10293632745742798,0.009999999776482582,0.009002678096294403,0.000997321680188179
f65d3ed34dd10709,gemm-p,gemm-p,lv2:__PARA__L0-1.__PARA__L1-4.__PARA__L2-1.__PARA__L3-32.__PIPE__L0-off.__PIPE__L2-off.__TILE__L0-60.__TILE__L2-1,target,query,query,finetune_dataset,data_291.pt,286369.0,graphgps_lite,4,50,paper_exact_seed4,2.562990427017212,2.82491397857666,0.26192355155944824,0.009999999776482582,0.07938095927238464,0.06938096135854721,0.0,0.019316047430038452,0.019316047430038452,0.0,0.04942014813423157,0.04942014813423157,0.05000000074505806,0.048270151019096375,0.0017298497259616852
c23087f4ada53651,gemm-p,gemm-p,lv2:__PARA__L0-1.__PARA__L1-7.__PARA__L2-1.__PARA__L3-32.__PIPE__L0-off.__PIPE__L2-off.__TILE__L0-1.__TILE__L2-1,target,query,query,finetune_dataset,data_324.pt,285469.0,graphgps_lite,4,50,paper_exact_seed4,2.565261125564575,2.805266857147217,0.2400057315826416,0.019999999552965164,0.04540979862213135,0.025409799069166183,0.009999999776482582,-0.0047152042388916016,0.014715204015374184,0.0,0.04412825405597687,0.04412825405597687,0.05000000074505806,0.042703814804553986,0.007296185940504074
46580acbb8d130f0,gemm-p,gemm-p,lv2:__PARA__L0-1.__PARA__L1-32.__PARA__L2-10.__PARA__L3-1.__PIPE__L0-off.__PIPE__L2-flatten.__TILE__L0-60.__TILE__L2-1,target,query,query,finetune_dataset,data_280.pt,11167.0,graphgps_lite,4,50,paper_exact_seed4,4.903271198272705,4.5260820388793945,0.37718915939331055,0.20999999344348907,0.18759562075138092,0.022404372692108154,0.15000000596046448,0.1116371750831604,0.03836283087730408,0.2199999988079071,0.1712128072977066,0.0487871915102005,0.009999999776482582,0.024753354489803314,0.014753354713320732
c6eed7436c233fa4,gemm-p,gemm-p,lv2:__PARA__L0-1.__PARA__L1-1.__PARA__L2-5.__PARA__L3-10.__PIPE__L0-off.__PIPE__L2-NA.__TILE__L0-1.__TILE__L2-1,target,query,query,finetune_dataset,data_195.pt,54212.0,graphgps_lite,4,50,paper_exact_seed4,3.7635860443115234,4.144539833068848,0.3809537887573242,0.07999999821186066,0.08716164529323578,0.007161647081375122,0.03999999910593033,0.041387468576431274,0.001387469470500946,0.09000000357627869,0.0822301059961319,0.0077698975801467896,0.029999999329447746,0.032271310687065125,0.0022713113576173782
a2e2a27a1e612c66,gemm-p,gemm-p,lv2:__PARA__L0-1.__PARA__L1-1.__PARA__L2-4.__PARA__L3-70.__PIPE__L0-off.__PIPE__L2-off.__TILE__L0-1.__TILE__L2-1,target,query,query,finetune_dataset,data_193.pt,23947.0,graphgps_lite,4,50,paper_exact_seed4,4.352969646453857,4.41241455078125,0.05944490432739258,0.07999999821186066,0.10170361399650574,0.02170361578464508,0.05000000074505806,0.075171560049057,0.025171559303998947,0.05000000074505806,0.09958435595035553,0.04958435520529747,0.009999999776482582,0.034961529076099396,0.024961529299616814
4a8b56c2f22188e4,gemm-p,gemm-p,lv2:__PARA__L0-1.__PARA__L1-1.__PARA__L2-1.__PARA__L3-16.__PIPE__L0-off.__PIPE__L2-off.__TILE__L0-1.__TILE__L2-1,target,query,query,finetune_dataset,data_86.pt,442609.0,graphgps_lite,4,50,paper_exact_seed4,2.2489116191864014,2.95345401763916,0.7045423984527588,0.009999999776482582,0.033477649092674255,0.023477649316191673,0.0,0.0008942782878875732,0.0008942782878875732,0.0,0.047560617327690125,0.047560617327690125,0.03999999910593033,0.04284854233264923,0.0028485432267189026
8c261c5ac5cee4ce,gemm-p,gemm-p,lv2:__PARA__L0-30.__PARA__L1-32.__PARA__L2-1.__PARA__L3-1.__PIPE__L0-off.__PIPE__L2-flatten.__TILE__L0-1.__TILE__L2-80,target,query,query,finetune_dataset,data_389.pt,55939.0,graphgps_lite,4,50,paper_exact_seed4,3.740964889526367,3.8288817405700684,0.08791685104370117,0.05999999865889549,0.06429105997085571,0.00429106131196022,0.019999999552965164,0.02318093180656433,0.003180932253599167,0.03999999910593033,0.0684424638748169,0.028442464768886566,0.05000000074505806,0.05440473556518555,0.004404734820127487
80c803cb5809d836,gemm-p,gemm-p,lv2:__PARA__L0-4.__PARA__L1-32.__PARA__L2-10.__PARA__L3-1.__PIPE__L0-NA.__PIPE__L2-flatten.__TILE__L0-1.__TILE__L2-8,target,query,query,finetune_dataset,data_407.pt,9914.0,graphgps_lite,4,50,paper_exact_seed4,4.98912239074707,4.9521636962890625,0.03695869445800781,0.23000000417232513,0.27161911129951477,0.041619107127189636,0.1599999964237213,0.183807834982872,0.023807838559150696,0.2199999988079071,0.22306574881076813,0.003065750002861023,0.009999999776482582,0.012963816523551941,0.002963816747069359
d4240070e73cc342,gemm-p,gemm-p,lv2:__PARA__L0-1.__PARA__L1-1.__PARA__L2-20.__PARA__L3-7.__PIPE__L0-off.__PIPE__L2-off.__TILE__L0-1.__TILE__L2-2,target,query,query,finetune_dataset,data_170.pt,203508.0,graphgps_lite,4,50,paper_exact_seed4,2.809385299682617,3.4836959838867188,0.6743106842041016,0.03999999910593033,0.12859638035297394,0.08859638124704361,0.029999999329447746,0.040245503187179565,0.01024550385773182,0.03999999910593033,0.14203837513923645,0.10203837603330612,0.019999999552965164,0.026745975017547607,0.006745975464582443
dbd0e21f76a2b7bd,gemm-p,gemm-p,lv2:__PARA__L0-1.__PARA__L1-1.__PARA__L2-1.__PARA__L3-5.__PIPE__L0-off.__PIPE__L2-off.__TILE__L0-1.__TILE__L2-1,target,query,query,finetune_dataset,data_92.pt,195248.0,graphgps_lite,4,50,paper_exact_seed4,2.8392741680145264,2.9371511936187744,0.09787702560424805,0.019999999552965164,0.023501083254814148,0.0035010837018489838,0.009999999776482582,-0.009108781814575195,0.019108781591057777,0.009999999776482582,0.030355721712112427,0.020355721935629845,0.019999999552965164,0.039045900106430054,0.01904590055346489
42e8b67f759345f2,gemm-p,gemm-p,lv2:__PARA__L0-1.__PARA__L1-1.__PARA__L2-20.__PARA__L3-10.__PIPE__L0-off.__PIPE__L2-off.__TILE__L0-1.__TILE__L2-1,target,query,query,finetune_dataset,data_157.pt,12850.0,graphgps_lite,4,50,paper_exact_seed4,4.802008152008057,4.6249165534973145,0.1770915985107422,0.20999999344348907,0.15686064958572388,0.0531393438577652,0.12999999523162842,0.08539576828479767,0.04460422694683075,0.3400000035762787,0.17035265266895294,0.16964735090732574,0.009999999776482582,0.024532347917556763,0.01453234814107418
0d68a0f6765ebd93,gemm-p,gemm-p,lv2:__PARA__L0-1.__PARA__L1-4.__PARA__L2-4.__PARA__L3-1.__PIPE__L0-off.__PIPE__L2-flatten.__TILE__L0-1.__TILE__L2-1,target,query,query,finetune_dataset,data_296.pt,21187.0,graphgps_lite,4,50,paper_exact_seed4,4.441302299499512,4.398876667022705,0.04242563247680664,0.07999999821186066,0.1017797440290451,0.021779745817184448,0.05000000074505806,0.04503130912780762,0.0049686916172504425,0.05000000074505806,0.08414721488952637,0.03414721414446831,0.009999999776482582,0.027964800596237183,0.0179648008197546
3d0ea503979644e9,gemm-p,gemm-p,lv2:__PARA__L0-1.__PARA__L1-2.__PARA__L2-4.__PARA__L3-70.__PIPE__L0-off.__PIPE__L2-off.__TILE__L0-1.__TILE__L2-1,target,query,query,finetune_dataset,data_259.pt,21847.0,graphgps_lite,4,50,paper_exact_seed4,4.419174671173096,4.4304280281066895,0.01125335693359375,0.07999999821186066,0.10144609212875366,0.021446093916893005,0.05000000074505806,0.07287205755710602,0.02287205681204796,0.05000000074505806,0.09918759763240814,0.04918759688735008,0.009999999776482582,0.0338241308927536,0.02382413111627102
88b1344200c5f7da,gemm-p,gemm-p,lv2:__PARA__L0-15.__PARA__L1-32.__PARA__L2-10.__PARA__L3-1.__PIPE__L0-off.__PIPE__L2-flatten.__TILE__L0-1.__TILE__L2-8,target,query,query,finetune_dataset,data_353.pt,12092.0,graphgps_lite,4,50,paper_exact_seed4,4.845865726470947,4.929624080657959,0.08375835418701172,0.23000000417232513,0.2597157955169678,0.02971579134464264,0.1599999964237213,0.1290266364812851,0.030973359942436218,0.2199999988079071,0.1694839596748352,0.0505160391330719,0.009999999776482582,0.01584392786026001,0.005843928083777428
e5ad409c498d9dac,gemm-p,gemm-p,lv2:__PARA__L0-3.__PARA__L1-16.__PARA__L2-16.__PARA__L3-1.__PIPE__L0-off.__PIPE__L2-flatten.__TILE__L0-1.__TILE__L2-1,target,query,query,finetune_dataset,data_379.pt,9453.0,graphgps_lite,4,50,paper_exact_seed4,5.023469924926758,4.924187660217285,0.09928226470947266,0.3499999940395355,0.2856874465942383,0.06431254744529724,0.23999999463558197,0.1764223873615265,0.06357760727405548,0.36000001430511475,0.27083325386047363,0.08916676044464111,0.009999999776482582,0.0155034139752388,0.005503414198756218
0bfe1684da131d58,gemm-p,gemm-p,lv2:__PARA__L0-15.__PARA__L1-16.__PARA__L2-16.__PARA__L3-1.__PIPE__L0-off.__PIPE__L2-flatten.__TILE__L0-1.__TILE__L2-1,target,query,query,finetune_dataset,data_346.pt,11732.0,graphgps_lite,4,50,paper_exact_seed4,4.8676676750183105,4.824142932891846,0.043524742126464844,0.3499999940395355,0.2859303653240204,0.06406962871551514,0.23999999463558197,0.18524609506130219,0.054753899574279785,0.36000001430511475,0.2679944336414337,0.09200558066368103,0.009999999776482582,0.0094708651304245,0.0005291346460580826
5e8aba50d737ff09,gemm-p,gemm-p,lv2:__PARA__L0-1.__PARA__L1-1.__PARA__L2-16.__PARA__L3-5.__PIPE__L0-off.__PIPE__L2-NA.__TILE__L0-1.__TILE__L2-1,target,query,query,finetune_dataset,data_127.pt,33064.0,graphgps_lite,4,50,paper_exact_seed4,4.1202616691589355,4.42482328414917,0.3045616149902344,0.1599999964237213,0.16552555561065674,0.005525559186935425,0.07000000029802322,0.09700308740139008,0.027003087103366852,0.15000000596046448,0.1653246283531189,0.015324622392654419,0.05999999865889549,0.031018927693367004,0.028981070965528488
6eb5dbce3faf0b52,gemm-p,gemm-p,lv2:__PARA__L0-1.__PARA__L1-1.__PARA__L2-16.__PARA__L3-70.__PIPE__L0-off.__PIPE__L2-off.__TILE__L0-1.__TILE__L2-1,target,query,query,finetune_dataset,data_132.pt,14587.0,graphgps_lite,4,50,paper_exact_seed4,4.710550308227539,4.421920299530029,0.28863000869750977,0.3199999928474426,0.2509284019470215,0.06907159090042114,0.23999999463558197,0.15951178967952728,0.08048820495605469,0.36000001430511475,0.2792615294456482,0.08073848485946655,0.009999999776482582,0.027819573879241943,0.01781957410275936
2bd3a5f7e7748f97,gemm-p,gemm-p,lv2:__PARA__L0-4.__PARA__L1-32.__PARA__L2-10.__PARA__L3-1.__PIPE__L0-off.__PIPE__L2-flatten.__TILE__L0-1.__TILE__L2-8,target,query,query,finetune_dataset,data_408.pt,9914.0,graphgps_lite,4,50,paper_exact_seed4,4.98912239074707,4.899685382843018,0.08943700790405273,0.23000000417232513,0.27048259973526,0.040482595562934875,0.1599999964237213,0.1616705060005188,0.0016705095767974854,0.2199999988079071,0.18461015820503235,0.035389840602874756,0.009999999776482582,0.013604097068309784,0.003604097291827202
bad7ae6c318a94cc,gemm-p,gemm-p,lv2:__PARA__L0-4.__PARA__L1-16.__PARA__L2-16.__PARA__L3-1.__PIPE__L0-off.__PIPE__L2-flatten.__TILE__L0-1.__TILE__L2-1,target,query,query,finetune_dataset,data_404.pt,9642.0,graphgps_lite,4,50,paper_exact_seed4,5.009190082550049,4.897290229797363,0.11189985275268555,0.3499999940395355,0.2916012108325958,0.0583987832069397,0.23999999463558197,0.1851625144481659,0.05483748018741608,0.36000001430511475,0.2744812071323395,0.08551880717277527,0.009999999776482582,0.016199186444282532,0.00619918666779995
ec749d53357fb316,gemm-p,gemm-p,lv2:__PARA__L0-1.__PARA__L1-8.__PARA__L2-1.__PARA__L3-32.__PIPE__L0-off.__PIPE__L2-off.__TILE__L0-1.__TILE__L2-1,target,query,query,finetune_dataset,data_328.pt,285829.0,graphgps_lite,4,50,paper_exact_seed4,2.564352035522461,2.7488925457000732,0.1845405101776123,0.009999999776482582,0.047032430768013,0.03703243285417557,0.0,-0.004461616277694702,0.004461616277694702,0.009999999776482582,0.04651939868927002,0.03651940077543259,0.05000000074505806,0.04294765740633011,0.007052343338727951
5cad34425ee55f5b,gemm-p,gemm-p,lv2:__PARA__L0-1.__PARA__L1-1.__PARA__L2-20.__PARA__L3-10.__PIPE__L0-off.__PIPE__L2-NA.__TILE__L0-1.__TILE__L2-1,target,query,query,finetune_dataset,data_156.pt,27370.0,graphgps_lite,4,50,paper_exact_seed4,4.256594657897949,4.374587535858154,0.11799287796020508,0.33000001311302185,0.2192358374595642,0.11076417565345764,0.15000000596046448,0.12065284699201584,0.02934715896844864,0.3499999940395355,0.19965459406375885,0.15034539997577667,0.009999999776482582,0.027712076902389526,0.017712077125906944
6949ac99510f8963,gemm-p,gemm-p,lv2:__PARA__L0-1.__PARA__L1-32.__PARA__L2-1.__PARA__L3-32.__PIPE__L0-off.__PIPE__L2-off.__TILE__L0-1.__TILE__L2-1,target,query,query,finetune_dataset,data_272.pt,285469.0,graphgps_lite,4,50,paper_exact_seed4,2.565261125564575,2.7014665603637695,0.13620543479919434,0.009999999776482582,0.04350006580352783,0.0335000678896904,0.009999999776482582,0.0012536048889160156,0.008746394887566566,0.029999999329447746,0.052114248275756836,0.02211424894630909,0.05000000074505806,0.045616261661052704,0.004383739084005356
dbb2984793e35e88,gemm-p,gemm-p,lv2:__PARA__L0-1.__PARA__L1-4.__PARA__L2-2.__PARA__L3-1.__PIPE__L0-off.__PIPE__L2-flatten.__TILE__L0-1.__TILE__L2-1,target,query,query,finetune_dataset,data_295.pt,32887.0,graphgps_lite,4,50,paper_exact_seed4,4.124133586883545,4.122381687164307,0.0017518997192382812,0.03999999910593033,0.056645721197128296,0.016645722091197968,0.019999999552965164,0.001300022006034851,0.018699977546930313,0.019999999552965164,0.044879764318466187,0.024879764765501022,0.009999999776482582,0.032116733491420746,0.022116733714938164
4e891536858769de,gemm-p,gemm-p,lv2:__PARA__L0-4.__PARA__L1-16.__PARA__L2-1.__PARA__L3-1.__PIPE__L0-NA.__PIPE__L2-flatten.__TILE__L0-1.__TILE__L2-80,target,query,query,finetune_dataset,data_399.pt,33170.0,graphgps_lite,4,50,paper_exact_seed4,4.117952823638916,4.1219868659973145,0.0040340423583984375,0.05000000074505806,0.08196744322776794,0.031967442482709885,0.019999999552965164,0.04529084265232086,0.025290843099355698,0.019999999552965164,0.08330614864826202,0.06330615282058716,0.05000000074505806,0.04771769791841507,0.00228230282664299
43a1fc399c607d82,gemm-p,gemm-p,lv2:__PARA__L0-1.__PARA__L1-5.__PARA__L2-10.__PARA__L3-1.__PIPE__L0-off.__PIPE__L2-flatten.__TILE__L0-1.__TILE__L2-4,target,query,query,finetune_dataset,data_306.pt,75975.0,graphgps_lite,4,50,paper_exact_seed4,3.520129680633545,4.143672943115234,0.6235432624816895,0.4399999976158142,0.25143828988075256,0.18856170773506165,0.18000000715255737,0.08019137382507324,0.09980863332748413,0.6100000143051147,0.13702964782714844,0.4729703664779663,0.0,0.014760509133338928,0.014760509133338928
9388d9bcc8c3974d,gemm-p,gemm-p,lv2:__PARA__L0-1.__PARA__L1-1.__PARA__L2-5.__PARA__L3-5.__PIPE__L0-off.__PIPE__L2-off.__TILE__L0-1.__TILE__L2-2,target,query,query,finetune_dataset,data_207.pt,520550.0,graphgps_lite,4,50,paper_exact_seed4,2.1319096088409424,2.61863374710083,0.4867241382598877,0.009999999776482582,0.045450255274772644,0.03545025736093521,0.0,0.02655676007270813,0.02655676007270813,0.0,0.04981914162635803,0.04981914162635803,0.029999999329447746,0.02711746096611023,0.002882538363337517
5256d90470dcb20f,gemm-p,gemm-p,lv2:__PARA__L0-1.__PARA__L1-1.__PARA__L2-4.__PARA__L3-70.__PIPE__L0-off.__PIPE__L2-NA.__TILE__L0-1.__TILE__L2-1,target,query,query,finetune_dataset,data_192.pt,23947.0,graphgps_lite,4,50,paper_exact_seed4,4.352969646453857,4.393228054046631,0.04025840759277344,0.07999999821186066,0.10523070394992828,0.025230705738067627,0.05000000074505806,0.07637344300746918,0.026373442262411118,0.05000000074505806,0.10521265864372253,0.055212657898664474,0.009999999776482582,0.032186247408390045,0.022186247631907463
280681d79bcd3457,gemm-p,gemm-p,lv2:__PARA__L0-1.__PARA__L1-1.__PARA__L2-4.__PARA__L3-5.__PIPE__L0-off.__PIPE__L2-NA.__TILE__L0-1.__TILE__L2-1,target,query,query,finetune_dataset,data_184.pt,67025.0,graphgps_lite,4,50,paper_exact_seed4,3.6105425357818604,4.005795001983643,0.3952524662017822,0.05000000074505806,0.07020711898803711,0.02020711824297905,0.019999999552965164,0.02443176507949829,0.004431765526533127,0.03999999910593033,0.054932013154029846,0.014932014048099518,0.029999999329447746,0.028040677309036255,0.0019593220204114914
3c323e9746495040,gemm-p,gemm-p,lv2:__PARA__L0-1.__PARA__L1-32.__PARA__L2-1.__PARA__L3-1.__PIPE__L0-off.__PIPE__L2-flatten.__TILE__L0-1.__TILE__L2-80,target,query,query,finetune_dataset,data_268.pt,31567.0,graphgps_lite,4,50,paper_exact_seed4,4.153683662414551,4.08502721786499,0.06865644454956055,0.029999999329447746,0.03444671630859375,0.004446716979146004,0.019999999552965164,0.005633413791656494,0.01436658576130867,0.03999999910593033,0.03793451189994812,0.0020654872059822083,0.05000000074505806,0.050535380840301514,0.000535380095243454
16a64917ea3821a4,gemm-p,gemm-p,lv2:__PARA__L0-1.__PARA__L1-1.__PARA__L2-2.__PARA__L3-14.__PIPE__L0-off.__PIPE__L2-off.__TILE__L0-1.__TILE__L2-1,target,query,query,finetune_dataset,data_139.pt,81670.0,graphgps_lite,4,50,paper_exact_seed4,3.467988967895508,3.3001322746276855,0.16785669326782227,0.03999999910593033,0.03566896915435791,0.004331029951572418,0.019999999552965164,0.004392802715301514,0.01560719683766365,0.03999999910593033,0.043708741664886475,0.0037087425589561462,0.029999999329447746,0.03661404550075531,0.006614046171307564
ce912d6165eea1f8,gemm-p,gemm-p,lv2:__PARA__L0-1.__PARA__L1-5.__PARA__L2-4.__PARA__L3-1.__PIPE__L0-off.__PIPE__L2-flatten.__TILE__L0-1.__TILE__L2-1,target,query,query,finetune_dataset,data_315.pt,20587.0,graphgps_lite,4,50,paper_exact_seed4,4.462025165557861,4.391549110412598,0.07047605514526367,0.07999999821186066,0.10567682981491089,0.025676831603050232,0.05000000074505806,0.047284260392189026,0.002715740352869034,0.05000000074505806,0.08523496985435486,0.0352349691092968,0.009999999776482582,0.02836143970489502,0.018361439928412437
cd69b23a624a35b1,gemm-p,gemm-p,lv2:__PARA__L0-2.__PARA__L1-16.__PARA__L2-10.__PARA__L3-1.__PIPE__L0-NA.__PIPE__L2-flatten.__TILE__L0-1.__TILE__L2-8,target,query,query,finetune_dataset,data_361.pt,9691.0,graphgps_lite,4,50,paper_exact_seed4,5.005533218383789,4.712405681610107,0.29312753677368164,0.23000000417232513,0.2609938383102417,0.030993834137916565,0.1599999964237213,0.15783733129501343,0.0021626651287078857,0.2199999988079071,0.20376257598400116,0.016237422823905945,0.009999999776482582,0.021808333694934845,0.011808333918452263
6906df091d6d080c,gemm-p,gemm-p,lv2:__PARA__L0-1.__PARA__L1-1.__PARA__L2-20.__PARA__L3-2.__PIPE__L0-off.__PIPE__L2-NA.__TILE__L0-1.__TILE__L2-1,target,query,query,finetune_dataset,data_162.pt,32411.0,graphgps_lite,4,50,paper_exact_seed4,4.134650230407715,4.3647027015686035,0.23005247116088867,0.11999999731779099,0.17493459582328796,0.05493459850549698,0.05999999865889549,0.10377122461795807,0.043771225959062576,0.09000000357627869,0.17262515425682068,0.08262515068054199,0.029999999329447746,0.03189564496278763,0.001895645633339882
aa11770c6019ddae,gemm-p,gemm-p,lv2:__PARA__L0-15.__PARA__L1-32.__PARA__L2-1.__PARA__L3-1.__PIPE__L0-off.__PIPE__L2-flatten.__TILE__L0-1.__TILE__L2-80,target,query,query,finetune_dataset,data_349.pt,42692.0,graphgps_lite,4,50,paper_exact_seed4,3.9359092712402344,3.887047290802002,0.04886198043823242,0.05999999865889549,0.045839011669158936,0.014160986989736557,0.019999999552965164,0.012454599142074585,0.007545400410890579,0.03999999910593033,0.05636283755302429,0.016362838447093964,0.05000000074505806,0.0532144159078598,0.0032144151628017426
3bbf8f2298a825c7,gemm-p,gemm-p,lv2:__PARA__L0-10.__PARA__L1-16.__PARA__L2-16.__PARA__L3-1.__PIPE__L0-off.__PIPE__L2-flatten.__TILE__L0-1.__TILE__L2-1,target,query,query,finetune_dataset,data_332.pt,10763.0,graphgps_lite,4,50,paper_exact_seed4,4.92985200881958,4.85297155380249,0.07688045501708984,0.3499999940395355,0.29045650362968445,0.059543490409851074,0.23999999463558197,0.1927178055047989,0.04728218913078308,0.36000001430511475,0.2764127254486084,0.08358728885650635,0.009999999776482582,0.009995326399803162,4.673376679420471e-06
c8a42aba9d1cfc2f,gemm-p,gemm-p,lv2:__PARA__L0-1.__PARA__L1-1.__PARA__L2-20.__PARA__L3-14.__PIPE__L0-off.__PIPE__L2-off.__TILE__L0-1.__TILE__L2-2,target,query,query,finetune_dataset,data_161.pt,117295.0,graphgps_lite,4,50,paper_exact_seed4,3.206857442855835,3.4945826530456543,0.28772521018981934,0.07999999821186066,0.14403000473976135,0.0640300065279007,0.05000000074505806,0.05466201901435852,0.004662018269300461,0.09000000357627869,0.1579160988330841,0.06791609525680542,0.009999999776482582,0.026870697736740112,0.01687069796025753
af9650a8856f962e,gemm-p,gemm-p,lv2:__PARA__L0-10.__PARA__L1-32.__PARA__L2-16.__PARA__L3-1.__PIPE__L0-NA.__PIPE__L2-flatten.__TILE__L0-1.__TILE__L2-1,target,query,query,finetune_dataset,data_337.pt,10603.0,graphgps_lite,4,50,paper_exact_seed4,4.940655708312988,4.810288429260254,0.13036727905273438,0.3499999940395355,0.2845670282840729,0.06543296575546265,0.23999999463558197,0.1889582723379135,0.05104172229766846,0.36000001430511475,0.27365294098854065,0.0863470733165741,0.009999999776482582,0.008872970938682556,0.001127028837800026
f155813f1414fb40,gemm-p,gemm-p,lv2:__PARA__L0-1.__PARA__L1-70.__PARA__L2-1.__PARA__L3-32.__PIPE__L0-off.__PIPE__L2-off.__TILE__L0-1.__TILE__L2-80,target,query,query,finetune_dataset,data_326.pt,251089.0,graphgps_lite,4,50,paper_exact_seed4,2.6578285694122314,3.8347396850585938,1.1769111156463623,0.029999999329447746,0.14757150411605835,0.11757150292396545,0.019999999552965164,0.08298879861831665,0.06298880279064178,0.07999999821186066,0.11979922652244568,0.03979922831058502,0.03999999910593033,0.04312906414270401,0.0031290650367736816
8ba7f8ad18fb5a3e,gemm-p,gemm-p,lv2:__PARA__L0-4.__PARA__L1-16.__PARA__L2-10.__PARA__L3-1.__PIPE__L0-NA.__PIPE__L2-flatten.__TILE__L0-1.__TILE__L2-8,target,query,query,finetune_dataset,data_401.pt,10050.0,graphgps_lite,4,50,paper_exact_seed4,4.979294300079346,4.84729528427124,0.13199901580810547,0.23000000417232513,0.2873220145702362,0.05732201039791107,0.1599999964237213,0.19245141744613647,0.03245142102241516,0.2199999988079071,0.23323491215705872,0.013234913349151611,0.009999999776482582,0.01675187051296234,0.006751870736479759
4e1d0fbfc97b1b44,gemm-p,gemm-p,lv2:__PARA__L0-1.__PARA__L1-1.__PARA__L2-4.__PARA__L3-1.__PIPE__L0-off.__PIPE__L2-flatten.__TILE__L0-1.__TILE__L2-1,target,query,query,finetune_dataset,data_171.pt,23947.0,graphgps_lite,4,50,paper_exact_seed4,4.352969646453857,4.398151397705078,0.0451817512512207,0.07999999821186066,0.09837456047534943,0.01837456226348877,0.05000000074505806,0.04328809678554535,0.006711903959512711,0.05000000074505806,0.08352716267108917,0.03352716192603111,0.009999999776482582,0.028804436326026917,0.018804436549544334
1fa67e426a30f0d1,gemm-p,gemm-p,lv2:__PARA__L0-1.__PARA__L1-1.__PARA__L2-10.__PARA__L3-2.__PIPE__L0-off.__PIPE__L2-off.__TILE__L0-1.__TILE__L2-1,target,query,query,finetune_dataset,data_110.pt,26711.0,graphgps_lite,4,50,paper_exact_seed4,4.27417516708374,4.659313201904297,0.38513803482055664,0.03999999910593033,0.0764327347278595,0.03643273562192917,0.029999999329447746,0.05515265464782715,0.025152655318379402,0.05000000074505806,0.1140754222869873,0.06407542526721954,0.009999999776482582,0.034802377223968506,0.024802377447485924
17306fd64712dda9,gemm-p,gemm-p,lv2:__PARA__L0-1.__PARA__L1-1.__PARA__L2-10.__PARA__L3-2.__PIPE__L0-off.__PIPE__L2-NA.__TILE__L0-1.__TILE__L2-1,target,query,query,finetune_dataset,data_109.pt,47291.0,graphgps_lite,4,50,paper_exact_seed4,3.862109422683716,4.437577247619629,0.5754678249359131,0.05999999865889549,0.11894357204437256,0.058943573385477066,0.029999999329447746,0.06655271351337433,0.03655271232128143,0.05000000074505806,0.122429758310318,0.07242976129055023,0.009999999776482582,0.03021395206451416,0.020213952288031578
c5791db1d59b0697,gemm-p,gemm-p,lv2:__PARA__L0-1.__PARA__L1-2.__PARA__L2-2.__PARA__L3-70.__PIPE__L0-off.__PIPE__L2-off.__TILE__L0-1.__TILE__L2-1,target,query,query,finetune_dataset,data_256.pt,33547.0,graphgps_lite,4,50,paper_exact_seed4,4.109800338745117,4.202048301696777,0.09224796295166016,0.03999999910593033,0.0818573534488678,0.04185735434293747,0.019999999552965164,0.03669600188732147,0.016696002334356308,0.019999999552965164,0.06675435602664948,0.04675435647368431,0.009999999776482582,0.03968912363052368,0.0296891238540411
0ba8ad78eb2466e5,gemm-p,gemm-p,lv2:__PARA__L0-1.__PARA__L1-1.__PARA__L2-16.__PARA__L3-14.__PIPE__L0-off.__PIPE__L2-off.__TILE__L0-1.__TILE__L2-1,target,query,query,finetune_dataset,data_124.pt,12790.0,graphgps_lite,4,50,paper_exact_seed4,4.805384159088135,4.6322197914123535,0.17316436767578125,0.23000000417232513,0.13305944204330444,0.09694056212902069,0.14000000059604645,0.08227378129959106,0.05772621929645538,0.3799999952316284,0.16736175119876862,0.2126382440328598,0.009999999776482582,0.028579898178577423,0.01857989840209484
42bdc08a061d094f,gemm-p,gemm-p,lv2:__PARA__L0-1.__PARA__L1-2.__PARA__L2-4.__PARA__L3-1.__PIPE__L0-off.__PIPE__L2-flatten.__TILE__L0-1.__TILE__L2-1,target,query,query,finetune_dataset,data_257.pt,21847.0,graphgps_lite,4,50,paper_exact_seed4,4.419174671173096,4.406552314758301,0.012622356414794922,0.07999999821186066,0.09725581109523773,0.017255812883377075,0.05000000074505806,0.04192943871021271,0.008070562034845352,0.05000000074505806,0.08275312185287476,0.032753121107816696,0.009999999776482582,0.02767636626958847,0.01767636649310589
b3b01272ccc963fe,gemm-p,gemm-p,lv2:__PARA__L0-1.__PARA__L1-1.__PARA__L2-20.__PARA__L3-5.__PIPE__L0-off.__PIPE__L2-off.__TILE__L0-1.__TILE__L2-1,target,query,query,finetune_dataset,data_166.pt,15844.0,graphgps_lite,4,50,paper_exact_seed4,4.650923728942871,4.617464065551758,0.03345966339111328,0.11999999731779099,0.14122594892978668,0.021225951611995697,0.07999999821186066,0.08008018136024475,8.018314838409424e-05,0.18000000715255737,0.15644621849060059,0.023553788661956787,0.019999999552965164,0.02808668464422226,0.008086685091257095
80bca34061fd0f83,gemm-p,gemm-p,lv2:__PARA__L0-10.__PARA__L1-32.__PARA__L2-10.__PARA__L3-1.__PIPE__L0-NA.__PIPE__L2-flatten.__TILE__L0-1.__TILE__L2-8,target,query,query,finetune_dataset,data_335.pt,11083.0,graphgps_lite,4,50,paper_exact_seed4,4.908718109130859,4.90577507019043,0.0029430389404296875,0.23000000417232513,0.2688661515712738,0.03886614739894867,0.1599999964237213,0.14320971071720123,0.01679028570652008,0.2199999988079071,0.19359038770198822,0.026409611105918884,0.009999999776482582,0.017531588673591614,0.007531588897109032
076e9cc6b7221822,gemm-p,gemm-p,lv2:__PARA__L0-1.__PARA__L1-4.__PARA__L2-10.__PARA__L3-1.__PIPE__L0-off.__PIPE__L2-flatten.__TILE__L0-1.__TILE__L2-8,target,query,query,finetune_dataset,data_293.pt,12187.0,graphgps_lite,4,50,paper_exact_seed4,4.8402204513549805,4.760563850402832,0.07965660095214844,0.20999999344348907,0.23750190436840057,0.0275019109249115,0.15000000596046448,0.12424099445343018,0.025759011507034302,0.2199999988079071,0.15777209401130676,0.06222790479660034,0.009999999776482582,0.015563130378723145,0.0055631306022405624
b3a849eb5888518c,gemm-p,gemm-p,lv2:__PARA__L0-1.__PARA__L1-32.__PARA__L2-16.__PARA__L3-1.__PIPE__L0-NA.__PIPE__L2-flatten.__TILE__L0-2.__TILE__L2-1,target,query,query,finetune_dataset,data_281.pt,9179.0,graphgps_lite,4,50,paper_exact_seed4,5.044687747955322,4.886700630187988,0.15798711776733398,0.3499999940395355,0.26037800312042236,0.08962199091911316,0.23999999463558197,0.17039349675178528,0.06960649788379669,0.36000001430511475,0.2508186995983124,0.10918131470680237,0.009999999776482582,0.015604078769683838,0.005604078993201256
9dac01514ca28d78,gemm-p,gemm-p,lv2:__PARA__L0-1.__PARA__L1-32.__PARA__L2-1.__PARA__L3-1.__PIPE__L0-off.__PIPE__L2-flatten.__TILE__L0-60.__TILE__L2-1,target,query,query,finetune_dataset,data_271.pt,31567.0,graphgps_lite,4,50,paper_exact_seed4,4.153683662414551,3.9686970710754395,0.18498659133911133,0.029999999329447746,0.08444735407829285,0.05444735288619995,0.019999999552965164,0.01915919780731201,0.0008408017456531525,0.03999999910593033,0.05143192410469055,0.011431924998760223,0.05000000074505806,0.045558854937553406,0.004441145807504654
f20696703ce2bad2,gemm-p,gemm-p,lv2:__PARA__L0-1.__PARA__L1-5.__PARA__L2-2.__PARA__L3-1.__PIPE__L0-off.__PIPE__L2-flatten.__TILE__L0-1.__TILE__L2-4,target,query,query,finetune_dataset,data_312.pt,234616.0,graphgps_lite,4,50,paper_exact_seed4,2.706777334213257,2.4125895500183105,0.2941877841949463,0.20000000298023224,0.1953466534614563,0.00465334951877594,0.029999999329447746,0.04185831546783447,0.011858316138386726,0.019999999552965164,0.07505233585834503,0.05505233630537987,0.009999999776482582,0.02120508998632431,0.011205090209841728
8d8618b306919b23,gemm-p,gemm-p,lv2:__PARA__L0-4.__PARA__L1-32.__PARA__L2-16.__PARA__L3-1.__PIPE__L0-NA.__PIPE__L2-flatten.__TILE__L0-1.__TILE__L2-1,target,query,query,finetune_dataset,data_409.pt,9506.0,graphgps_lite,4,50,paper_exact_seed4,5.019436836242676,4.930213928222656,0.08922290802001953,0.3499999940395355,0.2867549657821655,0.06324502825737,0.23999999463558197,0.1925467550754547,0.04745323956012726,0.36000001430511475,0.29338711500167847,0.06661289930343628,0.009999999776482582,0.009657829999923706,0.00034216977655887604
23145cd5e1131852,gemm-p,gemm-p,lv2:__PARA__L0-1.__PARA__L1-2.__PARA__L2-1.__PARA__L3-1.__PIPE__L0-off.__PIPE__L2-flatten.__TILE__L0-1.__TILE__L2-1,target,query,query,finetune_dataset,data_240.pt,33247.0,graphgps_lite,4,50,paper_exact_seed4,4.1162800788879395,3.8833775520324707,0.23290252685546875,0.029999999329447746,0.04869088530540466,0.018690885975956917,0.009999999776482582,-0.012598186731338501,0.022598186507821083,0.019999999552965164,0.039543166756629944,0.01954316720366478,0.05000000074505806,0.043437957763671875,0.006562042981386185
7b5fc2286f9afd37,gemm-p,gemm-p,lv2:__PARA__L0-12.__PARA__L1-32.__PARA__L2-1.__PARA__L3-1.__PIPE__L0-off.__PIPE__L2-flatten.__TILE__L0-1.__TILE__L2-80,target,query,query,finetune_dataset,data_341.pt,40046.0,graphgps_lite,4,50,paper_exact_seed4,3.982063055038452,3.9045252799987793,0.07753777503967285,0.05999999865889549,0.048472583293914795,0.011527415364980698,0.019999999552965164,0.013286769390106201,0.006713230162858963,0.03999999910593033,0.05792224407196045,0.01792224496603012,0.05000000074505806,0.052670128643512726,0.002670127898454666
a7caa4bbaf5392a3,gemm-p,gemm-p,lv2:__PARA__L0-1.__PARA__L1-1.__PARA__L2-2.__PARA__L3-2.__PIPE__L0-off.__PIPE__L2-off.__TILE__L0-1.__TILE__L2-1,target,query,query,finetune_dataset,data_143.pt,154571.0,graphgps_lite,4,50,paper_exact_seed4,3.0077931880950928,3.654463291168213,0.6466701030731201,0.019999999552965164,0.020016387104988098,1.638755202293396e-05,0.0,-0.005581468343734741,0.005581468343734741,0.0,0.015135437250137329,0.015135437250137329,0.009999999776482582,0.03250140696763992,0.02250140719115734
dfe2011b7ad3bc7c,gemm-p,gemm-p,lv2:__PARA__L0-20.__PARA__L1-32.__PARA__L2-16.__PARA__L3-1.__PIPE__L0-off.__PIPE__L2-flatten.__TILE__L0-1.__TILE__L2-1,target,query,query,finetune_dataset,data_377.pt,12506.0,graphgps_lite,4,50,paper_exact_seed4,4.821581840515137,4.799515247344971,0.022066593170166016,0.3499999940395355,0.27845895290374756,0.07154104113578796,0.23999999463558197,0.18303443491458893,0.05696555972099304,0.36000001430511475,0.25584402680397034,0.10415598750114441,0.009999999776482582,0.00784602016210556,0.002153979614377022
e25bd84c9a0fa396,gemm-p,gemm-p,lv2:__PARA__L0-1.__PARA__L1-32.__PARA__L2-10.__PARA__L3-1.__PIPE__L0-off.__PIPE__L2-flatten.__TILE__L0-4.__TILE__L2-1,target,query,query,finetune_dataset,data_279.pt,9914.0,graphgps_lite,4,50,paper_exact_seed4,4.98912239074707,4.7794976234436035,0.2096247673034668,0.23000000417232513,0.20604358613491058,0.02395641803741455,0.1599999964237213,0.12491914629936218,0.03508085012435913,0.2199999988079071,0.1951543390750885,0.024845659732818604,0.009999999776482582,0.021569326519966125,0.011569326743483543
5da4f0b9ddf1dc15,gemm-p,gemm-p,lv2:__PARA__L0-1.__PARA__L1-1.__PARA__L2-1.__PARA__L3-70.__PIPE__L0-off.__PIPE__L2-NA.__TILE__L0-1.__TILE__L2-1,target,query,query,finetune_dataset,data_98.pt,32530.0,graphgps_lite,4,50,paper_exact_seed4,4.132006645202637,4.063991546630859,0.06801509857177734,0.019999999552965164,0.07400520145893097,0.054005201905965805,0.009999999776482582,0.029165491461753845,0.019165491685271263,0.019999999552965164,0.06174860894680023,0.04174860939383507,0.05000000074505806,0.04651111364364624,0.0034888871014118195
4dad3dd4a98d07e4,gemm-p,gemm-p,lv2:__PARA__L0-1.__PARA__L1-1.__PARA__L2-5.__PARA__L3-5.__PIPE__L0-off.__PIPE__L2-NA.__TILE__L0-1.__TILE__L2-1,target,query,query,finetune_dataset,data_205.pt,57185.0,graphgps_lite,4,50,paper_exact_seed4,3.72507381439209,4.167273044586182,0.4421992301940918,0.05000000074505806,0.08351518213748932,0.03351518139243126,0.019999999552965164,0.03638157248497009,0.01638157293200493,0.05000000074505806,0.07171192765235901,0.02171192690730095,0.029999999329447746,0.029260694980621338,0.0007393043488264084
f779ac08d7725162,gemm-p,gemm-p,lv2:__PARA__L0-30.__PARA__L1-32.__PARA__L2-1.__PARA__L3-1.__PIPE__L0-NA.__PIPE__L2-flatten.__TILE__L0-2.__TILE__L2-1,target,query,query,finetune_dataset,data_388.pt,55939.0,graphgps_lite,4,50,paper_exact_seed4,3.740964889526367,3.886218547821045,0.14525365829467773,0.05999999865889549,0.03775162994861603,0.022248368710279465,0.019999999552965164,0.003568410873413086,0.016431588679552078,0.03999999910593033,0.04468551278114319,0.00468551367521286,0.05000000074505806,0.05695250630378723,0.006952505558729172
07bad97c4d4ae0a5,gemm-p,gemm-p,lv2:__PARA__L0-1.__PARA__L1-2.__PARA__L2-1.__PARA__L3-32.__PIPE__L0-off.__PIPE__L2-off.__TILE__L0-60.__TILE__L2-1,target,query,query,finetune_dataset,data_244.pt,286909.0,graphgps_lite,4,50,paper_exact_seed4,2.561631441116333,3.0821499824523926,0.5205185413360596,0.009999999776482582,0.08497701585292816,0.07497701793909073,0.0,0.022070378065109253,0.022070378065109253,0.0,0.04637199640274048,0.04637199640274048,0.05000000074505806,0.04917321354150772,0.0008267872035503387
ee665070b18c5d32,gemm-p,gemm-p,lv2:__PARA__L0-1.__PARA__L1-2.__PARA__L2-16.__PARA__L3-70.__PIPE__L0-off.__PIPE__L2-NA.__TILE__L0-1.__TILE__L2-1,target,query,query,finetune_dataset,data_252.pt,12487.0,graphgps_lite,4,50,paper_exact_seed4,4.822678565979004,4.617472171783447,0.20520639419555664,0.3199999928474426,0.2537386417388916,0.06626135110855103,0.23999999463558197,0.15749332308769226,0.08250667154788971,0.36000001430511475,0.27090445160865784,0.08909556269645691,0.009999999776482582,0.020931310951709747,0.010931311175227165
4cb8540298f01fe7,gemm-p,gemm-p,lv2:__PARA__L0-1.__PARA__L1-1.__PARA__L2-8.__PARA__L3-2.__PIPE__L0-off.__PIPE__L2-off.__TILE__L0-1.__TILE__L2-1,target,query,query,finetune_dataset,data_221.pt,30911.0,graphgps_lite,4,50,paper_exact_seed4,4.168831825256348,4.651357173919678,0.4825253486633301,0.03999999910593033,0.06699854135513306,0.02699854224920273,0.019999999552965164,0.04619382321834564,0.026193823665380478,0.03999999910593033,0.09533119201660156,0.055331192910671234,0.019999999552965164,0.03589433431625366,0.015894334763288498
6aa4b8ebca535257,gemm-p,gemm-p,lv2:__PARA__L0-1.__PARA__L1-5.__PARA__L2-5.__PARA__L3-1.__PIPE__L0-off.__PIPE__L2-flatten.__TILE__L0-1.__TILE__L2-1,target,query,query,finetune_dataset,data_318.pt,15749.0,graphgps_lite,4,50,paper_exact_seed4,4.655261993408203,4.477962017059326,0.17729997634887695,0.10000000149011612,0.1205558180809021,0.02055581659078598,0.07000000029802322,0.05822312831878662,0.011776871979236603,0.10999999940395355,0.09974271059036255,0.010257288813591003,0.009999999776482582,0.028952807188034058,0.018952807411551476
cd3cdb259f07b3fb,gemm-p,gemm-p,lv2:__PARA__L0-1.__PARA__L1-32.__PARA__L2-1.__PARA__L3-32.__PIPE__L0-off.__PIPE__L2-off.__TILE__L0-1.__TILE__L2-80,target,query,query,finetune_dataset,data_273.pt,285469.0,graphgps_lite,4,50,paper_exact_seed4,2.565261125564575,2.57662296295166,0.011361837387084961,0.009999999776482582,0.040775179862976074,0.030775180086493492,0.009999999776482582,0.005476221442222595,0.004523778334259987,0.029999999329447746,0.015612989664077759,0.014387009665369987,0.05000000074505806,0.04105410724878311,0.008945893496274948
cc25fb09996cf912,gemm-p,gemm-p,lv2:__PARA__L0-1.__PARA__L1-32.__PARA__L2-1.__PARA__L3-1.__PIPE__L0-off.__PIPE__L2-flatten.__TILE__L0-2.__TILE__L2-1,target,query,query,finetune_dataset,data_269.pt,31323.0,graphgps_lite,4,50,paper_exact_seed4,4.159280776977539,3.9720993041992188,0.1871814727783203,0.05999999865889549,0.06049254536628723,0.0004925467073917389,0.019999999552965164,-0.007387816905975342,0.027387816458940506,0.03999999910593033,0.043077096343040466,0.003077097237110138,0.05000000074505806,0.0399799644947052,0.01002003625035286
062cf9172432596b,gemm-p,gemm-p,lv2:__PARA__L0-1.__PARA__L1-1.__PARA__L2-5.__PARA__L3-2.__PIPE__L0-off.__PIPE__L2-off.__TILE__L0-1.__TILE__L2-4,target,query,query,finetune_dataset,data_204.pt,886397.0,graphgps_lite,4,50,paper_exact_seed4,1.747951626777649,2.628985643386841,0.8810340166091919,0.009999999776482582,0.09129157662391663,0.0812915787100792,0.0,0.016687870025634766,0.016687870025634766,0.0,0.0506596565246582,0.0506596565246582,0.019999999552965164,0.02031935751438141,0.0003193579614162445
8d89ea0af5f78527,gemm-p,gemm-p,lv2:__PARA__L0-10.__PARA__L1-32.__PARA__L2-1.__PARA__L3-1.__PIPE__L0-NA.__PIPE__L2-flatten.__TILE__L0-1.__TILE__L2-80,target,query,query,finetune_dataset,data_333.pt,38283.0,graphgps_lite,4,50,paper_exact_seed4,4.014540195465088,3.907710552215576,0.10682964324951172,0.05999999865889549,0.06144192814826965,0.0014419294893741608,0.019999999552965164,0.025247395038604736,0.005247395485639572,0.03999999910593033,0.07233220338821411,0.03233220428228378,0.05000000074505806,0.05190350115299225,0.0019035004079341888
983a5a4659353237,gemm-p,gemm-p,lv2:__PARA__L0-1.__PARA__L1-16.__PARA__L2-1.__PARA__L3-32.__PIPE__L0-off.__PIPE__L2-off.__TILE__L0-1.__TILE__L2-80,target,query,query,finetune_dataset,data_235.pt,285589.0,graphgps_lite,4,50,paper_exact_seed4,2.564957857131958,2.5612432956695557,0.0037145614624023438,0.009999999776482582,0.044705986976623535,0.0347059890627861,0.009999999776482582,0.0071809738874435425,0.0028190258890390396,0.019999999552965164,0.019705533981323242,0.000294465571641922,0.05000000074505806,0.04078872501850128,0.009211275726556778
d346d5b7f78331b0,gemm-p,gemm-p,lv2:__PARA__L0-1.__PARA__L1-1.__PARA__L2-20.__PARA__L3-5.__PIPE__L0-off.__PIPE__L2-NA.__TILE__L0-1.__TILE__L2-1,target,query,query,finetune_dataset,data_165.pt,30184.0,graphgps_lite,4,50,paper_exact_seed4,4.186000347137451,4.368681907653809,0.18268156051635742,0.20000000298023224,0.19205987453460693,0.007940128445625305,0.10000000149011612,0.10865260660648346,0.00865260511636734,0.1899999976158142,0.1785927712917328,0.011407226324081421,0.019999999552965164,0.03005414456129074,0.010054145008325577
1a4493c05bc1e5d5,gemm-p,gemm-p,lv2:__PARA__L0-1.__PARA__L1-1.__PARA__L2-10.__PARA__L3-1.__PIPE__L0-off.__PIPE__L2-flatten.__TILE__L0-1.__TILE__L2-1,target,query,query,finetune_dataset,data_101.pt,14947.0,graphgps_lite,4,50,paper_exact_seed4,4.69296407699585,4.65696382522583,0.03600025177001953,0.20999999344348907,0.1831461787223816,0.026853814721107483,0.15000000596046448,0.09850799292325974,0.05149201303720474,0.2199999988079071,0.15613959729671478,0.06386040151119232,0.009999999776482582,0.025537893176078796,0.015537893399596214
d15bc24f13c0bb1d,gemm-p,gemm-p,lv2:__PARA__L0-1.__PARA__L1-1.__PARA__L2-10.__PARA__L3-2.__PIPE__L0-off.__PIPE__L2-off.__TILE__L0-1.__TILE__L2-2,target,query,query,finetune_dataset,data_111.pt,842396.0,graphgps_lite,4,50,paper_exact_seed4,1.7846788167953491,2.9390745162963867,1.1543956995010376,0.009999999776482582,0.07566842436790466,0.06566842645406723,0.0,0.044377923011779785,0.044377923011779785,0.0,0.09464223682880402,0.09464223682880402,0.009999999776482582,0.0295417383313179,0.01954173855483532
ee52790391382ef9,gemm-p,gemm-p,lv2:__PARA__L0-1.__PARA__L1-1.__PARA__L2-4.__PARA__L3-5.__PIPE__L0-off.__PIPE__L2-off.__TILE__L0-1.__TILE__L2-1,target,query,query,finetune_dataset,data_185.pt,28505.0,graphgps_lite,4,50,paper_exact_seed4,4.2272844314575195,4.35227108001709,0.12498664855957031,0.029999999329447746,0.056167930364608765,0.02616793103516102,0.019999999552965164,0.021368056535720825,0.001368056982755661,0.029999999329447746,0.04897783696651459,0.01897783763706684,0.029999999329447746,0.03276523947715759,0.0027652401477098465
2a002c11e47adc72,gemm-p,gemm-p,lv2:__PARA__L0-1.__PARA__L1-1.__PARA__L2-1.__PARA__L3-1.__PIPE__L0-off.__PIPE__L2-flatten.__TILE__L0-1.__TILE__L2-80,target,query,query,finetune_dataset,data_78.pt,35347.0,graphgps_lite,4,50,paper_exact_seed4,4.072098255157471,4.013820648193359,0.05827760696411133,0.029999999329447746,0.0318613201379776,0.0018613208085298538,0.009999999776482582,0.00012885034084320068,0.009871149435639381,0.019999999552965164,0.032501935958862305,0.01250193640589714,0.05000000074505806,0.05194328725337982,0.001943286508321762
0b9da6616fcec98b,gemm-p,gemm-p,lv2:__PARA__L0-6.__PARA__L1-16.__PARA__L2-16.__PARA__L3-1.__PIPE__L0-off.__PIPE__L2-flatten.__TILE__L0-1.__TILE__L2-1,target,query,query,finetune_dataset,data_418.pt,10004.0,graphgps_lite,4,50,paper_exact_seed4,4.982603549957275,4.883416652679443,0.09918689727783203,0.3499999940395355,0.2977161109447479,0.0522838830947876,0.23999999463558197,0.19692203402519226,0.04307796061038971,0.36000001430511475,0.28660425543785095,0.0733957588672638,0.009999999776482582,0.01451292634010315,0.004512926563620567
8fe44ff51cb16406,gemm-p,gemm-p,lv2:__PARA__L0-1.__PARA__L1-32.__PARA__L2-16.__PARA__L3-1.__PIPE__L0-off.__PIPE__L2-flatten.__TILE__L0-60.__TILE__L2-1,target,query,query,finetune_dataset,data_286.pt,10807.0,graphgps_lite,4,50,paper_exact_seed4,4.92690896987915,4.589597702026367,0.3373112678527832,0.33000001311302185,0.2533326745033264,0.07666733860969543,0.23999999463558197,0.15295758843421936,0.08704240620136261,0.36000001430511475,0.22529399394989014,0.1347060203552246,0.009999999776482582,0.01886776089668274,0.008867761120200157
4f0e57501f9fad75,gemm-p,gemm-p,lv2:__PARA__L0-3.__PARA__L1-32.__PARA__L2-10.__PARA__L3-1.__PIPE__L0-off.__PIPE__L2-flatten.__TILE__L0-1.__TILE__L2-8,target,query,query,finetune_dataset,data_383.pt,9717.0,graphgps_lite,4,50,paper_exact_seed4,5.003600597381592,4.813336372375488,0.19026422500610352,0.23000000417232513,0.2683325409889221,0.038332536816596985,0.1599999964237213,0.1522442102432251,0.007755786180496216,0.2199999988079071,0.17628149688243866,0.043718501925468445,0.009999999776482582,0.014884009957313538,0.0048840101808309555
7d58e379a85d0088,gemm-p,gemm-p,lv2:__PARA__L0-1.__PARA__L1-5.__PARA__L2-1.__PARA__L3-1.__PIPE__L0-off.__PIPE__L2-flatten.__TILE__L0-1.__TILE__L2-8,target,query,query,finetune_dataset,data_302.pt,231615.0,graphgps_lite,4,50,paper_exact_seed4,2.7160637378692627,2.3882088661193848,0.32785487174987793,0.1899999976158142,0.16955694556236267,0.020443052053451538,0.019999999552965164,0.05586040019989014,0.03586040064692497,0.019999999552965164,0.07925748825073242,0.05925748869776726,0.03999999910593033,0.037778548896312714,0.0022214502096176147
f8bdf0220b8efd35,gemm-p,gemm-p,lv2:__PARA__L0-1.__PARA__L1-1.__PARA__L2-2.__PARA__L3-2.__PIPE__L0-off.__PIPE__L2-off.__TILE__L0-1.__TILE__L2-4,target,query,query,finetune_dataset,data_145.pt,1459866.0,graphgps_lite,4,50,paper_exact_seed4,1.3880460262298584,2.2753705978393555,0.8873245716094971,0.0,0.037073954939842224,0.037073954939842224,0.0,0.01474161446094513,0.01474161446094513,0.0,0.026089638471603394,0.026089638471603394,0.009999999776482582,0.02758341282606125,0.017583413049578667
6608e886ce7e9d0a,gemm-p,gemm-p,lv2:__PARA__L0-6.__PARA__L1-32.__PARA__L2-10.__PARA__L3-1.__PIPE__L0-off.__PIPE__L2-flatten.__TILE__L0-1.__TILE__L2-8,target,query,query,finetune_dataset,data_422.pt,10292.0,graphgps_lite,4,50,paper_exact_seed4,4.962130546569824,4.676351070404053,0.2857794761657715,0.23000000417232513,0.27193617820739746,0.04193617403507233,0.1599999964237213,0.11809302866458893,0.041906967759132385,0.2199999988079071,0.1884315311908722,0.03156846761703491,0.009999999776482582,0.018669933080673218,0.008669933304190636
7c87dea76316e9b0,gemm-p,gemm-p,lv2:__PARA__L0-1.__PARA__L1-1.__PARA__L2-2.__PARA__L3-14.__PIPE__L0-off.__PIPE__L2-off.__TILE__L0-1.__TILE__L2-2,target,query,query,finetune_dataset,data_140.pt,343565.0,graphgps_lite,4,50,paper_exact_seed4,2.4316365718841553,2.3170971870422363,0.11453938484191895,0.009999999776482582,0.022343993186950684,0.012343993410468102,0.0,0.018936678767204285,0.018936678767204285,0.0,0.01620161533355713,0.01620161533355713,0.029999999329447746,0.026104167103767395,0.0038958322256803513
63c35478c8f59ccd,gemm-p,gemm-p,lv2:__PARA__L0-1.__PARA__L1-1.__PARA__L2-2.__PARA__L3-10.__PIPE__L0-off.__PIPE__L2-off.__TILE__L0-1.__TILE__L2-4,target,query,query,finetune_dataset,data_137.pt,328805.0,graphgps_lite,4,50,paper_exact_seed4,2.4633119106292725,2.296537399291992,0.16677451133728027,0.009999999776482582,0.02743092179298401,0.017430922016501427,0.0,0.012180149555206299,0.012180149555206299,0.0,0.027888238430023193,0.027888238430023193,0.019999999552965164,0.026888348162174225,0.006888348609209061
0316df0ba1e1469b,gemm-p,gemm-p,lv2:__PARA__L0-1.__PARA__L1-1.__PARA__L2-4.__PARA__L3-2.__PIPE__L0-off.__PIPE__L2-off.__TILE__L0-1.__TILE__L2-1,target,query,query,finetune_dataset,data_181.pt,51551.0,graphgps_lite,4,50,paper_exact_seed4,3.799891948699951,4.4847235679626465,0.6848316192626953,0.019999999552965164,0.047074899077415466,0.027074899524450302,0.009999999776482582,0.019251465797424316,0.009251466020941734,0.019999999552965164,0.045923590660095215,0.02592359110713005,0.019999999552965164,0.03277982771396637,0.012779828161001205
aac0800511161706,gemm-p,gemm-p,lv2:__PARA__L0-1.__PARA__L1-1.__PARA__L2-5.__PARA__L3-14.__PIPE__L0-off.__PIPE__L2-NA.__TILE__L0-1.__TILE__L2-1,target,query,query,finetune_dataset,data_198.pt,54212.0,graphgps_lite,4,50,paper_exact_seed4,3.7635860443115234,4.1687331199646,0.40514707565307617,0.10999999940395355,0.08821910619735718,0.021780893206596375,0.05000000074505806,0.043393343687057495,0.006606657058000565,0.11999999731779099,0.08556358516216278,0.034436412155628204,0.03999999910593033,0.032404109835624695,0.0075958892703056335
82da06d1f16f28a6,gemm-p,gemm-p,lv2:__PARA__L0-20.__PARA__L1-16.__PARA__L2-16.__PARA__L3-1.__PIPE__L0-off.__PIPE__L2-flatten.__TILE__L0-1.__TILE__L2-1,target,query,query,finetune_dataset,data_371.pt,12706.0,graphgps_lite,4,50,paper_exact_seed4,4.8101372718811035,4.808015823364258,0.002121448516845703,0.3499999940395355,0.2844964861869812,0.06550350785255432,0.23999999463558197,0.18385246396064758,0.05614753067493439,0.36000001430511475,0.26533880829811096,0.09466120600700378,0.009999999776482582,0.009634450078010559,0.000365549698472023
98d13b347efbf055,gemm-p,gemm-p,lv2:__PARA__L0-1.__PARA__L1-5.__PARA__L2-1.__PARA__L3-1.__PIPE__L0-off.__PIPE__L2-flatten.__TILE__L0-1.__TILE__L2-1,target,query,query,finetune_dataset,data_299.pt,31987.0,graphgps_lite,4,50,paper_exact_seed4,4.144149303436279,3.8166189193725586,0.3275303840637207,0.029999999329447746,0.051416993141174316,0.02141699381172657,0.009999999776482582,-0.009554728865623474,0.019554728642106056,0.019999999552965164,0.042409420013427734,0.02240942046046257,0.05000000074505806,0.043522246181964874,0.006477754563093185
86d80ae4935ea3f4,gemm-p,gemm-p,lv2:__PARA__L0-5.__PARA__L1-16.__PARA__L2-16.__PARA__L3-1.__PIPE__L0-off.__PIPE__L2-flatten.__TILE__L0-1.__TILE__L2-1,target,query,query,finetune_dataset,data_411.pt,9820.0,graphgps_lite,4,50,paper_exact_seed4,4.995994567871094,4.892144680023193,0.10384988784790039,0.3499999940395355,0.29673200845718384,0.053267985582351685,0.23999999463558197,0.19333913922309875,0.046660855412483215,0.36000001430511475,0.2850121557712555,0.07498785853385925,0.009999999776482582,0.015683740377426147,0.005683740600943565
2290deff8cb38c64,gemm-p,gemm-p,lv2:__PARA__L0-1.__PARA__L1-5.__PARA__L2-16.__PARA__L3-1.__PIPE__L0-off.__PIPE__L2-flatten.__TILE__L0-1.__TILE__L2-4,target,query,query,finetune_dataset,data_309.pt,65899.0,graphgps_lite,4,50,paper_exact_seed4,3.6227638721466064,4.1526079177856445,0.5298440456390381,0.3799999952316284,0.28773483633995056,0.09226515889167786,0.029999999329447746,0.1082262247800827,0.07822622358798981,0.019999999552965164,0.1502661406993866,0.13026614487171173,0.019999999552965164,0.017088375985622406,0.002911623567342758
2e5b78aa62dc3423,gemm-p,gemm-p,lv2:__PARA__L0-12.__PARA__L1-32.__PARA__L2-16.__PARA__L3-1.__PIPE__L0-off.__PIPE__L2-flatten.__TILE__L0-1.__TILE__L2-1,target,query,query,finetune_dataset,data_345.pt,10982.0,graphgps_lite,4,50,paper_exact_seed4,4.9153218269348145,4.827584266662598,0.0877375602722168,0.3499999940395355,0.2801855206489563,0.06981447339057922,0.23999999463558197,0.18618695437908173,0.053813040256500244,0.36000001430511475,0.2600433826446533,0.09995663166046143,0.009999999776482582,0.007553040981292725,0.0024469587951898575
80c3e447e75f60fb,gemm-p,gemm-p,lv2:__PARA__L0-1.__PARA__L1-1.__PARA__L2-4.__PARA__L3-2.__PIPE__L0-off.__PIPE__L2-off.__TILE__L0-1.__TILE__L2-2,target,query,query,finetune_dataset,data_182.pt,1354866.0,graphgps_lite,4,50,paper_exact_seed4,1.4418889284133911,2.532956600189209,1.0910676717758179,0.009999999776482582,0.04427403211593628,0.034274034202098846,0.0,0.028022319078445435,0.028022319078445435,0.0,0.03841264545917511,0.03841264545917511,0.019999999552965164,0.02636931836605072,0.006369318813085556
cb44bd110671dfb6,gemm-p,gemm-p,lv2:__PARA__L0-1.__PARA__L1-1.__PARA__L2-1.__PARA__L3-5.__PIPE__L0-off.__PIPE__L2-off.__TILE__L0-1.__TILE__L2-2,target,query,query,finetune_dataset,data_93.pt,570770.0,graphgps_lite,4,50,paper_exact_seed4,2.0654733180999756,2.247847080230713,0.1823737621307373,0.009999999776482582,0.02140536904335022,0.011405369266867638,0.0,-0.0017503798007965088,0.0017503798007965088,0.0,0.0057756006717681885,0.0057756006717681885,0.019999999552965164,0.030508220195770264,0.0105082206428051
a8d1f1840483035f,gemm-p,gemm-p,lv2:__PARA__L0-1.__PARA__L1-5.__PARA__L2-2.__PARA__L3-1.__PIPE__L0-off.__PIPE__L2-flatten.__TILE__L0-1.__TILE__L2-2,target,query,query,finetune_dataset,data_311.pt,425416.0,graphgps_lite,4,50,paper_exact_seed4,2.2774908542633057,2.402101755142212,0.12461090087890625,0.20000000298023224,0.1428276002407074,0.05717240273952484,0.029999999329447746,0.03297033905982971,0.0029703397303819656,0.019999999552965164,0.0371057391166687,0.017105739563703537,0.009999999776482582,0.023636728525161743,0.013636728748679161
ad87ec7f414fbe82,gemm-p,gemm-p,lv2:__PARA__L0-2.__PARA__L1-32.__PARA__L2-10.__PARA__L3-1.__PIPE__L0-NA.__PIPE__L2-flatten.__TILE__L0-1.__TILE__L2-8,target,query,query,finetune_dataset,data_367.pt,9563.0,graphgps_lite,4,50,paper_exact_seed4,5.015124320983887,4.781318664550781,0.23380565643310547,0.23000000417232513,0.2446504682302475,0.014650464057922363,0.1599999964237213,0.15104269981384277,0.00895729660987854,0.2199999988079071,0.19012202322483063,0.029877975583076477,0.009999999776482582,0.018133163452148438,0.008133163675665855
43d18c5165979f67,gemm-p,gemm-p,lv2:__PARA__L0-1.__PARA__L1-1.__PARA__L2-1.__PARA__L3-1.__PIPE__L0-off.__PIPE__L2-off.__TILE__L0-1.__TILE__L2-1,target,query,query,finetune_dataset,data_79.pt,461231.0,graphgps_lite,4,50,paper_exact_seed4,2.2191834449768066,3.002772808074951,0.7835893630981445,0.0,0.01906590163707733,0.01906590163707733,0.0,-0.003658875823020935,0.003658875823020935,0.0,0.037871524691581726,0.037871524691581726,0.009999999776482582,0.04261155426502228,0.032611556351184845
539dbea26e2d76bb,gemm-p,gemm-p,lv2:__PARA__L0-15.__PARA__L1-32.__PARA__L2-16.__PARA__L3-1.__PIPE__L0-off.__PIPE__L2-flatten.__TILE__L0-4.__TILE__L2-1,target,query,query,finetune_dataset,data_358.pt,11552.0,graphgps_lite,4,50,paper_exact_seed4,4.878820896148682,4.795508861541748,0.0833120346069336,0.3499999940395355,0.28062307834625244,0.06937691569328308,0.23999999463558197,0.18234048783779144,0.05765950679779053,0.36000001430511475,0.2630476951599121,0.09695231914520264,0.009999999776482582,0.008759848773479462,0.0012401510030031204
c72435dad60775dc,gemm-p,gemm-p,lv2:__PARA__L0-1.__PARA__L1-1.__PARA__L2-2.__PARA__L3-5.__PIPE__L0-off.__PIPE__L2-off.__TILE__L0-1.__TILE__L2-1,target,query,query,finetune_dataset,data_147.pt,106325.0,graphgps_lite,4,50,paper_exact_seed4,3.2776875495910645,3.26560115814209,0.01208639144897461,0.019999999552965164,0.02815583348274231,0.008155833929777145,0.009999999776482582,-0.003414243459701538,0.01341424323618412,0.009999999776482582,0.022971540689468384,0.012971540912985802,0.029999999329447746,0.033875301480293274,0.0038753021508455276
6c54beba2b4ed543,gemm-p,gemm-p,lv2:__PARA__L0-6.__PARA__L1-32.__PARA__L2-16.__PARA__L3-1.__PIPE__L0-NA.__PIPE__L2-flatten.__TILE__L0-1.__TILE__L2-1,target,query,query,finetune_dataset,data_423.pt,9860.0,graphgps_lite,4,50,paper_exact_seed4,4.993062496185303,4.904016017913818,0.08904647827148438,0.3499999940395355,0.29604169726371765,0.05395829677581787,0.23999999463558197,0.19953295588493347,0.0404670387506485,0.36000001430511475,0.3108609616756439,0.049139052629470825,0.009999999776482582,0.008209101855754852,0.0017908979207277298
eb5b77491060db4d,gemm-p,gemm-p,lv2:__PARA__L0-15.__PARA__L1-32.__PARA__L2-10.__PARA__L3-1.__PIPE__L0-NA.__PIPE__L2-flatten.__TILE__L0-4.__TILE__L2-1,target,query,query,finetune_dataset,data_352.pt,12092.0,graphgps_lite,4,50,paper_exact_seed4,4.845865726470947,4.68105936050415,0.16480636596679688,0.23000000417232513,0.20180264115333557,0.028197363018989563,0.1599999964237213,0.11260491609573364,0.04739508032798767,0.2199999988079071,0.1955966055393219,0.024403393268585205,0.009999999776482582,0.017894819378852844,0.007894819602370262
8182068f572e5954,gemm-p,gemm-p,lv2:__PARA__L0-1.__PARA__L1-1.__PARA__L2-8.__PARA__L3-5.__PIPE__L0-off.__PIPE__L2-off.__TILE__L0-1.__TILE__L2-1,target,query,query,finetune_dataset,data_224.pt,20465.0,graphgps_lite,4,50,paper_exact_seed4,4.466312885284424,4.652853488922119,0.1865406036376953,0.05000000074505806,0.07012903690338135,0.020129036158323288,0.029999999329447746,0.04495115578174591,0.014951156452298164,0.07000000029802322,0.0916806161403656,0.021680615842342377,0.03999999910593033,0.034275464713573456,0.0057245343923568726
c6e49ec4b4435aed,gemm-p,gemm-p,lv2:__PARA__L0-15.__PARA__L1-32.__PARA__L2-16.__PARA__L3-1.__PIPE__L0-NA.__PIPE__L2-flatten.__TILE__L0-4.__TILE__L2-1,target,query,query,finetune_dataset,data_356.pt,11552.0,graphgps_lite,4,50,paper_exact_seed4,4.878820896148682,4.785840034484863,0.09298086166381836,0.3499999940395355,0.2759496569633484,0.07405033707618713,0.23999999463558197,0.17786864936351776,0.06213134527206421,0.36000001430511475,0.25551682710647583,0.10448318719863892,0.009999999776482582,0.008288830518722534,0.001711169257760048
92aa6f350cc3d58e,gemm-p,gemm-p,lv2:__PARA__L0-3.__PARA__L1-32.__PARA__L2-10.__PARA__L3-1.__PIPE__L0-NA.__PIPE__L2-flatten.__TILE__L0-1.__TILE__L2-8,target,query,query,finetune_dataset,data_382.pt,9717.0,graphgps_lite,4,50,paper_exact_seed4,5.003600597381592,4.881064414978027,0.12253618240356445,0.23000000417232513,0.2600501477718353,0.030050143599510193,0.1599999964237213,0.16753879189491272,0.007538795471191406,0.2199999988079071,0.2102571427822113,0.0097428560256958,0.009999999776482582,0.015281528234481812,0.005281528457999229
3abca6a56e6f2142,gemm-p,gemm-p,lv2:__PARA__L0-1.__PARA__L1-8.__PARA__L2-16.__PARA__L3-1.__PIPE__L0-off.__PIPE__L2-flatten.__TILE__L0-1.__TILE__L2-1,target,query,query,finetune_dataset,data_331.pt,11167.0,graphgps_lite,4,50,paper_exact_seed4,4.903271198272705,4.699419975280762,0.20385122299194336,0.3199999928474426,0.27396702766418457,0.04603296518325806,0.23999999463558197,0.14109331369400024,0.09890668094158173,0.36000001430511475,0.21428118646144867,0.14571882784366608,0.009999999776482582,0.019356824457645416,0.009356824681162834
383353e3b882b145,gemm-p,gemm-p,lv2:__PARA__L0-1.__PARA__L1-2.__PARA__L2-1.__PARA__L3-32.__PIPE__L0-off.__PIPE__L2-off.__TILE__L0-1.__TILE__L2-1,target,query,query,finetune_dataset,data_242.pt,286909.0,graphgps_lite,4,50,paper_exact_seed4,2.561631441116333,2.958303928375244,0.39667248725891113,0.009999999776482582,0.03892889618873596,0.02892889641225338,0.0,-0.001153409481048584,0.001153409481048584,0.0,0.0428142249584198,0.0428142249584198,0.05000000074505806,0.04284602403640747,0.007153976708650589
959efd0cce53df30,gemm-p,gemm-p,lv2:__PARA__L0-30.__PARA__L1-32.__PARA__L2-16.__PARA__L3-1.__PIPE__L0-off.__PIPE__L2-flatten.__TILE__L0-1.__TILE__L2-1,target,query,query,finetune_dataset,data_397.pt,14419.0,graphgps_lite,4,50,paper_exact_seed4,4.718906402587891,4.773249626159668,0.054343223571777344,0.3499999940395355,0.2817016839981079,0.06829831004142761,0.23999999463558197,0.18570461869239807,0.0542953759431839,0.36000001430511475,0.26215216517448425,0.0978478491306305,0.009999999776482582,0.008489206433296204,0.0015107933431863785
db7da4b4c353bdb1,gemm-p,gemm-p,lv2:__PARA__L0-1.__PARA__L1-4.__PARA__L2-16.__PARA__L3-1.__PIPE__L0-off.__PIPE__L2-flatten.__TILE__L0-1.__TILE__L2-1,target,query,query,finetune_dataset,data_294.pt,11827.0,graphgps_lite,4,50,paper_exact_seed4,4.861850261688232,4.7320556640625,0.12979459762573242,0.3199999928474426,0.2559162676334381,0.06408372521400452,0.23999999463558197,0.1385701298713684,0.10142986476421356,0.36000001430511475,0.20287102460861206,0.15712898969650269,0.009999999776482582,0.01764810085296631,0.0076481010764837265
e6fc07ef29cf871c,gemm-p,gemm-p,lv2:__PARA__L0-1.__PARA__L1-32.__PARA__L2-10.__PARA__L3-1.__PIPE__L0-off.__PIPE__L2-flatten.__TILE__L0-2.__TILE__L2-1,target,query,query,finetune_dataset,data_278.pt,9563.0,graphgps_lite,4,50,paper_exact_seed4,5.015124320983887,4.743195056915283,0.2719292640686035,0.23000000417232513,0.1960102915763855,0.033989712595939636,0.1599999964237213,0.11463940143585205,0.04536059498786926,0.2199999988079071,0.1842949539422989,0.035705044865608215,0.009999999776482582,0.022495180368423462,0.01249518059194088
2d2deba5a323b304,gemm-p,gemm-p,lv2:__PARA__L0-5.__PARA__L1-32.__PARA__L2-16.__PARA__L3-1.__PIPE__L0-NA.__PIPE__L2-flatten.__TILE__L0-1.__TILE__L2-1,target,query,query,finetune_dataset,data_416.pt,9680.0,graphgps_lite,4,50,paper_exact_seed4,5.00635290145874,4.90010929107666,0.10624361038208008,0.3499999940395355,0.29286569356918335,0.05713430047035217,0.23999999463558197,0.19716417789459229,0.042835816740989685,0.36000001430511475,0.303308367729187,0.056691646575927734,0.009999999776482582,0.00919690728187561,0.0008030924946069717
36677464ca0ecb4d,gemm-p,gemm-p,lv2:__PARA__L0-1.__PARA__L1-16.__PARA__L2-1.__PARA__L3-32.__PIPE__L0-off.__PIPE__L2-off.__TILE__L0-1.__TILE__L2-1,target,query,query,finetune_dataset,data_234.pt,285589.0,graphgps_lite,4,50,paper_exact_seed4,2.564957857131958,2.715794563293457,0.15083670616149902,0.009999999776482582,0.05254295468330383,0.0425429567694664,0.009999999776482582,0.001934155821800232,0.00806584395468235,0.019999999552965164,0.057679250836372375,0.03767925128340721,0.05000000074505806,0.04450838267803192,0.005491618067026138
392ecd77c14e7fb5,gemm-p,gemm-p,lv2:__PARA__L0-3.__PARA__L1-32.__PARA__L2-1.__PARA__L3-1.__PIPE__L0-NA.__PIPE__L2-flatten.__TILE__L0-1.__TILE__L2-80,target,query,query,finetune_dataset,data_380.pt,32157.0,graphgps_lite,4,50,paper_exact_seed4,4.140325546264648,4.115033149719238,0.025292396545410156,0.05999999865889549,0.06854546070098877,0.008545462042093277,0.019999999552965164,0.03620818257331848,0.016208183020353317,0.03999999910593033,0.07205845415592194,0.03205845504999161,0.05000000074505806,0.04705684632062912,0.00294315442442894
08c0db4b86809ca1,gemm-p,gemm-p,lv2:__PARA__L0-2.__PARA__L1-32.__PARA__L2-16.__PARA__L3-1.__PIPE__L0-off.__PIPE__L2-flatten.__TILE__L0-1.__TILE__L2-1,target,query,query,finetune_dataset,data_370.pt,9179.0,graphgps_lite,4,50,paper_exact_seed4,5.044687747955322,4.903710842132568,0.1409769058227539,0.3499999940395355,0.26860472559928894,0.08139526844024658,0.23999999463558197,0.15921075642108917,0.0807892382144928,0.36000001430511475,0.22982221841812134,0.1301777958869934,0.009999999776482582,0.013817116618156433,0.003817116841673851
084cdd7b355296ae,gemm-p,gemm-p,lv2:__PARA__L0-1.__PARA__L1-2.__PARA__L2-8.__PARA__L3-1.__PIPE__L0-off.__PIPE__L2-flatten.__TILE__L0-1.__TILE__L2-1,target,query,query,finetune_dataset,data_263.pt,13387.0,graphgps_lite,4,50,paper_exact_seed4,4.772475719451904,4.619029998779297,0.15344572067260742,0.17000000178813934,0.15235500037670135,0.01764500141143799,0.11999999731779099,0.08495594561100006,0.035044051706790924,0.18000000715255737,0.13178028166294098,0.048219725489616394,0.009999999776482582,0.02868741750717163,0.01868741773068905
ef36d8bab41db1c1,gemm-p,gemm-p,lv2:__PARA__L0-1.__PARA__L1-1.__PARA__L2-10.__PARA__L3-7.__PIPE__L0-off.__PIPE__L2-off.__TILE__L0-1.__TILE__L2-1,target,query,query,finetune_dataset,data_116.pt,16743.0,graphgps_lite,4,50,paper_exact_seed4,4.61111307144165,4.708730220794678,0.09761714935302734,0.07999999821186066,0.08315481245517731,0.0031548142433166504,0.05000000074505806,0.05757150053977966,0.007571499794721603,0.11999999731779099,0.11582636833190918,0.004173628985881805,0.03999999910593033,0.03229627013206482,0.007703728973865509
f90613c81f2f84b3,gemm-p,gemm-p,lv2:__PARA__L0-1.__PARA__L1-1.__PARA__L2-8.__PARA__L3-7.__PIPE__L0-off.__PIPE__L2-off.__TILE__L0-1.__TILE__L2-2,target,query,query,finetune_dataset,data_228.pt,292908.0,graphgps_lite,4,50,paper_exact_seed4,2.5467042922973633,2.790541172027588,0.2438368797302246,0.019999999552965164,0.056280240416526794,0.03628024086356163,0.009999999776482582,0.03405958414077759,0.024059584364295006,0.019999999552965164,0.0792151689529419,0.05921516939997673,0.03999999910593033,0.029560618102550507,0.010439381003379822
8549252cb5d872bf,gemm-p,gemm-p,lv2:__PARA__L0-1.__PARA__L1-1.__PARA__L2-20.__PARA__L3-14.__PIPE__L0-off.__PIPE__L2-off.__TILE__L0-1.__TILE__L2-1,target,query,query,finetune_dataset,data_160.pt,12790.0,graphgps_lite,4,50,paper_exact_seed4,4.805384159088135,4.565675258636475,0.23970890045166016,0.30000001192092896,0.15660494565963745,0.1433950662612915,0.1899999976158142,0.09067894518375397,0.09932105243206024,0.4699999988079071,0.17438411712646484,0.29561588168144226,0.009999999776482582,0.025256477296352386,0.015256477519869804
c54c0bb4e3c4346a,gemm-p,gemm-p,lv2:__PARA__L0-1.__PARA__L1-1.__PARA__L2-4.__PARA__L3-7.__PIPE__L0-off.__PIPE__L2-NA.__TILE__L0-1.__TILE__L2-1,target,query,query,finetune_dataset,data_188.pt,64384.0,graphgps_lite,4,50,paper_exact_seed4,3.6395411491394043,3.981858730316162,0.3423175811767578,0.05999999865889549,0.0721866637468338,0.012186665087938309,0.029999999329447746,0.026441752910614014,0.0035582464188337326,0.05000000074505806,0.059774622321128845,0.009774621576070786,0.029999999329447746,0.029478728771209717,0.0005212705582380295
ea3874af8c10f66f,gemm-p,gemm-p,lv2:__PARA__L0-1.__PARA__L1-4.__PARA__L2-10.__PARA__L3-1.__PIPE__L0-off.__PIPE__L2-flatten.__TILE__L0-1.__TILE__L2-1,target,query,query,finetune_dataset,data_292.pt,12187.0,graphgps_lite,4,50,paper_exact_seed4,4.8402204513549805,4.6649675369262695,0.17525291442871094,0.20999999344348907,0.1876002699136734,0.022399723529815674,0.15000000596046448,0.09820062667131424,0.05179937928915024,0.2199999988079071,0.1582827866077423,0.061717212200164795,0.009999999776482582,0.02482236921787262,0.014822369441390038
2f852363af8edda9,gemm-p,gemm-p,lv2:__PARA__L0-1.__PARA__L1-1.__PARA__L2-1.__PARA__L3-2.__PIPE__L0-off.__PIPE__L2-off.__TILE__L0-1.__TILE__L2-2,target,query,query,finetune_dataset,data_88.pt,1354136.0,graphgps_lite,4,50,paper_exact_seed4,1.4422776699066162,2.2361950874328613,0.7939174175262451,0.009999999776482582,0.02384650707244873,0.013846507295966148,0.0,-0.0011295974254608154,0.0011295974254608154,0.0,0.005562245845794678,0.005562245845794678,0.009999999776482582,0.03086124360561371,0.020861243829131126
a041a0b04cb7eb40,gemm-p,gemm-p,lv2:__PARA__L0-1.__PARA__L1-4.__PARA__L2-1.__PARA__L3-1.__PIPE__L0-off.__PIPE__L2-flatten.__TILE__L0-1.__TILE__L2-1,target,query,query,finetune_dataset,data_287.pt,32587.0,graphgps_lite,4,50,paper_exact_seed4,4.130743980407715,3.846096992492676,0.28464698791503906,0.029999999329447746,0.050061702728271484,0.020061703398823738,0.009999999776482582,-0.01091313362121582,0.020913133397698402,0.019999999552965164,0.041134029626846313,0.02113403007388115,0.05000000074505806,0.042916253209114075,0.007083747535943985
a3d4be369c427331,gemm-p,gemm-p,lv2:__PARA__L0-1.__PARA__L1-1.__PARA__L2-10.__PARA__L3-70.__PIPE__L0-off.__PIPE__L2-off.__TILE__L0-1.__TILE__L2-1,target,query,query,finetune_dataset,data_119.pt,14947.0,graphgps_lite,4,50,paper_exact_seed4,4.69296407699585,4.504680633544922,0.18828344345092773,0.20999999344348907,0.18004247546195984,0.029957517981529236,0.15000000596046448,0.1144380122423172,0.03556199371814728,0.2199999988079071,0.17595067620277405,0.04404932260513306,0.009999999776482582,0.02900540828704834,0.019005408510565758
c61aaebe669746f1,gemm-p,gemm-p,lv2:__PARA__L0-2.__PARA__L1-32.__PARA__L2-16.__PARA__L3-1.__PIPE__L0-NA.__PIPE__L2-flatten.__TILE__L0-1.__TILE__L2-1,target,query,query,finetune_dataset,data_369.pt,9179.0,graphgps_lite,4,50,paper_exact_seed4,5.044687747955322,4.887582302093506,0.1571054458618164,0.3499999940395355,0.2616187334060669,0.08838126063346863,0.23999999463558197,0.16180653870105743,0.07819345593452454,0.36000001430511475,0.24570778012275696,0.11429223418235779,0.009999999776482582,0.014304563403129578,0.0043045636266469955
6a48c75fc069f0a2,gemm-p,gemm-p,lv2:__PARA__L0-1.__PARA__L1-4.__PARA__L2-1.__PARA__L3-32.__PIPE__L0-off.__PIPE__L2-off.__TILE__L0-1.__TILE__L2-80,target,query,query,finetune_dataset,data_290.pt,286369.0,graphgps_lite,4,50,paper_exact_seed4,2.562990427017212,2.7365150451660156,0.1735246181488037,0.009999999776482582,0.018141135573387146,0.008141135796904564,0.0,-0.0028874725103378296,0.0028874725103378296,0.0,-0.0037198662757873535,0.0037198662757873535,0.05000000074505806,0.038992732763290405,0.011007267981767654
ee521b66d72488d4,gemm-p,gemm-p,lv2:__PARA__L0-1.__PARA__L1-1.__PARA__L2-8.__PARA__L3-2.__PIPE__L0-off.__PIPE__L2-off.__TILE__L0-1.__TILE__L2-2,target,query,query,finetune_dataset,data_222.pt,913796.0,graphgps_lite,4,50,paper_exact_seed4,1.7259920835494995,2.8162431716918945,1.090251088142395,0.009999999776482582,0.06383055448532104,0.05383055657148361,0.0,0.03996405005455017,0.03996405005455017,0.0,0.07735289633274078,0.07735289633274078,0.019999999552965164,0.029064297676086426,0.009064298123121262
d6ceeb99601c9668,gemm-p,gemm-p,lv2:__PARA__L0-20.__PARA__L1-32.__PARA__L2-16.__PARA__L3-1.__PIPE__L0-NA.__PIPE__L2-flatten.__TILE__L0-1.__TILE__L2-1,target,query,query,finetune_dataset,data_376.pt,12506.0,graphgps_lite,4,50,paper_exact_seed4,4.821581840515137,4.775965213775635,0.04561662673950195,0.3499999940395355,0.27892398834228516,0.07107600569725037,0.23999999463558197,0.1806735396385193,0.05932645499706268,0.36000001430511475,0.25661760568618774,0.103382408618927,0.009999999776482582,0.007772982120513916,0.002227017655968666
685dc85ed3de4aaf,gemm-p,gemm-p,lv2:__PARA__L0-12.__PARA__L1-32.__PARA__L2-10.__PARA__L3-1.__PIPE__L0-off.__PIPE__L2-flatten.__TILE__L0-1.__TILE__L2-8,target,query,query,finetune_dataset,data_343.pt,11486.0,graphgps_lite,4,50,paper_exact_seed4,4.882954120635986,4.917020797729492,0.03406667709350586,0.23000000417232513,0.26192706823349,0.031927064061164856,0.1599999964237213,0.1289566159248352,0.03104338049888611,0.2199999988079071,0.1733338087797165,0.04666619002819061,0.009999999776482582,0.01526399701833725,0.005263997241854668
3e229f230250c38c,gemm-p,gemm-p,lv2:__PARA__L0-1.__PARA__L1-2.__PARA__L2-8.__PARA__L3-70.__PIPE__L0-off.__PIPE__L2-off.__TILE__L0-1.__TILE__L2-1,target,query,query,finetune_dataset,data_265.pt,13387.0,graphgps_lite,4,50,paper_exact_seed4,4.772475719451904,4.528883457183838,0.2435922622680664,0.17000000178813934,0.15763911604881287,0.012360885739326477,0.11999999731779099,0.1022246778011322,0.017775319516658783,0.18000000715255737,0.15205302834510803,0.02794697880744934,0.009999999776482582,0.02876199781894684,0.018761998042464256
11afce2ecc6de15c,gemm-p,gemm-p,lv2:__PARA__L0-1.__PARA__L1-1.__PARA__L2-10.__PARA__L3-10.__PIPE__L0-off.__PIPE__L2-off.__TILE__L0-1.__TILE__L2-1,target,query,query,finetune_dataset,data_104.pt,12550.0,graphgps_lite,4,50,paper_exact_seed4,4.8190484046936035,4.648998260498047,0.17005014419555664,0.10999999940395355,0.08201083540916443,0.027989163994789124,0.07000000029802322,0.05851656198501587,0.011483438313007355,0.17000000178813934,0.12804296612739563,0.04195703566074371,0.009999999776482582,0.03399094194173813,0.023990942165255547
a99f3ca11b317ea1,gemm-p,gemm-p,lv2:__PARA__L0-2.__PARA__L1-16.__PARA__L2-16.__PARA__L3-1.__PIPE__L0-off.__PIPE__L2-flatten.__TILE__L0-1.__TILE__L2-1,target,query,query,finetune_dataset,data_364.pt,9307.0,graphgps_lite,4,50,paper_exact_seed4,5.034698009490967,4.872873306274414,0.16182470321655273,0.3499999940395355,0.2805953323841095,0.06940466165542603,0.23999999463558197,0.1624544858932495,0.07754550874233246,0.36000001430511475,0.24774540960788727,0.11225460469722748,0.009999999776482582,0.017138458788394928,0.007138459011912346
213cd979bba3abbb,gemm-p,gemm-p,lv2:__PARA__L0-1.__PARA__L1-1.__PARA__L2-1.__PARA__L3-10.__PIPE__L0-off.__PIPE__L2-off.__TILE__L0-1.__TILE__L2-4,target,query,query,finetune_dataset,data_82.pt,436495.0,graphgps_lite,4,50,paper_exact_seed4,2.2589454650878906,2.207902431488037,0.051043033599853516,0.009999999776482582,0.027016431093215942,0.01701643131673336,0.0,0.0022853314876556396,0.0022853314876556396,0.0,0.017954647541046143,0.017954647541046143,0.019999999552965164,0.029573649168014526,0.009573649615049362
49a327056510f08f,gemm-p,gemm-p,lv2:__PARA__L0-1.__PARA__L1-2.__PARA__L2-4.__PARA__L3-70.__PIPE__L0-off.__PIPE__L2-NA.__TILE__L0-1.__TILE__L2-1,target,query,query,finetune_dataset,data_258.pt,21847.0,graphgps_lite,4,50,paper_exact_seed4,4.419174671173096,4.4095458984375,0.009628772735595703,0.07999999821186066,0.10502779483795166,0.025027796626091003,0.05000000074505806,0.07433320581912994,0.024333205074071884,0.05000000074505806,0.10486173629760742,0.05486173555254936,0.009999999776482582,0.03118027001619339,0.021180270239710808
f58d119853628e07,gemm-p,gemm-p,lv2:__PARA__L0-1.__PARA__L1-2.__PARA__L2-2.__PARA__L3-1.__PIPE__L0-off.__PIPE__L2-flatten.__TILE__L0-1.__TILE__L2-1,target,query,query,finetune_dataset,data_254.pt,33547.0,graphgps_lite,4,50,paper_exact_seed4,4.109800338745117,4.137035369873047,0.027235031127929688,0.03999999910593033,0.05348360538482666,0.013483606278896332,0.019999999552965164,-0.0002946704626083374,0.0202946700155735,0.019999999552965164,0.042545169591903687,0.022545170038938522,0.009999999776482582,0.03191427141427994,0.021914271637797356
bc0b4a3eb203b33e,gemm-p,gemm-p,lv2:__PARA__L0-1.__PARA__L1-1.__PARA__L2-2.__PARA__L3-5.__PIPE__L0-off.__PIPE__L2-off.__TILE__L0-1.__TILE__L2-4,target,query,query,finetune_dataset,data_149.pt,618060.0,graphgps_lite,4,50,paper_exact_seed4,2.008054733276367,2.2785487174987793,0.2704939842224121,0.009999999776482582,0.02969011664390564,0.019690116867423058,0.0,0.008652448654174805,0.008652448654174805,0.0,0.02381950616836548,0.02381950616836548,0.029999999329447746,0.02698323130607605,0.0030167680233716965
0672e73f8bfbb77c,gemm-p,gemm-p,lv2:__PARA__L0-1.__PARA__L1-14.__PARA__L2-1.__PARA__L3-32.__PIPE__L0-off.__PIPE__L2-off.__TILE__L0-1.__TILE__L2-1,target,query,query,finetune_dataset,data_232.pt,285169.0,graphgps_lite,4,50,paper_exact_seed4,2.5660195350646973,2.7148642539978027,0.14884471893310547,0.019999999552965164,0.0529821515083313,0.032982151955366135,0.009999999776482582,0.001413688063621521,0.008586311712861061,0.009999999776482582,0.05668361485004425,0.04668361693620682,0.05000000074505806,0.0441097617149353,0.005890239030122757
8951b788629b4d4d,gemm-p,gemm-p,lv2:__PARA__L0-1.__PARA__L1-1.__PARA__L2-4.__PARA__L3-7.__PIPE__L0-off.__PIPE__L2-off.__TILE__L0-1.__TILE__L2-2,target,query,query,finetune_dataset,data_190.pt,433979.0,graphgps_lite,4,50,paper_exact_seed4,2.263115406036377,2.5212879180908203,0.25817251205444336,0.009999999776482582,0.036890909075737,0.026890909299254417,0.0,0.02195802330970764,0.02195802330970764,0.009999999776482582,0.04003313183784485,0.030033132061362267,0.029999999329447746,0.026749275624752045,0.0032507237046957016
998f552ce8cd3b0b,gemm-p,gemm-p,lv2:__PARA__L0-1.__PARA__L1-1.__PARA__L2-4.__PARA__L3-14.__PIPE__L0-off.__PIPE__L2-off.__TILE__L0-1.__TILE__L2-4,target,query,query,finetune_dataset,data_179.pt,171065.0,graphgps_lite,4,50,paper_exact_seed4,2.9346559047698975,2.50911808013916,0.4255378246307373,0.019999999552965164,0.06144420802593231,0.04144420847296715,0.009999999776482582,0.02572639286518097,0.015726393088698387,0.009999999776482582,0.06758658587932587,0.057586587965488434,0.03999999910593033,0.028889216482639313,0.011110782623291016
0742731e2639c567,gemm-p,gemm-p,lv2:__PARA__L0-1.__PARA__L1-5.__PARA__L2-8.__PARA__L3-1.__PIPE__L0-off.__PIPE__L2-flatten.__TILE__L0-1.__TILE__L2-2,target,query,query,finetune_dataset,data_322.pt,122715.0,graphgps_lite,4,50,paper_exact_seed4,3.174272298812866,3.295975685119629,0.1217033863067627,0.3199999928474426,0.20672455430030823,0.1132754385471344,0.11999999731779099,0.06549069285392761,0.05450930446386337,0.18000000715255737,0.0909256637096405,0.08907434344291687,0.009999999776482582,0.019463486969470978,0.009463487192988396
a3f47dd603d44fac,gemm-p,gemm-p,lv2:__PARA__L0-1.__PARA__L1-1.__PARA__L2-1.__PARA__L3-4.__PIPE__L0-off.__PIPE__L2-off.__TILE__L0-1.__TILE__L2-1,target,query,query,finetune_dataset,data_91.pt,322669.0,graphgps_lite,4,50,paper_exact_seed4,2.476900577545166,2.962116241455078,0.4852156639099121,0.009999999776482582,0.021337926387786865,0.011337926611304283,0.0,-0.010231450200080872,0.010231450200080872,0.0,0.02631315588951111,0.02631315588951111,0.019999999552965164,0.03863225877285004,0.018632259219884872
fb1114b6b71fa02e,gemm-p,gemm-p,lv2:__PARA__L0-1.__PARA__L1-1.__PARA__L2-4.__PARA__L3-7.__PIPE__L0-off.__PIPE__L2-off.__TILE__L0-1.__TILE__L2-1,target,query,query,finetune_dataset,data_189.pt,23584.0,graphgps_lite,4,50,paper_exact_seed4,4.363987922668457,4.3181610107421875,0.04582691192626953,0.03999999910593033,0.05718997120857239,0.01718997210264206,0.019999999552965164,0.022783547639846802,0.0027835480868816376,0.05000000074505806,0.05553063750267029,0.005530636757612228,0.029999999329447746,0.03362612426280975,0.003626124933362007
4906c8bd40b87d68,gemm-p,gemm-p,lv2:__PARA__L0-1.__PARA__L1-1.__PARA__L2-4.__PARA__L3-2.__PIPE__L0-off.__PIPE__L2-NA.__TILE__L0-1.__TILE__L2-1,target,query,query,finetune_dataset,data_180.pt,91931.0,graphgps_lite,4,50,paper_exact_seed4,3.3826165199279785,4.1009087562561035,0.718292236328125,0.029999999329447746,0.06518614292144775,0.03518614172935486,0.009999999776482582,0.02199813723564148,0.011998137459158897,0.019999999552965164,0.04948219656944275,0.029482197016477585,0.019999999552965164,0.026093915104866028,0.006093915551900864
6e5c2cdd9eaec4b2,gemm-p,gemm-p,lv2:__PARA__L0-1.__PARA__L1-2.__PARA__L2-1.__PARA__L3-70.__PIPE__L0-off.__PIPE__L2-off.__TILE__L0-1.__TILE__L2-1,target,query,query,finetune_dataset,data_246.pt,33247.0,graphgps_lite,4,50,paper_exact_seed4,4.1162800788879395,4.069416522979736,0.046863555908203125,0.029999999329447746,0.08534926176071167,0.055349260568618774,0.009999999776482582,0.04370126128196716,0.03370126336812973,0.019999999552965164,0.06130105257034302,0.04130105301737785,0.05000000074505806,0.04168923199176788,0.008310768753290176
dfccf34a168c3e6b,gemm-p,gemm-p,lv2:__PARA__L0-1.__PARA__L1-1.__PARA__L2-5.__PARA__L3-14.__PIPE__L0-off.__PIPE__L2-off.__TILE__L0-1.__TILE__L2-2,target,query,query,finetune_dataset,data_200.pt,211097.0,graphgps_lite,4,50,paper_exact_seed4,2.7829749584198,2.6378531455993652,0.14512181282043457,0.019999999552965164,0.048389434814453125,0.02838943526148796,0.009999999776482582,0.03674270212650299,0.02674270235002041,0.019999999552965164,0.060996830463409424,0.04099683091044426,0.03999999910593033,0.028908193111419678,0.01109180599451065
a6dc35a49236c7ab,gemm-p,gemm-p,lv2:__PARA__L0-1.__PARA__L1-1.__PARA__L2-4.__PARA__L3-14.__PIPE__L0-off.__PIPE__L2-NA.__TILE__L0-1.__TILE__L2-1,target,query,query,finetune_dataset,data_176.pt,61570.0,graphgps_lite,4,50,paper_exact_seed4,3.671778440475464,4.053189754486084,0.3814113140106201,0.09000000357627869,0.07474562525749207,0.015254378318786621,0.03999999910593033,0.03129050135612488,0.00870949774980545,0.09000000357627869,0.06797102093696594,0.022028982639312744,0.03999999910593033,0.031003065407276154,0.008996933698654175
5c03e66d33359257,gemm-p,gemm-p,lv2:__PARA__L0-10.__PARA__L1-32.__PARA__L2-16.__PARA__L3-1.__PIPE__L0-off.__PIPE__L2-flatten.__TILE__L0-1.__TILE__L2-1,target,query,query,finetune_dataset,data_338.pt,10603.0,graphgps_lite,4,50,paper_exact_seed4,4.940655708312988,4.8438401222229,0.09681558609008789,0.3499999940395355,0.28164833784103394,0.06835165619850159,0.23999999463558197,0.18906176090240479,0.050938233733177185,0.36000001430511475,0.2630248963832855,0.09697511792182922,0.009999999776482582,0.007700495421886444,0.002299504354596138
4730d0e52ba378ec,gemm-p,gemm-p,lv2:__PARA__L0-1.__PARA__L1-1.__PARA__L2-10.__PARA__L3-1.__PIPE__L0-off.__PIPE__L2-flatten.__TILE__L0-1.__TILE__L2-8,target,query,query,finetune_dataset,data_102.pt,14947.0,graphgps_lite,4,50,paper_exact_seed4,4.69296407699585,4.762427806854248,0.06946372985839844,0.20999999344348907,0.2314748764038086,0.02147488296031952,0.15000000596046448,0.12651264667510986,0.023487359285354614,0.2199999988079071,0.15491929650306702,0.06508070230484009,0.009999999776482582,0.01851099729537964,0.008510997518897057
fe18dfcc30bb1c89,gemm-p,gemm-p,lv2:__PARA__L0-1.__PARA__L1-1.__PARA__L2-5.__PARA__L3-2.__PIPE__L0-off.__PIPE__L2-off.__TILE__L0-1.__TILE__L2-2,target,query,query,finetune_dataset,data_203.pt,1255997.0,graphgps_lite,4,50,paper_exact_seed4,1.4965475797653198,2.637984275817871,1.1414366960525513,0.009999999776482582,0.050742775201797485,0.04074277728796005,0.0,0.03223894536495209,0.03223894536495209,0.0,0.05038540065288544,0.05038540065288544,0.019999999552965164,0.027152687311172485,0.007152687758207321
e566ce1ddeb8d42a,gemm-p,gemm-p,lv2:__PARA__L0-30.__PARA__L1-32.__PARA__L2-10.__PARA__L3-1.__PIPE__L0-off.__PIPE__L2-flatten.__TILE__L0-1.__TILE__L2-8,target,query,query,finetune_dataset,data_393.pt,15139.0,graphgps_lite,4,50,paper_exact_seed4,4.683757305145264,4.880215644836426,0.1964583396911621,0.23000000417232513,0.26818230748176575,0.03818230330944061,0.1599999964237213,0.1520756632089615,0.007924333214759827,0.2199999988079071,0.17489171028137207,0.045108288526535034,0.009999999776482582,0.017105482518672943,0.007105482742190361
f3d5aea3a08304a4,gemm-p,gemm-p,lv2:__PARA__L0-1.__PARA__L1-5.__PARA__L2-20.__PARA__L3-1.__PIPE__L0-off.__PIPE__L2-flatten.__TILE__L0-1.__TILE__L2-2,target,query,query,finetune_dataset,data_313.pt,64939.0,graphgps_lite,4,50,paper_exact_seed4,3.633349657058716,3.88657283782959,0.253223180770874,0.2199999988079071,0.28035908937454224,0.06035909056663513,0.019999999552965164,0.10164117813110352,0.08164118230342865,0.03999999910593033,0.1598491668701172,0.11984916776418686,0.009999999776482582,0.02363640069961548,0.013636400923132896
4f074dc2b0bf150a,gemm-p,gemm-p,lv2:__PARA__L0-1.__PARA__L1-4.__PARA__L2-8.__PARA__L3-1.__PIPE__L0-off.__PIPE__L2-flatten.__TILE__L0-1.__TILE__L2-1,target,query,query,finetune_dataset,data_298.pt,12727.0,graphgps_lite,4,50,paper_exact_seed4,4.808946132659912,4.6075439453125,0.2014021873474121,0.17000000178813934,0.1569073498249054,0.013092651963233948,0.11999999731779099,0.08520069718360901,0.034799300134181976,0.18000000715255737,0.13273325562477112,0.047266751527786255,0.009999999776482582,0.029145531356334686,0.019145531579852104
76de7e5ea6add072,gemm-p,gemm-p,lv2:__PARA__L0-2.__PARA__L1-32.__PARA__L2-10.__PARA__L3-1.__PIPE__L0-off.__PIPE__L2-flatten.__TILE__L0-1.__TILE__L2-8,target,query,query,finetune_dataset,data_368.pt,9563.0,graphgps_lite,4,50,paper_exact_seed4,5.015124320983887,4.779748439788818,0.23537588119506836,0.23000000417232513,0.2596197724342346,0.029619768261909485,0.1599999964237213,0.14335334300994873,0.016646653413772583,0.2199999988079071,0.16777463257312775,0.05222536623477936,0.009999999776482582,0.01516096293926239,0.005160963162779808
0b03d5f530abb853,gemm-p,gemm-p,lv2:__PARA__L0-1.__PARA__L1-1.__PARA__L2-16.__PARA__L3-7.__PIPE__L0-off.__PIPE__L2-NA.__TILE__L0-1.__TILE__L2-1,target,query,query,finetune_dataset,data_129.pt,33063.0,graphgps_lite,4,50,paper_exact_seed4,4.120283126831055,4.4136881828308105,0.29340505599975586,0.20000000298023224,0.17601743340492249,0.023982569575309753,0.10000000149011612,0.09923246502876282,0.000767536461353302,0.20000000298023224,0.17177647352218628,0.02822352945804596,0.019999999552965164,0.03045923262834549,0.010459233075380325
707056a975a8db31,gemm-p,gemm-p,lv2:__PARA__L0-30.__PARA__L1-32.__PARA__L2-16.__PARA__L3-1.__PIPE__L0-NA.__PIPE__L2-flatten.__TILE__L0-1.__TILE__L2-1,target,query,query,finetune_dataset,data_395.pt,14419.0,graphgps_lite,4,50,paper_exact_seed4,4.718906402587891,4.732789039611816,0.013882637023925781,0.3499999940395355,0.2848694324493408,0.0651305615901947,0.23999999463558197,0.18417225778102875,0.05582773685455322,0.36000001430511475,0.2714396119117737,0.08856040239334106,0.009999999776482582,0.00920841097831726,0.0007915887981653214
4afcb8c7b0112a4d,gemm-p,gemm-p,lv2:__PARA__L0-30.__PARA__L1-32.__PARA__L2-16.__PARA__L3-1.__PIPE__L0-off.__PIPE__L2-flatten.__TILE__L0-2.__TILE__L2-1,target,query,query,finetune_dataset,data_398.pt,14419.0,graphgps_lite,4,50,paper_exact_seed4,4.718906402587891,4.771400451660156,0.052494049072265625,0.3499999940395355,0.2806069254875183,0.06939306855201721,0.23999999463558197,0.18284684419631958,0.05715315043926239,0.36000001430511475,0.25832003355026245,0.1016799807548523,0.009999999776482582,0.00903484970331192,0.0009651500731706619
bf75c65558b7a94c,gemm-p,gemm-p,lv2:__PARA__L0-4.__PARA__L1-32.__PARA__L2-1.__PARA__L3-1.__PIPE__L0-off.__PIPE__L2-flatten.__TILE__L0-1.__TILE__L2-80,target,query,query,finetune_dataset,data_406.pt,33034.0,graphgps_lite,4,50,paper_exact_seed4,4.120916366577148,4.046909332275391,0.07400703430175781,0.05999999865889549,0.0464937686920166,0.013506229966878891,0.019999999552965164,0.019670963287353516,0.00032903626561164856,0.03999999910593033,0.05948390066623688,0.01948390156030655,0.05000000074505806,0.051616370677948,0.0016163699328899384
1ef39353a69dfec5,gemm-p,gemm-p,lv2:__PARA__L0-1.__PARA__L1-1.__PARA__L2-8.__PARA__L3-14.__PIPE__L0-off.__PIPE__L2-off.__TILE__L0-1.__TILE__L2-2,target,query,query,finetune_dataset,data_219.pt,164995.0,graphgps_lite,4,50,paper_exact_seed4,2.960716962814331,2.799807548522949,0.16090941429138184,0.029999999329447746,0.06110469996929169,0.03110470063984394,0.019999999552965164,0.04486769437789917,0.024867694824934006,0.029999999329447746,0.08979934453964233,0.05979934334754944,0.009999999776482582,0.030285872519016266,0.020285872742533684
6bfb9e054cecee78,gemm-p,gemm-p,lv2:__PARA__L0-1.__PARA__L1-2.__PARA__L2-10.__PARA__L3-1.__PIPE__L0-off.__PIPE__L2-flatten.__TILE__L0-1.__TILE__L2-1,target,query,query,finetune_dataset,data_247.pt,12847.0,graphgps_lite,4,50,paper_exact_seed4,4.802176475524902,4.677586555480957,0.12458992004394531,0.20999999344348907,0.18222302198410034,0.027776971459388733,0.15000000596046448,0.09811801463365555,0.05188199132680893,0.2199999988079071,0.1566092073917389,0.06339079141616821,0.009999999776482582,0.02429969608783722,0.014299696311354637
43df7890892e68db,gemm-p,gemm-p,lv2:__PARA__L0-1.__PARA__L1-1.__PARA__L2-8.__PARA__L3-2.__PIPE__L0-off.__PIPE__L2-NA.__TILE__L0-1.__TILE__L2-1,target,query,query,finetune_dataset,data_220.pt,54731.0,graphgps_lite,4,50,paper_exact_seed4,3.7567131519317627,4.420312881469727,0.6635997295379639,0.05000000074505806,0.1007523387670517,0.05075233802199364,0.019999999552965164,0.05420723557472229,0.034207236021757126,0.03999999910593033,0.09929247200489044,0.059292472898960114,0.019999999552965164,0.030869945883750916,0.010869946330785751
c2ee75a2842c4990,gemm-p,gemm-p,lv2:__PARA__L0-1.__PARA__L1-1.__PARA__L2-8.__PARA__L3-1.__PIPE__L0-off.__PIPE__L2-flatten.__TILE__L0-1.__TILE__L2-1,target,query,query,finetune_dataset,data_213.pt,15487.0,graphgps_lite,4,50,paper_exact_seed4,4.667363166809082,4.605135917663574,0.06222724914550781,0.17000000178813934,0.1526913344860077,0.017308667302131653,0.11999999731779099,0.08539418876171112,0.034605808556079865,0.18000000715255737,0.13243575394153595,0.04756425321102142,0.009999999776482582,0.029880434274673462,0.01988043449819088
25479773fe5d3dd0,gemm-p,gemm-p,lv2:__PARA__L0-1.__PARA__L1-32.__PARA__L2-16.__PARA__L3-1.__PIPE__L0-off.__PIPE__L2-flatten.__TILE__L0-1.__TILE__L2-1,target,query,query,finetune_dataset,data_283.pt,10807.0,graphgps_lite,4,50,paper_exact_seed4,4.92690896987915,4.817006587982178,0.10990238189697266,0.33000001311302185,0.26524654030799866,0.0647534728050232,0.23999999463558197,0.151311993598938,0.08868800103664398,0.36000001430511475,0.21808305382728577,0.14191696047782898,0.009999999776482582,0.013263851404190063,0.0032638516277074814
4d458343fcb07dcf,gemm-p,gemm-p,lv2:__PARA__L0-1.__PARA__L1-2.__PARA__L2-16.__PARA__L3-70.__PIPE__L0-off.__PIPE__L2-off.__TILE__L0-1.__TILE__L2-1,target,query,query,finetune_dataset,data_253.pt,12487.0,graphgps_lite,4,50,paper_exact_seed4,4.822678565979004,4.451286792755127,0.37139177322387695,0.3199999928474426,0.25341659784317017,0.06658339500427246,0.23999999463558197,0.15899446606636047,0.0810055285692215,0.36000001430511475,0.2832876741886139,0.07671234011650085,0.009999999776482582,0.026313841342926025,0.016313841566443443
75d6d53935daab05,gemm-p,gemm-p,lv2:__PARA__L0-1.__PARA__L1-1.__PARA__L2-20.__PARA__L3-2.__PIPE__L0-off.__PIPE__L2-off.__TILE__L0-1.__TILE__L2-1,target,query,query,finetune_dataset,data_163.pt,18551.0,graphgps_lite,4,50,paper_exact_seed4,4.537143707275391,4.526092052459717,0.011051654815673828,0.07999999821186066,0.12544426321983337,0.04544426500797272,0.05000000074505806,0.07894077897071838,0.028940778225660324,0.10000000149011612,0.14925271272659302,0.0492527112364769,0.029999999329447746,0.03288953751325607,0.0028895381838083267
298a63f3c60efac6,gemm-p,gemm-p,lv2:__PARA__L0-10.__PARA__L1-32.__PARA__L2-1.__PARA__L3-1.__PIPE__L0-off.__PIPE__L2-flatten.__TILE__L0-1.__TILE__L2-80,target,query,query,finetune_dataset,data_334.pt,38283.0,graphgps_lite,4,50,paper_exact_seed4,4.014540195465088,3.919041156768799,0.09549903869628906,0.05999999865889549,0.05132809281349182,0.008671905845403671,0.019999999552965164,0.014254093170166016,0.0057459063827991486,0.03999999910593033,0.05993765592575073,0.019937656819820404,0.05000000074505806,0.05237119644880295,0.0023711957037448883
65905651ddefa93d,gemm-p,gemm-p,lv2:__PARA__L0-1.__PARA__L1-1.__PARA__L2-5.__PARA__L3-1.__PIPE__L0-off.__PIPE__L2-flatten.__TILE__L0-1.__TILE__L2-1,target,query,query,finetune_dataset,data_194.pt,19109.0,graphgps_lite,4,50,paper_exact_seed4,4.515766143798828,4.484676837921143,0.031089305877685547,0.10000000149011612,0.11326354742050171,0.01326354593038559,0.07000000029802322,0.056456565856933594,0.01354343444108963,0.10999999940395355,0.09821401536464691,0.01178598403930664,0.009999999776482582,0.02940937876701355,0.019409378990530968
f6b5d9061a2b899c,gemm-p,gemm-p,lv2:__PARA__L0-1.__PARA__L1-70.__PARA__L2-1.__PARA__L3-32.__PIPE__L0-off.__PIPE__L2-off.__TILE__L0-1.__TILE__L2-1,target,query,query,finetune_dataset,data_325.pt,251089.0,graphgps_lite,4,50,paper_exact_seed4,2.6578285694122314,4.023480415344238,1.3656518459320068,0.029999999329447746,0.12970282137393951,0.09970282018184662,0.019999999552965164,0.08119618892669678,0.06119618937373161,0.07999999821186066,0.11400529742240906,0.0340052992105484,0.03999999910593033,0.045207127928733826,0.005207128822803497
0ba4ea1b6ce7461f,gemm-p,gemm-p,lv2:__PARA__L0-1.__PARA__L1-2.__PARA__L2-16.__PARA__L3-1.__PIPE__L0-off.__PIPE__L2-flatten.__TILE__L0-1.__TILE__L2-1,target,query,query,finetune_dataset,data_251.pt,12487.0,graphgps_lite,4,50,paper_exact_seed4,4.822678565979004,4.746208190917969,0.07647037506103516,0.3199999928474426,0.2497038096189499,0.07029618322849274,0.23999999463558197,0.13918901979923248,0.10081097483634949,0.36000001430511475,0.2000681459903717,0.15993186831474304,0.009999999776482582,0.016967467963695526,0.006967468187212944
d7a4be32a684722c,gemm-p,gemm-p,lv2:__PARA__L0-15.__PARA__L1-32.__PARA__L2-1.__PARA__L3-1.__PIPE__L0-NA.__PIPE__L2-flatten.__TILE__L0-1.__TILE__L2-80,target,query,query,finetune_dataset,data_347.pt,42692.0,graphgps_lite,4,50,paper_exact_seed4,3.9359092712402344,3.848550319671631,0.08735895156860352,0.05999999865889549,0.05624127388000488,0.0037587247788906097,0.019999999552965164,0.01788678765296936,0.002113211899995804,0.03999999910593033,0.06347155570983887,0.02347155660390854,0.05000000074505806,0.052942343056201935,0.002942342311143875
9929154d2a2ca07e,gemm-p,gemm-p,lv2:__PARA__L0-1.__PARA__L1-1.__PARA__L2-8.__PARA__L3-5.__PIPE__L0-off.__PIPE__L2-off.__TILE__L0-1.__TILE__L2-2,target,query,query,finetune_dataset,data_225.pt,391190.0,graphgps_lite,4,50,paper_exact_seed4,2.3379933834075928,2.807644844055176,0.469651460647583,0.009999999776482582,0.05821746587753296,0.048217467963695526,0.009999999776482582,0.034286171197891235,0.024286171421408653,0.009999999776482582,0.07669232785701752,0.06669232994318008,0.03999999910593033,0.029020756483078003,0.010979242622852325
1df20d1da09ff72e,gemm-p,gemm-p,lv2:__PARA__L0-1.__PARA__L1-32.__PARA__L2-10.__PARA__L3-1.__PIPE__L0-off.__PIPE__L2-flatten.__TILE__L0-1.__TILE__L2-8,target,query,query,finetune_dataset,data_277.pt,11167.0,graphgps_lite,4,50,paper_exact_seed4,4.903271198272705,4.813864231109619,0.08940696716308594,0.20999999344348907,0.24412746727466583,0.03412747383117676,0.15000000596046448,0.13375237584114075,0.01624763011932373,0.2199999988079071,0.16671359539031982,0.05328640341758728,0.009999999776482582,0.011796310544013977,0.001796310767531395
af6cac7f028324ae,gemm-p,gemm-p,lv2:__PARA__L0-1.__PARA__L1-1.__PARA__L2-10.__PARA__L3-5.__PIPE__L0-off.__PIPE__L2-off.__TILE__L0-1.__TILE__L2-1,target,query,query,finetune_dataset,data_113.pt,18784.0,graphgps_lite,4,50,paper_exact_seed4,4.528140068054199,4.708975315093994,0.18083524703979492,0.05999999865889549,0.08297364413738251,0.022973645478487015,0.03999999910593033,0.05916993319988251,0.01916993409395218,0.09000000357627869,0.11273607611656189,0.022736072540283203,0.029999999329447746,0.033003807067871094,0.0030038077384233475
d29de04a627b59bc,gemm-p,gemm-p,lv2:__PARA__L0-1.__PARA__L1-1.__PARA__L2-20.__PARA__L3-14.__PIPE__L0-off.__PIPE__L2-NA.__TILE__L0-1.__TILE__L2-1,target,query,query,finetune_dataset,data_159.pt,27370.0,graphgps_lite,4,50,paper_exact_seed4,4.256594657897949,4.376075744628906,0.11948108673095703,0.4300000071525574,0.2205946147441864,0.20940539240837097,0.20999999344348907,0.1299896091222763,0.08001038432121277,0.47999998927116394,0.20468923449516296,0.275310754776001,0.009999999776482582,0.027942806482315063,0.01794280670583248
98ea5a80877f836a,gemm-p,gemm-p,lv2:__PARA__L0-1.__PARA__L1-5.__PARA__L2-8.__PARA__L3-1.__PIPE__L0-off.__PIPE__L2-flatten.__TILE__L0-1.__TILE__L2-4,target,query,query,finetune_dataset,data_323.pt,88819.0,graphgps_lite,4,50,paper_exact_seed4,3.4074580669403076,3.883296489715576,0.47583842277526855,0.44999998807907104,0.2362801730632782,0.21371981501579285,0.10999999940395355,0.06145477294921875,0.0485452264547348,0.09000000357627869,0.12522895634174347,0.03522895276546478,0.019999999552965164,0.012097269296646118,0.007902730256319046
e20f67ba45667e5b,gemm-p,gemm-p,lv2:__PARA__L0-1.__PARA__L1-1.__PARA__L2-5.__PARA__L3-7.__PIPE__L0-off.__PIPE__L2-off.__TILE__L0-1.__TILE__L2-1,target,query,query,finetune_dataset,data_209.pt,21184.0,graphgps_lite,4,50,paper_exact_seed4,4.441404819488525,4.486716270446777,0.04531145095825195,0.03999999910593033,0.06233420968055725,0.022334210574626923,0.029999999329447746,0.03160564601421356,0.0016056466847658157,0.05999999865889549,0.0696668028831482,0.0096668042242527,0.029999999329447746,0.034680865705013275,0.004680866375565529
c03aaad6566026ef,gemm-p,gemm-p,lv2:__PARA__L0-1.__PARA__L1-1.__PARA__L2-16.__PARA__L3-1.__PIPE__L0-off.__PIPE__L2-flatten.__TILE__L0-1.__TILE__L2-1,target,query,query,finetune_dataset,data_120.pt,14587.0,graphgps_lite,4,50,paper_exact_seed4,4.710550308227539,4.720937728881836,0.010387420654296875,0.3199999928474426,0.24962568283081055,0.07037431001663208,0.23999999463558197,0.14000603556632996,0.09999395906925201,0.36000001430511475,0.19968685507774353,0.16031315922737122,0.009999999776482582,0.01837734878063202,0.008377349004149437
eebad30dd85f618c,gemm-p,gemm-p,lv2:__PARA__L0-1.__PARA__L1-1.__PARA__L2-5.__PARA__L3-14.__PIPE__L0-off.__PIPE__L2-off.__TILE__L0-1.__TILE__L2-1,target,query,query,finetune_dataset,data_199.pt,15452.0,graphgps_lite,4,50,paper_exact_seed4,4.668995380401611,4.522695541381836,0.1462998390197754,0.07000000029802322,0.05938224494457245,0.010617755353450775,0.05000000074505806,0.03710830211639404,0.012891698628664017,0.10999999940395355,0.08141359686851501,0.028586402535438538,0.03999999910593033,0.036162301898002625,0.003837697207927704
2f9f4901901789d3,gemm-p,gemm-p,lv2:__PARA__L0-1.__PARA__L1-1.__PARA__L2-1.__PARA__L3-10.__PIPE__L0-off.__PIPE__L2-off.__TILE__L0-1.__TILE__L2-1,target,query,query,finetune_dataset,data_80.pt,158833.0,graphgps_lite,4,50,paper_exact_seed4,2.988172769546509,2.918271064758301,0.06990170478820801,0.019999999552965164,0.031542882323265076,0.011542882770299911,0.009999999776482582,-0.0035981982946395874,0.01359819807112217,0.019999999552965164,0.04224139451980591,0.022241394966840744,0.029999999329447746,0.04111674427986145,0.011116744950413704
41b9a64b48aff69a,gemm-p,gemm-p,lv2:__PARA__L0-2.__PARA__L1-32.__PARA__L2-1.__PARA__L3-1.__PIPE__L0-NA.__PIPE__L2-flatten.__TILE__L0-1.__TILE__L2-80,target,query,query,finetune_dataset,data_365.pt,31323.0,graphgps_lite,4,50,paper_exact_seed4,4.159280776977539,4.104584217071533,0.05469655990600586,0.05999999865889549,0.055803120136260986,0.004196878522634506,0.019999999552965164,0.028762206435203552,0.008762206882238388,0.03999999910593033,0.06274214386940002,0.022742144763469696,0.05000000074505806,0.04822175204753876,0.0017782486975193024
c9538e7fb963f114,gemm-p,gemm-p,lv2:__PARA__L0-1.__PARA__L1-4.__PARA__L2-1.__PARA__L3-32.__PIPE__L0-off.__PIPE__L2-off.__TILE__L0-1.__TILE__L2-1,target,query,query,finetune_dataset,data_289.pt,286369.0,graphgps_lite,4,50,paper_exact_seed4,2.562990427017212,2.9202280044555664,0.3572375774383545,0.009999999776482582,0.03991316258907318,0.0299131628125906,0.0,-0.003966033458709717,0.003966033458709717,0.0,0.040554940700531006,0.040554940700531006,0.05000000074505806,0.042303599417209625,0.0076964013278484344
64393da3a136d7fa,gemm-p,gemm-p,lv2:__PARA__L0-5.__PARA__L1-32.__PARA__L2-1.__PARA__L3-1.__PIPE__L0-off.__PIPE__L2-flatten.__TILE__L0-1.__TILE__L2-80,target,query,query,finetune_dataset,data_413.pt,33900.0,graphgps_lite,4,50,paper_exact_seed4,4.102249622344971,3.988727569580078,0.11352205276489258,0.05999999865889549,0.054913297295570374,0.005086701363325119,0.019999999552965164,0.020088493824005127,8.849427103996277e-05,0.03999999910593033,0.06794053316116333,0.027940534055233,0.05000000074505806,0.053110942244529724,0.0031109414994716644
2410d6d0636ec1ab,gemm-p,gemm-p,lv2:__PARA__L0-1.__PARA__L1-1.__PARA__L2-16.__PARA__L3-2.__PIPE__L0-off.__PIPE__L2-NA.__TILE__L0-1.__TILE__L2-1,target,query,query,finetune_dataset,data_125.pt,36131.0,graphgps_lite,4,50,paper_exact_seed4,4.056273460388184,4.430496692657471,0.3742232322692871,0.10000000149011612,0.15348589420318604,0.053485892713069916,0.05000000074505806,0.09387412667274475,0.04387412592768669,0.07000000029802322,0.1612827032804489,0.09128270298242569,0.029999999329447746,0.030406326055526733,0.0004063267260789871
62f84aa14a8a3b41,gemm-p,gemm-p,lv2:__PARA__L0-1.__PARA__L1-2.__PARA__L2-10.__PARA__L3-70.__PIPE__L0-off.__PIPE__L2-off.__TILE__L0-1.__TILE__L2-1,target,query,query,finetune_dataset,data_250.pt,12847.0,graphgps_lite,4,50,paper_exact_seed4,4.802176475524902,4.528743743896484,0.27343273162841797,0.20999999344348907,0.18125927448272705,0.028740718960762024,0.15000000596046448,0.11225596070289612,0.03774404525756836,0.2199999988079071,0.1779041290283203,0.04209586977958679,0.009999999776482582,0.027714744210243225,0.017714744433760643
638eade1c299f75a,gemm-p,gemm-p,lv2:__PARA__L0-1.__PARA__L1-1.__PARA__L2-1.__PARA__L3-7.__PIPE__L0-off.__PIPE__L2-off.__TILE__L0-1.__TILE__L2-4,target,query,query,finetune_dataset,data_97.pt,466908.0,graphgps_lite,4,50,paper_exact_seed4,2.2103588581085205,2.199155807495117,0.01120305061340332,0.009999999776482582,0.025674253702163696,0.015674253925681114,0.0,-0.0009530782699584961,0.0009530782699584961,0.0,0.01604682207107544,0.01604682207107544,0.019999999552965164,0.029032506048679352,0.009032506495714188
2ccc724e5fad3084,gemm-p,gemm-p,lv2:__PARA__L0-1.__PARA__L1-1.__PARA__L2-16.__PARA__L3-14.__PIPE__L0-off.__PIPE__L2-NA.__TILE__L0-1.__TILE__L2-1,target,query,query,finetune_dataset,data_123.pt,30250.0,graphgps_lite,4,50,paper_exact_seed4,4.18442440032959,4.428508281707764,0.24408388137817383,0.3400000035762787,0.1715485155582428,0.1684514880180359,0.1599999964237213,0.10495780408382416,0.055042192339897156,0.3799999952316284,0.1762128621339798,0.20378713309764862,0.009999999776482582,0.03102952241897583,0.021029522642493248
0c1a4d5cf2e95213,gemm-p,gemm-p,lv2:__PARA__L0-1.__PARA__L1-1.__PARA__L2-2.__PARA__L3-14.__PIPE__L0-off.__PIPE__L2-off.__TILE__L0-1.__TILE__L2-4,target,query,query,finetune_dataset,data_141.pt,244565.0,graphgps_lite,4,50,paper_exact_seed4,2.676819086074829,2.3129913806915283,0.3638277053833008,0.009999999776482582,0.032703205943107605,0.022703206166625023,0.0,0.019075065851211548,0.019075065851211548,0.0,0.03272825479507446,0.03272825479507446,0.029999999329447746,0.0281389057636261,0.0018610935658216476
4f7c1c7a0159ad36,gemm-p,gemm-p,lv2:__PARA__L0-1.__PARA__L1-1.__PARA__L2-1.__PARA__L3-10.__PIPE__L0-off.__PIPE__L2-off.__TILE__L0-1.__TILE__L2-2,target,query,query,finetune_dataset,data_81.pt,436495.0,graphgps_lite,4,50,paper_exact_seed4,2.2589454650878906,2.2587883472442627,0.0001571178436279297,0.009999999776482582,0.022052794694900513,0.01205279491841793,0.0,0.0029043257236480713,0.0029043257236480713,0.0,0.009764403104782104,0.009764403104782104,0.019999999552965164,0.031208723783493042,0.011208724230527878
91bd08a09160f90f,gemm-p,gemm-p,lv2:__PARA__L0-2.__PARA__L1-32.__PARA__L2-1.__PARA__L3-1.__PIPE__L0-off.__PIPE__L2-flatten.__TILE__L0-1.__TILE__L2-80,target,query,query,finetune_dataset,data_366.pt,31323.0,graphgps_lite,4,50,paper_exact_seed4,4.159280776977539,4.0510663986206055,0.1082143783569336,0.05999999865889549,0.041335999965667725,0.018663998693227768,0.019999999552965164,0.014320656657218933,0.005679342895746231,0.03999999910593033,0.05101543664932251,0.011015437543392181,0.05000000074505806,0.051311805844306946,0.001311805099248886
ff6397e9e2d76d85,gemm-p,gemm-p,lv2:__PARA__L0-15.__PARA__L1-32.__PARA__L2-1.__PARA__L3-1.__PIPE__L0-off.__PIPE__L2-flatten.__TILE__L0-4.__TILE__L2-1,target,query,query,finetune_dataset,data_350.pt,42692.0,graphgps_lite,4,50,paper_exact_seed4,3.9359092712402344,3.9012560844421387,0.0346531867980957,0.05999999865889549,0.04230809211730957,0.017691906541585922,0.019999999552965164,-0.011880695819854736,0.0318806953728199,0.03999999910593033,0.04814222455024719,0.008142225444316864,0.05000000074505806,0.05334043502807617,0.003340434283018112
64699350cabf9f9b,gemm-p,gemm-p,lv2:__PARA__L0-5.__PARA__L1-32.__PARA__L2-10.__PARA__L3-1.__PIPE__L0-NA.__PIPE__L2-flatten.__TILE__L0-1.__TILE__L2-8,target,query,query,finetune_dataset,data_414.pt,10100.0,graphgps_lite,4,50,paper_exact_seed4,4.975714683532715,4.9631667137146,0.012547969818115234,0.23000000417232513,0.28816917538642883,0.0581691712141037,0.1599999964237213,0.18425428867340088,0.024254292249679565,0.2199999988079071,0.22803014516830444,0.008030146360397339,0.009999999776482582,0.010980851948261261,0.000980852171778679
15ff7e63dbf2b0f2,gemm-p,gemm-p,lv2:__PARA__L0-1.__PARA__L1-1.__PARA__L2-8.__PARA__L3-10.__PIPE__L0-off.__PIPE__L2-off.__TILE__L0-1.__TILE__L2-1,target,query,query,finetune_dataset,data_215.pt,13270.0,graphgps_lite,4,50,paper_exact_seed4,4.778808116912842,4.614787578582764,0.16402053833007812,0.07999999821186066,0.07334694266319275,0.006653055548667908,0.05000000074505806,0.05088861286640167,0.0008886121213436127,0.12999999523162842,0.11004917323589325,0.01995082199573517,0.05000000074505806,0.03538244217634201,0.01461755856871605
e38805de48eb664e,gemm-p,gemm-p,lv2:__PARA__L0-1.__PARA__L1-16.__PARA__L2-16.__PARA__L3-1.__PIPE__L0-off.__PIPE__L2-flatten.__TILE__L0-60.__TILE__L2-1,target,query,query,finetune_dataset,data_239.pt,10927.0,graphgps_lite,4,50,paper_exact_seed4,4.918943405151367,4.5333781242370605,0.38556528091430664,0.3199999928474426,0.2638619542121887,0.056138038635253906,0.23999999463558197,0.1505250185728073,0.08947497606277466,0.36000001430511475,0.2300487607717514,0.12995125353336334,0.009999999776482582,0.021772630512714386,0.011772630736231804
21dd70c1b9ddc11f,gemm-p,gemm-p,lv2:__PARA__L0-15.__PARA__L1-32.__PARA__L2-16.__PARA__L3-1.__PIPE__L0-NA.__PIPE__L2-flatten.__TILE__L0-1.__TILE__L2-1,target,query,query,finetune_dataset,data_355.pt,11552.0,graphgps_lite,4,50,paper_exact_seed4,4.878820896148682,4.790921211242676,0.08789968490600586,0.3499999940395355,0.27900180220603943,0.0709981918334961,0.23999999463558197,0.18123283982276917,0.058767154812812805,0.36000001430511475,0.25787463784217834,0.1021253764629364,0.009999999776482582,0.007604554295539856,0.002395445480942726
ac3cd52a03c5e995,gemm-p,gemm-p,lv2:__PARA__L0-4.__PARA__L1-32.__PARA__L2-1.__PARA__L3-1.__PIPE__L0-NA.__PIPE__L2-flatten.__TILE__L0-1.__TILE__L2-80,target,query,query,finetune_dataset,data_405.pt,33034.0,graphgps_lite,4,50,paper_exact_seed4,4.120916366577148,4.136090278625488,0.015173912048339844,0.05999999865889549,0.07435692846775055,0.014356929808855057,0.019999999552965164,0.041165679693222046,0.02116568014025688,0.03999999910593033,0.07979989051818848,0.03979989141225815,0.05000000074505806,0.046232521533966064,0.0037674792110919952
aedc82d84c86e989,gemm-p,gemm-p,lv2:__PARA__L0-6.__PARA__L1-32.__PARA__L2-1.__PARA__L3-1.__PIPE__L0-NA.__PIPE__L2-flatten.__TILE__L0-1.__TILE__L2-80,target,query,query,finetune_dataset,data_419.pt,34772.0,graphgps_lite,4,50,paper_exact_seed4,4.083929061889648,4.074021339416504,0.009907722473144531,0.05999999865889549,0.06926599144935608,0.009265992790460587,0.019999999552965164,0.03520256280899048,0.015202563256025314,0.03999999910593033,0.08517289161682129,0.04517289251089096,0.05000000074505806,0.0478898286819458,0.002110172063112259
d86b4bef7a938c97,gemm-p,gemm-p,lv2:__PARA__L0-12.__PARA__L1-32.__PARA__L2-16.__PARA__L3-1.__PIPE__L0-NA.__PIPE__L2-flatten.__TILE__L0-1.__TILE__L2-1,target,query,query,finetune_dataset,data_344.pt,10982.0,graphgps_lite,4,50,paper_exact_seed4,4.9153218269348145,4.802227020263672,0.11309480667114258,0.3499999940395355,0.28092336654663086,0.06907662749290466,0.23999999463558197,0.18404197692871094,0.05595801770687103,0.36000001430511475,0.26318883895874023,0.09681117534637451,0.009999999776482582,0.007869921624660492,0.00213007815182209
b7fd70dbbc81db59,gemm-p,gemm-p,lv2:__PARA__L0-1.__PARA__L1-1.__PARA__L2-4.__PARA__L3-10.__PIPE__L0-off.__PIPE__L2-off.__TILE__L0-1.__TILE__L2-1,target,query,query,finetune_dataset,data_173.pt,17110.0,graphgps_lite,4,50,paper_exact_seed4,4.59547233581543,4.34098482131958,0.2544875144958496,0.05000000074505806,0.05434298515319824,0.0043429844081401825,0.029999999329447746,0.024998918175697327,0.00500108115375042,0.07000000029802322,0.06272915005683899,0.007270850241184235,0.029999999329447746,0.03450237214565277,0.004502372816205025
dba1b07283a53f11,gemm-p,gemm-p,lv2:__PARA__L0-1.__PARA__L1-1.__PARA__L2-1.__PARA__L3-2.__PIPE__L0-off.__PIPE__L2-off.__TILE__L0-1.__TILE__L2-4,target,query,query,finetune_dataset,data_89.pt,1354136.0,graphgps_lite,4,50,paper_exact_seed4,1.4422776699066162,2.1752219200134277,0.7329442501068115,0.009999999776482582,0.03295588493347168,0.022955885156989098,0.0,0.0030810534954071045,0.0030810534954071045,0.0,0.017515480518341064,0.017515480518341064,0.009999999776482582,0.03127781301736832,0.021277813240885735
bd8a558d1e7455ea,gemm-p,gemm-p,lv2:__PARA__L0-1.__PARA__L1-1.__PARA__L2-10.__PARA__L3-10.__PIPE__L0-off.__PIPE__L2-NA.__TILE__L0-1.__TILE__L2-1,target,query,query,finetune_dataset,data_103.pt,35890.0,graphgps_lite,4,50,paper_exact_seed4,4.061100959777832,4.411954402923584,0.35085344314575195,0.17000000178813934,0.12550880014896393,0.044491201639175415,0.07999999821186066,0.07306504249572754,0.006934955716133118,0.18000000715255737,0.1374061107635498,0.04259389638900757,0.009999999776482582,0.03232991695404053,0.022329917177557945
a627781fe1dd51f7,gemm-p,gemm-p,lv2:__PARA__L0-1.__PARA__L1-1.__PARA__L2-10.__PARA__L3-7.__PIPE__L0-off.__PIPE__L2-NA.__TILE__L0-1.__TILE__L2-1,target,query,query,finetune_dataset,data_115.pt,38703.0,graphgps_lite,4,50,paper_exact_seed4,4.006669521331787,4.42103910446167,0.4143695831298828,0.12999999523162842,0.12400193512439728,0.00599806010723114,0.05999999865889549,0.07010439038276672,0.010104391723871231,0.12999999523162842,0.1323670595884323,0.002367064356803894,0.03999999910593033,0.03144316375255585,0.008556835353374481
ad665098768e16a0,gemm-p,gemm-p,lv2:__PARA__L0-30.__PARA__L1-32.__PARA__L2-10.__PARA__L3-1.__PIPE__L0-NA.__PIPE__L2-flatten.__TILE__L0-1.__TILE__L2-8,target,query,query,finetune_dataset,data_391.pt,15139.0,graphgps_lite,4,50,paper_exact_seed4,4.683757305145264,4.81290340423584,0.12914609909057617,0.23000000417232513,0.2752224802970886,0.04522247612476349,0.1599999964237213,0.17141304910182953,0.011413052678108215,0.2199999988079071,0.18154586851596832,0.03845413029193878,0.009999999776482582,0.018456339836120605,0.008456340059638023
9d9b7c90d1bd716b,gemm-p,gemm-p,lv2:__PARA__L0-12.__PARA__L1-32.__PARA__L2-10.__PARA__L3-1.__PIPE__L0-NA.__PIPE__L2-flatten.__TILE__L0-1.__TILE__L2-8,target,query,query,finetune_dataset,data_342.pt,11486.0,graphgps_lite,4,50,paper_exact_seed4,4.882954120635986,4.918887138366699,0.03593301773071289,0.23000000417232513,0.2653338313102722,0.03533382713794708,0.1599999964237213,0.1453971117734909,0.014602884650230408,0.2199999988079071,0.18078796565532684,0.03921203315258026,0.009999999776482582,0.01640726625919342,0.006407266482710838
05c7235b9f5af54f,gemm-p,gemm-p,lv2:__PARA__L0-20.__PARA__L1-32.__PARA__L2-10.__PARA__L3-1.__PIPE__L0-NA.__PIPE__L2-flatten.__TILE__L0-1.__TILE__L2-8,target,query,query,finetune_dataset,data_374.pt,13106.0,graphgps_lite,4,50,paper_exact_seed4,4.787778377532959,4.889791488647461,0.10201311111450195,0.23000000417232513,0.2653712034225464,0.03537119925022125,0.1599999964237213,0.15114882588386536,0.008851170539855957,0.2199999988079071,0.17285794019699097,0.04714205861091614,0.009999999776482582,0.016592547297477722,0.00659254752099514
acf1639642ef82bf,gemm-p,gemm-p,lv2:__PARA__L0-3.__PARA__L1-16.__PARA__L2-16.__PARA__L3-1.__PIPE__L0-NA.__PIPE__L2-flatten.__TILE__L0-1.__TILE__L2-1,target,query,query,finetune_dataset,data_378.pt,9453.0,graphgps_lite,4,50,paper_exact_seed4,5.023469924926758,4.906016826629639,0.11745309829711914,0.3499999940395355,0.284587562084198,0.06541243195533752,0.23999999463558197,0.18494077026844025,0.055059224367141724,0.36000001430511475,0.2849216163158417,0.07507839798927307,0.009999999776482582,0.01390954852104187,0.003909548744559288
283880c8c447ea1d,gemm-p,gemm-p,lv2:__PARA__L0-6.__PARA__L1-32.__PARA__L2-1.__PARA__L3-1.__PIPE__L0-off.__PIPE__L2-flatten.__TILE__L0-1.__TILE__L2-80,target,query,query,finetune_dataset,data_420.pt,34772.0,graphgps_lite,4,50,paper_exact_seed4,4.083929061889648,3.9656429290771484,0.1182861328125,0.05999999865889549,0.05674891173839569,0.0032510869204998016,0.019999999552965164,0.020331501960754395,0.00033150240778923035,0.03999999910593033,0.06791527569293976,0.02791527658700943,0.05000000074505806,0.05305632948875427,0.0030563287436962128
be42e71723eea70a,gemm-p,gemm-p,lv2:__PARA__L0-1.__PARA__L1-5.__PARA__L2-5.__PARA__L3-1.__PIPE__L0-off.__PIPE__L2-flatten.__TILE__L0-1.__TILE__L2-4,target,query,query,finetune_dataset,data_320.pt,108017.0,graphgps_lite,4,50,paper_exact_seed4,3.26629900932312,3.082550525665283,0.18374848365783691,0.25999999046325684,0.22604738175868988,0.033952608704566956,0.07000000029802322,0.03808207809925079,0.03191792219877243,0.10999999940395355,0.10527342557907104,0.004726573824882507,0.009999999776482582,0.009795688092708588,0.00020431168377399445
56e56d42fe8949bd,gemm-p,gemm-p,lv2:__PARA__L0-1.__PARA__L1-1.__PARA__L2-10.__PARA__L3-7.__PIPE__L0-off.__PIPE__L2-off.__TILE__L0-1.__TILE__L2-2,target,query,query,finetune_dataset,data_117.pt,267108.0,graphgps_lite,4,50,paper_exact_seed4,2.6132164001464844,2.908475637435913,0.2952592372894287,0.019999999552965164,0.06817153096199036,0.04817153140902519,0.009999999776482582,0.038712531328201294,0.028712531551718712,0.019999999552965164,0.0964125245809555,0.07641252875328064,0.03999999910593033,0.030068956315517426,0.009931042790412903
08802dfda2f24c58,gemm-p,gemm-p,lv2:__PARA__L0-1.__PARA__L1-2.__PARA__L2-5.__PARA__L3-70.__PIPE__L0-off.__PIPE__L2-NA.__TILE__L0-1.__TILE__L2-1,target,query,query,finetune_dataset,data_261.pt,17009.0,graphgps_lite,4,50,paper_exact_seed4,4.599742889404297,4.468152046203613,0.1315908432006836,0.10000000149011612,0.120871901512146,0.020871900022029877,0.07000000029802322,0.08525082468986511,0.015250824391841888,0.10999999940395355,0.121256023645401,0.011256024241447449,0.009999999776482582,0.0287042036652565,0.018704203888773918
8ef4d5ca9c78eaf3,gemm-p,gemm-p,lv2:__PARA__L0-1.__PARA__L1-32.__PARA__L2-1.__PARA__L3-1.__PIPE__L0-NA.__PIPE__L2-flatten.__TILE__L0-2.__TILE__L2-1,target,query,query,finetune_dataset,data_266.pt,31323.0,graphgps_lite,4,50,paper_exact_seed4,4.159280776977539,4.019289493560791,0.13999128341674805,0.05999999865889549,0.06456354260444641,0.004563543945550919,0.019999999552965164,-0.004865497350692749,0.024865496903657913,0.03999999910593033,0.04847545921802521,0.00847546011209488,0.05000000074505806,0.03620116412639618,0.01379883661866188
e18fbf36085b53ef,gemm-p,gemm-p,lv2:__PARA__L0-30.__PARA__L1-32.__PARA__L2-1.__PARA__L3-1.__PIPE__L0-NA.__PIPE__L2-flatten.__TILE__L0-1.__TILE__L2-80,target,query,query,finetune_dataset,data_387.pt,55939.0,graphgps_lite,4,50,paper_exact_seed4,3.740964889526367,3.8002233505249023,0.059258460998535156,0.05999999865889549,0.07568889856338501,0.015688899904489517,0.019999999552965164,0.03096786141395569,0.010967861860990524,0.03999999910593033,0.07655811309814453,0.0365581139922142,0.05000000074505806,0.054090045392513275,0.0040900446474552155
3435f90a3a91803f,gemm-p,gemm-p,lv2:__PARA__L0-1.__PARA__L1-1.__PARA__L2-20.__PARA__L3-2.__PIPE__L0-off.__PIPE__L2-off.__TILE__L0-1.__TILE__L2-2,target,query,query,finetune_dataset,data_164.pt,632396.0,graphgps_lite,4,50,paper_exact_seed4,1.991513967514038,3.463799476623535,1.472285509109497,0.009999999776482582,0.13658399879932404,0.126583993434906,0.009999999776482582,0.04551047086715698,0.03551047295331955,0.009999999776482582,0.1360781490802765,0.12607814371585846,0.029999999329447746,0.03051724284887314,0.0005172435194253922
00f04d9d71c381ce,gemm-p,gemm-p,lv2:__PARA__L0-1.__PARA__L1-1.__PARA__L2-5.__PARA__L3-2.__PIPE__L0-off.__PIPE__L2-off.__TILE__L0-1.__TILE__L2-1,target,query,query,finetune_dataset,data_202.pt,45152.0,graphgps_lite,4,50,paper_exact_seed4,3.8954970836639404,4.575355529785156,0.6798584461212158,0.019999999552965164,0.05309954285621643,0.033099543303251266,0.009999999776482582,0.028517812490463257,0.018517812713980675,0.019999999552965164,0.061156898736953735,0.04115689918398857,0.019999999552965164,0.034139350056648254,0.01413935050368309
cec2e42ec306f7c8,gemm-p,gemm-p,lv2:__PARA__L0-6.__PARA__L1-32.__PARA__L2-16.__PARA__L3-1.__PIPE__L0-off.__PIPE__L2-flatten.__TILE__L0-1.__TILE__L2-1,target,query,query,finetune_dataset,data_424.pt,9860.0,graphgps_lite,4,50,paper_exact_seed4,4.993062496185303,4.898641109466553,0.09442138671875,0.3499999940395355,0.286630243062973,0.0633697509765625,0.23999999463558197,0.19132502377033234,0.048674970865249634,0.36000001430511475,0.2684905230998993,0.09150949120521545,0.009999999776482582,0.011564493179321289,0.001564493402838707
332dfe5c4fbd6b6a,gemm-p,gemm-p,lv2:__PARA__L0-1.__PARA__L1-1.__PARA__L2-8.__PARA__L3-70.__PIPE__L0-off.__PIPE__L2-NA.__TILE__L0-1.__TILE__L2-1,target,query,query,finetune_dataset,data_229.pt,15487.0,graphgps_lite,4,50,paper_exact_seed4,4.667363166809082,4.549027442932129,0.11833572387695312,0.17000000178813934,0.1643410474061966,0.005658954381942749,0.11999999731779099,0.11470025032758713,0.005299746990203857,0.18000000715255737,0.15711019933223724,0.02288980782032013,0.009999999776482582,0.025577470660209656,0.015577470883727074
ea241d324c00c8ce,gemm-p,gemm-p,lv2:__PARA__L0-2.__PARA__L1-16.__PARA__L2-1.__PARA__L3-1.__PIPE__L0-NA.__PIPE__L2-flatten.__TILE__L0-1.__TILE__L2-80,target,query,query,finetune_dataset,data_359.pt,31451.0,graphgps_lite,4,50,paper_exact_seed4,4.156339168548584,4.090259552001953,0.06607961654663086,0.05000000074505806,0.06398473680019379,0.013984736055135727,0.019999999552965164,0.03350037336349487,0.013500373810529709,0.019999999552965164,0.06676255166530609,0.04676255211234093,0.05000000074505806,0.04984259605407715,0.00015740469098091125
8d04f549a37ccd8a,gemm-p,gemm-p,lv2:__PARA__L0-1.__PARA__L1-1.__PARA__L2-1.__PARA__L3-2.__PIPE__L0-off.__PIPE__L2-off.__TILE__L0-1.__TILE__L2-1,target,query,query,finetune_dataset,data_87.pt,293231.0,graphgps_lite,4,50,paper_exact_seed4,2.5459091663360596,3.2180795669555664,0.6721704006195068,0.0,0.011181533336639404,0.011181533336639404,0.0,-0.009697958827018738,0.009697958827018738,0.0,0.01732158660888672,0.01732158660888672,0.009999999776482582,0.03671342134475708,0.026713421568274498
cdd16cdf46ebaa63,gemm-p,gemm-p,lv2:__PARA__L0-1.__PARA__L1-1.__PARA__L2-2.__PARA__L3-5.__PIPE__L0-off.__PIPE__L2-NA.__TILE__L0-1.__TILE__L2-1,target,query,query,finetune_dataset,data_146.pt,116225.0,graphgps_lite,4,50,paper_exact_seed4,3.213467836380005,3.3426318168640137,0.1291639804840088,0.029999999329447746,0.03171710669994354,0.0017171073704957962,0.009999999776482582,-0.007806405425071716,0.0178064052015543,0.019999999552965164,0.01984316110610962,0.00015683844685554504,0.029999999329447746,0.030561938881874084,0.0005619395524263382
0a84efe097d11970,gemm-p,gemm-p,lv2:__PARA__L0-1.__PARA__L1-1.__PARA__L2-5.__PARA__L3-10.__PIPE__L0-off.__PIPE__L2-off.__TILE__L0-1.__TILE__L2-1,target,query,query,finetune_dataset,data_196.pt,17432.0,graphgps_lite,4,50,paper_exact_seed4,4.5820231437683105,4.502443313598633,0.07957983016967773,0.05000000074505806,0.059949204325675964,0.009949203580617905,0.029999999329447746,0.03397756814956665,0.003977568820118904,0.07999999821186066,0.07711747288703918,0.002882525324821472,0.029999999329447746,0.03565134108066559,0.005651341751217842
1e61a91755bde15a,gemm-p,gemm-p,lv2:__PARA__L0-1.__PARA__L1-1.__PARA__L2-2.__PARA__L3-5.__PIPE__L0-off.__PIPE__L2-off.__TILE__L0-1.__TILE__L2-2,target,query,query,finetune_dataset,data_148.pt,886860.0,graphgps_lite,4,50,paper_exact_seed4,1.7475749254226685,2.29445481300354,0.5468798875808716,0.009999999776482582,0.018537625670433044,0.008537625893950462,0.0,0.009728968143463135,0.009728968143463135,0.0,0.00854402780532837,0.00854402780532837,0.029999999329447746,0.02489583194255829,0.005104167386889458
f89c7dc4eb22e0f6,gemm-p,gemm-p,lv2:__PARA__L0-1.__PARA__L1-1.__PARA__L2-4.__PARA__L3-5.__PIPE__L0-off.__PIPE__L2-off.__TILE__L0-1.__TILE__L2-4,target,query,query,finetune_dataset,data_187.pt,420660.0,graphgps_lite,4,50,paper_exact_seed4,2.2856006622314453,2.5002574920654297,0.21465682983398438,0.009999999776482582,0.06734254956245422,0.05734255164861679,0.0,0.013240605592727661,0.013240605592727661,0.0,0.052498072385787964,0.052498072385787964,0.029999999329447746,0.0235864520072937,0.006413547322154045
7da5b26798a7f840,gemm-p,gemm-p,lv2:__PARA__L0-1.__PARA__L1-1.__PARA__L2-8.__PARA__L3-14.__PIPE__L0-off.__PIPE__L2-off.__TILE__L0-1.__TILE__L2-1,target,query,query,finetune_dataset,data_218.pt,12490.0,graphgps_lite,4,50,paper_exact_seed4,4.822505474090576,4.621741771697998,0.20076370239257812,0.11999999731779099,0.07292991876602173,0.04707007855176926,0.07000000029802322,0.05461636185646057,0.015383638441562653,0.1899999976158142,0.11585035920143127,0.07414963841438293,0.009999999776482582,0.035271018743515015,0.025271018967032433
a500ff984dfff670,gemm-p,gemm-p,lv2:__PARA__L0-1.__PARA__L1-2.__PARA__L2-8.__PARA__L3-70.__PIPE__L0-off.__PIPE__L2-NA.__TILE__L0-1.__TILE__L2-1,target,query,query,finetune_dataset,data_264.pt,13387.0,graphgps_lite,4,50,paper_exact_seed4,4.772475719451904,4.567962646484375,0.2045130729675293,0.17000000178813934,0.16479970514774323,0.005200296640396118,0.11999999731779099,0.11232428252696991,0.0076757147908210754,0.18000000715255737,0.15861430764198303,0.02138569951057434,0.009999999776482582,0.024480178952217102,0.01448017917573452
66b001d5a20855dc,gemm-p,gemm-p,lv2:__PARA__L0-1.__PARA__L1-1.__PARA__L2-5.__PARA__L3-70.__PIPE__L0-off.__PIPE__L2-off.__TILE__L0-1.__TILE__L2-1,target,query,query,finetune_dataset,data_212.pt,19109.0,graphgps_lite,4,50,paper_exact_seed4,4.515766143798828,4.464427947998047,0.05133819580078125,0.10000000149011612,0.11712178587913513,0.017121784389019012,0.07000000029802322,0.08487993478775024,0.01487993448972702,0.10999999940395355,0.11098426580429077,0.0009842664003372192,0.009999999776482582,0.032998114824295044,0.022998115047812462
396e05dbe851e2f4,gemm-p,gemm-p,lv2:__PARA__L0-1.__PARA__L1-1.__PARA__L2-2.__PARA__L3-14.__PIPE__L0-off.__PIPE__L2-NA.__TILE__L0-1.__TILE__L2-1,target,query,query,finetune_dataset,data_138.pt,108370.0,graphgps_lite,4,50,paper_exact_seed4,3.2639453411102295,3.408454418182373,0.14450907707214355,0.05000000074505806,0.038600802421569824,0.011399198323488235,0.019999999552965164,-0.0006223618984222412,0.020622361451387405,0.05000000074505806,0.03337985277175903,0.016620147973299026,0.029999999329447746,0.03376074135303497,0.003760742023587227
f65b37928b1e91ab,gemm-p,gemm-p,lv2:__PARA__L0-1.__PARA__L1-1.__PARA__L2-20.__PARA__L3-7.__PIPE__L0-off.__PIPE__L2-off.__TILE__L0-1.__TILE__L2-1,target,query,query,finetune_dataset,data_169.pt,15723.0,graphgps_lite,4,50,paper_exact_seed4,4.656454086303711,4.641061782836914,0.015392303466796875,0.1599999964237213,0.1549433022737503,0.005056694149971008,0.10000000149011612,0.08107325434684753,0.018926747143268585,0.25,0.16230042278766632,0.08769957721233368,0.019999999552965164,0.025785833597183228,0.005785834044218063
2d76745aabbd6108,gemm-p,gemm-p,lv2:__PARA__L0-1.__PARA__L1-2.__PARA__L2-5.__PARA__L3-70.__PIPE__L0-off.__PIPE__L2-off.__TILE__L0-1.__TILE__L2-1,target,query,query,finetune_dataset,data_262.pt,17009.0,graphgps_lite,4,50,paper_exact_seed4,4.599742889404297,4.483184814453125,0.11655807495117188,0.10000000149011612,0.11757227778434753,0.017572276294231415,0.07000000029802322,0.08259588479995728,0.012595884501934052,0.10999999940395355,0.11114093661308289,0.0011409372091293335,0.009999999776482582,0.03184744715690613,0.021847447380423546
cf80b0e06ab7b3da,gemm-p,gemm-p,lv2:__PARA__L0-1.__PARA__L1-5.__PARA__L2-16.__PARA__L3-1.__PIPE__L0-off.__PIPE__L2-flatten.__TILE__L0-1.__TILE__L2-1,target,query,query,finetune_dataset,data_307.pt,11227.0,graphgps_lite,4,50,paper_exact_seed4,4.8994059562683105,4.719695568084717,0.17971038818359375,0.3199999928474426,0.26041507720947266,0.05958491563796997,0.23999999463558197,0.13839539885520935,0.10160459578037262,0.36000001430511475,0.20459140837192535,0.1554086059331894,0.009999999776482582,0.01829485595226288,0.008294856175780296
6974af566d331d1d,gemm-p,gemm-p,lv2:__PARA__L0-1.__PARA__L1-1.__PARA__L2-16.__PARA__L3-10.__PIPE__L0-off.__PIPE__L2-off.__TILE__L0-1.__TILE__L2-1,target,query,query,finetune_dataset,data_122.pt,12850.0,graphgps_lite,4,50,paper_exact_seed4,4.802008152008057,4.682003021240234,0.12000513076782227,0.17000000178813934,0.13537245988845825,0.03462754189968109,0.10999999940395355,0.07762101292610168,0.03237898647785187,0.27000001072883606,0.16122198104858398,0.10877802968025208,0.009999999776482582,0.027453482151031494,0.017453482374548912
f2a8c232c2c3f39a,gemm-p,gemm-p,lv2:__PARA__L0-1.__PARA__L1-1.__PARA__L2-1.__PARA__L3-8.__PIPE__L0-off.__PIPE__L2-off.__TILE__L0-1.__TILE__L2-1,target,query,query,finetune_dataset,data_100.pt,759409.0,graphgps_lite,4,50,paper_exact_seed4,1.8594895601272583,2.9096732139587402,1.050183653831482,0.0,0.028951212763786316,0.028951212763786316,0.0,-0.005995720624923706,0.005995720624923706,0.0,0.03873324394226074,0.03873324394226074,0.029999999329447746,0.040330737829208374,0.010330738499760628
fd12076d9b88cbf5,gemm-p,gemm-p,lv2:__PARA__L0-1.__PARA__L1-1.__PARA__L2-2.__PARA__L3-7.__PIPE__L0-off.__PIPE__L2-NA.__TILE__L0-1.__TILE__L2-1,target,query,query,finetune_dataset,data_150.pt,111184.0,graphgps_lite,4,50,paper_exact_seed4,3.2454535961151123,3.2960376739501953,0.05058407783508301,0.029999999329447746,0.03460210561752319,0.004602106288075447,0.009999999776482582,-0.005626291036605835,0.015626290813088417,0.019999999552965164,0.02522405982017517,0.005224060267210007,0.019999999552965164,0.03211319446563721,0.012113194912672043
e3dc96a4e2faf104,gemm-p,gemm-p,lv2:__PARA__L0-2.__PARA__L1-16.__PARA__L2-16.__PARA__L3-1.__PIPE__L0-NA.__PIPE__L2-flatten.__TILE__L0-1.__TILE__L2-1,target,query,query,finetune_dataset,data_363.pt,9307.0,graphgps_lite,4,50,paper_exact_seed4,5.034698009490967,4.859941482543945,0.17475652694702148,0.3499999940395355,0.2709237039089203,0.07907629013061523,0.23999999463558197,0.16492359340190887,0.0750764012336731,0.36000001430511475,0.2582322657108307,0.10176774859428406,0.009999999776482582,0.016880840063095093,0.006880840286612511
04ec9beb6b3bb0c6,gemm-p,gemm-p,lv2:__PARA__L0-5.__PARA__L1-32.__PARA__L2-1.__PARA__L3-1.__PIPE__L0-NA.__PIPE__L2-flatten.__TILE__L0-1.__TILE__L2-80,target,query,query,finetune_dataset,data_412.pt,33900.0,graphgps_lite,4,50,paper_exact_seed4,4.102249622344971,4.128590106964111,0.026340484619140625,0.05999999865889549,0.07457055151462555,0.014570552855730057,0.019999999552965164,0.04287081956863403,0.02287082001566887,0.03999999910593033,0.08443067967891693,0.0444306805729866,0.05000000074505806,0.046322211623191833,0.003677789121866226
af015ab4f15ef7af,gemm-p,gemm-p,lv2:__PARA__L0-1.__PARA__L1-8.__PARA__L2-1.__PARA__L3-32.__PIPE__L0-off.__PIPE__L2-off.__TILE__L0-60.__TILE__L2-1,target,query,query,finetune_dataset,data_330.pt,285829.0,graphgps_lite,4,50,paper_exact_seed4,2.564352035522461,2.673952102661133,0.10960006713867188,0.009999999776482582,0.08141951262950897,0.07141951471567154,0.0,0.02143155038356781,0.02143155038356781,0.009999999776482582,0.06273913383483887,0.052739135921001434,0.05000000074505806,0.04988858103752136,0.00011141970753669739
062dbc9eb2b08f44,gemm-p,gemm-p,lv2:__PARA__L0-1.__PARA__L1-32.__PARA__L2-1.__PARA__L3-1.__PIPE__L0-NA.__PIPE__L2-flatten.__TILE__L0-4.__TILE__L2-1,target,query,query,finetune_dataset,data_267.pt,33034.0,graphgps_lite,4,50,paper_exact_seed4,4.120916366577148,4.039308071136475,0.08160829544067383,0.05999999865889549,0.07596036791801453,0.015960369259119034,0.019999999552965164,-0.0016861557960510254,0.02168615534901619,0.03999999910593033,0.054241687059402466,0.014241687953472137,0.05000000074505806,0.03732806444168091,0.012671936303377151
4675658dc113ab33,gemm-p,gemm-p,lv2:__PARA__L0-4.__PARA__L1-16.__PARA__L2-16.__PARA__L3-1.__PIPE__L0-NA.__PIPE__L2-flatten.__TILE__L0-1.__TILE__L2-1,target,query,query,finetune_dataset,data_403.pt,9642.0,graphgps_lite,4,50,paper_exact_seed4,5.009190082550049,4.920442581176758,0.08874750137329102,0.3499999940395355,0.2936302721500397,0.05636972188949585,0.23999999463558197,0.1950606405735016,0.04493935406208038,0.36000001430511475,0.306366503238678,0.05363351106643677,0.009999999776482582,0.012215062975883484,0.002215063199400902
53e5acb3022b9736,gemm-p,gemm-p,lv2:__PARA__L0-1.__PARA__L1-1.__PARA__L2-1.__PARA__L3-32.__PIPE__L0-off.__PIPE__L2-off.__TILE__L0-1.__TILE__L2-1,target,query,query,finetune_dataset,data_90.pt,289009.0,graphgps_lite,4,50,paper_exact_seed4,2.556370973587036,2.930873394012451,0.37450242042541504,0.009999999776482582,0.041004300117492676,0.031004300341010094,0.0,0.0028128772974014282,0.0028128772974014282,0.0,0.04942391812801361,0.04942391812801361,0.05000000074505806,0.04570672661066055,0.004293274134397507
aed5122bfc869490,gemm-p,gemm-p,lv2:__PARA__L0-1.__PARA__L1-16.__PARA__L2-10.__PARA__L3-1.__PIPE__L0-off.__PIPE__L2-flatten.__TILE__L0-60.__TILE__L2-1,target,query,query,finetune_dataset,data_237.pt,11287.0,graphgps_lite,4,50,paper_exact_seed4,4.895561218261719,4.476388454437256,0.4191727638244629,0.20999999344348907,0.19817999005317688,0.011820003390312195,0.15000000596046448,0.11028208583593369,0.03971792012453079,0.2199999988079071,0.17171141505241394,0.048288583755493164,0.009999999776482582,0.027282625436782837,0.017282625660300255
c4635dea60b4abc3,gemm-p,gemm-p,lv2:__PARA__L0-1.__PARA__L1-1.__PARA__L2-2.__PARA__L3-10.__PIPE__L0-off.__PIPE__L2-off.__TILE__L0-1.__TILE__L2-1,target,query,query,finetune_dataset,data_135.pt,86530.0,graphgps_lite,4,50,paper_exact_seed4,3.4262919425964355,3.2221879959106445,0.20410394668579102,0.029999999329447746,0.034733742475509644,0.004733743146061897,0.019999999552965164,0.0009840726852416992,0.019015926867723465,0.029999999329447746,0.039821311831474304,0.009821312502026558,0.019999999552965164,0.035750240087509155,0.01575024053454399
73c8706bbbfe9935,gemm-p,gemm-p,lv2:__PARA__L0-1.__PARA__L1-1.__PARA__L2-2.__PARA__L3-70.__PIPE__L0-off.__PIPE__L2-off.__TILE__L0-1.__TILE__L2-1,target,query,query,finetune_dataset,data_155.pt,35647.0,graphgps_lite,4,50,paper_exact_seed4,4.066001892089844,4.183856010437012,0.11785411834716797,0.03999999910593033,0.08222991228103638,0.04222991317510605,0.019999999552965164,0.03802621364593506,0.018026214092969894,0.019999999552965164,0.06700299680233002,0.04700299724936485,0.009999999776482582,0.04099566489458084,0.03099566511809826
44435f443523b172,gemm-p,gemm-p,lv2:__PARA__L0-1.__PARA__L1-5.__PARA__L2-4.__PARA__L3-1.__PIPE__L0-off.__PIPE__L2-flatten.__TILE__L0-1.__TILE__L2-4,target,query,query,finetune_dataset,data_317.pt,129016.0,graphgps_lite,4,50,paper_exact_seed4,3.138153076171875,2.856832504272461,0.28132057189941406,0.23000000417232513,0.22438958287239075,0.005610421299934387,0.05000000074505806,0.034285128116607666,0.015714872628450394,0.05000000074505806,0.09627169370651245,0.04627169296145439,0.009999999776482582,0.010380938649177551,0.0003809388726949692
35ed257ed45696a8,gemm-p,gemm-p,lv2:__PARA__L0-1.__PARA__L1-1.__PARA__L2-10.__PARA__L3-5.__PIPE__L0-off.__PIPE__L2-NA.__TILE__L0-1.__TILE__L2-1,target,query,query,finetune_dataset,data_112.pt,38704.0,graphgps_lite,4,50,paper_exact_seed4,4.006650924682617,4.436624050140381,0.42997312545776367,0.10999999940395355,0.12183213233947754,0.011832132935523987,0.05000000074505806,0.06807947158813477,0.018079470843076706,0.10000000149011612,0.12737953662872314,0.027379535138607025,0.029999999329447746,0.030488930642604828,0.0004889313131570816
ab19489e81b4ba29,gemm-p,gemm-p,lv2:__PARA__L0-30.__PARA__L1-16.__PARA__L2-16.__PARA__L3-1.__PIPE__L0-off.__PIPE__L2-flatten.__TILE__L0-1.__TILE__L2-1,target,query,query,finetune_dataset,data_386.pt,14659.0,graphgps_lite,4,50,paper_exact_seed4,4.706998825073242,4.77699613571167,0.06999731063842773,0.3499999940395355,0.28639861941337585,0.06360137462615967,0.23999999463558197,0.18856796622276306,0.05143202841281891,0.36000001430511475,0.26933276653289795,0.0906672477722168,0.009999999776482582,0.010100692510604858,0.0001006927341222763
2124445063c91060,gemm-p,gemm-p,lv2:__PARA__L0-2.__PARA__L1-16.__PARA__L2-1.__PARA__L3-1.__PIPE__L0-off.__PIPE__L2-flatten.__TILE__L0-1.__TILE__L2-80,target,query,query,finetune_dataset,data_360.pt,31451.0,graphgps_lite,4,50,paper_exact_seed4,4.156339168548584,4.035305976867676,0.1210331916809082,0.05000000074505806,0.05151356756687164,0.0015135668218135834,0.019999999552965164,0.020099550485610962,9.955093264579773e-05,0.019999999552965164,0.05575774610042572,0.035757746547460556,0.05000000074505806,0.05348804593086243,0.003488045185804367
ab4496d8f92da597,gemm-p,gemm-p,lv2:__PARA__L0-5.__PARA__L1-32.__PARA__L2-10.__PARA__L3-1.__PIPE__L0-off.__PIPE__L2-flatten.__TILE__L0-1.__TILE__L2-8,target,query,query,finetune_dataset,data_415.pt,10100.0,graphgps_lite,4,50,paper_exact_seed4,4.975714683532715,4.805319786071777,0.1703948974609375,0.23000000417232513,0.2808730900287628,0.05087308585643768,0.1599999964237213,0.15866705775260925,0.0013329386711120605,0.2199999988079071,0.19348029792308807,0.02651970088481903,0.009999999776482582,0.012808725237846375,0.0028087254613637924
c0d84603c29fbddb,gemm-p,gemm-p,lv2:__PARA__L0-1.__PARA__L1-1.__PARA__L2-8.__PARA__L3-5.__PIPE__L0-off.__PIPE__L2-NA.__TILE__L0-1.__TILE__L2-1,target,query,query,finetune_dataset,data_223.pt,43865.0,graphgps_lite,4,50,paper_exact_seed4,3.9163570404052734,4.392716407775879,0.47635936737060547,0.07999999821186066,0.10929380357265472,0.029293805360794067,0.03999999910593033,0.058182746171951294,0.018182747066020966,0.07999999821186066,0.10863305628299713,0.028633058071136475,0.03999999910593033,0.03187977522611618,0.008120223879814148
91f52fdd15496b79,gemm-p,gemm-p,lv2:__PARA__L0-1.__PARA__L1-1.__PARA__L2-10.__PARA__L3-14.__PIPE__L0-off.__PIPE__L2-NA.__TILE__L0-1.__TILE__L2-1,target,query,query,finetune_dataset,data_106.pt,35890.0,graphgps_lite,4,50,paper_exact_seed4,4.061100959777832,4.416452407836914,0.35535144805908203,0.2199999988079071,0.1271294206380844,0.09287057816982269,0.10000000149011612,0.07564270496368408,0.024357296526432037,0.23999999463558197,0.13996094465255737,0.1000390499830246,0.009999999776482582,0.03170023858547211,0.021700238808989525
bc4453f06ff6a731,gemm-p,gemm-p,lv2:__PARA__L0-3.__PARA__L1-32.__PARA__L2-16.__PARA__L3-1.__PIPE__L0-off.__PIPE__L2-flatten.__TILE__L0-1.__TILE__L2-1,target,query,query,finetune_dataset,data_385.pt,9321.0,graphgps_lite,4,50,paper_exact_seed4,5.033613681793213,4.95337438583374,0.08023929595947266,0.3499999940395355,0.27525290846824646,0.07474708557128906,0.23999999463558197,0.17310243844985962,0.06689755618572235,0.36000001430511475,0.25287631154060364,0.10712370276451111,0.009999999776482582,0.012342914938926697,0.0023429151624441147
f8eced5bda6750eb,gemm-p,gemm-p,lv2:__PARA__L0-1.__PARA__L1-1.__PARA__L2-8.__PARA__L3-10.__PIPE__L0-off.__PIPE__L2-NA.__TILE__L0-1.__TILE__L2-1,target,query,query,finetune_dataset,data_214.pt,41050.0,graphgps_lite,4,50,paper_exact_seed4,3.964200973510742,4.366998195648193,0.40279722213745117,0.12999999523162842,0.1130741536617279,0.016925841569900513,0.05999999865889549,0.06332123279571533,0.0033212341368198395,0.14000000059604645,0.12066148221492767,0.019338518381118774,0.05000000074505806,0.03408817946910858,0.015911821275949478
2094e4f1edf458d2,gemm-p,gemm-p,lv2:__PARA__L0-1.__PARA__L1-5.__PARA__L2-10.__PARA__L3-1.__PIPE__L0-off.__PIPE__L2-flatten.__TILE__L0-1.__TILE__L2-2,target,query,query,finetune_dataset,data_305.pt,111135.0,graphgps_lite,4,50,paper_exact_seed4,3.2457714080810547,3.6224403381347656,0.37666893005371094,0.4399999976158142,0.22378332912921906,0.21621666848659515,0.18000000715255737,0.07935440540313721,0.10064560174942017,0.6100000143051147,0.11022120714187622,0.4997788071632385,0.0,0.02243097871541977,0.02243097871541977
230bcf10aafe80b9,gemm-p,gemm-p,lv2:__PARA__L0-1.__PARA__L1-1.__PARA__L2-16.__PARA__L3-5.__PIPE__L0-off.__PIPE__L2-off.__TILE__L0-1.__TILE__L2-1,target,query,query,finetune_dataset,data_128.pt,16504.0,graphgps_lite,4,50,paper_exact_seed4,4.621484279632568,4.695437908172607,0.07395362854003906,0.09000000357627869,0.11853279173374176,0.028532788157463074,0.05999999865889549,0.07395407557487488,0.013954076915979385,0.14000000059604645,0.14918164908885956,0.00918164849281311,0.05999999865889549,0.02990436553955078,0.03009563311934471
690088eff0fba4fd,gemm-p,gemm-p,lv2:__PARA__L0-1.__PARA__L1-1.__PARA__L2-16.__PARA__L3-70.__PIPE__L0-off.__PIPE__L2-NA.__TILE__L0-1.__TILE__L2-1,target,query,query,finetune_dataset,data_131.pt,14587.0,graphgps_lite,4,50,paper_exact_seed4,4.710550308227539,4.591891288757324,0.11865901947021484,0.3199999928474426,0.2516070306301117,0.06839296221733093,0.23999999463558197,0.15902499854564667,0.0809749960899353,0.36000001430511475,0.268324613571167,0.09167540073394775,0.009999999776482582,0.022241532802581787,0.012241533026099205
2040c35f05b537b6,gemm-p,gemm-p,lv2:__PARA__L0-1.__PARA__L1-1.__PARA__L2-4.__PARA__L3-5.__PIPE__L0-off.__PIPE__L2-off.__TILE__L0-1.__TILE__L2-2,target,query,query,finetune_dataset,data_186.pt,592860.0,graphgps_lite,4,50,paper_exact_seed4,2.0380823612213135,2.523301601409912,0.48521924018859863,0.009999999776482582,0.039361000061035156,0.029361000284552574,0.0,0.022398799657821655,0.022398799657821655,0.0,0.03797098994255066,0.03797098994255066,0.029999999329447746,0.026379063725471497,0.0036209356039762497
fd3c61ae7f95e064,jacobi-2d,jacobi-2d,lv2:__PARA__L0-1.__PARA__L1-1.__PARA__L2-1.__PARA__L3-4.__PARA__L4-11.__PIPE__L0-off.__PIPE__L1-off.__PIPE__L2-off.__TILE__L0-1.__TILE__L1-1.__TILE__L2-1,target,query,query,finetune_dataset,data_701.pt,322404.0,graphgps_lite,4,50,paper_exact_seed4,2.4774932861328125,2.2356739044189453,0.2418193817138672,0.029999999329447746,0.006698161363601685,0.02330183796584606,0.009999999776482582,-0.011715888977050781,0.021715888753533363,0.009999999776482582,-0.035202741622924805,0.04520273953676224,0.029999999329447746,0.004003293812274933,0.025996705517172813
edff4791f18c4a83,jacobi-2d,jacobi-2d,lv2:__PARA__L0-1.__PARA__L1-8.__PARA__L2-1.__PARA__L3-1.__PARA__L4-4.__PIPE__L0-off.__PIPE__L1-flatten.__PIPE__L2-NA.__TILE__L0-1.__TILE__L1-1.__TILE__L2-8,target,query,query,finetune_dataset,data_909.pt,3935321.0,graphgps_lite,4,50,paper_exact_seed4,0.6727234125137329,0.6666432619094849,0.006080150604248047,2.180000066757202,2.579617500305176,0.39961743354797363,1.0,1.313556432723999,0.313556432723999,2.069999933242798,2.436577081680298,0.3665771484375,0.0,0.006632767617702484,0.006632767617702484
4380ae31aa9f6517,jacobi-2d,jacobi-2d,lv2:__PARA__L0-1.__PARA__L1-4.__PARA__L2-4.__PARA__L3-8.__PARA__L4-8.__PIPE__L0-off.__PIPE__L1-NA.__PIPE__L2-NA.__TILE__L0-40.__TILE__L1-1.__TILE__L2-1,target,query,query,finetune_dataset,data_901.pt,4399241.0,graphgps_lite,4,50,paper_exact_seed4,0.5923367142677307,0.7367312908172607,0.14439457654953003,0.05000000074505806,0.05057285726070404,0.0005728565156459808,0.019999999552965164,0.01211334764957428,0.007886651903390884,0.05000000074505806,0.06255874037742615,0.012558739632368088,0.0,-0.004804819822311401,0.004804819822311401
53885ac3842ab290,jacobi-2d,jacobi-2d,lv2:__PARA__L0-1.__PARA__L1-1.__PARA__L2-1.__PARA__L3-8.__PARA__L4-8.__PIPE__L0-off.__PIPE__L1-off.__PIPE__L2-NA.__TILE__L0-1.__TILE__L1-88.__TILE__L2-2,target,query,query,finetune_dataset,data_719.pt,4035721.0,graphgps_lite,4,50,paper_exact_seed4,0.6545508503913879,0.6949214935302734,0.0403706431388855,0.05000000074505806,0.041148632764816284,0.008851367980241776,0.019999999552965164,0.0073966532945632935,0.01260334625840187,0.05000000074505806,0.04144260287284851,0.008557397872209549,0.0,-0.003221556544303894,0.003221556544303894
cc7165117e2f0399,jacobi-2d,jacobi-2d,lv2:__PARA__L0-1.__PARA__L1-2.__PARA__L2-1.__PARA__L3-8.__PARA__L4-8.__PIPE__L0-off.__PIPE__L1-off.__PIPE__L2-off.__TILE__L0-40.__TILE__L1-1.__TILE__L2-1,target,query,query,finetune_dataset,data_823.pt,2234324.0,graphgps_lite,4,50,paper_exact_seed4,1.0810447931289673,0.8356907367706299,0.2453540563583374,0.03999999910593033,0.025966718792915344,0.014033280313014984,0.019999999552965164,-0.006311208009719849,0.026311207562685013,0.029999999329447746,0.023811161518096924,0.0061888378113508224,0.009999999776482582,0.013175852596759796,0.003175852820277214
bb70c3f8edfae14e,jacobi-2d,jacobi-2d,lv2:__PARA__L0-1.__PARA__L1-22.__PARA__L2-2.__PARA__L3-1.__PARA__L4-1.__PIPE__L0-off.__PIPE__L1-off.__PIPE__L2-flatten.__TILE__L0-1.__TILE__L1-1.__TILE__L2-8,target,query,query,finetune_dataset,data_877.pt,4385921.0,graphgps_lite,4,50,paper_exact_seed4,0.5945241451263428,0.6130123138427734,0.018488168716430664,0.8700000047683716,0.8414129018783569,0.02858710289001465,0.3799999952316284,0.3828352093696594,0.002835214138031006,0.7699999809265137,0.7621383666992188,0.007861614227294922,0.03999999910593033,0.054356448352336884,0.014356449246406555
3fcc998748c8d376,jacobi-2d,jacobi-2d,lv2:__PARA__L0-1.__PARA__L1-1.__PARA__L2-22.__PARA__L3-8.__PARA__L4-8.__PIPE__L0-off.__PIPE__L1-off.__PIPE__L2-NA.__TILE__L0-40.__TILE__L1-1.__TILE__L2-1,target,query,query,finetune_dataset,data_772.pt,2355924.0,graphgps_lite,4,50,paper_exact_seed4,1.0428175926208496,0.8551076650619507,0.18770992755889893,0.03999999910593033,0.05834251642227173,0.0183425173163414,0.009999999776482582,0.028845876455307007,0.018845876678824425,0.029999999329447746,0.050329893827438354,0.020329894497990608,0.019999999552965164,0.012598730623722076,0.007401268929243088
1e0930d3a442aea0,jacobi-2d,jacobi-2d,lv2:__PARA__L0-1.__PARA__L1-1.__PARA__L2-1.__PARA__L3-2.__PARA__L4-11.__PIPE__L0-off.__PIPE__L1-off.__PIPE__L2-off.__TILE__L0-1.__TILE__L1-1.__TILE__L2-1,target,query,query,finetune_dataset,data_690.pt,554684.0,graphgps_lite,4,50,paper_exact_seed4,2.086095094680786,1.8936607837677002,0.19243431091308594,0.03999999910593033,0.014948591589927673,0.025051407516002655,0.009999999776482582,-0.014506176114082336,0.02450617589056492,0.009999999776482582,-0.020438075065612793,0.030438074842095375,0.029999999329447746,-0.0004716217517852783,0.030471621081233025
abaaf405e8d7c365,jacobi-2d,jacobi-2d,lv2:__PARA__L0-1.__PARA__L1-1.__PARA__L2-1.__PARA__L3-8.__PARA__L4-8.__PIPE__L0-off.__PIPE__L1-off.__PIPE__L2-off.__TILE__L0-40.__TILE__L1-1.__TILE__L2-1,target,query,query,finetune_dataset,data_728.pt,238164.0,graphgps_lite,4,50,paper_exact_seed4,2.695950508117676,2.2942097187042236,0.40174078941345215,0.029999999329447746,-0.0054860711097717285,0.035486072301864624,0.009999999776482582,-0.02089640498161316,0.03089640475809574,0.0,-0.030384540557861328,0.030384540557861328,0.019999999552965164,0.010527379810810089,0.009472619742155075
3f5754af4892a908,jacobi-2d,jacobi-2d,lv2:__PARA__L0-1.__PARA__L1-1.__PARA__L2-1.__PARA__L3-1.__PARA__L4-32.__PIPE__L0-off.__PIPE__L1-flatten.__PIPE__L2-NA.__TILE__L0-1.__TILE__L1-1.__TILE__L2-8,target,query,query,finetune_dataset,data_671.pt,5518961.0,graphgps_lite,4,50,paper_exact_seed4,0.4287657141685486,0.6695141792297363,0.24074846506118774,0.33000001311302185,0.23743191361427307,0.09256809949874878,0.15000000596046448,0.107578806579113,0.04242119938135147,0.33000001311302185,0.24370917677879333,0.08629083633422852,0.3700000047683716,0.2163815200328827,0.1536184847354889
ecca3737fdfbc6d8,jacobi-2d,jacobi-2d,lv2:__PARA__L0-1.__PARA__L1-4.__PARA__L2-2.__PARA__L3-1.__PARA__L4-1.__PIPE__L0-off.__PIPE__L1-off.__PIPE__L2-flatten.__TILE__L0-1.__TILE__L1-1.__TILE__L2-8,target,query,query,finetune_dataset,data_894.pt,4272001.0,graphgps_lite,4,50,paper_exact_seed4,0.6135080456733704,0.6101689338684082,0.003339111804962158,0.8700000047683716,0.7765113115310669,0.09348869323730469,0.3799999952316284,0.34330815076828003,0.03669184446334839,0.7699999809265137,0.7114698886871338,0.05853009223937988,0.03999999910593033,0.051064975559711456,0.011064976453781128
5f0886c92e87a8b7,jacobi-2d,jacobi-2d,lv2:__PARA__L0-1.__PARA__L1-1.__PARA__L2-2.__PARA__L3-4.__PARA__L4-1.__PIPE__L0-off.__PIPE__L1-off.__PIPE__L2-flatten.__TILE__L0-1.__TILE__L1-8.__TILE__L2-8,target,query,query,finetune_dataset,data_759.pt,4087761.0,graphgps_lite,4,50,paper_exact_seed4,0.6453086137771606,0.6163626313209534,0.028945982456207275,0.8700000047683716,0.8771622180938721,0.007162213325500488,0.38999998569488525,0.4020417332649231,0.012041747570037842,0.7799999713897705,0.7886896133422852,0.008689641952514648,0.0,0.053769320249557495,0.053769320249557495
c3d4e0296ac15d18,jacobi-2d,jacobi-2d,lv2:__PARA__L0-1.__PARA__L1-2.__PARA__L2-4.__PARA__L3-8.__PARA__L4-8.__PIPE__L0-off.__PIPE__L1-NA.__PIPE__L2-off.__TILE__L0-40.__TILE__L1-1.__TILE__L2-1,target,query,query,finetune_dataset,data_861.pt,4390681.0,graphgps_lite,4,50,paper_exact_seed4,0.5937417149543762,0.7213773727416992,0.127635657787323,0.05000000074505806,0.03569234907627106,0.014307651668787003,0.019999999552965164,0.007110878825187683,0.012889120727777481,0.05000000074505806,0.05329585075378418,0.00329585000872612,0.0,0.0020721107721328735,0.0020721107721328735
7c1dc00b3bf4a5f3,jacobi-2d,jacobi-2d,lv2:__PARA__L0-1.__PARA__L1-2.__PARA__L2-22.__PARA__L3-8.__PARA__L4-8.__PIPE__L0-off.__PIPE__L1-off.__PIPE__L2-off.__TILE__L0-1.__TILE__L1-1.__TILE__L2-4,target,query,query,finetune_dataset,data_856.pt,4504601.0,graphgps_lite,4,50,paper_exact_seed4,0.5752643942832947,0.8051014542579651,0.2298370599746704,0.05000000074505806,0.026543796062469482,0.023456204682588577,0.019999999552965164,-0.006208091974258423,0.026208091527223587,0.05000000074505806,0.035742565989494324,0.014257434755563736,0.009999999776482582,0.0019280463457107544,0.008071953430771828
8b485ae83504393c,jacobi-2d,jacobi-2d,lv2:__PARA__L0-1.__PARA__L1-1.__PARA__L2-1.__PARA__L3-2.__PARA__L4-22.__PIPE__L0-off.__PIPE__L1-off.__PIPE__L2-off.__TILE__L0-1.__TILE__L1-1.__TILE__L2-1,target,query,query,finetune_dataset,data_694.pt,512484.0,graphgps_lite,4,50,paper_exact_seed4,2.143174648284912,1.7114139795303345,0.43176066875457764,0.07000000029802322,0.03281897306442261,0.037181027233600616,0.019999999552965164,-0.016321837902069092,0.036321837455034256,0.019999999552965164,0.001979053020477295,0.01802094653248787,0.05000000074505806,0.014013856649398804,0.035986144095659256
e0672c2d77aa4712,jacobi-2d,jacobi-2d,lv2:__PARA__L0-1.__PARA__L1-4.__PARA__L2-2.__PARA__L3-8.__PARA__L4-8.__PIPE__L0-off.__PIPE__L1-NA.__PIPE__L2-off.__TILE__L0-1.__TILE__L1-1.__TILE__L2-1,target,query,query,finetune_dataset,data_897.pt,4390681.0,graphgps_lite,4,50,paper_exact_seed4,0.5937417149543762,0.7351182103157043,0.14137649536132812,0.05000000074505806,0.041422754526138306,0.008577246218919754,0.019999999552965164,0.0028705745935440063,0.017129424959421158,0.05000000074505806,0.058566540479660034,0.008566539734601974,0.0,-0.001239195466041565,0.001239195466041565
9989bcc5a4c88281,jacobi-2d,jacobi-2d,lv2:__PARA__L0-1.__PARA__L1-1.__PARA__L2-1.__PARA__L3-11.__PARA__L4-1.__PIPE__L0-off.__PIPE__L1-off.__PIPE__L2-off.__TILE__L0-1.__TILE__L1-1.__TILE__L2-1,target,query,query,finetune_dataset,data_680.pt,963004.0,graphgps_lite,4,50,paper_exact_seed4,1.6881572008132935,2.148564338684082,0.4604071378707886,0.05000000074505806,0.005302846431732178,0.04469715431332588,0.019999999552965164,-0.026210933923721313,0.04621093347668648,0.029999999329447746,-0.00496634840965271,0.034966349601745605,0.029999999329447746,0.019754178822040558,0.010245820507407188
c5fee3c012b75f16,jacobi-2d,jacobi-2d,lv2:__PARA__L0-1.__PARA__L1-2.__PARA__L2-2.__PARA__L3-8.__PARA__L4-8.__PIPE__L0-off.__PIPE__L1-NA.__PIPE__L2-off.__TILE__L0-1.__TILE__L1-1.__TILE__L2-1,target,query,query,finetune_dataset,data_840.pt,4382121.0,graphgps_lite,4,50,paper_exact_seed4,0.5951493978500366,0.7619544267654419,0.16680502891540527,0.05000000074505806,0.036560654640197754,0.013439346104860306,0.019999999552965164,0.0046431273221969604,0.015356872230768204,0.05000000074505806,0.06142835319042206,0.011428352445363998,0.0,0.009537950158119202,0.009537950158119202
27b6de971e060e79,jacobi-2d,jacobi-2d,lv2:__PARA__L0-1.__PARA__L1-4.__PARA__L2-11.__PARA__L3-1.__PARA__L4-4.__PIPE__L0-off.__PIPE__L1-flatten.__PIPE__L2-NA.__TILE__L0-1.__TILE__L1-8.__TILE__L2-8,target,query,query,finetune_dataset,data_892.pt,4421441.0,graphgps_lite,4,50,paper_exact_seed4,0.5887057185173035,0.6181925535202026,0.02948683500289917,1.4600000381469727,1.2905244827270508,0.16947555541992188,0.6499999761581421,0.5296105146408081,0.12038946151733398,1.2899999618530273,1.1913166046142578,0.09868335723876953,0.0,-0.0024623125791549683,0.0024623125791549683
c47c75864cb27766,jacobi-2d,jacobi-2d,lv2:__PARA__L0-1.__PARA__L1-1.__PARA__L2-2.__PARA__L3-8.__PARA__L4-1.__PIPE__L0-off.__PIPE__L1-NA.__PIPE__L2-flatten.__TILE__L0-1.__TILE__L1-8.__TILE__L2-8,target,query,query,finetune_dataset,data_760.pt,4087761.0,graphgps_lite,4,50,paper_exact_seed4,0.6453086137771606,0.6203354001045227,0.02497321367263794,0.8899999856948853,0.8797650933265686,0.01023489236831665,0.38999998569488525,0.41185110807418823,0.02185112237930298,0.7900000214576721,0.7914680242538452,0.0014680027961730957,0.0,0.057649701833724976,0.057649701833724976
5214d99fdeb11110,jacobi-2d,jacobi-2d,lv2:__PARA__L0-1.__PARA__L1-4.__PARA__L2-4.__PARA__L3-8.__PARA__L4-8.__PIPE__L0-off.__PIPE__L1-NA.__PIPE__L2-off.__TILE__L0-1.__TILE__L1-1.__TILE__L2-1,target,query,query,finetune_dataset,data_902.pt,4399241.0,graphgps_lite,4,50,paper_exact_seed4,0.5923367142677307,0.7107642292976379,0.11842751502990723,0.05000000074505806,0.015064060688018799,0.03493594005703926,0.019999999552965164,-0.005490690469741821,0.025490690022706985,0.05000000074505806,0.05251142382621765,0.0025114230811595917,0.0,-0.010184600949287415,0.010184600949287415
8a2ebf18dd65c202,jacobi-2d,jacobi-2d,lv2:__PARA__L0-1.__PARA__L1-2.__PARA__L2-22.__PARA__L3-8.__PARA__L4-8.__PIPE__L0-off.__PIPE__L1-NA.__PIPE__L2-NA.__TILE__L0-1.__TILE__L1-1.__TILE__L2-4,target,query,query,finetune_dataset,data_847.pt,4504601.0,graphgps_lite,4,50,paper_exact_seed4,0.5752643942832947,0.7266007661819458,0.15133637189865112,0.05000000074505806,0.0644632875919342,0.014463286846876144,0.019999999552965164,0.01377105712890625,0.006228942424058914,0.05000000074505806,0.07260674238204956,0.0226067416369915,0.009999999776482582,0.007260218262672424,0.0027397815138101578
6671db5a69291d3f,jacobi-2d,jacobi-2d,lv2:__PARA__L0-1.__PARA__L1-1.__PARA__L2-2.__PARA__L3-1.__PARA__L4-1.__PIPE__L0-off.__PIPE__L1-off.__PIPE__L2-flatten.__TILE__L0-1.__TILE__L1-4.__TILE__L2-8,target,query,query,finetune_dataset,data_739.pt,4093361.0,graphgps_lite,4,50,paper_exact_seed4,0.644321084022522,0.6165336966514587,0.027787387371063232,0.6499999761581421,0.8676103353500366,0.21761035919189453,0.30000001192092896,0.3964778184890747,0.09647780656814575,0.6200000047683716,0.7894029021263123,0.16940289735794067,0.03999999910593033,0.05745358020067215,0.01745358109474182
3c2f528b154993a7,jacobi-2d,jacobi-2d,lv2:__PARA__L0-1.__PARA__L1-11.__PARA__L2-2.__PARA__L3-1.__PARA__L4-1.__PIPE__L0-off.__PIPE__L1-NA.__PIPE__L2-flatten.__TILE__L0-1.__TILE__L1-8.__TILE__L2-8,target,query,query,finetune_dataset,data_787.pt,4315161.0,graphgps_lite,4,50,paper_exact_seed4,0.6062568426132202,0.6189508438110352,0.012694001197814941,0.6499999761581421,0.8940141201019287,0.24401414394378662,0.30000001192092896,0.4000833034515381,0.10008329153060913,0.6200000047683716,0.8131690621376038,0.19316905736923218,0.03999999910593033,0.05790439248085022,0.01790439337491989
8cb79764b6680f04,jacobi-2d,jacobi-2d,lv2:__PARA__L0-1.__PARA__L1-22.__PARA__L2-2.__PARA__L3-32.__PARA__L4-1.__PIPE__L0-off.__PIPE__L1-NA.__PIPE__L2-flatten.__TILE__L0-1.__TILE__L1-4.__TILE__L2-8,target,query,query,finetune_dataset,data_883.pt,5967801.0,graphgps_lite,4,50,paper_exact_seed4,0.372364342212677,0.622295081615448,0.249930739402771,0.949999988079071,0.906955897808075,0.043044090270996094,0.41999998688697815,0.39911946654319763,0.020880520343780518,0.8600000143051147,0.806750476360321,0.0532495379447937,0.10999999940395355,0.05795476585626602,0.05204523354768753
56c9d9d6a71bf7c1,jacobi-2d,jacobi-2d,lv2:__PARA__L0-1.__PARA__L1-8.__PARA__L2-2.__PARA__L3-1.__PARA__L4-1.__PIPE__L0-off.__PIPE__L1-off.__PIPE__L2-flatten.__TILE__L0-1.__TILE__L1-1.__TILE__L2-8,target,query,query,finetune_dataset,data_911.pt,4295721.0,graphgps_lite,4,50,paper_exact_seed4,0.6095138788223267,0.6146766543388367,0.00516277551651001,0.8700000047683716,0.8158875107765198,0.05411249399185181,0.3799999952316284,0.36618804931640625,0.013811945915222168,0.7699999809265137,0.7356215715408325,0.03437840938568115,0.03999999910593033,0.056040629744529724,0.016040630638599396
5fcf77dcebfbbb45,jacobi-2d,jacobi-2d,lv2:__PARA__L0-1.__PARA__L1-2.__PARA__L2-11.__PARA__L3-8.__PARA__L4-8.__PIPE__L0-off.__PIPE__L1-off.__PIPE__L2-NA.__TILE__L0-40.__TILE__L1-1.__TILE__L2-1,target,query,query,finetune_dataset,data_833.pt,4434121.0,graphgps_lite,4,50,paper_exact_seed4,0.5866400003433228,0.7494009733200073,0.16276097297668457,0.05000000074505806,0.053413212299346924,0.003413211554288864,0.019999999552965164,0.018283814191818237,0.0017161853611469269,0.05000000074505806,0.05009511113166809,9.511038661003113e-05,0.009999999776482582,0.003286704421043396,0.006713295355439186
e6572b9f45380988,jacobi-2d,jacobi-2d,lv2:__PARA__L0-1.__PARA__L1-2.__PARA__L2-2.__PARA__L3-1.__PARA__L4-1.__PIPE__L0-off.__PIPE__L1-off.__PIPE__L2-flatten.__TILE__L0-1.__TILE__L1-1.__TILE__L2-8,target,query,query,finetune_dataset,data_837.pt,4263441.0,graphgps_lite,4,50,paper_exact_seed4,0.6149548888206482,0.6135358214378357,0.0014190673828125,0.8700000047683716,0.7931751012802124,0.07682490348815918,0.3799999952316284,0.3611162006855011,0.01888379454612732,0.7699999809265137,0.7380176782608032,0.03198230266571045,0.03999999910593033,0.054249174892902374,0.014249175786972046
ce3f95c322d7a06b,jacobi-2d,jacobi-2d,lv2:__PARA__L0-1.__PARA__L1-1.__PARA__L2-11.__PARA__L3-8.__PARA__L4-8.__PIPE__L0-off.__PIPE__L1-off.__PIPE__L2-NA.__TILE__L0-1.__TILE__L1-88.__TILE__L2-8,target,query,query,finetune_dataset,data_731.pt,2285444.0,graphgps_lite,4,50,paper_exact_seed4,1.0647268295288086,0.8635136485099792,0.20121318101882935,0.03999999910593033,0.06433919072151184,0.024339191615581512,0.009999999776482582,0.034821853041648865,0.024821853265166283,0.029999999329447746,0.07979889214038849,0.04979889094829559,0.019999999552965164,0.01645553857088089,0.0035444609820842743
944f6867f11d504d,jacobi-2d,jacobi-2d,lv2:__PARA__L0-1.__PARA__L1-1.__PARA__L2-1.__PARA__L3-4.__PARA__L4-2.__PIPE__L0-off.__PIPE__L1-off.__PIPE__L2-off.__TILE__L0-1.__TILE__L1-1.__TILE__L2-1,target,query,query,finetune_dataset,data_704.pt,702484.0,graphgps_lite,4,50,paper_exact_seed4,1.9156954288482666,1.9620753526687622,0.046379923820495605,0.009999999776482582,0.0009929835796356201,0.009007016196846962,0.0,-0.015785127878189087,0.015785127878189087,0.0,0.005198001861572266,0.005198001861572266,0.019999999552965164,0.010392941534519196,0.009607058018445969
620a3218c1a7f9c8,jacobi-2d,jacobi-2d,lv2:__PARA__L0-1.__PARA__L1-11.__PARA__L2-2.__PARA__L3-4.__PARA__L4-1.__PIPE__L0-off.__PIPE__L1-NA.__PIPE__L2-flatten.__TILE__L0-1.__TILE__L1-8.__TILE__L2-8,target,query,query,finetune_dataset,data_800.pt,4315441.0,graphgps_lite,4,50,paper_exact_seed4,0.6062100529670715,0.6188349723815918,0.012624919414520264,0.8700000047683716,0.8637328147888184,0.006267189979553223,0.38999998569488525,0.38704442977905273,0.0029555559158325195,0.7799999713897705,0.7825753688812256,0.002575397491455078,0.0,0.05460536479949951,0.05460536479949951
0d657aedc09afe78,jacobi-2d,jacobi-2d,lv2:__PARA__L0-1.__PARA__L1-1.__PARA__L2-2.__PARA__L3-4.__PARA__L4-1.__PIPE__L0-off.__PIPE__L1-NA.__PIPE__L2-flatten.__TILE__L0-1.__TILE__L1-8.__TILE__L2-8,target,query,query,finetune_dataset,data_757.pt,4087761.0,graphgps_lite,4,50,paper_exact_seed4,0.6453086137771606,0.620892345905304,0.02441626787185669,0.8700000047683716,0.8748401403427124,0.00484013557434082,0.38999998569488525,0.4116976261138916,0.021697640419006348,0.7799999713897705,0.7884134650230408,0.008413493633270264,0.0,0.05681174248456955,0.05681174248456955
636bf2d9ed70951a,jacobi-2d,jacobi-2d,lv2:__PARA__L0-1.__PARA__L1-4.__PARA__L2-88.__PARA__L3-8.__PARA__L4-8.__PIPE__L0-off.__PIPE__L1-NA.__PIPE__L2-off.__TILE__L0-1.__TILE__L1-1.__TILE__L2-1,target,query,query,finetune_dataset,data_908.pt,4370161.0,graphgps_lite,4,50,paper_exact_seed4,0.5971208214759827,0.6887117624282837,0.09159094095230103,2.0,0.11235195398330688,1.887648105621338,0.9300000071525574,0.01610848307609558,0.9138915538787842,2.0799999237060547,0.0918310135602951,1.9881689548492432,0.0,0.009264111518859863,0.009264111518859863
e05942ec253636bc,jacobi-2d,jacobi-2d,lv2:__PARA__L0-1.__PARA__L1-2.__PARA__L2-22.__PARA__L3-8.__PARA__L4-8.__PIPE__L0-off.__PIPE__L1-off.__PIPE__L2-NA.__TILE__L0-1.__TILE__L1-1.__TILE__L2-4,target,query,query,finetune_dataset,data_853.pt,4504601.0,graphgps_lite,4,50,paper_exact_seed4,0.5752643942832947,0.8003440499305725,0.22507965564727783,0.05000000074505806,0.06709104776382446,0.017091047018766403,0.019999999552965164,0.009677872061729431,0.010322127491235733,0.05000000074505806,0.047622278332710266,0.0023777224123477936,0.009999999776482582,0.007422357797622681,0.0025776419788599014
5a0b2bc64691d41e,jacobi-2d,jacobi-2d,lv2:__PARA__L0-1.__PARA__L1-11.__PARA__L2-2.__PARA__L3-11.__PARA__L4-1.__PIPE__L0-off.__PIPE__L1-NA.__PIPE__L2-flatten.__TILE__L0-1.__TILE__L1-8.__TILE__L2-8,target,query,query,finetune_dataset,data_790.pt,4315441.0,graphgps_lite,4,50,paper_exact_seed4,0.6062100529670715,0.6161381602287292,0.009928107261657715,0.8999999761581421,0.8677746057510376,0.03222537040710449,0.4000000059604645,0.3912656307220459,0.008734375238418579,0.800000011920929,0.7832250595092773,0.01677495241165161,0.03999999910593033,0.053969040513038635,0.013969041407108307
ee77ecc8d3d341ab,jacobi-2d,jacobi-2d,lv2:__PARA__L0-1.__PARA__L1-1.__PARA__L2-2.__PARA__L3-16.__PARA__L4-1.__PIPE__L0-off.__PIPE__L1-NA.__PIPE__L2-flatten.__TILE__L0-1.__TILE__L1-8.__TILE__L2-8,target,query,query,finetune_dataset,data_745.pt,5669521.0,graphgps_lite,4,50,paper_exact_seed4,0.4093506336212158,0.6192792654037476,0.20992863178253174,0.8999999761581421,0.8848153948783875,0.015184581279754639,0.4000000059604645,0.4130772352218628,0.013077229261398315,0.8100000023841858,0.795241117477417,0.014758884906768799,0.03999999910593033,0.05769864469766617,0.01769864559173584
3258eff57f70b64a,jacobi-2d,jacobi-2d,lv2:__PARA__L0-1.__PARA__L1-4.__PARA__L2-8.__PARA__L3-8.__PARA__L4-8.__PIPE__L0-off.__PIPE__L1-NA.__PIPE__L2-NA.__TILE__L0-1.__TILE__L1-1.__TILE__L2-1,target,query,query,finetune_dataset,data_904.pt,4422961.0,graphgps_lite,4,50,paper_exact_seed4,0.5884577631950378,0.6950582265853882,0.10660046339035034,0.05000000074505806,0.06135141849517822,0.011351417750120163,0.019999999552965164,0.017147153615951538,0.002852845937013626,0.05000000074505806,0.0800248384475708,0.03002483770251274,0.009999999776482582,-0.0050501227378845215,0.015050122514367104
325879767ea9ec0f,jacobi-2d,jacobi-2d,lv2:__PARA__L0-1.__PARA__L1-1.__PARA__L2-2.__PARA__L3-32.__PARA__L4-1.__PIPE__L0-off.__PIPE__L1-NA.__PIPE__L2-flatten.__TILE__L0-1.__TILE__L1-8.__TILE__L2-8,target,query,query,finetune_dataset,data_754.pt,5668321.0,graphgps_lite,4,50,paper_exact_seed4,0.409503310918808,0.6271523833274841,0.21764907240867615,0.949999988079071,0.9105324149131775,0.039467573165893555,0.4300000071525574,0.4186779260635376,0.011322081089019775,0.8500000238418579,0.8035230040550232,0.04647701978683472,0.11999999731779099,0.06172928214073181,0.058270715177059174
8f57bbdd423a8183,jacobi-2d,jacobi-2d,lv2:__PARA__L0-1.__PARA__L1-1.__PARA__L2-1.__PARA__L3-8.__PARA__L4-16.__PIPE__L0-off.__PIPE__L1-off.__PIPE__L2-NA.__TILE__L0-1.__TILE__L1-1.__TILE__L2-1,target,query,query,finetune_dataset,data_712.pt,616564.0,graphgps_lite,4,50,paper_exact_seed4,2.00980281829834,2.0690677165985107,0.0592648983001709,0.07000000029802322,0.0534423291683197,0.01655767112970352,0.029999999329447746,0.014965623617172241,0.015034375712275505,0.029999999329447746,0.033889442682266235,0.003889443352818489,0.07000000029802322,0.02839048206806183,0.041609518229961395
4d5b93abc2d35ad2,jacobi-2d,jacobi-2d,lv2:__PARA__L0-1.__PARA__L1-2.__PARA__L2-1.__PARA__L3-8.__PARA__L4-8.__PIPE__L0-off.__PIPE__L1-off.__PIPE__L2-NA.__TILE__L0-1.__TILE__L1-1.__TILE__L2-4,target,query,query,finetune_dataset,data_816.pt,4213281.0,graphgps_lite,4,50,paper_exact_seed4,0.6234920024871826,0.7035819292068481,0.08008992671966553,0.05000000074505806,0.014616861939430237,0.03538313880562782,0.019999999552965164,-0.016772136092185974,0.03677213564515114,0.05000000074505806,0.02012956142425537,0.02987043932080269,0.0,-0.007231608033180237,0.007231608033180237
4e0f6fce3df978a0,jacobi-2d,jacobi-2d,lv2:__PARA__L0-1.__PARA__L1-1.__PARA__L2-2.__PARA__L3-1.__PARA__L4-1.__PIPE__L0-off.__PIPE__L1-off.__PIPE__L2-flatten.__TILE__L0-1.__TILE__L1-88.__TILE__L2-8,target,query,query,finetune_dataset,data_741.pt,4301521.0,graphgps_lite,4,50,paper_exact_seed4,0.6085405945777893,0.655388355255127,0.046847760677337646,0.6499999761581421,0.8631418943405151,0.21314191818237305,0.28999999165534973,0.37999358773231506,0.08999359607696533,0.6100000143051147,0.7792536616325378,0.1692536473274231,0.03999999910593033,0.062262244522571564,0.022262245416641235
06b4e10354d508a4,jacobi-2d,jacobi-2d,lv2:__PARA__L0-1.__PARA__L1-2.__PARA__L2-1.__PARA__L3-8.__PARA__L4-8.__PIPE__L0-off.__PIPE__L1-off.__PIPE__L2-off.__TILE__L0-1.__TILE__L1-1.__TILE__L2-88,target,query,query,finetune_dataset,data_822.pt,2234324.0,graphgps_lite,4,50,paper_exact_seed4,1.0810447931289673,0.8283849954605103,0.25265979766845703,0.03999999910593033,0.019450783729553223,0.020549215376377106,0.019999999552965164,-0.003027394413948059,0.023027393966913223,0.029999999329447746,0.018722444772720337,0.01127755455672741,0.009999999776482582,0.0017480403184890747,0.008251959457993507
78d8962b6846ccf5,jacobi-2d,jacobi-2d,lv2:__PARA__L0-1.__PARA__L1-2.__PARA__L2-11.__PARA__L3-8.__PARA__L4-8.__PIPE__L0-off.__PIPE__L1-NA.__PIPE__L2-NA.__TILE__L0-40.__TILE__L1-1.__TILE__L2-1,target,query,query,finetune_dataset,data_827.pt,4434121.0,graphgps_lite,4,50,paper_exact_seed4,0.5866400003433228,0.7877992987632751,0.2011592984199524,0.05000000074505806,0.07590512931346893,0.025905128568410873,0.019999999552965164,0.030894368886947632,0.010894369333982468,0.05000000074505806,0.07781374454498291,0.02781374379992485,0.009999999776482582,0.010743066668510437,0.0007430668920278549
142874636a43cf48,jacobi-2d,jacobi-2d,lv2:__PARA__L0-1.__PARA__L1-2.__PARA__L2-22.__PARA__L3-8.__PARA__L4-8.__PIPE__L0-off.__PIPE__L1-NA.__PIPE__L2-off.__TILE__L0-1.__TILE__L1-1.__TILE__L2-4,target,query,query,finetune_dataset,data_850.pt,4504601.0,graphgps_lite,4,50,paper_exact_seed4,0.5752643942832947,0.7309312224388123,0.15566682815551758,0.05000000074505806,0.041630446910858154,0.008369553834199905,0.019999999552965164,0.004457056522369385,0.01554294303059578,0.05000000074505806,0.06426967680454254,0.014269676059484482,0.009999999776482582,0.0036051571369171143,0.006394842639565468
f728e9e6039d3dc4,jacobi-2d,jacobi-2d,lv2:__PARA__L0-1.__PARA__L1-1.__PARA__L2-1.__PARA__L3-4.__PARA__L4-16.__PIPE__L0-off.__PIPE__L1-off.__PIPE__L2-off.__TILE__L0-1.__TILE__L1-1.__TILE__L2-1,target,query,query,finetune_dataset,data_703.pt,564244.0,graphgps_lite,4,50,paper_exact_seed4,2.0737686157226562,1.9414286613464355,0.1323399543762207,0.03999999910593033,0.021414339542388916,0.018585659563541412,0.009999999776482582,-0.014884918928146362,0.024884918704628944,0.009999999776482582,-0.007242262363433838,0.01724226213991642,0.029999999329447746,0.022547267377376556,0.00745273195207119
5e5bb0d488f57c02,jacobi-2d,jacobi-2d,lv2:__PARA__L0-1.__PARA__L1-1.__PARA__L2-1.__PARA__L3-11.__PARA__L4-32.__PIPE__L0-off.__PIPE__L1-off.__PIPE__L2-NA.__TILE__L0-1.__TILE__L1-1.__TILE__L2-1,target,query,query,finetune_dataset,data_685.pt,2339724.0,graphgps_lite,4,50,paper_exact_seed4,1.0477948188781738,1.5279371738433838,0.48014235496520996,0.20999999344348907,0.07774330675601959,0.13225668668746948,0.03999999910593033,0.024210304021835327,0.015789695084095,0.03999999910593033,0.03864815831184387,0.0013518407940864563,0.10999999940395355,0.03170253336429596,0.07829746603965759
ed1e0b205d363f5e,jacobi-2d,jacobi-2d,lv2:__PARA__L0-1.__PARA__L1-11.__PARA__L2-2.__PARA__L3-1.__PARA__L4-1.__PIPE__L0-off.__PIPE__L1-off.__PIPE__L2-flatten.__TILE__L0-1.__TILE__L1-1.__TILE__L2-8,target,query,query,finetune_dataset,data_788.pt,4315441.0,graphgps_lite,4,50,paper_exact_seed4,0.6062100529670715,0.6134034991264343,0.007193446159362793,0.8700000047683716,0.8359756469726562,0.03402435779571533,0.3799999952316284,0.379386305809021,0.0006136894226074219,0.7699999809265137,0.755515456199646,0.014484524726867676,0.03999999910593033,0.05520085245370865,0.01520085334777832
9d768830a4945d1e,jacobi-2d,jacobi-2d,lv2:__PARA__L0-1.__PARA__L1-1.__PARA__L2-2.__PARA__L3-8.__PARA__L4-8.__PIPE__L0-off.__PIPE__L1-off.__PIPE__L2-off.__TILE__L0-40.__TILE__L1-1.__TILE__L2-1,target,query,query,finetune_dataset,data_766.pt,2234324.0,graphgps_lite,4,50,paper_exact_seed4,1.0810447931289673,2.2694101333618164,1.1883653402328491,0.03999999910593033,-0.012201279401779175,0.0522012785077095,0.019999999552965164,-0.017194360494613647,0.03719436004757881,0.029999999329447746,-0.015428304672241211,0.045428305864334106,0.009999999776482582,0.013523206114768982,0.0035232063382864
c87827784f91dd49,jacobi-2d,jacobi-2d,lv2:__PARA__L0-1.__PARA__L1-1.__PARA__L2-1.__PARA__L3-1.__PARA__L4-16.__PIPE__L0-off.__PIPE__L1-flatten.__PIPE__L2-NA.__TILE__L0-1.__TILE__L1-1.__TILE__L2-8,target,query,query,finetune_dataset,data_665.pt,5520201.0,graphgps_lite,4,50,paper_exact_seed4,0.4286036491394043,0.6707119941711426,0.24210834503173828,0.2800000011920929,0.22382964193820953,0.05617035925388336,0.11999999731779099,0.10473434627056122,0.015265651047229767,0.28999999165534973,0.24195905029773712,0.04804094135761261,0.28999999165534973,0.22123369574546814,0.06876629590988159
7d9b2377f873fd86,jacobi-2d,jacobi-2d,lv2:__PARA__L0-1.__PARA__L1-2.__PARA__L2-8.__PARA__L3-8.__PARA__L4-8.__PIPE__L0-off.__PIPE__L1-NA.__PIPE__L2-off.__TILE__L0-1.__TILE__L1-1.__TILE__L2-1,target,query,query,finetune_dataset,data_868.pt,4414401.0,graphgps_lite,4,50,paper_exact_seed4,0.5898551940917969,0.7266244888305664,0.13676929473876953,0.05000000074505806,0.029256194829940796,0.020743805915117264,0.019999999552965164,0.0022085756063461304,0.017791423946619034,0.05000000074505806,0.060647398233413696,0.010647397488355637,0.009999999776482582,0.0005555152893066406,0.009444484487175941
f6397effcdab9349,jacobi-2d,jacobi-2d,lv2:__PARA__L0-1.__PARA__L1-1.__PARA__L2-2.__PARA__L3-11.__PARA__L4-1.__PIPE__L0-off.__PIPE__L1-NA.__PIPE__L2-flatten.__TILE__L0-1.__TILE__L1-8.__TILE__L2-8,target,query,query,finetune_dataset,data_742.pt,4088281.0,graphgps_lite,4,50,paper_exact_seed4,0.6452168822288513,0.6195101141929626,0.025706768035888672,0.8999999761581421,0.8837600946426392,0.01623988151550293,0.4000000059604645,0.4127960801124573,0.012796074151992798,0.800000011920929,0.795376718044281,0.004623293876647949,0.03999999910593033,0.057783156633377075,0.017783157527446747
e6344a3116b3c498,jacobi-2d,jacobi-2d,lv2:__PARA__L0-1.__PARA__L1-11.__PARA__L2-2.__PARA__L3-8.__PARA__L4-1.__PIPE__L0-off.__PIPE__L1-NA.__PIPE__L2-flatten.__TILE__L0-1.__TILE__L1-8.__TILE__L2-8,target,query,query,finetune_dataset,data_802.pt,4315441.0,graphgps_lite,4,50,paper_exact_seed4,0.6062100529670715,0.6167601346969604,0.010550081729888916,0.8799999952316284,0.8670586347579956,0.012941360473632812,0.38999998569488525,0.39110898971557617,0.001109004020690918,0.7900000214576721,0.783953845500946,0.006046175956726074,0.009999999776482582,0.05410958081483841,0.04410958290100098
6d2b07676ed78ee0,jacobi-2d,jacobi-2d,lv2:__PARA__L0-1.__PARA__L1-2.__PARA__L2-1.__PARA__L3-8.__PARA__L4-8.__PIPE__L0-off.__PIPE__L1-NA.__PIPE__L2-off.__TILE__L0-1.__TILE__L1-1.__TILE__L2-1,target,query,query,finetune_dataset,data_809.pt,2234324.0,graphgps_lite,4,50,paper_exact_seed4,1.0810447931289673,0.7681282758712769,0.31291651725769043,0.03999999910593033,0.03699555993080139,0.0030044391751289368,0.019999999552965164,0.004613906145095825,0.015386093407869339,0.029999999329447746,0.060727864503860474,0.030727865174412727,0.009999999776482582,0.009623847901821136,0.0003761518746614456
11b2257107686917,jacobi-2d,jacobi-2d,lv2:__PARA__L0-1.__PARA__L1-2.__PARA__L2-4.__PARA__L3-8.__PARA__L4-8.__PIPE__L0-off.__PIPE__L1-off.__PIPE__L2-NA.__TILE__L0-40.__TILE__L1-1.__TILE__L2-1,target,query,query,finetune_dataset,data_863.pt,4390681.0,graphgps_lite,4,50,paper_exact_seed4,0.5937417149543762,0.7051734924316406,0.1114317774772644,0.05000000074505806,0.02170577645301819,0.02829422429203987,0.019999999552965164,0.000253140926361084,0.01974685862660408,0.05000000074505806,0.04297997057437897,0.007020030170679092,0.0,-0.006022408604621887,0.006022408604621887
d3b71341beff420b,jacobi-2d,jacobi-2d,lv2:__PARA__L0-1.__PARA__L1-1.__PARA__L2-1.__PARA__L3-2.__PARA__L4-32.__PIPE__L0-off.__PIPE__L1-off.__PIPE__L2-off.__TILE__L0-1.__TILE__L1-1.__TILE__L2-1,target,query,query,finetune_dataset,data_696.pt,2707884.0,graphgps_lite,4,50,paper_exact_seed4,0.9423810839653015,1.7141910791397095,0.771809995174408,0.10999999940395355,0.034487828612327576,0.07551217079162598,0.029999999329447746,-0.01321178674697876,0.043211787939071655,0.029999999329447746,0.003316342830657959,0.026683656498789787,0.05000000074505806,0.014119751751422882,0.03588024899363518
e33b54c82cefb5a8,jacobi-2d,jacobi-2d,lv2:__PARA__L0-1.__PARA__L1-2.__PARA__L2-2.__PARA__L3-8.__PARA__L4-8.__PIPE__L0-off.__PIPE__L1-off.__PIPE__L2-off.__TILE__L0-40.__TILE__L1-1.__TILE__L2-1,target,query,query,finetune_dataset,data_845.pt,4382121.0,graphgps_lite,4,50,paper_exact_seed4,0.5951493978500366,0.821599543094635,0.2264501452445984,0.05000000074505806,0.021664172410964966,0.028335828334093094,0.019999999552965164,-0.003790035843849182,0.023790035396814346,0.05000000074505806,0.025302886962890625,0.024697113782167435,0.0,0.013069286942481995,0.013069286942481995
3bce4c37c877cb19,jacobi-2d,jacobi-2d,lv2:__PARA__L0-1.__PARA__L1-2.__PARA__L2-22.__PARA__L3-8.__PARA__L4-8.__PIPE__L0-off.__PIPE__L1-NA.__PIPE__L2-NA.__TILE__L0-1.__TILE__L1-1.__TILE__L2-1,target,query,query,finetune_dataset,data_846.pt,4504601.0,graphgps_lite,4,50,paper_exact_seed4,0.5752643942832947,0.7263345122337341,0.15107011795043945,0.05000000074505806,0.062109917402267456,0.012109916657209396,0.019999999552965164,0.013303086161613464,0.0066969133913517,0.05000000074505806,0.07365553081035614,0.02365553006529808,0.009999999776482582,0.007192641496658325,0.002807358279824257
cadd78a889c58ad2,jacobi-2d,jacobi-2d,lv2:__PARA__L0-1.__PARA__L1-2.__PARA__L2-2.__PARA__L3-8.__PARA__L4-8.__PIPE__L0-off.__PIPE__L1-off.__PIPE__L2-NA.__TILE__L0-40.__TILE__L1-1.__TILE__L2-1,target,query,query,finetune_dataset,data_843.pt,4382121.0,graphgps_lite,4,50,paper_exact_seed4,0.5951493978500366,0.7117716073989868,0.1166222095489502,0.05000000074505806,0.00935375690460205,0.04064624384045601,0.019999999552965164,-0.002875715494155884,0.022875715047121048,0.05000000074505806,0.03740935027599335,0.012590650469064713,0.0,-0.007311001420021057,0.007311001420021057
1cf8cde643f1c8a7,jacobi-2d,jacobi-2d,lv2:__PARA__L0-1.__PARA__L1-2.__PARA__L2-1.__PARA__L3-8.__PARA__L4-8.__PIPE__L0-off.__PIPE__L1-NA.__PIPE__L2-NA.__TILE__L0-1.__TILE__L1-1.__TILE__L2-8,target,query,query,finetune_dataset,data_808.pt,4206441.0,graphgps_lite,4,50,paper_exact_seed4,0.6246640086174011,0.6790715456008911,0.05440753698348999,0.05000000074505806,0.04146145284175873,0.008538547903299332,0.019999999552965164,-0.0022144317626953125,0.022214431315660477,0.05000000074505806,0.052815839648246765,0.0028158389031887054,0.0,0.00014959275722503662,0.00014959275722503662
11d231817135b986,jacobi-2d,jacobi-2d,lv2:__PARA__L0-1.__PARA__L1-1.__PARA__L2-1.__PARA__L3-11.__PARA__L4-11.__PIPE__L0-off.__PIPE__L1-off.__PIPE__L2-off.__TILE__L0-1.__TILE__L1-1.__TILE__L2-1,target,query,query,finetune_dataset,data_681.pt,174564.0,graphgps_lite,4,50,paper_exact_seed4,2.9200501441955566,2.4215269088745117,0.4985232353210449,0.05999999865889549,-0.013901561498641968,0.07390156388282776,0.009999999776482582,-0.04701286554336548,0.05701286345720291,0.009999999776482582,-0.05683106184005737,0.0668310597538948,0.03999999910593033,0.011388242244720459,0.02861175686120987
45897464edb110d6,jacobi-2d,jacobi-2d,lv2:__PARA__L0-1.__PARA__L1-1.__PARA__L2-22.__PARA__L3-8.__PARA__L4-8.__PIPE__L0-off.__PIPE__L1-off.__PIPE__L2-off.__TILE__L0-40.__TILE__L1-1.__TILE__L2-1,target,query,query,finetune_dataset,data_775.pt,2355924.0,graphgps_lite,4,50,paper_exact_seed4,1.0428175926208496,0.8606391549110413,0.18217843770980835,0.03999999910593033,0.03766387701034546,0.0023361220955848694,0.009999999776482582,-0.007852733135223389,0.01785273291170597,0.029999999329447746,0.0226593017578125,0.007340697571635246,0.019999999552965164,0.009151600301265717,0.010848399251699448
4146bdc142fce714,jacobi-2d,jacobi-2d,lv2:__PARA__L0-1.__PARA__L1-2.__PARA__L2-8.__PARA__L3-8.__PARA__L4-8.__PIPE__L0-off.__PIPE__L1-NA.__PIPE__L2-off.__TILE__L0-40.__TILE__L1-1.__TILE__L2-1,target,query,query,finetune_dataset,data_869.pt,4414401.0,graphgps_lite,4,50,paper_exact_seed4,0.5898551940917969,0.7333984375,0.14354324340820312,0.05000000074505806,0.044980600476264954,0.005019400268793106,0.019999999552965164,0.01248258352279663,0.007517416030168533,0.05000000074505806,0.056293368339538574,0.0062933675944805145,0.009999999776482582,0.0021498501300811768,0.007850149646401405
00f38308256f3bcc,jacobi-2d,jacobi-2d,lv2:__PARA__L0-1.__PARA__L1-1.__PARA__L2-2.__PARA__L3-1.__PARA__L4-1.__PIPE__L0-off.__PIPE__L1-off.__PIPE__L2-flatten.__TILE__L0-1.__TILE__L1-2.__TILE__L2-8,target,query,query,finetune_dataset,data_738.pt,4149361.0,graphgps_lite,4,50,paper_exact_seed4,0.6345194578170776,0.6204893589019775,0.014030098915100098,0.6499999761581421,0.8638572692871094,0.21385729312896729,0.30000001192092896,0.3954385221004486,0.09543851017951965,0.6200000047683716,0.809740424156189,0.18974041938781738,0.03999999910593033,0.06511303782463074,0.02511303871870041
f034469d455bb20c,jacobi-2d,jacobi-2d,lv2:__PARA__L0-1.__PARA__L1-1.__PARA__L2-1.__PARA__L3-1.__PARA__L4-1.__PIPE__L0-off.__PIPE__L1-flatten.__PIPE__L2-off.__TILE__L0-1.__TILE__L1-1.__TILE__L2-2,target,query,query,finetune_dataset,data_657.pt,4000281.0,graphgps_lite,4,50,paper_exact_seed4,0.660913348197937,0.6566500067710876,0.004263341426849365,0.25,0.193596750497818,0.05640324950218201,0.10999999940395355,0.11226904392242432,0.002269044518470764,0.25999999046325684,0.25126585364341736,0.008734136819839478,0.28999999165534973,0.22794628143310547,0.06205371022224426
03c941ad860eca80,jacobi-2d,jacobi-2d,lv2:__PARA__L0-1.__PARA__L1-1.__PARA__L2-1.__PARA__L3-4.__PARA__L4-8.__PIPE__L0-off.__PIPE__L1-off.__PIPE__L2-off.__TILE__L0-1.__TILE__L1-1.__TILE__L2-1,target,query,query,finetune_dataset,data_709.pt,354204.0,graphgps_lite,4,50,paper_exact_seed4,2.409637928009033,2.2572102546691895,0.15242767333984375,0.019999999552965164,0.0033423006534576416,0.016657698899507523,0.009999999776482582,-0.016310811042785645,0.026310810819268227,0.0,-0.03121805191040039,0.03121805191040039,0.019999999552965164,0.003375515341758728,0.016624484211206436
18fe812f93b4d9a9,jacobi-2d,jacobi-2d,lv2:__PARA__L0-1.__PARA__L1-2.__PARA__L2-1.__PARA__L3-1.__PARA__L4-4.__PIPE__L0-off.__PIPE__L1-flatten.__PIPE__L2-NA.__TILE__L0-1.__TILE__L1-8.__TILE__L2-8,target,query,query,finetune_dataset,data_805.pt,4087801.0,graphgps_lite,4,50,paper_exact_seed4,0.6453015804290771,0.6147664189338684,0.03053516149520874,0.8700000047683716,0.8902521729469299,0.02025216817855835,0.38999998569488525,0.40599095821380615,0.0159909725189209,0.7799999713897705,0.8135883212089539,0.03358834981918335,0.0,0.019478127360343933,0.019478127360343933
7364bf009fc7cbb7,jacobi-2d,jacobi-2d,lv2:__PARA__L0-1.__PARA__L1-11.__PARA__L2-2.__PARA__L3-2.__PARA__L4-1.__PIPE__L0-off.__PIPE__L1-NA.__PIPE__L2-flatten.__TILE__L0-1.__TILE__L1-8.__TILE__L2-8,target,query,query,finetune_dataset,data_794.pt,4315681.0,graphgps_lite,4,50,paper_exact_seed4,0.6061699390411377,0.6193007826805115,0.01313084363937378,0.8700000047683716,0.8894543647766113,0.019454360008239746,0.3799999952316284,0.3976968824863434,0.017696887254714966,0.7799999713897705,0.8080576658248901,0.02805769443511963,0.0,0.05813246965408325,0.05813246965408325
4e1de51300b2f8c9,jacobi-2d,jacobi-2d,lv2:__PARA__L0-1.__PARA__L1-1.__PARA__L2-11.__PARA__L3-8.__PARA__L4-8.__PIPE__L0-off.__PIPE__L1-off.__PIPE__L2-NA.__TILE__L0-1.__TILE__L1-88.__TILE__L2-1,target,query,query,finetune_dataset,data_730.pt,2285444.0,graphgps_lite,4,50,paper_exact_seed4,1.0647268295288086,0.8417195677757263,0.22300726175308228,0.03999999910593033,0.06191590428352356,0.02191590517759323,0.009999999776482582,0.031134873628616333,0.02113487385213375,0.029999999329447746,0.0754777044057846,0.04547770321369171,0.019999999552965164,0.012405961751937866,0.007594037801027298
10d212e2c1a97c6f,jacobi-2d,jacobi-2d,lv2:__PARA__L0-1.__PARA__L1-2.__PARA__L2-22.__PARA__L3-8.__PARA__L4-8.__PIPE__L0-off.__PIPE__L1-NA.__PIPE__L2-off.__TILE__L0-40.__TILE__L1-1.__TILE__L2-1,target,query,query,finetune_dataset,data_851.pt,4504601.0,graphgps_lite,4,50,paper_exact_seed4,0.5752643942832947,0.7528027296066284,0.17753833532333374,0.05000000074505806,0.06080809235572815,0.01080809161067009,0.019999999552965164,0.016925722360610962,0.0030742771923542023,0.05000000074505806,0.06545808911323547,0.015458088368177414,0.009999999776482582,0.01058342307806015,0.000583423301577568
a2f55586e23c4af2,jacobi-2d,jacobi-2d,lv2:__PARA__L0-1.__PARA__L1-1.__PARA__L2-2.__PARA__L3-8.__PARA__L4-8.__PIPE__L0-off.__PIPE__L1-off.__PIPE__L2-NA.__TILE__L0-1.__TILE__L1-88.__TILE__L2-1,target,query,query,finetune_dataset,data_763.pt,2234324.0,graphgps_lite,4,50,paper_exact_seed4,1.0810447931289673,0.7266831398010254,0.3543616533279419,0.03999999910593033,0.03576734662055969,0.004232652485370636,0.019999999552965164,0.008055835962295532,0.011944163590669632,0.029999999329447746,0.0442805290222168,0.01428052969276905,0.009999999776482582,-0.004691988229751587,0.014691988006234169
fa9d05c112689cf8,jacobi-2d,jacobi-2d,lv2:__PARA__L0-1.__PARA__L1-2.__PARA__L2-11.__PARA__L3-8.__PARA__L4-8.__PIPE__L0-off.__PIPE__L1-NA.__PIPE__L2-off.__TILE__L0-1.__TILE__L1-1.__TILE__L2-1,target,query,query,finetune_dataset,data_828.pt,4434121.0,graphgps_lite,4,50,paper_exact_seed4,0.5866400003433228,0.7288854122161865,0.14224541187286377,0.05000000074505806,0.03220568597316742,0.01779431477189064,0.019999999552965164,0.00311143696308136,0.016888562589883804,0.05000000074505806,0.062054604291915894,0.012054603546857834,0.009999999776482582,0.002659142017364502,0.00734085775911808
32f1f774163feb41,jacobi-2d,jacobi-2d,lv2:__PARA__L0-1.__PARA__L1-1.__PARA__L2-2.__PARA__L3-1.__PARA__L4-1.__PIPE__L0-off.__PIPE__L1-off.__PIPE__L2-flatten.__TILE__L0-1.__TILE__L1-1.__TILE__L2-8,target,query,query,finetune_dataset,data_737.pt,4301521.0,graphgps_lite,4,50,paper_exact_seed4,0.6085405945777893,0.6169442534446716,0.008403658866882324,0.6499999761581421,0.8178781270980835,0.1678781509399414,0.28999999165534973,0.36586347222328186,0.07586348056793213,0.6100000143051147,0.7373411655426025,0.1273411512374878,0.03999999910593033,0.05977640300989151,0.01977640390396118
47ef55f70d990b84,jacobi-2d,jacobi-2d,lv2:__PARA__L0-1.__PARA__L1-1.__PARA__L2-1.__PARA__L3-8.__PARA__L4-8.__PIPE__L0-off.__PIPE__L1-off.__PIPE__L2-off.__TILE__L0-1.__TILE__L1-88.__TILE__L2-1,target,query,query,finetune_dataset,data_723.pt,238164.0,graphgps_lite,4,50,paper_exact_seed4,2.695950508117676,0.885309636592865,1.810640811920166,0.029999999329447746,0.034136414527893066,0.00413641519844532,0.009999999776482582,0.011355742812156677,0.0013557430356740952,0.0,0.036994874477386475,0.036994874477386475,0.019999999552965164,0.015259400010108948,0.004740599542856216
9b892d6f7350a914,jacobi-2d,jacobi-2d,lv2:__PARA__L0-1.__PARA__L1-4.__PARA__L2-4.__PARA__L3-8.__PARA__L4-8.__PIPE__L0-off.__PIPE__L1-NA.__PIPE__L2-off.__TILE__L0-40.__TILE__L1-1.__TILE__L2-1,target,query,query,finetune_dataset,data_903.pt,4399241.0,graphgps_lite,4,50,paper_exact_seed4,0.5923367142677307,0.7142359018325806,0.12189918756484985,0.05000000074505806,0.03593850135803223,0.014061499387025833,0.019999999552965164,0.004957571625709534,0.01504242792725563,0.05000000074505806,0.051234498620033264,0.0012344978749752045,0.0,-0.007044181227684021,0.007044181227684021
b7a063af2d7c0f24,jacobi-2d,jacobi-2d,lv2:__PARA__L0-1.__PARA__L1-2.__PARA__L2-2.__PARA__L3-8.__PARA__L4-8.__PIPE__L0-off.__PIPE__L1-NA.__PIPE__L2-off.__TILE__L0-40.__TILE__L1-1.__TILE__L2-1,target,query,query,finetune_dataset,data_841.pt,4382121.0,graphgps_lite,4,50,paper_exact_seed4,0.5951493978500366,0.7561237215995789,0.16097432374954224,0.05000000074505806,0.04910646378993988,0.0008935369551181793,0.019999999552965164,0.010913953185081482,0.009086046367883682,0.05000000074505806,0.05969040095806122,0.009690400213003159,0.0,0.013052284717559814,0.013052284717559814
dbbf61ec790c5658,jacobi-2d,jacobi-2d,lv2:__PARA__L0-1.__PARA__L1-1.__PARA__L2-11.__PARA__L3-8.__PARA__L4-8.__PIPE__L0-off.__PIPE__L1-off.__PIPE__L2-off.__TILE__L0-40.__TILE__L1-1.__TILE__L2-1,target,query,query,finetune_dataset,data_735.pt,2285444.0,graphgps_lite,4,50,paper_exact_seed4,1.0647268295288086,0.8027992248535156,0.26192760467529297,0.03999999910593033,0.0396086722612381,0.0003913268446922302,0.009999999776482582,-0.003253728151321411,0.013253727927803993,0.029999999329447746,0.028666377067565918,0.0013336222618818283,0.019999999552965164,0.008518092334270477,0.011481907218694687
471502d68fa5fd23,jacobi-2d,jacobi-2d,lv2:__PARA__L0-1.__PARA__L1-1.__PARA__L2-1.__PARA__L3-2.__PARA__L4-32.__PIPE__L0-off.__PIPE__L1-off.__PIPE__L2-NA.__TILE__L0-1.__TILE__L1-1.__TILE__L2-1,target,query,query,finetune_dataset,data_695.pt,2466404.0,graphgps_lite,4,50,paper_exact_seed4,1.0097594261169434,1.1783705949783325,0.16861116886138916,0.1599999964237213,0.07971709966659546,0.08028289675712585,0.019999999552965164,0.022846072912216187,0.0028460733592510223,0.009999999776482582,0.04424101114273071,0.03424101322889328,0.10000000149011612,0.028086110949516296,0.07191389054059982
d42802d96e26dbb9,jacobi-2d,jacobi-2d,lv2:__PARA__L0-1.__PARA__L1-1.__PARA__L2-2.__PARA__L3-16.__PARA__L4-1.__PIPE__L0-off.__PIPE__L1-off.__PIPE__L2-flatten.__TILE__L0-1.__TILE__L1-1.__TILE__L2-8,target,query,query,finetune_dataset,data_746.pt,5766161.0,graphgps_lite,4,50,paper_exact_seed4,0.3971584737300873,0.6163737177848816,0.2192152440547943,0.8799999952316284,0.8671650886535645,0.012834906578063965,0.38999998569488525,0.391844779253006,0.0018447935581207275,0.7699999809265137,0.7951026558876038,0.025102674961090088,0.029999999329447746,0.055820710957050323,0.025820711627602577
d978b50fb6a3650e,jacobi-2d,jacobi-2d,lv2:__PARA__L0-1.__PARA__L1-1.__PARA__L2-11.__PARA__L3-8.__PARA__L4-8.__PIPE__L0-off.__PIPE__L1-off.__PIPE__L2-off.__TILE__L0-1.__TILE__L1-88.__TILE__L2-1,target,query,query,finetune_dataset,data_733.pt,2285444.0,graphgps_lite,4,50,paper_exact_seed4,1.0647268295288086,0.8037470579147339,0.2609797716140747,0.03999999910593033,0.05170847475528717,0.011708475649356842,0.009999999776482582,0.01460498571395874,0.004604985937476158,0.029999999329447746,0.061626315116882324,0.03162631392478943,0.019999999552965164,0.01013849675655365,0.009861502796411514
a814f824596df827,jacobi-2d,jacobi-2d,lv2:__PARA__L0-1.__PARA__L1-2.__PARA__L2-1.__PARA__L3-8.__PARA__L4-8.__PIPE__L0-off.__PIPE__L1-NA.__PIPE__L2-NA.__TILE__L0-1.__TILE__L1-1.__TILE__L2-4,target,query,query,finetune_dataset,data_807.pt,4213281.0,graphgps_lite,4,50,paper_exact_seed4,0.6234920024871826,0.6727985739707947,0.04930657148361206,0.05000000074505806,0.03896497189998627,0.011035028845071793,0.019999999552965164,-0.0046853721141815186,0.024685371667146683,0.05000000074505806,0.0490206778049469,0.0009793229401111603,0.0,-0.0023194998502731323,0.0023194998502731323
47b0fea63d24ba64,jacobi-2d,jacobi-2d,lv2:__PARA__L0-1.__PARA__L1-1.__PARA__L2-1.__PARA__L3-8.__PARA__L4-8.__PIPE__L0-off.__PIPE__L1-off.__PIPE__L2-off.__TILE__L0-1.__TILE__L1-88.__TILE__L2-8,target,query,query,finetune_dataset,data_726.pt,3973841.0,graphgps_lite,4,50,paper_exact_seed4,0.6656969785690308,0.7049458026885986,0.03924882411956787,0.05000000074505806,0.038433387875556946,0.011566612869501114,0.019999999552965164,0.0072176456451416016,0.012782353907823563,0.05000000074505806,0.046426922082901,0.0035730786621570587,0.0,0.006154760718345642,0.006154760718345642
b373e8c571dbb7cb,jacobi-2d,jacobi-2d,lv2:__PARA__L0-1.__PARA__L1-1.__PARA__L2-1.__PARA__L3-1.__PARA__L4-11.__PIPE__L0-off.__PIPE__L1-off.__PIPE__L2-off.__TILE__L0-1.__TILE__L1-1.__TILE__L2-1,target,query,query,finetune_dataset,data_664.pt,963004.0,graphgps_lite,4,50,paper_exact_seed4,1.6881572008132935,1.8341801166534424,0.14602291584014893,0.05000000074505806,0.033117979764938354,0.016882020980119705,0.019999999552965164,-0.000484466552734375,0.02048446610569954,0.029999999329447746,0.02429252862930298,0.005707470700144768,0.029999999329447746,0.02624744176864624,0.003752557560801506
7c2772b2177fc2a6,jacobi-2d,jacobi-2d,lv2:__PARA__L0-1.__PARA__L1-1.__PARA__L2-1.__PARA__L3-16.__PARA__L4-1.__PIPE__L0-off.__PIPE__L1-off.__PIPE__L2-off.__TILE__L0-1.__TILE__L1-1.__TILE__L2-1,target,query,query,finetune_dataset,data_688.pt,1169604.0,graphgps_lite,4,50,paper_exact_seed4,1.5479539632797241,2.134936809539795,0.5869828462600708,0.07000000029802322,0.013850107789039612,0.05614989250898361,0.019999999552965164,-0.02583491802215576,0.045834917575120926,0.03999999910593033,-0.006056606769561768,0.046056605875492096,0.029999999329447746,0.01991632580757141,0.010083673521876335
5d9c601f37ae80a4,jacobi-2d,jacobi-2d,lv2:__PARA__L0-1.__PARA__L1-11.__PARA__L2-2.__PARA__L3-1.__PARA__L4-1.__PIPE__L0-off.__PIPE__L1-off.__PIPE__L2-flatten.__TILE__L0-1.__TILE__L1-8.__TILE__L2-8,target,query,query,finetune_dataset,data_789.pt,4315161.0,graphgps_lite,4,50,paper_exact_seed4,0.6062568426132202,0.6144357919692993,0.008178949356079102,0.6499999761581421,0.8363374471664429,0.18633747100830078,0.30000001192092896,0.37853333353996277,0.07853332161903381,0.6200000047683716,0.7582776546478271,0.13827764987945557,0.03999999910593033,0.055203840136528015,0.015203841030597687
95c506e82fde4a62,jacobi-2d,jacobi-2d,lv2:__PARA__L0-1.__PARA__L1-1.__PARA__L2-8.__PARA__L3-8.__PARA__L4-8.__PIPE__L0-off.__PIPE__L1-off.__PIPE__L2-NA.__TILE__L0-40.__TILE__L1-1.__TILE__L2-1,target,query,query,finetune_dataset,data_782.pt,2266604.0,graphgps_lite,4,50,paper_exact_seed4,1.0706979036331177,0.7520977258682251,0.3186001777648926,0.03999999910593033,0.06161203980445862,0.02161204069852829,0.009999999776482582,0.01570454239845276,0.005704542621970177,0.029999999329447746,0.0547465980052948,0.024746598675847054,0.019999999552965164,0.00537390261888504,0.014626096934080124
4160f17848553677,jacobi-2d,jacobi-2d,lv2:__PARA__L0-1.__PARA__L1-22.__PARA__L2-2.__PARA__L3-2.__PARA__L4-1.__PIPE__L0-off.__PIPE__L1-NA.__PIPE__L2-flatten.__TILE__L0-1.__TILE__L1-4.__TILE__L2-8,target,query,query,finetune_dataset,data_881.pt,4386161.0,graphgps_lite,4,50,paper_exact_seed4,0.5944846868515015,0.612194299697876,0.01770961284637451,0.8700000047683716,0.8489996194839478,0.021000385284423828,0.3799999952316284,0.38879403471946716,0.008794039487838745,0.7799999713897705,0.7695467472076416,0.010453224182128906,0.0,0.05290775001049042,0.05290775001049042
e3c1d5bfb522a40c,jacobi-2d,jacobi-2d,lv2:__PARA__L0-1.__PARA__L1-2.__PARA__L2-1.__PARA__L3-8.__PARA__L4-8.__PIPE__L0-off.__PIPE__L1-off.__PIPE__L2-NA.__TILE__L0-1.__TILE__L1-1.__TILE__L2-8,target,query,query,finetune_dataset,data_817.pt,4206441.0,graphgps_lite,4,50,paper_exact_seed4,0.6246640086174011,0.7203913927078247,0.09572738409042358,0.05000000074505806,0.018726736307144165,0.031273264437913895,0.019999999552965164,-0.016049206256866455,0.03604920580983162,0.05000000074505806,0.02458721399307251,0.02541278675198555,0.0,-0.0034647732973098755,0.0034647732973098755
ee25e4e2ed66fc53,jacobi-2d,jacobi-2d,lv2:__PARA__L0-1.__PARA__L1-1.__PARA__L2-1.__PARA__L3-8.__PARA__L4-32.__PIPE__L0-off.__PIPE__L1-off.__PIPE__L2-off.__TILE__L0-1.__TILE__L1-1.__TILE__L2-1,target,query,query,finetune_dataset,data_717.pt,2370124.0,graphgps_lite,4,50,paper_exact_seed4,1.0384827852249146,2.313575267791748,1.2750924825668335,0.11999999731779099,-0.004637956619262695,0.12463795393705368,0.029999999329447746,-0.020412206649780273,0.05041220784187317,0.029999999329447746,-0.02635142207145691,0.056351423263549805,0.05000000074505806,0.011261038482189178,0.03873896226286888
f374d26c04ba2cab,jacobi-2d,jacobi-2d,lv2:__PARA__L0-1.__PARA__L1-1.__PARA__L2-4.__PARA__L3-8.__PARA__L4-8.__PIPE__L0-off.__PIPE__L1-off.__PIPE__L2-NA.__TILE__L0-1.__TILE__L1-88.__TILE__L2-1,target,query,query,finetune_dataset,data_777.pt,2242884.0,graphgps_lite,4,50,paper_exact_seed4,1.0782865285873413,0.7386033535003662,0.3396831750869751,0.03999999910593033,0.05130311846733093,0.011303119361400604,0.019999999552965164,0.012539654970169067,0.007460344582796097,0.029999999329447746,0.055007219314575195,0.02500721998512745,0.009999999776482582,-0.000642731785774231,0.010642731562256813
e283536839fed99c,jacobi-2d,jacobi-2d,lv2:__PARA__L0-1.__PARA__L1-4.__PARA__L2-8.__PARA__L3-8.__PARA__L4-8.__PIPE__L0-off.__PIPE__L1-NA.__PIPE__L2-off.__TILE__L0-1.__TILE__L1-1.__TILE__L2-1,target,query,query,finetune_dataset,data_906.pt,4422961.0,graphgps_lite,4,50,paper_exact_seed4,0.5884577631950378,0.7184463143348694,0.12998855113983154,0.05000000074505806,0.037060484290122986,0.012939516454935074,0.019999999552965164,0.00539553165435791,0.014604467898607254,0.05000000074505806,0.06462046504020691,0.01462046429514885,0.009999999776482582,-0.004950687289237976,0.014950687065720558
1b37bbe43cd2bb4d,jacobi-2d,jacobi-2d,lv2:__PARA__L0-1.__PARA__L1-11.__PARA__L2-2.__PARA__L3-4.__PARA__L4-1.__PIPE__L0-off.__PIPE__L1-off.__PIPE__L2-flatten.__TILE__L0-1.__TILE__L1-8.__TILE__L2-8,target,query,query,finetune_dataset,data_801.pt,4315441.0,graphgps_lite,4,50,paper_exact_seed4,0.6062100529670715,0.6202867031097412,0.014076650142669678,0.8700000047683716,0.8540080189704895,0.01599198579788208,0.38999998569488525,0.3775705397129059,0.01242944598197937,0.7799999713897705,0.770097553730011,0.009902417659759521,0.0,0.05725330114364624,0.05725330114364624
8749dd1796e693db,jacobi-2d,jacobi-2d,lv2:__PARA__L0-1.__PARA__L1-11.__PARA__L2-2.__PARA__L3-32.__PARA__L4-1.__PIPE__L0-off.__PIPE__L1-off.__PIPE__L2-flatten.__TILE__L0-1.__TILE__L1-8.__TILE__L2-8,target,query,query,finetune_dataset,data_799.pt,5897321.0,graphgps_lite,4,50,paper_exact_seed4,0.3809341788291931,0.6215871572494507,0.24065297842025757,0.949999988079071,0.9076884388923645,0.04231154918670654,0.41999998688697815,0.397111177444458,0.02288880944252014,0.8600000143051147,0.8061037659645081,0.05389624834060669,0.10000000149011612,0.057460300624370575,0.042539700865745544
f3de769de7350479,jacobi-2d,jacobi-2d,lv2:__PARA__L0-1.__PARA__L1-1.__PARA__L2-1.__PARA__L3-1.__PARA__L4-4.__PIPE__L0-off.__PIPE__L1-off.__PIPE__L2-off.__TILE__L0-1.__TILE__L1-1.__TILE__L2-1,target,query,query,finetune_dataset,data_677.pt,1012244.0,graphgps_lite,4,50,paper_exact_seed4,1.6521855592727661,1.930018663406372,0.27783310413360596,0.019999999552965164,0.027149513363838196,0.007149513810873032,0.009999999776482582,-0.009685158729553223,0.019685158506035805,0.009999999776482582,0.037562161684036255,0.027562161907553673,0.019999999552965164,0.02867773175239563,0.008677732199430466
c094d3f4aa35b172,jacobi-2d,jacobi-2d,lv2:__PARA__L0-1.__PARA__L1-2.__PARA__L2-22.__PARA__L3-8.__PARA__L4-8.__PIPE__L0-off.__PIPE__L1-off.__PIPE__L2-NA.__TILE__L0-1.__TILE__L1-1.__TILE__L2-1,target,query,query,finetune_dataset,data_852.pt,4504601.0,graphgps_lite,4,50,paper_exact_seed4,0.5752643942832947,0.8015703558921814,0.22630596160888672,0.05000000074505806,0.06094510853290558,0.010945107787847519,0.019999999552965164,0.006327629089355469,0.013672370463609695,0.05000000074505806,0.04782623052597046,0.0021737702190876007,0.009999999776482582,0.0072334930300712585,0.0027665067464113235
856cc9f2c17a159a,jacobi-2d,jacobi-2d,lv2:__PARA__L0-1.__PARA__L1-2.__PARA__L2-2.__PARA__L3-8.__PARA__L4-8.__PIPE__L0-off.__PIPE__L1-off.__PIPE__L2-NA.__TILE__L0-1.__TILE__L1-1.__TILE__L2-1,target,query,query,finetune_dataset,data_842.pt,4382121.0,graphgps_lite,4,50,paper_exact_seed4,0.5951493978500366,0.7195650339126587,0.12441563606262207,0.05000000074505806,-0.00988990068435669,0.05988990142941475,0.019999999552965164,-0.009944245219230652,0.029944244772195816,0.05000000074505806,0.03656551241874695,0.013434488326311111,0.0,-0.009575381875038147,0.009575381875038147
ac5cf5acda484bde,jacobi-2d,jacobi-2d,lv2:__PARA__L0-1.__PARA__L1-11.__PARA__L2-2.__PARA__L3-32.__PARA__L4-1.__PIPE__L0-off.__PIPE__L1-NA.__PIPE__L2-flatten.__TILE__L0-1.__TILE__L1-8.__TILE__L2-8,target,query,query,finetune_dataset,data_798.pt,5897321.0,graphgps_lite,4,50,paper_exact_seed4,0.3809341788291931,0.6233065128326416,0.2423723340034485,0.949999988079071,0.9063807725906372,0.04361921548843384,0.41999998688697815,0.39945119619369507,0.02054879069328308,0.8600000143051147,0.8084363341331482,0.05156368017196655,0.10000000149011612,0.0573132187128067,0.04268678277730942
ef94c8dd19f71d10,jacobi-2d,jacobi-2d,lv2:__PARA__L0-1.__PARA__L1-4.__PARA__L2-11.__PARA__L3-8.__PARA__L4-8.__PIPE__L0-off.__PIPE__L1-NA.__PIPE__L2-off.__TILE__L0-1.__TILE__L1-1.__TILE__L2-1,target,query,query,finetune_dataset,data_893.pt,4442681.0,graphgps_lite,4,50,paper_exact_seed4,0.5852487683296204,0.71940016746521,0.1341513991355896,0.05000000074505806,0.041184693574905396,0.008815307170152664,0.019999999552965164,0.00663796067237854,0.013362038880586624,0.05000000074505806,0.06614091992378235,0.01614091917872429,0.009999999776482582,-0.004328832030296326,0.014328831806778908
13c4afce99887c0b,jacobi-2d,jacobi-2d,lv2:__PARA__L0-1.__PARA__L1-1.__PARA__L2-1.__PARA__L3-2.__PARA__L4-8.__PIPE__L0-off.__PIPE__L1-off.__PIPE__L2-off.__TILE__L0-1.__TILE__L1-1.__TILE__L2-1,target,query,query,finetune_dataset,data_698.pt,586364.0,graphgps_lite,4,50,paper_exact_seed4,2.046029806137085,1.9403266906738281,0.10570311546325684,0.019999999552965164,0.015902966260910034,0.00409703329205513,0.009999999776482582,-0.018064916133880615,0.028064915910363197,0.0,-0.017802029848098755,0.017802029848098755,0.019999999552965164,0.00019310414791107178,0.019806895405054092
da6efcc3e335e1ca,jacobi-2d,jacobi-2d,lv2:__PARA__L0-1.__PARA__L1-2.__PARA__L2-4.__PARA__L3-8.__PARA__L4-8.__PIPE__L0-off.__PIPE__L1-off.__PIPE__L2-off.__TILE__L0-1.__TILE__L1-1.__TILE__L2-1,target,query,query,finetune_dataset,data_864.pt,4390681.0,graphgps_lite,4,50,paper_exact_seed4,0.5937417149543762,0.7590838074684143,0.16534209251403809,0.05000000074505806,-0.005501687526702881,0.05550168827176094,0.019999999552965164,-0.01510496437549591,0.035104963928461075,0.05000000074505806,0.03443080186843872,0.015569198876619339,0.0,-0.006136849522590637,0.006136849522590637
c096811fe975a754,jacobi-2d,jacobi-2d,lv2:__PARA__L0-1.__PARA__L1-1.__PARA__L2-2.__PARA__L3-8.__PARA__L4-1.__PIPE__L0-off.__PIPE__L1-off.__PIPE__L2-flatten.__TILE__L0-1.__TILE__L1-8.__TILE__L2-8,target,query,query,finetune_dataset,data_762.pt,4087761.0,graphgps_lite,4,50,paper_exact_seed4,0.6453086137771606,0.617775559425354,0.02753305435180664,0.8899999856948853,0.9008363485336304,0.010836362838745117,0.38999998569488525,0.4181557893753052,0.028155803680419922,0.7900000214576721,0.8102388381958008,0.020238816738128662,0.0,0.05168021470308304,0.05168021470308304
08840fca35aa1062,jacobi-2d,jacobi-2d,lv2:__PARA__L0-1.__PARA__L1-1.__PARA__L2-11.__PARA__L3-8.__PARA__L4-8.__PIPE__L0-off.__PIPE__L1-off.__PIPE__L2-off.__TILE__L0-1.__TILE__L1-88.__TILE__L2-8,target,query,query,finetune_dataset,data_734.pt,2285444.0,graphgps_lite,4,50,paper_exact_seed4,1.0647268295288086,0.8013553619384766,0.26337146759033203,0.03999999910593033,0.05462124943733215,0.014621250331401825,0.009999999776482582,0.018685251474380493,0.008685251697897911,0.029999999329447746,0.06428089737892151,0.03428089618682861,0.019999999552965164,0.009801678359508514,0.01019832119345665
53235e166f38cfc1,jacobi-2d,jacobi-2d,lv2:__PARA__L0-1.__PARA__L1-2.__PARA__L2-22.__PARA__L3-8.__PARA__L4-8.__PIPE__L0-off.__PIPE__L1-off.__PIPE__L2-NA.__TILE__L0-40.__TILE__L1-1.__TILE__L2-1,target,query,query,finetune_dataset,data_854.pt,4504601.0,graphgps_lite,4,50,paper_exact_seed4,0.5752643942832947,0.7660025358200073,0.19073814153671265,0.05000000074505806,0.05268537998199463,0.002685379236936569,0.019999999552965164,0.02001810073852539,1.810118556022644e-05,0.05000000074505806,0.04822799563407898,0.0017720051109790802,0.009999999776482582,0.01097746193408966,0.0009774621576070786
44dccef1d06d09e7,jacobi-2d,jacobi-2d,lv2:__PARA__L0-1.__PARA__L1-1.__PARA__L2-1.__PARA__L3-1.__PARA__L4-1.__PIPE__L0-off.__PIPE__L1-flatten.__PIPE__L2-off.__TILE__L0-1.__TILE__L1-1.__TILE__L2-8,target,query,query,finetune_dataset,data_659.pt,3937881.0,graphgps_lite,4,50,paper_exact_seed4,0.6722542643547058,0.6549274921417236,0.017326772212982178,0.25,0.2090434432029724,0.04095655679702759,0.10999999940395355,0.08650700747966766,0.02349299192428589,0.25999999046325684,0.23412080109119415,0.025879189372062683,0.28999999165534973,0.18555542826652527,0.10444456338882446
51c770f1917009bf,jacobi-2d,jacobi-2d,lv2:__PARA__L0-1.__PARA__L1-2.__PARA__L2-4.__PARA__L3-8.__PARA__L4-8.__PIPE__L0-off.__PIPE__L1-off.__PIPE__L2-NA.__TILE__L0-1.__TILE__L1-1.__TILE__L2-1,target,query,query,finetune_dataset,data_862.pt,4390681.0,graphgps_lite,4,50,paper_exact_seed4,0.5937417149543762,0.716614842414856,0.12287312746047974,0.05000000074505806,0.001474231481552124,0.048525769263505936,0.019999999552965164,-0.008502960205078125,0.02850295975804329,0.05000000074505806,0.04439625144004822,0.005603749305009842,0.0,-0.008698537945747375,0.008698537945747375
fd3206ad1fd9a338,jacobi-2d,jacobi-2d,lv2:__PARA__L0-1.__PARA__L1-1.__PARA__L2-1.__PARA__L3-1.__PARA__L4-32.__PIPE__L0-off.__PIPE__L1-off.__PIPE__L2-NA.__TILE__L0-1.__TILE__L1-1.__TILE__L2-1,target,query,query,finetune_dataset,data_672.pt,2621284.0,graphgps_lite,4,50,paper_exact_seed4,0.965827226638794,1.5346916913986206,0.5688644647598267,0.1599999964237213,0.08481962978839874,0.07518036663532257,0.019999999552965164,0.027831971645355225,0.00783197209239006,0.009999999776482582,0.06037014722824097,0.050370149314403534,0.10000000149011612,0.03667469322681427,0.06332530826330185
3216d5e44ff4a411,jacobi-2d,jacobi-2d,lv2:__PARA__L0-1.__PARA__L1-2.__PARA__L2-22.__PARA__L3-8.__PARA__L4-8.__PIPE__L0-off.__PIPE__L1-off.__PIPE__L2-off.__TILE__L0-1.__TILE__L1-1.__TILE__L2-1,target,query,query,finetune_dataset,data_855.pt,4504601.0,graphgps_lite,4,50,paper_exact_seed4,0.5752643942832947,0.8073238134384155,0.23205941915512085,0.05000000074505806,0.009365558624267578,0.04063444212079048,0.019999999552965164,-0.01149788498878479,0.031497884541749954,0.05000000074505806,0.032019853591918945,0.017980147153139114,0.009999999776482582,-0.0007079392671585083,0.01070793904364109
0bff14392f5463ba,jacobi-2d,jacobi-2d,lv2:__PARA__L0-1.__PARA__L1-11.__PARA__L2-2.__PARA__L3-11.__PARA__L4-1.__PIPE__L0-off.__PIPE__L1-off.__PIPE__L2-flatten.__TILE__L0-1.__TILE__L1-8.__TILE__L2-8,target,query,query,finetune_dataset,data_791.pt,4315441.0,graphgps_lite,4,50,paper_exact_seed4,0.6062100529670715,0.6170274019241333,0.010817348957061768,0.8999999761581421,0.8773097991943359,0.022690176963806152,0.4000000059604645,0.3903234004974365,0.009676605463027954,0.800000011920929,0.7889962196350098,0.01100379228591919,0.03999999910593033,0.05448364466428757,0.014483645558357239
ebe57cf1663b92bf,jacobi-2d,jacobi-2d,lv2:__PARA__L0-1.__PARA__L1-4.__PARA__L2-2.__PARA__L3-8.__PARA__L4-8.__PIPE__L0-off.__PIPE__L1-NA.__PIPE__L2-NA.__TILE__L0-40.__TILE__L1-1.__TILE__L2-1,target,query,query,finetune_dataset,data_896.pt,4390681.0,graphgps_lite,4,50,paper_exact_seed4,0.5937417149543762,0.708935022354126,0.11519330739974976,0.05000000074505806,0.02921503782272339,0.02078496292233467,0.019999999552965164,0.004859834909439087,0.015140164643526077,0.05000000074505806,0.05182451009750366,0.0018245093524456024,0.0,-0.008863970637321472,0.008863970637321472
1509afa979317be1,jacobi-2d,jacobi-2d,lv2:__PARA__L0-1.__PARA__L1-2.__PARA__L2-88.__PARA__L3-8.__PARA__L4-8.__PIPE__L0-off.__PIPE__L1-off.__PIPE__L2-off.__TILE__L0-1.__TILE__L1-1.__TILE__L2-1,target,query,query,finetune_dataset,data_875.pt,4361601.0,graphgps_lite,4,50,paper_exact_seed4,0.5985351204872131,0.7079307436943054,0.10939562320709229,2.0,0.09582337737083435,1.9041765928268433,0.9300000071525574,0.007394075393676758,0.9226059317588806,2.0799999237060547,0.07541264593601227,2.004587173461914,0.0,0.010798655450344086,0.010798655450344086
3824367869de27e7,jacobi-2d,jacobi-2d,lv2:__PARA__L0-1.__PARA__L1-1.__PARA__L2-2.__PARA__L3-1.__PARA__L4-1.__PIPE__L0-off.__PIPE__L1-NA.__PIPE__L2-flatten.__TILE__L0-1.__TILE__L1-8.__TILE__L2-8,target,query,query,finetune_dataset,data_736.pt,4086961.0,graphgps_lite,4,50,paper_exact_seed4,0.6454498171806335,0.6179056763648987,0.027544140815734863,0.6499999761581421,0.8860087394714355,0.23600876331329346,0.30000001192092896,0.41339248418807983,0.11339247226715088,0.6200000047683716,0.7942007780075073,0.17420077323913574,0.03999999910593033,0.0589224249124527,0.01892242580652237
58a41c3a8454ad42,jacobi-2d,jacobi-2d,lv2:__PARA__L0-1.__PARA__L1-1.__PARA__L2-1.__PARA__L3-4.__PARA__L4-32.__PIPE__L0-off.__PIPE__L1-off.__PIPE__L2-NA.__TILE__L0-1.__TILE__L1-1.__TILE__L2-1,target,query,query,finetune_dataset,data_706.pt,2388964.0,graphgps_lite,4,50,paper_exact_seed4,1.0327714681625366,1.5319409370422363,0.4991694688796997,0.17000000178813934,0.07797829806804657,0.09202170372009277,0.029999999329447746,0.024987593293190002,0.005012406036257744,0.009999999776482582,0.0420556366443634,0.03205563873052597,0.10000000149011612,0.028933927416801453,0.07106607407331467
50dfb163d619aeb1,jacobi-2d,jacobi-2d,lv2:__PARA__L0-1.__PARA__L1-1.__PARA__L2-1.__PARA__L3-1.__PARA__L4-32.__PIPE__L0-off.__PIPE__L1-off.__PIPE__L2-off.__TILE__L0-1.__TILE__L1-1.__TILE__L2-1,target,query,query,finetune_dataset,data_673.pt,3161924.0,graphgps_lite,4,50,paper_exact_seed4,0.8305627107620239,1.6642919778823853,0.8337292671203613,0.1599999964237213,0.048454344272613525,0.11154565215110779,0.05000000074505806,0.0011910498142242432,0.048808950930833817,0.09000000357627869,0.046557530760765076,0.04344247281551361,0.05000000074505806,0.036775536835193634,0.013224463909864426
855ffe67644e95d0,jacobi-2d,jacobi-2d,lv2:__PARA__L0-1.__PARA__L1-1.__PARA__L2-11.__PARA__L3-8.__PARA__L4-8.__PIPE__L0-off.__PIPE__L1-off.__PIPE__L2-NA.__TILE__L0-40.__TILE__L1-1.__TILE__L2-1,target,query,query,finetune_dataset,data_732.pt,2285444.0,graphgps_lite,4,50,paper_exact_seed4,1.0647268295288086,0.7831791639328003,0.2815476655960083,0.03999999910593033,0.05531439185142517,0.015314392745494843,0.009999999776482582,0.02033168077468872,0.010331680998206139,0.029999999329447746,0.05196806788444519,0.021968068554997444,0.019999999552965164,0.010271541774272919,0.009728457778692245
7358a0642d396c29,jacobi-2d,jacobi-2d,lv2:__PARA__L0-1.__PARA__L1-1.__PARA__L2-1.__PARA__L3-2.__PARA__L4-16.__PIPE__L0-off.__PIPE__L1-off.__PIPE__L2-off.__TILE__L0-1.__TILE__L1-1.__TILE__L2-1,target,query,query,finetune_dataset,data_692.pt,785964.0,graphgps_lite,4,50,paper_exact_seed4,1.8346965312957764,1.7097336053848267,0.12496292591094971,0.03999999910593033,0.03221270442008972,0.007787294685840607,0.009999999776482582,-0.017137974500656128,0.02713797427713871,0.009999999776482582,0.002781212329864502,0.00721878744661808,0.029999999329447746,0.014733970165252686,0.01526602916419506
a6b64c8bb182d31b,jacobi-2d,jacobi-2d,lv2:__PARA__L0-1.__PARA__L1-1.__PARA__L2-2.__PARA__L3-88.__PARA__L4-1.__PIPE__L0-off.__PIPE__L1-NA.__PIPE__L2-flatten.__TILE__L0-1.__TILE__L1-8.__TILE__L2-8,target,query,query,finetune_dataset,data_767.pt,4087681.0,graphgps_lite,4,50,paper_exact_seed4,0.6453227400779724,0.6304597854614258,0.01486295461654663,1.1299999952316284,0.8696595430374146,0.26034045219421387,0.49000000953674316,0.38884061574935913,0.10115939378738403,1.0199999809265137,0.7729484438896179,0.24705153703689575,0.20999999344348907,0.06893781572580338,0.1410621702671051
dda030bf114264b6,jacobi-2d,jacobi-2d,lv2:__PARA__L0-1.__PARA__L1-1.__PARA__L2-8.__PARA__L3-8.__PARA__L4-8.__PIPE__L0-off.__PIPE__L1-off.__PIPE__L2-off.__TILE__L0-1.__TILE__L1-88.__TILE__L2-1,target,query,query,finetune_dataset,data_783.pt,2266604.0,graphgps_lite,4,50,paper_exact_seed4,1.0706979036331177,0.7918887138366699,0.27880918979644775,0.03999999910593033,0.04891505837440491,0.008915059268474579,0.009999999776482582,0.012254297733306885,0.0022542979568243027,0.029999999329447746,0.05687102675437927,0.026871027424931526,0.019999999552965164,0.006927721202373505,0.01307227835059166
477c4e2e38b59d20,jacobi-2d,jacobi-2d,lv2:__PARA__L0-1.__PARA__L1-2.__PARA__L2-8.__PARA__L3-8.__PARA__L4-8.__PIPE__L0-off.__PIPE__L1-off.__PIPE__L2-NA.__TILE__L0-1.__TILE__L1-1.__TILE__L2-1,target,query,query,finetune_dataset,data_870.pt,4414401.0,graphgps_lite,4,50,paper_exact_seed4,0.5898551940917969,0.7313936352729797,0.14153844118118286,0.05000000074505806,0.028603851795196533,0.021396148949861526,0.019999999552965164,0.005425125360488892,0.014574874192476273,0.05000000074505806,0.05446653068065643,0.004466529935598373,0.009999999776482582,-0.004742160439491272,0.014742160215973854
4fbac33f3dde480f,jacobi-2d,jacobi-2d,lv2:__PARA__L0-1.__PARA__L1-1.__PARA__L2-1.__PARA__L3-1.__PARA__L4-16.__PIPE__L0-off.__PIPE__L1-off.__PIPE__L2-off.__TILE__L0-1.__TILE__L1-1.__TILE__L2-1,target,query,query,finetune_dataset,data_667.pt,1169604.0,graphgps_lite,4,50,paper_exact_seed4,1.5479539632797241,1.6597665548324585,0.11181259155273438,0.07000000029802322,0.04626305401325226,0.023736946284770966,0.019999999552965164,-0.0025748610496520996,0.022574860602617264,0.03999999910593033,0.045006513595581055,0.005006514489650726,0.029999999329447746,0.037758342921733856,0.00775834359228611
ac131c488d448b82,jacobi-2d,jacobi-2d,lv2:__PARA__L0-1.__PARA__L1-2.__PARA__L2-1.__PARA__L3-8.__PARA__L4-8.__PIPE__L0-off.__PIPE__L1-off.__PIPE__L2-off.__TILE__L0-1.__TILE__L1-1.__TILE__L2-2,target,query,query,finetune_dataset,data_819.pt,4268321.0,graphgps_lite,4,50,paper_exact_seed4,0.6141297221183777,0.8026710748672485,0.18854135274887085,0.05000000074505806,0.0026677846908569336,0.047332216054201126,0.019999999552965164,-0.0032395124435424805,0.023239511996507645,0.05000000074505806,0.025364279747009277,0.024635720998048782,0.0,0.006190679967403412,0.006190679967403412
d269ecdf325e801d,jacobi-2d,jacobi-2d,lv2:__PARA__L0-1.__PARA__L1-1.__PARA__L2-22.__PARA__L3-8.__PARA__L4-8.__PIPE__L0-off.__PIPE__L1-off.__PIPE__L2-off.__TILE__L0-1.__TILE__L1-88.__TILE__L2-1,target,query,query,finetune_dataset,data_773.pt,2355924.0,graphgps_lite,4,50,paper_exact_seed4,1.0428175926208496,0.8119556307792664,0.23086196184158325,0.03999999910593033,0.0556391179561615,0.01563911885023117,0.009999999776482582,0.017931878566741943,0.007931878790259361,0.029999999329447746,0.0690537840127945,0.0390537828207016,0.019999999552965164,0.013592153787612915,0.006407845765352249
b0b6944b2668f3e4,jacobi-2d,jacobi-2d,lv2:__PARA__L0-1.__PARA__L1-4.__PARA__L2-22.__PARA__L3-8.__PARA__L4-8.__PIPE__L0-off.__PIPE__L1-NA.__PIPE__L2-off.__TILE__L0-1.__TILE__L1-1.__TILE__L2-1,target,query,query,finetune_dataset,data_899.pt,4513161.0,graphgps_lite,4,50,paper_exact_seed4,0.5738949179649353,0.7199205160140991,0.14602559804916382,0.05000000074505806,0.048880308866500854,0.0011196918785572052,0.019999999552965164,0.005586892366409302,0.014413107186555862,0.05000000074505806,0.06660330295562744,0.01660330221056938,0.009999999776482582,-0.0035831034183502197,0.013583103194832802
82f432bd118264ba,jacobi-2d,jacobi-2d,lv2:__PARA__L0-1.__PARA__L1-1.__PARA__L2-1.__PARA__L3-4.__PARA__L4-16.__PIPE__L0-off.__PIPE__L1-off.__PIPE__L2-NA.__TILE__L0-1.__TILE__L1-1.__TILE__L2-1,target,query,query,finetune_dataset,data_702.pt,655284.0,graphgps_lite,4,50,paper_exact_seed4,1.9658679962158203,1.8750693798065186,0.09079861640930176,0.05000000074505806,0.06112229824066162,0.011122297495603561,0.019999999552965164,0.017332345247268677,0.0026676543056964874,0.019999999552965164,0.0404278039932251,0.020427804440259933,0.07000000029802322,0.02622489631175995,0.043775103986263275
ef0195bb1522a6e1,jacobi-2d,jacobi-2d,lv2:__PARA__L0-1.__PARA__L1-1.__PARA__L2-1.__PARA__L3-2.__PARA__L4-16.__PIPE__L0-off.__PIPE__L1-off.__PIPE__L2-NA.__TILE__L0-1.__TILE__L1-1.__TILE__L2-1,target,query,query,finetune_dataset,data_691.pt,732724.0,graphgps_lite,4,50,paper_exact_seed4,1.8852931261062622,1.5779880285263062,0.30730509757995605,0.05000000074505806,0.0640404224395752,0.014040421694517136,0.019999999552965164,0.015600308775901794,0.00439969077706337,0.009999999776482582,0.04278495907783508,0.03278496116399765,0.07000000029802322,0.025949247181415558,0.044050753116607666
444859d6f64b30f7,jacobi-2d,jacobi-2d,lv2:__PARA__L0-1.__PARA__L1-1.__PARA__L2-2.__PARA__L3-8.__PARA__L4-8.__PIPE__L0-off.__PIPE__L1-off.__PIPE__L2-off.__TILE__L0-1.__TILE__L1-88.__TILE__L2-1,target,query,query,finetune_dataset,data_765.pt,2234324.0,graphgps_lite,4,50,paper_exact_seed4,1.0810447931289673,0.8685237765312195,0.2125210165977478,0.03999999910593033,0.02846403419971466,0.011535964906215668,0.019999999552965164,0.012937396764755249,0.007062602788209915,0.029999999329447746,0.04450151324272156,0.014501513913273811,0.009999999776482582,0.017266906797885895,0.007266907021403313
4e773eb3b1e972f0,jacobi-2d,jacobi-2d,lv2:__PARA__L0-1.__PARA__L1-1.__PARA__L2-1.__PARA__L3-8.__PARA__L4-8.__PIPE__L0-off.__PIPE__L1-off.__PIPE__L2-off.__TILE__L0-1.__TILE__L1-88.__TILE__L2-88,target,query,query,finetune_dataset,data_727.pt,238164.0,graphgps_lite,4,50,paper_exact_seed4,2.695950508117676,0.8385053873062134,1.8574451208114624,0.029999999329447746,0.03678269684314728,0.0067826975136995316,0.009999999776482582,0.012651771306991577,0.002651771530508995,0.0,0.04497724771499634,0.04497724771499634,0.019999999552965164,0.014658316969871521,0.005341682583093643
3fa48ecb90f45d31,jacobi-2d,jacobi-2d,lv2:__PARA__L0-1.__PARA__L1-1.__PARA__L2-2.__PARA__L3-8.__PARA__L4-1.__PIPE__L0-off.__PIPE__L1-off.__PIPE__L2-flatten.__TILE__L0-1.__TILE__L1-1.__TILE__L2-8,target,query,query,finetune_dataset,data_761.pt,4030841.0,graphgps_lite,4,50,paper_exact_seed4,0.6554235816001892,0.6169008612632751,0.03852272033691406,0.8700000047683716,0.8521710634231567,0.017828941345214844,0.3799999952316284,0.3858758807182312,0.005875885486602783,0.7699999809265137,0.7837068438529968,0.013706862926483154,0.0,0.05697941035032272,0.05697941035032272
fab04bee7d771311,jacobi-2d,jacobi-2d,lv2:__PARA__L0-1.__PARA__L1-2.__PARA__L2-22.__PARA__L3-8.__PARA__L4-8.__PIPE__L0-off.__PIPE__L1-NA.__PIPE__L2-off.__TILE__L0-1.__TILE__L1-1.__TILE__L2-1,target,query,query,finetune_dataset,data_849.pt,4504601.0,graphgps_lite,4,50,paper_exact_seed4,0.5752643942832947,0.7307103872299194,0.15544599294662476,0.05000000074505806,0.03389239311218262,0.016107607632875443,0.019999999552965164,0.002047434449195862,0.017952565103769302,0.05000000074505806,0.06280964612960815,0.012809645384550095,0.009999999776482582,0.0036587566137313843,0.006341243162751198
292906e368d78e22,jacobi-2d,jacobi-2d,lv2:__PARA__L0-1.__PARA__L1-2.__PARA__L2-2.__PARA__L3-8.__PARA__L4-8.__PIPE__L0-off.__PIPE__L1-off.__PIPE__L2-off.__TILE__L0-1.__TILE__L1-1.__TILE__L2-1,target,query,query,finetune_dataset,data_844.pt,4382121.0,graphgps_lite,4,50,paper_exact_seed4,0.5951493978500366,0.9127134680747986,0.31756407022476196,0.05000000074505806,0.010924339294433594,0.039075661450624466,0.019999999552965164,-0.013644471764564514,0.03364447131752968,0.05000000074505806,0.02437266707420349,0.02562733367085457,0.0,0.008598603308200836,0.008598603308200836
d991d616a09c54a1,jacobi-2d,jacobi-2d,lv2:__PARA__L0-1.__PARA__L1-2.__PARA__L2-2.__PARA__L3-8.__PARA__L4-8.__PIPE__L0-off.__PIPE__L1-NA.__PIPE__L2-NA.__TILE__L0-1.__TILE__L1-1.__TILE__L2-1,target,query,query,finetune_dataset,data_838.pt,4382121.0,graphgps_lite,4,50,paper_exact_seed4,0.5951493978500366,0.7018905282020569,0.10674113035202026,0.05000000074505806,0.018239125609397888,0.03176087513566017,0.019999999552965164,-0.0012805759906768799,0.021280575543642044,0.05000000074505806,0.05378222465515137,0.0037822239100933075,0.0,-0.0038004666566848755,0.0038004666566848755
2940580a380ffafd,jacobi-2d,jacobi-2d,lv2:__PARA__L0-1.__PARA__L1-22.__PARA__L2-2.__PARA__L3-22.__PARA__L4-1.__PIPE__L0-off.__PIPE__L1-NA.__PIPE__L2-flatten.__TILE__L0-1.__TILE__L1-4.__TILE__L2-8,target,query,query,finetune_dataset,data_882.pt,4390081.0,graphgps_lite,4,50,paper_exact_seed4,0.5938402414321899,0.6154463291168213,0.021606087684631348,0.9300000071525574,0.872310996055603,0.057689011096954346,0.41999998688697815,0.39209043979644775,0.027909547090530396,0.8299999833106995,0.7846807837486267,0.045319199562072754,0.07999999821186066,0.05483675003051758,0.02516324818134308
e863a4aaa1262d76,jacobi-2d,jacobi-2d,lv2:__PARA__L0-1.__PARA__L1-2.__PARA__L2-1.__PARA__L3-8.__PARA__L4-8.__PIPE__L0-off.__PIPE__L1-off.__PIPE__L2-off.__TILE__L0-1.__TILE__L1-1.__TILE__L2-4,target,query,query,finetune_dataset,data_820.pt,4213281.0,graphgps_lite,4,50,paper_exact_seed4,0.6234920024871826,0.698252260684967,0.07476025819778442,0.05000000074505806,-0.01089853048324585,0.06089853122830391,0.019999999552965164,-0.014353126287460327,0.03435312584042549,0.05000000074505806,0.006828427314758301,0.04317157343029976,0.0,-0.011174723505973816,0.011174723505973816
f8abd11bf5771ea3,jacobi-2d,jacobi-2d,lv2:__PARA__L0-1.__PARA__L1-1.__PARA__L2-1.__PARA__L3-1.__PARA__L4-8.__PIPE__L0-off.__PIPE__L1-off.__PIPE__L2-off.__TILE__L0-1.__TILE__L1-1.__TILE__L2-1,target,query,query,finetune_dataset,data_679.pt,973524.0,graphgps_lite,4,50,paper_exact_seed4,1.6803197860717773,1.862788200378418,0.18246841430664062,0.029999999329447746,0.02951522171497345,0.00048477761447429657,0.009999999776482582,-0.004520922899246216,0.014520922675728798,0.019999999552965164,0.024780213832855225,0.00478021427989006,0.019999999552965164,0.02481311559677124,0.004813116043806076
05b2ea2b4f0d2085,jacobi-2d,jacobi-2d,lv2:__PARA__L0-1.__PARA__L1-1.__PARA__L2-4.__PARA__L3-8.__PARA__L4-8.__PIPE__L0-off.__PIPE__L1-off.__PIPE__L2-off.__TILE__L0-40.__TILE__L1-1.__TILE__L2-1,target,query,query,finetune_dataset,data_780.pt,2242884.0,graphgps_lite,4,50,paper_exact_seed4,1.0782865285873413,0.7352868318557739,0.3429996967315674,0.03999999910593033,0.03225788474082947,0.007742114365100861,0.019999999552965164,-0.0067543089389801025,0.026754308491945267,0.029999999329447746,0.03616976737976074,0.006169768050312996,0.009999999776482582,0.0032165944576263428,0.006783405318856239
1d7d326acbf5d1ae,jacobi-2d,jacobi-2d,lv2:__PARA__L0-1.__PARA__L1-2.__PARA__L2-11.__PARA__L3-8.__PARA__L4-8.__PIPE__L0-off.__PIPE__L1-NA.__PIPE__L2-NA.__TILE__L0-1.__TILE__L1-1.__TILE__L2-1,target,query,query,finetune_dataset,data_825.pt,4434121.0,graphgps_lite,4,50,paper_exact_seed4,0.5866400003433228,0.7162647247314453,0.12962472438812256,0.05000000074505806,0.055647313594818115,0.0056473128497600555,0.019999999552965164,0.015938669443130493,0.004061330109834671,0.05000000074505806,0.07634249329566956,0.026342492550611496,0.009999999776482582,0.0026849061250686646,0.0073150936514139175
9ad340ebffd8ac94,jacobi-2d,jacobi-2d,lv2:__PARA__L0-1.__PARA__L1-2.__PARA__L2-11.__PARA__L3-8.__PARA__L4-8.__PIPE__L0-off.__PIPE__L1-NA.__PIPE__L2-NA.__TILE__L0-1.__TILE__L1-1.__TILE__L2-8,target,query,query,finetune_dataset,data_826.pt,4434121.0,graphgps_lite,4,50,paper_exact_seed4,0.5866400003433228,0.7185052633285522,0.1318652629852295,0.05000000074505806,0.055734023451805115,0.005734022706747055,0.019999999552965164,0.012903988361358643,0.007096011191606522,0.05000000074505806,0.07137852907180786,0.0213785283267498,0.009999999776482582,0.004412055015563965,0.005587944760918617
7461e21be625ee2b,jacobi-2d,jacobi-2d,lv2:__PARA__L0-1.__PARA__L1-1.__PARA__L2-1.__PARA__L3-1.__PARA__L4-4.__PIPE__L0-off.__PIPE__L1-flatten.__PIPE__L2-NA.__TILE__L0-1.__TILE__L1-1.__TILE__L2-8,target,query,query,finetune_dataset,data_674.pt,3938401.0,graphgps_lite,4,50,paper_exact_seed4,0.6721590161323547,0.6626583933830261,0.009500622749328613,0.25,0.20419782400131226,0.045802175998687744,0.10999999940395355,0.1054357960820198,0.004564203321933746,0.27000001072883606,0.23133572936058044,0.038664281368255615,0.25,0.2355252504348755,0.014474749565124512
37ef2a19bd4f9c1e,jacobi-2d,jacobi-2d,lv2:__PARA__L0-1.__PARA__L1-22.__PARA__L2-2.__PARA__L3-16.__PARA__L4-1.__PIPE__L0-off.__PIPE__L1-NA.__PIPE__L2-flatten.__TILE__L0-1.__TILE__L1-4.__TILE__L2-8,target,query,query,finetune_dataset,data_880.pt,5968041.0,graphgps_lite,4,50,paper_exact_seed4,0.3723353147506714,0.6149718761444092,0.2426365613937378,0.8999999761581421,0.870596706867218,0.029403269290924072,0.4000000059604645,0.39120763540267944,0.008792370557785034,0.8100000023841858,0.7835782766342163,0.026421725749969482,0.029999999329447746,0.05451270192861557,0.024512702599167824
ff47117027ddb9c3,jacobi-2d,jacobi-2d,lv2:__PARA__L0-1.__PARA__L1-2.__PARA__L2-4.__PARA__L3-8.__PARA__L4-8.__PIPE__L0-off.__PIPE__L1-NA.__PIPE__L2-off.__TILE__L0-1.__TILE__L1-1.__TILE__L2-1,target,query,query,finetune_dataset,data_860.pt,4390681.0,graphgps_lite,4,50,paper_exact_seed4,0.5937417149543762,0.7255398035049438,0.13179808855056763,0.05000000074505806,0.015844985842704773,0.03415501490235329,0.019999999552965164,-0.0026673972606658936,0.022667396813631058,0.05000000074505806,0.05545538663864136,0.005455385893583298,0.0,-0.00045593082904815674,0.00045593082904815674
04cce8feb32cd125,jacobi-2d,jacobi-2d,lv2:__PARA__L0-1.__PARA__L1-1.__PARA__L2-11.__PARA__L3-1.__PARA__L4-4.__PIPE__L0-off.__PIPE__L1-flatten.__PIPE__L2-NA.__TILE__L0-1.__TILE__L1-8.__TILE__L2-8,target,query,query,finetune_dataset,data_729.pt,4258361.0,graphgps_lite,4,50,paper_exact_seed4,0.6158149242401123,0.6660036444664001,0.05018872022628784,0.2800000011920929,0.44583994150161743,0.16583994030952454,0.11999999731779099,0.151958629488945,0.03195863217115402,0.27000001072883606,0.4578322768211365,0.18783226609230042,0.20999999344348907,0.12297141551971436,0.08702857792377472
7a4fecb14c6c0c25,jacobi-2d,jacobi-2d,lv2:__PARA__L0-1.__PARA__L1-1.__PARA__L2-2.__PARA__L3-1.__PARA__L4-1.__PIPE__L0-off.__PIPE__L1-off.__PIPE__L2-flatten.__TILE__L0-1.__TILE__L1-8.__TILE__L2-8,target,query,query,finetune_dataset,data_740.pt,4086961.0,graphgps_lite,4,50,paper_exact_seed4,0.6454498171806335,0.6176056861877441,0.027844130992889404,0.6499999761581421,0.872734785079956,0.22273480892181396,0.30000001192092896,0.39558935165405273,0.09558933973312378,0.6200000047683716,0.7807481288909912,0.16074812412261963,0.03999999910593033,0.05625911056995392,0.01625911146402359
764f63a42355b187,jacobi-2d,jacobi-2d,lv2:__PARA__L0-1.__PARA__L1-2.__PARA__L2-2.__PARA__L3-8.__PARA__L4-8.__PIPE__L0-off.__PIPE__L1-NA.__PIPE__L2-NA.__TILE__L0-40.__TILE__L1-1.__TILE__L2-1,target,query,query,finetune_dataset,data_839.pt,4382121.0,graphgps_lite,4,50,paper_exact_seed4,0.5951493978500366,0.7139646410942078,0.11881524324417114,0.05000000074505806,0.029426366090774536,0.020573634654283524,0.019999999552965164,0.006202250719070435,0.01379774883389473,0.05000000074505806,0.04958847165107727,0.0004115290939807892,0.0,-0.0017336606979370117,0.0017336606979370117
70b23e1418b25f9a,jacobi-2d,jacobi-2d,lv2:__PARA__L0-1.__PARA__L1-1.__PARA__L2-8.__PARA__L3-8.__PARA__L4-8.__PIPE__L0-off.__PIPE__L1-off.__PIPE__L2-off.__TILE__L0-40.__TILE__L1-1.__TILE__L2-1,target,query,query,finetune_dataset,data_784.pt,2266604.0,graphgps_lite,4,50,paper_exact_seed4,1.0706979036331177,0.766487181186676,0.30421072244644165,0.03999999910593033,0.04075692594051361,0.0007569268345832825,0.009999999776482582,0.0005384236574172974,0.009461576119065285,0.029999999329447746,0.03320080041885376,0.0032008010894060135,0.019999999552965164,0.008913218975067139,0.011086780577898026
418f7638dcb91743,jacobi-2d,jacobi-2d,lv2:__PARA__L0-1.__PARA__L1-1.__PARA__L2-2.__PARA__L3-2.__PARA__L4-1.__PIPE__L0-off.__PIPE__L1-off.__PIPE__L2-flatten.__TILE__L0-1.__TILE__L1-8.__TILE__L2-8,target,query,query,finetune_dataset,data_750.pt,4088281.0,graphgps_lite,4,50,paper_exact_seed4,0.6452168822288513,0.6180661916732788,0.02715069055557251,0.8700000047683716,0.8718336820602417,0.0018336772918701172,0.3799999952316284,0.3980904817581177,0.018090486526489258,0.7799999713897705,0.7839257121086121,0.003925740718841553,0.0,0.05476818233728409,0.05476818233728409
73275156de8b6442,jacobi-2d,jacobi-2d,lv2:__PARA__L0-1.__PARA__L1-4.__PARA__L2-8.__PARA__L3-8.__PARA__L4-8.__PIPE__L0-off.__PIPE__L1-NA.__PIPE__L2-NA.__TILE__L0-40.__TILE__L1-1.__TILE__L2-1,target,query,query,finetune_dataset,data_905.pt,4422961.0,graphgps_lite,4,50,paper_exact_seed4,0.5884577631950378,0.7821710109710693,0.1937132477760315,0.05000000074505806,0.08340193331241608,0.03340193256735802,0.019999999552965164,0.02790220081806183,0.007902201265096664,0.05000000074505806,0.07705660164356232,0.027056600898504257,0.009999999776482582,-0.0009966641664505005,0.010996663942933083
76cdc1b4a2ae88da,jacobi-2d,jacobi-2d,lv2:__PARA__L0-1.__PARA__L1-4.__PARA__L2-1.__PARA__L3-8.__PARA__L4-8.__PIPE__L0-off.__PIPE__L1-NA.__PIPE__L2-off.__TILE__L0-1.__TILE__L1-1.__TILE__L2-88,target,query,query,finetune_dataset,data_889.pt,2242884.0,graphgps_lite,4,50,paper_exact_seed4,1.0782865285873413,0.7584599852561951,0.31982654333114624,0.03999999910593033,0.04477681219577789,0.004776813089847565,0.019999999552965164,0.007341399788856506,0.012658599764108658,0.029999999329447746,0.05157086253166199,0.02157086320221424,0.009999999776482582,-0.005178049206733704,0.015178048983216286
22ec0ba283f993c7,jacobi-2d,jacobi-2d,lv2:__PARA__L0-1.__PARA__L1-1.__PARA__L2-1.__PARA__L3-4.__PARA__L4-22.__PIPE__L0-off.__PIPE__L1-off.__PIPE__L2-off.__TILE__L0-1.__TILE__L1-1.__TILE__L2-1,target,query,query,finetune_dataset,data_705.pt,280324.0,graphgps_lite,4,50,paper_exact_seed4,2.5783803462982178,1.94970703125,0.6286733150482178,0.07000000029802322,0.022014349699020386,0.04798565059900284,0.019999999552965164,-0.013845115900039673,0.03384511545300484,0.019999999552965164,-0.008314907550811768,0.028314907103776932,0.05000000074505806,0.020799145102500916,0.029200855642557144
e05069fa34c4ab8a,jacobi-2d,jacobi-2d,lv2:__PARA__L0-1.__PARA__L1-1.__PARA__L2-1.__PARA__L3-8.__PARA__L4-22.__PIPE__L0-off.__PIPE__L1-off.__PIPE__L2-off.__TILE__L0-1.__TILE__L1-1.__TILE__L2-1,target,query,query,finetune_dataset,data_715.pt,164284.0,graphgps_lite,4,50,paper_exact_seed4,2.963832139968872,2.314262866973877,0.6495692729949951,0.07000000029802322,-0.007231295108795166,0.07723129540681839,0.019999999552965164,-0.024528443813323975,0.04452844336628914,0.019999999552965164,-0.028380900621414185,0.04838090017437935,0.05000000074505806,0.010276541113853455,0.039723459631204605
c395ab2e435aff0d,jacobi-2d,jacobi-2d,lv2:__PARA__L0-1.__PARA__L1-1.__PARA__L2-1.__PARA__L3-1.__PARA__L4-2.__PIPE__L0-off.__PIPE__L1-flatten.__PIPE__L2-NA.__TILE__L0-1.__TILE__L1-1.__TILE__L2-8,target,query,query,finetune_dataset,data_668.pt,3938921.0,graphgps_lite,4,50,paper_exact_seed4,0.6720638275146484,0.6650072932243347,0.007056534290313721,0.25,0.19260933995246887,0.05739066004753113,0.10999999940395355,0.10536696016788483,0.004633039236068726,0.25999999046325684,0.23050734400749207,0.02949264645576477,0.25,0.23975081741809845,0.01024918258190155
29f20a46aed046a9,jacobi-2d,jacobi-2d,lv2:__PARA__L0-1.__PARA__L1-4.__PARA__L2-2.__PARA__L3-8.__PARA__L4-8.__PIPE__L0-off.__PIPE__L1-NA.__PIPE__L2-off.__TILE__L0-40.__TILE__L1-1.__TILE__L2-1,target,query,query,finetune_dataset,data_898.pt,4390681.0,graphgps_lite,4,50,paper_exact_seed4,0.5937417149543762,0.7489906549453735,0.15524893999099731,0.05000000074505806,0.05489818751811981,0.004898186773061752,0.019999999552965164,0.016333267092704773,0.0036667324602603912,0.05000000074505806,0.056621670722961426,0.006621669977903366,0.0,0.002838924527168274,0.002838924527168274
951f39a82264c2b7,jacobi-2d,jacobi-2d,lv2:__PARA__L0-1.__PARA__L1-2.__PARA__L2-4.__PARA__L3-8.__PARA__L4-8.__PIPE__L0-off.__PIPE__L1-NA.__PIPE__L2-NA.__TILE__L0-40.__TILE__L1-1.__TILE__L2-1,target,query,query,finetune_dataset,data_859.pt,4390681.0,graphgps_lite,4,50,paper_exact_seed4,0.5937417149543762,0.7377368807792664,0.14399516582489014,0.05000000074505806,0.046328768134117126,0.0036712326109409332,0.019999999552965164,0.013555973768234253,0.006444025784730911,0.05000000074505806,0.0630403459072113,0.013040345162153244,0.0,0.0030440539121627808,0.0030440539121627808
4dc43ab556929ebc,jacobi-2d,jacobi-2d,lv2:__PARA__L0-1.__PARA__L1-1.__PARA__L2-1.__PARA__L3-8.__PARA__L4-8.__PIPE__L0-off.__PIPE__L1-off.__PIPE__L2-NA.__TILE__L0-1.__TILE__L1-88.__TILE__L2-8,target,query,query,finetune_dataset,data_721.pt,3973841.0,graphgps_lite,4,50,paper_exact_seed4,0.6656969785690308,0.721579909324646,0.055882930755615234,0.05000000074505806,0.04866461455821991,0.00133538618683815,0.019999999552965164,0.009395822882652283,0.010604176670312881,0.05000000074505806,0.053179651498794556,0.003179650753736496,0.0,0.013029024004936218,0.013029024004936218
0b048cbe2d8c5471,jacobi-2d,jacobi-2d,lv2:__PARA__L0-1.__PARA__L1-4.__PARA__L2-1.__PARA__L3-8.__PARA__L4-8.__PIPE__L0-off.__PIPE__L1-off.__PIPE__L2-off.__TILE__L0-1.__TILE__L1-1.__TILE__L2-1,target,query,query,finetune_dataset,data_891.pt,2242884.0,graphgps_lite,4,50,paper_exact_seed4,1.0782865285873413,0.7819918394088745,0.2962946891784668,0.03999999910593033,0.019955158233642578,0.02004484087228775,0.019999999552965164,-0.013251155614852905,0.03325115516781807,0.029999999329447746,0.03506363928318024,0.0050636399537324905,0.009999999776482582,-0.0007898062467575073,0.01078980602324009
f849a18ab6a5f95b,jacobi-2d,jacobi-2d,lv2:__PARA__L0-1.__PARA__L1-1.__PARA__L2-4.__PARA__L3-8.__PARA__L4-8.__PIPE__L0-off.__PIPE__L1-off.__PIPE__L2-off.__TILE__L0-1.__TILE__L1-88.__TILE__L2-1,target,query,query,finetune_dataset,data_779.pt,2242884.0,graphgps_lite,4,50,paper_exact_seed4,1.0782865285873413,0.7494532465934753,0.32883328199386597,0.03999999910593033,0.04758375883102417,0.0075837597250938416,0.019999999552965164,0.0061099231243133545,0.01389007642865181,0.029999999329447746,0.051321983337402344,0.021321984007954597,0.009999999776482582,0.002411887049674988,0.007588112726807594
09dffd75dd6a8699,jacobi-2d,jacobi-2d,lv2:__PARA__L0-1.__PARA__L1-1.__PARA__L2-1.__PARA__L3-11.__PARA__L4-8.__PIPE__L0-off.__PIPE__L1-off.__PIPE__L2-off.__TILE__L0-1.__TILE__L1-1.__TILE__L2-1,target,query,query,finetune_dataset,data_687.pt,206364.0,graphgps_lite,4,50,paper_exact_seed4,2.7993323802948,2.432476043701172,0.36685633659362793,0.03999999910593033,-0.016334891319274902,0.05633489042520523,0.009999999776482582,-0.039606571197509766,0.0496065691113472,0.009999999776482582,-0.050584495067596436,0.06058449298143387,0.029999999329447746,0.011685557663440704,0.018314441666007042
04a4db8dea85f394,jacobi-2d,jacobi-2d,lv2:__PARA__L0-1.__PARA__L1-1.__PARA__L2-2.__PARA__L3-11.__PARA__L4-1.__PIPE__L0-off.__PIPE__L1-off.__PIPE__L2-flatten.__TILE__L0-1.__TILE__L1-1.__TILE__L2-8,target,query,query,finetune_dataset,data_743.pt,4020281.0,graphgps_lite,4,50,paper_exact_seed4,0.6573158502578735,0.6167089939117432,0.04060685634613037,0.8799999952316284,0.8674527406692505,0.01254725456237793,0.38999998569488525,0.392560213804245,0.002560228109359741,0.7699999809265137,0.7997204661369324,0.0297204852104187,0.029999999329447746,0.0563565269112587,0.02635652758181095
d817f4e2fb14ad81,jacobi-2d,jacobi-2d,lv2:__PARA__L0-1.__PARA__L1-22.__PARA__L2-2.__PARA__L3-1.__PARA__L4-1.__PIPE__L0-off.__PIPE__L1-NA.__PIPE__L2-flatten.__TILE__L0-1.__TILE__L1-4.__TILE__L2-8,target,query,query,finetune_dataset,data_876.pt,4385641.0,graphgps_lite,4,50,paper_exact_seed4,0.5945701599121094,0.6121292114257812,0.017559051513671875,0.6499999761581421,0.8490841388702393,0.19908416271209717,0.30000001192092896,0.3887670040130615,0.08876699209213257,0.6200000047683716,0.7692663073539734,0.1492663025856018,0.03999999910593033,0.052951499819755554,0.012951500713825226
bf1098b07df0d975,jacobi-2d,jacobi-2d,lv2:__PARA__L0-1.__PARA__L1-1.__PARA__L2-22.__PARA__L3-8.__PARA__L4-8.__PIPE__L0-off.__PIPE__L1-off.__PIPE__L2-NA.__TILE__L0-1.__TILE__L1-88.__TILE__L2-4,target,query,query,finetune_dataset,data_771.pt,2355924.0,graphgps_lite,4,50,paper_exact_seed4,1.0428175926208496,0.9234277009963989,0.11938989162445068,0.03999999910593033,0.07811042666435242,0.03811042755842209,0.009999999776482582,0.057085782289505005,0.04708578437566757,0.029999999329447746,0.09550534188747406,0.06550534069538116,0.019999999552965164,0.017278730869293213,0.0027212686836719513
97d9abfd402b29db,jacobi-2d,jacobi-2d,lv2:__PARA__L0-1.__PARA__L1-1.__PARA__L2-1.__PARA__L3-8.__PARA__L4-1.__PIPE__L0-off.__PIPE__L1-off.__PIPE__L2-off.__TILE__L0-1.__TILE__L1-1.__TILE__L2-1,target,query,query,finetune_dataset,data_710.pt,973524.0,graphgps_lite,4,50,paper_exact_seed4,1.6803197860717773,2.1188130378723145,0.4384932518005371,0.029999999329447746,-0.0017340481281280518,0.03173404932022095,0.009999999776482582,-0.025777876377105713,0.035777874290943146,0.019999999552965164,-0.010216176509857178,0.030216176062822342,0.019999999552965164,0.015748068690299988,0.004251930862665176
e09ba6a56162015e,jacobi-2d,jacobi-2d,lv2:__PARA__L0-1.__PARA__L1-1.__PARA__L2-1.__PARA__L3-1.__PARA__L4-1.__PIPE__L0-off.__PIPE__L1-flatten.__PIPE__L2-off.__TILE__L0-1.__TILE__L1-1.__TILE__L2-4,target,query,query,finetune_dataset,data_658.pt,3944281.0,graphgps_lite,4,50,paper_exact_seed4,0.6710828542709351,0.6397868394851685,0.0312960147857666,0.25,0.1960369348526001,0.0539630651473999,0.10999999940395355,0.0772620141506195,0.032737985253334045,0.25999999046325684,0.2240685522556305,0.03593143820762634,0.28999999165534973,0.15762850642204285,0.13237148523330688
005086396bfb0fbc,jacobi-2d,jacobi-2d,lv2:__PARA__L0-1.__PARA__L1-1.__PARA__L2-1.__PARA__L3-8.__PARA__L4-32.__PIPE__L0-off.__PIPE__L1-off.__PIPE__L2-NA.__TILE__L0-1.__TILE__L1-1.__TILE__L2-1,target,query,query,finetune_dataset,data_716.pt,2350244.0,graphgps_lite,4,50,paper_exact_seed4,1.0445587635040283,1.7643502950668335,0.7197915315628052,0.1899999976158142,0.07079082727432251,0.1192091703414917,0.029999999329447746,0.02291463315486908,0.007085366174578667,0.029999999329447746,0.03580653667449951,0.0058065373450517654,0.10000000149011612,0.030530475080013275,0.06946952641010284
7fb3c20dbed2153a,jacobi-2d,jacobi-2d,lv2:__PARA__L0-1.__PARA__L1-2.__PARA__L2-11.__PARA__L3-8.__PARA__L4-8.__PIPE__L0-off.__PIPE__L1-off.__PIPE__L2-off.__TILE__L0-1.__TILE__L1-1.__TILE__L2-8,target,query,query,finetune_dataset,data_835.pt,4434121.0,graphgps_lite,4,50,paper_exact_seed4,0.5866400003433228,0.7651543617248535,0.17851436138153076,0.05000000074505806,0.020913153886795044,0.029086846858263016,0.019999999552965164,-0.004759877920150757,0.02475987747311592,0.05000000074505806,0.03931048512458801,0.010689515620470047,0.009999999776482582,-0.0020428448915481567,0.012042844668030739
d8f1f816319d76f6,jacobi-2d,jacobi-2d,lv2:__PARA__L0-1.__PARA__L1-1.__PARA__L2-1.__PARA__L3-1.__PARA__L4-1.__PIPE__L0-off.__PIPE__L1-off.__PIPE__L2-off.__TILE__L0-1.__TILE__L1-1.__TILE__L2-1,target,query,query,finetune_dataset,data_663.pt,625124.0,graphgps_lite,4,50,paper_exact_seed4,1.999856948852539,1.5769073963165283,0.42294955253601074,0.009999999776482582,0.04600878059864044,0.03600878268480301,0.0,0.0030457377433776855,0.0030457377433776855,0.0,0.05089069902896881,0.05089069902896881,0.019999999552965164,0.03219923377037048,0.01219923421740532
76c2b8937705e036,jacobi-2d,jacobi-2d,lv2:__PARA__L0-1.__PARA__L1-4.__PARA__L2-1.__PARA__L3-8.__PARA__L4-8.__PIPE__L0-off.__PIPE__L1-NA.__PIPE__L2-off.__TILE__L0-1.__TILE__L1-1.__TILE__L2-1,target,query,query,finetune_dataset,data_888.pt,2242884.0,graphgps_lite,4,50,paper_exact_seed4,1.0782865285873413,0.7390328049659729,0.3392537236213684,0.03999999910593033,0.042962729930877686,0.002962730824947357,0.019999999552965164,0.0030191391706466675,0.016980860382318497,0.029999999329447746,0.05810388922691345,0.028103889897465706,0.009999999776482582,-0.0011236369609832764,0.011123636737465858
d3b2cff71cb6b3f4,jacobi-2d,jacobi-2d,lv2:__PARA__L0-1.__PARA__L1-2.__PARA__L2-22.__PARA__L3-8.__PARA__L4-8.__PIPE__L0-off.__PIPE__L1-NA.__PIPE__L2-NA.__TILE__L0-40.__TILE__L1-1.__TILE__L2-1,target,query,query,finetune_dataset,data_848.pt,4504601.0,graphgps_lite,4,50,paper_exact_seed4,0.5752643942832947,0.7775788903236389,0.20231449604034424,0.05000000074505806,0.07719036936759949,0.027190368622541428,0.019999999552965164,0.02884608507156372,0.008846085518598557,0.05000000074505806,0.07688404619693756,0.0268840454518795,0.009999999776482582,0.015444889664649963,0.005444889888167381
86c3f25e74bb0602,jacobi-2d,jacobi-2d,lv2:__PARA__L0-1.__PARA__L1-1.__PARA__L2-1.__PARA__L3-4.__PARA__L4-32.__PIPE__L0-off.__PIPE__L1-off.__PIPE__L2-off.__TILE__L0-1.__TILE__L1-1.__TILE__L2-1,target,query,query,finetune_dataset,data_707.pt,2486164.0,graphgps_lite,4,50,paper_exact_seed4,1.0040032863616943,1.9546176195144653,0.950614333152771,0.10999999940395355,0.0241585373878479,0.08584146201610565,0.029999999329447746,-0.010055318474769592,0.04005531966686249,0.029999999329447746,-0.0065773725509643555,0.03657737374305725,0.05000000074505806,0.018458500504493713,0.031541500240564346
5e2597b5863e7267,jacobi-2d,jacobi-2d,lv2:__PARA__L0-1.__PARA__L1-4.__PARA__L2-8.__PARA__L3-8.__PARA__L4-8.__PIPE__L0-off.__PIPE__L1-NA.__PIPE__L2-off.__TILE__L0-40.__TILE__L1-1.__TILE__L2-1,target,query,query,finetune_dataset,data_907.pt,4422961.0,graphgps_lite,4,50,paper_exact_seed4,0.5884577631950378,0.7260859608650208,0.1376281976699829,0.05000000074505806,0.047129929065704346,0.002870071679353714,0.019999999552965164,0.010800376534461975,0.009199623018503189,0.05000000074505806,0.054894208908081055,0.004894208163022995,0.009999999776482582,-0.007727369666099548,0.01772736944258213
b7291231ff5e94b8,jacobi-2d,jacobi-2d,lv2:__PARA__L0-1.__PARA__L1-1.__PARA__L2-1.__PARA__L3-4.__PARA__L4-4.__PIPE__L0-off.__PIPE__L1-off.__PIPE__L2-off.__TILE__L0-1.__TILE__L1-1.__TILE__L2-1,target,query,query,finetune_dataset,data_708.pt,470244.0,graphgps_lite,4,50,paper_exact_seed4,2.205223321914673,2.2442145347595215,0.03899121284484863,0.009999999776482582,0.007302343845367432,0.0026976559311151505,0.0,-0.019281655550003052,0.019281655550003052,0.0,-2.92360782623291e-05,2.92360782623291e-05,0.019999999552965164,0.013752028346061707,0.006247971206903458
33a477d84c262dc2,jacobi-2d,jacobi-2d,lv2:__PARA__L0-1.__PARA__L1-2.__PARA__L2-8.__PARA__L3-8.__PARA__L4-8.__PIPE__L0-off.__PIPE__L1-NA.__PIPE__L2-NA.__TILE__L0-1.__TILE__L1-1.__TILE__L2-1,target,query,query,finetune_dataset,data_866.pt,4414401.0,graphgps_lite,4,50,paper_exact_seed4,0.5898551940917969,0.7040863037109375,0.11423110961914062,0.05000000074505806,0.052059561014175415,0.0020595602691173553,0.019999999552965164,0.014133214950561523,0.005866784602403641,0.05000000074505806,0.07628941535949707,0.02628941461443901,0.009999999776482582,-0.00026994943618774414,0.010269949212670326
346b59020b3c9f7f,jacobi-2d,jacobi-2d,lv2:__PARA__L0-1.__PARA__L1-1.__PARA__L2-2.__PARA__L3-8.__PARA__L4-8.__PIPE__L0-off.__PIPE__L1-off.__PIPE__L2-NA.__TILE__L0-40.__TILE__L1-1.__TILE__L2-1,target,query,query,finetune_dataset,data_764.pt,2234324.0,graphgps_lite,4,50,paper_exact_seed4,1.0810447931289673,0.7194386124610901,0.3616061806678772,0.03999999910593033,0.020262718200683594,0.019737280905246735,0.019999999552965164,-0.005194991827011108,0.025194991379976273,0.029999999329447746,0.03755742311477661,0.007557423785328865,0.009999999776482582,-0.0035872608423233032,0.013587260618805885
3e14a2713d1d763e,jacobi-2d,jacobi-2d,lv2:__PARA__L0-1.__PARA__L1-22.__PARA__L2-2.__PARA__L3-4.__PARA__L4-1.__PIPE__L0-off.__PIPE__L1-NA.__PIPE__L2-flatten.__TILE__L0-1.__TILE__L1-4.__TILE__L2-8,target,query,query,finetune_dataset,data_884.pt,4385921.0,graphgps_lite,4,50,paper_exact_seed4,0.5945241451263428,0.616931676864624,0.02240753173828125,0.8700000047683716,0.8749116659164429,0.004911661148071289,0.38999998569488525,0.390444278717041,0.0004442930221557617,0.7799999713897705,0.7887243628501892,0.008724391460418701,0.0,0.05563264340162277,0.05563264340162277
bc50b6c7e737f423,jacobi-2d,jacobi-2d,lv2:__PARA__L0-1.__PARA__L1-11.__PARA__L2-2.__PARA__L3-2.__PARA__L4-1.__PIPE__L0-off.__PIPE__L1-off.__PIPE__L2-flatten.__TILE__L0-1.__TILE__L1-8.__TILE__L2-8,target,query,query,finetune_dataset,data_795.pt,4315681.0,graphgps_lite,4,50,paper_exact_seed4,0.6061699390411377,0.6163899898529053,0.010220050811767578,0.8700000047683716,0.8362876176834106,0.03371238708496094,0.3799999952316284,0.3753645718097687,0.004635423421859741,0.7799999713897705,0.7568702101707458,0.023129761219024658,0.0,0.05606874078512192,0.05606874078512192
b9937ac9cd905954,jacobi-2d,jacobi-2d,lv2:__PARA__L0-1.__PARA__L1-2.__PARA__L2-1.__PARA__L3-1.__PARA__L4-4.__PIPE__L0-off.__PIPE__L1-flatten.__PIPE__L2-NA.__TILE__L0-1.__TILE__L1-1.__TILE__L2-8,target,query,query,finetune_dataset,data_804.pt,3936601.0,graphgps_lite,4,50,paper_exact_seed4,0.672488808631897,0.6564505100250244,0.01603829860687256,0.5600000023841858,0.41581857204437256,0.14418143033981323,0.25,0.1486486792564392,0.10135132074356079,0.5199999809265137,0.4064274728298187,0.11357250809669495,0.0,0.12965929508209229,0.12965929508209229
aa2dbe6374806a88,jacobi-2d,jacobi-2d,lv2:__PARA__L0-1.__PARA__L1-1.__PARA__L2-1.__PARA__L3-4.__PARA__L4-1.__PIPE__L0-off.__PIPE__L1-off.__PIPE__L2-off.__TILE__L0-1.__TILE__L1-1.__TILE__L2-1,target,query,query,finetune_dataset,data_700.pt,1012244.0,graphgps_lite,4,50,paper_exact_seed4,1.6521855592727661,1.7394081354141235,0.08722257614135742,0.019999999552965164,0.022377073764801025,0.002377074211835861,0.009999999776482582,-0.006817176938056946,0.016817176714539528,0.009999999776482582,0.005692899227142334,0.004307100549340248,0.019999999552965164,0.01313745230436325,0.0068625472486019135
526c3a4bdacfa2d3,jacobi-2d,jacobi-2d,lv2:__PARA__L0-1.__PARA__L1-2.__PARA__L2-11.__PARA__L3-8.__PARA__L4-8.__PIPE__L0-off.__PIPE__L1-off.__PIPE__L2-NA.__TILE__L0-1.__TILE__L1-1.__TILE__L2-1,target,query,query,finetune_dataset,data_831.pt,4434121.0,graphgps_lite,4,50,paper_exact_seed4,0.5866400003433228,0.7612379789352417,0.17459797859191895,0.05000000074505806,0.03521506488323212,0.014784935861825943,0.019999999552965164,0.006893813610076904,0.01310618594288826,0.05000000074505806,0.05123890936374664,0.0012389086186885834,0.009999999776482582,-0.0004479438066482544,0.010447943583130836
34b992a5a7a00114,jacobi-2d,jacobi-2d,lv2:__PARA__L0-1.__PARA__L1-1.__PARA__L2-1.__PARA__L3-11.__PARA__L4-4.__PIPE__L0-off.__PIPE__L1-off.__PIPE__L2-off.__TILE__L0-1.__TILE__L1-1.__TILE__L2-1,target,query,query,finetune_dataset,data_686.pt,322404.0,graphgps_lite,4,50,paper_exact_seed4,2.4774932861328125,2.381091594696045,0.09640169143676758,0.029999999329447746,-0.00373801589012146,0.033738017082214355,0.009999999776482582,-0.019488245248794556,0.029488245025277138,0.009999999776482582,-0.008820384740829468,0.01882038451731205,0.029999999329447746,0.02165357768535614,0.008346421644091606
53465b974b67d248,jacobi-2d,jacobi-2d,lv2:__PARA__L0-1.__PARA__L1-2.__PARA__L2-88.__PARA__L3-8.__PARA__L4-8.__PIPE__L0-off.__PIPE__L1-NA.__PIPE__L2-off.__TILE__L0-1.__TILE__L1-1.__TILE__L2-1,target,query,query,finetune_dataset,data_874.pt,4361601.0,graphgps_lite,4,50,paper_exact_seed4,0.5985351204872131,0.6946594715118408,0.09612435102462769,2.0,0.09166927635669708,1.9083306789398193,0.9300000071525574,0.01433098316192627,0.9156690239906311,2.0799999237060547,0.0857008695602417,1.994299054145813,0.0,0.0139976367354393,0.0139976367354393
31777265ef1d2415,jacobi-2d,jacobi-2d,lv2:__PARA__L0-1.__PARA__L1-2.__PARA__L2-8.__PARA__L3-8.__PARA__L4-8.__PIPE__L0-off.__PIPE__L1-off.__PIPE__L2-off.__TILE__L0-40.__TILE__L1-1.__TILE__L2-1,target,query,query,finetune_dataset,data_873.pt,4414401.0,graphgps_lite,4,50,paper_exact_seed4,0.5898551940917969,0.7380658388137817,0.14821064472198486,0.05000000074505806,0.028157666325569153,0.021842334419488907,0.019999999552965164,0.0020245760679244995,0.017975423485040665,0.05000000074505806,0.03447738289833069,0.015522617846727371,0.009999999776482582,-0.00021204352378845215,0.010212043300271034
143101b6acaf1644,jacobi-2d,jacobi-2d,lv2:__PARA__L0-1.__PARA__L1-2.__PARA__L2-11.__PARA__L3-8.__PARA__L4-8.__PIPE__L0-off.__PIPE__L1-off.__PIPE__L2-NA.__TILE__L0-1.__TILE__L1-1.__TILE__L2-8,target,query,query,finetune_dataset,data_832.pt,4434121.0,graphgps_lite,4,50,paper_exact_seed4,0.5866400003433228,0.7701599597930908,0.18351995944976807,0.05000000074505806,0.043219178915023804,0.006780821830034256,0.019999999552965164,0.0061684250831604,0.013831574469804764,0.05000000074505806,0.04672232270240784,0.0032776780426502228,0.009999999776482582,0.0028320103883743286,0.0071679893881082535
c125a83a28d530ad,jacobi-2d,jacobi-2d,lv2:__PARA__L0-1.__PARA__L1-11.__PARA__L2-2.__PARA__L3-16.__PARA__L4-1.__PIPE__L0-off.__PIPE__L1-NA.__PIPE__L2-flatten.__TILE__L0-1.__TILE__L1-8.__TILE__L2-8,target,query,query,finetune_dataset,data_792.pt,5897561.0,graphgps_lite,4,50,paper_exact_seed4,0.38090482354164124,0.6159670352935791,0.23506221175193787,0.8999999761581421,0.8674523830413818,0.032547593116760254,0.4000000059604645,0.3906639814376831,0.009336024522781372,0.8100000023841858,0.7812563180923462,0.0287436842918396,0.029999999329447746,0.05408647656440735,0.024086477234959602
ca89cb920af95063,jacobi-2d,jacobi-2d,lv2:__PARA__L0-1.__PARA__L1-1.__PARA__L2-2.__PARA__L3-2.__PARA__L4-1.__PIPE__L0-off.__PIPE__L1-NA.__PIPE__L2-flatten.__TILE__L0-1.__TILE__L1-8.__TILE__L2-8,target,query,query,finetune_dataset,data_748.pt,4088281.0,graphgps_lite,4,50,paper_exact_seed4,0.6452168822288513,0.62082839012146,0.024388492107391357,0.8700000047683716,0.8754929304122925,0.0054929256439208984,0.3799999952316284,0.41306254267692566,0.03306254744529724,0.7799999713897705,0.7909861207008362,0.010986149311065674,0.0,0.05678293853998184,0.05678293853998184
1cb62280cb163648,jacobi-2d,jacobi-2d,lv2:__PARA__L0-1.__PARA__L1-1.__PARA__L2-2.__PARA__L3-32.__PARA__L4-1.__PIPE__L0-off.__PIPE__L1-off.__PIPE__L2-flatten.__TILE__L0-1.__TILE__L1-8.__TILE__L2-8,target,query,query,finetune_dataset,data_756.pt,5668321.0,graphgps_lite,4,50,paper_exact_seed4,0.409503310918808,0.6270879507064819,0.21758463978767395,0.949999988079071,0.9138896465301514,0.03611034154891968,0.4300000071525574,0.414863646030426,0.015136361122131348,0.8500000238418579,0.8079323768615723,0.042067646980285645,0.11999999731779099,0.0557686910033226,0.06423130631446838
6c039b964f03d1ec,jacobi-2d,jacobi-2d,lv2:__PARA__L0-1.__PARA__L1-1.__PARA__L2-1.__PARA__L3-1.__PARA__L4-16.__PIPE__L0-off.__PIPE__L1-off.__PIPE__L2-NA.__TILE__L0-1.__TILE__L1-1.__TILE__L2-1,target,query,query,finetune_dataset,data_666.pt,887604.0,graphgps_lite,4,50,paper_exact_seed4,1.7469700574874878,1.7907025814056396,0.043732523918151855,0.03999999910593033,0.06958413124084473,0.029584132134914398,0.009999999776482582,0.020928382873535156,0.010928383097052574,0.009999999776482582,0.059684544801712036,0.0496845468878746,0.07000000029802322,0.03233090043067932,0.0376690998673439
6c17c4d0414be5a1,jacobi-2d,jacobi-2d,lv2:__PARA__L0-1.__PARA__L1-2.__PARA__L2-8.__PARA__L3-8.__PARA__L4-8.__PIPE__L0-off.__PIPE__L1-NA.__PIPE__L2-NA.__TILE__L0-40.__TILE__L1-1.__TILE__L2-1,target,query,query,finetune_dataset,data_867.pt,4414401.0,graphgps_lite,4,50,paper_exact_seed4,0.5898551940917969,0.78749680519104,0.19764161109924316,0.05000000074505806,0.07526594400405884,0.025265943259000778,0.019999999552965164,0.02897891402244568,0.008978914469480515,0.05000000074505806,0.07661660015583038,0.026616599410772324,0.009999999776482582,0.007593654096126556,0.0024063456803560257
c45c956a22ace27c,jacobi-2d,jacobi-2d,lv2:__PARA__L0-1.__PARA__L1-1.__PARA__L2-2.__PARA__L3-22.__PARA__L4-1.__PIPE__L0-off.__PIPE__L1-off.__PIPE__L2-flatten.__TILE__L0-1.__TILE__L1-1.__TILE__L2-8,target,query,query,finetune_dataset,data_752.pt,4006001.0,graphgps_lite,4,50,paper_exact_seed4,0.659882664680481,0.6166065335273743,0.04327613115310669,0.8899999856948853,0.8622316718101501,0.027768313884735107,0.4000000059604645,0.3896159529685974,0.010384052991867065,0.7699999809265137,0.7866888046264648,0.016688823699951172,0.07000000029802322,0.0559573620557785,0.01404263824224472
2530921ded218957,jacobi-2d,jacobi-2d,lv2:__PARA__L0-1.__PARA__L1-1.__PARA__L2-1.__PARA__L3-11.__PARA__L4-2.__PIPE__L0-off.__PIPE__L1-off.__PIPE__L2-off.__TILE__L0-1.__TILE__L1-1.__TILE__L2-1,target,query,query,finetune_dataset,data_684.pt,554684.0,graphgps_lite,4,50,paper_exact_seed4,2.086095094680786,2.2679123878479004,0.18181729316711426,0.03999999910593033,-0.01183280348777771,0.05183280259370804,0.009999999776482582,-0.015799537301063538,0.02579953707754612,0.009999999776482582,-0.0032283365726470947,0.013228336349129677,0.029999999329447746,0.02052690088748932,0.009473098441958427
6c1db49cabf996b6,jacobi-2d,jacobi-2d,lv2:__PARA__L0-1.__PARA__L1-1.__PARA__L2-1.__PARA__L3-8.__PARA__L4-8.__PIPE__L0-off.__PIPE__L1-off.__PIPE__L2-off.__TILE__L0-1.__TILE__L1-1.__TILE__L2-1,target,query,query,finetune_dataset,data_722.pt,238164.0,graphgps_lite,4,50,paper_exact_seed4,2.695950508117676,2.4205896854400635,0.2753608226776123,0.029999999329447746,-0.023067831993103027,0.05306783318519592,0.009999999776482582,-0.038356930017471313,0.048356927931308746,0.0,-0.050295114517211914,0.050295114517211914,0.019999999552965164,0.007699452340602875,0.01230054721236229
bbbfb2590c70a1f0,jacobi-2d,jacobi-2d,lv2:__PARA__L0-1.__PARA__L1-1.__PARA__L2-1.__PARA__L3-2.__PARA__L4-4.__PIPE__L0-off.__PIPE__L1-off.__PIPE__L2-off.__TILE__L0-1.__TILE__L1-1.__TILE__L2-1,target,query,query,finetune_dataset,data_697.pt,702484.0,graphgps_lite,4,50,paper_exact_seed4,1.9156954288482666,2.0010647773742676,0.08536934852600098,0.009999999776482582,0.01658463478088379,0.006584635004401207,0.0,-0.020040124654769897,0.020040124654769897,0.0,0.006063789129257202,0.006063789129257202,0.019999999552965164,0.011379912495613098,0.008620087057352066
fe2717bb9b5a622a,jacobi-2d,jacobi-2d,lv2:__PARA__L0-1.__PARA__L1-2.__PARA__L2-11.__PARA__L3-8.__PARA__L4-8.__PIPE__L0-off.__PIPE__L1-off.__PIPE__L2-off.__TILE__L0-1.__TILE__L1-1.__TILE__L2-1,target,query,query,finetune_dataset,data_834.pt,4434121.0,graphgps_lite,4,50,paper_exact_seed4,0.5866400003433228,0.7871916890144348,0.20055168867111206,0.05000000074505806,0.007068723440170288,0.04293127730488777,0.019999999552965164,-0.009827345609664917,0.02982734516263008,0.05000000074505806,0.031476885080337524,0.018523115664720535,0.009999999776482582,-0.0026675760746002197,0.012667575851082802
eb12b029d36072ae,jacobi-2d,jacobi-2d,lv2:__PARA__L0-1.__PARA__L1-1.__PARA__L2-1.__PARA__L3-8.__PARA__L4-2.__PIPE__L0-off.__PIPE__L1-off.__PIPE__L2-off.__TILE__L0-1.__TILE__L1-1.__TILE__L2-1,target,query,query,finetune_dataset,data_714.pt,586364.0,graphgps_lite,4,50,paper_exact_seed4,2.046029806137085,2.253075122833252,0.207045316696167,0.019999999552965164,-0.01755702495574951,0.037557024508714676,0.009999999776482582,-0.022128164768218994,0.03212816268205643,0.0,-0.007585704326629639,0.007585704326629639,0.019999999552965164,0.016822591423988342,0.003177408128976822
c9ac54eac1913a6b,jacobi-2d,jacobi-2d,lv2:__PARA__L0-1.__PARA__L1-2.__PARA__L2-1.__PARA__L3-8.__PARA__L4-8.__PIPE__L0-off.__PIPE__L1-off.__PIPE__L2-off.__TILE__L0-1.__TILE__L1-1.__TILE__L2-8,target,query,query,finetune_dataset,data_821.pt,4206441.0,graphgps_lite,4,50,paper_exact_seed4,0.6246640086174011,0.7076331973075867,0.08296918869018555,0.05000000074505806,-0.0004947483539581299,0.05049474909901619,0.019999999552965164,-0.017076313495635986,0.03707631304860115,0.05000000074505806,0.012072265148162842,0.03792773559689522,0.0,-0.009630069136619568,0.009630069136619568
053991bbd59f5501,jacobi-2d,jacobi-2d,lv2:__PARA__L0-1.__PARA__L1-1.__PARA__L2-1.__PARA__L3-8.__PARA__L4-11.__PIPE__L0-off.__PIPE__L1-off.__PIPE__L2-off.__TILE__L0-1.__TILE__L1-1.__TILE__L2-1,target,query,query,finetune_dataset,data_711.pt,206364.0,graphgps_lite,4,50,paper_exact_seed4,2.7993323802948,2.4088916778564453,0.3904407024383545,0.03999999910593033,-0.021344542503356934,0.06134454160928726,0.009999999776482582,-0.04463404417037964,0.05463404208421707,0.009999999776482582,-0.05563068389892578,0.06563068181276321,0.029999999329447746,0.007159143686294556,0.02284085564315319
725cf4d13035c879,jacobi-2d,jacobi-2d,lv2:__PARA__L0-1.__PARA__L1-1.__PARA__L2-2.__PARA__L3-88.__PARA__L4-1.__PIPE__L0-off.__PIPE__L1-off.__PIPE__L2-flatten.__TILE__L0-1.__TILE__L1-1.__TILE__L2-8,target,query,query,finetune_dataset,data_768.pt,3995401.0,graphgps_lite,4,50,paper_exact_seed4,0.6617938876152039,0.6285781264305115,0.03321576118469238,0.8999999761581421,0.8487942218780518,0.05120575428009033,0.4000000059604645,0.36464565992355347,0.03535434603691101,0.7699999809265137,0.7767104506492615,0.006710469722747803,0.25,0.07273100316524506,0.17726899683475494
a81f2c933c1c2aee,jacobi-2d,jacobi-2d,lv2:__PARA__L0-1.__PARA__L1-2.__PARA__L2-1.__PARA__L3-8.__PARA__L4-8.__PIPE__L0-off.__PIPE__L1-NA.__PIPE__L2-off.__TILE__L0-1.__TILE__L1-1.__TILE__L2-8,target,query,query,finetune_dataset,data_812.pt,4206441.0,graphgps_lite,4,50,paper_exact_seed4,0.6246640086174011,0.6705195903778076,0.045855581760406494,0.05000000074505806,0.02147313952445984,0.02852686122059822,0.019999999552965164,-0.005429387092590332,0.025429386645555496,0.05000000074505806,0.04259222745895386,0.007407773286104202,0.0,-0.00529886782169342,0.00529886782169342
b4ef68a5d9f63dc4,jacobi-2d,jacobi-2d,lv2:__PARA__L0-1.__PARA__L1-1.__PARA__L2-2.__PARA__L3-16.__PARA__L4-1.__PIPE__L0-off.__PIPE__L1-off.__PIPE__L2-flatten.__TILE__L0-1.__TILE__L1-8.__TILE__L2-8,target,query,query,finetune_dataset,data_747.pt,5669521.0,graphgps_lite,4,50,paper_exact_seed4,0.4093506336212158,0.6173561215400696,0.20800548791885376,0.8999999761581421,0.9077922701835632,0.007792294025421143,0.4000000059604645,0.4169425070285797,0.016942501068115234,0.8100000023841858,0.8109761476516724,0.0009761452674865723,0.03999999910593033,0.051700979471206665,0.011700980365276337
87c44a4a605ec900,jacobi-2d,jacobi-2d,lv2:__PARA__L0-1.__PARA__L1-2.__PARA__L2-11.__PARA__L3-8.__PARA__L4-8.__PIPE__L0-off.__PIPE__L1-NA.__PIPE__L2-off.__TILE__L0-40.__TILE__L1-1.__TILE__L2-1,target,query,query,finetune_dataset,data_830.pt,4434121.0,graphgps_lite,4,50,paper_exact_seed4,0.5866400003433228,0.7561018466949463,0.16946184635162354,0.05000000074505806,0.060448288917541504,0.010448288172483444,0.019999999552965164,0.018452391028404236,0.0015476085245609283,0.05000000074505806,0.06408840417861938,0.014088403433561325,0.009999999776482582,0.009174607694149017,0.0008253920823335648
3290e28a81169206,jacobi-2d,jacobi-2d,lv2:__PARA__L0-1.__PARA__L1-2.__PARA__L2-1.__PARA__L3-8.__PARA__L4-8.__PIPE__L0-off.__PIPE__L1-NA.__PIPE__L2-off.__TILE__L0-1.__TILE__L1-1.__TILE__L2-88,target,query,query,finetune_dataset,data_813.pt,2234324.0,graphgps_lite,4,50,paper_exact_seed4,1.0810447931289673,0.7654250264167786,0.3156197667121887,0.03999999910593033,0.042767077684402466,0.0027670785784721375,0.019999999552965164,0.004698574542999268,0.015301425009965897,0.029999999329447746,0.055643677711486816,0.02564367838203907,0.009999999776482582,0.0025878548622131348,0.007412144914269447
0b98e4b7ddc0e9e1,jacobi-2d,jacobi-2d,lv2:__PARA__L0-1.__PARA__L1-11.__PARA__L2-2.__PARA__L3-16.__PARA__L4-1.__PIPE__L0-off.__PIPE__L1-off.__PIPE__L2-flatten.__TILE__L0-1.__TILE__L1-8.__TILE__L2-8,target,query,query,finetune_dataset,data_793.pt,5897561.0,graphgps_lite,4,50,paper_exact_seed4,0.38090482354164124,0.6165844202041626,0.23567959666252136,0.8999999761581421,0.8743560314178467,0.02564394474029541,0.4000000059604645,0.38936811685562134,0.01063188910484314,0.8100000023841858,0.7839592099189758,0.02604079246520996,0.029999999329447746,0.05419282615184784,0.024192826822400093
ddd8e3ebba80a73e,jacobi-2d,jacobi-2d,lv2:__PARA__L0-1.__PARA__L1-1.__PARA__L2-1.__PARA__L3-2.__PARA__L4-1.__PIPE__L0-off.__PIPE__L1-off.__PIPE__L2-off.__TILE__L0-1.__TILE__L1-1.__TILE__L2-1,target,query,query,finetune_dataset,data_689.pt,1089684.0,graphgps_lite,4,50,paper_exact_seed4,1.5990091562271118,1.6128919124603271,0.013882756233215332,0.009999999776482582,0.03342252969741821,0.02342252992093563,0.0,-0.009401693940162659,0.009401693940162659,0.0,0.012247800827026367,0.012247800827026367,0.019999999552965164,0.008464828133583069,0.011535171419382095
08b823e9400351eb,jacobi-2d,jacobi-2d,lv2:__PARA__L0-1.__PARA__L1-22.__PARA__L2-2.__PARA__L3-8.__PARA__L4-1.__PIPE__L0-off.__PIPE__L1-NA.__PIPE__L2-flatten.__TILE__L0-1.__TILE__L1-4.__TILE__L2-8,target,query,query,finetune_dataset,data_885.pt,4385921.0,graphgps_lite,4,50,paper_exact_seed4,0.5945241451263428,0.6161500811576843,0.021625936031341553,0.8799999952316284,0.8779120445251465,0.0020879507064819336,0.38999998569488525,0.39266255497932434,0.002662569284439087,0.7900000214576721,0.7903972268104553,0.0003972053527832031,0.009999999776482582,0.0549512580037117,0.04495126008987427
4e45152dc9ab5382,jacobi-2d,jacobi-2d,lv2:__PARA__L0-1.__PARA__L1-1.__PARA__L2-2.__PARA__L3-88.__PARA__L4-1.__PIPE__L0-off.__PIPE__L1-off.__PIPE__L2-flatten.__TILE__L0-1.__TILE__L1-8.__TILE__L2-8,target,query,query,finetune_dataset,data_769.pt,4087681.0,graphgps_lite,4,50,paper_exact_seed4,0.6453227400779724,0.6393024325370789,0.006020307540893555,1.1299999952316284,0.869745135307312,0.2602548599243164,0.49000000953674316,0.3845018744468689,0.10549813508987427,1.0199999809265137,0.7784844040870667,0.24151557683944702,0.20999999344348907,0.06658919900655746,0.1434108018875122
7b9b53845cd3a724,jacobi-2d,jacobi-2d,lv2:__PARA__L0-1.__PARA__L1-1.__PARA__L2-1.__PARA__L3-1.__PARA__L4-2.__PIPE__L0-off.__PIPE__L1-off.__PIPE__L2-off.__TILE__L0-1.__TILE__L1-1.__TILE__L2-1,target,query,query,finetune_dataset,data_669.pt,1089684.0,graphgps_lite,4,50,paper_exact_seed4,1.5990091562271118,1.7239385843276978,0.12492942810058594,0.009999999776482582,0.022536903619766235,0.012536903843283653,0.0,-0.006416738033294678,0.006416738033294678,0.0,0.042814701795578,0.042814701795578,0.019999999552965164,0.02401237189769745,0.0040123723447322845
4637e626d89ad040,jacobi-2d,jacobi-2d,lv2:__PARA__L0-1.__PARA__L1-1.__PARA__L2-1.__PARA__L3-1.__PARA__L4-1.__PIPE__L0-off.__PIPE__L1-off.__PIPE__L2-flatten.__TILE__L0-1.__TILE__L1-1.__TILE__L2-4,target,query,query,finetune_dataset,data_661.pt,4250601.0,graphgps_lite,4,50,paper_exact_seed4,0.6171306371688843,0.6539638042449951,0.03683316707611084,0.2800000011920929,0.15705075860023499,0.12294924259185791,0.2199999988079071,0.12238719314336777,0.09761280566453934,0.18000000715255737,0.19173747301101685,0.011737465858459473,0.25,0.23137502372264862,0.01862497627735138
21399e160a46d421,jacobi-2d,jacobi-2d,lv2:__PARA__L0-1.__PARA__L1-1.__PARA__L2-2.__PARA__L3-11.__PARA__L4-1.__PIPE__L0-off.__PIPE__L1-off.__PIPE__L2-flatten.__TILE__L0-1.__TILE__L1-8.__TILE__L2-8,target,query,query,finetune_dataset,data_744.pt,4088281.0,graphgps_lite,4,50,paper_exact_seed4,0.6452168822288513,0.6181864738464355,0.02703040838241577,0.8999999761581421,0.9094715118408203,0.009471535682678223,0.4000000059604645,0.4202142059803009,0.020214200019836426,0.800000011920929,0.8148018717765808,0.014801859855651855,0.03999999910593033,0.051571667194366455,0.011571668088436127
6b1a97d31ff54f58,jacobi-2d,jacobi-2d,lv2:__PARA__L0-1.__PARA__L1-1.__PARA__L2-1.__PARA__L3-11.__PARA__L4-16.__PIPE__L0-off.__PIPE__L1-off.__PIPE__L2-NA.__TILE__L0-1.__TILE__L1-1.__TILE__L2-1,target,query,query,finetune_dataset,data_682.pt,606044.0,graphgps_lite,4,50,paper_exact_seed4,2.022216796875,1.936242699623108,0.08597409725189209,0.09000000357627869,0.05959272384643555,0.03040727972984314,0.029999999329447746,0.016506537795066833,0.013493461534380913,0.03999999910593033,0.03679320216178894,0.003206796944141388,0.07999999821186066,0.0295545756816864,0.050445422530174255
536c145b4b592f58,jacobi-2d,jacobi-2d,lv2:__PARA__L0-1.__PARA__L1-1.__PARA__L2-8.__PARA__L3-8.__PARA__L4-8.__PIPE__L0-off.__PIPE__L1-off.__PIPE__L2-NA.__TILE__L0-1.__TILE__L1-88.__TILE__L2-1,target,query,query,finetune_dataset,data_781.pt,2266604.0,graphgps_lite,4,50,paper_exact_seed4,1.0706979036331177,0.794445812702179,0.2762520909309387,0.03999999910593033,0.06114736199378967,0.021147362887859344,0.009999999776482582,0.023995161056518555,0.013995161280035973,0.029999999329447746,0.07052277028560638,0.04052276909351349,0.019999999552965164,0.005227252840995789,0.014772746711969376
b07abd212d31a627,jacobi-2d,jacobi-2d,lv2:__PARA__L0-1.__PARA__L1-11.__PARA__L2-2.__PARA__L3-22.__PARA__L4-1.__PIPE__L0-off.__PIPE__L1-off.__PIPE__L2-flatten.__TILE__L0-1.__TILE__L1-8.__TILE__L2-8,target,query,query,finetune_dataset,data_797.pt,4311241.0,graphgps_lite,4,50,paper_exact_seed4,0.6069124341011047,0.617393970489502,0.010481536388397217,0.9399999976158142,0.877816915512085,0.06218308210372925,0.41999998688697815,0.3907278776168823,0.029272109270095825,0.8299999833106995,0.7847196459770203,0.0452803373336792,0.05999999865889549,0.05456491559743881,0.00543508306145668
b24dcc61770a9579,jacobi-2d,jacobi-2d,lv2:__PARA__L0-1.__PARA__L1-1.__PARA__L2-2.__PARA__L3-4.__PARA__L4-1.__PIPE__L0-off.__PIPE__L1-off.__PIPE__L2-flatten.__TILE__L0-1.__TILE__L1-1.__TILE__L2-8,target,query,query,finetune_dataset,data_758.pt,4069521.0,graphgps_lite,4,50,paper_exact_seed4,0.6485345363616943,0.6167317628860474,0.03180277347564697,0.8700000047683716,0.828075647354126,0.041924357414245605,0.3799999952316284,0.3746079206466675,0.0053920745849609375,0.7699999809265137,0.7515824437141418,0.018417537212371826,0.0,0.057563938200473785,0.057563938200473785
387c4d6118e8c989,gemver-medium,gemver-medium,lv2:__PARA__L0-1.__PARA__L1-1.__PARA__L2-1.__PARA__L3-1.__PARA__L4-1.__PARA__L5-4.__PARA__L6-400.__PIPE__L0-flatten.__PIPE__L1-off.__PIPE__L3-off.__TILE__L0-1.__TILE__L1-1.__TILE__L3-1,target,query,query,finetune_dataset,data_580.pt,271622.0,graphgps_lite,4,50,paper_exact_seed4,2.601127862930298,2.261469841003418,0.3396580219268799,0.8199999928474426,0.7157524824142456,0.10424751043319702,0.5199999809265137,0.5176836252212524,0.0023163557052612305,1.2799999713897705,1.2740901708602905,0.0059098005294799805,0.4300000071525574,0.45122647285461426,0.021226465702056885
148e404c636609d4,gemver-medium,gemver-medium,lv2:__PARA__L0-1.__PARA__L1-1.__PARA__L2-1.__PARA__L3-1.__PARA__L4-1.__PARA__L5-10.__PARA__L6-20.__PIPE__L0-off.__PIPE__L1-off.__PIPE__L3-off.__TILE__L0-1.__TILE__L1-1.__TILE__L3-1,target,query,query,finetune_dataset,data_495.pt,367761.0,graphgps_lite,4,50,paper_exact_seed4,2.3825438022613525,2.2586793899536133,0.12386441230773926,0.07000000029802322,0.0016779303550720215,0.0683220699429512,0.019999999552965164,-0.002500757575035095,0.02250075712800026,0.009999999776482582,-0.08805742859840393,0.09805742651224136,0.05000000074505806,0.13674257695674896,0.0867425799369812
0dd2aa628d6fce9a,gemver-medium,gemver-medium,lv2:__PARA__L0-1.__PARA__L1-1.__PARA__L2-1.__PARA__L3-1.__PARA__L4-1.__PARA__L5-8.__PARA__L6-4.__PIPE__L0-off.__PIPE__L1-off.__PIPE__L3-NA.__TILE__L0-1.__TILE__L1-1.__TILE__L3-1,target,query,query,finetune_dataset,data_627.pt,540266.0,graphgps_lite,4,50,paper_exact_seed4,2.105093240737915,2.1620049476623535,0.05691170692443848,0.029999999329447746,0.035247787833213806,0.00524778850376606,0.009999999776482582,0.017026662826538086,0.007026663050055504,0.009999999776482582,-0.01992073655128479,0.029920736327767372,0.28999999165534973,0.25069940090179443,0.0393005907535553
f210541613fb8795,gemver-medium,gemver-medium,lv2:__PARA__L0-1.__PARA__L1-1.__PARA__L2-1.__PARA__L3-1.__PARA__L4-2.__PARA__L5-1.__PARA__L6-32.__PIPE__L0-off.__PIPE__L1-flatten.__PIPE__L3-NA.__TILE__L0-1.__TILE__L1-1.__TILE__L3-8,target,query,query,finetune_dataset,data_642.pt,220748.0,graphgps_lite,4,50,paper_exact_seed4,2.750727891921997,2.574209213256836,0.17651867866516113,0.6399999856948853,0.6281378269195557,0.01186215877532959,0.3199999928474426,0.3439041078090668,0.023904114961624146,0.6800000071525574,0.7472354769706726,0.06723546981811523,0.25,0.23943322896957397,0.010566771030426025
5f6a5ea1f48bc17a,gemver-medium,gemver-medium,lv2:__PARA__L0-1.__PARA__L1-1.__PARA__L2-1.__PARA__L3-1.__PARA__L4-1.__PARA__L5-1.__PARA__L6-8.__PIPE__L0-off.__PIPE__L1-off.__PIPE__L3-NA.__TILE__L0-1.__TILE__L1-1.__TILE__L3-1,target,query,query,finetune_dataset,data_485.pt,1129366.0,graphgps_lite,4,50,paper_exact_seed4,1.5732074975967407,1.6585662364959717,0.08535873889923096,0.029999999329447746,-0.007435619831085205,0.0374356210231781,0.009999999776482582,-0.0021889060735702515,0.012188905850052834,0.009999999776482582,-0.056832313537597656,0.06683231145143509,0.11999999731779099,0.1771506667137146,0.057150669395923615
3460f95e508f6efc,gemver-medium,gemver-medium,lv2:__PARA__L0-1.__PARA__L1-1.__PARA__L2-1.__PARA__L3-1.__PARA__L4-1.__PARA__L5-10.__PARA__L6-16.__PIPE__L0-off.__PIPE__L1-off.__PIPE__L3-NA.__TILE__L0-1.__TILE__L1-1.__TILE__L3-1,target,query,query,finetune_dataset,data_490.pt,369267.0,graphgps_lite,4,50,paper_exact_seed4,2.379595994949341,2.240140914916992,0.13945508003234863,0.05000000074505806,0.024974524974822998,0.02502547577023506,0.019999999552965164,0.011868879199028015,0.008131120353937149,0.019999999552965164,-0.06368902325630188,0.08368901908397675,0.05000000074505806,0.19593019783496857,0.1459302008152008
f0b85143c160e227,gemver-medium,gemver-medium,lv2:__PARA__L0-1.__PARA__L1-1.__PARA__L2-1.__PARA__L3-1.__PARA__L4-1.__PARA__L5-2.__PARA__L6-64.__PIPE__L0-off.__PIPE__L1-off.__PIPE__L3-off.__TILE__L0-1.__TILE__L1-1.__TILE__L3-1,target,query,query,finetune_dataset,data_544.pt,698013.0,graphgps_lite,4,50,paper_exact_seed4,1.9203011989593506,1.9868121147155762,0.06651091575622559,0.05999999865889549,0.013969764113426208,0.046030234545469284,0.029999999329447746,-0.013857707381248474,0.04385770857334137,0.03999999910593033,-0.04771336913108826,0.08771336823701859,0.28999999165534973,0.01713922619819641,0.2728607654571533
5a6308e7c3261948,gemver-medium,gemver-medium,lv2:__PARA__L0-1.__PARA__L1-1.__PARA__L2-1.__PARA__L3-1.__PARA__L4-2.__PARA__L5-1.__PARA__L6-32.__PIPE__L0-off.__PIPE__L1-flatten.__PIPE__L3-off.__TILE__L0-1.__TILE__L1-1.__TILE__L3-8,target,query,query,finetune_dataset,data_643.pt,220748.0,graphgps_lite,4,50,paper_exact_seed4,2.750727891921997,2.595919609069824,0.15480828285217285,0.6399999856948853,0.6245287656784058,0.015471220016479492,0.3199999928474426,0.33610761165618896,0.016107618808746338,0.6800000071525574,0.7923058867454529,0.11230587959289551,0.25,0.2550266981124878,0.005026698112487793
b34fe29ee40cbfd8,gemver-medium,gemver-medium,lv2:__PARA__L0-1.__PARA__L1-1.__PARA__L2-1.__PARA__L3-1.__PARA__L4-1.__PARA__L5-2.__PARA__L6-64.__PIPE__L0-flatten.__PIPE__L1-off.__PIPE__L3-off.__TILE__L0-1.__TILE__L1-1.__TILE__L3-1,target,query,query,finetune_dataset,data_543.pt,529573.0,graphgps_lite,4,50,paper_exact_seed4,2.1195132732391357,2.0859875679016113,0.033525705337524414,0.6800000071525574,0.66830974817276,0.011690258979797363,0.4300000071525574,0.43056970834732056,0.0005697011947631836,1.2799999713897705,1.249657154083252,0.030342817306518555,0.23999999463558197,0.23311759531497955,0.006882399320602417
eb9d1af35d4c996c,gemver-medium,gemver-medium,lv2:__PARA__L0-1.__PARA__L1-1.__PARA__L2-1.__PARA__L3-1.__PARA__L4-1.__PARA__L5-1.__PARA__L6-4.__PIPE__L0-off.__PIPE__L1-off.__PIPE__L3-NA.__TILE__L0-1.__TILE__L1-1.__TILE__L3-1,target,query,query,finetune_dataset,data_468.pt,1229866.0,graphgps_lite,4,50,paper_exact_seed4,1.5117135047912598,1.6483112573623657,0.13659775257110596,0.029999999329447746,-0.0010346174240112305,0.031034616753458977,0.009999999776482582,0.010106712579727173,0.00010671280324459076,0.0,-0.026516079902648926,0.026516079902648926,0.11999999731779099,0.192793607711792,0.07279361039400101
b16f47effa78ecb0,gemver-medium,gemver-medium,lv2:__PARA__L0-1.__PARA__L1-1.__PARA__L2-1.__PARA__L3-1.__PARA__L4-1.__PARA__L5-8.__PARA__L6-32.__PIPE__L0-off.__PIPE__L1-off.__PIPE__L3-off.__TILE__L0-1.__TILE__L1-1.__TILE__L3-1,target,query,query,finetune_dataset,data_626.pt,413611.0,graphgps_lite,4,50,paper_exact_seed4,2.297790765762329,2.261927604675293,0.03586316108703613,0.05000000074505806,0.0026720762252807617,0.0473279245197773,0.019999999552965164,-0.009249106049537659,0.029249105602502823,0.019999999552965164,-0.08359229564666748,0.10359229147434235,0.05999999865889549,0.1385343223810196,0.0785343199968338
500bee300eb14559,gemver-medium,gemver-medium,lv2:__PARA__L0-1.__PARA__L1-1.__PARA__L2-1.__PARA__L3-1.__PARA__L4-1.__PARA__L5-5.__PARA__L6-2.__PIPE__L0-off.__PIPE__L1-off.__PIPE__L3-off.__TILE__L0-1.__TILE__L1-1.__TILE__L3-1,target,query,query,finetune_dataset,data_599.pt,799164.0,graphgps_lite,4,50,paper_exact_seed4,1.82268226146698,1.9726964235305786,0.15001416206359863,0.029999999329447746,-0.036503106355667114,0.06650310754776001,0.009999999776482582,-0.014105737209320068,0.02410573698580265,0.0,-0.06722009181976318,0.06722009181976318,0.30000001192092896,0.18763166666030884,0.11236834526062012
f30c53ed54cd07f6,gemver-medium,gemver-medium,lv2:__PARA__L0-1.__PARA__L1-1.__PARA__L2-1.__PARA__L3-1.__PARA__L4-1.__PARA__L5-4.__PARA__L6-16.__PIPE__L0-flatten.__PIPE__L1-off.__PIPE__L3-NA.__TILE__L0-1.__TILE__L1-1.__TILE__L3-1,target,query,query,finetune_dataset,data_558.pt,317477.0,graphgps_lite,4,50,paper_exact_seed4,2.4886021614074707,2.2029638290405273,0.28563833236694336,0.7400000095367432,0.7187607288360596,0.021239280700683594,0.44999998807907104,0.4748779535293579,0.024877965450286865,1.2899999618530273,1.3092050552368164,0.019205093383789062,0.4300000071525574,0.3870689272880554,0.04293107986450195
89ce2637f250dbdc,gemver-medium,gemver-medium,lv2:__PARA__L0-1.__PARA__L1-1.__PARA__L2-1.__PARA__L3-1.__PARA__L4-1.__PARA__L5-2.__PARA__L6-16.__PIPE__L0-off.__PIPE__L1-off.__PIPE__L3-NA.__TILE__L0-1.__TILE__L1-1.__TILE__L3-1,target,query,query,finetune_dataset,data_517.pt,683117.0,graphgps_lite,4,50,paper_exact_seed4,1.9358617067337036,1.9050438404083252,0.030817866325378418,0.03999999910593033,-0.0038188397884368896,0.04381883889436722,0.019999999552965164,-0.007401257753372192,0.027401257306337357,0.009999999776482582,-0.06085658073425293,0.07085657864809036,0.11999999731779099,0.14433810114860535,0.02433810383081436
4ad5995a833d2439,gemver-medium,gemver-medium,lv2:__PARA__L0-1.__PARA__L1-1.__PARA__L2-1.__PARA__L3-1.__PARA__L4-1.__PARA__L5-1.__PARA__L6-25.__PIPE__L0-off.__PIPE__L1-off.__PIPE__L3-off.__TILE__L0-1.__TILE__L1-1.__TILE__L3-1,target,query,query,finetune_dataset,data_460.pt,1070012.0,graphgps_lite,4,50,paper_exact_seed4,1.6121505498886108,1.6496847867965698,0.037534236907958984,0.03999999910593033,-0.050893425941467285,0.09089342504739761,0.019999999552965164,-0.02989324927330017,0.049893248826265335,0.009999999776482582,-0.09618747234344482,0.10618747025728226,0.18000000715255737,0.13569647073745728,0.0443035364151001
c453bfa6fbe16f91,gemver-medium,gemver-medium,lv2:__PARA__L0-1.__PARA__L1-1.__PARA__L2-1.__PARA__L3-1.__PARA__L4-1.__PARA__L5-1.__PARA__L6-1.__PIPE__L0-off.__PIPE__L1-off.__PIPE__L3-flatten.__TILE__L0-1.__TILE__L1-1.__TILE__L3-1,target,query,query,finetune_dataset,data_434.pt,1020064.0,graphgps_lite,4,50,paper_exact_seed4,1.6466342210769653,1.4368685483932495,0.20976567268371582,0.4099999964237213,0.5482332110404968,0.1382332146167755,0.28999999165534973,0.2996979057788849,0.009697914123535156,0.6399999856948853,0.8250636458396912,0.1850636601448059,0.23999999463558197,0.293074369430542,0.05307437479496002
e9a82eaf33fbe0e6,gemver-medium,gemver-medium,lv2:__PARA__L0-1.__PARA__L1-1.__PARA__L2-1.__PARA__L3-1.__PARA__L4-1.__PARA__L5-1.__PARA__L6-2.__PIPE__L0-off.__PIPE__L1-off.__PIPE__L3-NA.__TILE__L0-1.__TILE__L1-1.__TILE__L3-1,target,query,query,finetune_dataset,data_449.pt,1430062.0,graphgps_lite,4,50,paper_exact_seed4,1.4029252529144287,1.5162373781204224,0.11331212520599365,0.029999999329447746,-0.045941829681396484,0.07594183087348938,0.009999999776482582,-0.007812321186065674,0.017812320962548256,0.0,-0.06911414861679077,0.06911414861679077,0.11999999731779099,0.18715888261795044,0.06715888530015945
7802cd1a71e2ebb3,gemver-medium,gemver-medium,lv2:__PARA__L0-1.__PARA__L1-1.__PARA__L2-1.__PARA__L3-1.__PARA__L4-1.__PARA__L5-1.__PARA__L6-5.__PIPE__L0-flatten.__PIPE__L1-off.__PIPE__L3-NA.__TILE__L0-1.__TILE__L1-1.__TILE__L3-1,target,query,query,finetune_dataset,data_473.pt,1021559.0,graphgps_lite,4,50,paper_exact_seed4,1.6455777883529663,1.7239983081817627,0.07842051982879639,0.6700000166893005,0.7275708913803101,0.05757087469100952,0.41999998688697815,0.46833962202072144,0.048339635133743286,1.2799999713897705,1.2783217430114746,0.0016782283782958984,0.23999999463558197,0.2569710910320282,0.016971096396446228
1c52d579ac75be4f,gemver-medium,gemver-medium,lv2:__PARA__L0-1.__PARA__L1-1.__PARA__L2-1.__PARA__L3-1.__PARA__L4-1.__PARA__L5-2.__PARA__L6-2.__PIPE__L0-flatten.__PIPE__L1-off.__PIPE__L3-off.__TILE__L0-1.__TILE__L1-1.__TILE__L3-1,target,query,query,finetune_dataset,data_520.pt,869573.0,graphgps_lite,4,50,paper_exact_seed4,1.7617745399475098,1.8509571552276611,0.08918261528015137,0.6700000166893005,0.6632596850395203,0.0067403316497802734,0.41999998688697815,0.42427948117256165,0.004279494285583496,1.2799999713897705,1.2602953910827637,0.019704580307006836,0.23999999463558197,0.2906026840209961,0.050602689385414124
d47a24b4ad9d0e97,gemver-medium,gemver-medium,lv2:__PARA__L0-1.__PARA__L1-1.__PARA__L2-1.__PARA__L3-1.__PARA__L4-2.__PARA__L5-1.__PARA__L6-2.__PIPE__L0-off.__PIPE__L1-flatten.__PIPE__L3-off.__TILE__L0-1.__TILE__L1-1.__TILE__L3-8,target,query,query,finetune_dataset,data_639.pt,667535.0,graphgps_lite,4,50,paper_exact_seed4,1.9525063037872314,2.089439868927002,0.1369335651397705,0.6100000143051147,0.5955550670623779,0.014444947242736816,0.30000001192092896,0.3051225244998932,0.005122512578964233,0.6399999856948853,0.7856804728507996,0.1456804871559143,0.12999999523162842,0.259985089302063,0.12998509407043457
db1518b5e0f5c412,gemver-medium,gemver-medium,lv2:__PARA__L0-1.__PARA__L1-1.__PARA__L2-1.__PARA__L3-1.__PARA__L4-1.__PARA__L5-4.__PARA__L6-8.__PIPE__L0-off.__PIPE__L1-off.__PIPE__L3-NA.__TILE__L0-1.__TILE__L1-1.__TILE__L3-1,target,query,query,finetune_dataset,data_590.pt,536971.0,graphgps_lite,4,50,paper_exact_seed4,2.1095058917999268,2.1430907249450684,0.0335848331451416,0.029999999329447746,0.017307192087173462,0.012692807242274284,0.009999999776482582,0.01378844678401947,0.003788447007536888,0.009999999776482582,-0.031672894954681396,0.04167289286851883,0.18000000715255737,0.23560895025730133,0.05560894310474396
b447e908d3ee5320,gemver-medium,gemver-medium,lv2:__PARA__L0-1.__PARA__L1-1.__PARA__L2-1.__PARA__L3-1.__PARA__L4-1.__PARA__L5-2.__PARA__L6-8.__PIPE__L0-flatten.__PIPE__L1-off.__PIPE__L3-NA.__TILE__L0-1.__TILE__L1-1.__TILE__L3-1,target,query,query,finetune_dataset,data_545.pt,566535.0,graphgps_lite,4,50,paper_exact_seed4,2.070845603942871,2.068530559539795,0.002315044403076172,0.6800000071525574,0.6957189440727234,0.015718936920166016,0.41999998688697815,0.43972504138946533,0.019725054502487183,1.2899999618530273,1.2339333295822144,0.05606663227081299,0.23999999463558197,0.2931167781352997,0.05311678349971771
db822cddca8579a4,gemver-medium,gemver-medium,lv2:__PARA__L0-1.__PARA__L1-1.__PARA__L2-1.__PARA__L3-1.__PARA__L4-1.__PARA__L5-4.__PARA__L6-32.__PIPE__L0-flatten.__PIPE__L1-off.__PIPE__L3-off.__TILE__L0-1.__TILE__L1-1.__TILE__L3-1,target,query,query,finetune_dataset,data_574.pt,341573.0,graphgps_lite,4,50,paper_exact_seed4,2.435831069946289,2.218499183654785,0.2173318862915039,0.7400000095367432,0.6996628642082214,0.04033714532852173,0.44999998807907104,0.47191229462623596,0.021912306547164917,1.2799999713897705,1.3340444564819336,0.054044485092163086,0.4300000071525574,0.4167858958244324,0.013214111328125
4bb451a569de3df5,gemver-medium,gemver-medium,lv2:__PARA__L0-1.__PARA__L1-1.__PARA__L2-1.__PARA__L3-1.__PARA__L4-1.__PARA__L5-8.__PARA__L6-20.__PIPE__L0-off.__PIPE__L1-off.__PIPE__L3-off.__TILE__L0-1.__TILE__L1-1.__TILE__L3-1,target,query,query,finetune_dataset,data_623.pt,388411.0,graphgps_lite,4,50,paper_exact_seed4,2.3431360721588135,2.252784252166748,0.09035181999206543,0.05000000074505806,-0.001293271780014038,0.0512932725250721,0.019999999552965164,-0.00776420533657074,0.027764204889535904,0.009999999776482582,-0.08065885305404663,0.09065885096788406,0.05999999865889549,0.15973620116710663,0.09973619878292084
00a64747fe7f3e59,gemver-medium,gemver-medium,lv2:__PARA__L0-1.__PARA__L1-1.__PARA__L2-1.__PARA__L3-1.__PARA__L4-1.__PARA__L5-4.__PARA__L6-1.__PIPE__L0-flatten.__PIPE__L1-off.__PIPE__L3-off.__TILE__L0-1.__TILE__L1-1.__TILE__L3-1,target,query,query,finetune_dataset,data_550.pt,1064773.0,graphgps_lite,4,50,paper_exact_seed4,1.615691065788269,1.631822943687439,0.016131877899169922,0.7300000190734863,0.6966987252235413,0.03330129384994507,0.4399999976158142,0.4702991247177124,0.030299127101898193,1.2799999713897705,1.3710994720458984,0.09109950065612793,0.4300000071525574,0.34930482506752014,0.08069518208503723
86c9a90f08622c5e,gemver-medium,gemver-medium,lv2:__PARA__L0-1.__PARA__L1-1.__PARA__L2-1.__PARA__L3-1.__PARA__L4-1.__PARA__L5-4.__PARA__L6-64.__PIPE__L0-off.__PIPE__L1-off.__PIPE__L3-off.__TILE__L0-1.__TILE__L1-1.__TILE__L3-1,target,query,query,finetune_dataset,data_587.pt,501213.0,graphgps_lite,4,50,paper_exact_seed4,2.1592161655426025,2.185366153717041,0.026149988174438477,0.07000000029802322,0.03285627067089081,0.037143729627132416,0.029999999329447746,0.014347180724143982,0.015652818605303764,0.03999999910593033,-0.03803020715713501,0.07803020626306534,0.05999999865889549,0.07443754374980927,0.014437545090913773
6ad7d75582a01bd8,gemver-medium,gemver-medium,lv2:__PARA__L0-1.__PARA__L1-1.__PARA__L2-1.__PARA__L3-1.__PARA__L4-1.__PARA__L5-4.__PARA__L6-16.__PIPE__L0-flatten.__PIPE__L1-off.__PIPE__L3-off.__TILE__L0-1.__TILE__L1-1.__TILE__L3-1,target,query,query,finetune_dataset,data_559.pt,325973.0,graphgps_lite,4,50,paper_exact_seed4,2.4695518016815186,2.218660354614258,0.25089144706726074,0.7300000190734863,0.7082323431968689,0.02176767587661743,0.4399999976158142,0.4689892828464508,0.028989285230636597,1.2799999713897705,1.3238792419433594,0.04387927055358887,0.4300000071525574,0.4319021701812744,0.001902163028717041
89d7ff444c80ab8f,gemver-medium,gemver-medium,lv2:__PARA__L0-1.__PARA__L1-1.__PARA__L2-1.__PARA__L3-1.__PARA__L4-1.__PARA__L5-1.__PARA__L6-20.__PIPE__L0-off.__PIPE__L1-off.__PIPE__L3-off.__TILE__L0-1.__TILE__L1-1.__TILE__L3-1,target,query,query,finetune_dataset,data_455.pt,1078412.0,graphgps_lite,4,50,paper_exact_seed4,1.606509804725647,1.6523607969284058,0.04585099220275879,0.029999999329447746,-0.05143052339553833,0.08143052458763123,0.019999999552965164,-0.029007166624069214,0.04900716617703438,0.009999999776482582,-0.09710410237312317,0.1071041002869606,0.18000000715255737,0.1406775712966919,0.03932243585586548
4d7a6effd7b27dcd,gemver-medium,gemver-medium,lv2:__PARA__L0-1.__PARA__L1-1.__PARA__L2-1.__PARA__L3-1.__PARA__L4-1.__PARA__L5-10.__PARA__L6-10.__PIPE__L0-off.__PIPE__L1-off.__PIPE__L3-off.__TILE__L0-1.__TILE__L1-1.__TILE__L3-1,target,query,query,finetune_dataset,data_489.pt,405761.0,graphgps_lite,4,50,paper_exact_seed4,2.311613082885742,2.262460231781006,0.04915285110473633,0.03999999910593033,0.005353838205337524,0.034646160900592804,0.009999999776482582,0.0010990798473358154,0.008900919929146767,0.0,-0.0783652663230896,0.0783652663230896,0.05000000074505806,0.15935565531253815,0.10935565829277039
35f6be44b8a2daa1,gemver-medium,gemver-medium,lv2:__PARA__L0-1.__PARA__L1-1.__PARA__L2-1.__PARA__L3-1.__PARA__L4-2.__PARA__L5-1.__PARA__L6-25.__PIPE__L0-off.__PIPE__L1-flatten.__PIPE__L3-off.__TILE__L0-1.__TILE__L1-1.__TILE__L3-8,target,query,query,finetune_dataset,data_641.pt,210335.0,graphgps_lite,4,50,paper_exact_seed4,2.785583734512329,2.5724289417266846,0.21315479278564453,0.6200000047683716,0.6238492727279663,0.0038492679595947266,0.3199999928474426,0.3352159857749939,0.01521599292755127,0.6399999856948853,0.7888689637184143,0.14886897802352905,0.30000001192092896,0.2604043483734131,0.03959566354751587
a1da14fefe06f567,gemver-medium,gemver-medium,lv2:__PARA__L0-1.__PARA__L1-1.__PARA__L2-1.__PARA__L3-1.__PARA__L4-1.__PARA__L5-10.__PARA__L6-64.__PIPE__L0-off.__PIPE__L1-off.__PIPE__L3-off.__TILE__L0-1.__TILE__L1-1.__TILE__L3-1,target,query,query,finetune_dataset,data_503.pt,384161.0,graphgps_lite,4,50,paper_exact_seed4,2.3510725498199463,2.2901902198791504,0.0608823299407959,0.10999999940395355,0.06481088697910309,0.045189112424850464,0.05000000074505806,0.010447680950164795,0.039552319794893265,0.03999999910593033,-0.04183834791183472,0.08183834701776505,0.28999999165534973,0.038405999541282654,0.25159400701522827
9bf011dc49995303,gemver-medium,gemver-medium,lv2:__PARA__L0-1.__PARA__L1-1.__PARA__L2-1.__PARA__L3-1.__PARA__L4-1.__PARA__L5-4.__PARA__L6-8.__PIPE__L0-flatten.__PIPE__L1-off.__PIPE__L3-NA.__TILE__L0-1.__TILE__L1-1.__TILE__L3-1,target,query,query,finetune_dataset,data_588.pt,367727.0,graphgps_lite,4,50,paper_exact_seed4,2.382610559463501,2.2028274536132812,0.17978310585021973,0.7400000095367432,0.7217803001403809,0.018219709396362305,0.44999998807907104,0.46623897552490234,0.0162389874458313,1.2899999618530273,1.2730227708816528,0.01697719097137451,0.4300000071525574,0.4228898286819458,0.007110178470611572
8a3e5c2f14c9d9e7,gemver-medium,gemver-medium,lv2:__PARA__L0-1.__PARA__L1-1.__PARA__L2-1.__PARA__L3-1.__PARA__L4-1.__PARA__L5-1.__PARA__L6-5.__PIPE__L0-off.__PIPE__L1-off.__PIPE__L3-off.__TILE__L0-1.__TILE__L1-1.__TILE__L3-1,target,query,query,finetune_dataset,data_477.pt,1194012.0,graphgps_lite,4,50,paper_exact_seed4,1.5330554246902466,1.6548500061035156,0.12179458141326904,0.019999999552965164,-0.034178972244262695,0.05417897179722786,0.009999999776482582,-0.01633128523826599,0.026331285014748573,0.0,-0.06208622455596924,0.06208622455596924,0.11999999731779099,0.18475428223609924,0.06475428491830826
13d51c60d3db7723,gemver-medium,gemver-medium,lv2:__PARA__L0-1.__PARA__L1-1.__PARA__L2-1.__PARA__L3-1.__PARA__L4-1.__PARA__L5-4.__PARA__L6-10.__PIPE__L0-off.__PIPE__L1-off.__PIPE__L3-off.__TILE__L0-1.__TILE__L1-1.__TILE__L3-1,target,query,query,finetune_dataset,data_557.pt,523213.0,graphgps_lite,4,50,paper_exact_seed4,2.1282289028167725,2.1573994159698486,0.029170513153076172,0.029999999329447746,-0.013009727001190186,0.04300972819328308,0.009999999776482582,-0.005218908190727234,0.015218907967209816,0.0,-0.06550395488739014,0.06550395488739014,0.18000000715255737,0.1777837723493576,0.002216234803199768
6498f25beb6ad580,gemver-medium,gemver-medium,lv2:__PARA__L0-1.__PARA__L1-1.__PARA__L2-1.__PARA__L3-1.__PARA__L4-1.__PARA__L5-5.__PARA__L6-25.__PIPE__L0-off.__PIPE__L1-off.__PIPE__L3-NA.__TILE__L0-1.__TILE__L1-1.__TILE__L3-1,target,query,query,finetune_dataset,data_602.pt,429379.0,graphgps_lite,4,50,paper_exact_seed4,2.2708022594451904,2.167958974838257,0.1028432846069336,0.07999999821186066,0.017316311597824097,0.06268368661403656,0.029999999329447746,0.0058966875076293945,0.024103311821818352,0.019999999552965164,-0.048981934785842896,0.06898193061351776,0.05999999865889549,0.2126145213842392,0.1526145190000534
1e2ebb43fa259075,gemver-medium,gemver-medium,lv2:__PARA__L0-1.__PARA__L1-1.__PARA__L2-1.__PARA__L3-1.__PARA__L4-1.__PARA__L5-1.__PARA__L6-1.__PIPE__L0-off.__PIPE__L1-flatten.__PIPE__L3-off.__TILE__L0-1.__TILE__L1-1.__TILE__L3-8,target,query,query,finetune_dataset,data_433.pt,1091472.0,graphgps_lite,4,50,paper_exact_seed4,1.5978264808654785,1.4446978569030762,0.15312862396240234,0.6200000047683716,0.6084293127059937,0.01157069206237793,0.3100000023841858,0.3133363425731659,0.0033363401889801025,0.6399999856948853,0.8405073881149292,0.20050740242004395,0.18000000715255737,0.2451130896806717,0.06511308252811432
c6b077cf4b447681,gemver-medium,gemver-medium,lv2:__PARA__L0-1.__PARA__L1-1.__PARA__L2-1.__PARA__L3-1.__PARA__L4-1.__PARA__L5-1.__PARA__L6-10.__PIPE__L0-off.__PIPE__L1-off.__PIPE__L3-NA.__TILE__L0-1.__TILE__L1-1.__TILE__L3-1,target,query,query,finetune_dataset,data_439.pt,1110870.0,graphgps_lite,4,50,paper_exact_seed4,1.5851190090179443,1.6560173034667969,0.07089829444885254,0.029999999329447746,-0.0122414231300354,0.042241424322128296,0.009999999776482582,-0.007648363709449768,0.01764836348593235,0.009999999776482582,-0.06779676675796509,0.07779676467180252,0.11999999731779099,0.1658642441034317,0.04586424678564072
09d1e6e62ac85248,gemver-medium,gemver-medium,lv2:__PARA__L0-1.__PARA__L1-1.__PARA__L2-1.__PARA__L3-1.__PARA__L4-1.__PARA__L5-8.__PARA__L6-2.__PIPE__L0-off.__PIPE__L1-off.__PIPE__L3-NA.__TILE__L0-1.__TILE__L1-1.__TILE__L3-1,target,query,query,finetune_dataset,data_620.pt,740462.0,graphgps_lite,4,50,paper_exact_seed4,1.8777152299880981,1.870948076248169,0.006767153739929199,0.029999999329447746,-0.008966773748397827,0.03896677494049072,0.009999999776482582,-0.008568733930587769,0.01856873370707035,0.0,-0.06192886829376221,0.06192886829376221,0.28999999165534973,0.2223365306854248,0.06766346096992493
34cdca838c32d328,gemver-medium,gemver-medium,lv2:__PARA__L0-1.__PARA__L1-1.__PARA__L2-1.__PARA__L3-1.__PARA__L4-1.__PARA__L5-10.__PARA__L6-4.__PIPE__L0-off.__PIPE__L1-off.__PIPE__L3-off.__TILE__L0-1.__TILE__L1-1.__TILE__L3-1,target,query,query,finetune_dataset,data_500.pt,523761.0,graphgps_lite,4,50,paper_exact_seed4,2.127473831176758,2.17232608795166,0.044852256774902344,0.03999999910593033,0.0037719011306762695,0.03622809797525406,0.009999999776482582,-0.00430336594581604,0.014303365722298622,0.0,-0.06075724959373474,0.06075724959373474,0.05000000074505806,0.18041351437568665,0.13041351735591888
2f626245e21cc056,gemver-medium,gemver-medium,lv2:__PARA__L0-1.__PARA__L1-1.__PARA__L2-1.__PARA__L3-1.__PARA__L4-1.__PARA__L5-2.__PARA__L6-10.__PIPE__L0-off.__PIPE__L1-off.__PIPE__L3-NA.__TILE__L0-1.__TILE__L1-1.__TILE__L3-1,target,query,query,finetune_dataset,data_513.pt,714471.0,graphgps_lite,4,50,paper_exact_seed4,1.903490424156189,1.9240140914916992,0.020523667335510254,0.029999999329447746,0.0025678277015686035,0.027432171627879143,0.009999999776482582,-0.002444744110107422,0.012444743886590004,0.009999999776482582,-0.050635695457458496,0.06063569337129593,0.11999999731779099,0.16192401945590973,0.041924022138118744
f0f3855c9b8ec11c,gemver-medium,gemver-medium,lv2:__PARA__L0-1.__PARA__L1-1.__PARA__L2-1.__PARA__L3-1.__PARA__L4-1.__PARA__L5-1.__PARA__L6-25.__PIPE__L0-off.__PIPE__L1-flatten.__PIPE__L3-off.__TILE__L0-1.__TILE__L1-1.__TILE__L3-8,target,query,query,finetune_dataset,data_458.pt,290265.0,graphgps_lite,4,50,paper_exact_seed4,2.5532426834106445,2.5330491065979004,0.02019357681274414,0.6200000047683716,0.6282408833503723,0.008240878582000732,0.3199999928474426,0.3394243121147156,0.01942431926727295,0.6399999856948853,0.8131788372993469,0.17317885160446167,0.30000001192092896,0.258294939994812,0.04170507192611694
5bbc7c58da47afbc,gemver-medium,gemver-medium,lv2:__PARA__L0-1.__PARA__L1-1.__PARA__L2-1.__PARA__L3-1.__PARA__L4-1.__PARA__L5-1.__PARA__L6-64.__PIPE__L0-off.__PIPE__L1-off.__PIPE__L3-off.__TILE__L0-1.__TILE__L1-1.__TILE__L3-1,target,query,query,finetune_dataset,data_481.pt,1093212.0,graphgps_lite,4,50,paper_exact_seed4,1.5966774225234985,1.6857354640960693,0.0890580415725708,0.05999999865889549,0.0063058435916900635,0.05369415506720543,0.029999999329447746,-0.013548582792282104,0.043548583984375,0.03999999910593033,-0.032010823488235474,0.0720108225941658,0.28999999165534973,0.06346043944358826,0.22653955221176147
46fff6b5ab3176c1,gemver-medium,gemver-medium,lv2:__PARA__L0-1.__PARA__L1-1.__PARA__L2-1.__PARA__L3-1.__PARA__L4-1.__PARA__L5-1.__PARA__L6-20.__PIPE__L0-flatten.__PIPE__L1-off.__PIPE__L3-off.__TILE__L0-1.__TILE__L1-1.__TILE__L3-1,target,query,query,finetune_dataset,data_452.pt,909503.0,graphgps_lite,4,50,paper_exact_seed4,1.729388952255249,1.567853331565857,0.1615356206893921,0.6700000166893005,0.7033898830413818,0.0333898663520813,0.41999998688697815,0.4772171080112457,0.05721712112426758,1.2799999713897705,1.3761849403381348,0.09618496894836426,0.23999999463558197,0.21878595650196075,0.021214038133621216
78748ad5835958f4,gemver-medium,gemver-medium,lv2:__PARA__L0-1.__PARA__L1-1.__PARA__L2-1.__PARA__L3-1.__PARA__L4-1.__PARA__L5-1.__PARA__L6-32.__PIPE__L0-off.__PIPE__L1-flatten.__PIPE__L3-NA.__TILE__L0-1.__TILE__L1-1.__TILE__L3-8,target,query,query,finetune_dataset,data_462.pt,339417.0,graphgps_lite,4,50,paper_exact_seed4,2.440398693084717,2.5292787551879883,0.08888006210327148,0.6299999952316284,0.6327054500579834,0.0027054548263549805,0.3199999928474426,0.3483406603336334,0.028340667486190796,0.6600000262260437,0.7722803950309753,0.11228036880493164,0.25,0.23749664425849915,0.012503355741500854
7991ac02ef164882,gemver-medium,gemver-medium,lv2:__PARA__L0-1.__PARA__L1-1.__PARA__L2-1.__PARA__L3-1.__PARA__L4-1.__PARA__L5-5.__PARA__L6-20.__PIPE__L0-off.__PIPE__L1-off.__PIPE__L3-NA.__TILE__L0-1.__TILE__L1-1.__TILE__L3-1,target,query,query,finetune_dataset,data_600.pt,437419.0,graphgps_lite,4,50,paper_exact_seed4,2.257420063018799,2.166414737701416,0.09100532531738281,0.05999999865889549,0.014994949102401733,0.04500504955649376,0.019999999552965164,0.005665630102157593,0.014334369450807571,0.009999999776482582,-0.05150043964385986,0.061500437557697296,0.05999999865889549,0.2181236743927002,0.1581236720085144
ea83d34ff54ddfc6,gemver-medium,gemver-medium,lv2:__PARA__L0-1.__PARA__L1-1.__PARA__L2-1.__PARA__L3-1.__PARA__L4-1.__PARA__L5-8.__PARA__L6-5.__PIPE__L0-off.__PIPE__L1-off.__PIPE__L3-NA.__TILE__L0-1.__TILE__L1-1.__TILE__L3-1,target,query,query,finetune_dataset,data_630.pt,500868.0,graphgps_lite,4,50,paper_exact_seed4,2.159712791442871,2.186751365661621,0.02703857421875,0.029999999329447746,0.037507981061935425,0.0075079817324876785,0.009999999776482582,0.01875804364681244,0.008758043870329857,0.009999999776482582,-0.021909356117248535,0.03190935403108597,0.28999999165534973,0.25411537289619446,0.03588461875915527
a8247c256499520b,gemver-medium,gemver-medium,lv2:__PARA__L0-1.__PARA__L1-1.__PARA__L2-1.__PARA__L3-1.__PARA__L4-1.__PARA__L5-4.__PARA__L6-5.__PIPE__L0-off.__PIPE__L1-off.__PIPE__L3-NA.__TILE__L0-1.__TILE__L1-1.__TILE__L3-1,target,query,query,finetune_dataset,data_584.pt,597269.0,graphgps_lite,4,50,paper_exact_seed4,2.0327377319335938,2.1150078773498535,0.08227014541625977,0.029999999329447746,0.017917409539222717,0.012082589790225029,0.009999999776482582,0.02192479372024536,0.01192479394376278,0.0,-0.01766863465309143,0.01766863465309143,0.18000000715255737,0.24297991394996643,0.06297990679740906
1173dc7929c37fc6,gemver-medium,gemver-medium,lv2:__PARA__L0-1.__PARA__L1-1.__PARA__L2-1.__PARA__L3-1.__PARA__L4-1.__PARA__L5-2.__PARA__L6-4.__PIPE__L0-flatten.__PIPE__L1-off.__PIPE__L3-NA.__TILE__L0-1.__TILE__L1-1.__TILE__L3-1,target,query,query,finetune_dataset,data_533.pt,666231.0,graphgps_lite,4,50,paper_exact_seed4,1.9539169073104858,2.023888111114502,0.06997120380401611,0.6800000071525574,0.6930854320526123,0.013085424900054932,0.41999998688697815,0.438045859336853,0.018045872449874878,1.2799999713897705,1.2104883193969727,0.06951165199279785,0.23999999463558197,0.30190813541412354,0.061908140778541565
b93670f05cc551b5,gemver-medium,gemver-medium,lv2:__PARA__L0-1.__PARA__L1-1.__PARA__L2-1.__PARA__L3-1.__PARA__L4-1.__PARA__L5-4.__PARA__L6-32.__PIPE__L0-off.__PIPE__L1-off.__PIPE__L3-off.__TILE__L0-1.__TILE__L1-1.__TILE__L3-1,target,query,query,finetune_dataset,data_575.pt,510413.0,graphgps_lite,4,50,paper_exact_seed4,2.1460955142974854,2.1513609886169434,0.005265474319458008,0.05000000074505806,-0.01399683952331543,0.06399683654308319,0.019999999552965164,-0.010546937584877014,0.03054693713784218,0.019999999552965164,-0.07329833507537842,0.09329833090305328,0.28999999165534973,0.14043907821178436,0.14956091344356537
d85aa464ab05cd12,gemver-medium,gemver-medium,lv2:__PARA__L0-1.__PARA__L1-1.__PARA__L2-1.__PARA__L3-1.__PARA__L4-1.__PARA__L5-2.__PARA__L6-1.__PIPE__L0-off.__PIPE__L1-off.__PIPE__L3-off.__TILE__L0-1.__TILE__L1-1.__TILE__L3-1,target,query,query,finetune_dataset,data_510.pt,1430413.0,graphgps_lite,4,50,paper_exact_seed4,1.4027482271194458,1.4968469142913818,0.09409868717193604,0.019999999552965164,-0.07265225052833557,0.09265224635601044,0.009999999776482582,-0.01802213490009308,0.02802213467657566,0.0,-0.0751265287399292,0.0751265287399292,0.11999999731779099,0.20532827079296112,0.08532827347517014
5e2cc981135680a0,gemver-medium,gemver-medium,lv2:__PARA__L0-1.__PARA__L1-1.__PARA__L2-1.__PARA__L3-1.__PARA__L4-1.__PARA__L5-8.__PARA__L6-1.__PIPE__L0-flatten.__PIPE__L1-off.__PIPE__L3-off.__TILE__L0-1.__TILE__L1-1.__TILE__L3-1,target,query,query,finetune_dataset,data_612.pt,967103.0,graphgps_lite,4,50,paper_exact_seed4,1.6850932836532593,1.5994486808776855,0.08564460277557373,0.8399999737739563,0.7285106182098389,0.11148935556411743,0.49000000953674316,0.4773901402950287,0.012609869241714478,1.2799999713897705,1.3646535873413086,0.08465361595153809,0.800000011920929,0.35708338022232056,0.4429166316986084
2534d0e759e5071a,gemver-medium,gemver-medium,lv2:__PARA__L0-1.__PARA__L1-1.__PARA__L2-1.__PARA__L3-1.__PARA__L4-1.__PARA__L5-10.__PARA__L6-5.__PIPE__L0-off.__PIPE__L1-off.__PIPE__L3-NA.__TILE__L0-1.__TILE__L1-1.__TILE__L3-1,target,query,query,finetune_dataset,data_501.pt,479415.0,graphgps_lite,4,50,paper_exact_seed4,2.1912906169891357,2.192439079284668,0.0011484622955322266,0.03999999910593033,0.03883025050163269,0.001169748604297638,0.019999999552965164,0.021204322576522827,0.001204323023557663,0.009999999776482582,-0.0282021164894104,0.03820211440324783,0.05000000074505806,0.23815858364105225,0.18815858662128448
39d92e60a19b8911,gemver-medium,gemver-medium,lv2:__PARA__L0-1.__PARA__L1-1.__PARA__L2-1.__PARA__L3-1.__PARA__L4-1.__PARA__L5-5.__PARA__L6-2.__PIPE__L0-off.__PIPE__L1-off.__PIPE__L3-NA.__TILE__L0-1.__TILE__L1-1.__TILE__L3-1,target,query,query,finetune_dataset,data_598.pt,798416.0,graphgps_lite,4,50,paper_exact_seed4,1.8233578205108643,1.8595075607299805,0.03614974021911621,0.029999999329447746,-0.019151687622070312,0.04915168881416321,0.009999999776482582,0.0011812597513198853,0.008818740025162697,0.0,-0.05568617582321167,0.05568617582321167,0.30000001192092896,0.22844088077545166,0.0715591311454773
47bc00fe4ed487e8,gemver-medium,gemver-medium,lv2:__PARA__L0-1.__PARA__L1-1.__PARA__L2-1.__PARA__L3-1.__PARA__L4-1.__PARA__L5-1.__PARA__L6-32.__PIPE__L0-off.__PIPE__L1-flatten.__PIPE__L3-off.__TILE__L0-1.__TILE__L1-1.__TILE__L3-8,target,query,query,finetune_dataset,data_463.pt,339417.0,graphgps_lite,4,50,paper_exact_seed4,2.440398693084717,2.555321216583252,0.11492252349853516,0.6299999952316284,0.629339337348938,0.0006606578826904297,0.3199999928474426,0.34034284949302673,0.020342856645584106,0.6600000262260437,0.8168138861656189,0.1568138599395752,0.25,0.25284087657928467,0.002840876579284668
8b2f6bcb3ee50e1e,gemver-medium,gemver-medium,lv2:__PARA__L0-1.__PARA__L1-1.__PARA__L2-1.__PARA__L3-1.__PARA__L4-1.__PARA__L5-2.__PARA__L6-8.__PIPE__L0-off.__PIPE__L1-off.__PIPE__L3-NA.__TILE__L0-1.__TILE__L1-1.__TILE__L3-1,target,query,query,finetune_dataset,data_547.pt,733367.0,graphgps_lite,4,50,paper_exact_seed4,1.8846603631973267,1.9321415424346924,0.04748117923736572,0.029999999329447746,0.005754053592681885,0.02424594573676586,0.009999999776482582,-0.00031737983226776123,0.010317379608750343,0.009999999776482582,-0.04112371802330017,0.051123715937137604,0.11999999731779099,0.17574593424797058,0.055745936930179596
41643b6d806087fa,gemver-medium,gemver-medium,lv2:__PARA__L0-1.__PARA__L1-1.__PARA__L2-1.__PARA__L3-1.__PARA__L4-1.__PARA__L5-2.__PARA__L6-25.__PIPE__L0-off.__PIPE__L1-off.__PIPE__L3-NA.__TILE__L0-1.__TILE__L1-1.__TILE__L3-1,target,query,query,finetune_dataset,data_529.pt,665829.0,graphgps_lite,4,50,paper_exact_seed4,1.9543522596359253,1.8996655941009521,0.054686665534973145,0.05000000074505806,-0.0031453371047973633,0.05314533784985542,0.019999999552965164,-0.008476942777633667,0.02847694233059883,0.019999999552965164,-0.05833643674850464,0.0783364325761795,0.18000000715255737,0.1343105286359787,0.045689478516578674
ad06f729bd5db51b,gemver-medium,gemver-medium,lv2:__PARA__L0-1.__PARA__L1-1.__PARA__L2-1.__PARA__L3-1.__PARA__L4-1.__PARA__L5-1.__PARA__L6-25.__PIPE__L0-flatten.__PIPE__L1-off.__PIPE__L3-off.__TILE__L0-1.__TILE__L1-1.__TILE__L3-1,target,query,query,finetune_dataset,data_457.pt,901503.0,graphgps_lite,4,50,paper_exact_seed4,1.7357620000839233,1.565443515777588,0.17031848430633545,0.6700000166893005,0.7040265798568726,0.03402656316757202,0.41999998688697815,0.478400319814682,0.05840033292770386,1.2799999713897705,1.3816790580749512,0.10167908668518066,0.23999999463558197,0.21420125663280487,0.0257987380027771
f01dce4946b7b7b7,gemver-medium,gemver-medium,lv2:__PARA__L0-1.__PARA__L1-1.__PARA__L2-1.__PARA__L3-1.__PARA__L4-1.__PARA__L5-2.__PARA__L6-5.__PIPE__L0-off.__PIPE__L1-off.__PIPE__L3-off.__TILE__L0-1.__TILE__L1-1.__TILE__L3-1,target,query,query,finetune_dataset,data_542.pt,798013.0,graphgps_lite,4,50,paper_exact_seed4,1.823722004890442,1.9282634258270264,0.10454142093658447,0.029999999329447746,-0.02608799934387207,0.056088000535964966,0.009999999776482582,-0.017293885350227356,0.027293885126709938,0.0,-0.06087076663970947,0.06087076663970947,0.11999999731779099,0.1538141965866089,0.0338141992688179
fd885963701ec907,gemver-medium,gemver-medium,lv2:__PARA__L0-1.__PARA__L1-1.__PARA__L2-1.__PARA__L3-1.__PARA__L4-1.__PARA__L5-1.__PARA__L6-2.__PIPE__L0-flatten.__PIPE__L1-off.__PIPE__L3-NA.__TILE__L0-1.__TILE__L1-1.__TILE__L3-1,target,query,query,finetune_dataset,data_446.pt,1264769.0,graphgps_lite,4,50,paper_exact_seed4,1.4915270805358887,1.5129766464233398,0.021449565887451172,0.6700000166893005,0.6809941530227661,0.010994136333465576,0.41999998688697815,0.44152024388313293,0.021520256996154785,1.2799999713897705,1.2415891885757446,0.03841078281402588,0.23999999463558197,0.2194957137107849,0.020504280924797058
4275cd2136d7ac8c,gemver-medium,gemver-medium,lv2:__PARA__L0-1.__PARA__L1-1.__PARA__L2-1.__PARA__L3-1.__PARA__L4-1.__PARA__L5-2.__PARA__L6-25.__PIPE__L0-off.__PIPE__L1-off.__PIPE__L3-off.__TILE__L0-1.__TILE__L1-1.__TILE__L3-1,target,query,query,finetune_dataset,data_530.pt,674013.0,graphgps_lite,4,50,paper_exact_seed4,1.9455398321151733,1.911259651184082,0.03428018093109131,0.03999999910593033,-0.031825125217437744,0.07182512432336807,0.019999999552965164,-0.026714086532592773,0.04671408608555794,0.009999999776482582,-0.08375462889671326,0.09375462681055069,0.18000000715255737,0.0968034565448761,0.08319655060768127
0526577840035d0e,gemver-medium,gemver-medium,lv2:__PARA__L0-1.__PARA__L1-1.__PARA__L2-1.__PARA__L3-1.__PARA__L4-1.__PARA__L5-8.__PARA__L6-16.__PIPE__L0-off.__PIPE__L1-off.__PIPE__L3-off.__TILE__L0-1.__TILE__L1-1.__TILE__L3-1,target,query,query,finetune_dataset,data_619.pt,398412.0,graphgps_lite,4,50,paper_exact_seed4,2.3247976303100586,2.2541887760162354,0.07060885429382324,0.029999999329447746,-0.0014747679233551025,0.031474769115448,0.009999999776482582,-0.0070051103830337524,0.017005110159516335,0.009999999776482582,-0.08071452379226685,0.09071452170610428,0.28999999165534973,0.16451983153820038,0.12548016011714935
82152443b2a642c2,gemver-medium,gemver-medium,lv2:__PARA__L0-1.__PARA__L1-1.__PARA__L2-1.__PARA__L3-1.__PARA__L4-2.__PARA__L5-1.__PARA__L6-64.__PIPE__L0-off.__PIPE__L1-flatten.__PIPE__L3-NA.__TILE__L0-1.__TILE__L1-1.__TILE__L3-8,target,query,query,finetune_dataset,data_646.pt,210348.0,graphgps_lite,4,50,paper_exact_seed4,2.785539150238037,2.654665470123291,0.1308736801147461,0.6499999761581421,0.6596980094909668,0.009698033332824707,0.33000001311302185,0.3765103220939636,0.04651030898094177,0.6800000071525574,0.8674474358558655,0.1874474287033081,0.36000001430511475,0.20770443975925446,0.1522955745458603
1d98f34eaa29cec7,gemver-medium,gemver-medium,lv2:__PARA__L0-1.__PARA__L1-1.__PARA__L2-1.__PARA__L3-1.__PARA__L4-1.__PARA__L5-1.__PARA__L6-1.__PIPE__L0-off.__PIPE__L1-flatten.__PIPE__L3-flatten.__TILE__L0-1.__TILE__L1-1.__TILE__L3-8,target,query,query,finetune_dataset,data_432.pt,254065.0,graphgps_lite,4,50,paper_exact_seed4,2.64932918548584,1.8933141231536865,0.7560150623321533,1.340000033378601,2.9513959884643555,1.6113959550857544,0.9599999785423279,2.064262866973877,1.1042628288269043,2.0399999618530273,6.039957046508789,3.9999570846557617,0.30000001192092896,0.2730742394924164,0.026925772428512573
c095eb4c2009d900,gemver-medium,gemver-medium,lv2:__PARA__L0-1.__PARA__L1-1.__PARA__L2-1.__PARA__L3-1.__PARA__L4-1.__PARA__L5-8.__PARA__L6-8.__PIPE__L0-off.__PIPE__L1-off.__PIPE__L3-NA.__TILE__L0-1.__TILE__L1-1.__TILE__L3-1,target,query,query,finetune_dataset,data_633.pt,440570.0,graphgps_lite,4,50,paper_exact_seed4,2.2522425651550293,2.222410202026367,0.02983236312866211,0.03999999910593033,0.03392989933490753,0.006070099771022797,0.019999999552965164,0.01767610013484955,0.002323899418115616,0.009999999776482582,-0.04018557071685791,0.05018556863069534,0.28999999165534973,0.2447100579738617,0.04528993368148804
6ddd06201de501e3,gemver-medium,gemver-medium,lv2:__PARA__L0-1.__PARA__L1-1.__PARA__L2-1.__PARA__L3-1.__PARA__L4-1.__PARA__L5-1.__PARA__L6-4.__PIPE__L0-off.__PIPE__L1-flatten.__PIPE__L3-off.__TILE__L0-1.__TILE__L1-1.__TILE__L3-8,target,query,query,finetune_dataset,data_467.pt,517465.0,graphgps_lite,4,50,paper_exact_seed4,2.136197566986084,2.34116268157959,0.20496511459350586,0.6100000143051147,0.6057835221290588,0.004216492176055908,0.3100000023841858,0.33073699474334717,0.020736992359161377,0.6399999856948853,0.8073799014091492,0.16737991571426392,0.15000000596046448,0.32016289234161377,0.1701628863811493
af43dc6e8bb3ccc6,gemver-medium,gemver-medium,lv2:__PARA__L0-1.__PARA__L1-1.__PARA__L2-1.__PARA__L3-1.__PARA__L4-1.__PARA__L5-4.__PARA__L6-10.__PIPE__L0-flatten.__PIPE__L1-off.__PIPE__L3-off.__TILE__L0-1.__TILE__L1-1.__TILE__L3-1,target,query,query,finetune_dataset,data_555.pt,354373.0,graphgps_lite,4,50,paper_exact_seed4,2.4092936515808105,2.228376865386963,0.18091678619384766,0.7300000190734863,0.7133162021636963,0.01668381690979004,0.4399999976158142,0.46171078085899353,0.02171078324317932,1.2799999713897705,1.2984251976013184,0.01842522621154785,0.4300000071525574,0.45465266704559326,0.02465265989303589
c29f58aa87f88211,gemver-medium,gemver-medium,lv2:__PARA__L0-1.__PARA__L1-1.__PARA__L2-1.__PARA__L3-1.__PARA__L4-1.__PARA__L5-1.__PARA__L6-16.__PIPE__L0-off.__PIPE__L1-off.__PIPE__L3-off.__TILE__L0-1.__TILE__L1-1.__TILE__L3-1,target,query,query,finetune_dataset,data_445.pt,1087212.0,graphgps_lite,4,50,paper_exact_seed4,1.6006474494934082,1.6549437046051025,0.054296255111694336,0.029999999329447746,-0.04987359046936035,0.07987359166145325,0.009999999776482582,-0.027706995606422424,0.03770699352025986,0.009999999776482582,-0.09741124510765076,0.10741124302148819,0.11999999731779099,0.14411911368370056,0.024119116365909576
a5d37c21d89dafa7,gemver-medium,gemver-medium,lv2:__PARA__L0-1.__PARA__L1-1.__PARA__L2-1.__PARA__L3-1.__PARA__L4-1.__PARA__L5-1.__PARA__L6-4.__PIPE__L0-off.__PIPE__L1-off.__PIPE__L3-off.__TILE__L0-1.__TILE__L1-1.__TILE__L3-1,target,query,query,finetune_dataset,data_469.pt,1233212.0,graphgps_lite,4,50,paper_exact_seed4,1.5097535848617554,1.6483935117721558,0.1386399269104004,0.019999999552965164,-0.034462302923202515,0.05446230247616768,0.009999999776482582,-0.014638230204582214,0.024638229981064796,0.0,-0.057419270277023315,0.057419270277023315,0.11999999731779099,0.18523797392845154,0.06523797661066055
843ee3ee3066436a,gemver-medium,gemver-medium,lv2:__PARA__L0-1.__PARA__L1-1.__PARA__L2-1.__PARA__L3-1.__PARA__L4-1.__PARA__L5-4.__PARA__L6-25.__PIPE__L0-flatten.__PIPE__L1-off.__PIPE__L3-off.__TILE__L0-1.__TILE__L1-1.__TILE__L3-1,target,query,query,finetune_dataset,data_571.pt,308373.0,graphgps_lite,4,50,paper_exact_seed4,2.509589910507202,2.215359687805176,0.29423022270202637,0.7400000095367432,0.70904141664505,0.030958592891693115,0.44999998807907104,0.47349199652671814,0.023492008447647095,1.2799999713897705,1.33719801902771,0.05719804763793945,0.4300000071525574,0.42301714420318604,0.006982862949371338
e479489c10e97e63,gemver-medium,gemver-medium,lv2:__PARA__L0-1.__PARA__L1-1.__PARA__L2-1.__PARA__L3-1.__PARA__L4-1.__PARA__L5-8.__PARA__L6-20.__PIPE__L0-off.__PIPE__L1-off.__PIPE__L3-NA.__TILE__L0-1.__TILE__L1-1.__TILE__L3-1,target,query,query,finetune_dataset,data_622.pt,379867.0,graphgps_lite,4,50,paper_exact_seed4,2.3591809272766113,2.232180118560791,0.1270008087158203,0.05999999865889549,0.0237482488155365,0.036251749843358994,0.029999999329447746,0.00824621319770813,0.021753786131739616,0.019999999552965164,-0.060893505811691284,0.08089350163936615,0.05999999865889549,0.21101243793964386,0.15101243555545807
9eefe9932bd3de70,gemver-medium,gemver-medium,lv2:__PARA__L0-1.__PARA__L1-1.__PARA__L2-1.__PARA__L3-1.__PARA__L4-1.__PARA__L5-10.__PARA__L6-5.__PIPE__L0-off.__PIPE__L1-off.__PIPE__L3-off.__TILE__L0-1.__TILE__L1-1.__TILE__L3-1,target,query,query,finetune_dataset,data_502.pt,482961.0,graphgps_lite,4,50,paper_exact_seed4,2.1859748363494873,2.2025341987609863,0.016559362411499023,0.03999999910593033,0.005329012870788574,0.034670986235141754,0.009999999776482582,-0.002738445997238159,0.012738445773720741,0.0,-0.06308633089065552,0.06308633089065552,0.05000000074505806,0.1844073235988617,0.13440732657909393
5866cbdc49313267,gemver-medium,gemver-medium,lv2:__PARA__L0-1.__PARA__L1-1.__PARA__L2-1.__PARA__L3-1.__PARA__L4-1.__PARA__L5-5.__PARA__L6-5.__PIPE__L0-off.__PIPE__L1-off.__PIPE__L3-off.__TILE__L0-1.__TILE__L1-1.__TILE__L3-1,target,query,query,finetune_dataset,data_608.pt,561964.0,graphgps_lite,4,50,paper_exact_seed4,2.0766892433166504,2.155424118041992,0.0787348747253418,0.029999999329447746,-0.008693844079971313,0.03869384527206421,0.009999999776482582,0.0003926306962966919,0.00960736908018589,0.0,-0.050818800926208496,0.050818800926208496,0.30000001192092896,0.20489409565925598,0.09510591626167297
7f3a6a68a52a7805,gemver-medium,gemver-medium,lv2:__PARA__L0-1.__PARA__L1-1.__PARA__L2-1.__PARA__L3-1.__PARA__L4-1.__PARA__L5-10.__PARA__L6-16.__PIPE__L0-off.__PIPE__L1-off.__PIPE__L3-off.__TILE__L0-1.__TILE__L1-1.__TILE__L3-1,target,query,query,finetune_dataset,data_491.pt,377761.0,graphgps_lite,4,50,paper_exact_seed4,2.3631911277770996,2.259988307952881,0.10320281982421875,0.03999999910593033,0.0014641880989074707,0.03853581100702286,0.019999999552965164,-0.0017208904027938843,0.02172088995575905,0.009999999776482582,-0.08822014927864075,0.09822014719247818,0.05000000074505806,0.14169299602508545,0.09169299900531769
1532672d0a5db819,gemver-medium,gemver-medium,lv2:__PARA__L0-1.__PARA__L1-1.__PARA__L2-1.__PARA__L3-1.__PARA__L4-1.__PARA__L5-2.__PARA__L6-4.__PIPE__L0-off.__PIPE__L1-off.__PIPE__L3-off.__TILE__L0-1.__TILE__L1-1.__TILE__L3-1,target,query,query,finetune_dataset,data_536.pt,837613.0,graphgps_lite,4,50,paper_exact_seed4,1.7887861728668213,1.900993824005127,0.11220765113830566,0.019999999552965164,-0.02783462405204773,0.047834623605012894,0.009999999776482582,-0.01558046042919159,0.02558046020567417,0.0,-0.0589180588722229,0.0589180588722229,0.11999999731779099,0.15380138158798218,0.03380138427019119
83ed0b793841b275,gemver-medium,gemver-medium,lv2:__PARA__L0-1.__PARA__L1-1.__PARA__L2-1.__PARA__L3-1.__PARA__L4-1.__PARA__L5-2.__PARA__L6-2.__PIPE__L0-off.__PIPE__L1-off.__PIPE__L3-off.__TILE__L0-1.__TILE__L1-1.__TILE__L3-1,target,query,query,finetune_dataset,data_522.pt,1034813.0,graphgps_lite,4,50,paper_exact_seed4,1.6362789869308472,1.7389196157455444,0.10264062881469727,0.019999999552965164,-0.0554044246673584,0.07540442049503326,0.009999999776482582,-0.02678501605987549,0.03678501397371292,0.0,-0.07761022448539734,0.07761022448539734,0.11999999731779099,0.14645209908485413,0.02645210176706314
ea9580005e96c617,gemver-medium,gemver-medium,lv2:__PARA__L0-1.__PARA__L1-1.__PARA__L2-1.__PARA__L3-1.__PARA__L4-1.__PARA__L5-10.__PARA__L6-1.__PIPE__L0-off.__PIPE__L1-off.__PIPE__L3-off.__TILE__L0-1.__TILE__L1-1.__TILE__L3-1,target,query,query,finetune_dataset,data_487.pt,1116561.0,graphgps_lite,4,50,paper_exact_seed4,1.5814330577850342,1.557373285293579,0.024059772491455078,0.03999999910593033,-0.04477560520172119,0.08477560430765152,0.009999999776482582,-0.016448795795440674,0.026448795571923256,0.0,-0.08165425062179565,0.08165425062179565,0.05000000074505806,0.20787405967712402,0.15787406265735626
afabf0cf6a7b8365,gemver-medium,gemver-medium,lv2:__PARA__L0-1.__PARA__L1-1.__PARA__L2-1.__PARA__L3-1.__PARA__L4-1.__PARA__L5-5.__PARA__L6-4.__PIPE__L0-off.__PIPE__L1-off.__PIPE__L3-off.__TILE__L0-1.__TILE__L1-1.__TILE__L3-1,target,query,query,finetune_dataset,data_606.pt,601964.0,graphgps_lite,4,50,paper_exact_seed4,2.0270895957946777,2.13450288772583,0.10741329193115234,0.029999999329447746,-0.010568976402282715,0.04056897759437561,0.009999999776482582,0.0019655227661132812,0.0080344770103693,0.0,-0.04936796426773071,0.04936796426773071,0.30000001192092896,0.19971203804016113,0.10028797388076782
090572995cc52263,gemver-medium,gemver-medium,lv2:__PARA__L0-1.__PARA__L1-1.__PARA__L2-1.__PARA__L3-1.__PARA__L4-1.__PARA__L5-2.__PARA__L6-20.__PIPE__L0-flatten.__PIPE__L1-off.__PIPE__L3-NA.__TILE__L0-1.__TILE__L1-1.__TILE__L3-1,target,query,query,finetune_dataset,data_523.pt,505431.0,graphgps_lite,4,50,paper_exact_seed4,2.1531710624694824,2.049844741821289,0.10332632064819336,0.6899999976158142,0.6915958523750305,0.0015958547592163086,0.4300000071525574,0.45174211263656616,0.02174210548400879,1.2999999523162842,1.2777855396270752,0.022214412689208984,0.23999999463558197,0.24133741855621338,0.0013374239206314087
9dd2b4e7f5d15681,gemver-medium,gemver-medium,lv2:__PARA__L0-1.__PARA__L1-1.__PARA__L2-1.__PARA__L3-1.__PARA__L4-1.__PARA__L5-2.__PARA__L6-8.__PIPE__L0-flatten.__PIPE__L1-off.__PIPE__L3-off.__TILE__L0-1.__TILE__L1-1.__TILE__L3-1,target,query,query,finetune_dataset,data_546.pt,572773.0,graphgps_lite,4,50,paper_exact_seed4,2.062946319580078,2.064727306365967,0.0017809867858886719,0.6700000166893005,0.6906920671463013,0.020692050457000732,0.41999998688697815,0.43285807967185974,0.012858092784881592,1.2799999713897705,1.2549049854278564,0.025094985961914062,0.23999999463558197,0.33613675832748413,0.09613676369190216
3ffa8cb8596be391,gemver-medium,gemver-medium,lv2:__PARA__L0-1.__PARA__L1-1.__PARA__L2-1.__PARA__L3-1.__PARA__L4-1.__PARA__L5-2.__PARA__L6-20.__PIPE__L0-off.__PIPE__L1-off.__PIPE__L3-NA.__TILE__L0-1.__TILE__L1-1.__TILE__L3-1,target,query,query,finetune_dataset,data_525.pt,674271.0,graphgps_lite,4,50,paper_exact_seed4,1.9452638626098633,1.8994189500808716,0.0458449125289917,0.03999999910593033,-0.004611492156982422,0.04461149126291275,0.019999999552965164,-0.00838327407836914,0.028383273631334305,0.009999999776482582,-0.06061774492263794,0.07061774283647537,0.18000000715255737,0.13975903391838074,0.040240973234176636
c37f85f367c6ecf3,gemver-medium,gemver-medium,lv2:__PARA__L0-1.__PARA__L1-1.__PARA__L2-1.__PARA__L3-1.__PARA__L4-1.__PARA__L5-4.__PARA__L6-400.__PIPE__L0-off.__PIPE__L1-off.__PIPE__L3-off.__TILE__L0-1.__TILE__L1-1.__TILE__L3-1,target,query,query,finetune_dataset,data_581.pt,440058.0,graphgps_lite,4,50,paper_exact_seed4,2.2530813217163086,2.1476550102233887,0.10542631149291992,0.27000001072883606,0.1704176664352417,0.09958234429359436,0.20000000298023224,0.22314485907554626,0.023144856095314026,0.4699999988079071,0.4366471767425537,0.033352822065353394,0.4300000071525574,0.2847164273262024,0.14528357982635498
c21ced4ec6c175ca,gemver-medium,gemver-medium,lv2:__PARA__L0-1.__PARA__L1-1.__PARA__L2-1.__PARA__L3-1.__PARA__L4-1.__PARA__L5-5.__PARA__L6-20.__PIPE__L0-off.__PIPE__L1-off.__PIPE__L3-off.__TILE__L0-1.__TILE__L1-1.__TILE__L3-1,target,query,query,finetune_dataset,data_601.pt,445963.0,graphgps_lite,4,50,paper_exact_seed4,2.2434661388397217,2.1803369522094727,0.06312918663024902,0.05000000074505806,-0.011674374341964722,0.06167437508702278,0.019999999552965164,-0.008635789155960083,0.028635788708925247,0.009999999776482582,-0.07189422845840454,0.08189422637224197,0.05999999865889549,0.17143549025058746,0.11143548786640167
5ece08fb01c7b911,gemver-medium,gemver-medium,lv2:__PARA__L0-1.__PARA__L1-1.__PARA__L2-1.__PARA__L3-1.__PARA__L4-1.__PARA__L5-4.__PARA__L6-25.__PIPE__L0-off.__PIPE__L1-off.__PIPE__L3-off.__TILE__L0-1.__TILE__L1-1.__TILE__L3-1,target,query,query,finetune_dataset,data_573.pt,477213.0,graphgps_lite,4,50,paper_exact_seed4,2.1946113109588623,2.1454577445983887,0.04915356636047363,0.05000000074505806,-0.01574176549911499,0.06574176251888275,0.019999999552965164,-0.010076954960823059,0.030076954513788223,0.009999999776482582,-0.07006776332855225,0.08006776124238968,0.28999999165534973,0.1529047042131424,0.13709528744220734
dba56bf59fef0447,gemver-medium,gemver-medium,lv2:__PARA__L0-1.__PARA__L1-1.__PARA__L2-1.__PARA__L3-1.__PARA__L4-1.__PARA__L5-5.__PARA__L6-5.__PIPE__L0-off.__PIPE__L1-off.__PIPE__L3-NA.__TILE__L0-1.__TILE__L1-1.__TILE__L3-1,target,query,query,finetune_dataset,data_607.pt,558020.0,graphgps_lite,4,50,paper_exact_seed4,2.0817697048187256,2.1437549591064453,0.06198525428771973,0.029999999329447746,0.024498045444488525,0.005501953884959221,0.009999999776482582,0.020899802446365356,0.010899802669882774,0.0,-0.016852617263793945,0.016852617263793945,0.30000001192092896,0.2546652555465698,0.04533475637435913
16b1f6d7e45fe22d,gemver-medium,gemver-medium,lv2:__PARA__L0-1.__PARA__L1-1.__PARA__L2-1.__PARA__L3-1.__PARA__L4-1.__PARA__L5-2.__PARA__L6-10.__PIPE__L0-off.__PIPE__L1-off.__PIPE__L3-off.__TILE__L0-1.__TILE__L1-1.__TILE__L3-1,target,query,query,finetune_dataset,data_514.pt,720413.0,graphgps_lite,4,50,paper_exact_seed4,1.8975160121917725,1.95229971408844,0.05478370189666748,0.029999999329447746,-0.026334524154663086,0.05633452534675598,0.009999999776482582,-0.022614166140556335,0.03261416405439377,0.0,-0.07837516069412231,0.07837516069412231,0.11999999731779099,0.12201119214296341,0.0020111948251724243
fa1f42ea1d8a699a,gemver-medium,gemver-medium,lv2:__PARA__L0-1.__PARA__L1-1.__PARA__L2-1.__PARA__L3-1.__PARA__L4-1.__PARA__L5-10.__PARA__L6-4.__PIPE__L0-off.__PIPE__L1-off.__PIPE__L3-NA.__TILE__L0-1.__TILE__L1-1.__TILE__L3-1,target,query,query,finetune_dataset,data_499.pt,520017.0,graphgps_lite,4,50,paper_exact_seed4,2.1326487064361572,2.164398670196533,0.03174996376037598,0.03999999910593033,0.03687739372253418,0.0031226053833961487,0.009999999776482582,0.018875613808631897,0.008875614032149315,0.009999999776482582,-0.026038557291030884,0.03603855520486832,0.05000000074505806,0.2348620593547821,0.18486206233501434
d9117322aab4f7c2,gemver-medium,gemver-medium,lv2:__PARA__L0-1.__PARA__L1-1.__PARA__L2-1.__PARA__L3-1.__PARA__L4-1.__PARA__L5-1.__PARA__L6-16.__PIPE__L0-off.__PIPE__L1-flatten.__PIPE__L3-off.__TILE__L0-1.__TILE__L1-1.__TILE__L3-8,target,query,query,finetune_dataset,data_443.pt,319965.0,graphgps_lite,4,50,paper_exact_seed4,2.482970952987671,2.534057140350342,0.0510861873626709,0.6200000047683716,0.6258794665336609,0.005879461765289307,0.3100000023841858,0.33788228034973145,0.027882277965545654,0.6399999856948853,0.8036530613899231,0.16365307569503784,0.23999999463558197,0.2705632448196411,0.030563250184059143
842ba928da8028f1,gemver-medium,gemver-medium,lv2:__PARA__L0-1.__PARA__L1-1.__PARA__L2-1.__PARA__L3-1.__PARA__L4-1.__PARA__L5-4.__PARA__L6-10.__PIPE__L0-flatten.__PIPE__L1-off.__PIPE__L3-NA.__TILE__L0-1.__TILE__L1-1.__TILE__L3-1,target,query,query,finetune_dataset,data_554.pt,348029.0,graphgps_lite,4,50,paper_exact_seed4,2.4223244190216064,2.2055721282958984,0.216752290725708,0.7400000095367432,0.7187787294387817,0.021221280097961426,0.44999998807907104,0.4681328237056732,0.018132835626602173,1.2899999618530273,1.286128282546997,0.0038716793060302734,0.4300000071525574,0.4083554744720459,0.021644532680511475
bd2704a0251c8884,gemver-medium,gemver-medium,lv2:__PARA__L0-1.__PARA__L1-1.__PARA__L2-1.__PARA__L3-1.__PARA__L4-1.__PARA__L5-1.__PARA__L6-400.__PIPE__L0-off.__PIPE__L1-off.__PIPE__L3-off.__TILE__L0-1.__TILE__L1-1.__TILE__L3-1,target,query,query,finetune_dataset,data_472.pt,1036856.0,graphgps_lite,4,50,paper_exact_seed4,1.6348562240600586,1.6562930345535278,0.02143681049346924,0.17000000178813934,0.20034664869308472,0.030346646904945374,0.20000000298023224,0.23443014919757843,0.03443014621734619,0.4699999988079071,0.49114811420440674,0.021148115396499634,0.23999999463558197,0.29326799511909485,0.05326800048351288
000f3624d587129c,gemver-medium,gemver-medium,lv2:__PARA__L0-1.__PARA__L1-1.__PARA__L2-1.__PARA__L3-1.__PARA__L4-1.__PARA__L5-2.__PARA__L6-5.__PIPE__L0-flatten.__PIPE__L1-off.__PIPE__L3-NA.__TILE__L0-1.__TILE__L1-1.__TILE__L3-1,target,query,query,finetune_dataset,data_539.pt,625629.0,graphgps_lite,4,50,paper_exact_seed4,1.9992743730545044,2.0462303161621094,0.04695594310760498,0.6800000071525574,0.6971335411071777,0.01713353395462036,0.41999998688697815,0.4405131936073303,0.020513206720352173,1.2799999713897705,1.2184598445892334,0.06154012680053711,0.23999999463558197,0.30836063623428345,0.06836064159870148
f351dcbd8a9583d8,gemver-medium,gemver-medium,lv2:__PARA__L0-1.__PARA__L1-1.__PARA__L2-1.__PARA__L3-1.__PARA__L4-1.__PARA__L5-8.__PARA__L6-5.__PIPE__L0-off.__PIPE__L1-off.__PIPE__L3-off.__TILE__L0-1.__TILE__L1-1.__TILE__L3-1,target,query,query,finetune_dataset,data_631.pt,504812.0,graphgps_lite,4,50,paper_exact_seed4,2.154054880142212,2.202340602874756,0.048285722732543945,0.029999999329447746,0.004155755043029785,0.02584424428641796,0.009999999776482582,-0.0016024261713027954,0.011602425947785378,0.0,-0.05649873614311218,0.05649873614311218,0.28999999165534973,0.2039324939250946,0.08606749773025513
46beeb5ba9e62c65,gemver-medium,gemver-medium,lv2:__PARA__L0-1.__PARA__L1-1.__PARA__L2-1.__PARA__L3-1.__PARA__L4-1.__PARA__L5-4.__PARA__L6-20.__PIPE__L0-flatten.__PIPE__L1-off.__PIPE__L3-off.__TILE__L0-1.__TILE__L1-1.__TILE__L3-1,target,query,query,finetune_dataset,data_567.pt,316373.0,graphgps_lite,4,50,paper_exact_seed4,2.491114854812622,2.2159841060638428,0.2751307487487793,0.7400000095367432,0.7093396186828613,0.030660390853881836,0.44999998807907104,0.4721720516681671,0.02217206358909607,1.2799999713897705,1.3328604698181152,0.05286049842834473,0.4300000071525574,0.42684048414230347,0.0031595230102539062
fbfb7dd04c50fd12,gemver-medium,gemver-medium,lv2:__PARA__L0-1.__PARA__L1-1.__PARA__L2-1.__PARA__L3-1.__PARA__L4-1.__PARA__L5-4.__PARA__L6-4.__PIPE__L0-flatten.__PIPE__L1-off.__PIPE__L3-off.__TILE__L0-1.__TILE__L1-1.__TILE__L3-1,target,query,query,finetune_dataset,data_577.pt,471973.0,graphgps_lite,4,50,paper_exact_seed4,2.202575922012329,2.1739821434020996,0.028593778610229492,0.7300000190734863,0.7153041362762451,0.014695882797241211,0.4399999976158142,0.461265504360199,0.021265506744384766,1.2799999713897705,1.2769031524658203,0.0030968189239501953,0.4300000071525574,0.4532002806663513,0.023200273513793945
243cd02cdb26e76f,gemver-medium,gemver-medium,lv2:__PARA__L0-1.__PARA__L1-1.__PARA__L2-1.__PARA__L3-1.__PARA__L4-1.__PARA__L5-8.__PARA__L6-400.__PIPE__L0-off.__PIPE__L1-off.__PIPE__L3-off.__TILE__L0-1.__TILE__L1-1.__TILE__L3-1,target,query,query,finetune_dataset,data_629.pt,345652.0,graphgps_lite,4,50,paper_exact_seed4,2.4272680282592773,2.245840311050415,0.1814277172088623,0.3199999928474426,0.22426362335681915,0.09573636949062347,0.10999999940395355,0.2083580195903778,0.09835802018642426,0.019999999552965164,0.4379018545150757,0.4179018437862396,0.800000011920929,0.2733706831932068,0.5266293287277222
0a7815b4a5090fb0,gemver-medium,gemver-medium,lv2:__PARA__L0-1.__PARA__L1-1.__PARA__L2-1.__PARA__L3-1.__PARA__L4-1.__PARA__L5-5.__PARA__L6-4.__PIPE__L0-off.__PIPE__L1-off.__PIPE__L3-NA.__TILE__L0-1.__TILE__L1-1.__TILE__L3-1,target,query,query,finetune_dataset,data_605.pt,598220.0,graphgps_lite,4,50,paper_exact_seed4,2.031589984893799,2.121147871017456,0.08955788612365723,0.029999999329447746,0.02195882797241211,0.008041171357035637,0.009999999776482582,0.022608384490013123,0.01260838471353054,0.0,-0.015926599502563477,0.015926599502563477,0.30000001192092896,0.2506190836429596,0.04938092827796936
9a08c89cf92ce513,gemver-medium,gemver-medium,lv2:__PARA__L0-1.__PARA__L1-1.__PARA__L2-1.__PARA__L3-1.__PARA__L4-1.__PARA__L5-2.__PARA__L6-16.__PIPE__L0-flatten.__PIPE__L1-off.__PIPE__L3-off.__TILE__L0-1.__TILE__L1-1.__TILE__L3-1,target,query,query,finetune_dataset,data_516.pt,523973.0,graphgps_lite,4,50,paper_exact_seed4,2.1271817684173584,2.0445504188537598,0.08263134956359863,0.6700000166893005,0.6750369668006897,0.00503695011138916,0.41999998688697815,0.4394643008708954,0.019464313983917236,1.2799999713897705,1.2853100299835205,0.00531005859375,0.23999999463558197,0.2818981409072876,0.04189814627170563
d840d88097461383,gemver-medium,gemver-medium,lv2:__PARA__L0-1.__PARA__L1-1.__PARA__L2-1.__PARA__L3-1.__PARA__L4-1.__PARA__L5-4.__PARA__L6-4.__PIPE__L0-off.__PIPE__L1-off.__PIPE__L3-NA.__TILE__L0-1.__TILE__L1-1.__TILE__L3-1,target,query,query,finetune_dataset,data_578.pt,636667.0,graphgps_lite,4,50,paper_exact_seed4,1.9866585731506348,2.091830253601074,0.10517168045043945,0.029999999329447746,0.01495639979839325,0.015043599531054497,0.009999999776482582,0.023508220911026,0.013508221134543419,0.0,-0.017079591751098633,0.017079591751098633,0.18000000715255737,0.23906761407852173,0.059067606925964355
073ea443eaa72b1a,gemver-medium,gemver-medium,lv2:__PARA__L0-1.__PARA__L1-1.__PARA__L2-1.__PARA__L3-1.__PARA__L4-1.__PARA__L5-1.__PARA__L6-5.__PIPE__L0-off.__PIPE__L1-flatten.__PIPE__L3-off.__TILE__L0-1.__TILE__L1-1.__TILE__L3-8,target,query,query,finetune_dataset,data_475.pt,465465.0,graphgps_lite,4,50,paper_exact_seed4,2.2125916481018066,2.4119162559509277,0.1993246078491211,0.6100000143051147,0.6123706698417664,0.0023706555366516113,0.3100000023841858,0.3392518162727356,0.029251813888549805,0.6399999856948853,0.8249717354774475,0.18497174978256226,0.1599999964237213,0.3400343656539917,0.18003436923027039
986b89097b75cf16,gemver-medium,gemver-medium,lv2:__PARA__L0-1.__PARA__L1-1.__PARA__L2-1.__PARA__L3-1.__PARA__L4-1.__PARA__L5-4.__PARA__L6-64.__PIPE__L0-flatten.__PIPE__L1-off.__PIPE__L3-off.__TILE__L0-1.__TILE__L1-1.__TILE__L3-1,target,query,query,finetune_dataset,data_586.pt,331973.0,graphgps_lite,4,50,paper_exact_seed4,2.456395149230957,2.2437260150909424,0.21266913414001465,0.7400000095367432,0.684730052947998,0.05526995658874512,0.44999998807907104,0.4588490426540375,0.00884905457496643,1.2799999713897705,1.2876393795013428,0.007639408111572266,0.4300000071525574,0.37910765409469604,0.05089235305786133
7877de10140917c9,gemver-medium,gemver-medium,lv2:__PARA__L0-1.__PARA__L1-1.__PARA__L2-1.__PARA__L3-1.__PARA__L4-1.__PARA__L5-4.__PARA__L6-20.__PIPE__L0-flatten.__PIPE__L1-off.__PIPE__L3-NA.__TILE__L0-1.__TILE__L1-1.__TILE__L3-1,target,query,query,finetune_dataset,data_566.pt,307829.0,graphgps_lite,4,50,paper_exact_seed4,2.5108635425567627,2.202219009399414,0.30864453315734863,0.75,0.7225505113601685,0.027449488639831543,0.46000000834465027,0.4783196747303009,0.018319666385650635,1.2999999523162842,1.3188798427581787,0.01887989044189453,0.4300000071525574,0.3829294443130493,0.04707056283950806
13a09a66c1972ec3,gemver-medium,gemver-medium,lv2:__PARA__L0-1.__PARA__L1-1.__PARA__L2-1.__PARA__L3-1.__PARA__L4-1.__PARA__L5-1.__PARA__L6-20.__PIPE__L0-off.__PIPE__L1-off.__PIPE__L3-NA.__TILE__L0-1.__TILE__L1-1.__TILE__L3-1,target,query,query,finetune_dataset,data_454.pt,1070670.0,graphgps_lite,4,50,paper_exact_seed4,1.611707091331482,1.6498029232025146,0.038095831871032715,0.03999999910593033,-0.026267945766448975,0.0662679448723793,0.019999999552965164,-0.017830535769462585,0.03783053532242775,0.009999999776482582,-0.07878261804580688,0.08878261595964432,0.18000000715255737,0.14933562278747559,0.030664384365081787
6d6bafe460da6a50,gemver-medium,gemver-medium,lv2:__PARA__L0-1.__PARA__L1-1.__PARA__L2-1.__PARA__L3-1.__PARA__L4-1.__PARA__L5-8.__PARA__L6-8.__PIPE__L0-off.__PIPE__L1-off.__PIPE__L3-off.__TILE__L0-1.__TILE__L1-1.__TILE__L3-1,target,query,query,finetune_dataset,data_634.pt,446812.0,graphgps_lite,4,50,paper_exact_seed4,2.242094039916992,2.2488820552825928,0.006788015365600586,0.029999999329447746,0.004474818706512451,0.025525180622935295,0.009999999776482582,-0.003999680280685425,0.013999680057168007,0.0,-0.06862306594848633,0.06862306594848633,0.28999999165534973,0.19481103122234344,0.09518896043300629
cdcda04bf68ce8ac,gemver-medium,gemver-medium,lv2:__PARA__L0-1.__PARA__L1-1.__PARA__L2-1.__PARA__L3-1.__PARA__L4-1.__PARA__L5-5.__PARA__L6-8.__PIPE__L0-off.__PIPE__L1-off.__PIPE__L3-NA.__TILE__L0-1.__TILE__L1-1.__TILE__L3-1,target,query,query,finetune_dataset,data_610.pt,498122.0,graphgps_lite,4,50,paper_exact_seed4,2.1636786460876465,2.1682777404785156,0.004599094390869141,0.029999999329447746,0.023011595010757446,0.0069884043186903,0.009999999776482582,0.015498936176300049,0.005498936399817467,0.009999999776482582,-0.03213721513748169,0.04213721305131912,0.30000001192092896,0.2482621669769287,0.051737844944000244
ffd817ca2f130960,gemver-medium,gemver-medium,lv2:__PARA__L0-1.__PARA__L1-1.__PARA__L2-1.__PARA__L3-1.__PARA__L4-1.__PARA__L5-1.__PARA__L6-64.__PIPE__L0-off.__PIPE__L1-flatten.__PIPE__L3-off.__TILE__L0-1.__TILE__L1-1.__TILE__L3-8,target,query,query,finetune_dataset,data_480.pt,327769.0,graphgps_lite,4,50,paper_exact_seed4,2.465588331222534,2.6304540634155273,0.16486573219299316,0.6499999761581421,0.6548452377319336,0.004845261573791504,0.33000001311302185,0.36566436290740967,0.03566434979438782,0.6800000071525574,0.904588520526886,0.2245885133743286,0.36000001430511475,0.21881484985351562,0.14118516445159912
2b2203c683bb6dad,gemver-medium,gemver-medium,lv2:__PARA__L0-1.__PARA__L1-1.__PARA__L2-1.__PARA__L3-1.__PARA__L4-1.__PARA__L5-4.__PARA__L6-20.__PIPE__L0-off.__PIPE__L1-off.__PIPE__L3-off.__TILE__L0-1.__TILE__L1-1.__TILE__L3-1,target,query,query,finetune_dataset,data_569.pt,485213.0,graphgps_lite,4,50,paper_exact_seed4,2.182619094848633,2.145942211151123,0.036676883697509766,0.05000000074505806,-0.01700577139854431,0.06700576841831207,0.019999999552965164,-0.009886205196380615,0.02988620474934578,0.009999999776482582,-0.07052639126777649,0.08052638918161392,0.28999999165534973,0.15843473374843597,0.13156525790691376
7204e0306d235f1d,gemver-medium,gemver-medium,lv2:__PARA__L0-1.__PARA__L1-1.__PARA__L2-1.__PARA__L3-1.__PARA__L4-1.__PARA__L5-5.__PARA__L6-25.__PIPE__L0-off.__PIPE__L1-off.__PIPE__L3-off.__TILE__L0-1.__TILE__L1-1.__TILE__L3-1,target,query,query,finetune_dataset,data_603.pt,437963.0,graphgps_lite,4,50,paper_exact_seed4,2.256523609161377,2.179537773132324,0.07698583602905273,0.07000000029802322,-0.010468125343322754,0.08046812564134598,0.019999999552965164,-0.0088595449924469,0.028859544545412064,0.009999999776482582,-0.07142817974090576,0.0814281776547432,0.05999999865889549,0.16567334532737732,0.10567334294319153
a7dc296477f89e14,gemver-medium,gemver-medium,lv2:__PARA__L0-1.__PARA__L1-1.__PARA__L2-1.__PARA__L3-1.__PARA__L4-1.__PARA__L5-1.__PARA__L6-64.__PIPE__L0-off.__PIPE__L1-flatten.__PIPE__L3-NA.__TILE__L0-1.__TILE__L1-1.__TILE__L3-8,target,query,query,finetune_dataset,data_479.pt,327769.0,graphgps_lite,4,50,paper_exact_seed4,2.465588331222534,2.6237545013427734,0.15816617012023926,0.6499999761581421,0.6695474982261658,0.01954752206802368,0.33000001311302185,0.3814806640148163,0.051480650901794434,0.6800000071525574,0.8946036100387573,0.21460360288619995,0.36000001430511475,0.2051384150981903,0.15486159920692444
959902609e6a4167,gemver-medium,gemver-medium,lv2:__PARA__L0-1.__PARA__L1-1.__PARA__L2-1.__PARA__L3-1.__PARA__L4-1.__PARA__L5-10.__PARA__L6-8.__PIPE__L0-off.__PIPE__L1-off.__PIPE__L3-off.__TILE__L0-1.__TILE__L1-1.__TILE__L3-1,target,query,query,finetune_dataset,data_505.pt,425761.0,graphgps_lite,4,50,paper_exact_seed4,2.2769062519073486,2.2531166076660156,0.023789644241333008,0.03999999910593033,0.005827844142913818,0.03417215496301651,0.009999999776482582,0.00011070072650909424,0.009889299049973488,0.0,-0.07382851839065552,0.07382851839065552,0.05000000074505806,0.17367002367973328,0.12367002665996552
ad424b0bb7b2b1ff,gemver-medium,gemver-medium,lv2:__PARA__L0-1.__PARA__L1-1.__PARA__L2-1.__PARA__L3-1.__PARA__L4-1.__PARA__L5-1.__PARA__L6-25.__PIPE__L0-flatten.__PIPE__L1-off.__PIPE__L3-NA.__TILE__L0-1.__TILE__L1-1.__TILE__L3-1,target,query,query,finetune_dataset,data_456.pt,893321.0,graphgps_lite,4,50,paper_exact_seed4,1.74233877658844,1.6272704601287842,0.11506831645965576,0.6899999976158142,0.7315318584442139,0.04153186082839966,0.4399999976158142,0.48936352133750916,0.049363523721694946,1.2999999523162842,1.3681962490081787,0.06819629669189453,0.23999999463558197,0.18655675649642944,0.05344323813915253
ad996a6ca183f670,gemver-medium,gemver-medium,lv2:__PARA__L0-1.__PARA__L1-1.__PARA__L2-1.__PARA__L3-1.__PARA__L4-1.__PARA__L5-1.__PARA__L6-2.__PIPE__L0-flatten.__PIPE__L1-off.__PIPE__L3-off.__TILE__L0-1.__TILE__L1-1.__TILE__L3-1,target,query,query,finetune_dataset,data_447.pt,1265103.0,graphgps_lite,4,50,paper_exact_seed4,1.4913365840911865,1.5042799711227417,0.012943387031555176,0.6700000166893005,0.6771590113639832,0.007158994674682617,0.41999998688697815,0.4452396631240845,0.025239676237106323,1.2799999713897705,1.312847375869751,0.03284740447998047,0.23999999463558197,0.24916470050811768,0.009164705872535706
3f814bf3cb2014e1,gemver-medium,gemver-medium,lv2:__PARA__L0-1.__PARA__L1-1.__PARA__L2-1.__PARA__L3-1.__PARA__L4-1.__PARA__L5-1.__PARA__L6-8.__PIPE__L0-off.__PIPE__L1-off.__PIPE__L3-off.__TILE__L0-1.__TILE__L1-1.__TILE__L3-1,target,query,query,finetune_dataset,data_486.pt,1135212.0,graphgps_lite,4,50,paper_exact_seed4,1.5694831609725952,1.6607489585876465,0.09126579761505127,0.029999999329447746,-0.03699535131454468,0.06699535250663757,0.009999999776482582,-0.020043790340423584,0.030043790116906166,0.0,-0.08139723539352417,0.08139723539352417,0.11999999731779099,0.1707284152507782,0.05072841793298721
88ccfe6d05a9e4b8,gemver-medium,gemver-medium,lv2:__PARA__L0-1.__PARA__L1-1.__PARA__L2-1.__PARA__L3-1.__PARA__L4-2.__PARA__L5-1.__PARA__L6-4.__PIPE__L0-off.__PIPE__L1-flatten.__PIPE__L3-off.__TILE__L0-1.__TILE__L1-1.__TILE__L3-8,target,query,query,finetune_dataset,data_644.pt,437535.0,graphgps_lite,4,50,paper_exact_seed4,2.2572288513183594,2.3738951683044434,0.11666631698608398,0.6100000143051147,0.6006450653076172,0.009354948997497559,0.3100000023841858,0.32667458057403564,0.016674578189849854,0.6399999856948853,0.7860643267631531,0.14606434106826782,0.15000000596046448,0.3220045268535614,0.17200452089309692
40fa45ba8d75fea6,gemver-medium,gemver-medium,lv2:__PARA__L0-1.__PARA__L1-1.__PARA__L2-1.__PARA__L3-1.__PARA__L4-1.__PARA__L5-10.__PARA__L6-32.__PIPE__L0-off.__PIPE__L1-off.__PIPE__L3-off.__TILE__L0-1.__TILE__L1-1.__TILE__L3-1,target,query,query,finetune_dataset,data_498.pt,393361.0,graphgps_lite,4,50,paper_exact_seed4,2.334001064300537,2.268413543701172,0.06558752059936523,0.07000000029802322,0.005844533443450928,0.0641554668545723,0.029999999329447746,-0.004077300429344177,0.03407730162143707,0.019999999552965164,-0.09076869487762451,0.11076869070529938,0.05000000074505806,0.1152205616235733,0.06522056460380554
42bcdb5ed3fa6924,gemver-medium,gemver-medium,lv2:__PARA__L0-1.__PARA__L1-1.__PARA__L2-1.__PARA__L3-1.__PARA__L4-1.__PARA__L5-10.__PARA__L6-10.__PIPE__L0-off.__PIPE__L1-off.__PIPE__L3-NA.__TILE__L0-1.__TILE__L1-1.__TILE__L3-1,target,query,query,finetune_dataset,data_488.pt,399417.0,graphgps_lite,4,50,paper_exact_seed4,2.3229801654815674,2.2389345169067383,0.0840456485748291,0.05000000074505806,0.031782373785972595,0.018217626959085464,0.019999999552965164,0.01763930916786194,0.0023606903851032257,0.009999999776482582,-0.050502777099609375,0.06050277501344681,0.05000000074505806,0.21334344148635864,0.16334344446659088
57db2cdf99ad2535,gemver-medium,gemver-medium,lv2:__PARA__L0-1.__PARA__L1-1.__PARA__L2-1.__PARA__L3-1.__PARA__L4-1.__PARA__L5-1.__PARA__L6-4.__PIPE__L0-flatten.__PIPE__L1-off.__PIPE__L3-NA.__TILE__L0-1.__TILE__L1-1.__TILE__L3-1,target,query,query,finetune_dataset,data_465.pt,1062161.0,graphgps_lite,4,50,paper_exact_seed4,1.6174628734588623,1.7072113752365112,0.08974850177764893,0.6700000166893005,0.7217779755592346,0.05177795886993408,0.41999998688697815,0.4640613794326782,0.04406139254570007,1.2799999713897705,1.2676019668579102,0.012398004531860352,0.23999999463558197,0.2515096664428711,0.011509671807289124
629fe26036eb69ab,gemver-medium,gemver-medium,lv2:__PARA__L0-1.__PARA__L1-1.__PARA__L2-1.__PARA__L3-1.__PARA__L4-1.__PARA__L5-2.__PARA__L6-2.__PIPE__L0-flatten.__PIPE__L1-off.__PIPE__L3-NA.__TILE__L0-1.__TILE__L1-1.__TILE__L3-1,target,query,query,finetune_dataset,data_519.pt,868839.0,graphgps_lite,4,50,paper_exact_seed4,1.7623836994171143,1.7458035945892334,0.01658010482788086,0.6800000071525574,0.6651124358177185,0.014887571334838867,0.41999998688697815,0.421261727809906,0.0012617409229278564,1.2799999713897705,1.1991283893585205,0.08087158203125,0.23999999463558197,0.2525174617767334,0.012517467141151428
f8611baa3d34baec,gemver-medium,gemver-medium,lv2:__PARA__L0-1.__PARA__L1-1.__PARA__L2-1.__PARA__L3-1.__PARA__L4-1.__PARA__L5-8.__PARA__L6-16.__PIPE__L0-off.__PIPE__L1-off.__PIPE__L3-NA.__TILE__L0-1.__TILE__L1-1.__TILE__L3-1,target,query,query,finetune_dataset,data_618.pt,389918.0,graphgps_lite,4,50,paper_exact_seed4,2.3403427600860596,2.232736587524414,0.10760617256164551,0.03999999910593033,0.023565828800201416,0.016434170305728912,0.019999999552965164,0.009401828050613403,0.01059817150235176,0.019999999552965164,-0.061427563428878784,0.08142755925655365,0.28999999165534973,0.21550938487052917,0.07449060678482056
546ba9672e1bec4e,gemver-medium,gemver-medium,lv2:__PARA__L0-1.__PARA__L1-1.__PARA__L2-1.__PARA__L3-1.__PARA__L4-1.__PARA__L5-4.__PARA__L6-1.__PIPE__L0-off.__PIPE__L1-off.__PIPE__L3-flatten.__TILE__L0-1.__TILE__L1-1.__TILE__L3-1,target,query,query,finetune_dataset,data_552.pt,427265.0,graphgps_lite,4,50,paper_exact_seed4,2.274362564086914,2.1749372482299805,0.0994253158569336,0.5,0.5570781230926514,0.05707812309265137,0.30000001192092896,0.3451073467731476,0.04510733485221863,0.6399999856948853,0.8847041726112366,0.24470418691635132,0.4300000071525574,0.4791950583457947,0.049195051193237305
eeca14754570c01b,gemver-medium,gemver-medium,lv2:__PARA__L0-1.__PARA__L1-1.__PARA__L2-1.__PARA__L3-1.__PARA__L4-1.__PARA__L5-2.__PARA__L6-400.__PIPE__L0-flatten.__PIPE__L1-off.__PIPE__L3-off.__TILE__L0-1.__TILE__L1-1.__TILE__L3-1,target,query,query,finetune_dataset,data_537.pt,472821.0,graphgps_lite,4,50,paper_exact_seed4,2.2012810707092285,2.058563232421875,0.14271783828735352,0.699999988079071,0.6905772089958191,0.009422779083251953,0.46000000834465027,0.4921480715274811,0.03214806318283081,1.2799999713897705,1.295851230621338,0.015851259231567383,0.23999999463558197,0.3176196217536926,0.07761962711811066
1cc6286de82d0589,gemver-medium,gemver-medium,lv2:__PARA__L0-1.__PARA__L1-1.__PARA__L2-1.__PARA__L3-1.__PARA__L4-1.__PARA__L5-1.__PARA__L6-16.__PIPE__L0-flatten.__PIPE__L1-off.__PIPE__L3-NA.__TILE__L0-1.__TILE__L1-1.__TILE__L3-1,target,query,query,finetune_dataset,data_441.pt,911411.0,graphgps_lite,4,50,paper_exact_seed4,1.7278772592544556,1.6348066329956055,0.0930706262588501,0.6800000071525574,0.7265220880508423,0.04652208089828491,0.4300000071525574,0.48397526144981384,0.05397525429725647,1.2899999618530273,1.3496966361999512,0.05969667434692383,0.23999999463558197,0.1960664540529251,0.04393354058265686
38b5571df4d34783,gemver-medium,gemver-medium,lv2:__PARA__L0-1.__PARA__L1-1.__PARA__L2-1.__PARA__L3-1.__PARA__L4-1.__PARA__L5-2.__PARA__L6-4.__PIPE__L0-flatten.__PIPE__L1-off.__PIPE__L3-off.__TILE__L0-1.__TILE__L1-1.__TILE__L3-1,target,query,query,finetune_dataset,data_534.pt,669973.0,graphgps_lite,4,50,paper_exact_seed4,1.9498766660690308,2.0215487480163574,0.07167208194732666,0.6700000166893005,0.6858476400375366,0.015847623348236084,0.41999998688697815,0.43384450674057007,0.013844519853591919,1.2799999713897705,1.2400836944580078,0.039916276931762695,0.23999999463558197,0.3377958834171295,0.09779588878154755
8f4ab36456ee280a,gemver-medium,gemver-medium,lv2:__PARA__L0-1.__PARA__L1-1.__PARA__L2-1.__PARA__L3-1.__PARA__L4-1.__PARA__L5-1.__PARA__L6-32.__PIPE__L0-off.__PIPE__L1-off.__PIPE__L3-off.__TILE__L0-1.__TILE__L1-1.__TILE__L3-1,target,query,query,finetune_dataset,data_464.pt,1102812.0,graphgps_lite,4,50,paper_exact_seed4,1.5903706550598145,1.652681827545166,0.06231117248535156,0.03999999910593033,-0.04977431893348694,0.08977431803941727,0.019999999552965164,-0.033676207065582275,0.05367620661854744,0.019999999552965164,-0.09784603118896484,0.11784602701663971,0.18000000715255737,0.12297341972589493,0.057026587426662445
f5222419a61dc3ae,gemver-medium,gemver-medium,lv2:__PARA__L0-1.__PARA__L1-1.__PARA__L2-1.__PARA__L3-1.__PARA__L4-1.__PARA__L5-1.__PARA__L6-1.__PIPE__L0-off.__PIPE__L1-off.__PIPE__L3-off.__TILE__L0-1.__TILE__L1-1.__TILE__L3-1,target,query,query,finetune_dataset,data_435.pt,1826012.0,graphgps_lite,4,50,paper_exact_seed4,1.2266159057617188,1.2852439880371094,0.058628082275390625,0.019999999552965164,-0.09483522176742554,0.1148352175951004,0.009999999776482582,-0.007733926177024841,0.017733925953507423,0.0,-0.09788405895233154,0.09788405895233154,0.11999999731779099,0.2082388997077942,0.0882389023900032
d01425f50d6673bc,gemver-medium,gemver-medium,lv2:__PARA__L0-1.__PARA__L1-1.__PARA__L2-1.__PARA__L3-1.__PARA__L4-1.__PARA__L5-4.__PARA__L6-4.__PIPE__L0-off.__PIPE__L1-off.__PIPE__L3-off.__TILE__L0-1.__TILE__L1-1.__TILE__L3-1,target,query,query,finetune_dataset,data_579.pt,640413.0,graphgps_lite,4,50,paper_exact_seed4,1.9824267625808716,2.104970693588257,0.12254393100738525,0.029999999329447746,-0.016836822032928467,0.04683682322502136,0.009999999776482582,0.003267332911491394,0.006732666864991188,0.0,-0.049901366233825684,0.049901366233825684,0.18000000715255737,0.18960656225681305,0.009606555104255676
32d58a29b225edc8,gemver-medium,gemver-medium,lv2:__PARA__L0-1.__PARA__L1-1.__PARA__L2-1.__PARA__L3-1.__PARA__L4-1.__PARA__L5-4.__PARA__L6-1.__PIPE__L0-flatten.__PIPE__L1-off.__PIPE__L3-flatten.__TILE__L0-1.__TILE__L1-1.__TILE__L3-1,target,query,query,finetune_dataset,data_549.pt,258829.0,graphgps_lite,4,50,paper_exact_seed4,2.6359283924102783,2.2813925743103027,0.3545358180999756,0.8299999833106995,0.916759192943573,0.08675920963287354,0.5400000214576721,0.7206321358680725,0.1806321144104004,1.2799999713897705,1.5285835266113281,0.24858355522155762,0.4300000071525574,0.423598051071167,0.006401956081390381
ecfb96f63a221e62,gemver-medium,gemver-medium,lv2:__PARA__L0-1.__PARA__L1-1.__PARA__L2-1.__PARA__L3-1.__PARA__L4-1.__PARA__L5-4.__PARA__L6-8.__PIPE__L0-flatten.__PIPE__L1-off.__PIPE__L3-off.__TILE__L0-1.__TILE__L1-1.__TILE__L3-1,target,query,query,finetune_dataset,data_589.pt,373973.0,graphgps_lite,4,50,paper_exact_seed4,2.3704609870910645,2.225233554840088,0.14522743225097656,0.7300000190734863,0.7214544415473938,0.00854557752609253,0.4399999976158142,0.46305787563323975,0.023057878017425537,1.2799999713897705,1.293483018875122,0.013483047485351562,0.4300000071525574,0.46686601638793945,0.03686600923538208
9437db7693f1d995,gemver-medium,gemver-medium,lv2:__PARA__L0-1.__PARA__L1-1.__PARA__L2-1.__PARA__L3-1.__PARA__L4-2.__PARA__L5-1.__PARA__L6-10.__PIPE__L0-off.__PIPE__L1-flatten.__PIPE__L3-off.__TILE__L0-1.__TILE__L1-1.__TILE__L3-8,target,query,query,finetune_dataset,data_637.pt,281535.0,graphgps_lite,4,50,paper_exact_seed4,2.575270891189575,2.5886130332946777,0.013342142105102539,0.6100000143051147,0.6183980107307434,0.008397996425628662,0.3100000023841858,0.3317544162273407,0.021754413843154907,0.6399999856948853,0.7696280479431152,0.12962806224822998,0.1899999976158142,0.30592936277389526,0.11592936515808105
ea1c49f64583b28b,gemver-medium,gemver-medium,lv2:__PARA__L0-1.__PARA__L1-1.__PARA__L2-1.__PARA__L3-1.__PARA__L4-2.__PARA__L5-1.__PARA__L6-1.__PIPE__L0-off.__PIPE__L1-flatten.__PIPE__L3-off.__TILE__L0-1.__TILE__L1-1.__TILE__L3-8,target,query,query,finetune_dataset,data_636.pt,1011542.0,graphgps_lite,4,50,paper_exact_seed4,1.6526858806610107,1.4552768468856812,0.1974090337753296,0.6200000047683716,0.6030161380767822,0.016983866691589355,0.3100000023841858,0.3033767640590668,0.0066232383251190186,0.6399999856948853,0.8156061768531799,0.17560619115829468,0.18000000715255737,0.24224892258644104,0.06224891543388367
83417ac8d1dc1106,gemver-medium,gemver-medium,lv2:__PARA__L0-1.__PARA__L1-1.__PARA__L2-1.__PARA__L3-1.__PARA__L4-1.__PARA__L5-1.__PARA__L6-10.__PIPE__L0-off.__PIPE__L1-off.__PIPE__L3-off.__TILE__L0-1.__TILE__L1-1.__TILE__L3-1,target,query,query,finetune_dataset,data_440.pt,1116412.0,graphgps_lite,4,50,paper_exact_seed4,1.5815292596817017,1.657482624053955,0.07595336437225342,0.029999999329447746,-0.039286524057388306,0.0692865252494812,0.009999999776482582,-0.022151842713356018,0.03215184062719345,0.0,-0.08989423513412476,0.08989423513412476,0.11999999731779099,0.157690167427063,0.037690170109272
2594dd922d740fe9,gemver-medium,gemver-medium,lv2:__PARA__L0-1.__PARA__L1-1.__PARA__L2-1.__PARA__L3-1.__PARA__L4-1.__PARA__L5-2.__PARA__L6-2.__PIPE__L0-off.__PIPE__L1-off.__PIPE__L3-NA.__TILE__L0-1.__TILE__L1-1.__TILE__L3-1,target,query,query,finetune_dataset,data_521.pt,1034063.0,graphgps_lite,4,50,paper_exact_seed4,1.6368019580841064,1.6802699565887451,0.04346799850463867,0.029999999329447746,-0.035616546869277954,0.06561654806137085,0.009999999776482582,-0.007870465517044067,0.01787046529352665,0.0,-0.059654444456100464,0.059654444456100464,0.11999999731779099,0.17473706603050232,0.054737068712711334
f220802a696f04d5,gemver-medium,gemver-medium,lv2:__PARA__L0-1.__PARA__L1-1.__PARA__L2-1.__PARA__L3-1.__PARA__L4-1.__PARA__L5-8.__PARA__L6-25.__PIPE__L0-off.__PIPE__L1-off.__PIPE__L3-off.__TILE__L0-1.__TILE__L1-1.__TILE__L3-1,target,query,query,finetune_dataset,data_625.pt,380411.0,graphgps_lite,4,50,paper_exact_seed4,2.3581485748291016,2.253732681274414,0.1044158935546875,0.07000000029802322,0.00038182735443115234,0.06961817294359207,0.019999999552965164,-0.007866933941841125,0.02786693349480629,0.009999999776482582,-0.08019208908081055,0.09019208699464798,0.05999999865889549,0.1534227579832077,0.09342275559902191
6f8fa15b227a2a9b,gemver-medium,gemver-medium,lv2:__PARA__L0-1.__PARA__L1-1.__PARA__L2-1.__PARA__L3-1.__PARA__L4-1.__PARA__L5-10.__PARA__L6-2.__PIPE__L0-off.__PIPE__L1-off.__PIPE__L3-off.__TILE__L0-1.__TILE__L1-1.__TILE__L3-1,target,query,query,finetune_dataset,data_493.pt,720961.0,graphgps_lite,4,50,paper_exact_seed4,1.8969675302505493,1.988209843635559,0.09124231338500977,0.03999999910593033,-0.026130497455596924,0.06613049656152725,0.009999999776482582,-0.02655467391014099,0.036554671823978424,0.0,-0.07963821291923523,0.07963821291923523,0.05000000074505806,0.15586653351783752,0.10586653649806976
07338f58fab2b5d0,gemver-medium,gemver-medium,lv2:__PARA__L0-1.__PARA__L1-1.__PARA__L2-1.__PARA__L3-1.__PARA__L4-1.__PARA__L5-2.__PARA__L6-10.__PIPE__L0-flatten.__PIPE__L1-off.__PIPE__L3-NA.__TILE__L0-1.__TILE__L1-1.__TILE__L3-1,target,query,query,finetune_dataset,data_511.pt,545631.0,graphgps_lite,4,50,paper_exact_seed4,2.0979652404785156,2.0653610229492188,0.032604217529296875,0.6800000071525574,0.6914506554603577,0.011450648307800293,0.4300000071525574,0.4418947696685791,0.011894762516021729,1.2899999618530273,1.246340036392212,0.04365992546081543,0.23999999463558197,0.27335256338119507,0.0333525687456131
d8e3b8d9f992790d,gemver-medium,gemver-medium,lv2:__PARA__L0-1.__PARA__L1-1.__PARA__L2-1.__PARA__L3-1.__PARA__L4-1.__PARA__L5-2.__PARA__L6-10.__PIPE__L0-flatten.__PIPE__L1-off.__PIPE__L3-off.__TILE__L0-1.__TILE__L1-1.__TILE__L3-1,target,query,query,finetune_dataset,data_512.pt,551973.0,graphgps_lite,4,50,paper_exact_seed4,2.0896291732788086,2.060771942138672,0.02885723114013672,0.6700000166893005,0.6817635297775269,0.011763513088226318,0.41999998688697815,0.4321025013923645,0.012102514505386353,1.2799999713897705,1.2598508596420288,0.0201491117477417,0.23999999463558197,0.31384509801864624,0.07384510338306427
130704a61a6e6fbf,gemver-medium,gemver-medium,lv2:__PARA__L0-1.__PARA__L1-1.__PARA__L2-1.__PARA__L3-1.__PARA__L4-1.__PARA__L5-5.__PARA__L6-16.__PIPE__L0-off.__PIPE__L1-off.__PIPE__L3-off.__TILE__L0-1.__TILE__L1-1.__TILE__L3-1,target,query,query,finetune_dataset,data_597.pt,455964.0,graphgps_lite,4,50,paper_exact_seed4,2.227468252182007,2.1832597255706787,0.044208526611328125,0.029999999329447746,-0.011521190404891968,0.04152119159698486,0.009999999776482582,-0.007841408252716064,0.017841408029198647,0.009999999776482582,-0.07207691669464111,0.08207691460847855,0.30000001192092896,0.1758980005979538,0.12410201132297516
f04d401f04d14c1e,gemver-medium,gemver-medium,lv2:__PARA__L0-1.__PARA__L1-1.__PARA__L2-1.__PARA__L3-1.__PARA__L4-1.__PARA__L5-8.__PARA__L6-1.__PIPE__L0-off.__PIPE__L1-NA.__PIPE__L3-flatten.__TILE__L0-1.__TILE__L1-1.__TILE__L3-1,target,query,query,finetune_dataset,data_613.pt,323819.0,graphgps_lite,4,50,paper_exact_seed4,2.474334239959717,2.260481357574463,0.2138528823852539,0.6800000071525574,0.5705650448799133,0.10943496227264404,0.4000000059604645,0.33356091380119324,0.06643909215927124,1.1100000143051147,0.776220977306366,0.3337790369987488,0.800000011920929,0.45525848865509033,0.3447415232658386
de0ebad02754366d,gemver-medium,gemver-medium,lv2:__PARA__L0-1.__PARA__L1-1.__PARA__L2-1.__PARA__L3-1.__PARA__L4-1.__PARA__L5-1.__PARA__L6-20.__PIPE__L0-flatten.__PIPE__L1-off.__PIPE__L3-NA.__TILE__L0-1.__TILE__L1-1.__TILE__L3-1,target,query,query,finetune_dataset,data_451.pt,901361.0,graphgps_lite,4,50,paper_exact_seed4,1.7358756065368652,1.6283388137817383,0.10753679275512695,0.6800000071525574,0.7301025390625,0.05010253190994263,0.4300000071525574,0.4874085783958435,0.05740857124328613,1.2999999523162842,1.3610789775848389,0.06107902526855469,0.23999999463558197,0.1909605711698532,0.04903942346572876
f2382c4833c27b31,gemver-medium,gemver-medium,lv2:__PARA__L0-1.__PARA__L1-1.__PARA__L2-1.__PARA__L3-1.__PARA__L4-1.__PARA__L5-10.__PARA__L6-25.__PIPE__L0-off.__PIPE__L1-off.__PIPE__L3-NA.__TILE__L0-1.__TILE__L1-1.__TILE__L3-1,target,query,query,finetune_dataset,data_496.pt,351177.0,graphgps_lite,4,50,paper_exact_seed4,2.4158289432525635,2.24159836769104,0.17423057556152344,0.10999999940395355,0.028644844889640808,0.08135515451431274,0.029999999329447746,0.010658994317054749,0.019341005012392998,0.019999999552965164,-0.0639449954032898,0.08394499123096466,0.05000000074505806,0.18458300828933716,0.1345830112695694
1e9c97bfbccfa9fa,gemver-medium,gemver-medium,lv2:__PARA__L0-1.__PARA__L1-1.__PARA__L2-1.__PARA__L3-1.__PARA__L4-1.__PARA__L5-10.__PARA__L6-8.__PIPE__L0-off.__PIPE__L1-off.__PIPE__L3-NA.__TILE__L0-1.__TILE__L1-1.__TILE__L3-1,target,query,query,finetune_dataset,data_504.pt,419517.0,graphgps_lite,4,50,paper_exact_seed4,2.2875635623931885,2.2310171127319336,0.05654644966125488,0.03999999910593033,0.03524285554885864,0.004757143557071686,0.019999999552965164,0.020133495330810547,0.0001334957778453827,0.009999999776482582,-0.042059242725372314,0.05205924063920975,0.05000000074505806,0.22693674266338348,0.17693674564361572
9223f67909b2b538,gemver-medium,gemver-medium,lv2:__PARA__L0-1.__PARA__L1-1.__PARA__L2-1.__PARA__L3-1.__PARA__L4-1.__PARA__L5-10.__PARA__L6-20.__PIPE__L0-off.__PIPE__L1-off.__PIPE__L3-NA.__TILE__L0-1.__TILE__L1-1.__TILE__L3-1,target,query,query,finetune_dataset,data_494.pt,359217.0,graphgps_lite,4,50,paper_exact_seed4,2.3995003700256348,2.23925518989563,0.16024518013000488,0.07999999821186066,0.025528118014335632,0.054471880197525024,0.029999999329447746,0.010756567120552063,0.019243432208895683,0.019999999552965164,-0.06579691171646118,0.08579690754413605,0.05000000074505806,0.19109898805618286,0.1410989910364151
aa2e9802151958d2,gemver-medium,gemver-medium,lv2:__PARA__L0-1.__PARA__L1-1.__PARA__L2-1.__PARA__L3-1.__PARA__L4-1.__PARA__L5-10.__PARA__L6-2.__PIPE__L0-off.__PIPE__L1-off.__PIPE__L3-NA.__TILE__L0-1.__TILE__L1-1.__TILE__L3-1,target,query,query,finetune_dataset,data_492.pt,720213.0,graphgps_lite,4,50,paper_exact_seed4,1.8977162837982178,1.8448851108551025,0.052831172943115234,0.03999999910593033,-0.008721381425857544,0.04872138053178787,0.009999999776482582,-0.010053887963294983,0.020053887739777565,0.009999999776482582,-0.06869599223136902,0.07869599014520645,0.05000000074505806,0.2072298377752304,0.15722984075546265
a6d12815f059afc2,gemver-medium,gemver-medium,lv2:__PARA__L0-1.__PARA__L1-1.__PARA__L2-1.__PARA__L3-1.__PARA__L4-1.__PARA__L5-1.__PARA__L6-8.__PIPE__L0-flatten.__PIPE__L1-off.__PIPE__L3-off.__TILE__L0-1.__TILE__L1-1.__TILE__L3-1,target,query,query,finetune_dataset,data_483.pt,968303.0,graphgps_lite,4,50,paper_exact_seed4,1.6841988563537598,1.6371433734893799,0.04705548286437988,0.6600000262260437,0.7160391807556152,0.05603915452957153,0.41999998688697815,0.464016854763031,0.044016867876052856,1.2799999713897705,1.3270375728607178,0.047037601470947266,0.23999999463558197,0.2790507674217224,0.03905077278614044
9b6ded63e303dd42,gemver-medium,gemver-medium,lv2:__PARA__L0-1.__PARA__L1-1.__PARA__L2-1.__PARA__L3-1.__PARA__L4-1.__PARA__L5-4.__PARA__L6-10.__PIPE__L0-off.__PIPE__L1-off.__PIPE__L3-NA.__TILE__L0-1.__TILE__L1-1.__TILE__L3-1,target,query,query,finetune_dataset,data_556.pt,516869.0,graphgps_lite,4,50,paper_exact_seed4,2.137028694152832,2.143026351928711,0.005997657775878906,0.03999999910593033,0.015147745609283447,0.02485225349664688,0.019999999552965164,0.010613322257995605,0.009386677294969559,0.009999999776482582,-0.04074549674987793,0.05074549466371536,0.18000000715255737,0.22418905794620514,0.044189050793647766
9c8bd01095d1e0ca,gemver-medium,gemver-medium,lv2:__PARA__L0-1.__PARA__L1-1.__PARA__L2-1.__PARA__L3-1.__PARA__L4-1.__PARA__L5-5.__PARA__L6-8.__PIPE__L0-off.__PIPE__L1-off.__PIPE__L3-off.__TILE__L0-1.__TILE__L1-1.__TILE__L3-1,target,query,query,finetune_dataset,data_611.pt,504364.0,graphgps_lite,4,50,paper_exact_seed4,2.154695510864258,2.187091827392578,0.03239631652832031,0.029999999329447746,-0.00672990083694458,0.036729902029037476,0.009999999776482582,-0.001727268099784851,0.011727267876267433,0.0,-0.06048327684402466,0.06048327684402466,0.30000001192092896,0.20267561078071594,0.09732440114021301
2e8b186c17d162d3,gemver-medium,gemver-medium,lv2:__PARA__L0-1.__PARA__L1-1.__PARA__L2-1.__PARA__L3-1.__PARA__L4-1.__PARA__L5-2.__PARA__L6-32.__PIPE__L0-off.__PIPE__L1-off.__PIPE__L3-off.__TILE__L0-1.__TILE__L1-1.__TILE__L3-1,target,query,query,finetune_dataset,data_532.pt,707213.0,graphgps_lite,4,50,paper_exact_seed4,1.9108556509017944,1.9179941415786743,0.007138490676879883,0.03999999910593033,-0.030837655067443848,0.07083765417337418,0.019999999552965164,-0.027879297733306885,0.04787929728627205,0.019999999552965164,-0.08688759803771973,0.10688759386539459,0.18000000715255737,0.0838509351015091,0.09614907205104828
92b03a2db6f6bb51,gemver-medium,gemver-medium,lv2:__PARA__L0-1.__PARA__L1-1.__PARA__L2-1.__PARA__L3-1.__PARA__L4-1.__PARA__L5-1.__PARA__L6-1.__PIPE__L0-flatten.__PIPE__L1-off.__PIPE__L3-flatten.__TILE__L0-1.__TILE__L1-1.__TILE__L3-1,target,query,query,finetune_dataset,data_429.pt,851559.0,graphgps_lite,4,50,paper_exact_seed4,1.7768748998641968,1.735137701034546,0.04173719882965088,0.699999988079071,0.9969579577445984,0.29695796966552734,0.4699999988079071,0.6685015559196472,0.1985015571117401,1.2799999713897705,1.6129229068756104,0.33292293548583984,0.23999999463558197,0.2324179857969284,0.0075820088386535645
4ea6ce68b66ec41f,gemver-medium,gemver-medium,lv2:__PARA__L0-1.__PARA__L1-1.__PARA__L2-1.__PARA__L3-1.__PARA__L4-1.__PARA__L5-4.__PARA__L6-1.__PIPE__L0-off.__PIPE__L1-NA.__PIPE__L3-flatten.__TILE__L0-1.__TILE__L1-1.__TILE__L3-1,target,query,query,finetune_dataset,data_551.pt,424321.0,graphgps_lite,4,50,paper_exact_seed4,2.2793500423431396,2.1677417755126953,0.11160826683044434,0.5699999928474426,0.5522987842559814,0.01770120859146118,0.4000000059604645,0.341061532497406,0.05893847346305847,1.1100000143051147,0.8465667963027954,0.26343321800231934,0.4300000071525574,0.44503098726272583,0.015030980110168457
15a680d728ab4220,gemver-medium,gemver-medium,lv2:__PARA__L0-1.__PARA__L1-1.__PARA__L2-1.__PARA__L3-1.__PARA__L4-1.__PARA__L5-2.__PARA__L6-20.__PIPE__L0-flatten.__PIPE__L1-off.__PIPE__L3-off.__TILE__L0-1.__TILE__L1-1.__TILE__L3-1,target,query,query,finetune_dataset,data_524.pt,513973.0,graphgps_lite,4,50,paper_exact_seed4,2.1410818099975586,2.0398125648498535,0.10126924514770508,0.6800000071525574,0.6753557920455933,0.004644215106964111,0.41999998688697815,0.4425426423549652,0.02254265546798706,1.2799999713897705,1.2946093082427979,0.014609336853027344,0.23999999463558197,0.2755001187324524,0.03550012409687042
46f20070f755128c,gemver-medium,gemver-medium,lv2:__PARA__L0-1.__PARA__L1-1.__PARA__L2-1.__PARA__L3-1.__PARA__L4-1.__PARA__L5-1.__PARA__L6-1.__PIPE__L0-off.__PIPE__L1-flatten.__PIPE__L3-NA.__TILE__L0-1.__TILE__L1-1.__TILE__L3-8,target,query,query,finetune_dataset,data_431.pt,1091472.0,graphgps_lite,4,50,paper_exact_seed4,1.5978264808654785,1.5092883110046387,0.08853816986083984,0.6200000047683716,0.6330742835998535,0.013074278831481934,0.3100000023841858,0.32858413457870483,0.018584132194519043,0.6399999856948853,0.7904925346374512,0.15049254894256592,0.18000000715255737,0.2358216643333435,0.05582165718078613
5b9287120925f2a0,gemver-medium,gemver-medium,lv2:__PARA__L0-1.__PARA__L1-1.__PARA__L2-1.__PARA__L3-1.__PARA__L4-1.__PARA__L5-4.__PARA__L6-8.__PIPE__L0-off.__PIPE__L1-off.__PIPE__L3-off.__TILE__L0-1.__TILE__L1-1.__TILE__L3-1,target,query,query,finetune_dataset,data_591.pt,543213.0,graphgps_lite,4,50,paper_exact_seed4,2.1011691093444824,2.155777931213379,0.054608821868896484,0.029999999329447746,-0.012728571891784668,0.042728573083877563,0.009999999776482582,-0.00337943434715271,0.013379434123635292,0.0,-0.05992072820663452,0.05992072820663452,0.18000000715255737,0.18951573967933655,0.009515732526779175
fe1f6d87f4424e94,gemver-medium,gemver-medium,lv2:__PARA__L0-1.__PARA__L1-1.__PARA__L2-1.__PARA__L3-1.__PARA__L4-1.__PARA__L5-1.__PARA__L6-10.__PIPE__L0-flatten.__PIPE__L1-off.__PIPE__L3-off.__TILE__L0-1.__TILE__L1-1.__TILE__L3-1,target,query,query,finetune_dataset,data_437.pt,947503.0,graphgps_lite,4,50,paper_exact_seed4,1.6998628377914429,1.6100637912750244,0.08979904651641846,0.6700000166893005,0.705767035484314,0.03576701879501343,0.41999998688697815,0.46498164534568787,0.04498165845870972,1.2799999713897705,1.336181879043579,0.056181907653808594,0.23999999463558197,0.25729644298553467,0.017296448349952698
004efb321e4bf36a,gemver-medium,gemver-medium,lv2:__PARA__L0-1.__PARA__L1-1.__PARA__L2-1.__PARA__L3-1.__PARA__L4-1.__PARA__L5-8.__PARA__L6-1.__PIPE__L0-off.__PIPE__L1-off.__PIPE__L3-off.__TILE__L0-1.__TILE__L1-1.__TILE__L3-1,target,query,query,finetune_dataset,data_615.pt,1136812.0,graphgps_lite,4,50,paper_exact_seed4,1.5684672594070435,1.5814515352249146,0.012984275817871094,0.029999999329447746,-0.04285743832588196,0.07285743951797485,0.009999999776482582,-0.018375307321548462,0.028375307098031044,0.0,-0.073131263256073,0.073131263256073,0.28999999165534973,0.21733462810516357,0.07266536355018616
2cbb07715c8233d5,gemver-medium,gemver-medium,lv2:__PARA__L0-1.__PARA__L1-1.__PARA__L2-1.__PARA__L3-1.__PARA__L4-1.__PARA__L5-5.__PARA__L6-10.__PIPE__L0-off.__PIPE__L1-off.__PIPE__L3-off.__TILE__L0-1.__TILE__L1-1.__TILE__L3-1,target,query,query,finetune_dataset,data_595.pt,484364.0,graphgps_lite,4,50,paper_exact_seed4,2.183882236480713,2.19058895111084,0.006706714630126953,0.029999999329447746,-0.007094830274581909,0.037094831466674805,0.009999999776482582,-0.0036530494689941406,0.013653049245476723,0.0,-0.06627881526947021,0.06627881526947021,0.30000001192092896,0.1910678744316101,0.10893213748931885
9bd5be897febc88c,gemver-medium,gemver-medium,lv2:__PARA__L0-1.__PARA__L1-1.__PARA__L2-1.__PARA__L3-1.__PARA__L4-1.__PARA__L5-4.__PARA__L6-2.__PIPE__L0-off.__PIPE__L1-off.__PIPE__L3-off.__TILE__L0-1.__TILE__L1-1.__TILE__L3-1,target,query,query,finetune_dataset,data_565.pt,837213.0,graphgps_lite,4,50,paper_exact_seed4,1.789130687713623,1.9345948696136475,0.14546418190002441,0.029999999329447746,-0.04206022620201111,0.072060227394104,0.009999999776482582,-0.012526929378509521,0.022526929154992104,0.0,-0.0677034854888916,0.0677034854888916,0.18000000715255737,0.1845739483833313,0.004573941230773926
7fd996d84f497a6b,gemver-medium,gemver-medium,lv2:__PARA__L0-1.__PARA__L1-1.__PARA__L2-1.__PARA__L3-1.__PARA__L4-1.__PARA__L5-4.__PARA__L6-5.__PIPE__L0-flatten.__PIPE__L1-off.__PIPE__L3-NA.__TILE__L0-1.__TILE__L1-1.__TILE__L3-1,target,query,query,finetune_dataset,data_582.pt,428429.0,graphgps_lite,4,50,paper_exact_seed4,2.272400140762329,2.1792688369750977,0.09313130378723145,0.7400000095367432,0.7221705913543701,0.017829418182373047,0.44999998807907104,0.4666205942630768,0.016620606184005737,1.2799999713897705,1.2574326992034912,0.022567272186279297,0.4300000071525574,0.42963677644729614,0.00036323070526123047
3fe4d0313cca2a9b,gemver-medium,gemver-medium,lv2:__PARA__L0-1.__PARA__L1-1.__PARA__L2-1.__PARA__L3-1.__PARA__L4-2.__PARA__L5-1.__PARA__L6-8.__PIPE__L0-off.__PIPE__L1-flatten.__PIPE__L3-off.__TILE__L0-1.__TILE__L1-1.__TILE__L3-8,target,query,query,finetune_dataset,data_648.pt,310035.0,graphgps_lite,4,50,paper_exact_seed4,2.5057125091552734,2.563106060028076,0.057393550872802734,0.6100000143051147,0.6171200275421143,0.007120013236999512,0.3100000023841858,0.3320854902267456,0.022085487842559814,0.6399999856948853,0.7756401300430298,0.13564014434814453,0.18000000715255737,0.33222877979278564,0.15222877264022827
a55d7e185e11adb8,gemver-medium,gemver-medium,lv2:__PARA__L0-1.__PARA__L1-1.__PARA__L2-1.__PARA__L3-1.__PARA__L4-1.__PARA__L5-1.__PARA__L6-16.__PIPE__L0-flatten.__PIPE__L1-off.__PIPE__L3-off.__TILE__L0-1.__TILE__L1-1.__TILE__L3-1,target,query,query,finetune_dataset,data_442.pt,919503.0,graphgps_lite,4,50,paper_exact_seed4,1.7215009927749634,1.574196219444275,0.14730477333068848,0.6600000262260437,0.7012261748313904,0.04122614860534668,0.41999998688697815,0.4740191102027893,0.05401912331581116,1.2799999713897705,1.3658621311187744,0.0858621597290039,0.23999999463558197,0.22511450946331024,0.014885485172271729
8267c1b9533029a4,gemver-medium,gemver-medium,lv2:__PARA__L0-1.__PARA__L1-1.__PARA__L2-1.__PARA__L3-1.__PARA__L4-1.__PARA__L5-8.__PARA__L6-25.__PIPE__L0-off.__PIPE__L1-off.__PIPE__L3-NA.__TILE__L0-1.__TILE__L1-1.__TILE__L3-1,target,query,query,finetune_dataset,data_624.pt,371827.0,graphgps_lite,4,50,paper_exact_seed4,2.374612331390381,2.234333038330078,0.14027929306030273,0.07999999821186066,0.026353031396865845,0.05364696681499481,0.029999999329447746,0.007985949516296387,0.02201404981315136,0.019999999552965164,-0.05803108215332031,0.07803107798099518,0.05999999865889549,0.204851895570755,0.1448518931865692
a7c68a7cb4043184,gemver-medium,gemver-medium,lv2:__PARA__L0-1.__PARA__L1-1.__PARA__L2-1.__PARA__L3-1.__PARA__L4-1.__PARA__L5-2.__PARA__L6-5.__PIPE__L0-off.__PIPE__L1-off.__PIPE__L3-NA.__TILE__L0-1.__TILE__L1-1.__TILE__L3-1,target,query,query,finetune_dataset,data_541.pt,794469.0,graphgps_lite,4,50,paper_exact_seed4,1.826932668685913,1.904747486114502,0.07781481742858887,0.029999999329447746,0.008083760738372803,0.021916238591074944,0.009999999776482582,0.007790550589561462,0.0022094491869211197,0.0,-0.025277912616729736,0.025277912616729736,0.11999999731779099,0.18648838996887207,0.06648839265108109
ad4900e68c105b97,gemver-medium,gemver-medium,lv2:__PARA__L0-1.__PARA__L1-1.__PARA__L2-1.__PARA__L3-1.__PARA__L4-1.__PARA__L5-4.__PARA__L6-1.__PIPE__L0-off.__PIPE__L1-off.__PIPE__L3-off.__TILE__L0-1.__TILE__L1-1.__TILE__L3-1,target,query,query,finetune_dataset,data_553.pt,1233213.0,graphgps_lite,4,50,paper_exact_seed4,1.5097529888153076,1.6027934551239014,0.09304046630859375,0.029999999329447746,-0.04908686876296997,0.07908686995506287,0.009999999776482582,-0.015619248151779175,0.025619247928261757,0.0,-0.051867008209228516,0.051867008209228516,0.18000000715255737,0.22664229571819305,0.04664228856563568
d76b59724307206f,gemver-medium,gemver-medium,lv2:__PARA__L0-1.__PARA__L1-1.__PARA__L2-1.__PARA__L3-1.__PARA__L4-1.__PARA__L5-4.__PARA__L6-16.__PIPE__L0-off.__PIPE__L1-off.__PIPE__L3-off.__TILE__L0-1.__TILE__L1-1.__TILE__L3-1,target,query,query,finetune_dataset,data_561.pt,494813.0,graphgps_lite,4,50,paper_exact_seed4,2.1684863567352295,2.149352550506592,0.019133806228637695,0.029999999329447746,-0.016928821802139282,0.04692882299423218,0.009999999776482582,-0.009149700403213501,0.019149700179696083,0.009999999776482582,-0.07076415419578552,0.08076415210962296,0.18000000715255737,0.162762850522995,0.017237156629562378
b191ebbac7826eb3,gemver-medium,gemver-medium,lv2:__PARA__L0-1.__PARA__L1-1.__PARA__L2-1.__PARA__L3-1.__PARA__L4-1.__PARA__L5-1.__PARA__L6-5.__PIPE__L0-flatten.__PIPE__L1-off.__PIPE__L3-off.__TILE__L0-1.__TILE__L1-1.__TILE__L3-1,target,query,query,finetune_dataset,data_474.pt,1025103.0,graphgps_lite,4,50,paper_exact_seed4,1.6430796384811401,1.6598011255264282,0.016721487045288086,0.6700000166893005,0.7129353284835815,0.042935311794281006,0.41999998688697815,0.4621759057044983,0.04217591881752014,1.2799999713897705,1.3056247234344482,0.025624752044677734,0.23999999463558197,0.2904362678527832,0.05043627321720123
f1c328c827d09e9c,gemver-medium,gemver-medium,lv2:__PARA__L0-1.__PARA__L1-1.__PARA__L2-1.__PARA__L3-1.__PARA__L4-1.__PARA__L5-1.__PARA__L6-4.__PIPE__L0-flatten.__PIPE__L1-off.__PIPE__L3-off.__TILE__L0-1.__TILE__L1-1.__TILE__L3-1,target,query,query,finetune_dataset,data_466.pt,1065503.0,graphgps_lite,4,50,paper_exact_seed4,1.615196704864502,1.643167495727539,0.02797079086303711,0.6700000166893005,0.7060519456863403,0.036051928997039795,0.41999998688697815,0.458508163690567,0.03850817680358887,1.2799999713897705,1.2953648567199707,0.015364885330200195,0.23999999463558197,0.2849208414554596,0.044920846819877625
3b3eea8d09d234c1,gemver-medium,gemver-medium,lv2:__PARA__L0-1.__PARA__L1-1.__PARA__L2-1.__PARA__L3-1.__PARA__L4-1.__PARA__L5-4.__PARA__L6-25.__PIPE__L0-off.__PIPE__L1-off.__PIPE__L3-NA.__TILE__L0-1.__TILE__L1-1.__TILE__L3-1,target,query,query,finetune_dataset,data_572.pt,468629.0,graphgps_lite,4,50,paper_exact_seed4,2.207705020904541,2.1366868019104004,0.07101821899414062,0.05999999865889549,0.012659847736358643,0.04734015092253685,0.029999999329447746,0.005158841609954834,0.024841157719492912,0.019999999552965164,-0.04751241207122803,0.0675124078989029,0.28999999165534973,0.2006959319114685,0.08930405974388123
50ce49b321c5fefd,gemver-medium,gemver-medium,lv2:__PARA__L0-1.__PARA__L1-1.__PARA__L2-1.__PARA__L3-1.__PARA__L4-1.__PARA__L5-1.__PARA__L6-20.__PIPE__L0-off.__PIPE__L1-flatten.__PIPE__L3-off.__TILE__L0-1.__TILE__L1-1.__TILE__L3-8,target,query,query,finetune_dataset,data_453.pt,304465.0,graphgps_lite,4,50,paper_exact_seed4,2.5187900066375732,2.5285329818725586,0.009742975234985352,0.6200000047683716,0.6271957159042358,0.007195711135864258,0.3100000023841858,0.3388291001319885,0.028829097747802734,0.6399999856948853,0.8093010187149048,0.16930103302001953,0.25999999046325684,0.2633940577507019,0.0033940672874450684
1a6b958163ec4176,gemver-medium,gemver-medium,lv2:__PARA__L0-1.__PARA__L1-1.__PARA__L2-1.__PARA__L3-1.__PARA__L4-1.__PARA__L5-4.__PARA__L6-4.__PIPE__L0-flatten.__PIPE__L1-off.__PIPE__L3-NA.__TILE__L0-1.__TILE__L1-1.__TILE__L3-1,target,query,query,finetune_dataset,data_576.pt,468227.0,graphgps_lite,4,50,paper_exact_seed4,2.2083239555358887,2.1632585525512695,0.04506540298461914,0.7400000095367432,0.7178313732147217,0.022168636322021484,0.4399999976158142,0.46263331174850464,0.02263331413269043,1.2799999713897705,1.253303050994873,0.02669692039489746,0.4300000071525574,0.4218553900718689,0.008144617080688477
1e06e029d012209f,gemver-medium,gemver-medium,lv2:__PARA__L0-1.__PARA__L1-1.__PARA__L2-1.__PARA__L3-1.__PARA__L4-1.__PARA__L5-1.__PARA__L6-32.__PIPE__L0-flatten.__PIPE__L1-off.__PIPE__L3-off.__TILE__L0-1.__TILE__L1-1.__TILE__L3-1,target,query,query,finetune_dataset,data_461.pt,935103.0,graphgps_lite,4,50,paper_exact_seed4,1.7093654870986938,1.5672863721847534,0.14207911491394043,0.6700000166893005,0.6928106546401978,0.022810637950897217,0.4300000071525574,0.4758238196372986,0.04582381248474121,1.2799999713897705,1.3782508373260498,0.0982508659362793,0.23999999463558197,0.20671698451042175,0.03328301012516022
768cf60a93610532,gemver-medium,gemver-medium,lv2:__PARA__L0-1.__PARA__L1-1.__PARA__L2-1.__PARA__L3-1.__PARA__L4-1.__PARA__L5-1.__PARA__L6-8.__PIPE__L0-flatten.__PIPE__L1-off.__PIPE__L3-NA.__TILE__L0-1.__TILE__L1-1.__TILE__L3-1,target,query,query,finetune_dataset,data_482.pt,962465.0,graphgps_lite,4,50,paper_exact_seed4,1.6885610818862915,1.697214126586914,0.008653044700622559,0.6700000166893005,0.7336493730545044,0.06364935636520386,0.41999998688697815,0.471408873796463,0.05140888690948486,1.2899999618530273,1.3050811290740967,0.015081167221069336,0.23999999463558197,0.24324622750282288,0.0032462328672409058
ebd95f41307d86ed,gemver-medium,gemver-medium,lv2:__PARA__L0-1.__PARA__L1-1.__PARA__L2-1.__PARA__L3-1.__PARA__L4-1.__PARA__L5-2.__PARA__L6-1.__PIPE__L0-flatten.__PIPE__L1-off.__PIPE__L3-off.__TILE__L0-1.__TILE__L1-1.__TILE__L3-1,target,query,query,finetune_dataset,data_507.pt,1261573.0,graphgps_lite,4,50,paper_exact_seed4,1.4933521747589111,1.4289723634719849,0.06437981128692627,0.6499999761581421,0.6650945544242859,0.015094578266143799,0.41999998688697815,0.4440523386001587,0.024052351713180542,1.2799999713897705,1.32259202003479,0.04259204864501953,0.23999999463558197,0.2681470513343811,0.028147056698799133
2c080e6dbf4e1894,gemver-medium,gemver-medium,lv2:__PARA__L0-1.__PARA__L1-1.__PARA__L2-1.__PARA__L3-1.__PARA__L4-1.__PARA__L5-8.__PARA__L6-4.__PIPE__L0-off.__PIPE__L1-off.__PIPE__L3-off.__TILE__L0-1.__TILE__L1-1.__TILE__L3-1,target,query,query,finetune_dataset,data_628.pt,543612.0,graphgps_lite,4,50,paper_exact_seed4,2.1006393432617188,2.1759493350982666,0.07530999183654785,0.029999999329447746,0.002303481101989746,0.027696518227458,0.009999999776482582,-0.002506434917449951,0.012506434693932533,0.0,-0.05432075262069702,0.05432075262069702,0.28999999165534973,0.19921982288360596,0.09078016877174377
5c6ffb0bd9e5a3fc,gemver-medium,gemver-medium,lv2:__PARA__L0-1.__PARA__L1-1.__PARA__L2-1.__PARA__L3-1.__PARA__L4-1.__PARA__L5-2.__PARA__L6-1.__PIPE__L0-off.__PIPE__L1-off.__PIPE__L3-flatten.__TILE__L0-1.__TILE__L1-1.__TILE__L3-1,target,query,query,finetune_dataset,data_509.pt,624865.0,graphgps_lite,4,50,paper_exact_seed4,2.0001559257507324,1.9526723623275757,0.04748356342315674,0.41999998688697815,0.5477548241615295,0.1277548372745514,0.30000001192092896,0.3154681921005249,0.015468180179595947,0.6399999856948853,0.8382647037506104,0.1982647180557251,0.23999999463558197,0.34254181385040283,0.10254181921482086
8df81f2d5dd78bc5,gemver-medium,gemver-medium,lv2:__PARA__L0-1.__PARA__L1-1.__PARA__L2-1.__PARA__L3-1.__PARA__L4-1.__PARA__L5-5.__PARA__L6-64.__PIPE__L0-off.__PIPE__L1-off.__PIPE__L3-off.__TILE__L0-1.__TILE__L1-1.__TILE__L3-1,target,query,query,finetune_dataset,data_609.pt,462363.0,graphgps_lite,4,50,paper_exact_seed4,2.2174150943756104,2.221254825592041,0.003839731216430664,0.07999999821186066,0.04145859181880951,0.03854140639305115,0.03999999910593033,0.01402631402015686,0.025973685085773468,0.03999999910593033,-0.036325275897979736,0.07632527500391006,0.05999999865889549,0.08250011503696442,0.022500116378068924
858ff888300b806f,gemver-medium,gemver-medium,lv2:__PARA__L0-1.__PARA__L1-1.__PARA__L2-1.__PARA__L3-1.__PARA__L4-1.__PARA__L5-1.__PARA__L6-2.__PIPE__L0-off.__PIPE__L1-flatten.__PIPE__L3-off.__TILE__L0-1.__TILE__L1-1.__TILE__L3-8,target,query,query,finetune_dataset,data_448.pt,747465.0,graphgps_lite,4,50,paper_exact_seed4,1.8709250688552856,2.061835289001465,0.1909102201461792,0.6100000143051147,0.6004438400268555,0.009556174278259277,0.30000001192092896,0.30892568826675415,0.008925676345825195,0.6399999856948853,0.8065041899681091,0.16650420427322388,0.12999999523162842,0.25811588764190674,0.12811589241027832
47393fa60a317c60,gemver-medium,gemver-medium,lv2:__PARA__L0-1.__PARA__L1-1.__PARA__L2-1.__PARA__L3-1.__PARA__L4-1.__PARA__L5-1.__PARA__L6-5.__PIPE__L0-off.__PIPE__L1-off.__PIPE__L3-NA.__TILE__L0-1.__TILE__L1-1.__TILE__L3-1,target,query,query,finetune_dataset,data_476.pt,1190868.0,graphgps_lite,4,50,paper_exact_seed4,1.5349572896957397,1.6565719842910767,0.12161469459533691,0.029999999329447746,-0.0003949403762817383,0.030394939705729485,0.009999999776482582,0.008429616689682007,0.0015703830868005753,0.0,-0.03100237250328064,0.03100237250328064,0.11999999731779099,0.19163863360881805,0.07163863629102707
1a4bb6b034bde6c2,gemver-medium,gemver-medium,lv2:__PARA__L0-1.__PARA__L1-1.__PARA__L2-1.__PARA__L3-1.__PARA__L4-1.__PARA__L5-8.__PARA__L6-2.__PIPE__L0-off.__PIPE__L1-off.__PIPE__L3-off.__TILE__L0-1.__TILE__L1-1.__TILE__L3-1,target,query,query,finetune_dataset,data_621.pt,741212.0,graphgps_lite,4,50,paper_exact_seed4,1.87698495388031,2.0163354873657227,0.1393505334854126,0.029999999329447746,-0.026460647583007812,0.05646064877510071,0.009999999776482582,-0.02841182053089142,0.03841181844472885,0.0,-0.07287085056304932,0.07287085056304932,0.28999999165534973,0.1745058000087738,0.11549419164657593
979644bcd6761137,gemver-medium,gemver-medium,lv2:__PARA__L0-1.__PARA__L1-1.__PARA__L2-1.__PARA__L3-1.__PARA__L4-1.__PARA__L5-1.__PARA__L6-10.__PIPE__L0-off.__PIPE__L1-flatten.__PIPE__L3-off.__TILE__L0-1.__TILE__L1-1.__TILE__L3-8,target,query,query,finetune_dataset,data_438.pt,361465.0,graphgps_lite,4,50,paper_exact_seed4,2.3950002193450928,2.5537240505218506,0.1587238311767578,0.6100000143051147,0.6231812238693237,0.013181209564208984,0.3100000023841858,0.33582228422164917,0.02582228183746338,0.6399999856948853,0.7927398681640625,0.15273988246917725,0.1899999976158142,0.30399662256240845,0.11399662494659424
050828280a5cdd83,gemver-medium,gemver-medium,lv2:__PARA__L0-1.__PARA__L1-1.__PARA__L2-1.__PARA__L3-1.__PARA__L4-1.__PARA__L5-2.__PARA__L6-4.__PIPE__L0-off.__PIPE__L1-off.__PIPE__L3-NA.__TILE__L0-1.__TILE__L1-1.__TILE__L3-1,target,query,query,finetune_dataset,data_535.pt,833867.0,graphgps_lite,4,50,paper_exact_seed4,1.7920194864273071,1.8772332668304443,0.08521378040313721,0.029999999329447746,0.0057915449142456055,0.02420845441520214,0.009999999776482582,0.00902758538722992,0.0009724143892526627,0.0,-0.02336221933364868,0.02336221933364868,0.11999999731779099,0.18459662795066833,0.06459663063287735
41ded80c7ec4056e,gemver-medium,gemver-medium,lv2:__PARA__L0-1.__PARA__L1-1.__PARA__L2-1.__PARA__L3-1.__PARA__L4-1.__PARA__L5-1.__PARA__L6-2.__PIPE__L0-off.__PIPE__L1-off.__PIPE__L3-off.__TILE__L0-1.__TILE__L1-1.__TILE__L3-1,target,query,query,finetune_dataset,data_450.pt,1430412.0,graphgps_lite,4,50,paper_exact_seed4,1.402748703956604,1.5639301538467407,0.16118144989013672,0.019999999552965164,-0.06514191627502441,0.08514191210269928,0.009999999776482582,-0.023543640971183777,0.03354363888502121,0.0,-0.076121985912323,0.076121985912323,0.11999999731779099,0.174813911318779,0.05481391400098801
53ac0caa0da746c6,gemver-medium,gemver-medium,lv2:__PARA__L0-1.__PARA__L1-1.__PARA__L2-1.__PARA__L3-1.__PARA__L4-1.__PARA__L5-4.__PARA__L6-25.__PIPE__L0-flatten.__PIPE__L1-off.__PIPE__L3-NA.__TILE__L0-1.__TILE__L1-1.__TILE__L3-1,target,query,query,finetune_dataset,data_570.pt,299789.0,graphgps_lite,4,50,paper_exact_seed4,2.529954433441162,2.204258441925049,0.3256959915161133,0.7599999904632568,0.7243384718894958,0.035661518573760986,0.46000000834465027,0.4804421067237854,0.020442098379135132,1.2999999523162842,1.324782133102417,0.024782180786132812,0.4300000071525574,0.3788290023803711,0.05117100477218628
ac49c902d4aef2ec,gemver-medium,gemver-medium,lv2:__PARA__L0-1.__PARA__L1-1.__PARA__L2-1.__PARA__L3-1.__PARA__L4-1.__PARA__L5-2.__PARA__L6-8.__PIPE__L0-off.__PIPE__L1-off.__PIPE__L3-off.__TILE__L0-1.__TILE__L1-1.__TILE__L3-1,target,query,query,finetune_dataset,data_548.pt,739613.0,graphgps_lite,4,50,paper_exact_seed4,1.8785427808761597,1.9591679573059082,0.08062517642974854,0.029999999329447746,-0.025129318237304688,0.05512931942939758,0.009999999776482582,-0.022292539477348328,0.03229253739118576,0.0,-0.07194936275482178,0.07194936275482178,0.11999999731779099,0.13700644671916962,0.01700644940137863
7b44bab8e9ce85c5,gemver-medium,gemver-medium,lv2:__PARA__L0-1.__PARA__L1-1.__PARA__L2-1.__PARA__L3-1.__PARA__L4-2.__PARA__L5-1.__PARA__L6-64.__PIPE__L0-off.__PIPE__L1-flatten.__PIPE__L3-off.__TILE__L0-1.__TILE__L1-1.__TILE__L3-8,target,query,query,finetune_dataset,data_647.pt,210348.0,graphgps_lite,4,50,paper_exact_seed4,2.785539150238037,2.654416561126709,0.13112258911132812,0.6499999761581421,0.6477194428443909,0.0022805333137512207,0.33000001311302185,0.36112818121910095,0.0311281681060791,0.6800000071525574,0.880862832069397,0.2008628249168396,0.36000001430511475,0.22152891755104065,0.1384710967540741
92991a91512690d7,trmm-opt,trmm-opt,lv2:__PARA__L0-2.__PARA__L1-2.__PARA__L2-1.__PIPE__L0-off.__PIPE__L1-flatten.__TILE__L0-1.__TILE__L1-1,target,query,query,finetune_dataset,data_1119.pt,6878.0,graphgps_lite,4,50,paper_exact_seed4,5.252861499786377,4.936336994171143,0.3165245056152344,0.3499999940395355,0.2857756018638611,0.06422439217567444,2.509999990463257,2.221294403076172,0.28870558738708496,0.3799999952316284,0.3252839744091034,0.054716020822525024,0.009999999776482582,0.008187279105186462,0.0018127206712961197
c7e892bf04674ff8,trmm-opt,trmm-opt,lv2:__PARA__L0-1.__PARA__L1-1.__PARA__L2-15.__PIPE__L0-off.__PIPE__L1-off.__TILE__L0-1.__TILE__L1-1,target,query,query,finetune_dataset,data_1045.pt,337647.0,graphgps_lite,4,50,paper_exact_seed4,2.4441702365875244,2.1916117668151855,0.25255846977233887,0.029999999329447746,0.052917659282684326,0.02291765995323658,0.009999999776482582,0.024394020438194275,0.014394020661711693,0.0,0.004493802785873413,0.004493802785873413,0.03999999910593033,0.043943047523498535,0.003943048417568207
e58b26e6ce22b5cf,trmm-opt,trmm-opt,lv2:__PARA__L0-1.__PARA__L1-1.__PARA__L2-4.__PIPE__L0-off.__PIPE__L1-off.__TILE__L0-60.__TILE__L1-1,target,query,query,finetune_dataset,data_1064.pt,553647.0,graphgps_lite,4,50,paper_exact_seed4,2.08744478225708,2.2483973503112793,0.16095256805419922,0.0,-0.018694758415222168,0.018694758415222168,0.0,-8.216500282287598e-05,8.216500282287598e-05,0.0,-0.023513197898864746,0.023513197898864746,0.019999999552965164,0.03436397761106491,0.014363978058099747
dd30a5fa0985ba22,trmm-opt,trmm-opt,lv2:__PARA__L0-2.__PARA__L1-10.__PARA__L2-1.__PIPE__L0-off.__PIPE__L1-flatten.__TILE__L0-1.__TILE__L1-1,target,query,query,finetune_dataset,data_1117.pt,5917.0,graphgps_lite,4,50,paper_exact_seed4,5.361423015594482,4.789737701416016,0.5716853141784668,1.0800000429153442,1.0387203693389893,0.04127967357635498,3.630000114440918,3.2937872409820557,0.3362128734588623,1.899999976158142,1.7848379611968994,0.11516201496124268,0.0,0.007632166147232056,0.007632166147232056
768ea1e341a9dfd2,trmm-opt,trmm-opt,lv2:__PARA__L0-1.__PARA__L1-4.__PARA__L2-1.__PIPE__L0-off.__PIPE__L1-flatten.__TILE__L0-60.__TILE__L1-1,target,query,query,finetune_dataset,data_1103.pt,26069.0,graphgps_lite,4,50,paper_exact_seed4,4.291724681854248,4.008952617645264,0.2827720642089844,0.30000001192092896,0.27432602643966675,0.025673985481262207,0.15000000596046448,0.13063272833824158,0.0193672776222229,0.3799999952316284,0.3807675242424011,0.0007675290107727051,0.009999999776482582,0.011621810495853424,0.001621810719370842
b504309409dda6ca,trmm-opt,trmm-opt,lv2:__PARA__L0-1.__PARA__L1-5.__PARA__L2-60.__PIPE__L0-off.__PIPE__L1-off.__TILE__L0-1.__TILE__L1-1,target,query,query,finetune_dataset,data_1110.pt,33032.0,graphgps_lite,4,50,paper_exact_seed4,4.120959758758545,4.0966105461120605,0.024349212646484375,0.30000001192092896,0.31227606534957886,0.012276053428649902,0.17000000178813934,0.1665019690990448,0.0034980326890945435,0.47999998927116394,0.41204550862312317,0.06795448064804077,0.009999999776482582,0.02562837302684784,0.015628373250365257
56fb027c5c12b299,trmm-opt,trmm-opt,lv2:__PARA__L0-1.__PARA__L1-1.__PARA__L2-3.__PIPE__L0-off.__PIPE__L1-off.__TILE__L0-1.__TILE__L1-80,target,query,query,finetune_dataset,data_1055.pt,644847.0,graphgps_lite,4,50,paper_exact_seed4,1.977449655532837,1.728078842163086,0.24937081336975098,0.0,0.011931151151657104,0.011931151151657104,0.0,0.0038984566926956177,0.0038984566926956177,0.0,0.001463860273361206,0.001463860273361206,0.019999999552965164,0.03472372889518738,0.014723729342222214
96d5a336f660ed0e,trmm-opt,trmm-opt,lv2:__PARA__L0-1.__PARA__L1-1.__PARA__L2-3.__PIPE__L0-off.__PIPE__L1-off.__TILE__L0-1.__TILE__L1-1,target,query,query,finetune_dataset,data_1054.pt,644847.0,graphgps_lite,4,50,paper_exact_seed4,1.977449655532837,1.7949323654174805,0.18251729011535645,0.0,-0.002181440591812134,0.002181440591812134,0.0,0.010520681738853455,0.010520681738853455,0.0,-0.0068552494049072266,0.0068552494049072266,0.019999999552965164,0.029690712690353394,0.00969071313738823
fea06b686af69e52,trmm-opt,trmm-opt,lv2:__PARA__L0-1.__PARA__L1-2.__PARA__L2-1.__PIPE__L0-off.__PIPE__L1-flatten.__TILE__L0-60.__TILE__L1-1,target,query,query,finetune_dataset,data_1090.pt,29669.0,graphgps_lite,4,50,paper_exact_seed4,4.198413848876953,4.001400947570801,0.19701290130615234,0.20999999344348907,0.17890718579292297,0.0310928076505661,0.09000000357627869,0.08139973878860474,0.00860026478767395,0.1899999976158142,0.19047346711158752,0.00047346949577331543,0.009999999776482582,-0.017686739563941956,0.027686739340424538
b2b5817237c5da37,trmm-opt,trmm-opt,lv2:__PARA__L0-1.__PARA__L1-1.__PARA__L2-16.__PIPE__L0-off.__PIPE__L1-off.__TILE__L0-1.__TILE__L1-80,target,query,query,finetune_dataset,data_1049.pt,654701.0,graphgps_lite,4,50,paper_exact_seed4,1.9665100574493408,2.435122489929199,0.4686124324798584,0.029999999329447746,0.04838965833187103,0.018389659002423286,0.009999999776482582,0.01424950361251831,0.0042495038360357285,0.009999999776482582,-0.007624626159667969,0.01762462593615055,0.03999999910593033,0.03260178118944168,0.0073982179164886475
9c2cf59629e7f453,trmm-opt,trmm-opt,lv2:__PARA__L0-1.__PARA__L1-4.__PARA__L2-60.__PIPE__L0-off.__PIPE__L1-NA.__TILE__L0-1.__TILE__L1-1,target,query,query,finetune_dataset,data_1104.pt,26069.0,graphgps_lite,4,50,paper_exact_seed4,4.291724681854248,4.107950687408447,0.18377399444580078,0.30000001192092896,0.281997948884964,0.018002063035964966,0.15000000596046448,0.16857275366783142,0.018572747707366943,0.3799999952316284,0.41177231073379517,0.03177231550216675,0.009999999776482582,0.026089660823345184,0.016089661046862602
f8679f7ce3046dcc,trmm-opt,trmm-opt,lv2:__PARA__L0-1.__PARA__L1-20.__PARA__L2-1.__PIPE__L0-off.__PIPE__L1-flatten.__TILE__L0-1.__TILE__L1-1,target,query,query,finetune_dataset,data_1095.pt,25107.0,graphgps_lite,4,50,paper_exact_seed4,4.318847179412842,4.325193405151367,0.006346225738525391,1.159999966621399,1.0490281581878662,0.11097180843353271,0.6800000071525574,0.7039377093315125,0.023937702178955078,1.9199999570846558,1.7048311233520508,0.21516883373260498,0.0,0.008821435272693634,0.008821435272693634
56b873dc6e449cf7,trmm-opt,trmm-opt,lv2:__PARA__L0-1.__PARA__L1-1.__PARA__L2-16.__PIPE__L0-off.__PIPE__L1-off.__TILE__L0-60.__TILE__L1-1,target,query,query,finetune_dataset,data_1050.pt,654701.0,graphgps_lite,4,50,paper_exact_seed4,1.9665100574493408,2.3363049030303955,0.3697948455810547,0.029999999329447746,0.06333339214324951,0.033333390951156616,0.009999999776482582,0.0291292667388916,0.01912926696240902,0.009999999776482582,0.023944944143295288,0.013944944366812706,0.03999999910593033,0.04167977720499039,0.0016797780990600586
9f7b7b5cedfda7ff,trmm-opt,trmm-opt,lv2:__PARA__L0-1.__PARA__L1-1.__PARA__L2-32.__PIPE__L0-off.__PIPE__L1-off.__TILE__L0-60.__TILE__L1-1,target,query,query,finetune_dataset,data_1061.pt,1029341.0,graphgps_lite,4,50,paper_exact_seed4,1.6401035785675049,2.323730945587158,0.6836273670196533,0.10999999940395355,0.09813839197158813,0.011861607432365417,0.029999999329447746,0.028641894459724426,0.00135810486972332,0.019999999552965164,0.02386721968650818,0.0038672201335430145,0.009999999776482582,0.03164026141166687,0.021640261635184288
f9f2f71ec25fe3fb,trmm-opt,trmm-opt,lv2:__PARA__L0-6.__PARA__L1-8.__PARA__L2-1.__PIPE__L0-off.__PIPE__L1-flatten.__TILE__L0-1.__TILE__L1-1,target,query,query,finetune_dataset,data_1136.pt,4592.0,graphgps_lite,4,50,paper_exact_seed4,5.544294834136963,5.027359485626221,0.5169353485107422,2.2699999809265137,2.238862991333008,0.03113698959350586,11.029999732971191,10.981976509094238,0.048023223876953125,4.409999847412109,4.563772201538086,0.15377235412597656,0.0,0.0013924390077590942,0.0013924390077590942
797d243708fe4540,trmm-opt,trmm-opt,lv2:__PARA__L0-2.__PARA__L1-16.__PARA__L2-1.__PIPE__L0-off.__PIPE__L1-flatten.__TILE__L0-1.__TILE__L1-1,target,query,query,finetune_dataset,data_1118.pt,3428.0,graphgps_lite,4,50,paper_exact_seed4,5.7551727294921875,5.110489845275879,0.6446828842163086,1.7200000286102295,1.8368784189224243,0.11687839031219482,5.809999942779541,6.798572540283203,0.9885725975036621,3.0399999618530273,3.4351656436920166,0.39516568183898926,0.009999999776482582,0.01163385808467865,0.0016338583081960678
012450940dcf011f,trmm-opt,trmm-opt,lv2:__PARA__L0-10.__PARA__L1-8.__PARA__L2-1.__PIPE__L0-off.__PIPE__L1-flatten.__TILE__L0-1.__TILE__L1-1,target,query,query,finetune_dataset,data_1115.pt,5403.0,graphgps_lite,4,50,paper_exact_seed4,5.426975727081299,4.995835304260254,0.4311404228210449,3.549999952316284,3.6498894691467285,0.09988951683044434,16.1299991607666,15.736329078674316,0.39367008209228516,7.099999904632568,7.4204607009887695,0.32046079635620117,0.0,0.023727968335151672,0.023727968335151672
6de8d03a4e24deea,trmm-opt,trmm-opt,lv2:__PARA__L0-4.__PARA__L1-10.__PARA__L2-1.__PIPE__L0-off.__PIPE__L1-flatten.__TILE__L0-1.__TILE__L1-1,target,query,query,finetune_dataset,data_1129.pt,6450.0,graphgps_lite,4,50,paper_exact_seed4,5.299206733703613,5.289957523345947,0.009249210357666016,1.9600000381469727,1.8126424551010132,0.14735758304595947,9.279999732971191,9.00583553314209,0.27416419982910156,3.740000009536743,3.584245204925537,0.15575480461120605,0.0,0.007645018398761749,0.007645018398761749
2daee5e30c354acd,trmm-opt,trmm-opt,lv2:__PARA__L0-1.__PARA__L1-1.__PARA__L2-12.__PIPE__L0-off.__PIPE__L1-off.__TILE__L0-1.__TILE__L1-1,target,query,query,finetune_dataset,data_1042.pt,337647.0,graphgps_lite,4,50,paper_exact_seed4,2.4441702365875244,2.218114137649536,0.22605609893798828,0.009999999776482582,0.046600863337516785,0.03660086542367935,0.0,0.022190570831298828,0.022190570831298828,0.0,0.010800957679748535,0.010800957679748535,0.05999999865889549,0.045870572328567505,0.014129426330327988
491e9d6fa5be4ef8,trmm-opt,trmm-opt,lv2:__PARA__L0-4.__PARA__L1-5.__PARA__L2-1.__PIPE__L0-off.__PIPE__L1-flatten.__TILE__L0-1.__TILE__L1-1,target,query,query,finetune_dataset,data_1133.pt,11375.0,graphgps_lite,4,50,paper_exact_seed4,4.88995885848999,5.405556678771973,0.5155978202819824,1.0,1.02178955078125,0.02178955078125,4.650000095367432,6.897662162780762,2.24766206741333,1.8700000047683716,1.8845231533050537,0.014523148536682129,0.009999999776482582,-0.0035316497087478638,0.013531649485230446
0ad3de1578edcf04,trmm-opt,trmm-opt,lv2:__PARA__L0-1.__PARA__L1-10.__PARA__L2-1.__PIPE__L0-off.__PIPE__L1-flatten.__TILE__L0-60.__TILE__L1-1,target,query,query,finetune_dataset,data_1080.pt,27747.0,graphgps_lite,4,50,paper_exact_seed4,4.246726036071777,4.056539535522461,0.1901865005493164,0.5899999737739563,0.571986198425293,0.01801377534866333,0.3400000035762787,0.32553377747535706,0.01446622610092163,0.9599999785423279,0.820980966091156,0.13901901245117188,0.0,0.007851757109165192,0.007851757109165192
d3f2f466ee008af5,trmm-opt,trmm-opt,lv2:__PARA__L0-1.__PARA__L1-2.__PARA__L2-60.__PIPE__L0-off.__PIPE__L1-NA.__TILE__L0-1.__TILE__L1-1,target,query,query,finetune_dataset,data_1091.pt,29669.0,graphgps_lite,4,50,paper_exact_seed4,4.198413848876953,4.217018127441406,0.018604278564453125,0.20999999344348907,0.20446841418743134,0.005531579256057739,0.09000000357627869,0.11592229455709457,0.025922290980815887,0.1899999976158142,0.1460576355457306,0.04394236207008362,0.009999999776482582,0.01681271195411682,0.006812712177634239
6c63a264071adcb0,trmm-opt,trmm-opt,lv2:__PARA__L0-1.__PARA__L1-10.__PARA__L2-1.__PIPE__L0-off.__PIPE__L1-flatten.__TILE__L0-1.__TILE__L1-1,target,query,query,finetune_dataset,data_1078.pt,27747.0,graphgps_lite,4,50,paper_exact_seed4,4.246726036071777,4.185619354248047,0.06110668182373047,0.5899999737739563,0.5424058437347412,0.04759413003921509,0.3400000035762787,0.2976132929325104,0.04238671064376831,0.9599999785423279,0.7963703274726868,0.1636296510696411,0.0,0.00881950557231903,0.00881950557231903
bcd63bbfbc19eef7,trmm-opt,trmm-opt,lv2:__PARA__L0-1.__PARA__L1-1.__PARA__L2-32.__PIPE__L0-off.__PIPE__L1-off.__TILE__L0-1.__TILE__L1-80,target,query,query,finetune_dataset,data_1060.pt,1029341.0,graphgps_lite,4,50,paper_exact_seed4,1.6401035785675049,2.441349506378174,0.801245927810669,0.10999999940395355,0.08895395696163177,0.021046042442321777,0.029999999329447746,0.03379906713962555,0.003799067810177803,0.019999999552965164,0.0011161267757415771,0.018883872777223587,0.009999999776482582,0.031779468059539795,0.021779468283057213
6bc3aa7c10c618da,trmm-opt,trmm-opt,lv2:__PARA__L0-1.__PARA__L1-10.__PARA__L2-60.__PIPE__L0-off.__PIPE__L1-off.__TILE__L0-1.__TILE__L1-1,target,query,query,finetune_dataset,data_1083.pt,27747.0,graphgps_lite,4,50,paper_exact_seed4,4.246726036071777,4.201539993286133,0.04518604278564453,0.5899999737739563,0.6233848333358765,0.033384859561920166,0.3400000035762787,0.310895711183548,0.029104292392730713,0.9599999785423279,0.9340922236442566,0.02590775489807129,0.0,0.01489073783159256,0.01489073783159256
266d2385aa651e25,trmm-opt,trmm-opt,lv2:__PARA__L0-1.__PARA__L1-1.__PARA__L2-15.__PIPE__L0-off.__PIPE__L1-off.__TILE__L0-1.__TILE__L1-80,target,query,query,finetune_dataset,data_1046.pt,337647.0,graphgps_lite,4,50,paper_exact_seed4,2.4441702365875244,2.435189723968506,0.008980512619018555,0.029999999329447746,0.04542596638202667,0.015425967052578926,0.009999999776482582,0.012748181819915771,0.0027481820434331894,0.0,-0.01019054651260376,0.01019054651260376,0.03999999910593033,0.03330346941947937,0.006696529686450958
e8ee9d2efff88896,trmm-opt,trmm-opt,lv2:__PARA__L0-1.__PARA__L1-1.__PARA__L2-5.__PIPE__L0-off.__PIPE__L1-off.__TILE__L0-1.__TILE__L1-80,target,query,query,finetune_dataset,data_1066.pt,486447.0,graphgps_lite,4,50,paper_exact_seed4,2.1807868480682373,2.171085834503174,0.009701013565063477,0.009999999776482582,0.008836299180984497,0.001163700595498085,0.0,0.00453011691570282,0.00453011691570282,0.0,-0.007983297109603882,0.007983297109603882,0.029999999329447746,0.036962300539016724,0.006962301209568977
0a794b6a50ac753a,trmm-opt,trmm-opt,lv2:__PARA__L0-2.__PARA__L1-5.__PARA__L2-1.__PIPE__L0-off.__PIPE__L1-flatten.__TILE__L0-1.__TILE__L1-1,target,query,query,finetune_dataset,data_1122.pt,10962.0,graphgps_lite,4,50,paper_exact_seed4,4.9166364669799805,4.810585975646973,0.10605049133300781,0.5699999928474426,0.5543933510780334,0.01560664176940918,1.8200000524520874,2.137448310852051,0.3174482583999634,0.949999988079071,0.7303206920623779,0.21967929601669312,0.009999999776482582,0.005557164549827576,0.004442835226655006
084c86c4ad3639ac,trmm-opt,trmm-opt,lv2:__PARA__L0-4.__PARA__L1-8.__PARA__L2-1.__PIPE__L0-off.__PIPE__L1-flatten.__TILE__L0-1.__TILE__L1-1,target,query,query,finetune_dataset,data_1134.pt,3180.0,graphgps_lite,4,50,paper_exact_seed4,5.809342861175537,5.354462146759033,0.4548807144165039,1.5700000524520874,1.4613794088363647,0.10862064361572266,7.429999828338623,7.7410054206848145,0.3110055923461914,2.990000009536743,2.7804040908813477,0.2095959186553955,0.009999999776482582,0.006406866014003754,0.0035931337624788284
0d84e7faa73503ba,trmm-opt,trmm-opt,lv2:__PARA__L0-1.__PARA__L1-1.__PARA__L2-60.__PIPE__L0-off.__PIPE__L1-off.__TILE__L0-60.__TILE__L1-1,target,query,query,finetune_dataset,data_1074.pt,246747.0,graphgps_lite,4,50,paper_exact_seed4,2.6704118251800537,2.990532398223877,0.32012057304382324,0.10999999940395355,0.11412616074085236,0.004126161336898804,0.029999999329447746,0.02168518304824829,0.008314816281199455,0.009999999776482582,0.06084983050823212,0.050849832594394684,0.009999999776482582,0.021668627858161926,0.011668628081679344
5a13180d9acfa19b,trmm-opt,trmm-opt,lv2:__PARA__L0-2.__PARA__L1-4.__PARA__L2-1.__PIPE__L0-off.__PIPE__L1-flatten.__TILE__L0-1.__TILE__L1-1,target,query,query,finetune_dataset,data_1121.pt,4480.0,graphgps_lite,4,50,paper_exact_seed4,5.562106609344482,4.837043285369873,0.7250633239746094,0.5299999713897705,0.4765740931034088,0.053425878286361694,2.6500000953674316,2.1148886680603027,0.5351114273071289,0.7599999904632568,0.5984437465667725,0.16155624389648438,0.009999999776482582,0.005251199007034302,0.00474880076944828
f278c9e062916ff7,trmm-opt,trmm-opt,lv2:__PARA__L0-1.__PARA__L1-2.__PARA__L2-60.__PIPE__L0-off.__PIPE__L1-off.__TILE__L0-60.__TILE__L1-1,target,query,query,finetune_dataset,data_1094.pt,29669.0,graphgps_lite,4,50,paper_exact_seed4,4.198413848876953,4.1572041511535645,0.04120969772338867,0.20999999344348907,0.18257838487625122,0.027421608567237854,0.09000000357627869,0.07281841337680817,0.01718159019947052,0.1899999976158142,0.13784673810005188,0.05215325951576233,0.009999999776482582,0.019587472081184387,0.009587472304701805
1a7e0a8e6ee306d4,trmm-opt,trmm-opt,lv2:__PARA__L0-1.__PARA__L1-5.__PARA__L2-1.__PIPE__L0-off.__PIPE__L1-flatten.__TILE__L0-1.__TILE__L1-1,target,query,query,finetune_dataset,data_1107.pt,33032.0,graphgps_lite,4,50,paper_exact_seed4,4.120959758758545,4.189347743988037,0.06838798522949219,0.30000001192092896,0.3125358819961548,0.01253587007522583,0.17000000178813934,0.1683349311351776,0.001665070652961731,0.47999998927116394,0.4482921361923218,0.03170785307884216,0.009999999776482582,0.008983254432678223,0.0010167453438043594
7d8b6b4e1afa7428,trmm-opt,trmm-opt,lv2:__PARA__L0-1.__PARA__L1-16.__PARA__L2-60.__PIPE__L0-off.__PIPE__L1-NA.__TILE__L0-1.__TILE__L1-1,target,query,query,finetune_dataset,data_1087.pt,24267.0,graphgps_lite,4,50,paper_exact_seed4,4.3433942794799805,4.123970985412598,0.2194232940673828,0.9399999976158142,0.9578396677970886,0.017839670181274414,0.550000011920929,0.5478858947753906,0.00211411714553833,1.5299999713897705,1.6059746742248535,0.07597470283508301,0.009999999776482582,0.01398785412311554,0.0039878543466329575
1747dfcaa081a2a5,trmm-opt,trmm-opt,lv2:__PARA__L0-1.__PARA__L1-1.__PARA__L2-4.__PIPE__L0-off.__PIPE__L1-off.__TILE__L0-1.__TILE__L1-1,target,query,query,finetune_dataset,data_1062.pt,553647.0,graphgps_lite,4,50,paper_exact_seed4,2.08744478225708,1.9961968660354614,0.09124791622161865,0.0,-0.0070116519927978516,0.0070116519927978516,0.0,0.005181148648262024,0.005181148648262024,0.0,-0.009353846311569214,0.009353846311569214,0.019999999552965164,0.03071141242980957,0.010711412876844406
32c04c480aaeaca8,trmm-opt,trmm-opt,lv2:__PARA__L0-1.__PARA__L1-8.__PARA__L2-1.__PIPE__L0-off.__PIPE__L1-flatten.__TILE__L0-60.__TILE__L1-1,target,query,query,finetune_dataset,data_1112.pt,24567.0,graphgps_lite,4,50,paper_exact_seed4,4.334531307220459,4.044627666473389,0.2899036407470703,0.4699999988079071,0.4421353340148926,0.027864664793014526,0.2800000011920929,0.25117114186286926,0.028828859329223633,0.7599999904632568,0.6087766885757446,0.1512233018875122,0.009999999776482582,0.008419543504714966,0.0015804562717676163
af60c08335618b2a,trmm-opt,trmm-opt,lv2:__PARA__L0-2.__PARA__L1-8.__PARA__L2-1.__PIPE__L0-off.__PIPE__L1-flatten.__TILE__L0-1.__TILE__L1-1,target,query,query,finetune_dataset,data_1123.pt,3578.0,graphgps_lite,4,50,paper_exact_seed4,5.724279403686523,4.775360107421875,0.9489192962646484,0.8799999952316284,0.7951433062553406,0.08485668897628784,2.9100000858306885,2.517608165740967,0.3923919200897217,1.5199999809265137,1.2257590293884277,0.29424095153808594,0.009999999776482582,0.006975576281547546,0.0030244234949350357
0e6736a5102ad242,trmm-opt,trmm-opt,lv2:__PARA__L0-4.__PARA__L1-2.__PARA__L2-1.__PIPE__L0-off.__PIPE__L1-flatten.__TILE__L0-1.__TILE__L1-1,target,query,query,finetune_dataset,data_1131.pt,6932.0,graphgps_lite,4,50,paper_exact_seed4,5.247220516204834,5.258686065673828,0.01146554946899414,0.5199999809265137,0.551206111907959,0.031206130981445312,6.71999979019165,5.954259395599365,0.7657403945922852,0.7400000095367432,0.741401195526123,0.0014011859893798828,0.009999999776482582,0.03841377794742584,0.02841377817094326
98a61e0d484cdec1,trmm-opt,trmm-opt,lv2:__PARA__L0-1.__PARA__L1-1.__PARA__L2-10.__PIPE__L0-off.__PIPE__L1-off.__TILE__L0-1.__TILE__L1-80,target,query,query,finetune_dataset,data_1040.pt,366447.0,graphgps_lite,4,50,paper_exact_seed4,2.3851258754730225,2.4309353828430176,0.04580950736999512,0.009999999776482582,0.0427715927362442,0.03277159482240677,0.0,0.013128921389579773,0.013128921389579773,0.0,-0.009959220886230469,0.009959220886230469,0.05000000074505806,0.03931686282157898,0.01068313792347908
935f051a2bb8fa64,trmm-opt,trmm-opt,lv2:__PARA__L0-1.__PARA__L1-1.__PARA__L2-6.__PIPE__L0-off.__PIPE__L1-off.__TILE__L0-1.__TILE__L1-1,target,query,query,finetune_dataset,data_1067.pt,428847.0,graphgps_lite,4,50,paper_exact_seed4,2.2716965675354004,2.1851706504821777,0.08652591705322266,0.009999999776482582,-0.003961354494094849,0.01396135427057743,0.0,0.0028444379568099976,0.0028444379568099976,0.0,-0.0024137496948242188,0.0024137496948242188,0.029999999329447746,0.03431478142738342,0.004314782097935677
44c346e1646bb5f3,trmm-opt,trmm-opt,lv2:__PARA__L0-1.__PARA__L1-8.__PARA__L2-60.__PIPE__L0-off.__PIPE__L1-NA.__TILE__L0-1.__TILE__L1-1,target,query,query,finetune_dataset,data_1113.pt,24567.0,graphgps_lite,4,50,paper_exact_seed4,4.334531307220459,4.074448108673096,0.2600831985473633,0.4699999988079071,0.44503384828567505,0.024966150522232056,0.2800000011920929,0.23726946115493774,0.04273054003715515,0.7599999904632568,0.6881576776504517,0.07184231281280518,0.009999999776482582,0.022738590836524963,0.012738591060042381
e8704854c86a857c,trmm-opt,trmm-opt,lv2:__PARA__L0-1.__PARA__L1-4.__PARA__L2-60.__PIPE__L0-off.__PIPE__L1-off.__TILE__L0-1.__TILE__L1-1,target,query,query,finetune_dataset,data_1105.pt,26069.0,graphgps_lite,4,50,paper_exact_seed4,4.291724681854248,4.1268744468688965,0.16485023498535156,0.30000001192092896,0.27799028158187866,0.022009730339050293,0.15000000596046448,0.14429311454296112,0.005706891417503357,0.3799999952316284,0.34274232387542725,0.03725767135620117,0.009999999776482582,0.025333821773529053,0.01533382199704647
8566ffa0d50d6e7f,trmm-opt,trmm-opt,lv2:__PARA__L0-3.__PARA__L1-4.__PARA__L2-1.__PIPE__L0-off.__PIPE__L1-flatten.__TILE__L0-1.__TILE__L1-1,target,query,query,finetune_dataset,data_1127.pt,6430.0,graphgps_lite,4,50,paper_exact_seed4,5.301446914672852,5.199380397796631,0.1020665168762207,0.699999988079071,0.6788985133171082,0.02110147476196289,4.949999809265137,4.7411675453186035,0.2088322639465332,1.1299999952316284,1.1632112264633179,0.03321123123168945,0.009999999776482582,0.015633895993232727,0.005633896216750145
a77626f013493590,trmm-opt,trmm-opt,lv2:__PARA__L0-1.__PARA__L1-1.__PARA__L2-30.__PIPE__L0-off.__PIPE__L1-off.__TILE__L0-1.__TILE__L1-1,target,query,query,finetune_dataset,data_1056.pt,284847.0,graphgps_lite,4,50,paper_exact_seed4,2.5668344497680664,2.034583330154419,0.5322511196136475,0.10000000149011612,0.08983652293682098,0.010163478553295135,0.03999999910593033,0.04412098228931427,0.004120983183383942,0.009999999776482582,0.0014451146125793457,0.008554885163903236,0.009999999776482582,0.029932335019111633,0.01993233524262905
6e0a0a1e679ea7de,trmm-opt,trmm-opt,lv2:__PARA__L0-1.__PARA__L1-1.__PARA__L2-60.__PIPE__L0-off.__PIPE__L1-NA.__TILE__L0-1.__TILE__L1-1,target,query,query,finetune_dataset,data_1069.pt,9387.0,graphgps_lite,4,50,paper_exact_seed4,5.028523921966553,3.915346622467041,1.1131772994995117,0.1599999964237213,0.13018131256103516,0.029818683862686157,0.05999999865889549,0.08159112930297852,0.021591130644083023,0.09000000357627869,0.040622591972351074,0.04937741160392761,0.009999999776482582,0.01398603618144989,0.003986036404967308
9ce65a5cfd0f914c,trmm-opt,trmm-opt,lv2:__PARA__L0-1.__PARA__L1-1.__PARA__L2-10.__PIPE__L0-off.__PIPE__L1-off.__TILE__L0-60.__TILE__L1-1,target,query,query,finetune_dataset,data_1041.pt,366447.0,graphgps_lite,4,50,paper_exact_seed4,2.3851258754730225,2.385406017303467,0.00028014183044433594,0.009999999776482582,0.04486328363418579,0.03486328572034836,0.0,0.027511045336723328,0.027511045336723328,0.0,0.03644293546676636,0.03644293546676636,0.05000000074505806,0.04680134356021881,0.0031986571848392487
4e627ce0f3961f96,trmm-opt,trmm-opt,lv2:__PARA__L0-3.__PARA__L1-10.__PARA__L2-1.__PIPE__L0-off.__PIPE__L1-flatten.__TILE__L0-1.__TILE__L1-1,target,query,query,finetune_dataset,data_1124.pt,7387.0,graphgps_lite,4,50,paper_exact_seed4,5.201362133026123,5.131797790527344,0.0695643424987793,1.5199999809265137,1.2555224895477295,0.2644774913787842,6.570000171661377,5.69864559173584,0.8713545799255371,2.8299999237060547,2.4334115982055664,0.3965883255004883,0.0,0.01132577657699585,0.01132577657699585
cae26cbd4853f688,trmm-opt,trmm-opt,lv2:__PARA__L0-1.__PARA__L1-1.__PARA__L2-8.__PIPE__L0-off.__PIPE__L1-off.__TILE__L0-1.__TILE__L1-1,target,query,query,finetune_dataset,data_1075.pt,539321.0,graphgps_lite,4,50,paper_exact_seed4,2.106355905532837,2.235344171524048,0.12898826599121094,0.009999999776482582,0.02886049449443817,0.01886049471795559,0.0,0.02472403645515442,0.02472403645515442,0.0,0.026309877634048462,0.026309877634048462,0.03999999910593033,0.0409042164683342,0.0009042173624038696
d1a0df99d715871c,trmm-opt,trmm-opt,lv2:__PARA__L0-1.__PARA__L1-1.__PARA__L2-4.__PIPE__L0-off.__PIPE__L1-off.__TILE__L0-1.__TILE__L1-80,target,query,query,finetune_dataset,data_1063.pt,553647.0,graphgps_lite,4,50,paper_exact_seed4,2.08744478225708,2.0197291374206543,0.06771564483642578,0.0,0.008055359125137329,0.008055359125137329,0.0,0.0029223859310150146,0.0029223859310150146,0.0,-0.006554067134857178,0.006554067134857178,0.019999999552965164,0.035354867577552795,0.015354868024587631
08d05a519d53e0dc,trmm-opt,trmm-opt,lv2:__PARA__L0-1.__PARA__L1-1.__PARA__L2-8.__PIPE__L0-off.__PIPE__L1-off.__TILE__L0-1.__TILE__L1-80,target,query,query,finetune_dataset,data_1076.pt,496301.0,graphgps_lite,4,50,paper_exact_seed4,2.166320323944092,2.40665340423584,0.24033308029174805,0.009999999776482582,0.03212222456932068,0.022122224792838097,0.0,0.017072662711143494,0.017072662711143494,0.0,-0.003951430320739746,0.003951430320739746,0.03999999910593033,0.04166285693645477,0.0016628578305244446
a34e73c0529a9001,trmm-opt,trmm-opt,lv2:__PARA__L0-1.__PARA__L1-1.__PARA__L2-1.__PIPE__L0-off.__PIPE__L1-flatten.__TILE__L0-1.__TILE__L1-1,target,query,query,finetune_dataset,data_1034.pt,28767.0,graphgps_lite,4,50,paper_exact_seed4,4.22068452835083,3.9720025062561035,0.24868202209472656,0.1599999964237213,0.18823295831680298,0.028232961893081665,0.05999999865889549,0.06168900430202484,0.0016890056431293488,0.09000000357627869,0.09367448091506958,0.0036744773387908936,0.009999999776482582,0.0028721243143081665,0.007127875462174416
861efb7dcdb6536c,trmm-opt,trmm-opt,lv2:__PARA__L0-1.__PARA__L1-16.__PARA__L2-1.__PIPE__L0-off.__PIPE__L1-flatten.__TILE__L0-60.__TILE__L1-1,target,query,query,finetune_dataset,data_1086.pt,24267.0,graphgps_lite,4,50,paper_exact_seed4,4.3433942794799805,4.128786087036133,0.21460819244384766,0.9399999976158142,0.9713040590286255,0.03130406141281128,0.550000011920929,0.6266241073608398,0.07662409543991089,1.5299999713897705,1.5461971759796143,0.01619720458984375,0.009999999776482582,0.00759974867105484,0.002400251105427742
1bb5841ebfe22d73,trmm-opt,trmm-opt,lv2:__PARA__L0-1.__PARA__L1-1.__PARA__L2-8.__PIPE__L0-off.__PIPE__L1-off.__TILE__L0-60.__TILE__L1-1,target,query,query,finetune_dataset,data_1077.pt,496301.0,graphgps_lite,4,50,paper_exact_seed4,2.166320323944092,2.4132790565490723,0.24695873260498047,0.009999999776482582,0.02343316376209259,0.013433163985610008,0.0,0.017919406294822693,0.017919406294822693,0.0,0.031091421842575073,0.031091421842575073,0.03999999910593033,0.04355967044830322,0.0035596713423728943
6e8e3db885d78bd2,fdtd-2d-large,fdtd-2d-large,lv2:__PARA__L0-1.__PARA__L1-1.__PARA__L2-1.__PARA__L3-1.__PARA__L4-1.__PARA__L5-1.__PARA__L6-8.__PARA__L7-1.__PIPE__L0-off.__PIPE__L2-off.__PIPE__L3-off.__PIPE__L4-off.__TILE__L0-1.__TILE__L2-1.__TILE__L3-1.__TILE__L4-1,target,query,query,finetune_dataset,data_17.pt,11180549.0,graphgps_lite,4,50,paper_exact_seed4,-0.08049551397562027,-0.062139153480529785,0.018356360495090485,0.029999999329447746,0.04720063507556915,0.017200635746121407,0.009999999776482582,0.034170567989349365,0.024170568212866783,0.019999999552965164,0.042978331446647644,0.02297833189368248,0.20000000298023224,0.18872009217739105,0.011279910802841187
34c89322b1f144a2,fdtd-2d-large,fdtd-2d-large,lv2:__PARA__L0-1.__PARA__L1-32.__PARA__L2-1.__PARA__L3-1.__PARA__L4-199.__PARA__L5-8.__PARA__L6-1.__PARA__L7-32.__PIPE__L0-off.__PIPE__L2-off.__PIPE__L3-flatten.__PIPE__L4-off.__TILE__L0-1.__TILE__L2-1.__TILE__L3-1.__TILE__L4-1,target,query,query,finetune_dataset,data_66.pt,91029992.0,graphgps_lite,4,50,paper_exact_seed4,-1.5931710004806519,-1.6191571950912476,0.025986194610595703,0.5099999904632568,0.5227258205413818,0.012725830078125,0.3199999928474426,0.3493567109107971,0.029356718063354492,0.49000000953674316,0.5088294744491577,0.01882946491241455,0.5299999713897705,0.5489317774772644,0.018931806087493896
f24e208669d5e7a1,fdtd-2d-large,fdtd-2d-large,lv2:__PARA__L0-1.__PARA__L1-32.__PARA__L2-1.__PARA__L3-1.__PARA__L4-1.__PARA__L5-1.__PARA__L6-1.__PARA__L7-4.__PIPE__L0-off.__PIPE__L2-flatten.__PIPE__L3-flatten.__PIPE__L4-off.__TILE__L0-1.__TILE__L2-1.__TILE__L3-1.__TILE__L4-199,target,query,query,finetune_dataset,data_64.pt,3566533.0,graphgps_lite,4,50,paper_exact_seed4,0.7437028884887695,0.6789976358413696,0.0647052526473999,0.6600000262260437,0.7602466344833374,0.1002466082572937,0.38999998569488525,0.4242039620876312,0.03420397639274597,0.49000000953674316,0.5871806740760803,0.09718066453933716,0.5799999833106995,0.5727776885032654,0.007222294807434082
10e42364ec89ca1c,fdtd-2d-large,fdtd-2d-large,lv2:__PARA__L0-1.__PARA__L1-2.__PARA__L2-1.__PARA__L3-1.__PARA__L4-199.__PARA__L5-8.__PARA__L6-32.__PARA__L7-32.__PIPE__L0-off.__PIPE__L2-off.__PIPE__L3-off.__PIPE__L4-off.__TILE__L0-1.__TILE__L2-1.__TILE__L3-1.__TILE__L4-1,target,query,query,finetune_dataset,data_60.pt,96495104.0,graphgps_lite,4,50,paper_exact_seed4,-1.635227918624878,-1.614556908607483,0.02067101001739502,0.10999999940395355,0.1027725487947464,0.007227450609207153,0.05000000074505806,0.06431031227111816,0.014310311526060104,0.05000000074505806,0.06588160991668701,0.015881609171628952,0.3199999928474426,0.32655924558639526,0.006559252738952637
9b93827e25abbb2d,fdtd-2d-large,fdtd-2d-large,lv2:__PARA__L0-1.__PARA__L1-8.__PARA__L2-1.__PARA__L3-1.__PARA__L4-1.__PARA__L5-1.__PARA__L6-1.__PARA__L7-4.__PIPE__L0-off.__PIPE__L2-flatten.__PIPE__L3-flatten.__PIPE__L4-off.__TILE__L0-1.__TILE__L2-1.__TILE__L3-1.__TILE__L4-1,target,query,query,finetune_dataset,data_74.pt,3568546.0,graphgps_lite,4,50,paper_exact_seed4,0.7432958483695984,0.7206888198852539,0.022607028484344482,0.6600000262260437,0.6988509297370911,0.03885090351104736,0.38999998569488525,0.42762821912765503,0.037628233432769775,0.49000000953674316,0.5460695028305054,0.05606949329376221,0.5799999833106995,0.5890902876853943,0.009090304374694824
b1afb664d479fe57,fdtd-2d-large,fdtd-2d-large,lv2:__PARA__L0-1.__PARA__L1-16.__PARA__L2-1.__PARA__L3-1.__PARA__L4-199.__PARA__L5-8.__PARA__L6-32.__PARA__L7-32.__PIPE__L0-off.__PIPE__L2-off.__PIPE__L3-off.__PIPE__L4-off.__TILE__L0-100.__TILE__L2-1.__TILE__L3-1.__TILE__L4-1,target,query,query,finetune_dataset,data_51.pt,96495104.0,graphgps_lite,4,50,paper_exact_seed4,-1.635227918624878,-1.632712483406067,0.002515435218811035,0.10999999940395355,0.1267014443874359,0.01670144498348236,0.05000000074505806,0.07650613784790039,0.02650613710284233,0.05000000074505806,0.07327555119991302,0.023275550454854965,0.3199999928474426,0.339255690574646,0.01925569772720337
af4e468b828ee9a8,fdtd-2d-large,fdtd-2d-large,lv2:__PARA__L0-1.__PARA__L1-16.__PARA__L2-1.__PARA__L3-1.__PARA__L4-199.__PARA__L5-8.__PARA__L6-32.__PARA__L7-32.__PIPE__L0-off.__PIPE__L2-off.__PIPE__L3-off.__PIPE__L4-off.__TILE__L0-1.__TILE__L2-1.__TILE__L3-1.__TILE__L4-1,target,query,query,finetune_dataset,data_50.pt,96495104.0,graphgps_lite,4,50,paper_exact_seed4,-1.635227918624878,-1.6992532014846802,0.06402528285980225,0.10999999940395355,0.11831657588481903,0.008316576480865479,0.05000000074505806,0.06027244031429291,0.010272439569234848,0.05000000074505806,0.04400259256362915,0.005997408181428909,0.3199999928474426,0.3438190817832947,0.02381908893585205
0df2afff91484b47,fdtd-2d-large,fdtd-2d-large,lv2:__PARA__L0-1.__PARA__L1-1.__PARA__L2-1.__PARA__L3-1.__PARA__L4-1.__PARA__L5-1.__PARA__L6-1.__PARA__L7-16.__PIPE__L0-off.__PIPE__L2-flatten.__PIPE__L3-flatten.__PIPE__L4-off.__TILE__L0-1.__TILE__L2-1.__TILE__L3-1.__TILE__L4-1,target,query,query,finetune_dataset,data_8.pt,9280846.0,graphgps_lite,4,50,paper_exact_seed4,0.05383588746190071,0.5716532468795776,0.5178173780441284,0.6600000262260437,0.7266851663589478,0.06668514013290405,0.4000000059604645,0.4193119406700134,0.01931193470954895,0.49000000953674316,0.5564502477645874,0.06645023822784424,0.5799999833106995,0.5838479995727539,0.0038480162620544434
9bb098fbfbdf133e,fdtd-2d-large,fdtd-2d-large,lv2:__PARA__L0-1.__PARA__L1-1.__PARA__L2-1.__PARA__L3-1.__PARA__L4-1.__PARA__L5-1.__PARA__L6-2.__PARA__L7-1.__PIPE__L0-off.__PIPE__L2-off.__PIPE__L3-off.__PIPE__L4-off.__TILE__L0-1.__TILE__L2-1.__TILE__L3-1.__TILE__L4-1,target,query,query,finetune_dataset,data_14.pt,14361746.0,graphgps_lite,4,50,paper_exact_seed4,-0.26111558079719543,-0.05490314960479736,0.20621243119239807,0.019999999552965164,-0.0015175938606262207,0.021517593413591385,0.009999999776482582,0.016477391123771667,0.006477391347289085,0.0,0.004301398992538452,0.004301398992538452,0.20000000298023224,0.19786232709884644,0.0021376758813858032
18b5cb1e7e04b5d5,fdtd-2d-large,fdtd-2d-large,lv2:__PARA__L0-1.__PARA__L1-1.__PARA__L2-1.__PARA__L3-1.__PARA__L4-1.__PARA__L5-8.__PARA__L6-1.__PARA__L7-4.__PIPE__L0-off.__PIPE__L2-off.__PIPE__L3-flatten.__PIPE__L4-off.__TILE__L0-1.__TILE__L2-1.__TILE__L3-1.__TILE__L4-1,target,query,query,finetune_dataset,data_30.pt,3211477.0,graphgps_lite,4,50,paper_exact_seed4,0.8193455934524536,0.7423708438873291,0.07697474956512451,0.5600000023841858,0.5730148553848267,0.01301485300064087,0.3100000023841858,0.3390851318836212,0.029085129499435425,0.49000000953674316,0.4799908995628357,0.01000910997390747,0.36000001430511475,0.4117577075958252,0.05175769329071045
2579e364929f0376,fdtd-2d-large,fdtd-2d-large,lv2:__PARA__L0-1.__PARA__L1-16.__PARA__L2-1.__PARA__L3-1.__PARA__L4-1.__PARA__L5-8.__PARA__L6-32.__PARA__L7-32.__PIPE__L0-off.__PIPE__L2-off.__PIPE__L3-off.__PIPE__L4-off.__TILE__L0-100.__TILE__L2-1.__TILE__L3-1.__TILE__L4-1,target,query,query,finetune_dataset,data_47.pt,10068645.0,graphgps_lite,4,50,paper_exact_seed4,-0.004934771917760372,0.5424239039421082,0.5473586916923523,0.15000000596046448,0.15534661710262299,0.005346611142158508,0.05999999865889549,0.06571631133556366,0.005716312676668167,0.09000000357627869,0.07340814173221588,0.016591861844062805,0.14000000059604645,0.14143523573875427,0.0014352351427078247
db36652a9e4edb30,fdtd-2d-large,fdtd-2d-large,lv2:__PARA__L0-1.__PARA__L1-1.__PARA__L2-1.__PARA__L3-1.__PARA__L4-1.__PARA__L5-32.__PARA__L6-32.__PARA__L7-1.__PIPE__L0-off.__PIPE__L2-off.__PIPE__L3-off.__PIPE__L4-off.__TILE__L0-1.__TILE__L2-1.__TILE__L3-1.__TILE__L4-1,target,query,query,finetune_dataset,data_23.pt,7772846.0,graphgps_lite,4,50,paper_exact_seed4,0.1817425787448883,0.23054969310760498,0.048807114362716675,0.07000000029802322,0.0724027007818222,0.0024027004837989807,0.029999999329447746,0.0018173158168792725,0.028182683512568474,0.029999999329447746,0.0270061194896698,0.0029938798397779465,0.07999999821186066,0.11254821717739105,0.032548218965530396
d26ee52b22ad5721,fdtd-2d-large,fdtd-2d-large,lv2:__PARA__L0-1.__PARA__L1-32.__PARA__L2-1.__PARA__L3-2.__PARA__L4-1.__PARA__L5-1.__PARA__L6-1.__PARA__L7-4.__PIPE__L0-off.__PIPE__L2-flatten.__PIPE__L3-flatten.__PIPE__L4-off.__TILE__L0-1.__TILE__L2-1.__TILE__L3-1.__TILE__L4-1,target,query,query,finetune_dataset,data_68.pt,3476933.0,graphgps_lite,4,50,paper_exact_seed4,0.7620564103126526,0.6344077587127686,0.12764865159988403,1.0499999523162842,1.02107834815979,0.02892160415649414,0.6800000071525574,0.7518395185470581,0.07183951139450073,0.9700000286102295,0.9530853033065796,0.016914725303649902,0.6899999976158142,0.7519550919532776,0.06195509433746338
bbb1ef8016aae2eb,fdtd-2d-large,fdtd-2d-large,lv2:__PARA__L0-1.__PARA__L1-1.__PARA__L2-1.__PARA__L3-1.__PARA__L4-1.__PARA__L5-1.__PARA__L6-1.__PARA__L7-1.__PIPE__L0-off.__PIPE__L2-flatten.__PIPE__L3-flatten.__PIPE__L4-off.__TILE__L0-1.__TILE__L2-1.__TILE__L3-1.__TILE__L4-1,target,query,query,finetune_dataset,data_1.pt,4847946.0,graphgps_lite,4,50,paper_exact_seed4,0.5222772359848022,0.5119550228118896,0.010322213172912598,0.6499999761581421,0.7059810757637024,0.0559810996055603,0.3799999952316284,0.3881570100784302,0.008157014846801758,0.49000000953674316,0.5379754304885864,0.04797542095184326,0.4699999988079071,0.5808243751525879,0.11082437634468079
cf7c067d0fbb4854,fdtd-2d-large,fdtd-2d-large,lv2:__PARA__L0-1.__PARA__L1-1.__PARA__L2-1.__PARA__L3-1.__PARA__L4-1.__PARA__L5-8.__PARA__L6-1.__PARA__L7-1.__PIPE__L0-off.__PIPE__L2-off.__PIPE__L3-flatten.__PIPE__L4-off.__TILE__L0-1.__TILE__L2-1.__TILE__L3-1.__TILE__L4-1,target,query,query,finetune_dataset,data_26.pt,5425078.0,graphgps_lite,4,50,paper_exact_seed4,0.44114211201667786,0.37481749057769775,0.0663246214389801,0.5600000023841858,0.572487473487854,0.012487471103668213,0.30000001192092896,0.31562966108322144,0.01562964916229248,0.49000000953674316,0.4898172616958618,0.00018274784088134766,0.41999998688697815,0.40043801069259644,0.019561976194381714
d23892fd2b55d3ef,fdtd-2d-large,fdtd-2d-large,lv2:__PARA__L0-1.__PARA__L1-4.__PARA__L2-1.__PARA__L3-1.__PARA__L4-1.__PARA__L5-1.__PARA__L6-1.__PARA__L7-4.__PIPE__L0-off.__PIPE__L2-flatten.__PIPE__L3-flatten.__PIPE__L4-off.__TILE__L0-1.__TILE__L2-1.__TILE__L3-1.__TILE__L4-1,target,query,query,finetune_dataset,data_71.pt,3571546.0,graphgps_lite,4,50,paper_exact_seed4,0.7426896691322327,0.7227219343185425,0.019967734813690186,0.6600000262260437,0.688510537147522,0.02851051092147827,0.38999998569488525,0.41538095474243164,0.025380969047546387,0.49000000953674316,0.5457746982574463,0.055774688720703125,0.5799999833106995,0.5591097474098206,0.020890235900878906
24b111d9a9860636,fdtd-2d-large,fdtd-2d-large,lv2:__PARA__L0-1.__PARA__L1-1.__PARA__L2-1.__PARA__L3-1.__PARA__L4-1.__PARA__L5-1.__PARA__L6-1.__PARA__L7-4.__PIPE__L0-off.__PIPE__L2-flatten.__PIPE__L3-flatten.__PIPE__L4-off.__TILE__L0-1.__TILE__L2-1.__TILE__L3-1.__TILE__L4-1,target,query,query,finetune_dataset,data_11.pt,3589546.0,graphgps_lite,4,50,paper_exact_seed4,0.7390633821487427,0.6617441177368164,0.07731926441192627,0.6600000262260437,0.6956626772880554,0.03566265106201172,0.38999998569488525,0.40871161222457886,0.018711626529693604,0.49000000953674316,0.5344125032424927,0.04441249370574951,0.5799999833106995,0.5743861794471741,0.005613803863525391
d947fcdddd5d3105,fdtd-2d-large,fdtd-2d-large,lv2:__PARA__L0-1.__PARA__L1-1.__PARA__L2-1.__PARA__L3-1.__PARA__L4-1.__PARA__L5-1.__PARA__L6-16.__PARA__L7-1.__PIPE__L0-off.__PIPE__L2-off.__PIPE__L3-off.__PIPE__L4-off.__TILE__L0-1.__TILE__L2-1.__TILE__L3-1.__TILE__L4-1,target,query,query,finetune_dataset,data_13.pt,11378546.0,graphgps_lite,4,50,paper_exact_seed4,-0.09315811097621918,-0.04735696315765381,0.04580114781856537,0.029999999329447746,0.023605242371559143,0.006394756957888603,0.009999999776482582,0.013033777475357056,0.0030337776988744736,0.009999999776482582,0.023374080657958984,0.013374080881476402,0.14000000059604645,0.15355443954467773,0.013554438948631287
f3c08aa40f851184,fdtd-2d-large,fdtd-2d-large,lv2:__PARA__L0-1.__PARA__L1-1.__PARA__L2-1.__PARA__L3-1.__PARA__L4-1.__PARA__L5-8.__PARA__L6-1.__PARA__L7-32.__PIPE__L0-off.__PIPE__L2-off.__PIPE__L3-flatten.__PIPE__L4-off.__TILE__L0-1.__TILE__L2-1.__TILE__L3-1.__TILE__L4-1,target,query,query,finetune_dataset,data_29.pt,2355778.0,graphgps_lite,4,50,paper_exact_seed4,1.0428622961044312,0.6711922287940979,0.37167006731033325,0.5799999833106995,0.5922360420227051,0.012236058712005615,0.3199999928474426,0.34668076038360596,0.02668076753616333,0.49000000953674316,0.5050190687179565,0.015019059181213379,0.41999998688697815,0.39576542377471924,0.02423456311225891
0e9358c8b4f372d2,fdtd-2d-large,fdtd-2d-large,lv2:__PARA__L0-1.__PARA__L1-1.__PARA__L2-1.__PARA__L3-1.__PARA__L4-1.__PARA__L5-8.__PARA__L6-32.__PARA__L7-16.__PIPE__L0-off.__PIPE__L2-off.__PIPE__L3-off.__PIPE__L4-off.__TILE__L0-1.__TILE__L2-1.__TILE__L3-1.__TILE__L4-1,target,query,query,finetune_dataset,data_33.pt,3990976.0,graphgps_lite,4,50,paper_exact_seed4,0.6625932455062866,0.6515231132507324,0.0110701322555542,0.10000000149011612,0.12165598571300507,0.021655984222888947,0.03999999910593033,0.051205605268478394,0.011205606162548065,0.03999999910593033,0.04649186134338379,0.006491862237453461,0.07999999821186066,0.14107100665569305,0.0610710084438324
a8c72ca5d925d23c,fdtd-2d-large,fdtd-2d-large,lv2:__PARA__L0-1.__PARA__L1-4.__PARA__L2-1.__PARA__L3-1.__PARA__L4-199.__PARA__L5-8.__PARA__L6-1.__PARA__L7-32.__PIPE__L0-off.__PIPE__L2-off.__PIPE__L3-flatten.__PIPE__L4-off.__TILE__L0-1.__TILE__L2-1.__TILE__L3-1.__TILE__L4-1,target,query,query,finetune_dataset,data_72.pt,91028704.0,graphgps_lite,4,50,paper_exact_seed4,-1.5931607484817505,-1.5115433931350708,0.08161735534667969,0.5099999904632568,0.5424742698669434,0.03247427940368652,0.3199999928474426,0.33876192569732666,0.018761932849884033,0.49000000953674316,0.5389828681945801,0.048982858657836914,0.5299999713897705,0.5264051556587219,0.003594815731048584
06a8d921a1e4ef67,fdtd-2d-large,fdtd-2d-large,lv2:__PARA__L0-1.__PARA__L1-1.__PARA__L2-1.__PARA__L3-1.__PARA__L4-1.__PARA__L5-8.__PARA__L6-1.__PARA__L7-16.__PIPE__L0-off.__PIPE__L2-off.__PIPE__L3-flatten.__PIPE__L4-off.__TILE__L0-1.__TILE__L2-1.__TILE__L3-1.__TILE__L4-1,target,query,query,finetune_dataset,data_27.pt,2514977.0,graphgps_lite,4,50,paper_exact_seed4,0.9956914186477661,0.7497529983520508,0.24593842029571533,0.5699999928474426,0.5939337015151978,0.023933708667755127,0.3199999928474426,0.3465186357498169,0.026518642902374268,0.49000000953674316,0.4995451271533966,0.009545117616653442,0.36000001430511475,0.41903263330459595,0.0590326189994812
c616551aea0c126b,fdtd-2d-large,fdtd-2d-large,lv2:__PARA__L0-1.__PARA__L1-1.__PARA__L2-1.__PARA__L3-1.__PARA__L4-1.__PARA__L5-8.__PARA__L6-32.__PARA__L7-8.__PIPE__L0-off.__PIPE__L2-off.__PIPE__L3-off.__PIPE__L4-off.__TILE__L0-1.__TILE__L2-1.__TILE__L3-1.__TILE__L4-1,target,query,query,finetune_dataset,data_37.pt,4130276.0,graphgps_lite,4,50,paper_exact_seed4,0.637844979763031,0.6813576221466064,0.04351264238357544,0.07999999821186066,0.10781267285346985,0.027812674641609192,0.029999999329447746,0.05515637993812561,0.025156380608677864,0.029999999329447746,0.050786763429641724,0.020786764100193977,0.07999999821186066,0.13273996114730835,0.05273996293544769
5149f70100e19a16,fdtd-2d-large,fdtd-2d-large,lv2:__PARA__L0-1.__PARA__L1-32.__PARA__L2-1.__PARA__L3-1.__PARA__L4-1.__PARA__L5-1.__PARA__L6-1.__PARA__L7-4.__PIPE__L0-off.__PIPE__L2-flatten.__PIPE__L3-flatten.__PIPE__L4-off.__TILE__L0-1.__TILE__L2-1.__TILE__L3-1.__TILE__L4-1,target,query,query,finetune_dataset,data_63.pt,3566533.0,graphgps_lite,4,50,paper_exact_seed4,0.7437028884887695,0.6646371483802795,0.07906574010848999,0.6600000262260437,0.7230280041694641,0.06302797794342041,0.38999998569488525,0.43654394149780273,0.04654395580291748,0.49000000953674316,0.5620567798614502,0.07205677032470703,0.5799999833106995,0.5837084054946899,0.0037084221839904785
218cd76217be5500,fdtd-2d-large,fdtd-2d-large,lv2:__PARA__L0-1.__PARA__L1-1.__PARA__L2-1.__PARA__L3-1.__PARA__L4-1.__PARA__L5-8.__PARA__L6-32.__PARA__L7-2.__PIPE__L0-off.__PIPE__L2-off.__PIPE__L3-off.__PIPE__L4-off.__TILE__L0-1.__TILE__L2-1.__TILE__L3-1.__TILE__L4-1,target,query,query,finetune_dataset,data_34.pt,5722276.0,graphgps_lite,4,50,paper_exact_seed4,0.4026695191860199,0.35914820432662964,0.04352131485939026,0.07000000029802322,0.07027733325958252,0.00027733296155929565,0.019999999552965164,0.021016255021095276,0.0010162554681301117,0.029999999329447746,0.043046265840530396,0.01304626651108265,0.07999999821186066,0.11976142227649689,0.03976142406463623
f62329b9b17e53a9,fdtd-2d-large,fdtd-2d-large,lv2:__PARA__L0-1.__PARA__L1-8.__PARA__L2-1.__PARA__L3-1.__PARA__L4-199.__PARA__L5-8.__PARA__L6-1.__PARA__L7-32.__PIPE__L0-off.__PIPE__L2-off.__PIPE__L3-flatten.__PIPE__L4-off.__TILE__L0-1.__TILE__L2-1.__TILE__L3-1.__TILE__L4-1,target,query,query,finetune_dataset,data_75.pt,91028704.0,graphgps_lite,4,50,paper_exact_seed4,-1.5931607484817505,-1.609695553779602,0.016534805297851562,0.5099999904632568,0.5293633937835693,0.0193634033203125,0.3199999928474426,0.3399502635002136,0.019950270652770996,0.49000000953674316,0.5149626731872559,0.024962663650512695,0.5299999713897705,0.5539829134941101,0.0239829421043396
7687b65c9eafd3b7,fdtd-2d-large,fdtd-2d-large,lv2:__PARA__L0-1.__PARA__L1-1.__PARA__L2-1.__PARA__L3-1.__PARA__L4-1.__PARA__L5-1.__PARA__L6-1.__PARA__L7-1.__PIPE__L0-off.__PIPE__L2-off.__PIPE__L3-off.__PIPE__L4-off.__TILE__L0-1.__TILE__L2-1.__TILE__L3-1.__TILE__L4-1,target,query,query,finetune_dataset,data_7.pt,14362849.0,graphgps_lite,4,50,paper_exact_seed4,-0.26117098331451416,-0.0497894287109375,0.21138155460357666,0.019999999552965164,-0.005891144275665283,0.025891143828630447,0.009999999776482582,0.017279714345932007,0.007279714569449425,0.0,0.012100279331207275,0.012100279331207275,0.20000000298023224,0.2009594738483429,0.0009594708681106567
